config,block,h,q0,p,r_fallback,sigma,silent_penalty,c_fail_mult,stream,price,policy,mean_tokens,rel_to_ours_noinflate,mean_final_library,mean_max_library,mean_n_compiles,mean_program_deaths,mean_silent_failures,mean_use_failures,mean_wasted_tax,mean_tax_share,mean_failed_attempts,mean_failed_tokens,cheapest_policy,best_vs_naive
h=0.02/q0=0.4/p=mixed/r=1/sig=0,M_core,0.02,0.4,-1.0,1.0,0.0,1.0,1.0,bpi2019,autorpa_233k,always_reactive,55345222128.083,1.473243,0.0,0.0,0.0,0.0,0.0,0.0,0.0,0.002,0.0,0.0,ours_cap_epoch,0.535309
h=0.02/q0=0.4/p=mixed/r=1/sig=0,M_core,0.02,0.4,-1.0,1.0,0.0,1.0,1.0,bpi2019,autorpa_233k,always_compile_evict,69494356657.304,1.849881,37.1,61.0,73323.0,3341.0,0.0,69286.3,72033.4,0.013,68649.0,33317935586.772,ours_cap_epoch,0.535309
h=0.02/q0=0.4/p=mixed/r=1/sig=0,M_core,0.02,0.4,-1.0,1.0,0.0,1.0,1.0,bpi2019,autorpa_233k,ours_noinflate,37566924020.476,1.0,35.0,57.3,6854.5,3276.7,0.0,67978.0,5746.1,0.023,2689.0,1305072598.186,ours_cap_epoch,0.535309
h=0.02/q0=0.4/p=mixed/r=1/sig=0,M_core,0.02,0.4,-1.0,1.0,0.0,1.0,1.0,bpi2019,autorpa_233k,oracle_tax,50229305601.213,1.337062,60.6,62.7,784.9,724.3,0.0,15271.0,450.7,0.008,0.0,0.0,ours_cap_epoch,0.535309
h=0.02/q0=0.4/p=mixed/r=1/sig=0,M_core,0.02,0.4,-1.0,1.0,0.0,1.0,1.0,bpi2019,autorpa_233k,ours_cap_epoch,37200979528.459,0.990259,35.0,57.3,6100.5,3276.7,0.0,67978.0,4992.1,0.023,1935.0,939128106.169,ours_cap_epoch,0.535309
h=0.02/q0=0.4/p=mixed/r=1/sig=0,M_core,0.02,0.4,-1.0,1.0,0.0,1.0,1.0,bpi2019,autorpa_233k,ours_cap_realized,37200979528.459,0.990259,35.0,57.3,6100.5,3276.7,0.0,67978.0,4992.1,0.023,1935.0,939128106.169,ours_cap_epoch,0.535309
h=0.02/q0=0.4/p=mixed/r=1/sig=0,M_core,0.02,0.4,-1.0,1.0,0.0,1.0,1.0,bpi2019,autorpa_233k,ours_pop_prior,37739667596.372,1.004598,35.5,57.8,7269.2,3280.0,0.0,68065.7,6135.6,0.023,3056.7,1483531205.234,ours_cap_epoch,0.535309
h=0.02/q0=0.4/p=mixed/r=1/sig=0,M_core,0.02,0.4,-1.0,1.0,0.0,1.0,1.0,bpi2019,autorpa_233k,ours_pop_prior_s4,38265938027.688,1.018607,34.6,56.9,8252.3,3270.8,0.0,67869.6,7149.4,0.022,4086.8,1983477387.232,ours_cap_epoch,0.535309
h=0.02/q0=0.4/p=mixed/r=1/sig=0,M_core,0.02,0.4,-1.0,1.0,0.0,1.0,1.0,bpi2019,autorpa_233k,ours_pop_cap_epoch,37234849562.091,0.99116,34.8,57.6,6322.7,3287.3,0.0,68210.0,5157.7,0.023,2055.1,997417142.63,ours_cap_epoch,0.535309
h=0.02/q0=0.4/p=mixed/r=1/sig=0,M_core,0.02,0.4,-1.0,1.0,0.0,1.0,1.0,bpi2019,autorpa_233k,ours_pop_cap_realized,37234849562.091,0.99116,34.8,57.6,6322.7,3287.3,0.0,68210.0,5157.7,0.023,2055.1,997417142.63,ours_cap_epoch,0.535309
h=0.02/q0=0.4/p=mixed/r=1/sig=0,M_core,0.02,0.4,-1.0,1.0,0.0,1.0,1.0,bpi2019,autorpa_233k,breakeven,75277487716.198,2.003824,0.0,8.1,42051.3,49.9,0.0,1070.0,41825.4,0.001,41316.0,20052205082.42,ours_cap_epoch,0.535309
h=0.02/q0=0.4/p=mixed/r=1/sig=0,M_core,0.02,0.4,-1.0,1.0,0.0,1.0,1.0,bpi2019,autorpa_233k,offline_taxblind,35066640884.429,0.933445,,,,,,,,,,,ours_cap_epoch,0.535309
h=0.02/q0=0.4/p=mixed/r=1/sig=0,M_core,0.02,0.4,-1.0,1.0,0.0,1.0,1.0,bpi2019,autorpa_233k,offline_opt_tax,35544382671.0,0.946162,,,,,,,,,,,ours_cap_epoch,0.535309
h=0.02/q0=0.4/p=mixed/r=1/sig=0,M_core,0.02,0.4,-1.0,1.0,0.0,1.0,1.0,bpi2019,native,always_reactive,55345222128.083,1.341458,0.0,0.0,0.0,0.0,0.0,0.0,0.0,0.002,0.0,0.0,ours_cap_epoch,0.238714
h=0.02/q0=0.4/p=mixed/r=1/sig=0,M_core,0.02,0.4,-1.0,1.0,0.0,1.0,1.0,bpi2019,native,always_compile_evict,171808978948.307,4.164307,82.1,135.5,73323.0,3341.0,0.0,69286.3,72849.6,0.013,68649.0,131031785640.714,ours_cap_epoch,0.238714
h=0.02/q0=0.4/p=mixed/r=1/sig=0,M_core,0.02,0.4,-1.0,1.0,0.0,1.0,1.0,bpi2019,native,ours_noinflate,41257523903.222,1.0,52.8,92.3,3913.7,2671.8,0.0,55455.9,3490.0,0.038,725.0,1383822700.833,ours_cap_epoch,0.238714
h=0.02/q0=0.4/p=mixed/r=1/sig=0,M_core,0.02,0.4,-1.0,1.0,0.0,1.0,1.0,bpi2019,native,oracle_tax,51161728861.679,1.240058,40.2,45.8,668.9,628.7,0.0,13221.4,399.4,0.007,0.0,0.0,ours_cap_epoch,0.238714
h=0.02/q0=0.4/p=mixed/r=1/sig=0,M_core,0.02,0.4,-1.0,1.0,0.0,1.0,1.0,bpi2019,native,ours_cap_epoch,41013207619.489,0.994078,52.8,92.3,3785.7,2671.8,0.0,55455.9,3362.0,0.038,597.0,1139506417.1,ours_cap_epoch,0.238714
h=0.02/q0=0.4/p=mixed/r=1/sig=0,M_core,0.02,0.4,-1.0,1.0,0.0,1.0,1.0,bpi2019,native,ours_cap_realized,41013207619.489,0.994078,52.8,92.3,3785.7,2671.8,0.0,55455.9,3362.0,0.038,597.0,1139506417.1,ours_cap_epoch,0.238714
h=0.02/q0=0.4/p=mixed/r=1/sig=0,M_core,0.02,0.4,-1.0,1.0,0.0,1.0,1.0,bpi2019,native,ours_pop_prior,42064317613.372,1.019555,56.7,96.0,4394.5,2687.6,0.0,55797.1,3962.4,0.039,1111.4,2121352482.353,ours_cap_epoch,0.238714
h=0.02/q0=0.4/p=mixed/r=1/sig=0,M_core,0.02,0.4,-1.0,1.0,0.0,1.0,1.0,bpi2019,native,ours_pop_prior_s4,42925302050.847,1.040424,53.5,95.5,4828.5,2680.4,0.0,55656.6,4403.4,0.038,1569.4,2995546685.087,ours_cap_epoch,0.238714
h=0.02/q0=0.4/p=mixed/r=1/sig=0,M_core,0.02,0.4,-1.0,1.0,0.0,1.0,1.0,bpi2019,native,ours_pop_cap_epoch,41268702937.725,1.000271,57.7,97.7,3996.9,2692.5,0.0,55899.0,3562.0,0.04,689.7,1316444850.71,ours_cap_epoch,0.238714
h=0.02/q0=0.4/p=mixed/r=1/sig=0,M_core,0.02,0.4,-1.0,1.0,0.0,1.0,1.0,bpi2019,native,ours_pop_cap_realized,41268702937.725,1.000271,57.7,97.7,3996.9,2692.5,0.0,55899.0,3562.0,0.04,689.7,1316444850.71,ours_cap_epoch,0.238714
h=0.02/q0=0.4/p=mixed/r=1/sig=0,M_core,0.02,0.4,-1.0,1.0,0.0,1.0,1.0,bpi2019,native,breakeven,75007135031.893,1.818023,3.6,9.8,10605.1,51.5,0.0,1063.5,10536.8,0.002,10272.0,19606381769.6,ours_cap_epoch,0.238714
h=0.02/q0=0.4/p=mixed/r=1/sig=0,M_core,0.02,0.4,-1.0,1.0,0.0,1.0,1.0,bpi2019,native,offline_taxblind,37823871094.764,0.916775,,,,,,,,,,,ours_cap_epoch,0.238714
h=0.02/q0=0.4/p=mixed/r=1/sig=0,M_core,0.02,0.4,-1.0,1.0,0.0,1.0,1.0,bpi2019,native,offline_opt_tax,38646980857.823,0.936726,,,,,,,,,,,ours_cap_epoch,0.238714
h=0.02/q0=0.4/p=mixed/r=1/sig=0,M_core,0.02,0.4,-1.0,1.0,0.0,1.0,1.0,sepsis,autorpa_233k,always_reactive,192091479.622,0.972136,0.0,0.0,0.0,0.0,0.0,0.0,0.0,0.002,0.0,0.0,always_reactive,0.908202
h=0.02/q0=0.4/p=mixed/r=1/sig=0,M_core,0.02,0.4,-1.0,1.0,0.0,1.0,1.0,sepsis,autorpa_233k,always_compile_evict,211507461.387,1.070396,13.5,15.6,69.2,2.0,0.0,38.8,57.9,0.005,47.0,22810863.561,always_reactive,0.908202
h=0.02/q0=0.4/p=mixed/r=1/sig=0,M_core,0.02,0.4,-1.0,1.0,0.0,1.0,1.0,sepsis,autorpa_233k,ours_noinflate,197597350.625,1.0,5.9,6.9,30.0,1.2,0.0,23.8,23.6,0.004,19.0,9221412.929,always_reactive,0.908202
h=0.02/q0=0.4/p=mixed/r=1/sig=0,M_core,0.02,0.4,-1.0,1.0,0.0,1.0,1.0,sepsis,autorpa_233k,oracle_tax,187086344.721,0.946806,10.2,10.6,11.8,1.6,0.0,32.0,0.5,0.005,0.0,0.0,always_reactive,0.908202
h=0.02/q0=0.4/p=mixed/r=1/sig=0,M_core,0.02,0.4,-1.0,1.0,0.0,1.0,1.0,sepsis,autorpa_233k,ours_cap_epoch,194685325.489,0.985263,5.9,6.9,24.0,1.2,0.0,23.8,17.6,0.004,13.0,6309387.793,always_reactive,0.908202
h=0.02/q0=0.4/p=mixed/r=1/sig=0,M_core,0.02,0.4,-1.0,1.0,0.0,1.0,1.0,sepsis,autorpa_233k,ours_cap_realized,194685325.489,0.985263,5.9,6.9,24.0,1.2,0.0,23.8,17.6,0.004,13.0,6309387.793,always_reactive,0.908202
h=0.02/q0=0.4/p=mixed/r=1/sig=0,M_core,0.02,0.4,-1.0,1.0,0.0,1.0,1.0,sepsis,autorpa_233k,ours_pop_prior,196734907.226,0.995635,4.4,6.0,25.6,1.0,0.0,20.6,19.7,0.004,16.3,7911001.618,always_reactive,0.908202
h=0.02/q0=0.4/p=mixed/r=1/sig=0,M_core,0.02,0.4,-1.0,1.0,0.0,1.0,1.0,sepsis,autorpa_233k,ours_pop_prior_s4,199170238.6,1.00796,3.9,6.0,30.2,1.0,0.0,20.1,24.7,0.003,21.4,10386222.983,always_reactive,0.908202
h=0.02/q0=0.4/p=mixed/r=1/sig=0,M_core,0.02,0.4,-1.0,1.0,0.0,1.0,1.0,sepsis,autorpa_233k,ours_pop_cap_epoch,195245782.2,0.988099,6.1,7.1,24.2,1.2,0.0,22.1,17.8,0.004,13.0,6309387.793,always_reactive,0.908202
h=0.02/q0=0.4/p=mixed/r=1/sig=0,M_core,0.02,0.4,-1.0,1.0,0.0,1.0,1.0,sepsis,autorpa_233k,ours_pop_cap_realized,195245782.2,0.988099,6.1,7.1,24.2,1.2,0.0,22.1,17.8,0.004,13.0,6309387.793,always_reactive,0.908202
h=0.02/q0=0.4/p=mixed/r=1/sig=0,M_core,0.02,0.4,-1.0,1.0,0.0,1.0,1.0,sepsis,autorpa_233k,breakeven,196750398.507,0.995714,5.9,6.9,25.7,1.0,0.0,20.5,20.6,0.003,15.0,7280062.839,always_reactive,0.908202
h=0.02/q0=0.4/p=mixed/r=1/sig=0,M_core,0.02,0.4,-1.0,1.0,0.0,1.0,1.0,sepsis,autorpa_233k,offline_taxblind,181595622.41,0.919019,,,,,,,,,,,always_reactive,0.908202
h=0.02/q0=0.4/p=mixed/r=1/sig=0,M_core,0.02,0.4,-1.0,1.0,0.0,1.0,1.0,sepsis,autorpa_233k,offline_opt_tax,183566707.118,0.928994,,,,,,,,,,,always_reactive,0.908202
h=0.02/q0=0.4/p=mixed/r=1/sig=0,M_core,0.02,0.4,-1.0,1.0,0.0,1.0,1.0,sepsis,native,always_reactive,192091479.622,0.953084,0.0,0.0,0.0,0.0,0.0,0.0,0.0,0.002,0.0,0.0,always_reactive,0.654194
h=0.02/q0=0.4/p=mixed/r=1/sig=0,M_core,0.02,0.4,-1.0,1.0,0.0,1.0,1.0,sepsis,native,always_compile_evict,293630903.12,1.456884,17.4,17.7,69.2,2.0,0.0,38.8,66.2,0.004,47.0,89709885.433,always_reactive,0.654194
h=0.02/q0=0.4/p=mixed/r=1/sig=0,M_core,0.02,0.4,-1.0,1.0,0.0,1.0,1.0,sepsis,native,ours_noinflate,201547215.715,1.0,3.0,3.0,7.6,0.6,0.0,6.4,7.6,0.002,4.0,7634883.867,always_reactive,0.654194
h=0.02/q0=0.4/p=mixed/r=1/sig=0,M_core,0.02,0.4,-1.0,1.0,0.0,1.0,1.0,sepsis,native,oracle_tax,190510585.623,0.94524,2.7,3.0,3.7,1.0,0.0,20.4,0.7,0.003,0.0,0.0,always_reactive,0.654194
h=0.02/q0=0.4/p=mixed/r=1/sig=0,M_core,0.02,0.4,-1.0,1.0,0.0,1.0,1.0,sepsis,native,ours_cap_epoch,199638494.748,0.99053,3.0,3.0,6.6,0.6,0.0,6.4,6.6,0.002,3.0,5726162.9,always_reactive,0.654194
h=0.02/q0=0.4/p=mixed/r=1/sig=0,M_core,0.02,0.4,-1.0,1.0,0.0,1.0,1.0,sepsis,native,ours_cap_realized,199638494.748,0.99053,3.0,3.0,6.6,0.6,0.0,6.4,6.6,0.002,3.0,5726162.9,always_reactive,0.654194
h=0.02/q0=0.4/p=mixed/r=1/sig=0,M_core,0.02,0.4,-1.0,1.0,0.0,1.0,1.0,sepsis,native,ours_pop_prior,201547369.955,1.000001,3.0,3.0,7.6,0.6,0.0,6.5,7.6,0.002,4.0,7634883.867,always_reactive,0.654194
h=0.02/q0=0.4/p=mixed/r=1/sig=0,M_core,0.02,0.4,-1.0,1.0,0.0,1.0,1.0,sepsis,native,ours_pop_prior_s4,200855329.757,0.996567,2.0,2.1,6.2,0.2,0.0,3.4,6.2,0.002,4.0,7634883.867,always_reactive,0.654194
h=0.02/q0=0.4/p=mixed/r=1/sig=0,M_core,0.02,0.4,-1.0,1.0,0.0,1.0,1.0,sepsis,native,ours_pop_cap_epoch,199638648.989,0.99053,3.0,3.0,6.6,0.6,0.0,6.5,6.6,0.002,3.0,5726162.9,always_reactive,0.654194
h=0.02/q0=0.4/p=mixed/r=1/sig=0,M_core,0.02,0.4,-1.0,1.0,0.0,1.0,1.0,sepsis,native,ours_pop_cap_realized,199638648.989,0.99053,3.0,3.0,6.6,0.6,0.0,6.5,6.6,0.002,3.0,5726162.9,always_reactive,0.654194
h=0.02/q0=0.4/p=mixed/r=1/sig=0,M_core,0.02,0.4,-1.0,1.0,0.0,1.0,1.0,sepsis,native,breakeven,197367041.205,0.97926,1.9,2.0,4.0,0.1,0.0,1.2,4.0,0.002,2.0,3817441.933,always_reactive,0.654194
h=0.02/q0=0.4/p=mixed/r=1/sig=0,M_core,0.02,0.4,-1.0,1.0,0.0,1.0,1.0,sepsis,native,offline_taxblind,189953918.295,0.942479,,,,,,,,,,,always_reactive,0.654194
h=0.02/q0=0.4/p=mixed/r=1/sig=0,M_core,0.02,0.4,-1.0,1.0,0.0,1.0,1.0,sepsis,native,offline_opt_tax,190194128.04,0.94367,,,,,,,,,,,always_reactive,0.654194
h=0.02/q0=0.4/p=mixed/r=1/sig=0,M_core,0.02,0.4,-1.0,1.0,0.0,1.0,1.0,wiki_A,autorpa_233k,always_reactive,10476085685.358,1.510539,0.0,0.0,0.0,0.0,0.0,0.0,0.0,0.002,0.0,0.0,ours_cap_epoch,0.33954
h=0.02/q0=0.4/p=mixed/r=1/sig=0,M_core,0.02,0.4,-1.0,1.0,0.0,1.0,1.0,wiki_A,autorpa_233k,always_compile_evict,20204125148.978,2.913219,7.8,31.8,28751.2,703.4,0.0,14301.9,28134.0,0.004,27809.0,13496751165.092,ours_cap_epoch,0.33954
h=0.02/q0=0.4/p=mixed/r=1/sig=0,M_core,0.02,0.4,-1.0,1.0,0.0,1.0,1.0,wiki_A,autorpa_233k,ours_noinflate,6935327289.621,1.0,7.9,29.1,1290.5,689.4,0.0,14016.6,696.6,0.012,428.0,207724459.659,ours_cap_epoch,0.33954
h=0.02/q0=0.4/p=mixed/r=1/sig=0,M_core,0.02,0.4,-1.0,1.0,0.0,1.0,1.0,wiki_A,autorpa_233k,oracle_tax,7164406992.912,1.033031,32.0,32.8,567.3,535.3,0.0,10925.5,222.3,0.019,0.0,0.0,ours_cap_epoch,0.33954
h=0.02/q0=0.4/p=mixed/r=1/sig=0,M_core,0.02,0.4,-1.0,1.0,0.0,1.0,1.0,wiki_A,autorpa_233k,ours_cap_epoch,6860099973.623,0.989153,7.9,29.1,1135.5,689.4,0.0,14016.6,541.6,0.012,273.0,132497143.661,ours_cap_epoch,0.33954
h=0.02/q0=0.4/p=mixed/r=1/sig=0,M_core,0.02,0.4,-1.0,1.0,0.0,1.0,1.0,wiki_A,autorpa_233k,ours_cap_realized,6860099973.623,0.989153,7.9,29.1,1135.5,689.4,0.0,14016.6,541.6,0.012,273.0,132497143.661,ours_cap_epoch,0.33954
h=0.02/q0=0.4/p=mixed/r=1/sig=0,M_core,0.02,0.4,-1.0,1.0,0.0,1.0,1.0,wiki_A,autorpa_233k,ours_pop_prior,6977127185.198,1.006027,8.0,30.2,1397.4,691.5,0.0,14056.7,793.2,0.012,524.2,254413929.33,ours_cap_epoch,0.33954
h=0.02/q0=0.4/p=mixed/r=1/sig=0,M_core,0.02,0.4,-1.0,1.0,0.0,1.0,1.0,wiki_A,autorpa_233k,ours_pop_prior_s4,7079569231.577,1.020798,8.0,29.6,1586.2,689.7,0.0,14016.6,987.1,0.011,723.4,351093163.826,ours_cap_epoch,0.33954
h=0.02/q0=0.4/p=mixed/r=1/sig=0,M_core,0.02,0.4,-1.0,1.0,0.0,1.0,1.0,wiki_A,autorpa_233k,ours_pop_cap_epoch,6861053047.326,0.98929,8.0,30.4,1178.5,693.4,0.0,14093.1,571.9,0.012,293.2,142300961.617,ours_cap_epoch,0.33954
h=0.02/q0=0.4/p=mixed/r=1/sig=0,M_core,0.02,0.4,-1.0,1.0,0.0,1.0,1.0,wiki_A,autorpa_233k,ours_pop_cap_realized,6861053047.326,0.98929,8.0,30.4,1178.5,693.4,0.0,14093.1,571.9,0.012,293.2,142300961.617,ours_cap_epoch,0.33954
h=0.02/q0=0.4/p=mixed/r=1/sig=0,M_core,0.02,0.4,-1.0,1.0,0.0,1.0,1.0,wiki_A,autorpa_233k,breakeven,12027671341.501,1.734262,0.9,7.5,7926.9,337.6,0.0,6878.4,7595.5,0.003,7456.0,3618676568.268,ours_cap_epoch,0.33954
h=0.02/q0=0.4/p=mixed/r=1/sig=0,M_core,0.02,0.4,-1.0,1.0,0.0,1.0,1.0,wiki_A,autorpa_233k,offline_taxblind,6584998270.576,0.949486,,,,,,,,,,,ours_cap_epoch,0.33954
h=0.02/q0=0.4/p=mixed/r=1/sig=0,M_core,0.02,0.4,-1.0,1.0,0.0,1.0,1.0,wiki_A,autorpa_233k,offline_opt_tax,6631279425.347,0.95616,,,,,,,,,,,ours_cap_epoch,0.33954
h=0.02/q0=0.4/p=mixed/r=1/sig=0,M_core,0.02,0.4,-1.0,1.0,0.0,1.0,1.0,wiki_A,native,always_reactive,10476085685.358,1.387717,0.0,0.0,0.0,0.0,0.0,0.0,0.0,0.002,0.0,0.0,ours_cap_epoch,0.124245
h=0.02/q0=0.4/p=mixed/r=1/sig=0,M_core,0.02,0.4,-1.0,1.0,0.0,1.0,1.0,wiki_A,native,always_compile_evict,60514197857.721,8.016026,24.3,63.1,28751.2,703.4,0.0,14301.9,28292.4,0.003,27809.0,53079621362.042,ours_cap_epoch,0.124245
h=0.02/q0=0.4/p=mixed/r=1/sig=0,M_core,0.02,0.4,-1.0,1.0,0.0,1.0,1.0,wiki_A,native,ours_noinflate,7549152006.937,1.0,14.3,36.6,787.3,600.1,0.0,12230.0,365.4,0.013,95.0,181328491.833,ours_cap_epoch,0.124245
h=0.02/q0=0.4/p=mixed/r=1/sig=0,M_core,0.02,0.4,-1.0,1.0,0.0,1.0,1.0,wiki_A,native,oracle_tax,7556352819.86,1.000954,22.8,27.5,550.4,527.6,0.0,10766.6,245.4,0.015,0.0,0.0,ours_cap_epoch,0.124245
h=0.02/q0=0.4/p=mixed/r=1/sig=0,M_core,0.02,0.4,-1.0,1.0,0.0,1.0,1.0,wiki_A,native,ours_cap_epoch,7518612471.47,0.995955,14.3,36.6,771.3,600.1,0.0,12230.0,349.4,0.013,79.0,150788956.367,ours_cap_epoch,0.124245
h=0.02/q0=0.4/p=mixed/r=1/sig=0,M_core,0.02,0.4,-1.0,1.0,0.0,1.0,1.0,wiki_A,native,ours_cap_realized,7518612471.47,0.995955,14.3,36.6,771.3,600.1,0.0,12230.0,349.4,0.013,79.0,150788956.367,ours_cap_epoch,0.124245
h=0.02/q0=0.4/p=mixed/r=1/sig=0,M_core,0.02,0.4,-1.0,1.0,0.0,1.0,1.0,wiki_A,native,ours_pop_prior,7669681205.166,1.015966,16.2,39.9,876.3,606.3,0.0,12366.1,447.0,0.014,162.3,309785412.89,ours_cap_epoch,0.124245
h=0.02/q0=0.4/p=mixed/r=1/sig=0,M_core,0.02,0.4,-1.0,1.0,0.0,1.0,1.0,wiki_A,native,ours_pop_prior_s4,7842578746.544,1.038869,15.4,39.6,961.9,604.2,0.0,12331.7,535.1,0.013,251.8,480615939.407,ours_cap_epoch,0.124245
h=0.02/q0=0.4/p=mixed/r=1/sig=0,M_core,0.02,0.4,-1.0,1.0,0.0,1.0,1.0,wiki_A,native,ours_pop_cap_epoch,7531672045.237,0.997685,16.4,40.7,811.3,607.7,0.0,12392.5,381.3,0.015,87.0,166058724.1,ours_cap_epoch,0.124245
h=0.02/q0=0.4/p=mixed/r=1/sig=0,M_core,0.02,0.4,-1.0,1.0,0.0,1.0,1.0,wiki_A,native,ours_pop_cap_realized,7531672045.237,0.997685,16.4,40.7,811.3,607.7,0.0,12392.5,381.3,0.015,87.0,166058724.1,ours_cap_epoch,0.124245
h=0.02/q0=0.4/p=mixed/r=1/sig=0,M_core,0.02,0.4,-1.0,1.0,0.0,1.0,1.0,wiki_A,native,breakeven,12311605103.542,1.630859,1.2,6.9,2263.3,339.6,0.0,6847.5,2004.6,0.003,1864.0,3557855881.867,ours_cap_epoch,0.124245
h=0.02/q0=0.4/p=mixed/r=1/sig=0,M_core,0.02,0.4,-1.0,1.0,0.0,1.0,1.0,wiki_A,native,offline_taxblind,7146310175.438,0.946637,,,,,,,,,,,ours_cap_epoch,0.124245
h=0.02/q0=0.4/p=mixed/r=1/sig=0,M_core,0.02,0.4,-1.0,1.0,0.0,1.0,1.0,wiki_A,native,offline_opt_tax,7217771160.983,0.956104,,,,,,,,,,,ours_cap_epoch,0.124245
h=0.02/q0=0.4/p=mixed/r=1/sig=0,M_core,0.02,0.4,-1.0,1.0,0.0,1.0,1.0,wiki_B,autorpa_233k,always_reactive,18276078036.516,1.01957,0.0,0.0,0.0,0.0,0.0,0.0,0.0,0.002,0.0,0.0,ours_pop_cap_epoch,0.881938
h=0.02/q0=0.4/p=mixed/r=1/sig=0,M_core,0.02,0.4,-1.0,1.0,0.0,1.0,1.0,wiki_B,autorpa_233k,always_compile_evict,20002841421.946,1.115901,46.7,66.6,8150.8,441.1,0.0,8870.1,7468.8,0.02,6512.0,3160517946.964,ours_pop_cap_epoch,0.881938
h=0.02/q0=0.4/p=mixed/r=1/sig=0,M_core,0.02,0.4,-1.0,1.0,0.0,1.0,1.0,wiki_B,autorpa_233k,ours_noinflate,17925281079.467,1.0,45.3,63.5,3436.9,393.9,0.0,7978.3,2874.0,0.02,2206.0,1070654574.785,ours_pop_cap_epoch,0.881938
h=0.02/q0=0.4/p=mixed/r=1/sig=0,M_core,0.02,0.4,-1.0,1.0,0.0,1.0,1.0,wiki_B,autorpa_233k,oracle_tax,17566004269.177,0.979957,68.8,69.8,223.4,154.6,0.0,3081.0,118.3,0.017,0.0,0.0,ours_pop_cap_epoch,0.881938
h=0.02/q0=0.4/p=mixed/r=1/sig=0,M_core,0.02,0.4,-1.0,1.0,0.0,1.0,1.0,wiki_B,autorpa_233k,ours_cap_epoch,17663684154.804,0.985406,45.3,63.5,2897.9,393.9,0.0,7978.3,2335.0,0.02,1667.0,809057650.121,ours_pop_cap_epoch,0.881938
h=0.02/q0=0.4/p=mixed/r=1/sig=0,M_core,0.02,0.4,-1.0,1.0,0.0,1.0,1.0,wiki_B,autorpa_233k,ours_cap_realized,17663684154.804,0.985406,45.3,63.5,2897.9,393.9,0.0,7978.3,2335.0,0.02,1667.0,809057650.121,ours_pop_cap_epoch,0.881938
h=0.02/q0=0.4/p=mixed/r=1/sig=0,M_core,0.02,0.4,-1.0,1.0,0.0,1.0,1.0,wiki_B,autorpa_233k,ours_pop_prior,17764380683.653,0.991024,43.8,63.7,2977.0,383.2,0.0,7806.0,2458.8,0.02,1835.1,890642887.665,ours_pop_cap_epoch,0.881938
h=0.02/q0=0.4/p=mixed/r=1/sig=0,M_core,0.02,0.4,-1.0,1.0,0.0,1.0,1.0,wiki_B,autorpa_233k,ours_pop_prior_s4,17998871653.554,1.004105,43.9,62.4,3354.7,375.0,0.0,7650.8,2870.0,0.019,2275.1,1104191397.595,ours_pop_cap_epoch,0.881938
h=0.02/q0=0.4/p=mixed/r=1/sig=0,M_core,0.02,0.4,-1.0,1.0,0.0,1.0,1.0,wiki_B,autorpa_233k,ours_pop_cap_epoch,17641271915.672,0.984156,43.6,63.8,2776.2,387.6,0.0,7879.8,2237.4,0.02,1604.9,778918189.97,ours_pop_cap_epoch,0.881938
h=0.02/q0=0.4/p=mixed/r=1/sig=0,M_core,0.02,0.4,-1.0,1.0,0.0,1.0,1.0,wiki_B,autorpa_233k,ours_pop_cap_realized,17641271915.672,0.984156,43.6,63.8,2776.2,387.6,0.0,7879.8,2237.4,0.02,1604.9,778918189.97,ours_pop_cap_epoch,0.881938
h=0.02/q0=0.4/p=mixed/r=1/sig=0,M_core,0.02,0.4,-1.0,1.0,0.0,1.0,1.0,wiki_B,autorpa_233k,breakeven,19490993176.17,1.087347,1.9,10.2,3324.9,46.8,0.0,913.0,3163.1,0.003,2730.0,1324971436.611,ours_pop_cap_epoch,0.881938
h=0.02/q0=0.4/p=mixed/r=1/sig=0,M_core,0.02,0.4,-1.0,1.0,0.0,1.0,1.0,wiki_B,autorpa_233k,offline_taxblind,16167673012.185,0.901948,,,,,,,,,,,ours_pop_cap_epoch,0.881938
h=0.02/q0=0.4/p=mixed/r=1/sig=0,M_core,0.02,0.4,-1.0,1.0,0.0,1.0,1.0,wiki_B,autorpa_233k,offline_opt_tax,16346468624.477,0.911923,,,,,,,,,,,ours_pop_cap_epoch,0.881938
h=0.02/q0=0.4/p=mixed/r=1/sig=0,M_core,0.02,0.4,-1.0,1.0,0.0,1.0,1.0,wiki_B,native,always_reactive,18276078036.516,0.95952,0.0,0.0,0.0,0.0,0.0,0.0,0.0,0.002,0.0,0.0,always_reactive,0.589565
h=0.02/q0=0.4/p=mixed/r=1/sig=0,M_core,0.02,0.4,-1.0,1.0,0.0,1.0,1.0,wiki_B,native,always_compile_evict,30999275631.384,1.627506,136.3,150.1,8150.8,441.1,0.0,8870.1,7976.6,0.032,6512.0,12429590934.933,always_reactive,0.589565
h=0.02/q0=0.4/p=mixed/r=1/sig=0,M_core,0.02,0.4,-1.0,1.0,0.0,1.0,1.0,wiki_B,native,ours_noinflate,19047104583.808,1.0,92.8,103.9,1421.5,296.0,0.0,6063.9,1283.5,0.027,667.0,1273116884.767,always_reactive,0.589565
h=0.02/q0=0.4/p=mixed/r=1/sig=0,M_core,0.02,0.4,-1.0,1.0,0.0,1.0,1.0,wiki_B,native,oracle_tax,17767095647.643,0.932798,36.1,39.9,155.5,119.4,0.0,2454.8,86.3,0.013,0.0,0.0,always_reactive,0.589565
h=0.02/q0=0.4/p=mixed/r=1/sig=0,M_core,0.02,0.4,-1.0,1.0,0.0,1.0,1.0,wiki_B,native,ours_cap_epoch,18814240625.875,0.987774,92.8,103.9,1299.5,296.0,0.0,6063.9,1161.5,0.028,545.0,1040252926.833,always_reactive,0.589565
h=0.02/q0=0.4/p=mixed/r=1/sig=0,M_core,0.02,0.4,-1.0,1.0,0.0,1.0,1.0,wiki_B,native,ours_cap_realized,18814240625.875,0.987774,92.8,103.9,1299.5,296.0,0.0,6063.9,1161.5,0.028,545.0,1040252926.833,always_reactive,0.589565
h=0.02/q0=0.4/p=mixed/r=1/sig=0,M_core,0.02,0.4,-1.0,1.0,0.0,1.0,1.0,wiki_B,native,ours_pop_prior,19104612471.255,1.003019,92.9,103.7,1458.1,297.9,0.0,6108.3,1317.9,0.028,699.0,1334195955.7,always_reactive,0.589565
h=0.02/q0=0.4/p=mixed/r=1/sig=0,M_core,0.02,0.4,-1.0,1.0,0.0,1.0,1.0,wiki_B,native,ours_pop_prior_s4,19490832750.657,1.023296,89.2,102.3,1647.9,292.5,0.0,6002.1,1510.5,0.026,910.6,1738081312.247,always_reactive,0.589565
h=0.02/q0=0.4/p=mixed/r=1/sig=0,M_core,0.02,0.4,-1.0,1.0,0.0,1.0,1.0,wiki_B,native,ours_pop_cap_epoch,18859482277.967,0.99015,94.8,104.5,1340.5,300.3,0.0,6159.2,1197.5,0.028,566.9,1082053916.003,always_reactive,0.589565
h=0.02/q0=0.4/p=mixed/r=1/sig=0,M_core,0.02,0.4,-1.0,1.0,0.0,1.0,1.0,wiki_B,native,ours_pop_cap_realized,18859482277.967,0.99015,94.8,104.5,1340.5,300.3,0.0,6159.2,1197.5,0.028,566.9,1082053916.003,always_reactive,0.589565
h=0.02/q0=0.4/p=mixed/r=1/sig=0,M_core,0.02,0.4,-1.0,1.0,0.0,1.0,1.0,wiki_B,native,breakeven,19244725529.776,1.010375,1.9,10.2,715.7,38.2,0.0,782.9,665.6,0.004,518.0,988717460.733,always_reactive,0.589565
h=0.02/q0=0.4/p=mixed/r=1/sig=0,M_core,0.02,0.4,-1.0,1.0,0.0,1.0,1.0,wiki_B,native,offline_taxblind,16850773546.608,0.88469,,,,,,,,,,,always_reactive,0.589565
h=0.02/q0=0.4/p=mixed/r=1/sig=0,M_core,0.02,0.4,-1.0,1.0,0.0,1.0,1.0,wiki_B,native,offline_opt_tax,17185298341.602,0.902253,,,,,,,,,,,always_reactive,0.589565
h=0.1/q0=0.17/p=mixed/r=1/sig=0,M_q0,0.1,0.17,-1.0,1.0,0.0,1.0,1.0,bpi2019,autorpa_233k,always_reactive,55345222128.083,1.626135,0.0,0.0,0.0,0.0,0.0,0.0,0.0,0.002,0.0,0.0,ours_cap_epoch,0.508369
h=0.1/q0=0.17/p=mixed/r=1/sig=0,M_q0,0.1,0.17,-1.0,1.0,0.0,1.0,1.0,bpi2019,autorpa_233k,always_compile_evict,66781963296.266,1.962165,30.1,53.1,86711.6,16838.8,0.0,42473.3,85079.9,0.011,68649.0,33317935586.772,ours_cap_epoch,0.508369
h=0.1/q0=0.17/p=mixed/r=1/sig=0,M_q0,0.1,0.17,-1.0,1.0,0.0,1.0,1.0,bpi2019,autorpa_233k,ours_noinflate,34034836326.282,1.0,22.4,43.3,15865.9,13888.7,0.0,35064.1,14423.7,0.019,1166.0,565903551.314,ours_cap_epoch,0.508369
h=0.1/q0=0.17/p=mixed/r=1/sig=0,M_q0,0.1,0.17,-1.0,1.0,0.0,1.0,1.0,bpi2019,autorpa_233k,oracle_tax,53968494654.955,1.585684,35.0,38.9,833.4,798.4,0.0,2022.6,473.5,0.003,0.0,0.0,ours_cap_epoch,0.508369
h=0.1/q0=0.17/p=mixed/r=1/sig=0,M_q0,0.1,0.17,-1.0,1.0,0.0,1.0,1.0,bpi2019,autorpa_233k,ours_cap_epoch,33949902259.833,0.997504,22.4,43.3,15690.9,13888.7,0.0,35064.1,14248.7,0.02,991.0,480969484.865,ours_cap_epoch,0.508369
h=0.1/q0=0.17/p=mixed/r=1/sig=0,M_q0,0.1,0.17,-1.0,1.0,0.0,1.0,1.0,bpi2019,autorpa_233k,ours_cap_realized,33949902259.833,0.997504,22.4,43.3,15690.9,13888.7,0.0,35064.1,14248.7,0.02,991.0,480969484.865,ours_cap_epoch,0.508369
h=0.1/q0=0.17/p=mixed/r=1/sig=0,M_q0,0.1,0.17,-1.0,1.0,0.0,1.0,1.0,bpi2019,autorpa_233k,ours_pop_prior,34401262016.765,1.010766,22.5,44.0,16934.2,13967.9,0.0,35260.7,15390.1,0.019,2040.9,990525349.809,ours_cap_epoch,0.508369
h=0.1/q0=0.17/p=mixed/r=1/sig=0,M_q0,0.1,0.17,-1.0,1.0,0.0,1.0,1.0,bpi2019,autorpa_233k,ours_pop_prior_s4,34814855548.695,1.022918,22.5,43.6,17770.4,13963.2,0.0,35249.1,16230.4,0.019,2887.0,1401169427.654,ours_cap_epoch,0.508369
h=0.1/q0=0.17/p=mixed/r=1/sig=0,M_q0,0.1,0.17,-1.0,1.0,0.0,1.0,1.0,bpi2019,autorpa_233k,ours_pop_cap_epoch,33960322901.558,0.997811,22.5,44.0,16053.7,13976.9,0.0,35281.8,14499.3,0.02,1140.4,553478910.737,ours_cap_epoch,0.508369
h=0.1/q0=0.17/p=mixed/r=1/sig=0,M_q0,0.1,0.17,-1.0,1.0,0.0,1.0,1.0,bpi2019,autorpa_233k,ours_pop_cap_realized,33960322901.558,0.997811,22.5,44.0,16053.7,13976.9,0.0,35281.8,14499.3,0.02,1140.4,553478910.737,ours_cap_epoch,0.508369
h=0.1/q0=0.17/p=mixed/r=1/sig=0,M_q0,0.1,0.17,-1.0,1.0,0.0,1.0,1.0,bpi2019,autorpa_233k,breakeven,80717775393.291,2.371622,0.3,9.0,53654.6,277.2,0.0,698.0,53317.3,0.001,52599.0,25528268349.554,ours_cap_epoch,0.508369
h=0.1/q0=0.17/p=mixed/r=1/sig=0,M_q0,0.1,0.17,-1.0,1.0,0.0,1.0,1.0,bpi2019,autorpa_233k,offline_taxblind,32389938790.901,0.95167,,,,,,,,,,,ours_cap_epoch,0.508369
h=0.1/q0=0.17/p=mixed/r=1/sig=0,M_q0,0.1,0.17,-1.0,1.0,0.0,1.0,1.0,bpi2019,autorpa_233k,offline_opt_tax,32808680098.734,0.963973,,,,,,,,,,,ours_cap_epoch,0.508369
h=0.1/q0=0.17/p=mixed/r=1/sig=0,M_q0,0.1,0.17,-1.0,1.0,0.0,1.0,1.0,bpi2019,native,always_reactive,55345222128.083,1.220455,0.0,0.0,0.0,0.0,0.0,0.0,0.0,0.002,0.0,0.0,ours_pop_cap_epoch,0.248951
h=0.1/q0=0.17/p=mixed/r=1/sig=0,M_q0,0.1,0.17,-1.0,1.0,0.0,1.0,1.0,bpi2019,native,always_compile_evict,178068936292.693,3.926718,71.6,119.0,86711.6,16838.8,0.0,42473.3,86345.3,0.011,68649.0,131031785640.714,ours_pop_cap_epoch,0.248951
h=0.1/q0=0.17/p=mixed/r=1/sig=0,M_q0,0.1,0.17,-1.0,1.0,0.0,1.0,1.0,bpi2019,native,ours_noinflate,45348037930.065,1.0,18.4,33.7,8823.8,8607.5,0.0,21770.0,8555.8,0.012,65.0,124066862.833,ours_pop_cap_epoch,0.248951
h=0.1/q0=0.17/p=mixed/r=1/sig=0,M_q0,0.1,0.17,-1.0,1.0,0.0,1.0,1.0,bpi2019,native,oracle_tax,54856362989.111,1.209674,13.2,21.3,446.5,433.3,0.0,1111.3,264.8,0.002,0.0,0.0,ours_pop_cap_epoch,0.248951
h=0.1/q0=0.17/p=mixed/r=1/sig=0,M_q0,0.1,0.17,-1.0,1.0,0.0,1.0,1.0,bpi2019,native,ours_cap_epoch,45348037930.065,1.0,18.4,33.7,8823.8,8607.5,0.0,21770.0,8555.8,0.012,65.0,124066862.833,ours_pop_cap_epoch,0.248951
h=0.1/q0=0.17/p=mixed/r=1/sig=0,M_q0,0.1,0.17,-1.0,1.0,0.0,1.0,1.0,bpi2019,native,ours_cap_realized,45348037930.065,1.0,18.4,33.7,8823.8,8607.5,0.0,21770.0,8555.8,0.012,65.0,124066862.833,ours_pop_cap_epoch,0.248951
h=0.1/q0=0.17/p=mixed/r=1/sig=0,M_q0,0.1,0.17,-1.0,1.0,0.0,1.0,1.0,bpi2019,native,ours_pop_prior,44504783720.334,0.981405,39.4,66.2,13768.3,12862.1,0.0,32481.8,13416.3,0.025,410.5,783529956.817,ours_pop_cap_epoch,0.248951
h=0.1/q0=0.17/p=mixed/r=1/sig=0,M_q0,0.1,0.17,-1.0,1.0,0.0,1.0,1.0,bpi2019,native,ours_pop_prior_s4,44878632391.858,0.989649,39.9,65.9,13911.7,12813.8,0.0,32353.5,13559.2,0.025,610.9,1166037638.537,ours_pop_cap_epoch,0.248951
h=0.1/q0=0.17/p=mixed/r=1/sig=0,M_q0,0.1,0.17,-1.0,1.0,0.0,1.0,1.0,bpi2019,native,ours_pop_cap_epoch,44330498416.926,0.977562,39.5,66.8,13695.1,12878.2,0.0,32522.5,13341.7,0.025,316.0,603155825.467,ours_pop_cap_epoch,0.248951
h=0.1/q0=0.17/p=mixed/r=1/sig=0,M_q0,0.1,0.17,-1.0,1.0,0.0,1.0,1.0,bpi2019,native,ours_pop_cap_realized,44330498416.926,0.977562,39.5,66.8,13695.1,12878.2,0.0,32522.5,13341.7,0.025,316.0,603155825.467,ours_pop_cap_epoch,0.248951
h=0.1/q0=0.17/p=mixed/r=1/sig=0,M_q0,0.1,0.17,-1.0,1.0,0.0,1.0,1.0,bpi2019,native,breakeven,80569489137.328,1.776692,2.7,10.5,13664.5,236.0,0.0,600.8,13566.0,0.002,13119.0,25040510361.701,ours_pop_cap_epoch,0.248951
h=0.1/q0=0.17/p=mixed/r=1/sig=0,M_q0,0.1,0.17,-1.0,1.0,0.0,1.0,1.0,bpi2019,native,offline_taxblind,42273106737.205,0.932193,,,,,,,,,,,ours_pop_cap_epoch,0.248951
h=0.1/q0=0.17/p=mixed/r=1/sig=0,M_q0,0.1,0.17,-1.0,1.0,0.0,1.0,1.0,bpi2019,native,offline_opt_tax,42834466301.051,0.944572,,,,,,,,,,,ours_pop_cap_epoch,0.248951
h=0.1/q0=0.17/p=mixed/r=1/sig=0,M_q0,0.1,0.17,-1.0,1.0,0.0,1.0,1.0,sepsis,autorpa_233k,always_reactive,192091479.622,1.004669,0.0,0.0,0.0,0.0,0.0,0.0,0.0,0.002,0.0,0.0,ours_cap_epoch,0.906226
h=0.1/q0=0.17/p=mixed/r=1/sig=0,M_q0,0.1,0.17,-1.0,1.0,0.0,1.0,1.0,sepsis,autorpa_233k,always_compile_evict,209912313.617,1.097875,12.3,14.7,74.5,9.1,0.0,22.7,60.6,0.005,47.0,22810863.561,ours_cap_epoch,0.906226
h=0.1/q0=0.17/p=mixed/r=1/sig=0,M_q0,0.1,0.17,-1.0,1.0,0.0,1.0,1.0,sepsis,autorpa_233k,ours_noinflate,191198727.156,1.0,9.9,10.6,29.4,7.2,0.0,17.1,17.2,0.004,9.0,4368037.703,ours_cap_epoch,0.906226
h=0.1/q0=0.17/p=mixed/r=1/sig=0,M_q0,0.1,0.17,-1.0,1.0,0.0,1.0,1.0,sepsis,autorpa_233k,oracle_tax,185756573.216,0.971537,8.9,10.2,16.2,7.3,0.0,18.9,2.3,0.005,0.0,0.0,ours_cap_epoch,0.906226
h=0.1/q0=0.17/p=mixed/r=1/sig=0,M_q0,0.1,0.17,-1.0,1.0,0.0,1.0,1.0,sepsis,autorpa_233k,ours_cap_epoch,190228052.111,0.994923,9.9,10.6,27.4,7.2,0.0,17.1,15.2,0.004,7.0,3397362.658,ours_cap_epoch,0.906226
h=0.1/q0=0.17/p=mixed/r=1/sig=0,M_q0,0.1,0.17,-1.0,1.0,0.0,1.0,1.0,sepsis,autorpa_233k,ours_cap_realized,190228052.111,0.994923,9.9,10.6,27.4,7.2,0.0,17.1,15.2,0.004,7.0,3397362.658,ours_cap_epoch,0.906226
h=0.1/q0=0.17/p=mixed/r=1/sig=0,M_q0,0.1,0.17,-1.0,1.0,0.0,1.0,1.0,sepsis,autorpa_233k,ours_pop_prior,192845250.067,1.008612,10.2,11.4,32.2,6.8,0.0,16.7,19.9,0.004,11.6,5629915.262,ours_cap_epoch,0.906226
h=0.1/q0=0.17/p=mixed/r=1/sig=0,M_q0,0.1,0.17,-1.0,1.0,0.0,1.0,1.0,sepsis,autorpa_233k,ours_pop_prior_s4,195346100.086,1.021691,9.6,10.8,36.1,6.7,0.0,16.1,25.0,0.004,16.2,7862467.866,ours_cap_epoch,0.906226
h=0.1/q0=0.17/p=mixed/r=1/sig=0,M_q0,0.1,0.17,-1.0,1.0,0.0,1.0,1.0,sepsis,autorpa_233k,ours_pop_cap_epoch,191042087.834,0.999181,10.9,12.1,29.5,7.0,0.0,17.0,17.2,0.005,8.0,3882700.181,ours_cap_epoch,0.906226
h=0.1/q0=0.17/p=mixed/r=1/sig=0,M_q0,0.1,0.17,-1.0,1.0,0.0,1.0,1.0,sepsis,autorpa_233k,ours_pop_cap_realized,191042087.834,0.999181,10.9,12.1,29.5,7.0,0.0,17.0,17.2,0.005,8.0,3882700.181,ours_cap_epoch,0.906226
h=0.1/q0=0.17/p=mixed/r=1/sig=0,M_q0,0.1,0.17,-1.0,1.0,0.0,1.0,1.0,sepsis,autorpa_233k,breakeven,198054370.639,1.035856,5.6,6.8,34.0,4.9,0.0,11.9,25.4,0.003,20.0,9706750.451,ours_cap_epoch,0.906226
h=0.1/q0=0.17/p=mixed/r=1/sig=0,M_q0,0.1,0.17,-1.0,1.0,0.0,1.0,1.0,sepsis,autorpa_233k,offline_taxblind,178464364.73,0.933397,,,,,,,,,,,ours_cap_epoch,0.906226
h=0.1/q0=0.17/p=mixed/r=1/sig=0,M_q0,0.1,0.17,-1.0,1.0,0.0,1.0,1.0,sepsis,autorpa_233k,offline_opt_tax,180544004.973,0.944274,,,,,,,,,,,ours_cap_epoch,0.906226
h=0.1/q0=0.17/p=mixed/r=1/sig=0,M_q0,0.1,0.17,-1.0,1.0,0.0,1.0,1.0,sepsis,native,always_reactive,192091479.622,0.999712,0.0,0.0,0.0,0.0,0.0,0.0,0.0,0.002,0.0,0.0,always_reactive,0.649717
h=0.1/q0=0.17/p=mixed/r=1/sig=0,M_q0,0.1,0.17,-1.0,1.0,0.0,1.0,1.0,sepsis,native,always_compile_evict,295654020.823,1.538688,15.7,16.8,74.5,9.1,0.0,22.7,71.7,0.004,47.0,89709885.433,always_reactive,0.649717
h=0.1/q0=0.17/p=mixed/r=1/sig=0,M_q0,0.1,0.17,-1.0,1.0,0.0,1.0,1.0,sepsis,native,ours_noinflate,192146862.766,1.0,0.9,1.0,1.5,0.6,0.0,1.1,0.8,0.002,0.0,0.0,always_reactive,0.649717
h=0.1/q0=0.17/p=mixed/r=1/sig=0,M_q0,0.1,0.17,-1.0,1.0,0.0,1.0,1.0,sepsis,native,oracle_tax,191418645.7,0.99621,1.0,2.0,3.2,2.2,0.0,4.3,1.4,0.003,0.0,0.0,always_reactive,0.649717
h=0.1/q0=0.17/p=mixed/r=1/sig=0,M_q0,0.1,0.17,-1.0,1.0,0.0,1.0,1.0,sepsis,native,ours_cap_epoch,192146862.766,1.0,0.9,1.0,1.5,0.6,0.0,1.1,0.8,0.002,0.0,0.0,always_reactive,0.649717
h=0.1/q0=0.17/p=mixed/r=1/sig=0,M_q0,0.1,0.17,-1.0,1.0,0.0,1.0,1.0,sepsis,native,ours_cap_realized,192146862.766,1.0,0.9,1.0,1.5,0.6,0.0,1.1,0.8,0.002,0.0,0.0,always_reactive,0.649717
h=0.1/q0=0.17/p=mixed/r=1/sig=0,M_q0,0.1,0.17,-1.0,1.0,0.0,1.0,1.0,sepsis,native,ours_pop_prior,194904220.874,1.01435,1.9,2.0,4.0,1.1,0.0,1.9,3.3,0.002,1.0,1908720.967,always_reactive,0.649717
h=0.1/q0=0.17/p=mixed/r=1/sig=0,M_q0,0.1,0.17,-1.0,1.0,0.0,1.0,1.0,sepsis,native,ours_pop_prior_s4,195602261.645,1.017983,1.5,1.6,4.1,1.1,0.0,1.9,3.4,0.002,1.5,2863081.45,always_reactive,0.649717
h=0.1/q0=0.17/p=mixed/r=1/sig=0,M_q0,0.1,0.17,-1.0,1.0,0.0,1.0,1.0,sepsis,native,ours_pop_cap_epoch,194904220.874,1.01435,1.9,2.0,4.0,1.1,0.0,1.9,3.3,0.002,1.0,1908720.967,always_reactive,0.649717
h=0.1/q0=0.17/p=mixed/r=1/sig=0,M_q0,0.1,0.17,-1.0,1.0,0.0,1.0,1.0,sepsis,native,ours_pop_cap_realized,194904220.874,1.01435,1.9,2.0,4.0,1.1,0.0,1.9,3.3,0.002,1.0,1908720.967,always_reactive,0.649717
h=0.1/q0=0.17/p=mixed/r=1/sig=0,M_q0,0.1,0.17,-1.0,1.0,0.0,1.0,1.0,sepsis,native,breakeven,196407178.854,1.022172,1.0,1.8,4.0,1.0,0.0,2.3,4.0,0.002,2.0,3817441.933,always_reactive,0.649717
h=0.1/q0=0.17/p=mixed/r=1/sig=0,M_q0,0.1,0.17,-1.0,1.0,0.0,1.0,1.0,sepsis,native,offline_taxblind,190851183.127,0.993257,,,,,,,,,,,always_reactive,0.649717
h=0.1/q0=0.17/p=mixed/r=1/sig=0,M_q0,0.1,0.17,-1.0,1.0,0.0,1.0,1.0,sepsis,native,offline_opt_tax,191021633.034,0.994144,,,,,,,,,,,always_reactive,0.649717
h=0.1/q0=0.17/p=mixed/r=1/sig=0,M_q0,0.1,0.17,-1.0,1.0,0.0,1.0,1.0,wiki_A,autorpa_233k,always_reactive,10476085685.358,1.654427,0.0,0.0,0.0,0.0,0.0,0.0,0.0,0.002,0.0,0.0,ours_cap_epoch,0.320085
h=0.1/q0=0.17/p=mixed/r=1/sig=0,M_q0,0.1,0.17,-1.0,1.0,0.0,1.0,1.0,wiki_A,autorpa_233k,always_compile_evict,19750898226.255,3.119143,7.1,30.3,31513.5,3484.3,0.0,8811.8,30169.1,0.004,27809.0,13496751165.092,ours_cap_epoch,0.320085
h=0.1/q0=0.17/p=mixed/r=1/sig=0,M_q0,0.1,0.17,-1.0,1.0,0.0,1.0,1.0,wiki_A,autorpa_233k,ours_noinflate,6332154404.929,1.0,6.9,25.5,3389.0,3094.1,0.0,7834.4,2083.6,0.011,139.0,67461915.637,ours_cap_epoch,0.320085
h=0.1/q0=0.17/p=mixed/r=1/sig=0,M_q0,0.1,0.17,-1.0,1.0,0.0,1.0,1.0,wiki_A,autorpa_233k,oracle_tax,9897924726.209,1.563121,15.5,18.9,487.0,471.5,0.0,1180.1,275.0,0.005,0.0,0.0,ours_cap_epoch,0.320085
h=0.1/q0=0.17/p=mixed/r=1/sig=0,M_q0,0.1,0.17,-1.0,1.0,0.0,1.0,1.0,wiki_A,autorpa_233k,ours_cap_epoch,6321962316.955,0.99839,6.9,25.5,3368.0,3094.1,0.0,7834.4,2062.6,0.011,118.0,57269827.663,ours_cap_epoch,0.320085
h=0.1/q0=0.17/p=mixed/r=1/sig=0,M_q0,0.1,0.17,-1.0,1.0,0.0,1.0,1.0,wiki_A,autorpa_233k,ours_cap_realized,6321962316.955,0.99839,6.9,25.5,3368.0,3094.1,0.0,7834.4,2062.6,0.011,118.0,57269827.663,ours_cap_epoch,0.320085
h=0.1/q0=0.17/p=mixed/r=1/sig=0,M_q0,0.1,0.17,-1.0,1.0,0.0,1.0,1.0,wiki_A,autorpa_233k,ours_pop_prior,6381885197.507,1.007854,7.2,27.2,3814.5,3361.6,0.0,8502.9,2487.0,0.012,272.0,132011806.139,ours_cap_epoch,0.320085
h=0.1/q0=0.17/p=mixed/r=1/sig=0,M_q0,0.1,0.17,-1.0,1.0,0.0,1.0,1.0,wiki_A,autorpa_233k,ours_pop_prior_s4,6456432008.464,1.019626,7.0,27.1,3704.3,3108.4,0.0,7873.3,2391.6,0.011,418.5,203113753.195,ours_cap_epoch,0.320085
h=0.1/q0=0.17/p=mixed/r=1/sig=0,M_q0,0.1,0.17,-1.0,1.0,0.0,1.0,1.0,wiki_A,autorpa_233k,ours_pop_cap_epoch,6322794536.445,0.998522,7.2,27.0,3761.3,3424.3,0.0,8652.4,2429.0,0.012,150.0,72800628.385,ours_cap_epoch,0.320085
h=0.1/q0=0.17/p=mixed/r=1/sig=0,M_q0,0.1,0.17,-1.0,1.0,0.0,1.0,1.0,wiki_A,autorpa_233k,ours_pop_cap_realized,6322794536.445,0.998522,7.2,27.0,3761.3,3424.3,0.0,8652.4,2429.0,0.012,150.0,72800628.385,ours_cap_epoch,0.320085
h=0.1/q0=0.17/p=mixed/r=1/sig=0,M_q0,0.1,0.17,-1.0,1.0,0.0,1.0,1.0,wiki_A,autorpa_233k,breakeven,12944520595.385,2.044252,0.9,6.6,11239.8,1592.1,0.0,4020.1,10448.3,0.002,9506.0,4613618489.533,ours_cap_epoch,0.320085
h=0.1/q0=0.17/p=mixed/r=1/sig=0,M_q0,0.1,0.17,-1.0,1.0,0.0,1.0,1.0,wiki_A,autorpa_233k,offline_taxblind,6115539876.693,0.965791,,,,,,,,,,,ours_cap_epoch,0.320085
h=0.1/q0=0.17/p=mixed/r=1/sig=0,M_q0,0.1,0.17,-1.0,1.0,0.0,1.0,1.0,wiki_A,autorpa_233k,offline_opt_tax,6156806613.044,0.972308,,,,,,,,,,,ours_cap_epoch,0.320085
h=0.1/q0=0.17/p=mixed/r=1/sig=0,M_q0,0.1,0.17,-1.0,1.0,0.0,1.0,1.0,wiki_A,native,always_reactive,10476085685.358,1.056071,0.0,0.0,0.0,0.0,0.0,0.0,0.0,0.002,0.0,0.0,ours_pop_cap_epoch,0.137313
h=0.1/q0=0.17/p=mixed/r=1/sig=0,M_q0,0.1,0.17,-1.0,1.0,0.0,1.0,1.0,wiki_A,native,always_compile_evict,61936832836.068,6.243716,22.4,58.8,31513.5,3484.3,0.0,8811.8,30790.9,0.002,27809.0,53079621362.042,ours_pop_cap_epoch,0.137313
h=0.1/q0=0.17/p=mixed/r=1/sig=0,M_q0,0.1,0.17,-1.0,1.0,0.0,1.0,1.0,wiki_A,native,ours_noinflate,9919866320.965,1.0,6.4,15.5,538.3,492.9,0.0,1250.6,362.2,0.005,9.0,17178488.7,ours_pop_cap_epoch,0.137313
h=0.1/q0=0.17/p=mixed/r=1/sig=0,M_q0,0.1,0.17,-1.0,1.0,0.0,1.0,1.0,wiki_A,native,oracle_tax,10358402115.914,1.044208,5.5,8.3,166.2,160.7,0.0,390.5,98.7,0.003,0.0,0.0,ours_pop_cap_epoch,0.137313
h=0.1/q0=0.17/p=mixed/r=1/sig=0,M_q0,0.1,0.17,-1.0,1.0,0.0,1.0,1.0,wiki_A,native,ours_cap_epoch,9919866320.965,1.0,6.4,15.5,538.3,492.9,0.0,1250.6,362.2,0.005,9.0,17178488.7,ours_pop_cap_epoch,0.137313
h=0.1/q0=0.17/p=mixed/r=1/sig=0,M_q0,0.1,0.17,-1.0,1.0,0.0,1.0,1.0,wiki_A,native,ours_cap_realized,9919866320.965,1.0,6.4,15.5,538.3,492.9,0.0,1250.6,362.2,0.005,9.0,17178488.7,ours_pop_cap_epoch,0.137313
h=0.1/q0=0.17/p=mixed/r=1/sig=0,M_q0,0.1,0.17,-1.0,1.0,0.0,1.0,1.0,wiki_A,native,ours_pop_prior,8530839452.34,0.859975,11.7,35.8,2963.0,2822.6,0.0,7150.4,2276.7,0.011,47.0,89709885.433,ours_pop_cap_epoch,0.137313
h=0.1/q0=0.17/p=mixed/r=1/sig=0,M_q0,0.1,0.17,-1.0,1.0,0.0,1.0,1.0,wiki_A,native,ours_pop_prior_s4,8570275230.401,0.863951,11.5,35.4,2980.2,2820.0,0.0,7142.9,2294.1,0.011,68.0,129793025.733,ours_pop_cap_epoch,0.137313
h=0.1/q0=0.17/p=mixed/r=1/sig=0,M_q0,0.1,0.17,-1.0,1.0,0.0,1.0,1.0,wiki_A,native,ours_pop_cap_epoch,8504729203.893,0.857343,12.7,35.5,2950.7,2823.4,0.0,7153.1,2264.0,0.011,33.0,62987791.9,ours_pop_cap_epoch,0.137313
h=0.1/q0=0.17/p=mixed/r=1/sig=0,M_q0,0.1,0.17,-1.0,1.0,0.0,1.0,1.0,wiki_A,native,ours_pop_cap_realized,8504729203.893,0.857343,12.7,35.5,2950.7,2823.4,0.0,7153.1,2264.0,0.011,33.0,62987791.9,ours_pop_cap_epoch,0.137313
h=0.1/q0=0.17/p=mixed/r=1/sig=0,M_q0,0.1,0.17,-1.0,1.0,0.0,1.0,1.0,wiki_A,native,breakeven,14182797781.823,1.429737,0.2,6.6,3713.7,1273.2,0.0,3204.5,3277.4,0.002,2381.0,4544664621.633,ours_pop_cap_epoch,0.137313
h=0.1/q0=0.17/p=mixed/r=1/sig=0,M_q0,0.1,0.17,-1.0,1.0,0.0,1.0,1.0,wiki_A,native,offline_taxblind,8277477536.721,0.834434,,,,,,,,,,,ours_pop_cap_epoch,0.137313
h=0.1/q0=0.17/p=mixed/r=1/sig=0,M_q0,0.1,0.17,-1.0,1.0,0.0,1.0,1.0,wiki_A,native,offline_opt_tax,8328474591.296,0.839575,,,,,,,,,,,ours_pop_cap_epoch,0.137313
h=0.1/q0=0.17/p=mixed/r=1/sig=0,M_q0,0.1,0.17,-1.0,1.0,0.0,1.0,1.0,wiki_B,autorpa_233k,always_reactive,18276078036.516,1.070348,0.0,0.0,0.0,0.0,0.0,0.0,0.0,0.002,0.0,0.0,ours_cap_epoch,0.859883
h=0.1/q0=0.17/p=mixed/r=1/sig=0,M_q0,0.1,0.17,-1.0,1.0,0.0,1.0,1.0,wiki_B,autorpa_233k,always_compile_evict,19765800940.04,1.157594,41.8,60.6,9809.0,2195.2,0.0,5483.6,8821.0,0.018,6512.0,3160517946.964,ours_cap_epoch,0.859883
h=0.1/q0=0.17/p=mixed/r=1/sig=0,M_q0,0.1,0.17,-1.0,1.0,0.0,1.0,1.0,wiki_B,autorpa_233k,ours_noinflate,17074895331.183,1.0,33.2,47.9,3676.5,1805.4,0.0,4520.9,2775.1,0.017,1092.0,529988574.644,ours_cap_epoch,0.859883
h=0.1/q0=0.17/p=mixed/r=1/sig=0,M_q0,0.1,0.17,-1.0,1.0,0.0,1.0,1.0,wiki_B,autorpa_233k,oracle_tax,18053683358.082,1.057323,51.9,55.8,241.0,189.1,0.0,475.5,96.0,0.005,0.0,0.0,ours_cap_epoch,0.859883
h=0.1/q0=0.17/p=mixed/r=1/sig=0,M_q0,0.1,0.17,-1.0,1.0,0.0,1.0,1.0,wiki_B,autorpa_233k,ours_cap_epoch,16996270652.527,0.995395,33.2,47.9,3514.5,1805.4,0.0,4520.9,2613.1,0.017,930.0,451363895.988,ours_cap_epoch,0.859883
h=0.1/q0=0.17/p=mixed/r=1/sig=0,M_q0,0.1,0.17,-1.0,1.0,0.0,1.0,1.0,wiki_B,autorpa_233k,ours_cap_realized,16996270652.527,0.995395,33.2,47.9,3514.5,1805.4,0.0,4520.9,2613.1,0.017,930.0,451363895.988,ours_cap_epoch,0.859883
h=0.1/q0=0.17/p=mixed/r=1/sig=0,M_q0,0.1,0.17,-1.0,1.0,0.0,1.0,1.0,wiki_B,autorpa_233k,ours_pop_prior,17218285038.96,1.008398,33.9,48.5,4090.5,1838.9,0.0,4604.1,3148.3,0.017,1421.0,689664619.569,ours_cap_epoch,0.859883
h=0.1/q0=0.17/p=mixed/r=1/sig=0,M_q0,0.1,0.17,-1.0,1.0,0.0,1.0,1.0,wiki_B,autorpa_233k,ours_pop_prior_s4,17433877986.031,1.021024,33.7,48.1,4489.5,1824.8,0.0,4567.6,3560.0,0.017,1854.8,900204036.859,ours_cap_epoch,0.859883
h=0.1/q0=0.17/p=mixed/r=1/sig=0,M_q0,0.1,0.17,-1.0,1.0,0.0,1.0,1.0,wiki_B,autorpa_233k,ours_pop_cap_epoch,17041391179.916,0.998038,34.3,48.5,3756.2,1846.5,0.0,4623.7,2805.9,0.018,1061.1,514991645.197,ours_cap_epoch,0.859883
h=0.1/q0=0.17/p=mixed/r=1/sig=0,M_q0,0.1,0.17,-1.0,1.0,0.0,1.0,1.0,wiki_B,autorpa_233k,ours_pop_cap_realized,17041391179.916,0.998038,34.3,48.5,3756.2,1846.5,0.0,4623.7,2805.9,0.018,1061.1,514991645.197,ours_cap_epoch,0.859883
h=0.1/q0=0.17/p=mixed/r=1/sig=0,M_q0,0.1,0.17,-1.0,1.0,0.0,1.0,1.0,wiki_B,autorpa_233k,breakeven,19902581153.095,1.165605,3.3,12.3,4502.6,228.2,0.0,588.0,4236.9,0.003,3642.0,1767599257.193,ours_cap_epoch,0.859883
h=0.1/q0=0.17/p=mixed/r=1/sig=0,M_q0,0.1,0.17,-1.0,1.0,0.0,1.0,1.0,wiki_B,autorpa_233k,offline_taxblind,15870711916.454,0.929476,,,,,,,,,,,ours_cap_epoch,0.859883
h=0.1/q0=0.17/p=mixed/r=1/sig=0,M_q0,0.1,0.17,-1.0,1.0,0.0,1.0,1.0,wiki_B,autorpa_233k,offline_opt_tax,16023694863.479,0.938436,,,,,,,,,,,ours_cap_epoch,0.859883
h=0.1/q0=0.17/p=mixed/r=1/sig=0,M_q0,0.1,0.17,-1.0,1.0,0.0,1.0,1.0,wiki_B,native,always_reactive,18276078036.516,1.006011,0.0,0.0,0.0,0.0,0.0,0.0,0.0,0.002,0.0,0.0,ours_noinflate,0.571012
h=0.1/q0=0.17/p=mixed/r=1/sig=0,M_q0,0.1,0.17,-1.0,1.0,0.0,1.0,1.0,wiki_B,native,always_compile_evict,31815241818.304,1.751278,121.2,134.6,9809.0,2195.2,0.0,5483.6,9575.5,0.028,6512.0,12429590934.933,ours_noinflate,0.571012
h=0.1/q0=0.17/p=mixed/r=1/sig=0,M_q0,0.1,0.17,-1.0,1.0,0.0,1.0,1.0,wiki_B,native,ours_noinflate,18166869184.562,1.0,25.1,31.4,616.0,411.0,0.0,1032.4,535.8,0.011,70.0,133610467.667,ours_noinflate,0.571012
h=0.1/q0=0.17/p=mixed/r=1/sig=0,M_q0,0.1,0.17,-1.0,1.0,0.0,1.0,1.0,wiki_B,native,oracle_tax,18200013649.662,1.001824,13.4,17.5,116.0,102.6,0.0,260.7,57.7,0.003,0.0,0.0,ours_noinflate,0.571012
h=0.1/q0=0.17/p=mixed/r=1/sig=0,M_q0,0.1,0.17,-1.0,1.0,0.0,1.0,1.0,wiki_B,native,ours_cap_epoch,18166869184.562,1.0,25.1,31.4,616.0,411.0,0.0,1032.4,535.8,0.011,70.0,133610467.667,ours_noinflate,0.571012
h=0.1/q0=0.17/p=mixed/r=1/sig=0,M_q0,0.1,0.17,-1.0,1.0,0.0,1.0,1.0,wiki_B,native,ours_cap_realized,18166869184.562,1.0,25.1,31.4,616.0,411.0,0.0,1032.4,535.8,0.011,70.0,133610467.667,ours_noinflate,0.571012
h=0.1/q0=0.17/p=mixed/r=1/sig=0,M_q0,0.1,0.17,-1.0,1.0,0.0,1.0,1.0,wiki_B,native,ours_pop_prior,18621480395.475,1.025024,59.3,65.6,1545.3,904.7,0.0,2265.5,1375.7,0.021,284.8,543603731.307,ours_noinflate,0.571012
h=0.1/q0=0.17/p=mixed/r=1/sig=0,M_q0,0.1,0.17,-1.0,1.0,0.0,1.0,1.0,wiki_B,native,ours_pop_prior_s4,18754119644.824,1.032325,54.4,62.4,1603.0,891.2,0.0,2231.9,1431.4,0.02,361.3,689620885.257,ours_noinflate,0.571012
h=0.1/q0=0.17/p=mixed/r=1/sig=0,M_q0,0.1,0.17,-1.0,1.0,0.0,1.0,1.0,wiki_B,native,ours_pop_cap_epoch,18583755908.363,1.022948,59.5,66.0,1528.9,906.8,0.0,2269.7,1359.4,0.021,263.0,501993614.233,ours_noinflate,0.571012
h=0.1/q0=0.17/p=mixed/r=1/sig=0,M_q0,0.1,0.17,-1.0,1.0,0.0,1.0,1.0,wiki_B,native,ours_pop_cap_realized,18583755908.363,1.022948,59.5,66.0,1528.9,906.8,0.0,2269.7,1359.4,0.021,263.0,501993614.233,ours_noinflate,0.571012
h=0.1/q0=0.17/p=mixed/r=1/sig=0,M_q0,0.1,0.17,-1.0,1.0,0.0,1.0,1.0,wiki_B,native,breakeven,19707264194.574,1.084791,1.5,9.9,1080.7,187.4,0.0,482.5,998.5,0.004,714.0,1362826770.2,ours_noinflate,0.571012
h=0.1/q0=0.17/p=mixed/r=1/sig=0,M_q0,0.1,0.17,-1.0,1.0,0.0,1.0,1.0,wiki_B,native,offline_taxblind,17404020033.058,0.958009,,,,,,,,,,,ours_noinflate,0.571012
h=0.1/q0=0.17/p=mixed/r=1/sig=0,M_q0,0.1,0.17,-1.0,1.0,0.0,1.0,1.0,wiki_B,native,offline_opt_tax,17623379328.075,0.970083,,,,,,,,,,,ours_noinflate,0.571012
h=0.1/q0=0.4/p=mixed/r=1/sig=0.3,M_sigma,0.1,0.4,-1.0,1.0,0.3,3.0,1.0,bpi2019,autorpa_233k,always_reactive,55345222128.083,1.117931,0.0,0.0,0.0,0.0,0.0,0.0,0.0,0.002,0.0,0.0,ours_pop_cap_epoch,0.59626
h=0.1/q0=0.4/p=mixed/r=1/sig=0.3,M_sigma,0.1,0.4,-1.0,1.0,0.3,3.0,1.0,bpi2019,autorpa_233k,always_compile_evict,82983543864.299,1.676204,31.9,55.4,81699.6,11785.2,23164.1,77391.6,81236.0,0.01,68649.0,33317935586.772,ours_pop_cap_epoch,0.59626
h=0.1/q0=0.4/p=mixed/r=1/sig=0.3,M_sigma,0.1,0.4,-1.0,1.0,0.3,3.0,1.0,bpi2019,autorpa_233k,ours_noinflate,49506821531.491,1.0,15.2,32.5,8714.3,8107.5,15945.6,53262.5,8414.1,0.01,224.0,108715605.055,ours_pop_cap_epoch,0.59626
h=0.1/q0=0.4/p=mixed/r=1/sig=0.3,M_sigma,0.1,0.4,-1.0,1.0,0.3,3.0,1.0,bpi2019,autorpa_233k,oracle_tax,55273303927.498,1.116479,13.7,16.7,119.5,105.8,214.6,718.1,55.9,0.002,0.0,0.0,ours_pop_cap_epoch,0.59626
h=0.1/q0=0.4/p=mixed/r=1/sig=0.3,M_sigma,0.1,0.4,-1.0,1.0,0.3,3.0,1.0,bpi2019,autorpa_233k,ours_cap_epoch,49506821531.491,1.0,15.2,32.5,8714.3,8107.5,15945.6,53262.5,8414.1,0.01,224.0,108715605.055,ours_pop_cap_epoch,0.59626
h=0.1/q0=0.4/p=mixed/r=1/sig=0.3,M_sigma,0.1,0.4,-1.0,1.0,0.3,3.0,1.0,bpi2019,autorpa_233k,ours_cap_realized,49506821531.491,1.0,15.2,32.5,8714.3,8107.5,15945.6,53262.5,8414.1,0.01,224.0,108715605.055,ours_pop_cap_epoch,0.59626
h=0.1/q0=0.4/p=mixed/r=1/sig=0.3,M_sigma,0.1,0.4,-1.0,1.0,0.3,3.0,1.0,bpi2019,autorpa_233k,ours_pop_prior,49578937629.999,1.001457,17.3,39.3,10796.9,9405.7,18489.1,61761.2,10422.8,0.012,679.8,329932447.842,ours_pop_cap_epoch,0.59626
h=0.1/q0=0.4/p=mixed/r=1/sig=0.3,M_sigma,0.1,0.4,-1.0,1.0,0.3,3.0,1.0,bpi2019,autorpa_233k,ours_pop_prior_s4,49755440427.529,1.005022,17.0,39.5,11105.7,9368.0,18418.4,61519.6,10740.5,0.012,1040.0,504751023.471,ours_pop_cap_epoch,0.59626
h=0.1/q0=0.4/p=mixed/r=1/sig=0.3,M_sigma,0.1,0.4,-1.0,1.0,0.3,3.0,1.0,bpi2019,autorpa_233k,ours_pop_cap_epoch,49479756152.848,0.999453,17.0,39.5,10620.0,9424.6,18524.3,61875.0,10239.9,0.012,477.0,231505998.265,ours_pop_cap_epoch,0.59626
h=0.1/q0=0.4/p=mixed/r=1/sig=0.3,M_sigma,0.1,0.4,-1.0,1.0,0.3,3.0,1.0,bpi2019,autorpa_233k,ours_pop_cap_realized,49479756152.848,0.999453,17.0,39.5,10620.0,9424.6,18524.3,61875.0,10239.9,0.012,477.0,231505998.265,ours_pop_cap_epoch,0.59626
h=0.1/q0=0.4/p=mixed/r=1/sig=0.3,M_sigma,0.1,0.4,-1.0,1.0,0.3,3.0,1.0,bpi2019,autorpa_233k,breakeven,64241131567.694,1.297622,1.3,6.2,18791.1,146.8,278.5,928.6,18683.6,0.002,18262.0,8863233837.139,ours_pop_cap_epoch,0.59626
h=0.1/q0=0.4/p=mixed/r=1/sig=0.3,M_sigma,0.1,0.4,-1.0,1.0,0.3,3.0,1.0,bpi2019,autorpa_233k,offline_taxblind,48557786535.574,0.98083,,,,,,,,,,,ours_pop_cap_epoch,0.59626
h=0.1/q0=0.4/p=mixed/r=1/sig=0.3,M_sigma,0.1,0.4,-1.0,1.0,0.3,3.0,1.0,bpi2019,autorpa_233k,offline_opt_tax,48877546448.155,0.987289,,,,,,,,,,,ours_pop_cap_epoch,0.59626
h=0.1/q0=0.4/p=mixed/r=1/sig=0.3,M_sigma,0.1,0.4,-1.0,1.0,0.3,3.0,1.0,bpi2019,native,always_reactive,55345222128.083,1.0,0.0,0.0,0.0,0.0,0.0,0.0,0.0,0.002,0.0,0.0,always_reactive,0.28991
h=0.1/q0=0.4/p=mixed/r=1/sig=0.3,M_sigma,0.1,0.4,-1.0,1.0,0.3,3.0,1.0,bpi2019,native,always_compile_evict,190905128941.006,3.449352,74.8,123.5,81699.6,11785.2,23164.1,77391.6,81653.3,0.011,68649.0,131031785640.714,always_reactive,0.28991
h=0.1/q0=0.4/p=mixed/r=1/sig=0.3,M_sigma,0.1,0.4,-1.0,1.0,0.3,3.0,1.0,bpi2019,native,ours_noinflate,55345222128.083,1.0,0.0,0.0,0.0,0.0,0.0,0.0,0.0,0.002,0.0,0.0,always_reactive,0.28991
h=0.1/q0=0.4/p=mixed/r=1/sig=0.3,M_sigma,0.1,0.4,-1.0,1.0,0.3,3.0,1.0,bpi2019,native,oracle_tax,55345222128.083,1.0,0.0,0.0,0.0,0.0,0.0,0.0,0.0,0.002,0.0,0.0,always_reactive,0.28991
h=0.1/q0=0.4/p=mixed/r=1/sig=0.3,M_sigma,0.1,0.4,-1.0,1.0,0.3,3.0,1.0,bpi2019,native,ours_cap_epoch,55345222128.083,1.0,0.0,0.0,0.0,0.0,0.0,0.0,0.0,0.002,0.0,0.0,always_reactive,0.28991
h=0.1/q0=0.4/p=mixed/r=1/sig=0.3,M_sigma,0.1,0.4,-1.0,1.0,0.3,3.0,1.0,bpi2019,native,ours_cap_realized,55345222128.083,1.0,0.0,0.0,0.0,0.0,0.0,0.0,0.0,0.002,0.0,0.0,always_reactive,0.28991
h=0.1/q0=0.4/p=mixed/r=1/sig=0.3,M_sigma,0.1,0.4,-1.0,1.0,0.3,3.0,1.0,bpi2019,native,ours_pop_prior,55345222128.083,1.0,0.0,0.0,0.0,0.0,0.0,0.0,0.0,0.002,0.0,0.0,always_reactive,0.28991
h=0.1/q0=0.4/p=mixed/r=1/sig=0.3,M_sigma,0.1,0.4,-1.0,1.0,0.3,3.0,1.0,bpi2019,native,ours_pop_prior_s4,55345222128.083,1.0,0.0,0.0,0.0,0.0,0.0,0.0,0.0,0.002,0.0,0.0,always_reactive,0.28991
h=0.1/q0=0.4/p=mixed/r=1/sig=0.3,M_sigma,0.1,0.4,-1.0,1.0,0.3,3.0,1.0,bpi2019,native,ours_pop_cap_epoch,55345222128.083,1.0,0.0,0.0,0.0,0.0,0.0,0.0,0.0,0.002,0.0,0.0,always_reactive,0.28991
h=0.1/q0=0.4/p=mixed/r=1/sig=0.3,M_sigma,0.1,0.4,-1.0,1.0,0.3,3.0,1.0,bpi2019,native,ours_pop_cap_realized,55345222128.083,1.0,0.0,0.0,0.0,0.0,0.0,0.0,0.0,0.002,0.0,0.0,always_reactive,0.28991
h=0.1/q0=0.4/p=mixed/r=1/sig=0.3,M_sigma,0.1,0.4,-1.0,1.0,0.3,3.0,1.0,bpi2019,native,breakeven,64129941013.93,1.158726,2.1,8.5,4777.5,120.2,235.7,788.9,4755.9,0.002,4505.0,8598787954.833,always_reactive,0.28991
h=0.1/q0=0.4/p=mixed/r=1/sig=0.3,M_sigma,0.1,0.4,-1.0,1.0,0.3,3.0,1.0,bpi2019,native,offline_taxblind,54354998249.8,0.982108,,,,,,,,,,,always_reactive,0.28991
h=0.1/q0=0.4/p=mixed/r=1/sig=0.3,M_sigma,0.1,0.4,-1.0,1.0,0.3,3.0,1.0,bpi2019,native,offline_opt_tax,54455431617.662,0.983923,,,,,,,,,,,always_reactive,0.28991
h=0.1/q0=0.4/p=mixed/r=1/sig=0.3,M_sigma,0.1,0.4,-1.0,1.0,0.3,3.0,1.0,sepsis,autorpa_233k,always_reactive,192091479.622,0.998522,0.0,0.0,0.0,0.0,0.0,0.0,0.0,0.002,0.0,0.0,always_reactive,0.884493
h=0.1/q0=0.4/p=mixed/r=1/sig=0.3,M_sigma,0.1,0.4,-1.0,1.0,0.3,3.0,1.0,sepsis,autorpa_233k,always_compile_evict,217176972.839,1.12892,13.0,15.2,72.6,6.2,12.2,42.6,69.1,0.005,47.0,22810863.561,always_reactive,0.884493
h=0.1/q0=0.4/p=mixed/r=1/sig=0.3,M_sigma,0.1,0.4,-1.0,1.0,0.3,3.0,1.0,sepsis,autorpa_233k,ours_noinflate,192375795.567,1.0,1.3,2.9,5.1,1.2,1.8,5.7,3.4,0.003,1.0,485337.523,always_reactive,0.884493
h=0.1/q0=0.4/p=mixed/r=1/sig=0.3,M_sigma,0.1,0.4,-1.0,1.0,0.3,3.0,1.0,sepsis,autorpa_233k,oracle_tax,191330595.975,0.994567,2.0,2.9,4.2,2.2,4.3,13.6,1.3,0.003,0.0,0.0,always_reactive,0.884493
h=0.1/q0=0.4/p=mixed/r=1/sig=0.3,M_sigma,0.1,0.4,-1.0,1.0,0.3,3.0,1.0,sepsis,autorpa_233k,ours_cap_epoch,192375795.567,1.0,1.3,2.9,5.1,1.2,1.8,5.7,3.4,0.003,1.0,485337.523,always_reactive,0.884493
h=0.1/q0=0.4/p=mixed/r=1/sig=0.3,M_sigma,0.1,0.4,-1.0,1.0,0.3,3.0,1.0,sepsis,autorpa_233k,ours_cap_realized,192375795.567,1.0,1.3,2.9,5.1,1.2,1.8,5.7,3.4,0.003,1.0,485337.523,always_reactive,0.884493
h=0.1/q0=0.4/p=mixed/r=1/sig=0.3,M_sigma,0.1,0.4,-1.0,1.0,0.3,3.0,1.0,sepsis,autorpa_233k,ours_pop_prior,193077165.568,1.003646,2.5,3.2,7.3,1.2,2.2,6.4,5.5,0.003,2.0,970675.045,always_reactive,0.884493
h=0.1/q0=0.4/p=mixed/r=1/sig=0.3,M_sigma,0.1,0.4,-1.0,1.0,0.3,3.0,1.0,sepsis,autorpa_233k,ours_pop_prior_s4,193030169.913,1.003402,1.8,2.5,6.4,1.1,1.8,5.8,4.7,0.002,2.5,1213343.806,always_reactive,0.884493
h=0.1/q0=0.4/p=mixed/r=1/sig=0.3,M_sigma,0.1,0.4,-1.0,1.0,0.3,3.0,1.0,sepsis,autorpa_233k,ours_pop_cap_epoch,193077165.568,1.003646,2.5,3.2,7.3,1.2,2.2,6.4,5.5,0.003,2.0,970675.045,always_reactive,0.884493
h=0.1/q0=0.4/p=mixed/r=1/sig=0.3,M_sigma,0.1,0.4,-1.0,1.0,0.3,3.0,1.0,sepsis,autorpa_233k,ours_pop_cap_realized,193077165.568,1.003646,2.5,3.2,7.3,1.2,2.2,6.4,5.5,0.003,2.0,970675.045,always_reactive,0.884493
h=0.1/q0=0.4/p=mixed/r=1/sig=0.3,M_sigma,0.1,0.4,-1.0,1.0,0.3,3.0,1.0,sepsis,autorpa_233k,breakeven,194376254.051,1.010399,0.9,2.2,8.0,1.6,2.5,8.5,6.5,0.002,5.0,2426687.613,always_reactive,0.884493
h=0.1/q0=0.4/p=mixed/r=1/sig=0.3,M_sigma,0.1,0.4,-1.0,1.0,0.3,3.0,1.0,sepsis,autorpa_233k,offline_taxblind,190687176.342,0.991222,,,,,,,,,,,always_reactive,0.884493
h=0.1/q0=0.4/p=mixed/r=1/sig=0.3,M_sigma,0.1,0.4,-1.0,1.0,0.3,3.0,1.0,sepsis,autorpa_233k,offline_opt_tax,191181218.662,0.99379,,,,,,,,,,,always_reactive,0.884493
h=0.1/q0=0.4/p=mixed/r=1/sig=0.3,M_sigma,0.1,0.4,-1.0,1.0,0.3,3.0,1.0,sepsis,native,always_reactive,192091479.622,1.0,0.0,0.0,0.0,0.0,0.0,0.0,0.0,0.002,0.0,0.0,always_reactive,0.636868
h=0.1/q0=0.4/p=mixed/r=1/sig=0.3,M_sigma,0.1,0.4,-1.0,1.0,0.3,3.0,1.0,sepsis,native,always_compile_evict,301619023.158,1.570184,16.5,17.3,72.6,6.2,12.2,42.6,72.6,0.004,47.0,89709885.433,always_reactive,0.636868
h=0.1/q0=0.4/p=mixed/r=1/sig=0.3,M_sigma,0.1,0.4,-1.0,1.0,0.3,3.0,1.0,sepsis,native,ours_noinflate,192091479.622,1.0,0.0,0.0,0.0,0.0,0.0,0.0,0.0,0.002,0.0,0.0,always_reactive,0.636868
h=0.1/q0=0.4/p=mixed/r=1/sig=0.3,M_sigma,0.1,0.4,-1.0,1.0,0.3,3.0,1.0,sepsis,native,oracle_tax,192091479.622,1.0,0.0,0.0,0.0,0.0,0.0,0.0,0.0,0.002,0.0,0.0,always_reactive,0.636868
h=0.1/q0=0.4/p=mixed/r=1/sig=0.3,M_sigma,0.1,0.4,-1.0,1.0,0.3,3.0,1.0,sepsis,native,ours_cap_epoch,192091479.622,1.0,0.0,0.0,0.0,0.0,0.0,0.0,0.0,0.002,0.0,0.0,always_reactive,0.636868
h=0.1/q0=0.4/p=mixed/r=1/sig=0.3,M_sigma,0.1,0.4,-1.0,1.0,0.3,3.0,1.0,sepsis,native,ours_cap_realized,192091479.622,1.0,0.0,0.0,0.0,0.0,0.0,0.0,0.0,0.002,0.0,0.0,always_reactive,0.636868
h=0.1/q0=0.4/p=mixed/r=1/sig=0.3,M_sigma,0.1,0.4,-1.0,1.0,0.3,3.0,1.0,sepsis,native,ours_pop_prior,192091479.622,1.0,0.0,0.0,0.0,0.0,0.0,0.0,0.0,0.002,0.0,0.0,always_reactive,0.636868
h=0.1/q0=0.4/p=mixed/r=1/sig=0.3,M_sigma,0.1,0.4,-1.0,1.0,0.3,3.0,1.0,sepsis,native,ours_pop_prior_s4,192091479.622,1.0,0.0,0.0,0.0,0.0,0.0,0.0,0.0,0.002,0.0,0.0,always_reactive,0.636868
h=0.1/q0=0.4/p=mixed/r=1/sig=0.3,M_sigma,0.1,0.4,-1.0,1.0,0.3,3.0,1.0,sepsis,native,ours_pop_cap_epoch,192091479.622,1.0,0.0,0.0,0.0,0.0,0.0,0.0,0.0,0.002,0.0,0.0,always_reactive,0.636868
h=0.1/q0=0.4/p=mixed/r=1/sig=0.3,M_sigma,0.1,0.4,-1.0,1.0,0.3,3.0,1.0,sepsis,native,ours_pop_cap_realized,192091479.622,1.0,0.0,0.0,0.0,0.0,0.0,0.0,0.0,0.002,0.0,0.0,always_reactive,0.636868
h=0.1/q0=0.4/p=mixed/r=1/sig=0.3,M_sigma,0.1,0.4,-1.0,1.0,0.3,3.0,1.0,sepsis,native,breakeven,192091479.622,1.0,0.0,0.0,0.0,0.0,0.0,0.0,0.0,0.002,0.0,0.0,always_reactive,0.636868
h=0.1/q0=0.4/p=mixed/r=1/sig=0.3,M_sigma,0.1,0.4,-1.0,1.0,0.3,3.0,1.0,sepsis,native,offline_taxblind,192091479.622,1.0,,,,,,,,,,,always_reactive,0.636868
h=0.1/q0=0.4/p=mixed/r=1/sig=0.3,M_sigma,0.1,0.4,-1.0,1.0,0.3,3.0,1.0,sepsis,native,offline_opt_tax,192091479.622,1.0,,,,,,,,,,,always_reactive,0.636868
h=0.1/q0=0.4/p=mixed/r=1/sig=0.3,M_sigma,0.1,0.4,-1.0,1.0,0.3,3.0,1.0,wiki_A,autorpa_233k,always_reactive,10476085685.358,1.117582,0.0,0.0,0.0,0.0,0.0,0.0,0.0,0.002,0.0,0.0,ours_pop_cap_epoch,0.408032
h=0.1/q0=0.4/p=mixed/r=1/sig=0.3,M_sigma,0.1,0.4,-1.0,1.0,0.3,3.0,1.0,wiki_A,autorpa_233k,always_compile_evict,22816097513.565,2.434006,7.4,30.4,30492.0,2456.1,4730.6,15965.3,30064.6,0.004,27809.0,13496751165.092,ours_pop_cap_epoch,0.408032
h=0.1/q0=0.4/p=mixed/r=1/sig=0.3,M_sigma,0.1,0.4,-1.0,1.0,0.3,3.0,1.0,wiki_A,autorpa_233k,ours_noinflate,9373887732.166,1.0,4.7,18.2,1799.6,1707.8,3271.0,11058.6,1463.1,0.006,20.0,9706750.451,ours_pop_cap_epoch,0.408032
h=0.1/q0=0.4/p=mixed/r=1/sig=0.3,M_sigma,0.1,0.4,-1.0,1.0,0.3,3.0,1.0,wiki_A,autorpa_233k,oracle_tax,10453502041.51,1.115173,3.8,4.4,51.7,47.9,92.9,309.4,23.8,0.002,0.0,0.0,ours_pop_cap_epoch,0.408032
h=0.1/q0=0.4/p=mixed/r=1/sig=0.3,M_sigma,0.1,0.4,-1.0,1.0,0.3,3.0,1.0,wiki_A,autorpa_233k,ours_cap_epoch,9373887732.166,1.0,4.7,18.2,1799.6,1707.8,3271.0,11058.6,1463.1,0.006,20.0,9706750.451,ours_pop_cap_epoch,0.408032
h=0.1/q0=0.4/p=mixed/r=1/sig=0.3,M_sigma,0.1,0.4,-1.0,1.0,0.3,3.0,1.0,wiki_A,autorpa_233k,ours_cap_realized,9373887732.166,1.0,4.7,18.2,1799.6,1707.8,3271.0,11058.6,1463.1,0.006,20.0,9706750.451,ours_pop_cap_epoch,0.408032
h=0.1/q0=0.4/p=mixed/r=1/sig=0.3,M_sigma,0.1,0.4,-1.0,1.0,0.3,3.0,1.0,wiki_A,autorpa_233k,ours_pop_prior,9321459444.405,0.994407,6.3,23.1,2300.2,2083.6,4026.6,13571.0,1897.3,0.007,80.0,38827001.805,ours_pop_cap_epoch,0.408032
h=0.1/q0=0.4/p=mixed/r=1/sig=0.3,M_sigma,0.1,0.4,-1.0,1.0,0.3,3.0,1.0,wiki_A,autorpa_233k,ours_pop_prior_s4,9340359373.09,0.996423,6.4,23.0,2329.9,2076.3,4012.5,13525.0,1931.3,0.007,117.1,56833023.893,ours_pop_cap_epoch,0.408032
h=0.1/q0=0.4/p=mixed/r=1/sig=0.3,M_sigma,0.1,0.4,-1.0,1.0,0.3,3.0,1.0,wiki_A,autorpa_233k,ours_pop_cap_epoch,9309692417.631,0.993152,6.2,23.1,2284.2,2090.7,4039.6,13614.9,1880.6,0.007,57.0,27664238.786,ours_pop_cap_epoch,0.408032
h=0.1/q0=0.4/p=mixed/r=1/sig=0.3,M_sigma,0.1,0.4,-1.0,1.0,0.3,3.0,1.0,wiki_A,autorpa_233k,ours_pop_cap_realized,9309692417.631,0.993152,6.2,23.1,2284.2,2090.7,4039.6,13614.9,1880.6,0.007,57.0,27664238.786,ours_pop_cap_epoch,0.408032
h=0.1/q0=0.4/p=mixed/r=1/sig=0.3,M_sigma,0.1,0.4,-1.0,1.0,0.3,3.0,1.0,wiki_A,autorpa_233k,breakeven,11472016256.517,1.223827,0.0,5.8,4453.4,1064.5,2033.1,6890.9,4189.1,0.003,3309.0,1605981862.178,ours_pop_cap_epoch,0.408032
h=0.1/q0=0.4/p=mixed/r=1/sig=0.3,M_sigma,0.1,0.4,-1.0,1.0,0.3,3.0,1.0,wiki_A,autorpa_233k,offline_taxblind,9222103281.92,0.983808,,,,,,,,,,,ours_pop_cap_epoch,0.408032
h=0.1/q0=0.4/p=mixed/r=1/sig=0.3,M_sigma,0.1,0.4,-1.0,1.0,0.3,3.0,1.0,wiki_A,autorpa_233k,offline_opt_tax,9253463714.559,0.987153,,,,,,,,,,,ours_pop_cap_epoch,0.408032
h=0.1/q0=0.4/p=mixed/r=1/sig=0.3,M_sigma,0.1,0.4,-1.0,1.0,0.3,3.0,1.0,wiki_A,native,always_reactive,10476085685.358,1.0,0.0,0.0,0.0,0.0,0.0,0.0,0.0,0.002,0.0,0.0,always_reactive,0.162906
h=0.1/q0=0.4/p=mixed/r=1/sig=0.3,M_sigma,0.1,0.4,-1.0,1.0,0.3,3.0,1.0,wiki_A,native,always_compile_evict,64307477276.677,6.138502,23.4,60.7,30492.0,2456.1,4730.6,15965.3,30352.8,0.002,27809.0,53079621362.042,always_reactive,0.162906
h=0.1/q0=0.4/p=mixed/r=1/sig=0.3,M_sigma,0.1,0.4,-1.0,1.0,0.3,3.0,1.0,wiki_A,native,ours_noinflate,10476085685.358,1.0,0.0,0.0,0.0,0.0,0.0,0.0,0.0,0.002,0.0,0.0,always_reactive,0.162906
h=0.1/q0=0.4/p=mixed/r=1/sig=0.3,M_sigma,0.1,0.4,-1.0,1.0,0.3,3.0,1.0,wiki_A,native,oracle_tax,10476085685.358,1.0,0.0,0.0,0.0,0.0,0.0,0.0,0.0,0.002,0.0,0.0,always_reactive,0.162906
h=0.1/q0=0.4/p=mixed/r=1/sig=0.3,M_sigma,0.1,0.4,-1.0,1.0,0.3,3.0,1.0,wiki_A,native,ours_cap_epoch,10476085685.358,1.0,0.0,0.0,0.0,0.0,0.0,0.0,0.0,0.002,0.0,0.0,always_reactive,0.162906
h=0.1/q0=0.4/p=mixed/r=1/sig=0.3,M_sigma,0.1,0.4,-1.0,1.0,0.3,3.0,1.0,wiki_A,native,ours_cap_realized,10476085685.358,1.0,0.0,0.0,0.0,0.0,0.0,0.0,0.0,0.002,0.0,0.0,always_reactive,0.162906
h=0.1/q0=0.4/p=mixed/r=1/sig=0.3,M_sigma,0.1,0.4,-1.0,1.0,0.3,3.0,1.0,wiki_A,native,ours_pop_prior,10476085685.358,1.0,0.0,0.0,0.0,0.0,0.0,0.0,0.0,0.002,0.0,0.0,always_reactive,0.162906
h=0.1/q0=0.4/p=mixed/r=1/sig=0.3,M_sigma,0.1,0.4,-1.0,1.0,0.3,3.0,1.0,wiki_A,native,ours_pop_prior_s4,10476085685.358,1.0,0.0,0.0,0.0,0.0,0.0,0.0,0.0,0.002,0.0,0.0,always_reactive,0.162906
h=0.1/q0=0.4/p=mixed/r=1/sig=0.3,M_sigma,0.1,0.4,-1.0,1.0,0.3,3.0,1.0,wiki_A,native,ours_pop_cap_epoch,10476085685.358,1.0,0.0,0.0,0.0,0.0,0.0,0.0,0.0,0.002,0.0,0.0,always_reactive,0.162906
h=0.1/q0=0.4/p=mixed/r=1/sig=0.3,M_sigma,0.1,0.4,-1.0,1.0,0.3,3.0,1.0,wiki_A,native,ours_pop_cap_realized,10476085685.358,1.0,0.0,0.0,0.0,0.0,0.0,0.0,0.0,0.002,0.0,0.0,always_reactive,0.162906
h=0.1/q0=0.4/p=mixed/r=1/sig=0.3,M_sigma,0.1,0.4,-1.0,1.0,0.3,3.0,1.0,wiki_A,native,breakeven,12134161608.964,1.158272,0.3,6.1,1533.0,678.3,1309.7,4408.8,1437.9,0.003,823.0,1570877355.567,always_reactive,0.162906
h=0.1/q0=0.4/p=mixed/r=1/sig=0.3,M_sigma,0.1,0.4,-1.0,1.0,0.3,3.0,1.0,wiki_A,native,offline_taxblind,10413832325.255,0.994058,,,,,,,,,,,always_reactive,0.162906
h=0.1/q0=0.4/p=mixed/r=1/sig=0.3,M_sigma,0.1,0.4,-1.0,1.0,0.3,3.0,1.0,wiki_A,native,offline_opt_tax,10422896269.929,0.994923,,,,,,,,,,,always_reactive,0.162906
h=0.1/q0=0.4/p=mixed/r=1/sig=0.3,M_sigma,0.1,0.4,-1.0,1.0,0.3,3.0,1.0,wiki_B,autorpa_233k,always_reactive,18276078036.516,1.007158,0.0,0.0,0.0,0.0,0.0,0.0,0.0,0.002,0.0,0.0,ours_noinflate,0.847151
h=0.1/q0=0.4/p=mixed/r=1/sig=0.3,M_sigma,0.1,0.4,-1.0,1.0,0.3,3.0,1.0,wiki_B,autorpa_233k,always_compile_evict,21420262983.569,1.180428,43.6,62.4,9194.6,1545.6,2962.2,9919.1,8920.3,0.017,6512.0,3160517946.964,ours_noinflate,0.847151
h=0.1/q0=0.4/p=mixed/r=1/sig=0.3,M_sigma,0.1,0.4,-1.0,1.0,0.3,3.0,1.0,wiki_B,autorpa_233k,ours_noinflate,18146187435.235,1.0,16.8,30.3,1116.3,606.5,1189.9,3954.1,946.2,0.01,191.0,92699466.811,ours_noinflate,0.847151
h=0.1/q0=0.4/p=mixed/r=1/sig=0.3,M_sigma,0.1,0.4,-1.0,1.0,0.3,3.0,1.0,wiki_B,autorpa_233k,oracle_tax,18248433909.759,1.005635,8.2,10.3,55.6,47.4,92.0,311.2,21.0,0.002,0.0,0.0,ours_noinflate,0.847151
h=0.1/q0=0.4/p=mixed/r=1/sig=0.3,M_sigma,0.1,0.4,-1.0,1.0,0.3,3.0,1.0,wiki_B,autorpa_233k,ours_cap_epoch,18146187435.235,1.0,16.8,30.3,1116.3,606.5,1189.9,3954.1,946.2,0.01,191.0,92699466.811,ours_noinflate,0.847151
h=0.1/q0=0.4/p=mixed/r=1/sig=0.3,M_sigma,0.1,0.4,-1.0,1.0,0.3,3.0,1.0,wiki_B,autorpa_233k,ours_cap_realized,18146187435.235,1.0,16.8,30.3,1116.3,606.5,1189.9,3954.1,946.2,0.01,191.0,92699466.811,ours_noinflate,0.847151
h=0.1/q0=0.4/p=mixed/r=1/sig=0.3,M_sigma,0.1,0.4,-1.0,1.0,0.3,3.0,1.0,wiki_B,autorpa_233k,ours_pop_prior,18255077681.598,1.006001,25.3,37.6,1782.7,863.1,1676.7,5606.5,1568.2,0.012,431.9,209617275.997,ours_noinflate,0.847151
h=0.1/q0=0.4/p=mixed/r=1/sig=0.3,M_sigma,0.1,0.4,-1.0,1.0,0.3,3.0,1.0,wiki_B,autorpa_233k,ours_pop_prior_s4,18322277855.814,1.009704,22.5,34.3,1721.9,739.7,1434.0,4785.3,1526.5,0.011,540.7,262421998.453,ours_noinflate,0.847151
h=0.1/q0=0.4/p=mixed/r=1/sig=0.3,M_sigma,0.1,0.4,-1.0,1.0,0.3,3.0,1.0,wiki_B,autorpa_233k,ours_pop_cap_epoch,18233351193.852,1.004803,25.4,37.5,1749.9,870.9,1690.7,5652.8,1533.8,0.012,385.0,186854946.189,ours_noinflate,0.847151
h=0.1/q0=0.4/p=mixed/r=1/sig=0.3,M_sigma,0.1,0.4,-1.0,1.0,0.3,3.0,1.0,wiki_B,autorpa_233k,ours_pop_cap_realized,18233351193.852,1.004803,25.4,37.5,1749.9,870.9,1690.7,5652.8,1533.8,0.012,385.0,186854946.189,ours_noinflate,0.847151
h=0.1/q0=0.4/p=mixed/r=1/sig=0.3,M_sigma,0.1,0.4,-1.0,1.0,0.3,3.0,1.0,wiki_B,autorpa_233k,breakeven,18790257796.216,1.035493,1.6,7.3,1422.8,118.4,230.3,784.2,1343.1,0.003,1052.0,510575073.742,ours_noinflate,0.847151
h=0.1/q0=0.4/p=mixed/r=1/sig=0.3,M_sigma,0.1,0.4,-1.0,1.0,0.3,3.0,1.0,wiki_B,autorpa_233k,offline_taxblind,17709395940.703,0.975929,,,,,,,,,,,ours_noinflate,0.847151
h=0.1/q0=0.4/p=mixed/r=1/sig=0.3,M_sigma,0.1,0.4,-1.0,1.0,0.3,3.0,1.0,wiki_B,autorpa_233k,offline_opt_tax,17823330269.835,0.982208,,,,,,,,,,,ours_noinflate,0.847151
h=0.1/q0=0.4/p=mixed/r=1/sig=0.3,M_sigma,0.1,0.4,-1.0,1.0,0.3,3.0,1.0,wiki_B,native,always_reactive,18276078036.516,1.0,0.0,0.0,0.0,0.0,0.0,0.0,0.0,0.002,0.0,0.0,always_reactive,0.552546
h=0.1/q0=0.4/p=mixed/r=1/sig=0.3,M_sigma,0.1,0.4,-1.0,1.0,0.3,3.0,1.0,wiki_B,native,always_compile_evict,33076132094.415,1.809805,126.3,138.7,9194.6,1545.6,2962.2,9919.1,9151.5,0.028,6512.0,12429590934.933,always_reactive,0.552546
h=0.1/q0=0.4/p=mixed/r=1/sig=0.3,M_sigma,0.1,0.4,-1.0,1.0,0.3,3.0,1.0,wiki_B,native,ours_noinflate,18276078036.516,1.0,0.0,0.0,0.0,0.0,0.0,0.0,0.0,0.002,0.0,0.0,always_reactive,0.552546
h=0.1/q0=0.4/p=mixed/r=1/sig=0.3,M_sigma,0.1,0.4,-1.0,1.0,0.3,3.0,1.0,wiki_B,native,oracle_tax,18276078036.516,1.0,0.0,0.0,0.0,0.0,0.0,0.0,0.0,0.002,0.0,0.0,always_reactive,0.552546
h=0.1/q0=0.4/p=mixed/r=1/sig=0.3,M_sigma,0.1,0.4,-1.0,1.0,0.3,3.0,1.0,wiki_B,native,ours_cap_epoch,18276078036.516,1.0,0.0,0.0,0.0,0.0,0.0,0.0,0.0,0.002,0.0,0.0,always_reactive,0.552546
h=0.1/q0=0.4/p=mixed/r=1/sig=0.3,M_sigma,0.1,0.4,-1.0,1.0,0.3,3.0,1.0,wiki_B,native,ours_cap_realized,18276078036.516,1.0,0.0,0.0,0.0,0.0,0.0,0.0,0.0,0.002,0.0,0.0,always_reactive,0.552546
h=0.1/q0=0.4/p=mixed/r=1/sig=0.3,M_sigma,0.1,0.4,-1.0,1.0,0.3,3.0,1.0,wiki_B,native,ours_pop_prior,18276078036.516,1.0,0.0,0.0,0.0,0.0,0.0,0.0,0.0,0.002,0.0,0.0,always_reactive,0.552546
h=0.1/q0=0.4/p=mixed/r=1/sig=0.3,M_sigma,0.1,0.4,-1.0,1.0,0.3,3.0,1.0,wiki_B,native,ours_pop_prior_s4,18276078036.516,1.0,0.0,0.0,0.0,0.0,0.0,0.0,0.0,0.002,0.0,0.0,always_reactive,0.552546
h=0.1/q0=0.4/p=mixed/r=1/sig=0.3,M_sigma,0.1,0.4,-1.0,1.0,0.3,3.0,1.0,wiki_B,native,ours_pop_cap_epoch,18276078036.516,1.0,0.0,0.0,0.0,0.0,0.0,0.0,0.0,0.002,0.0,0.0,always_reactive,0.552546
h=0.1/q0=0.4/p=mixed/r=1/sig=0.3,M_sigma,0.1,0.4,-1.0,1.0,0.3,3.0,1.0,wiki_B,native,ours_pop_cap_realized,18276078036.516,1.0,0.0,0.0,0.0,0.0,0.0,0.0,0.0,0.002,0.0,0.0,always_reactive,0.552546
h=0.1/q0=0.4/p=mixed/r=1/sig=0.3,M_sigma,0.1,0.4,-1.0,1.0,0.3,3.0,1.0,wiki_B,native,breakeven,18673235147.933,1.021731,1.0,5.1,312.2,80.5,159.2,543.4,294.2,0.003,172.0,328300006.267,always_reactive,0.552546
h=0.1/q0=0.4/p=mixed/r=1/sig=0.3,M_sigma,0.1,0.4,-1.0,1.0,0.3,3.0,1.0,wiki_B,native,offline_taxblind,18235259414.066,0.997767,,,,,,,,,,,always_reactive,0.552546
h=0.1/q0=0.4/p=mixed/r=1/sig=0.3,M_sigma,0.1,0.4,-1.0,1.0,0.3,3.0,1.0,wiki_B,native,offline_opt_tax,18255558298.785,0.998877,,,,,,,,,,,always_reactive,0.552546
h=0.1/q0=0.4/p=mixed/r=1/sig=0,M_core,0.1,0.4,-1.0,1.0,0.0,1.0,1.0,bpi2019,autorpa_233k,always_reactive,55345222128.083,1.347812,0.0,0.0,0.0,0.0,0.0,0.0,0.0,0.002,0.0,0.0,ours_cap_epoch,0.55278
h=0.1/q0=0.4/p=mixed/r=1/sig=0,M_core,0.1,0.4,-1.0,1.0,0.0,1.0,1.0,bpi2019,autorpa_233k,always_compile_evict,74228314568.029,1.807668,30.1,53.1,86711.6,16838.8,0.0,77391.6,85547.4,0.01,68649.0,33317935586.772,ours_cap_epoch,0.55278
h=0.1/q0=0.4/p=mixed/r=1/sig=0,M_core,0.1,0.4,-1.0,1.0,0.0,1.0,1.0,bpi2019,autorpa_233k,ours_noinflate,41063021654.55,1.0,21.0,42.6,15242.5,13775.2,0.0,63317.7,14287.0,0.016,772.0,374680567.423,ours_cap_epoch,0.55278
h=0.1/q0=0.4/p=mixed/r=1/sig=0,M_core,0.1,0.4,-1.0,1.0,0.0,1.0,1.0,bpi2019,autorpa_233k,oracle_tax,54730779291.638,1.332848,26.2,31.9,548.1,521.9,0.0,2415.6,316.4,0.002,0.0,0.0,ours_cap_epoch,0.55278
h=0.1/q0=0.4/p=mixed/r=1/sig=0,M_core,0.1,0.4,-1.0,1.0,0.0,1.0,1.0,bpi2019,autorpa_233k,ours_cap_epoch,41031960053.106,0.999244,21.0,42.6,15178.5,13775.2,0.0,63317.7,14223.0,0.016,708.0,343618965.978,ours_cap_epoch,0.55278
h=0.1/q0=0.4/p=mixed/r=1/sig=0,M_core,0.1,0.4,-1.0,1.0,0.0,1.0,1.0,bpi2019,autorpa_233k,ours_cap_realized,41031960053.106,0.999244,21.0,42.6,15178.5,13775.2,0.0,63317.7,14223.0,0.016,708.0,343618965.978,ours_cap_epoch,0.55278
h=0.1/q0=0.4/p=mixed/r=1/sig=0,M_core,0.1,0.4,-1.0,1.0,0.0,1.0,1.0,bpi2019,autorpa_233k,ours_pop_prior,41409865358.708,1.008447,21.9,43.6,16356.4,13921.9,0.0,64007.4,15282.5,0.016,1558.5,756398528.922,ours_cap_epoch,0.55278
h=0.1/q0=0.4/p=mixed/r=1/sig=0,M_core,0.1,0.4,-1.0,1.0,0.0,1.0,1.0,bpi2019,autorpa_233k,ours_pop_prior_s4,41747796087.591,1.016676,22.0,43.5,17037.9,13917.1,0.0,63979.8,15969.5,0.016,2248.9,1091475554.504,ours_cap_epoch,0.55278
h=0.1/q0=0.4/p=mixed/r=1/sig=0,M_core,0.1,0.4,-1.0,1.0,0.0,1.0,1.0,bpi2019,autorpa_233k,ours_pop_cap_epoch,41094321981.021,1.000762,22.3,43.8,15730.4,13930.0,0.0,64039.8,14650.5,0.016,913.0,443113158.105,ours_cap_epoch,0.55278
h=0.1/q0=0.4/p=mixed/r=1/sig=0,M_core,0.1,0.4,-1.0,1.0,0.0,1.0,1.0,bpi2019,autorpa_233k,ours_pop_cap_realized,41094321981.021,1.000762,22.3,43.8,15730.4,13930.0,0.0,64039.8,14650.5,0.016,913.0,443113158.105,ours_cap_epoch,0.55278
h=0.1/q0=0.4/p=mixed/r=1/sig=0,M_core,0.1,0.4,-1.0,1.0,0.0,1.0,1.0,bpi2019,autorpa_233k,breakeven,73682656611.277,1.79438,0.6,9.1,38743.0,244.3,0.0,1121.4,38494.3,0.002,37897.0,18392836092.761,ours_cap_epoch,0.55278
h=0.1/q0=0.4/p=mixed/r=1/sig=0,M_core,0.1,0.4,-1.0,1.0,0.0,1.0,1.0,bpi2019,autorpa_233k,offline_taxblind,39794886742.761,0.969117,,,,,,,,,,,ours_cap_epoch,0.55278
h=0.1/q0=0.4/p=mixed/r=1/sig=0,M_core,0.1,0.4,-1.0,1.0,0.0,1.0,1.0,bpi2019,autorpa_233k,offline_opt_tax,40185238369.601,0.978624,,,,,,,,,,,ours_cap_epoch,0.55278
h=0.1/q0=0.4/p=mixed/r=1/sig=0,M_core,0.1,0.4,-1.0,1.0,0.0,1.0,1.0,bpi2019,native,always_reactive,55345222128.083,1.0,0.0,0.0,0.0,0.0,0.0,0.0,0.0,0.002,0.0,0.0,always_reactive,0.298332
h=0.1/q0=0.4/p=mixed/r=1/sig=0,M_core,0.1,0.4,-1.0,1.0,0.0,1.0,1.0,bpi2019,native,always_compile_evict,185515287564.502,3.351966,71.6,119.0,86711.6,16838.8,0.0,77391.6,86522.1,0.011,68649.0,131031785640.714,always_reactive,0.298332
h=0.1/q0=0.4/p=mixed/r=1/sig=0,M_core,0.1,0.4,-1.0,1.0,0.0,1.0,1.0,bpi2019,native,ours_noinflate,55345222128.083,1.0,0.0,0.0,0.0,0.0,0.0,0.0,0.0,0.002,0.0,0.0,always_reactive,0.298332
h=0.1/q0=0.4/p=mixed/r=1/sig=0,M_core,0.1,0.4,-1.0,1.0,0.0,1.0,1.0,bpi2019,native,oracle_tax,55231684621.711,0.997949,8.3,14.5,206.2,197.9,0.0,927.5,121.6,0.002,0.0,0.0,always_reactive,0.298332
h=0.1/q0=0.4/p=mixed/r=1/sig=0,M_core,0.1,0.4,-1.0,1.0,0.0,1.0,1.0,bpi2019,native,ours_cap_epoch,55345222128.083,1.0,0.0,0.0,0.0,0.0,0.0,0.0,0.0,0.002,0.0,0.0,always_reactive,0.298332
h=0.1/q0=0.4/p=mixed/r=1/sig=0,M_core,0.1,0.4,-1.0,1.0,0.0,1.0,1.0,bpi2019,native,ours_cap_realized,55345222128.083,1.0,0.0,0.0,0.0,0.0,0.0,0.0,0.0,0.002,0.0,0.0,always_reactive,0.298332
h=0.1/q0=0.4/p=mixed/r=1/sig=0,M_core,0.1,0.4,-1.0,1.0,0.0,1.0,1.0,bpi2019,native,ours_pop_prior,55345222128.083,1.0,0.0,0.0,0.0,0.0,0.0,0.0,0.0,0.002,0.0,0.0,always_reactive,0.298332
h=0.1/q0=0.4/p=mixed/r=1/sig=0,M_core,0.1,0.4,-1.0,1.0,0.0,1.0,1.0,bpi2019,native,ours_pop_prior_s4,55345222128.083,1.0,0.0,0.0,0.0,0.0,0.0,0.0,0.0,0.002,0.0,0.0,always_reactive,0.298332
h=0.1/q0=0.4/p=mixed/r=1/sig=0,M_core,0.1,0.4,-1.0,1.0,0.0,1.0,1.0,bpi2019,native,ours_pop_cap_epoch,55345222128.083,1.0,0.0,0.0,0.0,0.0,0.0,0.0,0.0,0.002,0.0,0.0,always_reactive,0.298332
h=0.1/q0=0.4/p=mixed/r=1/sig=0,M_core,0.1,0.4,-1.0,1.0,0.0,1.0,1.0,bpi2019,native,ours_pop_cap_realized,55345222128.083,1.0,0.0,0.0,0.0,0.0,0.0,0.0,0.0,0.002,0.0,0.0,always_reactive,0.298332
h=0.1/q0=0.4/p=mixed/r=1/sig=0,M_core,0.1,0.4,-1.0,1.0,0.0,1.0,1.0,bpi2019,native,breakeven,73518036790.398,1.328354,0.3,8.4,9865.8,223.6,0.0,1033.8,9803.2,0.002,9404.0,17949611970.533,always_reactive,0.298332
h=0.1/q0=0.4/p=mixed/r=1/sig=0,M_core,0.1,0.4,-1.0,1.0,0.0,1.0,1.0,bpi2019,native,offline_taxblind,49008096936.503,0.885498,,,,,,,,,,,always_reactive,0.298332
h=0.1/q0=0.4/p=mixed/r=1/sig=0,M_core,0.1,0.4,-1.0,1.0,0.0,1.0,1.0,bpi2019,native,offline_opt_tax,49363888494.087,0.891927,,,,,,,,,,,always_reactive,0.298332
h=0.1/q0=0.4/p=mixed/r=1/sig=0,M_core,0.1,0.4,-1.0,1.0,0.0,1.0,1.0,sepsis,autorpa_233k,always_reactive,192091479.622,0.999606,0.0,0.0,0.0,0.0,0.0,0.0,0.0,0.002,0.0,0.0,ours_cap_epoch,0.898795
h=0.1/q0=0.4/p=mixed/r=1/sig=0,M_core,0.1,0.4,-1.0,1.0,0.0,1.0,1.0,sepsis,autorpa_233k,always_compile_evict,213265532.595,1.109791,12.3,14.7,74.5,9.1,0.0,42.6,61.9,0.005,47.0,22810863.561,ours_cap_epoch,0.898795
h=0.1/q0=0.4/p=mixed/r=1/sig=0,M_core,0.1,0.4,-1.0,1.0,0.0,1.0,1.0,sepsis,autorpa_233k,ours_noinflate,192167283.887,1.0,5.3,6.6,19.7,5.6,0.0,25.8,11.8,0.004,5.0,2426687.613,ours_cap_epoch,0.898795
h=0.1/q0=0.4/p=mixed/r=1/sig=0,M_core,0.1,0.4,-1.0,1.0,0.0,1.0,1.0,sepsis,autorpa_233k,oracle_tax,188660780.454,0.981753,8.4,9.7,15.7,7.3,0.0,34.5,3.1,0.005,0.0,0.0,ours_cap_epoch,0.898795
h=0.1/q0=0.4/p=mixed/r=1/sig=0,M_core,0.1,0.4,-1.0,1.0,0.0,1.0,1.0,sepsis,autorpa_233k,ours_cap_epoch,191681946.365,0.997474,5.3,6.6,18.7,5.6,0.0,25.8,10.8,0.004,4.0,1941350.09,ours_cap_epoch,0.898795
h=0.1/q0=0.4/p=mixed/r=1/sig=0,M_core,0.1,0.4,-1.0,1.0,0.0,1.0,1.0,sepsis,autorpa_233k,ours_cap_realized,191681946.365,0.997474,5.3,6.6,18.7,5.6,0.0,25.8,10.8,0.004,4.0,1941350.09,ours_cap_epoch,0.898795
h=0.1/q0=0.4/p=mixed/r=1/sig=0,M_core,0.1,0.4,-1.0,1.0,0.0,1.0,1.0,sepsis,autorpa_233k,ours_pop_prior,194357554.613,1.011398,8.2,8.9,22.3,4.9,0.0,22.2,15.0,0.003,7.2,3494430.162,ours_cap_epoch,0.898795
h=0.1/q0=0.4/p=mixed/r=1/sig=0,M_core,0.1,0.4,-1.0,1.0,0.0,1.0,1.0,sepsis,autorpa_233k,ours_pop_prior_s4,195309255.823,1.01635,5.6,6.8,20.3,3.8,0.0,16.5,14.4,0.003,9.1,4416571.455,ours_cap_epoch,0.898795
h=0.1/q0=0.4/p=mixed/r=1/sig=0,M_core,0.1,0.4,-1.0,1.0,0.0,1.0,1.0,sepsis,autorpa_233k,ours_pop_cap_epoch,193510117.552,1.006988,8.7,9.4,21.3,5.1,0.0,22.5,13.6,0.003,5.5,2669356.374,ours_cap_epoch,0.898795
h=0.1/q0=0.4/p=mixed/r=1/sig=0,M_core,0.1,0.4,-1.0,1.0,0.0,1.0,1.0,sepsis,autorpa_233k,ours_pop_cap_realized,193510117.552,1.006988,8.7,9.4,21.3,5.1,0.0,22.5,13.6,0.003,5.5,2669356.374,ours_cap_epoch,0.898795
h=0.1/q0=0.4/p=mixed/r=1/sig=0,M_core,0.1,0.4,-1.0,1.0,0.0,1.0,1.0,sepsis,autorpa_233k,breakeven,197791021.226,1.029265,3.8,5.1,24.3,3.2,0.0,16.1,19.5,0.003,14.0,6794725.316,ours_cap_epoch,0.898795
h=0.1/q0=0.4/p=mixed/r=1/sig=0,M_core,0.1,0.4,-1.0,1.0,0.0,1.0,1.0,sepsis,autorpa_233k,offline_taxblind,184969382.597,0.962544,,,,,,,,,,,ours_cap_epoch,0.898795
h=0.1/q0=0.4/p=mixed/r=1/sig=0,M_core,0.1,0.4,-1.0,1.0,0.0,1.0,1.0,sepsis,autorpa_233k,offline_opt_tax,186564105.707,0.970842,,,,,,,,,,,ours_cap_epoch,0.898795
h=0.1/q0=0.4/p=mixed/r=1/sig=0,M_core,0.1,0.4,-1.0,1.0,0.0,1.0,1.0,sepsis,native,always_reactive,192091479.622,1.0,0.0,0.0,0.0,0.0,0.0,0.0,0.0,0.002,0.0,0.0,always_reactive,0.642431
h=0.1/q0=0.4/p=mixed/r=1/sig=0,M_core,0.1,0.4,-1.0,1.0,0.0,1.0,1.0,sepsis,native,always_compile_evict,299007239.801,1.556588,15.7,16.8,74.5,9.1,0.0,42.6,72.9,0.004,47.0,89709885.433,always_reactive,0.642431
h=0.1/q0=0.4/p=mixed/r=1/sig=0,M_core,0.1,0.4,-1.0,1.0,0.0,1.0,1.0,sepsis,native,ours_noinflate,192091479.622,1.0,0.0,0.0,0.0,0.0,0.0,0.0,0.0,0.002,0.0,0.0,always_reactive,0.642431
h=0.1/q0=0.4/p=mixed/r=1/sig=0,M_core,0.1,0.4,-1.0,1.0,0.0,1.0,1.0,sepsis,native,oracle_tax,192216489.756,1.000651,0.8,1.7,2.5,1.7,0.0,6.6,1.3,0.002,0.0,0.0,always_reactive,0.642431
h=0.1/q0=0.4/p=mixed/r=1/sig=0,M_core,0.1,0.4,-1.0,1.0,0.0,1.0,1.0,sepsis,native,ours_cap_epoch,192091479.622,1.0,0.0,0.0,0.0,0.0,0.0,0.0,0.0,0.002,0.0,0.0,always_reactive,0.642431
h=0.1/q0=0.4/p=mixed/r=1/sig=0,M_core,0.1,0.4,-1.0,1.0,0.0,1.0,1.0,sepsis,native,ours_cap_realized,192091479.622,1.0,0.0,0.0,0.0,0.0,0.0,0.0,0.0,0.002,0.0,0.0,always_reactive,0.642431
h=0.1/q0=0.4/p=mixed/r=1/sig=0,M_core,0.1,0.4,-1.0,1.0,0.0,1.0,1.0,sepsis,native,ours_pop_prior,192091479.622,1.0,0.0,0.0,0.0,0.0,0.0,0.0,0.0,0.002,0.0,0.0,always_reactive,0.642431
h=0.1/q0=0.4/p=mixed/r=1/sig=0,M_core,0.1,0.4,-1.0,1.0,0.0,1.0,1.0,sepsis,native,ours_pop_prior_s4,192091479.622,1.0,0.0,0.0,0.0,0.0,0.0,0.0,0.0,0.002,0.0,0.0,always_reactive,0.642431
h=0.1/q0=0.4/p=mixed/r=1/sig=0,M_core,0.1,0.4,-1.0,1.0,0.0,1.0,1.0,sepsis,native,ours_pop_cap_epoch,192091479.622,1.0,0.0,0.0,0.0,0.0,0.0,0.0,0.0,0.002,0.0,0.0,always_reactive,0.642431
h=0.1/q0=0.4/p=mixed/r=1/sig=0,M_core,0.1,0.4,-1.0,1.0,0.0,1.0,1.0,sepsis,native,ours_pop_cap_realized,192091479.622,1.0,0.0,0.0,0.0,0.0,0.0,0.0,0.0,0.002,0.0,0.0,always_reactive,0.642431
h=0.1/q0=0.4/p=mixed/r=1/sig=0,M_core,0.1,0.4,-1.0,1.0,0.0,1.0,1.0,sepsis,native,breakeven,194000200.589,1.009937,0.0,0.0,1.0,0.0,0.0,0.0,1.0,0.002,1.0,1908720.967,always_reactive,0.642431
h=0.1/q0=0.4/p=mixed/r=1/sig=0,M_core,0.1,0.4,-1.0,1.0,0.0,1.0,1.0,sepsis,native,offline_taxblind,191849049.884,0.998738,,,,,,,,,,,always_reactive,0.642431
h=0.1/q0=0.4/p=mixed/r=1/sig=0,M_core,0.1,0.4,-1.0,1.0,0.0,1.0,1.0,sepsis,native,offline_opt_tax,191902198.654,0.999015,,,,,,,,,,,always_reactive,0.642431
h=0.1/q0=0.4/p=mixed/r=1/sig=0,M_core,0.1,0.4,-1.0,1.0,0.0,1.0,1.0,wiki_A,autorpa_233k,always_reactive,10476085685.358,1.359957,0.0,0.0,0.0,0.0,0.0,0.0,0.0,0.002,0.0,0.0,ours_cap_epoch,0.363646
h=0.1/q0=0.4/p=mixed/r=1/sig=0,M_core,0.1,0.4,-1.0,1.0,0.0,1.0,1.0,wiki_A,autorpa_233k,always_compile_evict,21171344959.045,2.748366,7.1,30.3,31513.5,3484.3,0.0,15965.3,30523.0,0.004,27809.0,13496751165.092,ours_cap_epoch,0.363646
h=0.1/q0=0.4/p=mixed/r=1/sig=0,M_core,0.1,0.4,-1.0,1.0,0.0,1.0,1.0,wiki_A,autorpa_233k,ours_noinflate,7703248982.609,1.0,6.4,24.2,3303.7,3071.1,0.0,14085.4,2357.0,0.009,93.0,45136389.599,ours_cap_epoch,0.363646
h=0.1/q0=0.4/p=mixed/r=1/sig=0,M_core,0.1,0.4,-1.0,1.0,0.0,1.0,1.0,wiki_A,autorpa_233k,oracle_tax,10249901379.826,1.330595,10.7,11.8,296.0,285.3,0.0,1288.0,159.5,0.003,0.0,0.0,ours_cap_epoch,0.363646
h=0.1/q0=0.4/p=mixed/r=1/sig=0,M_core,0.1,0.4,-1.0,1.0,0.0,1.0,1.0,wiki_A,autorpa_233k,ours_cap_epoch,7698880944.906,0.999433,6.4,24.2,3294.7,3071.1,0.0,14085.4,2348.0,0.009,84.0,40768351.896,ours_cap_epoch,0.363646
h=0.1/q0=0.4/p=mixed/r=1/sig=0,M_core,0.1,0.4,-1.0,1.0,0.0,1.0,1.0,wiki_A,autorpa_233k,ours_cap_realized,7698880944.906,0.999433,6.4,24.2,3294.7,3071.1,0.0,14085.4,2348.0,0.009,84.0,40768351.896,ours_cap_epoch,0.363646
h=0.1/q0=0.4/p=mixed/r=1/sig=0,M_core,0.1,0.4,-1.0,1.0,0.0,1.0,1.0,wiki_A,autorpa_233k,ours_pop_prior,7746778701.732,1.005651,7.0,26.0,3473.0,3100.6,0.0,14220.7,2503.1,0.009,201.9,97989645.807,ours_cap_epoch,0.363646
h=0.1/q0=0.4/p=mixed/r=1/sig=0,M_core,0.1,0.4,-1.0,1.0,0.0,1.0,1.0,wiki_A,autorpa_233k,ours_pop_prior_s4,7798000144.131,1.0123,7.1,25.9,3574.2,3099.0,0.0,14212.7,2605.0,0.009,306.3,148658883.163,ours_cap_epoch,0.363646
h=0.1/q0=0.4/p=mixed/r=1/sig=0,M_core,0.1,0.4,-1.0,1.0,0.0,1.0,1.0,wiki_A,autorpa_233k,ours_pop_cap_epoch,7706122425.546,1.000373,6.9,26.3,3393.6,3101.8,0.0,14227.4,2422.9,0.009,121.0,58725840.231,ours_cap_epoch,0.363646
h=0.1/q0=0.4/p=mixed/r=1/sig=0,M_core,0.1,0.4,-1.0,1.0,0.0,1.0,1.0,wiki_A,autorpa_233k,ours_pop_cap_realized,7706122425.546,1.000373,6.9,26.3,3393.6,3101.8,0.0,14227.4,2422.9,0.009,121.0,58725840.231,ours_cap_epoch,0.363646
h=0.1/q0=0.4/p=mixed/r=1/sig=0,M_core,0.1,0.4,-1.0,1.0,0.0,1.0,1.0,wiki_A,autorpa_233k,breakeven,12322870488.828,1.599698,0.0,6.8,8540.8,1589.1,0.0,7236.6,7939.2,0.002,6839.0,3319223316.844,ours_cap_epoch,0.363646
h=0.1/q0=0.4/p=mixed/r=1/sig=0,M_core,0.1,0.4,-1.0,1.0,0.0,1.0,1.0,wiki_A,autorpa_233k,offline_taxblind,7548532692.811,0.979915,,,,,,,,,,,ours_cap_epoch,0.363646
h=0.1/q0=0.4/p=mixed/r=1/sig=0,M_core,0.1,0.4,-1.0,1.0,0.0,1.0,1.0,wiki_A,autorpa_233k,offline_opt_tax,7587413288.836,0.984963,,,,,,,,,,,ours_cap_epoch,0.363646
h=0.1/q0=0.4/p=mixed/r=1/sig=0,M_core,0.1,0.4,-1.0,1.0,0.0,1.0,1.0,wiki_A,native,always_reactive,10476085685.358,1.0,0.0,0.0,0.0,0.0,0.0,0.0,0.0,0.002,0.0,0.0,always_reactive,0.165349
h=0.1/q0=0.4/p=mixed/r=1/sig=0,M_core,0.1,0.4,-1.0,1.0,0.0,1.0,1.0,wiki_A,native,always_compile_evict,63357279568.859,6.047801,22.4,58.8,31513.5,3484.3,0.0,15965.3,31077.0,0.002,27809.0,53079621362.042,always_reactive,0.165349
h=0.1/q0=0.4/p=mixed/r=1/sig=0,M_core,0.1,0.4,-1.0,1.0,0.0,1.0,1.0,wiki_A,native,ours_noinflate,10476085685.358,1.0,0.0,0.0,0.0,0.0,0.0,0.0,0.0,0.002,0.0,0.0,always_reactive,0.165349
h=0.1/q0=0.4/p=mixed/r=1/sig=0,M_core,0.1,0.4,-1.0,1.0,0.0,1.0,1.0,wiki_A,native,oracle_tax,10464675097.228,0.998911,1.9,2.8,30.5,28.6,0.0,119.8,17.9,0.002,0.0,0.0,always_reactive,0.165349
h=0.1/q0=0.4/p=mixed/r=1/sig=0,M_core,0.1,0.4,-1.0,1.0,0.0,1.0,1.0,wiki_A,native,ours_cap_epoch,10476085685.358,1.0,0.0,0.0,0.0,0.0,0.0,0.0,0.0,0.002,0.0,0.0,always_reactive,0.165349
h=0.1/q0=0.4/p=mixed/r=1/sig=0,M_core,0.1,0.4,-1.0,1.0,0.0,1.0,1.0,wiki_A,native,ours_cap_realized,10476085685.358,1.0,0.0,0.0,0.0,0.0,0.0,0.0,0.0,0.002,0.0,0.0,always_reactive,0.165349
h=0.1/q0=0.4/p=mixed/r=1/sig=0,M_core,0.1,0.4,-1.0,1.0,0.0,1.0,1.0,wiki_A,native,ours_pop_prior,10476085685.358,1.0,0.0,0.0,0.0,0.0,0.0,0.0,0.0,0.002,0.0,0.0,always_reactive,0.165349
h=0.1/q0=0.4/p=mixed/r=1/sig=0,M_core,0.1,0.4,-1.0,1.0,0.0,1.0,1.0,wiki_A,native,ours_pop_prior_s4,10476085685.358,1.0,0.0,0.0,0.0,0.0,0.0,0.0,0.0,0.002,0.0,0.0,always_reactive,0.165349
h=0.1/q0=0.4/p=mixed/r=1/sig=0,M_core,0.1,0.4,-1.0,1.0,0.0,1.0,1.0,wiki_A,native,ours_pop_cap_epoch,10476085685.358,1.0,0.0,0.0,0.0,0.0,0.0,0.0,0.0,0.002,0.0,0.0,always_reactive,0.165349
h=0.1/q0=0.4/p=mixed/r=1/sig=0,M_core,0.1,0.4,-1.0,1.0,0.0,1.0,1.0,wiki_A,native,ours_pop_cap_realized,10476085685.358,1.0,0.0,0.0,0.0,0.0,0.0,0.0,0.0,0.002,0.0,0.0,always_reactive,0.165349
h=0.1/q0=0.4/p=mixed/r=1/sig=0,M_core,0.1,0.4,-1.0,1.0,0.0,1.0,1.0,wiki_A,native,breakeven,13485548017.205,1.28727,0.1,5.7,2864.1,1110.1,0.0,5086.8,2596.1,0.002,1711.0,3265821573.967,always_reactive,0.165349
h=0.1/q0=0.4/p=mixed/r=1/sig=0,M_core,0.1,0.4,-1.0,1.0,0.0,1.0,1.0,wiki_A,native,offline_taxblind,9541894738.118,0.910826,,,,,,,,,,,always_reactive,0.165349
h=0.1/q0=0.4/p=mixed/r=1/sig=0,M_core,0.1,0.4,-1.0,1.0,0.0,1.0,1.0,wiki_A,native,offline_opt_tax,9569254090.012,0.913438,,,,,,,,,,,always_reactive,0.165349
h=0.1/q0=0.4/p=mixed/r=1/sig=0,M_core,0.1,0.4,-1.0,1.0,0.0,1.0,1.0,wiki_B,autorpa_233k,always_reactive,18276078036.516,1.037051,0.0,0.0,0.0,0.0,0.0,0.0,0.0,0.002,0.0,0.0,ours_cap_epoch,0.856795
h=0.1/q0=0.4/p=mixed/r=1/sig=0,M_core,0.1,0.4,-1.0,1.0,0.0,1.0,1.0,wiki_B,autorpa_233k,always_compile_evict,20529581977.757,1.164923,41.8,60.6,9809.0,2195.2,0.0,9919.1,9083.5,0.017,6512.0,3160517946.964,ours_cap_epoch,0.856795
h=0.1/q0=0.4/p=mixed/r=1/sig=0,M_core,0.1,0.4,-1.0,1.0,0.0,1.0,1.0,wiki_B,autorpa_233k,ours_noinflate,17623130848.403,1.0,29.9,47.4,3091.8,1719.2,0.0,7793.7,2485.1,0.016,728.0,353325716.43,ours_cap_epoch,0.856795
h=0.1/q0=0.4/p=mixed/r=1/sig=0,M_core,0.1,0.4,-1.0,1.0,0.0,1.0,1.0,wiki_B,autorpa_233k,oracle_tax,18167090653.449,1.030866,32.1,35.7,168.1,136.0,0.0,620.1,71.1,0.003,0.0,0.0,ours_cap_epoch,0.856795
h=0.1/q0=0.4/p=mixed/r=1/sig=0,M_core,0.1,0.4,-1.0,1.0,0.0,1.0,1.0,wiki_B,autorpa_233k,ours_cap_epoch,17589642559.346,0.9981,29.9,47.4,3022.8,1719.2,0.0,7793.7,2416.1,0.016,659.0,319837427.372,ours_cap_epoch,0.856795
h=0.1/q0=0.4/p=mixed/r=1/sig=0,M_core,0.1,0.4,-1.0,1.0,0.0,1.0,1.0,wiki_B,autorpa_233k,ours_cap_realized,17589642559.346,0.9981,29.9,47.4,3022.8,1719.2,0.0,7793.7,2416.1,0.016,659.0,319837427.372,ours_cap_epoch,0.856795
h=0.1/q0=0.4/p=mixed/r=1/sig=0,M_core,0.1,0.4,-1.0,1.0,0.0,1.0,1.0,wiki_B,autorpa_233k,ours_pop_prior,17796838693.642,1.009857,33.2,47.7,3677.5,1801.2,0.0,8162.6,3006.7,0.016,1099.0,533385937.302,ours_cap_epoch,0.856795
h=0.1/q0=0.4/p=mixed/r=1/sig=0,M_core,0.1,0.4,-1.0,1.0,0.0,1.0,1.0,wiki_B,autorpa_233k,ours_pop_prior_s4,17965856714.906,1.019448,33.7,47.4,3969.6,1782.1,0.0,8086.1,3319.6,0.016,1433.6,695779872.354,ours_cap_epoch,0.856795
h=0.1/q0=0.4/p=mixed/r=1/sig=0,M_core,0.1,0.4,-1.0,1.0,0.0,1.0,1.0,wiki_B,autorpa_233k,ours_pop_cap_epoch,17663244956.886,1.002276,33.3,47.7,3434.4,1811.2,0.0,8206.0,2754.8,0.017,828.6,402150671.2,ours_cap_epoch,0.856795
h=0.1/q0=0.4/p=mixed/r=1/sig=0,M_core,0.1,0.4,-1.0,1.0,0.0,1.0,1.0,wiki_B,autorpa_233k,ours_pop_cap_realized,17663244956.886,1.002276,33.3,47.7,3434.4,1811.2,0.0,8206.0,2754.8,0.017,828.6,402150671.2,ours_cap_epoch,0.856795
h=0.1/q0=0.4/p=mixed/r=1/sig=0,M_core,0.1,0.4,-1.0,1.0,0.0,1.0,1.0,wiki_B,autorpa_233k,breakeven,19418655586.434,1.101885,2.2,9.5,3154.4,206.9,0.0,966.5,2971.7,0.003,2480.0,1203637055.969,ours_cap_epoch,0.856795
h=0.1/q0=0.4/p=mixed/r=1/sig=0,M_core,0.1,0.4,-1.0,1.0,0.0,1.0,1.0,wiki_B,autorpa_233k,offline_taxblind,16755345605.762,0.950759,,,,,,,,,,,ours_cap_epoch,0.856795
h=0.1/q0=0.4/p=mixed/r=1/sig=0,M_core,0.1,0.4,-1.0,1.0,0.0,1.0,1.0,wiki_B,autorpa_233k,offline_opt_tax,16896685375.153,0.958779,,,,,,,,,,,ours_cap_epoch,0.856795
h=0.1/q0=0.4/p=mixed/r=1/sig=0,M_core,0.1,0.4,-1.0,1.0,0.0,1.0,1.0,wiki_B,native,always_reactive,18276078036.516,1.0,0.0,0.0,0.0,0.0,0.0,0.0,0.0,0.002,0.0,0.0,always_reactive,0.560977
h=0.1/q0=0.4/p=mixed/r=1/sig=0,M_core,0.1,0.4,-1.0,1.0,0.0,1.0,1.0,wiki_B,native,always_compile_evict,32579022856.021,1.782605,121.2,134.6,9809.0,2195.2,0.0,9919.1,9672.5,0.027,6512.0,12429590934.933,always_reactive,0.560977
h=0.1/q0=0.4/p=mixed/r=1/sig=0,M_core,0.1,0.4,-1.0,1.0,0.0,1.0,1.0,wiki_B,native,ours_noinflate,18276078036.516,1.0,0.0,0.0,0.0,0.0,0.0,0.0,0.0,0.002,0.0,0.0,always_reactive,0.560977
h=0.1/q0=0.4/p=mixed/r=1/sig=0,M_core,0.1,0.4,-1.0,1.0,0.0,1.0,1.0,wiki_B,native,oracle_tax,18253888147.178,0.998786,5.7,7.9,74.0,68.3,0.0,317.2,42.4,0.002,0.0,0.0,always_reactive,0.560977
h=0.1/q0=0.4/p=mixed/r=1/sig=0,M_core,0.1,0.4,-1.0,1.0,0.0,1.0,1.0,wiki_B,native,ours_cap_epoch,18276078036.516,1.0,0.0,0.0,0.0,0.0,0.0,0.0,0.0,0.002,0.0,0.0,always_reactive,0.560977
h=0.1/q0=0.4/p=mixed/r=1/sig=0,M_core,0.1,0.4,-1.0,1.0,0.0,1.0,1.0,wiki_B,native,ours_cap_realized,18276078036.516,1.0,0.0,0.0,0.0,0.0,0.0,0.0,0.0,0.002,0.0,0.0,always_reactive,0.560977
h=0.1/q0=0.4/p=mixed/r=1/sig=0,M_core,0.1,0.4,-1.0,1.0,0.0,1.0,1.0,wiki_B,native,ours_pop_prior,18276078036.516,1.0,0.0,0.0,0.0,0.0,0.0,0.0,0.0,0.002,0.0,0.0,always_reactive,0.560977
h=0.1/q0=0.4/p=mixed/r=1/sig=0,M_core,0.1,0.4,-1.0,1.0,0.0,1.0,1.0,wiki_B,native,ours_pop_prior_s4,18276078036.516,1.0,0.0,0.0,0.0,0.0,0.0,0.0,0.0,0.002,0.0,0.0,always_reactive,0.560977
h=0.1/q0=0.4/p=mixed/r=1/sig=0,M_core,0.1,0.4,-1.0,1.0,0.0,1.0,1.0,wiki_B,native,ours_pop_cap_epoch,18276078036.516,1.0,0.0,0.0,0.0,0.0,0.0,0.0,0.0,0.002,0.0,0.0,always_reactive,0.560977
h=0.1/q0=0.4/p=mixed/r=1/sig=0,M_core,0.1,0.4,-1.0,1.0,0.0,1.0,1.0,wiki_B,native,ours_pop_cap_realized,18276078036.516,1.0,0.0,0.0,0.0,0.0,0.0,0.0,0.0,0.002,0.0,0.0,always_reactive,0.560977
h=0.1/q0=0.4/p=mixed/r=1/sig=0,M_core,0.1,0.4,-1.0,1.0,0.0,1.0,1.0,wiki_B,native,breakeven,19266160660.525,1.054174,3.1,8.3,757.9,163.6,0.0,752.2,705.8,0.003,464.0,885646528.533,always_reactive,0.560977
h=0.1/q0=0.4/p=mixed/r=1/sig=0,M_core,0.1,0.4,-1.0,1.0,0.0,1.0,1.0,wiki_B,native,offline_taxblind,17917127954.689,0.98036,,,,,,,,,,,always_reactive,0.560977
h=0.1/q0=0.4/p=mixed/r=1/sig=0,M_core,0.1,0.4,-1.0,1.0,0.0,1.0,1.0,wiki_B,native,offline_opt_tax,18030728998.934,0.986575,,,,,,,,,,,always_reactive,0.560977
h=0.1/q0=0.4/p=mixed/r=2.2/sig=0,M_rfb,0.1,0.4,-1.0,2.2,0.0,1.0,1.0,bpi2019,autorpa_233k,always_reactive,55345222128.083,1.0,0.0,0.0,0.0,0.0,0.0,0.0,0.0,0.002,0.0,0.0,always_reactive,0.58852
h=0.1/q0=0.4/p=mixed/r=2.2/sig=0,M_rfb,0.1,0.4,-1.0,2.2,0.0,1.0,1.0,bpi2019,autorpa_233k,always_compile_evict,94041343271.243,1.699177,30.1,53.1,86711.6,16838.8,0.0,77391.6,86711.6,0.008,68649.0,33317935586.772,always_reactive,0.58852
h=0.1/q0=0.4/p=mixed/r=2.2/sig=0,M_rfb,0.1,0.4,-1.0,2.2,0.0,1.0,1.0,bpi2019,autorpa_233k,ours_noinflate,55345222128.083,1.0,0.0,0.0,0.0,0.0,0.0,0.0,0.0,0.002,0.0,0.0,always_reactive,0.58852
h=0.1/q0=0.4/p=mixed/r=2.2/sig=0,M_rfb,0.1,0.4,-1.0,2.2,0.0,1.0,1.0,bpi2019,autorpa_233k,oracle_tax,55345222128.083,1.0,0.0,0.0,0.0,0.0,0.0,0.0,0.0,0.002,0.0,0.0,always_reactive,0.58852
h=0.1/q0=0.4/p=mixed/r=2.2/sig=0,M_rfb,0.1,0.4,-1.0,2.2,0.0,1.0,1.0,bpi2019,autorpa_233k,ours_cap_epoch,55345222128.083,1.0,0.0,0.0,0.0,0.0,0.0,0.0,0.0,0.002,0.0,0.0,always_reactive,0.58852
h=0.1/q0=0.4/p=mixed/r=2.2/sig=0,M_rfb,0.1,0.4,-1.0,2.2,0.0,1.0,1.0,bpi2019,autorpa_233k,ours_cap_realized,55345222128.083,1.0,0.0,0.0,0.0,0.0,0.0,0.0,0.0,0.002,0.0,0.0,always_reactive,0.58852
h=0.1/q0=0.4/p=mixed/r=2.2/sig=0,M_rfb,0.1,0.4,-1.0,2.2,0.0,1.0,1.0,bpi2019,autorpa_233k,ours_pop_prior,55345222128.083,1.0,0.0,0.0,0.0,0.0,0.0,0.0,0.0,0.002,0.0,0.0,always_reactive,0.58852
h=0.1/q0=0.4/p=mixed/r=2.2/sig=0,M_rfb,0.1,0.4,-1.0,2.2,0.0,1.0,1.0,bpi2019,autorpa_233k,ours_pop_prior_s4,55345222128.083,1.0,0.0,0.0,0.0,0.0,0.0,0.0,0.0,0.002,0.0,0.0,always_reactive,0.58852
h=0.1/q0=0.4/p=mixed/r=2.2/sig=0,M_rfb,0.1,0.4,-1.0,2.2,0.0,1.0,1.0,bpi2019,autorpa_233k,ours_pop_cap_epoch,55345222128.083,1.0,0.0,0.0,0.0,0.0,0.0,0.0,0.0,0.002,0.0,0.0,always_reactive,0.58852
h=0.1/q0=0.4/p=mixed/r=2.2/sig=0,M_rfb,0.1,0.4,-1.0,2.2,0.0,1.0,1.0,bpi2019,autorpa_233k,ours_pop_cap_realized,55345222128.083,1.0,0.0,0.0,0.0,0.0,0.0,0.0,0.0,0.002,0.0,0.0,always_reactive,0.58852
h=0.1/q0=0.4/p=mixed/r=2.2/sig=0,M_rfb,0.1,0.4,-1.0,2.2,0.0,1.0,1.0,bpi2019,autorpa_233k,breakeven,55345222128.083,1.0,0.0,0.0,0.0,0.0,0.0,0.0,0.0,0.002,0.0,0.0,always_reactive,0.58852
h=0.1/q0=0.4/p=mixed/r=2.2/sig=0,M_rfb,0.1,0.4,-1.0,2.2,0.0,1.0,1.0,bpi2019,autorpa_233k,offline_taxblind,55345222128.073,1.0,,,,,,,,,,,always_reactive,0.58852
h=0.1/q0=0.4/p=mixed/r=2.2/sig=0,M_rfb,0.1,0.4,-1.0,2.2,0.0,1.0,1.0,bpi2019,autorpa_233k,offline_opt_tax,55345222128.073,1.0,,,,,,,,,,,always_reactive,0.58852
h=0.1/q0=0.4/p=mixed/r=2.2/sig=0,M_rfb,0.1,0.4,-1.0,2.2,0.0,1.0,1.0,bpi2019,native,always_reactive,55345222128.083,1.0,0.0,0.0,0.0,0.0,0.0,0.0,0.0,0.002,0.0,0.0,always_reactive,0.269545
h=0.1/q0=0.4/p=mixed/r=2.2/sig=0,M_rfb,0.1,0.4,-1.0,2.2,0.0,1.0,1.0,bpi2019,native,always_compile_evict,205328316268.11,3.709956,71.6,119.0,86711.6,16838.8,0.0,77391.6,86711.6,0.01,68649.0,131031785640.714,always_reactive,0.269545
h=0.1/q0=0.4/p=mixed/r=2.2/sig=0,M_rfb,0.1,0.4,-1.0,2.2,0.0,1.0,1.0,bpi2019,native,ours_noinflate,55345222128.083,1.0,0.0,0.0,0.0,0.0,0.0,0.0,0.0,0.002,0.0,0.0,always_reactive,0.269545
h=0.1/q0=0.4/p=mixed/r=2.2/sig=0,M_rfb,0.1,0.4,-1.0,2.2,0.0,1.0,1.0,bpi2019,native,oracle_tax,55345222128.083,1.0,0.0,0.0,0.0,0.0,0.0,0.0,0.0,0.002,0.0,0.0,always_reactive,0.269545
h=0.1/q0=0.4/p=mixed/r=2.2/sig=0,M_rfb,0.1,0.4,-1.0,2.2,0.0,1.0,1.0,bpi2019,native,ours_cap_epoch,55345222128.083,1.0,0.0,0.0,0.0,0.0,0.0,0.0,0.0,0.002,0.0,0.0,always_reactive,0.269545
h=0.1/q0=0.4/p=mixed/r=2.2/sig=0,M_rfb,0.1,0.4,-1.0,2.2,0.0,1.0,1.0,bpi2019,native,ours_cap_realized,55345222128.083,1.0,0.0,0.0,0.0,0.0,0.0,0.0,0.0,0.002,0.0,0.0,always_reactive,0.269545
h=0.1/q0=0.4/p=mixed/r=2.2/sig=0,M_rfb,0.1,0.4,-1.0,2.2,0.0,1.0,1.0,bpi2019,native,ours_pop_prior,55345222128.083,1.0,0.0,0.0,0.0,0.0,0.0,0.0,0.0,0.002,0.0,0.0,always_reactive,0.269545
h=0.1/q0=0.4/p=mixed/r=2.2/sig=0,M_rfb,0.1,0.4,-1.0,2.2,0.0,1.0,1.0,bpi2019,native,ours_pop_prior_s4,55345222128.083,1.0,0.0,0.0,0.0,0.0,0.0,0.0,0.0,0.002,0.0,0.0,always_reactive,0.269545
h=0.1/q0=0.4/p=mixed/r=2.2/sig=0,M_rfb,0.1,0.4,-1.0,2.2,0.0,1.0,1.0,bpi2019,native,ours_pop_cap_epoch,55345222128.083,1.0,0.0,0.0,0.0,0.0,0.0,0.0,0.0,0.002,0.0,0.0,always_reactive,0.269545
h=0.1/q0=0.4/p=mixed/r=2.2/sig=0,M_rfb,0.1,0.4,-1.0,2.2,0.0,1.0,1.0,bpi2019,native,ours_pop_cap_realized,55345222128.083,1.0,0.0,0.0,0.0,0.0,0.0,0.0,0.0,0.002,0.0,0.0,always_reactive,0.269545
h=0.1/q0=0.4/p=mixed/r=2.2/sig=0,M_rfb,0.1,0.4,-1.0,2.2,0.0,1.0,1.0,bpi2019,native,breakeven,55345222128.083,1.0,0.0,0.0,0.0,0.0,0.0,0.0,0.0,0.002,0.0,0.0,always_reactive,0.269545
h=0.1/q0=0.4/p=mixed/r=2.2/sig=0,M_rfb,0.1,0.4,-1.0,2.2,0.0,1.0,1.0,bpi2019,native,offline_taxblind,55345222128.073,1.0,,,,,,,,,,,always_reactive,0.269545
h=0.1/q0=0.4/p=mixed/r=2.2/sig=0,M_rfb,0.1,0.4,-1.0,2.2,0.0,1.0,1.0,bpi2019,native,offline_opt_tax,55345222128.073,1.0,,,,,,,,,,,always_reactive,0.269545
h=0.1/q0=0.4/p=mixed/r=2.2/sig=0,M_rfb,0.1,0.4,-1.0,2.2,0.0,1.0,1.0,sepsis,autorpa_233k,always_reactive,192091479.622,1.0,0.0,0.0,0.0,0.0,0.0,0.0,0.0,0.002,0.0,0.0,always_reactive,0.865598
h=0.1/q0=0.4/p=mixed/r=2.2/sig=0,M_rfb,0.1,0.4,-1.0,2.2,0.0,1.0,1.0,sepsis,autorpa_233k,always_compile_evict,221917749.605,1.155271,12.3,14.7,74.5,9.1,0.0,42.6,74.5,0.005,47.0,22810863.561,always_reactive,0.865598
h=0.1/q0=0.4/p=mixed/r=2.2/sig=0,M_rfb,0.1,0.4,-1.0,2.2,0.0,1.0,1.0,sepsis,autorpa_233k,ours_noinflate,192091479.622,1.0,0.0,0.0,0.0,0.0,0.0,0.0,0.0,0.002,0.0,0.0,always_reactive,0.865598
h=0.1/q0=0.4/p=mixed/r=2.2/sig=0,M_rfb,0.1,0.4,-1.0,2.2,0.0,1.0,1.0,sepsis,autorpa_233k,oracle_tax,192091479.622,1.0,0.0,0.0,0.0,0.0,0.0,0.0,0.0,0.002,0.0,0.0,always_reactive,0.865598
h=0.1/q0=0.4/p=mixed/r=2.2/sig=0,M_rfb,0.1,0.4,-1.0,2.2,0.0,1.0,1.0,sepsis,autorpa_233k,ours_cap_epoch,192091479.622,1.0,0.0,0.0,0.0,0.0,0.0,0.0,0.0,0.002,0.0,0.0,always_reactive,0.865598
h=0.1/q0=0.4/p=mixed/r=2.2/sig=0,M_rfb,0.1,0.4,-1.0,2.2,0.0,1.0,1.0,sepsis,autorpa_233k,ours_cap_realized,192091479.622,1.0,0.0,0.0,0.0,0.0,0.0,0.0,0.0,0.002,0.0,0.0,always_reactive,0.865598
h=0.1/q0=0.4/p=mixed/r=2.2/sig=0,M_rfb,0.1,0.4,-1.0,2.2,0.0,1.0,1.0,sepsis,autorpa_233k,ours_pop_prior,192091479.622,1.0,0.0,0.0,0.0,0.0,0.0,0.0,0.0,0.002,0.0,0.0,always_reactive,0.865598
h=0.1/q0=0.4/p=mixed/r=2.2/sig=0,M_rfb,0.1,0.4,-1.0,2.2,0.0,1.0,1.0,sepsis,autorpa_233k,ours_pop_prior_s4,192091479.622,1.0,0.0,0.0,0.0,0.0,0.0,0.0,0.0,0.002,0.0,0.0,always_reactive,0.865598
h=0.1/q0=0.4/p=mixed/r=2.2/sig=0,M_rfb,0.1,0.4,-1.0,2.2,0.0,1.0,1.0,sepsis,autorpa_233k,ours_pop_cap_epoch,192091479.622,1.0,0.0,0.0,0.0,0.0,0.0,0.0,0.0,0.002,0.0,0.0,always_reactive,0.865598
h=0.1/q0=0.4/p=mixed/r=2.2/sig=0,M_rfb,0.1,0.4,-1.0,2.2,0.0,1.0,1.0,sepsis,autorpa_233k,ours_pop_cap_realized,192091479.622,1.0,0.0,0.0,0.0,0.0,0.0,0.0,0.0,0.002,0.0,0.0,always_reactive,0.865598
h=0.1/q0=0.4/p=mixed/r=2.2/sig=0,M_rfb,0.1,0.4,-1.0,2.2,0.0,1.0,1.0,sepsis,autorpa_233k,breakeven,192091479.622,1.0,0.0,0.0,0.0,0.0,0.0,0.0,0.0,0.002,0.0,0.0,always_reactive,0.865598
h=0.1/q0=0.4/p=mixed/r=2.2/sig=0,M_rfb,0.1,0.4,-1.0,2.2,0.0,1.0,1.0,sepsis,autorpa_233k,offline_taxblind,192091479.622,1.0,,,,,,,,,,,always_reactive,0.865598
h=0.1/q0=0.4/p=mixed/r=2.2/sig=0,M_rfb,0.1,0.4,-1.0,2.2,0.0,1.0,1.0,sepsis,autorpa_233k,offline_opt_tax,192091479.622,1.0,,,,,,,,,,,always_reactive,0.865598
h=0.1/q0=0.4/p=mixed/r=2.2/sig=0,M_rfb,0.1,0.4,-1.0,2.2,0.0,1.0,1.0,sepsis,native,always_reactive,192091479.622,1.0,0.0,0.0,0.0,0.0,0.0,0.0,0.0,0.002,0.0,0.0,always_reactive,0.624364
h=0.1/q0=0.4/p=mixed/r=2.2/sig=0,M_rfb,0.1,0.4,-1.0,2.2,0.0,1.0,1.0,sepsis,native,always_compile_evict,307659456.811,1.60163,15.7,16.8,74.5,9.1,0.0,42.6,74.5,0.004,47.0,89709885.433,always_reactive,0.624364
h=0.1/q0=0.4/p=mixed/r=2.2/sig=0,M_rfb,0.1,0.4,-1.0,2.2,0.0,1.0,1.0,sepsis,native,ours_noinflate,192091479.622,1.0,0.0,0.0,0.0,0.0,0.0,0.0,0.0,0.002,0.0,0.0,always_reactive,0.624364
h=0.1/q0=0.4/p=mixed/r=2.2/sig=0,M_rfb,0.1,0.4,-1.0,2.2,0.0,1.0,1.0,sepsis,native,oracle_tax,192091479.622,1.0,0.0,0.0,0.0,0.0,0.0,0.0,0.0,0.002,0.0,0.0,always_reactive,0.624364
h=0.1/q0=0.4/p=mixed/r=2.2/sig=0,M_rfb,0.1,0.4,-1.0,2.2,0.0,1.0,1.0,sepsis,native,ours_cap_epoch,192091479.622,1.0,0.0,0.0,0.0,0.0,0.0,0.0,0.0,0.002,0.0,0.0,always_reactive,0.624364
h=0.1/q0=0.4/p=mixed/r=2.2/sig=0,M_rfb,0.1,0.4,-1.0,2.2,0.0,1.0,1.0,sepsis,native,ours_cap_realized,192091479.622,1.0,0.0,0.0,0.0,0.0,0.0,0.0,0.0,0.002,0.0,0.0,always_reactive,0.624364
h=0.1/q0=0.4/p=mixed/r=2.2/sig=0,M_rfb,0.1,0.4,-1.0,2.2,0.0,1.0,1.0,sepsis,native,ours_pop_prior,192091479.622,1.0,0.0,0.0,0.0,0.0,0.0,0.0,0.0,0.002,0.0,0.0,always_reactive,0.624364
h=0.1/q0=0.4/p=mixed/r=2.2/sig=0,M_rfb,0.1,0.4,-1.0,2.2,0.0,1.0,1.0,sepsis,native,ours_pop_prior_s4,192091479.622,1.0,0.0,0.0,0.0,0.0,0.0,0.0,0.0,0.002,0.0,0.0,always_reactive,0.624364
h=0.1/q0=0.4/p=mixed/r=2.2/sig=0,M_rfb,0.1,0.4,-1.0,2.2,0.0,1.0,1.0,sepsis,native,ours_pop_cap_epoch,192091479.622,1.0,0.0,0.0,0.0,0.0,0.0,0.0,0.0,0.002,0.0,0.0,always_reactive,0.624364
h=0.1/q0=0.4/p=mixed/r=2.2/sig=0,M_rfb,0.1,0.4,-1.0,2.2,0.0,1.0,1.0,sepsis,native,ours_pop_cap_realized,192091479.622,1.0,0.0,0.0,0.0,0.0,0.0,0.0,0.0,0.002,0.0,0.0,always_reactive,0.624364
h=0.1/q0=0.4/p=mixed/r=2.2/sig=0,M_rfb,0.1,0.4,-1.0,2.2,0.0,1.0,1.0,sepsis,native,breakeven,192091479.622,1.0,0.0,0.0,0.0,0.0,0.0,0.0,0.0,0.002,0.0,0.0,always_reactive,0.624364
h=0.1/q0=0.4/p=mixed/r=2.2/sig=0,M_rfb,0.1,0.4,-1.0,2.2,0.0,1.0,1.0,sepsis,native,offline_taxblind,192091479.622,1.0,,,,,,,,,,,always_reactive,0.624364
h=0.1/q0=0.4/p=mixed/r=2.2/sig=0,M_rfb,0.1,0.4,-1.0,2.2,0.0,1.0,1.0,sepsis,native,offline_opt_tax,192091479.622,1.0,,,,,,,,,,,always_reactive,0.624364
h=0.1/q0=0.4/p=mixed/r=2.2/sig=0,M_rfb,0.1,0.4,-1.0,2.2,0.0,1.0,1.0,wiki_A,autorpa_233k,always_reactive,10476085685.358,1.0,0.0,0.0,0.0,0.0,0.0,0.0,0.0,0.002,0.0,0.0,always_reactive,0.41937
h=0.1/q0=0.4/p=mixed/r=2.2/sig=0,M_rfb,0.1,0.4,-1.0,2.2,0.0,1.0,1.0,wiki_A,autorpa_233k,always_compile_evict,24980561034.442,2.384532,7.1,30.3,31513.5,3484.3,0.0,15965.3,31513.5,0.003,27809.0,13496751165.092,always_reactive,0.41937
h=0.1/q0=0.4/p=mixed/r=2.2/sig=0,M_rfb,0.1,0.4,-1.0,2.2,0.0,1.0,1.0,wiki_A,autorpa_233k,ours_noinflate,10476085685.358,1.0,0.0,0.0,0.0,0.0,0.0,0.0,0.0,0.002,0.0,0.0,always_reactive,0.41937
h=0.1/q0=0.4/p=mixed/r=2.2/sig=0,M_rfb,0.1,0.4,-1.0,2.2,0.0,1.0,1.0,wiki_A,autorpa_233k,oracle_tax,10476085685.358,1.0,0.0,0.0,0.0,0.0,0.0,0.0,0.0,0.002,0.0,0.0,always_reactive,0.41937
h=0.1/q0=0.4/p=mixed/r=2.2/sig=0,M_rfb,0.1,0.4,-1.0,2.2,0.0,1.0,1.0,wiki_A,autorpa_233k,ours_cap_epoch,10476085685.358,1.0,0.0,0.0,0.0,0.0,0.0,0.0,0.0,0.002,0.0,0.0,always_reactive,0.41937
h=0.1/q0=0.4/p=mixed/r=2.2/sig=0,M_rfb,0.1,0.4,-1.0,2.2,0.0,1.0,1.0,wiki_A,autorpa_233k,ours_cap_realized,10476085685.358,1.0,0.0,0.0,0.0,0.0,0.0,0.0,0.0,0.002,0.0,0.0,always_reactive,0.41937
h=0.1/q0=0.4/p=mixed/r=2.2/sig=0,M_rfb,0.1,0.4,-1.0,2.2,0.0,1.0,1.0,wiki_A,autorpa_233k,ours_pop_prior,10476085685.358,1.0,0.0,0.0,0.0,0.0,0.0,0.0,0.0,0.002,0.0,0.0,always_reactive,0.41937
h=0.1/q0=0.4/p=mixed/r=2.2/sig=0,M_rfb,0.1,0.4,-1.0,2.2,0.0,1.0,1.0,wiki_A,autorpa_233k,ours_pop_prior_s4,10476085685.358,1.0,0.0,0.0,0.0,0.0,0.0,0.0,0.0,0.002,0.0,0.0,always_reactive,0.41937
h=0.1/q0=0.4/p=mixed/r=2.2/sig=0,M_rfb,0.1,0.4,-1.0,2.2,0.0,1.0,1.0,wiki_A,autorpa_233k,ours_pop_cap_epoch,10476085685.358,1.0,0.0,0.0,0.0,0.0,0.0,0.0,0.0,0.002,0.0,0.0,always_reactive,0.41937
h=0.1/q0=0.4/p=mixed/r=2.2/sig=0,M_rfb,0.1,0.4,-1.0,2.2,0.0,1.0,1.0,wiki_A,autorpa_233k,ours_pop_cap_realized,10476085685.358,1.0,0.0,0.0,0.0,0.0,0.0,0.0,0.0,0.002,0.0,0.0,always_reactive,0.41937
h=0.1/q0=0.4/p=mixed/r=2.2/sig=0,M_rfb,0.1,0.4,-1.0,2.2,0.0,1.0,1.0,wiki_A,autorpa_233k,breakeven,10476085685.358,1.0,0.0,0.0,0.0,0.0,0.0,0.0,0.0,0.002,0.0,0.0,always_reactive,0.41937
h=0.1/q0=0.4/p=mixed/r=2.2/sig=0,M_rfb,0.1,0.4,-1.0,2.2,0.0,1.0,1.0,wiki_A,autorpa_233k,offline_taxblind,10476085685.36,1.0,,,,,,,,,,,always_reactive,0.41937
h=0.1/q0=0.4/p=mixed/r=2.2/sig=0,M_rfb,0.1,0.4,-1.0,2.2,0.0,1.0,1.0,wiki_A,autorpa_233k,offline_opt_tax,10476085685.36,1.0,,,,,,,,,,,always_reactive,0.41937
h=0.1/q0=0.4/p=mixed/r=2.2/sig=0,M_rfb,0.1,0.4,-1.0,2.2,0.0,1.0,1.0,wiki_A,native,always_reactive,10476085685.358,1.0,0.0,0.0,0.0,0.0,0.0,0.0,0.0,0.002,0.0,0.0,always_reactive,0.155972
h=0.1/q0=0.4/p=mixed/r=2.2/sig=0,M_rfb,0.1,0.4,-1.0,2.2,0.0,1.0,1.0,wiki_A,native,always_compile_evict,67166495644.229,6.411411,22.4,58.8,31513.5,3484.3,0.0,15965.3,31513.5,0.002,27809.0,53079621362.042,always_reactive,0.155972
h=0.1/q0=0.4/p=mixed/r=2.2/sig=0,M_rfb,0.1,0.4,-1.0,2.2,0.0,1.0,1.0,wiki_A,native,ours_noinflate,10476085685.358,1.0,0.0,0.0,0.0,0.0,0.0,0.0,0.0,0.002,0.0,0.0,always_reactive,0.155972
h=0.1/q0=0.4/p=mixed/r=2.2/sig=0,M_rfb,0.1,0.4,-1.0,2.2,0.0,1.0,1.0,wiki_A,native,oracle_tax,10476085685.358,1.0,0.0,0.0,0.0,0.0,0.0,0.0,0.0,0.002,0.0,0.0,always_reactive,0.155972
h=0.1/q0=0.4/p=mixed/r=2.2/sig=0,M_rfb,0.1,0.4,-1.0,2.2,0.0,1.0,1.0,wiki_A,native,ours_cap_epoch,10476085685.358,1.0,0.0,0.0,0.0,0.0,0.0,0.0,0.0,0.002,0.0,0.0,always_reactive,0.155972
h=0.1/q0=0.4/p=mixed/r=2.2/sig=0,M_rfb,0.1,0.4,-1.0,2.2,0.0,1.0,1.0,wiki_A,native,ours_cap_realized,10476085685.358,1.0,0.0,0.0,0.0,0.0,0.0,0.0,0.0,0.002,0.0,0.0,always_reactive,0.155972
h=0.1/q0=0.4/p=mixed/r=2.2/sig=0,M_rfb,0.1,0.4,-1.0,2.2,0.0,1.0,1.0,wiki_A,native,ours_pop_prior,10476085685.358,1.0,0.0,0.0,0.0,0.0,0.0,0.0,0.0,0.002,0.0,0.0,always_reactive,0.155972
h=0.1/q0=0.4/p=mixed/r=2.2/sig=0,M_rfb,0.1,0.4,-1.0,2.2,0.0,1.0,1.0,wiki_A,native,ours_pop_prior_s4,10476085685.358,1.0,0.0,0.0,0.0,0.0,0.0,0.0,0.0,0.002,0.0,0.0,always_reactive,0.155972
h=0.1/q0=0.4/p=mixed/r=2.2/sig=0,M_rfb,0.1,0.4,-1.0,2.2,0.0,1.0,1.0,wiki_A,native,ours_pop_cap_epoch,10476085685.358,1.0,0.0,0.0,0.0,0.0,0.0,0.0,0.0,0.002,0.0,0.0,always_reactive,0.155972
h=0.1/q0=0.4/p=mixed/r=2.2/sig=0,M_rfb,0.1,0.4,-1.0,2.2,0.0,1.0,1.0,wiki_A,native,ours_pop_cap_realized,10476085685.358,1.0,0.0,0.0,0.0,0.0,0.0,0.0,0.0,0.002,0.0,0.0,always_reactive,0.155972
h=0.1/q0=0.4/p=mixed/r=2.2/sig=0,M_rfb,0.1,0.4,-1.0,2.2,0.0,1.0,1.0,wiki_A,native,breakeven,10476085685.358,1.0,0.0,0.0,0.0,0.0,0.0,0.0,0.0,0.002,0.0,0.0,always_reactive,0.155972
h=0.1/q0=0.4/p=mixed/r=2.2/sig=0,M_rfb,0.1,0.4,-1.0,2.2,0.0,1.0,1.0,wiki_A,native,offline_taxblind,10476085685.36,1.0,,,,,,,,,,,always_reactive,0.155972
h=0.1/q0=0.4/p=mixed/r=2.2/sig=0,M_rfb,0.1,0.4,-1.0,2.2,0.0,1.0,1.0,wiki_A,native,offline_opt_tax,10476085685.36,1.0,,,,,,,,,,,always_reactive,0.155972
h=0.1/q0=0.4/p=mixed/r=2.2/sig=0,M_rfb,0.1,0.4,-1.0,2.2,0.0,1.0,1.0,wiki_B,autorpa_233k,always_reactive,18276078036.516,1.0,0.0,0.0,0.0,0.0,0.0,0.0,0.0,0.002,0.0,0.0,always_reactive,0.809502
h=0.1/q0=0.4/p=mixed/r=2.2/sig=0,M_rfb,0.1,0.4,-1.0,2.2,0.0,1.0,1.0,wiki_B,autorpa_233k,always_compile_evict,22576951989.683,1.235328,41.8,60.6,9809.0,2195.2,0.0,9919.1,9809.0,0.016,6512.0,3160517946.964,always_reactive,0.809502
h=0.1/q0=0.4/p=mixed/r=2.2/sig=0,M_rfb,0.1,0.4,-1.0,2.2,0.0,1.0,1.0,wiki_B,autorpa_233k,ours_noinflate,18276078036.516,1.0,0.0,0.0,0.0,0.0,0.0,0.0,0.0,0.002,0.0,0.0,always_reactive,0.809502
h=0.1/q0=0.4/p=mixed/r=2.2/sig=0,M_rfb,0.1,0.4,-1.0,2.2,0.0,1.0,1.0,wiki_B,autorpa_233k,oracle_tax,18276078036.516,1.0,0.0,0.0,0.0,0.0,0.0,0.0,0.0,0.002,0.0,0.0,always_reactive,0.809502
h=0.1/q0=0.4/p=mixed/r=2.2/sig=0,M_rfb,0.1,0.4,-1.0,2.2,0.0,1.0,1.0,wiki_B,autorpa_233k,ours_cap_epoch,18276078036.516,1.0,0.0,0.0,0.0,0.0,0.0,0.0,0.0,0.002,0.0,0.0,always_reactive,0.809502
h=0.1/q0=0.4/p=mixed/r=2.2/sig=0,M_rfb,0.1,0.4,-1.0,2.2,0.0,1.0,1.0,wiki_B,autorpa_233k,ours_cap_realized,18276078036.516,1.0,0.0,0.0,0.0,0.0,0.0,0.0,0.0,0.002,0.0,0.0,always_reactive,0.809502
h=0.1/q0=0.4/p=mixed/r=2.2/sig=0,M_rfb,0.1,0.4,-1.0,2.2,0.0,1.0,1.0,wiki_B,autorpa_233k,ours_pop_prior,18276078036.516,1.0,0.0,0.0,0.0,0.0,0.0,0.0,0.0,0.002,0.0,0.0,always_reactive,0.809502
h=0.1/q0=0.4/p=mixed/r=2.2/sig=0,M_rfb,0.1,0.4,-1.0,2.2,0.0,1.0,1.0,wiki_B,autorpa_233k,ours_pop_prior_s4,18276078036.516,1.0,0.0,0.0,0.0,0.0,0.0,0.0,0.0,0.002,0.0,0.0,always_reactive,0.809502
h=0.1/q0=0.4/p=mixed/r=2.2/sig=0,M_rfb,0.1,0.4,-1.0,2.2,0.0,1.0,1.0,wiki_B,autorpa_233k,ours_pop_cap_epoch,18276078036.516,1.0,0.0,0.0,0.0,0.0,0.0,0.0,0.0,0.002,0.0,0.0,always_reactive,0.809502
h=0.1/q0=0.4/p=mixed/r=2.2/sig=0,M_rfb,0.1,0.4,-1.0,2.2,0.0,1.0,1.0,wiki_B,autorpa_233k,ours_pop_cap_realized,18276078036.516,1.0,0.0,0.0,0.0,0.0,0.0,0.0,0.0,0.002,0.0,0.0,always_reactive,0.809502
h=0.1/q0=0.4/p=mixed/r=2.2/sig=0,M_rfb,0.1,0.4,-1.0,2.2,0.0,1.0,1.0,wiki_B,autorpa_233k,breakeven,18276078036.516,1.0,0.0,0.0,0.0,0.0,0.0,0.0,0.0,0.002,0.0,0.0,always_reactive,0.809502
h=0.1/q0=0.4/p=mixed/r=2.2/sig=0,M_rfb,0.1,0.4,-1.0,2.2,0.0,1.0,1.0,wiki_B,autorpa_233k,offline_taxblind,18276078036.518,1.0,,,,,,,,,,,always_reactive,0.809502
h=0.1/q0=0.4/p=mixed/r=2.2/sig=0,M_rfb,0.1,0.4,-1.0,2.2,0.0,1.0,1.0,wiki_B,autorpa_233k,offline_opt_tax,18276078036.518,1.0,,,,,,,,,,,always_reactive,0.809502
h=0.1/q0=0.4/p=mixed/r=2.2/sig=0,M_rfb,0.1,0.4,-1.0,2.2,0.0,1.0,1.0,wiki_B,native,always_reactive,18276078036.516,1.0,0.0,0.0,0.0,0.0,0.0,0.0,0.0,0.002,0.0,0.0,always_reactive,0.527808
h=0.1/q0=0.4/p=mixed/r=2.2/sig=0,M_rfb,0.1,0.4,-1.0,2.2,0.0,1.0,1.0,wiki_B,native,always_compile_evict,34626392867.951,1.894629,121.2,134.6,9809.0,2195.2,0.0,9919.1,9809.0,0.026,6512.0,12429590934.933,always_reactive,0.527808
h=0.1/q0=0.4/p=mixed/r=2.2/sig=0,M_rfb,0.1,0.4,-1.0,2.2,0.0,1.0,1.0,wiki_B,native,ours_noinflate,18276078036.516,1.0,0.0,0.0,0.0,0.0,0.0,0.0,0.0,0.002,0.0,0.0,always_reactive,0.527808
h=0.1/q0=0.4/p=mixed/r=2.2/sig=0,M_rfb,0.1,0.4,-1.0,2.2,0.0,1.0,1.0,wiki_B,native,oracle_tax,18276078036.516,1.0,0.0,0.0,0.0,0.0,0.0,0.0,0.0,0.002,0.0,0.0,always_reactive,0.527808
h=0.1/q0=0.4/p=mixed/r=2.2/sig=0,M_rfb,0.1,0.4,-1.0,2.2,0.0,1.0,1.0,wiki_B,native,ours_cap_epoch,18276078036.516,1.0,0.0,0.0,0.0,0.0,0.0,0.0,0.0,0.002,0.0,0.0,always_reactive,0.527808
h=0.1/q0=0.4/p=mixed/r=2.2/sig=0,M_rfb,0.1,0.4,-1.0,2.2,0.0,1.0,1.0,wiki_B,native,ours_cap_realized,18276078036.516,1.0,0.0,0.0,0.0,0.0,0.0,0.0,0.0,0.002,0.0,0.0,always_reactive,0.527808
h=0.1/q0=0.4/p=mixed/r=2.2/sig=0,M_rfb,0.1,0.4,-1.0,2.2,0.0,1.0,1.0,wiki_B,native,ours_pop_prior,18276078036.516,1.0,0.0,0.0,0.0,0.0,0.0,0.0,0.0,0.002,0.0,0.0,always_reactive,0.527808
h=0.1/q0=0.4/p=mixed/r=2.2/sig=0,M_rfb,0.1,0.4,-1.0,2.2,0.0,1.0,1.0,wiki_B,native,ours_pop_prior_s4,18276078036.516,1.0,0.0,0.0,0.0,0.0,0.0,0.0,0.0,0.002,0.0,0.0,always_reactive,0.527808
h=0.1/q0=0.4/p=mixed/r=2.2/sig=0,M_rfb,0.1,0.4,-1.0,2.2,0.0,1.0,1.0,wiki_B,native,ours_pop_cap_epoch,18276078036.516,1.0,0.0,0.0,0.0,0.0,0.0,0.0,0.0,0.002,0.0,0.0,always_reactive,0.527808
h=0.1/q0=0.4/p=mixed/r=2.2/sig=0,M_rfb,0.1,0.4,-1.0,2.2,0.0,1.0,1.0,wiki_B,native,ours_pop_cap_realized,18276078036.516,1.0,0.0,0.0,0.0,0.0,0.0,0.0,0.0,0.002,0.0,0.0,always_reactive,0.527808
h=0.1/q0=0.4/p=mixed/r=2.2/sig=0,M_rfb,0.1,0.4,-1.0,2.2,0.0,1.0,1.0,wiki_B,native,breakeven,18276078036.516,1.0,0.0,0.0,0.0,0.0,0.0,0.0,0.0,0.002,0.0,0.0,always_reactive,0.527808
h=0.1/q0=0.4/p=mixed/r=2.2/sig=0,M_rfb,0.1,0.4,-1.0,2.2,0.0,1.0,1.0,wiki_B,native,offline_taxblind,18276078036.518,1.0,,,,,,,,,,,always_reactive,0.527808
h=0.1/q0=0.4/p=mixed/r=2.2/sig=0,M_rfb,0.1,0.4,-1.0,2.2,0.0,1.0,1.0,wiki_B,native,offline_opt_tax,18276078036.518,1.0,,,,,,,,,,,always_reactive,0.527808
h=0.1/q0=0.6/p=mixed/r=1/sig=0,M_q0,0.1,0.6,-1.0,1.0,0.0,1.0,1.0,bpi2019,autorpa_233k,always_reactive,55345222128.083,1.175133,0.0,0.0,0.0,0.0,0.0,0.0,0.0,0.002,0.0,0.0,ours_noinflate,0.583679
h=0.1/q0=0.6/p=mixed/r=1/sig=0,M_q0,0.1,0.6,-1.0,1.0,0.0,1.0,1.0,bpi2019,autorpa_233k,always_compile_evict,80689839069.202,1.713269,30.1,53.1,86711.6,16838.8,0.0,107662.3,86039.0,0.01,68649.0,33317935586.772,ours_noinflate,0.583679
h=0.1/q0=0.6/p=mixed/r=1/sig=0,M_q0,0.1,0.6,-1.0,1.0,0.0,1.0,1.0,bpi2019,autorpa_233k,ours_noinflate,47097002228.256,1.0,16.2,37.4,13970.4,13039.7,0.0,83440.3,13480.2,0.012,416.0,201900409.388,ours_noinflate,0.583679
h=0.1/q0=0.6/p=mixed/r=1/sig=0,M_q0,0.1,0.6,-1.0,1.0,0.0,1.0,1.0,bpi2019,autorpa_233k,oracle_tax,55151117525.988,1.171011,18.7,22.3,300.0,281.3,0.0,1851.4,168.4,0.002,0.0,0.0,ours_noinflate,0.583679
h=0.1/q0=0.6/p=mixed/r=1/sig=0,M_q0,0.1,0.6,-1.0,1.0,0.0,1.0,1.0,bpi2019,autorpa_233k,ours_cap_epoch,47097002228.256,1.0,16.2,37.4,13970.4,13039.7,0.0,83440.3,13480.2,0.012,416.0,201900409.388,ours_noinflate,0.583679
h=0.1/q0=0.6/p=mixed/r=1/sig=0,M_q0,0.1,0.6,-1.0,1.0,0.0,1.0,1.0,bpi2019,autorpa_233k,ours_cap_realized,47097002228.256,1.0,16.2,37.4,13970.4,13039.7,0.0,83440.3,13480.2,0.012,416.0,201900409.388,ours_noinflate,0.583679
h=0.1/q0=0.6/p=mixed/r=1/sig=0,M_q0,0.1,0.6,-1.0,1.0,0.0,1.0,1.0,bpi2019,autorpa_233k,ours_pop_prior,47404772602.77,1.006535,22.4,43.7,15648.7,13855.6,0.0,88597.9,15078.6,0.014,1013.1,491695444.114,ours_noinflate,0.583679
h=0.1/q0=0.6/p=mixed/r=1/sig=0,M_q0,0.1,0.6,-1.0,1.0,0.0,1.0,1.0,bpi2019,autorpa_233k,ours_pop_prior_s4,47665542460.471,1.012072,22.4,43.6,16167.7,13846.1,0.0,88531.2,15600.5,0.014,1550.5,752515828.742,ours_noinflate,0.583679
h=0.1/q0=0.6/p=mixed/r=1/sig=0,M_q0,0.1,0.6,-1.0,1.0,0.0,1.0,1.0,bpi2019,autorpa_233k,ours_pop_cap_epoch,47212779509.143,1.002458,22.2,43.5,15271.2,13862.5,0.0,88647.9,14695.0,0.014,616.9,299404717.672,ours_noinflate,0.583679
h=0.1/q0=0.6/p=mixed/r=1/sig=0,M_q0,0.1,0.6,-1.0,1.0,0.0,1.0,1.0,bpi2019,autorpa_233k,ours_pop_cap_realized,47212779509.143,1.002458,22.2,43.5,15271.2,13862.5,0.0,88647.9,14695.0,0.014,616.9,299404717.672,ours_noinflate,0.583679
h=0.1/q0=0.6/p=mixed/r=1/sig=0,M_q0,0.1,0.6,-1.0,1.0,0.0,1.0,1.0,bpi2019,autorpa_233k,breakeven,67528542647.247,1.433818,1.8,6.6,25781.1,230.7,0.0,1449.2,25616.2,0.002,25078.0,12171294390.962,ours_noinflate,0.583679
h=0.1/q0=0.6/p=mixed/r=1/sig=0,M_q0,0.1,0.6,-1.0,1.0,0.0,1.0,1.0,bpi2019,autorpa_233k,offline_taxblind,46159308577.373,0.98009,,,,,,,,,,,ours_noinflate,0.583679
h=0.1/q0=0.6/p=mixed/r=1/sig=0,M_q0,0.1,0.6,-1.0,1.0,0.0,1.0,1.0,bpi2019,autorpa_233k,offline_opt_tax,46499509457.365,0.987314,,,,,,,,,,,ours_noinflate,0.583679
h=0.1/q0=0.6/p=mixed/r=1/sig=0,M_q0,0.1,0.6,-1.0,1.0,0.0,1.0,1.0,bpi2019,native,always_reactive,55345222128.083,1.0,0.0,0.0,0.0,0.0,0.0,0.0,0.0,0.002,0.0,0.0,always_reactive,0.288291
h=0.1/q0=0.6/p=mixed/r=1/sig=0,M_q0,0.1,0.6,-1.0,1.0,0.0,1.0,1.0,bpi2019,native,always_compile_evict,191976812065.678,3.468715,71.6,119.0,86711.6,16838.8,0.0,107662.3,86642.6,0.01,68649.0,131031785640.714,always_reactive,0.288291
h=0.1/q0=0.6/p=mixed/r=1/sig=0,M_q0,0.1,0.6,-1.0,1.0,0.0,1.0,1.0,bpi2019,native,ours_noinflate,55345222128.083,1.0,0.0,0.0,0.0,0.0,0.0,0.0,0.0,0.002,0.0,0.0,always_reactive,0.288291
h=0.1/q0=0.6/p=mixed/r=1/sig=0,M_q0,0.1,0.6,-1.0,1.0,0.0,1.0,1.0,bpi2019,native,oracle_tax,55342353700.514,0.999948,1.9,3.8,22.0,20.1,0.0,138.9,12.7,0.002,0.0,0.0,always_reactive,0.288291
h=0.1/q0=0.6/p=mixed/r=1/sig=0,M_q0,0.1,0.6,-1.0,1.0,0.0,1.0,1.0,bpi2019,native,ours_cap_epoch,55345222128.083,1.0,0.0,0.0,0.0,0.0,0.0,0.0,0.0,0.002,0.0,0.0,always_reactive,0.288291
h=0.1/q0=0.6/p=mixed/r=1/sig=0,M_q0,0.1,0.6,-1.0,1.0,0.0,1.0,1.0,bpi2019,native,ours_cap_realized,55345222128.083,1.0,0.0,0.0,0.0,0.0,0.0,0.0,0.0,0.002,0.0,0.0,always_reactive,0.288291
h=0.1/q0=0.6/p=mixed/r=1/sig=0,M_q0,0.1,0.6,-1.0,1.0,0.0,1.0,1.0,bpi2019,native,ours_pop_prior,55345222128.083,1.0,0.0,0.0,0.0,0.0,0.0,0.0,0.0,0.002,0.0,0.0,always_reactive,0.288291
h=0.1/q0=0.6/p=mixed/r=1/sig=0,M_q0,0.1,0.6,-1.0,1.0,0.0,1.0,1.0,bpi2019,native,ours_pop_prior_s4,55345222128.083,1.0,0.0,0.0,0.0,0.0,0.0,0.0,0.0,0.002,0.0,0.0,always_reactive,0.288291
h=0.1/q0=0.6/p=mixed/r=1/sig=0,M_q0,0.1,0.6,-1.0,1.0,0.0,1.0,1.0,bpi2019,native,ours_pop_cap_epoch,55345222128.083,1.0,0.0,0.0,0.0,0.0,0.0,0.0,0.0,0.002,0.0,0.0,always_reactive,0.288291
h=0.1/q0=0.6/p=mixed/r=1/sig=0,M_q0,0.1,0.6,-1.0,1.0,0.0,1.0,1.0,bpi2019,native,ours_pop_cap_realized,55345222128.083,1.0,0.0,0.0,0.0,0.0,0.0,0.0,0.0,0.002,0.0,0.0,always_reactive,0.288291
h=0.1/q0=0.6/p=mixed/r=1/sig=0,M_q0,0.1,0.6,-1.0,1.0,0.0,1.0,1.0,bpi2019,native,breakeven,67429182381.316,1.218338,1.1,7.5,6578.5,195.9,0.0,1206.9,6549.3,0.002,6206.0,11845522319.133,always_reactive,0.288291
h=0.1/q0=0.6/p=mixed/r=1/sig=0,M_q0,0.1,0.6,-1.0,1.0,0.0,1.0,1.0,bpi2019,native,offline_taxblind,54326535060.326,0.981594,,,,,,,,,,,always_reactive,0.288291
h=0.1/q0=0.6/p=mixed/r=1/sig=0,M_q0,0.1,0.6,-1.0,1.0,0.0,1.0,1.0,bpi2019,native,offline_opt_tax,54432103311.471,0.983501,,,,,,,,,,,always_reactive,0.288291
h=0.1/q0=0.6/p=mixed/r=1/sig=0,M_q0,0.1,0.6,-1.0,1.0,0.0,1.0,1.0,sepsis,autorpa_233k,always_reactive,192091479.622,0.996886,0.0,0.0,0.0,0.0,0.0,0.0,0.0,0.002,0.0,0.0,always_reactive,0.888262
h=0.1/q0=0.6/p=mixed/r=1/sig=0,M_q0,0.1,0.6,-1.0,1.0,0.0,1.0,1.0,sepsis,autorpa_233k,always_compile_evict,216255391.115,1.122288,12.3,14.7,74.5,9.1,0.0,60.7,67.9,0.005,47.0,22810863.561,always_reactive,0.888262
h=0.1/q0=0.6/p=mixed/r=1/sig=0,M_q0,0.1,0.6,-1.0,1.0,0.0,1.0,1.0,sepsis,autorpa_233k,ours_noinflate,192691466.39,1.0,2.2,3.0,7.5,1.7,0.0,11.3,5.1,0.003,2.0,970675.045,always_reactive,0.888262
h=0.1/q0=0.6/p=mixed/r=1/sig=0,M_q0,0.1,0.6,-1.0,1.0,0.0,1.0,1.0,sepsis,autorpa_233k,oracle_tax,190692853.835,0.989628,3.9,5.5,9.8,5.9,0.0,39.2,3.2,0.004,0.0,0.0,always_reactive,0.888262
h=0.1/q0=0.6/p=mixed/r=1/sig=0,M_q0,0.1,0.6,-1.0,1.0,0.0,1.0,1.0,sepsis,autorpa_233k,ours_cap_epoch,192691466.39,1.0,2.2,3.0,7.5,1.7,0.0,11.3,5.1,0.003,2.0,970675.045,always_reactive,0.888262
h=0.1/q0=0.6/p=mixed/r=1/sig=0,M_q0,0.1,0.6,-1.0,1.0,0.0,1.0,1.0,sepsis,autorpa_233k,ours_cap_realized,192691466.39,1.0,2.2,3.0,7.5,1.7,0.0,11.3,5.1,0.003,2.0,970675.045,always_reactive,0.888262
h=0.1/q0=0.6/p=mixed/r=1/sig=0,M_q0,0.1,0.6,-1.0,1.0,0.0,1.0,1.0,sepsis,autorpa_233k,ours_pop_prior,193418703.054,1.003774,3.0,4.0,10.5,2.2,0.0,14.5,7.2,0.003,3.6,1747215.081,always_reactive,0.888262
h=0.1/q0=0.6/p=mixed/r=1/sig=0,M_q0,0.1,0.6,-1.0,1.0,0.0,1.0,1.0,sepsis,autorpa_233k,ours_pop_prior_s4,193960782.221,1.006587,2.2,3.3,10.7,1.9,0.0,12.4,7.5,0.003,4.9,2378153.861,always_reactive,0.888262
h=0.1/q0=0.6/p=mixed/r=1/sig=0,M_q0,0.1,0.6,-1.0,1.0,0.0,1.0,1.0,sepsis,autorpa_233k,ours_pop_cap_epoch,193256499.282,1.002932,3.6,4.7,10.7,2.4,0.0,15.5,7.4,0.003,3.0,1456012.568,always_reactive,0.888262
h=0.1/q0=0.6/p=mixed/r=1/sig=0,M_q0,0.1,0.6,-1.0,1.0,0.0,1.0,1.0,sepsis,autorpa_233k,ours_pop_cap_realized,193256499.282,1.002932,3.6,4.7,10.7,2.4,0.0,15.5,7.4,0.003,3.0,1456012.568,always_reactive,0.888262
h=0.1/q0=0.6/p=mixed/r=1/sig=0,M_q0,0.1,0.6,-1.0,1.0,0.0,1.0,1.0,sepsis,autorpa_233k,breakeven,195721204.536,1.015723,1.1,2.5,11.9,2.4,0.0,14.3,9.8,0.002,8.0,3882700.181,always_reactive,0.888262
h=0.1/q0=0.6/p=mixed/r=1/sig=0,M_q0,0.1,0.6,-1.0,1.0,0.0,1.0,1.0,sepsis,autorpa_233k,offline_taxblind,189531758.678,0.983602,,,,,,,,,,,always_reactive,0.888262
h=0.1/q0=0.6/p=mixed/r=1/sig=0,M_q0,0.1,0.6,-1.0,1.0,0.0,1.0,1.0,sepsis,autorpa_233k,offline_opt_tax,190214604.846,0.987146,,,,,,,,,,,always_reactive,0.888262
h=0.1/q0=0.6/p=mixed/r=1/sig=0,M_q0,0.1,0.6,-1.0,1.0,0.0,1.0,1.0,sepsis,native,always_reactive,192091479.622,1.0,0.0,0.0,0.0,0.0,0.0,0.0,0.0,0.002,0.0,0.0,always_reactive,0.636071
h=0.1/q0=0.6/p=mixed/r=1/sig=0,M_q0,0.1,0.6,-1.0,1.0,0.0,1.0,1.0,sepsis,native,always_compile_evict,301997098.321,1.572152,15.7,16.8,74.5,9.1,0.0,60.7,74.1,0.004,47.0,89709885.433,always_reactive,0.636071
h=0.1/q0=0.6/p=mixed/r=1/sig=0,M_q0,0.1,0.6,-1.0,1.0,0.0,1.0,1.0,sepsis,native,ours_noinflate,192091479.622,1.0,0.0,0.0,0.0,0.0,0.0,0.0,0.0,0.002,0.0,0.0,always_reactive,0.636071
h=0.1/q0=0.6/p=mixed/r=1/sig=0,M_q0,0.1,0.6,-1.0,1.0,0.0,1.0,1.0,sepsis,native,oracle_tax,192461097.612,1.001924,0.2,1.0,1.0,0.8,0.0,4.8,0.6,0.002,0.0,0.0,always_reactive,0.636071
h=0.1/q0=0.6/p=mixed/r=1/sig=0,M_q0,0.1,0.6,-1.0,1.0,0.0,1.0,1.0,sepsis,native,ours_cap_epoch,192091479.622,1.0,0.0,0.0,0.0,0.0,0.0,0.0,0.0,0.002,0.0,0.0,always_reactive,0.636071
h=0.1/q0=0.6/p=mixed/r=1/sig=0,M_q0,0.1,0.6,-1.0,1.0,0.0,1.0,1.0,sepsis,native,ours_cap_realized,192091479.622,1.0,0.0,0.0,0.0,0.0,0.0,0.0,0.0,0.002,0.0,0.0,always_reactive,0.636071
h=0.1/q0=0.6/p=mixed/r=1/sig=0,M_q0,0.1,0.6,-1.0,1.0,0.0,1.0,1.0,sepsis,native,ours_pop_prior,192091479.622,1.0,0.0,0.0,0.0,0.0,0.0,0.0,0.0,0.002,0.0,0.0,always_reactive,0.636071
h=0.1/q0=0.6/p=mixed/r=1/sig=0,M_q0,0.1,0.6,-1.0,1.0,0.0,1.0,1.0,sepsis,native,ours_pop_prior_s4,192091479.622,1.0,0.0,0.0,0.0,0.0,0.0,0.0,0.0,0.002,0.0,0.0,always_reactive,0.636071
h=0.1/q0=0.6/p=mixed/r=1/sig=0,M_q0,0.1,0.6,-1.0,1.0,0.0,1.0,1.0,sepsis,native,ours_pop_cap_epoch,192091479.622,1.0,0.0,0.0,0.0,0.0,0.0,0.0,0.0,0.002,0.0,0.0,always_reactive,0.636071
h=0.1/q0=0.6/p=mixed/r=1/sig=0,M_q0,0.1,0.6,-1.0,1.0,0.0,1.0,1.0,sepsis,native,ours_pop_cap_realized,192091479.622,1.0,0.0,0.0,0.0,0.0,0.0,0.0,0.0,0.002,0.0,0.0,always_reactive,0.636071
h=0.1/q0=0.6/p=mixed/r=1/sig=0,M_q0,0.1,0.6,-1.0,1.0,0.0,1.0,1.0,sepsis,native,breakeven,192091479.622,1.0,0.0,0.0,0.0,0.0,0.0,0.0,0.0,0.002,0.0,0.0,always_reactive,0.636071
h=0.1/q0=0.6/p=mixed/r=1/sig=0,M_q0,0.1,0.6,-1.0,1.0,0.0,1.0,1.0,sepsis,native,offline_taxblind,192091479.622,1.0,,,,,,,,,,,always_reactive,0.636071
h=0.1/q0=0.6/p=mixed/r=1/sig=0,M_q0,0.1,0.6,-1.0,1.0,0.0,1.0,1.0,sepsis,native,offline_opt_tax,192091479.622,1.0,,,,,,,,,,,always_reactive,0.636071
h=0.1/q0=0.6/p=mixed/r=1/sig=0,M_q0,0.1,0.6,-1.0,1.0,0.0,1.0,1.0,wiki_A,autorpa_233k,always_reactive,10476085685.358,1.175866,0.0,0.0,0.0,0.0,0.0,0.0,0.0,0.002,0.0,0.0,ours_pop_cap_epoch,0.397321
h=0.1/q0=0.6/p=mixed/r=1/sig=0,M_q0,0.1,0.6,-1.0,1.0,0.0,1.0,1.0,wiki_A,autorpa_233k,always_compile_evict,22417063057.798,2.516155,7.1,30.3,31513.5,3484.3,0.0,22238.2,30915.2,0.004,27809.0,13496751165.092,ours_pop_cap_epoch,0.397321
h=0.1/q0=0.6/p=mixed/r=1/sig=0,M_q0,0.1,0.6,-1.0,1.0,0.0,1.0,1.0,wiki_A,autorpa_233k,ours_noinflate,8909252437.014,1.0,5.0,19.5,2952.1,2823.2,0.0,18016.1,2437.3,0.007,40.0,19413500.903,ours_pop_cap_epoch,0.397321
h=0.1/q0=0.6/p=mixed/r=1/sig=0,M_q0,0.1,0.6,-1.0,1.0,0.0,1.0,1.0,wiki_A,autorpa_233k,oracle_tax,10404882071.079,1.167874,4.8,5.8,179.9,175.1,0.0,1088.5,101.9,0.003,0.0,0.0,ours_pop_cap_epoch,0.397321
h=0.1/q0=0.6/p=mixed/r=1/sig=0,M_q0,0.1,0.6,-1.0,1.0,0.0,1.0,1.0,wiki_A,autorpa_233k,ours_cap_epoch,8909252437.014,1.0,5.0,19.5,2952.1,2823.2,0.0,18016.1,2437.3,0.007,40.0,19413500.903,ours_pop_cap_epoch,0.397321
h=0.1/q0=0.6/p=mixed/r=1/sig=0,M_q0,0.1,0.6,-1.0,1.0,0.0,1.0,1.0,wiki_A,autorpa_233k,ours_cap_realized,8909252437.014,1.0,5.0,19.5,2952.1,2823.2,0.0,18016.1,2437.3,0.007,40.0,19413500.903,ours_pop_cap_epoch,0.397321
h=0.1/q0=0.6/p=mixed/r=1/sig=0,M_q0,0.1,0.6,-1.0,1.0,0.0,1.0,1.0,wiki_A,autorpa_233k,ours_pop_prior,8928618075.954,1.002174,7.3,25.3,3359.1,3084.6,0.0,19699.8,2783.9,0.008,123.0,59696515.276,ours_pop_cap_epoch,0.397321
h=0.1/q0=0.6/p=mixed/r=1/sig=0,M_q0,0.1,0.6,-1.0,1.0,0.0,1.0,1.0,wiki_A,autorpa_233k,ours_pop_prior_s4,8961926813.107,1.005912,7.3,25.3,3424.7,3082.6,0.0,19689.9,2851.7,0.008,191.3,92845068.067,ours_pop_cap_epoch,0.397321
h=0.1/q0=0.6/p=mixed/r=1/sig=0,M_q0,0.1,0.6,-1.0,1.0,0.0,1.0,1.0,wiki_A,autorpa_233k,ours_pop_cap_epoch,8906780548.267,0.999723,7.3,25.4,3316.2,3085.7,0.0,19706.8,2740.8,0.008,79.0,38341664.283,ours_pop_cap_epoch,0.397321
h=0.1/q0=0.6/p=mixed/r=1/sig=0,M_q0,0.1,0.6,-1.0,1.0,0.0,1.0,1.0,wiki_A,autorpa_233k,ours_pop_cap_realized,8906780548.267,0.999723,7.3,25.4,3316.2,3085.7,0.0,19706.8,2740.8,0.008,79.0,38341664.283,ours_pop_cap_epoch,0.397321
h=0.1/q0=0.6/p=mixed/r=1/sig=0,M_q0,0.1,0.6,-1.0,1.0,0.0,1.0,1.0,wiki_A,autorpa_233k,breakeven,11869244165.542,1.332238,0.0,5.5,6119.1,1501.5,0.0,9544.6,5748.7,0.002,4530.0,2198578977.234,ours_pop_cap_epoch,0.397321
h=0.1/q0=0.6/p=mixed/r=1/sig=0,M_q0,0.1,0.6,-1.0,1.0,0.0,1.0,1.0,wiki_A,autorpa_233k,offline_taxblind,8783895461.138,0.98593,,,,,,,,,,,ours_pop_cap_epoch,0.397321
h=0.1/q0=0.6/p=mixed/r=1/sig=0,M_q0,0.1,0.6,-1.0,1.0,0.0,1.0,1.0,wiki_A,autorpa_233k,offline_opt_tax,8817974116.66,0.989755,,,,,,,,,,,ours_pop_cap_epoch,0.397321
h=0.1/q0=0.6/p=mixed/r=1/sig=0,M_q0,0.1,0.6,-1.0,1.0,0.0,1.0,1.0,wiki_A,native,always_reactive,10476085685.358,1.0,0.0,0.0,0.0,0.0,0.0,0.0,0.0,0.002,0.0,0.0,always_reactive,0.162161
h=0.1/q0=0.6/p=mixed/r=1/sig=0,M_q0,0.1,0.6,-1.0,1.0,0.0,1.0,1.0,wiki_A,native,always_compile_evict,64602997667.614,6.166711,22.4,58.8,31513.5,3484.3,0.0,22238.2,31328.3,0.002,27809.0,53079621362.042,always_reactive,0.162161
h=0.1/q0=0.6/p=mixed/r=1/sig=0,M_q0,0.1,0.6,-1.0,1.0,0.0,1.0,1.0,wiki_A,native,ours_noinflate,10476085685.358,1.0,0.0,0.0,0.0,0.0,0.0,0.0,0.0,0.002,0.0,0.0,always_reactive,0.162161
h=0.1/q0=0.6/p=mixed/r=1/sig=0,M_q0,0.1,0.6,-1.0,1.0,0.0,1.0,1.0,wiki_A,native,oracle_tax,10475712469.143,0.999964,0.6,1.0,3.7,3.1,0.0,19.6,2.3,0.002,0.0,0.0,always_reactive,0.162161
h=0.1/q0=0.6/p=mixed/r=1/sig=0,M_q0,0.1,0.6,-1.0,1.0,0.0,1.0,1.0,wiki_A,native,ours_cap_epoch,10476085685.358,1.0,0.0,0.0,0.0,0.0,0.0,0.0,0.0,0.002,0.0,0.0,always_reactive,0.162161
h=0.1/q0=0.6/p=mixed/r=1/sig=0,M_q0,0.1,0.6,-1.0,1.0,0.0,1.0,1.0,wiki_A,native,ours_cap_realized,10476085685.358,1.0,0.0,0.0,0.0,0.0,0.0,0.0,0.0,0.002,0.0,0.0,always_reactive,0.162161
h=0.1/q0=0.6/p=mixed/r=1/sig=0,M_q0,0.1,0.6,-1.0,1.0,0.0,1.0,1.0,wiki_A,native,ours_pop_prior,10476085685.358,1.0,0.0,0.0,0.0,0.0,0.0,0.0,0.0,0.002,0.0,0.0,always_reactive,0.162161
h=0.1/q0=0.6/p=mixed/r=1/sig=0,M_q0,0.1,0.6,-1.0,1.0,0.0,1.0,1.0,wiki_A,native,ours_pop_prior_s4,10476085685.358,1.0,0.0,0.0,0.0,0.0,0.0,0.0,0.0,0.002,0.0,0.0,always_reactive,0.162161
h=0.1/q0=0.6/p=mixed/r=1/sig=0,M_q0,0.1,0.6,-1.0,1.0,0.0,1.0,1.0,wiki_A,native,ours_pop_cap_epoch,10476085685.358,1.0,0.0,0.0,0.0,0.0,0.0,0.0,0.0,0.002,0.0,0.0,always_reactive,0.162161
h=0.1/q0=0.6/p=mixed/r=1/sig=0,M_q0,0.1,0.6,-1.0,1.0,0.0,1.0,1.0,wiki_A,native,ours_pop_cap_realized,10476085685.358,1.0,0.0,0.0,0.0,0.0,0.0,0.0,0.0,0.002,0.0,0.0,always_reactive,0.162161
h=0.1/q0=0.6/p=mixed/r=1/sig=0,M_q0,0.1,0.6,-1.0,1.0,0.0,1.0,1.0,wiki_A,native,breakeven,12778108405.429,1.219741,0.1,5.2,2166.1,1004.0,0.0,6398.7,2033.7,0.002,1128.0,2153037250.4,always_reactive,0.162161
h=0.1/q0=0.6/p=mixed/r=1/sig=0,M_q0,0.1,0.6,-1.0,1.0,0.0,1.0,1.0,wiki_A,native,offline_taxblind,10407827677.974,0.993484,,,,,,,,,,,always_reactive,0.162161
h=0.1/q0=0.6/p=mixed/r=1/sig=0,M_q0,0.1,0.6,-1.0,1.0,0.0,1.0,1.0,wiki_A,native,offline_opt_tax,10416944012.096,0.994355,,,,,,,,,,,always_reactive,0.162161
h=0.1/q0=0.6/p=mixed/r=1/sig=0,M_q0,0.1,0.6,-1.0,1.0,0.0,1.0,1.0,wiki_B,autorpa_233k,always_reactive,18276078036.516,1.013569,0.0,0.0,0.0,0.0,0.0,0.0,0.0,0.002,0.0,0.0,ours_noinflate,0.850385
h=0.1/q0=0.6/p=mixed/r=1/sig=0,M_q0,0.1,0.6,-1.0,1.0,0.0,1.0,1.0,wiki_B,autorpa_233k,always_compile_evict,21203815316.304,1.175938,41.8,60.6,9809.0,2195.2,0.0,13832.8,9394.4,0.017,6512.0,3160517946.964,ours_noinflate,0.850385
h=0.1/q0=0.6/p=mixed/r=1/sig=0,M_q0,0.1,0.6,-1.0,1.0,0.0,1.0,1.0,wiki_B,autorpa_233k,ours_noinflate,18031406699.653,1.0,19.8,34.5,1952.6,1170.2,0.0,7422.9,1645.7,0.011,364.0,176662858.215,ours_noinflate,0.850385
h=0.1/q0=0.6/p=mixed/r=1/sig=0,M_q0,0.1,0.6,-1.0,1.0,0.0,1.0,1.0,wiki_B,autorpa_233k,oracle_tax,18232387417.652,1.011146,15.2,17.7,100.6,85.4,0.0,541.1,45.0,0.002,0.0,0.0,ours_noinflate,0.850385
h=0.1/q0=0.6/p=mixed/r=1/sig=0,M_q0,0.1,0.6,-1.0,1.0,0.0,1.0,1.0,wiki_B,autorpa_233k,ours_cap_epoch,18031406699.653,1.0,19.8,34.5,1952.6,1170.2,0.0,7422.9,1645.7,0.011,364.0,176662858.215,ours_noinflate,0.850385
h=0.1/q0=0.6/p=mixed/r=1/sig=0,M_q0,0.1,0.6,-1.0,1.0,0.0,1.0,1.0,wiki_B,autorpa_233k,ours_cap_realized,18031406699.653,1.0,19.8,34.5,1952.6,1170.2,0.0,7422.9,1645.7,0.011,364.0,176662858.215,ours_noinflate,0.850385
h=0.1/q0=0.6/p=mixed/r=1/sig=0,M_q0,0.1,0.6,-1.0,1.0,0.0,1.0,1.0,wiki_B,autorpa_233k,ours_pop_prior,18226388443.201,1.010813,29.6,45.4,3071.4,1689.4,0.0,10709.6,2718.6,0.015,729.6,354102256.466,ours_noinflate,0.850385
h=0.1/q0=0.6/p=mixed/r=1/sig=0,M_q0,0.1,0.6,-1.0,1.0,0.0,1.0,1.0,wiki_B,autorpa_233k,ours_pop_prior_s4,18327787125.692,1.016437,28.1,42.4,3191.3,1621.2,0.0,10271.6,2846.0,0.014,959.9,465875487.913,ours_noinflate,0.850385
h=0.1/q0=0.6/p=mixed/r=1/sig=0,M_q0,0.1,0.6,-1.0,1.0,0.0,1.0,1.0,wiki_B,autorpa_233k,ours_pop_cap_epoch,18153378632.538,1.006764,29.7,47.0,2966.6,1722.6,0.0,10904.1,2606.2,0.015,559.3,271449276.372,ours_noinflate,0.850385
h=0.1/q0=0.6/p=mixed/r=1/sig=0,M_q0,0.1,0.6,-1.0,1.0,0.0,1.0,1.0,wiki_B,autorpa_233k,ours_pop_cap_realized,18153378632.538,1.006764,29.7,47.0,2966.6,1722.6,0.0,10904.1,2606.2,0.015,559.3,271449276.372,ours_noinflate,0.850385
h=0.1/q0=0.6/p=mixed/r=1/sig=0,M_q0,0.1,0.6,-1.0,1.0,0.0,1.0,1.0,wiki_B,autorpa_233k,breakeven,19018574147.805,1.054747,2.4,8.2,2026.8,170.0,0.0,1120.5,1908.1,0.003,1524.0,739654384.394,ours_noinflate,0.850385
h=0.1/q0=0.6/p=mixed/r=1/sig=0,M_q0,0.1,0.6,-1.0,1.0,0.0,1.0,1.0,wiki_B,autorpa_233k,offline_taxblind,17474423744.826,0.96911,,,,,,,,,,,ours_noinflate,0.850385
h=0.1/q0=0.6/p=mixed/r=1/sig=0,M_q0,0.1,0.6,-1.0,1.0,0.0,1.0,1.0,wiki_B,autorpa_233k,offline_opt_tax,17597704231.371,0.975947,,,,,,,,,,,ours_noinflate,0.850385
h=0.1/q0=0.6/p=mixed/r=1/sig=0,M_q0,0.1,0.6,-1.0,1.0,0.0,1.0,1.0,wiki_B,native,always_reactive,18276078036.516,1.0,0.0,0.0,0.0,0.0,0.0,0.0,0.0,0.002,0.0,0.0,always_reactive,0.549603
h=0.1/q0=0.6/p=mixed/r=1/sig=0,M_q0,0.1,0.6,-1.0,1.0,0.0,1.0,1.0,wiki_B,native,always_compile_evict,33253256194.568,1.819496,121.2,134.6,9809.0,2195.2,0.0,13832.8,9748.4,0.027,6512.0,12429590934.933,always_reactive,0.549603
h=0.1/q0=0.6/p=mixed/r=1/sig=0,M_q0,0.1,0.6,-1.0,1.0,0.0,1.0,1.0,wiki_B,native,ours_noinflate,18276078036.516,1.0,0.0,0.0,0.0,0.0,0.0,0.0,0.0,0.002,0.0,0.0,always_reactive,0.549603
h=0.1/q0=0.6/p=mixed/r=1/sig=0,M_q0,0.1,0.6,-1.0,1.0,0.0,1.0,1.0,wiki_B,native,oracle_tax,18275412967.609,0.999964,0.5,1.0,6.1,5.6,0.0,36.5,3.5,0.002,0.0,0.0,always_reactive,0.549603
h=0.1/q0=0.6/p=mixed/r=1/sig=0,M_q0,0.1,0.6,-1.0,1.0,0.0,1.0,1.0,wiki_B,native,ours_cap_epoch,18276078036.516,1.0,0.0,0.0,0.0,0.0,0.0,0.0,0.0,0.002,0.0,0.0,always_reactive,0.549603
h=0.1/q0=0.6/p=mixed/r=1/sig=0,M_q0,0.1,0.6,-1.0,1.0,0.0,1.0,1.0,wiki_B,native,ours_cap_realized,18276078036.516,1.0,0.0,0.0,0.0,0.0,0.0,0.0,0.0,0.002,0.0,0.0,always_reactive,0.549603
h=0.1/q0=0.6/p=mixed/r=1/sig=0,M_q0,0.1,0.6,-1.0,1.0,0.0,1.0,1.0,wiki_B,native,ours_pop_prior,18276078036.516,1.0,0.0,0.0,0.0,0.0,0.0,0.0,0.0,0.002,0.0,0.0,always_reactive,0.549603
h=0.1/q0=0.6/p=mixed/r=1/sig=0,M_q0,0.1,0.6,-1.0,1.0,0.0,1.0,1.0,wiki_B,native,ours_pop_prior_s4,18276078036.516,1.0,0.0,0.0,0.0,0.0,0.0,0.0,0.0,0.002,0.0,0.0,always_reactive,0.549603
h=0.1/q0=0.6/p=mixed/r=1/sig=0,M_q0,0.1,0.6,-1.0,1.0,0.0,1.0,1.0,wiki_B,native,ours_pop_cap_epoch,18276078036.516,1.0,0.0,0.0,0.0,0.0,0.0,0.0,0.0,0.002,0.0,0.0,always_reactive,0.549603
h=0.1/q0=0.6/p=mixed/r=1/sig=0,M_q0,0.1,0.6,-1.0,1.0,0.0,1.0,1.0,wiki_B,native,ours_pop_cap_realized,18276078036.516,1.0,0.0,0.0,0.0,0.0,0.0,0.0,0.0,0.002,0.0,0.0,always_reactive,0.549603
h=0.1/q0=0.6/p=mixed/r=1/sig=0,M_q0,0.1,0.6,-1.0,1.0,0.0,1.0,1.0,wiki_B,native,breakeven,18901462229.698,1.034219,1.7,6.6,484.1,135.0,0.0,860.1,458.7,0.003,273.0,521080823.9,always_reactive,0.549603
h=0.1/q0=0.6/p=mixed/r=1/sig=0,M_q0,0.1,0.6,-1.0,1.0,0.0,1.0,1.0,wiki_B,native,offline_taxblind,18229207337.145,0.997435,,,,,,,,,,,always_reactive,0.549603
h=0.1/q0=0.6/p=mixed/r=1/sig=0,M_q0,0.1,0.6,-1.0,1.0,0.0,1.0,1.0,wiki_B,native,offline_opt_tax,18251658465.454,0.998664,,,,,,,,,,,always_reactive,0.549603
h=0.3/q0=0.4/p=mixed/r=1/sig=0,M_core,0.3,0.4,-1.0,1.0,0.0,1.0,1.0,bpi2019,autorpa_233k,always_reactive,55345222128.083,1.0,0.0,0.0,0.0,0.0,0.0,0.0,0.0,0.002,0.0,0.0,always_reactive,0.64261
h=0.3/q0=0.4/p=mixed/r=1/sig=0,M_core,0.3,0.4,-1.0,1.0,0.0,1.0,1.0,bpi2019,autorpa_233k,always_compile_evict,86125697056.127,1.556154,20.0,41.5,120034.8,50438.4,0.0,97544.4,119383.0,0.007,68649.0,33317935586.772,always_reactive,0.64261
h=0.3/q0=0.4/p=mixed/r=1/sig=0,M_core,0.3,0.4,-1.0,1.0,0.0,1.0,1.0,bpi2019,autorpa_233k,ours_noinflate,55345222128.083,1.0,0.0,0.0,0.0,0.0,0.0,0.0,0.0,0.002,0.0,0.0,always_reactive,0.64261
h=0.3/q0=0.4/p=mixed/r=1/sig=0,M_core,0.3,0.4,-1.0,1.0,0.0,1.0,1.0,bpi2019,autorpa_233k,oracle_tax,55331641767.585,0.999755,3.9,9.7,120.9,117.0,0.0,217.1,63.7,0.002,0.0,0.0,always_reactive,0.64261
h=0.3/q0=0.4/p=mixed/r=1/sig=0,M_core,0.3,0.4,-1.0,1.0,0.0,1.0,1.0,bpi2019,autorpa_233k,ours_cap_epoch,55345222128.083,1.0,0.0,0.0,0.0,0.0,0.0,0.0,0.0,0.002,0.0,0.0,always_reactive,0.64261
h=0.3/q0=0.4/p=mixed/r=1/sig=0,M_core,0.3,0.4,-1.0,1.0,0.0,1.0,1.0,bpi2019,autorpa_233k,ours_cap_realized,55345222128.083,1.0,0.0,0.0,0.0,0.0,0.0,0.0,0.0,0.002,0.0,0.0,always_reactive,0.64261
h=0.3/q0=0.4/p=mixed/r=1/sig=0,M_core,0.3,0.4,-1.0,1.0,0.0,1.0,1.0,bpi2019,autorpa_233k,ours_pop_prior,55345222128.083,1.0,0.0,0.0,0.0,0.0,0.0,0.0,0.0,0.002,0.0,0.0,always_reactive,0.64261
h=0.3/q0=0.4/p=mixed/r=1/sig=0,M_core,0.3,0.4,-1.0,1.0,0.0,1.0,1.0,bpi2019,autorpa_233k,ours_pop_prior_s4,55345222128.083,1.0,0.0,0.0,0.0,0.0,0.0,0.0,0.0,0.002,0.0,0.0,always_reactive,0.64261
h=0.3/q0=0.4/p=mixed/r=1/sig=0,M_core,0.3,0.4,-1.0,1.0,0.0,1.0,1.0,bpi2019,autorpa_233k,ours_pop_cap_epoch,55345222128.083,1.0,0.0,0.0,0.0,0.0,0.0,0.0,0.0,0.002,0.0,0.0,always_reactive,0.64261
h=0.3/q0=0.4/p=mixed/r=1/sig=0,M_core,0.3,0.4,-1.0,1.0,0.0,1.0,1.0,bpi2019,autorpa_233k,ours_pop_cap_realized,55345222128.083,1.0,0.0,0.0,0.0,0.0,0.0,0.0,0.0,0.002,0.0,0.0,always_reactive,0.64261
h=0.3/q0=0.4/p=mixed/r=1/sig=0,M_core,0.3,0.4,-1.0,1.0,0.0,1.0,1.0,bpi2019,autorpa_233k,breakeven,69663011070.509,1.2587,0.3,8.6,30547.3,740.2,0.0,1444.6,30318.8,0.002,29346.0,14242714937.282,always_reactive,0.64261
h=0.3/q0=0.4/p=mixed/r=1/sig=0,M_core,0.3,0.4,-1.0,1.0,0.0,1.0,1.0,bpi2019,autorpa_233k,offline_taxblind,50169967854.37,0.906491,,,,,,,,,,,always_reactive,0.64261
h=0.3/q0=0.4/p=mixed/r=1/sig=0,M_core,0.3,0.4,-1.0,1.0,0.0,1.0,1.0,bpi2019,autorpa_233k,offline_opt_tax,50365142861.686,0.910018,,,,,,,,,,,always_reactive,0.64261
h=0.3/q0=0.4/p=mixed/r=1/sig=0,M_core,0.3,0.4,-1.0,1.0,0.0,1.0,1.0,bpi2019,native,always_reactive,55345222128.083,1.0,0.0,0.0,0.0,0.0,0.0,0.0,0.0,0.002,0.0,0.0,always_reactive,0.251739
h=0.3/q0=0.4/p=mixed/r=1/sig=0,M_core,0.3,0.4,-1.0,1.0,0.0,1.0,1.0,bpi2019,native,always_compile_evict,219851722516.991,3.97237,51.1,91.8,120034.8,50438.4,0.0,97544.4,120016.1,0.007,68649.0,131031785640.714,always_reactive,0.251739
h=0.3/q0=0.4/p=mixed/r=1/sig=0,M_core,0.3,0.4,-1.0,1.0,0.0,1.0,1.0,bpi2019,native,ours_noinflate,55345222128.083,1.0,0.0,0.0,0.0,0.0,0.0,0.0,0.0,0.002,0.0,0.0,always_reactive,0.251739
h=0.3/q0=0.4/p=mixed/r=1/sig=0,M_core,0.3,0.4,-1.0,1.0,0.0,1.0,1.0,bpi2019,native,oracle_tax,55345222128.083,1.0,0.0,0.0,0.0,0.0,0.0,0.0,0.0,0.002,0.0,0.0,always_reactive,0.251739
h=0.3/q0=0.4/p=mixed/r=1/sig=0,M_core,0.3,0.4,-1.0,1.0,0.0,1.0,1.0,bpi2019,native,ours_cap_epoch,55345222128.083,1.0,0.0,0.0,0.0,0.0,0.0,0.0,0.0,0.002,0.0,0.0,always_reactive,0.251739
h=0.3/q0=0.4/p=mixed/r=1/sig=0,M_core,0.3,0.4,-1.0,1.0,0.0,1.0,1.0,bpi2019,native,ours_cap_realized,55345222128.083,1.0,0.0,0.0,0.0,0.0,0.0,0.0,0.0,0.002,0.0,0.0,always_reactive,0.251739
h=0.3/q0=0.4/p=mixed/r=1/sig=0,M_core,0.3,0.4,-1.0,1.0,0.0,1.0,1.0,bpi2019,native,ours_pop_prior,55345222128.083,1.0,0.0,0.0,0.0,0.0,0.0,0.0,0.0,0.002,0.0,0.0,always_reactive,0.251739
h=0.3/q0=0.4/p=mixed/r=1/sig=0,M_core,0.3,0.4,-1.0,1.0,0.0,1.0,1.0,bpi2019,native,ours_pop_prior_s4,55345222128.083,1.0,0.0,0.0,0.0,0.0,0.0,0.0,0.0,0.002,0.0,0.0,always_reactive,0.251739
h=0.3/q0=0.4/p=mixed/r=1/sig=0,M_core,0.3,0.4,-1.0,1.0,0.0,1.0,1.0,bpi2019,native,ours_pop_cap_epoch,55345222128.083,1.0,0.0,0.0,0.0,0.0,0.0,0.0,0.0,0.002,0.0,0.0,always_reactive,0.251739
h=0.3/q0=0.4/p=mixed/r=1/sig=0,M_core,0.3,0.4,-1.0,1.0,0.0,1.0,1.0,bpi2019,native,ours_pop_cap_realized,55345222128.083,1.0,0.0,0.0,0.0,0.0,0.0,0.0,0.0,0.002,0.0,0.0,always_reactive,0.251739
h=0.3/q0=0.4/p=mixed/r=1/sig=0,M_core,0.3,0.4,-1.0,1.0,0.0,1.0,1.0,bpi2019,native,breakeven,69758872257.024,1.260432,1.6,6.7,7995.2,556.0,0.0,1081.9,7984.7,0.002,7275.0,13885945032.499,always_reactive,0.251739
h=0.3/q0=0.4/p=mixed/r=1/sig=0,M_core,0.3,0.4,-1.0,1.0,0.0,1.0,1.0,bpi2019,native,offline_taxblind,55345222128.073,1.0,,,,,,,,,,,always_reactive,0.251739
h=0.3/q0=0.4/p=mixed/r=1/sig=0,M_core,0.3,0.4,-1.0,1.0,0.0,1.0,1.0,bpi2019,native,offline_opt_tax,55345222128.073,1.0,,,,,,,,,,,always_reactive,0.251739
h=0.3/q0=0.4/p=mixed/r=1/sig=0,M_core,0.3,0.4,-1.0,1.0,0.0,1.0,1.0,sepsis,autorpa_233k,always_reactive,192091479.622,1.0,0.0,0.0,0.0,0.0,0.0,0.0,0.0,0.002,0.0,0.0,always_reactive,0.877066
h=0.3/q0=0.4/p=mixed/r=1/sig=0,M_core,0.3,0.4,-1.0,1.0,0.0,1.0,1.0,sepsis,autorpa_233k,always_compile_evict,219015986.628,1.140165,10.4,12.4,91.5,29.8,0.0,55.3,86.2,0.004,47.0,22810863.561,always_reactive,0.877066
h=0.3/q0=0.4/p=mixed/r=1/sig=0,M_core,0.3,0.4,-1.0,1.0,0.0,1.0,1.0,sepsis,autorpa_233k,ours_noinflate,192091479.622,1.0,0.0,0.0,0.0,0.0,0.0,0.0,0.0,0.002,0.0,0.0,always_reactive,0.877066
h=0.3/q0=0.4/p=mixed/r=1/sig=0,M_core,0.3,0.4,-1.0,1.0,0.0,1.0,1.0,sepsis,autorpa_233k,oracle_tax,191519042.139,0.99702,1.1,2.8,8.6,7.5,0.0,12.5,4.6,0.003,0.0,0.0,always_reactive,0.877066
h=0.3/q0=0.4/p=mixed/r=1/sig=0,M_core,0.3,0.4,-1.0,1.0,0.0,1.0,1.0,sepsis,autorpa_233k,ours_cap_epoch,192091479.622,1.0,0.0,0.0,0.0,0.0,0.0,0.0,0.0,0.002,0.0,0.0,always_reactive,0.877066
h=0.3/q0=0.4/p=mixed/r=1/sig=0,M_core,0.3,0.4,-1.0,1.0,0.0,1.0,1.0,sepsis,autorpa_233k,ours_cap_realized,192091479.622,1.0,0.0,0.0,0.0,0.0,0.0,0.0,0.0,0.002,0.0,0.0,always_reactive,0.877066
h=0.3/q0=0.4/p=mixed/r=1/sig=0,M_core,0.3,0.4,-1.0,1.0,0.0,1.0,1.0,sepsis,autorpa_233k,ours_pop_prior,192091479.622,1.0,0.0,0.0,0.0,0.0,0.0,0.0,0.0,0.002,0.0,0.0,always_reactive,0.877066
h=0.3/q0=0.4/p=mixed/r=1/sig=0,M_core,0.3,0.4,-1.0,1.0,0.0,1.0,1.0,sepsis,autorpa_233k,ours_pop_prior_s4,192091479.622,1.0,0.0,0.0,0.0,0.0,0.0,0.0,0.0,0.002,0.0,0.0,always_reactive,0.877066
h=0.3/q0=0.4/p=mixed/r=1/sig=0,M_core,0.3,0.4,-1.0,1.0,0.0,1.0,1.0,sepsis,autorpa_233k,ours_pop_cap_epoch,192091479.622,1.0,0.0,0.0,0.0,0.0,0.0,0.0,0.0,0.002,0.0,0.0,always_reactive,0.877066
h=0.3/q0=0.4/p=mixed/r=1/sig=0,M_core,0.3,0.4,-1.0,1.0,0.0,1.0,1.0,sepsis,autorpa_233k,ours_pop_cap_realized,192091479.622,1.0,0.0,0.0,0.0,0.0,0.0,0.0,0.0,0.002,0.0,0.0,always_reactive,0.877066
h=0.3/q0=0.4/p=mixed/r=1/sig=0,M_core,0.3,0.4,-1.0,1.0,0.0,1.0,1.0,sepsis,autorpa_233k,breakeven,197596782.72,1.02866,1.7,2.7,18.5,6.0,0.0,9.5,17.3,0.002,10.0,4853375.226,always_reactive,0.877066
h=0.3/q0=0.4/p=mixed/r=1/sig=0,M_core,0.3,0.4,-1.0,1.0,0.0,1.0,1.0,sepsis,autorpa_233k,offline_taxblind,190852942.003,0.993552,,,,,,,,,,,always_reactive,0.877066
h=0.3/q0=0.4/p=mixed/r=1/sig=0,M_core,0.3,0.4,-1.0,1.0,0.0,1.0,1.0,sepsis,autorpa_233k,offline_opt_tax,191180443.543,0.995257,,,,,,,,,,,always_reactive,0.877066
h=0.3/q0=0.4/p=mixed/r=1/sig=0,M_core,0.3,0.4,-1.0,1.0,0.0,1.0,1.0,sepsis,native,always_reactive,192091479.622,1.0,0.0,0.0,0.0,0.0,0.0,0.0,0.0,0.002,0.0,0.0,always_reactive,0.607187
h=0.3/q0=0.4/p=mixed/r=1/sig=0,M_core,0.3,0.4,-1.0,1.0,0.0,1.0,1.0,sepsis,native,always_compile_evict,316362857.968,1.646939,12.7,14.1,91.5,29.8,0.0,55.3,91.5,0.003,47.0,89709885.433,always_reactive,0.607187
h=0.3/q0=0.4/p=mixed/r=1/sig=0,M_core,0.3,0.4,-1.0,1.0,0.0,1.0,1.0,sepsis,native,ours_noinflate,192091479.622,1.0,0.0,0.0,0.0,0.0,0.0,0.0,0.0,0.002,0.0,0.0,always_reactive,0.607187
h=0.3/q0=0.4/p=mixed/r=1/sig=0,M_core,0.3,0.4,-1.0,1.0,0.0,1.0,1.0,sepsis,native,oracle_tax,192091479.622,1.0,0.0,0.0,0.0,0.0,0.0,0.0,0.0,0.002,0.0,0.0,always_reactive,0.607187
h=0.3/q0=0.4/p=mixed/r=1/sig=0,M_core,0.3,0.4,-1.0,1.0,0.0,1.0,1.0,sepsis,native,ours_cap_epoch,192091479.622,1.0,0.0,0.0,0.0,0.0,0.0,0.0,0.0,0.002,0.0,0.0,always_reactive,0.607187
h=0.3/q0=0.4/p=mixed/r=1/sig=0,M_core,0.3,0.4,-1.0,1.0,0.0,1.0,1.0,sepsis,native,ours_cap_realized,192091479.622,1.0,0.0,0.0,0.0,0.0,0.0,0.0,0.0,0.002,0.0,0.0,always_reactive,0.607187
h=0.3/q0=0.4/p=mixed/r=1/sig=0,M_core,0.3,0.4,-1.0,1.0,0.0,1.0,1.0,sepsis,native,ours_pop_prior,192091479.622,1.0,0.0,0.0,0.0,0.0,0.0,0.0,0.0,0.002,0.0,0.0,always_reactive,0.607187
h=0.3/q0=0.4/p=mixed/r=1/sig=0,M_core,0.3,0.4,-1.0,1.0,0.0,1.0,1.0,sepsis,native,ours_pop_prior_s4,192091479.622,1.0,0.0,0.0,0.0,0.0,0.0,0.0,0.0,0.002,0.0,0.0,always_reactive,0.607187
h=0.3/q0=0.4/p=mixed/r=1/sig=0,M_core,0.3,0.4,-1.0,1.0,0.0,1.0,1.0,sepsis,native,ours_pop_cap_epoch,192091479.622,1.0,0.0,0.0,0.0,0.0,0.0,0.0,0.0,0.002,0.0,0.0,always_reactive,0.607187
h=0.3/q0=0.4/p=mixed/r=1/sig=0,M_core,0.3,0.4,-1.0,1.0,0.0,1.0,1.0,sepsis,native,ours_pop_cap_realized,192091479.622,1.0,0.0,0.0,0.0,0.0,0.0,0.0,0.0,0.002,0.0,0.0,always_reactive,0.607187
h=0.3/q0=0.4/p=mixed/r=1/sig=0,M_core,0.3,0.4,-1.0,1.0,0.0,1.0,1.0,sepsis,native,breakeven,194000200.589,1.009937,0.0,0.0,1.0,0.0,0.0,0.0,1.0,0.002,1.0,1908720.967,always_reactive,0.607187
h=0.3/q0=0.4/p=mixed/r=1/sig=0,M_core,0.3,0.4,-1.0,1.0,0.0,1.0,1.0,sepsis,native,offline_taxblind,192091479.622,1.0,,,,,,,,,,,always_reactive,0.607187
h=0.3/q0=0.4/p=mixed/r=1/sig=0,M_core,0.3,0.4,-1.0,1.0,0.0,1.0,1.0,sepsis,native,offline_opt_tax,192091479.622,1.0,,,,,,,,,,,always_reactive,0.607187
h=0.3/q0=0.4/p=mixed/r=1/sig=0,M_core,0.3,0.4,-1.0,1.0,0.0,1.0,1.0,wiki_A,autorpa_233k,always_reactive,10476085685.358,1.0,0.0,0.0,0.0,0.0,0.0,0.0,0.0,0.002,0.0,0.0,always_reactive,0.443936
h=0.3/q0=0.4/p=mixed/r=1/sig=0,M_core,0.3,0.4,-1.0,1.0,0.0,1.0,1.0,wiki_A,autorpa_233k,always_compile_evict,23598181092.805,2.252576,4.8,25.5,38412.5,10427.6,0.0,20149.6,37904.9,0.003,27809.0,13496751165.092,always_reactive,0.443936
h=0.3/q0=0.4/p=mixed/r=1/sig=0,M_core,0.3,0.4,-1.0,1.0,0.0,1.0,1.0,wiki_A,autorpa_233k,ours_noinflate,10476085685.358,1.0,0.0,0.0,0.0,0.0,0.0,0.0,0.0,0.002,0.0,0.0,always_reactive,0.443936
h=0.3/q0=0.4/p=mixed/r=1/sig=0,M_core,0.3,0.4,-1.0,1.0,0.0,1.0,1.0,wiki_A,autorpa_233k,oracle_tax,10473301648.446,0.999734,0.9,2.0,15.6,14.7,0.0,27.9,9.0,0.002,0.0,0.0,always_reactive,0.443936
h=0.3/q0=0.4/p=mixed/r=1/sig=0,M_core,0.3,0.4,-1.0,1.0,0.0,1.0,1.0,wiki_A,autorpa_233k,ours_cap_epoch,10476085685.358,1.0,0.0,0.0,0.0,0.0,0.0,0.0,0.0,0.002,0.0,0.0,always_reactive,0.443936
h=0.3/q0=0.4/p=mixed/r=1/sig=0,M_core,0.3,0.4,-1.0,1.0,0.0,1.0,1.0,wiki_A,autorpa_233k,ours_cap_realized,10476085685.358,1.0,0.0,0.0,0.0,0.0,0.0,0.0,0.0,0.002,0.0,0.0,always_reactive,0.443936
h=0.3/q0=0.4/p=mixed/r=1/sig=0,M_core,0.3,0.4,-1.0,1.0,0.0,1.0,1.0,wiki_A,autorpa_233k,ours_pop_prior,10476085685.358,1.0,0.0,0.0,0.0,0.0,0.0,0.0,0.0,0.002,0.0,0.0,always_reactive,0.443936
h=0.3/q0=0.4/p=mixed/r=1/sig=0,M_core,0.3,0.4,-1.0,1.0,0.0,1.0,1.0,wiki_A,autorpa_233k,ours_pop_prior_s4,10476085685.358,1.0,0.0,0.0,0.0,0.0,0.0,0.0,0.0,0.002,0.0,0.0,always_reactive,0.443936
h=0.3/q0=0.4/p=mixed/r=1/sig=0,M_core,0.3,0.4,-1.0,1.0,0.0,1.0,1.0,wiki_A,autorpa_233k,ours_pop_cap_epoch,10476085685.358,1.0,0.0,0.0,0.0,0.0,0.0,0.0,0.0,0.002,0.0,0.0,always_reactive,0.443936
h=0.3/q0=0.4/p=mixed/r=1/sig=0,M_core,0.3,0.4,-1.0,1.0,0.0,1.0,1.0,wiki_A,autorpa_233k,ours_pop_cap_realized,10476085685.358,1.0,0.0,0.0,0.0,0.0,0.0,0.0,0.0,0.002,0.0,0.0,always_reactive,0.443936
h=0.3/q0=0.4/p=mixed/r=1/sig=0,M_core,0.3,0.4,-1.0,1.0,0.0,1.0,1.0,wiki_A,autorpa_233k,breakeven,12838368528.846,1.225493,0.0,6.1,8840.2,3464.6,0.0,6655.6,8493.2,0.002,5302.0,2573259544.656,always_reactive,0.443936
h=0.3/q0=0.4/p=mixed/r=1/sig=0,M_core,0.3,0.4,-1.0,1.0,0.0,1.0,1.0,wiki_A,autorpa_233k,offline_taxblind,9698130544.023,0.92574,,,,,,,,,,,always_reactive,0.443936
h=0.3/q0=0.4/p=mixed/r=1/sig=0,M_core,0.3,0.4,-1.0,1.0,0.0,1.0,1.0,wiki_A,autorpa_233k,offline_opt_tax,9715284073.189,0.927377,,,,,,,,,,,always_reactive,0.443936
h=0.3/q0=0.4/p=mixed/r=1/sig=0,M_core,0.3,0.4,-1.0,1.0,0.0,1.0,1.0,wiki_A,native,always_reactive,10476085685.358,1.0,0.0,0.0,0.0,0.0,0.0,0.0,0.0,0.002,0.0,0.0,always_reactive,0.148642
h=0.3/q0=0.4/p=mixed/r=1/sig=0,M_core,0.3,0.4,-1.0,1.0,0.0,1.0,1.0,wiki_A,native,always_compile_evict,70478703763.554,6.72758,17.1,47.1,38412.5,10427.6,0.0,20149.6,38373.5,0.002,27809.0,53079621362.042,always_reactive,0.148642
h=0.3/q0=0.4/p=mixed/r=1/sig=0,M_core,0.3,0.4,-1.0,1.0,0.0,1.0,1.0,wiki_A,native,ours_noinflate,10476085685.358,1.0,0.0,0.0,0.0,0.0,0.0,0.0,0.0,0.002,0.0,0.0,always_reactive,0.148642
h=0.3/q0=0.4/p=mixed/r=1/sig=0,M_core,0.3,0.4,-1.0,1.0,0.0,1.0,1.0,wiki_A,native,oracle_tax,10476085685.358,1.0,0.0,0.0,0.0,0.0,0.0,0.0,0.0,0.002,0.0,0.0,always_reactive,0.148642
h=0.3/q0=0.4/p=mixed/r=1/sig=0,M_core,0.3,0.4,-1.0,1.0,0.0,1.0,1.0,wiki_A,native,ours_cap_epoch,10476085685.358,1.0,0.0,0.0,0.0,0.0,0.0,0.0,0.0,0.002,0.0,0.0,always_reactive,0.148642
h=0.3/q0=0.4/p=mixed/r=1/sig=0,M_core,0.3,0.4,-1.0,1.0,0.0,1.0,1.0,wiki_A,native,ours_cap_realized,10476085685.358,1.0,0.0,0.0,0.0,0.0,0.0,0.0,0.0,0.002,0.0,0.0,always_reactive,0.148642
h=0.3/q0=0.4/p=mixed/r=1/sig=0,M_core,0.3,0.4,-1.0,1.0,0.0,1.0,1.0,wiki_A,native,ours_pop_prior,10476085685.358,1.0,0.0,0.0,0.0,0.0,0.0,0.0,0.0,0.002,0.0,0.0,always_reactive,0.148642
h=0.3/q0=0.4/p=mixed/r=1/sig=0,M_core,0.3,0.4,-1.0,1.0,0.0,1.0,1.0,wiki_A,native,ours_pop_prior_s4,10476085685.358,1.0,0.0,0.0,0.0,0.0,0.0,0.0,0.0,0.002,0.0,0.0,always_reactive,0.148642
h=0.3/q0=0.4/p=mixed/r=1/sig=0,M_core,0.3,0.4,-1.0,1.0,0.0,1.0,1.0,wiki_A,native,ours_pop_cap_epoch,10476085685.358,1.0,0.0,0.0,0.0,0.0,0.0,0.0,0.0,0.002,0.0,0.0,always_reactive,0.148642
h=0.3/q0=0.4/p=mixed/r=1/sig=0,M_core,0.3,0.4,-1.0,1.0,0.0,1.0,1.0,wiki_A,native,ours_pop_cap_realized,10476085685.358,1.0,0.0,0.0,0.0,0.0,0.0,0.0,0.0,0.002,0.0,0.0,always_reactive,0.148642
h=0.3/q0=0.4/p=mixed/r=1/sig=0,M_core,0.3,0.4,-1.0,1.0,0.0,1.0,1.0,wiki_A,native,breakeven,14126920711.927,1.348492,0.5,4.8,3165.3,1821.1,0.0,3496.3,3140.4,0.002,1322.0,2523329117.933,always_reactive,0.148642
h=0.3/q0=0.4/p=mixed/r=1/sig=0,M_core,0.3,0.4,-1.0,1.0,0.0,1.0,1.0,wiki_A,native,offline_taxblind,10476085685.36,1.0,,,,,,,,,,,always_reactive,0.148642
h=0.3/q0=0.4/p=mixed/r=1/sig=0,M_core,0.3,0.4,-1.0,1.0,0.0,1.0,1.0,wiki_A,native,offline_opt_tax,10476085685.36,1.0,,,,,,,,,,,always_reactive,0.148642
h=0.3/q0=0.4/p=mixed/r=1/sig=0,M_core,0.3,0.4,-1.0,1.0,0.0,1.0,1.0,wiki_B,autorpa_233k,always_reactive,18276078036.516,1.0,0.0,0.0,0.0,0.0,0.0,0.0,0.0,0.002,0.0,0.0,always_reactive,0.836791
h=0.3/q0=0.4/p=mixed/r=1/sig=0,M_core,0.3,0.4,-1.0,1.0,0.0,1.0,1.0,wiki_B,autorpa_233k,always_compile_evict,21840682896.198,1.195042,33.0,48.2,13863.9,6492.1,0.0,12503.8,13436.6,0.013,6512.0,3160517946.964,always_reactive,0.836791
h=0.3/q0=0.4/p=mixed/r=1/sig=0,M_core,0.3,0.4,-1.0,1.0,0.0,1.0,1.0,wiki_B,autorpa_233k,ours_noinflate,18276078036.516,1.0,0.0,0.0,0.0,0.0,0.0,0.0,0.0,0.002,0.0,0.0,always_reactive,0.836791
h=0.3/q0=0.4/p=mixed/r=1/sig=0,M_core,0.3,0.4,-1.0,1.0,0.0,1.0,1.0,wiki_B,autorpa_233k,oracle_tax,18269887792.757,0.999661,3.3,7.1,80.5,77.2,0.0,146.6,49.2,0.002,0.0,0.0,always_reactive,0.836791
h=0.3/q0=0.4/p=mixed/r=1/sig=0,M_core,0.3,0.4,-1.0,1.0,0.0,1.0,1.0,wiki_B,autorpa_233k,ours_cap_epoch,18276078036.516,1.0,0.0,0.0,0.0,0.0,0.0,0.0,0.0,0.002,0.0,0.0,always_reactive,0.836791
h=0.3/q0=0.4/p=mixed/r=1/sig=0,M_core,0.3,0.4,-1.0,1.0,0.0,1.0,1.0,wiki_B,autorpa_233k,ours_cap_realized,18276078036.516,1.0,0.0,0.0,0.0,0.0,0.0,0.0,0.0,0.002,0.0,0.0,always_reactive,0.836791
h=0.3/q0=0.4/p=mixed/r=1/sig=0,M_core,0.3,0.4,-1.0,1.0,0.0,1.0,1.0,wiki_B,autorpa_233k,ours_pop_prior,18276078036.516,1.0,0.0,0.0,0.0,0.0,0.0,0.0,0.0,0.002,0.0,0.0,always_reactive,0.836791
h=0.3/q0=0.4/p=mixed/r=1/sig=0,M_core,0.3,0.4,-1.0,1.0,0.0,1.0,1.0,wiki_B,autorpa_233k,ours_pop_prior_s4,18276078036.516,1.0,0.0,0.0,0.0,0.0,0.0,0.0,0.0,0.002,0.0,0.0,always_reactive,0.836791
h=0.3/q0=0.4/p=mixed/r=1/sig=0,M_core,0.3,0.4,-1.0,1.0,0.0,1.0,1.0,wiki_B,autorpa_233k,ours_pop_cap_epoch,18276078036.516,1.0,0.0,0.0,0.0,0.0,0.0,0.0,0.0,0.002,0.0,0.0,always_reactive,0.836791
h=0.3/q0=0.4/p=mixed/r=1/sig=0,M_core,0.3,0.4,-1.0,1.0,0.0,1.0,1.0,wiki_B,autorpa_233k,ours_pop_cap_realized,18276078036.516,1.0,0.0,0.0,0.0,0.0,0.0,0.0,0.0,0.002,0.0,0.0,always_reactive,0.836791
h=0.3/q0=0.4/p=mixed/r=1/sig=0,M_core,0.3,0.4,-1.0,1.0,0.0,1.0,1.0,wiki_B,autorpa_233k,breakeven,19232853940.174,1.052351,1.8,8.3,2721.2,548.1,0.0,1053.2,2577.6,0.003,1859.0,902242454.454,always_reactive,0.836791
h=0.3/q0=0.4/p=mixed/r=1/sig=0,M_core,0.3,0.4,-1.0,1.0,0.0,1.0,1.0,wiki_B,autorpa_233k,offline_taxblind,17909102022.547,0.97992,,,,,,,,,,,always_reactive,0.836791
h=0.3/q0=0.4/p=mixed/r=1/sig=0,M_core,0.3,0.4,-1.0,1.0,0.0,1.0,1.0,wiki_B,autorpa_233k,offline_opt_tax,17969581370.327,0.98323,,,,,,,,,,,always_reactive,0.836791
h=0.3/q0=0.4/p=mixed/r=1/sig=0,M_core,0.3,0.4,-1.0,1.0,0.0,1.0,1.0,wiki_B,native,always_reactive,18276078036.516,1.0,0.0,0.0,0.0,0.0,0.0,0.0,0.0,0.002,0.0,0.0,always_reactive,0.500511
h=0.3/q0=0.4/p=mixed/r=1/sig=0,M_core,0.3,0.4,-1.0,1.0,0.0,1.0,1.0,wiki_B,native,always_compile_evict,36514829489.353,1.997958,88.7,104.7,13863.9,6492.1,0.0,12503.8,13845.5,0.018,6512.0,12429590934.933,always_reactive,0.500511
h=0.3/q0=0.4/p=mixed/r=1/sig=0,M_core,0.3,0.4,-1.0,1.0,0.0,1.0,1.0,wiki_B,native,ours_noinflate,18276078036.516,1.0,0.0,0.0,0.0,0.0,0.0,0.0,0.0,0.002,0.0,0.0,always_reactive,0.500511
h=0.3/q0=0.4/p=mixed/r=1/sig=0,M_core,0.3,0.4,-1.0,1.0,0.0,1.0,1.0,wiki_B,native,oracle_tax,18276078036.516,1.0,0.0,0.0,0.0,0.0,0.0,0.0,0.0,0.002,0.0,0.0,always_reactive,0.500511
h=0.3/q0=0.4/p=mixed/r=1/sig=0,M_core,0.3,0.4,-1.0,1.0,0.0,1.0,1.0,wiki_B,native,ours_cap_epoch,18276078036.516,1.0,0.0,0.0,0.0,0.0,0.0,0.0,0.0,0.002,0.0,0.0,always_reactive,0.500511
h=0.3/q0=0.4/p=mixed/r=1/sig=0,M_core,0.3,0.4,-1.0,1.0,0.0,1.0,1.0,wiki_B,native,ours_cap_realized,18276078036.516,1.0,0.0,0.0,0.0,0.0,0.0,0.0,0.0,0.002,0.0,0.0,always_reactive,0.500511
h=0.3/q0=0.4/p=mixed/r=1/sig=0,M_core,0.3,0.4,-1.0,1.0,0.0,1.0,1.0,wiki_B,native,ours_pop_prior,18276078036.516,1.0,0.0,0.0,0.0,0.0,0.0,0.0,0.0,0.002,0.0,0.0,always_reactive,0.500511
h=0.3/q0=0.4/p=mixed/r=1/sig=0,M_core,0.3,0.4,-1.0,1.0,0.0,1.0,1.0,wiki_B,native,ours_pop_prior_s4,18276078036.516,1.0,0.0,0.0,0.0,0.0,0.0,0.0,0.0,0.002,0.0,0.0,always_reactive,0.500511
h=0.3/q0=0.4/p=mixed/r=1/sig=0,M_core,0.3,0.4,-1.0,1.0,0.0,1.0,1.0,wiki_B,native,ours_pop_cap_epoch,18276078036.516,1.0,0.0,0.0,0.0,0.0,0.0,0.0,0.0,0.002,0.0,0.0,always_reactive,0.500511
h=0.3/q0=0.4/p=mixed/r=1/sig=0,M_core,0.3,0.4,-1.0,1.0,0.0,1.0,1.0,wiki_B,native,ours_pop_cap_realized,18276078036.516,1.0,0.0,0.0,0.0,0.0,0.0,0.0,0.0,0.002,0.0,0.0,always_reactive,0.500511
h=0.3/q0=0.4/p=mixed/r=1/sig=0,M_core,0.3,0.4,-1.0,1.0,0.0,1.0,1.0,wiki_B,native,breakeven,19216342193.031,1.051448,1.1,6.4,766.7,367.7,0.0,696.3,760.6,0.003,330.0,629877919.0,always_reactive,0.500511
h=0.3/q0=0.4/p=mixed/r=1/sig=0,M_core,0.3,0.4,-1.0,1.0,0.0,1.0,1.0,wiki_B,native,offline_taxblind,18276078036.518,1.0,,,,,,,,,,,always_reactive,0.500511
h=0.3/q0=0.4/p=mixed/r=1/sig=0,M_core,0.3,0.4,-1.0,1.0,0.0,1.0,1.0,wiki_B,native,offline_opt_tax,18276078036.518,1.0,,,,,,,,,,,always_reactive,0.500511
h=0/q0=0.4/p=mixed/r=1/sig=0.3,M_sigma,0.0,0.4,-1.0,1.0,0.3,3.0,1.0,bpi2019,autorpa_233k,always_reactive,55345222128.083,1.243023,0.0,0.0,0.0,0.0,0.0,0.0,0.0,0.002,0.0,0.0,ours_cap_epoch,0.575676
h=0/q0=0.4/p=mixed/r=1/sig=0.3,M_sigma,0.0,0.4,-1.0,1.0,0.3,3.0,1.0,bpi2019,autorpa_233k,always_compile_evict,76958036906.378,1.728435,41.0,66.0,70013.0,0.0,20129.0,67283.0,69458.0,0.012,68649.0,33317935586.772,ours_cap_epoch,0.575676
h=0/q0=0.4/p=mixed/r=1/sig=0.3,M_sigma,0.0,0.4,-1.0,1.0,0.3,3.0,1.0,bpi2019,autorpa_233k,ours_noinflate,44524700625.936,1.0,38.0,61.0,2495.0,0.0,19561.5,65387.9,2116.0,0.02,1738.0,843516614.223,ours_cap_epoch,0.575676
h=0/q0=0.4/p=mixed/r=1/sig=0.3,M_sigma,0.0,0.4,-1.0,1.0,0.3,3.0,1.0,bpi2019,autorpa_233k,oracle_tax,44471840496.795,0.998813,72.0,72.0,72.0,0.0,17870.0,59713.8,0.0,0.022,0.0,0.0,ours_cap_epoch,0.575676
h=0/q0=0.4/p=mixed/r=1/sig=0.3,M_sigma,0.0,0.4,-1.0,1.0,0.3,3.0,1.0,bpi2019,autorpa_233k,ours_cap_epoch,44302901378.122,0.995019,38.0,61.0,2038.0,0.0,19561.5,65387.9,1659.0,0.02,1281.0,621717366.41,ours_cap_epoch,0.575676
h=0/q0=0.4/p=mixed/r=1/sig=0.3,M_sigma,0.0,0.4,-1.0,1.0,0.3,3.0,1.0,bpi2019,autorpa_233k,ours_cap_realized,44302901378.122,0.995019,38.0,61.0,2038.0,0.0,19561.5,65387.9,1659.0,0.02,1281.0,621717366.41,ours_cap_epoch,0.575676
h=0/q0=0.4/p=mixed/r=1/sig=0.3,M_sigma,0.0,0.4,-1.0,1.0,0.3,3.0,1.0,bpi2019,autorpa_233k,ours_pop_prior,44515655358.6,0.999797,30.0,50.0,1887.0,0.0,16329.0,54562.4,1538.0,0.018,1251.0,607157240.733,ours_cap_epoch,0.575676
h=0/q0=0.4/p=mixed/r=1/sig=0.3,M_sigma,0.0,0.4,-1.0,1.0,0.3,3.0,1.0,bpi2019,autorpa_233k,ours_pop_prior_s4,44713198086.283,1.004234,30.0,50.0,2187.0,0.0,16249.9,54292.4,1869.0,0.018,1592.0,772657335.929,ours_cap_epoch,0.575676
h=0/q0=0.4/p=mixed/r=1/sig=0.3,M_sigma,0.0,0.4,-1.0,1.0,0.3,3.0,1.0,bpi2019,autorpa_233k,ours_pop_cap_epoch,44367151905.391,0.996462,31.0,51.0,1830.0,0.0,17824.3,59601.2,1478.0,0.019,1172.0,568815576.45,ours_cap_epoch,0.575676
h=0/q0=0.4/p=mixed/r=1/sig=0.3,M_sigma,0.0,0.4,-1.0,1.0,0.3,3.0,1.0,bpi2019,autorpa_233k,ours_pop_cap_realized,44367151905.391,0.996462,31.0,51.0,1830.0,0.0,17824.3,59601.2,1478.0,0.019,1172.0,568815576.45,ours_cap_epoch,0.575676
h=0/q0=0.4/p=mixed/r=1/sig=0.3,M_sigma,0.0,0.4,-1.0,1.0,0.3,3.0,1.0,bpi2019,autorpa_233k,breakeven,67479220875.556,1.515546,2.0,6.0,25592.0,0.0,296.8,994.7,25471.0,0.002,25078.0,12171294390.962,ours_cap_epoch,0.575676
h=0/q0=0.4/p=mixed/r=1/sig=0.3,M_sigma,0.0,0.4,-1.0,1.0,0.3,3.0,1.0,bpi2019,autorpa_233k,offline_taxblind,42590948221.21,0.956569,,,,,,,,,,,ours_cap_epoch,0.575676
h=0/q0=0.4/p=mixed/r=1/sig=0.3,M_sigma,0.0,0.4,-1.0,1.0,0.3,3.0,1.0,bpi2019,autorpa_233k,offline_opt_tax,43048818229.753,0.966853,,,,,,,,,,,ours_cap_epoch,0.575676
h=0/q0=0.4/p=mixed/r=1/sig=0.3,M_sigma,0.0,0.4,-1.0,1.0,0.3,3.0,1.0,bpi2019,native,always_reactive,55345222128.083,1.209437,0.0,0.0,0.0,0.0,0.0,0.0,0.0,0.002,0.0,0.0,ours_cap_epoch,0.257968
h=0/q0=0.4/p=mixed/r=1/sig=0.3,M_sigma,0.0,0.4,-1.0,1.0,0.3,3.0,1.0,bpi2019,native,always_compile_evict,177072740944.852,3.8695,88.0,139.0,70013.0,0.0,20129.0,67283.0,69901.0,0.014,68649.0,131031785640.714,ours_cap_epoch,0.257968
h=0/q0=0.4/p=mixed/r=1/sig=0.3,M_sigma,0.0,0.4,-1.0,1.0,0.3,3.0,1.0,bpi2019,native,ours_noinflate,45761139016.668,1.0,44.0,80.0,758.0,0.0,15391.4,51385.1,680.0,0.029,365.0,696683152.833,ours_cap_epoch,0.257968
h=0/q0=0.4/p=mixed/r=1/sig=0.3,M_sigma,0.0,0.4,-1.0,1.0,0.3,3.0,1.0,bpi2019,native,oracle_tax,44513042312.115,0.972726,62.0,62.0,62.0,0.0,17780.9,59410.7,0.0,0.021,0.0,0.0,ours_cap_epoch,0.257968
h=0/q0=0.4/p=mixed/r=1/sig=0.3,M_sigma,0.0,0.4,-1.0,1.0,0.3,3.0,1.0,bpi2019,native,ours_cap_epoch,45679064015.101,0.998206,44.0,80.0,715.0,0.0,15391.4,51385.1,637.0,0.029,322.0,614608151.267,ours_cap_epoch,0.257968
h=0/q0=0.4/p=mixed/r=1/sig=0.3,M_sigma,0.0,0.4,-1.0,1.0,0.3,3.0,1.0,bpi2019,native,ours_cap_realized,45679064015.101,0.998206,44.0,80.0,715.0,0.0,15391.4,51385.1,637.0,0.029,322.0,614608151.267,ours_cap_epoch,0.257968
h=0/q0=0.4/p=mixed/r=1/sig=0.3,M_sigma,0.0,0.4,-1.0,1.0,0.3,3.0,1.0,bpi2019,native,ours_pop_prior,45803304011.57,1.000921,46.0,86.0,812.0,0.0,15838.2,52896.4,733.0,0.031,397.0,757762223.767,ours_cap_epoch,0.257968
h=0/q0=0.4/p=mixed/r=1/sig=0.3,M_sigma,0.0,0.4,-1.0,1.0,0.3,3.0,1.0,bpi2019,native,ours_pop_prior_s4,46002605641.709,1.005277,41.0,76.0,885.0,0.0,15333.5,51197.4,806.0,0.028,498.0,950543041.4,ours_cap_epoch,0.257968
h=0/q0=0.4/p=mixed/r=1/sig=0.3,M_sigma,0.0,0.4,-1.0,1.0,0.3,3.0,1.0,bpi2019,native,ours_pop_cap_epoch,45796683216.385,1.000777,49.0,89.0,813.0,0.0,15940.4,53237.4,734.0,0.032,360.0,687139548.0,ours_cap_epoch,0.257968
h=0/q0=0.4/p=mixed/r=1/sig=0.3,M_sigma,0.0,0.4,-1.0,1.0,0.3,3.0,1.0,bpi2019,native,ours_pop_cap_realized,45796683216.385,1.000777,49.0,89.0,813.0,0.0,15940.4,53237.4,734.0,0.032,360.0,687139548.0,ours_cap_epoch,0.257968
h=0/q0=0.4/p=mixed/r=1/sig=0.3,M_sigma,0.0,0.4,-1.0,1.0,0.3,3.0,1.0,bpi2019,native,breakeven,67132273618.15,1.467015,1.0,8.0,6413.0,0.0,469.3,1542.0,6381.0,0.002,6206.0,11845522319.133,ours_cap_epoch,0.257968
h=0/q0=0.4/p=mixed/r=1/sig=0.3,M_sigma,0.0,0.4,-1.0,1.0,0.3,3.0,1.0,bpi2019,native,offline_taxblind,42960657528.157,0.938802,,,,,,,,,,,ours_cap_epoch,0.257968
h=0/q0=0.4/p=mixed/r=1/sig=0.3,M_sigma,0.0,0.4,-1.0,1.0,0.3,3.0,1.0,bpi2019,native,offline_opt_tax,43685169105.979,0.954635,,,,,,,,,,,ours_cap_epoch,0.257968
h=0/q0=0.4/p=mixed/r=1/sig=0.3,M_sigma,0.0,0.4,-1.0,1.0,0.3,3.0,1.0,sepsis,autorpa_233k,always_reactive,192091479.622,0.977513,0.0,0.0,0.0,0.0,0.0,0.0,0.0,0.002,0.0,0.0,always_reactive,0.894073
h=0/q0=0.4/p=mixed/r=1/sig=0.3,M_sigma,0.0,0.4,-1.0,1.0,0.3,3.0,1.0,sepsis,autorpa_233k,always_compile_evict,214849791.353,1.093325,14.0,16.0,68.0,0.0,10.5,37.6,62.0,0.005,47.0,22810863.561,always_reactive,0.894073
h=0/q0=0.4/p=mixed/r=1/sig=0.3,M_sigma,0.0,0.4,-1.0,1.0,0.3,3.0,1.0,sepsis,autorpa_233k,ours_noinflate,196510404.245,1.0,4.0,5.0,18.0,0.0,4.9,16.4,15.0,0.003,12.0,5824050.271,always_reactive,0.894073
h=0/q0=0.4/p=mixed/r=1/sig=0.3,M_sigma,0.0,0.4,-1.0,1.0,0.3,3.0,1.0,sepsis,autorpa_233k,oracle_tax,189482424.188,0.964236,6.0,6.0,6.0,0.0,7.4,25.0,0.0,0.004,0.0,0.0,always_reactive,0.894073
h=0/q0=0.4/p=mixed/r=1/sig=0.3,M_sigma,0.0,0.4,-1.0,1.0,0.3,3.0,1.0,sepsis,autorpa_233k,ours_cap_epoch,194569054.155,0.990121,4.0,5.0,14.0,0.0,4.9,16.4,11.0,0.003,8.0,3882700.181,always_reactive,0.894073
h=0/q0=0.4/p=mixed/r=1/sig=0.3,M_sigma,0.0,0.4,-1.0,1.0,0.3,3.0,1.0,sepsis,autorpa_233k,ours_cap_realized,194569054.155,0.990121,4.0,5.0,14.0,0.0,4.9,16.4,11.0,0.003,8.0,3882700.181,always_reactive,0.894073
h=0/q0=0.4/p=mixed/r=1/sig=0.3,M_sigma,0.0,0.4,-1.0,1.0,0.3,3.0,1.0,sepsis,autorpa_233k,ours_pop_prior,195116880.523,0.992909,3.0,5.0,15.0,0.0,4.6,16.1,11.0,0.003,10.0,4853375.226,always_reactive,0.894073
h=0/q0=0.4/p=mixed/r=1/sig=0.3,M_sigma,0.0,0.4,-1.0,1.0,0.3,3.0,1.0,sepsis,autorpa_233k,ours_pop_prior_s4,196280621.668,0.998831,3.0,5.0,17.0,0.0,4.5,15.1,13.0,0.003,12.0,5824050.271,always_reactive,0.894073
h=0/q0=0.4/p=mixed/r=1/sig=0.3,M_sigma,0.0,0.4,-1.0,1.0,0.3,3.0,1.0,sepsis,autorpa_233k,ours_pop_cap_epoch,194271569.068,0.988607,4.0,5.0,14.0,0.0,4.7,16.5,10.0,0.003,8.0,3882700.181,always_reactive,0.894073
h=0/q0=0.4/p=mixed/r=1/sig=0.3,M_sigma,0.0,0.4,-1.0,1.0,0.3,3.0,1.0,sepsis,autorpa_233k,ours_pop_cap_realized,194271569.068,0.988607,4.0,5.0,14.0,0.0,4.7,16.5,10.0,0.003,8.0,3882700.181,always_reactive,0.894073
h=0/q0=0.4/p=mixed/r=1/sig=0.3,M_sigma,0.0,0.4,-1.0,1.0,0.3,3.0,1.0,sepsis,autorpa_233k,breakeven,194499165.962,0.989765,2.0,3.0,11.0,0.0,3.6,12.7,8.0,0.003,8.0,3882700.181,always_reactive,0.894073
h=0/q0=0.4/p=mixed/r=1/sig=0.3,M_sigma,0.0,0.4,-1.0,1.0,0.3,3.0,1.0,sepsis,autorpa_233k,offline_taxblind,187702389.441,0.955178,,,,,,,,,,,always_reactive,0.894073
h=0/q0=0.4/p=mixed/r=1/sig=0.3,M_sigma,0.0,0.4,-1.0,1.0,0.3,3.0,1.0,sepsis,autorpa_233k,offline_opt_tax,188620759.942,0.959851,,,,,,,,,,,always_reactive,0.894073
h=0/q0=0.4/p=mixed/r=1/sig=0.3,M_sigma,0.0,0.4,-1.0,1.0,0.3,3.0,1.0,sepsis,native,always_reactive,192091479.622,0.980514,0.0,0.0,0.0,0.0,0.0,0.0,0.0,0.002,0.0,0.0,always_reactive,0.648621
h=0/q0=0.4/p=mixed/r=1/sig=0.3,M_sigma,0.0,0.4,-1.0,1.0,0.3,3.0,1.0,sepsis,native,always_compile_evict,296153822.025,1.511691,18.0,18.0,68.0,0.0,10.5,37.6,66.0,0.004,47.0,89709885.433,always_reactive,0.648621
h=0/q0=0.4/p=mixed/r=1/sig=0.3,M_sigma,0.0,0.4,-1.0,1.0,0.3,3.0,1.0,sepsis,native,ours_noinflate,195908921.555,1.0,0.0,0.0,2.0,0.0,0.0,0.0,2.0,0.002,2.0,3817441.933,always_reactive,0.648621
h=0/q0=0.4/p=mixed/r=1/sig=0.3,M_sigma,0.0,0.4,-1.0,1.0,0.3,3.0,1.0,sepsis,native,oracle_tax,191300283.282,0.976476,2.0,2.0,2.0,0.0,4.6,16.0,0.0,0.003,0.0,0.0,always_reactive,0.648621
h=0/q0=0.4/p=mixed/r=1/sig=0.3,M_sigma,0.0,0.4,-1.0,1.0,0.3,3.0,1.0,sepsis,native,ours_cap_epoch,195908921.555,1.0,0.0,0.0,2.0,0.0,0.0,0.0,2.0,0.002,2.0,3817441.933,always_reactive,0.648621
h=0/q0=0.4/p=mixed/r=1/sig=0.3,M_sigma,0.0,0.4,-1.0,1.0,0.3,3.0,1.0,sepsis,native,ours_cap_realized,195908921.555,1.0,0.0,0.0,2.0,0.0,0.0,0.0,2.0,0.002,2.0,3817441.933,always_reactive,0.648621
h=0/q0=0.4/p=mixed/r=1/sig=0.3,M_sigma,0.0,0.4,-1.0,1.0,0.3,3.0,1.0,sepsis,native,ours_pop_prior,194000200.589,0.990257,0.0,0.0,1.0,0.0,0.0,0.0,1.0,0.002,1.0,1908720.967,always_reactive,0.648621
h=0/q0=0.4/p=mixed/r=1/sig=0.3,M_sigma,0.0,0.4,-1.0,1.0,0.3,3.0,1.0,sepsis,native,ours_pop_prior_s4,194000200.589,0.990257,0.0,0.0,1.0,0.0,0.0,0.0,1.0,0.002,1.0,1908720.967,always_reactive,0.648621
h=0/q0=0.4/p=mixed/r=1/sig=0.3,M_sigma,0.0,0.4,-1.0,1.0,0.3,3.0,1.0,sepsis,native,ours_pop_cap_epoch,194000200.589,0.990257,0.0,0.0,1.0,0.0,0.0,0.0,1.0,0.002,1.0,1908720.967,always_reactive,0.648621
h=0/q0=0.4/p=mixed/r=1/sig=0.3,M_sigma,0.0,0.4,-1.0,1.0,0.3,3.0,1.0,sepsis,native,ours_pop_cap_realized,194000200.589,0.990257,0.0,0.0,1.0,0.0,0.0,0.0,1.0,0.002,1.0,1908720.967,always_reactive,0.648621
h=0/q0=0.4/p=mixed/r=1/sig=0.3,M_sigma,0.0,0.4,-1.0,1.0,0.3,3.0,1.0,sepsis,native,breakeven,192091479.622,0.980514,0.0,0.0,0.0,0.0,0.0,0.0,0.0,0.002,0.0,0.0,always_reactive,0.648621
h=0/q0=0.4/p=mixed/r=1/sig=0.3,M_sigma,0.0,0.4,-1.0,1.0,0.3,3.0,1.0,sepsis,native,offline_taxblind,191380867.382,0.976887,,,,,,,,,,,always_reactive,0.648621
h=0/q0=0.4/p=mixed/r=1/sig=0.3,M_sigma,0.0,0.4,-1.0,1.0,0.3,3.0,1.0,sepsis,native,offline_opt_tax,191563299.903,0.977818,,,,,,,,,,,always_reactive,0.648621
h=0/q0=0.4/p=mixed/r=1/sig=0.3,M_sigma,0.0,0.4,-1.0,1.0,0.3,3.0,1.0,wiki_A,autorpa_233k,always_reactive,10476085685.358,1.270169,0.0,0.0,0.0,0.0,0.0,0.0,0.0,0.002,0.0,0.0,ours_pop_cap_epoch,0.379814
h=0/q0=0.4/p=mixed/r=1/sig=0.3,M_sigma,0.0,0.4,-1.0,1.0,0.3,3.0,1.0,wiki_A,autorpa_233k,always_compile_evict,21599951867.469,2.618877,8.0,33.0,28053.0,0.0,4118.6,13885.5,27943.0,0.004,27809.0,13496751165.092,ours_pop_cap_epoch,0.379814
h=0/q0=0.4/p=mixed/r=1/sig=0.3,M_sigma,0.0,0.4,-1.0,1.0,0.3,3.0,1.0,wiki_A,autorpa_233k,ours_noinflate,8247791695.413,1.0,7.0,30.0,397.0,0.0,3984.9,13438.1,316.0,0.01,256.0,124246405.777,ours_pop_cap_epoch,0.379814
h=0/q0=0.4/p=mixed/r=1/sig=0.3,M_sigma,0.0,0.4,-1.0,1.0,0.3,3.0,1.0,wiki_A,autorpa_233k,oracle_tax,8248359053.803,1.000069,38.0,38.0,38.0,0.0,3854.6,13007.3,0.0,0.021,0.0,0.0,ours_pop_cap_epoch,0.379814
h=0/q0=0.4/p=mixed/r=1/sig=0.3,M_sigma,0.0,0.4,-1.0,1.0,0.3,3.0,1.0,wiki_A,autorpa_233k,ours_cap_epoch,8205081993.427,0.994822,7.0,30.0,309.0,0.0,3984.9,13438.1,228.0,0.01,168.0,81536703.791,ours_pop_cap_epoch,0.379814
h=0/q0=0.4/p=mixed/r=1/sig=0.3,M_sigma,0.0,0.4,-1.0,1.0,0.3,3.0,1.0,wiki_A,autorpa_233k,ours_cap_realized,8205081993.427,0.994822,7.0,30.0,309.0,0.0,3984.9,13438.1,228.0,0.01,168.0,81536703.791,ours_pop_cap_epoch,0.379814
h=0/q0=0.4/p=mixed/r=1/sig=0.3,M_sigma,0.0,0.4,-1.0,1.0,0.3,3.0,1.0,wiki_A,autorpa_233k,ours_pop_prior,8224378966.463,0.997161,7.0,29.0,314.0,0.0,3900.7,13165.4,238.0,0.009,193.0,93670141.856,ours_pop_cap_epoch,0.379814
h=0/q0=0.4/p=mixed/r=1/sig=0.3,M_sigma,0.0,0.4,-1.0,1.0,0.3,3.0,1.0,wiki_A,autorpa_233k,ours_pop_prior_s4,8291145917.576,1.005256,7.0,30.0,361.0,0.0,3584.9,12098.8,290.0,0.009,252.0,122305055.687,ours_pop_cap_epoch,0.379814
h=0/q0=0.4/p=mixed/r=1/sig=0.3,M_sigma,0.0,0.4,-1.0,1.0,0.3,3.0,1.0,wiki_A,autorpa_233k,ours_pop_cap_epoch,8203973281.457,0.994687,7.0,30.0,305.0,0.0,3981.8,13429.9,224.0,0.01,167.0,81051366.269,ours_pop_cap_epoch,0.379814
h=0/q0=0.4/p=mixed/r=1/sig=0.3,M_sigma,0.0,0.4,-1.0,1.0,0.3,3.0,1.0,wiki_A,autorpa_233k,ours_pop_cap_realized,8203973281.457,0.994687,7.0,30.0,305.0,0.0,3981.8,13429.9,224.0,0.01,167.0,81051366.269,ours_pop_cap_epoch,0.379814
h=0/q0=0.4/p=mixed/r=1/sig=0.3,M_sigma,0.0,0.4,-1.0,1.0,0.3,3.0,1.0,wiki_A,autorpa_233k,breakeven,11100224159.563,1.345842,0.0,5.0,4632.0,0.0,2374.1,8008.6,4583.0,0.003,4530.0,2198578977.234,ours_pop_cap_epoch,0.379814
h=0/q0=0.4/p=mixed/r=1/sig=0.3,M_sigma,0.0,0.4,-1.0,1.0,0.3,3.0,1.0,wiki_A,autorpa_233k,offline_taxblind,8021422156.847,0.972554,,,,,,,,,,,ours_pop_cap_epoch,0.379814
h=0/q0=0.4/p=mixed/r=1/sig=0.3,M_sigma,0.0,0.4,-1.0,1.0,0.3,3.0,1.0,wiki_A,autorpa_233k,offline_opt_tax,8066166740.448,0.977979,,,,,,,,,,,ours_pop_cap_epoch,0.379814
h=0/q0=0.4/p=mixed/r=1/sig=0.3,M_sigma,0.0,0.4,-1.0,1.0,0.3,3.0,1.0,wiki_A,native,always_reactive,10476085685.358,1.242243,0.0,0.0,0.0,0.0,0.0,0.0,0.0,0.002,0.0,0.0,ours_pop_cap_epoch,0.136621
h=0/q0=0.4/p=mixed/r=1/sig=0.3,M_sigma,0.0,0.4,-1.0,1.0,0.3,3.0,1.0,wiki_A,native,always_compile_evict,61440548092.282,7.285556,28.0,68.0,28053.0,0.0,4118.6,13885.5,28002.0,0.003,27809.0,53079621362.042,ours_pop_cap_epoch,0.136621
h=0/q0=0.4/p=mixed/r=1/sig=0.3,M_sigma,0.0,0.4,-1.0,1.0,0.3,3.0,1.0,wiki_A,native,ours_noinflate,8433200175.493,1.0,14.0,28.0,114.0,0.0,3246.3,10961.0,82.0,0.01,41.0,78257559.633,ours_pop_cap_epoch,0.136621
h=0/q0=0.4/p=mixed/r=1/sig=0.3,M_sigma,0.0,0.4,-1.0,1.0,0.3,3.0,1.0,wiki_A,native,oracle_tax,8269262176.031,0.98056,28.0,28.0,28.0,0.0,3802.3,12827.1,0.0,0.017,0.0,0.0,ours_pop_cap_epoch,0.136621
h=0/q0=0.4/p=mixed/r=1/sig=0.3,M_sigma,0.0,0.4,-1.0,1.0,0.3,3.0,1.0,wiki_A,native,ours_cap_epoch,8423656570.659,0.998868,14.0,28.0,109.0,0.0,3246.3,10961.0,77.0,0.01,36.0,68713954.8,ours_pop_cap_epoch,0.136621
h=0/q0=0.4/p=mixed/r=1/sig=0.3,M_sigma,0.0,0.4,-1.0,1.0,0.3,3.0,1.0,wiki_A,native,ours_cap_realized,8423656570.659,0.998868,14.0,28.0,109.0,0.0,3246.3,10961.0,77.0,0.01,36.0,68713954.8,ours_pop_cap_epoch,0.136621
h=0/q0=0.4/p=mixed/r=1/sig=0.3,M_sigma,0.0,0.4,-1.0,1.0,0.3,3.0,1.0,wiki_A,native,ours_pop_prior,8422003513.2,0.998672,15.0,34.0,151.0,0.0,3470.5,11721.6,113.0,0.011,64.0,122158141.867,ours_pop_cap_epoch,0.136621
h=0/q0=0.4/p=mixed/r=1/sig=0.3,M_sigma,0.0,0.4,-1.0,1.0,0.3,3.0,1.0,wiki_A,native,ours_pop_prior_s4,8430622755.945,0.999694,13.0,29.0,146.0,0.0,3436.9,11605.3,111.0,0.01,70.0,133610467.667,ours_pop_cap_epoch,0.136621
h=0/q0=0.4/p=mixed/r=1/sig=0.3,M_sigma,0.0,0.4,-1.0,1.0,0.3,3.0,1.0,wiki_A,native,ours_pop_cap_epoch,8394087091.945,0.995362,15.0,35.0,140.0,0.0,3481.4,11757.9,103.0,0.011,50.0,95436048.333,ours_pop_cap_epoch,0.136621
h=0/q0=0.4/p=mixed/r=1/sig=0.3,M_sigma,0.0,0.4,-1.0,1.0,0.3,3.0,1.0,wiki_A,native,ours_pop_cap_realized,8394087091.945,0.995362,15.0,35.0,140.0,0.0,3481.4,11757.9,103.0,0.011,50.0,95436048.333,ours_pop_cap_epoch,0.136621
h=0/q0=0.4/p=mixed/r=1/sig=0.3,M_sigma,0.0,0.4,-1.0,1.0,0.3,3.0,1.0,wiki_A,native,breakeven,11104066427.863,1.316709,0.0,5.0,1179.0,0.0,2458.7,8296.9,1156.0,0.003,1128.0,2153037250.4,ours_pop_cap_epoch,0.136621
h=0/q0=0.4/p=mixed/r=1/sig=0.3,M_sigma,0.0,0.4,-1.0,1.0,0.3,3.0,1.0,wiki_A,native,offline_taxblind,8095238450.271,0.959925,,,,,,,,,,,ours_pop_cap_epoch,0.136621
h=0/q0=0.4/p=mixed/r=1/sig=0.3,M_sigma,0.0,0.4,-1.0,1.0,0.3,3.0,1.0,wiki_A,native,offline_opt_tax,8150601542.102,0.96649,,,,,,,,,,,ours_pop_cap_epoch,0.136621
h=0/q0=0.4/p=mixed/r=1/sig=0.3,M_sigma,0.0,0.4,-1.0,1.0,0.3,3.0,1.0,wiki_B,autorpa_233k,always_reactive,18276078036.516,0.998131,0.0,0.0,0.0,0.0,0.0,0.0,0.0,0.002,0.0,0.0,ours_pop_cap_epoch,0.86936
h=0/q0=0.4/p=mixed/r=1/sig=0.3,M_sigma,0.0,0.4,-1.0,1.0,0.3,3.0,1.0,wiki_B,autorpa_233k,always_compile_evict,20757471400.468,1.133651,48.0,69.0,7737.0,0.0,2571.1,8603.9,7385.0,0.02,6512.0,3160517946.964,ours_pop_cap_epoch,0.86936
h=0/q0=0.4/p=mixed/r=1/sig=0.3,M_sigma,0.0,0.4,-1.0,1.0,0.3,3.0,1.0,wiki_B,autorpa_233k,ours_noinflate,18310290972.433,1.0,45.0,63.0,2204.0,0.0,2182.8,7295.5,1960.0,0.019,1515.0,735286346.691,ours_pop_cap_epoch,0.86936
h=0/q0=0.4/p=mixed/r=1/sig=0.3,M_sigma,0.0,0.4,-1.0,1.0,0.3,3.0,1.0,wiki_B,autorpa_233k,oracle_tax,17748470474.996,0.969317,56.0,56.0,56.0,0.0,1370.0,4583.3,0.0,0.017,0.0,0.0,ours_pop_cap_epoch,0.86936
h=0/q0=0.4/p=mixed/r=1/sig=0.3,M_sigma,0.0,0.4,-1.0,1.0,0.3,3.0,1.0,wiki_B,autorpa_233k,ours_cap_epoch,18122950688.722,0.989769,45.0,63.0,1818.0,0.0,2182.8,7295.5,1574.0,0.019,1129.0,547946062.979,ours_pop_cap_epoch,0.86936
h=0/q0=0.4/p=mixed/r=1/sig=0.3,M_sigma,0.0,0.4,-1.0,1.0,0.3,3.0,1.0,wiki_B,autorpa_233k,ours_cap_realized,18122950688.722,0.989769,45.0,63.0,1818.0,0.0,2182.8,7295.5,1574.0,0.019,1129.0,547946062.979,ours_pop_cap_epoch,0.86936
h=0/q0=0.4/p=mixed/r=1/sig=0.3,M_sigma,0.0,0.4,-1.0,1.0,0.3,3.0,1.0,wiki_B,autorpa_233k,ours_pop_prior,18083428252.714,0.98761,36.0,55.0,1644.0,0.0,2014.4,6744.6,1420.0,0.018,1093.0,530473912.167,ours_pop_cap_epoch,0.86936
h=0/q0=0.4/p=mixed/r=1/sig=0.3,M_sigma,0.0,0.4,-1.0,1.0,0.3,3.0,1.0,wiki_B,autorpa_233k,ours_pop_prior_s4,18224375842.475,0.995308,35.0,53.0,1877.0,0.0,1915.0,6418.5,1672.0,0.017,1361.0,660544368.215,ours_pop_cap_epoch,0.86936
h=0/q0=0.4/p=mixed/r=1/sig=0.3,M_sigma,0.0,0.4,-1.0,1.0,0.3,3.0,1.0,wiki_B,autorpa_233k,ours_pop_cap_epoch,18045711373.022,0.98555,37.0,56.0,1585.0,0.0,2069.3,6934.8,1358.0,0.018,1019.0,494558935.497,ours_pop_cap_epoch,0.86936
h=0/q0=0.4/p=mixed/r=1/sig=0.3,M_sigma,0.0,0.4,-1.0,1.0,0.3,3.0,1.0,wiki_B,autorpa_233k,ours_pop_cap_realized,18045711373.022,0.98555,37.0,56.0,1585.0,0.0,2069.3,6934.8,1358.0,0.018,1019.0,494558935.497,ours_pop_cap_epoch,0.86936
h=0/q0=0.4/p=mixed/r=1/sig=0.3,M_sigma,0.0,0.4,-1.0,1.0,0.3,3.0,1.0,wiki_B,autorpa_233k,breakeven,18956782462.432,1.035308,3.0,8.0,1893.0,0.0,248.0,840.4,1812.0,0.003,1524.0,739654384.394,ours_pop_cap_epoch,0.86936
h=0/q0=0.4/p=mixed/r=1/sig=0.3,M_sigma,0.0,0.4,-1.0,1.0,0.3,3.0,1.0,wiki_B,autorpa_233k,offline_taxblind,17032958327.561,0.93024,,,,,,,,,,,ours_pop_cap_epoch,0.86936
h=0/q0=0.4/p=mixed/r=1/sig=0.3,M_sigma,0.0,0.4,-1.0,1.0,0.3,3.0,1.0,wiki_B,autorpa_233k,offline_opt_tax,17203032284.668,0.939528,,,,,,,,,,,ours_pop_cap_epoch,0.86936
h=0/q0=0.4/p=mixed/r=1/sig=0.3,M_sigma,0.0,0.4,-1.0,1.0,0.3,3.0,1.0,wiki_B,native,always_reactive,18276078036.516,0.974227,0.0,0.0,0.0,0.0,0.0,0.0,0.0,0.002,0.0,0.0,always_reactive,0.580175
h=0/q0=0.4/p=mixed/r=1/sig=0.3,M_sigma,0.0,0.4,-1.0,1.0,0.3,3.0,1.0,wiki_B,native,always_compile_evict,31500998521.1,1.679196,141.0,157.0,7737.0,0.0,2571.1,8603.9,7671.0,0.033,6512.0,12429590934.933,always_reactive,0.580175
h=0/q0=0.4/p=mixed/r=1/sig=0.3,M_sigma,0.0,0.4,-1.0,1.0,0.3,3.0,1.0,wiki_B,native,ours_noinflate,18759567094.48,1.0,70.0,77.0,686.0,0.0,1246.1,4150.4,639.0,0.02,353.0,673778501.233,always_reactive,0.580175
h=0/q0=0.4/p=mixed/r=1/sig=0.3,M_sigma,0.0,0.4,-1.0,1.0,0.3,3.0,1.0,wiki_B,native,oracle_tax,17770113950.79,0.947256,33.0,33.0,33.0,0.0,1245.1,4164.2,0.0,0.014,0.0,0.0,always_reactive,0.580175
h=0/q0=0.4/p=mixed/r=1/sig=0.3,M_sigma,0.0,0.4,-1.0,1.0,0.3,3.0,1.0,wiki_B,native,ours_cap_epoch,18681309534.846,0.995828,70.0,77.0,645.0,0.0,1246.1,4150.4,598.0,0.02,312.0,595520941.6,always_reactive,0.580175
h=0/q0=0.4/p=mixed/r=1/sig=0.3,M_sigma,0.0,0.4,-1.0,1.0,0.3,3.0,1.0,wiki_B,native,ours_cap_realized,18681309534.846,0.995828,70.0,77.0,645.0,0.0,1246.1,4150.4,598.0,0.02,312.0,595520941.6,always_reactive,0.580175
h=0/q0=0.4/p=mixed/r=1/sig=0.3,M_sigma,0.0,0.4,-1.0,1.0,0.3,3.0,1.0,wiki_B,native,ours_pop_prior,18693183285.805,0.996461,73.0,81.0,693.0,0.0,1584.0,5274.4,644.0,0.022,356.0,679504664.133,always_reactive,0.580175
h=0/q0=0.4/p=mixed/r=1/sig=0.3,M_sigma,0.0,0.4,-1.0,1.0,0.3,3.0,1.0,wiki_B,native,ours_pop_prior_s4,18796249731.632,1.001955,67.0,71.0,744.0,0.0,1512.7,5029.8,693.0,0.019,429.0,818841294.7,always_reactive,0.580175
h=0/q0=0.4/p=mixed/r=1/sig=0.3,M_sigma,0.0,0.4,-1.0,1.0,0.3,3.0,1.0,wiki_B,native,ours_pop_cap_epoch,18661691573.686,0.994783,80.0,88.0,693.0,0.0,1640.2,5466.3,641.0,0.023,323.0,616516872.233,always_reactive,0.580175
h=0/q0=0.4/p=mixed/r=1/sig=0.3,M_sigma,0.0,0.4,-1.0,1.0,0.3,3.0,1.0,wiki_B,native,ours_pop_cap_realized,18661691573.686,0.994783,80.0,88.0,693.0,0.0,1640.2,5466.3,641.0,0.023,323.0,616516872.233,always_reactive,0.580175
h=0/q0=0.4/p=mixed/r=1/sig=0.3,M_sigma,0.0,0.4,-1.0,1.0,0.3,3.0,1.0,wiki_B,native,breakeven,18761073428.557,1.00008,2.0,9.0,368.0,0.0,229.5,759.7,343.0,0.003,273.0,521080823.9,always_reactive,0.580175
h=0/q0=0.4/p=mixed/r=1/sig=0.3,M_sigma,0.0,0.4,-1.0,1.0,0.3,3.0,1.0,wiki_B,native,offline_taxblind,17307875770.701,0.922616,,,,,,,,,,,always_reactive,0.580175
h=0/q0=0.4/p=mixed/r=1/sig=0.3,M_sigma,0.0,0.4,-1.0,1.0,0.3,3.0,1.0,wiki_B,native,offline_opt_tax,17566562215.356,0.936406,,,,,,,,,,,always_reactive,0.580175
h=0/q0=0.4/p=mixed/r=1/sig=0,M_core,0.0,0.4,-1.0,1.0,0.0,1.0,1.0,bpi2019,autorpa_233k,always_reactive,55345222128.083,1.517478,0.0,0.0,0.0,0.0,0.0,0.0,0.0,0.002,0.0,0.0,ours_pop_cap_epoch,0.527643
h=0/q0=0.4/p=mixed/r=1/sig=0,M_core,0.0,0.4,-1.0,1.0,0.0,1.0,1.0,bpi2019,autorpa_233k,always_compile_evict,68361866443.639,1.874374,41.0,66.0,70013.0,0.0,0.0,0.0,69212.0,0.014,68649.0,33317935586.772,ours_pop_cap_epoch,0.527643
h=0/q0=0.4/p=mixed/r=1/sig=0,M_core,0.0,0.4,-1.0,1.0,0.0,1.0,1.0,bpi2019,autorpa_233k,ours_noinflate,36471836552.466,1.0,39.0,64.0,3647.0,0.0,0.0,0.0,3035.0,0.025,2736.0,1327883461.746,ours_pop_cap_epoch,0.527643
h=0/q0=0.4/p=mixed/r=1/sig=0,M_core,0.0,0.4,-1.0,1.0,0.0,1.0,1.0,bpi2019,autorpa_233k,oracle_tax,36549018313.993,1.002116,100.0,100.0,100.0,0.0,0.0,0.0,0.0,0.037,0.0,0.0,ours_pop_cap_epoch,0.527643
h=0/q0=0.4/p=mixed/r=1/sig=0,M_core,0.0,0.4,-1.0,1.0,0.0,1.0,1.0,bpi2019,autorpa_233k,ours_cap_epoch,36112201448.242,0.990139,39.0,64.0,2906.0,0.0,0.0,0.0,2294.0,0.026,1995.0,968248357.523,ours_pop_cap_epoch,0.527643
h=0/q0=0.4/p=mixed/r=1/sig=0,M_core,0.0,0.4,-1.0,1.0,0.0,1.0,1.0,bpi2019,autorpa_233k,ours_cap_realized,36112201448.242,0.990139,39.0,64.0,2906.0,0.0,0.0,0.0,2294.0,0.026,1995.0,968248357.523,ours_pop_cap_epoch,0.527643
h=0/q0=0.4/p=mixed/r=1/sig=0,M_core,0.0,0.4,-1.0,1.0,0.0,1.0,1.0,bpi2019,autorpa_233k,ours_pop_prior,36112353195.273,0.990144,38.0,61.0,2616.0,0.0,0.0,0.0,2099.0,0.025,1835.0,890594353.913,ours_pop_cap_epoch,0.527643
h=0/q0=0.4/p=mixed/r=1/sig=0,M_core,0.0,0.4,-1.0,1.0,0.0,1.0,1.0,bpi2019,autorpa_233k,ours_pop_prior_s4,36380498958.335,0.997496,36.0,60.0,2969.0,0.0,0.0,0.0,2490.0,0.024,2280.0,1106569551.455,ours_pop_cap_epoch,0.527643
h=0/q0=0.4/p=mixed/r=1/sig=0,M_core,0.0,0.4,-1.0,1.0,0.0,1.0,1.0,bpi2019,autorpa_233k,ours_pop_cap_epoch,36070684724.427,0.989001,38.0,61.0,2550.0,0.0,0.0,0.0,2030.0,0.025,1760.0,854194039.72,ours_pop_cap_epoch,0.527643
h=0/q0=0.4/p=mixed/r=1/sig=0,M_core,0.0,0.4,-1.0,1.0,0.0,1.0,1.0,bpi2019,autorpa_233k,ours_pop_cap_realized,36070684724.427,0.989001,38.0,61.0,2550.0,0.0,0.0,0.0,2030.0,0.025,1760.0,854194039.72,ours_pop_cap_epoch,0.527643
h=0/q0=0.4/p=mixed/r=1/sig=0,M_core,0.0,0.4,-1.0,1.0,0.0,1.0,1.0,bpi2019,autorpa_233k,breakeven,75694294909.747,2.075418,0.0,9.0,42918.0,0.0,0.0,0.0,42698.0,0.001,42192.0,20477360752.19,ours_pop_cap_epoch,0.527643
h=0/q0=0.4/p=mixed/r=1/sig=0,M_core,0.0,0.4,-1.0,1.0,0.0,1.0,1.0,bpi2019,autorpa_233k,offline_taxblind,33844982004.178,0.927976,,,,,,,,,,,ours_pop_cap_epoch,0.527643
h=0/q0=0.4/p=mixed/r=1/sig=0,M_core,0.0,0.4,-1.0,1.0,0.0,1.0,1.0,bpi2019,autorpa_233k,offline_opt_tax,34371870760.704,0.942422,,,,,,,,,,,ours_pop_cap_epoch,0.527643
h=0/q0=0.4/p=mixed/r=1/sig=0,M_core,0.0,0.4,-1.0,1.0,0.0,1.0,1.0,bpi2019,native,always_reactive,55345222128.083,1.435309,0.0,0.0,0.0,0.0,0.0,0.0,0.0,0.002,0.0,0.0,ours_pop_cap_epoch,0.227144
h=0/q0=0.4/p=mixed/r=1/sig=0,M_core,0.0,0.4,-1.0,1.0,0.0,1.0,1.0,bpi2019,native,always_compile_evict,168476570482.066,4.369228,88.0,139.0,70013.0,0.0,0.0,0.0,69815.0,0.014,68649.0,131031785640.714,ours_pop_cap_epoch,0.227144
h=0/q0=0.4/p=mixed/r=1/sig=0,M_core,0.0,0.4,-1.0,1.0,0.0,1.0,1.0,bpi2019,native,ours_noinflate,38559799502.82,1.0,56.0,97.0,1279.0,0.0,0.0,0.0,1148.0,0.043,753.0,1437266887.9,ours_pop_cap_epoch,0.227144
h=0/q0=0.4/p=mixed/r=1/sig=0,M_core,0.0,0.4,-1.0,1.0,0.0,1.0,1.0,bpi2019,native,oracle_tax,36602125748.624,0.94923,87.0,87.0,87.0,0.0,0.0,0.0,0.0,0.035,0.0,0.0,ours_pop_cap_epoch,0.227144
h=0/q0=0.4/p=mixed/r=1/sig=0,M_core,0.0,0.4,-1.0,1.0,0.0,1.0,1.0,bpi2019,native,ours_cap_epoch,38284943683.62,0.992872,56.0,97.0,1135.0,0.0,0.0,0.0,1004.0,0.043,609.0,1162411068.7,ours_pop_cap_epoch,0.227144
h=0/q0=0.4/p=mixed/r=1/sig=0,M_core,0.0,0.4,-1.0,1.0,0.0,1.0,1.0,bpi2019,native,ours_cap_realized,38284943683.62,0.992872,56.0,97.0,1135.0,0.0,0.0,0.0,1004.0,0.043,609.0,1162411068.7,ours_pop_cap_epoch,0.227144
h=0/q0=0.4/p=mixed/r=1/sig=0,M_core,0.0,0.4,-1.0,1.0,0.0,1.0,1.0,bpi2019,native,ours_pop_prior,38384109482.07,0.995444,55.0,96.0,1172.0,0.0,0.0,0.0,1040.0,0.043,659.0,1257847117.033,ours_pop_cap_epoch,0.227144
h=0/q0=0.4/p=mixed/r=1/sig=0,M_core,0.0,0.4,-1.0,1.0,0.0,1.0,1.0,bpi2019,native,ours_pop_prior_s4,38723645651.648,1.004249,54.0,92.0,1329.0,0.0,0.0,0.0,1199.0,0.04,844.0,1610960495.867,ours_pop_cap_epoch,0.227144
h=0/q0=0.4/p=mixed/r=1/sig=0,M_core,0.0,0.4,-1.0,1.0,0.0,1.0,1.0,bpi2019,native,ours_pop_cap_epoch,38268362093.558,0.992442,55.0,97.0,1119.0,0.0,0.0,0.0,987.0,0.043,596.0,1137597696.133,ours_pop_cap_epoch,0.227144
h=0/q0=0.4/p=mixed/r=1/sig=0,M_core,0.0,0.4,-1.0,1.0,0.0,1.0,1.0,bpi2019,native,ours_pop_cap_realized,38268362093.558,0.992442,55.0,97.0,1119.0,0.0,0.0,0.0,987.0,0.043,596.0,1137597696.133,ours_pop_cap_epoch,0.227144
h=0/q0=0.4/p=mixed/r=1/sig=0,M_core,0.0,0.4,-1.0,1.0,0.0,1.0,1.0,bpi2019,native,breakeven,75225242133.253,1.950872,5.0,11.0,10782.0,0.0,0.0,0.0,10721.0,0.002,10485.0,20012939335.5,ours_pop_cap_epoch,0.227144
h=0/q0=0.4/p=mixed/r=1/sig=0,M_core,0.0,0.4,-1.0,1.0,0.0,1.0,1.0,bpi2019,native,offline_taxblind,34406151172.457,0.89228,,,,,,,,,,,ours_pop_cap_epoch,0.227144
h=0/q0=0.4/p=mixed/r=1/sig=0,M_core,0.0,0.4,-1.0,1.0,0.0,1.0,1.0,bpi2019,native,offline_opt_tax,35628430657.462,0.923979,,,,,,,,,,,ours_pop_cap_epoch,0.227144
h=0/q0=0.4/p=mixed/r=1/sig=0,M_core,0.0,0.4,-1.0,1.0,0.0,1.0,1.0,sepsis,autorpa_233k,always_reactive,192091479.622,0.973444,0.0,0.0,0.0,0.0,0.0,0.0,0.0,0.002,0.0,0.0,always_reactive,0.910285
h=0/q0=0.4/p=mixed/r=1/sig=0,M_core,0.0,0.4,-1.0,1.0,0.0,1.0,1.0,sepsis,autorpa_233k,always_compile_evict,211023348.008,1.069383,14.0,16.0,68.0,0.0,0.0,0.0,57.0,0.005,47.0,22810863.561,always_reactive,0.910285
h=0/q0=0.4/p=mixed/r=1/sig=0,M_core,0.0,0.4,-1.0,1.0,0.0,1.0,1.0,sepsis,autorpa_233k,ours_noinflate,197331783.299,1.0,7.0,8.0,30.0,0.0,0.0,0.0,23.0,0.004,19.0,9221412.929,always_reactive,0.910285
h=0/q0=0.4/p=mixed/r=1/sig=0,M_core,0.0,0.4,-1.0,1.0,0.0,1.0,1.0,sepsis,autorpa_233k,oracle_tax,186668593.075,0.945963,11.0,11.0,11.0,0.0,0.0,0.0,0.0,0.005,0.0,0.0,always_reactive,0.910285
h=0/q0=0.4/p=mixed/r=1/sig=0,M_core,0.0,0.4,-1.0,1.0,0.0,1.0,1.0,sepsis,autorpa_233k,ours_cap_epoch,194419758.163,0.985243,7.0,8.0,24.0,0.0,0.0,0.0,17.0,0.004,13.0,6309387.793,always_reactive,0.910285
h=0/q0=0.4/p=mixed/r=1/sig=0,M_core,0.0,0.4,-1.0,1.0,0.0,1.0,1.0,sepsis,autorpa_233k,ours_cap_realized,194419758.163,0.985243,7.0,8.0,24.0,0.0,0.0,0.0,17.0,0.004,13.0,6309387.793,always_reactive,0.910285
h=0/q0=0.4/p=mixed/r=1/sig=0,M_core,0.0,0.4,-1.0,1.0,0.0,1.0,1.0,sepsis,autorpa_233k,ours_pop_prior,196125092.241,0.993885,4.0,6.0,24.0,0.0,0.0,0.0,19.0,0.004,16.0,7765400.361,always_reactive,0.910285
h=0/q0=0.4/p=mixed/r=1/sig=0,M_core,0.0,0.4,-1.0,1.0,0.0,1.0,1.0,sepsis,autorpa_233k,ours_pop_prior_s4,198551779.853,1.006182,4.0,6.0,29.0,0.0,0.0,0.0,24.0,0.004,21.0,10192087.974,always_reactive,0.910285
h=0/q0=0.4/p=mixed/r=1/sig=0,M_core,0.0,0.4,-1.0,1.0,0.0,1.0,1.0,sepsis,autorpa_233k,ours_pop_cap_epoch,194611301.467,0.986214,5.0,6.0,22.0,0.0,0.0,0.0,16.0,0.004,13.0,6309387.793,always_reactive,0.910285
h=0/q0=0.4/p=mixed/r=1/sig=0,M_core,0.0,0.4,-1.0,1.0,0.0,1.0,1.0,sepsis,autorpa_233k,ours_pop_cap_realized,194611301.467,0.986214,5.0,6.0,22.0,0.0,0.0,0.0,16.0,0.004,13.0,6309387.793,always_reactive,0.910285
h=0/q0=0.4/p=mixed/r=1/sig=0,M_core,0.0,0.4,-1.0,1.0,0.0,1.0,1.0,sepsis,autorpa_233k,breakeven,196027025.631,0.993388,6.0,7.0,25.0,0.0,0.0,0.0,20.0,0.003,15.0,7280062.839,always_reactive,0.910285
h=0/q0=0.4/p=mixed/r=1/sig=0,M_core,0.0,0.4,-1.0,1.0,0.0,1.0,1.0,sepsis,autorpa_233k,offline_taxblind,180714503.502,0.91579,,,,,,,,,,,always_reactive,0.910285
h=0/q0=0.4/p=mixed/r=1/sig=0,M_core,0.0,0.4,-1.0,1.0,0.0,1.0,1.0,sepsis,autorpa_233k,offline_opt_tax,182787349.102,0.926295,,,,,,,,,,,always_reactive,0.910285
h=0/q0=0.4/p=mixed/r=1/sig=0,M_core,0.0,0.4,-1.0,1.0,0.0,1.0,1.0,sepsis,native,always_reactive,192091479.622,0.956042,0.0,0.0,0.0,0.0,0.0,0.0,0.0,0.002,0.0,0.0,always_reactive,0.657111
h=0/q0=0.4/p=mixed/r=1/sig=0,M_core,0.0,0.4,-1.0,1.0,0.0,1.0,1.0,sepsis,native,always_compile_evict,292327378.681,1.454918,18.0,18.0,68.0,0.0,0.0,0.0,65.0,0.004,47.0,89709885.433,always_reactive,0.657111
h=0/q0=0.4/p=mixed/r=1/sig=0,M_core,0.0,0.4,-1.0,1.0,0.0,1.0,1.0,sepsis,native,ours_noinflate,200923615.103,1.0,3.0,3.0,7.0,0.0,0.0,0.0,7.0,0.002,4.0,7634883.867,always_reactive,0.657111
h=0/q0=0.4/p=mixed/r=1/sig=0,M_core,0.0,0.4,-1.0,1.0,0.0,1.0,1.0,sepsis,native,oracle_tax,189764671.127,0.944462,3.0,3.0,3.0,0.0,0.0,0.0,0.0,0.003,0.0,0.0,always_reactive,0.657111
h=0/q0=0.4/p=mixed/r=1/sig=0,M_core,0.0,0.4,-1.0,1.0,0.0,1.0,1.0,sepsis,native,ours_cap_epoch,199014894.136,0.9905,3.0,3.0,6.0,0.0,0.0,0.0,6.0,0.002,3.0,5726162.9,always_reactive,0.657111
h=0/q0=0.4/p=mixed/r=1/sig=0,M_core,0.0,0.4,-1.0,1.0,0.0,1.0,1.0,sepsis,native,ours_cap_realized,199014894.136,0.9905,3.0,3.0,6.0,0.0,0.0,0.0,6.0,0.002,3.0,5726162.9,always_reactive,0.657111
h=0/q0=0.4/p=mixed/r=1/sig=0,M_core,0.0,0.4,-1.0,1.0,0.0,1.0,1.0,sepsis,native,ours_pop_prior,200923615.103,1.0,3.0,3.0,7.0,0.0,0.0,0.0,7.0,0.002,4.0,7634883.867,always_reactive,0.657111
h=0/q0=0.4/p=mixed/r=1/sig=0,M_core,0.0,0.4,-1.0,1.0,0.0,1.0,1.0,sepsis,native,ours_pop_prior_s4,200653055.31,0.998653,2.0,2.0,6.0,0.0,0.0,0.0,6.0,0.002,4.0,7634883.867,always_reactive,0.657111
h=0/q0=0.4/p=mixed/r=1/sig=0,M_core,0.0,0.4,-1.0,1.0,0.0,1.0,1.0,sepsis,native,ours_pop_cap_epoch,199014894.136,0.9905,3.0,3.0,6.0,0.0,0.0,0.0,6.0,0.002,3.0,5726162.9,always_reactive,0.657111
h=0/q0=0.4/p=mixed/r=1/sig=0,M_core,0.0,0.4,-1.0,1.0,0.0,1.0,1.0,sepsis,native,ours_pop_cap_realized,199014894.136,0.9905,3.0,3.0,6.0,0.0,0.0,0.0,6.0,0.002,3.0,5726162.9,always_reactive,0.657111
h=0/q0=0.4/p=mixed/r=1/sig=0,M_core,0.0,0.4,-1.0,1.0,0.0,1.0,1.0,sepsis,native,breakeven,197180845.371,0.981372,2.0,2.0,4.0,0.0,0.0,0.0,4.0,0.002,2.0,3817441.933,always_reactive,0.657111
h=0/q0=0.4/p=mixed/r=1/sig=0,M_core,0.0,0.4,-1.0,1.0,0.0,1.0,1.0,sepsis,native,offline_taxblind,189040529.645,0.940858,,,,,,,,,,,always_reactive,0.657111
h=0/q0=0.4/p=mixed/r=1/sig=0,M_core,0.0,0.4,-1.0,1.0,0.0,1.0,1.0,sepsis,native,offline_opt_tax,189321125.915,0.942254,,,,,,,,,,,always_reactive,0.657111
h=0/q0=0.4/p=mixed/r=1/sig=0,M_core,0.0,0.4,-1.0,1.0,0.0,1.0,1.0,wiki_A,autorpa_233k,always_reactive,10476085685.358,1.563514,0.0,0.0,0.0,0.0,0.0,0.0,0.0,0.002,0.0,0.0,ours_pop_cap_epoch,0.331964
h=0/q0=0.4/p=mixed/r=1/sig=0,M_core,0.0,0.4,-1.0,1.0,0.0,1.0,1.0,wiki_A,autorpa_233k,always_compile_evict,19962212006.649,2.979281,8.0,33.0,28053.0,0.0,0.0,0.0,27911.0,0.004,27809.0,13496751165.092,ours_pop_cap_epoch,0.331964
h=0/q0=0.4/p=mixed/r=1/sig=0,M_core,0.0,0.4,-1.0,1.0,0.0,1.0,1.0,wiki_A,autorpa_233k,ours_noinflate,6700346193.478,1.0,8.0,30.0,614.0,0.0,0.0,0.0,492.0,0.012,436.0,211607159.84,ours_pop_cap_epoch,0.331964
h=0/q0=0.4/p=mixed/r=1/sig=0,M_core,0.0,0.4,-1.0,1.0,0.0,1.0,1.0,wiki_A,autorpa_233k,oracle_tax,6676047430.778,0.996374,47.0,47.0,47.0,0.0,0.0,0.0,0.0,0.031,0.0,0.0,ours_pop_cap_epoch,0.331964
h=0/q0=0.4/p=mixed/r=1/sig=0,M_core,0.0,0.4,-1.0,1.0,0.0,1.0,1.0,wiki_A,autorpa_233k,ours_cap_epoch,6627060227.57,0.989062,8.0,30.0,463.0,0.0,0.0,0.0,341.0,0.013,285.0,138321193.932,ours_pop_cap_epoch,0.331964
h=0/q0=0.4/p=mixed/r=1/sig=0,M_core,0.0,0.4,-1.0,1.0,0.0,1.0,1.0,wiki_A,autorpa_233k,ours_cap_realized,6627060227.57,0.989062,8.0,30.0,463.0,0.0,0.0,0.0,341.0,0.013,285.0,138321193.932,ours_pop_cap_epoch,0.331964
h=0/q0=0.4/p=mixed/r=1/sig=0,M_core,0.0,0.4,-1.0,1.0,0.0,1.0,1.0,wiki_A,autorpa_233k,ours_pop_prior,6647584321.93,0.992126,8.0,30.0,453.0,0.0,0.0,0.0,343.0,0.012,297.0,144145244.203,ours_pop_cap_epoch,0.331964
h=0/q0=0.4/p=mixed/r=1/sig=0,M_core,0.0,0.4,-1.0,1.0,0.0,1.0,1.0,wiki_A,autorpa_233k,ours_pop_prior_s4,6711343119.426,1.001641,7.0,30.0,531.0,0.0,0.0,0.0,434.0,0.012,392.0,190252308.847,ours_pop_cap_epoch,0.331964
h=0/q0=0.4/p=mixed/r=1/sig=0,M_core,0.0,0.4,-1.0,1.0,0.0,1.0,1.0,wiki_A,autorpa_233k,ours_pop_cap_epoch,6626743393.977,0.989015,8.0,30.0,427.0,0.0,0.0,0.0,315.0,0.012,266.0,129099781.003,ours_pop_cap_epoch,0.331964
h=0/q0=0.4/p=mixed/r=1/sig=0,M_core,0.0,0.4,-1.0,1.0,0.0,1.0,1.0,wiki_A,autorpa_233k,ours_pop_cap_realized,6626743393.977,0.989015,8.0,30.0,427.0,0.0,0.0,0.0,315.0,0.012,266.0,129099781.003,ours_pop_cap_epoch,0.331964
h=0/q0=0.4/p=mixed/r=1/sig=0,M_core,0.0,0.4,-1.0,1.0,0.0,1.0,1.0,wiki_A,autorpa_233k,breakeven,11531777550.353,1.721072,1.0,7.0,7750.0,0.0,0.0,0.0,7673.0,0.003,7611.0,3693903884.266,ours_pop_cap_epoch,0.331964
h=0/q0=0.4/p=mixed/r=1/sig=0,M_core,0.0,0.4,-1.0,1.0,0.0,1.0,1.0,wiki_A,autorpa_233k,offline_taxblind,6338827259.675,0.946045,,,,,,,,,,,ours_pop_cap_epoch,0.331964
h=0/q0=0.4/p=mixed/r=1/sig=0,M_core,0.0,0.4,-1.0,1.0,0.0,1.0,1.0,wiki_A,autorpa_233k,offline_opt_tax,6387380126.17,0.953291,,,,,,,,,,,ours_pop_cap_epoch,0.331964
h=0/q0=0.4/p=mixed/r=1/sig=0,M_core,0.0,0.4,-1.0,1.0,0.0,1.0,1.0,wiki_A,native,always_reactive,10476085685.358,1.510236,0.0,0.0,0.0,0.0,0.0,0.0,0.0,0.002,0.0,0.0,ours_pop_cap_epoch,0.11542
h=0/q0=0.4/p=mixed/r=1/sig=0,M_core,0.0,0.4,-1.0,1.0,0.0,1.0,1.0,wiki_A,native,always_compile_evict,59802808231.465,8.62119,28.0,68.0,28053.0,0.0,0.0,0.0,27984.0,0.003,27809.0,53079621362.042,ours_pop_cap_epoch,0.11542
h=0/q0=0.4/p=mixed/r=1/sig=0,M_core,0.0,0.4,-1.0,1.0,0.0,1.0,1.0,wiki_A,native,ours_noinflate,6936722887.652,1.0,17.0,41.0,192.0,0.0,0.0,0.0,144.0,0.015,97.0,185145933.767,ours_pop_cap_epoch,0.11542
h=0/q0=0.4/p=mixed/r=1/sig=0,M_core,0.0,0.4,-1.0,1.0,0.0,1.0,1.0,wiki_A,native,oracle_tax,6703741406.403,0.966413,42.0,42.0,42.0,0.0,0.0,0.0,0.0,0.029,0.0,0.0,ours_pop_cap_epoch,0.11542
h=0/q0=0.4/p=mixed/r=1/sig=0,M_core,0.0,0.4,-1.0,1.0,0.0,1.0,1.0,wiki_A,native,ours_cap_epoch,6904274631.218,0.995322,17.0,41.0,175.0,0.0,0.0,0.0,127.0,0.016,80.0,152697677.333,ours_pop_cap_epoch,0.11542
h=0/q0=0.4/p=mixed/r=1/sig=0,M_core,0.0,0.4,-1.0,1.0,0.0,1.0,1.0,wiki_A,native,ours_cap_realized,6904274631.218,0.995322,17.0,41.0,175.0,0.0,0.0,0.0,127.0,0.016,80.0,152697677.333,ours_pop_cap_epoch,0.11542
h=0/q0=0.4/p=mixed/r=1/sig=0,M_core,0.0,0.4,-1.0,1.0,0.0,1.0,1.0,wiki_A,native,ours_pop_prior,6926243908.648,0.998489,17.0,41.0,190.0,0.0,0.0,0.0,142.0,0.016,95.0,181328491.833,ours_pop_cap_epoch,0.11542
h=0/q0=0.4/p=mixed/r=1/sig=0,M_core,0.0,0.4,-1.0,1.0,0.0,1.0,1.0,wiki_A,native,ours_pop_prior_s4,7004939482.734,1.009834,16.0,38.0,221.0,0.0,0.0,0.0,173.0,0.015,130.0,248133725.667,ours_pop_cap_epoch,0.11542
h=0/q0=0.4/p=mixed/r=1/sig=0,M_core,0.0,0.4,-1.0,1.0,0.0,1.0,1.0,wiki_A,native,ours_pop_cap_epoch,6902419980.115,0.995055,17.0,41.0,184.0,0.0,0.0,0.0,136.0,0.016,83.0,158423840.233,ours_pop_cap_epoch,0.11542
h=0/q0=0.4/p=mixed/r=1/sig=0,M_core,0.0,0.4,-1.0,1.0,0.0,1.0,1.0,wiki_A,native,ours_pop_cap_realized,6902419980.115,0.995055,17.0,41.0,184.0,0.0,0.0,0.0,136.0,0.016,83.0,158423840.233,ours_pop_cap_epoch,0.11542
h=0/q0=0.4/p=mixed/r=1/sig=0,M_core,0.0,0.4,-1.0,1.0,0.0,1.0,1.0,wiki_A,native,breakeven,11512663096.108,1.659669,1.0,6.0,1967.0,0.0,0.0,0.0,1928.0,0.003,1902.0,3630387278.6,ours_pop_cap_epoch,0.11542
h=0/q0=0.4/p=mixed/r=1/sig=0,M_core,0.0,0.4,-1.0,1.0,0.0,1.0,1.0,wiki_A,native,offline_taxblind,6445470651.441,0.929181,,,,,,,,,,,ours_pop_cap_epoch,0.11542
h=0/q0=0.4/p=mixed/r=1/sig=0,M_core,0.0,0.4,-1.0,1.0,0.0,1.0,1.0,wiki_A,native,offline_opt_tax,6544166310.242,0.943409,,,,,,,,,,,ours_pop_cap_epoch,0.11542
h=0/q0=0.4/p=mixed/r=1/sig=0,M_core,0.0,0.4,-1.0,1.0,0.0,1.0,1.0,wiki_B,autorpa_233k,always_reactive,18276078036.516,1.025383,0.0,0.0,0.0,0.0,0.0,0.0,0.0,0.002,0.0,0.0,ours_pop_cap_epoch,0.881078
h=0/q0=0.4/p=mixed/r=1/sig=0,M_core,0.0,0.4,-1.0,1.0,0.0,1.0,1.0,wiki_B,autorpa_233k,always_compile_evict,19873567441.465,1.11501,48.0,69.0,7737.0,0.0,0.0,0.0,7149.0,0.021,6512.0,3160517946.964,ours_pop_cap_epoch,0.881078
h=0/q0=0.4/p=mixed/r=1/sig=0,M_core,0.0,0.4,-1.0,1.0,0.0,1.0,1.0,wiki_B,autorpa_233k,ours_noinflate,17823662213.053,1.0,47.0,65.0,3105.0,0.0,0.0,0.0,2640.0,0.021,2244.0,1089097400.643,ours_pop_cap_epoch,0.881078
h=0/q0=0.4/p=mixed/r=1/sig=0,M_core,0.0,0.4,-1.0,1.0,0.0,1.0,1.0,wiki_B,autorpa_233k,oracle_tax,17195314185.318,0.964746,90.0,90.0,90.0,0.0,0.0,0.0,0.0,0.027,0.0,0.0,ours_pop_cap_epoch,0.881078
h=0/q0=0.4/p=mixed/r=1/sig=0,M_core,0.0,0.4,-1.0,1.0,0.0,1.0,1.0,wiki_B,autorpa_233k,ours_cap_epoch,17563521300.957,0.985405,47.0,65.0,2569.0,0.0,0.0,0.0,2104.0,0.021,1708.0,828956488.546,ours_pop_cap_epoch,0.881078
h=0/q0=0.4/p=mixed/r=1/sig=0,M_core,0.0,0.4,-1.0,1.0,0.0,1.0,1.0,wiki_B,autorpa_233k,ours_cap_realized,17563521300.957,0.985405,47.0,65.0,2569.0,0.0,0.0,0.0,2104.0,0.021,1708.0,828956488.546,ours_pop_cap_epoch,0.881078
h=0/q0=0.4/p=mixed/r=1/sig=0,M_core,0.0,0.4,-1.0,1.0,0.0,1.0,1.0,wiki_B,autorpa_233k,ours_pop_prior,17547707427.743,0.984518,45.0,64.0,2307.0,0.0,0.0,0.0,1925.0,0.021,1596.0,774598686.019,ours_pop_cap_epoch,0.881078
h=0/q0=0.4/p=mixed/r=1/sig=0,M_core,0.0,0.4,-1.0,1.0,0.0,1.0,1.0,wiki_B,autorpa_233k,ours_pop_prior_s4,17718494347.065,0.9941,42.0,60.0,2537.0,0.0,0.0,0.0,2188.0,0.02,1915.0,929421355.718,ours_pop_cap_epoch,0.881078
h=0/q0=0.4/p=mixed/r=1/sig=0,M_core,0.0,0.4,-1.0,1.0,0.0,1.0,1.0,wiki_B,autorpa_233k,ours_pop_cap_epoch,17510158125.716,0.982411,45.0,65.0,2260.0,0.0,0.0,0.0,1870.0,0.021,1530.0,742566409.529,ours_pop_cap_epoch,0.881078
h=0/q0=0.4/p=mixed/r=1/sig=0,M_core,0.0,0.4,-1.0,1.0,0.0,1.0,1.0,wiki_B,autorpa_233k,ours_pop_cap_realized,17510158125.716,0.982411,45.0,65.0,2260.0,0.0,0.0,0.0,1870.0,0.021,1530.0,742566409.529,ours_pop_cap_epoch,0.881078
h=0/q0=0.4/p=mixed/r=1/sig=0,M_core,0.0,0.4,-1.0,1.0,0.0,1.0,1.0,wiki_B,autorpa_233k,breakeven,19483471372.206,1.093124,4.0,12.0,3390.0,0.0,0.0,0.0,3244.0,0.003,2810.0,1363798438.417,ours_pop_cap_epoch,0.881078
h=0/q0=0.4/p=mixed/r=1/sig=0,M_core,0.0,0.4,-1.0,1.0,0.0,1.0,1.0,wiki_B,autorpa_233k,offline_taxblind,16014537607.683,0.898499,,,,,,,,,,,ours_pop_cap_epoch,0.881078
h=0/q0=0.4/p=mixed/r=1/sig=0,M_core,0.0,0.4,-1.0,1.0,0.0,1.0,1.0,wiki_B,autorpa_233k,offline_opt_tax,16214225874.729,0.909702,,,,,,,,,,,ours_pop_cap_epoch,0.881078
h=0/q0=0.4/p=mixed/r=1/sig=0,M_core,0.0,0.4,-1.0,1.0,0.0,1.0,1.0,wiki_B,native,always_reactive,18276078036.516,0.971461,0.0,0.0,0.0,0.0,0.0,0.0,0.0,0.002,0.0,0.0,always_reactive,0.596924
h=0/q0=0.4/p=mixed/r=1/sig=0,M_core,0.0,0.4,-1.0,1.0,0.0,1.0,1.0,wiki_B,native,always_compile_evict,30617094562.096,1.627445,141.0,157.0,7737.0,0.0,0.0,0.0,7616.0,0.034,6512.0,12429590934.933,always_reactive,0.596924
h=0/q0=0.4/p=mixed/r=1/sig=0,M_core,0.0,0.4,-1.0,1.0,0.0,1.0,1.0,wiki_B,native,ours_noinflate,18812978355.882,1.0,97.0,109.0,1158.0,0.0,0.0,0.0,1077.0,0.029,688.0,1313200025.067,always_reactive,0.596924
h=0/q0=0.4/p=mixed/r=1/sig=0,M_core,0.0,0.4,-1.0,1.0,0.0,1.0,1.0,wiki_B,native,oracle_tax,17237243444.127,0.916242,63.0,63.0,63.0,0.0,0.0,0.0,0.0,0.024,0.0,0.0,always_reactive,0.596924
h=0/q0=0.4/p=mixed/r=1/sig=0,M_core,0.0,0.4,-1.0,1.0,0.0,1.0,1.0,wiki_B,native,ours_cap_epoch,18547666141.515,0.985897,97.0,109.0,1019.0,0.0,0.0,0.0,938.0,0.029,549.0,1047887810.7,always_reactive,0.596924
h=0/q0=0.4/p=mixed/r=1/sig=0,M_core,0.0,0.4,-1.0,1.0,0.0,1.0,1.0,wiki_B,native,ours_cap_realized,18547666141.515,0.985897,97.0,109.0,1019.0,0.0,0.0,0.0,938.0,0.029,549.0,1047887810.7,always_reactive,0.596924
h=0/q0=0.4/p=mixed/r=1/sig=0,M_core,0.0,0.4,-1.0,1.0,0.0,1.0,1.0,wiki_B,native,ours_pop_prior,18604990411.473,0.988944,95.0,109.0,1040.0,0.0,0.0,0.0,960.0,0.029,587.0,1120419207.433,always_reactive,0.596924
h=0/q0=0.4/p=mixed/r=1/sig=0,M_core,0.0,0.4,-1.0,1.0,0.0,1.0,1.0,wiki_B,native,ours_pop_prior_s4,18883834722.646,1.003766,92.0,102.0,1175.0,0.0,0.0,0.0,1097.0,0.026,743.0,1418179678.233,always_reactive,0.596924
h=0/q0=0.4/p=mixed/r=1/sig=0,M_core,0.0,0.4,-1.0,1.0,0.0,1.0,1.0,wiki_B,native,ours_pop_cap_epoch,18500010232.542,0.983364,97.0,108.0,992.0,0.0,0.0,0.0,912.0,0.029,530.0,1011622112.333,always_reactive,0.596924
h=0/q0=0.4/p=mixed/r=1/sig=0,M_core,0.0,0.4,-1.0,1.0,0.0,1.0,1.0,wiki_B,native,ours_pop_cap_realized,18500010232.542,0.983364,97.0,108.0,992.0,0.0,0.0,0.0,912.0,0.029,530.0,1011622112.333,always_reactive,0.596924
h=0/q0=0.4/p=mixed/r=1/sig=0,M_core,0.0,0.4,-1.0,1.0,0.0,1.0,1.0,wiki_B,native,breakeven,19224543464.667,1.021877,2.0,10.0,705.0,0.0,0.0,0.0,666.0,0.004,536.0,1023074438.133,always_reactive,0.596924
h=0/q0=0.4/p=mixed/r=1/sig=0,M_core,0.0,0.4,-1.0,1.0,0.0,1.0,1.0,wiki_B,native,offline_taxblind,16486598475.414,0.876342,,,,,,,,,,,always_reactive,0.596924
h=0/q0=0.4/p=mixed/r=1/sig=0,M_core,0.0,0.4,-1.0,1.0,0.0,1.0,1.0,wiki_B,native,offline_opt_tax,16962411623.001,0.901634,,,,,,,,,,,always_reactive,0.596924
h=0/q0=0.4/p=mixed/r=2.2/sig=0,M_rfb,0.0,0.4,-1.0,2.2,0.0,1.0,1.0,bpi2019,autorpa_233k,always_reactive,55345222128.083,1.056659,0.0,0.0,0.0,0.0,0.0,0.0,0.0,0.002,0.0,0.0,ours_cap_epoch,0.6116
h=0/q0=0.4/p=mixed/r=2.2/sig=0,M_rfb,0.0,0.4,-1.0,2.2,0.0,1.0,1.0,bpi2019,autorpa_233k,always_compile_evict,85588737420.602,1.634072,41.0,66.0,70013.0,0.0,0.0,67283.0,69843.0,0.011,68649.0,33317935586.772,ours_cap_epoch,0.6116
h=0/q0=0.4/p=mixed/r=2.2/sig=0,M_rfb,0.0,0.4,-1.0,2.2,0.0,1.0,1.0,bpi2019,autorpa_233k,ours_noinflate,52377584547.393,1.0,28.0,50.0,990.0,0.0,0.0,53511.3,898.0,0.014,509.0,247036798.987,ours_cap_epoch,0.6116
h=0/q0=0.4/p=mixed/r=2.2/sig=0,M_rfb,0.0,0.4,-1.0,2.2,0.0,1.0,1.0,bpi2019,autorpa_233k,oracle_tax,52160880792.401,0.995863,44.0,44.0,44.0,0.0,0.0,56745.1,0.0,0.012,0.0,0.0,ours_cap_epoch,0.6116
h=0/q0=0.4/p=mixed/r=2.2/sig=0,M_rfb,0.0,0.4,-1.0,2.2,0.0,1.0,1.0,bpi2019,autorpa_233k,ours_cap_epoch,52346037608.426,0.999398,28.0,50.0,925.0,0.0,0.0,53511.3,833.0,0.014,444.0,215489860.02,ours_cap_epoch,0.6116
h=0/q0=0.4/p=mixed/r=2.2/sig=0,M_rfb,0.0,0.4,-1.0,2.2,0.0,1.0,1.0,bpi2019,autorpa_233k,ours_cap_realized,52346037608.426,0.999398,28.0,50.0,925.0,0.0,0.0,53511.3,833.0,0.014,444.0,215489860.02,ours_cap_epoch,0.6116
h=0/q0=0.4/p=mixed/r=2.2/sig=0,M_rfb,0.0,0.4,-1.0,2.2,0.0,1.0,1.0,bpi2019,autorpa_233k,ours_pop_prior,52385051458.078,1.000143,27.0,50.0,1004.0,0.0,0.0,53501.8,911.0,0.014,521.0,252860849.258,ours_cap_epoch,0.6116
h=0/q0=0.4/p=mixed/r=2.2/sig=0,M_rfb,0.0,0.4,-1.0,2.2,0.0,1.0,1.0,bpi2019,autorpa_233k,ours_pop_prior_s4,52407040196.746,1.000562,24.0,47.0,1037.0,0.0,0.0,52757.1,953.0,0.014,623.0,302365276.56,ours_cap_epoch,0.6116
h=0/q0=0.4/p=mixed/r=2.2/sig=0,M_rfb,0.0,0.4,-1.0,2.2,0.0,1.0,1.0,bpi2019,autorpa_233k,ours_pop_cap_epoch,52362264611.568,0.999708,29.0,50.0,972.0,0.0,0.0,53606.0,878.0,0.015,466.0,226167285.517,ours_cap_epoch,0.6116
h=0/q0=0.4/p=mixed/r=2.2/sig=0,M_rfb,0.0,0.4,-1.0,2.2,0.0,1.0,1.0,bpi2019,autorpa_233k,ours_pop_cap_realized,52362264611.568,0.999708,29.0,50.0,972.0,0.0,0.0,53606.0,878.0,0.015,466.0,226167285.517,ours_cap_epoch,0.6116
h=0/q0=0.4/p=mixed/r=2.2/sig=0,M_rfb,0.0,0.4,-1.0,2.2,0.0,1.0,1.0,bpi2019,autorpa_233k,breakeven,59310680283.033,1.132368,0.0,5.0,8346.0,0.0,0.0,564.8,8320.0,0.002,8093.0,3927836570.144,ours_cap_epoch,0.6116
h=0/q0=0.4/p=mixed/r=2.2/sig=0,M_rfb,0.0,0.4,-1.0,2.2,0.0,1.0,1.0,bpi2019,autorpa_233k,offline_taxblind,51236559937.678,0.978215,,,,,,,,,,,ours_cap_epoch,0.6116
h=0/q0=0.4/p=mixed/r=2.2/sig=0,M_rfb,0.0,0.4,-1.0,2.2,0.0,1.0,1.0,bpi2019,autorpa_233k,offline_opt_tax,51526606067.396,0.983753,,,,,,,,,,,ours_cap_epoch,0.6116
h=0/q0=0.4/p=mixed/r=2.2/sig=0,M_rfb,0.0,0.4,-1.0,2.2,0.0,1.0,1.0,bpi2019,native,always_reactive,55345222128.083,1.012047,0.0,0.0,0.0,0.0,0.0,0.0,0.0,0.002,0.0,0.0,ours_noinflate,0.294483
h=0/q0=0.4/p=mixed/r=2.2/sig=0,M_rfb,0.0,0.4,-1.0,2.2,0.0,1.0,1.0,bpi2019,native,always_compile_evict,185703441459.239,3.395786,88.0,139.0,70013.0,0.0,0.0,67283.0,69964.0,0.013,68649.0,131031785640.714,ours_noinflate,0.294483
h=0/q0=0.4/p=mixed/r=2.2/sig=0,M_rfb,0.0,0.4,-1.0,2.2,0.0,1.0,1.0,bpi2019,native,ours_noinflate,54686437705.055,1.0,7.0,11.0,18.0,0.0,0.0,8141.6,5.0,0.004,2.0,3817441.933,ours_noinflate,0.294483
h=0/q0=0.4/p=mixed/r=2.2/sig=0,M_rfb,0.0,0.4,-1.0,2.2,0.0,1.0,1.0,bpi2019,native,oracle_tax,52182396288.032,0.954211,38.0,38.0,38.0,0.0,0.0,56219.5,0.0,0.011,0.0,0.0,ours_noinflate,0.294483
h=0/q0=0.4/p=mixed/r=2.2/sig=0,M_rfb,0.0,0.4,-1.0,2.2,0.0,1.0,1.0,bpi2019,native,ours_cap_epoch,54686437705.055,1.0,7.0,11.0,18.0,0.0,0.0,8141.6,5.0,0.004,2.0,3817441.933,ours_noinflate,0.294483
h=0/q0=0.4/p=mixed/r=2.2/sig=0,M_rfb,0.0,0.4,-1.0,2.2,0.0,1.0,1.0,bpi2019,native,ours_cap_realized,54686437705.055,1.0,7.0,11.0,18.0,0.0,0.0,8141.6,5.0,0.004,2.0,3817441.933,ours_noinflate,0.294483
h=0/q0=0.4/p=mixed/r=2.2/sig=0,M_rfb,0.0,0.4,-1.0,2.2,0.0,1.0,1.0,bpi2019,native,ours_pop_prior,55347130849.049,1.012081,0.0,0.0,1.0,0.0,0.0,0.0,1.0,0.002,1.0,1908720.967,ours_noinflate,0.294483
h=0/q0=0.4/p=mixed/r=2.2/sig=0,M_rfb,0.0,0.4,-1.0,2.2,0.0,1.0,1.0,bpi2019,native,ours_pop_prior_s4,55347130849.049,1.012081,0.0,0.0,1.0,0.0,0.0,0.0,1.0,0.002,1.0,1908720.967,ours_noinflate,0.294483
h=0/q0=0.4/p=mixed/r=2.2/sig=0,M_rfb,0.0,0.4,-1.0,2.2,0.0,1.0,1.0,bpi2019,native,ours_pop_cap_epoch,55347130849.049,1.012081,0.0,0.0,1.0,0.0,0.0,0.0,1.0,0.002,1.0,1908720.967,ours_noinflate,0.294483
h=0/q0=0.4/p=mixed/r=2.2/sig=0,M_rfb,0.0,0.4,-1.0,2.2,0.0,1.0,1.0,bpi2019,native,ours_pop_cap_realized,55347130849.049,1.012081,0.0,0.0,1.0,0.0,0.0,0.0,1.0,0.002,1.0,1908720.967,ours_noinflate,0.294483
h=0/q0=0.4/p=mixed/r=2.2/sig=0,M_rfb,0.0,0.4,-1.0,2.2,0.0,1.0,1.0,bpi2019,native,breakeven,59198587499.414,1.082509,1.0,4.0,2084.0,0.0,0.0,724.0,2075.0,0.002,1987.0,3792628560.767,ours_noinflate,0.294483
h=0/q0=0.4/p=mixed/r=2.2/sig=0,M_rfb,0.0,0.4,-1.0,2.2,0.0,1.0,1.0,bpi2019,native,offline_taxblind,51400953535.74,0.939921,,,,,,,,,,,ours_noinflate,0.294483
h=0/q0=0.4/p=mixed/r=2.2/sig=0,M_rfb,0.0,0.4,-1.0,2.2,0.0,1.0,1.0,bpi2019,native,offline_opt_tax,51730629922.331,0.94595,,,,,,,,,,,ours_noinflate,0.294483
h=0/q0=0.4/p=mixed/r=2.2/sig=0,M_rfb,0.0,0.4,-1.0,2.2,0.0,1.0,1.0,sepsis,autorpa_233k,always_reactive,192091479.622,0.99428,0.0,0.0,0.0,0.0,0.0,0.0,0.0,0.002,0.0,0.0,always_reactive,0.878276
h=0/q0=0.4/p=mixed/r=2.2/sig=0,M_rfb,0.0,0.4,-1.0,2.2,0.0,1.0,1.0,sepsis,autorpa_233k,always_compile_evict,218714371.996,1.132082,14.0,16.0,68.0,0.0,0.0,37.6,66.0,0.005,47.0,22810863.561,always_reactive,0.878276
h=0/q0=0.4/p=mixed/r=2.2/sig=0,M_rfb,0.0,0.4,-1.0,2.2,0.0,1.0,1.0,sepsis,autorpa_233k,ours_noinflate,193196539.294,1.0,1.0,1.0,3.0,0.0,0.0,2.2,3.0,0.002,2.0,970675.045,always_reactive,0.878276
h=0/q0=0.4/p=mixed/r=2.2/sig=0,M_rfb,0.0,0.4,-1.0,2.2,0.0,1.0,1.0,sepsis,autorpa_233k,oracle_tax,191384495.471,0.990621,2.0,2.0,2.0,0.0,0.0,16.0,0.0,0.003,0.0,0.0,always_reactive,0.878276
h=0/q0=0.4/p=mixed/r=2.2/sig=0,M_rfb,0.0,0.4,-1.0,2.2,0.0,1.0,1.0,sepsis,autorpa_233k,ours_cap_epoch,193196539.294,1.0,1.0,1.0,3.0,0.0,0.0,2.2,3.0,0.002,2.0,970675.045,always_reactive,0.878276
h=0/q0=0.4/p=mixed/r=2.2/sig=0,M_rfb,0.0,0.4,-1.0,2.2,0.0,1.0,1.0,sepsis,autorpa_233k,ours_cap_realized,193196539.294,1.0,1.0,1.0,3.0,0.0,0.0,2.2,3.0,0.002,2.0,970675.045,always_reactive,0.878276
h=0/q0=0.4/p=mixed/r=2.2/sig=0,M_rfb,0.0,0.4,-1.0,2.2,0.0,1.0,1.0,sepsis,autorpa_233k,ours_pop_prior,192576817.145,0.996792,0.0,0.0,1.0,0.0,0.0,0.0,1.0,0.002,1.0,485337.523,always_reactive,0.878276
h=0/q0=0.4/p=mixed/r=2.2/sig=0,M_rfb,0.0,0.4,-1.0,2.2,0.0,1.0,1.0,sepsis,autorpa_233k,ours_pop_prior_s4,193062154.667,0.999304,0.0,0.0,2.0,0.0,0.0,0.0,2.0,0.002,2.0,970675.045,always_reactive,0.878276
h=0/q0=0.4/p=mixed/r=2.2/sig=0,M_rfb,0.0,0.4,-1.0,2.2,0.0,1.0,1.0,sepsis,autorpa_233k,ours_pop_cap_epoch,192576817.145,0.996792,0.0,0.0,1.0,0.0,0.0,0.0,1.0,0.002,1.0,485337.523,always_reactive,0.878276
h=0/q0=0.4/p=mixed/r=2.2/sig=0,M_rfb,0.0,0.4,-1.0,2.2,0.0,1.0,1.0,sepsis,autorpa_233k,ours_pop_cap_realized,192576817.145,0.996792,0.0,0.0,1.0,0.0,0.0,0.0,1.0,0.002,1.0,485337.523,always_reactive,0.878276
h=0/q0=0.4/p=mixed/r=2.2/sig=0,M_rfb,0.0,0.4,-1.0,2.2,0.0,1.0,1.0,sepsis,autorpa_233k,breakeven,192576817.145,0.996792,0.0,0.0,1.0,0.0,0.0,0.0,1.0,0.002,1.0,485337.523,always_reactive,0.878276
h=0/q0=0.4/p=mixed/r=2.2/sig=0,M_rfb,0.0,0.4,-1.0,2.2,0.0,1.0,1.0,sepsis,autorpa_233k,offline_taxblind,191648860.449,0.991989,,,,,,,,,,,always_reactive,0.878276
h=0/q0=0.4/p=mixed/r=2.2/sig=0,M_rfb,0.0,0.4,-1.0,2.2,0.0,1.0,1.0,sepsis,autorpa_233k,offline_opt_tax,191897740.39,0.993277,,,,,,,,,,,always_reactive,0.878276
h=0/q0=0.4/p=mixed/r=2.2/sig=0,M_rfb,0.0,0.4,-1.0,2.2,0.0,1.0,1.0,sepsis,native,always_reactive,192091479.622,1.0,0.0,0.0,0.0,0.0,0.0,0.0,0.0,0.002,0.0,0.0,always_reactive,0.640266
h=0/q0=0.4/p=mixed/r=2.2/sig=0,M_rfb,0.0,0.4,-1.0,2.2,0.0,1.0,1.0,sepsis,native,always_compile_evict,300018402.668,1.561852,18.0,18.0,68.0,0.0,0.0,37.6,68.0,0.004,47.0,89709885.433,always_reactive,0.640266
h=0/q0=0.4/p=mixed/r=2.2/sig=0,M_rfb,0.0,0.4,-1.0,2.2,0.0,1.0,1.0,sepsis,native,ours_noinflate,192091479.622,1.0,0.0,0.0,0.0,0.0,0.0,0.0,0.0,0.002,0.0,0.0,always_reactive,0.640266
h=0/q0=0.4/p=mixed/r=2.2/sig=0,M_rfb,0.0,0.4,-1.0,2.2,0.0,1.0,1.0,sepsis,native,oracle_tax,192091479.622,1.0,0.0,0.0,0.0,0.0,0.0,0.0,0.0,0.002,0.0,0.0,always_reactive,0.640266
h=0/q0=0.4/p=mixed/r=2.2/sig=0,M_rfb,0.0,0.4,-1.0,2.2,0.0,1.0,1.0,sepsis,native,ours_cap_epoch,192091479.622,1.0,0.0,0.0,0.0,0.0,0.0,0.0,0.0,0.002,0.0,0.0,always_reactive,0.640266
h=0/q0=0.4/p=mixed/r=2.2/sig=0,M_rfb,0.0,0.4,-1.0,2.2,0.0,1.0,1.0,sepsis,native,ours_cap_realized,192091479.622,1.0,0.0,0.0,0.0,0.0,0.0,0.0,0.0,0.002,0.0,0.0,always_reactive,0.640266
h=0/q0=0.4/p=mixed/r=2.2/sig=0,M_rfb,0.0,0.4,-1.0,2.2,0.0,1.0,1.0,sepsis,native,ours_pop_prior,192091479.622,1.0,0.0,0.0,0.0,0.0,0.0,0.0,0.0,0.002,0.0,0.0,always_reactive,0.640266
h=0/q0=0.4/p=mixed/r=2.2/sig=0,M_rfb,0.0,0.4,-1.0,2.2,0.0,1.0,1.0,sepsis,native,ours_pop_prior_s4,192091479.622,1.0,0.0,0.0,0.0,0.0,0.0,0.0,0.0,0.002,0.0,0.0,always_reactive,0.640266
h=0/q0=0.4/p=mixed/r=2.2/sig=0,M_rfb,0.0,0.4,-1.0,2.2,0.0,1.0,1.0,sepsis,native,ours_pop_cap_epoch,192091479.622,1.0,0.0,0.0,0.0,0.0,0.0,0.0,0.0,0.002,0.0,0.0,always_reactive,0.640266
h=0/q0=0.4/p=mixed/r=2.2/sig=0,M_rfb,0.0,0.4,-1.0,2.2,0.0,1.0,1.0,sepsis,native,ours_pop_cap_realized,192091479.622,1.0,0.0,0.0,0.0,0.0,0.0,0.0,0.0,0.002,0.0,0.0,always_reactive,0.640266
h=0/q0=0.4/p=mixed/r=2.2/sig=0,M_rfb,0.0,0.4,-1.0,2.2,0.0,1.0,1.0,sepsis,native,breakeven,192091479.622,1.0,0.0,0.0,0.0,0.0,0.0,0.0,0.0,0.002,0.0,0.0,always_reactive,0.640266
h=0/q0=0.4/p=mixed/r=2.2/sig=0,M_rfb,0.0,0.4,-1.0,2.2,0.0,1.0,1.0,sepsis,native,offline_taxblind,192091479.622,1.0,,,,,,,,,,,always_reactive,0.640266
h=0/q0=0.4/p=mixed/r=2.2/sig=0,M_rfb,0.0,0.4,-1.0,2.2,0.0,1.0,1.0,sepsis,native,offline_opt_tax,192091479.622,1.0,,,,,,,,,,,always_reactive,0.640266
h=0/q0=0.4/p=mixed/r=2.2/sig=0,M_rfb,0.0,0.4,-1.0,2.2,0.0,1.0,1.0,wiki_A,autorpa_233k,always_reactive,10476085685.358,1.067699,0.0,0.0,0.0,0.0,0.0,0.0,0.0,0.002,0.0,0.0,ours_pop_cap_epoch,0.421284
h=0/q0=0.4/p=mixed/r=2.2/sig=0,M_rfb,0.0,0.4,-1.0,2.2,0.0,1.0,1.0,wiki_A,autorpa_233k,always_compile_evict,23276005710.726,2.372238,8.0,33.0,28053.0,0.0,0.0,13885.5,28002.0,0.004,27809.0,13496751165.092,ours_pop_cap_epoch,0.421284
h=0/q0=0.4/p=mixed/r=2.2/sig=0,M_rfb,0.0,0.4,-1.0,2.2,0.0,1.0,1.0,wiki_A,autorpa_233k,ours_noinflate,9811834037.892,1.0,7.0,27.0,154.0,0.0,0.0,11741.4,118.0,0.007,67.0,32517614.012,ours_pop_cap_epoch,0.421284
h=0/q0=0.4/p=mixed/r=2.2/sig=0,M_rfb,0.0,0.4,-1.0,2.2,0.0,1.0,1.0,wiki_A,autorpa_233k,oracle_tax,9815874136.577,1.000412,19.0,19.0,19.0,0.0,0.0,12429.3,0.0,0.01,0.0,0.0,ours_pop_cap_epoch,0.421284
h=0/q0=0.4/p=mixed/r=2.2/sig=0,M_rfb,0.0,0.4,-1.0,2.2,0.0,1.0,1.0,wiki_A,autorpa_233k,ours_cap_epoch,9806980662.666,0.999505,7.0,27.0,144.0,0.0,0.0,11741.4,108.0,0.007,57.0,27664238.786,ours_pop_cap_epoch,0.421284
h=0/q0=0.4/p=mixed/r=2.2/sig=0,M_rfb,0.0,0.4,-1.0,2.2,0.0,1.0,1.0,wiki_A,autorpa_233k,ours_cap_realized,9806980662.666,0.999505,7.0,27.0,144.0,0.0,0.0,11741.4,108.0,0.007,57.0,27664238.786,ours_pop_cap_epoch,0.421284
h=0/q0=0.4/p=mixed/r=2.2/sig=0,M_rfb,0.0,0.4,-1.0,2.2,0.0,1.0,1.0,wiki_A,autorpa_233k,ours_pop_prior,9813110489.379,1.00013,7.0,27.0,168.0,0.0,0.0,11805.0,130.0,0.007,76.0,36885651.715,ours_pop_cap_epoch,0.421284
h=0/q0=0.4/p=mixed/r=2.2/sig=0,M_rfb,0.0,0.4,-1.0,2.2,0.0,1.0,1.0,wiki_A,autorpa_233k,ours_pop_prior_s4,9823953613.728,1.001235,6.0,25.0,180.0,0.0,0.0,11715.7,146.0,0.007,95.0,46107064.644,ours_pop_cap_epoch,0.421284
h=0/q0=0.4/p=mixed/r=2.2/sig=0,M_rfb,0.0,0.4,-1.0,2.2,0.0,1.0,1.0,wiki_A,autorpa_233k,ours_pop_cap_epoch,9805812413.98,0.999386,7.0,27.0,157.0,0.0,0.0,11837.3,118.0,0.007,63.0,30576263.922,ours_pop_cap_epoch,0.421284
h=0/q0=0.4/p=mixed/r=2.2/sig=0,M_rfb,0.0,0.4,-1.0,2.2,0.0,1.0,1.0,wiki_A,autorpa_233k,ours_pop_cap_realized,9805812413.98,0.999386,7.0,27.0,157.0,0.0,0.0,11837.3,118.0,0.007,63.0,30576263.922,ours_pop_cap_epoch,0.421284
h=0/q0=0.4/p=mixed/r=2.2/sig=0,M_rfb,0.0,0.4,-1.0,2.2,0.0,1.0,1.0,wiki_A,autorpa_233k,breakeven,10695286726.565,1.09004,0.0,5.0,1528.0,0.0,0.0,7804.9,1494.0,0.003,1471.0,713931495.698,ours_pop_cap_epoch,0.421284
h=0/q0=0.4/p=mixed/r=2.2/sig=0,M_rfb,0.0,0.4,-1.0,2.2,0.0,1.0,1.0,wiki_A,autorpa_233k,offline_taxblind,9686149450.29,0.987191,,,,,,,,,,,ours_pop_cap_epoch,0.421284
h=0/q0=0.4/p=mixed/r=2.2/sig=0,M_rfb,0.0,0.4,-1.0,2.2,0.0,1.0,1.0,wiki_A,autorpa_233k,offline_opt_tax,9714694377.917,0.9901,,,,,,,,,,,ours_pop_cap_epoch,0.421284
h=0/q0=0.4/p=mixed/r=2.2/sig=0,M_rfb,0.0,0.4,-1.0,2.2,0.0,1.0,1.0,wiki_A,native,always_reactive,10476085685.358,1.006683,0.0,0.0,0.0,0.0,0.0,0.0,0.0,0.002,0.0,0.0,ours_pop_cap_epoch,0.157165
h=0/q0=0.4/p=mixed/r=2.2/sig=0,M_rfb,0.0,0.4,-1.0,2.2,0.0,1.0,1.0,wiki_A,native,always_compile_evict,63116601935.516,6.065088,28.0,68.0,28053.0,0.0,0.0,13885.5,28026.0,0.003,27809.0,53079621362.042,ours_pop_cap_epoch,0.157165
h=0/q0=0.4/p=mixed/r=2.2/sig=0,M_rfb,0.0,0.4,-1.0,2.2,0.0,1.0,1.0,wiki_A,native,ours_noinflate,10406543245.869,1.0,1.0,4.0,6.0,0.0,0.0,819.6,1.0,0.003,1.0,1908720.967,ours_pop_cap_epoch,0.157165
h=0/q0=0.4/p=mixed/r=2.2/sig=0,M_rfb,0.0,0.4,-1.0,2.2,0.0,1.0,1.0,wiki_A,native,oracle_tax,9828901291.147,0.944492,16.0,16.0,16.0,0.0,0.0,12267.7,0.0,0.01,0.0,0.0,ours_pop_cap_epoch,0.157165
h=0/q0=0.4/p=mixed/r=2.2/sig=0,M_rfb,0.0,0.4,-1.0,2.2,0.0,1.0,1.0,wiki_A,native,ours_cap_epoch,10406543245.869,1.0,1.0,4.0,6.0,0.0,0.0,819.6,1.0,0.003,1.0,1908720.967,ours_pop_cap_epoch,0.157165
h=0/q0=0.4/p=mixed/r=2.2/sig=0,M_rfb,0.0,0.4,-1.0,2.2,0.0,1.0,1.0,wiki_A,native,ours_cap_realized,10406543245.869,1.0,1.0,4.0,6.0,0.0,0.0,819.6,1.0,0.003,1.0,1908720.967,ours_pop_cap_epoch,0.157165
h=0/q0=0.4/p=mixed/r=2.2/sig=0,M_rfb,0.0,0.4,-1.0,2.2,0.0,1.0,1.0,wiki_A,native,ours_pop_prior,9919816314.722,0.953229,5.0,16.0,50.0,0.0,0.0,8974.1,35.0,0.005,9.0,17178488.7,ours_pop_cap_epoch,0.157165
h=0/q0=0.4/p=mixed/r=2.2/sig=0,M_rfb,0.0,0.4,-1.0,2.2,0.0,1.0,1.0,wiki_A,native,ours_pop_prior_s4,9931394741.635,0.954341,5.0,15.0,50.0,0.0,0.0,8816.3,36.0,0.005,12.0,22904651.6,ours_pop_cap_epoch,0.157165
h=0/q0=0.4/p=mixed/r=2.2/sig=0,M_rfb,0.0,0.4,-1.0,2.2,0.0,1.0,1.0,wiki_A,native,ours_pop_cap_epoch,9919694732.188,0.953217,5.0,16.0,51.0,0.0,0.0,8996.4,36.0,0.005,9.0,17178488.7,ours_pop_cap_epoch,0.157165
h=0/q0=0.4/p=mixed/r=2.2/sig=0,M_rfb,0.0,0.4,-1.0,2.2,0.0,1.0,1.0,wiki_A,native,ours_pop_cap_realized,9919694732.188,0.953217,5.0,16.0,51.0,0.0,0.0,8996.4,36.0,0.005,9.0,17178488.7,ours_pop_cap_epoch,0.157165
h=0/q0=0.4/p=mixed/r=2.2/sig=0,M_rfb,0.0,0.4,-1.0,2.2,0.0,1.0,1.0,wiki_A,native,breakeven,10691871281.757,1.027418,0.0,4.0,386.0,0.0,0.0,7998.0,373.0,0.003,359.0,685230827.033,ours_pop_cap_epoch,0.157165
h=0/q0=0.4/p=mixed/r=2.2/sig=0,M_rfb,0.0,0.4,-1.0,2.2,0.0,1.0,1.0,wiki_A,native,offline_taxblind,9724888069.444,0.934497,,,,,,,,,,,ours_pop_cap_epoch,0.157165
h=0/q0=0.4/p=mixed/r=2.2/sig=0,M_rfb,0.0,0.4,-1.0,2.2,0.0,1.0,1.0,wiki_A,native,offline_opt_tax,9748866784.706,0.936802,,,,,,,,,,,ours_pop_cap_epoch,0.157165
h=0/q0=0.4/p=mixed/r=2.2/sig=0,M_rfb,0.0,0.4,-1.0,2.2,0.0,1.0,1.0,wiki_B,autorpa_233k,always_reactive,18276078036.516,0.987905,0.0,0.0,0.0,0.0,0.0,0.0,0.0,0.002,0.0,0.0,always_reactive,0.844172
h=0/q0=0.4/p=mixed/r=2.2/sig=0,M_rfb,0.0,0.4,-1.0,2.2,0.0,1.0,1.0,wiki_B,autorpa_233k,always_compile_evict,21649696296.401,1.170264,48.0,69.0,7737.0,0.0,0.0,8603.9,7679.0,0.019,6512.0,3160517946.964,always_reactive,0.844172
h=0/q0=0.4/p=mixed/r=2.2/sig=0,M_rfb,0.0,0.4,-1.0,2.2,0.0,1.0,1.0,wiki_B,autorpa_233k,ours_noinflate,18499835065.469,1.0,32.0,51.0,880.0,0.0,0.0,5668.1,840.0,0.015,467.0,226652623.039,always_reactive,0.844172
h=0/q0=0.4/p=mixed/r=2.2/sig=0,M_rfb,0.0,0.4,-1.0,2.2,0.0,1.0,1.0,wiki_B,autorpa_233k,oracle_tax,18170033339.923,0.982173,11.0,11.0,11.0,0.0,0.0,2950.2,0.0,0.006,0.0,0.0,always_reactive,0.844172
h=0/q0=0.4/p=mixed/r=2.2/sig=0,M_rfb,0.0,0.4,-1.0,2.2,0.0,1.0,1.0,wiki_B,autorpa_233k,ours_cap_epoch,18470714814.115,0.998426,32.0,51.0,820.0,0.0,0.0,5668.1,780.0,0.015,407.0,197532371.685,always_reactive,0.844172
h=0/q0=0.4/p=mixed/r=2.2/sig=0,M_rfb,0.0,0.4,-1.0,2.2,0.0,1.0,1.0,wiki_B,autorpa_233k,ours_cap_realized,18470714814.115,0.998426,32.0,51.0,820.0,0.0,0.0,5668.1,780.0,0.015,407.0,197532371.685,always_reactive,0.844172
h=0/q0=0.4/p=mixed/r=2.2/sig=0,M_rfb,0.0,0.4,-1.0,2.2,0.0,1.0,1.0,wiki_B,autorpa_233k,ours_pop_prior,18483565760.172,0.999121,32.0,50.0,844.0,0.0,0.0,5620.8,805.0,0.014,449.0,217916547.633,always_reactive,0.844172
h=0/q0=0.4/p=mixed/r=2.2/sig=0,M_rfb,0.0,0.4,-1.0,2.2,0.0,1.0,1.0,wiki_B,autorpa_233k,ours_pop_prior_s4,18494982809.87,0.999738,29.0,44.0,854.0,0.0,0.0,5239.6,817.0,0.013,526.0,255287536.871,always_reactive,0.844172
h=0/q0=0.4/p=mixed/r=2.2/sig=0,M_rfb,0.0,0.4,-1.0,2.2,0.0,1.0,1.0,wiki_B,autorpa_233k,ours_pop_cap_epoch,18471735718.049,0.998481,33.0,51.0,826.0,0.0,0.0,5689.9,785.0,0.015,408.0,198017709.208,always_reactive,0.844172
h=0/q0=0.4/p=mixed/r=2.2/sig=0,M_rfb,0.0,0.4,-1.0,2.2,0.0,1.0,1.0,wiki_B,autorpa_233k,ours_pop_cap_realized,18471735718.049,0.998481,33.0,51.0,826.0,0.0,0.0,5689.9,785.0,0.015,408.0,198017709.208,always_reactive,0.844172
h=0/q0=0.4/p=mixed/r=2.2/sig=0,M_rfb,0.0,0.4,-1.0,2.2,0.0,1.0,1.0,wiki_B,autorpa_233k,breakeven,18462807155.655,0.997998,1.0,6.0,516.0,0.0,0.0,625.8,495.0,0.003,382.0,185398933.621,always_reactive,0.844172
h=0/q0=0.4/p=mixed/r=2.2/sig=0,M_rfb,0.0,0.4,-1.0,2.2,0.0,1.0,1.0,wiki_B,autorpa_233k,offline_taxblind,17940236931.554,0.969751,,,,,,,,,,,always_reactive,0.844172
h=0/q0=0.4/p=mixed/r=2.2/sig=0,M_rfb,0.0,0.4,-1.0,2.2,0.0,1.0,1.0,wiki_B,autorpa_233k,offline_opt_tax,18043192269.228,0.975316,,,,,,,,,,,always_reactive,0.844172
h=0/q0=0.4/p=mixed/r=2.2/sig=0,M_rfb,0.0,0.4,-1.0,2.2,0.0,1.0,1.0,wiki_B,native,always_reactive,18276078036.516,1.000631,0.0,0.0,0.0,0.0,0.0,0.0,0.0,0.002,0.0,0.0,ours_noinflate,0.563838
h=0/q0=0.4/p=mixed/r=2.2/sig=0,M_rfb,0.0,0.4,-1.0,2.2,0.0,1.0,1.0,wiki_B,native,always_compile_evict,32393223417.034,1.773558,141.0,157.0,7737.0,0.0,0.0,8603.9,7718.0,0.032,6512.0,12429590934.933,ours_noinflate,0.563838
h=0/q0=0.4/p=mixed/r=2.2/sig=0,M_rfb,0.0,0.4,-1.0,2.2,0.0,1.0,1.0,wiki_B,native,ours_noinflate,18264544156.645,1.0,1.0,2.0,9.0,0.0,0.0,292.0,7.0,0.002,4.0,7634883.867,ours_noinflate,0.563838
h=0/q0=0.4/p=mixed/r=2.2/sig=0,M_rfb,0.0,0.4,-1.0,2.2,0.0,1.0,1.0,wiki_B,native,oracle_tax,18174607762.569,0.995076,8.0,8.0,8.0,0.0,0.0,2857.2,0.0,0.005,0.0,0.0,ours_noinflate,0.563838
h=0/q0=0.4/p=mixed/r=2.2/sig=0,M_rfb,0.0,0.4,-1.0,2.2,0.0,1.0,1.0,wiki_B,native,ours_cap_epoch,18264544156.645,1.0,1.0,2.0,9.0,0.0,0.0,292.0,7.0,0.002,4.0,7634883.867,ours_noinflate,0.563838
h=0/q0=0.4/p=mixed/r=2.2/sig=0,M_rfb,0.0,0.4,-1.0,2.2,0.0,1.0,1.0,wiki_B,native,ours_cap_realized,18264544156.645,1.0,1.0,2.0,9.0,0.0,0.0,292.0,7.0,0.002,4.0,7634883.867,ours_noinflate,0.563838
h=0/q0=0.4/p=mixed/r=2.2/sig=0,M_rfb,0.0,0.4,-1.0,2.2,0.0,1.0,1.0,wiki_B,native,ours_pop_prior,18441753258.444,1.009702,27.0,29.0,165.0,0.0,0.0,1870.5,158.0,0.008,52.0,99253490.267,ours_noinflate,0.563838
h=0/q0=0.4/p=mixed/r=2.2/sig=0,M_rfb,0.0,0.4,-1.0,2.2,0.0,1.0,1.0,wiki_B,native,ours_pop_prior_s4,18445227572.637,1.009893,18.0,22.0,142.0,0.0,0.0,1185.9,138.0,0.007,53.0,101162211.233,ours_noinflate,0.563838
h=0/q0=0.4/p=mixed/r=2.2/sig=0,M_rfb,0.0,0.4,-1.0,2.2,0.0,1.0,1.0,wiki_B,native,ours_pop_cap_epoch,18441753258.444,1.009702,27.0,29.0,165.0,0.0,0.0,1870.5,158.0,0.008,52.0,99253490.267,ours_noinflate,0.563838
h=0/q0=0.4/p=mixed/r=2.2/sig=0,M_rfb,0.0,0.4,-1.0,2.2,0.0,1.0,1.0,wiki_B,native,ours_pop_cap_realized,18441753258.444,1.009702,27.0,29.0,165.0,0.0,0.0,1870.5,158.0,0.008,52.0,99253490.267,ours_noinflate,0.563838
h=0/q0=0.4/p=mixed/r=2.2/sig=0,M_rfb,0.0,0.4,-1.0,2.2,0.0,1.0,1.0,wiki_B,native,breakeven,18386602254.618,1.006683,2.0,4.0,93.0,0.0,0.0,475.9,88.0,0.003,52.0,99253490.267,ours_noinflate,0.563838
h=0/q0=0.4/p=mixed/r=2.2/sig=0,M_rfb,0.0,0.4,-1.0,2.2,0.0,1.0,1.0,wiki_B,native,offline_taxblind,18028492603.971,0.987076,,,,,,,,,,,ours_noinflate,0.563838
h=0/q0=0.4/p=mixed/r=2.2/sig=0,M_rfb,0.0,0.4,-1.0,2.2,0.0,1.0,1.0,wiki_B,native,offline_opt_tax,18120850144.051,0.992133,,,,,,,,,,,ours_noinflate,0.563838
