config,block,h,q0,p,r_fallback,sigma,silent_penalty,c_fail_mult,stream,price,policy,mean_tokens,rel_to_ours_noinflate,mean_final_library,mean_max_library,mean_n_compiles,mean_program_deaths,mean_silent_failures,mean_use_failures,mean_wasted_tax,mean_tax_share,mean_failed_attempts,mean_failed_tokens,cheapest_policy,best_vs_naive
h=0.02/q0=0.4/p=0.3/r=1/sig=0/cf=11.0877,A_core,0.02,0.4,0.3,1.0,0.0,1.0,11.087667012373094,bpi2019,autorpa_233k,always_reactive,26858149732.486,0.658429,0.0,0.0,0.0,0.0,0.0,0.0,0.0,0.003,0.0,0.0,always_reactive,0.528642
h=0.02/q0=0.4/p=0.3/r=1/sig=0/cf=11.0877,A_core,0.02,0.4,0.3,1.0,0.0,1.0,11.087667012373094,bpi2019,autorpa_233k,always_compile_evict,50805979733.108,1.245511,89.7,141.1,18980.6,4427.9,0.0,92083.9,18631.5,0.048,13277.9,34302477580.896,always_reactive,0.528642
h=0.02/q0=0.4/p=0.3/r=1/sig=0/cf=11.0877,A_core,0.02,0.4,0.3,1.0,0.0,1.0,11.087667012373094,bpi2019,autorpa_233k,ours_noinflate,40791274629.939,1.0,62.9,96.2,13654.8,3523.9,0.0,73306.3,13392.7,0.041,9546.5,24662680260.133,always_reactive,0.528642
h=0.02/q0=0.4/p=0.3/r=1/sig=0/cf=11.0877,A_core,0.02,0.4,0.3,1.0,0.0,1.0,11.087667012373094,bpi2019,autorpa_233k,oracle_tax,27880816734.592,0.6835,31.3,37.5,1268.9,347.6,0.0,7127.4,1084.3,0.007,890.0,2299249508.356,always_reactive,0.528642
h=0.02/q0=0.4/p=0.3/r=1/sig=0/cf=11.0877,A_core,0.02,0.4,0.3,1.0,0.0,1.0,11.087667012373094,bpi2019,autorpa_233k,ours_spend_cap,29263090623.909,0.717386,16.2,31.1,1304.3,125.3,0.0,2570.4,1232.5,0.017,910.1,2351176379.275,always_reactive,0.528642
h=0.02/q0=0.4/p=0.3/r=1/sig=0/cf=11.0877,A_core,0.02,0.4,0.3,1.0,0.0,1.0,11.087667012373094,bpi2019,autorpa_233k,ours_cap_epoch,29319788943.976,0.718776,16.5,32.3,1343.7,133.2,0.0,2719.7,1269.1,0.017,939.6,2427387458.484,always_reactive,0.528642
h=0.02/q0=0.4/p=0.3/r=1/sig=0/cf=11.0877,A_core,0.02,0.4,0.3,1.0,0.0,1.0,11.087667012373094,bpi2019,autorpa_233k,ours_cap_realized,29503620142.231,0.723283,18.4,34.3,1523.1,181.1,0.0,3656.2,1439.3,0.018,1066.2,2754449242.482,always_reactive,0.528642
h=0.02/q0=0.4/p=0.3/r=1/sig=0/cf=11.0877,A_core,0.02,0.4,0.3,1.0,0.0,1.0,11.087667012373094,bpi2019,autorpa_233k,ours_pi_prior,38852943245.753,0.952482,62.0,90.9,11785.9,3005.8,0.0,62416.9,11539.7,0.04,8243.0,21295183929.637,always_reactive,0.528642
h=0.02/q0=0.4/p=0.3/r=1/sig=0/cf=11.0877,A_core,0.02,0.4,0.3,1.0,0.0,1.0,11.087667012373094,bpi2019,autorpa_233k,breakeven,29767923809.373,0.729762,4.3,10.8,1644.0,75.5,0.0,1545.6,1509.5,0.006,1153.2,2979207340.49,always_reactive,0.528642
h=0.02/q0=0.4/p=0.3/r=1/sig=0/cf=11.0877,A_core,0.02,0.4,0.3,1.0,0.0,1.0,11.087667012373094,bpi2019,autorpa_233k,breakeven_cap_epoch,28330502784.339,0.694524,3.2,7.0,809.9,25.5,0.0,528.5,759.7,0.005,567.5,1466094489.879,always_reactive,0.528642
h=0.02/q0=0.4/p=0.3/r=1/sig=0/cf=11.0877,A_core,0.02,0.4,0.3,1.0,0.0,1.0,11.087667012373094,bpi2019,autorpa_233k,offline_taxblind,15763508736.641,0.386443,,,,,,,,,,,always_reactive,0.528642
h=0.02/q0=0.4/p=0.3/r=1/sig=0/cf=11.0877,A_core,0.02,0.4,0.3,1.0,0.0,1.0,11.087667012373094,bpi2019,autorpa_233k,offline_opt_tax,16426253374.695,0.40269,,,,,,,,,,,always_reactive,0.528642
h=0.02/q0=0.4/p=0.3/r=1/sig=0/cf=11.0877,A_core,0.02,0.4,0.3,1.0,0.0,1.0,11.087667012373094,bpi2019,native,always_reactive,26858149732.486,0.959818,0.0,0.0,0.0,0.0,0.0,0.0,0.0,0.003,0.0,0.0,always_reactive,0.892718
h=0.02/q0=0.4/p=0.3/r=1/sig=0/cf=11.0877,A_core,0.02,0.4,0.3,1.0,0.0,1.0,11.087667012373094,bpi2019,native,always_compile_evict,30085799511.964,1.075164,60.2,92.8,18980.6,4427.9,0.0,92083.9,18259.5,0.049,13277.9,15298615974.429,always_reactive,0.892718
h=0.02/q0=0.4/p=0.3/r=1/sig=0/cf=11.0877,A_core,0.02,0.4,0.3,1.0,0.0,1.0,11.087667012373094,bpi2019,native,ours_noinflate,27982531758.656,1.0,52.5,82.6,15863.7,3952.0,0.0,82235.8,15267.1,0.047,11088.7,13149932683.195,always_reactive,0.892718
h=0.02/q0=0.4/p=0.3/r=1/sig=0/cf=11.0877,A_core,0.02,0.4,0.3,1.0,0.0,1.0,11.087667012373094,bpi2019,native,oracle_tax,26611439626.708,0.951002,39.0,43.7,1509.6,407.9,0.0,8357.8,1305.7,0.008,1062.7,1260015683.589,always_reactive,0.892718
h=0.02/q0=0.4/p=0.3/r=1/sig=0/cf=11.0877,A_core,0.02,0.4,0.3,1.0,0.0,1.0,11.087667012373094,bpi2019,native,ours_spend_cap,28479375976.129,1.017756,14.2,31.1,2357.2,241.4,0.0,4962.4,2058.1,0.016,1644.9,1977309769.706,always_reactive,0.892718
h=0.02/q0=0.4/p=0.3/r=1/sig=0/cf=11.0877,A_core,0.02,0.4,0.3,1.0,0.0,1.0,11.087667012373094,bpi2019,native,ours_cap_epoch,28449642637.777,1.016693,15.4,34.2,2617.7,308.3,0.0,6430.3,2292.3,0.018,1825.7,2192785429.227,always_reactive,0.892718
h=0.02/q0=0.4/p=0.3/r=1/sig=0/cf=11.0877,A_core,0.02,0.4,0.3,1.0,0.0,1.0,11.087667012373094,bpi2019,native,ours_cap_realized,27419600561.899,0.979883,21.9,40.0,5430.1,1129.6,0.0,23265.9,5056.9,0.023,3800.0,4519347208.247,always_reactive,0.892718
h=0.02/q0=0.4/p=0.3/r=1/sig=0/cf=11.0877,A_core,0.02,0.4,0.3,1.0,0.0,1.0,11.087667012373094,bpi2019,native,ours_pi_prior,27491411791.555,0.982449,49.7,78.0,15009.7,3744.9,0.0,77782.3,14438.8,0.046,10501.3,12506726444.601,always_reactive,0.892718
h=0.02/q0=0.4/p=0.3/r=1/sig=0/cf=11.0877,A_core,0.02,0.4,0.3,1.0,0.0,1.0,11.087667012373094,bpi2019,native,breakeven,28888434415.422,1.032374,0.9,10.9,2563.4,74.4,0.0,1550.8,2332.6,0.005,1793.3,2164672851.313,always_reactive,0.892718
h=0.02/q0=0.4/p=0.3/r=1/sig=0/cf=11.0877,A_core,0.02,0.4,0.3,1.0,0.0,1.0,11.087667012373094,bpi2019,native,breakeven_cap_epoch,28205811014.895,1.007979,0.8,8.8,1669.1,40.2,0.0,834.3,1538.8,0.004,1163.5,1405634589.234,always_reactive,0.892718
h=0.02/q0=0.4/p=0.3/r=1/sig=0/cf=11.0877,A_core,0.02,0.4,0.3,1.0,0.0,1.0,11.087667012373094,bpi2019,native,offline_taxblind,13874574843.111,0.49583,,,,,,,,,,,always_reactive,0.892718
h=0.02/q0=0.4/p=0.3/r=1/sig=0/cf=11.0877,A_core,0.02,0.4,0.3,1.0,0.0,1.0,11.087667012373094,bpi2019,native,offline_opt_tax,14496683092.251,0.518062,,,,,,,,,,,always_reactive,0.892718
h=0.02/q0=0.4/p=0.3/r=1/sig=0/cf=11.0877,A_core,0.02,0.4,0.3,1.0,0.0,1.0,11.087667012373094,sepsis,autorpa_233k,always_reactive,93787502.059,0.74949,0.0,0.0,0.0,0.0,0.0,0.0,0.0,0.004,0.0,0.0,always_reactive,0.451716
h=0.02/q0=0.4/p=0.3/r=1/sig=0/cf=11.0877,A_core,0.02,0.4,0.3,1.0,0.0,1.0,11.087667012373094,sepsis,autorpa_233k,always_compile_evict,207624738.002,1.659205,12.7,13.2,60.3,2.3,0.0,39.7,54.2,0.005,44.2,114187447.494,always_reactive,0.451716
h=0.02/q0=0.4/p=0.3/r=1/sig=0/cf=11.0877,A_core,0.02,0.4,0.3,1.0,0.0,1.0,11.087667012373094,sepsis,autorpa_233k,ours_noinflate,125135048.085,1.0,4.3,4.3,17.3,0.5,0.0,12.5,14.3,0.004,12.3,31776144.891,always_reactive,0.451716
h=0.02/q0=0.4/p=0.3/r=1/sig=0/cf=11.0877,A_core,0.02,0.4,0.3,1.0,0.0,1.0,11.087667012373094,sepsis,autorpa_233k,oracle_tax,102971599.958,0.822884,1.3,1.6,5.9,0.6,0.0,12.5,4.2,0.005,4.0,10333705.656,always_reactive,0.451716
h=0.02/q0=0.4/p=0.3/r=1/sig=0/cf=11.0877,A_core,0.02,0.4,0.3,1.0,0.0,1.0,11.087667012373094,sepsis,autorpa_233k,ours_spend_cap,108111302.361,0.863957,2.1,2.2,8.3,0.3,0.0,5.9,6.6,0.004,5.7,14725530.559,always_reactive,0.451716
h=0.02/q0=0.4/p=0.3/r=1/sig=0/cf=11.0877,A_core,0.02,0.4,0.3,1.0,0.0,1.0,11.087667012373094,sepsis,autorpa_233k,ours_cap_epoch,108111302.361,0.863957,2.1,2.2,8.3,0.3,0.0,5.9,6.6,0.004,5.7,14725530.559,always_reactive,0.451716
h=0.02/q0=0.4/p=0.3/r=1/sig=0/cf=11.0877,A_core,0.02,0.4,0.3,1.0,0.0,1.0,11.087667012373094,sepsis,autorpa_233k,ours_cap_realized,108111302.361,0.863957,2.1,2.2,8.3,0.3,0.0,5.9,6.6,0.004,5.7,14725530.559,always_reactive,0.451716
h=0.02/q0=0.4/p=0.3/r=1/sig=0/cf=11.0877,A_core,0.02,0.4,0.3,1.0,0.0,1.0,11.087667012373094,sepsis,autorpa_233k,ours_pi_prior,125985223.149,1.006794,4.3,4.3,17.3,0.5,0.0,13.0,14.7,0.004,12.5,32292830.174,always_reactive,0.451716
h=0.02/q0=0.4/p=0.3/r=1/sig=0/cf=11.0877,A_core,0.02,0.4,0.3,1.0,0.0,1.0,11.087667012373094,sepsis,autorpa_233k,breakeven,112490597.73,0.898954,2.4,2.8,10.4,0.5,0.0,6.7,9.1,0.004,7.3,18859012.821,always_reactive,0.451716
h=0.02/q0=0.4/p=0.3/r=1/sig=0/cf=11.0877,A_core,0.02,0.4,0.3,1.0,0.0,1.0,11.087667012373094,sepsis,autorpa_233k,breakeven_cap_epoch,104913129.023,0.838399,1.3,1.6,6.2,0.3,0.0,4.2,5.2,0.004,4.4,11367076.221,always_reactive,0.451716
h=0.02/q0=0.4/p=0.3/r=1/sig=0/cf=11.0877,A_core,0.02,0.4,0.3,1.0,0.0,1.0,11.087667012373094,sepsis,autorpa_233k,offline_taxblind,93328046.631,0.745819,,,,,,,,,,,always_reactive,0.451716
h=0.02/q0=0.4/p=0.3/r=1/sig=0/cf=11.0877,A_core,0.02,0.4,0.3,1.0,0.0,1.0,11.087667012373094,sepsis,autorpa_233k,offline_opt_tax,93482289.547,0.747051,,,,,,,,,,,always_reactive,0.451716
h=0.02/q0=0.4/p=0.3/r=1/sig=0/cf=11.0877,A_core,0.02,0.4,0.3,1.0,0.0,1.0,11.087667012373094,sepsis,native,always_reactive,93787502.059,0.773948,0.0,0.0,0.0,0.0,0.0,0.0,0.0,0.004,0.0,0.0,always_reactive,0.642734
h=0.02/q0=0.4/p=0.3/r=1/sig=0/cf=11.0877,A_core,0.02,0.4,0.3,1.0,0.0,1.0,11.087667012373094,sepsis,native,always_compile_evict,145919621.077,1.20415,11.0,12.7,60.3,2.3,0.0,39.7,51.5,0.006,44.2,54468811.718,always_reactive,0.642734
h=0.02/q0=0.4/p=0.3/r=1/sig=0/cf=11.0877,A_core,0.02,0.4,0.3,1.0,0.0,1.0,11.087667012373094,sepsis,native,ours_noinflate,121180573.307,1.0,5.9,7.3,31.3,1.1,0.0,23.1,25.0,0.005,22.7,29320932.378,always_reactive,0.642734
h=0.02/q0=0.4/p=0.3/r=1/sig=0/cf=11.0877,A_core,0.02,0.4,0.3,1.0,0.0,1.0,11.087667012373094,sepsis,native,oracle_tax,111513508.414,0.920226,3.6,4.2,19.2,1.2,0.0,27.9,14.6,0.006,14.4,20133582.278,always_reactive,0.642734
h=0.02/q0=0.4/p=0.3/r=1/sig=0/cf=11.0877,A_core,0.02,0.4,0.3,1.0,0.0,1.0,11.087667012373094,sepsis,native,ours_spend_cap,106552823.992,0.87929,2.7,3.7,15.1,0.6,0.0,9.2,12.0,0.005,10.8,13761949.65,always_reactive,0.642734
h=0.02/q0=0.4/p=0.3/r=1/sig=0/cf=11.0877,A_core,0.02,0.4,0.3,1.0,0.0,1.0,11.087667012373094,sepsis,native,ours_cap_epoch,106712388.826,0.880606,2.7,3.7,15.2,0.6,0.0,9.2,12.1,0.005,10.9,13921514.484,always_reactive,0.642734
h=0.02/q0=0.4/p=0.3/r=1/sig=0/cf=11.0877,A_core,0.02,0.4,0.3,1.0,0.0,1.0,11.087667012373094,sepsis,native,ours_cap_realized,106552823.992,0.87929,2.7,3.7,15.1,0.6,0.0,9.2,12.0,0.005,10.8,13761949.65,always_reactive,0.642734
h=0.02/q0=0.4/p=0.3/r=1/sig=0/cf=11.0877,A_core,0.02,0.4,0.3,1.0,0.0,1.0,11.087667012373094,sepsis,native,ours_pi_prior,120065951.407,0.990802,6.4,7.2,29.6,0.8,0.0,22.7,23.5,0.005,21.3,28007062.686,always_reactive,0.642734
h=0.02/q0=0.4/p=0.3/r=1/sig=0/cf=11.0877,A_core,0.02,0.4,0.3,1.0,0.0,1.0,11.087667012373094,sepsis,native,breakeven,117292907.414,0.967918,5.3,6.1,26.5,0.8,0.0,17.5,21.4,0.005,18.9,24846625.21,always_reactive,0.642734
h=0.02/q0=0.4/p=0.3/r=1/sig=0/cf=11.0877,A_core,0.02,0.4,0.3,1.0,0.0,1.0,11.087667012373094,sepsis,native,breakeven_cap_epoch,105386638.933,0.869666,3.0,3.7,14.0,0.5,0.0,8.3,11.0,0.005,9.7,12424935.562,always_reactive,0.642734
h=0.02/q0=0.4/p=0.3/r=1/sig=0/cf=11.0877,A_core,0.02,0.4,0.3,1.0,0.0,1.0,11.087667012373094,sepsis,native,offline_taxblind,91213378.998,0.752706,,,,,,,,,,,always_reactive,0.642734
h=0.02/q0=0.4/p=0.3/r=1/sig=0/cf=11.0877,A_core,0.02,0.4,0.3,1.0,0.0,1.0,11.087667012373094,sepsis,native,offline_opt_tax,91800489.928,0.757551,,,,,,,,,,,always_reactive,0.642734
h=0.02/q0=0.4/p=0.3/r=1/sig=0/cf=11.0877,A_core,0.02,0.4,0.3,1.0,0.0,1.0,11.087667012373094,wiki_A,autorpa_233k,always_reactive,4770469730.199,0.547564,0.0,0.0,0.0,0.0,0.0,0.0,0.0,0.005,0.0,0.0,always_reactive,0.420666
h=0.02/q0=0.4/p=0.3/r=1/sig=0/cf=11.0877,A_core,0.02,0.4,0.3,1.0,0.0,1.0,11.087667012373094,wiki_A,autorpa_233k,always_compile_evict,11340274717.05,1.30166,28.4,64.1,4728.3,1203.4,0.0,24431.5,4301.9,0.015,3310.9,8553466513.725,always_reactive,0.420666
h=0.02/q0=0.4/p=0.3/r=1/sig=0/cf=11.0877,A_core,0.02,0.4,0.3,1.0,0.0,1.0,11.087667012373094,wiki_A,autorpa_233k,ours_noinflate,8712161863.05,1.0,18.9,39.5,3063.3,815.1,0.0,16677.0,2733.9,0.013,2143.9,5538607888.724,always_reactive,0.420666
h=0.02/q0=0.4/p=0.3/r=1/sig=0/cf=11.0877,A_core,0.02,0.4,0.3,1.0,0.0,1.0,11.087667012373094,wiki_A,autorpa_233k,oracle_tax,5754819692.43,0.66055,11.0,13.6,915.4,257.9,0.0,5218.5,753.6,0.009,646.5,1670185176.575,always_reactive,0.420666
h=0.02/q0=0.4/p=0.3/r=1/sig=0/cf=11.0877,A_core,0.02,0.4,0.3,1.0,0.0,1.0,11.087667012373094,wiki_A,autorpa_233k,ours_spend_cap,5135434533.048,0.589456,5.4,17.6,223.6,25.9,0.0,510.1,196.5,0.011,156.2,403531205.849,always_reactive,0.420666
h=0.02/q0=0.4/p=0.3/r=1/sig=0/cf=11.0877,A_core,0.02,0.4,0.3,1.0,0.0,1.0,11.087667012373094,wiki_A,autorpa_233k,ours_cap_epoch,5143296477.026,0.590358,5.7,17.8,231.3,27.4,0.0,544.2,202.9,0.011,161.6,417481708.483,always_reactive,0.420666
h=0.02/q0=0.4/p=0.3/r=1/sig=0/cf=11.0877,A_core,0.02,0.4,0.3,1.0,0.0,1.0,11.087667012373094,wiki_A,autorpa_233k,ours_cap_realized,5165829280.802,0.592945,6.2,18.3,254.2,33.4,0.0,657.3,220.5,0.011,176.5,455974762.05,always_reactive,0.420666
h=0.02/q0=0.4/p=0.3/r=1/sig=0/cf=11.0877,A_core,0.02,0.4,0.3,1.0,0.0,1.0,11.087667012373094,wiki_A,autorpa_233k,ours_pi_prior,9332552174.247,1.07121,18.6,36.7,3501.3,953.5,0.0,19369.2,3155.1,0.011,2448.5,6325519574.392,always_reactive,0.420666
h=0.02/q0=0.4/p=0.3/r=1/sig=0/cf=11.0877,A_core,0.02,0.4,0.3,1.0,0.0,1.0,11.087667012373094,wiki_A,autorpa_233k,breakeven,6673121151.898,0.765955,0.3,7.7,1309.3,308.7,0.0,6294.2,1110.1,0.005,918.0,2371585447.945,always_reactive,0.420666
h=0.02/q0=0.4/p=0.3/r=1/sig=0/cf=11.0877,A_core,0.02,0.4,0.3,1.0,0.0,1.0,11.087667012373094,wiki_A,autorpa_233k,breakeven_cap_epoch,5044375829.598,0.579004,0.0,4.9,163.6,12.7,0.0,255.7,142.8,0.006,114.5,295802324.39,always_reactive,0.420666
h=0.02/q0=0.4/p=0.3/r=1/sig=0/cf=11.0877,A_core,0.02,0.4,0.3,1.0,0.0,1.0,11.087667012373094,wiki_A,autorpa_233k,offline_taxblind,3163283444.957,0.363088,,,,,,,,,,,always_reactive,0.420666
h=0.02/q0=0.4/p=0.3/r=1/sig=0/cf=11.0877,A_core,0.02,0.4,0.3,1.0,0.0,1.0,11.087667012373094,wiki_A,autorpa_233k,offline_opt_tax,3214332124.376,0.368948,,,,,,,,,,,always_reactive,0.420666
h=0.02/q0=0.4/p=0.3/r=1/sig=0/cf=11.0877,A_core,0.02,0.4,0.3,1.0,0.0,1.0,11.087667012373094,wiki_A,native,always_reactive,4770469730.199,0.733299,0.0,0.0,0.0,0.0,0.0,0.0,0.0,0.005,0.0,0.0,always_reactive,0.692869
h=0.02/q0=0.4/p=0.3/r=1/sig=0/cf=11.0877,A_core,0.02,0.4,0.3,1.0,0.0,1.0,11.087667012373094,wiki_A,native,always_compile_evict,6885094388.065,1.058352,12.8,47.0,4728.3,1203.4,0.0,24431.5,4224.0,0.018,3310.9,4311555608.539,always_reactive,0.692869
h=0.02/q0=0.4/p=0.3/r=1/sig=0/cf=11.0877,A_core,0.02,0.4,0.3,1.0,0.0,1.0,11.087667012373094,wiki_A,native,ours_noinflate,6505488257.853,1.0,12.1,39.6,4141.8,1091.5,0.0,22191.7,3677.4,0.016,2899.0,3828446156.454,always_reactive,0.692869
h=0.02/q0=0.4/p=0.3/r=1/sig=0/cf=11.0877,A_core,0.02,0.4,0.3,1.0,0.0,1.0,11.087667012373094,wiki_A,native,oracle_tax,5083111904.082,0.781357,13.9,17.3,1149.4,323.3,0.0,6507.7,968.6,0.012,812.2,1134895291.932,always_reactive,0.692869
h=0.02/q0=0.4/p=0.3/r=1/sig=0/cf=11.0877,A_core,0.02,0.4,0.3,1.0,0.0,1.0,11.087667012373094,wiki_A,native,ours_spend_cap,5029393452.642,0.7731,4.2,23.9,430.1,49.6,0.0,1005.9,355.5,0.012,298.5,361965399.403,always_reactive,0.692869
h=0.02/q0=0.4/p=0.3/r=1/sig=0/cf=11.0877,A_core,0.02,0.4,0.3,1.0,0.0,1.0,11.087667012373094,wiki_A,native,ours_cap_epoch,5018936853.142,0.771493,4.5,24.2,485.7,63.9,0.0,1292.6,399.3,0.012,337.0,408217233.681,always_reactive,0.692869
h=0.02/q0=0.4/p=0.3/r=1/sig=0/cf=11.0877,A_core,0.02,0.4,0.3,1.0,0.0,1.0,11.087667012373094,wiki_A,native,ours_cap_realized,4982697858.974,0.765922,5.8,25.0,666.9,115.0,0.0,2274.9,548.4,0.013,464.9,559147552.601,always_reactive,0.692869
h=0.02/q0=0.4/p=0.3/r=1/sig=0/cf=11.0877,A_core,0.02,0.4,0.3,1.0,0.0,1.0,11.087667012373094,wiki_A,native,ours_pi_prior,6433580686.27,0.988947,11.7,38.5,3994.0,1053.4,0.0,21452.1,3542.1,0.016,2797.6,3734813865.405,always_reactive,0.692869
h=0.02/q0=0.4/p=0.3/r=1/sig=0/cf=11.0877,A_core,0.02,0.4,0.3,1.0,0.0,1.0,11.087667012373094,wiki_A,native,breakeven,5530709858.388,0.850161,0.1,7.8,1553.3,339.7,0.0,6979.6,1310.6,0.006,1082.0,1304905005.47,always_reactive,0.692869
h=0.02/q0=0.4/p=0.3/r=1/sig=0/cf=11.0877,A_core,0.02,0.4,0.3,1.0,0.0,1.0,11.087667012373094,wiki_A,native,breakeven_cap_epoch,4985953890.004,0.766423,0.0,7.2,337.8,26.4,0.0,540.1,280.4,0.006,233.4,282636978.817,always_reactive,0.692869
h=0.02/q0=0.4/p=0.3/r=1/sig=0/cf=11.0877,A_core,0.02,0.4,0.3,1.0,0.0,1.0,11.087667012373094,wiki_A,native,offline_taxblind,2703391017.134,0.415555,,,,,,,,,,,always_reactive,0.692869
h=0.02/q0=0.4/p=0.3/r=1/sig=0/cf=11.0877,A_core,0.02,0.4,0.3,1.0,0.0,1.0,11.087667012373094,wiki_A,native,offline_opt_tax,2761841399.551,0.42454,,,,,,,,,,,always_reactive,0.692869
h=0.02/q0=0.4/p=0.3/r=1/sig=0/cf=11.0877,A_core,0.02,0.4,0.3,1.0,0.0,1.0,11.087667012373094,wiki_B,autorpa_233k,always_reactive,8991713899.193,0.6621,0.0,0.0,0.0,0.0,0.0,0.0,0.0,0.004,0.0,0.0,always_reactive,0.484331
h=0.02/q0=0.4/p=0.3/r=1/sig=0/cf=11.0877,A_core,0.02,0.4,0.3,1.0,0.0,1.0,11.087667012373094,wiki_B,autorpa_233k,always_compile_evict,18565229154.482,1.36704,136.2,152.6,5263.7,498.1,0.0,10039.6,5053.0,0.053,3688.1,9527934957.042,always_reactive,0.484331
h=0.02/q0=0.4/p=0.3/r=1/sig=0/cf=11.0877,A_core,0.02,0.4,0.3,1.0,0.0,1.0,11.087667012373094,wiki_B,autorpa_233k,ours_noinflate,13580607255.142,1.0,95.1,106.3,2710.6,325.7,0.0,6702.3,2556.7,0.041,1891.2,4885776033.935,always_reactive,0.484331
h=0.02/q0=0.4/p=0.3/r=1/sig=0/cf=11.0877,A_core,0.02,0.4,0.3,1.0,0.0,1.0,11.087667012373094,wiki_B,autorpa_233k,oracle_tax,9322023295.11,0.686422,16.3,19.9,239.1,53.7,0.0,1027.6,199.1,0.01,169.1,436857406.588,always_reactive,0.484331
h=0.02/q0=0.4/p=0.3/r=1/sig=0/cf=11.0877,A_core,0.02,0.4,0.3,1.0,0.0,1.0,11.087667012373094,wiki_B,autorpa_233k,ours_spend_cap,10999308110.948,0.809928,37.8,44.5,1079.1,64.9,0.0,1367.4,1025.3,0.022,755.3,1951261970.406,always_reactive,0.484331
h=0.02/q0=0.4/p=0.3/r=1/sig=0/cf=11.0877,A_core,0.02,0.4,0.3,1.0,0.0,1.0,11.087667012373094,wiki_B,autorpa_233k,ours_cap_epoch,11019930957.492,0.811446,38.4,45.0,1092.9,66.8,0.0,1405.2,1038.8,0.022,765.2,1976837891.903,always_reactive,0.484331
h=0.02/q0=0.4/p=0.3/r=1/sig=0/cf=11.0877,A_core,0.02,0.4,0.3,1.0,0.0,1.0,11.087667012373094,wiki_B,autorpa_233k,ours_cap_realized,11057763612.181,0.814232,39.2,46.8,1125.7,75.4,0.0,1570.9,1068.5,0.023,787.8,2035223328.857,always_reactive,0.484331
h=0.02/q0=0.4/p=0.3/r=1/sig=0/cf=11.0877,A_core,0.02,0.4,0.3,1.0,0.0,1.0,11.087667012373094,wiki_B,autorpa_233k,ours_pi_prior,13221061602.865,0.973525,87.5,99.0,2511.4,302.0,0.0,6261.8,2368.3,0.04,1750.8,4523062965.426,always_reactive,0.484331
h=0.02/q0=0.4/p=0.3/r=1/sig=0/cf=11.0877,A_core,0.02,0.4,0.3,1.0,0.0,1.0,11.087667012373094,wiki_B,autorpa_233k,breakeven,10806039228.718,0.795696,4.1,12.9,1024.8,47.3,0.0,975.5,938.7,0.008,714.3,1845341487.437,always_reactive,0.484331
h=0.02/q0=0.4/p=0.3/r=1/sig=0/cf=11.0877,A_core,0.02,0.4,0.3,1.0,0.0,1.0,11.087667012373094,wiki_B,autorpa_233k,breakeven_cap_epoch,10008734469.298,0.736987,3.0,9.9,560.0,17.9,0.0,376.2,525.3,0.006,392.8,1014769895.373,always_reactive,0.484331
h=0.02/q0=0.4/p=0.3/r=1/sig=0/cf=11.0877,A_core,0.02,0.4,0.3,1.0,0.0,1.0,11.087667012373094,wiki_B,autorpa_233k,offline_taxblind,8243021935.673,0.60697,,,,,,,,,,,always_reactive,0.484331
h=0.02/q0=0.4/p=0.3/r=1/sig=0/cf=11.0877,A_core,0.02,0.4,0.3,1.0,0.0,1.0,11.087667012373094,wiki_B,autorpa_233k,offline_opt_tax,8466399091.062,0.623418,,,,,,,,,,,always_reactive,0.484331
h=0.02/q0=0.4/p=0.3/r=1/sig=0/cf=11.0877,A_core,0.02,0.4,0.3,1.0,0.0,1.0,11.087667012373094,wiki_B,native,always_reactive,8991713899.193,0.773289,0.0,0.0,0.0,0.0,0.0,0.0,0.0,0.004,0.0,0.0,always_reactive,0.698664
h=0.02/q0=0.4/p=0.3/r=1/sig=0/cf=11.0877,A_core,0.02,0.4,0.3,1.0,0.0,1.0,11.087667012373094,wiki_B,native,always_compile_evict,12869871497.984,1.106811,85.6,92.2,5263.7,498.1,0.0,10039.6,4822.3,0.046,3688.1,4410842505.541,always_reactive,0.698664
h=0.02/q0=0.4/p=0.3/r=1/sig=0/cf=11.0877,A_core,0.02,0.4,0.3,1.0,0.0,1.0,11.087667012373094,wiki_B,native,ours_noinflate,11627880870.55,1.0,75.6,83.7,3759.7,414.8,0.0,8418.2,3383.7,0.042,2628.0,3218374488.233,always_reactive,0.698664
h=0.02/q0=0.4/p=0.3/r=1/sig=0/cf=11.0877,A_core,0.02,0.4,0.3,1.0,0.0,1.0,11.087667012373094,wiki_B,native,oracle_tax,9113612645.826,0.783772,26.3,28.0,304.4,65.4,0.0,1324.0,255.0,0.013,212.7,258180139.432,always_reactive,0.698664
h=0.02/q0=0.4/p=0.3/r=1/sig=0/cf=11.0877,A_core,0.02,0.4,0.3,1.0,0.0,1.0,11.087667012373094,wiki_B,native,ours_spend_cap,10540372595.915,0.906474,36.6,42.8,1954.6,124.5,0.0,2519.4,1749.0,0.024,1370.1,1662863454.513,always_reactive,0.698664
h=0.02/q0=0.4/p=0.3/r=1/sig=0/cf=11.0877,A_core,0.02,0.4,0.3,1.0,0.0,1.0,11.087667012373094,wiki_B,native,ours_cap_epoch,10566589263.672,0.908729,38.6,45.3,2023.0,137.3,0.0,2772.8,1812.2,0.025,1418.9,1722330333.721,always_reactive,0.698664
h=0.02/q0=0.4/p=0.3/r=1/sig=0/cf=11.0877,A_core,0.02,0.4,0.3,1.0,0.0,1.0,11.087667012373094,wiki_B,native,ours_cap_realized,10543977139.873,0.906784,39.6,46.8,2103.0,158.8,0.0,3257.6,1879.1,0.026,1475.1,1788586621.643,always_reactive,0.698664
h=0.02/q0=0.4/p=0.3/r=1/sig=0/cf=11.0877,A_core,0.02,0.4,0.3,1.0,0.0,1.0,11.087667012373094,wiki_B,native,ours_pi_prior,11419772512.443,0.982103,73.5,80.7,3475.1,381.1,0.0,7782.8,3127.7,0.041,2436.9,2991063840.747,always_reactive,0.698664
h=0.02/q0=0.4/p=0.3/r=1/sig=0/cf=11.0877,A_core,0.02,0.4,0.3,1.0,0.0,1.0,11.087667012373094,wiki_B,native,breakeven,10517614754.71,0.904517,5.8,12.6,1890.7,58.6,0.0,1160.9,1722.7,0.008,1317.4,1594873451.855,always_reactive,0.698664
h=0.02/q0=0.4/p=0.3/r=1/sig=0/cf=11.0877,A_core,0.02,0.4,0.3,1.0,0.0,1.0,11.087667012373094,wiki_B,native,breakeven_cap_epoch,10042349196.085,0.863644,4.7,9.5,1272.5,30.2,0.0,613.2,1168.9,0.007,890.6,1079708497.782,always_reactive,0.698664
h=0.02/q0=0.4/p=0.3/r=1/sig=0/cf=11.0877,A_core,0.02,0.4,0.3,1.0,0.0,1.0,11.087667012373094,wiki_B,native,offline_taxblind,7949954671.117,0.683698,,,,,,,,,,,always_reactive,0.698664
h=0.02/q0=0.4/p=0.3/r=1/sig=0/cf=11.0877,A_core,0.02,0.4,0.3,1.0,0.0,1.0,11.087667012373094,wiki_B,native,offline_opt_tax,8167775579.79,0.70243,,,,,,,,,,,always_reactive,0.698664
h=0.02/q0=0.4/p=0.3/r=1/sig=0/cf=1,A_core,0.02,0.4,0.3,1.0,0.0,1.0,1.0,bpi2019,autorpa_233k,always_reactive,26858149732.486,1.463426,0.0,0.0,0.0,0.0,0.0,0.0,0.0,0.003,0.0,0.0,ours_noinflate,0.936505
h=0.02/q0=0.4/p=0.3/r=1/sig=0/cf=1,A_core,0.02,0.4,0.3,1.0,0.0,1.0,1.0,bpi2019,autorpa_233k,always_compile_evict,19597252852.323,1.0678,89.7,141.1,18980.6,4427.9,0.0,92083.9,18631.5,0.125,13277.9,3093750700.0,ours_noinflate,0.936505
h=0.02/q0=0.4/p=0.3/r=1/sig=0/cf=1,A_core,0.02,0.4,0.3,1.0,0.0,1.0,1.0,bpi2019,autorpa_233k,ours_noinflate,18352928869.835,1.0,62.9,96.2,13654.8,3523.9,0.0,73306.3,13392.7,0.091,9546.5,2224334500.0,ours_noinflate,0.936505
h=0.02/q0=0.4/p=0.3/r=1/sig=0/cf=1,A_core,0.02,0.4,0.3,1.0,0.0,1.0,1.0,bpi2019,autorpa_233k,oracle_tax,25788937226.236,1.405167,31.3,37.5,1268.9,347.6,0.0,7127.4,1084.3,0.007,890.0,207370000.0,ours_noinflate,0.936505
h=0.02/q0=0.4/p=0.3/r=1/sig=0/cf=1,A_core,0.02,0.4,0.3,1.0,0.0,1.0,1.0,bpi2019,autorpa_233k,ours_spend_cap,26744100829.546,1.457212,44.6,76.8,3750.6,595.3,0.0,12215.9,3509.0,0.048,2624.5,611508500.0,ours_noinflate,0.936505
h=0.02/q0=0.4/p=0.3/r=1/sig=0/cf=1,A_core,0.02,0.4,0.3,1.0,0.0,1.0,1.0,bpi2019,autorpa_233k,ours_cap_epoch,20648079434.367,1.125056,58.1,89.9,9990.4,2434.8,0.0,50449.2,9663.2,0.075,6985.0,1627505000.0,ours_noinflate,0.936505
h=0.02/q0=0.4/p=0.3/r=1/sig=0/cf=1,A_core,0.02,0.4,0.3,1.0,0.0,1.0,1.0,bpi2019,autorpa_233k,ours_cap_realized,18381007498.467,1.00153,61.8,95.1,13456.8,3467.4,0.0,72016.5,13193.7,0.09,9409.4,2192390200.0,ours_noinflate,0.936505
h=0.02/q0=0.4/p=0.3/r=1/sig=0/cf=1,A_core,0.02,0.4,0.3,1.0,0.0,1.0,1.0,bpi2019,autorpa_233k,ours_pi_prior,19478378316.136,1.061323,62.0,90.9,11785.9,3005.8,0.0,62416.9,11539.7,0.081,8243.0,1920619000.0,ours_noinflate,0.936505
h=0.02/q0=0.4/p=0.3/r=1/sig=0/cf=1,A_core,0.02,0.4,0.3,1.0,0.0,1.0,1.0,bpi2019,autorpa_233k,breakeven,27057412068.882,1.474283,4.3,10.8,1644.0,75.5,0.0,1545.6,1509.5,0.006,1153.2,268695600.0,ours_noinflate,0.936505
h=0.02/q0=0.4/p=0.3/r=1/sig=0/cf=1,A_core,0.02,0.4,0.3,1.0,0.0,1.0,1.0,bpi2019,autorpa_233k,breakeven_cap_epoch,27047537218.609,1.473745,4.2,11.0,1590.8,72.4,0.0,1474.8,1458.8,0.006,1114.0,259562000.0,ours_noinflate,0.936505
h=0.02/q0=0.4/p=0.3/r=1/sig=0/cf=1,A_core,0.02,0.4,0.3,1.0,0.0,1.0,1.0,bpi2019,autorpa_233k,offline_taxblind,15763508736.641,0.85891,,,,,,,,,,,ours_noinflate,0.936505
h=0.02/q0=0.4/p=0.3/r=1/sig=0/cf=1,A_core,0.02,0.4,0.3,1.0,0.0,1.0,1.0,bpi2019,autorpa_233k,offline_opt_tax,16426253374.695,0.895021,,,,,,,,,,,ours_noinflate,0.936505
h=0.02/q0=0.4/p=0.3/r=1/sig=0/cf=1,A_core,0.02,0.4,0.3,1.0,0.0,1.0,1.0,bpi2019,native,always_reactive,26858149732.486,1.676686,0.0,0.0,0.0,0.0,0.0,0.0,0.0,0.003,0.0,0.0,ours_cap_realized,0.990759
h=0.02/q0=0.4/p=0.3/r=1/sig=0/cf=1,A_core,0.02,0.4,0.3,1.0,0.0,1.0,1.0,bpi2019,native,always_compile_evict,16166970282.324,1.009263,60.2,92.8,18980.6,4427.9,0.0,92083.9,18259.5,0.091,13277.9,1379786744.8,ours_cap_realized,0.990759
h=0.02/q0=0.4/p=0.3/r=1/sig=0/cf=1,A_core,0.02,0.4,0.3,1.0,0.0,1.0,1.0,bpi2019,native,ours_noinflate,16018595432.312,1.0,52.5,82.6,15863.7,3952.0,0.0,82235.8,15267.1,0.083,11088.7,1185996356.9,ours_cap_realized,0.990759
h=0.02/q0=0.4/p=0.3/r=1/sig=0/cf=1,A_core,0.02,0.4,0.3,1.0,0.0,1.0,1.0,bpi2019,native,oracle_tax,25465065134.017,1.589719,39.0,43.7,1509.6,407.9,0.0,8357.8,1305.7,0.008,1062.7,113641190.9,ours_cap_realized,0.990759
h=0.02/q0=0.4/p=0.3/r=1/sig=0/cf=1,A_core,0.02,0.4,0.3,1.0,0.0,1.0,1.0,bpi2019,native,ours_spend_cap,25052114193.181,1.56394,34.9,65.8,5794.0,966.5,0.0,20025.2,5181.3,0.042,4049.7,440371602.9,ours_cap_realized,0.990759
h=0.02/q0=0.4/p=0.3/r=1/sig=0/cf=1,A_core,0.02,0.4,0.3,1.0,0.0,1.0,1.0,bpi2019,native,ours_cap_epoch,16225248912.822,1.012901,49.9,79.7,14705.4,3605.4,0.0,75057.0,14103.6,0.079,10285.2,1110222918.9,ours_cap_realized,0.990759
h=0.02/q0=0.4/p=0.3/r=1/sig=0/cf=1,A_core,0.02,0.4,0.3,1.0,0.0,1.0,1.0,bpi2019,native,ours_cap_realized,16017566347.749,0.999936,52.2,82.5,15776.8,3925.7,0.0,81640.1,15180.4,0.083,11029.7,1181786485.15,ours_cap_realized,0.990759
h=0.02/q0=0.4/p=0.3/r=1/sig=0/cf=1,A_core,0.02,0.4,0.3,1.0,0.0,1.0,1.0,bpi2019,native,ours_pi_prior,16112670741.003,1.005873,49.7,78.0,15009.7,3744.9,0.0,77782.3,14438.8,0.079,10501.3,1127985394.1,ours_cap_realized,0.990759
h=0.02/q0=0.4/p=0.3/r=1/sig=0/cf=1,A_core,0.02,0.4,0.3,1.0,0.0,1.0,1.0,bpi2019,native,breakeven,26918994055.206,1.680484,0.9,10.9,2563.4,74.4,0.0,1550.8,2332.6,0.005,1793.3,195232491.1,ours_cap_realized,0.990759
h=0.02/q0=0.4/p=0.3/r=1/sig=0/cf=1,A_core,0.02,0.4,0.3,1.0,0.0,1.0,1.0,bpi2019,native,breakeven_cap_epoch,26918020213.895,1.680423,0.9,10.8,2536.3,72.4,0.0,1525.6,2308.2,0.005,1775.1,193401588.45,ours_cap_realized,0.990759
h=0.02/q0=0.4/p=0.3/r=1/sig=0/cf=1,A_core,0.02,0.4,0.3,1.0,0.0,1.0,1.0,bpi2019,native,offline_taxblind,13874574843.111,0.866154,,,,,,,,,,,ours_cap_realized,0.990759
h=0.02/q0=0.4/p=0.3/r=1/sig=0/cf=1,A_core,0.02,0.4,0.3,1.0,0.0,1.0,1.0,bpi2019,native,offline_opt_tax,14496683092.251,0.904991,,,,,,,,,,,ours_cap_realized,0.990759
h=0.02/q0=0.4/p=0.3/r=1/sig=0/cf=1,A_core,0.02,0.4,0.3,1.0,0.0,1.0,1.0,sepsis,autorpa_233k,always_reactive,93787502.059,0.974671,0.0,0.0,0.0,0.0,0.0,0.0,0.0,0.004,0.0,0.0,always_reactive,0.904099
h=0.02/q0=0.4/p=0.3/r=1/sig=0/cf=1,A_core,0.02,0.4,0.3,1.0,0.0,1.0,1.0,sepsis,autorpa_233k,always_compile_evict,103735890.509,1.078058,12.7,13.2,60.3,2.3,0.0,39.7,54.2,0.009,44.2,10298600.0,always_reactive,0.904099
h=0.02/q0=0.4/p=0.3/r=1/sig=0/cf=1,A_core,0.02,0.4,0.3,1.0,0.0,1.0,1.0,sepsis,autorpa_233k,ours_noinflate,96224803.195,1.0,4.3,4.3,17.3,0.5,0.0,12.5,14.3,0.005,12.3,2865900.0,always_reactive,0.904099
h=0.02/q0=0.4/p=0.3/r=1/sig=0/cf=1,A_core,0.02,0.4,0.3,1.0,0.0,1.0,1.0,sepsis,autorpa_233k,oracle_tax,93569894.302,0.972409,1.3,1.6,5.9,0.6,0.0,12.5,4.2,0.005,4.0,932000.0,always_reactive,0.904099
h=0.02/q0=0.4/p=0.3/r=1/sig=0/cf=1,A_core,0.02,0.4,0.3,1.0,0.0,1.0,1.0,sepsis,autorpa_233k,ours_spend_cap,96243193.958,1.000191,4.3,4.3,17.3,0.5,0.0,12.2,14.4,0.005,12.3,2865900.0,always_reactive,0.904099
h=0.02/q0=0.4/p=0.3/r=1/sig=0/cf=1,A_core,0.02,0.4,0.3,1.0,0.0,1.0,1.0,sepsis,autorpa_233k,ours_cap_epoch,96224489.642,0.999997,4.3,4.3,17.3,0.5,0.0,12.3,14.3,0.005,12.3,2865900.0,always_reactive,0.904099
h=0.02/q0=0.4/p=0.3/r=1/sig=0/cf=1,A_core,0.02,0.4,0.3,1.0,0.0,1.0,1.0,sepsis,autorpa_233k,ours_cap_realized,96243193.958,1.000191,4.3,4.3,17.3,0.5,0.0,12.2,14.4,0.005,12.3,2865900.0,always_reactive,0.904099
h=0.02/q0=0.4/p=0.3/r=1/sig=0/cf=1,A_core,0.02,0.4,0.3,1.0,0.0,1.0,1.0,sepsis,autorpa_233k,ours_pi_prior,96604892.976,1.00395,4.3,4.3,17.3,0.5,0.0,13.0,14.7,0.005,12.5,2912500.0,always_reactive,0.904099
h=0.02/q0=0.4/p=0.3/r=1/sig=0/cf=1,A_core,0.02,0.4,0.3,1.0,0.0,1.0,1.0,sepsis,autorpa_233k,breakeven,95332484.909,0.990727,2.4,2.8,10.4,0.5,0.0,6.7,9.1,0.005,7.3,1700900.0,always_reactive,0.904099
h=0.02/q0=0.4/p=0.3/r=1/sig=0/cf=1,A_core,0.02,0.4,0.3,1.0,0.0,1.0,1.0,sepsis,autorpa_233k,breakeven_cap_epoch,95332484.909,0.990727,2.4,2.8,10.4,0.5,0.0,6.7,9.1,0.005,7.3,1700900.0,always_reactive,0.904099
h=0.02/q0=0.4/p=0.3/r=1/sig=0/cf=1,A_core,0.02,0.4,0.3,1.0,0.0,1.0,1.0,sepsis,autorpa_233k,offline_taxblind,93328046.631,0.969896,,,,,,,,,,,always_reactive,0.904099
h=0.02/q0=0.4/p=0.3/r=1/sig=0/cf=1,A_core,0.02,0.4,0.3,1.0,0.0,1.0,1.0,sepsis,autorpa_233k,offline_opt_tax,93482289.547,0.971499,,,,,,,,,,,always_reactive,0.904099
h=0.02/q0=0.4/p=0.3/r=1/sig=0/cf=1,A_core,0.02,0.4,0.3,1.0,0.0,1.0,1.0,sepsis,native,always_reactive,93787502.059,0.992417,0.0,0.0,0.0,0.0,0.0,0.0,0.0,0.004,0.0,0.0,always_reactive,0.973269
h=0.02/q0=0.4/p=0.3/r=1/sig=0/cf=1,A_core,0.02,0.4,0.3,1.0,0.0,1.0,1.0,sepsis,native,always_compile_evict,96363367.759,1.019674,11.0,12.7,60.3,2.3,0.0,39.7,51.5,0.01,44.2,4912558.4,always_reactive,0.973269
h=0.02/q0=0.4/p=0.3/r=1/sig=0/cf=1,A_core,0.02,0.4,0.3,1.0,0.0,1.0,1.0,sepsis,native,ours_noinflate,94504104.58,1.0,5.9,7.3,31.3,1.1,0.0,23.1,25.0,0.007,22.7,2644463.65,always_reactive,0.973269
h=0.02/q0=0.4/p=0.3/r=1/sig=0/cf=1,A_core,0.02,0.4,0.3,1.0,0.0,1.0,1.0,sepsis,native,oracle_tax,93195779.937,0.986156,3.6,4.2,19.2,1.2,0.0,27.9,14.6,0.007,14.4,1815853.8,always_reactive,0.973269
h=0.02/q0=0.4/p=0.3/r=1/sig=0/cf=1,A_core,0.02,0.4,0.3,1.0,0.0,1.0,1.0,sepsis,native,ours_spend_cap,94473189.575,0.999673,5.8,7.3,31.0,1.1,0.0,23.1,24.7,0.007,22.5,2615681.25,always_reactive,0.973269
h=0.02/q0=0.4/p=0.3/r=1/sig=0/cf=1,A_core,0.02,0.4,0.3,1.0,0.0,1.0,1.0,sepsis,native,ours_cap_epoch,94481092.027,0.999756,5.8,7.3,31.1,1.1,0.0,23.1,24.8,0.007,22.6,2630072.45,always_reactive,0.973269
h=0.02/q0=0.4/p=0.3/r=1/sig=0/cf=1,A_core,0.02,0.4,0.3,1.0,0.0,1.0,1.0,sepsis,native,ours_cap_realized,94473189.575,0.999673,5.8,7.3,31.0,1.1,0.0,23.1,24.7,0.007,22.5,2615681.25,always_reactive,0.973269
h=0.02/q0=0.4/p=0.3/r=1/sig=0/cf=1,A_core,0.02,0.4,0.3,1.0,0.0,1.0,1.0,sepsis,native,ours_pi_prior,94584854.072,1.000854,6.4,7.2,29.6,0.8,0.0,22.7,23.5,0.007,21.3,2525965.35,always_reactive,0.973269
h=0.02/q0=0.4/p=0.3/r=1/sig=0/cf=1,A_core,0.02,0.4,0.3,1.0,0.0,1.0,1.0,sepsis,native,breakeven,94687206.754,1.001938,5.3,6.1,26.5,0.8,0.0,17.5,21.4,0.006,18.9,2240924.55,always_reactive,0.973269
h=0.02/q0=0.4/p=0.3/r=1/sig=0/cf=1,A_core,0.02,0.4,0.3,1.0,0.0,1.0,1.0,sepsis,native,breakeven_cap_epoch,94687206.754,1.001938,5.3,6.1,26.5,0.8,0.0,17.5,21.4,0.006,18.9,2240924.55,always_reactive,0.973269
h=0.02/q0=0.4/p=0.3/r=1/sig=0/cf=1,A_core,0.02,0.4,0.3,1.0,0.0,1.0,1.0,sepsis,native,offline_taxblind,91213378.998,0.965179,,,,,,,,,,,always_reactive,0.973269
h=0.02/q0=0.4/p=0.3/r=1/sig=0/cf=1,A_core,0.02,0.4,0.3,1.0,0.0,1.0,1.0,sepsis,native,offline_opt_tax,91800489.928,0.971392,,,,,,,,,,,always_reactive,0.973269
h=0.02/q0=0.4/p=0.3/r=1/sig=0/cf=1,A_core,0.02,0.4,0.3,1.0,0.0,1.0,1.0,wiki_A,autorpa_233k,always_reactive,4770469730.199,1.298765,0.0,0.0,0.0,0.0,0.0,0.0,0.0,0.005,0.0,0.0,always_compile_evict,1.0
h=0.02/q0=0.4/p=0.3/r=1/sig=0/cf=1,A_core,0.02,0.4,0.3,1.0,0.0,1.0,1.0,wiki_A,autorpa_233k,always_compile_evict,3558247903.324,0.968736,28.4,64.1,4728.3,1203.4,0.0,24431.5,4301.9,0.048,3310.9,771439700.0,always_compile_evict,1.0
h=0.02/q0=0.4/p=0.3/r=1/sig=0/cf=1,A_core,0.02,0.4,0.3,1.0,0.0,1.0,1.0,wiki_A,autorpa_233k,ours_noinflate,3673082674.325,1.0,18.9,39.5,3063.3,815.1,0.0,16677.0,2733.9,0.03,2143.9,499528700.0,always_compile_evict,1.0
h=0.02/q0=0.4/p=0.3/r=1/sig=0/cf=1,A_core,0.02,0.4,0.3,1.0,0.0,1.0,1.0,wiki_A,autorpa_233k,oracle_tax,4235269015.853,1.153056,11.0,13.6,915.4,257.9,0.0,5218.5,753.6,0.013,646.5,150634500.0,always_compile_evict,1.0
h=0.02/q0=0.4/p=0.3/r=1/sig=0/cf=1,A_core,0.02,0.4,0.3,1.0,0.0,1.0,1.0,wiki_A,autorpa_233k,ours_spend_cap,4601860271.356,1.252861,14.9,35.6,720.1,123.5,0.0,2406.5,602.9,0.021,504.4,117525200.0,always_compile_evict,1.0
h=0.02/q0=0.4/p=0.3/r=1/sig=0/cf=1,A_core,0.02,0.4,0.3,1.0,0.0,1.0,1.0,wiki_A,autorpa_233k,ours_cap_epoch,4144008899.383,1.12821,18.4,38.5,1333.2,296.4,0.0,5994.0,1112.9,0.025,936.7,218251100.0,always_compile_evict,1.0
h=0.02/q0=0.4/p=0.3/r=1/sig=0/cf=1,A_core,0.02,0.4,0.3,1.0,0.0,1.0,1.0,wiki_A,autorpa_233k,ours_cap_realized,3682644953.863,1.002603,18.8,39.1,3018.8,802.6,0.0,16411.2,2698.2,0.03,2113.6,492468800.0,always_compile_evict,1.0
h=0.02/q0=0.4/p=0.3/r=1/sig=0/cf=1,A_core,0.02,0.4,0.3,1.0,0.0,1.0,1.0,wiki_A,autorpa_233k,ours_pi_prior,3577533099.852,0.973987,18.6,36.7,3501.3,953.5,0.0,19369.2,3155.1,0.029,2448.5,570500500.0,always_compile_evict,1.0
h=0.02/q0=0.4/p=0.3/r=1/sig=0/cf=1,A_core,0.02,0.4,0.3,1.0,0.0,1.0,1.0,wiki_A,autorpa_233k,breakeven,4515429703.953,1.22933,0.3,7.7,1309.3,308.7,0.0,6294.2,1110.1,0.008,918.0,213894000.0,always_compile_evict,1.0
h=0.02/q0=0.4/p=0.3/r=1/sig=0/cf=1,A_core,0.02,0.4,0.3,1.0,0.0,1.0,1.0,wiki_A,autorpa_233k,breakeven_cap_epoch,4659340265.679,1.268509,0.3,8.1,572.7,95.0,0.0,1932.9,462.3,0.007,400.3,93269900.0,always_compile_evict,1.0
h=0.02/q0=0.4/p=0.3/r=1/sig=0/cf=1,A_core,0.02,0.4,0.3,1.0,0.0,1.0,1.0,wiki_A,autorpa_233k,offline_taxblind,3163283444.957,0.861207,,,,,,,,,,,always_compile_evict,1.0
h=0.02/q0=0.4/p=0.3/r=1/sig=0/cf=1,A_core,0.02,0.4,0.3,1.0,0.0,1.0,1.0,wiki_A,autorpa_233k,offline_opt_tax,3214332124.376,0.875105,,,,,,,,,,,always_compile_evict,1.0
h=0.02/q0=0.4/p=0.3/r=1/sig=0/cf=1,A_core,0.02,0.4,0.3,1.0,0.0,1.0,1.0,wiki_A,native,always_reactive,4770469730.199,1.578408,0.0,0.0,0.0,0.0,0.0,0.0,0.0,0.005,0.0,0.0,always_compile_evict,1.0
h=0.02/q0=0.4/p=0.3/r=1/sig=0/cf=1,A_core,0.02,0.4,0.3,1.0,0.0,1.0,1.0,wiki_A,native,always_compile_evict,2962399267.825,0.98017,12.8,47.0,4728.3,1203.4,0.0,24431.5,4224.0,0.041,3310.9,388860488.3,always_compile_evict,1.0
h=0.02/q0=0.4/p=0.3/r=1/sig=0/cf=1,A_core,0.02,0.4,0.3,1.0,0.0,1.0,1.0,wiki_A,native,ours_noinflate,3022330803.898,1.0,12.1,39.6,4141.8,1091.5,0.0,22191.7,3677.4,0.035,2899.0,345288702.5,always_compile_evict,1.0
h=0.02/q0=0.4/p=0.3/r=1/sig=0/cf=1,A_core,0.02,0.4,0.3,1.0,0.0,1.0,1.0,wiki_A,native,oracle_tax,4050573157.549,1.340215,13.9,17.3,1149.4,323.3,0.0,6507.7,968.6,0.015,812.2,102356545.4,always_compile_evict,1.0
h=0.02/q0=0.4/p=0.3/r=1/sig=0/cf=1,A_core,0.02,0.4,0.3,1.0,0.0,1.0,1.0,wiki_A,native,ours_spend_cap,4313699718.13,1.427276,8.7,37.4,1152.0,208.3,0.0,4108.8,936.4,0.022,804.7,88102482.65,always_compile_evict,1.0
h=0.02/q0=0.4/p=0.3/r=1/sig=0/cf=1,A_core,0.02,0.4,0.3,1.0,0.0,1.0,1.0,wiki_A,native,ours_cap_epoch,3594063984.682,1.18917,11.3,39.0,2540.5,616.2,0.0,12518.7,2137.8,0.029,1776.4,201992133.05,always_compile_evict,1.0
h=0.02/q0=0.4/p=0.3/r=1/sig=0/cf=1,A_core,0.02,0.4,0.3,1.0,0.0,1.0,1.0,wiki_A,native,ours_cap_realized,3081501828.56,1.019578,12.0,39.6,3944.6,1035.4,0.0,21132.6,3489.1,0.034,2758.4,326378559.55,always_compile_evict,1.0
h=0.02/q0=0.4/p=0.3/r=1/sig=0/cf=1,A_core,0.02,0.4,0.3,1.0,0.0,1.0,1.0,wiki_A,native,ours_pi_prior,3035610799.064,1.004394,11.7,38.5,3994.0,1053.4,0.0,21452.1,3542.1,0.034,2797.6,336843978.2,always_compile_evict,1.0
h=0.02/q0=0.4/p=0.3/r=1/sig=0/cf=1,A_core,0.02,0.4,0.3,1.0,0.0,1.0,1.0,wiki_A,native,breakeven,4343494625.168,1.437134,0.1,7.8,1553.3,339.7,0.0,6979.6,1310.6,0.008,1082.0,117689772.25,always_compile_evict,1.0
h=0.02/q0=0.4/p=0.3/r=1/sig=0/cf=1,A_core,0.02,0.4,0.3,1.0,0.0,1.0,1.0,wiki_A,native,breakeven_cap_epoch,4459544535.126,1.475532,0.2,8.0,1179.1,229.3,0.0,4689.6,972.2,0.007,821.8,90299355.35,always_compile_evict,1.0
h=0.02/q0=0.4/p=0.3/r=1/sig=0/cf=1,A_core,0.02,0.4,0.3,1.0,0.0,1.0,1.0,wiki_A,native,offline_taxblind,2703391017.134,0.894472,,,,,,,,,,,always_compile_evict,1.0
h=0.02/q0=0.4/p=0.3/r=1/sig=0/cf=1,A_core,0.02,0.4,0.3,1.0,0.0,1.0,1.0,wiki_A,native,offline_opt_tax,2761841399.551,0.913812,,,,,,,,,,,always_compile_evict,1.0
h=0.02/q0=0.4/p=0.3/r=1/sig=0/cf=1,A_core,0.02,0.4,0.3,1.0,0.0,1.0,1.0,wiki_B,autorpa_233k,always_reactive,8991713899.193,0.984263,0.0,0.0,0.0,0.0,0.0,0.0,0.0,0.004,0.0,0.0,always_reactive,0.908564
h=0.02/q0=0.4/p=0.3/r=1/sig=0/cf=1,A_core,0.02,0.4,0.3,1.0,0.0,1.0,1.0,wiki_B,autorpa_233k,always_compile_evict,9896621497.45,1.083317,136.2,152.6,5263.7,498.1,0.0,10039.6,5053.0,0.099,3688.1,859327300.0,always_reactive,0.908564
h=0.02/q0=0.4/p=0.3/r=1/sig=0/cf=1,A_core,0.02,0.4,0.3,1.0,0.0,1.0,1.0,wiki_B,autorpa_233k,ours_noinflate,9135480821.218,1.0,95.1,106.3,2710.6,325.7,0.0,6702.3,2556.7,0.062,1891.2,440649600.0,always_reactive,0.908564
h=0.02/q0=0.4/p=0.3/r=1/sig=0/cf=1,A_core,0.02,0.4,0.3,1.0,0.0,1.0,1.0,wiki_B,autorpa_233k,oracle_tax,8924566188.524,0.976913,16.3,19.9,239.1,53.7,0.0,1027.6,199.1,0.01,169.1,39400300.0,always_reactive,0.908564
h=0.02/q0=0.4/p=0.3/r=1/sig=0/cf=1,A_core,0.02,0.4,0.3,1.0,0.0,1.0,1.0,wiki_B,autorpa_233k,ours_spend_cap,9282105907.685,1.01605,85.5,97.8,2309.3,218.7,0.0,4471.4,2168.0,0.056,1611.5,375479500.0,always_reactive,0.908564
h=0.02/q0=0.4/p=0.3/r=1/sig=0/cf=1,A_core,0.02,0.4,0.3,1.0,0.0,1.0,1.0,wiki_B,autorpa_233k,ours_cap_epoch,9156018908.317,1.002248,92.2,104.5,2588.0,292.9,0.0,6037.3,2435.2,0.06,1805.3,420634900.0,always_reactive,0.908564
h=0.02/q0=0.4/p=0.3/r=1/sig=0/cf=1,A_core,0.02,0.4,0.3,1.0,0.0,1.0,1.0,wiki_B,autorpa_233k,ours_cap_realized,9136057558.398,1.000063,94.5,105.7,2686.5,320.0,0.0,6583.1,2535.1,0.061,1873.9,436618700.0,always_reactive,0.908564
h=0.02/q0=0.4/p=0.3/r=1/sig=0/cf=1,A_core,0.02,0.4,0.3,1.0,0.0,1.0,1.0,wiki_B,autorpa_233k,ours_pi_prior,9105935037.45,0.996766,87.5,99.0,2511.4,302.0,0.0,6261.8,2368.3,0.058,1750.8,407936400.0,always_reactive,0.908564
h=0.02/q0=0.4/p=0.3/r=1/sig=0/cf=1,A_core,0.02,0.4,0.3,1.0,0.0,1.0,1.0,wiki_B,autorpa_233k,breakeven,9127129641.288,0.999086,4.1,12.9,1024.8,47.3,0.0,975.5,938.7,0.009,714.3,166431900.0,always_reactive,0.908564
h=0.02/q0=0.4/p=0.3/r=1/sig=0/cf=1,A_core,0.02,0.4,0.3,1.0,0.0,1.0,1.0,wiki_B,autorpa_233k,breakeven_cap_epoch,9123107124.435,0.998646,4.3,13.0,999.8,44.2,0.0,936.3,915.8,0.009,696.8,162354400.0,always_reactive,0.908564
h=0.02/q0=0.4/p=0.3/r=1/sig=0/cf=1,A_core,0.02,0.4,0.3,1.0,0.0,1.0,1.0,wiki_B,autorpa_233k,offline_taxblind,8243021935.673,0.902308,,,,,,,,,,,always_reactive,0.908564
h=0.02/q0=0.4/p=0.3/r=1/sig=0/cf=1,A_core,0.02,0.4,0.3,1.0,0.0,1.0,1.0,wiki_B,autorpa_233k,offline_opt_tax,8466399091.062,0.92676,,,,,,,,,,,always_reactive,0.908564
h=0.02/q0=0.4/p=0.3/r=1/sig=0/cf=1,A_core,0.02,0.4,0.3,1.0,0.0,1.0,1.0,wiki_B,native,always_reactive,8991713899.193,1.033557,0.0,0.0,0.0,0.0,0.0,0.0,0.0,0.004,0.0,0.0,ours_pi_prior,0.982119
h=0.02/q0=0.4/p=0.3/r=1/sig=0/cf=1,A_core,0.02,0.4,0.3,1.0,0.0,1.0,1.0,wiki_B,native,always_compile_evict,8856844195.653,1.018055,85.6,92.2,5263.7,498.1,0.0,10039.6,4822.3,0.067,3688.1,397815203.2,ours_pi_prior,0.982119
h=0.02/q0=0.4/p=0.3/r=1/sig=0/cf=1,A_core,0.02,0.4,0.3,1.0,0.0,1.0,1.0,wiki_B,native,ours_noinflate,8699772538.826,1.0,75.6,83.7,3759.7,414.8,0.0,8418.2,3383.7,0.057,2628.0,290266156.5,ours_pi_prior,0.982119
h=0.02/q0=0.4/p=0.3/r=1/sig=0/cf=1,A_core,0.02,0.4,0.3,1.0,0.0,1.0,1.0,wiki_B,native,oracle_tax,8878717850.296,1.020569,26.3,28.0,304.4,65.4,0.0,1324.0,255.0,0.013,212.7,23285343.9,ours_pi_prior,0.982119
h=0.02/q0=0.4/p=0.3/r=1/sig=0/cf=1,A_core,0.02,0.4,0.3,1.0,0.0,1.0,1.0,wiki_B,native,ours_spend_cap,8802806578.49,1.011843,68.7,77.4,3422.4,323.0,0.0,6587.6,3056.7,0.053,2393.0,262583473.75,ours_pi_prior,0.982119
h=0.02/q0=0.4/p=0.3/r=1/sig=0/cf=1,A_core,0.02,0.4,0.3,1.0,0.0,1.0,1.0,wiki_B,native,ours_cap_epoch,8708115331.232,1.000959,74.2,82.2,3714.4,402.8,0.0,8130.3,3339.5,0.056,2596.7,286836659.65,ours_pi_prior,0.982119
h=0.02/q0=0.4/p=0.3/r=1/sig=0/cf=1,A_core,0.02,0.4,0.3,1.0,0.0,1.0,1.0,wiki_B,native,ours_cap_realized,8700784748.403,1.000116,75.4,83.4,3745.3,410.9,0.0,8355.4,3370.6,0.056,2617.9,289272798.8,ours_pi_prior,0.982119
h=0.02/q0=0.4/p=0.3/r=1/sig=0/cf=1,A_core,0.02,0.4,0.3,1.0,0.0,1.0,1.0,wiki_B,native,ours_pi_prior,8698473613.005,0.999851,73.5,80.7,3475.1,381.1,0.0,7782.8,3127.7,0.054,2436.9,269764941.3,ours_pi_prior,0.982119
h=0.02/q0=0.4/p=0.3/r=1/sig=0/cf=1,A_core,0.02,0.4,0.3,1.0,0.0,1.0,1.0,wiki_B,native,breakeven,9066583415.912,1.042163,5.8,12.6,1890.7,58.6,0.0,1160.9,1722.7,0.009,1317.4,143842113.05,ours_pi_prior,0.982119
h=0.02/q0=0.4/p=0.3/r=1/sig=0/cf=1,A_core,0.02,0.4,0.3,1.0,0.0,1.0,1.0,wiki_B,native,breakeven_cap_epoch,9065583878.796,1.042048,5.7,12.6,1873.8,58.3,0.0,1154.9,1704.9,0.009,1305.0,142649769.0,ours_pi_prior,0.982119
h=0.02/q0=0.4/p=0.3/r=1/sig=0/cf=1,A_core,0.02,0.4,0.3,1.0,0.0,1.0,1.0,wiki_B,native,offline_taxblind,7949954671.117,0.913812,,,,,,,,,,,ours_pi_prior,0.982119
h=0.02/q0=0.4/p=0.3/r=1/sig=0/cf=1,A_core,0.02,0.4,0.3,1.0,0.0,1.0,1.0,wiki_B,native,offline_opt_tax,8167775579.79,0.938849,,,,,,,,,,,ours_pi_prior,0.982119
h=0.02/q0=0.4/p=0.5/r=1/sig=0/cf=11.0877,A_core,0.02,0.4,0.5,1.0,0.0,1.0,11.087667012373094,bpi2019,autorpa_233k,always_reactive,26858149732.486,0.990402,0.0,0.0,0.0,0.0,0.0,0.0,0.0,0.003,0.0,0.0,ours_pi_prior,0.852962
h=0.02/q0=0.4/p=0.5/r=1/sig=0/cf=11.0877,A_core,0.02,0.4,0.5,1.0,0.0,1.0,11.087667012373094,bpi2019,autorpa_233k,always_compile_evict,31346292703.878,1.155904,78.0,111.9,12207.1,4571.9,0.0,95044.2,11706.5,0.06,6103.9,15768976487.7,ours_pi_prior,0.852962
h=0.02/q0=0.4/p=0.5/r=1/sig=0/cf=11.0877,A_core,0.02,0.4,0.5,1.0,0.0,1.0,11.087667012373094,bpi2019,autorpa_233k,ours_noinflate,27118421117.275,1.0,60.1,87.0,9145.1,3839.3,0.0,79873.8,8787.3,0.054,4575.8,11821242584.646,ours_pi_prior,0.852962
h=0.02/q0=0.4/p=0.5/r=1/sig=0/cf=11.0877,A_core,0.02,0.4,0.5,1.0,0.0,1.0,11.087667012373094,bpi2019,autorpa_233k,oracle_tax,26541274474.265,0.978718,36.8,42.3,876.6,402.9,0.0,8240.6,686.2,0.008,436.9,1128699000.225,ours_pi_prior,0.852962
h=0.02/q0=0.4/p=0.5/r=1/sig=0/cf=11.0877,A_core,0.02,0.4,0.5,1.0,0.0,1.0,11.087667012373094,bpi2019,autorpa_233k,ours_spend_cap,28410158635.965,1.047633,19.4,36.4,1369.5,243.4,0.0,4973.6,1199.5,0.02,685.4,1770680464.075,ours_pi_prior,0.852962
h=0.02/q0=0.4/p=0.5/r=1/sig=0/cf=11.0877,A_core,0.02,0.4,0.5,1.0,0.0,1.0,11.087667012373094,bpi2019,autorpa_233k,ours_cap_epoch,28392400975.808,1.046978,20.6,38.0,1454.2,277.9,0.0,5736.0,1272.5,0.021,727.8,1880217744.024,ours_pi_prior,0.852962
h=0.02/q0=0.4/p=0.5/r=1/sig=0/cf=11.0877,A_core,0.02,0.4,0.5,1.0,0.0,1.0,11.087667012373094,bpi2019,autorpa_233k,ours_cap_realized,27362697071.075,1.009008,27.8,45.6,3114.7,1084.9,0.0,22529.3,2896.5,0.027,1559.3,4028336807.168,ours_pi_prior,0.852962
h=0.02/q0=0.4/p=0.5/r=1/sig=0/cf=11.0877,A_core,0.02,0.4,0.5,1.0,0.0,1.0,11.087667012373094,bpi2019,autorpa_233k,ours_pi_prior,26737204642.806,0.985943,58.2,80.7,8478.3,3560.1,0.0,73926.2,8126.4,0.052,4243.5,10962769987.312,ours_pi_prior,0.852962
h=0.02/q0=0.4/p=0.5/r=1/sig=0/cf=11.0877,A_core,0.02,0.4,0.5,1.0,0.0,1.0,11.087667012373094,bpi2019,autorpa_233k,breakeven,28258242156.921,1.042031,3.4,9.3,1132.0,69.8,0.0,1465.2,989.6,0.005,569.2,1470486314.782,ours_pi_prior,0.852962
h=0.02/q0=0.4/p=0.5/r=1/sig=0/cf=11.0877,A_core,0.02,0.4,0.5,1.0,0.0,1.0,11.087667012373094,bpi2019,autorpa_233k,breakeven_cap_epoch,27845122633.616,1.026797,3.2,7.4,773.4,38.9,0.0,803.1,689.0,0.005,389.0,1004952875.0,ours_pi_prior,0.852962
h=0.02/q0=0.4/p=0.5/r=1/sig=0/cf=11.0877,A_core,0.02,0.4,0.5,1.0,0.0,1.0,11.087667012373094,bpi2019,autorpa_233k,offline_taxblind,14395071297.416,0.530823,,,,,,,,,,,ours_pi_prior,0.852962
h=0.02/q0=0.4/p=0.5/r=1/sig=0/cf=11.0877,A_core,0.02,0.4,0.5,1.0,0.0,1.0,11.087667012373094,bpi2019,autorpa_233k,offline_opt_tax,15042007658.975,0.554679,,,,,,,,,,,ours_pi_prior,0.852962
h=0.02/q0=0.4/p=0.5/r=1/sig=0/cf=11.0877,A_core,0.02,0.4,0.5,1.0,0.0,1.0,11.087667012373094,bpi2019,native,always_reactive,26858149732.486,1.320507,0.0,0.0,0.0,0.0,0.0,0.0,0.0,0.003,0.0,0.0,ours_pi_prior,0.955239
h=0.02/q0=0.4/p=0.5/r=1/sig=0/cf=11.0877,A_core,0.02,0.4,0.5,1.0,0.0,1.0,11.087667012373094,bpi2019,native,always_compile_evict,21032565829.42,1.034087,43.0,72.0,12207.1,4571.9,0.0,95044.2,11165.1,0.051,6103.9,7041791964.149,ours_pi_prior,0.955239
h=0.02/q0=0.4/p=0.5/r=1/sig=0/cf=11.0877,A_core,0.02,0.4,0.5,1.0,0.0,1.0,11.087667012373094,bpi2019,native,ours_noinflate,20339268238.104,1.0,41.0,67.6,10852.1,4422.6,0.0,91884.3,9984.2,0.05,5433.6,6301811580.514,ours_pi_prior,0.955239
h=0.02/q0=0.4/p=0.5/r=1/sig=0/cf=11.0877,A_core,0.02,0.4,0.5,1.0,0.0,1.0,11.087667012373094,bpi2019,native,oracle_tax,25821177370.041,1.269523,45.6,49.8,974.2,444.7,0.0,9099.7,766.1,0.009,483.9,571022291.516,ours_pi_prior,0.955239
h=0.02/q0=0.4/p=0.5/r=1/sig=0/cf=11.0877,A_core,0.02,0.4,0.5,1.0,0.0,1.0,11.087667012373094,bpi2019,native,ours_spend_cap,27270319822.844,1.340772,12.6,32.9,2326.2,439.0,0.0,9097.9,1735.1,0.017,1167.9,1403915081.125,ours_pi_prior,0.955239
h=0.02/q0=0.4/p=0.5/r=1/sig=0/cf=11.0877,A_core,0.02,0.4,0.5,1.0,0.0,1.0,11.087667012373094,bpi2019,native,ours_cap_epoch,26647516967.634,1.310151,16.0,37.5,2906.9,703.6,0.0,14452.4,2235.7,0.02,1459.1,1750677555.497,ours_pi_prior,0.955239
h=0.02/q0=0.4/p=0.5/r=1/sig=0/cf=11.0877,A_core,0.02,0.4,0.5,1.0,0.0,1.0,11.087667012373094,bpi2019,native,ours_cap_realized,21510627290.265,1.057591,25.8,47.6,6810.1,2627.9,0.0,54367.4,6091.2,0.033,3410.8,4060833038.929,ours_pi_prior,0.955239
h=0.02/q0=0.4/p=0.5/r=1/sig=0/cf=11.0877,A_core,0.02,0.4,0.5,1.0,0.0,1.0,11.087667012373094,bpi2019,native,ours_pi_prior,20091133272.891,0.9878,38.4,62.8,10030.4,4080.6,0.0,84680.9,9197.9,0.049,5012.6,5931063329.616,ours_pi_prior,0.955239
h=0.02/q0=0.4/p=0.5/r=1/sig=0/cf=11.0877,A_core,0.02,0.4,0.5,1.0,0.0,1.0,11.087667012373094,bpi2019,native,breakeven,27782014914.706,1.36593,0.8,8.7,1777.4,73.6,0.0,1578.2,1509.4,0.004,887.7,1067888093.425,ours_pi_prior,0.955239
h=0.02/q0=0.4/p=0.5/r=1/sig=0/cf=11.0877,A_core,0.02,0.4,0.5,1.0,0.0,1.0,11.087667012373094,bpi2019,native,breakeven_cap_epoch,27616470446.418,1.357791,1.1,7.1,1439.4,55.0,0.0,1184.0,1232.7,0.004,718.5,867618181.855,ours_pi_prior,0.955239
h=0.02/q0=0.4/p=0.5/r=1/sig=0/cf=11.0877,A_core,0.02,0.4,0.5,1.0,0.0,1.0,11.087667012373094,bpi2019,native,offline_taxblind,13104721146.629,0.644306,,,,,,,,,,,ours_pi_prior,0.955239
h=0.02/q0=0.4/p=0.5/r=1/sig=0/cf=11.0877,A_core,0.02,0.4,0.5,1.0,0.0,1.0,11.087667012373094,bpi2019,native,offline_opt_tax,13628059860.349,0.670037,,,,,,,,,,,ours_pi_prior,0.955239
h=0.02/q0=0.4/p=0.5/r=1/sig=0/cf=11.0877,A_core,0.02,0.4,0.5,1.0,0.0,1.0,11.087667012373094,sepsis,autorpa_233k,always_reactive,93787502.059,0.86952,0.0,0.0,0.0,0.0,0.0,0.0,0.0,0.004,0.0,0.0,always_reactive,0.62441
h=0.02/q0=0.4/p=0.5/r=1/sig=0/cf=11.0877,A_core,0.02,0.4,0.5,1.0,0.0,1.0,11.087667012373094,sepsis,autorpa_233k,always_compile_evict,150201687.963,1.392546,15.2,17.2,43.3,2.7,0.0,49.5,36.5,0.008,21.8,56318695.823,always_reactive,0.62441
h=0.02/q0=0.4/p=0.5/r=1/sig=0/cf=11.0877,A_core,0.02,0.4,0.5,1.0,0.0,1.0,11.087667012373094,sepsis,autorpa_233k,ours_noinflate,107861210.658,1.0,5.5,5.8,12.6,0.8,0.0,17.9,8.4,0.005,5.8,14983873.201,always_reactive,0.62441
h=0.02/q0=0.4/p=0.5/r=1/sig=0/cf=11.0877,A_core,0.02,0.4,0.5,1.0,0.0,1.0,11.087667012373094,sepsis,autorpa_233k,oracle_tax,103339435.211,0.958078,3.7,4.3,9.8,1.5,0.0,31.5,5.2,0.007,4.6,11883761.504,always_reactive,0.62441
h=0.02/q0=0.4/p=0.5/r=1/sig=0/cf=11.0877,A_core,0.02,0.4,0.5,1.0,0.0,1.0,11.087667012373094,sepsis,autorpa_233k,ours_spend_cap,102243121.233,0.947914,3.8,3.9,8.4,0.6,0.0,13.1,5.1,0.005,3.6,9300335.09,always_reactive,0.62441
h=0.02/q0=0.4/p=0.5/r=1/sig=0/cf=11.0877,A_core,0.02,0.4,0.5,1.0,0.0,1.0,11.087667012373094,sepsis,autorpa_233k,ours_cap_epoch,102243121.233,0.947914,3.8,3.9,8.4,0.6,0.0,13.1,5.1,0.005,3.6,9300335.09,always_reactive,0.62441
h=0.02/q0=0.4/p=0.5/r=1/sig=0/cf=11.0877,A_core,0.02,0.4,0.5,1.0,0.0,1.0,11.087667012373094,sepsis,autorpa_233k,ours_cap_realized,102243121.233,0.947914,3.8,3.9,8.4,0.6,0.0,13.1,5.1,0.005,3.6,9300335.09,always_reactive,0.62441
h=0.02/q0=0.4/p=0.5/r=1/sig=0/cf=11.0877,A_core,0.02,0.4,0.5,1.0,0.0,1.0,11.087667012373094,sepsis,autorpa_233k,ours_pi_prior,109882550.028,1.01874,5.4,5.5,12.7,0.9,0.0,19.4,9.1,0.005,6.4,16533929.049,always_reactive,0.62441
h=0.02/q0=0.4/p=0.5/r=1/sig=0/cf=11.0877,A_core,0.02,0.4,0.5,1.0,0.0,1.0,11.087667012373094,sepsis,autorpa_233k,breakeven,103160327.819,0.956417,3.6,3.7,8.3,0.5,0.0,11.5,6.1,0.005,3.8,9817020.373,always_reactive,0.62441
h=0.02/q0=0.4/p=0.5/r=1/sig=0/cf=11.0877,A_core,0.02,0.4,0.5,1.0,0.0,1.0,11.087667012373094,sepsis,autorpa_233k,breakeven_cap_epoch,100592514.113,0.932611,2.7,2.9,6.3,0.4,0.0,8.8,4.5,0.005,2.8,7233593.959,always_reactive,0.62441
h=0.02/q0=0.4/p=0.5/r=1/sig=0/cf=11.0877,A_core,0.02,0.4,0.5,1.0,0.0,1.0,11.087667012373094,sepsis,autorpa_233k,offline_taxblind,91801096.686,0.851104,,,,,,,,,,,always_reactive,0.62441
h=0.02/q0=0.4/p=0.5/r=1/sig=0/cf=11.0877,A_core,0.02,0.4,0.5,1.0,0.0,1.0,11.087667012373094,sepsis,autorpa_233k,offline_opt_tax,92247305.912,0.855241,,,,,,,,,,,always_reactive,0.62441
h=0.02/q0=0.4/p=0.5/r=1/sig=0/cf=11.0877,A_core,0.02,0.4,0.5,1.0,0.0,1.0,11.087667012373094,sepsis,native,always_reactive,93787502.059,0.888764,0.0,0.0,0.0,0.0,0.0,0.0,0.0,0.004,0.0,0.0,always_reactive,0.797215
h=0.02/q0=0.4/p=0.5/r=1/sig=0/cf=11.0877,A_core,0.02,0.4,0.5,1.0,0.0,1.0,11.087667012373094,sepsis,native,always_compile_evict,117643896.45,1.114836,13.4,15.2,43.3,2.7,0.0,49.5,32.8,0.009,21.8,26504791.91,always_reactive,0.797215
h=0.02/q0=0.4/p=0.5/r=1/sig=0/cf=11.0877,A_core,0.02,0.4,0.5,1.0,0.0,1.0,11.087667012373094,sepsis,native,ours_noinflate,105525719.91,1.0,7.1,8.2,22.3,1.5,0.0,32.1,14.2,0.007,11.2,14316569.168,always_reactive,0.797215
h=0.02/q0=0.4/p=0.5/r=1/sig=0/cf=11.0877,A_core,0.02,0.4,0.5,1.0,0.0,1.0,11.087667012373094,sepsis,native,oracle_tax,100278615.951,0.950277,5.9,6.4,15.0,1.8,0.0,38.2,7.8,0.008,7.3,9849976.8,always_reactive,0.797215
h=0.02/q0=0.4/p=0.5/r=1/sig=0/cf=11.0877,A_core,0.02,0.4,0.5,1.0,0.0,1.0,11.087667012373094,sepsis,native,ours_spend_cap,100559553.234,0.952939,4.9,5.8,14.8,1.0,0.0,19.8,9.5,0.006,7.0,8702163.77,always_reactive,0.797215
h=0.02/q0=0.4/p=0.5/r=1/sig=0/cf=11.0877,A_core,0.02,0.4,0.5,1.0,0.0,1.0,11.087667012373094,sepsis,native,ours_cap_epoch,100559553.234,0.952939,4.9,5.8,14.8,1.0,0.0,19.8,9.5,0.006,7.0,8702163.77,always_reactive,0.797215
h=0.02/q0=0.4/p=0.5/r=1/sig=0/cf=11.0877,A_core,0.02,0.4,0.5,1.0,0.0,1.0,11.087667012373094,sepsis,native,ours_cap_realized,100665152.917,0.95394,4.9,5.8,14.9,1.0,0.0,20.0,9.5,0.006,7.1,8819908.696,always_reactive,0.797215
h=0.02/q0=0.4/p=0.5/r=1/sig=0/cf=11.0877,A_core,0.02,0.4,0.5,1.0,0.0,1.0,11.087667012373094,sepsis,native,ours_pi_prior,105712591.804,1.001771,7.5,8.7,21.7,1.4,0.0,31.7,14.2,0.007,11.1,14324283.967,always_reactive,0.797215
h=0.02/q0=0.4/p=0.5/r=1/sig=0/cf=11.0877,A_core,0.02,0.4,0.5,1.0,0.0,1.0,11.087667012373094,sepsis,native,breakeven,102668848.283,0.972927,5.8,7.4,18.2,1.1,0.0,25.8,11.7,0.007,8.5,10886536.733,always_reactive,0.797215
h=0.02/q0=0.4/p=0.5/r=1/sig=0/cf=11.0877,A_core,0.02,0.4,0.5,1.0,0.0,1.0,11.087667012373094,sepsis,native,breakeven_cap_epoch,99879881.147,0.946498,4.4,5.5,13.4,0.8,0.0,17.3,8.6,0.006,6.1,7642459.441,always_reactive,0.797215
h=0.02/q0=0.4/p=0.5/r=1/sig=0/cf=11.0877,A_core,0.02,0.4,0.5,1.0,0.0,1.0,11.087667012373094,sepsis,native,offline_taxblind,89166076.805,0.84497,,,,,,,,,,,always_reactive,0.797215
h=0.02/q0=0.4/p=0.5/r=1/sig=0/cf=11.0877,A_core,0.02,0.4,0.5,1.0,0.0,1.0,11.087667012373094,sepsis,native,offline_opt_tax,90201513.631,0.854782,,,,,,,,,,,always_reactive,0.797215
h=0.02/q0=0.4/p=0.5/r=1/sig=0/cf=11.0877,A_core,0.02,0.4,0.5,1.0,0.0,1.0,11.087667012373094,wiki_A,autorpa_233k,always_reactive,4770469730.199,0.804683,0.0,0.0,0.0,0.0,0.0,0.0,0.0,0.005,0.0,0.0,always_reactive,0.725837
h=0.02/q0=0.4/p=0.5/r=1/sig=0/cf=11.0877,A_core,0.02,0.4,0.5,1.0,0.0,1.0,11.087667012373094,wiki_A,autorpa_233k,always_compile_evict,6572369370.352,1.108627,17.8,53.9,2992.8,1239.6,0.0,25175.0,2546.2,0.022,1498.1,3870231110.638,always_reactive,0.725837
h=0.02/q0=0.4/p=0.5/r=1/sig=0/cf=11.0877,A_core,0.02,0.4,0.5,1.0,0.0,1.0,11.087667012373094,wiki_A,autorpa_233k,ours_noinflate,5928384333.74,1.0,14.3,39.9,2492.3,1117.9,0.0,22739.0,2081.4,0.019,1247.6,3223082793.96,always_reactive,0.725837
h=0.02/q0=0.4/p=0.5/r=1/sig=0/cf=11.0877,A_core,0.02,0.4,0.5,1.0,0.0,1.0,11.087667012373094,wiki_A,autorpa_233k,oracle_tax,4859781797.973,0.819748,13.2,16.4,681.7,324.8,0.0,6511.5,512.0,0.012,343.7,887923658.452,always_reactive,0.725837
h=0.02/q0=0.4/p=0.5/r=1/sig=0/cf=11.0877,A_core,0.02,0.4,0.5,1.0,0.0,1.0,11.087667012373094,wiki_A,autorpa_233k,ours_spend_cap,4987194652.019,0.84124,4.4,23.7,240.5,50.0,0.0,977.8,186.7,0.013,121.6,314144651.928,always_reactive,0.725837
h=0.02/q0=0.4/p=0.5/r=1/sig=0/cf=11.0877,A_core,0.02,0.4,0.5,1.0,0.0,1.0,11.087667012373094,wiki_A,autorpa_233k,ours_cap_epoch,4984221659.078,0.840739,4.9,24.2,253.8,54.6,0.0,1087.1,196.1,0.013,128.3,331453608.901,always_reactive,0.725837
h=0.02/q0=0.4/p=0.5/r=1/sig=0/cf=11.0877,A_core,0.02,0.4,0.5,1.0,0.0,1.0,11.087667012373094,wiki_A,autorpa_233k,ours_cap_realized,4896232227.96,0.825897,6.6,25.8,422.7,134.4,0.0,2716.4,312.6,0.015,211.4,546136343.895,always_reactive,0.725837
h=0.02/q0=0.4/p=0.5/r=1/sig=0/cf=11.0877,A_core,0.02,0.4,0.5,1.0,0.0,1.0,11.087667012373094,wiki_A,autorpa_233k,ours_pi_prior,5886581572.214,0.992949,15.8,37.6,2442.8,1099.4,0.0,22402.2,2045.9,0.018,1222.7,3158755476.255,always_reactive,0.725837
h=0.02/q0=0.4/p=0.5/r=1/sig=0/cf=11.0877,A_core,0.02,0.4,0.5,1.0,0.0,1.0,11.087667012373094,wiki_A,autorpa_233k,breakeven,5393012572.903,0.909693,0.1,7.4,863.2,333.3,0.0,6789.8,651.2,0.006,434.2,1121723748.908,always_reactive,0.725837
h=0.02/q0=0.4/p=0.5/r=1/sig=0/cf=11.0877,A_core,0.02,0.4,0.5,1.0,0.0,1.0,11.087667012373094,wiki_A,autorpa_233k,breakeven_cap_epoch,4950276858.68,0.835013,0.0,5.2,166.9,23.4,0.0,449.8,129.8,0.006,85.6,221141301.028,always_reactive,0.725837
h=0.02/q0=0.4/p=0.5/r=1/sig=0/cf=11.0877,A_core,0.02,0.4,0.5,1.0,0.0,1.0,11.087667012373094,wiki_A,autorpa_233k,offline_taxblind,2783190234.203,0.469469,,,,,,,,,,,always_reactive,0.725837
h=0.02/q0=0.4/p=0.5/r=1/sig=0/cf=11.0877,A_core,0.02,0.4,0.5,1.0,0.0,1.0,11.087667012373094,wiki_A,autorpa_233k,offline_opt_tax,2841158012.717,0.479247,,,,,,,,,,,always_reactive,0.725837
h=0.02/q0=0.4/p=0.5/r=1/sig=0/cf=11.0877,A_core,0.02,0.4,0.5,1.0,0.0,1.0,11.087667012373094,wiki_A,native,always_reactive,4770469730.199,1.105068,0.0,0.0,0.0,0.0,0.0,0.0,0.0,0.005,0.0,0.0,ours_pi_prior,0.970169
h=0.02/q0=0.4/p=0.5/r=1/sig=0/cf=11.0877,A_core,0.02,0.4,0.5,1.0,0.0,1.0,11.087667012373094,wiki_A,native,always_compile_evict,4425403578.296,1.025134,9.3,42.2,2992.8,1239.6,0.0,25175.0,2454.1,0.023,1498.1,1942549555.533,ours_pi_prior,0.970169
h=0.02/q0=0.4/p=0.5/r=1/sig=0/cf=11.0877,A_core,0.02,0.4,0.5,1.0,0.0,1.0,11.087667012373094,wiki_A,native,ours_noinflate,4316900821.692,1.0,9.2,36.5,2762.2,1200.7,0.0,24428.7,2249.9,0.022,1380.8,1817775308.644,ours_pi_prior,0.970169
h=0.02/q0=0.4/p=0.5/r=1/sig=0/cf=11.0877,A_core,0.02,0.4,0.5,1.0,0.0,1.0,11.087667012373094,wiki_A,native,oracle_tax,4414716762.759,1.022659,16.5,20.3,786.5,372.2,0.0,7512.2,606.7,0.016,397.8,561438608.878,ours_pi_prior,0.970169
h=0.02/q0=0.4/p=0.5/r=1/sig=0/cf=11.0877,A_core,0.02,0.4,0.5,1.0,0.0,1.0,11.087667012373094,wiki_A,native,ours_spend_cap,4810712982.066,1.11439,2.5,27.3,438.9,94.3,0.0,1867.0,302.2,0.013,219.5,265810415.19,ours_pi_prior,0.970169
h=0.02/q0=0.4/p=0.5/r=1/sig=0/cf=11.0877,A_core,0.02,0.4,0.5,1.0,0.0,1.0,11.087667012373094,wiki_A,native,ours_cap_epoch,4683630658.049,1.084952,3.0,28.7,553.3,147.6,0.0,2915.9,379.0,0.015,275.1,332991209.973,ours_pi_prior,0.970169
h=0.02/q0=0.4/p=0.5/r=1/sig=0/cf=11.0877,A_core,0.02,0.4,0.5,1.0,0.0,1.0,11.087667012373094,wiki_A,native,ours_cap_realized,4448331104.298,1.030446,5.8,30.2,1054.7,395.5,0.0,8042.8,788.8,0.017,525.2,663520029.277,ours_pi_prior,0.970169
h=0.02/q0=0.4/p=0.5/r=1/sig=0/cf=11.0877,A_core,0.02,0.4,0.5,1.0,0.0,1.0,11.087667012373094,wiki_A,native,ours_pi_prior,4293387528.235,0.994553,8.7,37.2,2658.5,1153.6,0.0,23456.8,2157.5,0.021,1331.0,1775531739.725,ours_pi_prior,0.970169
h=0.02/q0=0.4/p=0.5/r=1/sig=0/cf=11.0877,A_core,0.02,0.4,0.5,1.0,0.0,1.0,11.087667012373094,wiki_A,native,breakeven,4837600591.966,1.120619,0.2,8.5,1007.0,355.4,0.0,7251.0,759.8,0.006,502.3,604187832.515,ours_pi_prior,0.970169
h=0.02/q0=0.4/p=0.5/r=1/sig=0/cf=11.0877,A_core,0.02,0.4,0.5,1.0,0.0,1.0,11.087667012373094,wiki_A,native,breakeven_cap_epoch,4860030668.82,1.125815,0.2,7.4,314.0,44.5,0.0,887.3,227.2,0.006,157.6,191588069.276,ours_pi_prior,0.970169
h=0.02/q0=0.4/p=0.5/r=1/sig=0/cf=11.0877,A_core,0.02,0.4,0.5,1.0,0.0,1.0,11.087667012373094,wiki_A,native,offline_taxblind,2483694837.663,0.575342,,,,,,,,,,,ours_pi_prior,0.970169
h=0.02/q0=0.4/p=0.5/r=1/sig=0/cf=11.0877,A_core,0.02,0.4,0.5,1.0,0.0,1.0,11.087667012373094,wiki_A,native,offline_opt_tax,2535731740.09,0.587396,,,,,,,,,,,ours_pi_prior,0.970169
h=0.02/q0=0.4/p=0.5/r=1/sig=0/cf=11.0877,A_core,0.02,0.4,0.5,1.0,0.0,1.0,11.087667012373094,wiki_B,autorpa_233k,always_reactive,8991713899.193,0.804021,0.0,0.0,0.0,0.0,0.0,0.0,0.0,0.004,0.0,0.0,always_reactive,0.656886
h=0.02/q0=0.4/p=0.5/r=1/sig=0/cf=11.0877,A_core,0.02,0.4,0.5,1.0,0.0,1.0,11.087667012373094,wiki_B,autorpa_233k,always_compile_evict,13688390212.834,1.223989,107.1,121.1,3756.5,536.2,0.0,10790.8,3473.7,0.057,1883.8,4866658678.473,always_reactive,0.656886
h=0.02/q0=0.4/p=0.5/r=1/sig=0/cf=11.0877,A_core,0.02,0.4,0.5,1.0,0.0,1.0,11.087667012373094,wiki_B,autorpa_233k,ours_noinflate,11183427060.167,1.0,82.7,93.0,2019.0,376.9,0.0,7734.5,1818.9,0.047,1006.0,2598926972.366,always_reactive,0.656886
h=0.02/q0=0.4/p=0.5/r=1/sig=0/cf=11.0877,A_core,0.02,0.4,0.5,1.0,0.0,1.0,11.087667012373094,wiki_B,autorpa_233k,oracle_tax,9100804252.915,0.813776,25.0,27.2,182.1,65.9,0.0,1332.1,135.1,0.013,91.2,235608488.946,always_reactive,0.656886
h=0.02/q0=0.4/p=0.5/r=1/sig=0/cf=11.0877,A_core,0.02,0.4,0.5,1.0,0.0,1.0,11.087667012373094,wiki_B,autorpa_233k,ours_spend_cap,10365936470.24,0.926902,43.3,49.9,1089.1,120.5,0.0,2484.3,979.5,0.028,542.4,1401250486.89,always_reactive,0.656886
h=0.02/q0=0.4/p=0.5/r=1/sig=0/cf=11.0877,A_core,0.02,0.4,0.5,1.0,0.0,1.0,11.087667012373094,wiki_B,autorpa_233k,ours_cap_epoch,10360110293.242,0.926381,45.0,51.8,1112.4,128.8,0.0,2695.0,1000.1,0.029,553.3,1429409834.801,always_reactive,0.656886
h=0.02/q0=0.4/p=0.5/r=1/sig=0/cf=11.0877,A_core,0.02,0.4,0.5,1.0,0.0,1.0,11.087667012373094,wiki_B,autorpa_233k,ours_cap_realized,10357043697.745,0.926106,47.0,54.6,1174.3,153.9,0.0,3225.8,1052.6,0.031,584.6,1510271081.556,always_reactive,0.656886
h=0.02/q0=0.4/p=0.5/r=1/sig=0/cf=11.0877,A_core,0.02,0.4,0.5,1.0,0.0,1.0,11.087667012373094,wiki_B,autorpa_233k,ours_pi_prior,11005644740.007,0.984103,77.3,88.3,1873.8,346.6,0.0,7192.1,1687.3,0.045,934.4,2413953641.132,always_reactive,0.656886
h=0.02/q0=0.4/p=0.5/r=1/sig=0/cf=11.0877,A_core,0.02,0.4,0.5,1.0,0.0,1.0,11.087667012373094,wiki_B,autorpa_233k,breakeven,9926956678.192,0.887649,3.5,11.4,748.2,47.4,0.0,964.1,655.1,0.008,370.7,957676171.626,always_reactive,0.656886
h=0.02/q0=0.4/p=0.5/r=1/sig=0/cf=11.0877,A_core,0.02,0.4,0.5,1.0,0.0,1.0,11.087667012373094,wiki_B,autorpa_233k,breakeven_cap_epoch,9678708049.66,0.865451,3.1,9.3,531.6,26.5,0.0,528.8,473.9,0.007,265.6,686158055.527,always_reactive,0.656886
h=0.02/q0=0.4/p=0.5/r=1/sig=0/cf=11.0877,A_core,0.02,0.4,0.5,1.0,0.0,1.0,11.087667012373094,wiki_B,autorpa_233k,offline_taxblind,8033817417.355,0.718368,,,,,,,,,,,always_reactive,0.656886
h=0.02/q0=0.4/p=0.5/r=1/sig=0/cf=11.0877,A_core,0.02,0.4,0.5,1.0,0.0,1.0,11.087667012373094,wiki_B,autorpa_233k,offline_opt_tax,8263514940.959,0.738907,,,,,,,,,,,always_reactive,0.656886
h=0.02/q0=0.4/p=0.5/r=1/sig=0/cf=11.0877,A_core,0.02,0.4,0.5,1.0,0.0,1.0,11.087667012373094,wiki_B,native,always_reactive,8991713899.193,0.906788,0.0,0.0,0.0,0.0,0.0,0.0,0.0,0.004,0.0,0.0,always_reactive,0.855506
h=0.02/q0=0.4/p=0.5/r=1/sig=0/cf=11.0877,A_core,0.02,0.4,0.5,1.0,0.0,1.0,11.087667012373094,wiki_B,native,always_compile_evict,10510406289.881,1.059943,55.1,73.4,3756.5,536.2,0.0,10790.8,3156.3,0.044,1883.8,2245345485.764,always_reactive,0.855506
h=0.02/q0=0.4/p=0.5/r=1/sig=0/cf=11.0877,A_core,0.02,0.4,0.5,1.0,0.0,1.0,11.087667012373094,wiki_B,native,ours_noinflate,9916009468.861,1.0,51.0,69.6,2747.4,461.9,0.0,9411.5,2230.9,0.041,1370.5,1664254472.192,always_reactive,0.855506
h=0.02/q0=0.4/p=0.5/r=1/sig=0/cf=11.0877,A_core,0.02,0.4,0.5,1.0,0.0,1.0,11.087667012373094,wiki_B,native,oracle_tax,8981409802.334,0.905748,37.7,38.8,225.5,74.9,0.0,1497.4,168.8,0.014,112.9,138328788.977,always_reactive,0.855506
h=0.02/q0=0.4/p=0.5/r=1/sig=0/cf=11.0877,A_core,0.02,0.4,0.5,1.0,0.0,1.0,11.087667012373094,wiki_B,native,ours_spend_cap,9782378911.952,0.986524,30.9,46.9,1845.7,209.9,0.0,4291.2,1466.3,0.028,922.4,1117444123.433,always_reactive,0.855506
h=0.02/q0=0.4/p=0.5/r=1/sig=0/cf=11.0877,A_core,0.02,0.4,0.5,1.0,0.0,1.0,11.087667012373094,wiki_B,native,ours_cap_epoch,9734881530.954,0.981734,33.7,50.2,1935.0,241.6,0.0,4951.0,1539.7,0.03,968.5,1173690069.746,always_reactive,0.855506
h=0.02/q0=0.4/p=0.5/r=1/sig=0/cf=11.0877,A_core,0.02,0.4,0.5,1.0,0.0,1.0,11.087667012373094,wiki_B,native,ours_cap_realized,9680996598.544,0.9763,35.0,52.0,2038.0,287.9,0.0,5912.2,1630.7,0.031,1021.3,1240794139.537,always_reactive,0.855506
h=0.02/q0=0.4/p=0.5/r=1/sig=0/cf=11.0877,A_core,0.02,0.4,0.5,1.0,0.0,1.0,11.087667012373094,wiki_B,native,ours_pi_prior,9832689007.992,0.991597,50.8,69.0,2569.1,439.2,0.0,8935.5,2083.1,0.04,1286.0,1574044029.771,always_reactive,0.855506
h=0.02/q0=0.4/p=0.5/r=1/sig=0/cf=11.0877,A_core,0.02,0.4,0.5,1.0,0.0,1.0,11.087667012373094,wiki_B,native,breakeven,9743415216.681,0.982594,4.3,11.3,1354.6,56.8,0.0,1128.4,1173.7,0.007,674.0,816769026.626,always_reactive,0.855506
h=0.02/q0=0.4/p=0.5/r=1/sig=0/cf=11.0877,A_core,0.02,0.4,0.5,1.0,0.0,1.0,11.087667012373094,wiki_B,native,breakeven_cap_epoch,9620200753.174,0.970169,4.0,10.3,1113.3,42.2,0.0,827.9,967.5,0.007,556.9,675042287.377,always_reactive,0.855506
h=0.02/q0=0.4/p=0.5/r=1/sig=0/cf=11.0877,A_core,0.02,0.4,0.5,1.0,0.0,1.0,11.087667012373094,wiki_B,native,offline_taxblind,7771193370.681,0.783702,,,,,,,,,,,always_reactive,0.855506
h=0.02/q0=0.4/p=0.5/r=1/sig=0/cf=11.0877,A_core,0.02,0.4,0.5,1.0,0.0,1.0,11.087667012373094,wiki_B,native,offline_opt_tax,7949791651.518,0.801713,,,,,,,,,,,always_reactive,0.855506
h=0.02/q0=0.4/p=0.5/r=1/sig=0/cf=1,A_core,0.02,0.4,0.5,1.0,0.0,1.0,1.0,bpi2019,autorpa_233k,always_reactive,26858149732.486,1.641361,0.0,0.0,0.0,0.0,0.0,0.0,0.0,0.003,0.0,0.0,ours_noinflate,0.962576
h=0.02/q0=0.4/p=0.5/r=1/sig=0/cf=1,A_core,0.02,0.4,0.5,1.0,0.0,1.0,1.0,bpi2019,autorpa_233k,always_compile_evict,16999524916.173,1.038879,78.0,111.9,12207.1,4571.9,0.0,95044.2,11706.5,0.11,6103.9,1422208700.0,ours_noinflate,0.962576
h=0.02/q0=0.4/p=0.5/r=1/sig=0/cf=1,A_core,0.02,0.4,0.5,1.0,0.0,1.0,1.0,bpi2019,autorpa_233k,ours_noinflate,16363339932.57,1.0,60.1,87.0,9145.1,3839.3,0.0,79873.8,8787.3,0.09,4575.8,1066161400.0,ours_noinflate,0.962576
h=0.02/q0=0.4/p=0.5/r=1/sig=0/cf=1,A_core,0.02,0.4,0.5,1.0,0.0,1.0,1.0,bpi2019,autorpa_233k,oracle_tax,25514373174.039,1.55924,36.8,42.3,876.6,402.9,0.0,8240.6,686.2,0.008,436.9,101797700.0,ours_noinflate,0.962576
h=0.02/q0=0.4/p=0.5/r=1/sig=0/cf=1,A_core,0.02,0.4,0.5,1.0,0.0,1.0,1.0,bpi2019,autorpa_233k,ours_spend_cap,25236328274.871,1.542248,45.4,72.6,3336.6,970.1,0.0,19965.5,2953.7,0.047,1674.2,390088600.0,ours_noinflate,0.962576
h=0.02/q0=0.4/p=0.5/r=1/sig=0/cf=1,A_core,0.02,0.4,0.5,1.0,0.0,1.0,1.0,bpi2019,autorpa_233k,ours_cap_epoch,16665944329.568,1.018493,58.9,84.2,8522.9,3527.7,0.0,73287.9,8157.2,0.086,4269.7,994840100.0,ours_noinflate,0.962576
h=0.02/q0=0.4/p=0.5/r=1/sig=0/cf=1,A_core,0.02,0.4,0.5,1.0,0.0,1.0,1.0,bpi2019,autorpa_233k,ours_cap_realized,16367827982.786,1.000274,59.9,86.5,9129.2,3831.7,0.0,79701.3,8771.2,0.09,4568.2,1064390600.0,ours_noinflate,0.962576
h=0.02/q0=0.4/p=0.5/r=1/sig=0/cf=1,A_core,0.02,0.4,0.5,1.0,0.0,1.0,1.0,bpi2019,autorpa_233k,ours_pi_prior,16763170155.439,1.024435,58.2,80.7,8478.3,3560.1,0.0,73926.2,8126.4,0.083,4243.5,988735500.0,ours_noinflate,0.962576
h=0.02/q0=0.4/p=0.5/r=1/sig=0/cf=1,A_core,0.02,0.4,0.5,1.0,0.0,1.0,1.0,bpi2019,autorpa_233k,breakeven,26920379442.137,1.645164,3.4,9.3,1132.0,69.8,0.0,1465.2,989.6,0.005,569.2,132623600.0,ours_noinflate,0.962576
h=0.02/q0=0.4/p=0.5/r=1/sig=0/cf=1,A_core,0.02,0.4,0.5,1.0,0.0,1.0,1.0,bpi2019,autorpa_233k,breakeven_cap_epoch,26918668403.099,1.64506,3.3,9.1,1118.8,68.4,0.0,1434.5,977.1,0.005,562.1,130969300.0,ours_noinflate,0.962576
h=0.02/q0=0.4/p=0.5/r=1/sig=0/cf=1,A_core,0.02,0.4,0.5,1.0,0.0,1.0,1.0,bpi2019,autorpa_233k,offline_taxblind,14395071297.416,0.879715,,,,,,,,,,,ours_noinflate,0.962576
h=0.02/q0=0.4/p=0.5/r=1/sig=0/cf=1,A_core,0.02,0.4,0.5,1.0,0.0,1.0,1.0,bpi2019,autorpa_233k,offline_opt_tax,15042007658.975,0.91925,,,,,,,,,,,ours_noinflate,0.962576
h=0.02/q0=0.4/p=0.5/r=1/sig=0/cf=1,A_core,0.02,0.4,0.5,1.0,0.0,1.0,1.0,bpi2019,native,always_reactive,26858149732.486,1.838866,0.0,0.0,0.0,0.0,0.0,0.0,0.0,0.003,0.0,0.0,ours_cap_realized,0.998624
h=0.02/q0=0.4/p=0.5/r=1/sig=0/cf=1,A_core,0.02,0.4,0.5,1.0,0.0,1.0,1.0,bpi2019,native,always_compile_evict,14625875186.07,1.001373,43.0,72.0,12207.1,4571.9,0.0,95044.2,11165.1,0.073,6103.9,635101320.8,ours_cap_realized,0.998624
h=0.02/q0=0.4/p=0.5/r=1/sig=0/cf=1,A_core,0.02,0.4,0.5,1.0,0.0,1.0,1.0,bpi2019,native,ours_noinflate,14605818926.533,1.0,41.0,67.6,10852.1,4422.6,0.0,91884.3,9984.2,0.07,5433.6,568362268.95,ours_cap_realized,0.998624
h=0.02/q0=0.4/p=0.5/r=1/sig=0/cf=1,A_core,0.02,0.4,0.5,1.0,0.0,1.0,1.0,bpi2019,native,oracle_tax,25301655749.574,1.7323,45.6,49.8,974.2,444.7,0.0,9099.7,766.1,0.009,483.9,51500671.05,ours_cap_realized,0.998624
h=0.02/q0=0.4/p=0.5/r=1/sig=0/cf=1,A_core,0.02,0.4,0.5,1.0,0.0,1.0,1.0,bpi2019,native,ours_spend_cap,23156266070.893,1.585414,32.1,57.0,4858.1,1458.7,0.0,30014.4,3913.0,0.036,2432.1,263322244.95,ours_cap_realized,0.998624
h=0.02/q0=0.4/p=0.5/r=1/sig=0/cf=1,A_core,0.02,0.4,0.5,1.0,0.0,1.0,1.0,bpi2019,native,ours_cap_epoch,14643502663.418,1.00258,39.6,66.4,10142.4,4078.2,0.0,84755.3,9274.3,0.069,5071.5,543438507.75,ours_cap_realized,0.998624
h=0.02/q0=0.4/p=0.5/r=1/sig=0/cf=1,A_core,0.02,0.4,0.5,1.0,0.0,1.0,1.0,bpi2019,native,ours_cap_realized,14605754779.097,0.999996,40.9,67.6,10850.5,4422.2,0.0,91875.3,9982.7,0.07,5432.6,568290020.2,ours_cap_realized,0.998624
h=0.02/q0=0.4/p=0.5/r=1/sig=0/cf=1,A_core,0.02,0.4,0.5,1.0,0.0,1.0,1.0,bpi2019,native,ours_pi_prior,14694994316.709,1.006105,38.4,62.8,10030.4,4080.6,0.0,84680.9,9197.9,0.067,5012.6,534924373.45,ours_cap_realized,0.998624
h=0.02/q0=0.4/p=0.5/r=1/sig=0/cf=1,A_core,0.02,0.4,0.5,1.0,0.0,1.0,1.0,bpi2019,native,breakeven,26810439967.429,1.8356,0.8,8.7,1777.4,73.6,0.0,1578.2,1509.4,0.004,887.7,96313146.15,ours_cap_realized,0.998624
h=0.02/q0=0.4/p=0.5/r=1/sig=0/cf=1,A_core,0.02,0.4,0.5,1.0,0.0,1.0,1.0,bpi2019,native,breakeven_cap_epoch,26810037310.834,1.835572,0.8,8.5,1772.5,73.1,0.0,1572.7,1505.3,0.004,885.0,96056595.0,ours_cap_realized,0.998624
h=0.02/q0=0.4/p=0.5/r=1/sig=0/cf=1,A_core,0.02,0.4,0.5,1.0,0.0,1.0,1.0,bpi2019,native,offline_taxblind,13104721146.629,0.897226,,,,,,,,,,,ours_cap_realized,0.998624
h=0.02/q0=0.4/p=0.5/r=1/sig=0/cf=1,A_core,0.02,0.4,0.5,1.0,0.0,1.0,1.0,bpi2019,native,offline_opt_tax,13628059860.349,0.933057,,,,,,,,,,,ours_cap_realized,0.998624
h=0.02/q0=0.4/p=0.5/r=1/sig=0/cf=1,A_core,0.02,0.4,0.5,1.0,0.0,1.0,1.0,sepsis,autorpa_233k,always_reactive,93787502.059,0.995317,0.0,0.0,0.0,0.0,0.0,0.0,0.0,0.004,0.0,0.0,always_reactive,0.947709
h=0.02/q0=0.4/p=0.5/r=1/sig=0/cf=1,A_core,0.02,0.4,0.5,1.0,0.0,1.0,1.0,sepsis,autorpa_233k,always_compile_evict,98962392.14,1.050236,15.2,17.2,43.3,2.7,0.0,49.5,36.5,0.012,21.8,5079400.0,always_reactive,0.947709
h=0.02/q0=0.4/p=0.5/r=1/sig=0/cf=1,A_core,0.02,0.4,0.5,1.0,0.0,1.0,1.0,sepsis,autorpa_233k,ours_noinflate,94228737.457,1.0,5.5,5.8,12.6,0.8,0.0,17.9,8.4,0.006,5.8,1351400.0,always_reactive,0.947709
h=0.02/q0=0.4/p=0.5/r=1/sig=0/cf=1,A_core,0.02,0.4,0.5,1.0,0.0,1.0,1.0,sepsis,autorpa_233k,oracle_tax,92527473.707,0.981945,3.7,4.3,9.8,1.5,0.0,31.5,5.2,0.007,4.6,1071800.0,always_reactive,0.947709
h=0.02/q0=0.4/p=0.5/r=1/sig=0/cf=1,A_core,0.02,0.4,0.5,1.0,0.0,1.0,1.0,sepsis,autorpa_233k,ours_spend_cap,94228737.457,1.0,5.5,5.8,12.6,0.8,0.0,17.9,8.4,0.006,5.8,1351400.0,always_reactive,0.947709
h=0.02/q0=0.4/p=0.5/r=1/sig=0/cf=1,A_core,0.02,0.4,0.5,1.0,0.0,1.0,1.0,sepsis,autorpa_233k,ours_cap_epoch,94228737.457,1.0,5.5,5.8,12.6,0.8,0.0,17.9,8.4,0.006,5.8,1351400.0,always_reactive,0.947709
h=0.02/q0=0.4/p=0.5/r=1/sig=0/cf=1,A_core,0.02,0.4,0.5,1.0,0.0,1.0,1.0,sepsis,autorpa_233k,ours_cap_realized,94228737.457,1.0,5.5,5.8,12.6,0.8,0.0,17.9,8.4,0.006,5.8,1351400.0,always_reactive,0.947709
h=0.02/q0=0.4/p=0.5/r=1/sig=0/cf=1,A_core,0.02,0.4,0.5,1.0,0.0,1.0,1.0,sepsis,autorpa_233k,ours_pi_prior,94839820.979,1.006485,5.4,5.5,12.7,0.9,0.0,19.4,9.1,0.006,6.4,1491200.0,always_reactive,0.947709
h=0.02/q0=0.4/p=0.5/r=1/sig=0/cf=1,A_core,0.02,0.4,0.5,1.0,0.0,1.0,1.0,sepsis,autorpa_233k,breakeven,94228707.446,1.0,3.6,3.7,8.3,0.5,0.0,11.5,6.1,0.005,3.8,885400.0,always_reactive,0.947709
h=0.02/q0=0.4/p=0.5/r=1/sig=0/cf=1,A_core,0.02,0.4,0.5,1.0,0.0,1.0,1.0,sepsis,autorpa_233k,breakeven_cap_epoch,94228707.446,1.0,3.6,3.7,8.3,0.5,0.0,11.5,6.1,0.005,3.8,885400.0,always_reactive,0.947709
h=0.02/q0=0.4/p=0.5/r=1/sig=0/cf=1,A_core,0.02,0.4,0.5,1.0,0.0,1.0,1.0,sepsis,autorpa_233k,offline_taxblind,91801096.686,0.974237,,,,,,,,,,,always_reactive,0.947709
h=0.02/q0=0.4/p=0.5/r=1/sig=0/cf=1,A_core,0.02,0.4,0.5,1.0,0.0,1.0,1.0,sepsis,autorpa_233k,offline_opt_tax,92247305.912,0.978972,,,,,,,,,,,always_reactive,0.947709
h=0.02/q0=0.4/p=0.5/r=1/sig=0/cf=1,A_core,0.02,0.4,0.5,1.0,0.0,1.0,1.0,sepsis,native,always_reactive,93787502.059,1.013915,0.0,0.0,0.0,0.0,0.0,0.0,0.0,0.004,0.0,0.0,ours_noinflate,0.988996
h=0.02/q0=0.4/p=0.5/r=1/sig=0/cf=1,A_core,0.02,0.4,0.5,1.0,0.0,1.0,1.0,sepsis,native,always_compile_evict,93529579.64,1.011127,13.4,15.2,43.3,2.7,0.0,49.5,32.8,0.012,21.8,2390475.1,ours_noinflate,0.988996
h=0.02/q0=0.4/p=0.5/r=1/sig=0/cf=1,A_core,0.02,0.4,0.5,1.0,0.0,1.0,1.0,sepsis,native,ours_noinflate,92500366.392,1.0,7.1,8.2,22.3,1.5,0.0,32.1,14.2,0.008,11.2,1291215.65,ours_noinflate,0.988996
h=0.02/q0=0.4/p=0.5/r=1/sig=0/cf=1,A_core,0.02,0.4,0.5,1.0,0.0,1.0,1.0,sepsis,native,oracle_tax,91317011.501,0.987207,5.9,6.4,15.0,1.8,0.0,38.2,7.8,0.008,7.3,888372.35,ours_noinflate,0.988996
h=0.02/q0=0.4/p=0.5/r=1/sig=0/cf=1,A_core,0.02,0.4,0.5,1.0,0.0,1.0,1.0,sepsis,native,ours_spend_cap,92500366.392,1.0,7.1,8.2,22.3,1.5,0.0,32.1,14.2,0.008,11.2,1291215.65,ours_noinflate,0.988996
h=0.02/q0=0.4/p=0.5/r=1/sig=0/cf=1,A_core,0.02,0.4,0.5,1.0,0.0,1.0,1.0,sepsis,native,ours_cap_epoch,92500366.392,1.0,7.1,8.2,22.3,1.5,0.0,32.1,14.2,0.008,11.2,1291215.65,ours_noinflate,0.988996
h=0.02/q0=0.4/p=0.5/r=1/sig=0/cf=1,A_core,0.02,0.4,0.5,1.0,0.0,1.0,1.0,sepsis,native,ours_cap_realized,92500366.392,1.0,7.1,8.2,22.3,1.5,0.0,32.1,14.2,0.008,11.2,1291215.65,ours_noinflate,0.988996
h=0.02/q0=0.4/p=0.5/r=1/sig=0/cf=1,A_core,0.02,0.4,0.5,1.0,0.0,1.0,1.0,sepsis,native,ours_pi_prior,92680219.287,1.001944,7.5,8.7,21.7,1.4,0.0,31.7,14.2,0.008,11.1,1291911.45,ours_noinflate,0.988996
h=0.02/q0=0.4/p=0.5/r=1/sig=0/cf=1,A_core,0.02,0.4,0.5,1.0,0.0,1.0,1.0,sepsis,native,breakeven,92764171.551,1.002852,5.8,7.4,18.2,1.1,0.0,25.8,11.7,0.007,8.5,981860.0,ours_noinflate,0.988996
h=0.02/q0=0.4/p=0.5/r=1/sig=0/cf=1,A_core,0.02,0.4,0.5,1.0,0.0,1.0,1.0,sepsis,native,breakeven_cap_epoch,92764171.551,1.002852,5.8,7.4,18.2,1.1,0.0,25.8,11.7,0.007,8.5,981860.0,ours_noinflate,0.988996
h=0.02/q0=0.4/p=0.5/r=1/sig=0/cf=1,A_core,0.02,0.4,0.5,1.0,0.0,1.0,1.0,sepsis,native,offline_taxblind,89166076.805,0.963954,,,,,,,,,,,ours_noinflate,0.988996
h=0.02/q0=0.4/p=0.5/r=1/sig=0/cf=1,A_core,0.02,0.4,0.5,1.0,0.0,1.0,1.0,sepsis,native,offline_opt_tax,90201513.631,0.975148,,,,,,,,,,,ours_noinflate,0.988996
h=0.02/q0=0.4/p=0.5/r=1/sig=0/cf=1,A_core,0.02,0.4,0.5,1.0,0.0,1.0,1.0,wiki_A,autorpa_233k,always_reactive,4770469730.199,1.592284,0.0,0.0,0.0,0.0,0.0,0.0,0.0,0.005,0.0,0.0,ours_noinflate,0.981908
h=0.02/q0=0.4/p=0.5/r=1/sig=0/cf=1,A_core,0.02,0.4,0.5,1.0,0.0,1.0,1.0,wiki_A,autorpa_233k,always_compile_evict,3051195559.713,1.018426,17.8,53.9,2992.8,1239.6,0.0,25175.0,2546.2,0.048,1498.1,349057300.0,ours_noinflate,0.981908
h=0.02/q0=0.4/p=0.5/r=1/sig=0/cf=1,A_core,0.02,0.4,0.5,1.0,0.0,1.0,1.0,wiki_A,autorpa_233k,ours_noinflate,2995992339.779,1.0,14.3,39.9,2492.3,1117.9,0.0,22739.0,2081.4,0.037,1247.6,290690800.0,ours_noinflate,0.981908
h=0.02/q0=0.4/p=0.5/r=1/sig=0/cf=1,A_core,0.02,0.4,0.5,1.0,0.0,1.0,1.0,wiki_A,autorpa_233k,oracle_tax,4051940239.521,1.352453,13.2,16.4,681.7,324.8,0.0,6511.5,512.0,0.015,343.7,80082100.0,ours_noinflate,0.981908
h=0.02/q0=0.4/p=0.5/r=1/sig=0/cf=1,A_core,0.02,0.4,0.5,1.0,0.0,1.0,1.0,wiki_A,autorpa_233k,ours_spend_cap,4316046324.791,1.440607,10.7,37.4,653.2,212.0,0.0,4162.4,470.1,0.023,325.0,75725000.0,ours_noinflate,0.981908
h=0.02/q0=0.4/p=0.5/r=1/sig=0/cf=1,A_core,0.02,0.4,0.5,1.0,0.0,1.0,1.0,wiki_A,autorpa_233k,ours_cap_epoch,3551853000.761,1.185535,13.5,39.4,1567.2,658.2,0.0,13374.9,1196.8,0.03,784.4,182765200.0,ours_noinflate,0.981908
h=0.02/q0=0.4/p=0.5/r=1/sig=0/cf=1,A_core,0.02,0.4,0.5,1.0,0.0,1.0,1.0,wiki_A,autorpa_233k,ours_cap_realized,3061865102.526,1.021987,14.2,39.9,2377.5,1062.1,0.0,21700.3,1977.7,0.036,1188.9,277013700.0,ours_noinflate,0.981908
h=0.02/q0=0.4/p=0.5/r=1/sig=0/cf=1,A_core,0.02,0.4,0.5,1.0,0.0,1.0,1.0,wiki_A,autorpa_233k,ours_pi_prior,3012715195.959,1.005582,15.8,37.6,2442.8,1099.4,0.0,22402.2,2045.9,0.035,1222.7,284889100.0,ours_noinflate,0.981908
h=0.02/q0=0.4/p=0.5/r=1/sig=0/cf=1,A_core,0.02,0.4,0.5,1.0,0.0,1.0,1.0,wiki_A,autorpa_233k,breakeven,4372457423.996,1.459435,0.1,7.4,863.2,333.3,0.0,6789.8,651.2,0.008,434.2,101168600.0,ours_noinflate,0.981908
h=0.02/q0=0.4/p=0.5/r=1/sig=0/cf=1,A_core,0.02,0.4,0.5,1.0,0.0,1.0,1.0,wiki_A,autorpa_233k,breakeven_cap_epoch,4485891835.373,1.497297,0.1,7.3,614.0,211.7,0.0,4286.7,432.6,0.007,309.3,72066900.0,ours_noinflate,0.981908
h=0.02/q0=0.4/p=0.5/r=1/sig=0/cf=1,A_core,0.02,0.4,0.5,1.0,0.0,1.0,1.0,wiki_A,autorpa_233k,offline_taxblind,2783190234.203,0.928971,,,,,,,,,,,ours_noinflate,0.981908
h=0.02/q0=0.4/p=0.5/r=1/sig=0/cf=1,A_core,0.02,0.4,0.5,1.0,0.0,1.0,1.0,wiki_A,autorpa_233k,offline_opt_tax,2841158012.717,0.94832,,,,,,,,,,,ours_noinflate,0.981908
h=0.02/q0=0.4/p=0.5/r=1/sig=0/cf=1,A_core,0.02,0.4,0.5,1.0,0.0,1.0,1.0,wiki_A,native,always_reactive,4770469730.199,1.791341,0.0,0.0,0.0,0.0,0.0,0.0,0.0,0.005,0.0,0.0,always_compile_evict,1.0
h=0.02/q0=0.4/p=0.5/r=1/sig=0/cf=1,A_core,0.02,0.4,0.5,1.0,0.0,1.0,1.0,wiki_A,native,always_compile_evict,2658053147.464,0.998116,9.3,42.2,2992.8,1239.6,0.0,25175.0,2454.1,0.038,1498.1,175199124.7,always_compile_evict,1.0
h=0.02/q0=0.4/p=0.5/r=1/sig=0/cf=1,A_core,0.02,0.4,0.5,1.0,0.0,1.0,1.0,wiki_A,native,ours_noinflate,2663071211.149,1.0,9.2,36.5,2762.2,1200.7,0.0,24428.7,2249.9,0.035,1380.8,163945698.1,always_compile_evict,1.0
h=0.02/q0=0.4/p=0.5/r=1/sig=0/cf=1,A_core,0.02,0.4,0.5,1.0,0.0,1.0,1.0,wiki_A,native,oracle_tax,3903914469.731,1.465944,16.5,20.3,786.5,372.2,0.0,7512.2,606.7,0.018,397.8,50636315.85,always_compile_evict,1.0
h=0.02/q0=0.4/p=0.5/r=1/sig=0/cf=1,A_core,0.02,0.4,0.5,1.0,0.0,1.0,1.0,wiki_A,native,ours_spend_cap,3952044978.69,1.484018,7.0,35.8,987.7,322.2,0.0,6473.4,676.2,0.022,493.3,53954794.85,always_compile_evict,1.0
h=0.02/q0=0.4/p=0.5/r=1/sig=0/cf=1,A_core,0.02,0.4,0.5,1.0,0.0,1.0,1.0,wiki_A,native,ours_cap_epoch,2733321848.95,1.02638,8.8,36.5,2629.0,1138.2,0.0,23193.4,2112.9,0.034,1311.4,155474448.8,always_compile_evict,1.0
h=0.02/q0=0.4/p=0.5/r=1/sig=0/cf=1,A_core,0.02,0.4,0.5,1.0,0.0,1.0,1.0,wiki_A,native,ours_cap_realized,2663096566.48,1.00001,9.2,36.5,2762.0,1200.7,0.0,24426.3,2249.8,0.035,1380.7,163938850.4,always_compile_evict,1.0
h=0.02/q0=0.4/p=0.5/r=1/sig=0/cf=1,A_core,0.02,0.4,0.5,1.0,0.0,1.0,1.0,wiki_A,native,ours_pi_prior,2677991526.511,1.005603,8.7,37.2,2658.5,1153.6,0.0,23456.8,2157.5,0.034,1331.0,160135738.0,always_compile_evict,1.0
h=0.02/q0=0.4/p=0.5/r=1/sig=0/cf=1,A_core,0.02,0.4,0.5,1.0,0.0,1.0,1.0,wiki_A,native,breakeven,4287904640.552,1.610135,0.2,8.5,1007.0,355.4,0.0,7251.0,759.8,0.007,502.3,54491881.1,always_compile_evict,1.0
h=0.02/q0=0.4/p=0.5/r=1/sig=0/cf=1,A_core,0.02,0.4,0.5,1.0,0.0,1.0,1.0,wiki_A,native,breakeven_cap_epoch,4288432034.286,1.610333,0.2,8.5,997.8,351.8,0.0,7175.5,752.3,0.007,497.3,54149496.1,always_compile_evict,1.0
h=0.02/q0=0.4/p=0.5/r=1/sig=0/cf=1,A_core,0.02,0.4,0.5,1.0,0.0,1.0,1.0,wiki_A,native,offline_taxblind,2483694837.663,0.932643,,,,,,,,,,,always_compile_evict,1.0
h=0.02/q0=0.4/p=0.5/r=1/sig=0/cf=1,A_core,0.02,0.4,0.5,1.0,0.0,1.0,1.0,wiki_A,native,offline_opt_tax,2535731740.09,0.952183,,,,,,,,,,,always_compile_evict,1.0
h=0.02/q0=0.4/p=0.5/r=1/sig=0/cf=1,A_core,0.02,0.4,0.5,1.0,0.0,1.0,1.0,wiki_B,autorpa_233k,always_reactive,8991713899.193,1.019596,0.0,0.0,0.0,0.0,0.0,0.0,0.0,0.004,0.0,0.0,ours_pi_prior,0.951272
h=0.02/q0=0.4/p=0.5/r=1/sig=0/cf=1,A_core,0.02,0.4,0.5,1.0,0.0,1.0,1.0,wiki_B,autorpa_233k,always_compile_evict,9260656934.37,1.050092,107.1,121.1,3756.5,536.2,0.0,10790.8,3473.7,0.085,1883.8,438925400.0,ours_pi_prior,0.951272
h=0.02/q0=0.4/p=0.5/r=1/sig=0/cf=1,A_core,0.02,0.4,0.5,1.0,0.0,1.0,1.0,wiki_B,autorpa_233k,ours_noinflate,8818898087.809,1.0,82.7,93.0,2019.0,376.9,0.0,7734.5,1818.9,0.06,1006.0,234398000.0,ours_pi_prior,0.951272
h=0.02/q0=0.4/p=0.5/r=1/sig=0/cf=1,A_core,0.02,0.4,0.5,1.0,0.0,1.0,1.0,wiki_B,autorpa_233k,oracle_tax,8886445363.97,1.007659,25.0,27.2,182.1,65.9,0.0,1332.1,135.1,0.013,91.2,21249600.0,ours_pi_prior,0.951272
h=0.02/q0=0.4/p=0.5/r=1/sig=0/cf=1,A_core,0.02,0.4,0.5,1.0,0.0,1.0,1.0,wiki_B,autorpa_233k,ours_spend_cap,8919583125.507,1.011417,77.1,89.3,1852.2,301.6,0.0,6179.3,1659.8,0.057,922.7,214989100.0,ours_pi_prior,0.951272
h=0.02/q0=0.4/p=0.5/r=1/sig=0/cf=1,A_core,0.02,0.4,0.5,1.0,0.0,1.0,1.0,wiki_B,autorpa_233k,ours_cap_epoch,8819475472.601,1.000065,82.5,92.9,2016.4,375.7,0.0,7719.6,1816.4,0.06,1005.1,234188300.0,ours_pi_prior,0.951272
h=0.02/q0=0.4/p=0.5/r=1/sig=0/cf=1,A_core,0.02,0.4,0.5,1.0,0.0,1.0,1.0,wiki_B,autorpa_233k,ours_cap_realized,8818479638.913,0.999953,82.6,92.9,2018.3,376.6,0.0,7729.8,1818.2,0.06,1005.7,234328100.0,ours_pi_prior,0.951272
h=0.02/q0=0.4/p=0.5/r=1/sig=0/cf=1,A_core,0.02,0.4,0.5,1.0,0.0,1.0,1.0,wiki_B,autorpa_233k,ours_pi_prior,8809406298.882,0.998924,77.3,88.3,1873.8,346.6,0.0,7192.1,1687.3,0.056,934.4,217715200.0,ours_pi_prior,0.951272
h=0.02/q0=0.4/p=0.5/r=1/sig=0/cf=1,A_core,0.02,0.4,0.5,1.0,0.0,1.0,1.0,wiki_B,autorpa_233k,breakeven,9055653606.57,1.026846,3.5,11.4,748.2,47.4,0.0,964.1,655.1,0.008,370.7,86373100.0,ours_pi_prior,0.951272
h=0.02/q0=0.4/p=0.5/r=1/sig=0/cf=1,A_core,0.02,0.4,0.5,1.0,0.0,1.0,1.0,wiki_B,autorpa_233k,breakeven_cap_epoch,9054767622.59,1.026746,3.6,11.3,745.4,47.3,0.0,964.4,652.1,0.008,369.4,86070200.0,ours_pi_prior,0.951272
h=0.02/q0=0.4/p=0.5/r=1/sig=0/cf=1,A_core,0.02,0.4,0.5,1.0,0.0,1.0,1.0,wiki_B,autorpa_233k,offline_taxblind,8033817417.355,0.910977,,,,,,,,,,,ours_pi_prior,0.951272
h=0.02/q0=0.4/p=0.5/r=1/sig=0/cf=1,A_core,0.02,0.4,0.5,1.0,0.0,1.0,1.0,wiki_B,autorpa_233k,offline_opt_tax,8263514940.959,0.937024,,,,,,,,,,,ours_pi_prior,0.951272
h=0.02/q0=0.4/p=0.5/r=1/sig=0/cf=1,A_core,0.02,0.4,0.5,1.0,0.0,1.0,1.0,wiki_B,native,always_reactive,8991713899.193,1.070206,0.0,0.0,0.0,0.0,0.0,0.0,0.0,0.004,0.0,0.0,ours_pi_prior,0.992092
h=0.02/q0=0.4/p=0.5/r=1/sig=0/cf=1,A_core,0.02,0.4,0.5,1.0,0.0,1.0,1.0,wiki_B,native,always_compile_evict,8467569184.222,1.007821,55.1,73.4,3756.5,536.2,0.0,10790.8,3156.3,0.055,1883.8,202508380.1,ours_pi_prior,0.992092
h=0.02/q0=0.4/p=0.5/r=1/sig=0/cf=1,A_core,0.02,0.4,0.5,1.0,0.0,1.0,1.0,wiki_B,native,ours_noinflate,8401854604.673,1.0,51.0,69.6,2747.4,461.9,0.0,9411.5,2230.9,0.049,1370.5,150099608.0,ours_pi_prior,0.992092
h=0.02/q0=0.4/p=0.5/r=1/sig=0/cf=1,A_core,0.02,0.4,0.5,1.0,0.0,1.0,1.0,wiki_B,native,oracle_tax,8855556928.157,1.054,37.7,38.8,225.5,74.9,0.0,1497.4,168.8,0.015,112.9,12475914.8,ours_pi_prior,0.992092
h=0.02/q0=0.4/p=0.5/r=1/sig=0/cf=1,A_core,0.02,0.4,0.5,1.0,0.0,1.0,1.0,wiki_B,native,ours_spend_cap,8461437053.029,1.007092,47.5,66.1,2621.5,403.2,0.0,8211.5,2107.0,0.046,1308.3,142788992.85,ours_pi_prior,0.992092
h=0.02/q0=0.4/p=0.5/r=1/sig=0/cf=1,A_core,0.02,0.4,0.5,1.0,0.0,1.0,1.0,wiki_B,native,ours_cap_epoch,8400727194.399,0.999866,50.8,69.1,2741.9,459.6,0.0,9354.4,2225.4,0.048,1367.8,149914720.1,ours_pi_prior,0.992092
h=0.02/q0=0.4/p=0.5/r=1/sig=0/cf=1,A_core,0.02,0.4,0.5,1.0,0.0,1.0,1.0,wiki_B,native,ours_cap_realized,8401752987.441,0.999988,51.0,69.6,2746.7,461.9,0.0,9408.6,2230.2,0.049,1369.9,150054750.05,ours_pi_prior,0.992092
h=0.02/q0=0.4/p=0.5/r=1/sig=0/cf=1,A_core,0.02,0.4,0.5,1.0,0.0,1.0,1.0,wiki_B,native,ours_pi_prior,8400608479.476,0.999852,50.8,69.0,2569.1,439.2,0.0,8935.5,2083.1,0.046,1286.0,141963501.25,ours_pi_prior,0.992092
h=0.02/q0=0.4/p=0.5/r=1/sig=0/cf=1,A_core,0.02,0.4,0.5,1.0,0.0,1.0,1.0,wiki_B,native,breakeven,9000310832.559,1.071229,4.3,11.3,1354.6,56.8,0.0,1128.4,1173.7,0.007,674.0,73664642.5,ours_pi_prior,0.992092
h=0.02/q0=0.4/p=0.5/r=1/sig=0/cf=1,A_core,0.02,0.4,0.5,1.0,0.0,1.0,1.0,wiki_B,native,breakeven_cap_epoch,8999295187.237,1.071108,4.3,11.4,1352.8,57.7,0.0,1142.5,1170.6,0.007,672.7,73530361.4,ours_pi_prior,0.992092
h=0.02/q0=0.4/p=0.5/r=1/sig=0/cf=1,A_core,0.02,0.4,0.5,1.0,0.0,1.0,1.0,wiki_B,native,offline_taxblind,7771193370.681,0.924938,,,,,,,,,,,ours_pi_prior,0.992092
h=0.02/q0=0.4/p=0.5/r=1/sig=0/cf=1,A_core,0.02,0.4,0.5,1.0,0.0,1.0,1.0,wiki_B,native,offline_opt_tax,7949791651.518,0.946195,,,,,,,,,,,ours_pi_prior,0.992092
h=0.02/q0=0.4/p=0/r=1/sig=0/cf=11.0877,A_core,0.02,0.4,0.0,1.0,0.0,1.0,11.087667012373094,bpi2019,autorpa_233k,always_reactive,26858149732.486,0.671496,0.0,0.0,0.0,0.0,0.0,0.0,0.0,0.003,0.0,0.0,always_reactive,0.042054
h=0.02/q0=0.4/p=0/r=1/sig=0/cf=11.0877,A_core,0.02,0.4,0.0,1.0,0.0,1.0,11.087667012373094,bpi2019,autorpa_233k,always_compile_evict,638660026217.309,15.967516,0.0,0.0,236818.0,0.0,0.0,0.0,236818.0,0.0,236818.0,611801876482.757,always_reactive,0.042054
h=0.02/q0=0.4/p=0/r=1/sig=0/cf=11.0877,A_core,0.02,0.4,0.0,1.0,0.0,1.0,11.087667012373094,bpi2019,autorpa_233k,ours_noinflate,39997456473.411,1.0,0.0,0.0,5086.0,0.0,0.0,0.0,5086.0,0.002,5086.0,13139306741.009,always_reactive,0.042054
h=0.02/q0=0.4/p=0/r=1/sig=0/cf=11.0877,A_core,0.02,0.4,0.0,1.0,0.0,1.0,11.087667012373094,bpi2019,autorpa_233k,oracle_tax,26858149732.486,0.671496,0.0,0.0,0.0,0.0,0.0,0.0,0.0,0.003,0.0,0.0,always_reactive,0.042054
h=0.02/q0=0.4/p=0/r=1/sig=0/cf=11.0877,A_core,0.02,0.4,0.0,1.0,0.0,1.0,11.087667012373094,bpi2019,autorpa_233k,ours_spend_cap,30084849323.429,0.752169,0.0,0.0,1249.0,0.0,0.0,0.0,1249.0,0.003,1249.0,3226699590.94,always_reactive,0.042054
h=0.02/q0=0.4/p=0/r=1/sig=0/cf=11.0877,A_core,0.02,0.4,0.0,1.0,0.0,1.0,11.087667012373094,bpi2019,autorpa_233k,ours_cap_epoch,30084849323.429,0.752169,0.0,0.0,1249.0,0.0,0.0,0.0,1249.0,0.003,1249.0,3226699590.94,always_reactive,0.042054
h=0.02/q0=0.4/p=0/r=1/sig=0/cf=11.0877,A_core,0.02,0.4,0.0,1.0,0.0,1.0,11.087667012373094,bpi2019,autorpa_233k,ours_cap_realized,30084849323.429,0.752169,0.0,0.0,1249.0,0.0,0.0,0.0,1249.0,0.003,1249.0,3226699590.94,always_reactive,0.042054
h=0.02/q0=0.4/p=0/r=1/sig=0/cf=11.0877,A_core,0.02,0.4,0.0,1.0,0.0,1.0,11.087667012373094,bpi2019,autorpa_233k,ours_pi_prior,39276680503.946,0.981979,0.0,0.0,4807.0,0.0,0.0,0.0,4807.0,0.002,4807.0,12418530771.535,always_reactive,0.042054
h=0.02/q0=0.4/p=0/r=1/sig=0/cf=11.0877,A_core,0.02,0.4,0.0,1.0,0.0,1.0,11.087667012373094,bpi2019,autorpa_233k,breakeven,187880534683.387,4.697312,0.0,0.0,62329.0,0.0,0.0,0.0,62329.0,0.0,62329.0,161022384950.894,always_reactive,0.042054
h=0.02/q0=0.4/p=0/r=1/sig=0/cf=11.0877,A_core,0.02,0.4,0.0,1.0,0.0,1.0,11.087667012373094,bpi2019,autorpa_233k,breakeven_cap_epoch,29048895331.461,0.726269,0.0,0.0,848.0,0.0,0.0,0.0,848.0,0.003,848.0,2190745598.973,always_reactive,0.042054
h=0.02/q0=0.4/p=0/r=1/sig=0/cf=11.0877,A_core,0.02,0.4,0.0,1.0,0.0,1.0,11.087667012373094,bpi2019,autorpa_233k,offline_taxblind,26858149732.495,0.671496,,,,,,,,,,,always_reactive,0.042054
h=0.02/q0=0.4/p=0/r=1/sig=0/cf=11.0877,A_core,0.02,0.4,0.0,1.0,0.0,1.0,11.087667012373094,bpi2019,autorpa_233k,offline_opt_tax,26858149732.495,0.671496,,,,,,,,,,,always_reactive,0.042054
h=0.02/q0=0.4/p=0/r=1/sig=0/cf=11.0877,A_core,0.02,0.4,0.0,1.0,0.0,1.0,11.087667012373094,bpi2019,native,always_reactive,26858149732.486,0.68501,0.0,0.0,0.0,0.0,0.0,0.0,0.0,0.003,0.0,0.0,always_reactive,0.090199
h=0.02/q0=0.4/p=0/r=1/sig=0/cf=11.0877,A_core,0.02,0.4,0.0,1.0,0.0,1.0,11.087667012373094,bpi2019,native,always_compile_evict,297766090738.087,7.594445,0.0,0.0,236818.0,0.0,0.0,0.0,236818.0,0.0,236818.0,270907941005.199,always_reactive,0.090199
h=0.02/q0=0.4/p=0/r=1/sig=0/cf=11.0877,A_core,0.02,0.4,0.0,1.0,0.0,1.0,11.087667012373094,bpi2019,native,ours_noinflate,39208407883.872,1.0,0.0,0.0,10256.0,0.0,0.0,0.0,10256.0,0.002,10256.0,12350258151.452,always_reactive,0.090199
h=0.02/q0=0.4/p=0/r=1/sig=0/cf=11.0877,A_core,0.02,0.4,0.0,1.0,0.0,1.0,11.087667012373094,bpi2019,native,oracle_tax,26858149732.486,0.68501,0.0,0.0,0.0,0.0,0.0,0.0,0.0,0.003,0.0,0.0,always_reactive,0.090199
h=0.02/q0=0.4/p=0/r=1/sig=0/cf=11.0877,A_core,0.02,0.4,0.0,1.0,0.0,1.0,11.087667012373094,bpi2019,native,ours_spend_cap,29821387766.742,0.760587,0.0,0.0,2468.0,0.0,0.0,0.0,2468.0,0.003,2468.0,2963238034.252,always_reactive,0.090199
h=0.02/q0=0.4/p=0/r=1/sig=0/cf=11.0877,A_core,0.02,0.4,0.0,1.0,0.0,1.0,11.087667012373094,bpi2019,native,ours_cap_epoch,29821387766.742,0.760587,0.0,0.0,2468.0,0.0,0.0,0.0,2468.0,0.003,2468.0,2963238034.252,always_reactive,0.090199
h=0.02/q0=0.4/p=0/r=1/sig=0/cf=11.0877,A_core,0.02,0.4,0.0,1.0,0.0,1.0,11.087667012373094,bpi2019,native,ours_cap_realized,29821387766.742,0.760587,0.0,0.0,2468.0,0.0,0.0,0.0,2468.0,0.003,2468.0,2963238034.252,always_reactive,0.090199
h=0.02/q0=0.4/p=0/r=1/sig=0/cf=11.0877,A_core,0.02,0.4,0.0,1.0,0.0,1.0,11.087667012373094,bpi2019,native,ours_pi_prior,38429760645.837,0.980141,0.0,0.0,9605.0,0.0,0.0,0.0,9605.0,0.002,9605.0,11571610913.407,always_reactive,0.090199
h=0.02/q0=0.4/p=0/r=1/sig=0/cf=11.0877,A_core,0.02,0.4,0.0,1.0,0.0,1.0,11.087667012373094,bpi2019,native,breakeven,189824663065.435,4.841427,0.0,0.0,138221.0,0.0,0.0,0.0,138221.0,0.0,138221.0,162966513332.628,always_reactive,0.090199
h=0.02/q0=0.4/p=0/r=1/sig=0/cf=11.0877,A_core,0.02,0.4,0.0,1.0,0.0,1.0,11.087667012373094,bpi2019,native,breakeven_cap_epoch,29343189073.422,0.74839,0.0,0.0,2064.0,0.0,0.0,0.0,2064.0,0.003,2064.0,2485039340.932,always_reactive,0.090199
h=0.02/q0=0.4/p=0/r=1/sig=0/cf=11.0877,A_core,0.02,0.4,0.0,1.0,0.0,1.0,11.087667012373094,bpi2019,native,offline_taxblind,26858149732.495,0.68501,,,,,,,,,,,always_reactive,0.090199
h=0.02/q0=0.4/p=0/r=1/sig=0/cf=11.0877,A_core,0.02,0.4,0.0,1.0,0.0,1.0,11.087667012373094,bpi2019,native,offline_opt_tax,26858149732.495,0.68501,,,,,,,,,,,always_reactive,0.090199
h=0.02/q0=0.4/p=0/r=1/sig=0/cf=11.0877,A_core,0.02,0.4,0.0,1.0,0.0,1.0,11.087667012373094,sepsis,autorpa_233k,always_reactive,93787502.059,0.612165,0.0,0.0,0.0,0.0,0.0,0.0,0.0,0.004,0.0,0.0,always_reactive,0.203605
h=0.02/q0=0.4/p=0/r=1/sig=0/cf=11.0877,A_core,0.02,0.4,0.0,1.0,0.0,1.0,11.087667012373094,sepsis,autorpa_233k,always_compile_evict,460634052.831,3.006626,0.0,0.0,142.0,0.0,0.0,0.0,142.0,0.001,142.0,366846550.771,always_reactive,0.203605
h=0.02/q0=0.4/p=0/r=1/sig=0/cf=11.0877,A_core,0.02,0.4,0.0,1.0,0.0,1.0,11.087667012373094,sepsis,autorpa_233k,ours_noinflate,153206309.579,1.0,0.0,0.0,23.0,0.0,0.0,0.0,23.0,0.003,23.0,59418807.519,always_reactive,0.203605
h=0.02/q0=0.4/p=0/r=1/sig=0/cf=11.0877,A_core,0.02,0.4,0.0,1.0,0.0,1.0,11.087667012373094,sepsis,autorpa_233k,oracle_tax,93787502.059,0.612165,0.0,0.0,0.0,0.0,0.0,0.0,0.0,0.004,0.0,0.0,always_reactive,0.203605
h=0.02/q0=0.4/p=0/r=1/sig=0/cf=11.0877,A_core,0.02,0.4,0.0,1.0,0.0,1.0,11.087667012373094,sepsis,autorpa_233k,ours_spend_cap,114454913.37,0.747064,0.0,0.0,8.0,0.0,0.0,0.0,8.0,0.003,8.0,20667411.311,always_reactive,0.203605
h=0.02/q0=0.4/p=0/r=1/sig=0/cf=11.0877,A_core,0.02,0.4,0.0,1.0,0.0,1.0,11.087667012373094,sepsis,autorpa_233k,ours_cap_epoch,114454913.37,0.747064,0.0,0.0,8.0,0.0,0.0,0.0,8.0,0.003,8.0,20667411.311,always_reactive,0.203605
h=0.02/q0=0.4/p=0/r=1/sig=0/cf=11.0877,A_core,0.02,0.4,0.0,1.0,0.0,1.0,11.087667012373094,sepsis,autorpa_233k,ours_cap_realized,114454913.37,0.747064,0.0,0.0,8.0,0.0,0.0,0.0,8.0,0.003,8.0,20667411.311,always_reactive,0.203605
h=0.02/q0=0.4/p=0/r=1/sig=0/cf=11.0877,A_core,0.02,0.4,0.0,1.0,0.0,1.0,11.087667012373094,sepsis,autorpa_233k,ours_pi_prior,155789735.993,1.016862,0.0,0.0,24.0,0.0,0.0,0.0,24.0,0.002,24.0,62002233.933,always_reactive,0.203605
h=0.02/q0=0.4/p=0/r=1/sig=0/cf=11.0877,A_core,0.02,0.4,0.0,1.0,0.0,1.0,11.087667012373094,sepsis,autorpa_233k,breakeven,127372045.44,0.831376,0.0,0.0,13.0,0.0,0.0,0.0,13.0,0.003,13.0,33584543.38,always_reactive,0.203605
h=0.02/q0=0.4/p=0/r=1/sig=0/cf=11.0877,A_core,0.02,0.4,0.0,1.0,0.0,1.0,11.087667012373094,sepsis,autorpa_233k,breakeven_cap_epoch,109288060.543,0.713339,0.0,0.0,6.0,0.0,0.0,0.0,6.0,0.004,6.0,15500558.483,always_reactive,0.203605
h=0.02/q0=0.4/p=0/r=1/sig=0/cf=11.0877,A_core,0.02,0.4,0.0,1.0,0.0,1.0,11.087667012373094,sepsis,autorpa_233k,offline_taxblind,93787502.059,0.612165,,,,,,,,,,,always_reactive,0.203605
h=0.02/q0=0.4/p=0/r=1/sig=0/cf=11.0877,A_core,0.02,0.4,0.0,1.0,0.0,1.0,11.087667012373094,sepsis,autorpa_233k,offline_opt_tax,93787502.059,0.612165,,,,,,,,,,,always_reactive,0.203605
h=0.02/q0=0.4/p=0/r=1/sig=0/cf=11.0877,A_core,0.02,0.4,0.0,1.0,0.0,1.0,11.087667012373094,sepsis,native,always_reactive,93787502.059,0.569029,0.0,0.0,0.0,0.0,0.0,0.0,0.0,0.004,0.0,0.0,always_reactive,0.333198
h=0.02/q0=0.4/p=0/r=1/sig=0/cf=11.0877,A_core,0.02,0.4,0.0,1.0,0.0,1.0,11.087667012373094,sepsis,native,always_compile_evict,281477051.151,1.707783,0.0,0.0,142.0,0.0,0.0,0.0,142.0,0.001,142.0,187689549.092,always_reactive,0.333198
h=0.02/q0=0.4/p=0/r=1/sig=0/cf=11.0877,A_core,0.02,0.4,0.0,1.0,0.0,1.0,11.087667012373094,sepsis,native,ours_noinflate,164820197.267,1.0,0.0,0.0,55.0,0.0,0.0,0.0,55.0,0.002,55.0,71032695.208,always_reactive,0.333198
h=0.02/q0=0.4/p=0/r=1/sig=0/cf=11.0877,A_core,0.02,0.4,0.0,1.0,0.0,1.0,11.087667012373094,sepsis,native,oracle_tax,93787502.059,0.569029,0.0,0.0,0.0,0.0,0.0,0.0,0.0,0.004,0.0,0.0,always_reactive,0.333198
h=0.02/q0=0.4/p=0/r=1/sig=0/cf=11.0877,A_core,0.02,0.4,0.0,1.0,0.0,1.0,11.087667012373094,sepsis,native,ours_spend_cap,112703838.119,0.683799,0.0,0.0,15.0,0.0,0.0,0.0,15.0,0.003,15.0,18916336.06,always_reactive,0.333198
h=0.02/q0=0.4/p=0/r=1/sig=0/cf=11.0877,A_core,0.02,0.4,0.0,1.0,0.0,1.0,11.087667012373094,sepsis,native,ours_cap_epoch,112703838.119,0.683799,0.0,0.0,15.0,0.0,0.0,0.0,15.0,0.003,15.0,18916336.06,always_reactive,0.333198
h=0.02/q0=0.4/p=0/r=1/sig=0/cf=11.0877,A_core,0.02,0.4,0.0,1.0,0.0,1.0,11.087667012373094,sepsis,native,ours_cap_realized,112703838.119,0.683799,0.0,0.0,15.0,0.0,0.0,0.0,15.0,0.003,15.0,18916336.06,always_reactive,0.333198
h=0.02/q0=0.4/p=0/r=1/sig=0/cf=11.0877,A_core,0.02,0.4,0.0,1.0,0.0,1.0,11.087667012373094,sepsis,native,ours_pi_prior,162124247.665,0.983643,0.0,0.0,52.0,0.0,0.0,0.0,52.0,0.002,52.0,68336745.606,always_reactive,0.333198
h=0.02/q0=0.4/p=0/r=1/sig=0/cf=11.0877,A_core,0.02,0.4,0.0,1.0,0.0,1.0,11.087667012373094,sepsis,native,breakeven,148258759.717,0.899518,0.0,0.0,42.0,0.0,0.0,0.0,42.0,0.003,42.0,54471257.657,always_reactive,0.333198
h=0.02/q0=0.4/p=0/r=1/sig=0/cf=11.0877,A_core,0.02,0.4,0.0,1.0,0.0,1.0,11.087667012373094,sepsis,native,breakeven_cap_epoch,111526388.865,0.676655,0.0,0.0,14.0,0.0,0.0,0.0,14.0,0.003,14.0,17738886.805,always_reactive,0.333198
h=0.02/q0=0.4/p=0/r=1/sig=0/cf=11.0877,A_core,0.02,0.4,0.0,1.0,0.0,1.0,11.087667012373094,sepsis,native,offline_taxblind,93787502.059,0.569029,,,,,,,,,,,always_reactive,0.333198
h=0.02/q0=0.4/p=0/r=1/sig=0/cf=11.0877,A_core,0.02,0.4,0.0,1.0,0.0,1.0,11.087667012373094,sepsis,native,offline_opt_tax,93787502.059,0.569029,,,,,,,,,,,always_reactive,0.333198
h=0.02/q0=0.4/p=0/r=1/sig=0/cf=11.0877,A_core,0.02,0.4,0.0,1.0,0.0,1.0,11.087667012373094,wiki_A,autorpa_233k,always_reactive,4770469730.199,0.65818,0.0,0.0,0.0,0.0,0.0,0.0,0.0,0.005,0.0,0.0,always_reactive,0.028669
h=0.02/q0=0.4/p=0/r=1/sig=0/cf=11.0877,A_core,0.02,0.4,0.0,1.0,0.0,1.0,11.087667012373094,wiki_A,autorpa_233k,always_compile_evict,166397376461.779,22.957773,0.0,0.0,62563.0,0.0,0.0,0.0,62563.0,0.0,62563.0,161626906731.718,always_reactive,0.028669
h=0.02/q0=0.4/p=0/r=1/sig=0/cf=11.0877,A_core,0.02,0.4,0.0,1.0,0.0,1.0,11.087667012373094,wiki_A,autorpa_233k,ours_noinflate,7247975661.113,1.0,0.0,0.0,959.0,0.0,0.0,0.0,959.0,0.003,959.0,2477505930.914,always_reactive,0.028669
h=0.02/q0=0.4/p=0/r=1/sig=0/cf=11.0877,A_core,0.02,0.4,0.0,1.0,0.0,1.0,11.087667012373094,wiki_A,autorpa_233k,oracle_tax,4770469730.199,0.65818,0.0,0.0,0.0,0.0,0.0,0.0,0.0,0.005,0.0,0.0,always_reactive,0.028669
h=0.02/q0=0.4/p=0/r=1/sig=0/cf=11.0877,A_core,0.02,0.4,0.0,1.0,0.0,1.0,11.087667012373094,wiki_A,autorpa_233k,ours_spend_cap,5305238997.872,0.731961,0.0,0.0,207.0,0.0,0.0,0.0,207.0,0.005,207.0,534769267.674,always_reactive,0.028669
h=0.02/q0=0.4/p=0/r=1/sig=0/cf=11.0877,A_core,0.02,0.4,0.0,1.0,0.0,1.0,11.087667012373094,wiki_A,autorpa_233k,ours_cap_epoch,5305238997.872,0.731961,0.0,0.0,207.0,0.0,0.0,0.0,207.0,0.005,207.0,534769267.674,always_reactive,0.028669
h=0.02/q0=0.4/p=0/r=1/sig=0/cf=11.0877,A_core,0.02,0.4,0.0,1.0,0.0,1.0,11.087667012373094,wiki_A,autorpa_233k,ours_cap_realized,5305238997.872,0.731961,0.0,0.0,207.0,0.0,0.0,0.0,207.0,0.005,207.0,534769267.674,always_reactive,0.028669
h=0.02/q0=0.4/p=0/r=1/sig=0/cf=11.0877,A_core,0.02,0.4,0.0,1.0,0.0,1.0,11.087667012373094,wiki_A,autorpa_233k,ours_pi_prior,7023217563.105,0.96899,0.0,0.0,872.0,0.0,0.0,0.0,872.0,0.003,872.0,2252747832.906,always_reactive,0.028669
h=0.02/q0=0.4/p=0/r=1/sig=0/cf=11.0877,A_core,0.02,0.4,0.0,1.0,0.0,1.0,11.087667012373094,wiki_A,autorpa_233k,breakeven,33022820992.431,4.556144,0.0,0.0,10936.0,0.0,0.0,0.0,10936.0,0.001,10936.0,28252351262.224,always_reactive,0.028669
h=0.02/q0=0.4/p=0/r=1/sig=0/cf=11.0877,A_core,0.02,0.4,0.0,1.0,0.0,1.0,11.087667012373094,wiki_A,autorpa_233k,breakeven_cap_epoch,5178651103.592,0.714496,0.0,0.0,158.0,0.0,0.0,0.0,158.0,0.005,158.0,408181373.394,always_reactive,0.028669
h=0.02/q0=0.4/p=0/r=1/sig=0/cf=11.0877,A_core,0.02,0.4,0.0,1.0,0.0,1.0,11.087667012373094,wiki_A,autorpa_233k,offline_taxblind,4770469730.199,0.65818,,,,,,,,,,,always_reactive,0.028669
h=0.02/q0=0.4/p=0/r=1/sig=0/cf=11.0877,A_core,0.02,0.4,0.0,1.0,0.0,1.0,11.087667012373094,wiki_A,autorpa_233k,offline_opt_tax,4770469730.199,0.65818,,,,,,,,,,,always_reactive,0.028669
h=0.02/q0=0.4/p=0/r=1/sig=0/cf=11.0877,A_core,0.02,0.4,0.0,1.0,0.0,1.0,11.087667012373094,wiki_A,native,always_reactive,4770469730.199,0.663262,0.0,0.0,0.0,0.0,0.0,0.0,0.0,0.005,0.0,0.0,always_reactive,0.054581
h=0.02/q0=0.4/p=0/r=1/sig=0/cf=11.0877,A_core,0.02,0.4,0.0,1.0,0.0,1.0,11.087667012373094,wiki_A,native,always_compile_evict,87402252127.177,12.151971,0.0,0.0,62563.0,0.0,0.0,0.0,62563.0,0.0,62563.0,82631782397.03,always_reactive,0.054581
h=0.02/q0=0.4/p=0/r=1/sig=0/cf=11.0877,A_core,0.02,0.4,0.0,1.0,0.0,1.0,11.087667012373094,wiki_A,native,ours_noinflate,7192434388.15,1.0,0.0,0.0,1998.0,0.0,0.0,0.0,1998.0,0.003,1998.0,2421964657.951,always_reactive,0.054581
h=0.02/q0=0.4/p=0/r=1/sig=0/cf=11.0877,A_core,0.02,0.4,0.0,1.0,0.0,1.0,11.087667012373094,wiki_A,native,oracle_tax,4770469730.199,0.663262,0.0,0.0,0.0,0.0,0.0,0.0,0.0,0.005,0.0,0.0,always_reactive,0.054581
h=0.02/q0=0.4/p=0/r=1/sig=0/cf=11.0877,A_core,0.02,0.4,0.0,1.0,0.0,1.0,11.087667012373094,wiki_A,native,ours_spend_cap,5301247670.589,0.737059,0.0,0.0,438.0,0.0,0.0,0.0,438.0,0.005,438.0,530777940.39,always_reactive,0.054581
h=0.02/q0=0.4/p=0/r=1/sig=0/cf=11.0877,A_core,0.02,0.4,0.0,1.0,0.0,1.0,11.087667012373094,wiki_A,native,ours_cap_epoch,5301247670.589,0.737059,0.0,0.0,438.0,0.0,0.0,0.0,438.0,0.005,438.0,530777940.39,always_reactive,0.054581
h=0.02/q0=0.4/p=0/r=1/sig=0/cf=11.0877,A_core,0.02,0.4,0.0,1.0,0.0,1.0,11.087667012373094,wiki_A,native,ours_cap_realized,5301247670.589,0.737059,0.0,0.0,438.0,0.0,0.0,0.0,438.0,0.005,438.0,530777940.39,always_reactive,0.054581
h=0.02/q0=0.4/p=0/r=1/sig=0/cf=11.0877,A_core,0.02,0.4,0.0,1.0,0.0,1.0,11.087667012373094,wiki_A,native,ours_pi_prior,6982397762.615,0.970798,0.0,0.0,1815.0,0.0,0.0,0.0,1815.0,0.003,1815.0,2211928032.417,always_reactive,0.054581
h=0.02/q0=0.4/p=0/r=1/sig=0/cf=11.0877,A_core,0.02,0.4,0.0,1.0,0.0,1.0,11.087667012373094,wiki_A,native,breakeven,33362195968.822,4.638512,0.0,0.0,21999.0,0.0,0.0,0.0,21999.0,0.001,21999.0,28591726238.614,always_reactive,0.054581
h=0.02/q0=0.4/p=0/r=1/sig=0/cf=11.0877,A_core,0.02,0.4,0.0,1.0,0.0,1.0,11.087667012373094,wiki_A,native,breakeven_cap_epoch,5217758380.649,0.725451,0.0,0.0,371.0,0.0,0.0,0.0,371.0,0.005,371.0,447288650.45,always_reactive,0.054581
h=0.02/q0=0.4/p=0/r=1/sig=0/cf=11.0877,A_core,0.02,0.4,0.0,1.0,0.0,1.0,11.087667012373094,wiki_A,native,offline_taxblind,4770469730.199,0.663262,,,,,,,,,,,always_reactive,0.054581
h=0.02/q0=0.4/p=0/r=1/sig=0/cf=11.0877,A_core,0.02,0.4,0.0,1.0,0.0,1.0,11.087667012373094,wiki_A,native,offline_opt_tax,4770469730.199,0.663262,,,,,,,,,,,always_reactive,0.054581
h=0.02/q0=0.4/p=0/r=1/sig=0/cf=11.0877,A_core,0.02,0.4,0.0,1.0,0.0,1.0,11.087667012373094,wiki_B,autorpa_233k,always_reactive,8991713899.193,0.4821,0.0,0.0,0.0,0.0,0.0,0.0,0.0,0.004,0.0,0.0,always_reactive,0.110187
h=0.02/q0=0.4/p=0/r=1/sig=0/cf=11.0877,A_core,0.02,0.4,0.0,1.0,0.0,1.0,11.087667012373094,wiki_B,autorpa_233k,always_compile_evict,81604080114.056,4.375285,0.0,0.0,28107.0,0.0,0.0,0.0,28107.0,0.0,28107.0,72612366215.008,always_reactive,0.110187
h=0.02/q0=0.4/p=0/r=1/sig=0/cf=11.0877,A_core,0.02,0.4,0.0,1.0,0.0,1.0,11.087667012373094,wiki_B,autorpa_233k,ours_noinflate,18651145260.682,1.0,0.0,0.0,3739.0,0.0,0.0,0.0,3739.0,0.002,3739.0,9659431361.508,always_reactive,0.110187
h=0.02/q0=0.4/p=0/r=1/sig=0/cf=11.0877,A_core,0.02,0.4,0.0,1.0,0.0,1.0,11.087667012373094,wiki_B,autorpa_233k,oracle_tax,8991713899.193,0.4821,0.0,0.0,0.0,0.0,0.0,0.0,0.0,0.004,0.0,0.0,always_reactive,0.110187
h=0.02/q0=0.4/p=0/r=1/sig=0/cf=11.0877,A_core,0.02,0.4,0.0,1.0,0.0,1.0,11.087667012373094,wiki_B,autorpa_233k,ours_spend_cap,11761147014.864,0.630586,0.0,0.0,1072.0,0.0,0.0,0.0,1072.0,0.003,1072.0,2769433115.683,always_reactive,0.110187
h=0.02/q0=0.4/p=0/r=1/sig=0/cf=11.0877,A_core,0.02,0.4,0.0,1.0,0.0,1.0,11.087667012373094,wiki_B,autorpa_233k,ours_cap_epoch,11761147014.864,0.630586,0.0,0.0,1072.0,0.0,0.0,0.0,1072.0,0.003,1072.0,2769433115.683,always_reactive,0.110187
h=0.02/q0=0.4/p=0/r=1/sig=0/cf=11.0877,A_core,0.02,0.4,0.0,1.0,0.0,1.0,11.087667012373094,wiki_B,autorpa_233k,ours_cap_realized,11761147014.864,0.630586,0.0,0.0,1072.0,0.0,0.0,0.0,1072.0,0.003,1072.0,2769433115.683,always_reactive,0.110187
h=0.02/q0=0.4/p=0/r=1/sig=0/cf=11.0877,A_core,0.02,0.4,0.0,1.0,0.0,1.0,11.087667012373094,wiki_B,autorpa_233k,ours_pi_prior,17989788098.727,0.964541,0.0,0.0,3483.0,0.0,0.0,0.0,3483.0,0.002,3483.0,8998074199.554,always_reactive,0.110187
h=0.02/q0=0.4/p=0/r=1/sig=0/cf=11.0877,A_core,0.02,0.4,0.0,1.0,0.0,1.0,11.087667012373094,wiki_B,autorpa_233k,breakeven,22038017289.288,1.181591,0.0,0.0,5050.0,0.0,0.0,0.0,5050.0,0.002,5050.0,13046303390.109,always_reactive,0.110187
h=0.02/q0=0.4/p=0/r=1/sig=0/cf=11.0877,A_core,0.02,0.4,0.0,1.0,0.0,1.0,11.087667012373094,wiki_B,autorpa_233k,breakeven_cap_epoch,10510768630.549,0.563545,0.0,0.0,588.0,0.0,0.0,0.0,588.0,0.004,588.0,1519054731.363,always_reactive,0.110187
h=0.02/q0=0.4/p=0/r=1/sig=0/cf=11.0877,A_core,0.02,0.4,0.0,1.0,0.0,1.0,11.087667012373094,wiki_B,autorpa_233k,offline_taxblind,8991713899.192,0.4821,,,,,,,,,,,always_reactive,0.110187
h=0.02/q0=0.4/p=0/r=1/sig=0/cf=11.0877,A_core,0.02,0.4,0.0,1.0,0.0,1.0,11.087667012373094,wiki_B,autorpa_233k,offline_opt_tax,8991713899.192,0.4821,,,,,,,,,,,always_reactive,0.110187
h=0.02/q0=0.4/p=0/r=1/sig=0/cf=11.0877,A_core,0.02,0.4,0.0,1.0,0.0,1.0,11.087667012373094,wiki_B,native,always_reactive,8991713899.193,0.510872,0.0,0.0,0.0,0.0,0.0,0.0,0.0,0.004,0.0,0.0,always_reactive,0.208748
h=0.02/q0=0.4/p=0/r=1/sig=0/cf=11.0877,A_core,0.02,0.4,0.0,1.0,0.0,1.0,11.087667012373094,wiki_B,native,always_compile_evict,43074484523.997,2.447315,0.0,0.0,28107.0,0.0,0.0,0.0,28107.0,0.001,28107.0,34082770624.823,always_reactive,0.208748
h=0.02/q0=0.4/p=0/r=1/sig=0/cf=11.0877,A_core,0.02,0.4,0.0,1.0,0.0,1.0,11.087667012373094,wiki_B,native,ours_noinflate,17600708192.168,1.0,0.0,0.0,7091.0,0.0,0.0,0.0,7091.0,0.002,7091.0,8608994292.997,always_reactive,0.208748
h=0.02/q0=0.4/p=0/r=1/sig=0/cf=11.0877,A_core,0.02,0.4,0.0,1.0,0.0,1.0,11.087667012373094,wiki_B,native,oracle_tax,8991713899.193,0.510872,0.0,0.0,0.0,0.0,0.0,0.0,0.0,0.004,0.0,0.0,always_reactive,0.208748
h=0.02/q0=0.4/p=0/r=1/sig=0/cf=11.0877,A_core,0.02,0.4,0.0,1.0,0.0,1.0,11.087667012373094,wiki_B,native,ours_spend_cap,11591518083.411,0.658582,0.0,0.0,2143.0,0.0,0.0,0.0,2143.0,0.003,2143.0,2599804184.23,always_reactive,0.208748
h=0.02/q0=0.4/p=0/r=1/sig=0/cf=11.0877,A_core,0.02,0.4,0.0,1.0,0.0,1.0,11.087667012373094,wiki_B,native,ours_cap_epoch,11591518083.411,0.658582,0.0,0.0,2143.0,0.0,0.0,0.0,2143.0,0.003,2143.0,2599804184.23,always_reactive,0.208748
h=0.02/q0=0.4/p=0/r=1/sig=0/cf=11.0877,A_core,0.02,0.4,0.0,1.0,0.0,1.0,11.087667012373094,wiki_B,native,ours_cap_realized,11591518083.411,0.658582,0.0,0.0,2143.0,0.0,0.0,0.0,2143.0,0.003,2143.0,2599804184.23,always_reactive,0.208748
h=0.02/q0=0.4/p=0/r=1/sig=0/cf=11.0877,A_core,0.02,0.4,0.0,1.0,0.0,1.0,11.087667012373094,wiki_B,native,ours_pi_prior,16986067451.598,0.965079,0.0,0.0,6580.0,0.0,0.0,0.0,6580.0,0.002,6580.0,7994353552.427,always_reactive,0.208748
h=0.02/q0=0.4/p=0/r=1/sig=0/cf=11.0877,A_core,0.02,0.4,0.0,1.0,0.0,1.0,11.087667012373094,wiki_B,native,breakeven,23563925091.425,1.338806,0.0,0.0,11979.0,0.0,0.0,0.0,11979.0,0.002,11979.0,14572211192.243,always_reactive,0.208748
h=0.02/q0=0.4/p=0/r=1/sig=0/cf=11.0877,A_core,0.02,0.4,0.0,1.0,0.0,1.0,11.087667012373094,wiki_B,native,breakeven_cap_epoch,10869903986.103,0.617583,0.0,0.0,1555.0,0.0,0.0,0.0,1555.0,0.003,1555.0,1878190086.919,always_reactive,0.208748
h=0.02/q0=0.4/p=0/r=1/sig=0/cf=11.0877,A_core,0.02,0.4,0.0,1.0,0.0,1.0,11.087667012373094,wiki_B,native,offline_taxblind,8991713899.192,0.510872,,,,,,,,,,,always_reactive,0.208748
h=0.02/q0=0.4/p=0/r=1/sig=0/cf=11.0877,A_core,0.02,0.4,0.0,1.0,0.0,1.0,11.087667012373094,wiki_B,native,offline_opt_tax,8991713899.192,0.510872,,,,,,,,,,,always_reactive,0.208748
h=0.02/q0=0.4/p=0/r=1/sig=0/cf=1,A_core,0.02,0.4,0.0,1.0,0.0,1.0,1.0,bpi2019,autorpa_233k,always_reactive,26858149732.486,0.957742,0.0,0.0,0.0,0.0,0.0,0.0,0.0,0.003,0.0,0.0,always_reactive,0.327392
h=0.02/q0=0.4/p=0/r=1/sig=0/cf=1,A_core,0.02,0.4,0.0,1.0,0.0,1.0,1.0,bpi2019,autorpa_233k,always_compile_evict,82036743732.254,2.925372,0.0,0.0,236818.0,0.0,0.0,0.0,236818.0,0.001,236818.0,55178594000.0,always_reactive,0.327392
h=0.02/q0=0.4/p=0/r=1/sig=0/cf=1,A_core,0.02,0.4,0.0,1.0,0.0,1.0,1.0,bpi2019,autorpa_233k,ours_noinflate,28043187732.488,1.0,0.0,0.0,5086.0,0.0,0.0,0.0,5086.0,0.003,5086.0,1185038000.0,always_reactive,0.327392
h=0.02/q0=0.4/p=0/r=1/sig=0/cf=1,A_core,0.02,0.4,0.0,1.0,0.0,1.0,1.0,bpi2019,autorpa_233k,oracle_tax,26858149732.486,0.957742,0.0,0.0,0.0,0.0,0.0,0.0,0.0,0.003,0.0,0.0,always_reactive,0.327392
h=0.02/q0=0.4/p=0/r=1/sig=0/cf=1,A_core,0.02,0.4,0.0,1.0,0.0,1.0,1.0,bpi2019,autorpa_233k,ours_spend_cap,28043187732.488,1.0,0.0,0.0,5086.0,0.0,0.0,0.0,5086.0,0.003,5086.0,1185038000.0,always_reactive,0.327392
h=0.02/q0=0.4/p=0/r=1/sig=0/cf=1,A_core,0.02,0.4,0.0,1.0,0.0,1.0,1.0,bpi2019,autorpa_233k,ours_cap_epoch,28043187732.488,1.0,0.0,0.0,5086.0,0.0,0.0,0.0,5086.0,0.003,5086.0,1185038000.0,always_reactive,0.327392
h=0.02/q0=0.4/p=0/r=1/sig=0/cf=1,A_core,0.02,0.4,0.0,1.0,0.0,1.0,1.0,bpi2019,autorpa_233k,ours_cap_realized,28043187732.488,1.0,0.0,0.0,5086.0,0.0,0.0,0.0,5086.0,0.003,5086.0,1185038000.0,always_reactive,0.327392
h=0.02/q0=0.4/p=0/r=1/sig=0/cf=1,A_core,0.02,0.4,0.0,1.0,0.0,1.0,1.0,bpi2019,autorpa_233k,ours_pi_prior,27978180732.488,0.997682,0.0,0.0,4807.0,0.0,0.0,0.0,4807.0,0.003,4807.0,1120031000.0,always_reactive,0.327392
h=0.02/q0=0.4/p=0/r=1/sig=0/cf=1,A_core,0.02,0.4,0.0,1.0,0.0,1.0,1.0,bpi2019,autorpa_233k,breakeven,41380806732.383,1.47561,0.0,0.0,62329.0,0.0,0.0,0.0,62329.0,0.002,62329.0,14522657000.0,always_reactive,0.327392
h=0.02/q0=0.4/p=0/r=1/sig=0/cf=1,A_core,0.02,0.4,0.0,1.0,0.0,1.0,1.0,bpi2019,autorpa_233k,breakeven_cap_epoch,27779897732.488,0.990611,0.0,0.0,3956.0,0.0,0.0,0.0,3956.0,0.003,3956.0,921748000.0,always_reactive,0.327392
h=0.02/q0=0.4/p=0/r=1/sig=0/cf=1,A_core,0.02,0.4,0.0,1.0,0.0,1.0,1.0,bpi2019,autorpa_233k,offline_taxblind,26858149732.495,0.957742,,,,,,,,,,,always_reactive,0.327392
h=0.02/q0=0.4/p=0/r=1/sig=0/cf=1,A_core,0.02,0.4,0.0,1.0,0.0,1.0,1.0,bpi2019,autorpa_233k,offline_opt_tax,26858149732.495,0.957742,,,,,,,,,,,always_reactive,0.327392
h=0.02/q0=0.4/p=0/r=1/sig=0/cf=1,A_core,0.02,0.4,0.0,1.0,0.0,1.0,1.0,bpi2019,native,always_reactive,26858149732.486,0.960179,0.0,0.0,0.0,0.0,0.0,0.0,0.0,0.003,0.0,0.0,always_reactive,0.523638
h=0.02/q0=0.4/p=0/r=1/sig=0/cf=1,A_core,0.02,0.4,0.0,1.0,0.0,1.0,1.0,bpi2019,native,always_compile_evict,51291417858.305,1.833669,0.0,0.0,236818.0,0.0,0.0,0.0,236818.0,0.002,236818.0,24433268126.0,always_reactive,0.523638
h=0.02/q0=0.4/p=0/r=1/sig=0/cf=1,A_core,0.02,0.4,0.0,1.0,0.0,1.0,1.0,bpi2019,native,ours_noinflate,27972023204.488,1.0,0.0,0.0,10256.0,0.0,0.0,0.0,10256.0,0.003,10256.0,1113873472.0,always_reactive,0.523638
h=0.02/q0=0.4/p=0/r=1/sig=0/cf=1,A_core,0.02,0.4,0.0,1.0,0.0,1.0,1.0,bpi2019,native,oracle_tax,26858149732.486,0.960179,0.0,0.0,0.0,0.0,0.0,0.0,0.0,0.003,0.0,0.0,always_reactive,0.523638
h=0.02/q0=0.4/p=0/r=1/sig=0/cf=1,A_core,0.02,0.4,0.0,1.0,0.0,1.0,1.0,bpi2019,native,ours_spend_cap,27972023204.488,1.0,0.0,0.0,10256.0,0.0,0.0,0.0,10256.0,0.003,10256.0,1113873472.0,always_reactive,0.523638
h=0.02/q0=0.4/p=0/r=1/sig=0/cf=1,A_core,0.02,0.4,0.0,1.0,0.0,1.0,1.0,bpi2019,native,ours_cap_epoch,27972023204.488,1.0,0.0,0.0,10256.0,0.0,0.0,0.0,10256.0,0.003,10256.0,1113873472.0,always_reactive,0.523638
h=0.02/q0=0.4/p=0/r=1/sig=0/cf=1,A_core,0.02,0.4,0.0,1.0,0.0,1.0,1.0,bpi2019,native,ours_cap_realized,27972023204.488,1.0,0.0,0.0,10256.0,0.0,0.0,0.0,10256.0,0.003,10256.0,1113873472.0,always_reactive,0.523638
h=0.02/q0=0.4/p=0/r=1/sig=0/cf=1,A_core,0.02,0.4,0.0,1.0,0.0,1.0,1.0,bpi2019,native,ours_pi_prior,27901796777.488,0.997489,0.0,0.0,9605.0,0.0,0.0,0.0,9605.0,0.003,9605.0,1043647045.0,always_reactive,0.523638
h=0.02/q0=0.4/p=0/r=1/sig=0/cf=1,A_core,0.02,0.4,0.0,1.0,0.0,1.0,1.0,bpi2019,native,breakeven,41556148251.881,1.485633,0.0,0.0,138221.0,0.0,0.0,0.0,138221.0,0.002,138221.0,14697998519.5,always_reactive,0.523638
h=0.02/q0=0.4/p=0/r=1/sig=0/cf=1,A_core,0.02,0.4,0.0,1.0,0.0,1.0,1.0,bpi2019,native,breakeven_cap_epoch,27889936298.988,0.997065,0.0,0.0,9537.0,0.0,0.0,0.0,9537.0,0.003,9537.0,1031786566.5,always_reactive,0.523638
h=0.02/q0=0.4/p=0/r=1/sig=0/cf=1,A_core,0.02,0.4,0.0,1.0,0.0,1.0,1.0,bpi2019,native,offline_taxblind,26858149732.495,0.960179,,,,,,,,,,,always_reactive,0.523638
h=0.02/q0=0.4/p=0/r=1/sig=0/cf=1,A_core,0.02,0.4,0.0,1.0,0.0,1.0,1.0,bpi2019,native,offline_opt_tax,26858149732.495,0.960179,,,,,,,,,,,always_reactive,0.523638
h=0.02/q0=0.4/p=0/r=1/sig=0/cf=1,A_core,0.02,0.4,0.0,1.0,0.0,1.0,1.0,sepsis,autorpa_233k,always_reactive,93787502.059,0.945949,0.0,0.0,0.0,0.0,0.0,0.0,0.0,0.004,0.0,0.0,always_reactive,0.739221
h=0.02/q0=0.4/p=0/r=1/sig=0/cf=1,A_core,0.02,0.4,0.0,1.0,0.0,1.0,1.0,sepsis,autorpa_233k,always_compile_evict,126873502.059,1.279657,0.0,0.0,142.0,0.0,0.0,0.0,142.0,0.003,142.0,33086000.0,always_reactive,0.739221
h=0.02/q0=0.4/p=0/r=1/sig=0/cf=1,A_core,0.02,0.4,0.0,1.0,0.0,1.0,1.0,sepsis,autorpa_233k,ours_noinflate,99146502.059,1.0,0.0,0.0,23.0,0.0,0.0,0.0,23.0,0.004,23.0,5359000.0,always_reactive,0.739221
h=0.02/q0=0.4/p=0/r=1/sig=0/cf=1,A_core,0.02,0.4,0.0,1.0,0.0,1.0,1.0,sepsis,autorpa_233k,oracle_tax,93787502.059,0.945949,0.0,0.0,0.0,0.0,0.0,0.0,0.0,0.004,0.0,0.0,always_reactive,0.739221
h=0.02/q0=0.4/p=0/r=1/sig=0/cf=1,A_core,0.02,0.4,0.0,1.0,0.0,1.0,1.0,sepsis,autorpa_233k,ours_spend_cap,99146502.059,1.0,0.0,0.0,23.0,0.0,0.0,0.0,23.0,0.004,23.0,5359000.0,always_reactive,0.739221
h=0.02/q0=0.4/p=0/r=1/sig=0/cf=1,A_core,0.02,0.4,0.0,1.0,0.0,1.0,1.0,sepsis,autorpa_233k,ours_cap_epoch,99146502.059,1.0,0.0,0.0,23.0,0.0,0.0,0.0,23.0,0.004,23.0,5359000.0,always_reactive,0.739221
h=0.02/q0=0.4/p=0/r=1/sig=0/cf=1,A_core,0.02,0.4,0.0,1.0,0.0,1.0,1.0,sepsis,autorpa_233k,ours_cap_realized,99146502.059,1.0,0.0,0.0,23.0,0.0,0.0,0.0,23.0,0.004,23.0,5359000.0,always_reactive,0.739221
h=0.02/q0=0.4/p=0/r=1/sig=0/cf=1,A_core,0.02,0.4,0.0,1.0,0.0,1.0,1.0,sepsis,autorpa_233k,ours_pi_prior,99379502.059,1.00235,0.0,0.0,24.0,0.0,0.0,0.0,24.0,0.004,24.0,5592000.0,always_reactive,0.739221
h=0.02/q0=0.4/p=0/r=1/sig=0/cf=1,A_core,0.02,0.4,0.0,1.0,0.0,1.0,1.0,sepsis,autorpa_233k,breakeven,96816502.059,0.976499,0.0,0.0,13.0,0.0,0.0,0.0,13.0,0.004,13.0,3029000.0,always_reactive,0.739221
h=0.02/q0=0.4/p=0/r=1/sig=0/cf=1,A_core,0.02,0.4,0.0,1.0,0.0,1.0,1.0,sepsis,autorpa_233k,breakeven_cap_epoch,96816502.059,0.976499,0.0,0.0,13.0,0.0,0.0,0.0,13.0,0.004,13.0,3029000.0,always_reactive,0.739221
h=0.02/q0=0.4/p=0/r=1/sig=0/cf=1,A_core,0.02,0.4,0.0,1.0,0.0,1.0,1.0,sepsis,autorpa_233k,offline_taxblind,93787502.059,0.945949,,,,,,,,,,,always_reactive,0.739221
h=0.02/q0=0.4/p=0/r=1/sig=0/cf=1,A_core,0.02,0.4,0.0,1.0,0.0,1.0,1.0,sepsis,autorpa_233k,offline_opt_tax,93787502.059,0.945949,,,,,,,,,,,always_reactive,0.739221
h=0.02/q0=0.4/p=0/r=1/sig=0/cf=1,A_core,0.02,0.4,0.0,1.0,0.0,1.0,1.0,sepsis,native,always_reactive,93787502.059,0.936059,0.0,0.0,0.0,0.0,0.0,0.0,0.0,0.004,0.0,0.0,always_reactive,0.847105
h=0.02/q0=0.4/p=0/r=1/sig=0/cf=1,A_core,0.02,0.4,0.0,1.0,0.0,1.0,1.0,sepsis,native,always_compile_evict,110715278.559,1.105009,0.0,0.0,142.0,0.0,0.0,0.0,142.0,0.003,142.0,16927776.5,always_reactive,0.847105
h=0.02/q0=0.4/p=0/r=1/sig=0/cf=1,A_core,0.02,0.4,0.0,1.0,0.0,1.0,1.0,sepsis,native,ours_noinflate,100193962.059,1.0,0.0,0.0,55.0,0.0,0.0,0.0,55.0,0.004,55.0,6406460.0,always_reactive,0.847105
h=0.02/q0=0.4/p=0/r=1/sig=0/cf=1,A_core,0.02,0.4,0.0,1.0,0.0,1.0,1.0,sepsis,native,oracle_tax,93787502.059,0.936059,0.0,0.0,0.0,0.0,0.0,0.0,0.0,0.004,0.0,0.0,always_reactive,0.847105
h=0.02/q0=0.4/p=0/r=1/sig=0/cf=1,A_core,0.02,0.4,0.0,1.0,0.0,1.0,1.0,sepsis,native,ours_spend_cap,100193962.059,1.0,0.0,0.0,55.0,0.0,0.0,0.0,55.0,0.004,55.0,6406460.0,always_reactive,0.847105
h=0.02/q0=0.4/p=0/r=1/sig=0/cf=1,A_core,0.02,0.4,0.0,1.0,0.0,1.0,1.0,sepsis,native,ours_cap_epoch,100193962.059,1.0,0.0,0.0,55.0,0.0,0.0,0.0,55.0,0.004,55.0,6406460.0,always_reactive,0.847105
h=0.02/q0=0.4/p=0/r=1/sig=0/cf=1,A_core,0.02,0.4,0.0,1.0,0.0,1.0,1.0,sepsis,native,ours_cap_realized,100193962.059,1.0,0.0,0.0,55.0,0.0,0.0,0.0,55.0,0.004,55.0,6406460.0,always_reactive,0.847105
h=0.02/q0=0.4/p=0/r=1/sig=0/cf=1,A_core,0.02,0.4,0.0,1.0,0.0,1.0,1.0,sepsis,native,ours_pi_prior,99950813.559,0.997573,0.0,0.0,52.0,0.0,0.0,0.0,52.0,0.004,52.0,6163311.5,always_reactive,0.847105
h=0.02/q0=0.4/p=0/r=1/sig=0/cf=1,A_core,0.02,0.4,0.0,1.0,0.0,1.0,1.0,sepsis,native,breakeven,98700281.059,0.985092,0.0,0.0,42.0,0.0,0.0,0.0,42.0,0.004,42.0,4912779.0,always_reactive,0.847105
h=0.02/q0=0.4/p=0/r=1/sig=0/cf=1,A_core,0.02,0.4,0.0,1.0,0.0,1.0,1.0,sepsis,native,breakeven_cap_epoch,98700281.059,0.985092,0.0,0.0,42.0,0.0,0.0,0.0,42.0,0.004,42.0,4912779.0,always_reactive,0.847105
h=0.02/q0=0.4/p=0/r=1/sig=0/cf=1,A_core,0.02,0.4,0.0,1.0,0.0,1.0,1.0,sepsis,native,offline_taxblind,93787502.059,0.936059,,,,,,,,,,,always_reactive,0.847105
h=0.02/q0=0.4/p=0/r=1/sig=0/cf=1,A_core,0.02,0.4,0.0,1.0,0.0,1.0,1.0,sepsis,native,offline_opt_tax,93787502.059,0.936059,,,,,,,,,,,always_reactive,0.847105
h=0.02/q0=0.4/p=0/r=1/sig=0/cf=1,A_core,0.02,0.4,0.0,1.0,0.0,1.0,1.0,wiki_A,autorpa_233k,always_reactive,4770469730.199,0.955256,0.0,0.0,0.0,0.0,0.0,0.0,0.0,0.005,0.0,0.0,always_reactive,0.246566
h=0.02/q0=0.4/p=0/r=1/sig=0/cf=1,A_core,0.02,0.4,0.0,1.0,0.0,1.0,1.0,wiki_A,autorpa_233k,always_compile_evict,19347648730.189,3.874243,0.0,0.0,62563.0,0.0,0.0,0.0,62563.0,0.001,62563.0,14577179000.0,always_reactive,0.246566
h=0.02/q0=0.4/p=0/r=1/sig=0/cf=1,A_core,0.02,0.4,0.0,1.0,0.0,1.0,1.0,wiki_A,autorpa_233k,ours_noinflate,4993916730.199,1.0,0.0,0.0,959.0,0.0,0.0,0.0,959.0,0.005,959.0,223447000.0,always_reactive,0.246566
h=0.02/q0=0.4/p=0/r=1/sig=0/cf=1,A_core,0.02,0.4,0.0,1.0,0.0,1.0,1.0,wiki_A,autorpa_233k,oracle_tax,4770469730.199,0.955256,0.0,0.0,0.0,0.0,0.0,0.0,0.0,0.005,0.0,0.0,always_reactive,0.246566
h=0.02/q0=0.4/p=0/r=1/sig=0/cf=1,A_core,0.02,0.4,0.0,1.0,0.0,1.0,1.0,wiki_A,autorpa_233k,ours_spend_cap,4993916730.199,1.0,0.0,0.0,959.0,0.0,0.0,0.0,959.0,0.005,959.0,223447000.0,always_reactive,0.246566
h=0.02/q0=0.4/p=0/r=1/sig=0/cf=1,A_core,0.02,0.4,0.0,1.0,0.0,1.0,1.0,wiki_A,autorpa_233k,ours_cap_epoch,4993916730.199,1.0,0.0,0.0,959.0,0.0,0.0,0.0,959.0,0.005,959.0,223447000.0,always_reactive,0.246566
h=0.02/q0=0.4/p=0/r=1/sig=0/cf=1,A_core,0.02,0.4,0.0,1.0,0.0,1.0,1.0,wiki_A,autorpa_233k,ours_cap_realized,4993916730.199,1.0,0.0,0.0,959.0,0.0,0.0,0.0,959.0,0.005,959.0,223447000.0,always_reactive,0.246566
h=0.02/q0=0.4/p=0/r=1/sig=0/cf=1,A_core,0.02,0.4,0.0,1.0,0.0,1.0,1.0,wiki_A,autorpa_233k,ours_pi_prior,4973645730.199,0.995941,0.0,0.0,872.0,0.0,0.0,0.0,872.0,0.005,872.0,203176000.0,always_reactive,0.246566
h=0.02/q0=0.4/p=0/r=1/sig=0/cf=1,A_core,0.02,0.4,0.0,1.0,0.0,1.0,1.0,wiki_A,autorpa_233k,breakeven,7318557730.199,1.465495,0.0,0.0,10936.0,0.0,0.0,0.0,10936.0,0.003,10936.0,2548088000.0,always_reactive,0.246566
h=0.02/q0=0.4/p=0/r=1/sig=0/cf=1,A_core,0.02,0.4,0.0,1.0,0.0,1.0,1.0,wiki_A,autorpa_233k,breakeven_cap_epoch,4963393730.199,0.993888,0.0,0.0,828.0,0.0,0.0,0.0,828.0,0.005,828.0,192924000.0,always_reactive,0.246566
h=0.02/q0=0.4/p=0/r=1/sig=0/cf=1,A_core,0.02,0.4,0.0,1.0,0.0,1.0,1.0,wiki_A,autorpa_233k,offline_taxblind,4770469730.199,0.955256,,,,,,,,,,,always_reactive,0.246566
h=0.02/q0=0.4/p=0/r=1/sig=0/cf=1,A_core,0.02,0.4,0.0,1.0,0.0,1.0,1.0,wiki_A,autorpa_233k,offline_opt_tax,4770469730.199,0.955256,,,,,,,,,,,always_reactive,0.246566
h=0.02/q0=0.4/p=0/r=1/sig=0/cf=1,A_core,0.02,0.4,0.0,1.0,0.0,1.0,1.0,wiki_A,native,always_reactive,4770469730.199,0.956215,0.0,0.0,0.0,0.0,0.0,0.0,0.0,0.005,0.0,0.0,always_reactive,0.390285
h=0.02/q0=0.4/p=0/r=1/sig=0/cf=1,A_core,0.02,0.4,0.0,1.0,0.0,1.0,1.0,wiki_A,native,always_compile_evict,12223054868.696,2.450046,0.0,0.0,62563.0,0.0,0.0,0.0,62563.0,0.002,62563.0,7452585138.5,always_reactive,0.390285
h=0.02/q0=0.4/p=0/r=1/sig=0/cf=1,A_core,0.02,0.4,0.0,1.0,0.0,1.0,1.0,wiki_A,native,ours_noinflate,4988907446.199,1.0,0.0,0.0,1998.0,0.0,0.0,0.0,1998.0,0.005,1998.0,218437716.0,always_reactive,0.390285
h=0.02/q0=0.4/p=0/r=1/sig=0/cf=1,A_core,0.02,0.4,0.0,1.0,0.0,1.0,1.0,wiki_A,native,oracle_tax,4770469730.199,0.956215,0.0,0.0,0.0,0.0,0.0,0.0,0.0,0.005,0.0,0.0,always_reactive,0.390285
h=0.02/q0=0.4/p=0/r=1/sig=0/cf=1,A_core,0.02,0.4,0.0,1.0,0.0,1.0,1.0,wiki_A,native,ours_spend_cap,4988907446.199,1.0,0.0,0.0,1998.0,0.0,0.0,0.0,1998.0,0.005,1998.0,218437716.0,always_reactive,0.390285
h=0.02/q0=0.4/p=0/r=1/sig=0/cf=1,A_core,0.02,0.4,0.0,1.0,0.0,1.0,1.0,wiki_A,native,ours_cap_epoch,4988907446.199,1.0,0.0,0.0,1998.0,0.0,0.0,0.0,1998.0,0.005,1998.0,218437716.0,always_reactive,0.390285
h=0.02/q0=0.4/p=0/r=1/sig=0/cf=1,A_core,0.02,0.4,0.0,1.0,0.0,1.0,1.0,wiki_A,native,ours_cap_realized,4988907446.199,1.0,0.0,0.0,1998.0,0.0,0.0,0.0,1998.0,0.005,1998.0,218437716.0,always_reactive,0.390285
h=0.02/q0=0.4/p=0/r=1/sig=0/cf=1,A_core,0.02,0.4,0.0,1.0,0.0,1.0,1.0,wiki_A,native,ours_pi_prior,4969964180.199,0.996203,0.0,0.0,1815.0,0.0,0.0,0.0,1815.0,0.005,1815.0,199494450.0,always_reactive,0.390285
h=0.02/q0=0.4/p=0/r=1/sig=0/cf=1,A_core,0.02,0.4,0.0,1.0,0.0,1.0,1.0,wiki_A,native,breakeven,7349166060.699,1.473101,0.0,0.0,21999.0,0.0,0.0,0.0,21999.0,0.003,21999.0,2578696330.5,always_reactive,0.390285
h=0.02/q0=0.4/p=0/r=1/sig=0/cf=1,A_core,0.02,0.4,0.0,1.0,0.0,1.0,1.0,wiki_A,native,breakeven_cap_epoch,4980125886.699,0.99824,0.0,0.0,1932.0,0.0,0.0,0.0,1932.0,0.005,1932.0,209656156.5,always_reactive,0.390285
h=0.02/q0=0.4/p=0/r=1/sig=0/cf=1,A_core,0.02,0.4,0.0,1.0,0.0,1.0,1.0,wiki_A,native,offline_taxblind,4770469730.199,0.956215,,,,,,,,,,,always_reactive,0.390285
h=0.02/q0=0.4/p=0/r=1/sig=0/cf=1,A_core,0.02,0.4,0.0,1.0,0.0,1.0,1.0,wiki_A,native,offline_opt_tax,4770469730.199,0.956215,,,,,,,,,,,always_reactive,0.390285
h=0.02/q0=0.4/p=0/r=1/sig=0/cf=1,A_core,0.02,0.4,0.0,1.0,0.0,1.0,1.0,wiki_B,autorpa_233k,always_reactive,8991713899.193,0.91167,0.0,0.0,0.0,0.0,0.0,0.0,0.0,0.004,0.0,0.0,always_reactive,0.578593
h=0.02/q0=0.4/p=0/r=1/sig=0/cf=1,A_core,0.02,0.4,0.0,1.0,0.0,1.0,1.0,wiki_B,autorpa_233k,always_compile_evict,15540644899.174,1.575667,0.0,0.0,28107.0,0.0,0.0,0.0,28107.0,0.002,28107.0,6548931000.0,always_reactive,0.578593
h=0.02/q0=0.4/p=0/r=1/sig=0/cf=1,A_core,0.02,0.4,0.0,1.0,0.0,1.0,1.0,wiki_B,autorpa_233k,ours_noinflate,9862900899.189,1.0,0.0,0.0,3739.0,0.0,0.0,0.0,3739.0,0.004,3739.0,871187000.0,always_reactive,0.578593
h=0.02/q0=0.4/p=0/r=1/sig=0/cf=1,A_core,0.02,0.4,0.0,1.0,0.0,1.0,1.0,wiki_B,autorpa_233k,oracle_tax,8991713899.193,0.91167,0.0,0.0,0.0,0.0,0.0,0.0,0.0,0.004,0.0,0.0,always_reactive,0.578593
h=0.02/q0=0.4/p=0/r=1/sig=0/cf=1,A_core,0.02,0.4,0.0,1.0,0.0,1.0,1.0,wiki_B,autorpa_233k,ours_spend_cap,9862900899.189,1.0,0.0,0.0,3739.0,0.0,0.0,0.0,3739.0,0.004,3739.0,871187000.0,always_reactive,0.578593
h=0.02/q0=0.4/p=0/r=1/sig=0/cf=1,A_core,0.02,0.4,0.0,1.0,0.0,1.0,1.0,wiki_B,autorpa_233k,ours_cap_epoch,9862900899.189,1.0,0.0,0.0,3739.0,0.0,0.0,0.0,3739.0,0.004,3739.0,871187000.0,always_reactive,0.578593
h=0.02/q0=0.4/p=0/r=1/sig=0/cf=1,A_core,0.02,0.4,0.0,1.0,0.0,1.0,1.0,wiki_B,autorpa_233k,ours_cap_realized,9862900899.189,1.0,0.0,0.0,3739.0,0.0,0.0,0.0,3739.0,0.004,3739.0,871187000.0,always_reactive,0.578593
h=0.02/q0=0.4/p=0/r=1/sig=0/cf=1,A_core,0.02,0.4,0.0,1.0,0.0,1.0,1.0,wiki_B,autorpa_233k,ours_pi_prior,9803252899.189,0.993952,0.0,0.0,3483.0,0.0,0.0,0.0,3483.0,0.004,3483.0,811539000.0,always_reactive,0.578593
h=0.02/q0=0.4/p=0/r=1/sig=0/cf=1,A_core,0.02,0.4,0.0,1.0,0.0,1.0,1.0,wiki_B,autorpa_233k,breakeven,10168363899.187,1.030971,0.0,0.0,5050.0,0.0,0.0,0.0,5050.0,0.004,5050.0,1176650000.0,always_reactive,0.578593
h=0.02/q0=0.4/p=0/r=1/sig=0/cf=1,A_core,0.02,0.4,0.0,1.0,0.0,1.0,1.0,wiki_B,autorpa_233k,breakeven_cap_epoch,9503148899.19,0.963525,0.0,0.0,2195.0,0.0,0.0,0.0,2195.0,0.004,2195.0,511435000.0,always_reactive,0.578593
h=0.02/q0=0.4/p=0/r=1/sig=0/cf=1,A_core,0.02,0.4,0.0,1.0,0.0,1.0,1.0,wiki_B,autorpa_233k,offline_taxblind,8991713899.192,0.91167,,,,,,,,,,,always_reactive,0.578593
h=0.02/q0=0.4/p=0/r=1/sig=0/cf=1,A_core,0.02,0.4,0.0,1.0,0.0,1.0,1.0,wiki_B,autorpa_233k,offline_opt_tax,8991713899.192,0.91167,,,,,,,,,,,always_reactive,0.578593
h=0.02/q0=0.4/p=0/r=1/sig=0/cf=1,A_core,0.02,0.4,0.0,1.0,0.0,1.0,1.0,wiki_B,native,always_reactive,8991713899.193,0.920512,0.0,0.0,0.0,0.0,0.0,0.0,0.0,0.004,0.0,0.0,always_reactive,0.745233
h=0.02/q0=0.4/p=0/r=1/sig=0/cf=1,A_core,0.02,0.4,0.0,1.0,0.0,1.0,1.0,wiki_B,native,always_compile_evict,12065649163.181,1.235202,0.0,0.0,28107.0,0.0,0.0,0.0,28107.0,0.003,28107.0,3073935264.0,always_reactive,0.745233
h=0.02/q0=0.4/p=0/r=1/sig=0/cf=1,A_core,0.02,0.4,0.0,1.0,0.0,1.0,1.0,wiki_B,native,ours_noinflate,9768161666.189,1.0,0.0,0.0,7091.0,0.0,0.0,0.0,7091.0,0.004,7091.0,776447767.0,always_reactive,0.745233
h=0.02/q0=0.4/p=0/r=1/sig=0/cf=1,A_core,0.02,0.4,0.0,1.0,0.0,1.0,1.0,wiki_B,native,oracle_tax,8991713899.193,0.920512,0.0,0.0,0.0,0.0,0.0,0.0,0.0,0.004,0.0,0.0,always_reactive,0.745233
h=0.02/q0=0.4/p=0/r=1/sig=0/cf=1,A_core,0.02,0.4,0.0,1.0,0.0,1.0,1.0,wiki_B,native,ours_spend_cap,9768161666.189,1.0,0.0,0.0,7091.0,0.0,0.0,0.0,7091.0,0.004,7091.0,776447767.0,always_reactive,0.745233
h=0.02/q0=0.4/p=0/r=1/sig=0/cf=1,A_core,0.02,0.4,0.0,1.0,0.0,1.0,1.0,wiki_B,native,ours_cap_epoch,9768161666.189,1.0,0.0,0.0,7091.0,0.0,0.0,0.0,7091.0,0.004,7091.0,776447767.0,always_reactive,0.745233
h=0.02/q0=0.4/p=0/r=1/sig=0/cf=1,A_core,0.02,0.4,0.0,1.0,0.0,1.0,1.0,wiki_B,native,ours_cap_realized,9768161666.189,1.0,0.0,0.0,7091.0,0.0,0.0,0.0,7091.0,0.004,7091.0,776447767.0,always_reactive,0.745233
h=0.02/q0=0.4/p=0/r=1/sig=0/cf=1,A_core,0.02,0.4,0.0,1.0,0.0,1.0,1.0,wiki_B,native,ours_pi_prior,9712727034.189,0.994325,0.0,0.0,6580.0,0.0,0.0,0.0,6580.0,0.004,6580.0,721013135.0,always_reactive,0.745233
h=0.02/q0=0.4/p=0/r=1/sig=0/cf=1,A_core,0.02,0.4,0.0,1.0,0.0,1.0,1.0,wiki_B,native,breakeven,10305985979.686,1.055059,0.0,0.0,11979.0,0.0,0.0,0.0,11979.0,0.004,11979.0,1314272080.5,always_reactive,0.745233
h=0.02/q0=0.4/p=0/r=1/sig=0/cf=1,A_core,0.02,0.4,0.0,1.0,0.0,1.0,1.0,wiki_B,native,breakeven_cap_epoch,9611740053.69,0.983987,0.0,0.0,5726.0,0.0,0.0,0.0,5726.0,0.004,5726.0,620026154.5,always_reactive,0.745233
h=0.02/q0=0.4/p=0/r=1/sig=0/cf=1,A_core,0.02,0.4,0.0,1.0,0.0,1.0,1.0,wiki_B,native,offline_taxblind,8991713899.192,0.920512,,,,,,,,,,,always_reactive,0.745233
h=0.02/q0=0.4/p=0/r=1/sig=0/cf=1,A_core,0.02,0.4,0.0,1.0,0.0,1.0,1.0,wiki_B,native,offline_opt_tax,8991713899.192,0.920512,,,,,,,,,,,always_reactive,0.745233
h=0.02/q0=0.4/p=1/r=1/sig=0/cf=1,A_core,0.02,0.4,1.0,1.0,0.0,1.0,1.0,bpi2019,autorpa_233k,always_reactive,26858149732.486,1.850892,0.0,0.0,0.0,0.0,0.0,0.0,0.0,0.003,0.0,0.0,ours_noinflate,0.991697
h=0.02/q0=0.4/p=1/r=1/sig=0/cf=1,A_core,0.02,0.4,1.0,1.0,0.0,1.0,1.0,bpi2019,autorpa_233k,always_compile_evict,14632407259.724,1.008372,51.4,81.1,6554.8,4695.9,0.0,97568.5,5717.0,0.081,0.0,0.0,ours_noinflate,0.991697
h=0.02/q0=0.4/p=1/r=1/sig=0/cf=1,A_core,0.02,0.4,1.0,1.0,0.0,1.0,1.0,bpi2019,autorpa_233k,ours_noinflate,14510920489.479,1.0,38.5,66.1,4870.6,3958.1,0.0,82357.5,4238.3,0.07,0.0,0.0,ours_noinflate,0.991697
h=0.02/q0=0.4/p=1/r=1/sig=0/cf=1,A_core,0.02,0.4,1.0,1.0,0.0,1.0,1.0,bpi2019,autorpa_233k,oracle_tax,25280667626.712,1.742182,44.2,48.1,490.5,446.3,0.0,9137.2,294.4,0.009,0.0,0.0,ours_noinflate,0.991697
h=0.02/q0=0.4/p=1/r=1/sig=0/cf=1,A_core,0.02,0.4,1.0,1.0,0.0,1.0,1.0,bpi2019,autorpa_233k,ours_spend_cap,14510920489.479,1.0,38.5,66.1,4870.6,3958.1,0.0,82357.5,4238.3,0.07,0.0,0.0,ours_noinflate,0.991697
h=0.02/q0=0.4/p=1/r=1/sig=0/cf=1,A_core,0.02,0.4,1.0,1.0,0.0,1.0,1.0,bpi2019,autorpa_233k,ours_cap_epoch,14510920489.479,1.0,38.5,66.1,4870.6,3958.1,0.0,82357.5,4238.3,0.07,0.0,0.0,ours_noinflate,0.991697
h=0.02/q0=0.4/p=1/r=1/sig=0/cf=1,A_core,0.02,0.4,1.0,1.0,0.0,1.0,1.0,bpi2019,autorpa_233k,ours_cap_realized,14510920489.479,1.0,38.5,66.1,4870.6,3958.1,0.0,82357.5,4238.3,0.07,0.0,0.0,ours_noinflate,0.991697
h=0.02/q0=0.4/p=1/r=1/sig=0/cf=1,A_core,0.02,0.4,1.0,1.0,0.0,1.0,1.0,bpi2019,autorpa_233k,ours_pi_prior,14525616365.538,1.001013,38.1,63.2,4812.4,3945.7,0.0,82076.8,4192.3,0.069,0.0,0.0,ours_noinflate,0.991697
h=0.02/q0=0.4/p=1/r=1/sig=0/cf=1,A_core,0.02,0.4,1.0,1.0,0.0,1.0,1.0,bpi2019,autorpa_233k,breakeven,26793561745.486,1.846441,1.0,7.1,655.8,65.1,0.0,1363.9,503.3,0.004,0.0,0.0,ours_noinflate,0.991697
h=0.02/q0=0.4/p=1/r=1/sig=0/cf=1,A_core,0.02,0.4,1.0,1.0,0.0,1.0,1.0,bpi2019,autorpa_233k,breakeven_cap_epoch,26793561745.486,1.846441,1.0,7.1,655.8,65.1,0.0,1363.9,503.3,0.004,0.0,0.0,ours_noinflate,0.991697
h=0.02/q0=0.4/p=1/r=1/sig=0/cf=1,A_core,0.02,0.4,1.0,1.0,0.0,1.0,1.0,bpi2019,autorpa_233k,offline_taxblind,13242499366.271,0.912589,,,,,,,,,,,ours_noinflate,0.991697
h=0.02/q0=0.4/p=1/r=1/sig=0/cf=1,A_core,0.02,0.4,1.0,1.0,0.0,1.0,1.0,bpi2019,autorpa_233k,offline_opt_tax,13780184059.534,0.949642,,,,,,,,,,,ours_noinflate,0.991697
h=0.02/q0=0.4/p=1/r=1/sig=0/cf=1,A_core,0.02,0.4,1.0,1.0,0.0,1.0,1.0,bpi2019,native,always_reactive,26858149732.486,2.018319,0.0,0.0,0.0,0.0,0.0,0.0,0.0,0.003,0.0,0.0,always_compile_evict,1.0
h=0.02/q0=0.4/p=1/r=1/sig=0/cf=1,A_core,0.02,0.4,1.0,1.0,0.0,1.0,1.0,bpi2019,native,always_compile_evict,13253522283.421,0.995967,25.4,46.9,6554.8,4695.9,0.0,97568.5,5013.5,0.05,0.0,0.0,always_compile_evict,1.0
h=0.02/q0=0.4/p=1/r=1/sig=0/cf=1,A_core,0.02,0.4,1.0,1.0,0.0,1.0,1.0,bpi2019,native,ours_noinflate,13307186096.607,1.0,24.6,45.7,5849.3,4605.3,0.0,95764.1,4532.1,0.049,0.0,0.0,always_compile_evict,1.0
h=0.02/q0=0.4/p=1/r=1/sig=0/cf=1,A_core,0.02,0.4,1.0,1.0,0.0,1.0,1.0,bpi2019,native,oracle_tax,25164973896.662,1.891082,52.6,55.1,524.8,472.2,0.0,9696.2,313.1,0.01,0.0,0.0,always_compile_evict,1.0
h=0.02/q0=0.4/p=1/r=1/sig=0/cf=1,A_core,0.02,0.4,1.0,1.0,0.0,1.0,1.0,bpi2019,native,ours_spend_cap,13307186096.607,1.0,24.6,45.7,5849.3,4605.3,0.0,95764.1,4532.1,0.049,0.0,0.0,always_compile_evict,1.0
h=0.02/q0=0.4/p=1/r=1/sig=0/cf=1,A_core,0.02,0.4,1.0,1.0,0.0,1.0,1.0,bpi2019,native,ours_cap_epoch,13307186096.607,1.0,24.6,45.7,5849.3,4605.3,0.0,95764.1,4532.1,0.049,0.0,0.0,always_compile_evict,1.0
h=0.02/q0=0.4/p=1/r=1/sig=0/cf=1,A_core,0.02,0.4,1.0,1.0,0.0,1.0,1.0,bpi2019,native,ours_cap_realized,13307186096.607,1.0,24.6,45.7,5849.3,4605.3,0.0,95764.1,4532.1,0.049,0.0,0.0,always_compile_evict,1.0
h=0.02/q0=0.4/p=1/r=1/sig=0/cf=1,A_core,0.02,0.4,1.0,1.0,0.0,1.0,1.0,bpi2019,native,ours_pi_prior,13384465075.442,1.005807,22.5,42.1,5414.4,4250.4,0.0,88298.4,4146.4,0.046,0.0,0.0,always_compile_evict,1.0
h=0.02/q0=0.4/p=1/r=1/sig=0/cf=1,A_core,0.02,0.4,1.0,1.0,0.0,1.0,1.0,bpi2019,native,breakeven,26702157445.639,2.006597,0.1,5.1,1038.1,78.0,0.0,1670.3,736.2,0.004,0.0,0.0,always_compile_evict,1.0
h=0.02/q0=0.4/p=1/r=1/sig=0/cf=1,A_core,0.02,0.4,1.0,1.0,0.0,1.0,1.0,bpi2019,native,breakeven_cap_epoch,26702157445.639,2.006597,0.1,5.1,1038.1,78.0,0.0,1670.3,736.2,0.004,0.0,0.0,always_compile_evict,1.0
h=0.02/q0=0.4/p=1/r=1/sig=0/cf=1,A_core,0.02,0.4,1.0,1.0,0.0,1.0,1.0,bpi2019,native,offline_taxblind,12455747605.681,0.936017,,,,,,,,,,,always_compile_evict,1.0
h=0.02/q0=0.4/p=1/r=1/sig=0/cf=1,A_core,0.02,0.4,1.0,1.0,0.0,1.0,1.0,bpi2019,native,offline_opt_tax,12826063416.119,0.963845,,,,,,,,,,,always_compile_evict,1.0
h=0.02/q0=0.4/p=1/r=1/sig=0/cf=1,A_core,0.02,0.4,1.0,1.0,0.0,1.0,1.0,sepsis,autorpa_233k,always_reactive,93787502.059,1.012478,0.0,0.0,0.0,0.0,0.0,0.0,0.0,0.004,0.0,0.0,ours_noinflate,0.976487
h=0.02/q0=0.4/p=1/r=1/sig=0/cf=1,A_core,0.02,0.4,1.0,1.0,0.0,1.0,1.0,sepsis,autorpa_233k,always_compile_evict,94862111.28,1.024079,18.4,19.5,29.0,3.0,0.0,59.3,21.8,0.014,0.0,0.0,ours_noinflate,0.976487
h=0.02/q0=0.4/p=1/r=1/sig=0/cf=1,A_core,0.02,0.4,1.0,1.0,0.0,1.0,1.0,sepsis,autorpa_233k,ours_noinflate,92631625.254,1.0,5.9,7.0,9.0,1.2,0.0,26.0,2.8,0.007,0.0,0.0,ours_noinflate,0.976487
h=0.02/q0=0.4/p=1/r=1/sig=0/cf=1,A_core,0.02,0.4,1.0,1.0,0.0,1.0,1.0,sepsis,autorpa_233k,oracle_tax,91086013.481,0.983314,6.3,6.8,8.1,1.8,0.0,41.2,0.9,0.009,0.0,0.0,ours_noinflate,0.976487
h=0.02/q0=0.4/p=1/r=1/sig=0/cf=1,A_core,0.02,0.4,1.0,1.0,0.0,1.0,1.0,sepsis,autorpa_233k,ours_spend_cap,92631625.254,1.0,5.9,7.0,9.0,1.2,0.0,26.0,2.8,0.007,0.0,0.0,ours_noinflate,0.976487
h=0.02/q0=0.4/p=1/r=1/sig=0/cf=1,A_core,0.02,0.4,1.0,1.0,0.0,1.0,1.0,sepsis,autorpa_233k,ours_cap_epoch,92631625.254,1.0,5.9,7.0,9.0,1.2,0.0,26.0,2.8,0.007,0.0,0.0,ours_noinflate,0.976487
h=0.02/q0=0.4/p=1/r=1/sig=0/cf=1,A_core,0.02,0.4,1.0,1.0,0.0,1.0,1.0,sepsis,autorpa_233k,ours_cap_realized,92631625.254,1.0,5.9,7.0,9.0,1.2,0.0,26.0,2.8,0.007,0.0,0.0,ours_noinflate,0.976487
h=0.02/q0=0.4/p=1/r=1/sig=0/cf=1,A_core,0.02,0.4,1.0,1.0,0.0,1.0,1.0,sepsis,autorpa_233k,ours_pi_prior,93052336.289,1.004542,6.9,7.0,8.3,1.4,0.0,26.6,3.1,0.007,0.0,0.0,ours_noinflate,0.976487
h=0.02/q0=0.4/p=1/r=1/sig=0/cf=1,A_core,0.02,0.4,1.0,1.0,0.0,1.0,1.0,sepsis,autorpa_233k,breakeven,93345454.227,1.007706,3.8,5.0,6.4,0.8,0.0,16.8,3.5,0.006,0.0,0.0,ours_noinflate,0.976487
h=0.02/q0=0.4/p=1/r=1/sig=0/cf=1,A_core,0.02,0.4,1.0,1.0,0.0,1.0,1.0,sepsis,autorpa_233k,breakeven_cap_epoch,93345454.227,1.007706,3.8,5.0,6.4,0.8,0.0,16.8,3.5,0.006,0.0,0.0,ours_noinflate,0.976487
h=0.02/q0=0.4/p=1/r=1/sig=0/cf=1,A_core,0.02,0.4,1.0,1.0,0.0,1.0,1.0,sepsis,autorpa_233k,offline_taxblind,89273935.535,0.963752,,,,,,,,,,,ours_noinflate,0.976487
h=0.02/q0=0.4/p=1/r=1/sig=0/cf=1,A_core,0.02,0.4,1.0,1.0,0.0,1.0,1.0,sepsis,autorpa_233k,offline_opt_tax,90263319.945,0.974433,,,,,,,,,,,ours_noinflate,0.976487
h=0.02/q0=0.4/p=1/r=1/sig=0/cf=1,A_core,0.02,0.4,1.0,1.0,0.0,1.0,1.0,sepsis,native,always_reactive,93787502.059,1.033185,0.0,0.0,0.0,0.0,0.0,0.0,0.0,0.004,0.0,0.0,ours_noinflate,0.99626
h=0.02/q0=0.4/p=1/r=1/sig=0/cf=1,A_core,0.02,0.4,1.0,1.0,0.0,1.0,1.0,sepsis,native,always_compile_evict,91115909.88,1.003754,18.4,18.6,29.0,3.0,0.0,59.3,16.2,0.014,0.0,0.0,ours_noinflate,0.99626
h=0.02/q0=0.4/p=1/r=1/sig=0/cf=1,A_core,0.02,0.4,1.0,1.0,0.0,1.0,1.0,sepsis,native,ours_noinflate,90775140.059,1.0,8.9,9.0,14.6,1.9,0.0,40.0,5.0,0.009,0.0,0.0,ours_noinflate,0.99626
h=0.02/q0=0.4/p=1/r=1/sig=0/cf=1,A_core,0.02,0.4,1.0,1.0,0.0,1.0,1.0,sepsis,native,oracle_tax,89989929.92,0.99135,11.3,12.0,13.6,2.3,0.0,49.5,0.9,0.012,0.0,0.0,ours_noinflate,0.99626
h=0.02/q0=0.4/p=1/r=1/sig=0/cf=1,A_core,0.02,0.4,1.0,1.0,0.0,1.0,1.0,sepsis,native,ours_spend_cap,90775140.059,1.0,8.9,9.0,14.6,1.9,0.0,40.0,5.0,0.009,0.0,0.0,ours_noinflate,0.99626
h=0.02/q0=0.4/p=1/r=1/sig=0/cf=1,A_core,0.02,0.4,1.0,1.0,0.0,1.0,1.0,sepsis,native,ours_cap_epoch,90775140.059,1.0,8.9,9.0,14.6,1.9,0.0,40.0,5.0,0.009,0.0,0.0,ours_noinflate,0.99626
h=0.02/q0=0.4/p=1/r=1/sig=0/cf=1,A_core,0.02,0.4,1.0,1.0,0.0,1.0,1.0,sepsis,native,ours_cap_realized,90775140.059,1.0,8.9,9.0,14.6,1.9,0.0,40.0,5.0,0.009,0.0,0.0,ours_noinflate,0.99626
h=0.02/q0=0.4/p=1/r=1/sig=0/cf=1,A_core,0.02,0.4,1.0,1.0,0.0,1.0,1.0,sepsis,native,ours_pi_prior,91049364.854,1.003021,8.9,9.0,13.5,1.7,0.0,38.9,4.9,0.009,0.0,0.0,ours_noinflate,0.99626
h=0.02/q0=0.4/p=1/r=1/sig=0/cf=1,A_core,0.02,0.4,1.0,1.0,0.0,1.0,1.0,sepsis,native,breakeven,91443508.081,1.007363,7.5,7.8,12.8,1.3,0.0,32.1,4.8,0.008,0.0,0.0,ours_noinflate,0.99626
h=0.02/q0=0.4/p=1/r=1/sig=0/cf=1,A_core,0.02,0.4,1.0,1.0,0.0,1.0,1.0,sepsis,native,breakeven_cap_epoch,91443508.081,1.007363,7.5,7.8,12.8,1.3,0.0,32.1,4.8,0.008,0.0,0.0,ours_noinflate,0.99626
h=0.02/q0=0.4/p=1/r=1/sig=0/cf=1,A_core,0.02,0.4,1.0,1.0,0.0,1.0,1.0,sepsis,native,offline_taxblind,86079492.248,0.948272,,,,,,,,,,,ours_noinflate,0.99626
h=0.02/q0=0.4/p=1/r=1/sig=0/cf=1,A_core,0.02,0.4,1.0,1.0,0.0,1.0,1.0,sepsis,native,offline_opt_tax,87968422.728,0.969081,,,,,,,,,,,ours_noinflate,0.99626
h=0.02/q0=0.4/p=1/r=1/sig=0/cf=1,A_core,0.02,0.4,1.0,1.0,0.0,1.0,1.0,wiki_A,autorpa_233k,always_reactive,4770469730.199,1.818304,0.0,0.0,0.0,0.0,0.0,0.0,0.0,0.005,0.0,0.0,always_compile_evict,1.0
h=0.02/q0=0.4/p=1/r=1/sig=0/cf=1,A_core,0.02,0.4,1.0,1.0,0.0,1.0,1.0,wiki_A,autorpa_233k,always_compile_evict,2620574593.41,0.998854,9.8,45.4,1578.6,1270.3,0.0,25803.0,1095.0,0.042,0.0,0.0,always_compile_evict,1.0
h=0.02/q0=0.4/p=1/r=1/sig=0/cf=1,A_core,0.02,0.4,1.0,1.0,0.0,1.0,1.0,wiki_A,autorpa_233k,ours_noinflate,2623582289.314,1.0,8.7,35.6,1304.0,1150.8,0.0,23433.7,861.3,0.035,0.0,0.0,always_compile_evict,1.0
h=0.02/q0=0.4/p=1/r=1/sig=0/cf=1,A_core,0.02,0.4,1.0,1.0,0.0,1.0,1.0,wiki_A,autorpa_233k,oracle_tax,3864425228.106,1.472958,17.9,21.6,407.1,389.2,0.0,7853.1,235.1,0.019,0.0,0.0,always_compile_evict,1.0
h=0.02/q0=0.4/p=1/r=1/sig=0/cf=1,A_core,0.02,0.4,1.0,1.0,0.0,1.0,1.0,wiki_A,autorpa_233k,ours_spend_cap,2623582289.314,1.0,8.7,35.6,1304.0,1150.8,0.0,23433.7,861.3,0.035,0.0,0.0,always_compile_evict,1.0
h=0.02/q0=0.4/p=1/r=1/sig=0/cf=1,A_core,0.02,0.4,1.0,1.0,0.0,1.0,1.0,wiki_A,autorpa_233k,ours_cap_epoch,2623582289.314,1.0,8.7,35.6,1304.0,1150.8,0.0,23433.7,861.3,0.035,0.0,0.0,always_compile_evict,1.0
h=0.02/q0=0.4/p=1/r=1/sig=0/cf=1,A_core,0.02,0.4,1.0,1.0,0.0,1.0,1.0,wiki_A,autorpa_233k,ours_cap_realized,2623582289.314,1.0,8.7,35.6,1304.0,1150.8,0.0,23433.7,861.3,0.035,0.0,0.0,always_compile_evict,1.0
h=0.02/q0=0.4/p=1/r=1/sig=0/cf=1,A_core,0.02,0.4,1.0,1.0,0.0,1.0,1.0,wiki_A,autorpa_233k,ours_pi_prior,2629857464.528,1.002392,8.9,34.4,1295.1,1148.4,0.0,23374.9,853.2,0.035,0.0,0.0,always_compile_evict,1.0
h=0.02/q0=0.4/p=1/r=1/sig=0/cf=1,A_core,0.02,0.4,1.0,1.0,0.0,1.0,1.0,wiki_A,autorpa_233k,breakeven,4299005851.505,1.638601,0.0,5.8,463.7,349.5,0.0,7139.8,265.2,0.007,0.0,0.0,always_compile_evict,1.0
h=0.02/q0=0.4/p=1/r=1/sig=0/cf=1,A_core,0.02,0.4,1.0,1.0,0.0,1.0,1.0,wiki_A,autorpa_233k,breakeven_cap_epoch,4299005851.505,1.638601,0.0,5.8,463.7,349.5,0.0,7139.8,265.2,0.007,0.0,0.0,always_compile_evict,1.0
h=0.02/q0=0.4/p=1/r=1/sig=0/cf=1,A_core,0.02,0.4,1.0,1.0,0.0,1.0,1.0,wiki_A,autorpa_233k,offline_taxblind,2478688884.754,0.944773,,,,,,,,,,,always_compile_evict,1.0
h=0.02/q0=0.4/p=1/r=1/sig=0/cf=1,A_core,0.02,0.4,1.0,1.0,0.0,1.0,1.0,wiki_A,autorpa_233k,offline_opt_tax,2532085674.298,0.965125,,,,,,,,,,,always_compile_evict,1.0
h=0.02/q0=0.4/p=1/r=1/sig=0/cf=1,A_core,0.02,0.4,1.0,1.0,0.0,1.0,1.0,wiki_A,native,always_reactive,4770469730.199,1.975376,0.0,0.0,0.0,0.0,0.0,0.0,0.0,0.005,0.0,0.0,always_compile_evict,1.0
h=0.02/q0=0.4/p=1/r=1/sig=0/cf=1,A_core,0.02,0.4,1.0,1.0,0.0,1.0,1.0,wiki_A,native,always_compile_evict,2403822306.11,0.995385,6.8,32.8,1578.6,1270.3,0.0,25803.0,989.8,0.032,0.0,0.0,always_compile_evict,1.0
h=0.02/q0=0.4/p=1/r=1/sig=0/cf=1,A_core,0.02,0.4,1.0,1.0,0.0,1.0,1.0,wiki_A,native,ours_noinflate,2414967756.029,1.0,6.9,30.6,1471.9,1249.7,0.0,25417.5,910.6,0.031,0.0,0.0,always_compile_evict,1.0
h=0.02/q0=0.4/p=1/r=1/sig=0/cf=1,A_core,0.02,0.4,1.0,1.0,0.0,1.0,1.0,wiki_A,native,oracle_tax,3772366927.415,1.562078,22.5,24.7,433.9,411.4,0.0,8295.1,247.2,0.021,0.0,0.0,always_compile_evict,1.0
h=0.02/q0=0.4/p=1/r=1/sig=0/cf=1,A_core,0.02,0.4,1.0,1.0,0.0,1.0,1.0,wiki_A,native,ours_spend_cap,2414967756.029,1.0,6.9,30.6,1471.9,1249.7,0.0,25417.5,910.6,0.031,0.0,0.0,always_compile_evict,1.0
h=0.02/q0=0.4/p=1/r=1/sig=0/cf=1,A_core,0.02,0.4,1.0,1.0,0.0,1.0,1.0,wiki_A,native,ours_cap_epoch,2414967756.029,1.0,6.9,30.6,1471.9,1249.7,0.0,25417.5,910.6,0.031,0.0,0.0,always_compile_evict,1.0
h=0.02/q0=0.4/p=1/r=1/sig=0/cf=1,A_core,0.02,0.4,1.0,1.0,0.0,1.0,1.0,wiki_A,native,ours_cap_realized,2414967756.029,1.0,6.9,30.6,1471.9,1249.7,0.0,25417.5,910.6,0.031,0.0,0.0,always_compile_evict,1.0
h=0.02/q0=0.4/p=1/r=1/sig=0/cf=1,A_core,0.02,0.4,1.0,1.0,0.0,1.0,1.0,wiki_A,native,ours_pi_prior,2433422379.677,1.007642,5.9,30.8,1404.7,1190.0,0.0,24174.3,860.5,0.03,0.0,0.0,always_compile_evict,1.0
h=0.02/q0=0.4/p=1/r=1/sig=0/cf=1,A_core,0.02,0.4,1.0,1.0,0.0,1.0,1.0,wiki_A,native,breakeven,4232224639.052,1.752497,0.9,8.3,528.0,356.0,0.0,7228.3,280.1,0.007,0.0,0.0,always_compile_evict,1.0
h=0.02/q0=0.4/p=1/r=1/sig=0/cf=1,A_core,0.02,0.4,1.0,1.0,0.0,1.0,1.0,wiki_A,native,breakeven_cap_epoch,4232224639.052,1.752497,0.9,8.3,528.0,356.0,0.0,7228.3,280.1,0.007,0.0,0.0,always_compile_evict,1.0
h=0.02/q0=0.4/p=1/r=1/sig=0/cf=1,A_core,0.02,0.4,1.0,1.0,0.0,1.0,1.0,wiki_A,native,offline_taxblind,2307676486.287,0.955572,,,,,,,,,,,always_compile_evict,1.0
h=0.02/q0=0.4/p=1/r=1/sig=0/cf=1,A_core,0.02,0.4,1.0,1.0,0.0,1.0,1.0,wiki_A,native,offline_opt_tax,2341160725.631,0.969438,,,,,,,,,,,always_compile_evict,1.0
h=0.02/q0=0.4/p=1/r=1/sig=0/cf=1,A_core,0.02,0.4,1.0,1.0,0.0,1.0,1.0,wiki_B,autorpa_233k,always_reactive,8991713899.193,1.069735,0.0,0.0,0.0,0.0,0.0,0.0,0.0,0.004,0.0,0.0,ours_noinflate,0.981244
h=0.02/q0=0.4/p=1/r=1/sig=0/cf=1,A_core,0.02,0.4,1.0,1.0,0.0,1.0,1.0,wiki_B,autorpa_233k,always_compile_evict,8566221843.21,1.019114,65.9,85.3,2271.3,574.7,0.0,11560.8,1807.0,0.062,0.0,0.0,ours_noinflate,0.981244
h=0.02/q0=0.4/p=1/r=1/sig=0/cf=1,A_core,0.02,0.4,1.0,1.0,0.0,1.0,1.0,wiki_B,autorpa_233k,ours_noinflate,8405556355.575,1.0,50.3,65.2,1239.2,415.3,0.0,8491.3,908.6,0.047,0.0,0.0,ours_noinflate,0.981244
h=0.02/q0=0.4/p=1/r=1/sig=0/cf=1,A_core,0.02,0.4,1.0,1.0,0.0,1.0,1.0,wiki_B,autorpa_233k,oracle_tax,8853099154.377,1.053244,40.2,41.1,118.0,77.8,0.0,1556.2,61.1,0.015,0.0,0.0,ours_noinflate,0.981244
h=0.02/q0=0.4/p=1/r=1/sig=0/cf=1,A_core,0.02,0.4,1.0,1.0,0.0,1.0,1.0,wiki_B,autorpa_233k,ours_spend_cap,8405556355.575,1.0,50.3,65.2,1239.2,415.3,0.0,8491.3,908.6,0.047,0.0,0.0,ours_noinflate,0.981244
h=0.02/q0=0.4/p=1/r=1/sig=0/cf=1,A_core,0.02,0.4,1.0,1.0,0.0,1.0,1.0,wiki_B,autorpa_233k,ours_cap_epoch,8405556355.575,1.0,50.3,65.2,1239.2,415.3,0.0,8491.3,908.6,0.047,0.0,0.0,ours_noinflate,0.981244
h=0.02/q0=0.4/p=1/r=1/sig=0/cf=1,A_core,0.02,0.4,1.0,1.0,0.0,1.0,1.0,wiki_B,autorpa_233k,ours_cap_realized,8405556355.575,1.0,50.3,65.2,1239.2,415.3,0.0,8491.3,908.6,0.047,0.0,0.0,ours_noinflate,0.981244
h=0.02/q0=0.4/p=1/r=1/sig=0/cf=1,A_core,0.02,0.4,1.0,1.0,0.0,1.0,1.0,wiki_B,autorpa_233k,ours_pi_prior,8408863372.191,1.000393,50.1,66.3,1198.4,408.8,0.0,8366.4,883.2,0.046,0.0,0.0,ours_noinflate,0.981244
h=0.02/q0=0.4/p=1/r=1/sig=0/cf=1,A_core,0.02,0.4,1.0,1.0,0.0,1.0,1.0,wiki_B,autorpa_233k,breakeven,8977794168.586,1.068079,1.8,9.3,457.3,46.1,0.0,925.6,357.6,0.007,0.0,0.0,ours_noinflate,0.981244
h=0.02/q0=0.4/p=1/r=1/sig=0/cf=1,A_core,0.02,0.4,1.0,1.0,0.0,1.0,1.0,wiki_B,autorpa_233k,breakeven_cap_epoch,8977794168.586,1.068079,1.8,9.3,457.3,46.1,0.0,925.6,357.6,0.007,0.0,0.0,ours_noinflate,0.981244
h=0.02/q0=0.4/p=1/r=1/sig=0/cf=1,A_core,0.02,0.4,1.0,1.0,0.0,1.0,1.0,wiki_B,autorpa_233k,offline_taxblind,7789108041.206,0.926662,,,,,,,,,,,ours_noinflate,0.981244
h=0.02/q0=0.4/p=1/r=1/sig=0/cf=1,A_core,0.02,0.4,1.0,1.0,0.0,1.0,1.0,wiki_B,autorpa_233k,offline_opt_tax,7970978083.382,0.948299,,,,,,,,,,,ours_noinflate,0.981244
h=0.02/q0=0.4/p=1/r=1/sig=0/cf=1,A_core,0.02,0.4,1.0,1.0,0.0,1.0,1.0,wiki_B,native,always_reactive,8991713899.193,1.116339,0.0,0.0,0.0,0.0,0.0,0.0,0.0,0.004,0.0,0.0,always_compile_evict,1.0
h=0.02/q0=0.4/p=1/r=1/sig=0/cf=1,A_core,0.02,0.4,1.0,1.0,0.0,1.0,1.0,wiki_B,native,always_compile_evict,8052085725.61,0.999683,34.5,52.8,2271.3,574.7,0.0,11560.8,1386.7,0.038,0.0,0.0,always_compile_evict,1.0
h=0.02/q0=0.4/p=1/r=1/sig=0/cf=1,A_core,0.02,0.4,1.0,1.0,0.0,1.0,1.0,wiki_B,native,ours_noinflate,8054641162.541,1.0,33.9,49.9,1697.2,509.2,0.0,10326.8,940.9,0.035,0.0,0.0,always_compile_evict,1.0
h=0.02/q0=0.4/p=1/r=1/sig=0/cf=1,A_core,0.02,0.4,1.0,1.0,0.0,1.0,1.0,wiki_B,native,oracle_tax,8832395422.138,1.09656,56.1,56.8,139.6,83.5,0.0,1704.3,65.7,0.017,0.0,0.0,always_compile_evict,1.0
h=0.02/q0=0.4/p=1/r=1/sig=0/cf=1,A_core,0.02,0.4,1.0,1.0,0.0,1.0,1.0,wiki_B,native,ours_spend_cap,8054641162.541,1.0,33.9,49.9,1697.2,509.2,0.0,10326.8,940.9,0.035,0.0,0.0,always_compile_evict,1.0
h=0.02/q0=0.4/p=1/r=1/sig=0/cf=1,A_core,0.02,0.4,1.0,1.0,0.0,1.0,1.0,wiki_B,native,ours_cap_epoch,8054641162.541,1.0,33.9,49.9,1697.2,509.2,0.0,10326.8,940.9,0.035,0.0,0.0,always_compile_evict,1.0
h=0.02/q0=0.4/p=1/r=1/sig=0/cf=1,A_core,0.02,0.4,1.0,1.0,0.0,1.0,1.0,wiki_B,native,ours_cap_realized,8054641162.541,1.0,33.9,49.9,1697.2,509.2,0.0,10326.8,940.9,0.035,0.0,0.0,always_compile_evict,1.0
h=0.02/q0=0.4/p=1/r=1/sig=0/cf=1,A_core,0.02,0.4,1.0,1.0,0.0,1.0,1.0,wiki_B,native,ours_pi_prior,8062528112.915,1.000979,32.5,49.1,1580.2,484.4,0.0,9802.9,856.6,0.033,0.0,0.0,always_compile_evict,1.0
h=0.02/q0=0.4/p=1/r=1/sig=0/cf=1,A_core,0.02,0.4,1.0,1.0,0.0,1.0,1.0,wiki_B,native,breakeven,8930278611.414,1.108712,3.9,8.4,826.1,57.1,0.0,1101.5,633.0,0.006,0.0,0.0,always_compile_evict,1.0
h=0.02/q0=0.4/p=1/r=1/sig=0/cf=1,A_core,0.02,0.4,1.0,1.0,0.0,1.0,1.0,wiki_B,native,breakeven_cap_epoch,8930278611.414,1.108712,3.9,8.4,826.1,57.1,0.0,1101.5,633.0,0.006,0.0,0.0,always_compile_evict,1.0
h=0.02/q0=0.4/p=1/r=1/sig=0/cf=1,A_core,0.02,0.4,1.0,1.0,0.0,1.0,1.0,wiki_B,native,offline_taxblind,7555199846.765,0.937993,,,,,,,,,,,always_compile_evict,1.0
h=0.02/q0=0.4/p=1/r=1/sig=0/cf=1,A_core,0.02,0.4,1.0,1.0,0.0,1.0,1.0,wiki_B,native,offline_opt_tax,7672105310.118,0.952507,,,,,,,,,,,always_compile_evict,1.0
h=0.1/q0=0.17/p=0.3/r=1/sig=0/cf=11.0877,B_q0,0.1,0.17,0.3,1.0,0.0,1.0,11.087667012373094,bpi2019,autorpa_233k,always_reactive,26858149732.486,0.464076,0.0,0.0,0.0,0.0,0.0,0.0,0.0,0.003,0.0,0.0,always_reactive,0.193454
h=0.1/q0=0.17/p=0.3/r=1/sig=0/cf=11.0877,B_q0,0.1,0.17,0.3,1.0,0.0,1.0,11.087667012373094,bpi2019,autorpa_233k,always_compile_evict,138834915928.619,2.3989,64.9,110.0,66813.4,19033.1,0.0,48030.4,66404.3,0.013,46733.0,120731266599.994,always_reactive,0.193454
h=0.1/q0=0.17/p=0.3/r=1/sig=0/cf=11.0877,B_q0,0.1,0.17,0.3,1.0,0.0,1.0,11.087667012373094,bpi2019,autorpa_233k,ours_noinflate,57874409566.853,1.0,17.6,32.9,19678.1,5667.9,0.0,14303.3,19486.7,0.009,13769.4,35572231663.321,always_reactive,0.193454
h=0.1/q0=0.17/p=0.3/r=1/sig=0/cf=11.0877,B_q0,0.1,0.17,0.3,1.0,0.0,1.0,11.087667012373094,bpi2019,autorpa_233k,oracle_tax,27617913552.834,0.477204,6.3,15.0,495.7,147.6,0.0,376.6,387.6,0.003,341.8,883015148.265,always_reactive,0.193454
h=0.1/q0=0.17/p=0.3/r=1/sig=0/cf=11.0877,B_q0,0.1,0.17,0.3,1.0,0.0,1.0,11.087667012373094,bpi2019,autorpa_233k,ours_spend_cap,28318067359.444,0.489302,4.0,11.3,793.9,128.1,0.0,317.7,746.2,0.007,554.5,1432509946.498,always_reactive,0.193454
h=0.1/q0=0.17/p=0.3/r=1/sig=0/cf=11.0877,B_q0,0.1,0.17,0.3,1.0,0.0,1.0,11.087667012373094,bpi2019,autorpa_233k,ours_cap_epoch,28318067359.444,0.489302,4.0,11.3,793.9,128.1,0.0,317.7,746.2,0.007,554.5,1432509946.498,always_reactive,0.193454
h=0.1/q0=0.17/p=0.3/r=1/sig=0/cf=11.0877,B_q0,0.1,0.17,0.3,1.0,0.0,1.0,11.087667012373094,bpi2019,autorpa_233k,ours_cap_realized,28355939332.451,0.489956,4.1,11.7,816.7,134.0,0.0,335.1,767.7,0.007,570.2,1473069741.196,always_reactive,0.193454
h=0.1/q0=0.17/p=0.3/r=1/sig=0/cf=11.0877,B_q0,0.1,0.17,0.3,1.0,0.0,1.0,11.087667012373094,bpi2019,autorpa_233k,ours_pi_prior,38491832376.662,0.665092,17.9,30.0,7100.6,1895.4,0.0,4829.2,6916.3,0.012,4981.3,12868821995.475,always_reactive,0.193454
h=0.1/q0=0.17/p=0.3/r=1/sig=0/cf=11.0877,B_q0,0.1,0.17,0.3,1.0,0.0,1.0,11.087667012373094,bpi2019,autorpa_233k,breakeven,31518361553.526,0.544599,1.5,11.6,2594.4,342.5,0.0,862.4,2381.6,0.005,1812.3,4681943689.88,always_reactive,0.193454
h=0.1/q0=0.17/p=0.3/r=1/sig=0/cf=11.0877,B_q0,0.1,0.17,0.3,1.0,0.0,1.0,11.087667012373094,bpi2019,autorpa_233k,breakeven_cap_epoch,28228473396.494,0.487754,0.2,6.1,741.7,65.1,0.0,168.7,702.1,0.004,519.7,1342606707.295,always_reactive,0.193454
h=0.1/q0=0.17/p=0.3/r=1/sig=0/cf=11.0877,B_q0,0.1,0.17,0.3,1.0,0.0,1.0,11.087667012373094,bpi2019,autorpa_233k,offline_taxblind,22011349484.426,0.38033,,,,,,,,,,,always_reactive,0.193454
h=0.1/q0=0.17/p=0.3/r=1/sig=0/cf=11.0877,B_q0,0.1,0.17,0.3,1.0,0.0,1.0,11.087667012373094,bpi2019,autorpa_233k,offline_opt_tax,22334718909.471,0.385917,,,,,,,,,,,always_reactive,0.193454
h=0.1/q0=0.17/p=0.3/r=1/sig=0/cf=11.0877,B_q0,0.1,0.17,0.3,1.0,0.0,1.0,11.087667012373094,bpi2019,native,always_reactive,26858149732.486,0.542234,0.0,0.0,0.0,0.0,0.0,0.0,0.0,0.003,0.0,0.0,always_reactive,0.393152
h=0.1/q0=0.17/p=0.3/r=1/sig=0/cf=11.0877,B_q0,0.1,0.17,0.3,1.0,0.0,1.0,11.087667012373094,bpi2019,native,always_compile_evict,68314992966.727,1.379199,41.4,71.8,66813.4,19033.1,0.0,48030.4,65819.3,0.016,46733.0,53559571856.209,always_reactive,0.393152
h=0.1/q0=0.17/p=0.3/r=1/sig=0/cf=11.0877,B_q0,0.1,0.17,0.3,1.0,0.0,1.0,11.087667012373094,bpi2019,native,ours_noinflate,49532369579.197,1.0,21.4,42.7,40189.6,11531.3,0.0,29143.8,39375.0,0.013,28115.6,33259342281.081,always_reactive,0.393152
h=0.1/q0=0.17/p=0.3/r=1/sig=0/cf=11.0877,B_q0,0.1,0.17,0.3,1.0,0.0,1.0,11.087667012373094,bpi2019,native,oracle_tax,27469002587.669,0.554567,14.1,22.0,1146.3,334.9,0.0,862.2,929.5,0.004,797.3,938780290.649,always_reactive,0.393152
h=0.1/q0=0.17/p=0.3/r=1/sig=0/cf=11.0877,B_q0,0.1,0.17,0.3,1.0,0.0,1.0,11.087667012373094,bpi2019,native,ours_spend_cap,28069196014.556,0.566684,2.4,11.9,1463.4,224.2,0.0,577.8,1219.6,0.006,1022.1,1264987967.818,always_reactive,0.393152
h=0.1/q0=0.17/p=0.3/r=1/sig=0/cf=11.0877,B_q0,0.1,0.17,0.3,1.0,0.0,1.0,11.087667012373094,bpi2019,native,ours_cap_epoch,28069196014.556,0.566684,2.4,11.9,1463.4,224.2,0.0,577.8,1219.6,0.006,1022.1,1264987967.818,always_reactive,0.393152
h=0.1/q0=0.17/p=0.3/r=1/sig=0/cf=11.0877,B_q0,0.1,0.17,0.3,1.0,0.0,1.0,11.087667012373094,bpi2019,native,ours_cap_realized,28166831115.849,0.568655,2.8,12.5,1614.1,262.2,0.0,676.1,1356.2,0.006,1126.8,1388726923.758,always_reactive,0.393152
h=0.1/q0=0.17/p=0.3/r=1/sig=0/cf=11.0877,B_q0,0.1,0.17,0.3,1.0,0.0,1.0,11.087667012373094,bpi2019,native,ours_pi_prior,44405759331.858,0.8965,21.6,37.5,30630.9,8732.2,0.0,22043.0,29886.8,0.013,21425.7,25377138844.499,always_reactive,0.393152
h=0.1/q0=0.17/p=0.3/r=1/sig=0/cf=11.0877,B_q0,0.1,0.17,0.3,1.0,0.0,1.0,11.087667012373094,bpi2019,native,breakeven,29985502139.456,0.605372,1.7,11.2,3893.4,378.8,0.0,951.9,3251.3,0.005,2720.7,3275583708.327,always_reactive,0.393152
h=0.1/q0=0.17/p=0.3/r=1/sig=0/cf=11.0877,B_q0,0.1,0.17,0.3,1.0,0.0,1.0,11.087667012373094,bpi2019,native,breakeven_cap_epoch,27953343538.036,0.564345,0.9,5.6,1317.2,85.8,0.0,223.2,1092.6,0.004,918.2,1105933111.0,always_reactive,0.393152
h=0.1/q0=0.17/p=0.3/r=1/sig=0/cf=11.0877,B_q0,0.1,0.17,0.3,1.0,0.0,1.0,11.087667012373094,bpi2019,native,offline_taxblind,15725490437.534,0.317479,,,,,,,,,,,always_reactive,0.393152
h=0.1/q0=0.17/p=0.3/r=1/sig=0/cf=11.0877,B_q0,0.1,0.17,0.3,1.0,0.0,1.0,11.087667012373094,bpi2019,native,offline_opt_tax,16152580365.357,0.326102,,,,,,,,,,,always_reactive,0.393152
h=0.1/q0=0.17/p=0.3/r=1/sig=0/cf=11.0877,B_q0,0.1,0.17,0.3,1.0,0.0,1.0,11.087667012373094,sepsis,autorpa_233k,always_reactive,93787502.059,0.811148,0.0,0.0,0.0,0.0,0.0,0.0,0.0,0.004,0.0,0.0,always_reactive,0.407385
h=0.1/q0=0.17/p=0.3/r=1/sig=0/cf=11.0877,B_q0,0.1,0.17,0.3,1.0,0.0,1.0,11.087667012373094,sepsis,autorpa_233k,always_compile_evict,230218345.436,1.991109,11.4,12.0,73.6,8.2,0.0,20.6,66.6,0.004,52.9,136663257.294,always_reactive,0.407385
h=0.1/q0=0.17/p=0.3/r=1/sig=0/cf=11.0877,B_q0,0.1,0.17,0.3,1.0,0.0,1.0,11.087667012373094,sepsis,autorpa_233k,ours_noinflate,115623165.566,1.0,3.0,3.5,13.5,1.6,0.0,3.7,11.3,0.004,8.7,22475809.801,always_reactive,0.407385
h=0.1/q0=0.17/p=0.3/r=1/sig=0/cf=11.0877,B_q0,0.1,0.17,0.3,1.0,0.0,1.0,11.087667012373094,sepsis,autorpa_233k,oracle_tax,97182219.846,0.840508,0.2,0.8,2.3,0.6,0.0,1.3,1.5,0.004,1.5,3875139.621,always_reactive,0.407385
h=0.1/q0=0.17/p=0.3/r=1/sig=0/cf=11.0877,B_q0,0.1,0.17,0.3,1.0,0.0,1.0,11.087667012373094,sepsis,autorpa_233k,ours_spend_cap,108604491.928,0.939297,1.6,2.2,9.0,1.3,0.0,2.8,7.5,0.004,5.9,15242215.842,always_reactive,0.407385
h=0.1/q0=0.17/p=0.3/r=1/sig=0/cf=11.0877,B_q0,0.1,0.17,0.3,1.0,0.0,1.0,11.087667012373094,sepsis,autorpa_233k,ours_cap_epoch,108604491.928,0.939297,1.6,2.2,9.0,1.3,0.0,2.8,7.5,0.004,5.9,15242215.842,always_reactive,0.407385
h=0.1/q0=0.17/p=0.3/r=1/sig=0/cf=11.0877,B_q0,0.1,0.17,0.3,1.0,0.0,1.0,11.087667012373094,sepsis,autorpa_233k,ours_cap_realized,108604491.928,0.939297,1.6,2.2,9.0,1.3,0.0,2.8,7.5,0.004,5.9,15242215.842,always_reactive,0.407385
h=0.1/q0=0.17/p=0.3/r=1/sig=0/cf=11.0877,B_q0,0.1,0.17,0.3,1.0,0.0,1.0,11.087667012373094,sepsis,autorpa_233k,ours_pi_prior,115101452.384,0.995488,2.0,2.4,11.8,1.4,0.0,3.7,10.1,0.004,8.4,21700781.877,always_reactive,0.407385
h=0.1/q0=0.17/p=0.3/r=1/sig=0/cf=11.0877,B_q0,0.1,0.17,0.3,1.0,0.0,1.0,11.087667012373094,sepsis,autorpa_233k,breakeven,118561291.826,1.025411,1.7,2.7,13.4,1.6,0.0,4.4,11.4,0.004,9.8,25317578.856,always_reactive,0.407385
h=0.1/q0=0.17/p=0.3/r=1/sig=0/cf=11.0877,B_q0,0.1,0.17,0.3,1.0,0.0,1.0,11.087667012373094,sepsis,autorpa_233k,breakeven_cap_epoch,105011092.188,0.908218,0.6,1.5,6.3,1.0,0.0,2.5,5.0,0.004,4.5,11625418.862,always_reactive,0.407385
h=0.1/q0=0.17/p=0.3/r=1/sig=0/cf=11.0877,B_q0,0.1,0.17,0.3,1.0,0.0,1.0,11.087667012373094,sepsis,autorpa_233k,offline_taxblind,93711752.831,0.810493,,,,,,,,,,,always_reactive,0.407385
h=0.1/q0=0.17/p=0.3/r=1/sig=0/cf=11.0877,B_q0,0.1,0.17,0.3,1.0,0.0,1.0,11.087667012373094,sepsis,autorpa_233k,offline_opt_tax,93756984.44,0.810884,,,,,,,,,,,always_reactive,0.407385
h=0.1/q0=0.17/p=0.3/r=1/sig=0/cf=11.0877,B_q0,0.1,0.17,0.3,1.0,0.0,1.0,11.087667012373094,sepsis,native,always_reactive,93787502.059,0.783106,0.0,0.0,0.0,0.0,0.0,0.0,0.0,0.004,0.0,0.0,always_reactive,0.592657
h=0.1/q0=0.17/p=0.3/r=1/sig=0/cf=11.0877,B_q0,0.1,0.17,0.3,1.0,0.0,1.0,11.087667012373094,sepsis,native,always_compile_evict,158249203.2,1.321348,10.2,11.4,73.6,8.2,0.0,20.6,62.1,0.006,52.9,67179994.808,always_reactive,0.592657
h=0.1/q0=0.17/p=0.3/r=1/sig=0/cf=11.0877,B_q0,0.1,0.17,0.3,1.0,0.0,1.0,11.087667012373094,sepsis,native,ours_noinflate,119763478.204,1.0,3.9,5.1,30.5,3.4,0.0,8.8,23.2,0.005,22.1,28112623.928,always_reactive,0.592657
h=0.1/q0=0.17/p=0.3/r=1/sig=0/cf=11.0877,B_q0,0.1,0.17,0.3,1.0,0.0,1.0,11.087667012373094,sepsis,native,oracle_tax,98980979.792,0.82647,1.3,1.9,8.1,1.3,0.0,2.9,5.6,0.005,5.5,6475970.9,always_reactive,0.592657
h=0.1/q0=0.17/p=0.3/r=1/sig=0/cf=11.0877,B_q0,0.1,0.17,0.3,1.0,0.0,1.0,11.087667012373094,sepsis,native,ours_spend_cap,105642448.314,0.882092,1.6,2.9,14.5,2.0,0.0,4.9,10.7,0.005,10.3,12922305.575,always_reactive,0.592657
h=0.1/q0=0.17/p=0.3/r=1/sig=0/cf=11.0877,B_q0,0.1,0.17,0.3,1.0,0.0,1.0,11.087667012373094,sepsis,native,ours_cap_epoch,105642448.314,0.882092,1.6,2.9,14.5,2.0,0.0,4.9,10.7,0.005,10.3,12922305.575,always_reactive,0.592657
h=0.1/q0=0.17/p=0.3/r=1/sig=0/cf=11.0877,B_q0,0.1,0.17,0.3,1.0,0.0,1.0,11.087667012373094,sepsis,native,ours_cap_realized,105695223.042,0.882533,1.8,2.9,14.8,2.0,0.0,5.0,10.8,0.005,10.4,13040050.5,always_reactive,0.592657
h=0.1/q0=0.17/p=0.3/r=1/sig=0/cf=11.0877,B_q0,0.1,0.17,0.3,1.0,0.0,1.0,11.087667012373094,sepsis,native,ours_pi_prior,120474207.359,1.005934,4.3,5.2,30.1,2.7,0.0,8.6,23.5,0.005,22.1,28489003.101,always_reactive,0.592657
h=0.1/q0=0.17/p=0.3/r=1/sig=0/cf=11.0877,B_q0,0.1,0.17,0.3,1.0,0.0,1.0,11.087667012373094,sepsis,native,breakeven,126199734.658,1.053741,3.8,5.8,36.1,4.2,0.0,10.8,28.2,0.005,26.7,34532568.292,always_reactive,0.592657
h=0.1/q0=0.17/p=0.3/r=1/sig=0/cf=11.0877,B_q0,0.1,0.17,0.3,1.0,0.0,1.0,11.087667012373094,sepsis,native,breakeven_cap_epoch,106519719.682,0.889417,1.3,3.0,15.1,2.0,0.0,4.8,11.2,0.005,11.0,13746520.053,always_reactive,0.592657
h=0.1/q0=0.17/p=0.3/r=1/sig=0/cf=11.0877,B_q0,0.1,0.17,0.3,1.0,0.0,1.0,11.087667012373094,sepsis,native,offline_taxblind,92016327.187,0.768317,,,,,,,,,,,always_reactive,0.592657
h=0.1/q0=0.17/p=0.3/r=1/sig=0/cf=11.0877,B_q0,0.1,0.17,0.3,1.0,0.0,1.0,11.087667012373094,sepsis,native,offline_opt_tax,92428267.007,0.771757,,,,,,,,,,,always_reactive,0.592657
h=0.1/q0=0.17/p=0.3/r=1/sig=0/cf=11.0877,B_q0,0.1,0.17,0.3,1.0,0.0,1.0,11.087667012373094,wiki_A,autorpa_233k,always_reactive,4770469730.199,0.660819,0.0,0.0,0.0,0.0,0.0,0.0,0.0,0.005,0.0,0.0,always_reactive,0.137084
h=0.1/q0=0.17/p=0.3/r=1/sig=0/cf=11.0877,B_q0,0.1,0.17,0.3,1.0,0.0,1.0,11.087667012373094,wiki_A,autorpa_233k,always_compile_evict,34799673335.514,4.820547,22.2,53.2,17364.1,5043.7,0.0,12774.8,16860.5,0.004,12141.9,31367705174.726,always_reactive,0.137084
h=0.1/q0=0.17/p=0.3/r=1/sig=0/cf=11.0877,B_q0,0.1,0.17,0.3,1.0,0.0,1.0,11.087667012373094,wiki_A,autorpa_233k,ours_noinflate,7219030666.366,1.0,7.6,16.7,1540.7,420.4,0.0,1068.2,1387.7,0.008,1077.7,2784158646.242,always_reactive,0.137084
h=0.1/q0=0.17/p=0.3/r=1/sig=0/cf=11.0877,B_q0,0.1,0.17,0.3,1.0,0.0,1.0,11.087667012373094,wiki_A,autorpa_233k,oracle_tax,5350737690.488,0.741199,2.3,4.1,368.5,105.3,0.0,260.9,295.5,0.005,260.9,674015951.382,always_reactive,0.137084
h=0.1/q0=0.17/p=0.3/r=1/sig=0/cf=11.0877,B_q0,0.1,0.17,0.3,1.0,0.0,1.0,11.087667012373094,wiki_A,autorpa_233k,ours_spend_cap,5007133520.99,0.693602,1.7,6.8,132.9,23.7,0.0,59.5,118.2,0.007,94.2,243358768.188,always_reactive,0.137084
h=0.1/q0=0.17/p=0.3/r=1/sig=0/cf=11.0877,B_q0,0.1,0.17,0.3,1.0,0.0,1.0,11.087667012373094,wiki_A,autorpa_233k,ours_cap_epoch,5007133520.99,0.693602,1.7,6.8,132.9,23.7,0.0,59.5,118.2,0.007,94.2,243358768.188,always_reactive,0.137084
h=0.1/q0=0.17/p=0.3/r=1/sig=0/cf=11.0877,B_q0,0.1,0.17,0.3,1.0,0.0,1.0,11.087667012373094,wiki_A,autorpa_233k,ours_cap_realized,5015129218.318,0.69471,1.8,7.0,137.5,24.5,0.0,61.8,122.6,0.007,97.6,252142417.995,always_reactive,0.137084
h=0.1/q0=0.17/p=0.3/r=1/sig=0/cf=11.0877,B_q0,0.1,0.17,0.3,1.0,0.0,1.0,11.087667012373094,wiki_A,autorpa_233k,ours_pi_prior,6554533233.703,0.907952,5.0,12.9,1130.5,309.3,0.0,788.9,1002.8,0.007,785.5,2029281448.105,always_reactive,0.137084
h=0.1/q0=0.17/p=0.3/r=1/sig=0/cf=11.0877,B_q0,0.1,0.17,0.3,1.0,0.0,1.0,11.087667012373094,wiki_A,autorpa_233k,breakeven,10219796758.926,1.415674,1.1,8.4,3131.3,860.7,0.0,2159.2,2859.8,0.003,2193.1,5665712468.287,always_reactive,0.137084
h=0.1/q0=0.17/p=0.3/r=1/sig=0/cf=11.0877,B_q0,0.1,0.17,0.3,1.0,0.0,1.0,11.087667012373094,wiki_A,autorpa_233k,breakeven_cap_epoch,5041698639.703,0.69839,0.5,4.2,151.3,23.0,0.0,53.8,137.4,0.006,105.4,272293144.023,always_reactive,0.137084
h=0.1/q0=0.17/p=0.3/r=1/sig=0/cf=11.0877,B_q0,0.1,0.17,0.3,1.0,0.0,1.0,11.087667012373094,wiki_A,autorpa_233k,offline_taxblind,4408917859.925,0.610735,,,,,,,,,,,always_reactive,0.137084
h=0.1/q0=0.17/p=0.3/r=1/sig=0/cf=11.0877,B_q0,0.1,0.17,0.3,1.0,0.0,1.0,11.087667012373094,wiki_A,autorpa_233k,offline_opt_tax,4436060421.909,0.614495,,,,,,,,,,,always_reactive,0.137084
h=0.1/q0=0.17/p=0.3/r=1/sig=0/cf=11.0877,B_q0,0.1,0.17,0.3,1.0,0.0,1.0,11.087667012373094,wiki_A,native,always_reactive,4770469730.199,0.664971,0.0,0.0,0.0,0.0,0.0,0.0,0.0,0.005,0.0,0.0,always_reactive,0.254023
h=0.1/q0=0.17/p=0.3/r=1/sig=0/cf=11.0877,B_q0,0.1,0.17,0.3,1.0,0.0,1.0,11.087667012373094,wiki_A,native,always_compile_evict,18779704677.31,2.617764,10.2,38.3,17364.1,5043.7,0.0,12774.8,16658.5,0.005,12141.9,15981813398.339,always_reactive,0.254023
h=0.1/q0=0.17/p=0.3/r=1/sig=0/cf=11.0877,B_q0,0.1,0.17,0.3,1.0,0.0,1.0,11.087667012373094,wiki_A,native,ours_noinflate,7173948276.472,1.0,6.6,23.6,3797.0,1039.5,0.0,2641.0,3327.6,0.009,2658.1,3261050554.889,always_reactive,0.254023
h=0.1/q0=0.17/p=0.3/r=1/sig=0/cf=11.0877,B_q0,0.1,0.17,0.3,1.0,0.0,1.0,11.087667012373094,wiki_A,native,oracle_tax,5127172816.111,0.714693,4.0,6.3,670.9,195.4,0.0,493.3,551.9,0.005,471.5,556380100.852,always_reactive,0.254023
h=0.1/q0=0.17/p=0.3/r=1/sig=0/cf=11.0877,B_q0,0.1,0.17,0.3,1.0,0.0,1.0,11.087667012373094,wiki_A,native,ours_spend_cap,4985957309.993,0.695009,0.4,7.9,266.0,43.7,0.0,108.6,217.0,0.007,185.8,230939664.738,always_reactive,0.254023
h=0.1/q0=0.17/p=0.3/r=1/sig=0/cf=11.0877,B_q0,0.1,0.17,0.3,1.0,0.0,1.0,11.087667012373094,wiki_A,native,ours_cap_epoch,4985957309.993,0.695009,0.4,7.9,266.0,43.7,0.0,108.6,217.0,0.007,185.8,230939664.738,always_reactive,0.254023
h=0.1/q0=0.17/p=0.3/r=1/sig=0/cf=11.0877,B_q0,0.1,0.17,0.3,1.0,0.0,1.0,11.087667012373094,wiki_A,native,ours_cap_realized,5004452911.448,0.697587,0.6,8.4,298.9,52.7,0.0,132.2,243.8,0.007,207.9,257128572.896,always_reactive,0.254023
h=0.1/q0=0.17/p=0.3/r=1/sig=0/cf=11.0877,B_q0,0.1,0.17,0.3,1.0,0.0,1.0,11.087667012373094,wiki_A,native,ours_pi_prior,7252111079.122,1.010895,5.1,19.5,3756.0,1047.6,0.0,2654.9,3329.3,0.009,2624.6,3232144621.691,always_reactive,0.254023
h=0.1/q0=0.17/p=0.3/r=1/sig=0/cf=11.0877,B_q0,0.1,0.17,0.3,1.0,0.0,1.0,11.087667012373094,wiki_A,native,breakeven,8203447440.031,1.143505,0.3,7.4,4499.0,1224.0,0.0,3073.4,4068.3,0.004,3140.2,3845928642.623,always_reactive,0.254023
h=0.1/q0=0.17/p=0.3/r=1/sig=0/cf=11.0877,B_q0,0.1,0.17,0.3,1.0,0.0,1.0,11.087667012373094,wiki_A,native,breakeven_cap_epoch,4960719035.647,0.691491,0.0,4.0,238.2,29.2,0.0,67.9,195.9,0.005,165.8,198859418.404,always_reactive,0.254023
h=0.1/q0=0.17/p=0.3/r=1/sig=0/cf=11.0877,B_q0,0.1,0.17,0.3,1.0,0.0,1.0,11.087667012373094,wiki_A,native,offline_taxblind,3884447729.442,0.541466,,,,,,,,,,,always_reactive,0.254023
h=0.1/q0=0.17/p=0.3/r=1/sig=0/cf=11.0877,B_q0,0.1,0.17,0.3,1.0,0.0,1.0,11.087667012373094,wiki_A,native,offline_opt_tax,3926494740.259,0.547327,,,,,,,,,,,always_reactive,0.254023
h=0.1/q0=0.17/p=0.3/r=1/sig=0/cf=11.0877,B_q0,0.1,0.17,0.3,1.0,0.0,1.0,11.087667012373094,wiki_B,autorpa_233k,always_reactive,8991713899.193,0.705817,0.0,0.0,0.0,0.0,0.0,0.0,0.0,0.004,0.0,0.0,always_reactive,0.327806
h=0.1/q0=0.17/p=0.3/r=1/sig=0/cf=11.0877,B_q0,0.1,0.17,0.3,1.0,0.0,1.0,11.087667012373094,wiki_B,autorpa_233k,always_compile_evict,27429946023.75,2.153151,104.6,118.5,10149.8,2137.0,0.0,5340.1,9838.0,0.028,7119.2,18391929325.715,always_reactive,0.327806
h=0.1/q0=0.17/p=0.3/r=1/sig=0/cf=11.0877,B_q0,0.1,0.17,0.3,1.0,0.0,1.0,11.087667012373094,wiki_B,autorpa_233k,ours_noinflate,12739442705.19,1.0,26.5,34.1,2168.5,442.4,0.0,1118.5,2023.1,0.016,1518.4,3922674666.84,always_reactive,0.327806
h=0.1/q0=0.17/p=0.3/r=1/sig=0/cf=11.0877,B_q0,0.1,0.17,0.3,1.0,0.0,1.0,11.087667012373094,wiki_B,autorpa_233k,oracle_tax,9029063483.275,0.708749,0.8,2.0,23.5,6.3,0.0,15.3,17.9,0.004,16.4,42368193.188,always_reactive,0.327806
h=0.1/q0=0.17/p=0.3/r=1/sig=0/cf=11.0877,B_q0,0.1,0.17,0.3,1.0,0.0,1.0,11.087667012373094,wiki_B,autorpa_233k,ours_spend_cap,10126740963.592,0.794912,11.3,15.6,623.0,82.4,0.0,215.0,582.2,0.01,433.9,1120948720.984,always_reactive,0.327806
h=0.1/q0=0.17/p=0.3/r=1/sig=0/cf=11.0877,B_q0,0.1,0.17,0.3,1.0,0.0,1.0,11.087667012373094,wiki_B,autorpa_233k,ours_cap_epoch,10126740963.592,0.794912,11.3,15.6,623.0,82.4,0.0,215.0,582.2,0.01,433.9,1120948720.984,always_reactive,0.327806
h=0.1/q0=0.17/p=0.3/r=1/sig=0/cf=11.0877,B_q0,0.1,0.17,0.3,1.0,0.0,1.0,11.087667012373094,wiki_B,autorpa_233k,ours_cap_realized,10146534434.445,0.796466,11.3,15.8,634.6,85.1,0.0,221.2,593.3,0.01,442.0,1141874474.936,always_reactive,0.327806
h=0.1/q0=0.17/p=0.3/r=1/sig=0/cf=11.0877,B_q0,0.1,0.17,0.3,1.0,0.0,1.0,11.087667012373094,wiki_B,autorpa_233k,ours_pi_prior,12487506987.703,0.980224,23.9,30.8,2025.9,420.4,0.0,1074.3,1885.5,0.015,1415.1,3655806718.286,always_reactive,0.327806
h=0.1/q0=0.17/p=0.3/r=1/sig=0/cf=11.0877,B_q0,0.1,0.17,0.3,1.0,0.0,1.0,11.087667012373094,wiki_B,autorpa_233k,breakeven,11950239426.025,0.93805,3.5,13.1,1644.0,216.9,0.0,553.8,1505.8,0.007,1151.3,2974298830.303,always_reactive,0.327806
h=0.1/q0=0.17/p=0.3/r=1/sig=0/cf=11.0877,B_q0,0.1,0.17,0.3,1.0,0.0,1.0,11.087667012373094,wiki_B,autorpa_233k,breakeven_cap_epoch,9995203402.999,0.784587,1.0,7.0,541.8,48.5,0.0,128.1,512.5,0.005,383.0,989452316.517,always_reactive,0.327806
h=0.1/q0=0.17/p=0.3/r=1/sig=0/cf=11.0877,B_q0,0.1,0.17,0.3,1.0,0.0,1.0,11.087667012373094,wiki_B,autorpa_233k,offline_taxblind,8710755603.603,0.683763,,,,,,,,,,,always_reactive,0.327806
h=0.1/q0=0.17/p=0.3/r=1/sig=0/cf=11.0877,B_q0,0.1,0.17,0.3,1.0,0.0,1.0,11.087667012373094,wiki_B,autorpa_233k,offline_opt_tax,8803354498.724,0.691031,,,,,,,,,,,always_reactive,0.327806
h=0.1/q0=0.17/p=0.3/r=1/sig=0/cf=11.0877,B_q0,0.1,0.17,0.3,1.0,0.0,1.0,11.087667012373094,wiki_B,native,always_reactive,8991713899.193,0.709106,0.0,0.0,0.0,0.0,0.0,0.0,0.0,0.004,0.0,0.0,always_reactive,0.529896
h=0.1/q0=0.17/p=0.3/r=1/sig=0/cf=11.0877,B_q0,0.1,0.17,0.3,1.0,0.0,1.0,11.087667012373094,wiki_B,native,always_compile_evict,16968829735.789,1.338198,66.5,76.7,10149.8,2137.0,0.0,5340.1,9468.2,0.027,7119.2,8595945543.667,always_reactive,0.529896
h=0.1/q0=0.17/p=0.3/r=1/sig=0/cf=11.0877,B_q0,0.1,0.17,0.3,1.0,0.0,1.0,11.087667012373094,wiki_B,native,ours_noinflate,12680353391.833,1.0,34.6,42.7,5007.9,1006.4,0.0,2541.8,4419.3,0.02,3511.6,4282773276.773,always_reactive,0.529896
h=0.1/q0=0.17/p=0.3/r=1/sig=0/cf=11.0877,B_q0,0.1,0.17,0.3,1.0,0.0,1.0,11.087667012373094,wiki_B,native,oracle_tax,9089063608.586,0.716783,10.5,12.8,146.7,33.0,0.0,85.7,112.8,0.005,103.2,121512763.069,always_reactive,0.529896
h=0.1/q0=0.17/p=0.3/r=1/sig=0/cf=11.0877,B_q0,0.1,0.17,0.3,1.0,0.0,1.0,11.087667012373094,wiki_B,native,ours_spend_cap,10154063139.264,0.800771,10.0,16.4,1369.4,175.0,0.0,447.2,1159.2,0.01,957.7,1193342226.631,always_reactive,0.529896
h=0.1/q0=0.17/p=0.3/r=1/sig=0/cf=11.0877,B_q0,0.1,0.17,0.3,1.0,0.0,1.0,11.087667012373094,wiki_B,native,ours_cap_epoch,10154063139.264,0.800771,10.0,16.4,1369.4,175.0,0.0,447.2,1159.2,0.01,957.7,1193342226.631,always_reactive,0.529896
h=0.1/q0=0.17/p=0.3/r=1/sig=0/cf=11.0877,B_q0,0.1,0.17,0.3,1.0,0.0,1.0,11.087667012373094,wiki_B,native,ours_cap_realized,10210624479.617,0.805232,10.8,17.2,1451.5,193.4,0.0,496.0,1235.2,0.011,1015.4,1261699247.699,always_reactive,0.529896
h=0.1/q0=0.17/p=0.3/r=1/sig=0/cf=11.0877,B_q0,0.1,0.17,0.3,1.0,0.0,1.0,11.087667012373094,wiki_B,native,ours_pi_prior,12263727279.765,0.967144,28.9,39.0,4462.0,911.5,0.0,2311.7,3954.0,0.019,3132.4,3819263816.871,always_reactive,0.529896
h=0.1/q0=0.17/p=0.3/r=1/sig=0/cf=11.0877,B_q0,0.1,0.17,0.3,1.0,0.0,1.0,11.087667012373094,wiki_B,native,breakeven,11359850243.164,0.895862,3.7,13.4,2889.7,266.0,0.0,677.5,2471.8,0.007,2021.9,2449980235.411,always_reactive,0.529896
h=0.1/q0=0.17/p=0.3/r=1/sig=0/cf=11.0877,B_q0,0.1,0.17,0.3,1.0,0.0,1.0,11.087667012373094,wiki_B,native,breakeven_cap_epoch,9915331416.382,0.781944,1.2,7.4,1096.9,71.5,0.0,185.5,933.7,0.005,768.2,931113978.864,always_reactive,0.529896
h=0.1/q0=0.17/p=0.3/r=1/sig=0/cf=11.0877,B_q0,0.1,0.17,0.3,1.0,0.0,1.0,11.087667012373094,wiki_B,native,offline_taxblind,8204268870.829,0.647006,,,,,,,,,,,always_reactive,0.529896
h=0.1/q0=0.17/p=0.3/r=1/sig=0/cf=11.0877,B_q0,0.1,0.17,0.3,1.0,0.0,1.0,11.087667012373094,wiki_B,native,offline_opt_tax,8328045777.494,0.656768,,,,,,,,,,,always_reactive,0.529896
h=0.1/q0=0.17/p=0.3/r=1/sig=0/cf=1,B_q0,0.1,0.17,0.3,1.0,0.0,1.0,1.0,bpi2019,autorpa_233k,always_reactive,26858149732.486,1.052829,0.0,0.0,0.0,0.0,0.0,0.0,0.0,0.003,0.0,0.0,ours_noinflate,0.8799
h=0.1/q0=0.17/p=0.3/r=1/sig=0/cf=1,B_q0,0.1,0.17,0.3,1.0,0.0,1.0,1.0,bpi2019,autorpa_233k,always_compile_evict,28992438328.717,1.136493,64.9,110.0,66813.4,19033.1,0.0,48030.4,66404.3,0.064,46733.0,10888789000.0,ours_noinflate,0.8799
h=0.1/q0=0.17/p=0.3/r=1/sig=0/cf=1,B_q0,0.1,0.17,0.3,1.0,0.0,1.0,1.0,bpi2019,autorpa_233k,ours_noinflate,25510448103.734,1.0,17.6,32.9,19678.1,5667.9,0.0,14303.3,19486.7,0.02,13769.4,3208270200.0,ours_noinflate,0.8799
h=0.1/q0=0.17/p=0.3/r=1/sig=0/cf=1,B_q0,0.1,0.17,0.3,1.0,0.0,1.0,1.0,bpi2019,autorpa_233k,oracle_tax,26814537804.569,1.05112,6.3,15.0,495.7,147.6,0.0,376.6,387.6,0.004,341.8,79639400.0,ours_noinflate,0.8799
h=0.1/q0=0.17/p=0.3/r=1/sig=0/cf=1,B_q0,0.1,0.17,0.3,1.0,0.0,1.0,1.0,bpi2019,autorpa_233k,ours_spend_cap,27145630409.461,1.064099,8.1,21.7,1862.2,362.3,0.0,902.9,1737.5,0.012,1300.3,302969900.0,ours_noinflate,0.8799
h=0.1/q0=0.17/p=0.3/r=1/sig=0/cf=1,B_q0,0.1,0.17,0.3,1.0,0.0,1.0,1.0,bpi2019,autorpa_233k,ours_cap_epoch,27150340643.771,1.064283,10.0,24.3,2387.6,502.6,0.0,1258.8,2232.3,0.014,1672.5,389692500.0,ours_noinflate,0.8799
h=0.1/q0=0.17/p=0.3/r=1/sig=0/cf=1,B_q0,0.1,0.17,0.3,1.0,0.0,1.0,1.0,bpi2019,autorpa_233k,ours_cap_realized,26080751509.166,1.022356,16.2,30.9,14240.2,4033.1,0.0,10155.4,14064.9,0.018,9973.1,2323732300.0,ours_noinflate,0.8799
h=0.1/q0=0.17/p=0.3/r=1/sig=0/cf=1,B_q0,0.1,0.17,0.3,1.0,0.0,1.0,1.0,bpi2019,autorpa_233k,ours_pi_prior,26783653281.228,1.049909,17.9,30.0,7100.6,1895.4,0.0,4829.2,6916.3,0.018,4981.3,1160642900.0,ours_noinflate,0.8799
h=0.1/q0=0.17/p=0.3/r=1/sig=0/cf=1,B_q0,0.1,0.17,0.3,1.0,0.0,1.0,1.0,bpi2019,autorpa_233k,breakeven,27258683763.643,1.06853,1.5,11.6,2594.4,342.5,0.0,862.4,2381.6,0.006,1812.3,422265900.0,ours_noinflate,0.8799
h=0.1/q0=0.17/p=0.3/r=1/sig=0/cf=1,B_q0,0.1,0.17,0.3,1.0,0.0,1.0,1.0,bpi2019,autorpa_233k,breakeven_cap_epoch,27155666961.567,1.064492,0.6,10.0,1786.2,197.6,0.0,495.2,1649.9,0.006,1248.8,290970400.0,ours_noinflate,0.8799
h=0.1/q0=0.17/p=0.3/r=1/sig=0/cf=1,B_q0,0.1,0.17,0.3,1.0,0.0,1.0,1.0,bpi2019,autorpa_233k,offline_taxblind,22011349484.426,0.862837,,,,,,,,,,,ours_noinflate,0.8799
h=0.1/q0=0.17/p=0.3/r=1/sig=0/cf=1,B_q0,0.1,0.17,0.3,1.0,0.0,1.0,1.0,bpi2019,autorpa_233k,offline_opt_tax,22334718909.471,0.875513,,,,,,,,,,,ours_noinflate,0.8799
h=0.1/q0=0.17/p=0.3/r=1/sig=0/cf=1,B_q0,0.1,0.17,0.3,1.0,0.0,1.0,1.0,bpi2019,native,always_reactive,26858149732.486,1.393585,0.0,0.0,0.0,0.0,0.0,0.0,0.0,0.003,0.0,0.0,ours_noinflate,0.984005
h=0.1/q0=0.17/p=0.3/r=1/sig=0/cf=1,B_q0,0.1,0.17,0.3,1.0,0.0,1.0,1.0,bpi2019,native,always_compile_evict,19585974895.964,1.016255,41.4,71.8,66813.4,19033.1,0.0,48030.4,65819.3,0.057,46733.0,4830553785.25,ours_noinflate,0.984005
h=0.1/q0=0.17/p=0.3/r=1/sig=0/cf=1,B_q0,0.1,0.17,0.3,1.0,0.0,1.0,1.0,bpi2019,native,ours_noinflate,19272697313.932,1.0,21.4,42.7,40189.6,11531.3,0.0,29143.8,39375.0,0.034,28115.6,2999670015.7,ours_noinflate,0.984005
h=0.1/q0=0.17/p=0.3/r=1/sig=0/cf=1,B_q0,0.1,0.17,0.3,1.0,0.0,1.0,1.0,bpi2019,native,oracle_tax,26614891171.869,1.380963,14.1,22.0,1146.3,334.9,0.0,862.2,929.5,0.004,797.3,84668874.85,ours_noinflate,0.984005
h=0.1/q0=0.17/p=0.3/r=1/sig=0/cf=1,B_q0,0.1,0.17,0.3,1.0,0.0,1.0,1.0,bpi2019,native,ours_spend_cap,26753639722.973,1.388163,8.2,26.7,4639.1,921.1,0.0,2333.2,3959.8,0.013,3250.1,355013414.2,ours_noinflate,0.984005
h=0.1/q0=0.17/p=0.3/r=1/sig=0/cf=1,B_q0,0.1,0.17,0.3,1.0,0.0,1.0,1.0,bpi2019,native,ours_cap_epoch,25880149642.314,1.34284,14.2,33.7,9328.4,2292.0,0.0,5816.5,8441.2,0.019,6523.8,703831591.35,ours_noinflate,0.984005
h=0.1/q0=0.17/p=0.3/r=1/sig=0/cf=1,B_q0,0.1,0.17,0.3,1.0,0.0,1.0,1.0,bpi2019,native,ours_cap_realized,19588576690.713,1.01639,20.5,41.8,38607.5,11057.1,0.0,27951.7,37802.4,0.032,27013.3,2881974392.6,ours_noinflate,0.984005
h=0.1/q0=0.17/p=0.3/r=1/sig=0/cf=1,B_q0,0.1,0.17,0.3,1.0,0.0,1.0,1.0,bpi2019,native,ours_pi_prior,21317392220.596,1.106093,21.6,37.5,30630.9,8732.2,0.0,22043.0,29886.8,0.028,21425.7,2288771733.15,ours_noinflate,0.984005
h=0.1/q0=0.17/p=0.3/r=1/sig=0/cf=1,B_q0,0.1,0.17,0.3,1.0,0.0,1.0,1.0,bpi2019,native,breakeven,27005344304.275,1.401223,1.7,11.2,3893.4,378.8,0.0,951.9,3251.3,0.005,2720.7,295425873.15,ours_noinflate,0.984005
h=0.1/q0=0.17/p=0.3/r=1/sig=0/cf=1,B_q0,0.1,0.17,0.3,1.0,0.0,1.0,1.0,bpi2019,native,breakeven_cap_epoch,26986215693.738,1.40023,1.5,10.9,3495.1,323.8,0.0,811.4,2889.0,0.005,2439.9,265380152.55,ours_noinflate,0.984005
h=0.1/q0=0.17/p=0.3/r=1/sig=0/cf=1,B_q0,0.1,0.17,0.3,1.0,0.0,1.0,1.0,bpi2019,native,offline_taxblind,15725490437.534,0.815947,,,,,,,,,,,ours_noinflate,0.984005
h=0.1/q0=0.17/p=0.3/r=1/sig=0/cf=1,B_q0,0.1,0.17,0.3,1.0,0.0,1.0,1.0,bpi2019,native,offline_opt_tax,16152580365.357,0.838107,,,,,,,,,,,ours_noinflate,0.984005
h=0.1/q0=0.17/p=0.3/r=1/sig=0/cf=1,B_q0,0.1,0.17,0.3,1.0,0.0,1.0,1.0,sepsis,autorpa_233k,always_reactive,93787502.059,0.985427,0.0,0.0,0.0,0.0,0.0,0.0,0.0,0.004,0.0,0.0,always_reactive,0.885784
h=0.1/q0=0.17/p=0.3/r=1/sig=0/cf=1,B_q0,0.1,0.17,0.3,1.0,0.0,1.0,1.0,sepsis,autorpa_233k,always_compile_evict,105880788.142,1.112492,11.4,12.0,73.6,8.2,0.0,20.6,66.6,0.008,52.9,12325700.0,always_reactive,0.885784
h=0.1/q0=0.17/p=0.3/r=1/sig=0/cf=1,B_q0,0.1,0.17,0.3,1.0,0.0,1.0,1.0,sepsis,autorpa_233k,ours_noinflate,95174455.765,1.0,3.0,3.5,13.5,1.6,0.0,3.7,11.3,0.005,8.7,2027100.0,always_reactive,0.885784
h=0.1/q0=0.17/p=0.3/r=1/sig=0/cf=1,B_q0,0.1,0.17,0.3,1.0,0.0,1.0,1.0,sepsis,autorpa_233k,oracle_tax,93656580.225,0.984052,0.2,0.8,2.3,0.6,0.0,1.3,1.5,0.004,1.5,349500.0,always_reactive,0.885784
h=0.1/q0=0.17/p=0.3/r=1/sig=0/cf=1,B_q0,0.1,0.17,0.3,1.0,0.0,1.0,1.0,sepsis,autorpa_233k,ours_spend_cap,95174455.765,1.0,3.0,3.5,13.5,1.6,0.0,3.7,11.3,0.005,8.7,2027100.0,always_reactive,0.885784
h=0.1/q0=0.17/p=0.3/r=1/sig=0/cf=1,B_q0,0.1,0.17,0.3,1.0,0.0,1.0,1.0,sepsis,autorpa_233k,ours_cap_epoch,95174455.765,1.0,3.0,3.5,13.5,1.6,0.0,3.7,11.3,0.005,8.7,2027100.0,always_reactive,0.885784
h=0.1/q0=0.17/p=0.3/r=1/sig=0/cf=1,B_q0,0.1,0.17,0.3,1.0,0.0,1.0,1.0,sepsis,autorpa_233k,ours_cap_realized,95174455.765,1.0,3.0,3.5,13.5,1.6,0.0,3.7,11.3,0.005,8.7,2027100.0,always_reactive,0.885784
h=0.1/q0=0.17/p=0.3/r=1/sig=0/cf=1,B_q0,0.1,0.17,0.3,1.0,0.0,1.0,1.0,sepsis,autorpa_233k,ours_pi_prior,95357870.507,1.001927,2.0,2.4,11.8,1.4,0.0,3.7,10.1,0.005,8.4,1957200.0,always_reactive,0.885784
h=0.1/q0=0.17/p=0.3/r=1/sig=0/cf=1,B_q0,0.1,0.17,0.3,1.0,0.0,1.0,1.0,sepsis,autorpa_233k,breakeven,95527112.97,1.003705,1.7,2.7,13.4,1.6,0.0,4.4,11.4,0.005,9.8,2283400.0,always_reactive,0.885784
h=0.1/q0=0.17/p=0.3/r=1/sig=0/cf=1,B_q0,0.1,0.17,0.3,1.0,0.0,1.0,1.0,sepsis,autorpa_233k,breakeven_cap_epoch,95414648.328,1.002524,1.7,2.5,12.6,1.3,0.0,3.6,10.8,0.005,9.3,2166900.0,always_reactive,0.885784
h=0.1/q0=0.17/p=0.3/r=1/sig=0/cf=1,B_q0,0.1,0.17,0.3,1.0,0.0,1.0,1.0,sepsis,autorpa_233k,offline_taxblind,93711752.831,0.984631,,,,,,,,,,,always_reactive,0.885784
h=0.1/q0=0.17/p=0.3/r=1/sig=0/cf=1,B_q0,0.1,0.17,0.3,1.0,0.0,1.0,1.0,sepsis,autorpa_233k,offline_opt_tax,93756984.44,0.985107,,,,,,,,,,,always_reactive,0.885784
h=0.1/q0=0.17/p=0.3/r=1/sig=0/cf=1,B_q0,0.1,0.17,0.3,1.0,0.0,1.0,1.0,sepsis,native,always_reactive,93787502.059,0.995765,0.0,0.0,0.0,0.0,0.0,0.0,0.0,0.004,0.0,0.0,always_reactive,0.965605
h=0.1/q0=0.17/p=0.3/r=1/sig=0/cf=1,B_q0,0.1,0.17,0.3,1.0,0.0,1.0,1.0,sepsis,native,always_compile_evict,97128192.192,1.031234,10.2,11.4,73.6,8.2,0.0,20.6,62.1,0.009,52.9,6058983.8,always_reactive,0.965605
h=0.1/q0=0.17/p=0.3/r=1/sig=0/cf=1,B_q0,0.1,0.17,0.3,1.0,0.0,1.0,1.0,sepsis,native,ours_noinflate,94186340.226,1.0,3.9,5.1,30.5,3.4,0.0,8.8,23.2,0.006,22.1,2535485.95,always_reactive,0.965605
h=0.1/q0=0.17/p=0.3/r=1/sig=0/cf=1,B_q0,0.1,0.17,0.3,1.0,0.0,1.0,1.0,sepsis,native,oracle_tax,93089078.642,0.98835,1.3,1.9,8.1,1.3,0.0,2.9,5.6,0.005,5.5,584069.75,always_reactive,0.965605
h=0.1/q0=0.17/p=0.3/r=1/sig=0/cf=1,B_q0,0.1,0.17,0.3,1.0,0.0,1.0,1.0,sepsis,native,ours_spend_cap,94196775.615,1.000111,3.8,5.0,30.4,3.4,0.0,8.8,23.2,0.006,22.1,2535485.95,always_reactive,0.965605
h=0.1/q0=0.17/p=0.3/r=1/sig=0/cf=1,B_q0,0.1,0.17,0.3,1.0,0.0,1.0,1.0,sepsis,native,ours_cap_epoch,94186340.226,1.0,3.9,5.1,30.5,3.4,0.0,8.8,23.2,0.006,22.1,2535485.95,always_reactive,0.965605
h=0.1/q0=0.17/p=0.3/r=1/sig=0/cf=1,B_q0,0.1,0.17,0.3,1.0,0.0,1.0,1.0,sepsis,native,ours_cap_realized,94186340.226,1.0,3.9,5.1,30.5,3.4,0.0,8.8,23.2,0.006,22.1,2535485.95,always_reactive,0.965605
h=0.1/q0=0.17/p=0.3/r=1/sig=0/cf=1,B_q0,0.1,0.17,0.3,1.0,0.0,1.0,1.0,sepsis,native,ours_pi_prior,94554635.958,1.00391,4.3,5.2,30.1,2.7,0.0,8.6,23.5,0.006,22.1,2569431.7,always_reactive,0.965605
h=0.1/q0=0.17/p=0.3/r=1/sig=0/cf=1,B_q0,0.1,0.17,0.3,1.0,0.0,1.0,1.0,sepsis,native,breakeven,94781669.015,1.006321,3.8,5.8,36.1,4.2,0.0,10.8,28.2,0.006,26.7,3114502.65,always_reactive,0.965605
h=0.1/q0=0.17/p=0.3/r=1/sig=0/cf=1,B_q0,0.1,0.17,0.3,1.0,0.0,1.0,1.0,sepsis,native,breakeven_cap_epoch,94553686.253,1.0039,3.7,5.6,33.9,3.9,0.0,10.3,26.1,0.006,25.0,2884939.25,always_reactive,0.965605
h=0.1/q0=0.17/p=0.3/r=1/sig=0/cf=1,B_q0,0.1,0.17,0.3,1.0,0.0,1.0,1.0,sepsis,native,offline_taxblind,92016327.187,0.97696,,,,,,,,,,,always_reactive,0.965605
h=0.1/q0=0.17/p=0.3/r=1/sig=0/cf=1,B_q0,0.1,0.17,0.3,1.0,0.0,1.0,1.0,sepsis,native,offline_opt_tax,92428267.007,0.981334,,,,,,,,,,,always_reactive,0.965605
h=0.1/q0=0.17/p=0.3/r=1/sig=0/cf=1,B_q0,0.1,0.17,0.3,1.0,0.0,1.0,1.0,wiki_A,autorpa_233k,always_reactive,4770469730.199,1.018031,0.0,0.0,0.0,0.0,0.0,0.0,0.0,0.005,0.0,0.0,ours_noinflate,0.748435
h=0.1/q0=0.17/p=0.3/r=1/sig=0/cf=1,B_q0,0.1,0.17,0.3,1.0,0.0,1.0,1.0,wiki_A,autorpa_233k,always_compile_evict,6261030860.767,1.336121,22.2,53.2,17364.1,5043.7,0.0,12774.8,16860.5,0.022,12141.9,2829062700.0,ours_noinflate,0.748435
h=0.1/q0=0.17/p=0.3/r=1/sig=0/cf=1,B_q0,0.1,0.17,0.3,1.0,0.0,1.0,1.0,wiki_A,autorpa_233k,ours_noinflate,4685976120.125,1.0,7.6,16.7,1540.7,420.4,0.0,1068.2,1387.7,0.011,1077.7,251104100.0,ours_noinflate,0.748435
h=0.1/q0=0.17/p=0.3/r=1/sig=0/cf=1,B_q0,0.1,0.17,0.3,1.0,0.0,1.0,1.0,wiki_A,autorpa_233k,oracle_tax,4737511439.106,1.010998,2.3,4.1,368.5,105.3,0.0,260.9,295.5,0.005,260.9,60789700.0,ours_noinflate,0.748435
h=0.1/q0=0.17/p=0.3/r=1/sig=0/cf=1,B_q0,0.1,0.17,0.3,1.0,0.0,1.0,1.0,wiki_A,autorpa_233k,ours_spend_cap,4792888971.388,1.022815,4.3,13.5,333.1,68.0,0.0,174.0,288.8,0.009,231.6,53962800.0,ours_noinflate,0.748435
h=0.1/q0=0.17/p=0.3/r=1/sig=0/cf=1,B_q0,0.1,0.17,0.3,1.0,0.0,1.0,1.0,wiki_A,autorpa_233k,ours_cap_epoch,4787264545.948,1.021615,5.4,14.8,447.6,101.1,0.0,256.9,385.7,0.01,310.5,72346500.0,ours_noinflate,0.748435
h=0.1/q0=0.17/p=0.3/r=1/sig=0/cf=1,B_q0,0.1,0.17,0.3,1.0,0.0,1.0,1.0,wiki_A,autorpa_233k,ours_cap_realized,4704372802.894,1.003926,7.3,16.2,1367.1,368.1,0.0,931.2,1225.8,0.011,957.6,223120800.0,ours_noinflate,0.748435
h=0.1/q0=0.17/p=0.3/r=1/sig=0/cf=1,B_q0,0.1,0.17,0.3,1.0,0.0,1.0,1.0,wiki_A,autorpa_233k,ours_pi_prior,4708273285.599,1.004758,5.0,12.9,1130.5,309.3,0.0,788.9,1002.8,0.01,785.5,183021500.0,ours_noinflate,0.748435
h=0.1/q0=0.17/p=0.3/r=1/sig=0/cf=1,B_q0,0.1,0.17,0.3,1.0,0.0,1.0,1.0,wiki_A,autorpa_233k,breakeven,5065076590.641,1.080901,1.1,8.4,3131.3,860.7,0.0,2159.2,2859.8,0.007,2193.1,510992300.0,ours_noinflate,0.748435
h=0.1/q0=0.17/p=0.3/r=1/sig=0/cf=1,B_q0,0.1,0.17,0.3,1.0,0.0,1.0,1.0,wiki_A,autorpa_233k,breakeven_cap_epoch,4812969261.355,1.027101,1.0,6.2,444.0,82.5,0.0,196.1,382.1,0.007,309.1,72020300.0,ours_noinflate,0.748435
h=0.1/q0=0.17/p=0.3/r=1/sig=0/cf=1,B_q0,0.1,0.17,0.3,1.0,0.0,1.0,1.0,wiki_A,autorpa_233k,offline_taxblind,4408917859.925,0.940875,,,,,,,,,,,ours_noinflate,0.748435
h=0.1/q0=0.17/p=0.3/r=1/sig=0/cf=1,B_q0,0.1,0.17,0.3,1.0,0.0,1.0,1.0,wiki_A,autorpa_233k,offline_opt_tax,4436060421.909,0.946667,,,,,,,,,,,ours_noinflate,0.748435
h=0.1/q0=0.17/p=0.3/r=1/sig=0/cf=1,B_q0,0.1,0.17,0.3,1.0,0.0,1.0,1.0,wiki_A,native,always_reactive,4770469730.199,1.133933,0.0,0.0,0.0,0.0,0.0,0.0,0.0,0.005,0.0,0.0,ours_noinflate,0.992385
h=0.1/q0=0.17/p=0.3/r=1/sig=0/cf=1,B_q0,0.1,0.17,0.3,1.0,0.0,1.0,1.0,wiki_A,native,always_compile_evict,4239295803.516,1.007674,10.2,38.3,17364.1,5043.7,0.0,12774.8,16658.5,0.023,12141.9,1441404524.55,ours_noinflate,0.992385
h=0.1/q0=0.17/p=0.3/r=1/sig=0/cf=1,B_q0,0.1,0.17,0.3,1.0,0.0,1.0,1.0,wiki_A,native,ours_noinflate,4207012845.283,1.0,6.6,23.6,3797.0,1039.5,0.0,2641.0,3327.6,0.016,2658.1,294115123.7,ours_noinflate,0.992385
h=0.1/q0=0.17/p=0.3/r=1/sig=0/cf=1,B_q0,0.1,0.17,0.3,1.0,0.0,1.0,1.0,wiki_A,native,oracle_tax,4620972802.759,1.098398,4.0,6.3,670.9,195.4,0.0,493.3,551.9,0.006,471.5,50180087.5,ours_noinflate,0.992385
h=0.1/q0=0.17/p=0.3/r=1/sig=0/cf=1,B_q0,0.1,0.17,0.3,1.0,0.0,1.0,1.0,wiki_A,native,ours_spend_cap,4720776877.219,1.122121,2.6,19.1,866.6,182.2,0.0,461.4,697.2,0.011,600.7,65929618.4,ours_noinflate,0.992385
h=0.1/q0=0.17/p=0.3/r=1/sig=0/cf=1,B_q0,0.1,0.17,0.3,1.0,0.0,1.0,1.0,wiki_A,native,ours_cap_epoch,4566021998.208,1.085336,4.3,21.4,1688.4,416.7,0.0,1036.3,1404.3,0.013,1179.9,127901398.05,ours_noinflate,0.992385
h=0.1/q0=0.17/p=0.3/r=1/sig=0/cf=1,B_q0,0.1,0.17,0.3,1.0,0.0,1.0,1.0,wiki_A,native,ours_cap_realized,4214021775.036,1.001666,6.5,23.3,3727.9,1020.2,0.0,2593.2,3264.7,0.016,2609.0,288833082.25,ours_noinflate,0.992385
h=0.1/q0=0.17/p=0.3/r=1/sig=0/cf=1,B_q0,0.1,0.17,0.3,1.0,0.0,1.0,1.0,wiki_A,native,ours_pi_prior,4311474546.38,1.02483,5.1,19.5,3756.0,1047.6,0.0,2654.9,3329.3,0.014,2624.6,291508088.95,ours_noinflate,0.992385
h=0.1/q0=0.17/p=0.3/r=1/sig=0/cf=1,B_q0,0.1,0.17,0.3,1.0,0.0,1.0,1.0,wiki_A,native,breakeven,4704384250.554,1.118224,0.3,7.4,4499.0,1224.0,0.0,3073.4,4068.3,0.007,3140.2,346865453.15,ours_noinflate,0.992385
h=0.1/q0=0.17/p=0.3/r=1/sig=0/cf=1,B_q0,0.1,0.17,0.3,1.0,0.0,1.0,1.0,wiki_A,native,breakeven_cap_epoch,4736828106.458,1.125936,0.3,7.2,918.3,166.6,0.0,408.2,725.3,0.007,638.3,69624563.35,ours_noinflate,0.992385
h=0.1/q0=0.17/p=0.3/r=1/sig=0/cf=1,B_q0,0.1,0.17,0.3,1.0,0.0,1.0,1.0,wiki_A,native,offline_taxblind,3884447729.442,0.923327,,,,,,,,,,,ours_noinflate,0.992385
h=0.1/q0=0.17/p=0.3/r=1/sig=0/cf=1,B_q0,0.1,0.17,0.3,1.0,0.0,1.0,1.0,wiki_A,native,offline_opt_tax,3926494740.259,0.933321,,,,,,,,,,,ours_noinflate,0.992385
h=0.1/q0=0.17/p=0.3/r=1/sig=0/cf=1,B_q0,0.1,0.17,0.3,1.0,0.0,1.0,1.0,wiki_B,autorpa_233k,always_reactive,8991713899.193,0.980498,0.0,0.0,0.0,0.0,0.0,0.0,0.0,0.004,0.0,0.0,always_reactive,0.840599
h=0.1/q0=0.17/p=0.3/r=1/sig=0/cf=1,B_q0,0.1,0.17,0.3,1.0,0.0,1.0,1.0,wiki_B,autorpa_233k,always_compile_evict,10696790298.033,1.166428,104.6,118.5,10149.8,2137.0,0.0,5340.1,9838.0,0.071,7119.2,1658773600.0,always_reactive,0.840599
h=0.1/q0=0.17/p=0.3/r=1/sig=0/cf=1,B_q0,0.1,0.17,0.3,1.0,0.0,1.0,1.0,wiki_B,autorpa_233k,ours_noinflate,9170555238.362,1.0,26.5,34.1,2168.5,442.4,0.0,1118.5,2023.1,0.022,1518.4,353787200.0,always_reactive,0.840599
h=0.1/q0=0.17/p=0.3/r=1/sig=0/cf=1,B_q0,0.1,0.17,0.3,1.0,0.0,1.0,1.0,wiki_B,autorpa_233k,oracle_tax,8990516490.087,0.980368,0.8,2.0,23.5,6.3,0.0,15.3,17.9,0.004,16.4,3821200.0,always_reactive,0.840599
h=0.1/q0=0.17/p=0.3/r=1/sig=0/cf=1,B_q0,0.1,0.17,0.3,1.0,0.0,1.0,1.0,wiki_B,autorpa_233k,ours_spend_cap,9195113877.897,1.002678,20.4,28.0,1319.7,214.0,0.0,545.3,1221.9,0.019,919.4,214220200.0,always_reactive,0.840599
h=0.1/q0=0.17/p=0.3/r=1/sig=0/cf=1,B_q0,0.1,0.17,0.3,1.0,0.0,1.0,1.0,wiki_B,autorpa_233k,ours_cap_epoch,9200713415.91,1.003289,22.5,30.6,1522.1,263.9,0.0,671.6,1413.3,0.02,1063.2,247725600.0,always_reactive,0.840599
h=0.1/q0=0.17/p=0.3/r=1/sig=0/cf=1,B_q0,0.1,0.17,0.3,1.0,0.0,1.0,1.0,wiki_B,autorpa_233k,ours_cap_realized,9173375492.716,1.000308,25.2,33.0,2058.6,412.3,0.0,1039.5,1917.7,0.022,1441.8,335939400.0,always_reactive,0.840599
h=0.1/q0=0.17/p=0.3/r=1/sig=0/cf=1,B_q0,0.1,0.17,0.3,1.0,0.0,1.0,1.0,wiki_B,autorpa_233k,ours_pi_prior,9161418569.429,0.999004,23.9,30.8,2025.9,420.4,0.0,1074.3,1885.5,0.021,1415.1,329718300.0,always_reactive,0.840599
h=0.1/q0=0.17/p=0.3/r=1/sig=0/cf=1,B_q0,0.1,0.17,0.3,1.0,0.0,1.0,1.0,wiki_B,autorpa_233k,breakeven,9244193495.732,1.00803,3.5,13.1,1644.0,216.9,0.0,553.8,1505.8,0.009,1151.3,268252900.0,always_reactive,0.840599
h=0.1/q0=0.17/p=0.3/r=1/sig=0/cf=1,B_q0,0.1,0.17,0.3,1.0,0.0,1.0,1.0,wiki_B,autorpa_233k,breakeven_cap_epoch,9184346976.876,1.001504,2.9,11.5,1190.4,131.2,0.0,342.8,1096.3,0.008,830.8,193576400.0,always_reactive,0.840599
h=0.1/q0=0.17/p=0.3/r=1/sig=0/cf=1,B_q0,0.1,0.17,0.3,1.0,0.0,1.0,1.0,wiki_B,autorpa_233k,offline_taxblind,8710755603.603,0.949861,,,,,,,,,,,always_reactive,0.840599
h=0.1/q0=0.17/p=0.3/r=1/sig=0/cf=1,B_q0,0.1,0.17,0.3,1.0,0.0,1.0,1.0,wiki_B,autorpa_233k,offline_opt_tax,8803354498.724,0.959959,,,,,,,,,,,always_reactive,0.840599
h=0.1/q0=0.17/p=0.3/r=1/sig=0/cf=1,B_q0,0.1,0.17,0.3,1.0,0.0,1.0,1.0,wiki_B,native,always_reactive,8991713899.193,1.023665,0.0,0.0,0.0,0.0,0.0,0.0,0.0,0.004,0.0,0.0,ours_noinflate,0.960177
h=0.1/q0=0.17/p=0.3/r=1/sig=0/cf=1,B_q0,0.1,0.17,0.3,1.0,0.0,1.0,1.0,wiki_B,native,always_compile_evict,9148155088.537,1.041475,66.5,76.7,10149.8,2137.0,0.0,5340.1,9468.2,0.051,7119.2,775270896.4,ours_noinflate,0.960177
h=0.1/q0=0.17/p=0.3/r=1/sig=0/cf=1,B_q0,0.1,0.17,0.3,1.0,0.0,1.0,1.0,wiki_B,native,ours_noinflate,8783844716.274,1.0,34.6,42.7,5007.9,1006.4,0.0,2541.8,4419.3,0.029,3511.6,386264601.2,ours_noinflate,0.960177
h=0.1/q0=0.17/p=0.3/r=1/sig=0/cf=1,B_q0,0.1,0.17,0.3,1.0,0.0,1.0,1.0,wiki_B,native,oracle_tax,8978510117.917,1.022162,10.5,12.8,146.7,33.0,0.0,85.7,112.8,0.005,103.2,10959272.4,ours_noinflate,0.960177
h=0.1/q0=0.17/p=0.3/r=1/sig=0/cf=1,B_q0,0.1,0.17,0.3,1.0,0.0,1.0,1.0,wiki_B,native,ours_spend_cap,9018614149.667,1.026727,26.3,33.4,3384.6,561.4,0.0,1408.3,2891.4,0.023,2366.8,260698854.35,ours_noinflate,0.960177
h=0.1/q0=0.17/p=0.3/r=1/sig=0/cf=1,B_q0,0.1,0.17,0.3,1.0,0.0,1.0,1.0,wiki_B,native,ours_cap_epoch,8871688086.332,1.010001,32.2,40.0,4340.6,823.2,0.0,2075.7,3782.1,0.027,3037.5,332685399.0,ours_noinflate,0.960177
h=0.1/q0=0.17/p=0.3/r=1/sig=0/cf=1,B_q0,0.1,0.17,0.3,1.0,0.0,1.0,1.0,wiki_B,native,ours_cap_realized,8789976021.235,1.000698,34.0,41.9,4938.5,989.1,0.0,2499.5,4350.6,0.029,3462.3,380950005.6,ours_noinflate,0.960177
h=0.1/q0=0.17/p=0.3/r=1/sig=0/cf=1,B_q0,0.1,0.17,0.3,1.0,0.0,1.0,1.0,wiki_B,native,ours_pi_prior,8788924007.457,1.000578,28.9,39.0,4462.0,911.5,0.0,2311.7,3954.0,0.027,3132.4,344460544.55,ours_noinflate,0.960177
h=0.1/q0=0.17/p=0.3/r=1/sig=0/cf=1,B_q0,0.1,0.17,0.3,1.0,0.0,1.0,1.0,wiki_B,native,breakeven,9130834457.062,1.039503,3.7,13.4,2889.7,266.0,0.0,677.5,2471.8,0.009,2021.9,220964449.3,ours_noinflate,0.960177
h=0.1/q0=0.17/p=0.3/r=1/sig=0/cf=1,B_q0,0.1,0.17,0.3,1.0,0.0,1.0,1.0,wiki_B,native,breakeven_cap_epoch,9120524032.996,1.038329,3.6,12.9,2600.7,215.4,0.0,550.4,2214.8,0.008,1821.8,199164254.35,ours_noinflate,0.960177
h=0.1/q0=0.17/p=0.3/r=1/sig=0/cf=1,B_q0,0.1,0.17,0.3,1.0,0.0,1.0,1.0,wiki_B,native,offline_taxblind,8204268870.829,0.934018,,,,,,,,,,,ours_noinflate,0.960177
h=0.1/q0=0.17/p=0.3/r=1/sig=0/cf=1,B_q0,0.1,0.17,0.3,1.0,0.0,1.0,1.0,wiki_B,native,offline_opt_tax,8328045777.494,0.948109,,,,,,,,,,,ours_noinflate,0.960177
h=0.1/q0=0.17/p=0/r=1/sig=0/cf=11.0877,B_q0,0.1,0.17,0.0,1.0,0.0,1.0,11.087667012373094,bpi2019,autorpa_233k,always_reactive,26858149732.486,0.87886,0.0,0.0,0.0,0.0,0.0,0.0,0.0,0.003,0.0,0.0,always_reactive,0.042054
h=0.1/q0=0.17/p=0/r=1/sig=0/cf=11.0877,B_q0,0.1,0.17,0.0,1.0,0.0,1.0,11.087667012373094,bpi2019,autorpa_233k,always_compile_evict,638660026217.309,20.898424,0.0,0.0,236818.0,0.0,0.0,0.0,236818.0,0.0,236818.0,611801876482.757,always_reactive,0.042054
h=0.1/q0=0.17/p=0/r=1/sig=0/cf=11.0877,B_q0,0.1,0.17,0.0,1.0,0.0,1.0,11.087667012373094,bpi2019,autorpa_233k,ours_noinflate,30560199783.584,1.0,0.0,0.0,1433.0,0.0,0.0,0.0,1433.0,0.003,1433.0,3702050051.094,always_reactive,0.042054
h=0.1/q0=0.17/p=0/r=1/sig=0/cf=11.0877,B_q0,0.1,0.17,0.0,1.0,0.0,1.0,11.087667012373094,bpi2019,autorpa_233k,oracle_tax,26858149732.486,0.87886,0.0,0.0,0.0,0.0,0.0,0.0,0.0,0.003,0.0,0.0,always_reactive,0.042054
h=0.1/q0=0.17/p=0/r=1/sig=0/cf=11.0877,B_q0,0.1,0.17,0.0,1.0,0.0,1.0,11.087667012373094,bpi2019,autorpa_233k,ours_spend_cap,28607129414.687,0.936091,0.0,0.0,677.0,0.0,0.0,0.0,677.0,0.003,677.0,1748979682.199,always_reactive,0.042054
h=0.1/q0=0.17/p=0/r=1/sig=0/cf=11.0877,B_q0,0.1,0.17,0.0,1.0,0.0,1.0,11.087667012373094,bpi2019,autorpa_233k,ours_cap_epoch,28607129414.687,0.936091,0.0,0.0,677.0,0.0,0.0,0.0,677.0,0.003,677.0,1748979682.199,always_reactive,0.042054
h=0.1/q0=0.17/p=0/r=1/sig=0/cf=11.0877,B_q0,0.1,0.17,0.0,1.0,0.0,1.0,11.087667012373094,bpi2019,autorpa_233k,ours_cap_realized,28607129414.687,0.936091,0.0,0.0,677.0,0.0,0.0,0.0,677.0,0.003,677.0,1748979682.199,always_reactive,0.042054
h=0.1/q0=0.17/p=0/r=1/sig=0/cf=11.0877,B_q0,0.1,0.17,0.0,1.0,0.0,1.0,11.087667012373094,bpi2019,autorpa_233k,ours_pi_prior,30606701459.034,1.001522,0.0,0.0,1451.0,0.0,0.0,0.0,1451.0,0.003,1451.0,3748551726.544,always_reactive,0.042054
h=0.1/q0=0.17/p=0/r=1/sig=0/cf=11.0877,B_q0,0.1,0.17,0.0,1.0,0.0,1.0,11.087667012373094,bpi2019,autorpa_233k,breakeven,232511809409.722,7.608321,0.0,0.0,79605.0,0.0,0.0,0.0,79605.0,0.0,79605.0,205653659677.114,always_reactive,0.042054
h=0.1/q0=0.17/p=0/r=1/sig=0/cf=11.0877,B_q0,0.1,0.17,0.0,1.0,0.0,1.0,11.087667012373094,bpi2019,autorpa_233k,breakeven_cap_epoch,28645880810.895,0.937359,0.0,0.0,692.0,0.0,0.0,0.0,692.0,0.003,692.0,1787731078.407,always_reactive,0.042054
h=0.1/q0=0.17/p=0/r=1/sig=0/cf=11.0877,B_q0,0.1,0.17,0.0,1.0,0.0,1.0,11.087667012373094,bpi2019,autorpa_233k,offline_taxblind,26858149732.495,0.87886,,,,,,,,,,,always_reactive,0.042054
h=0.1/q0=0.17/p=0/r=1/sig=0/cf=11.0877,B_q0,0.1,0.17,0.0,1.0,0.0,1.0,11.087667012373094,bpi2019,autorpa_233k,offline_opt_tax,26858149732.495,0.87886,,,,,,,,,,,always_reactive,0.042054
h=0.1/q0=0.17/p=0/r=1/sig=0/cf=11.0877,B_q0,0.1,0.17,0.0,1.0,0.0,1.0,11.087667012373094,bpi2019,native,always_reactive,26858149732.486,0.838072,0.0,0.0,0.0,0.0,0.0,0.0,0.0,0.003,0.0,0.0,always_reactive,0.090199
h=0.1/q0=0.17/p=0/r=1/sig=0/cf=11.0877,B_q0,0.1,0.17,0.0,1.0,0.0,1.0,11.087667012373094,bpi2019,native,always_compile_evict,297766090738.087,9.291386,0.0,0.0,236818.0,0.0,0.0,0.0,236818.0,0.0,236818.0,270907941005.199,always_reactive,0.090199
h=0.1/q0=0.17/p=0/r=1/sig=0/cf=11.0877,B_q0,0.1,0.17,0.0,1.0,0.0,1.0,11.087667012373094,bpi2019,native,ours_noinflate,32047542567.651,1.0,0.0,0.0,4310.0,0.0,0.0,0.0,4310.0,0.003,4310.0,5189392835.159,always_reactive,0.090199
h=0.1/q0=0.17/p=0/r=1/sig=0/cf=11.0877,B_q0,0.1,0.17,0.0,1.0,0.0,1.0,11.087667012373094,bpi2019,native,oracle_tax,26858149732.486,0.838072,0.0,0.0,0.0,0.0,0.0,0.0,0.0,0.003,0.0,0.0,always_reactive,0.090199
h=0.1/q0=0.17/p=0/r=1/sig=0/cf=11.0877,B_q0,0.1,0.17,0.0,1.0,0.0,1.0,11.087667012373094,bpi2019,native,ours_spend_cap,28422898873.986,0.886898,0.0,0.0,1265.0,0.0,0.0,0.0,1265.0,0.003,1265.0,1564749141.497,always_reactive,0.090199
h=0.1/q0=0.17/p=0/r=1/sig=0/cf=11.0877,B_q0,0.1,0.17,0.0,1.0,0.0,1.0,11.087667012373094,bpi2019,native,ours_cap_epoch,28422898873.986,0.886898,0.0,0.0,1265.0,0.0,0.0,0.0,1265.0,0.003,1265.0,1564749141.497,always_reactive,0.090199
h=0.1/q0=0.17/p=0/r=1/sig=0/cf=11.0877,B_q0,0.1,0.17,0.0,1.0,0.0,1.0,11.087667012373094,bpi2019,native,ours_cap_realized,28422898873.986,0.886898,0.0,0.0,1265.0,0.0,0.0,0.0,1265.0,0.003,1265.0,1564749141.497,always_reactive,0.090199
h=0.1/q0=0.17/p=0/r=1/sig=0/cf=11.0877,B_q0,0.1,0.17,0.0,1.0,0.0,1.0,11.087667012373094,bpi2019,native,ours_pi_prior,31655374817.9,0.987763,0.0,0.0,3978.0,0.0,0.0,0.0,3978.0,0.003,3978.0,4797225085.408,always_reactive,0.090199
h=0.1/q0=0.17/p=0/r=1/sig=0/cf=11.0877,B_q0,0.1,0.17,0.0,1.0,0.0,1.0,11.087667012373094,bpi2019,native,breakeven,225924404812.313,7.049664,0.0,0.0,168827.0,0.0,0.0,0.0,168827.0,0.0,168827.0,199066255079.35,always_reactive,0.090199
h=0.1/q0=0.17/p=0/r=1/sig=0/cf=11.0877,B_q0,0.1,0.17,0.0,1.0,0.0,1.0,11.087667012373094,bpi2019,native,breakeven_cap_epoch,28366795278.903,0.885147,0.0,0.0,1255.0,0.0,0.0,0.0,1255.0,0.003,1255.0,1508645546.414,always_reactive,0.090199
h=0.1/q0=0.17/p=0/r=1/sig=0/cf=11.0877,B_q0,0.1,0.17,0.0,1.0,0.0,1.0,11.087667012373094,bpi2019,native,offline_taxblind,26858149732.495,0.838072,,,,,,,,,,,always_reactive,0.090199
h=0.1/q0=0.17/p=0/r=1/sig=0/cf=11.0877,B_q0,0.1,0.17,0.0,1.0,0.0,1.0,11.087667012373094,bpi2019,native,offline_opt_tax,26858149732.495,0.838072,,,,,,,,,,,always_reactive,0.090199
h=0.1/q0=0.17/p=0/r=1/sig=0/cf=11.0877,B_q0,0.1,0.17,0.0,1.0,0.0,1.0,11.087667012373094,sepsis,autorpa_233k,always_reactive,93787502.059,0.707622,0.0,0.0,0.0,0.0,0.0,0.0,0.0,0.004,0.0,0.0,always_reactive,0.203605
h=0.1/q0=0.17/p=0/r=1/sig=0/cf=11.0877,B_q0,0.1,0.17,0.0,1.0,0.0,1.0,11.087667012373094,sepsis,autorpa_233k,always_compile_evict,460634052.831,3.475463,0.0,0.0,142.0,0.0,0.0,0.0,142.0,0.001,142.0,366846550.771,always_reactive,0.203605
h=0.1/q0=0.17/p=0/r=1/sig=0/cf=11.0877,B_q0,0.1,0.17,0.0,1.0,0.0,1.0,11.087667012373094,sepsis,autorpa_233k,ours_noinflate,132538898.268,1.0,0.0,0.0,15.0,0.0,0.0,0.0,15.0,0.003,15.0,38751396.208,always_reactive,0.203605
h=0.1/q0=0.17/p=0/r=1/sig=0/cf=11.0877,B_q0,0.1,0.17,0.0,1.0,0.0,1.0,11.087667012373094,sepsis,autorpa_233k,oracle_tax,93787502.059,0.707622,0.0,0.0,0.0,0.0,0.0,0.0,0.0,0.004,0.0,0.0,always_reactive,0.203605
h=0.1/q0=0.17/p=0/r=1/sig=0/cf=11.0877,B_q0,0.1,0.17,0.0,1.0,0.0,1.0,11.087667012373094,sepsis,autorpa_233k,ours_spend_cap,114454913.37,0.863557,0.0,0.0,8.0,0.0,0.0,0.0,8.0,0.003,8.0,20667411.311,always_reactive,0.203605
h=0.1/q0=0.17/p=0/r=1/sig=0/cf=11.0877,B_q0,0.1,0.17,0.0,1.0,0.0,1.0,11.087667012373094,sepsis,autorpa_233k,ours_cap_epoch,114454913.37,0.863557,0.0,0.0,8.0,0.0,0.0,0.0,8.0,0.003,8.0,20667411.311,always_reactive,0.203605
h=0.1/q0=0.17/p=0/r=1/sig=0/cf=11.0877,B_q0,0.1,0.17,0.0,1.0,0.0,1.0,11.087667012373094,sepsis,autorpa_233k,ours_cap_realized,114454913.37,0.863557,0.0,0.0,8.0,0.0,0.0,0.0,8.0,0.003,8.0,20667411.311,always_reactive,0.203605
h=0.1/q0=0.17/p=0/r=1/sig=0/cf=11.0877,B_q0,0.1,0.17,0.0,1.0,0.0,1.0,11.087667012373094,sepsis,autorpa_233k,ours_pi_prior,129955471.854,0.980508,0.0,0.0,14.0,0.0,0.0,0.0,14.0,0.003,14.0,36167969.794,always_reactive,0.203605
h=0.1/q0=0.17/p=0/r=1/sig=0/cf=11.0877,B_q0,0.1,0.17,0.0,1.0,0.0,1.0,11.087667012373094,sepsis,autorpa_233k,breakeven,140289177.509,1.058476,0.0,0.0,18.0,0.0,0.0,0.0,18.0,0.003,18.0,46501675.45,always_reactive,0.203605
h=0.1/q0=0.17/p=0/r=1/sig=0/cf=11.0877,B_q0,0.1,0.17,0.0,1.0,0.0,1.0,11.087667012373094,sepsis,autorpa_233k,breakeven_cap_epoch,109288060.543,0.824573,0.0,0.0,6.0,0.0,0.0,0.0,6.0,0.004,6.0,15500558.483,always_reactive,0.203605
h=0.1/q0=0.17/p=0/r=1/sig=0/cf=11.0877,B_q0,0.1,0.17,0.0,1.0,0.0,1.0,11.087667012373094,sepsis,autorpa_233k,offline_taxblind,93787502.059,0.707622,,,,,,,,,,,always_reactive,0.203605
h=0.1/q0=0.17/p=0/r=1/sig=0/cf=11.0877,B_q0,0.1,0.17,0.0,1.0,0.0,1.0,11.087667012373094,sepsis,autorpa_233k,offline_opt_tax,93787502.059,0.707622,,,,,,,,,,,always_reactive,0.203605
h=0.1/q0=0.17/p=0/r=1/sig=0/cf=11.0877,B_q0,0.1,0.17,0.0,1.0,0.0,1.0,11.087667012373094,sepsis,native,always_reactive,93787502.059,0.657889,0.0,0.0,0.0,0.0,0.0,0.0,0.0,0.004,0.0,0.0,always_reactive,0.333198
h=0.1/q0=0.17/p=0/r=1/sig=0/cf=11.0877,B_q0,0.1,0.17,0.0,1.0,0.0,1.0,11.087667012373094,sepsis,native,always_compile_evict,281477051.151,1.97447,0.0,0.0,142.0,0.0,0.0,0.0,142.0,0.001,142.0,187689549.092,always_reactive,0.333198
h=0.1/q0=0.17/p=0/r=1/sig=0/cf=11.0877,B_q0,0.1,0.17,0.0,1.0,0.0,1.0,11.087667012373094,sepsis,native,ours_noinflate,142558268.563,1.0,0.0,0.0,40.0,0.0,0.0,0.0,40.0,0.003,40.0,48770766.504,always_reactive,0.333198
h=0.1/q0=0.17/p=0/r=1/sig=0/cf=11.0877,B_q0,0.1,0.17,0.0,1.0,0.0,1.0,11.087667012373094,sepsis,native,oracle_tax,93787502.059,0.657889,0.0,0.0,0.0,0.0,0.0,0.0,0.0,0.004,0.0,0.0,always_reactive,0.333198
h=0.1/q0=0.17/p=0/r=1/sig=0/cf=11.0877,B_q0,0.1,0.17,0.0,1.0,0.0,1.0,11.087667012373094,sepsis,native,ours_spend_cap,109930740.53,0.771128,0.0,0.0,13.0,0.0,0.0,0.0,13.0,0.004,13.0,16143238.47,always_reactive,0.333198
h=0.1/q0=0.17/p=0/r=1/sig=0/cf=11.0877,B_q0,0.1,0.17,0.0,1.0,0.0,1.0,11.087667012373094,sepsis,native,ours_cap_epoch,109930740.53,0.771128,0.0,0.0,13.0,0.0,0.0,0.0,13.0,0.004,13.0,16143238.47,always_reactive,0.333198
h=0.1/q0=0.17/p=0/r=1/sig=0/cf=11.0877,B_q0,0.1,0.17,0.0,1.0,0.0,1.0,11.087667012373094,sepsis,native,ours_cap_realized,109930740.53,0.771128,0.0,0.0,13.0,0.0,0.0,0.0,13.0,0.004,13.0,16143238.47,always_reactive,0.333198
h=0.1/q0=0.17/p=0/r=1/sig=0/cf=11.0877,B_q0,0.1,0.17,0.0,1.0,0.0,1.0,11.087667012373094,sepsis,native,ours_pi_prior,135911772.117,0.953377,0.0,0.0,34.0,0.0,0.0,0.0,34.0,0.003,34.0,42124270.057,always_reactive,0.333198
h=0.1/q0=0.17/p=0/r=1/sig=0/cf=11.0877,B_q0,0.1,0.17,0.0,1.0,0.0,1.0,11.087667012373094,sepsis,native,breakeven,172303091.875,1.20865,0.0,0.0,61.0,0.0,0.0,0.0,61.0,0.002,61.0,78515589.816,always_reactive,0.333198
h=0.1/q0=0.17/p=0/r=1/sig=0/cf=11.0877,B_q0,0.1,0.17,0.0,1.0,0.0,1.0,11.087667012373094,sepsis,native,breakeven_cap_epoch,111108189.784,0.779388,0.0,0.0,14.0,0.0,0.0,0.0,14.0,0.003,14.0,17320687.725,always_reactive,0.333198
h=0.1/q0=0.17/p=0/r=1/sig=0/cf=11.0877,B_q0,0.1,0.17,0.0,1.0,0.0,1.0,11.087667012373094,sepsis,native,offline_taxblind,93787502.059,0.657889,,,,,,,,,,,always_reactive,0.333198
h=0.1/q0=0.17/p=0/r=1/sig=0/cf=11.0877,B_q0,0.1,0.17,0.0,1.0,0.0,1.0,11.087667012373094,sepsis,native,offline_opt_tax,93787502.059,0.657889,,,,,,,,,,,always_reactive,0.333198
h=0.1/q0=0.17/p=0/r=1/sig=0/cf=11.0877,B_q0,0.1,0.17,0.0,1.0,0.0,1.0,11.087667012373094,wiki_A,autorpa_233k,always_reactive,4770469730.199,0.881178,0.0,0.0,0.0,0.0,0.0,0.0,0.0,0.005,0.0,0.0,always_reactive,0.028669
h=0.1/q0=0.17/p=0/r=1/sig=0/cf=11.0877,B_q0,0.1,0.17,0.0,1.0,0.0,1.0,11.087667012373094,wiki_A,autorpa_233k,always_compile_evict,166397376461.779,30.736106,0.0,0.0,62563.0,0.0,0.0,0.0,62563.0,0.0,62563.0,161626906731.718,always_reactive,0.028669
h=0.1/q0=0.17/p=0/r=1/sig=0/cf=11.0877,B_q0,0.1,0.17,0.0,1.0,0.0,1.0,11.087667012373094,wiki_A,autorpa_233k,ours_noinflate,5413742907.255,1.0,0.0,0.0,249.0,0.0,0.0,0.0,249.0,0.004,249.0,643273177.057,always_reactive,0.028669
h=0.1/q0=0.17/p=0/r=1/sig=0/cf=11.0877,B_q0,0.1,0.17,0.0,1.0,0.0,1.0,11.087667012373094,wiki_A,autorpa_233k,oracle_tax,4770469730.199,0.881178,0.0,0.0,0.0,0.0,0.0,0.0,0.0,0.005,0.0,0.0,always_reactive,0.028669
h=0.1/q0=0.17/p=0/r=1/sig=0/cf=11.0877,B_q0,0.1,0.17,0.0,1.0,0.0,1.0,11.087667012373094,wiki_A,autorpa_233k,ours_spend_cap,5057230062.14,0.934147,0.0,0.0,111.0,0.0,0.0,0.0,111.0,0.005,111.0,286760331.941,always_reactive,0.028669
h=0.1/q0=0.17/p=0/r=1/sig=0/cf=11.0877,B_q0,0.1,0.17,0.0,1.0,0.0,1.0,11.087667012373094,wiki_A,autorpa_233k,ours_cap_epoch,5057230062.14,0.934147,0.0,0.0,111.0,0.0,0.0,0.0,111.0,0.005,111.0,286760331.941,always_reactive,0.028669
h=0.1/q0=0.17/p=0/r=1/sig=0/cf=11.0877,B_q0,0.1,0.17,0.0,1.0,0.0,1.0,11.087667012373094,wiki_A,autorpa_233k,ours_cap_realized,5057230062.14,0.934147,0.0,0.0,111.0,0.0,0.0,0.0,111.0,0.005,111.0,286760331.941,always_reactive,0.028669
h=0.1/q0=0.17/p=0/r=1/sig=0/cf=11.0877,B_q0,0.1,0.17,0.0,1.0,0.0,1.0,11.087667012373094,wiki_A,autorpa_233k,ours_pi_prior,5408576054.428,0.999046,0.0,0.0,247.0,0.0,0.0,0.0,247.0,0.004,247.0,638106324.229,always_reactive,0.028669
h=0.1/q0=0.17/p=0/r=1/sig=0/cf=11.0877,B_q0,0.1,0.17,0.0,1.0,0.0,1.0,11.087667012373094,wiki_A,autorpa_233k,breakeven,40894521275.517,7.553835,0.0,0.0,13983.0,0.0,0.0,0.0,13983.0,0.001,13983.0,36124051545.326,always_reactive,0.028669
h=0.1/q0=0.17/p=0/r=1/sig=0/cf=11.0877,B_q0,0.1,0.17,0.0,1.0,0.0,1.0,11.087667012373094,wiki_A,autorpa_233k,breakeven_cap_epoch,5114065443.245,0.944645,0.0,0.0,133.0,0.0,0.0,0.0,133.0,0.005,133.0,343595713.046,always_reactive,0.028669
h=0.1/q0=0.17/p=0/r=1/sig=0/cf=11.0877,B_q0,0.1,0.17,0.0,1.0,0.0,1.0,11.087667012373094,wiki_A,autorpa_233k,offline_taxblind,4770469730.199,0.881178,,,,,,,,,,,always_reactive,0.028669
h=0.1/q0=0.17/p=0/r=1/sig=0/cf=11.0877,B_q0,0.1,0.17,0.0,1.0,0.0,1.0,11.087667012373094,wiki_A,autorpa_233k,offline_opt_tax,4770469730.199,0.881178,,,,,,,,,,,always_reactive,0.028669
h=0.1/q0=0.17/p=0/r=1/sig=0/cf=11.0877,B_q0,0.1,0.17,0.0,1.0,0.0,1.0,11.087667012373094,wiki_A,native,always_reactive,4770469730.199,0.830281,0.0,0.0,0.0,0.0,0.0,0.0,0.0,0.005,0.0,0.0,always_reactive,0.054581
h=0.1/q0=0.17/p=0/r=1/sig=0/cf=11.0877,B_q0,0.1,0.17,0.0,1.0,0.0,1.0,11.087667012373094,wiki_A,native,always_compile_evict,87402252127.177,15.212009,0.0,0.0,62563.0,0.0,0.0,0.0,62563.0,0.0,62563.0,82631782397.03,always_reactive,0.054581
h=0.1/q0=0.17/p=0/r=1/sig=0/cf=11.0877,B_q0,0.1,0.17,0.0,1.0,0.0,1.0,11.087667012373094,wiki_A,native,ours_noinflate,5745608927.475,1.0,0.0,0.0,809.0,0.0,0.0,0.0,809.0,0.004,809.0,975139197.276,always_reactive,0.054581
h=0.1/q0=0.17/p=0/r=1/sig=0/cf=11.0877,B_q0,0.1,0.17,0.0,1.0,0.0,1.0,11.087667012373094,wiki_A,native,oracle_tax,4770469730.199,0.830281,0.0,0.0,0.0,0.0,0.0,0.0,0.0,0.005,0.0,0.0,always_reactive,0.054581
h=0.1/q0=0.17/p=0/r=1/sig=0/cf=11.0877,B_q0,0.1,0.17,0.0,1.0,0.0,1.0,11.087667012373094,wiki_A,native,ours_spend_cap,5051969479.719,0.879275,0.0,0.0,227.0,0.0,0.0,0.0,227.0,0.005,227.0,281499749.52,always_reactive,0.054581
h=0.1/q0=0.17/p=0/r=1/sig=0/cf=11.0877,B_q0,0.1,0.17,0.0,1.0,0.0,1.0,11.087667012373094,wiki_A,native,ours_cap_epoch,5051969479.719,0.879275,0.0,0.0,227.0,0.0,0.0,0.0,227.0,0.005,227.0,281499749.52,always_reactive,0.054581
h=0.1/q0=0.17/p=0/r=1/sig=0/cf=11.0877,B_q0,0.1,0.17,0.0,1.0,0.0,1.0,11.087667012373094,wiki_A,native,ours_cap_realized,5051969479.719,0.879275,0.0,0.0,227.0,0.0,0.0,0.0,227.0,0.005,227.0,281499749.52,always_reactive,0.054581
h=0.1/q0=0.17/p=0/r=1/sig=0/cf=11.0877,B_q0,0.1,0.17,0.0,1.0,0.0,1.0,11.087667012373094,wiki_A,native,ours_pi_prior,5651490135.098,0.983619,0.0,0.0,728.0,0.0,0.0,0.0,728.0,0.004,728.0,881020404.9,always_reactive,0.054581
h=0.1/q0=0.17/p=0/r=1/sig=0/cf=11.0877,B_q0,0.1,0.17,0.0,1.0,0.0,1.0,11.087667012373094,wiki_A,native,breakeven,40534241123.901,7.054821,0.0,0.0,27464.0,0.0,0.0,0.0,27464.0,0.001,27464.0,35763771393.695,always_reactive,0.054581
h=0.1/q0=0.17/p=0/r=1/sig=0/cf=11.0877,B_q0,0.1,0.17,0.0,1.0,0.0,1.0,11.087667012373094,wiki_A,native,breakeven_cap_epoch,5028639708.893,0.875214,0.0,0.0,215.0,0.0,0.0,0.0,215.0,0.005,215.0,258169978.694,always_reactive,0.054581
h=0.1/q0=0.17/p=0/r=1/sig=0/cf=11.0877,B_q0,0.1,0.17,0.0,1.0,0.0,1.0,11.087667012373094,wiki_A,native,offline_taxblind,4770469730.199,0.830281,,,,,,,,,,,always_reactive,0.054581
h=0.1/q0=0.17/p=0/r=1/sig=0/cf=11.0877,B_q0,0.1,0.17,0.0,1.0,0.0,1.0,11.087667012373094,wiki_A,native,offline_opt_tax,4770469730.199,0.830281,,,,,,,,,,,always_reactive,0.054581
h=0.1/q0=0.17/p=0/r=1/sig=0/cf=11.0877,B_q0,0.1,0.17,0.0,1.0,0.0,1.0,11.087667012373094,wiki_B,autorpa_233k,always_reactive,8991713899.193,0.75295,0.0,0.0,0.0,0.0,0.0,0.0,0.0,0.004,0.0,0.0,always_reactive,0.110187
h=0.1/q0=0.17/p=0/r=1/sig=0/cf=11.0877,B_q0,0.1,0.17,0.0,1.0,0.0,1.0,11.087667012373094,wiki_B,autorpa_233k,always_compile_evict,81604080114.056,6.833375,0.0,0.0,28107.0,0.0,0.0,0.0,28107.0,0.0,28107.0,72612366215.008,always_reactive,0.110187
h=0.1/q0=0.17/p=0/r=1/sig=0/cf=11.0877,B_q0,0.1,0.17,0.0,1.0,0.0,1.0,11.087667012373094,wiki_B,autorpa_233k,ours_noinflate,11941986863.836,1.0,0.0,0.0,1142.0,0.0,0.0,0.0,1142.0,0.003,1142.0,2950272964.654,always_reactive,0.110187
h=0.1/q0=0.17/p=0/r=1/sig=0/cf=11.0877,B_q0,0.1,0.17,0.0,1.0,0.0,1.0,11.087667012373094,wiki_B,autorpa_233k,oracle_tax,8991713899.193,0.75295,0.0,0.0,0.0,0.0,0.0,0.0,0.0,0.004,0.0,0.0,always_reactive,0.110187
h=0.1/q0=0.17/p=0/r=1/sig=0/cf=11.0877,B_q0,0.1,0.17,0.0,1.0,0.0,1.0,11.087667012373094,wiki_B,autorpa_233k,ours_spend_cap,10420348706.064,0.872581,0.0,0.0,553.0,0.0,0.0,0.0,553.0,0.004,553.0,1428634806.877,always_reactive,0.110187
h=0.1/q0=0.17/p=0/r=1/sig=0/cf=11.0877,B_q0,0.1,0.17,0.0,1.0,0.0,1.0,11.087667012373094,wiki_B,autorpa_233k,ours_cap_epoch,10420348706.064,0.872581,0.0,0.0,553.0,0.0,0.0,0.0,553.0,0.004,553.0,1428634806.877,always_reactive,0.110187
h=0.1/q0=0.17/p=0/r=1/sig=0/cf=11.0877,B_q0,0.1,0.17,0.0,1.0,0.0,1.0,11.087667012373094,wiki_B,autorpa_233k,ours_cap_realized,10420348706.064,0.872581,0.0,0.0,553.0,0.0,0.0,0.0,553.0,0.004,553.0,1428634806.877,always_reactive,0.110187
h=0.1/q0=0.17/p=0/r=1/sig=0/cf=11.0877,B_q0,0.1,0.17,0.0,1.0,0.0,1.0,11.087667012373094,wiki_B,autorpa_233k,ours_pi_prior,11980738260.044,1.003245,0.0,0.0,1157.0,0.0,0.0,0.0,1157.0,0.003,1157.0,2989024360.863,always_reactive,0.110187
h=0.1/q0=0.17/p=0/r=1/sig=0/cf=11.0877,B_q0,0.1,0.17,0.0,1.0,0.0,1.0,11.087667012373094,wiki_B,autorpa_233k,breakeven,26148248713.779,2.189606,0.0,0.0,6641.0,0.0,0.0,0.0,6641.0,0.001,6641.0,17156534814.597,always_reactive,0.110187
h=0.1/q0=0.17/p=0/r=1/sig=0/cf=11.0877,B_q0,0.1,0.17,0.0,1.0,0.0,1.0,11.087667012373094,wiki_B,autorpa_233k,breakeven_cap_epoch,10301511091.025,0.86263,0.0,0.0,507.0,0.0,0.0,0.0,507.0,0.004,507.0,1309797191.839,always_reactive,0.110187
h=0.1/q0=0.17/p=0/r=1/sig=0/cf=11.0877,B_q0,0.1,0.17,0.0,1.0,0.0,1.0,11.087667012373094,wiki_B,autorpa_233k,offline_taxblind,8991713899.192,0.75295,,,,,,,,,,,always_reactive,0.110187
h=0.1/q0=0.17/p=0/r=1/sig=0/cf=11.0877,B_q0,0.1,0.17,0.0,1.0,0.0,1.0,11.087667012373094,wiki_B,autorpa_233k,offline_opt_tax,8991713899.192,0.75295,,,,,,,,,,,always_reactive,0.110187
h=0.1/q0=0.17/p=0/r=1/sig=0/cf=11.0877,B_q0,0.1,0.17,0.0,1.0,0.0,1.0,11.087667012373094,wiki_B,native,always_reactive,8991713899.193,0.677113,0.0,0.0,0.0,0.0,0.0,0.0,0.0,0.004,0.0,0.0,always_reactive,0.208748
h=0.1/q0=0.17/p=0/r=1/sig=0/cf=11.0877,B_q0,0.1,0.17,0.0,1.0,0.0,1.0,11.087667012373094,wiki_B,native,always_compile_evict,43074484523.997,3.243685,0.0,0.0,28107.0,0.0,0.0,0.0,28107.0,0.001,28107.0,34082770624.823,always_reactive,0.208748
h=0.1/q0=0.17/p=0/r=1/sig=0/cf=11.0877,B_q0,0.1,0.17,0.0,1.0,0.0,1.0,11.087667012373094,wiki_B,native,ours_noinflate,13279489197.303,1.0,0.0,0.0,3540.0,0.0,0.0,0.0,3540.0,0.003,3540.0,4287775298.125,always_reactive,0.208748
h=0.1/q0=0.17/p=0/r=1/sig=0/cf=11.0877,B_q0,0.1,0.17,0.0,1.0,0.0,1.0,11.087667012373094,wiki_B,native,oracle_tax,8991713899.193,0.677113,0.0,0.0,0.0,0.0,0.0,0.0,0.0,0.004,0.0,0.0,always_reactive,0.208748
h=0.1/q0=0.17/p=0/r=1/sig=0/cf=11.0877,B_q0,0.1,0.17,0.0,1.0,0.0,1.0,11.087667012373094,wiki_B,native,ours_spend_cap,10511764657.852,0.791579,0.0,0.0,1221.0,0.0,0.0,0.0,1221.0,0.004,1221.0,1520050758.666,always_reactive,0.208748
h=0.1/q0=0.17/p=0/r=1/sig=0/cf=11.0877,B_q0,0.1,0.17,0.0,1.0,0.0,1.0,11.087667012373094,wiki_B,native,ours_cap_epoch,10511764657.852,0.791579,0.0,0.0,1221.0,0.0,0.0,0.0,1221.0,0.004,1221.0,1520050758.666,always_reactive,0.208748
h=0.1/q0=0.17/p=0/r=1/sig=0/cf=11.0877,B_q0,0.1,0.17,0.0,1.0,0.0,1.0,11.087667012373094,wiki_B,native,ours_cap_realized,10511764657.852,0.791579,0.0,0.0,1221.0,0.0,0.0,0.0,1221.0,0.004,1221.0,1520050758.666,always_reactive,0.208748
h=0.1/q0=0.17/p=0/r=1/sig=0/cf=11.0877,B_q0,0.1,0.17,0.0,1.0,0.0,1.0,11.087667012373094,wiki_B,native,ours_pi_prior,12837714282.888,0.966733,0.0,0.0,3168.0,0.0,0.0,0.0,3168.0,0.003,3168.0,3846000383.709,always_reactive,0.208748
h=0.1/q0=0.17/p=0/r=1/sig=0/cf=11.0877,B_q0,0.1,0.17,0.0,1.0,0.0,1.0,11.087667012373094,wiki_B,native,breakeven,27682821799.337,2.08463,0.0,0.0,15350.0,0.0,0.0,0.0,15350.0,0.001,15350.0,18691107900.149,always_reactive,0.208748
h=0.1/q0=0.17/p=0/r=1/sig=0/cf=11.0877,B_q0,0.1,0.17,0.0,1.0,0.0,1.0,11.087667012373094,wiki_B,native,breakeven_cap_epoch,10265178186.64,0.77301,0.0,0.0,1051.0,0.0,0.0,0.0,1051.0,0.004,1051.0,1273464287.454,always_reactive,0.208748
h=0.1/q0=0.17/p=0/r=1/sig=0/cf=11.0877,B_q0,0.1,0.17,0.0,1.0,0.0,1.0,11.087667012373094,wiki_B,native,offline_taxblind,8991713899.192,0.677113,,,,,,,,,,,always_reactive,0.208748
h=0.1/q0=0.17/p=0/r=1/sig=0/cf=11.0877,B_q0,0.1,0.17,0.0,1.0,0.0,1.0,11.087667012373094,wiki_B,native,offline_opt_tax,8991713899.192,0.677113,,,,,,,,,,,always_reactive,0.208748
h=0.1/q0=0.17/p=0/r=1/sig=0/cf=1,B_q0,0.1,0.17,0.0,1.0,0.0,1.0,1.0,bpi2019,autorpa_233k,always_reactive,26858149732.486,0.987721,0.0,0.0,0.0,0.0,0.0,0.0,0.0,0.003,0.0,0.0,always_reactive,0.327392
h=0.1/q0=0.17/p=0/r=1/sig=0/cf=1,B_q0,0.1,0.17,0.0,1.0,0.0,1.0,1.0,bpi2019,autorpa_233k,always_compile_evict,82036743732.254,3.01694,0.0,0.0,236818.0,0.0,0.0,0.0,236818.0,0.001,236818.0,55178594000.0,always_reactive,0.327392
h=0.1/q0=0.17/p=0/r=1/sig=0/cf=1,B_q0,0.1,0.17,0.0,1.0,0.0,1.0,1.0,bpi2019,autorpa_233k,ours_noinflate,27192038732.487,1.0,0.0,0.0,1433.0,0.0,0.0,0.0,1433.0,0.003,1433.0,333889000.0,always_reactive,0.327392
h=0.1/q0=0.17/p=0/r=1/sig=0/cf=1,B_q0,0.1,0.17,0.0,1.0,0.0,1.0,1.0,bpi2019,autorpa_233k,oracle_tax,26858149732.486,0.987721,0.0,0.0,0.0,0.0,0.0,0.0,0.0,0.003,0.0,0.0,always_reactive,0.327392
h=0.1/q0=0.17/p=0/r=1/sig=0/cf=1,B_q0,0.1,0.17,0.0,1.0,0.0,1.0,1.0,bpi2019,autorpa_233k,ours_spend_cap,27192038732.487,1.0,0.0,0.0,1433.0,0.0,0.0,0.0,1433.0,0.003,1433.0,333889000.0,always_reactive,0.327392
h=0.1/q0=0.17/p=0/r=1/sig=0/cf=1,B_q0,0.1,0.17,0.0,1.0,0.0,1.0,1.0,bpi2019,autorpa_233k,ours_cap_epoch,27192038732.487,1.0,0.0,0.0,1433.0,0.0,0.0,0.0,1433.0,0.003,1433.0,333889000.0,always_reactive,0.327392
h=0.1/q0=0.17/p=0/r=1/sig=0/cf=1,B_q0,0.1,0.17,0.0,1.0,0.0,1.0,1.0,bpi2019,autorpa_233k,ours_cap_realized,27192038732.487,1.0,0.0,0.0,1433.0,0.0,0.0,0.0,1433.0,0.003,1433.0,333889000.0,always_reactive,0.327392
h=0.1/q0=0.17/p=0/r=1/sig=0/cf=1,B_q0,0.1,0.17,0.0,1.0,0.0,1.0,1.0,bpi2019,autorpa_233k,ours_pi_prior,27196232732.487,1.000154,0.0,0.0,1451.0,0.0,0.0,0.0,1451.0,0.003,1451.0,338083000.0,always_reactive,0.327392
h=0.1/q0=0.17/p=0/r=1/sig=0/cf=1,B_q0,0.1,0.17,0.0,1.0,0.0,1.0,1.0,bpi2019,autorpa_233k,breakeven,45406114732.337,1.669831,0.0,0.0,79605.0,0.0,0.0,0.0,79605.0,0.002,79605.0,18547965000.0,always_reactive,0.327392
h=0.1/q0=0.17/p=0/r=1/sig=0/cf=1,B_q0,0.1,0.17,0.0,1.0,0.0,1.0,1.0,bpi2019,autorpa_233k,breakeven_cap_epoch,27333469732.487,1.005201,0.0,0.0,2040.0,0.0,0.0,0.0,2040.0,0.003,2040.0,475320000.0,always_reactive,0.327392
h=0.1/q0=0.17/p=0/r=1/sig=0/cf=1,B_q0,0.1,0.17,0.0,1.0,0.0,1.0,1.0,bpi2019,autorpa_233k,offline_taxblind,26858149732.495,0.987721,,,,,,,,,,,always_reactive,0.327392
h=0.1/q0=0.17/p=0/r=1/sig=0/cf=1,B_q0,0.1,0.17,0.0,1.0,0.0,1.0,1.0,bpi2019,autorpa_233k,offline_opt_tax,26858149732.495,0.987721,,,,,,,,,,,always_reactive,0.327392
h=0.1/q0=0.17/p=0/r=1/sig=0/cf=1,B_q0,0.1,0.17,0.0,1.0,0.0,1.0,1.0,bpi2019,native,always_reactive,26858149732.486,0.982872,0.0,0.0,0.0,0.0,0.0,0.0,0.0,0.003,0.0,0.0,always_reactive,0.523638
h=0.1/q0=0.17/p=0/r=1/sig=0/cf=1,B_q0,0.1,0.17,0.0,1.0,0.0,1.0,1.0,bpi2019,native,always_compile_evict,51291417858.305,1.877006,0.0,0.0,236818.0,0.0,0.0,0.0,236818.0,0.002,236818.0,24433268126.0,always_reactive,0.523638
h=0.1/q0=0.17/p=0/r=1/sig=0/cf=1,B_q0,0.1,0.17,0.0,1.0,0.0,1.0,1.0,bpi2019,native,ours_noinflate,27326182622.487,1.0,0.0,0.0,4310.0,0.0,0.0,0.0,4310.0,0.003,4310.0,468032890.0,always_reactive,0.523638
h=0.1/q0=0.17/p=0/r=1/sig=0/cf=1,B_q0,0.1,0.17,0.0,1.0,0.0,1.0,1.0,bpi2019,native,oracle_tax,26858149732.486,0.982872,0.0,0.0,0.0,0.0,0.0,0.0,0.0,0.003,0.0,0.0,always_reactive,0.523638
h=0.1/q0=0.17/p=0/r=1/sig=0/cf=1,B_q0,0.1,0.17,0.0,1.0,0.0,1.0,1.0,bpi2019,native,ours_spend_cap,27326182622.487,1.0,0.0,0.0,4310.0,0.0,0.0,0.0,4310.0,0.003,4310.0,468032890.0,always_reactive,0.523638
h=0.1/q0=0.17/p=0/r=1/sig=0/cf=1,B_q0,0.1,0.17,0.0,1.0,0.0,1.0,1.0,bpi2019,native,ours_cap_epoch,27326182622.487,1.0,0.0,0.0,4310.0,0.0,0.0,0.0,4310.0,0.003,4310.0,468032890.0,always_reactive,0.523638
h=0.1/q0=0.17/p=0/r=1/sig=0/cf=1,B_q0,0.1,0.17,0.0,1.0,0.0,1.0,1.0,bpi2019,native,ours_cap_realized,27326182622.487,1.0,0.0,0.0,4310.0,0.0,0.0,0.0,4310.0,0.003,4310.0,468032890.0,always_reactive,0.523638
h=0.1/q0=0.17/p=0/r=1/sig=0/cf=1,B_q0,0.1,0.17,0.0,1.0,0.0,1.0,1.0,bpi2019,native,ours_pi_prior,27290812895.987,0.998706,0.0,0.0,3978.0,0.0,0.0,0.0,3978.0,0.003,3978.0,432663163.5,always_reactive,0.523638
h=0.1/q0=0.17/p=0/r=1/sig=0/cf=1,B_q0,0.1,0.17,0.0,1.0,0.0,1.0,1.0,bpi2019,native,breakeven,44811994743.843,1.639892,0.0,0.0,168827.0,0.0,0.0,0.0,168827.0,0.002,168827.0,17953845011.5,always_reactive,0.523638
h=0.1/q0=0.17/p=0/r=1/sig=0/cf=1,B_q0,0.1,0.17,0.0,1.0,0.0,1.0,1.0,bpi2019,native,breakeven_cap_epoch,27462800382.987,1.005,0.0,0.0,5594.0,0.0,0.0,0.0,5594.0,0.003,5594.0,604650650.5,always_reactive,0.523638
h=0.1/q0=0.17/p=0/r=1/sig=0/cf=1,B_q0,0.1,0.17,0.0,1.0,0.0,1.0,1.0,bpi2019,native,offline_taxblind,26858149732.495,0.982872,,,,,,,,,,,always_reactive,0.523638
h=0.1/q0=0.17/p=0/r=1/sig=0/cf=1,B_q0,0.1,0.17,0.0,1.0,0.0,1.0,1.0,bpi2019,native,offline_opt_tax,26858149732.495,0.982872,,,,,,,,,,,always_reactive,0.523638
h=0.1/q0=0.17/p=0/r=1/sig=0/cf=1,B_q0,0.1,0.17,0.0,1.0,0.0,1.0,1.0,sepsis,autorpa_233k,always_reactive,93787502.059,0.964074,0.0,0.0,0.0,0.0,0.0,0.0,0.0,0.004,0.0,0.0,always_reactive,0.739221
h=0.1/q0=0.17/p=0/r=1/sig=0/cf=1,B_q0,0.1,0.17,0.0,1.0,0.0,1.0,1.0,sepsis,autorpa_233k,always_compile_evict,126873502.059,1.304176,0.0,0.0,142.0,0.0,0.0,0.0,142.0,0.003,142.0,33086000.0,always_reactive,0.739221
h=0.1/q0=0.17/p=0/r=1/sig=0/cf=1,B_q0,0.1,0.17,0.0,1.0,0.0,1.0,1.0,sepsis,autorpa_233k,ours_noinflate,97282502.059,1.0,0.0,0.0,15.0,0.0,0.0,0.0,15.0,0.004,15.0,3495000.0,always_reactive,0.739221
h=0.1/q0=0.17/p=0/r=1/sig=0/cf=1,B_q0,0.1,0.17,0.0,1.0,0.0,1.0,1.0,sepsis,autorpa_233k,oracle_tax,93787502.059,0.964074,0.0,0.0,0.0,0.0,0.0,0.0,0.0,0.004,0.0,0.0,always_reactive,0.739221
h=0.1/q0=0.17/p=0/r=1/sig=0/cf=1,B_q0,0.1,0.17,0.0,1.0,0.0,1.0,1.0,sepsis,autorpa_233k,ours_spend_cap,97282502.059,1.0,0.0,0.0,15.0,0.0,0.0,0.0,15.0,0.004,15.0,3495000.0,always_reactive,0.739221
h=0.1/q0=0.17/p=0/r=1/sig=0/cf=1,B_q0,0.1,0.17,0.0,1.0,0.0,1.0,1.0,sepsis,autorpa_233k,ours_cap_epoch,97282502.059,1.0,0.0,0.0,15.0,0.0,0.0,0.0,15.0,0.004,15.0,3495000.0,always_reactive,0.739221
h=0.1/q0=0.17/p=0/r=1/sig=0/cf=1,B_q0,0.1,0.17,0.0,1.0,0.0,1.0,1.0,sepsis,autorpa_233k,ours_cap_realized,97282502.059,1.0,0.0,0.0,15.0,0.0,0.0,0.0,15.0,0.004,15.0,3495000.0,always_reactive,0.739221
h=0.1/q0=0.17/p=0/r=1/sig=0/cf=1,B_q0,0.1,0.17,0.0,1.0,0.0,1.0,1.0,sepsis,autorpa_233k,ours_pi_prior,97049502.059,0.997605,0.0,0.0,14.0,0.0,0.0,0.0,14.0,0.004,14.0,3262000.0,always_reactive,0.739221
h=0.1/q0=0.17/p=0/r=1/sig=0/cf=1,B_q0,0.1,0.17,0.0,1.0,0.0,1.0,1.0,sepsis,autorpa_233k,breakeven,97981502.059,1.007185,0.0,0.0,18.0,0.0,0.0,0.0,18.0,0.004,18.0,4194000.0,always_reactive,0.739221
h=0.1/q0=0.17/p=0/r=1/sig=0/cf=1,B_q0,0.1,0.17,0.0,1.0,0.0,1.0,1.0,sepsis,autorpa_233k,breakeven_cap_epoch,97282502.059,1.0,0.0,0.0,15.0,0.0,0.0,0.0,15.0,0.004,15.0,3495000.0,always_reactive,0.739221
h=0.1/q0=0.17/p=0/r=1/sig=0/cf=1,B_q0,0.1,0.17,0.0,1.0,0.0,1.0,1.0,sepsis,autorpa_233k,offline_taxblind,93787502.059,0.964074,,,,,,,,,,,always_reactive,0.739221
h=0.1/q0=0.17/p=0/r=1/sig=0/cf=1,B_q0,0.1,0.17,0.0,1.0,0.0,1.0,1.0,sepsis,autorpa_233k,offline_opt_tax,93787502.059,0.964074,,,,,,,,,,,always_reactive,0.739221
h=0.1/q0=0.17/p=0/r=1/sig=0/cf=1,B_q0,0.1,0.17,0.0,1.0,0.0,1.0,1.0,sepsis,native,always_reactive,93787502.059,0.955201,0.0,0.0,0.0,0.0,0.0,0.0,0.0,0.004,0.0,0.0,always_reactive,0.847105
h=0.1/q0=0.17/p=0/r=1/sig=0/cf=1,B_q0,0.1,0.17,0.0,1.0,0.0,1.0,1.0,sepsis,native,always_compile_evict,110715278.559,1.127606,0.0,0.0,142.0,0.0,0.0,0.0,142.0,0.003,142.0,16927776.5,always_reactive,0.847105
h=0.1/q0=0.17/p=0/r=1/sig=0/cf=1,B_q0,0.1,0.17,0.0,1.0,0.0,1.0,1.0,sepsis,native,ours_noinflate,98186152.059,1.0,0.0,0.0,40.0,0.0,0.0,0.0,40.0,0.004,40.0,4398650.0,always_reactive,0.847105
h=0.1/q0=0.17/p=0/r=1/sig=0/cf=1,B_q0,0.1,0.17,0.0,1.0,0.0,1.0,1.0,sepsis,native,oracle_tax,93787502.059,0.955201,0.0,0.0,0.0,0.0,0.0,0.0,0.0,0.004,0.0,0.0,always_reactive,0.847105
h=0.1/q0=0.17/p=0/r=1/sig=0/cf=1,B_q0,0.1,0.17,0.0,1.0,0.0,1.0,1.0,sepsis,native,ours_spend_cap,98186152.059,1.0,0.0,0.0,40.0,0.0,0.0,0.0,40.0,0.004,40.0,4398650.0,always_reactive,0.847105
h=0.1/q0=0.17/p=0/r=1/sig=0/cf=1,B_q0,0.1,0.17,0.0,1.0,0.0,1.0,1.0,sepsis,native,ours_cap_epoch,98186152.059,1.0,0.0,0.0,40.0,0.0,0.0,0.0,40.0,0.004,40.0,4398650.0,always_reactive,0.847105
h=0.1/q0=0.17/p=0/r=1/sig=0/cf=1,B_q0,0.1,0.17,0.0,1.0,0.0,1.0,1.0,sepsis,native,ours_cap_realized,98186152.059,1.0,0.0,0.0,40.0,0.0,0.0,0.0,40.0,0.004,40.0,4398650.0,always_reactive,0.847105
h=0.1/q0=0.17/p=0/r=1/sig=0/cf=1,B_q0,0.1,0.17,0.0,1.0,0.0,1.0,1.0,sepsis,native,ours_pi_prior,97586702.559,0.993895,0.0,0.0,34.0,0.0,0.0,0.0,34.0,0.004,34.0,3799200.5,always_reactive,0.847105
h=0.1/q0=0.17/p=0/r=1/sig=0/cf=1,B_q0,0.1,0.17,0.0,1.0,0.0,1.0,1.0,sepsis,native,breakeven,100868846.559,1.027323,0.0,0.0,61.0,0.0,0.0,0.0,61.0,0.004,61.0,7081344.5,always_reactive,0.847105
h=0.1/q0=0.17/p=0/r=1/sig=0/cf=1,B_q0,0.1,0.17,0.0,1.0,0.0,1.0,1.0,sepsis,native,breakeven_cap_epoch,99505161.559,1.013434,0.0,0.0,51.0,0.0,0.0,0.0,51.0,0.004,51.0,5717659.5,always_reactive,0.847105
h=0.1/q0=0.17/p=0/r=1/sig=0/cf=1,B_q0,0.1,0.17,0.0,1.0,0.0,1.0,1.0,sepsis,native,offline_taxblind,93787502.059,0.955201,,,,,,,,,,,always_reactive,0.847105
h=0.1/q0=0.17/p=0/r=1/sig=0/cf=1,B_q0,0.1,0.17,0.0,1.0,0.0,1.0,1.0,sepsis,native,offline_opt_tax,93787502.059,0.955201,,,,,,,,,,,always_reactive,0.847105
h=0.1/q0=0.17/p=0/r=1/sig=0/cf=1,B_q0,0.1,0.17,0.0,1.0,0.0,1.0,1.0,wiki_A,autorpa_233k,always_reactive,4770469730.199,0.987984,0.0,0.0,0.0,0.0,0.0,0.0,0.0,0.005,0.0,0.0,always_reactive,0.246566
h=0.1/q0=0.17/p=0/r=1/sig=0/cf=1,B_q0,0.1,0.17,0.0,1.0,0.0,1.0,1.0,wiki_A,autorpa_233k,always_compile_evict,19347648730.189,4.00698,0.0,0.0,62563.0,0.0,0.0,0.0,62563.0,0.001,62563.0,14577179000.0,always_reactive,0.246566
h=0.1/q0=0.17/p=0/r=1/sig=0/cf=1,B_q0,0.1,0.17,0.0,1.0,0.0,1.0,1.0,wiki_A,autorpa_233k,ours_noinflate,4828486730.199,1.0,0.0,0.0,249.0,0.0,0.0,0.0,249.0,0.005,249.0,58017000.0,always_reactive,0.246566
h=0.1/q0=0.17/p=0/r=1/sig=0/cf=1,B_q0,0.1,0.17,0.0,1.0,0.0,1.0,1.0,wiki_A,autorpa_233k,oracle_tax,4770469730.199,0.987984,0.0,0.0,0.0,0.0,0.0,0.0,0.0,0.005,0.0,0.0,always_reactive,0.246566
h=0.1/q0=0.17/p=0/r=1/sig=0/cf=1,B_q0,0.1,0.17,0.0,1.0,0.0,1.0,1.0,wiki_A,autorpa_233k,ours_spend_cap,4828486730.199,1.0,0.0,0.0,249.0,0.0,0.0,0.0,249.0,0.005,249.0,58017000.0,always_reactive,0.246566
h=0.1/q0=0.17/p=0/r=1/sig=0/cf=1,B_q0,0.1,0.17,0.0,1.0,0.0,1.0,1.0,wiki_A,autorpa_233k,ours_cap_epoch,4828486730.199,1.0,0.0,0.0,249.0,0.0,0.0,0.0,249.0,0.005,249.0,58017000.0,always_reactive,0.246566
h=0.1/q0=0.17/p=0/r=1/sig=0/cf=1,B_q0,0.1,0.17,0.0,1.0,0.0,1.0,1.0,wiki_A,autorpa_233k,ours_cap_realized,4828486730.199,1.0,0.0,0.0,249.0,0.0,0.0,0.0,249.0,0.005,249.0,58017000.0,always_reactive,0.246566
h=0.1/q0=0.17/p=0/r=1/sig=0/cf=1,B_q0,0.1,0.17,0.0,1.0,0.0,1.0,1.0,wiki_A,autorpa_233k,ours_pi_prior,4828020730.199,0.999903,0.0,0.0,247.0,0.0,0.0,0.0,247.0,0.005,247.0,57551000.0,always_reactive,0.246566
h=0.1/q0=0.17/p=0/r=1/sig=0/cf=1,B_q0,0.1,0.17,0.0,1.0,0.0,1.0,1.0,wiki_A,autorpa_233k,breakeven,8028508730.199,1.662738,0.0,0.0,13983.0,0.0,0.0,0.0,13983.0,0.003,13983.0,3258039000.0,always_reactive,0.246566
h=0.1/q0=0.17/p=0/r=1/sig=0/cf=1,B_q0,0.1,0.17,0.0,1.0,0.0,1.0,1.0,wiki_A,autorpa_233k,breakeven_cap_epoch,4861572730.199,1.006852,0.0,0.0,391.0,0.0,0.0,0.0,391.0,0.005,391.0,91103000.0,always_reactive,0.246566
h=0.1/q0=0.17/p=0/r=1/sig=0/cf=1,B_q0,0.1,0.17,0.0,1.0,0.0,1.0,1.0,wiki_A,autorpa_233k,offline_taxblind,4770469730.199,0.987984,,,,,,,,,,,always_reactive,0.246566
h=0.1/q0=0.17/p=0/r=1/sig=0/cf=1,B_q0,0.1,0.17,0.0,1.0,0.0,1.0,1.0,wiki_A,autorpa_233k,offline_opt_tax,4770469730.199,0.987984,,,,,,,,,,,always_reactive,0.246566
h=0.1/q0=0.17/p=0/r=1/sig=0/cf=1,B_q0,0.1,0.17,0.0,1.0,0.0,1.0,1.0,wiki_A,native,always_reactive,4770469730.199,0.981898,0.0,0.0,0.0,0.0,0.0,0.0,0.0,0.005,0.0,0.0,always_reactive,0.390285
h=0.1/q0=0.17/p=0/r=1/sig=0/cf=1,B_q0,0.1,0.17,0.0,1.0,0.0,1.0,1.0,wiki_A,native,always_compile_evict,12223054868.696,2.515851,0.0,0.0,62563.0,0.0,0.0,0.0,62563.0,0.002,62563.0,7452585138.5,always_reactive,0.390285
h=0.1/q0=0.17/p=0/r=1/sig=0/cf=1,B_q0,0.1,0.17,0.0,1.0,0.0,1.0,1.0,wiki_A,native,ours_noinflate,4858417825.699,1.0,0.0,0.0,809.0,0.0,0.0,0.0,809.0,0.005,809.0,87948095.5,always_reactive,0.390285
h=0.1/q0=0.17/p=0/r=1/sig=0/cf=1,B_q0,0.1,0.17,0.0,1.0,0.0,1.0,1.0,wiki_A,native,oracle_tax,4770469730.199,0.981898,0.0,0.0,0.0,0.0,0.0,0.0,0.0,0.005,0.0,0.0,always_reactive,0.390285
h=0.1/q0=0.17/p=0/r=1/sig=0/cf=1,B_q0,0.1,0.17,0.0,1.0,0.0,1.0,1.0,wiki_A,native,ours_spend_cap,4858417825.699,1.0,0.0,0.0,809.0,0.0,0.0,0.0,809.0,0.005,809.0,87948095.5,always_reactive,0.390285
h=0.1/q0=0.17/p=0/r=1/sig=0/cf=1,B_q0,0.1,0.17,0.0,1.0,0.0,1.0,1.0,wiki_A,native,ours_cap_epoch,4858417825.699,1.0,0.0,0.0,809.0,0.0,0.0,0.0,809.0,0.005,809.0,87948095.5,always_reactive,0.390285
h=0.1/q0=0.17/p=0/r=1/sig=0/cf=1,B_q0,0.1,0.17,0.0,1.0,0.0,1.0,1.0,wiki_A,native,ours_cap_realized,4858417825.699,1.0,0.0,0.0,809.0,0.0,0.0,0.0,809.0,0.005,809.0,87948095.5,always_reactive,0.390285
h=0.1/q0=0.17/p=0/r=1/sig=0/cf=1,B_q0,0.1,0.17,0.0,1.0,0.0,1.0,1.0,wiki_A,native,ours_pi_prior,4849929223.699,0.998253,0.0,0.0,728.0,0.0,0.0,0.0,728.0,0.005,728.0,79459493.5,always_reactive,0.390285
h=0.1/q0=0.17/p=0/r=1/sig=0/cf=1,B_q0,0.1,0.17,0.0,1.0,0.0,1.0,1.0,wiki_A,native,breakeven,7996014955.699,1.645806,0.0,0.0,27464.0,0.0,0.0,0.0,27464.0,0.003,27464.0,3225545225.5,always_reactive,0.390285
h=0.1/q0=0.17/p=0/r=1/sig=0/cf=1,B_q0,0.1,0.17,0.0,1.0,0.0,1.0,1.0,wiki_A,native,breakeven_cap_epoch,4880437804.699,1.004532,0.0,0.0,1016.0,0.0,0.0,0.0,1016.0,0.005,1016.0,109968074.5,always_reactive,0.390285
h=0.1/q0=0.17/p=0/r=1/sig=0/cf=1,B_q0,0.1,0.17,0.0,1.0,0.0,1.0,1.0,wiki_A,native,offline_taxblind,4770469730.199,0.981898,,,,,,,,,,,always_reactive,0.390285
h=0.1/q0=0.17/p=0/r=1/sig=0/cf=1,B_q0,0.1,0.17,0.0,1.0,0.0,1.0,1.0,wiki_A,native,offline_opt_tax,4770469730.199,0.981898,,,,,,,,,,,always_reactive,0.390285
h=0.1/q0=0.17/p=0/r=1/sig=0/cf=1,B_q0,0.1,0.17,0.0,1.0,0.0,1.0,1.0,wiki_B,autorpa_233k,always_reactive,8991713899.193,0.971258,0.0,0.0,0.0,0.0,0.0,0.0,0.0,0.004,0.0,0.0,always_reactive,0.578593
h=0.1/q0=0.17/p=0/r=1/sig=0/cf=1,B_q0,0.1,0.17,0.0,1.0,0.0,1.0,1.0,wiki_B,autorpa_233k,always_compile_evict,15540644899.174,1.678654,0.0,0.0,28107.0,0.0,0.0,0.0,28107.0,0.002,28107.0,6548931000.0,always_reactive,0.578593
h=0.1/q0=0.17/p=0/r=1/sig=0/cf=1,B_q0,0.1,0.17,0.0,1.0,0.0,1.0,1.0,wiki_B,autorpa_233k,ours_noinflate,9257799899.191,1.0,0.0,0.0,1142.0,0.0,0.0,0.0,1142.0,0.004,1142.0,266086000.0,always_reactive,0.578593
h=0.1/q0=0.17/p=0/r=1/sig=0/cf=1,B_q0,0.1,0.17,0.0,1.0,0.0,1.0,1.0,wiki_B,autorpa_233k,oracle_tax,8991713899.193,0.971258,0.0,0.0,0.0,0.0,0.0,0.0,0.0,0.004,0.0,0.0,always_reactive,0.578593
h=0.1/q0=0.17/p=0/r=1/sig=0/cf=1,B_q0,0.1,0.17,0.0,1.0,0.0,1.0,1.0,wiki_B,autorpa_233k,ours_spend_cap,9257799899.191,1.0,0.0,0.0,1142.0,0.0,0.0,0.0,1142.0,0.004,1142.0,266086000.0,always_reactive,0.578593
h=0.1/q0=0.17/p=0/r=1/sig=0/cf=1,B_q0,0.1,0.17,0.0,1.0,0.0,1.0,1.0,wiki_B,autorpa_233k,ours_cap_epoch,9257799899.191,1.0,0.0,0.0,1142.0,0.0,0.0,0.0,1142.0,0.004,1142.0,266086000.0,always_reactive,0.578593
h=0.1/q0=0.17/p=0/r=1/sig=0/cf=1,B_q0,0.1,0.17,0.0,1.0,0.0,1.0,1.0,wiki_B,autorpa_233k,ours_cap_realized,9257799899.191,1.0,0.0,0.0,1142.0,0.0,0.0,0.0,1142.0,0.004,1142.0,266086000.0,always_reactive,0.578593
h=0.1/q0=0.17/p=0/r=1/sig=0/cf=1,B_q0,0.1,0.17,0.0,1.0,0.0,1.0,1.0,wiki_B,autorpa_233k,ours_pi_prior,9261294899.191,1.000378,0.0,0.0,1157.0,0.0,0.0,0.0,1157.0,0.004,1157.0,269581000.0,always_reactive,0.578593
h=0.1/q0=0.17/p=0/r=1/sig=0/cf=1,B_q0,0.1,0.17,0.0,1.0,0.0,1.0,1.0,wiki_B,autorpa_233k,breakeven,10539066899.186,1.138399,0.0,0.0,6641.0,0.0,0.0,0.0,6641.0,0.003,6641.0,1547353000.0,always_reactive,0.578593
h=0.1/q0=0.17/p=0/r=1/sig=0/cf=1,B_q0,0.1,0.17,0.0,1.0,0.0,1.0,1.0,wiki_B,autorpa_233k,breakeven_cap_epoch,9316049899.191,1.006292,0.0,0.0,1392.0,0.0,0.0,0.0,1392.0,0.004,1392.0,324336000.0,always_reactive,0.578593
h=0.1/q0=0.17/p=0/r=1/sig=0/cf=1,B_q0,0.1,0.17,0.0,1.0,0.0,1.0,1.0,wiki_B,autorpa_233k,offline_taxblind,8991713899.192,0.971258,,,,,,,,,,,always_reactive,0.578593
h=0.1/q0=0.17/p=0/r=1/sig=0/cf=1,B_q0,0.1,0.17,0.0,1.0,0.0,1.0,1.0,wiki_B,autorpa_233k,offline_opt_tax,8991713899.192,0.971258,,,,,,,,,,,always_reactive,0.578593
h=0.1/q0=0.17/p=0/r=1/sig=0/cf=1,B_q0,0.1,0.17,0.0,1.0,0.0,1.0,1.0,wiki_B,native,always_reactive,8991713899.193,0.958765,0.0,0.0,0.0,0.0,0.0,0.0,0.0,0.004,0.0,0.0,always_reactive,0.745233
h=0.1/q0=0.17/p=0/r=1/sig=0/cf=1,B_q0,0.1,0.17,0.0,1.0,0.0,1.0,1.0,wiki_B,native,always_compile_evict,12065649163.181,1.286532,0.0,0.0,28107.0,0.0,0.0,0.0,28107.0,0.003,28107.0,3073935264.0,always_reactive,0.745233
h=0.1/q0=0.17/p=0/r=1/sig=0/cf=1,B_q0,0.1,0.17,0.0,1.0,0.0,1.0,1.0,wiki_B,native,ours_noinflate,9378429634.191,1.0,0.0,0.0,3540.0,0.0,0.0,0.0,3540.0,0.004,3540.0,386715735.0,always_reactive,0.745233
h=0.1/q0=0.17/p=0/r=1/sig=0/cf=1,B_q0,0.1,0.17,0.0,1.0,0.0,1.0,1.0,wiki_B,native,oracle_tax,8991713899.193,0.958765,0.0,0.0,0.0,0.0,0.0,0.0,0.0,0.004,0.0,0.0,always_reactive,0.745233
h=0.1/q0=0.17/p=0/r=1/sig=0/cf=1,B_q0,0.1,0.17,0.0,1.0,0.0,1.0,1.0,wiki_B,native,ours_spend_cap,9378429634.191,1.0,0.0,0.0,3540.0,0.0,0.0,0.0,3540.0,0.004,3540.0,386715735.0,always_reactive,0.745233
h=0.1/q0=0.17/p=0/r=1/sig=0/cf=1,B_q0,0.1,0.17,0.0,1.0,0.0,1.0,1.0,wiki_B,native,ours_cap_epoch,9378429634.191,1.0,0.0,0.0,3540.0,0.0,0.0,0.0,3540.0,0.004,3540.0,386715735.0,always_reactive,0.745233
h=0.1/q0=0.17/p=0/r=1/sig=0/cf=1,B_q0,0.1,0.17,0.0,1.0,0.0,1.0,1.0,wiki_B,native,ours_cap_realized,9378429634.191,1.0,0.0,0.0,3540.0,0.0,0.0,0.0,3540.0,0.004,3540.0,386715735.0,always_reactive,0.745233
h=0.1/q0=0.17/p=0/r=1/sig=0/cf=1,B_q0,0.1,0.17,0.0,1.0,0.0,1.0,1.0,wiki_B,native,ours_pi_prior,9338585822.691,0.995752,0.0,0.0,3168.0,0.0,0.0,0.0,3168.0,0.004,3168.0,346871923.5,always_reactive,0.745233
h=0.1/q0=0.17/p=0/r=1/sig=0/cf=1,B_q0,0.1,0.17,0.0,1.0,0.0,1.0,1.0,wiki_B,native,breakeven,10677470504.185,1.138514,0.0,0.0,15350.0,0.0,0.0,0.0,15350.0,0.003,15350.0,1685756605.0,always_reactive,0.745233
h=0.1/q0=0.17/p=0/r=1/sig=0/cf=1,B_q0,0.1,0.17,0.0,1.0,0.0,1.0,1.0,wiki_B,native,breakeven_cap_epoch,9447568108.69,1.007372,0.0,0.0,4201.0,0.0,0.0,0.0,4201.0,0.004,4201.0,455854209.5,always_reactive,0.745233
h=0.1/q0=0.17/p=0/r=1/sig=0/cf=1,B_q0,0.1,0.17,0.0,1.0,0.0,1.0,1.0,wiki_B,native,offline_taxblind,8991713899.192,0.958765,,,,,,,,,,,always_reactive,0.745233
h=0.1/q0=0.17/p=0/r=1/sig=0/cf=1,B_q0,0.1,0.17,0.0,1.0,0.0,1.0,1.0,wiki_B,native,offline_opt_tax,8991713899.192,0.958765,,,,,,,,,,,always_reactive,0.745233
h=0.1/q0=0.17/p=1/r=1/sig=0/cf=1,B_q0,0.1,0.17,1.0,1.0,0.0,1.0,1.0,bpi2019,autorpa_233k,always_reactive,26858149732.486,1.850586,0.0,0.0,0.0,0.0,0.0,0.0,0.0,0.003,0.0,0.0,ours_noinflate,0.978927
h=0.1/q0=0.17/p=1/r=1/sig=0/cf=1,B_q0,0.1,0.17,1.0,1.0,0.0,1.0,1.0,bpi2019,autorpa_233k,always_compile_evict,14825746825.069,1.021527,42.1,69.4,25427.8,23721.6,0.0,59871.3,24447.0,0.07,0.0,0.0,ours_noinflate,0.978927
h=0.1/q0=0.17/p=1/r=1/sig=0/cf=1,B_q0,0.1,0.17,1.0,1.0,0.0,1.0,1.0,bpi2019,autorpa_233k,ours_noinflate,14513322828.701,1.0,23.3,38.7,15938.6,15324.8,0.0,38703.8,15189.8,0.04,0.0,0.0,ours_noinflate,0.978927
h=0.1/q0=0.17/p=1/r=1/sig=0/cf=1,B_q0,0.1,0.17,1.0,1.0,0.0,1.0,1.0,bpi2019,autorpa_233k,oracle_tax,26452017088.322,1.822602,24.2,30.3,529.3,505.1,0.0,1298.3,297.6,0.004,0.0,0.0,ours_noinflate,0.978927
h=0.1/q0=0.17/p=1/r=1/sig=0/cf=1,B_q0,0.1,0.17,1.0,1.0,0.0,1.0,1.0,bpi2019,autorpa_233k,ours_spend_cap,14513322828.701,1.0,23.3,38.7,15938.6,15324.8,0.0,38703.8,15189.8,0.04,0.0,0.0,ours_noinflate,0.978927
h=0.1/q0=0.17/p=1/r=1/sig=0/cf=1,B_q0,0.1,0.17,1.0,1.0,0.0,1.0,1.0,bpi2019,autorpa_233k,ours_cap_epoch,14513322828.701,1.0,23.3,38.7,15938.6,15324.8,0.0,38703.8,15189.8,0.04,0.0,0.0,ours_noinflate,0.978927
h=0.1/q0=0.17/p=1/r=1/sig=0/cf=1,B_q0,0.1,0.17,1.0,1.0,0.0,1.0,1.0,bpi2019,autorpa_233k,ours_cap_realized,14513322828.701,1.0,23.3,38.7,15938.6,15324.8,0.0,38703.8,15189.8,0.04,0.0,0.0,ours_noinflate,0.978927
h=0.1/q0=0.17/p=1/r=1/sig=0/cf=1,B_q0,0.1,0.17,1.0,1.0,0.0,1.0,1.0,bpi2019,autorpa_233k,ours_pi_prior,23762235062.842,1.63727,26.6,33.8,6776.8,6225.2,0.0,15744.2,6193.1,0.022,0.0,0.0,ours_noinflate,0.978927
h=0.1/q0=0.17/p=1/r=1/sig=0/cf=1,B_q0,0.1,0.17,1.0,1.0,0.0,1.0,1.0,bpi2019,autorpa_233k,breakeven,26809095160.156,1.847206,0.1,7.5,987.0,349.6,0.0,874.9,725.2,0.004,0.0,0.0,ours_noinflate,0.978927
h=0.1/q0=0.17/p=1/r=1/sig=0/cf=1,B_q0,0.1,0.17,1.0,1.0,0.0,1.0,1.0,bpi2019,autorpa_233k,breakeven_cap_epoch,26809095160.156,1.847206,0.1,7.5,987.0,349.6,0.0,874.9,725.2,0.004,0.0,0.0,ours_noinflate,0.978927
h=0.1/q0=0.17/p=1/r=1/sig=0/cf=1,B_q0,0.1,0.17,1.0,1.0,0.0,1.0,1.0,bpi2019,autorpa_233k,offline_taxblind,13052275918.091,0.899331,,,,,,,,,,,ours_noinflate,0.978927
h=0.1/q0=0.17/p=1/r=1/sig=0/cf=1,B_q0,0.1,0.17,1.0,1.0,0.0,1.0,1.0,bpi2019,autorpa_233k,offline_opt_tax,13508974975.578,0.930798,,,,,,,,,,,ours_noinflate,0.978927
h=0.1/q0=0.17/p=1/r=1/sig=0/cf=1,B_q0,0.1,0.17,1.0,1.0,0.0,1.0,1.0,bpi2019,native,always_reactive,26858149732.486,2.42235,0.0,0.0,0.0,0.0,0.0,0.0,0.0,0.003,0.0,0.0,always_compile_evict,1.0
h=0.1/q0=0.17/p=1/r=1/sig=0/cf=1,B_q0,0.1,0.17,1.0,1.0,0.0,1.0,1.0,bpi2019,native,always_compile_evict,11075301928.359,0.998887,21.1,41.8,25427.8,23721.6,0.0,59871.3,23042.0,0.052,0.0,0.0,always_compile_evict,1.0
h=0.1/q0=0.17/p=1/r=1/sig=0/cf=1,B_q0,0.1,0.17,1.0,1.0,0.0,1.0,1.0,bpi2019,native,ours_noinflate,11087644147.297,1.0,17.7,36.7,21461.0,20322.9,0.0,51330.0,19354.8,0.048,0.0,0.0,always_compile_evict,1.0
h=0.1/q0=0.17/p=1/r=1/sig=0/cf=1,B_q0,0.1,0.17,1.0,1.0,0.0,1.0,1.0,bpi2019,native,oracle_tax,26319183080.036,2.37374,36.0,40.6,638.5,602.5,0.0,1545.6,356.7,0.005,0.0,0.0,always_compile_evict,1.0
h=0.1/q0=0.17/p=1/r=1/sig=0/cf=1,B_q0,0.1,0.17,1.0,1.0,0.0,1.0,1.0,bpi2019,native,ours_spend_cap,11087644147.297,1.0,17.7,36.7,21461.0,20322.9,0.0,51330.0,19354.8,0.048,0.0,0.0,always_compile_evict,1.0
h=0.1/q0=0.17/p=1/r=1/sig=0/cf=1,B_q0,0.1,0.17,1.0,1.0,0.0,1.0,1.0,bpi2019,native,ours_cap_epoch,11087644147.297,1.0,17.7,36.7,21461.0,20322.9,0.0,51330.0,19354.8,0.048,0.0,0.0,always_compile_evict,1.0
h=0.1/q0=0.17/p=1/r=1/sig=0/cf=1,B_q0,0.1,0.17,1.0,1.0,0.0,1.0,1.0,bpi2019,native,ours_cap_realized,11087644147.297,1.0,17.7,36.7,21461.0,20322.9,0.0,51330.0,19354.8,0.048,0.0,0.0,always_compile_evict,1.0
h=0.1/q0=0.17/p=1/r=1/sig=0/cf=1,B_q0,0.1,0.17,1.0,1.0,0.0,1.0,1.0,bpi2019,native,ours_pi_prior,11784192674.962,1.062822,17.2,33.0,18594.5,17640.1,0.0,44591.9,16695.3,0.04,0.0,0.0,always_compile_evict,1.0
h=0.1/q0=0.17/p=1/r=1/sig=0/cf=1,B_q0,0.1,0.17,1.0,1.0,0.0,1.0,1.0,bpi2019,native,breakeven,26667119961.991,2.40512,0.1,7.3,1606.5,440.4,0.0,1102.7,559.2,0.004,0.0,0.0,always_compile_evict,1.0
h=0.1/q0=0.17/p=1/r=1/sig=0/cf=1,B_q0,0.1,0.17,1.0,1.0,0.0,1.0,1.0,bpi2019,native,breakeven_cap_epoch,26667119961.991,2.40512,0.1,7.3,1606.5,440.4,0.0,1102.7,559.2,0.004,0.0,0.0,always_compile_evict,1.0
h=0.1/q0=0.17/p=1/r=1/sig=0/cf=1,B_q0,0.1,0.17,1.0,1.0,0.0,1.0,1.0,bpi2019,native,offline_taxblind,10278242333.982,0.927,,,,,,,,,,,always_compile_evict,1.0
h=0.1/q0=0.17/p=1/r=1/sig=0/cf=1,B_q0,0.1,0.17,1.0,1.0,0.0,1.0,1.0,bpi2019,native,offline_opt_tax,10611491051.33,0.957056,,,,,,,,,,,always_compile_evict,1.0
h=0.1/q0=0.17/p=1/r=1/sig=0/cf=1,B_q0,0.1,0.17,1.0,1.0,0.0,1.0,1.0,sepsis,autorpa_233k,always_reactive,93787502.059,1.017483,0.0,0.0,0.0,0.0,0.0,0.0,0.0,0.004,0.0,0.0,ours_noinflate,0.975804
h=0.1/q0=0.17/p=1/r=1/sig=0/cf=1,B_q0,0.1,0.17,1.0,1.0,0.0,1.0,1.0,sepsis,autorpa_233k,always_compile_evict,94461581.009,1.024796,16.9,18.5,36.6,12.8,0.0,33.5,25.9,0.014,0.0,0.0,ours_noinflate,0.975804
h=0.1/q0=0.17/p=1/r=1/sig=0/cf=1,B_q0,0.1,0.17,1.0,1.0,0.0,1.0,1.0,sepsis,autorpa_233k,ours_noinflate,92175972.333,1.0,5.7,6.9,12.8,5.5,0.0,13.3,6.7,0.007,0.0,0.0,ours_noinflate,0.975804
h=0.1/q0=0.17/p=1/r=1/sig=0/cf=1,B_q0,0.1,0.17,1.0,1.0,0.0,1.0,1.0,sepsis,autorpa_233k,oracle_tax,90904868.181,0.98621,6.2,8.4,15.8,9.6,0.0,25.8,5.1,0.009,0.0,0.0,ours_noinflate,0.975804
h=0.1/q0=0.17/p=1/r=1/sig=0/cf=1,B_q0,0.1,0.17,1.0,1.0,0.0,1.0,1.0,sepsis,autorpa_233k,ours_spend_cap,92175972.333,1.0,5.7,6.9,12.8,5.5,0.0,13.3,6.7,0.007,0.0,0.0,ours_noinflate,0.975804
h=0.1/q0=0.17/p=1/r=1/sig=0/cf=1,B_q0,0.1,0.17,1.0,1.0,0.0,1.0,1.0,sepsis,autorpa_233k,ours_cap_epoch,92175972.333,1.0,5.7,6.9,12.8,5.5,0.0,13.3,6.7,0.007,0.0,0.0,ours_noinflate,0.975804
h=0.1/q0=0.17/p=1/r=1/sig=0/cf=1,B_q0,0.1,0.17,1.0,1.0,0.0,1.0,1.0,sepsis,autorpa_233k,ours_cap_realized,92175972.333,1.0,5.7,6.9,12.8,5.5,0.0,13.3,6.7,0.007,0.0,0.0,ours_noinflate,0.975804
h=0.1/q0=0.17/p=1/r=1/sig=0/cf=1,B_q0,0.1,0.17,1.0,1.0,0.0,1.0,1.0,sepsis,autorpa_233k,ours_pi_prior,92695374.64,1.005635,6.6,6.9,12.8,6.2,0.0,17.0,7.0,0.007,0.0,0.0,ours_noinflate,0.975804
h=0.1/q0=0.17/p=1/r=1/sig=0/cf=1,B_q0,0.1,0.17,1.0,1.0,0.0,1.0,1.0,sepsis,autorpa_233k,breakeven,92904564.53,1.007904,2.7,4.2,7.7,4.0,0.0,10.1,3.0,0.006,0.0,0.0,ours_noinflate,0.975804
h=0.1/q0=0.17/p=1/r=1/sig=0/cf=1,B_q0,0.1,0.17,1.0,1.0,0.0,1.0,1.0,sepsis,autorpa_233k,breakeven_cap_epoch,92904564.53,1.007904,2.7,4.2,7.7,4.0,0.0,10.1,3.0,0.006,0.0,0.0,ours_noinflate,0.975804
h=0.1/q0=0.17/p=1/r=1/sig=0/cf=1,B_q0,0.1,0.17,1.0,1.0,0.0,1.0,1.0,sepsis,autorpa_233k,offline_taxblind,89227141.315,0.968009,,,,,,,,,,,ours_noinflate,0.975804
h=0.1/q0=0.17/p=1/r=1/sig=0/cf=1,B_q0,0.1,0.17,1.0,1.0,0.0,1.0,1.0,sepsis,autorpa_233k,offline_opt_tax,90127407.551,0.977776,,,,,,,,,,,ours_noinflate,0.975804
h=0.1/q0=0.17/p=1/r=1/sig=0/cf=1,B_q0,0.1,0.17,1.0,1.0,0.0,1.0,1.0,sepsis,native,always_reactive,93787502.059,1.048784,0.0,0.0,0.0,0.0,0.0,0.0,0.0,0.004,0.0,0.0,ours_noinflate,0.995006
h=0.1/q0=0.17/p=1/r=1/sig=0/cf=1,B_q0,0.1,0.17,1.0,1.0,0.0,1.0,1.0,sepsis,native,always_compile_evict,89873814.559,1.005019,16.6,17.5,36.6,12.8,0.0,33.5,19.3,0.014,0.0,0.0,ours_noinflate,0.995006
h=0.1/q0=0.17/p=1/r=1/sig=0/cf=1,B_q0,0.1,0.17,1.0,1.0,0.0,1.0,1.0,sepsis,native,ours_noinflate,89425003.986,1.0,8.1,9.1,20.6,9.0,0.0,24.3,4.8,0.01,0.0,0.0,ours_noinflate,0.995006
h=0.1/q0=0.17/p=1/r=1/sig=0/cf=1,B_q0,0.1,0.17,1.0,1.0,0.0,1.0,1.0,sepsis,native,oracle_tax,88914457.639,0.994291,10.4,11.7,20.8,10.4,0.0,28.5,3.6,0.011,0.0,0.0,ours_noinflate,0.995006
h=0.1/q0=0.17/p=1/r=1/sig=0/cf=1,B_q0,0.1,0.17,1.0,1.0,0.0,1.0,1.0,sepsis,native,ours_spend_cap,89425003.986,1.0,8.1,9.1,20.6,9.0,0.0,24.3,4.8,0.01,0.0,0.0,ours_noinflate,0.995006
h=0.1/q0=0.17/p=1/r=1/sig=0/cf=1,B_q0,0.1,0.17,1.0,1.0,0.0,1.0,1.0,sepsis,native,ours_cap_epoch,89425003.986,1.0,8.1,9.1,20.6,9.0,0.0,24.3,4.8,0.01,0.0,0.0,ours_noinflate,0.995006
h=0.1/q0=0.17/p=1/r=1/sig=0/cf=1,B_q0,0.1,0.17,1.0,1.0,0.0,1.0,1.0,sepsis,native,ours_cap_realized,89425003.986,1.0,8.1,9.1,20.6,9.0,0.0,24.3,4.8,0.01,0.0,0.0,ours_noinflate,0.995006
h=0.1/q0=0.17/p=1/r=1/sig=0/cf=1,B_q0,0.1,0.17,1.0,1.0,0.0,1.0,1.0,sepsis,native,ours_pi_prior,89754009.87,1.003679,8.5,9.9,20.8,8.7,0.0,24.2,5.8,0.01,0.0,0.0,ours_noinflate,0.995006
h=0.1/q0=0.17/p=1/r=1/sig=0/cf=1,B_q0,0.1,0.17,1.0,1.0,0.0,1.0,1.0,sepsis,native,breakeven,90553716.909,1.012622,6.1,7.9,18.5,7.4,0.0,19.0,5.9,0.009,0.0,0.0,ours_noinflate,0.995006
h=0.1/q0=0.17/p=1/r=1/sig=0/cf=1,B_q0,0.1,0.17,1.0,1.0,0.0,1.0,1.0,sepsis,native,breakeven_cap_epoch,90553716.909,1.012622,6.1,7.9,18.5,7.4,0.0,19.0,5.9,0.009,0.0,0.0,ours_noinflate,0.995006
h=0.1/q0=0.17/p=1/r=1/sig=0/cf=1,B_q0,0.1,0.17,1.0,1.0,0.0,1.0,1.0,sepsis,native,offline_taxblind,82217821.692,0.919405,,,,,,,,,,,ours_noinflate,0.995006
h=0.1/q0=0.17/p=1/r=1/sig=0/cf=1,B_q0,0.1,0.17,1.0,1.0,0.0,1.0,1.0,sepsis,native,offline_opt_tax,86010085.107,0.961812,,,,,,,,,,,ours_noinflate,0.995006
h=0.1/q0=0.17/p=1/r=1/sig=0/cf=1,B_q0,0.1,0.17,1.0,1.0,0.0,1.0,1.0,wiki_A,autorpa_233k,always_reactive,4770469730.199,1.472334,0.0,0.0,0.0,0.0,0.0,0.0,0.0,0.005,0.0,0.0,always_compile_evict,1.0
h=0.1/q0=0.17/p=1/r=1/sig=0/cf=1,B_q0,0.1,0.17,1.0,1.0,0.0,1.0,1.0,wiki_A,autorpa_233k,always_compile_evict,3058404396.617,0.943931,9.1,41.6,6543.9,6259.2,0.0,15868.4,5924.9,0.033,0.0,0.0,always_compile_evict,1.0
h=0.1/q0=0.17/p=1/r=1/sig=0/cf=1,B_q0,0.1,0.17,1.0,1.0,0.0,1.0,1.0,wiki_A,autorpa_233k,ours_noinflate,3240072001.845,1.0,6.2,20.6,3711.1,3611.2,0.0,9197.0,3256.8,0.02,0.0,0.0,always_compile_evict,1.0
h=0.1/q0=0.17/p=1/r=1/sig=0/cf=1,B_q0,0.1,0.17,1.0,1.0,0.0,1.0,1.0,wiki_A,autorpa_233k,oracle_tax,4492860359.89,1.386654,5.8,9.0,434.3,428.5,0.0,1083.3,245.6,0.007,0.0,0.0,always_compile_evict,1.0
h=0.1/q0=0.17/p=1/r=1/sig=0/cf=1,B_q0,0.1,0.17,1.0,1.0,0.0,1.0,1.0,wiki_A,autorpa_233k,ours_spend_cap,3240072001.845,1.0,6.2,20.6,3711.1,3611.2,0.0,9197.0,3256.8,0.02,0.0,0.0,always_compile_evict,1.0
h=0.1/q0=0.17/p=1/r=1/sig=0/cf=1,B_q0,0.1,0.17,1.0,1.0,0.0,1.0,1.0,wiki_A,autorpa_233k,ours_cap_epoch,3240072001.845,1.0,6.2,20.6,3711.1,3611.2,0.0,9197.0,3256.8,0.02,0.0,0.0,always_compile_evict,1.0
h=0.1/q0=0.17/p=1/r=1/sig=0/cf=1,B_q0,0.1,0.17,1.0,1.0,0.0,1.0,1.0,wiki_A,autorpa_233k,ours_cap_realized,3240072001.845,1.0,6.2,20.6,3711.1,3611.2,0.0,9197.0,3256.8,0.02,0.0,0.0,always_compile_evict,1.0
h=0.1/q0=0.17/p=1/r=1/sig=0/cf=1,B_q0,0.1,0.17,1.0,1.0,0.0,1.0,1.0,wiki_A,autorpa_233k,ours_pi_prior,3420585659.003,1.055713,2.8,14.6,5096.2,5006.4,0.0,12705.4,4698.7,0.015,0.0,0.0,always_compile_evict,1.0
h=0.1/q0=0.17/p=1/r=1/sig=0/cf=1,B_q0,0.1,0.17,1.0,1.0,0.0,1.0,1.0,wiki_A,autorpa_233k,breakeven,4505842537.467,1.390661,0.0,6.0,1474.6,1359.4,0.0,3417.8,1183.4,0.007,0.0,0.0,always_compile_evict,1.0
h=0.1/q0=0.17/p=1/r=1/sig=0/cf=1,B_q0,0.1,0.17,1.0,1.0,0.0,1.0,1.0,wiki_A,autorpa_233k,breakeven_cap_epoch,4505842537.467,1.390661,0.0,6.0,1474.6,1359.4,0.0,3417.8,1183.4,0.007,0.0,0.0,always_compile_evict,1.0
h=0.1/q0=0.17/p=1/r=1/sig=0/cf=1,B_q0,0.1,0.17,1.0,1.0,0.0,1.0,1.0,wiki_A,autorpa_233k,offline_taxblind,2850102789.926,0.879642,,,,,,,,,,,always_compile_evict,1.0
h=0.1/q0=0.17/p=1/r=1/sig=0/cf=1,B_q0,0.1,0.17,1.0,1.0,0.0,1.0,1.0,wiki_A,autorpa_233k,offline_opt_tax,2894739350.478,0.893418,,,,,,,,,,,always_compile_evict,1.0
h=0.1/q0=0.17/p=1/r=1/sig=0/cf=1,B_q0,0.1,0.17,1.0,1.0,0.0,1.0,1.0,wiki_A,native,always_reactive,4770469730.199,2.086578,0.0,0.0,0.0,0.0,0.0,0.0,0.0,0.005,0.0,0.0,always_compile_evict,1.0
h=0.1/q0=0.17/p=1/r=1/sig=0/cf=1,B_q0,0.1,0.17,1.0,1.0,0.0,1.0,1.0,wiki_A,native,always_compile_evict,2280191619.217,0.997344,6.5,31.1,6543.9,6259.2,0.0,15868.4,5637.0,0.032,0.0,0.0,always_compile_evict,1.0
h=0.1/q0=0.17/p=1/r=1/sig=0/cf=1,B_q0,0.1,0.17,1.0,1.0,0.0,1.0,1.0,wiki_A,native,ours_noinflate,2286264968.189,1.0,6.6,26.3,5962.3,5758.7,0.0,14615.7,5101.0,0.03,0.0,0.0,always_compile_evict,1.0
h=0.1/q0=0.17/p=1/r=1/sig=0/cf=1,B_q0,0.1,0.17,1.0,1.0,0.0,1.0,1.0,wiki_A,native,oracle_tax,4396456726.688,1.922987,10.8,11.8,516.6,505.8,0.0,1273.8,279.8,0.008,0.0,0.0,always_compile_evict,1.0
h=0.1/q0=0.17/p=1/r=1/sig=0/cf=1,B_q0,0.1,0.17,1.0,1.0,0.0,1.0,1.0,wiki_A,native,ours_spend_cap,2286264968.189,1.0,6.6,26.3,5962.3,5758.7,0.0,14615.7,5101.0,0.03,0.0,0.0,always_compile_evict,1.0
h=0.1/q0=0.17/p=1/r=1/sig=0/cf=1,B_q0,0.1,0.17,1.0,1.0,0.0,1.0,1.0,wiki_A,native,ours_cap_epoch,2286264968.189,1.0,6.6,26.3,5962.3,5758.7,0.0,14615.7,5101.0,0.03,0.0,0.0,always_compile_evict,1.0
h=0.1/q0=0.17/p=1/r=1/sig=0/cf=1,B_q0,0.1,0.17,1.0,1.0,0.0,1.0,1.0,wiki_A,native,ours_cap_realized,2286264968.189,1.0,6.6,26.3,5962.3,5758.7,0.0,14615.7,5101.0,0.03,0.0,0.0,always_compile_evict,1.0
h=0.1/q0=0.17/p=1/r=1/sig=0/cf=1,B_q0,0.1,0.17,1.0,1.0,0.0,1.0,1.0,wiki_A,native,ours_pi_prior,2323311724.748,1.016204,5.7,24.5,5781.7,5607.6,0.0,14241.2,4999.9,0.028,0.0,0.0,always_compile_evict,1.0
h=0.1/q0=0.17/p=1/r=1/sig=0/cf=1,B_q0,0.1,0.17,1.0,1.0,0.0,1.0,1.0,wiki_A,native,breakeven,4232614208.442,1.851323,0.8,6.6,1875.9,1681.0,0.0,4243.9,1408.9,0.007,0.0,0.0,always_compile_evict,1.0
h=0.1/q0=0.17/p=1/r=1/sig=0/cf=1,B_q0,0.1,0.17,1.0,1.0,0.0,1.0,1.0,wiki_A,native,breakeven_cap_epoch,4232614208.442,1.851323,0.8,6.6,1875.9,1681.0,0.0,4243.9,1408.9,0.007,0.0,0.0,always_compile_evict,1.0
h=0.1/q0=0.17/p=1/r=1/sig=0/cf=1,B_q0,0.1,0.17,1.0,1.0,0.0,1.0,1.0,wiki_A,native,offline_taxblind,2175837198.329,0.951699,,,,,,,,,,,always_compile_evict,1.0
h=0.1/q0=0.17/p=1/r=1/sig=0/cf=1,B_q0,0.1,0.17,1.0,1.0,0.0,1.0,1.0,wiki_A,native,offline_opt_tax,2206441872.659,0.965086,,,,,,,,,,,always_compile_evict,1.0
h=0.1/q0=0.17/p=1/r=1/sig=0/cf=1,B_q0,0.1,0.17,1.0,1.0,0.0,1.0,1.0,wiki_B,autorpa_233k,always_reactive,8991713899.193,1.083528,0.0,0.0,0.0,0.0,0.0,0.0,0.0,0.004,0.0,0.0,ours_noinflate,0.962441
h=0.1/q0=0.17/p=1/r=1/sig=0/cf=1,B_q0,0.1,0.17,1.0,1.0,0.0,1.0,1.0,wiki_B,autorpa_233k,always_compile_evict,8622396695.1,1.039025,58.5,76.8,4417.2,2859.2,0.0,7150.4,3778.7,0.056,0.0,0.0,ours_noinflate,0.962441
h=0.1/q0=0.17/p=1/r=1/sig=0/cf=1,B_q0,0.1,0.17,1.0,1.0,0.0,1.0,1.0,wiki_B,autorpa_233k,ours_noinflate,8298549522.169,1.0,25.7,36.5,1862.3,1366.4,0.0,3447.3,1401.4,0.026,0.0,0.0,ours_noinflate,0.962441
h=0.1/q0=0.17/p=1/r=1/sig=0/cf=1,B_q0,0.1,0.17,1.0,1.0,0.0,1.0,1.0,wiki_B,autorpa_233k,oracle_tax,8959413437.631,1.079636,23.4,26.5,113.3,89.9,0.0,219.1,54.7,0.006,0.0,0.0,ours_noinflate,0.962441
h=0.1/q0=0.17/p=1/r=1/sig=0/cf=1,B_q0,0.1,0.17,1.0,1.0,0.0,1.0,1.0,wiki_B,autorpa_233k,ours_spend_cap,8298549522.169,1.0,25.7,36.5,1862.3,1366.4,0.0,3447.3,1401.4,0.026,0.0,0.0,ours_noinflate,0.962441
h=0.1/q0=0.17/p=1/r=1/sig=0/cf=1,B_q0,0.1,0.17,1.0,1.0,0.0,1.0,1.0,wiki_B,autorpa_233k,ours_cap_epoch,8298549522.169,1.0,25.7,36.5,1862.3,1366.4,0.0,3447.3,1401.4,0.026,0.0,0.0,ours_noinflate,0.962441
h=0.1/q0=0.17/p=1/r=1/sig=0/cf=1,B_q0,0.1,0.17,1.0,1.0,0.0,1.0,1.0,wiki_B,autorpa_233k,ours_cap_realized,8298549522.169,1.0,25.7,36.5,1862.3,1366.4,0.0,3447.3,1401.4,0.026,0.0,0.0,ours_noinflate,0.962441
h=0.1/q0=0.17/p=1/r=1/sig=0/cf=1,B_q0,0.1,0.17,1.0,1.0,0.0,1.0,1.0,wiki_B,autorpa_233k,ours_pi_prior,8488980965.583,1.022948,23.6,36.9,1705.5,1236.8,0.0,3125.5,1353.0,0.023,0.0,0.0,ours_noinflate,0.962441
h=0.1/q0=0.17/p=1/r=1/sig=0/cf=1,B_q0,0.1,0.17,1.0,1.0,0.0,1.0,1.0,wiki_B,autorpa_233k,breakeven,8988469411.112,1.083137,2.0,11.3,686.5,233.0,0.0,590.3,530.6,0.007,0.0,0.0,ours_noinflate,0.962441
h=0.1/q0=0.17/p=1/r=1/sig=0/cf=1,B_q0,0.1,0.17,1.0,1.0,0.0,1.0,1.0,wiki_B,autorpa_233k,breakeven_cap_epoch,8988469411.112,1.083137,2.0,11.3,686.5,233.0,0.0,590.3,530.6,0.007,0.0,0.0,ours_noinflate,0.962441
h=0.1/q0=0.17/p=1/r=1/sig=0/cf=1,B_q0,0.1,0.17,1.0,1.0,0.0,1.0,1.0,wiki_B,autorpa_233k,offline_taxblind,7806535498.444,0.940711,,,,,,,,,,,ours_noinflate,0.962441
h=0.1/q0=0.17/p=1/r=1/sig=0/cf=1,B_q0,0.1,0.17,1.0,1.0,0.0,1.0,1.0,wiki_B,autorpa_233k,offline_opt_tax,7956758798.533,0.958813,,,,,,,,,,,ours_noinflate,0.962441
h=0.1/q0=0.17/p=1/r=1/sig=0/cf=1,B_q0,0.1,0.17,1.0,1.0,0.0,1.0,1.0,wiki_B,native,always_reactive,8991713899.193,1.147315,0.0,0.0,0.0,0.0,0.0,0.0,0.0,0.004,0.0,0.0,ours_noinflate,0.995731
h=0.1/q0=0.17/p=1/r=1/sig=0/cf=1,B_q0,0.1,0.17,1.0,1.0,0.0,1.0,1.0,wiki_B,native,always_compile_evict,7870782118.149,1.004287,31.1,49.2,4417.2,2859.2,0.0,7150.4,3049.8,0.035,0.0,0.0,ours_noinflate,0.995731
h=0.1/q0=0.17/p=1/r=1/sig=0/cf=1,B_q0,0.1,0.17,1.0,1.0,0.0,1.0,1.0,wiki_B,native,ours_noinflate,7837181508.662,1.0,27.0,42.4,3438.5,2342.0,0.0,5875.6,2161.1,0.03,0.0,0.0,ours_noinflate,0.995731
h=0.1/q0=0.17/p=1/r=1/sig=0/cf=1,B_q0,0.1,0.17,1.0,1.0,0.0,1.0,1.0,wiki_B,native,oracle_tax,8932372842.789,1.139743,40.0,43.5,171.5,131.5,0.0,326.3,74.2,0.006,0.0,0.0,ours_noinflate,0.995731
h=0.1/q0=0.17/p=1/r=1/sig=0/cf=1,B_q0,0.1,0.17,1.0,1.0,0.0,1.0,1.0,wiki_B,native,ours_spend_cap,7837181508.662,1.0,27.0,42.4,3438.5,2342.0,0.0,5875.6,2161.1,0.03,0.0,0.0,ours_noinflate,0.995731
h=0.1/q0=0.17/p=1/r=1/sig=0/cf=1,B_q0,0.1,0.17,1.0,1.0,0.0,1.0,1.0,wiki_B,native,ours_cap_epoch,7837181508.662,1.0,27.0,42.4,3438.5,2342.0,0.0,5875.6,2161.1,0.03,0.0,0.0,ours_noinflate,0.995731
h=0.1/q0=0.17/p=1/r=1/sig=0/cf=1,B_q0,0.1,0.17,1.0,1.0,0.0,1.0,1.0,wiki_B,native,ours_cap_realized,7837181508.662,1.0,27.0,42.4,3438.5,2342.0,0.0,5875.6,2161.1,0.03,0.0,0.0,ours_noinflate,0.995731
h=0.1/q0=0.17/p=1/r=1/sig=0/cf=1,B_q0,0.1,0.17,1.0,1.0,0.0,1.0,1.0,wiki_B,native,ours_pi_prior,7910143466.24,1.00931,21.7,37.0,2855.9,1956.8,0.0,4929.4,1720.8,0.026,0.0,0.0,ours_noinflate,0.995731
h=0.1/q0=0.17/p=1/r=1/sig=0/cf=1,B_q0,0.1,0.17,1.0,1.0,0.0,1.0,1.0,wiki_B,native,breakeven,8910817340.319,1.136993,0.9,11.9,1262.0,289.8,0.0,733.2,578.2,0.006,0.0,0.0,ours_noinflate,0.995731
h=0.1/q0=0.17/p=1/r=1/sig=0/cf=1,B_q0,0.1,0.17,1.0,1.0,0.0,1.0,1.0,wiki_B,native,breakeven_cap_epoch,8910817340.319,1.136993,0.9,11.9,1262.0,289.8,0.0,733.2,578.2,0.006,0.0,0.0,ours_noinflate,0.995731
h=0.1/q0=0.17/p=1/r=1/sig=0/cf=1,B_q0,0.1,0.17,1.0,1.0,0.0,1.0,1.0,wiki_B,native,offline_taxblind,7161127931.704,0.913738,,,,,,,,,,,ours_noinflate,0.995731
h=0.1/q0=0.17/p=1/r=1/sig=0/cf=1,B_q0,0.1,0.17,1.0,1.0,0.0,1.0,1.0,wiki_B,native,offline_opt_tax,7267571600.282,0.92732,,,,,,,,,,,ours_noinflate,0.995731
h=0.1/q0=0.4/p=0.3/r=1/sig=0.3/cf=11.0877,D_sigma,0.1,0.4,0.3,1.0,0.3,3.0,11.087667012373094,bpi2019,autorpa_233k,always_reactive,26858149732.486,1.0,0.0,0.0,0.0,0.0,0.0,0.0,0.0,0.003,0.0,0.0,always_reactive,0.226607
h=0.1/q0=0.4/p=0.3/r=1/sig=0.3/cf=11.0877,D_sigma,0.1,0.4,0.3,1.0,0.3,3.0,11.087667012373094,bpi2019,autorpa_233k,always_compile_evict,118523275048.858,4.412935,74.6,119.9,50753.3,14096.3,27785.5,92624.1,50657.4,0.017,35531.2,91792240596.959,always_reactive,0.226607
h=0.1/q0=0.4/p=0.3/r=1/sig=0.3/cf=11.0877,D_sigma,0.1,0.4,0.3,1.0,0.3,3.0,11.087667012373094,bpi2019,autorpa_233k,ours_noinflate,26858149732.486,1.0,0.0,0.0,0.0,0.0,0.0,0.0,0.0,0.003,0.0,0.0,always_reactive,0.226607
h=0.1/q0=0.4/p=0.3/r=1/sig=0.3/cf=11.0877,D_sigma,0.1,0.4,0.3,1.0,0.3,3.0,11.087667012373094,bpi2019,autorpa_233k,oracle_tax,26858149732.486,1.0,0.0,0.0,0.0,0.0,0.0,0.0,0.0,0.003,0.0,0.0,always_reactive,0.226607
h=0.1/q0=0.4/p=0.3/r=1/sig=0.3/cf=11.0877,D_sigma,0.1,0.4,0.3,1.0,0.3,3.0,11.087667012373094,bpi2019,autorpa_233k,ours_spend_cap,26858149732.486,1.0,0.0,0.0,0.0,0.0,0.0,0.0,0.0,0.003,0.0,0.0,always_reactive,0.226607
h=0.1/q0=0.4/p=0.3/r=1/sig=0.3/cf=11.0877,D_sigma,0.1,0.4,0.3,1.0,0.3,3.0,11.087667012373094,bpi2019,autorpa_233k,ours_cap_epoch,26858149732.486,1.0,0.0,0.0,0.0,0.0,0.0,0.0,0.0,0.003,0.0,0.0,always_reactive,0.226607
h=0.1/q0=0.4/p=0.3/r=1/sig=0.3/cf=11.0877,D_sigma,0.1,0.4,0.3,1.0,0.3,3.0,11.087667012373094,bpi2019,autorpa_233k,ours_cap_realized,26858149732.486,1.0,0.0,0.0,0.0,0.0,0.0,0.0,0.0,0.003,0.0,0.0,always_reactive,0.226607
h=0.1/q0=0.4/p=0.3/r=1/sig=0.3/cf=11.0877,D_sigma,0.1,0.4,0.3,1.0,0.3,3.0,11.087667012373094,bpi2019,autorpa_233k,ours_pi_prior,27346051485.056,1.018166,2.1,6.6,252.3,39.1,77.0,244.9,244.8,0.005,175.6,453649678.278,always_reactive,0.226607
h=0.1/q0=0.4/p=0.3/r=1/sig=0.3/cf=11.0877,D_sigma,0.1,0.4,0.3,1.0,0.3,3.0,11.087667012373094,bpi2019,autorpa_233k,breakeven,29354738838.02,1.092955,1.3,6.8,1337.6,178.1,354.3,1169.8,1276.0,0.005,943.1,2436429450.933,always_reactive,0.226607
h=0.1/q0=0.4/p=0.3/r=1/sig=0.3/cf=11.0877,D_sigma,0.1,0.4,0.3,1.0,0.3,3.0,11.087667012373094,bpi2019,autorpa_233k,breakeven_cap_epoch,27592109917.576,1.027327,0.6,4.3,383.2,35.4,77.5,245.7,372.3,0.004,272.8,704758725.707,always_reactive,0.226607
h=0.1/q0=0.4/p=0.3/r=1/sig=0.3/cf=11.0877,D_sigma,0.1,0.4,0.3,1.0,0.3,3.0,11.087667012373094,bpi2019,autorpa_233k,offline_taxblind,26858149732.495,1.0,,,,,,,,,,,always_reactive,0.226607
h=0.1/q0=0.4/p=0.3/r=1/sig=0.3/cf=11.0877,D_sigma,0.1,0.4,0.3,1.0,0.3,3.0,11.087667012373094,bpi2019,autorpa_233k,offline_opt_tax,26858149732.495,1.0,,,,,,,,,,,always_reactive,0.226607
h=0.1/q0=0.4/p=0.3/r=1/sig=0.3/cf=11.0877,D_sigma,0.1,0.4,0.3,1.0,0.3,3.0,11.087667012373094,bpi2019,native,always_reactive,26858149732.486,0.875599,0.0,0.0,0.0,0.0,0.0,0.0,0.0,0.003,0.0,0.0,always_reactive,0.415157
h=0.1/q0=0.4/p=0.3/r=1/sig=0.3/cf=11.0877,D_sigma,0.1,0.4,0.3,1.0,0.3,3.0,11.087667012373094,bpi2019,native,always_compile_evict,64694018557.023,2.109082,48.6,77.9,50753.3,14096.3,27785.5,92624.1,50497.1,0.019,35531.2,40753885732.67,always_reactive,0.415157
h=0.1/q0=0.4/p=0.3/r=1/sig=0.3/cf=11.0877,D_sigma,0.1,0.4,0.3,1.0,0.3,3.0,11.087667012373094,bpi2019,native,ours_noinflate,30674019643.92,1.0,5.6,15.5,5111.4,1326.3,2633.6,8682.1,5021.7,0.007,3604.6,4244233582.935,always_reactive,0.415157
h=0.1/q0=0.4/p=0.3/r=1/sig=0.3/cf=11.0877,D_sigma,0.1,0.4,0.3,1.0,0.3,3.0,11.087667012373094,bpi2019,native,oracle_tax,26892784497.44,0.876728,2.6,4.7,52.5,14.7,28.4,99.9,38.3,0.003,35.2,41446213.76,always_reactive,0.415157
h=0.1/q0=0.4/p=0.3/r=1/sig=0.3/cf=11.0877,D_sigma,0.1,0.4,0.3,1.0,0.3,3.0,11.087667012373094,bpi2019,native,ours_spend_cap,27396007962.612,0.893134,1.9,7.9,639.0,90.8,172.7,578.5,598.8,0.005,445.1,524082663.198,always_reactive,0.415157
h=0.1/q0=0.4/p=0.3/r=1/sig=0.3/cf=11.0877,D_sigma,0.1,0.4,0.3,1.0,0.3,3.0,11.087667012373094,bpi2019,native,ours_cap_epoch,27396007962.612,0.893134,1.9,7.9,639.0,90.8,172.7,578.5,598.8,0.005,445.1,524082663.198,always_reactive,0.415157
h=0.1/q0=0.4/p=0.3/r=1/sig=0.3/cf=11.0877,D_sigma,0.1,0.4,0.3,1.0,0.3,3.0,11.087667012373094,bpi2019,native,ours_cap_realized,27412652325.667,0.893677,1.9,8.0,661.8,95.9,185.9,620.6,620.6,0.005,461.0,542804106.345,always_reactive,0.415157
h=0.1/q0=0.4/p=0.3/r=1/sig=0.3/cf=11.0877,D_sigma,0.1,0.4,0.3,1.0,0.3,3.0,11.087667012373094,bpi2019,native,ours_pi_prior,28860179897.028,0.940867,6.4,13.5,2571.4,607.9,1222.5,4009.4,2492.8,0.007,1809.0,2130005701.473,always_reactive,0.415157
h=0.1/q0=0.4/p=0.3/r=1/sig=0.3/cf=11.0877,D_sigma,0.1,0.4,0.3,1.0,0.3,3.0,11.087667012373094,bpi2019,native,breakeven,28480798883.551,0.928499,1.3,6.7,1906.5,188.4,371.5,1220.8,1773.6,0.004,1340.7,1613358559.162,always_reactive,0.415157
h=0.1/q0=0.4/p=0.3/r=1/sig=0.3/cf=11.0877,D_sigma,0.1,0.4,0.3,1.0,0.3,3.0,11.087667012373094,bpi2019,native,breakeven_cap_epoch,27384809499.03,0.892769,0.4,4.2,605.8,38.1,87.6,271.0,578.8,0.004,424.6,510734489.758,always_reactive,0.415157
h=0.1/q0=0.4/p=0.3/r=1/sig=0.3/cf=11.0877,D_sigma,0.1,0.4,0.3,1.0,0.3,3.0,11.087667012373094,bpi2019,native,offline_taxblind,24815239142.53,0.808999,,,,,,,,,,,always_reactive,0.415157
h=0.1/q0=0.4/p=0.3/r=1/sig=0.3/cf=11.0877,D_sigma,0.1,0.4,0.3,1.0,0.3,3.0,11.087667012373094,bpi2019,native,offline_opt_tax,24990421073.15,0.81471,,,,,,,,,,,always_reactive,0.415157
h=0.1/q0=0.4/p=0.3/r=1/sig=0.3/cf=11.0877,D_sigma,0.1,0.4,0.3,1.0,0.3,3.0,11.087667012373094,sepsis,autorpa_233k,always_reactive,93787502.059,1.0,0.0,0.0,0.0,0.0,0.0,0.0,0.0,0.004,0.0,0.0,always_reactive,0.412896
h=0.1/q0=0.4/p=0.3/r=1/sig=0.3/cf=11.0877,D_sigma,0.1,0.4,0.3,1.0,0.3,3.0,11.087667012373094,sepsis,autorpa_233k,always_compile_evict,227145529.315,2.421917,12.1,12.8,69.4,5.7,12.4,40.7,68.3,0.004,50.5,130463033.901,always_reactive,0.412896
h=0.1/q0=0.4/p=0.3/r=1/sig=0.3/cf=11.0877,D_sigma,0.1,0.4,0.3,1.0,0.3,3.0,11.087667012373094,sepsis,autorpa_233k,ours_noinflate,93787502.059,1.0,0.0,0.0,0.0,0.0,0.0,0.0,0.0,0.004,0.0,0.0,always_reactive,0.412896
h=0.1/q0=0.4/p=0.3/r=1/sig=0.3/cf=11.0877,D_sigma,0.1,0.4,0.3,1.0,0.3,3.0,11.087667012373094,sepsis,autorpa_233k,oracle_tax,93787502.059,1.0,0.0,0.0,0.0,0.0,0.0,0.0,0.0,0.004,0.0,0.0,always_reactive,0.412896
h=0.1/q0=0.4/p=0.3/r=1/sig=0.3/cf=11.0877,D_sigma,0.1,0.4,0.3,1.0,0.3,3.0,11.087667012373094,sepsis,autorpa_233k,ours_spend_cap,93787502.059,1.0,0.0,0.0,0.0,0.0,0.0,0.0,0.0,0.004,0.0,0.0,always_reactive,0.412896
h=0.1/q0=0.4/p=0.3/r=1/sig=0.3/cf=11.0877,D_sigma,0.1,0.4,0.3,1.0,0.3,3.0,11.087667012373094,sepsis,autorpa_233k,ours_cap_epoch,93787502.059,1.0,0.0,0.0,0.0,0.0,0.0,0.0,0.0,0.004,0.0,0.0,always_reactive,0.412896
h=0.1/q0=0.4/p=0.3/r=1/sig=0.3/cf=11.0877,D_sigma,0.1,0.4,0.3,1.0,0.3,3.0,11.087667012373094,sepsis,autorpa_233k,ours_cap_realized,93787502.059,1.0,0.0,0.0,0.0,0.0,0.0,0.0,0.0,0.004,0.0,0.0,always_reactive,0.412896
h=0.1/q0=0.4/p=0.3/r=1/sig=0.3/cf=11.0877,D_sigma,0.1,0.4,0.3,1.0,0.3,3.0,11.087667012373094,sepsis,autorpa_233k,ours_pi_prior,95905489.522,1.022583,0.2,0.2,1.0,0.0,0.2,0.4,1.0,0.004,0.8,2066741.131,always_reactive,0.412896
h=0.1/q0=0.4/p=0.3/r=1/sig=0.3/cf=11.0877,D_sigma,0.1,0.4,0.3,1.0,0.3,3.0,11.087667012373094,sepsis,autorpa_233k,breakeven,97038649.589,1.034665,0.8,0.8,2.0,0.0,0.5,1.1,2.0,0.004,1.2,3100111.697,always_reactive,0.412896
h=0.1/q0=0.4/p=0.3/r=1/sig=0.3/cf=11.0877,D_sigma,0.1,0.4,0.3,1.0,0.3,3.0,11.087667012373094,sepsis,autorpa_233k,breakeven_cap_epoch,97038649.589,1.034665,0.8,0.8,2.0,0.0,0.5,1.1,2.0,0.004,1.2,3100111.697,always_reactive,0.412896
h=0.1/q0=0.4/p=0.3/r=1/sig=0.3/cf=11.0877,D_sigma,0.1,0.4,0.3,1.0,0.3,3.0,11.087667012373094,sepsis,autorpa_233k,offline_taxblind,93787502.059,1.0,,,,,,,,,,,always_reactive,0.412896
h=0.1/q0=0.4/p=0.3/r=1/sig=0.3/cf=11.0877,D_sigma,0.1,0.4,0.3,1.0,0.3,3.0,11.087667012373094,sepsis,autorpa_233k,offline_opt_tax,93787502.059,1.0,,,,,,,,,,,always_reactive,0.412896
h=0.1/q0=0.4/p=0.3/r=1/sig=0.3/cf=11.0877,D_sigma,0.1,0.4,0.3,1.0,0.3,3.0,11.087667012373094,sepsis,native,always_reactive,93787502.059,0.945402,0.0,0.0,0.0,0.0,0.0,0.0,0.0,0.004,0.0,0.0,always_reactive,0.593622
h=0.1/q0=0.4/p=0.3/r=1/sig=0.3/cf=11.0877,D_sigma,0.1,0.4,0.3,1.0,0.3,3.0,11.087667012373094,sepsis,native,always_compile_evict,157991868.566,1.592599,10.7,12.1,69.4,5.7,12.4,40.7,65.3,0.006,50.5,63601358.252,always_reactive,0.593622
h=0.1/q0=0.4/p=0.3/r=1/sig=0.3/cf=11.0877,D_sigma,0.1,0.4,0.3,1.0,0.3,3.0,11.087667012373094,sepsis,native,ours_noinflate,99203809.195,1.0,1.9,2.4,7.6,0.4,1.1,3.5,6.6,0.005,4.7,5534011.496,always_reactive,0.593622
h=0.1/q0=0.4/p=0.3/r=1/sig=0.3/cf=11.0877,D_sigma,0.1,0.4,0.3,1.0,0.3,3.0,11.087667012373094,sepsis,native,oracle_tax,93787502.059,0.945402,0.0,0.0,0.0,0.0,0.0,0.0,0.0,0.004,0.0,0.0,always_reactive,0.593622
h=0.1/q0=0.4/p=0.3/r=1/sig=0.3/cf=11.0877,D_sigma,0.1,0.4,0.3,1.0,0.3,3.0,11.087667012373094,sepsis,native,ours_spend_cap,97713389.653,0.984976,1.2,1.4,5.3,0.3,0.8,2.3,4.7,0.004,3.4,4003327.465,always_reactive,0.593622
h=0.1/q0=0.4/p=0.3/r=1/sig=0.3/cf=11.0877,D_sigma,0.1,0.4,0.3,1.0,0.3,3.0,11.087667012373094,sepsis,native,ours_cap_epoch,97713389.653,0.984976,1.2,1.4,5.3,0.3,0.8,2.3,4.7,0.004,3.4,4003327.465,always_reactive,0.593622
h=0.1/q0=0.4/p=0.3/r=1/sig=0.3/cf=11.0877,D_sigma,0.1,0.4,0.3,1.0,0.3,3.0,11.087667012373094,sepsis,native,ours_cap_realized,97713389.653,0.984976,1.2,1.4,5.3,0.3,0.8,2.3,4.7,0.004,3.4,4003327.465,always_reactive,0.593622
h=0.1/q0=0.4/p=0.3/r=1/sig=0.3/cf=11.0877,D_sigma,0.1,0.4,0.3,1.0,0.3,3.0,11.087667012373094,sepsis,native,ours_pi_prior,97235085.588,0.980155,1.4,1.4,4.4,0.1,0.8,2.6,3.5,0.004,2.9,3414602.838,always_reactive,0.593622
h=0.1/q0=0.4/p=0.3/r=1/sig=0.3/cf=11.0877,D_sigma,0.1,0.4,0.3,1.0,0.3,3.0,11.087667012373094,sepsis,native,breakeven,101413879.321,1.022278,1.6,2.0,8.4,0.5,1.6,4.8,7.6,0.004,5.8,7665603.837,always_reactive,0.593622
h=0.1/q0=0.4/p=0.3/r=1/sig=0.3/cf=11.0877,D_sigma,0.1,0.4,0.3,1.0,0.3,3.0,11.087667012373094,sepsis,native,breakeven_cap_epoch,99357026.623,1.001544,1.0,1.6,6.0,0.4,1.4,4.0,5.3,0.004,4.2,5572585.49,always_reactive,0.593622
h=0.1/q0=0.4/p=0.3/r=1/sig=0.3/cf=11.0877,D_sigma,0.1,0.4,0.3,1.0,0.3,3.0,11.087667012373094,sepsis,native,offline_taxblind,93787502.059,0.945402,,,,,,,,,,,always_reactive,0.593622
h=0.1/q0=0.4/p=0.3/r=1/sig=0.3/cf=11.0877,D_sigma,0.1,0.4,0.3,1.0,0.3,3.0,11.087667012373094,sepsis,native,offline_opt_tax,93787502.059,0.945402,,,,,,,,,,,always_reactive,0.593622
h=0.1/q0=0.4/p=0.3/r=1/sig=0.3/cf=11.0877,D_sigma,0.1,0.4,0.3,1.0,0.3,3.0,11.087667012373094,wiki_A,autorpa_233k,always_reactive,4770469730.199,1.0,0.0,0.0,0.0,0.0,0.0,0.0,0.0,0.005,0.0,0.0,always_reactive,0.167695
h=0.1/q0=0.4/p=0.3/r=1/sig=0.3/cf=11.0877,D_sigma,0.1,0.4,0.3,1.0,0.3,3.0,11.087667012373094,wiki_A,autorpa_233k,always_compile_evict,28447278132.757,5.963203,24.5,56.6,13084.4,3746.6,7324.1,24566.2,12957.9,0.005,9145.0,23625434554.96,always_reactive,0.167695
h=0.1/q0=0.4/p=0.3/r=1/sig=0.3/cf=11.0877,D_sigma,0.1,0.4,0.3,1.0,0.3,3.0,11.087667012373094,wiki_A,autorpa_233k,ours_noinflate,4770469730.199,1.0,0.0,0.0,0.0,0.0,0.0,0.0,0.0,0.005,0.0,0.0,always_reactive,0.167695
h=0.1/q0=0.4/p=0.3/r=1/sig=0.3/cf=11.0877,D_sigma,0.1,0.4,0.3,1.0,0.3,3.0,11.087667012373094,wiki_A,autorpa_233k,oracle_tax,4770469730.199,1.0,0.0,0.0,0.0,0.0,0.0,0.0,0.0,0.005,0.0,0.0,always_reactive,0.167695
h=0.1/q0=0.4/p=0.3/r=1/sig=0.3/cf=11.0877,D_sigma,0.1,0.4,0.3,1.0,0.3,3.0,11.087667012373094,wiki_A,autorpa_233k,ours_spend_cap,4770469730.199,1.0,0.0,0.0,0.0,0.0,0.0,0.0,0.0,0.005,0.0,0.0,always_reactive,0.167695
h=0.1/q0=0.4/p=0.3/r=1/sig=0.3/cf=11.0877,D_sigma,0.1,0.4,0.3,1.0,0.3,3.0,11.087667012373094,wiki_A,autorpa_233k,ours_cap_epoch,4770469730.199,1.0,0.0,0.0,0.0,0.0,0.0,0.0,0.0,0.005,0.0,0.0,always_reactive,0.167695
h=0.1/q0=0.4/p=0.3/r=1/sig=0.3/cf=11.0877,D_sigma,0.1,0.4,0.3,1.0,0.3,3.0,11.087667012373094,wiki_A,autorpa_233k,ours_cap_realized,4770469730.199,1.0,0.0,0.0,0.0,0.0,0.0,0.0,0.0,0.005,0.0,0.0,always_reactive,0.167695
h=0.1/q0=0.4/p=0.3/r=1/sig=0.3/cf=11.0877,D_sigma,0.1,0.4,0.3,1.0,0.3,3.0,11.087667012373094,wiki_A,autorpa_233k,ours_pi_prior,4835121312.269,1.013552,0.3,2.7,36.4,7.5,12.8,43.7,33.5,0.005,25.0,64585660.347,always_reactive,0.167695
h=0.1/q0=0.4/p=0.3/r=1/sig=0.3/cf=11.0877,D_sigma,0.1,0.4,0.3,1.0,0.3,3.0,11.087667012373094,wiki_A,autorpa_233k,breakeven,7914804502.693,1.659125,1.2,4.8,1741.5,481.4,929.5,3124.1,1665.8,0.004,1221.6,3155913707.199,always_reactive,0.167695
h=0.1/q0=0.4/p=0.3/r=1/sig=0.3/cf=11.0877,D_sigma,0.1,0.4,0.3,1.0,0.3,3.0,11.087667012373094,wiki_A,autorpa_233k,breakeven_cap_epoch,4937083628.975,1.034926,0.7,2.6,89.6,14.5,27.8,90.7,82.9,0.005,63.6,164305919.923,always_reactive,0.167695
h=0.1/q0=0.4/p=0.3/r=1/sig=0.3/cf=11.0877,D_sigma,0.1,0.4,0.3,1.0,0.3,3.0,11.087667012373094,wiki_A,autorpa_233k,offline_taxblind,4770469730.199,1.0,,,,,,,,,,,always_reactive,0.167695
h=0.1/q0=0.4/p=0.3/r=1/sig=0.3/cf=11.0877,D_sigma,0.1,0.4,0.3,1.0,0.3,3.0,11.087667012373094,wiki_A,autorpa_233k,offline_opt_tax,4770469730.199,1.0,,,,,,,,,,,always_reactive,0.167695
h=0.1/q0=0.4/p=0.3/r=1/sig=0.3/cf=11.0877,D_sigma,0.1,0.4,0.3,1.0,0.3,3.0,11.087667012373094,wiki_A,native,always_reactive,4770469730.199,0.92867,0.0,0.0,0.0,0.0,0.0,0.0,0.0,0.005,0.0,0.0,always_reactive,0.292088
h=0.1/q0=0.4/p=0.3/r=1/sig=0.3/cf=11.0877,D_sigma,0.1,0.4,0.3,1.0,0.3,3.0,11.087667012373094,wiki_A,native,always_compile_evict,16332304810.009,3.179419,11.5,41.1,13084.4,3746.6,7324.1,24566.2,12858.8,0.006,9145.0,12002882597.283,always_reactive,0.292088
h=0.1/q0=0.4/p=0.3/r=1/sig=0.3/cf=11.0877,D_sigma,0.1,0.4,0.3,1.0,0.3,3.0,11.087667012373094,wiki_A,native,ours_noinflate,5136882668.133,1.0,1.9,9.9,497.9,121.1,244.6,801.7,451.6,0.007,347.1,408692636.253,always_reactive,0.292088
h=0.1/q0=0.4/p=0.3/r=1/sig=0.3/cf=11.0877,D_sigma,0.1,0.4,0.3,1.0,0.3,3.0,11.087667012373094,wiki_A,native,oracle_tax,4796424980.972,0.933723,0.6,1.0,36.7,9.8,18.8,64.6,29.2,0.005,26.3,30966915.395,always_reactive,0.292088
h=0.1/q0=0.4/p=0.3/r=1/sig=0.3/cf=11.0877,D_sigma,0.1,0.4,0.3,1.0,0.3,3.0,11.087667012373094,wiki_A,native,ours_spend_cap,4858886708.549,0.945882,0.3,5.3,108.5,17.2,31.0,102.9,97.8,0.006,76.1,89603888.271,always_reactive,0.292088
h=0.1/q0=0.4/p=0.3/r=1/sig=0.3/cf=11.0877,D_sigma,0.1,0.4,0.3,1.0,0.3,3.0,11.087667012373094,wiki_A,native,ours_cap_epoch,4858886708.549,0.945882,0.3,5.3,108.5,17.2,31.0,102.9,97.8,0.006,76.1,89603888.271,always_reactive,0.292088
h=0.1/q0=0.4/p=0.3/r=1/sig=0.3/cf=11.0877,D_sigma,0.1,0.4,0.3,1.0,0.3,3.0,11.087667012373094,wiki_A,native,ours_cap_realized,4863262177.085,0.946734,0.3,5.3,113.9,18.6,33.7,110.8,102.9,0.006,80.0,94195940.364,always_reactive,0.292088
h=0.1/q0=0.4/p=0.3/r=1/sig=0.3/cf=11.0877,D_sigma,0.1,0.4,0.3,1.0,0.3,3.0,11.087667012373094,wiki_A,native,ours_pi_prior,5055270985.136,0.984113,0.7,7.8,393.1,96.8,196.5,648.0,355.4,0.007,271.6,319795217.535,always_reactive,0.292088
h=0.1/q0=0.4/p=0.3/r=1/sig=0.3/cf=11.0877,D_sigma,0.1,0.4,0.3,1.0,0.3,3.0,11.087667012373094,wiki_A,native,breakeven,6699572397.652,1.30421,0.1,5.9,2349.9,639.4,1229.6,4153.4,2212.2,0.004,1642.5,2007019779.961,always_reactive,0.292088
h=0.1/q0=0.4/p=0.3/r=1/sig=0.3/cf=11.0877,D_sigma,0.1,0.4,0.3,1.0,0.3,3.0,11.087667012373094,wiki_A,native,breakeven_cap_epoch,4881171139.014,0.95022,0.0,3.0,131.1,17.8,33.2,109.4,118.8,0.005,91.8,110891775.407,always_reactive,0.292088
h=0.1/q0=0.4/p=0.3/r=1/sig=0.3/cf=11.0877,D_sigma,0.1,0.4,0.3,1.0,0.3,3.0,11.087667012373094,wiki_A,native,offline_taxblind,4619885550.323,0.899356,,,,,,,,,,,always_reactive,0.292088
h=0.1/q0=0.4/p=0.3/r=1/sig=0.3/cf=11.0877,D_sigma,0.1,0.4,0.3,1.0,0.3,3.0,11.087667012373094,wiki_A,native,offline_opt_tax,4639521472.272,0.903178,,,,,,,,,,,always_reactive,0.292088
h=0.1/q0=0.4/p=0.3/r=1/sig=0.3/cf=11.0877,D_sigma,0.1,0.4,0.3,1.0,0.3,3.0,11.087667012373094,wiki_B,autorpa_233k,always_reactive,8991713899.193,1.0,0.0,0.0,0.0,0.0,0.0,0.0,0.0,0.004,0.0,0.0,always_reactive,0.355389
h=0.1/q0=0.4/p=0.3/r=1/sig=0.3/cf=11.0877,D_sigma,0.1,0.4,0.3,1.0,0.3,3.0,11.087667012373094,wiki_B,autorpa_233k,always_compile_evict,25301042482.626,2.813818,113.7,128.8,8515.1,1583.2,3044.0,10182.4,8438.5,0.033,5976.2,15439072934.647,always_reactive,0.355389
h=0.1/q0=0.4/p=0.3/r=1/sig=0.3/cf=11.0877,D_sigma,0.1,0.4,0.3,1.0,0.3,3.0,11.087667012373094,wiki_B,autorpa_233k,ours_noinflate,8991713899.193,1.0,0.0,0.0,0.0,0.0,0.0,0.0,0.0,0.004,0.0,0.0,always_reactive,0.355389
h=0.1/q0=0.4/p=0.3/r=1/sig=0.3/cf=11.0877,D_sigma,0.1,0.4,0.3,1.0,0.3,3.0,11.087667012373094,wiki_B,autorpa_233k,oracle_tax,8991713899.193,1.0,0.0,0.0,0.0,0.0,0.0,0.0,0.0,0.004,0.0,0.0,always_reactive,0.355389
h=0.1/q0=0.4/p=0.3/r=1/sig=0.3/cf=11.0877,D_sigma,0.1,0.4,0.3,1.0,0.3,3.0,11.087667012373094,wiki_B,autorpa_233k,ours_spend_cap,8991713899.193,1.0,0.0,0.0,0.0,0.0,0.0,0.0,0.0,0.004,0.0,0.0,always_reactive,0.355389
h=0.1/q0=0.4/p=0.3/r=1/sig=0.3/cf=11.0877,D_sigma,0.1,0.4,0.3,1.0,0.3,3.0,11.087667012373094,wiki_B,autorpa_233k,ours_cap_epoch,8991713899.193,1.0,0.0,0.0,0.0,0.0,0.0,0.0,0.0,0.004,0.0,0.0,always_reactive,0.355389
h=0.1/q0=0.4/p=0.3/r=1/sig=0.3/cf=11.0877,D_sigma,0.1,0.4,0.3,1.0,0.3,3.0,11.087667012373094,wiki_B,autorpa_233k,ours_cap_realized,8991713899.193,1.0,0.0,0.0,0.0,0.0,0.0,0.0,0.0,0.004,0.0,0.0,always_reactive,0.355389
h=0.1/q0=0.4/p=0.3/r=1/sig=0.3/cf=11.0877,D_sigma,0.1,0.4,0.3,1.0,0.3,3.0,11.087667012373094,wiki_B,autorpa_233k,ours_pi_prior,9255878322.669,1.029379,2.7,6.6,136.5,18.8,39.5,128.4,131.0,0.006,96.8,250075676.864,always_reactive,0.355389
h=0.1/q0=0.4/p=0.3/r=1/sig=0.3/cf=11.0877,D_sigma,0.1,0.4,0.3,1.0,0.3,3.0,11.087667012373094,wiki_B,autorpa_233k,breakeven,10188516835.125,1.133101,3.4,7.9,650.7,90.8,178.3,590.0,617.4,0.005,453.1,1170550508.13,always_reactive,0.355389
h=0.1/q0=0.4/p=0.3/r=1/sig=0.3/cf=11.0877,D_sigma,0.1,0.4,0.3,1.0,0.3,3.0,11.087667012373094,wiki_B,autorpa_233k,breakeven_cap_epoch,9417937163.615,1.047402,1.5,4.3,224.4,22.9,43.8,145.1,217.7,0.005,159.5,412056513.014,always_reactive,0.355389
h=0.1/q0=0.4/p=0.3/r=1/sig=0.3/cf=11.0877,D_sigma,0.1,0.4,0.3,1.0,0.3,3.0,11.087667012373094,wiki_B,autorpa_233k,offline_taxblind,8991713899.192,1.0,,,,,,,,,,,always_reactive,0.355389
h=0.1/q0=0.4/p=0.3/r=1/sig=0.3/cf=11.0877,D_sigma,0.1,0.4,0.3,1.0,0.3,3.0,11.087667012373094,wiki_B,autorpa_233k,offline_opt_tax,8991713899.192,1.0,,,,,,,,,,,always_reactive,0.355389
h=0.1/q0=0.4/p=0.3/r=1/sig=0.3/cf=11.0877,D_sigma,0.1,0.4,0.3,1.0,0.3,3.0,11.087667012373094,wiki_B,native,always_reactive,8991713899.193,0.906385,0.0,0.0,0.0,0.0,0.0,0.0,0.0,0.004,0.0,0.0,always_reactive,0.547264
h=0.1/q0=0.4/p=0.3/r=1/sig=0.3/cf=11.0877,D_sigma,0.1,0.4,0.3,1.0,0.3,3.0,11.087667012373094,wiki_B,native,always_compile_evict,16430305949.337,1.656212,72.7,81.8,8515.1,1583.2,3044.0,10182.4,8358.5,0.031,5976.2,7202069971.368,always_reactive,0.547264
h=0.1/q0=0.4/p=0.3/r=1/sig=0.3/cf=11.0877,D_sigma,0.1,0.4,0.3,1.0,0.3,3.0,11.087667012373094,wiki_B,native,ours_noinflate,9920410202.975,1.0,12.0,17.2,1134.7,189.8,367.7,1236.6,1080.8,0.011,789.6,929713931.389,always_reactive,0.547264
h=0.1/q0=0.4/p=0.3/r=1/sig=0.3/cf=11.0877,D_sigma,0.1,0.4,0.3,1.0,0.3,3.0,11.087667012373094,wiki_B,native,oracle_tax,8991713899.193,0.906385,0.0,0.0,0.0,0.0,0.0,0.0,0.0,0.004,0.0,0.0,always_reactive,0.547264
h=0.1/q0=0.4/p=0.3/r=1/sig=0.3/cf=11.0877,D_sigma,0.1,0.4,0.3,1.0,0.3,3.0,11.087667012373094,wiki_B,native,ours_spend_cap,9428067685.764,0.950371,5.8,10.0,515.3,61.0,119.2,400.1,493.8,0.007,357.6,421055853.425,always_reactive,0.547264
h=0.1/q0=0.4/p=0.3/r=1/sig=0.3/cf=11.0877,D_sigma,0.1,0.4,0.3,1.0,0.3,3.0,11.087667012373094,wiki_B,native,ours_cap_epoch,9428067685.764,0.950371,5.8,10.0,515.3,61.0,119.2,400.1,493.8,0.007,357.6,421055853.425,always_reactive,0.547264
h=0.1/q0=0.4/p=0.3/r=1/sig=0.3/cf=11.0877,D_sigma,0.1,0.4,0.3,1.0,0.3,3.0,11.087667012373094,wiki_B,native,ours_cap_realized,9436821455.614,0.951253,5.9,10.0,526.9,63.8,125.0,418.8,505.0,0.007,365.5,430357702.536,always_reactive,0.547264
h=0.1/q0=0.4/p=0.3/r=1/sig=0.3/cf=11.0877,D_sigma,0.1,0.4,0.3,1.0,0.3,3.0,11.087667012373094,wiki_B,native,ours_pi_prior,9798265407.93,0.987688,10.8,15.2,985.3,166.9,334.4,1107.0,937.9,0.01,686.7,808554403.096,always_reactive,0.547264
h=0.1/q0=0.4/p=0.3/r=1/sig=0.3/cf=11.0877,D_sigma,0.1,0.4,0.3,1.0,0.3,3.0,11.087667012373094,wiki_B,native,breakeven,9998826372.988,1.007905,1.0,8.3,1183.2,126.7,249.0,826.0,1112.4,0.006,824.9,997833531.689,always_reactive,0.547264
h=0.1/q0=0.4/p=0.3/r=1/sig=0.3/cf=11.0877,D_sigma,0.1,0.4,0.3,1.0,0.3,3.0,11.087667012373094,wiki_B,native,breakeven_cap_epoch,9360576534.925,0.943567,0.3,4.9,423.3,30.8,61.2,202.2,406.3,0.005,297.4,359164688.533,always_reactive,0.547264
h=0.1/q0=0.4/p=0.3/r=1/sig=0.3/cf=11.0877,D_sigma,0.1,0.4,0.3,1.0,0.3,3.0,11.087667012373094,wiki_B,native,offline_taxblind,8878942588.374,0.895018,,,,,,,,,,,always_reactive,0.547264
h=0.1/q0=0.4/p=0.3/r=1/sig=0.3/cf=11.0877,D_sigma,0.1,0.4,0.3,1.0,0.3,3.0,11.087667012373094,wiki_B,native,offline_opt_tax,8921497351.363,0.899307,,,,,,,,,,,always_reactive,0.547264
h=0.1/q0=0.4/p=0.3/r=1/sig=0.3/cf=1,D_sigma,0.1,0.4,0.3,1.0,0.3,3.0,1.0,bpi2019,autorpa_233k,always_reactive,26858149732.486,1.0,0.0,0.0,0.0,0.0,0.0,0.0,0.0,0.003,0.0,0.0,always_reactive,0.767161
h=0.1/q0=0.4/p=0.3/r=1/sig=0.3/cf=1,D_sigma,0.1,0.4,0.3,1.0,0.3,3.0,1.0,bpi2019,autorpa_233k,always_compile_evict,35009804051.966,1.303508,74.6,119.9,50753.3,14096.3,27785.5,92624.1,50657.4,0.058,35531.2,8278769600.0,always_reactive,0.767161
h=0.1/q0=0.4/p=0.3/r=1/sig=0.3/cf=1,D_sigma,0.1,0.4,0.3,1.0,0.3,3.0,1.0,bpi2019,autorpa_233k,ours_noinflate,26858149732.486,1.0,0.0,0.0,0.0,0.0,0.0,0.0,0.0,0.003,0.0,0.0,always_reactive,0.767161
h=0.1/q0=0.4/p=0.3/r=1/sig=0.3/cf=1,D_sigma,0.1,0.4,0.3,1.0,0.3,3.0,1.0,bpi2019,autorpa_233k,oracle_tax,26858149732.486,1.0,0.0,0.0,0.0,0.0,0.0,0.0,0.0,0.003,0.0,0.0,always_reactive,0.767161
h=0.1/q0=0.4/p=0.3/r=1/sig=0.3/cf=1,D_sigma,0.1,0.4,0.3,1.0,0.3,3.0,1.0,bpi2019,autorpa_233k,ours_spend_cap,26858149732.486,1.0,0.0,0.0,0.0,0.0,0.0,0.0,0.0,0.003,0.0,0.0,always_reactive,0.767161
h=0.1/q0=0.4/p=0.3/r=1/sig=0.3/cf=1,D_sigma,0.1,0.4,0.3,1.0,0.3,3.0,1.0,bpi2019,autorpa_233k,ours_cap_epoch,26858149732.486,1.0,0.0,0.0,0.0,0.0,0.0,0.0,0.0,0.003,0.0,0.0,always_reactive,0.767161
h=0.1/q0=0.4/p=0.3/r=1/sig=0.3/cf=1,D_sigma,0.1,0.4,0.3,1.0,0.3,3.0,1.0,bpi2019,autorpa_233k,ours_cap_realized,26858149732.486,1.0,0.0,0.0,0.0,0.0,0.0,0.0,0.0,0.003,0.0,0.0,always_reactive,0.767161
h=0.1/q0=0.4/p=0.3/r=1/sig=0.3/cf=1,D_sigma,0.1,0.4,0.3,1.0,0.3,3.0,1.0,bpi2019,autorpa_233k,ours_pi_prior,26933316606.778,1.002799,2.1,6.6,252.3,39.1,77.0,244.9,244.8,0.005,175.6,40914800.0,always_reactive,0.767161
h=0.1/q0=0.4/p=0.3/r=1/sig=0.3/cf=1,D_sigma,0.1,0.4,0.3,1.0,0.3,3.0,1.0,bpi2019,autorpa_233k,breakeven,27138051687.086,1.010421,1.3,6.8,1337.6,178.1,354.3,1169.8,1276.0,0.005,943.1,219742300.0,always_reactive,0.767161
h=0.1/q0=0.4/p=0.3/r=1/sig=0.3/cf=1,D_sigma,0.1,0.4,0.3,1.0,0.3,3.0,1.0,bpi2019,autorpa_233k,breakeven_cap_epoch,26986939483.428,1.004795,0.7,4.9,555.6,57.2,119.5,379.4,535.0,0.004,392.8,91522400.0,always_reactive,0.767161
h=0.1/q0=0.4/p=0.3/r=1/sig=0.3/cf=1,D_sigma,0.1,0.4,0.3,1.0,0.3,3.0,1.0,bpi2019,autorpa_233k,offline_taxblind,26858149732.495,1.0,,,,,,,,,,,always_reactive,0.767161
h=0.1/q0=0.4/p=0.3/r=1/sig=0.3/cf=1,D_sigma,0.1,0.4,0.3,1.0,0.3,3.0,1.0,bpi2019,autorpa_233k,offline_opt_tax,26858149732.495,1.0,,,,,,,,,,,always_reactive,0.767161
h=0.1/q0=0.4/p=0.3/r=1/sig=0.3/cf=1,D_sigma,0.1,0.4,0.3,1.0,0.3,3.0,1.0,bpi2019,native,always_reactive,26858149732.486,1.0017,0.0,0.0,0.0,0.0,0.0,0.0,0.0,0.003,0.0,0.0,ours_cap_realized,0.970814
h=0.1/q0=0.4/p=0.3/r=1/sig=0.3/cf=1,D_sigma,0.1,0.4,0.3,1.0,0.3,3.0,1.0,bpi2019,native,always_compile_evict,27615737952.868,1.029955,48.6,77.9,50753.3,14096.3,27785.5,92624.1,50497.1,0.044,35531.2,3675605128.4,ours_cap_realized,0.970814
h=0.1/q0=0.4/p=0.3/r=1/sig=0.3/cf=1,D_sigma,0.1,0.4,0.3,1.0,0.3,3.0,1.0,bpi2019,native,ours_noinflate,26812574755.683,1.0,5.6,15.5,5111.4,1326.3,2633.6,8682.1,5021.7,0.008,3604.6,382788694.7,ours_cap_realized,0.970814
h=0.1/q0=0.4/p=0.3/r=1/sig=0.3/cf=1,D_sigma,0.1,0.4,0.3,1.0,0.3,3.0,1.0,bpi2019,native,oracle_tax,26855076330.079,1.001585,2.6,4.7,52.5,14.7,28.4,99.9,38.3,0.003,35.2,3738046.4,ours_cap_realized,0.970814
h=0.1/q0=0.4/p=0.3/r=1/sig=0.3/cf=1,D_sigma,0.1,0.4,0.3,1.0,0.3,3.0,1.0,bpi2019,native,ours_spend_cap,26963656176.465,1.005635,3.4,11.8,1222.3,209.2,402.2,1347.5,1147.5,0.007,850.9,90360900.05,ours_cap_realized,0.970814
h=0.1/q0=0.4/p=0.3/r=1/sig=0.3/cf=1,D_sigma,0.1,0.4,0.3,1.0,0.3,3.0,1.0,bpi2019,native,ours_cap_epoch,26966236888.202,1.005731,4.0,12.9,1426.7,264.6,508.4,1711.1,1343.1,0.007,993.4,105493616.3,ours_cap_realized,0.970814
h=0.1/q0=0.4/p=0.3/r=1/sig=0.3/cf=1,D_sigma,0.1,0.4,0.3,1.0,0.3,3.0,1.0,bpi2019,native,ours_cap_realized,26809736124.432,0.999894,5.2,14.8,4915.9,1276.6,2528.5,8344.3,4829.6,0.008,3463.0,367751553.5,ours_cap_realized,0.970814
h=0.1/q0=0.4/p=0.3/r=1/sig=0.3/cf=1,D_sigma,0.1,0.4,0.3,1.0,0.3,3.0,1.0,bpi2019,native,ours_pi_prior,26922280046.052,1.004092,6.4,13.5,2571.4,607.9,1222.5,4009.4,2492.8,0.008,1809.0,192105850.5,ours_cap_realized,0.970814
h=0.1/q0=0.4/p=0.3/r=1/sig=0.3/cf=1,D_sigma,0.1,0.4,0.3,1.0,0.3,3.0,1.0,bpi2019,native,breakeven,27012949614.787,1.007473,1.3,6.7,1906.5,188.4,371.5,1220.8,1773.6,0.005,1340.7,145509290.4,ours_cap_realized,0.970814
h=0.1/q0=0.4/p=0.3/r=1/sig=0.3/cf=1,D_sigma,0.1,0.4,0.3,1.0,0.3,3.0,1.0,bpi2019,native,breakeven_cap_epoch,26972353138.177,1.005959,0.6,5.7,1272.2,101.0,209.7,676.6,1194.0,0.004,892.0,96894250.25,ours_cap_realized,0.970814
h=0.1/q0=0.4/p=0.3/r=1/sig=0.3/cf=1,D_sigma,0.1,0.4,0.3,1.0,0.3,3.0,1.0,bpi2019,native,offline_taxblind,24815239142.53,0.925508,,,,,,,,,,,ours_cap_realized,0.970814
h=0.1/q0=0.4/p=0.3/r=1/sig=0.3/cf=1,D_sigma,0.1,0.4,0.3,1.0,0.3,3.0,1.0,bpi2019,native,offline_opt_tax,24990421073.15,0.932041,,,,,,,,,,,ours_cap_realized,0.970814
h=0.1/q0=0.4/p=0.3/r=1/sig=0.3/cf=1,D_sigma,0.1,0.4,0.3,1.0,0.3,3.0,1.0,sepsis,autorpa_233k,always_reactive,93787502.059,1.0,0.0,0.0,0.0,0.0,0.0,0.0,0.0,0.004,0.0,0.0,always_reactive,0.864807
h=0.1/q0=0.4/p=0.3/r=1/sig=0.3/cf=1,D_sigma,0.1,0.4,0.3,1.0,0.3,3.0,1.0,sepsis,autorpa_233k,always_compile_evict,108448995.414,1.156327,12.1,12.8,69.4,5.7,12.4,40.7,68.3,0.008,50.5,11766500.0,always_reactive,0.864807
h=0.1/q0=0.4/p=0.3/r=1/sig=0.3/cf=1,D_sigma,0.1,0.4,0.3,1.0,0.3,3.0,1.0,sepsis,autorpa_233k,ours_noinflate,93787502.059,1.0,0.0,0.0,0.0,0.0,0.0,0.0,0.0,0.004,0.0,0.0,always_reactive,0.864807
h=0.1/q0=0.4/p=0.3/r=1/sig=0.3/cf=1,D_sigma,0.1,0.4,0.3,1.0,0.3,3.0,1.0,sepsis,autorpa_233k,oracle_tax,93787502.059,1.0,0.0,0.0,0.0,0.0,0.0,0.0,0.0,0.004,0.0,0.0,always_reactive,0.864807
h=0.1/q0=0.4/p=0.3/r=1/sig=0.3/cf=1,D_sigma,0.1,0.4,0.3,1.0,0.3,3.0,1.0,sepsis,autorpa_233k,ours_spend_cap,93787502.059,1.0,0.0,0.0,0.0,0.0,0.0,0.0,0.0,0.004,0.0,0.0,always_reactive,0.864807
h=0.1/q0=0.4/p=0.3/r=1/sig=0.3/cf=1,D_sigma,0.1,0.4,0.3,1.0,0.3,3.0,1.0,sepsis,autorpa_233k,ours_cap_epoch,93787502.059,1.0,0.0,0.0,0.0,0.0,0.0,0.0,0.0,0.004,0.0,0.0,always_reactive,0.864807
h=0.1/q0=0.4/p=0.3/r=1/sig=0.3/cf=1,D_sigma,0.1,0.4,0.3,1.0,0.3,3.0,1.0,sepsis,autorpa_233k,ours_cap_realized,93787502.059,1.0,0.0,0.0,0.0,0.0,0.0,0.0,0.0,0.004,0.0,0.0,always_reactive,0.864807
h=0.1/q0=0.4/p=0.3/r=1/sig=0.3/cf=1,D_sigma,0.1,0.4,0.3,1.0,0.3,3.0,1.0,sepsis,autorpa_233k,ours_pi_prior,94025148.391,1.002534,0.2,0.2,1.0,0.0,0.2,0.4,1.0,0.004,0.8,186400.0,always_reactive,0.864807
h=0.1/q0=0.4/p=0.3/r=1/sig=0.3/cf=1,D_sigma,0.1,0.4,0.3,1.0,0.3,3.0,1.0,sepsis,autorpa_233k,breakeven,94218137.893,1.004592,0.8,0.8,2.0,0.0,0.5,1.1,2.0,0.004,1.2,279600.0,always_reactive,0.864807
h=0.1/q0=0.4/p=0.3/r=1/sig=0.3/cf=1,D_sigma,0.1,0.4,0.3,1.0,0.3,3.0,1.0,sepsis,autorpa_233k,breakeven_cap_epoch,94218137.893,1.004592,0.8,0.8,2.0,0.0,0.5,1.1,2.0,0.004,1.2,279600.0,always_reactive,0.864807
h=0.1/q0=0.4/p=0.3/r=1/sig=0.3/cf=1,D_sigma,0.1,0.4,0.3,1.0,0.3,3.0,1.0,sepsis,autorpa_233k,offline_taxblind,93787502.059,1.0,,,,,,,,,,,always_reactive,0.864807
h=0.1/q0=0.4/p=0.3/r=1/sig=0.3/cf=1,D_sigma,0.1,0.4,0.3,1.0,0.3,3.0,1.0,sepsis,autorpa_233k,offline_opt_tax,93787502.059,1.0,,,,,,,,,,,always_reactive,0.864807
h=0.1/q0=0.4/p=0.3/r=1/sig=0.3/cf=1,D_sigma,0.1,0.4,0.3,1.0,0.3,3.0,1.0,sepsis,native,always_reactive,93787502.059,0.99595,0.0,0.0,0.0,0.0,0.0,0.0,0.0,0.004,0.0,0.0,always_reactive,0.936688
h=0.1/q0=0.4/p=0.3/r=1/sig=0.3/cf=1,D_sigma,0.1,0.4,0.3,1.0,0.3,3.0,1.0,sepsis,native,always_compile_evict,100126735.814,1.063267,10.7,12.1,69.4,5.7,12.4,40.7,65.3,0.009,50.5,5736225.5,always_reactive,0.936688
h=0.1/q0=0.4/p=0.3/r=1/sig=0.3/cf=1,D_sigma,0.1,0.4,0.3,1.0,0.3,3.0,1.0,sepsis,native,ours_noinflate,94168911.848,1.0,1.9,2.4,7.6,0.4,1.1,3.5,6.6,0.005,4.7,499114.15,always_reactive,0.936688
h=0.1/q0=0.4/p=0.3/r=1/sig=0.3/cf=1,D_sigma,0.1,0.4,0.3,1.0,0.3,3.0,1.0,sepsis,native,oracle_tax,93787502.059,0.99595,0.0,0.0,0.0,0.0,0.0,0.0,0.0,0.004,0.0,0.0,always_reactive,0.936688
h=0.1/q0=0.4/p=0.3/r=1/sig=0.3/cf=1,D_sigma,0.1,0.4,0.3,1.0,0.3,3.0,1.0,sepsis,native,ours_spend_cap,94168911.848,1.0,1.9,2.4,7.6,0.4,1.1,3.5,6.6,0.005,4.7,499114.15,always_reactive,0.936688
h=0.1/q0=0.4/p=0.3/r=1/sig=0.3/cf=1,D_sigma,0.1,0.4,0.3,1.0,0.3,3.0,1.0,sepsis,native,ours_cap_epoch,94168911.848,1.0,1.9,2.4,7.6,0.4,1.1,3.5,6.6,0.005,4.7,499114.15,always_reactive,0.936688
h=0.1/q0=0.4/p=0.3/r=1/sig=0.3/cf=1,D_sigma,0.1,0.4,0.3,1.0,0.3,3.0,1.0,sepsis,native,ours_cap_realized,94168911.848,1.0,1.9,2.4,7.6,0.4,1.1,3.5,6.6,0.005,4.7,499114.15,always_reactive,0.936688
h=0.1/q0=0.4/p=0.3/r=1/sig=0.3/cf=1,D_sigma,0.1,0.4,0.3,1.0,0.3,3.0,1.0,sepsis,native,ours_pi_prior,94128446.8,0.99957,1.4,1.4,4.4,0.1,0.8,2.6,3.5,0.004,2.9,307964.05,always_reactive,0.936688
h=0.1/q0=0.4/p=0.3/r=1/sig=0.3/cf=1,D_sigma,0.1,0.4,0.3,1.0,0.3,3.0,1.0,sepsis,native,breakeven,94439638.584,1.002875,1.6,2.0,8.4,0.5,1.6,4.8,7.6,0.005,5.8,691363.1,always_reactive,0.936688
h=0.1/q0=0.4/p=0.3/r=1/sig=0.3/cf=1,D_sigma,0.1,0.4,0.3,1.0,0.3,3.0,1.0,sepsis,native,breakeven_cap_epoch,94439638.584,1.002875,1.6,2.0,8.4,0.5,1.6,4.8,7.6,0.005,5.8,691363.1,always_reactive,0.936688
h=0.1/q0=0.4/p=0.3/r=1/sig=0.3/cf=1,D_sigma,0.1,0.4,0.3,1.0,0.3,3.0,1.0,sepsis,native,offline_taxblind,93787502.059,0.99595,,,,,,,,,,,always_reactive,0.936688
h=0.1/q0=0.4/p=0.3/r=1/sig=0.3/cf=1,D_sigma,0.1,0.4,0.3,1.0,0.3,3.0,1.0,sepsis,native,offline_opt_tax,93787502.059,0.99595,,,,,,,,,,,always_reactive,0.936688
h=0.1/q0=0.4/p=0.3/r=1/sig=0.3/cf=1,D_sigma,0.1,0.4,0.3,1.0,0.3,3.0,1.0,wiki_A,autorpa_233k,always_reactive,4770469730.199,1.0,0.0,0.0,0.0,0.0,0.0,0.0,0.0,0.005,0.0,0.0,always_reactive,0.686139
h=0.1/q0=0.4/p=0.3/r=1/sig=0.3/cf=1,D_sigma,0.1,0.4,0.3,1.0,0.3,3.0,1.0,wiki_A,autorpa_233k,always_compile_evict,6952628577.779,1.457431,24.5,56.6,13084.4,3746.6,7324.1,24566.2,12957.9,0.021,9145.0,2130785000.0,always_reactive,0.686139
h=0.1/q0=0.4/p=0.3/r=1/sig=0.3/cf=1,D_sigma,0.1,0.4,0.3,1.0,0.3,3.0,1.0,wiki_A,autorpa_233k,ours_noinflate,4770469730.199,1.0,0.0,0.0,0.0,0.0,0.0,0.0,0.0,0.005,0.0,0.0,always_reactive,0.686139
h=0.1/q0=0.4/p=0.3/r=1/sig=0.3/cf=1,D_sigma,0.1,0.4,0.3,1.0,0.3,3.0,1.0,wiki_A,autorpa_233k,oracle_tax,4770469730.199,1.0,0.0,0.0,0.0,0.0,0.0,0.0,0.0,0.005,0.0,0.0,always_reactive,0.686139
h=0.1/q0=0.4/p=0.3/r=1/sig=0.3/cf=1,D_sigma,0.1,0.4,0.3,1.0,0.3,3.0,1.0,wiki_A,autorpa_233k,ours_spend_cap,4770469730.199,1.0,0.0,0.0,0.0,0.0,0.0,0.0,0.0,0.005,0.0,0.0,always_reactive,0.686139
h=0.1/q0=0.4/p=0.3/r=1/sig=0.3/cf=1,D_sigma,0.1,0.4,0.3,1.0,0.3,3.0,1.0,wiki_A,autorpa_233k,ours_cap_epoch,4770469730.199,1.0,0.0,0.0,0.0,0.0,0.0,0.0,0.0,0.005,0.0,0.0,always_reactive,0.686139
h=0.1/q0=0.4/p=0.3/r=1/sig=0.3/cf=1,D_sigma,0.1,0.4,0.3,1.0,0.3,3.0,1.0,wiki_A,autorpa_233k,ours_cap_realized,4770469730.199,1.0,0.0,0.0,0.0,0.0,0.0,0.0,0.0,0.005,0.0,0.0,always_reactive,0.686139
h=0.1/q0=0.4/p=0.3/r=1/sig=0.3/cf=1,D_sigma,0.1,0.4,0.3,1.0,0.3,3.0,1.0,wiki_A,autorpa_233k,ours_pi_prior,4776360651.922,1.001235,0.3,2.7,36.4,7.5,12.8,43.7,33.5,0.005,25.0,5825000.0,always_reactive,0.686139
h=0.1/q0=0.4/p=0.3/r=1/sig=0.3/cf=1,D_sigma,0.1,0.4,0.3,1.0,0.3,3.0,1.0,wiki_A,autorpa_233k,breakeven,5043523595.491,1.057238,1.2,4.8,1741.5,481.4,929.5,3124.1,1665.8,0.006,1221.6,284632800.0,always_reactive,0.686139
h=0.1/q0=0.4/p=0.3/r=1/sig=0.3/cf=1,D_sigma,0.1,0.4,0.3,1.0,0.3,3.0,1.0,wiki_A,autorpa_233k,breakeven_cap_epoch,4794649494.062,1.005069,1.0,3.1,131.4,21.1,43.6,137.5,119.5,0.006,93.2,21715600.0,always_reactive,0.686139
h=0.1/q0=0.4/p=0.3/r=1/sig=0.3/cf=1,D_sigma,0.1,0.4,0.3,1.0,0.3,3.0,1.0,wiki_A,autorpa_233k,offline_taxblind,4770469730.199,1.0,,,,,,,,,,,always_reactive,0.686139
h=0.1/q0=0.4/p=0.3/r=1/sig=0.3/cf=1,D_sigma,0.1,0.4,0.3,1.0,0.3,3.0,1.0,wiki_A,autorpa_233k,offline_opt_tax,4770469730.199,1.0,,,,,,,,,,,always_reactive,0.686139
h=0.1/q0=0.4/p=0.3/r=1/sig=0.3/cf=1,D_sigma,0.1,0.4,0.3,1.0,0.3,3.0,1.0,wiki_A,native,always_reactive,4770469730.199,1.001137,0.0,0.0,0.0,0.0,0.0,0.0,0.0,0.005,0.0,0.0,ours_pi_prior,0.88033
h=0.1/q0=0.4/p=0.3/r=1/sig=0.3/cf=1,D_sigma,0.1,0.4,0.3,1.0,0.3,3.0,1.0,wiki_A,native,always_compile_evict,5411965779.728,1.135763,11.5,41.1,13084.4,3746.6,7324.1,24566.2,12858.8,0.02,9145.0,1082543567.0,ours_pi_prior,0.88033
h=0.1/q0=0.4/p=0.3/r=1/sig=0.3/cf=1,D_sigma,0.1,0.4,0.3,1.0,0.3,3.0,1.0,wiki_A,native,ours_noinflate,4765050142.831,1.0,1.9,9.9,497.9,121.1,244.6,801.7,451.6,0.008,347.1,36860110.95,ours_pi_prior,0.88033
h=0.1/q0=0.4/p=0.3/r=1/sig=0.3/cf=1,D_sigma,0.1,0.4,0.3,1.0,0.3,3.0,1.0,wiki_A,native,oracle_tax,4768250980.928,1.000672,0.6,1.0,36.7,9.8,18.8,64.6,29.2,0.005,26.3,2792915.35,ours_pi_prior,0.88033
h=0.1/q0=0.4/p=0.3/r=1/sig=0.3/cf=1,D_sigma,0.1,0.4,0.3,1.0,0.3,3.0,1.0,wiki_A,native,ours_spend_cap,4779277607.877,1.002986,0.9,8.1,216.3,40.2,82.1,264.3,188.8,0.007,150.5,15982272.25,ours_pi_prior,0.88033
h=0.1/q0=0.4/p=0.3/r=1/sig=0.3/cf=1,D_sigma,0.1,0.4,0.3,1.0,0.3,3.0,1.0,wiki_A,native,ours_cap_epoch,4778776735.465,1.002881,1.3,8.8,269.5,55.5,112.4,359.6,235.0,0.007,187.4,19900849.3,ours_pi_prior,0.88033
h=0.1/q0=0.4/p=0.3/r=1/sig=0.3/cf=1,D_sigma,0.1,0.4,0.3,1.0,0.3,3.0,1.0,wiki_A,native,ours_cap_realized,4766680527.382,1.000342,1.7,9.4,442.3,105.1,217.2,707.9,397.9,0.008,308.0,32707906.0,ours_pi_prior,0.88033
h=0.1/q0=0.4/p=0.3/r=1/sig=0.3/cf=1,D_sigma,0.1,0.4,0.3,1.0,0.3,3.0,1.0,wiki_A,native,ours_pi_prior,4764318193.802,0.999846,0.7,7.8,393.1,96.8,196.5,648.0,355.4,0.007,271.6,28842426.2,ours_pi_prior,0.88033
h=0.1/q0=0.4/p=0.3/r=1/sig=0.3/cf=1,D_sigma,0.1,0.4,0.3,1.0,0.3,3.0,1.0,wiki_A,native,breakeven,4873566331.19,1.022773,0.1,5.9,2349.9,639.4,1229.6,4153.4,2212.2,0.006,1642.5,181013713.5,ours_pi_prior,0.88033
h=0.1/q0=0.4/p=0.3/r=1/sig=0.3/cf=1,D_sigma,0.1,0.4,0.3,1.0,0.3,3.0,1.0,wiki_A,native,breakeven_cap_epoch,4786802509.958,1.004565,0.0,4.7,316.0,52.9,101.0,327.4,274.1,0.006,219.5,24011238.25,ours_pi_prior,0.88033
h=0.1/q0=0.4/p=0.3/r=1/sig=0.3/cf=1,D_sigma,0.1,0.4,0.3,1.0,0.3,3.0,1.0,wiki_A,native,offline_taxblind,4619885550.323,0.969536,,,,,,,,,,,ours_pi_prior,0.88033
h=0.1/q0=0.4/p=0.3/r=1/sig=0.3/cf=1,D_sigma,0.1,0.4,0.3,1.0,0.3,3.0,1.0,wiki_A,native,offline_opt_tax,4639521472.272,0.973656,,,,,,,,,,,ours_pi_prior,0.88033
h=0.1/q0=0.4/p=0.3/r=1/sig=0.3/cf=1,D_sigma,0.1,0.4,0.3,1.0,0.3,3.0,1.0,wiki_B,autorpa_233k,always_reactive,8991713899.193,1.0,0.0,0.0,0.0,0.0,0.0,0.0,0.0,0.004,0.0,0.0,always_reactive,0.798949
h=0.1/q0=0.4/p=0.3/r=1/sig=0.3/cf=1,D_sigma,0.1,0.4,0.3,1.0,0.3,3.0,1.0,wiki_B,autorpa_233k,always_compile_evict,11254424147.978,1.251644,113.7,128.8,8515.1,1583.2,3044.0,10182.4,8438.5,0.073,5976.2,1392454600.0,always_reactive,0.798949
h=0.1/q0=0.4/p=0.3/r=1/sig=0.3/cf=1,D_sigma,0.1,0.4,0.3,1.0,0.3,3.0,1.0,wiki_B,autorpa_233k,ours_noinflate,8991713899.193,1.0,0.0,0.0,0.0,0.0,0.0,0.0,0.0,0.004,0.0,0.0,always_reactive,0.798949
h=0.1/q0=0.4/p=0.3/r=1/sig=0.3/cf=1,D_sigma,0.1,0.4,0.3,1.0,0.3,3.0,1.0,wiki_B,autorpa_233k,oracle_tax,8991713899.193,1.0,0.0,0.0,0.0,0.0,0.0,0.0,0.0,0.004,0.0,0.0,always_reactive,0.798949
h=0.1/q0=0.4/p=0.3/r=1/sig=0.3/cf=1,D_sigma,0.1,0.4,0.3,1.0,0.3,3.0,1.0,wiki_B,autorpa_233k,ours_spend_cap,8991713899.193,1.0,0.0,0.0,0.0,0.0,0.0,0.0,0.0,0.004,0.0,0.0,always_reactive,0.798949
h=0.1/q0=0.4/p=0.3/r=1/sig=0.3/cf=1,D_sigma,0.1,0.4,0.3,1.0,0.3,3.0,1.0,wiki_B,autorpa_233k,ours_cap_epoch,8991713899.193,1.0,0.0,0.0,0.0,0.0,0.0,0.0,0.0,0.004,0.0,0.0,always_reactive,0.798949
h=0.1/q0=0.4/p=0.3/r=1/sig=0.3/cf=1,D_sigma,0.1,0.4,0.3,1.0,0.3,3.0,1.0,wiki_B,autorpa_233k,ours_cap_realized,8991713899.193,1.0,0.0,0.0,0.0,0.0,0.0,0.0,0.0,0.004,0.0,0.0,always_reactive,0.798949
h=0.1/q0=0.4/p=0.3/r=1/sig=0.3/cf=1,D_sigma,0.1,0.4,0.3,1.0,0.3,3.0,1.0,wiki_B,autorpa_233k,ours_pi_prior,9028357045.806,1.004075,2.7,6.6,136.5,18.8,39.5,128.4,131.0,0.006,96.8,22554400.0,always_reactive,0.798949
h=0.1/q0=0.4/p=0.3/r=1/sig=0.3/cf=1,D_sigma,0.1,0.4,0.3,1.0,0.3,3.0,1.0,wiki_B,autorpa_233k,breakeven,9123538627.0,1.014661,3.4,7.9,650.7,90.8,178.3,590.0,617.4,0.006,453.1,105572300.0,always_reactive,0.798949
h=0.1/q0=0.4/p=0.3/r=1/sig=0.3/cf=1,D_sigma,0.1,0.4,0.3,1.0,0.3,3.0,1.0,wiki_B,autorpa_233k,breakeven_cap_epoch,9061833612.056,1.007798,2.2,5.1,313.8,32.5,63.9,210.2,301.2,0.005,221.1,51516300.0,always_reactive,0.798949
h=0.1/q0=0.4/p=0.3/r=1/sig=0.3/cf=1,D_sigma,0.1,0.4,0.3,1.0,0.3,3.0,1.0,wiki_B,autorpa_233k,offline_taxblind,8991713899.192,1.0,,,,,,,,,,,always_reactive,0.798949
h=0.1/q0=0.4/p=0.3/r=1/sig=0.3/cf=1,D_sigma,0.1,0.4,0.3,1.0,0.3,3.0,1.0,wiki_B,autorpa_233k,offline_opt_tax,8991713899.192,1.0,,,,,,,,,,,always_reactive,0.798949
h=0.1/q0=0.4/p=0.3/r=1/sig=0.3/cf=1,D_sigma,0.1,0.4,0.3,1.0,0.3,3.0,1.0,wiki_B,native,always_reactive,8991713899.193,0.990872,0.0,0.0,0.0,0.0,0.0,0.0,0.0,0.004,0.0,0.0,always_reactive,0.910296
h=0.1/q0=0.4/p=0.3/r=1/sig=0.3/cf=1,D_sigma,0.1,0.4,0.3,1.0,0.3,3.0,1.0,wiki_B,native,always_compile_evict,9877792820.132,1.088516,72.7,81.8,8515.1,1583.2,3044.0,10182.4,8358.5,0.051,5976.2,649556842.15,always_reactive,0.910296
h=0.1/q0=0.4/p=0.3/r=1/sig=0.3/cf=1,D_sigma,0.1,0.4,0.3,1.0,0.3,3.0,1.0,wiki_B,native,ours_noinflate,9074547448.79,1.0,12.0,17.2,1134.7,189.8,367.7,1236.6,1080.8,0.012,789.6,83851177.2,always_reactive,0.910296
h=0.1/q0=0.4/p=0.3/r=1/sig=0.3/cf=1,D_sigma,0.1,0.4,0.3,1.0,0.3,3.0,1.0,wiki_B,native,oracle_tax,8991713899.193,0.990872,0.0,0.0,0.0,0.0,0.0,0.0,0.0,0.004,0.0,0.0,always_reactive,0.910296
h=0.1/q0=0.4/p=0.3/r=1/sig=0.3/cf=1,D_sigma,0.1,0.4,0.3,1.0,0.3,3.0,1.0,wiki_B,native,ours_spend_cap,9074601154.225,1.000006,9.8,14.6,884.0,124.5,242.9,819.7,840.1,0.011,614.5,65256520.25,always_reactive,0.910296
h=0.1/q0=0.4/p=0.3/r=1/sig=0.3/cf=1,D_sigma,0.1,0.4,0.3,1.0,0.3,3.0,1.0,wiki_B,native,ours_cap_epoch,9077482454.461,1.000323,10.7,15.4,966.5,145.2,274.9,930.4,918.5,0.011,672.1,71373323.45,always_reactive,0.910296
h=0.1/q0=0.4/p=0.3/r=1/sig=0.3/cf=1,D_sigma,0.1,0.4,0.3,1.0,0.3,3.0,1.0,wiki_B,native,ours_cap_realized,9075916915.995,1.000151,11.6,16.6,1073.5,174.1,333.7,1126.7,1024.3,0.012,746.3,79252955.35,always_reactive,0.910296
h=0.1/q0=0.4/p=0.3/r=1/sig=0.3/cf=1,D_sigma,0.1,0.4,0.3,1.0,0.3,3.0,1.0,wiki_B,native,ours_pi_prior,9062634767.987,0.998687,10.8,15.2,985.3,166.9,334.4,1107.0,937.9,0.011,686.7,72923763.15,always_reactive,0.910296
h=0.1/q0=0.4/p=0.3/r=1/sig=0.3/cf=1,D_sigma,0.1,0.4,0.3,1.0,0.3,3.0,1.0,wiki_B,native,breakeven,9090987745.603,1.001812,1.0,8.3,1183.2,126.7,249.0,826.0,1112.4,0.006,824.9,89994904.3,always_reactive,0.910296
h=0.1/q0=0.4/p=0.3/r=1/sig=0.3/cf=1,D_sigma,0.1,0.4,0.3,1.0,0.3,3.0,1.0,wiki_B,native,breakeven_cap_epoch,9068195082.286,0.9993,0.7,7.2,836.7,69.4,136.7,458.4,789.7,0.006,583.1,63328875.7,always_reactive,0.910296
h=0.1/q0=0.4/p=0.3/r=1/sig=0.3/cf=1,D_sigma,0.1,0.4,0.3,1.0,0.3,3.0,1.0,wiki_B,native,offline_taxblind,8878942588.374,0.978445,,,,,,,,,,,always_reactive,0.910296
h=0.1/q0=0.4/p=0.3/r=1/sig=0.3/cf=1,D_sigma,0.1,0.4,0.3,1.0,0.3,3.0,1.0,wiki_B,native,offline_opt_tax,8921497351.363,0.983134,,,,,,,,,,,always_reactive,0.910296
h=0.1/q0=0.4/p=0.3/r=1/sig=0/cf=11.0877,A_core,0.1,0.4,0.3,1.0,0.0,1.0,11.087667012373094,bpi2019,autorpa_233k,always_reactive,26858149732.486,0.843603,0.0,0.0,0.0,0.0,0.0,0.0,0.0,0.003,0.0,0.0,always_reactive,0.187724
h=0.1/q0=0.4/p=0.3/r=1/sig=0/cf=11.0877,A_core,0.1,0.4,0.3,1.0,0.0,1.0,11.087667012373094,bpi2019,autorpa_233k,always_compile_evict,143072841113.435,4.493856,64.9,110.0,66813.4,19033.1,0.0,87459.7,66542.1,0.013,46733.0,120731266599.994,always_reactive,0.187724
h=0.1/q0=0.4/p=0.3/r=1/sig=0/cf=11.0877,A_core,0.1,0.4,0.3,1.0,0.0,1.0,11.087667012373094,bpi2019,autorpa_233k,ours_noinflate,31837435671.116,1.0,7.7,18.6,2826.1,693.5,0.0,3160.5,2729.6,0.009,1992.3,5146960444.379,always_reactive,0.187724
h=0.1/q0=0.4/p=0.3/r=1/sig=0/cf=11.0877,A_core,0.1,0.4,0.3,1.0,0.0,1.0,11.087667012373094,bpi2019,autorpa_233k,oracle_tax,26963498742.095,0.846912,1.2,4.4,66.9,20.7,0.0,92.0,50.7,0.003,45.0,116254188.625,always_reactive,0.187724
h=0.1/q0=0.4/p=0.3/r=1/sig=0/cf=11.0877,A_core,0.1,0.4,0.3,1.0,0.0,1.0,11.087667012373094,bpi2019,autorpa_233k,ours_spend_cap,28038837372.109,0.880688,3.5,10.3,629.8,105.1,0.0,460.9,600.8,0.006,439.6,1135674251.543,always_reactive,0.187724
h=0.1/q0=0.4/p=0.3/r=1/sig=0/cf=11.0877,A_core,0.1,0.4,0.3,1.0,0.0,1.0,11.087667012373094,bpi2019,autorpa_233k,ours_cap_epoch,28038837372.109,0.880688,3.5,10.3,629.8,105.1,0.0,460.9,600.8,0.006,439.6,1135674251.543,always_reactive,0.187724
h=0.1/q0=0.4/p=0.3/r=1/sig=0/cf=11.0877,A_core,0.1,0.4,0.3,1.0,0.0,1.0,11.087667012373094,bpi2019,autorpa_233k,ours_cap_realized,28054596983.442,0.881183,3.5,10.3,638.9,107.7,0.0,472.6,609.5,0.006,445.9,1151949837.95,always_reactive,0.187724
h=0.1/q0=0.4/p=0.3/r=1/sig=0/cf=11.0877,A_core,0.1,0.4,0.3,1.0,0.0,1.0,11.087667012373094,bpi2019,autorpa_233k,ours_pi_prior,31200292147.625,0.979988,7.8,17.4,2465.5,604.6,0.0,2766.6,2387.3,0.009,1735.4,4483278198.652,always_reactive,0.187724
h=0.1/q0=0.4/p=0.3/r=1/sig=0/cf=11.0877,A_core,0.1,0.4,0.3,1.0,0.0,1.0,11.087667012373094,bpi2019,autorpa_233k,breakeven,30824041072.873,0.96817,4.1,9.6,2172.8,291.6,0.0,1322.0,2022.7,0.005,1521.2,3929908260.799,always_reactive,0.187724
h=0.1/q0=0.4/p=0.3/r=1/sig=0/cf=11.0877,A_core,0.1,0.4,0.3,1.0,0.0,1.0,11.087667012373094,bpi2019,autorpa_233k,breakeven_cap_epoch,28035239351.208,0.880575,2.3,5.4,631.5,52.6,0.0,257.6,605.4,0.004,442.0,1141874474.936,always_reactive,0.187724
h=0.1/q0=0.4/p=0.3/r=1/sig=0/cf=11.0877,A_core,0.1,0.4,0.3,1.0,0.0,1.0,11.087667012373094,bpi2019,autorpa_233k,offline_taxblind,26419876875.546,0.829837,,,,,,,,,,,always_reactive,0.187724
h=0.1/q0=0.4/p=0.3/r=1/sig=0/cf=11.0877,A_core,0.1,0.4,0.3,1.0,0.0,1.0,11.087667012373094,bpi2019,autorpa_233k,offline_opt_tax,26486305197.874,0.831923,,,,,,,,,,,always_reactive,0.187724
h=0.1/q0=0.4/p=0.3/r=1/sig=0/cf=11.0877,A_core,0.1,0.4,0.3,1.0,0.0,1.0,11.087667012373094,bpi2019,native,always_reactive,26858149732.486,0.55089,0.0,0.0,0.0,0.0,0.0,0.0,0.0,0.003,0.0,0.0,always_reactive,0.370187
h=0.1/q0=0.4/p=0.3/r=1/sig=0/cf=11.0877,A_core,0.1,0.4,0.3,1.0,0.0,1.0,11.087667012373094,bpi2019,native,always_compile_evict,72552918151.619,1.488139,41.4,71.8,66813.4,19033.1,0.0,87459.7,66186.7,0.015,46733.0,53559571856.209,always_reactive,0.370187
h=0.1/q0=0.4/p=0.3/r=1/sig=0/cf=11.0877,A_core,0.1,0.4,0.3,1.0,0.0,1.0,11.087667012373094,bpi2019,native,ours_noinflate,48754132480.554,1.0,18.6,34.4,34300.2,9887.5,0.0,45546.9,33854.4,0.011,23999.1,28315726617.232,always_reactive,0.370187
h=0.1/q0=0.4/p=0.3/r=1/sig=0/cf=11.0877,A_core,0.1,0.4,0.3,1.0,0.0,1.0,11.087667012373094,bpi2019,native,oracle_tax,27253692967.781,0.559003,8.5,17.4,635.6,187.7,0.0,842.1,512.7,0.004,439.4,517371202.447,always_reactive,0.370187
h=0.1/q0=0.4/p=0.3/r=1/sig=0/cf=11.0877,A_core,0.1,0.4,0.3,1.0,0.0,1.0,11.087667012373094,bpi2019,native,ours_spend_cap,27938715014.153,0.573053,2.8,10.2,1269.9,205.1,0.0,950.2,1120.9,0.006,887.5,1090695372.912,always_reactive,0.370187
h=0.1/q0=0.4/p=0.3/r=1/sig=0/cf=11.0877,A_core,0.1,0.4,0.3,1.0,0.0,1.0,11.087667012373094,bpi2019,native,ours_cap_epoch,27938715014.153,0.573053,2.8,10.2,1269.9,205.1,0.0,950.2,1120.9,0.006,887.5,1090695372.912,always_reactive,0.370187
h=0.1/q0=0.4/p=0.3/r=1/sig=0/cf=11.0877,A_core,0.1,0.4,0.3,1.0,0.0,1.0,11.087667012373094,bpi2019,native,ours_cap_realized,27993242277.471,0.574172,3.1,10.7,1346.0,224.3,0.0,1042.5,1193.9,0.006,940.4,1153024258.386,always_reactive,0.370187
h=0.1/q0=0.4/p=0.3/r=1/sig=0/cf=11.0877,A_core,0.1,0.4,0.3,1.0,0.0,1.0,11.087667012373094,bpi2019,native,ours_pi_prior,42283298257.015,0.867276,17.2,31.5,23790.3,6752.4,0.0,31128.6,23379.1,0.012,16662.0,19684023995.524,always_reactive,0.370187
h=0.1/q0=0.4/p=0.3/r=1/sig=0/cf=11.0877,A_core,0.1,0.4,0.3,1.0,0.0,1.0,11.087667012373094,bpi2019,native,breakeven,29389315857.397,0.602807,1.5,10.9,3095.5,328.3,0.0,1488.9,2803.1,0.004,2157.1,2593698008.645,always_reactive,0.370187
h=0.1/q0=0.4/p=0.3/r=1/sig=0/cf=11.0877,A_core,0.1,0.4,0.3,1.0,0.0,1.0,11.087667012373094,bpi2019,native,breakeven_cap_epoch,27706762182.411,0.568296,0.6,5.9,1006.4,70.7,0.0,332.4,946.2,0.004,700.6,842987148.014,always_reactive,0.370187
h=0.1/q0=0.4/p=0.3/r=1/sig=0/cf=11.0877,A_core,0.1,0.4,0.3,1.0,0.0,1.0,11.087667012373094,bpi2019,native,offline_taxblind,20355649586.389,0.417516,,,,,,,,,,,always_reactive,0.370187
h=0.1/q0=0.4/p=0.3/r=1/sig=0/cf=11.0877,A_core,0.1,0.4,0.3,1.0,0.0,1.0,11.087667012373094,bpi2019,native,offline_opt_tax,20680929303.097,0.424188,,,,,,,,,,,always_reactive,0.370187
h=0.1/q0=0.4/p=0.3/r=1/sig=0/cf=11.0877,A_core,0.1,0.4,0.3,1.0,0.0,1.0,11.087667012373094,sepsis,autorpa_233k,always_reactive,93787502.059,0.880872,0.0,0.0,0.0,0.0,0.0,0.0,0.0,0.004,0.0,0.0,always_reactive,0.404648
h=0.1/q0=0.4/p=0.3/r=1/sig=0/cf=11.0877,A_core,0.1,0.4,0.3,1.0,0.0,1.0,11.087667012373094,sepsis,autorpa_233k,always_compile_evict,231775262.923,2.176882,11.4,12.0,73.6,8.2,0.0,39.8,68.9,0.004,52.9,136663257.294,always_reactive,0.404648
h=0.1/q0=0.4/p=0.3/r=1/sig=0/cf=11.0877,A_core,0.1,0.4,0.3,1.0,0.0,1.0,11.087667012373094,sepsis,autorpa_233k,ours_noinflate,106471233.069,1.0,2.3,2.4,8.1,0.7,0.0,3.3,7.1,0.004,4.9,12658789.428,always_reactive,0.404648
h=0.1/q0=0.4/p=0.3/r=1/sig=0/cf=11.0877,A_core,0.1,0.4,0.3,1.0,0.0,1.0,11.087667012373094,sepsis,autorpa_233k,oracle_tax,93787502.059,0.880872,0.0,0.0,0.0,0.0,0.0,0.0,0.0,0.004,0.0,0.0,always_reactive,0.404648
h=0.1/q0=0.4/p=0.3/r=1/sig=0/cf=11.0877,A_core,0.1,0.4,0.3,1.0,0.0,1.0,11.087667012373094,sepsis,autorpa_233k,ours_spend_cap,102836915.367,0.965866,1.3,1.3,5.6,0.6,0.0,2.1,4.9,0.004,3.5,9041992.449,always_reactive,0.404648
h=0.1/q0=0.4/p=0.3/r=1/sig=0/cf=11.0877,A_core,0.1,0.4,0.3,1.0,0.0,1.0,11.087667012373094,sepsis,autorpa_233k,ours_cap_epoch,102836915.367,0.965866,1.3,1.3,5.6,0.6,0.0,2.1,4.9,0.004,3.5,9041992.449,always_reactive,0.404648
h=0.1/q0=0.4/p=0.3/r=1/sig=0/cf=11.0877,A_core,0.1,0.4,0.3,1.0,0.0,1.0,11.087667012373094,sepsis,autorpa_233k,ours_cap_realized,102836915.367,0.965866,1.3,1.3,5.6,0.6,0.0,2.1,4.9,0.004,3.5,9041992.449,always_reactive,0.404648
h=0.1/q0=0.4/p=0.3/r=1/sig=0/cf=11.0877,A_core,0.1,0.4,0.3,1.0,0.0,1.0,11.087667012373094,sepsis,autorpa_233k,ours_pi_prior,101581459.222,0.954074,1.3,1.4,4.8,0.5,0.0,2.5,4.1,0.004,3.0,7750279.242,always_reactive,0.404648
h=0.1/q0=0.4/p=0.3/r=1/sig=0/cf=11.0877,A_core,0.1,0.4,0.3,1.0,0.0,1.0,11.087667012373094,sepsis,autorpa_233k,breakeven,111363023.396,1.045945,1.5,2.1,9.5,1.0,0.0,5.7,8.3,0.004,6.8,17567299.614,always_reactive,0.404648
h=0.1/q0=0.4/p=0.3/r=1/sig=0/cf=11.0877,A_core,0.1,0.4,0.3,1.0,0.0,1.0,11.087667012373094,sepsis,autorpa_233k,breakeven_cap_epoch,105091716.873,0.987043,0.8,1.5,6.2,0.8,0.0,4.2,5.3,0.004,4.4,11367076.221,always_reactive,0.404648
h=0.1/q0=0.4/p=0.3/r=1/sig=0/cf=11.0877,A_core,0.1,0.4,0.3,1.0,0.0,1.0,11.087667012373094,sepsis,autorpa_233k,offline_taxblind,93787502.059,0.880872,,,,,,,,,,,always_reactive,0.404648
h=0.1/q0=0.4/p=0.3/r=1/sig=0/cf=11.0877,A_core,0.1,0.4,0.3,1.0,0.0,1.0,11.087667012373094,sepsis,autorpa_233k,offline_opt_tax,93787502.059,0.880872,,,,,,,,,,,always_reactive,0.404648
h=0.1/q0=0.4/p=0.3/r=1/sig=0/cf=11.0877,A_core,0.1,0.4,0.3,1.0,0.0,1.0,11.087667012373094,sepsis,native,always_reactive,93787502.059,0.844388,0.0,0.0,0.0,0.0,0.0,0.0,0.0,0.004,0.0,0.0,always_reactive,0.586883
h=0.1/q0=0.4/p=0.3/r=1/sig=0/cf=11.0877,A_core,0.1,0.4,0.3,1.0,0.0,1.0,11.087667012373094,sepsis,native,always_compile_evict,159806120.687,1.438768,10.2,11.4,73.6,8.2,0.0,39.8,64.6,0.006,52.9,67179994.808,always_reactive,0.586883
h=0.1/q0=0.4/p=0.3/r=1/sig=0/cf=11.0877,A_core,0.1,0.4,0.3,1.0,0.0,1.0,11.087667012373094,sepsis,native,ours_noinflate,111071510.01,1.0,3.2,4.2,21.5,2.5,0.0,12.0,16.5,0.005,14.8,18388106.853,always_reactive,0.586883
h=0.1/q0=0.4/p=0.3/r=1/sig=0/cf=11.0877,A_core,0.1,0.4,0.3,1.0,0.0,1.0,11.087667012373094,sepsis,native,oracle_tax,98324645.615,0.885237,0.9,1.5,6.5,1.1,0.0,4.7,4.6,0.005,4.5,5298521.645,always_reactive,0.586883
h=0.1/q0=0.4/p=0.3/r=1/sig=0/cf=11.0877,A_core,0.1,0.4,0.3,1.0,0.0,1.0,11.087667012373094,sepsis,native,ours_spend_cap,105030939.948,0.945615,1.5,2.7,13.4,1.9,0.0,8.0,10.5,0.005,9.4,11862601.246,always_reactive,0.586883
h=0.1/q0=0.4/p=0.3/r=1/sig=0/cf=11.0877,A_core,0.1,0.4,0.3,1.0,0.0,1.0,11.087667012373094,sepsis,native,ours_cap_epoch,105030939.948,0.945615,1.5,2.7,13.4,1.9,0.0,8.0,10.5,0.005,9.4,11862601.246,always_reactive,0.586883
h=0.1/q0=0.4/p=0.3/r=1/sig=0/cf=11.0877,A_core,0.1,0.4,0.3,1.0,0.0,1.0,11.087667012373094,sepsis,native,ours_cap_realized,105015299.485,0.945475,1.6,2.7,13.5,1.9,0.0,8.2,10.5,0.005,9.4,11862601.246,always_reactive,0.586883
h=0.1/q0=0.4/p=0.3/r=1/sig=0/cf=11.0877,A_core,0.1,0.4,0.3,1.0,0.0,1.0,11.087667012373094,sepsis,native,ours_pi_prior,112023440.888,1.00857,2.9,4.1,20.8,2.1,0.0,12.2,16.3,0.005,15.0,19041795.784,always_reactive,0.586883
h=0.1/q0=0.4/p=0.3/r=1/sig=0/cf=11.0877,A_core,0.1,0.4,0.3,1.0,0.0,1.0,11.087667012373094,sepsis,native,breakeven,116883805.196,1.052329,3.7,5.0,25.8,2.8,0.0,15.5,20.9,0.005,18.2,23855131.1,always_reactive,0.586883
h=0.1/q0=0.4/p=0.3/r=1/sig=0/cf=11.0877,A_core,0.1,0.4,0.3,1.0,0.0,1.0,11.087667012373094,sepsis,native,breakeven_cap_epoch,104488490.625,0.940732,1.6,2.7,12.8,1.6,0.0,7.4,10.1,0.005,8.9,11190236.802,always_reactive,0.586883
h=0.1/q0=0.4/p=0.3/r=1/sig=0/cf=11.0877,A_core,0.1,0.4,0.3,1.0,0.0,1.0,11.087667012373094,sepsis,native,offline_taxblind,93169097.784,0.838821,,,,,,,,,,,always_reactive,0.586883
h=0.1/q0=0.4/p=0.3/r=1/sig=0/cf=11.0877,A_core,0.1,0.4,0.3,1.0,0.0,1.0,11.087667012373094,sepsis,native,offline_opt_tax,93337681.436,0.840339,,,,,,,,,,,always_reactive,0.586883
h=0.1/q0=0.4/p=0.3/r=1/sig=0/cf=11.0877,A_core,0.1,0.4,0.3,1.0,0.0,1.0,11.087667012373094,wiki_A,autorpa_233k,always_reactive,4770469730.199,0.846418,0.0,0.0,0.0,0.0,0.0,0.0,0.0,0.005,0.0,0.0,always_reactive,0.134218
h=0.1/q0=0.4/p=0.3/r=1/sig=0/cf=11.0877,A_core,0.1,0.4,0.3,1.0,0.0,1.0,11.087667012373094,wiki_A,autorpa_233k,always_compile_evict,35542816482.016,6.306316,22.2,53.2,17364.1,5043.7,0.0,23192.4,17032.3,0.004,12141.9,31367705174.726,always_reactive,0.134218
h=0.1/q0=0.4/p=0.3/r=1/sig=0/cf=11.0877,A_core,0.1,0.4,0.3,1.0,0.0,1.0,11.087667012373094,wiki_A,autorpa_233k,ours_noinflate,5636066217.85,1.0,3.1,10.5,517.6,134.9,0.0,614.9,464.2,0.007,358.4,925900026.736,always_reactive,0.134218
h=0.1/q0=0.4/p=0.3/r=1/sig=0/cf=11.0877,A_core,0.1,0.4,0.3,1.0,0.0,1.0,11.087667012373094,wiki_A,autorpa_233k,oracle_tax,4847512790.753,0.860088,0.2,1.0,47.6,14.2,0.0,65.2,38.0,0.005,33.2,85769756.941,always_reactive,0.134218
h=0.1/q0=0.4/p=0.3/r=1/sig=0/cf=11.0877,A_core,0.1,0.4,0.3,1.0,0.0,1.0,11.087667012373094,wiki_A,autorpa_233k,ours_spend_cap,4965508301.761,0.881024,1.1,6.7,107.6,19.4,0.0,84.0,97.5,0.006,75.6,195307036.89,always_reactive,0.134218
h=0.1/q0=0.4/p=0.3/r=1/sig=0/cf=11.0877,A_core,0.1,0.4,0.3,1.0,0.0,1.0,11.087667012373094,wiki_A,autorpa_233k,ours_cap_epoch,4965508301.761,0.881024,1.1,6.7,107.6,19.4,0.0,84.0,97.5,0.006,75.6,195307036.89,always_reactive,0.134218
h=0.1/q0=0.4/p=0.3/r=1/sig=0/cf=11.0877,A_core,0.1,0.4,0.3,1.0,0.0,1.0,11.087667012373094,wiki_A,autorpa_233k,ours_cap_realized,4969672513.188,0.881763,1.1,6.8,109.7,19.8,0.0,86.3,99.6,0.006,77.3,199698861.793,always_reactive,0.134218
h=0.1/q0=0.4/p=0.3/r=1/sig=0/cf=11.0877,A_core,0.1,0.4,0.3,1.0,0.0,1.0,11.087667012373094,wiki_A,autorpa_233k,ours_pi_prior,5383360009.583,0.955163,2.4,9.0,368.5,94.6,0.0,434.1,328.8,0.007,252.3,651798484.223,always_reactive,0.134218
h=0.1/q0=0.4/p=0.3/r=1/sig=0/cf=11.0877,A_core,0.1,0.4,0.3,1.0,0.0,1.0,11.087667012373094,wiki_A,autorpa_233k,breakeven,10082330287.868,1.788895,0.5,7.3,3005.9,840.6,0.0,3826.1,2816.1,0.003,2102.4,5431395692.547,always_reactive,0.134218
h=0.1/q0=0.4/p=0.3/r=1/sig=0/cf=11.0877,A_core,0.1,0.4,0.3,1.0,0.0,1.0,11.087667012373094,wiki_A,autorpa_233k,breakeven_cap_epoch,5014395400.914,0.889698,0.0,3.5,134.1,20.4,0.0,85.5,123.2,0.005,93.8,242325397.622,always_reactive,0.134218
h=0.1/q0=0.4/p=0.3/r=1/sig=0/cf=11.0877,A_core,0.1,0.4,0.3,1.0,0.0,1.0,11.087667012373094,wiki_A,autorpa_233k,offline_taxblind,4731484895.718,0.839501,,,,,,,,,,,always_reactive,0.134218
h=0.1/q0=0.4/p=0.3/r=1/sig=0/cf=11.0877,A_core,0.1,0.4,0.3,1.0,0.0,1.0,11.087667012373094,wiki_A,autorpa_233k,offline_opt_tax,4739162588.321,0.840864,,,,,,,,,,,always_reactive,0.134218
h=0.1/q0=0.4/p=0.3/r=1/sig=0/cf=11.0877,A_core,0.1,0.4,0.3,1.0,0.0,1.0,11.087667012373094,wiki_A,native,always_reactive,4770469730.199,0.732994,0.0,0.0,0.0,0.0,0.0,0.0,0.0,0.005,0.0,0.0,always_reactive,0.244353
h=0.1/q0=0.4/p=0.3/r=1/sig=0/cf=11.0877,A_core,0.1,0.4,0.3,1.0,0.0,1.0,11.087667012373094,wiki_A,native,always_compile_evict,19522847823.817,2.999732,10.2,38.3,17364.1,5043.7,0.0,23192.4,16855.7,0.005,12141.9,15981813398.339,always_reactive,0.244353
h=0.1/q0=0.4/p=0.3/r=1/sig=0/cf=11.0877,A_core,0.1,0.4,0.3,1.0,0.0,1.0,11.087667012373094,wiki_A,native,ours_noinflate,6508196988.988,1.0,5.3,19.5,2670.0,732.9,0.0,3382.5,2413.0,0.009,1861.9,2204420540.374,always_reactive,0.244353
h=0.1/q0=0.4/p=0.3/r=1/sig=0/cf=11.0877,A_core,0.1,0.4,0.3,1.0,0.0,1.0,11.087667012373094,wiki_A,native,oracle_tax,5049526387.769,0.775872,2.9,4.9,447.3,129.2,0.0,582.9,363.7,0.005,315.2,371132005.033,always_reactive,0.244353
h=0.1/q0=0.4/p=0.3/r=1/sig=0/cf=11.0877,A_core,0.1,0.4,0.3,1.0,0.0,1.0,11.087667012373094,wiki_A,native,ours_spend_cap,4957649718.728,0.761755,0.6,7.1,224.7,40.2,0.0,176.0,194.4,0.007,157.1,194554036.833,always_reactive,0.244353
h=0.1/q0=0.4/p=0.3/r=1/sig=0/cf=11.0877,A_core,0.1,0.4,0.3,1.0,0.0,1.0,11.087667012373094,wiki_A,native,ours_cap_epoch,4957649718.728,0.761755,0.6,7.1,224.7,40.2,0.0,176.0,194.4,0.007,157.1,194554036.833,always_reactive,0.244353
h=0.1/q0=0.4/p=0.3/r=1/sig=0/cf=11.0877,A_core,0.1,0.4,0.3,1.0,0.0,1.0,11.087667012373094,wiki_A,native,ours_cap_realized,4967176518.99,0.763219,0.7,7.4,239.3,44.0,0.0,193.0,207.2,0.007,167.2,206446274.304,always_reactive,0.244353
h=0.1/q0=0.4/p=0.3/r=1/sig=0/cf=11.0877,A_core,0.1,0.4,0.3,1.0,0.0,1.0,11.087667012373094,wiki_A,native,ours_pi_prior,6208386259.694,0.953933,3.4,15.7,2173.9,588.0,0.0,2700.9,1949.6,0.008,1518.5,1805981073.399,always_reactive,0.244353
h=0.1/q0=0.4/p=0.3/r=1/sig=0/cf=11.0877,A_core,0.1,0.4,0.3,1.0,0.0,1.0,11.087667012373094,wiki_A,native,breakeven,7713754935.425,1.185237,0.3,7.5,3726.5,1011.6,0.0,4612.9,3433.8,0.004,2606.7,3157831537.082,always_reactive,0.244353
h=0.1/q0=0.4/p=0.3/r=1/sig=0/cf=11.0877,A_core,0.1,0.4,0.3,1.0,0.0,1.0,11.087667012373094,wiki_A,native,breakeven_cap_epoch,4929685556.757,0.757458,0.0,3.8,196.3,25.4,0.0,109.1,173.3,0.005,136.5,163691036.717,always_reactive,0.244353
h=0.1/q0=0.4/p=0.3/r=1/sig=0/cf=11.0877,A_core,0.1,0.4,0.3,1.0,0.0,1.0,11.087667012373094,wiki_A,native,offline_taxblind,4283559342.708,0.658179,,,,,,,,,,,always_reactive,0.244353
h=0.1/q0=0.4/p=0.3/r=1/sig=0/cf=11.0877,A_core,0.1,0.4,0.3,1.0,0.0,1.0,11.087667012373094,wiki_A,native,offline_opt_tax,4313895348.868,0.66284,,,,,,,,,,,always_reactive,0.244353
h=0.1/q0=0.4/p=0.3/r=1/sig=0/cf=11.0877,A_core,0.1,0.4,0.3,1.0,0.0,1.0,11.087667012373094,wiki_B,autorpa_233k,always_reactive,8991713899.193,0.813418,0.0,0.0,0.0,0.0,0.0,0.0,0.0,0.004,0.0,0.0,always_reactive,0.32331
h=0.1/q0=0.4/p=0.3/r=1/sig=0/cf=11.0877,A_core,0.1,0.4,0.3,1.0,0.0,1.0,11.087667012373094,wiki_B,autorpa_233k,always_compile_evict,27811447197.638,2.51591,104.6,118.5,10149.8,2137.0,0.0,9645.5,9948.4,0.027,7119.2,18391929325.715,always_reactive,0.32331
h=0.1/q0=0.4/p=0.3/r=1/sig=0/cf=11.0877,A_core,0.1,0.4,0.3,1.0,0.0,1.0,11.087667012373094,wiki_B,autorpa_233k,ours_noinflate,11054231204.272,1.0,16.8,23.1,1146.0,217.0,0.0,1014.1,1087.4,0.013,796.7,2058215823.941,always_reactive,0.32331
h=0.1/q0=0.4/p=0.3/r=1/sig=0/cf=11.0877,A_core,0.1,0.4,0.3,1.0,0.0,1.0,11.087667012373094,wiki_B,autorpa_233k,oracle_tax,8991713899.193,0.813418,0.0,0.0,0.0,0.0,0.0,0.0,0.0,0.004,0.0,0.0,always_reactive,0.32331
h=0.1/q0=0.4/p=0.3/r=1/sig=0/cf=11.0877,A_core,0.1,0.4,0.3,1.0,0.0,1.0,11.087667012373094,wiki_B,autorpa_233k,ours_spend_cap,9931563979.195,0.89844,10.1,13.5,506.3,69.2,0.0,331.4,484.3,0.009,351.4,907816041.838,always_reactive,0.32331
h=0.1/q0=0.4/p=0.3/r=1/sig=0/cf=11.0877,A_core,0.1,0.4,0.3,1.0,0.0,1.0,11.087667012373094,wiki_B,autorpa_233k,ours_cap_epoch,9931563979.195,0.89844,10.1,13.5,506.3,69.2,0.0,331.4,484.3,0.009,351.4,907816041.838,always_reactive,0.32331
h=0.1/q0=0.4/p=0.3/r=1/sig=0/cf=11.0877,A_core,0.1,0.4,0.3,1.0,0.0,1.0,11.087667012373094,wiki_B,autorpa_233k,ours_cap_realized,9939405410.239,0.899149,10.1,13.6,510.8,70.2,0.0,334.7,488.4,0.009,354.5,915824663.721,always_reactive,0.32331
h=0.1/q0=0.4/p=0.3/r=1/sig=0/cf=11.0877,A_core,0.1,0.4,0.3,1.0,0.0,1.0,11.087667012373094,wiki_B,autorpa_233k,ours_pi_prior,10876327510.041,0.983906,14.1,21.2,1048.1,200.4,0.0,934.3,991.7,0.012,730.4,1886934652.7,always_reactive,0.32331
h=0.1/q0=0.4/p=0.3/r=1/sig=0/cf=11.0877,A_core,0.1,0.4,0.3,1.0,0.0,1.0,11.087667012373094,wiki_B,autorpa_233k,breakeven,11384729658.788,1.029898,4.2,12.2,1316.4,186.4,0.0,855.4,1226.4,0.006,919.2,2374685559.641,always_reactive,0.32331
h=0.1/q0=0.4/p=0.3/r=1/sig=0/cf=11.0877,A_core,0.1,0.4,0.3,1.0,0.0,1.0,11.087667012373094,wiki_B,autorpa_233k,breakeven_cap_epoch,9805378650.321,0.887025,2.7,6.9,437.1,43.1,0.0,208.0,416.3,0.005,307.1,793370251.703,always_reactive,0.32331
h=0.1/q0=0.4/p=0.3/r=1/sig=0/cf=11.0877,A_core,0.1,0.4,0.3,1.0,0.0,1.0,11.087667012373094,wiki_B,autorpa_233k,offline_taxblind,8968177823.923,0.811289,,,,,,,,,,,always_reactive,0.32331
h=0.1/q0=0.4/p=0.3/r=1/sig=0/cf=11.0877,A_core,0.1,0.4,0.3,1.0,0.0,1.0,11.087667012373094,wiki_B,autorpa_233k,offline_opt_tax,8979456851.614,0.812309,,,,,,,,,,,always_reactive,0.32331
h=0.1/q0=0.4/p=0.3/r=1/sig=0/cf=11.0877,A_core,0.1,0.4,0.3,1.0,0.0,1.0,11.087667012373094,wiki_B,native,always_reactive,8991713899.193,0.758116,0.0,0.0,0.0,0.0,0.0,0.0,0.0,0.004,0.0,0.0,always_reactive,0.518245
h=0.1/q0=0.4/p=0.3/r=1/sig=0/cf=11.0877,A_core,0.1,0.4,0.3,1.0,0.0,1.0,11.087667012373094,wiki_B,native,always_compile_evict,17350330909.677,1.462854,66.5,76.7,10149.8,2137.0,0.0,9645.5,9702.8,0.027,7119.2,8595945543.667,always_reactive,0.518245
h=0.1/q0=0.4/p=0.3/r=1/sig=0/cf=11.0877,A_core,0.1,0.4,0.3,1.0,0.0,1.0,11.087667012373094,wiki_B,native,ours_noinflate,11860605841.586,1.0,28.3,34.7,3771.9,767.5,0.0,3534.3,3442.9,0.017,2639.4,3162794561.446,always_reactive,0.518245
h=0.1/q0=0.4/p=0.3/r=1/sig=0/cf=11.0877,A_core,0.1,0.4,0.3,1.0,0.0,1.0,11.087667012373094,wiki_B,native,oracle_tax,9028338378.933,0.761204,3.8,5.5,54.5,13.3,0.0,58.5,41.2,0.004,37.4,44036602.12,always_reactive,0.518245
h=0.1/q0=0.4/p=0.3/r=1/sig=0/cf=11.0877,A_core,0.1,0.4,0.3,1.0,0.0,1.0,11.087667012373094,wiki_B,native,ours_spend_cap,9961525982.432,0.839883,8.5,15.6,1118.7,151.9,0.0,723.1,1008.8,0.009,783.5,970373465.75,always_reactive,0.518245
h=0.1/q0=0.4/p=0.3/r=1/sig=0/cf=11.0877,A_core,0.1,0.4,0.3,1.0,0.0,1.0,11.087667012373094,wiki_B,native,ours_cap_epoch,9961525982.432,0.839883,8.5,15.6,1118.7,151.9,0.0,723.1,1008.8,0.009,783.5,970373465.75,always_reactive,0.518245
h=0.1/q0=0.4/p=0.3/r=1/sig=0/cf=11.0877,A_core,0.1,0.4,0.3,1.0,0.0,1.0,11.087667012373094,wiki_B,native,ours_cap_realized,9991176893.42,0.842383,9.0,16.0,1161.5,162.4,0.0,772.8,1049.8,0.009,812.7,1004922263.615,always_reactive,0.518245
h=0.1/q0=0.4/p=0.3/r=1/sig=0/cf=11.0877,A_core,0.1,0.4,0.3,1.0,0.0,1.0,11.087667012373094,wiki_B,native,ours_pi_prior,11687255305.334,0.985384,21.6,32.0,3533.1,728.4,0.0,3351.4,3233.8,0.016,2480.6,2980624909.251,always_reactive,0.518245
h=0.1/q0=0.4/p=0.3/r=1/sig=0/cf=11.0877,A_core,0.1,0.4,0.3,1.0,0.0,1.0,11.087667012373094,wiki_B,native,breakeven,10836596933.444,0.913663,3.7,11.6,2212.3,232.6,0.0,1050.9,2028.9,0.007,1545.3,1873250914.898,always_reactive,0.518245
h=0.1/q0=0.4/p=0.3/r=1/sig=0/cf=11.0877,A_core,0.1,0.4,0.3,1.0,0.0,1.0,11.087667012373094,wiki_B,native,breakeven_cap_epoch,9675104491.386,0.815734,1.3,6.1,799.5,59.9,0.0,269.3,751.1,0.005,559.7,679426462.899,always_reactive,0.518245
h=0.1/q0=0.4/p=0.3/r=1/sig=0/cf=11.0877,A_core,0.1,0.4,0.3,1.0,0.0,1.0,11.087667012373094,wiki_B,native,offline_taxblind,8564211782.394,0.722072,,,,,,,,,,,always_reactive,0.518245
h=0.1/q0=0.4/p=0.3/r=1/sig=0/cf=11.0877,A_core,0.1,0.4,0.3,1.0,0.0,1.0,11.087667012373094,wiki_B,native,offline_opt_tax,8655640381.97,0.729781,,,,,,,,,,,always_reactive,0.518245
h=0.1/q0=0.4/p=0.3/r=1/sig=0/cf=1,A_core,0.1,0.4,0.3,1.0,0.0,1.0,1.0,bpi2019,autorpa_233k,always_reactive,26858149732.486,0.98908,0.0,0.0,0.0,0.0,0.0,0.0,0.0,0.003,0.0,0.0,always_reactive,0.808241
h=0.1/q0=0.4/p=0.3/r=1/sig=0/cf=1,A_core,0.1,0.4,0.3,1.0,0.0,1.0,1.0,bpi2019,autorpa_233k,always_compile_evict,33230363513.512,1.223743,64.9,110.0,66813.4,19033.1,0.0,87459.7,66542.1,0.056,46733.0,10888789000.0,always_reactive,0.808241
h=0.1/q0=0.4/p=0.3/r=1/sig=0/cf=1,A_core,0.1,0.4,0.3,1.0,0.0,1.0,1.0,bpi2019,autorpa_233k,ours_noinflate,27154681126.734,1.0,7.7,18.6,2826.1,693.5,0.0,3160.5,2729.6,0.011,1992.3,464205900.0,always_reactive,0.808241
h=0.1/q0=0.4/p=0.3/r=1/sig=0/cf=1,A_core,0.1,0.4,0.3,1.0,0.0,1.0,1.0,bpi2019,autorpa_233k,oracle_tax,26857729553.47,0.989064,1.2,4.4,66.9,20.7,0.0,92.0,50.7,0.003,45.0,10485000.0,always_reactive,0.808241
h=0.1/q0=0.4/p=0.3/r=1/sig=0/cf=1,A_core,0.1,0.4,0.3,1.0,0.0,1.0,1.0,bpi2019,autorpa_233k,ours_spend_cap,27103969973.594,0.998133,4.9,15.9,1187.9,231.7,0.0,1037.9,1123.5,0.009,830.2,193436600.0,always_reactive,0.808241
h=0.1/q0=0.4/p=0.3/r=1/sig=0/cf=1,A_core,0.1,0.4,0.3,1.0,0.0,1.0,1.0,bpi2019,autorpa_233k,ours_cap_epoch,27120976536.309,0.998759,5.8,17.1,1399.0,289.4,0.0,1301.4,1323.6,0.01,978.4,227967200.0,always_reactive,0.808241
h=0.1/q0=0.4/p=0.3/r=1/sig=0/cf=1,A_core,0.1,0.4,0.3,1.0,0.0,1.0,1.0,bpi2019,autorpa_233k,ours_cap_realized,27147079015.394,0.99972,7.3,18.3,2717.7,666.2,0.0,3037.3,2629.1,0.01,1913.5,445845500.0,always_reactive,0.808241
h=0.1/q0=0.4/p=0.3/r=1/sig=0/cf=1,A_core,0.1,0.4,0.3,1.0,0.0,1.0,1.0,bpi2019,autorpa_233k,ours_pi_prior,27121362148.97,0.998773,7.8,17.4,2465.5,604.6,0.0,2766.6,2387.3,0.01,1735.4,404348200.0,always_reactive,0.808241
h=0.1/q0=0.4/p=0.3/r=1/sig=0/cf=1,A_core,0.1,0.4,0.3,1.0,0.0,1.0,1.0,bpi2019,autorpa_233k,breakeven,27248572412.071,1.003458,4.1,9.6,2172.8,291.6,0.0,1322.0,2022.7,0.006,1521.2,354439600.0,always_reactive,0.808241
h=0.1/q0=0.4/p=0.3/r=1/sig=0/cf=1,A_core,0.1,0.4,0.3,1.0,0.0,1.0,1.0,bpi2019,autorpa_233k,breakeven_cap_epoch,27123630690.219,0.998857,3.1,8.3,1364.3,150.9,0.0,687.5,1281.3,0.005,953.9,222258700.0,always_reactive,0.808241
h=0.1/q0=0.4/p=0.3/r=1/sig=0/cf=1,A_core,0.1,0.4,0.3,1.0,0.0,1.0,1.0,bpi2019,autorpa_233k,offline_taxblind,26419876875.546,0.97294,,,,,,,,,,,always_reactive,0.808241
h=0.1/q0=0.4/p=0.3/r=1/sig=0/cf=1,A_core,0.1,0.4,0.3,1.0,0.0,1.0,1.0,bpi2019,autorpa_233k,offline_opt_tax,26486305197.874,0.975386,,,,,,,,,,,always_reactive,0.808241
h=0.1/q0=0.4/p=0.3/r=1/sig=0/cf=1,A_core,0.1,0.4,0.3,1.0,0.0,1.0,1.0,bpi2019,native,always_reactive,26858149732.486,1.168141,0.0,0.0,0.0,0.0,0.0,0.0,0.0,0.003,0.0,0.0,ours_noinflate,0.96509
h=0.1/q0=0.4/p=0.3/r=1/sig=0/cf=1,A_core,0.1,0.4,0.3,1.0,0.0,1.0,1.0,bpi2019,native,always_compile_evict,23823900080.754,1.036173,41.4,71.8,66813.4,19033.1,0.0,87459.7,66186.7,0.047,46733.0,4830553785.25,ours_noinflate,0.96509
h=0.1/q0=0.4/p=0.3/r=1/sig=0/cf=1,A_core,0.1,0.4,0.3,1.0,0.0,1.0,1.0,bpi2019,native,ours_noinflate,22992209705.623,1.0,18.6,34.4,34300.2,9887.5,0.0,45546.9,33854.4,0.023,23999.1,2553803842.2,ours_noinflate,0.96509
h=0.1/q0=0.4/p=0.3/r=1/sig=0/cf=1,A_core,0.1,0.4,0.3,1.0,0.0,1.0,1.0,bpi2019,native,oracle_tax,26782983628.633,1.164872,8.5,17.4,635.6,187.7,0.0,842.1,512.7,0.004,439.4,46661863.3,ours_noinflate,0.96509
h=0.1/q0=0.4/p=0.3/r=1/sig=0/cf=1,A_core,0.1,0.4,0.3,1.0,0.0,1.0,1.0,bpi2019,native,ours_spend_cap,26935976066.965,1.171526,6.3,20.8,3358.7,663.6,0.0,3047.4,2979.1,0.011,2349.6,254300947.95,ours_noinflate,0.96509
h=0.1/q0=0.4/p=0.3/r=1/sig=0/cf=1,A_core,0.1,0.4,0.3,1.0,0.0,1.0,1.0,bpi2019,native,ours_cap_epoch,26765565944.63,1.164115,10.0,25.4,5353.5,1226.0,0.0,5681.7,4883.8,0.014,3752.2,403358734.4,ours_noinflate,0.96509
h=0.1/q0=0.4/p=0.3/r=1/sig=0/cf=1,A_core,0.1,0.4,0.3,1.0,0.0,1.0,1.0,bpi2019,native,ours_cap_realized,23619489307.218,1.027282,17.8,33.3,29798.8,8535.6,0.0,39260.4,29362.6,0.022,20857.6,2220174961.7,ours_noinflate,0.96509
h=0.1/q0=0.4/p=0.3/r=1/sig=0/cf=1,A_core,0.1,0.4,0.3,1.0,0.0,1.0,1.0,bpi2019,native,ours_pi_prior,24374582265.797,1.060124,17.2,31.5,23790.3,6752.4,0.0,31128.6,23379.1,0.02,16662.0,1775308004.25,ours_noinflate,0.96509
h=0.1/q0=0.4/p=0.3/r=1/sig=0/cf=1,A_core,0.1,0.4,0.3,1.0,0.0,1.0,1.0,bpi2019,native,breakeven,27029544246.949,1.175596,1.5,10.9,3095.5,328.3,0.0,1488.9,2803.1,0.005,2157.1,233926398.2,ours_noinflate,0.96509
h=0.1/q0=0.4/p=0.3/r=1/sig=0/cf=1,A_core,0.1,0.4,0.3,1.0,0.0,1.0,1.0,bpi2019,native,breakeven_cap_epoch,27007541287.48,1.174639,1.3,10.3,2539.1,236.4,0.0,1083.3,2305.5,0.005,1771.6,192637645.7,ours_noinflate,0.96509
h=0.1/q0=0.4/p=0.3/r=1/sig=0/cf=1,A_core,0.1,0.4,0.3,1.0,0.0,1.0,1.0,bpi2019,native,offline_taxblind,20355649586.389,0.885328,,,,,,,,,,,ours_noinflate,0.96509
h=0.1/q0=0.4/p=0.3/r=1/sig=0/cf=1,A_core,0.1,0.4,0.3,1.0,0.0,1.0,1.0,bpi2019,native,offline_opt_tax,20680929303.097,0.899475,,,,,,,,,,,ours_noinflate,0.96509
h=0.1/q0=0.4/p=0.3/r=1/sig=0/cf=1,A_core,0.1,0.4,0.3,1.0,0.0,1.0,1.0,sepsis,autorpa_233k,always_reactive,93787502.059,0.987714,0.0,0.0,0.0,0.0,0.0,0.0,0.0,0.004,0.0,0.0,always_reactive,0.872948
h=0.1/q0=0.4/p=0.3/r=1/sig=0/cf=1,A_core,0.1,0.4,0.3,1.0,0.0,1.0,1.0,sepsis,autorpa_233k,always_compile_evict,107437705.629,1.131469,11.4,12.0,73.6,8.2,0.0,39.8,68.9,0.008,52.9,12325700.0,always_reactive,0.872948
h=0.1/q0=0.4/p=0.3/r=1/sig=0/cf=1,A_core,0.1,0.4,0.3,1.0,0.0,1.0,1.0,sepsis,autorpa_233k,ours_noinflate,94954143.641,1.0,2.3,2.4,8.1,0.7,0.0,3.3,7.1,0.005,4.9,1141700.0,always_reactive,0.872948
h=0.1/q0=0.4/p=0.3/r=1/sig=0/cf=1,A_core,0.1,0.4,0.3,1.0,0.0,1.0,1.0,sepsis,autorpa_233k,oracle_tax,93787502.059,0.987714,0.0,0.0,0.0,0.0,0.0,0.0,0.0,0.004,0.0,0.0,always_reactive,0.872948
h=0.1/q0=0.4/p=0.3/r=1/sig=0/cf=1,A_core,0.1,0.4,0.3,1.0,0.0,1.0,1.0,sepsis,autorpa_233k,ours_spend_cap,94954143.641,1.0,2.3,2.4,8.1,0.7,0.0,3.3,7.1,0.005,4.9,1141700.0,always_reactive,0.872948
h=0.1/q0=0.4/p=0.3/r=1/sig=0/cf=1,A_core,0.1,0.4,0.3,1.0,0.0,1.0,1.0,sepsis,autorpa_233k,ours_cap_epoch,94954143.641,1.0,2.3,2.4,8.1,0.7,0.0,3.3,7.1,0.005,4.9,1141700.0,always_reactive,0.872948
h=0.1/q0=0.4/p=0.3/r=1/sig=0/cf=1,A_core,0.1,0.4,0.3,1.0,0.0,1.0,1.0,sepsis,autorpa_233k,ours_cap_realized,94954143.641,1.0,2.3,2.4,8.1,0.7,0.0,3.3,7.1,0.005,4.9,1141700.0,always_reactive,0.872948
h=0.1/q0=0.4/p=0.3/r=1/sig=0/cf=1,A_core,0.1,0.4,0.3,1.0,0.0,1.0,1.0,sepsis,autorpa_233k,ours_pi_prior,94530179.981,0.995535,1.3,1.4,4.8,0.5,0.0,2.5,4.1,0.004,3.0,699000.0,always_reactive,0.872948
h=0.1/q0=0.4/p=0.3/r=1/sig=0/cf=1,A_core,0.1,0.4,0.3,1.0,0.0,1.0,1.0,sepsis,autorpa_233k,breakeven,95380123.781,1.004486,1.5,2.1,9.5,1.0,0.0,5.7,8.3,0.005,6.8,1584400.0,always_reactive,0.872948
h=0.1/q0=0.4/p=0.3/r=1/sig=0/cf=1,A_core,0.1,0.4,0.3,1.0,0.0,1.0,1.0,sepsis,autorpa_233k,breakeven_cap_epoch,95253789.845,1.003156,1.1,1.9,8.7,1.0,0.0,4.9,7.7,0.005,6.4,1491200.0,always_reactive,0.872948
h=0.1/q0=0.4/p=0.3/r=1/sig=0/cf=1,A_core,0.1,0.4,0.3,1.0,0.0,1.0,1.0,sepsis,autorpa_233k,offline_taxblind,93787502.059,0.987714,,,,,,,,,,,always_reactive,0.872948
h=0.1/q0=0.4/p=0.3/r=1/sig=0/cf=1,A_core,0.1,0.4,0.3,1.0,0.0,1.0,1.0,sepsis,autorpa_233k,offline_opt_tax,93787502.059,0.987714,,,,,,,,,,,always_reactive,0.872948
h=0.1/q0=0.4/p=0.3/r=1/sig=0/cf=1,A_core,0.1,0.4,0.3,1.0,0.0,1.0,1.0,sepsis,native,always_reactive,93787502.059,0.994124,0.0,0.0,0.0,0.0,0.0,0.0,0.0,0.004,0.0,0.0,always_reactive,0.950371
h=0.1/q0=0.4/p=0.3/r=1/sig=0/cf=1,A_core,0.1,0.4,0.3,1.0,0.0,1.0,1.0,sepsis,native,always_compile_evict,98685109.679,1.046038,10.2,11.4,73.6,8.2,0.0,39.8,64.6,0.009,52.9,6058983.8,always_reactive,0.950371
h=0.1/q0=0.4/p=0.3/r=1/sig=0/cf=1,A_core,0.1,0.4,0.3,1.0,0.0,1.0,1.0,sepsis,native,ours_noinflate,94341832.008,1.0,3.2,4.2,21.5,2.5,0.0,12.0,16.5,0.006,14.8,1658428.85,always_reactive,0.950371
h=0.1/q0=0.4/p=0.3/r=1/sig=0/cf=1,A_core,0.1,0.4,0.3,1.0,0.0,1.0,1.0,sepsis,native,oracle_tax,93503999.22,0.991119,0.9,1.5,6.5,1.1,0.0,4.7,4.6,0.005,4.5,477875.25,always_reactive,0.950371
h=0.1/q0=0.4/p=0.3/r=1/sig=0/cf=1,A_core,0.1,0.4,0.3,1.0,0.0,1.0,1.0,sepsis,native,ours_spend_cap,94341832.008,1.0,3.2,4.2,21.5,2.5,0.0,12.0,16.5,0.006,14.8,1658428.85,always_reactive,0.950371
h=0.1/q0=0.4/p=0.3/r=1/sig=0/cf=1,A_core,0.1,0.4,0.3,1.0,0.0,1.0,1.0,sepsis,native,ours_cap_epoch,94341832.008,1.0,3.2,4.2,21.5,2.5,0.0,12.0,16.5,0.006,14.8,1658428.85,always_reactive,0.950371
h=0.1/q0=0.4/p=0.3/r=1/sig=0/cf=1,A_core,0.1,0.4,0.3,1.0,0.0,1.0,1.0,sepsis,native,ours_cap_realized,94341832.008,1.0,3.2,4.2,21.5,2.5,0.0,12.0,16.5,0.006,14.8,1658428.85,always_reactive,0.950371
h=0.1/q0=0.4/p=0.3/r=1/sig=0/cf=1,A_core,0.1,0.4,0.3,1.0,0.0,1.0,1.0,sepsis,native,ours_pi_prior,94699030.354,1.003786,2.9,4.1,20.8,2.1,0.0,12.2,16.3,0.006,15.0,1717385.25,always_reactive,0.950371
h=0.1/q0=0.4/p=0.3/r=1/sig=0/cf=1,A_core,0.1,0.4,0.3,1.0,0.0,1.0,1.0,sepsis,native,breakeven,95180175.496,1.008886,3.7,5.0,25.8,2.8,0.0,15.5,20.9,0.006,18.2,2151501.4,always_reactive,0.950371
h=0.1/q0=0.4/p=0.3/r=1/sig=0/cf=1,A_core,0.1,0.4,0.3,1.0,0.0,1.0,1.0,sepsis,native,breakeven_cap_epoch,94942032.595,1.006362,3.1,4.3,23.4,2.4,0.0,13.8,18.7,0.006,16.8,1957568.1,always_reactive,0.950371
h=0.1/q0=0.4/p=0.3/r=1/sig=0/cf=1,A_core,0.1,0.4,0.3,1.0,0.0,1.0,1.0,sepsis,native,offline_taxblind,93169097.784,0.987569,,,,,,,,,,,always_reactive,0.950371
h=0.1/q0=0.4/p=0.3/r=1/sig=0/cf=1,A_core,0.1,0.4,0.3,1.0,0.0,1.0,1.0,sepsis,native,offline_opt_tax,93337681.436,0.989356,,,,,,,,,,,always_reactive,0.950371
h=0.1/q0=0.4/p=0.3/r=1/sig=0/cf=1,A_core,0.1,0.4,0.3,1.0,0.0,1.0,1.0,wiki_A,autorpa_233k,always_reactive,4770469730.199,0.99516,0.0,0.0,0.0,0.0,0.0,0.0,0.0,0.005,0.0,0.0,always_reactive,0.68109
h=0.1/q0=0.4/p=0.3/r=1/sig=0/cf=1,A_core,0.1,0.4,0.3,1.0,0.0,1.0,1.0,wiki_A,autorpa_233k,always_compile_evict,7004174007.278,1.461129,22.2,53.2,17364.1,5043.7,0.0,23192.4,17032.3,0.019,12141.9,2829062700.0,always_reactive,0.68109
h=0.1/q0=0.4/p=0.3/r=1/sig=0/cf=1,A_core,0.1,0.4,0.3,1.0,0.0,1.0,1.0,wiki_A,autorpa_233k,ours_noinflate,4793673391.116,1.0,3.1,10.5,517.6,134.9,0.0,614.9,464.2,0.008,358.4,83507200.0,always_reactive,0.68109
h=0.1/q0=0.4/p=0.3/r=1/sig=0/cf=1,A_core,0.1,0.4,0.3,1.0,0.0,1.0,1.0,wiki_A,autorpa_233k,oracle_tax,4769478633.812,0.994953,0.2,1.0,47.6,14.2,0.0,65.2,38.0,0.005,33.2,7735600.0,always_reactive,0.68109
h=0.1/q0=0.4/p=0.3/r=1/sig=0/cf=1,A_core,0.1,0.4,0.3,1.0,0.0,1.0,1.0,wiki_A,autorpa_233k,ours_spend_cap,4795318260.658,1.000343,1.7,9.2,215.6,45.2,0.0,204.6,190.1,0.008,150.4,35043200.0,always_reactive,0.68109
h=0.1/q0=0.4/p=0.3/r=1/sig=0/cf=1,A_core,0.1,0.4,0.3,1.0,0.0,1.0,1.0,wiki_A,autorpa_233k,ours_cap_epoch,4798119887.518,1.000928,2.2,9.8,268.8,60.1,0.0,268.1,236.2,0.008,187.7,43734100.0,always_reactive,0.68109
h=0.1/q0=0.4/p=0.3/r=1/sig=0/cf=1,A_core,0.1,0.4,0.3,1.0,0.0,1.0,1.0,wiki_A,autorpa_233k,ours_cap_realized,4794399436.022,1.000151,2.8,10.4,484.9,125.2,0.0,566.8,431.7,0.008,335.9,78264700.0,always_reactive,0.68109
h=0.1/q0=0.4/p=0.3/r=1/sig=0/cf=1,A_core,0.1,0.4,0.3,1.0,0.0,1.0,1.0,wiki_A,autorpa_233k,ours_pi_prior,4790347425.361,0.999306,2.4,9.0,368.5,94.6,0.0,434.1,328.8,0.008,252.3,58785900.0,always_reactive,0.68109
h=0.1/q0=0.4/p=0.3/r=1/sig=0/cf=1,A_core,0.1,0.4,0.3,1.0,0.0,1.0,1.0,wiki_A,autorpa_233k,breakeven,5140793795.321,1.072412,0.5,7.3,3005.9,840.6,0.0,3826.1,2816.1,0.006,2102.4,489859200.0,always_reactive,0.68109
h=0.1/q0=0.4/p=0.3/r=1/sig=0/cf=1,A_core,0.1,0.4,0.3,1.0,0.0,1.0,1.0,wiki_A,autorpa_233k,breakeven_cap_epoch,4814639607.93,1.004374,0.2,5.2,338.2,63.5,0.0,275.8,297.2,0.006,235.8,54941400.0,always_reactive,0.68109
h=0.1/q0=0.4/p=0.3/r=1/sig=0/cf=1,A_core,0.1,0.4,0.3,1.0,0.0,1.0,1.0,wiki_A,autorpa_233k,offline_taxblind,4731484895.718,0.987027,,,,,,,,,,,always_reactive,0.68109
h=0.1/q0=0.4/p=0.3/r=1/sig=0/cf=1,A_core,0.1,0.4,0.3,1.0,0.0,1.0,1.0,wiki_A,autorpa_233k,offline_opt_tax,4739162588.321,0.988629,,,,,,,,,,,always_reactive,0.68109
h=0.1/q0=0.4/p=0.3/r=1/sig=0/cf=1,A_core,0.1,0.4,0.3,1.0,0.0,1.0,1.0,wiki_A,native,always_reactive,4770469730.199,1.059494,0.0,0.0,0.0,0.0,0.0,0.0,0.0,0.005,0.0,0.0,ours_noinflate,0.903693
h=0.1/q0=0.4/p=0.3/r=1/sig=0/cf=1,A_core,0.1,0.4,0.3,1.0,0.0,1.0,1.0,wiki_A,native,always_compile_evict,4982438950.027,1.106571,10.2,38.3,17364.1,5043.7,0.0,23192.4,16855.7,0.02,12141.9,1441404524.55,ours_noinflate,0.903693
h=0.1/q0=0.4/p=0.3/r=1/sig=0/cf=1,A_core,0.1,0.4,0.3,1.0,0.0,1.0,1.0,wiki_A,native,ours_noinflate,4502593795.665,1.0,5.3,19.5,2670.0,732.9,0.0,3382.5,2413.0,0.013,1861.9,198817347.05,ours_noinflate,0.903693
h=0.1/q0=0.4/p=0.3/r=1/sig=0/cf=1,A_core,0.1,0.4,0.3,1.0,0.0,1.0,1.0,wiki_A,native,oracle_tax,4711866889.136,1.046478,2.9,4.9,447.3,129.2,0.0,582.9,363.7,0.005,315.2,33472506.4,ours_noinflate,0.903693
h=0.1/q0=0.4/p=0.3/r=1/sig=0/cf=1,A_core,0.1,0.4,0.3,1.0,0.0,1.0,1.0,wiki_A,native,ours_spend_cap,4764952946.439,1.058268,2.2,15.4,615.4,130.0,0.0,582.4,513.2,0.01,424.2,46058535.9,ours_noinflate,0.903693
h=0.1/q0=0.4/p=0.3/r=1/sig=0/cf=1,A_core,0.1,0.4,0.3,1.0,0.0,1.0,1.0,wiki_A,native,ours_cap_epoch,4722435746.409,1.048826,2.8,16.7,1004.8,243.2,0.0,1091.6,846.2,0.011,694.8,74828713.35,ours_noinflate,0.903693
h=0.1/q0=0.4/p=0.3/r=1/sig=0/cf=1,A_core,0.1,0.4,0.3,1.0,0.0,1.0,1.0,wiki_A,native,ours_cap_realized,4525319559.401,1.005047,4.9,18.9,2481.2,677.8,0.0,3124.0,2240.2,0.013,1730.1,184817140.2,ours_noinflate,0.903693
h=0.1/q0=0.4/p=0.3/r=1/sig=0/cf=1,A_core,0.1,0.4,0.3,1.0,0.0,1.0,1.0,wiki_A,native,ours_pi_prior,4565287158.796,1.013924,3.4,15.7,2173.9,588.0,0.0,2700.9,1949.6,0.011,1518.5,162881972.5,ours_noinflate,0.903693
h=0.1/q0=0.4/p=0.3/r=1/sig=0/cf=1,A_core,0.1,0.4,0.3,1.0,0.0,1.0,1.0,wiki_A,native,breakeven,4840729167.99,1.075098,0.3,7.5,3726.5,1011.6,0.0,4612.9,3433.8,0.007,2606.7,284805769.65,ours_noinflate,0.903693
h=0.1/q0=0.4/p=0.3/r=1/sig=0/cf=1,A_core,0.1,0.4,0.3,1.0,0.0,1.0,1.0,wiki_A,native,breakeven_cap_epoch,4771790593.562,1.059787,0.0,6.2,668.8,120.6,0.0,528.5,554.5,0.006,465.1,50711174.45,ours_noinflate,0.903693
h=0.1/q0=0.4/p=0.3/r=1/sig=0/cf=1,A_core,0.1,0.4,0.3,1.0,0.0,1.0,1.0,wiki_A,native,offline_taxblind,4283559342.708,0.951354,,,,,,,,,,,ours_noinflate,0.903693
h=0.1/q0=0.4/p=0.3/r=1/sig=0/cf=1,A_core,0.1,0.4,0.3,1.0,0.0,1.0,1.0,wiki_A,native,offline_opt_tax,4313895348.868,0.958091,,,,,,,,,,,ours_noinflate,0.903693
h=0.1/q0=0.4/p=0.3/r=1/sig=0/cf=1,A_core,0.1,0.4,0.3,1.0,0.0,1.0,1.0,wiki_B,autorpa_233k,always_reactive,8991713899.193,0.979314,0.0,0.0,0.0,0.0,0.0,0.0,0.0,0.004,0.0,0.0,always_reactive,0.811652
h=0.1/q0=0.4/p=0.3/r=1/sig=0/cf=1,A_core,0.1,0.4,0.3,1.0,0.0,1.0,1.0,wiki_B,autorpa_233k,always_compile_evict,11078291471.92,1.206569,104.6,118.5,10149.8,2137.0,0.0,9645.5,9948.4,0.068,7119.2,1658773600.0,always_reactive,0.811652
h=0.1/q0=0.4/p=0.3/r=1/sig=0/cf=1,A_core,0.1,0.4,0.3,1.0,0.0,1.0,1.0,wiki_B,autorpa_233k,ours_noinflate,9181646480.339,1.0,16.8,23.1,1146.0,217.0,0.0,1014.1,1087.4,0.015,796.7,185631100.0,always_reactive,0.811652
h=0.1/q0=0.4/p=0.3/r=1/sig=0/cf=1,A_core,0.1,0.4,0.3,1.0,0.0,1.0,1.0,wiki_B,autorpa_233k,oracle_tax,8991713899.193,0.979314,0.0,0.0,0.0,0.0,0.0,0.0,0.0,0.004,0.0,0.0,always_reactive,0.811652
h=0.1/q0=0.4/p=0.3/r=1/sig=0/cf=1,A_core,0.1,0.4,0.3,1.0,0.0,1.0,1.0,wiki_B,autorpa_233k,ours_spend_cap,9165765608.249,0.99827,14.1,20.3,868.0,142.4,0.0,671.5,819.3,0.014,601.7,140196100.0,always_reactive,0.811652
h=0.1/q0=0.4/p=0.3/r=1/sig=0/cf=1,A_core,0.1,0.4,0.3,1.0,0.0,1.0,1.0,wiki_B,autorpa_233k,ours_cap_epoch,9175669681.651,0.999349,15.6,21.6,962.3,166.4,0.0,771.7,909.4,0.015,668.0,155644000.0,always_reactive,0.811652
h=0.1/q0=0.4/p=0.3/r=1/sig=0/cf=1,A_core,0.1,0.4,0.3,1.0,0.0,1.0,1.0,wiki_B,autorpa_233k,ours_cap_realized,9180706238.931,0.999898,16.7,22.8,1118.9,209.7,0.0,972.0,1061.0,0.015,778.0,181274000.0,always_reactive,0.811652
h=0.1/q0=0.4/p=0.3/r=1/sig=0/cf=1,A_core,0.1,0.4,0.3,1.0,0.0,1.0,1.0,wiki_B,autorpa_233k,ours_pi_prior,9159576057.349,0.997596,14.1,21.2,1048.1,200.4,0.0,934.3,991.7,0.014,730.4,170183200.0,always_reactive,0.811652
h=0.1/q0=0.4/p=0.3/r=1/sig=0/cf=1,A_core,0.1,0.4,0.3,1.0,0.0,1.0,1.0,wiki_B,autorpa_233k,breakeven,9224217699.155,1.004637,4.2,12.2,1316.4,186.4,0.0,855.4,1226.4,0.008,919.2,214173600.0,always_reactive,0.811652
h=0.1/q0=0.4/p=0.3/r=1/sig=0/cf=1,A_core,0.1,0.4,0.3,1.0,0.0,1.0,1.0,wiki_B,autorpa_233k,breakeven_cap_epoch,9159420771.359,0.997579,3.3,10.3,882.2,100.5,0.0,468.2,825.2,0.007,616.4,143621200.0,always_reactive,0.811652
h=0.1/q0=0.4/p=0.3/r=1/sig=0/cf=1,A_core,0.1,0.4,0.3,1.0,0.0,1.0,1.0,wiki_B,autorpa_233k,offline_taxblind,8968177823.923,0.976751,,,,,,,,,,,always_reactive,0.811652
h=0.1/q0=0.4/p=0.3/r=1/sig=0/cf=1,A_core,0.1,0.4,0.3,1.0,0.0,1.0,1.0,wiki_B,autorpa_233k,offline_opt_tax,8979456851.614,0.977979,,,,,,,,,,,always_reactive,0.811652
h=0.1/q0=0.4/p=0.3/r=1/sig=0/cf=1,A_core,0.1,0.4,0.3,1.0,0.0,1.0,1.0,wiki_B,native,always_reactive,8991713899.193,1.000963,0.0,0.0,0.0,0.0,0.0,0.0,0.0,0.004,0.0,0.0,ours_pi_prior,0.941844
h=0.1/q0=0.4/p=0.3/r=1/sig=0/cf=1,A_core,0.1,0.4,0.3,1.0,0.0,1.0,1.0,wiki_B,native,always_compile_evict,9529656262.424,1.060847,66.5,76.7,10149.8,2137.0,0.0,9645.5,9702.8,0.049,7119.2,775270896.4,ours_pi_prior,0.941844
h=0.1/q0=0.4/p=0.3/r=1/sig=0/cf=1,A_core,0.1,0.4,0.3,1.0,0.0,1.0,1.0,wiki_B,native,ours_noinflate,8983064666.451,1.0,28.3,34.7,3771.9,767.5,0.0,3534.3,3442.9,0.023,2639.4,285253386.3,ours_pi_prior,0.941844
h=0.1/q0=0.4/p=0.3/r=1/sig=0/cf=1,A_core,0.1,0.4,0.3,1.0,0.0,1.0,1.0,wiki_B,native,oracle_tax,8988273451.113,1.00058,3.8,5.5,54.5,13.3,0.0,58.5,41.2,0.004,37.4,3971674.3,ours_pi_prior,0.941844
h=0.1/q0=0.4/p=0.3/r=1/sig=0/cf=1,A_core,0.1,0.4,0.3,1.0,0.0,1.0,1.0,wiki_B,native,ours_spend_cap,9096594572.578,1.012638,19.8,26.1,2442.7,408.7,0.0,1884.4,2180.8,0.018,1701.5,185389542.25,ours_pi_prior,0.941844
h=0.1/q0=0.4/p=0.3/r=1/sig=0/cf=1,A_core,0.1,0.4,0.3,1.0,0.0,1.0,1.0,wiki_B,native,ours_cap_epoch,9063421854.78,1.008945,24.8,31.2,2974.1,547.4,0.0,2518.7,2680.0,0.021,2074.4,225113939.05,ours_pi_prior,0.941844
h=0.1/q0=0.4/p=0.3/r=1/sig=0/cf=1,A_core,0.1,0.4,0.3,1.0,0.0,1.0,1.0,wiki_B,native,ours_cap_realized,8998880088.935,1.001761,27.4,34.0,3623.5,728.5,0.0,3343.4,3302.8,0.022,2534.2,274077953.15,ours_pi_prior,0.941844
h=0.1/q0=0.4/p=0.3/r=1/sig=0/cf=1,A_core,0.1,0.4,0.3,1.0,0.0,1.0,1.0,wiki_B,native,ours_pi_prior,8975453847.044,0.999153,21.6,32.0,3533.1,728.4,0.0,3351.4,3233.8,0.021,2480.6,268823450.95,ours_pi_prior,0.941844
h=0.1/q0=0.4/p=0.3/r=1/sig=0/cf=1,A_core,0.1,0.4,0.3,1.0,0.0,1.0,1.0,wiki_B,native,breakeven,9132295078.153,1.016612,3.7,11.6,2212.3,232.6,0.0,1050.9,2028.9,0.008,1545.3,168949059.6,ours_pi_prior,0.941844
h=0.1/q0=0.4/p=0.3/r=1/sig=0/cf=1,A_core,0.1,0.4,0.3,1.0,0.0,1.0,1.0,wiki_B,native,breakeven_cap_epoch,9110842830.107,1.014224,3.6,10.7,1854.3,172.4,0.0,786.4,1698.6,0.007,1294.3,141536118.35,ours_pi_prior,0.941844
h=0.1/q0=0.4/p=0.3/r=1/sig=0/cf=1,A_core,0.1,0.4,0.3,1.0,0.0,1.0,1.0,wiki_B,native,offline_taxblind,8564211782.394,0.953373,,,,,,,,,,,ours_pi_prior,0.941844
h=0.1/q0=0.4/p=0.3/r=1/sig=0/cf=1,A_core,0.1,0.4,0.3,1.0,0.0,1.0,1.0,wiki_B,native,offline_opt_tax,8655640381.97,0.963551,,,,,,,,,,,ours_pi_prior,0.941844
h=0.1/q0=0.4/p=0.3/r=2.2/sig=0/cf=11.0877,C_rfb,0.1,0.4,0.3,2.2,0.0,1.0,11.087667012373094,bpi2019,autorpa_233k,always_reactive,26858149732.486,1.0,0.0,0.0,0.0,0.0,0.0,0.0,0.0,0.003,0.0,0.0,always_reactive,0.174002
h=0.1/q0=0.4/p=0.3/r=2.2/sig=0/cf=11.0877,C_rfb,0.1,0.4,0.3,2.2,0.0,1.0,11.087667012373094,bpi2019,autorpa_233k,always_compile_evict,154355465689.883,5.747063,64.9,110.0,66813.4,19033.1,0.0,87459.7,66813.4,0.012,46733.0,120731266599.994,always_reactive,0.174002
h=0.1/q0=0.4/p=0.3/r=2.2/sig=0/cf=11.0877,C_rfb,0.1,0.4,0.3,2.2,0.0,1.0,11.087667012373094,bpi2019,autorpa_233k,ours_noinflate,26858149732.486,1.0,0.0,0.0,0.0,0.0,0.0,0.0,0.0,0.003,0.0,0.0,always_reactive,0.174002
h=0.1/q0=0.4/p=0.3/r=2.2/sig=0/cf=11.0877,C_rfb,0.1,0.4,0.3,2.2,0.0,1.0,11.087667012373094,bpi2019,autorpa_233k,oracle_tax,26858149732.486,1.0,0.0,0.0,0.0,0.0,0.0,0.0,0.0,0.003,0.0,0.0,always_reactive,0.174002
h=0.1/q0=0.4/p=0.3/r=2.2/sig=0/cf=11.0877,C_rfb,0.1,0.4,0.3,2.2,0.0,1.0,11.087667012373094,bpi2019,autorpa_233k,ours_spend_cap,26858149732.486,1.0,0.0,0.0,0.0,0.0,0.0,0.0,0.0,0.003,0.0,0.0,always_reactive,0.174002
h=0.1/q0=0.4/p=0.3/r=2.2/sig=0/cf=11.0877,C_rfb,0.1,0.4,0.3,2.2,0.0,1.0,11.087667012373094,bpi2019,autorpa_233k,ours_cap_epoch,26858149732.486,1.0,0.0,0.0,0.0,0.0,0.0,0.0,0.0,0.003,0.0,0.0,always_reactive,0.174002
h=0.1/q0=0.4/p=0.3/r=2.2/sig=0/cf=11.0877,C_rfb,0.1,0.4,0.3,2.2,0.0,1.0,11.087667012373094,bpi2019,autorpa_233k,ours_cap_realized,26858149732.486,1.0,0.0,0.0,0.0,0.0,0.0,0.0,0.0,0.003,0.0,0.0,always_reactive,0.174002
h=0.1/q0=0.4/p=0.3/r=2.2/sig=0/cf=11.0877,C_rfb,0.1,0.4,0.3,2.2,0.0,1.0,11.087667012373094,bpi2019,autorpa_233k,ours_pi_prior,26858149732.486,1.0,0.0,0.0,0.0,0.0,0.0,0.0,0.0,0.003,0.0,0.0,always_reactive,0.174002
h=0.1/q0=0.4/p=0.3/r=2.2/sig=0/cf=11.0877,C_rfb,0.1,0.4,0.3,2.2,0.0,1.0,11.087667012373094,bpi2019,autorpa_233k,breakeven,26858149732.486,1.0,0.0,0.0,0.0,0.0,0.0,0.0,0.0,0.003,0.0,0.0,always_reactive,0.174002
h=0.1/q0=0.4/p=0.3/r=2.2/sig=0/cf=11.0877,C_rfb,0.1,0.4,0.3,2.2,0.0,1.0,11.087667012373094,bpi2019,autorpa_233k,breakeven_cap_epoch,26858149732.486,1.0,0.0,0.0,0.0,0.0,0.0,0.0,0.0,0.003,0.0,0.0,always_reactive,0.174002
h=0.1/q0=0.4/p=0.3/r=2.2/sig=0/cf=11.0877,C_rfb,0.1,0.4,0.3,2.2,0.0,1.0,11.087667012373094,bpi2019,autorpa_233k,offline_taxblind,26858149732.495,1.0,,,,,,,,,,,always_reactive,0.174002
h=0.1/q0=0.4/p=0.3/r=2.2/sig=0/cf=11.0877,C_rfb,0.1,0.4,0.3,2.2,0.0,1.0,11.087667012373094,bpi2019,autorpa_233k,offline_opt_tax,26858149732.495,1.0,,,,,,,,,,,always_reactive,0.174002
h=0.1/q0=0.4/p=0.3/r=2.2/sig=0/cf=11.0877,C_rfb,0.1,0.4,0.3,2.2,0.0,1.0,11.087667012373094,bpi2019,native,always_reactive,26858149732.486,1.0,0.0,0.0,0.0,0.0,0.0,0.0,0.0,0.003,0.0,0.0,always_reactive,0.320367
h=0.1/q0=0.4/p=0.3/r=2.2/sig=0/cf=11.0877,C_rfb,0.1,0.4,0.3,2.2,0.0,1.0,11.087667012373094,bpi2019,native,always_compile_evict,83835542728.052,3.121419,41.4,71.8,66813.4,19033.1,0.0,87459.7,66813.4,0.013,46733.0,53559571856.209,always_reactive,0.320367
h=0.1/q0=0.4/p=0.3/r=2.2/sig=0/cf=11.0877,C_rfb,0.1,0.4,0.3,2.2,0.0,1.0,11.087667012373094,bpi2019,native,ours_noinflate,26858149732.486,1.0,0.0,0.0,0.0,0.0,0.0,0.0,0.0,0.003,0.0,0.0,always_reactive,0.320367
h=0.1/q0=0.4/p=0.3/r=2.2/sig=0/cf=11.0877,C_rfb,0.1,0.4,0.3,2.2,0.0,1.0,11.087667012373094,bpi2019,native,oracle_tax,26858149732.486,1.0,0.0,0.0,0.0,0.0,0.0,0.0,0.0,0.003,0.0,0.0,always_reactive,0.320367
h=0.1/q0=0.4/p=0.3/r=2.2/sig=0/cf=11.0877,C_rfb,0.1,0.4,0.3,2.2,0.0,1.0,11.087667012373094,bpi2019,native,ours_spend_cap,26858149732.486,1.0,0.0,0.0,0.0,0.0,0.0,0.0,0.0,0.003,0.0,0.0,always_reactive,0.320367
h=0.1/q0=0.4/p=0.3/r=2.2/sig=0/cf=11.0877,C_rfb,0.1,0.4,0.3,2.2,0.0,1.0,11.087667012373094,bpi2019,native,ours_cap_epoch,26858149732.486,1.0,0.0,0.0,0.0,0.0,0.0,0.0,0.0,0.003,0.0,0.0,always_reactive,0.320367
h=0.1/q0=0.4/p=0.3/r=2.2/sig=0/cf=11.0877,C_rfb,0.1,0.4,0.3,2.2,0.0,1.0,11.087667012373094,bpi2019,native,ours_cap_realized,26858149732.486,1.0,0.0,0.0,0.0,0.0,0.0,0.0,0.0,0.003,0.0,0.0,always_reactive,0.320367
h=0.1/q0=0.4/p=0.3/r=2.2/sig=0/cf=11.0877,C_rfb,0.1,0.4,0.3,2.2,0.0,1.0,11.087667012373094,bpi2019,native,ours_pi_prior,26858149732.486,1.0,0.0,0.0,0.0,0.0,0.0,0.0,0.0,0.003,0.0,0.0,always_reactive,0.320367
h=0.1/q0=0.4/p=0.3/r=2.2/sig=0/cf=11.0877,C_rfb,0.1,0.4,0.3,2.2,0.0,1.0,11.087667012373094,bpi2019,native,breakeven,26858149732.486,1.0,0.0,0.0,0.0,0.0,0.0,0.0,0.0,0.003,0.0,0.0,always_reactive,0.320367
h=0.1/q0=0.4/p=0.3/r=2.2/sig=0/cf=11.0877,C_rfb,0.1,0.4,0.3,2.2,0.0,1.0,11.087667012373094,bpi2019,native,breakeven_cap_epoch,26858149732.486,1.0,0.0,0.0,0.0,0.0,0.0,0.0,0.0,0.003,0.0,0.0,always_reactive,0.320367
h=0.1/q0=0.4/p=0.3/r=2.2/sig=0/cf=11.0877,C_rfb,0.1,0.4,0.3,2.2,0.0,1.0,11.087667012373094,bpi2019,native,offline_taxblind,26858149732.495,1.0,,,,,,,,,,,always_reactive,0.320367
h=0.1/q0=0.4/p=0.3/r=2.2/sig=0/cf=11.0877,C_rfb,0.1,0.4,0.3,2.2,0.0,1.0,11.087667012373094,bpi2019,native,offline_opt_tax,26858149732.495,1.0,,,,,,,,,,,always_reactive,0.320367
h=0.1/q0=0.4/p=0.3/r=2.2/sig=0/cf=11.0877,C_rfb,0.1,0.4,0.3,2.2,0.0,1.0,11.087667012373094,sepsis,autorpa_233k,always_reactive,93787502.059,1.0,0.0,0.0,0.0,0.0,0.0,0.0,0.0,0.004,0.0,0.0,always_reactive,0.398086
h=0.1/q0=0.4/p=0.3/r=2.2/sig=0/cf=11.0877,C_rfb,0.1,0.4,0.3,2.2,0.0,1.0,11.087667012373094,sepsis,autorpa_233k,always_compile_evict,235596181.252,2.512021,11.4,12.0,73.6,8.2,0.0,39.8,73.6,0.004,52.9,136663257.294,always_reactive,0.398086
h=0.1/q0=0.4/p=0.3/r=2.2/sig=0/cf=11.0877,C_rfb,0.1,0.4,0.3,2.2,0.0,1.0,11.087667012373094,sepsis,autorpa_233k,ours_noinflate,93787502.059,1.0,0.0,0.0,0.0,0.0,0.0,0.0,0.0,0.004,0.0,0.0,always_reactive,0.398086
h=0.1/q0=0.4/p=0.3/r=2.2/sig=0/cf=11.0877,C_rfb,0.1,0.4,0.3,2.2,0.0,1.0,11.087667012373094,sepsis,autorpa_233k,oracle_tax,93787502.059,1.0,0.0,0.0,0.0,0.0,0.0,0.0,0.0,0.004,0.0,0.0,always_reactive,0.398086
h=0.1/q0=0.4/p=0.3/r=2.2/sig=0/cf=11.0877,C_rfb,0.1,0.4,0.3,2.2,0.0,1.0,11.087667012373094,sepsis,autorpa_233k,ours_spend_cap,93787502.059,1.0,0.0,0.0,0.0,0.0,0.0,0.0,0.0,0.004,0.0,0.0,always_reactive,0.398086
h=0.1/q0=0.4/p=0.3/r=2.2/sig=0/cf=11.0877,C_rfb,0.1,0.4,0.3,2.2,0.0,1.0,11.087667012373094,sepsis,autorpa_233k,ours_cap_epoch,93787502.059,1.0,0.0,0.0,0.0,0.0,0.0,0.0,0.0,0.004,0.0,0.0,always_reactive,0.398086
h=0.1/q0=0.4/p=0.3/r=2.2/sig=0/cf=11.0877,C_rfb,0.1,0.4,0.3,2.2,0.0,1.0,11.087667012373094,sepsis,autorpa_233k,ours_cap_realized,93787502.059,1.0,0.0,0.0,0.0,0.0,0.0,0.0,0.0,0.004,0.0,0.0,always_reactive,0.398086
h=0.1/q0=0.4/p=0.3/r=2.2/sig=0/cf=11.0877,C_rfb,0.1,0.4,0.3,2.2,0.0,1.0,11.087667012373094,sepsis,autorpa_233k,ours_pi_prior,93787502.059,1.0,0.0,0.0,0.0,0.0,0.0,0.0,0.0,0.004,0.0,0.0,always_reactive,0.398086
h=0.1/q0=0.4/p=0.3/r=2.2/sig=0/cf=11.0877,C_rfb,0.1,0.4,0.3,2.2,0.0,1.0,11.087667012373094,sepsis,autorpa_233k,breakeven,93787502.059,1.0,0.0,0.0,0.0,0.0,0.0,0.0,0.0,0.004,0.0,0.0,always_reactive,0.398086
h=0.1/q0=0.4/p=0.3/r=2.2/sig=0/cf=11.0877,C_rfb,0.1,0.4,0.3,2.2,0.0,1.0,11.087667012373094,sepsis,autorpa_233k,breakeven_cap_epoch,93787502.059,1.0,0.0,0.0,0.0,0.0,0.0,0.0,0.0,0.004,0.0,0.0,always_reactive,0.398086
h=0.1/q0=0.4/p=0.3/r=2.2/sig=0/cf=11.0877,C_rfb,0.1,0.4,0.3,2.2,0.0,1.0,11.087667012373094,sepsis,autorpa_233k,offline_taxblind,93787502.059,1.0,,,,,,,,,,,always_reactive,0.398086
h=0.1/q0=0.4/p=0.3/r=2.2/sig=0/cf=11.0877,C_rfb,0.1,0.4,0.3,2.2,0.0,1.0,11.087667012373094,sepsis,autorpa_233k,offline_opt_tax,93787502.059,1.0,,,,,,,,,,,always_reactive,0.398086
h=0.1/q0=0.4/p=0.3/r=2.2/sig=0/cf=11.0877,C_rfb,0.1,0.4,0.3,2.2,0.0,1.0,11.087667012373094,sepsis,native,always_reactive,93787502.059,1.0,0.0,0.0,0.0,0.0,0.0,0.0,0.0,0.004,0.0,0.0,always_reactive,0.573179
h=0.1/q0=0.4/p=0.3/r=2.2/sig=0/cf=11.0877,C_rfb,0.1,0.4,0.3,2.2,0.0,1.0,11.087667012373094,sepsis,native,always_compile_evict,163627039.015,1.744657,10.2,11.4,73.6,8.2,0.0,39.8,73.6,0.005,52.9,67179994.808,always_reactive,0.573179
h=0.1/q0=0.4/p=0.3/r=2.2/sig=0/cf=11.0877,C_rfb,0.1,0.4,0.3,2.2,0.0,1.0,11.087667012373094,sepsis,native,ours_noinflate,93787502.059,1.0,0.0,0.0,0.0,0.0,0.0,0.0,0.0,0.004,0.0,0.0,always_reactive,0.573179
h=0.1/q0=0.4/p=0.3/r=2.2/sig=0/cf=11.0877,C_rfb,0.1,0.4,0.3,2.2,0.0,1.0,11.087667012373094,sepsis,native,oracle_tax,93787502.059,1.0,0.0,0.0,0.0,0.0,0.0,0.0,0.0,0.004,0.0,0.0,always_reactive,0.573179
h=0.1/q0=0.4/p=0.3/r=2.2/sig=0/cf=11.0877,C_rfb,0.1,0.4,0.3,2.2,0.0,1.0,11.087667012373094,sepsis,native,ours_spend_cap,93787502.059,1.0,0.0,0.0,0.0,0.0,0.0,0.0,0.0,0.004,0.0,0.0,always_reactive,0.573179
h=0.1/q0=0.4/p=0.3/r=2.2/sig=0/cf=11.0877,C_rfb,0.1,0.4,0.3,2.2,0.0,1.0,11.087667012373094,sepsis,native,ours_cap_epoch,93787502.059,1.0,0.0,0.0,0.0,0.0,0.0,0.0,0.0,0.004,0.0,0.0,always_reactive,0.573179
h=0.1/q0=0.4/p=0.3/r=2.2/sig=0/cf=11.0877,C_rfb,0.1,0.4,0.3,2.2,0.0,1.0,11.087667012373094,sepsis,native,ours_cap_realized,93787502.059,1.0,0.0,0.0,0.0,0.0,0.0,0.0,0.0,0.004,0.0,0.0,always_reactive,0.573179
h=0.1/q0=0.4/p=0.3/r=2.2/sig=0/cf=11.0877,C_rfb,0.1,0.4,0.3,2.2,0.0,1.0,11.087667012373094,sepsis,native,ours_pi_prior,93787502.059,1.0,0.0,0.0,0.0,0.0,0.0,0.0,0.0,0.004,0.0,0.0,always_reactive,0.573179
h=0.1/q0=0.4/p=0.3/r=2.2/sig=0/cf=11.0877,C_rfb,0.1,0.4,0.3,2.2,0.0,1.0,11.087667012373094,sepsis,native,breakeven,93787502.059,1.0,0.0,0.0,0.0,0.0,0.0,0.0,0.0,0.004,0.0,0.0,always_reactive,0.573179
h=0.1/q0=0.4/p=0.3/r=2.2/sig=0/cf=11.0877,C_rfb,0.1,0.4,0.3,2.2,0.0,1.0,11.087667012373094,sepsis,native,breakeven_cap_epoch,93787502.059,1.0,0.0,0.0,0.0,0.0,0.0,0.0,0.0,0.004,0.0,0.0,always_reactive,0.573179
h=0.1/q0=0.4/p=0.3/r=2.2/sig=0/cf=11.0877,C_rfb,0.1,0.4,0.3,2.2,0.0,1.0,11.087667012373094,sepsis,native,offline_taxblind,93787502.059,1.0,,,,,,,,,,,always_reactive,0.573179
h=0.1/q0=0.4/p=0.3/r=2.2/sig=0/cf=11.0877,C_rfb,0.1,0.4,0.3,2.2,0.0,1.0,11.087667012373094,sepsis,native,offline_opt_tax,93787502.059,1.0,,,,,,,,,,,always_reactive,0.573179
h=0.1/q0=0.4/p=0.3/r=2.2/sig=0/cf=11.0877,C_rfb,0.1,0.4,0.3,2.2,0.0,1.0,11.087667012373094,wiki_A,autorpa_233k,always_reactive,4770469730.199,1.0,0.0,0.0,0.0,0.0,0.0,0.0,0.0,0.005,0.0,0.0,always_reactive,0.127112
h=0.1/q0=0.4/p=0.3/r=2.2/sig=0/cf=11.0877,C_rfb,0.1,0.4,0.3,2.2,0.0,1.0,11.087667012373094,wiki_A,autorpa_233k,always_compile_evict,37529575632.706,7.867061,22.2,53.2,17364.1,5043.7,0.0,23192.4,17364.1,0.004,12141.9,31367705174.726,always_reactive,0.127112
h=0.1/q0=0.4/p=0.3/r=2.2/sig=0/cf=11.0877,C_rfb,0.1,0.4,0.3,2.2,0.0,1.0,11.087667012373094,wiki_A,autorpa_233k,ours_noinflate,4770469730.199,1.0,0.0,0.0,0.0,0.0,0.0,0.0,0.0,0.005,0.0,0.0,always_reactive,0.127112
h=0.1/q0=0.4/p=0.3/r=2.2/sig=0/cf=11.0877,C_rfb,0.1,0.4,0.3,2.2,0.0,1.0,11.087667012373094,wiki_A,autorpa_233k,oracle_tax,4770469730.199,1.0,0.0,0.0,0.0,0.0,0.0,0.0,0.0,0.005,0.0,0.0,always_reactive,0.127112
h=0.1/q0=0.4/p=0.3/r=2.2/sig=0/cf=11.0877,C_rfb,0.1,0.4,0.3,2.2,0.0,1.0,11.087667012373094,wiki_A,autorpa_233k,ours_spend_cap,4770469730.199,1.0,0.0,0.0,0.0,0.0,0.0,0.0,0.0,0.005,0.0,0.0,always_reactive,0.127112
h=0.1/q0=0.4/p=0.3/r=2.2/sig=0/cf=11.0877,C_rfb,0.1,0.4,0.3,2.2,0.0,1.0,11.087667012373094,wiki_A,autorpa_233k,ours_cap_epoch,4770469730.199,1.0,0.0,0.0,0.0,0.0,0.0,0.0,0.0,0.005,0.0,0.0,always_reactive,0.127112
h=0.1/q0=0.4/p=0.3/r=2.2/sig=0/cf=11.0877,C_rfb,0.1,0.4,0.3,2.2,0.0,1.0,11.087667012373094,wiki_A,autorpa_233k,ours_cap_realized,4770469730.199,1.0,0.0,0.0,0.0,0.0,0.0,0.0,0.0,0.005,0.0,0.0,always_reactive,0.127112
h=0.1/q0=0.4/p=0.3/r=2.2/sig=0/cf=11.0877,C_rfb,0.1,0.4,0.3,2.2,0.0,1.0,11.087667012373094,wiki_A,autorpa_233k,ours_pi_prior,4770469730.199,1.0,0.0,0.0,0.0,0.0,0.0,0.0,0.0,0.005,0.0,0.0,always_reactive,0.127112
h=0.1/q0=0.4/p=0.3/r=2.2/sig=0/cf=11.0877,C_rfb,0.1,0.4,0.3,2.2,0.0,1.0,11.087667012373094,wiki_A,autorpa_233k,breakeven,4770469730.199,1.0,0.0,0.0,0.0,0.0,0.0,0.0,0.0,0.005,0.0,0.0,always_reactive,0.127112
h=0.1/q0=0.4/p=0.3/r=2.2/sig=0/cf=11.0877,C_rfb,0.1,0.4,0.3,2.2,0.0,1.0,11.087667012373094,wiki_A,autorpa_233k,breakeven_cap_epoch,4770469730.199,1.0,0.0,0.0,0.0,0.0,0.0,0.0,0.0,0.005,0.0,0.0,always_reactive,0.127112
h=0.1/q0=0.4/p=0.3/r=2.2/sig=0/cf=11.0877,C_rfb,0.1,0.4,0.3,2.2,0.0,1.0,11.087667012373094,wiki_A,autorpa_233k,offline_taxblind,4770469730.199,1.0,,,,,,,,,,,always_reactive,0.127112
h=0.1/q0=0.4/p=0.3/r=2.2/sig=0/cf=11.0877,C_rfb,0.1,0.4,0.3,2.2,0.0,1.0,11.087667012373094,wiki_A,autorpa_233k,offline_opt_tax,4770469730.199,1.0,,,,,,,,,,,always_reactive,0.127112
h=0.1/q0=0.4/p=0.3/r=2.2/sig=0/cf=11.0877,C_rfb,0.1,0.4,0.3,2.2,0.0,1.0,11.087667012373094,wiki_A,native,always_reactive,4770469730.199,1.0,0.0,0.0,0.0,0.0,0.0,0.0,0.0,0.005,0.0,0.0,always_reactive,0.221783
h=0.1/q0=0.4/p=0.3/r=2.2/sig=0/cf=11.0877,C_rfb,0.1,0.4,0.3,2.2,0.0,1.0,11.087667012373094,wiki_A,native,always_compile_evict,21509606974.518,4.508908,10.2,38.3,17364.1,5043.7,0.0,23192.4,17364.1,0.005,12141.9,15981813398.339,always_reactive,0.221783
h=0.1/q0=0.4/p=0.3/r=2.2/sig=0/cf=11.0877,C_rfb,0.1,0.4,0.3,2.2,0.0,1.0,11.087667012373094,wiki_A,native,ours_noinflate,4770469730.199,1.0,0.0,0.0,0.0,0.0,0.0,0.0,0.0,0.005,0.0,0.0,always_reactive,0.221783
h=0.1/q0=0.4/p=0.3/r=2.2/sig=0/cf=11.0877,C_rfb,0.1,0.4,0.3,2.2,0.0,1.0,11.087667012373094,wiki_A,native,oracle_tax,4770469730.199,1.0,0.0,0.0,0.0,0.0,0.0,0.0,0.0,0.005,0.0,0.0,always_reactive,0.221783
h=0.1/q0=0.4/p=0.3/r=2.2/sig=0/cf=11.0877,C_rfb,0.1,0.4,0.3,2.2,0.0,1.0,11.087667012373094,wiki_A,native,ours_spend_cap,4770469730.199,1.0,0.0,0.0,0.0,0.0,0.0,0.0,0.0,0.005,0.0,0.0,always_reactive,0.221783
h=0.1/q0=0.4/p=0.3/r=2.2/sig=0/cf=11.0877,C_rfb,0.1,0.4,0.3,2.2,0.0,1.0,11.087667012373094,wiki_A,native,ours_cap_epoch,4770469730.199,1.0,0.0,0.0,0.0,0.0,0.0,0.0,0.0,0.005,0.0,0.0,always_reactive,0.221783
h=0.1/q0=0.4/p=0.3/r=2.2/sig=0/cf=11.0877,C_rfb,0.1,0.4,0.3,2.2,0.0,1.0,11.087667012373094,wiki_A,native,ours_cap_realized,4770469730.199,1.0,0.0,0.0,0.0,0.0,0.0,0.0,0.0,0.005,0.0,0.0,always_reactive,0.221783
h=0.1/q0=0.4/p=0.3/r=2.2/sig=0/cf=11.0877,C_rfb,0.1,0.4,0.3,2.2,0.0,1.0,11.087667012373094,wiki_A,native,ours_pi_prior,4770469730.199,1.0,0.0,0.0,0.0,0.0,0.0,0.0,0.0,0.005,0.0,0.0,always_reactive,0.221783
h=0.1/q0=0.4/p=0.3/r=2.2/sig=0/cf=11.0877,C_rfb,0.1,0.4,0.3,2.2,0.0,1.0,11.087667012373094,wiki_A,native,breakeven,4770469730.199,1.0,0.0,0.0,0.0,0.0,0.0,0.0,0.0,0.005,0.0,0.0,always_reactive,0.221783
h=0.1/q0=0.4/p=0.3/r=2.2/sig=0/cf=11.0877,C_rfb,0.1,0.4,0.3,2.2,0.0,1.0,11.087667012373094,wiki_A,native,breakeven_cap_epoch,4770469730.199,1.0,0.0,0.0,0.0,0.0,0.0,0.0,0.0,0.005,0.0,0.0,always_reactive,0.221783
h=0.1/q0=0.4/p=0.3/r=2.2/sig=0/cf=11.0877,C_rfb,0.1,0.4,0.3,2.2,0.0,1.0,11.087667012373094,wiki_A,native,offline_taxblind,4770469730.199,1.0,,,,,,,,,,,always_reactive,0.221783
h=0.1/q0=0.4/p=0.3/r=2.2/sig=0/cf=11.0877,C_rfb,0.1,0.4,0.3,2.2,0.0,1.0,11.087667012373094,wiki_A,native,offline_opt_tax,4770469730.199,1.0,,,,,,,,,,,always_reactive,0.221783
h=0.1/q0=0.4/p=0.3/r=2.2/sig=0/cf=11.0877,C_rfb,0.1,0.4,0.3,2.2,0.0,1.0,11.087667012373094,wiki_B,autorpa_233k,always_reactive,8991713899.193,1.0,0.0,0.0,0.0,0.0,0.0,0.0,0.0,0.004,0.0,0.0,always_reactive,0.311831
h=0.1/q0=0.4/p=0.3/r=2.2/sig=0/cf=11.0877,C_rfb,0.1,0.4,0.3,2.2,0.0,1.0,11.087667012373094,wiki_B,autorpa_233k,always_compile_evict,28835172487.499,3.206861,104.6,118.5,10149.8,2137.0,0.0,9645.5,10149.8,0.026,7119.2,18391929325.715,always_reactive,0.311831
h=0.1/q0=0.4/p=0.3/r=2.2/sig=0/cf=11.0877,C_rfb,0.1,0.4,0.3,2.2,0.0,1.0,11.087667012373094,wiki_B,autorpa_233k,ours_noinflate,8991713899.193,1.0,0.0,0.0,0.0,0.0,0.0,0.0,0.0,0.004,0.0,0.0,always_reactive,0.311831
h=0.1/q0=0.4/p=0.3/r=2.2/sig=0/cf=11.0877,C_rfb,0.1,0.4,0.3,2.2,0.0,1.0,11.087667012373094,wiki_B,autorpa_233k,oracle_tax,8991713899.193,1.0,0.0,0.0,0.0,0.0,0.0,0.0,0.0,0.004,0.0,0.0,always_reactive,0.311831
h=0.1/q0=0.4/p=0.3/r=2.2/sig=0/cf=11.0877,C_rfb,0.1,0.4,0.3,2.2,0.0,1.0,11.087667012373094,wiki_B,autorpa_233k,ours_spend_cap,8991713899.193,1.0,0.0,0.0,0.0,0.0,0.0,0.0,0.0,0.004,0.0,0.0,always_reactive,0.311831
h=0.1/q0=0.4/p=0.3/r=2.2/sig=0/cf=11.0877,C_rfb,0.1,0.4,0.3,2.2,0.0,1.0,11.087667012373094,wiki_B,autorpa_233k,ours_cap_epoch,8991713899.193,1.0,0.0,0.0,0.0,0.0,0.0,0.0,0.0,0.004,0.0,0.0,always_reactive,0.311831
h=0.1/q0=0.4/p=0.3/r=2.2/sig=0/cf=11.0877,C_rfb,0.1,0.4,0.3,2.2,0.0,1.0,11.087667012373094,wiki_B,autorpa_233k,ours_cap_realized,8991713899.193,1.0,0.0,0.0,0.0,0.0,0.0,0.0,0.0,0.004,0.0,0.0,always_reactive,0.311831
h=0.1/q0=0.4/p=0.3/r=2.2/sig=0/cf=11.0877,C_rfb,0.1,0.4,0.3,2.2,0.0,1.0,11.087667012373094,wiki_B,autorpa_233k,ours_pi_prior,8991713899.193,1.0,0.0,0.0,0.0,0.0,0.0,0.0,0.0,0.004,0.0,0.0,always_reactive,0.311831
h=0.1/q0=0.4/p=0.3/r=2.2/sig=0/cf=11.0877,C_rfb,0.1,0.4,0.3,2.2,0.0,1.0,11.087667012373094,wiki_B,autorpa_233k,breakeven,8991713899.193,1.0,0.0,0.0,0.0,0.0,0.0,0.0,0.0,0.004,0.0,0.0,always_reactive,0.311831
h=0.1/q0=0.4/p=0.3/r=2.2/sig=0/cf=11.0877,C_rfb,0.1,0.4,0.3,2.2,0.0,1.0,11.087667012373094,wiki_B,autorpa_233k,breakeven_cap_epoch,8991713899.193,1.0,0.0,0.0,0.0,0.0,0.0,0.0,0.0,0.004,0.0,0.0,always_reactive,0.311831
h=0.1/q0=0.4/p=0.3/r=2.2/sig=0/cf=11.0877,C_rfb,0.1,0.4,0.3,2.2,0.0,1.0,11.087667012373094,wiki_B,autorpa_233k,offline_taxblind,8991713899.192,1.0,,,,,,,,,,,always_reactive,0.311831
h=0.1/q0=0.4/p=0.3/r=2.2/sig=0/cf=11.0877,C_rfb,0.1,0.4,0.3,2.2,0.0,1.0,11.087667012373094,wiki_B,autorpa_233k,offline_opt_tax,8991713899.192,1.0,,,,,,,,,,,always_reactive,0.311831
h=0.1/q0=0.4/p=0.3/r=2.2/sig=0/cf=11.0877,C_rfb,0.1,0.4,0.3,2.2,0.0,1.0,11.087667012373094,wiki_B,native,always_reactive,8991713899.193,1.0,0.0,0.0,0.0,0.0,0.0,0.0,0.0,0.004,0.0,0.0,always_reactive,0.48937
h=0.1/q0=0.4/p=0.3/r=2.2/sig=0/cf=11.0877,C_rfb,0.1,0.4,0.3,2.2,0.0,1.0,11.087667012373094,wiki_B,native,always_compile_evict,18374056199.54,2.043443,66.5,76.7,10149.8,2137.0,0.0,9645.5,10149.8,0.025,7119.2,8595945543.667,always_reactive,0.48937
h=0.1/q0=0.4/p=0.3/r=2.2/sig=0/cf=11.0877,C_rfb,0.1,0.4,0.3,2.2,0.0,1.0,11.087667012373094,wiki_B,native,ours_noinflate,8991713899.193,1.0,0.0,0.0,0.0,0.0,0.0,0.0,0.0,0.004,0.0,0.0,always_reactive,0.48937
h=0.1/q0=0.4/p=0.3/r=2.2/sig=0/cf=11.0877,C_rfb,0.1,0.4,0.3,2.2,0.0,1.0,11.087667012373094,wiki_B,native,oracle_tax,8991713899.193,1.0,0.0,0.0,0.0,0.0,0.0,0.0,0.0,0.004,0.0,0.0,always_reactive,0.48937
h=0.1/q0=0.4/p=0.3/r=2.2/sig=0/cf=11.0877,C_rfb,0.1,0.4,0.3,2.2,0.0,1.0,11.087667012373094,wiki_B,native,ours_spend_cap,8991713899.193,1.0,0.0,0.0,0.0,0.0,0.0,0.0,0.0,0.004,0.0,0.0,always_reactive,0.48937
h=0.1/q0=0.4/p=0.3/r=2.2/sig=0/cf=11.0877,C_rfb,0.1,0.4,0.3,2.2,0.0,1.0,11.087667012373094,wiki_B,native,ours_cap_epoch,8991713899.193,1.0,0.0,0.0,0.0,0.0,0.0,0.0,0.0,0.004,0.0,0.0,always_reactive,0.48937
h=0.1/q0=0.4/p=0.3/r=2.2/sig=0/cf=11.0877,C_rfb,0.1,0.4,0.3,2.2,0.0,1.0,11.087667012373094,wiki_B,native,ours_cap_realized,8991713899.193,1.0,0.0,0.0,0.0,0.0,0.0,0.0,0.0,0.004,0.0,0.0,always_reactive,0.48937
h=0.1/q0=0.4/p=0.3/r=2.2/sig=0/cf=11.0877,C_rfb,0.1,0.4,0.3,2.2,0.0,1.0,11.087667012373094,wiki_B,native,ours_pi_prior,8991713899.193,1.0,0.0,0.0,0.0,0.0,0.0,0.0,0.0,0.004,0.0,0.0,always_reactive,0.48937
h=0.1/q0=0.4/p=0.3/r=2.2/sig=0/cf=11.0877,C_rfb,0.1,0.4,0.3,2.2,0.0,1.0,11.087667012373094,wiki_B,native,breakeven,8991713899.193,1.0,0.0,0.0,0.0,0.0,0.0,0.0,0.0,0.004,0.0,0.0,always_reactive,0.48937
h=0.1/q0=0.4/p=0.3/r=2.2/sig=0/cf=11.0877,C_rfb,0.1,0.4,0.3,2.2,0.0,1.0,11.087667012373094,wiki_B,native,breakeven_cap_epoch,8991713899.193,1.0,0.0,0.0,0.0,0.0,0.0,0.0,0.0,0.004,0.0,0.0,always_reactive,0.48937
h=0.1/q0=0.4/p=0.3/r=2.2/sig=0/cf=11.0877,C_rfb,0.1,0.4,0.3,2.2,0.0,1.0,11.087667012373094,wiki_B,native,offline_taxblind,8991713899.192,1.0,,,,,,,,,,,always_reactive,0.48937
h=0.1/q0=0.4/p=0.3/r=2.2/sig=0/cf=11.0877,C_rfb,0.1,0.4,0.3,2.2,0.0,1.0,11.087667012373094,wiki_B,native,offline_opt_tax,8991713899.192,1.0,,,,,,,,,,,always_reactive,0.48937
h=0.1/q0=0.4/p=0.3/r=2.2/sig=0/cf=1,C_rfb,0.1,0.4,0.3,2.2,0.0,1.0,1.0,bpi2019,autorpa_233k,always_reactive,26858149732.486,1.0,0.0,0.0,0.0,0.0,0.0,0.0,0.0,0.003,0.0,0.0,always_reactive,0.603378
h=0.1/q0=0.4/p=0.3/r=2.2/sig=0/cf=1,C_rfb,0.1,0.4,0.3,2.2,0.0,1.0,1.0,bpi2019,autorpa_233k,always_compile_evict,44512988089.881,1.657336,64.9,110.0,66813.4,19033.1,0.0,87459.7,66813.4,0.042,46733.0,10888789000.0,always_reactive,0.603378
h=0.1/q0=0.4/p=0.3/r=2.2/sig=0/cf=1,C_rfb,0.1,0.4,0.3,2.2,0.0,1.0,1.0,bpi2019,autorpa_233k,ours_noinflate,26858149732.486,1.0,0.0,0.0,0.0,0.0,0.0,0.0,0.0,0.003,0.0,0.0,always_reactive,0.603378
h=0.1/q0=0.4/p=0.3/r=2.2/sig=0/cf=1,C_rfb,0.1,0.4,0.3,2.2,0.0,1.0,1.0,bpi2019,autorpa_233k,oracle_tax,26858149732.486,1.0,0.0,0.0,0.0,0.0,0.0,0.0,0.0,0.003,0.0,0.0,always_reactive,0.603378
h=0.1/q0=0.4/p=0.3/r=2.2/sig=0/cf=1,C_rfb,0.1,0.4,0.3,2.2,0.0,1.0,1.0,bpi2019,autorpa_233k,ours_spend_cap,26858149732.486,1.0,0.0,0.0,0.0,0.0,0.0,0.0,0.0,0.003,0.0,0.0,always_reactive,0.603378
h=0.1/q0=0.4/p=0.3/r=2.2/sig=0/cf=1,C_rfb,0.1,0.4,0.3,2.2,0.0,1.0,1.0,bpi2019,autorpa_233k,ours_cap_epoch,26858149732.486,1.0,0.0,0.0,0.0,0.0,0.0,0.0,0.0,0.003,0.0,0.0,always_reactive,0.603378
h=0.1/q0=0.4/p=0.3/r=2.2/sig=0/cf=1,C_rfb,0.1,0.4,0.3,2.2,0.0,1.0,1.0,bpi2019,autorpa_233k,ours_cap_realized,26858149732.486,1.0,0.0,0.0,0.0,0.0,0.0,0.0,0.0,0.003,0.0,0.0,always_reactive,0.603378
h=0.1/q0=0.4/p=0.3/r=2.2/sig=0/cf=1,C_rfb,0.1,0.4,0.3,2.2,0.0,1.0,1.0,bpi2019,autorpa_233k,ours_pi_prior,26858149732.486,1.0,0.0,0.0,0.0,0.0,0.0,0.0,0.0,0.003,0.0,0.0,always_reactive,0.603378
h=0.1/q0=0.4/p=0.3/r=2.2/sig=0/cf=1,C_rfb,0.1,0.4,0.3,2.2,0.0,1.0,1.0,bpi2019,autorpa_233k,breakeven,26858149732.486,1.0,0.0,0.0,0.0,0.0,0.0,0.0,0.0,0.003,0.0,0.0,always_reactive,0.603378
h=0.1/q0=0.4/p=0.3/r=2.2/sig=0/cf=1,C_rfb,0.1,0.4,0.3,2.2,0.0,1.0,1.0,bpi2019,autorpa_233k,breakeven_cap_epoch,26858149732.486,1.0,0.0,0.0,0.0,0.0,0.0,0.0,0.0,0.003,0.0,0.0,always_reactive,0.603378
h=0.1/q0=0.4/p=0.3/r=2.2/sig=0/cf=1,C_rfb,0.1,0.4,0.3,2.2,0.0,1.0,1.0,bpi2019,autorpa_233k,offline_taxblind,26858149732.495,1.0,,,,,,,,,,,always_reactive,0.603378
h=0.1/q0=0.4/p=0.3/r=2.2/sig=0/cf=1,C_rfb,0.1,0.4,0.3,2.2,0.0,1.0,1.0,bpi2019,autorpa_233k,offline_opt_tax,26858149732.495,1.0,,,,,,,,,,,always_reactive,0.603378
h=0.1/q0=0.4/p=0.3/r=2.2/sig=0/cf=1,C_rfb,0.1,0.4,0.3,2.2,0.0,1.0,1.0,bpi2019,native,always_reactive,26858149732.486,1.0,0.0,0.0,0.0,0.0,0.0,0.0,0.0,0.003,0.0,0.0,always_reactive,0.765047
h=0.1/q0=0.4/p=0.3/r=2.2/sig=0/cf=1,C_rfb,0.1,0.4,0.3,2.2,0.0,1.0,1.0,bpi2019,native,always_compile_evict,35106524657.22,1.307109,41.4,71.8,66813.4,19033.1,0.0,87459.7,66813.4,0.032,46733.0,4830553785.25,always_reactive,0.765047
h=0.1/q0=0.4/p=0.3/r=2.2/sig=0/cf=1,C_rfb,0.1,0.4,0.3,2.2,0.0,1.0,1.0,bpi2019,native,ours_noinflate,26858149732.486,1.0,0.0,0.0,0.0,0.0,0.0,0.0,0.0,0.003,0.0,0.0,always_reactive,0.765047
h=0.1/q0=0.4/p=0.3/r=2.2/sig=0/cf=1,C_rfb,0.1,0.4,0.3,2.2,0.0,1.0,1.0,bpi2019,native,oracle_tax,26858149732.486,1.0,0.0,0.0,0.0,0.0,0.0,0.0,0.0,0.003,0.0,0.0,always_reactive,0.765047
h=0.1/q0=0.4/p=0.3/r=2.2/sig=0/cf=1,C_rfb,0.1,0.4,0.3,2.2,0.0,1.0,1.0,bpi2019,native,ours_spend_cap,26858149732.486,1.0,0.0,0.0,0.0,0.0,0.0,0.0,0.0,0.003,0.0,0.0,always_reactive,0.765047
h=0.1/q0=0.4/p=0.3/r=2.2/sig=0/cf=1,C_rfb,0.1,0.4,0.3,2.2,0.0,1.0,1.0,bpi2019,native,ours_cap_epoch,26858149732.486,1.0,0.0,0.0,0.0,0.0,0.0,0.0,0.0,0.003,0.0,0.0,always_reactive,0.765047
h=0.1/q0=0.4/p=0.3/r=2.2/sig=0/cf=1,C_rfb,0.1,0.4,0.3,2.2,0.0,1.0,1.0,bpi2019,native,ours_cap_realized,26858149732.486,1.0,0.0,0.0,0.0,0.0,0.0,0.0,0.0,0.003,0.0,0.0,always_reactive,0.765047
h=0.1/q0=0.4/p=0.3/r=2.2/sig=0/cf=1,C_rfb,0.1,0.4,0.3,2.2,0.0,1.0,1.0,bpi2019,native,ours_pi_prior,26858149732.486,1.0,0.0,0.0,0.0,0.0,0.0,0.0,0.0,0.003,0.0,0.0,always_reactive,0.765047
h=0.1/q0=0.4/p=0.3/r=2.2/sig=0/cf=1,C_rfb,0.1,0.4,0.3,2.2,0.0,1.0,1.0,bpi2019,native,breakeven,26858149732.486,1.0,0.0,0.0,0.0,0.0,0.0,0.0,0.0,0.003,0.0,0.0,always_reactive,0.765047
h=0.1/q0=0.4/p=0.3/r=2.2/sig=0/cf=1,C_rfb,0.1,0.4,0.3,2.2,0.0,1.0,1.0,bpi2019,native,breakeven_cap_epoch,26858149732.486,1.0,0.0,0.0,0.0,0.0,0.0,0.0,0.0,0.003,0.0,0.0,always_reactive,0.765047
h=0.1/q0=0.4/p=0.3/r=2.2/sig=0/cf=1,C_rfb,0.1,0.4,0.3,2.2,0.0,1.0,1.0,bpi2019,native,offline_taxblind,26858149732.495,1.0,,,,,,,,,,,always_reactive,0.765047
h=0.1/q0=0.4/p=0.3/r=2.2/sig=0/cf=1,C_rfb,0.1,0.4,0.3,2.2,0.0,1.0,1.0,bpi2019,native,offline_opt_tax,26858149732.495,1.0,,,,,,,,,,,always_reactive,0.765047
h=0.1/q0=0.4/p=0.3/r=2.2/sig=0/cf=1,C_rfb,0.1,0.4,0.3,2.2,0.0,1.0,1.0,sepsis,autorpa_233k,always_reactive,93787502.059,1.0,0.0,0.0,0.0,0.0,0.0,0.0,0.0,0.004,0.0,0.0,always_reactive,0.842968
h=0.1/q0=0.4/p=0.3/r=2.2/sig=0/cf=1,C_rfb,0.1,0.4,0.3,2.2,0.0,1.0,1.0,sepsis,autorpa_233k,always_compile_evict,111258623.957,1.186284,11.4,12.0,73.6,8.2,0.0,39.8,73.6,0.008,52.9,12325700.0,always_reactive,0.842968
h=0.1/q0=0.4/p=0.3/r=2.2/sig=0/cf=1,C_rfb,0.1,0.4,0.3,2.2,0.0,1.0,1.0,sepsis,autorpa_233k,ours_noinflate,93787502.059,1.0,0.0,0.0,0.0,0.0,0.0,0.0,0.0,0.004,0.0,0.0,always_reactive,0.842968
h=0.1/q0=0.4/p=0.3/r=2.2/sig=0/cf=1,C_rfb,0.1,0.4,0.3,2.2,0.0,1.0,1.0,sepsis,autorpa_233k,oracle_tax,93787502.059,1.0,0.0,0.0,0.0,0.0,0.0,0.0,0.0,0.004,0.0,0.0,always_reactive,0.842968
h=0.1/q0=0.4/p=0.3/r=2.2/sig=0/cf=1,C_rfb,0.1,0.4,0.3,2.2,0.0,1.0,1.0,sepsis,autorpa_233k,ours_spend_cap,93787502.059,1.0,0.0,0.0,0.0,0.0,0.0,0.0,0.0,0.004,0.0,0.0,always_reactive,0.842968
h=0.1/q0=0.4/p=0.3/r=2.2/sig=0/cf=1,C_rfb,0.1,0.4,0.3,2.2,0.0,1.0,1.0,sepsis,autorpa_233k,ours_cap_epoch,93787502.059,1.0,0.0,0.0,0.0,0.0,0.0,0.0,0.0,0.004,0.0,0.0,always_reactive,0.842968
h=0.1/q0=0.4/p=0.3/r=2.2/sig=0/cf=1,C_rfb,0.1,0.4,0.3,2.2,0.0,1.0,1.0,sepsis,autorpa_233k,ours_cap_realized,93787502.059,1.0,0.0,0.0,0.0,0.0,0.0,0.0,0.0,0.004,0.0,0.0,always_reactive,0.842968
h=0.1/q0=0.4/p=0.3/r=2.2/sig=0/cf=1,C_rfb,0.1,0.4,0.3,2.2,0.0,1.0,1.0,sepsis,autorpa_233k,ours_pi_prior,93787502.059,1.0,0.0,0.0,0.0,0.0,0.0,0.0,0.0,0.004,0.0,0.0,always_reactive,0.842968
h=0.1/q0=0.4/p=0.3/r=2.2/sig=0/cf=1,C_rfb,0.1,0.4,0.3,2.2,0.0,1.0,1.0,sepsis,autorpa_233k,breakeven,93787502.059,1.0,0.0,0.0,0.0,0.0,0.0,0.0,0.0,0.004,0.0,0.0,always_reactive,0.842968
h=0.1/q0=0.4/p=0.3/r=2.2/sig=0/cf=1,C_rfb,0.1,0.4,0.3,2.2,0.0,1.0,1.0,sepsis,autorpa_233k,breakeven_cap_epoch,93787502.059,1.0,0.0,0.0,0.0,0.0,0.0,0.0,0.0,0.004,0.0,0.0,always_reactive,0.842968
h=0.1/q0=0.4/p=0.3/r=2.2/sig=0/cf=1,C_rfb,0.1,0.4,0.3,2.2,0.0,1.0,1.0,sepsis,autorpa_233k,offline_taxblind,93787502.059,1.0,,,,,,,,,,,always_reactive,0.842968
h=0.1/q0=0.4/p=0.3/r=2.2/sig=0/cf=1,C_rfb,0.1,0.4,0.3,2.2,0.0,1.0,1.0,sepsis,autorpa_233k,offline_opt_tax,93787502.059,1.0,,,,,,,,,,,always_reactive,0.842968
h=0.1/q0=0.4/p=0.3/r=2.2/sig=0/cf=1,C_rfb,0.1,0.4,0.3,2.2,0.0,1.0,1.0,sepsis,native,always_reactive,93787502.059,1.0,0.0,0.0,0.0,0.0,0.0,0.0,0.0,0.004,0.0,0.0,always_reactive,0.914946
h=0.1/q0=0.4/p=0.3/r=2.2/sig=0/cf=1,C_rfb,0.1,0.4,0.3,2.2,0.0,1.0,1.0,sepsis,native,always_compile_evict,102506028.007,1.09296,10.2,11.4,73.6,8.2,0.0,39.8,73.6,0.008,52.9,6058983.8,always_reactive,0.914946
h=0.1/q0=0.4/p=0.3/r=2.2/sig=0/cf=1,C_rfb,0.1,0.4,0.3,2.2,0.0,1.0,1.0,sepsis,native,ours_noinflate,93787502.059,1.0,0.0,0.0,0.0,0.0,0.0,0.0,0.0,0.004,0.0,0.0,always_reactive,0.914946
h=0.1/q0=0.4/p=0.3/r=2.2/sig=0/cf=1,C_rfb,0.1,0.4,0.3,2.2,0.0,1.0,1.0,sepsis,native,oracle_tax,93787502.059,1.0,0.0,0.0,0.0,0.0,0.0,0.0,0.0,0.004,0.0,0.0,always_reactive,0.914946
h=0.1/q0=0.4/p=0.3/r=2.2/sig=0/cf=1,C_rfb,0.1,0.4,0.3,2.2,0.0,1.0,1.0,sepsis,native,ours_spend_cap,93787502.059,1.0,0.0,0.0,0.0,0.0,0.0,0.0,0.0,0.004,0.0,0.0,always_reactive,0.914946
h=0.1/q0=0.4/p=0.3/r=2.2/sig=0/cf=1,C_rfb,0.1,0.4,0.3,2.2,0.0,1.0,1.0,sepsis,native,ours_cap_epoch,93787502.059,1.0,0.0,0.0,0.0,0.0,0.0,0.0,0.0,0.004,0.0,0.0,always_reactive,0.914946
h=0.1/q0=0.4/p=0.3/r=2.2/sig=0/cf=1,C_rfb,0.1,0.4,0.3,2.2,0.0,1.0,1.0,sepsis,native,ours_cap_realized,93787502.059,1.0,0.0,0.0,0.0,0.0,0.0,0.0,0.0,0.004,0.0,0.0,always_reactive,0.914946
h=0.1/q0=0.4/p=0.3/r=2.2/sig=0/cf=1,C_rfb,0.1,0.4,0.3,2.2,0.0,1.0,1.0,sepsis,native,ours_pi_prior,93787502.059,1.0,0.0,0.0,0.0,0.0,0.0,0.0,0.0,0.004,0.0,0.0,always_reactive,0.914946
h=0.1/q0=0.4/p=0.3/r=2.2/sig=0/cf=1,C_rfb,0.1,0.4,0.3,2.2,0.0,1.0,1.0,sepsis,native,breakeven,93787502.059,1.0,0.0,0.0,0.0,0.0,0.0,0.0,0.0,0.004,0.0,0.0,always_reactive,0.914946
h=0.1/q0=0.4/p=0.3/r=2.2/sig=0/cf=1,C_rfb,0.1,0.4,0.3,2.2,0.0,1.0,1.0,sepsis,native,breakeven_cap_epoch,93787502.059,1.0,0.0,0.0,0.0,0.0,0.0,0.0,0.0,0.004,0.0,0.0,always_reactive,0.914946
h=0.1/q0=0.4/p=0.3/r=2.2/sig=0/cf=1,C_rfb,0.1,0.4,0.3,2.2,0.0,1.0,1.0,sepsis,native,offline_taxblind,93787502.059,1.0,,,,,,,,,,,always_reactive,0.914946
h=0.1/q0=0.4/p=0.3/r=2.2/sig=0/cf=1,C_rfb,0.1,0.4,0.3,2.2,0.0,1.0,1.0,sepsis,native,offline_opt_tax,93787502.059,1.0,,,,,,,,,,,always_reactive,0.914946
h=0.1/q0=0.4/p=0.3/r=2.2/sig=0/cf=1,C_rfb,0.1,0.4,0.3,2.2,0.0,1.0,1.0,wiki_A,autorpa_233k,always_reactive,4770469730.199,1.0,0.0,0.0,0.0,0.0,0.0,0.0,0.0,0.005,0.0,0.0,always_reactive,0.530587
h=0.1/q0=0.4/p=0.3/r=2.2/sig=0/cf=1,C_rfb,0.1,0.4,0.3,2.2,0.0,1.0,1.0,wiki_A,autorpa_233k,always_compile_evict,8990933157.973,1.884706,22.2,53.2,17364.1,5043.7,0.0,23192.4,17364.1,0.015,12141.9,2829062700.0,always_reactive,0.530587
h=0.1/q0=0.4/p=0.3/r=2.2/sig=0/cf=1,C_rfb,0.1,0.4,0.3,2.2,0.0,1.0,1.0,wiki_A,autorpa_233k,ours_noinflate,4770469730.199,1.0,0.0,0.0,0.0,0.0,0.0,0.0,0.0,0.005,0.0,0.0,always_reactive,0.530587
h=0.1/q0=0.4/p=0.3/r=2.2/sig=0/cf=1,C_rfb,0.1,0.4,0.3,2.2,0.0,1.0,1.0,wiki_A,autorpa_233k,oracle_tax,4770469730.199,1.0,0.0,0.0,0.0,0.0,0.0,0.0,0.0,0.005,0.0,0.0,always_reactive,0.530587
h=0.1/q0=0.4/p=0.3/r=2.2/sig=0/cf=1,C_rfb,0.1,0.4,0.3,2.2,0.0,1.0,1.0,wiki_A,autorpa_233k,ours_spend_cap,4770469730.199,1.0,0.0,0.0,0.0,0.0,0.0,0.0,0.0,0.005,0.0,0.0,always_reactive,0.530587
h=0.1/q0=0.4/p=0.3/r=2.2/sig=0/cf=1,C_rfb,0.1,0.4,0.3,2.2,0.0,1.0,1.0,wiki_A,autorpa_233k,ours_cap_epoch,4770469730.199,1.0,0.0,0.0,0.0,0.0,0.0,0.0,0.0,0.005,0.0,0.0,always_reactive,0.530587
h=0.1/q0=0.4/p=0.3/r=2.2/sig=0/cf=1,C_rfb,0.1,0.4,0.3,2.2,0.0,1.0,1.0,wiki_A,autorpa_233k,ours_cap_realized,4770469730.199,1.0,0.0,0.0,0.0,0.0,0.0,0.0,0.0,0.005,0.0,0.0,always_reactive,0.530587
h=0.1/q0=0.4/p=0.3/r=2.2/sig=0/cf=1,C_rfb,0.1,0.4,0.3,2.2,0.0,1.0,1.0,wiki_A,autorpa_233k,ours_pi_prior,4770469730.199,1.0,0.0,0.0,0.0,0.0,0.0,0.0,0.0,0.005,0.0,0.0,always_reactive,0.530587
h=0.1/q0=0.4/p=0.3/r=2.2/sig=0/cf=1,C_rfb,0.1,0.4,0.3,2.2,0.0,1.0,1.0,wiki_A,autorpa_233k,breakeven,4770469730.199,1.0,0.0,0.0,0.0,0.0,0.0,0.0,0.0,0.005,0.0,0.0,always_reactive,0.530587
h=0.1/q0=0.4/p=0.3/r=2.2/sig=0/cf=1,C_rfb,0.1,0.4,0.3,2.2,0.0,1.0,1.0,wiki_A,autorpa_233k,breakeven_cap_epoch,4770469730.199,1.0,0.0,0.0,0.0,0.0,0.0,0.0,0.0,0.005,0.0,0.0,always_reactive,0.530587
h=0.1/q0=0.4/p=0.3/r=2.2/sig=0/cf=1,C_rfb,0.1,0.4,0.3,2.2,0.0,1.0,1.0,wiki_A,autorpa_233k,offline_taxblind,4770469730.199,1.0,,,,,,,,,,,always_reactive,0.530587
h=0.1/q0=0.4/p=0.3/r=2.2/sig=0/cf=1,C_rfb,0.1,0.4,0.3,2.2,0.0,1.0,1.0,wiki_A,autorpa_233k,offline_opt_tax,4770469730.199,1.0,,,,,,,,,,,always_reactive,0.530587
h=0.1/q0=0.4/p=0.3/r=2.2/sig=0/cf=1,C_rfb,0.1,0.4,0.3,2.2,0.0,1.0,1.0,wiki_A,native,always_reactive,4770469730.199,1.0,0.0,0.0,0.0,0.0,0.0,0.0,0.0,0.005,0.0,0.0,always_reactive,0.684508
h=0.1/q0=0.4/p=0.3/r=2.2/sig=0/cf=1,C_rfb,0.1,0.4,0.3,2.2,0.0,1.0,1.0,wiki_A,native,always_compile_evict,6969198100.721,1.460904,10.2,38.3,17364.1,5043.7,0.0,23192.4,17364.1,0.014,12141.9,1441404524.55,always_reactive,0.684508
h=0.1/q0=0.4/p=0.3/r=2.2/sig=0/cf=1,C_rfb,0.1,0.4,0.3,2.2,0.0,1.0,1.0,wiki_A,native,ours_noinflate,4770469730.199,1.0,0.0,0.0,0.0,0.0,0.0,0.0,0.0,0.005,0.0,0.0,always_reactive,0.684508
h=0.1/q0=0.4/p=0.3/r=2.2/sig=0/cf=1,C_rfb,0.1,0.4,0.3,2.2,0.0,1.0,1.0,wiki_A,native,oracle_tax,4770469730.199,1.0,0.0,0.0,0.0,0.0,0.0,0.0,0.0,0.005,0.0,0.0,always_reactive,0.684508
h=0.1/q0=0.4/p=0.3/r=2.2/sig=0/cf=1,C_rfb,0.1,0.4,0.3,2.2,0.0,1.0,1.0,wiki_A,native,ours_spend_cap,4770469730.199,1.0,0.0,0.0,0.0,0.0,0.0,0.0,0.0,0.005,0.0,0.0,always_reactive,0.684508
h=0.1/q0=0.4/p=0.3/r=2.2/sig=0/cf=1,C_rfb,0.1,0.4,0.3,2.2,0.0,1.0,1.0,wiki_A,native,ours_cap_epoch,4770469730.199,1.0,0.0,0.0,0.0,0.0,0.0,0.0,0.0,0.005,0.0,0.0,always_reactive,0.684508
h=0.1/q0=0.4/p=0.3/r=2.2/sig=0/cf=1,C_rfb,0.1,0.4,0.3,2.2,0.0,1.0,1.0,wiki_A,native,ours_cap_realized,4770469730.199,1.0,0.0,0.0,0.0,0.0,0.0,0.0,0.0,0.005,0.0,0.0,always_reactive,0.684508
h=0.1/q0=0.4/p=0.3/r=2.2/sig=0/cf=1,C_rfb,0.1,0.4,0.3,2.2,0.0,1.0,1.0,wiki_A,native,ours_pi_prior,4770469730.199,1.0,0.0,0.0,0.0,0.0,0.0,0.0,0.0,0.005,0.0,0.0,always_reactive,0.684508
h=0.1/q0=0.4/p=0.3/r=2.2/sig=0/cf=1,C_rfb,0.1,0.4,0.3,2.2,0.0,1.0,1.0,wiki_A,native,breakeven,4770469730.199,1.0,0.0,0.0,0.0,0.0,0.0,0.0,0.0,0.005,0.0,0.0,always_reactive,0.684508
h=0.1/q0=0.4/p=0.3/r=2.2/sig=0/cf=1,C_rfb,0.1,0.4,0.3,2.2,0.0,1.0,1.0,wiki_A,native,breakeven_cap_epoch,4770469730.199,1.0,0.0,0.0,0.0,0.0,0.0,0.0,0.0,0.005,0.0,0.0,always_reactive,0.684508
h=0.1/q0=0.4/p=0.3/r=2.2/sig=0/cf=1,C_rfb,0.1,0.4,0.3,2.2,0.0,1.0,1.0,wiki_A,native,offline_taxblind,4770469730.199,1.0,,,,,,,,,,,always_reactive,0.684508
h=0.1/q0=0.4/p=0.3/r=2.2/sig=0/cf=1,C_rfb,0.1,0.4,0.3,2.2,0.0,1.0,1.0,wiki_A,native,offline_opt_tax,4770469730.199,1.0,,,,,,,,,,,always_reactive,0.684508
h=0.1/q0=0.4/p=0.3/r=2.2/sig=0/cf=1,C_rfb,0.1,0.4,0.3,2.2,0.0,1.0,1.0,wiki_B,autorpa_233k,always_reactive,8991713899.193,1.0,0.0,0.0,0.0,0.0,0.0,0.0,0.0,0.004,0.0,0.0,always_reactive,0.742993
h=0.1/q0=0.4/p=0.3/r=2.2/sig=0/cf=1,C_rfb,0.1,0.4,0.3,2.2,0.0,1.0,1.0,wiki_B,autorpa_233k,always_compile_evict,12102016761.779,1.345908,104.6,118.5,10149.8,2137.0,0.0,9645.5,10149.8,0.062,7119.2,1658773600.0,always_reactive,0.742993
h=0.1/q0=0.4/p=0.3/r=2.2/sig=0/cf=1,C_rfb,0.1,0.4,0.3,2.2,0.0,1.0,1.0,wiki_B,autorpa_233k,ours_noinflate,8991713899.193,1.0,0.0,0.0,0.0,0.0,0.0,0.0,0.0,0.004,0.0,0.0,always_reactive,0.742993
h=0.1/q0=0.4/p=0.3/r=2.2/sig=0/cf=1,C_rfb,0.1,0.4,0.3,2.2,0.0,1.0,1.0,wiki_B,autorpa_233k,oracle_tax,8991713899.193,1.0,0.0,0.0,0.0,0.0,0.0,0.0,0.0,0.004,0.0,0.0,always_reactive,0.742993
h=0.1/q0=0.4/p=0.3/r=2.2/sig=0/cf=1,C_rfb,0.1,0.4,0.3,2.2,0.0,1.0,1.0,wiki_B,autorpa_233k,ours_spend_cap,8991713899.193,1.0,0.0,0.0,0.0,0.0,0.0,0.0,0.0,0.004,0.0,0.0,always_reactive,0.742993
h=0.1/q0=0.4/p=0.3/r=2.2/sig=0/cf=1,C_rfb,0.1,0.4,0.3,2.2,0.0,1.0,1.0,wiki_B,autorpa_233k,ours_cap_epoch,8991713899.193,1.0,0.0,0.0,0.0,0.0,0.0,0.0,0.0,0.004,0.0,0.0,always_reactive,0.742993
h=0.1/q0=0.4/p=0.3/r=2.2/sig=0/cf=1,C_rfb,0.1,0.4,0.3,2.2,0.0,1.0,1.0,wiki_B,autorpa_233k,ours_cap_realized,8991713899.193,1.0,0.0,0.0,0.0,0.0,0.0,0.0,0.0,0.004,0.0,0.0,always_reactive,0.742993
h=0.1/q0=0.4/p=0.3/r=2.2/sig=0/cf=1,C_rfb,0.1,0.4,0.3,2.2,0.0,1.0,1.0,wiki_B,autorpa_233k,ours_pi_prior,8991713899.193,1.0,0.0,0.0,0.0,0.0,0.0,0.0,0.0,0.004,0.0,0.0,always_reactive,0.742993
h=0.1/q0=0.4/p=0.3/r=2.2/sig=0/cf=1,C_rfb,0.1,0.4,0.3,2.2,0.0,1.0,1.0,wiki_B,autorpa_233k,breakeven,8991713899.193,1.0,0.0,0.0,0.0,0.0,0.0,0.0,0.0,0.004,0.0,0.0,always_reactive,0.742993
h=0.1/q0=0.4/p=0.3/r=2.2/sig=0/cf=1,C_rfb,0.1,0.4,0.3,2.2,0.0,1.0,1.0,wiki_B,autorpa_233k,breakeven_cap_epoch,8991713899.193,1.0,0.0,0.0,0.0,0.0,0.0,0.0,0.0,0.004,0.0,0.0,always_reactive,0.742993
h=0.1/q0=0.4/p=0.3/r=2.2/sig=0/cf=1,C_rfb,0.1,0.4,0.3,2.2,0.0,1.0,1.0,wiki_B,autorpa_233k,offline_taxblind,8991713899.192,1.0,,,,,,,,,,,always_reactive,0.742993
h=0.1/q0=0.4/p=0.3/r=2.2/sig=0/cf=1,C_rfb,0.1,0.4,0.3,2.2,0.0,1.0,1.0,wiki_B,autorpa_233k,offline_opt_tax,8991713899.192,1.0,,,,,,,,,,,always_reactive,0.742993
h=0.1/q0=0.4/p=0.3/r=2.2/sig=0/cf=1,C_rfb,0.1,0.4,0.3,2.2,0.0,1.0,1.0,wiki_B,native,always_reactive,8991713899.193,1.0,0.0,0.0,0.0,0.0,0.0,0.0,0.0,0.004,0.0,0.0,always_reactive,0.852022
h=0.1/q0=0.4/p=0.3/r=2.2/sig=0/cf=1,C_rfb,0.1,0.4,0.3,2.2,0.0,1.0,1.0,wiki_B,native,always_compile_evict,10553381552.282,1.173679,66.5,76.7,10149.8,2137.0,0.0,9645.5,10149.8,0.044,7119.2,775270896.4,always_reactive,0.852022
h=0.1/q0=0.4/p=0.3/r=2.2/sig=0/cf=1,C_rfb,0.1,0.4,0.3,2.2,0.0,1.0,1.0,wiki_B,native,ours_noinflate,8991713899.193,1.0,0.0,0.0,0.0,0.0,0.0,0.0,0.0,0.004,0.0,0.0,always_reactive,0.852022
h=0.1/q0=0.4/p=0.3/r=2.2/sig=0/cf=1,C_rfb,0.1,0.4,0.3,2.2,0.0,1.0,1.0,wiki_B,native,oracle_tax,8991713899.193,1.0,0.0,0.0,0.0,0.0,0.0,0.0,0.0,0.004,0.0,0.0,always_reactive,0.852022
h=0.1/q0=0.4/p=0.3/r=2.2/sig=0/cf=1,C_rfb,0.1,0.4,0.3,2.2,0.0,1.0,1.0,wiki_B,native,ours_spend_cap,8991713899.193,1.0,0.0,0.0,0.0,0.0,0.0,0.0,0.0,0.004,0.0,0.0,always_reactive,0.852022
h=0.1/q0=0.4/p=0.3/r=2.2/sig=0/cf=1,C_rfb,0.1,0.4,0.3,2.2,0.0,1.0,1.0,wiki_B,native,ours_cap_epoch,8991713899.193,1.0,0.0,0.0,0.0,0.0,0.0,0.0,0.0,0.004,0.0,0.0,always_reactive,0.852022
h=0.1/q0=0.4/p=0.3/r=2.2/sig=0/cf=1,C_rfb,0.1,0.4,0.3,2.2,0.0,1.0,1.0,wiki_B,native,ours_cap_realized,8991713899.193,1.0,0.0,0.0,0.0,0.0,0.0,0.0,0.0,0.004,0.0,0.0,always_reactive,0.852022
h=0.1/q0=0.4/p=0.3/r=2.2/sig=0/cf=1,C_rfb,0.1,0.4,0.3,2.2,0.0,1.0,1.0,wiki_B,native,ours_pi_prior,8991713899.193,1.0,0.0,0.0,0.0,0.0,0.0,0.0,0.0,0.004,0.0,0.0,always_reactive,0.852022
h=0.1/q0=0.4/p=0.3/r=2.2/sig=0/cf=1,C_rfb,0.1,0.4,0.3,2.2,0.0,1.0,1.0,wiki_B,native,breakeven,8991713899.193,1.0,0.0,0.0,0.0,0.0,0.0,0.0,0.0,0.004,0.0,0.0,always_reactive,0.852022
h=0.1/q0=0.4/p=0.3/r=2.2/sig=0/cf=1,C_rfb,0.1,0.4,0.3,2.2,0.0,1.0,1.0,wiki_B,native,breakeven_cap_epoch,8991713899.193,1.0,0.0,0.0,0.0,0.0,0.0,0.0,0.0,0.004,0.0,0.0,always_reactive,0.852022
h=0.1/q0=0.4/p=0.3/r=2.2/sig=0/cf=1,C_rfb,0.1,0.4,0.3,2.2,0.0,1.0,1.0,wiki_B,native,offline_taxblind,8991713899.192,1.0,,,,,,,,,,,always_reactive,0.852022
h=0.1/q0=0.4/p=0.3/r=2.2/sig=0/cf=1,C_rfb,0.1,0.4,0.3,2.2,0.0,1.0,1.0,wiki_B,native,offline_opt_tax,8991713899.192,1.0,,,,,,,,,,,always_reactive,0.852022
h=0.1/q0=0.4/p=0.5/r=1/sig=0/cf=11.0877,A_core,0.1,0.4,0.5,1.0,0.0,1.0,11.087667012373094,bpi2019,autorpa_233k,always_reactive,26858149732.486,0.638161,0.0,0.0,0.0,0.0,0.0,0.0,0.0,0.003,0.0,0.0,always_reactive,0.334836
h=0.1/q0=0.4/p=0.5/r=1/sig=0/cf=11.0877,A_core,0.1,0.4,0.5,1.0,0.0,1.0,11.087667012373094,bpi2019,autorpa_233k,always_compile_evict,80212794908.414,1.90589,58.9,94.0,45577.8,21432.0,0.0,98481.2,45198.0,0.019,22817.0,58946040485.568,always_reactive,0.334836
h=0.1/q0=0.4/p=0.5/r=1/sig=0/cf=11.0877,A_core,0.1,0.4,0.5,1.0,0.0,1.0,11.087667012373094,bpi2019,autorpa_233k,ours_noinflate,42086796568.865,1.0,17.5,30.2,14546.8,6994.8,0.0,32233.5,14342.1,0.012,7276.4,18798043957.978,always_reactive,0.334836
h=0.1/q0=0.4/p=0.5/r=1/sig=0/cf=11.0877,A_core,0.1,0.4,0.5,1.0,0.0,1.0,11.087667012373094,bpi2019,autorpa_233k,oracle_tax,27220325554.482,0.646766,9.2,16.9,350.6,167.2,0.0,749.2,251.4,0.004,174.2,450032881.298,always_reactive,0.334836
h=0.1/q0=0.4/p=0.5/r=1/sig=0/cf=11.0877,A_core,0.1,0.4,0.5,1.0,0.0,1.0,11.087667012373094,bpi2019,autorpa_233k,ours_spend_cap,27803646173.073,0.660626,4.4,12.0,734.4,217.0,0.0,975.2,647.0,0.007,363.3,938558816.164,always_reactive,0.334836
h=0.1/q0=0.4/p=0.5/r=1/sig=0/cf=11.0877,A_core,0.1,0.4,0.5,1.0,0.0,1.0,11.087667012373094,bpi2019,autorpa_233k,ours_cap_epoch,27803646173.073,0.660626,4.4,12.0,734.4,217.0,0.0,975.2,647.0,0.007,363.3,938558816.164,always_reactive,0.334836
h=0.1/q0=0.4/p=0.5/r=1/sig=0/cf=11.0877,A_core,0.1,0.4,0.5,1.0,0.0,1.0,11.087667012373094,bpi2019,autorpa_233k,ours_cap_realized,27847107539.307,0.661659,4.6,12.4,771.6,233.0,0.0,1046.2,682.0,0.007,382.6,988418945.952,always_reactive,0.334836
h=0.1/q0=0.4/p=0.5/r=1/sig=0/cf=11.0877,A_core,0.1,0.4,0.5,1.0,0.0,1.0,11.087667012373094,bpi2019,autorpa_233k,ours_pi_prior,32802812618.319,0.779409,17.4,26.3,5370.4,2443.8,0.0,11259.7,5206.5,0.013,2700.5,6976543030.691,always_reactive,0.334836
h=0.1/q0=0.4/p=0.5/r=1/sig=0/cf=11.0877,A_core,0.1,0.4,0.5,1.0,0.0,1.0,11.087667012373094,bpi2019,autorpa_233k,breakeven,28820278429.151,0.684782,3.7,9.0,1488.4,297.2,0.0,1349.8,1315.6,0.005,749.6,1936536439.847,always_reactive,0.334836
h=0.1/q0=0.4/p=0.5/r=1/sig=0/cf=11.0877,A_core,0.1,0.4,0.5,1.0,0.0,1.0,11.087667012373094,bpi2019,autorpa_233k,breakeven_cap_epoch,27760457437.671,0.6596,2.8,5.8,667.0,94.5,0.0,446.6,613.8,0.004,333.0,860280995.823,always_reactive,0.334836
h=0.1/q0=0.4/p=0.5/r=1/sig=0/cf=11.0877,A_core,0.1,0.4,0.5,1.0,0.0,1.0,11.087667012373094,bpi2019,autorpa_233k,offline_taxblind,21992794053.509,0.522558,,,,,,,,,,,always_reactive,0.334836
h=0.1/q0=0.4/p=0.5/r=1/sig=0/cf=11.0877,A_core,0.1,0.4,0.5,1.0,0.0,1.0,11.087667012373094,bpi2019,autorpa_233k,offline_opt_tax,22288607999.618,0.529587,,,,,,,,,,,always_reactive,0.334836
h=0.1/q0=0.4/p=0.5/r=1/sig=0/cf=11.0877,A_core,0.1,0.4,0.5,1.0,0.0,1.0,11.087667012373094,bpi2019,native,always_reactive,26858149732.486,0.743981,0.0,0.0,0.0,0.0,0.0,0.0,0.0,0.003,0.0,0.0,always_reactive,0.612961
h=0.1/q0=0.4/p=0.5/r=1/sig=0/cf=11.0877,A_core,0.1,0.4,0.5,1.0,0.0,1.0,11.087667012373094,bpi2019,native,always_compile_evict,43817070908.627,1.213749,32.0,59.6,45577.8,21432.0,0.0,98481.2,44620.0,0.02,22817.0,26150739213.242,always_reactive,0.612961
h=0.1/q0=0.4/p=0.5/r=1/sig=0/cf=11.0877,A_core,0.1,0.4,0.5,1.0,0.0,1.0,11.087667012373094,bpi2019,native,ours_noinflate,36100595604.61,1.0,19.1,35.0,30165.1,14439.3,0.0,66369.8,29398.2,0.015,15116.5,17951596140.642,always_reactive,0.612961
h=0.1/q0=0.4/p=0.5/r=1/sig=0/cf=11.0877,A_core,0.1,0.4,0.5,1.0,0.0,1.0,11.087667012373094,bpi2019,native,oracle_tax,27029261728.745,0.748721,16.2,23.0,617.0,292.8,0.0,1346.1,451.9,0.004,308.0,362654370.4,always_reactive,0.612961
h=0.1/q0=0.4/p=0.5/r=1/sig=0/cf=11.0877,A_core,0.1,0.4,0.5,1.0,0.0,1.0,11.087667012373094,bpi2019,native,ours_spend_cap,27662541484.205,0.766263,2.8,12.0,1470.7,420.8,0.0,1929.3,1131.8,0.006,735.3,904670951.357,always_reactive,0.612961
h=0.1/q0=0.4/p=0.5/r=1/sig=0/cf=11.0877,A_core,0.1,0.4,0.5,1.0,0.0,1.0,11.087667012373094,bpi2019,native,ours_cap_epoch,27662541484.205,0.766263,2.8,12.0,1470.7,420.8,0.0,1929.3,1131.8,0.006,735.3,904670951.357,always_reactive,0.612961
h=0.1/q0=0.4/p=0.5/r=1/sig=0/cf=11.0877,A_core,0.1,0.4,0.5,1.0,0.0,1.0,11.087667012373094,bpi2019,native,ours_cap_realized,27765620444.932,0.769118,3.7,13.4,1773.2,558.8,0.0,2568.1,1400.9,0.006,885.9,1082538467.897,always_reactive,0.612961
h=0.1/q0=0.4/p=0.5/r=1/sig=0/cf=11.0877,A_core,0.1,0.4,0.5,1.0,0.0,1.0,11.087667012373094,bpi2019,native,ours_pi_prior,33353551322.783,0.923906,20.0,32.1,20661.8,9753.8,0.0,44947.0,19980.5,0.015,10346.7,12287222152.232,always_reactive,0.612961
h=0.1/q0=0.4/p=0.5/r=1/sig=0/cf=11.0877,A_core,0.1,0.4,0.5,1.0,0.0,1.0,11.087667012373094,bpi2019,native,breakeven,28076156049.455,0.77772,0.7,8.1,2165.7,351.8,0.0,1599.8,1825.2,0.004,1083.7,1300006384.374,always_reactive,0.612961
h=0.1/q0=0.4/p=0.5/r=1/sig=0/cf=11.0877,A_core,0.1,0.4,0.5,1.0,0.0,1.0,11.087667012373094,bpi2019,native,breakeven_cap_epoch,27476593229.609,0.761112,0.6,5.3,1047.3,123.0,0.0,576.6,928.6,0.004,518.9,623733490.14,always_reactive,0.612961
h=0.1/q0=0.4/p=0.5/r=1/sig=0/cf=11.0877,A_core,0.1,0.4,0.5,1.0,0.0,1.0,11.087667012373094,bpi2019,native,offline_taxblind,17921235002.566,0.496425,,,,,,,,,,,always_reactive,0.612961
h=0.1/q0=0.4/p=0.5/r=1/sig=0/cf=11.0877,A_core,0.1,0.4,0.5,1.0,0.0,1.0,11.087667012373094,bpi2019,native,offline_opt_tax,18289314758.845,0.506621,,,,,,,,,,,always_reactive,0.612961
h=0.1/q0=0.4/p=0.5/r=1/sig=0/cf=11.0877,A_core,0.1,0.4,0.5,1.0,0.0,1.0,11.087667012373094,sepsis,autorpa_233k,always_reactive,93787502.059,0.918483,0.0,0.0,0.0,0.0,0.0,0.0,0.0,0.004,0.0,0.0,always_reactive,0.555977
h=0.1/q0=0.4/p=0.5/r=1/sig=0/cf=11.0877,A_core,0.1,0.4,0.5,1.0,0.0,1.0,11.087667012373094,sepsis,autorpa_233k,always_compile_evict,168689454.403,1.652015,14.4,15.8,55.7,10.0,0.0,51.2,50.2,0.007,28.2,72852624.871,always_reactive,0.555977
h=0.1/q0=0.4/p=0.5/r=1/sig=0/cf=11.0877,A_core,0.1,0.4,0.5,1.0,0.0,1.0,11.087667012373094,sepsis,autorpa_233k,ours_noinflate,102111332.397,1.0,2.8,3.0,7.8,1.4,0.0,5.0,6.4,0.005,3.2,8266964.524,always_reactive,0.555977
h=0.1/q0=0.4/p=0.5/r=1/sig=0/cf=11.0877,A_core,0.1,0.4,0.5,1.0,0.0,1.0,11.087667012373094,sepsis,autorpa_233k,oracle_tax,97101918.521,0.950942,0.8,1.3,3.4,1.1,0.0,4.6,2.0,0.005,1.5,3875139.621,always_reactive,0.555977
h=0.1/q0=0.4/p=0.5/r=1/sig=0/cf=11.0877,A_core,0.1,0.4,0.5,1.0,0.0,1.0,11.087667012373094,sepsis,autorpa_233k,ours_spend_cap,99992100.976,0.979246,2.0,2.2,6.0,1.2,0.0,3.8,4.8,0.005,2.4,6200223.393,always_reactive,0.555977
h=0.1/q0=0.4/p=0.5/r=1/sig=0/cf=11.0877,A_core,0.1,0.4,0.5,1.0,0.0,1.0,11.087667012373094,sepsis,autorpa_233k,ours_cap_epoch,99992100.976,0.979246,2.0,2.2,6.0,1.2,0.0,3.8,4.8,0.005,2.4,6200223.393,always_reactive,0.555977
h=0.1/q0=0.4/p=0.5/r=1/sig=0/cf=11.0877,A_core,0.1,0.4,0.5,1.0,0.0,1.0,11.087667012373094,sepsis,autorpa_233k,ours_cap_realized,99992100.976,0.979246,2.0,2.2,6.0,1.2,0.0,3.8,4.8,0.005,2.4,6200223.393,always_reactive,0.555977
h=0.1/q0=0.4/p=0.5/r=1/sig=0/cf=11.0877,A_core,0.1,0.4,0.5,1.0,0.0,1.0,11.087667012373094,sepsis,autorpa_233k,ours_pi_prior,98681585.902,0.966412,1.6,1.8,4.2,0.7,0.0,3.2,3.3,0.004,1.9,4908510.186,always_reactive,0.555977
h=0.1/q0=0.4/p=0.5/r=1/sig=0/cf=11.0877,A_core,0.1,0.4,0.5,1.0,0.0,1.0,11.087667012373094,sepsis,autorpa_233k,breakeven,103125336.111,1.00993,2.0,2.6,7.8,1.8,0.0,9.7,6.0,0.005,3.6,9300335.09,always_reactive,0.555977
h=0.1/q0=0.4/p=0.5/r=1/sig=0/cf=11.0877,A_core,0.1,0.4,0.5,1.0,0.0,1.0,11.087667012373094,sepsis,autorpa_233k,breakeven_cap_epoch,101265154.403,0.991713,1.6,2.3,6.4,1.5,0.0,7.7,4.9,0.004,2.9,7491936.6,always_reactive,0.555977
h=0.1/q0=0.4/p=0.5/r=1/sig=0/cf=11.0877,A_core,0.1,0.4,0.5,1.0,0.0,1.0,11.087667012373094,sepsis,autorpa_233k,offline_taxblind,93565085.147,0.916305,,,,,,,,,,,always_reactive,0.555977
h=0.1/q0=0.4/p=0.5/r=1/sig=0/cf=11.0877,A_core,0.1,0.4,0.5,1.0,0.0,1.0,11.087667012373094,sepsis,autorpa_233k,offline_opt_tax,93664870.124,0.917282,,,,,,,,,,,always_reactive,0.555977
h=0.1/q0=0.4/p=0.5/r=1/sig=0/cf=11.0877,A_core,0.1,0.4,0.5,1.0,0.0,1.0,11.087667012373094,sepsis,native,always_reactive,93787502.059,0.887797,0.0,0.0,0.0,0.0,0.0,0.0,0.0,0.004,0.0,0.0,always_reactive,0.733005
h=0.1/q0=0.4/p=0.5/r=1/sig=0/cf=11.0877,A_core,0.1,0.4,0.5,1.0,0.0,1.0,11.087667012373094,sepsis,native,always_compile_evict,127949330.003,1.211175,12.6,14.1,55.7,10.0,0.0,51.2,44.0,0.008,28.2,35504163.921,always_reactive,0.733005
h=0.1/q0=0.4/p=0.5/r=1/sig=0/cf=11.0877,A_core,0.1,0.4,0.5,1.0,0.0,1.0,11.087667012373094,sepsis,native,ours_noinflate,105640702.528,1.0,4.1,5.7,21.0,4.3,0.0,21.1,13.8,0.006,10.5,13366894.966,always_reactive,0.733005
h=0.1/q0=0.4/p=0.5/r=1/sig=0/cf=11.0877,A_core,0.1,0.4,0.5,1.0,0.0,1.0,11.087667012373094,sepsis,native,oracle_tax,102239497.901,0.967804,3.8,5.4,16.4,5.1,0.0,26.3,8.9,0.006,7.5,10169106.467,always_reactive,0.733005
h=0.1/q0=0.4/p=0.5/r=1/sig=0/cf=11.0877,A_core,0.1,0.4,0.5,1.0,0.0,1.0,11.087667012373094,sepsis,native,ours_spend_cap,102307456.38,0.968447,2.4,4.0,14.9,3.4,0.0,16.4,9.4,0.006,7.6,9659552.771,always_reactive,0.733005
h=0.1/q0=0.4/p=0.5/r=1/sig=0/cf=11.0877,A_core,0.1,0.4,0.5,1.0,0.0,1.0,11.087667012373094,sepsis,native,ours_cap_epoch,102307456.38,0.968447,2.4,4.0,14.9,3.4,0.0,16.4,9.4,0.006,7.6,9659552.771,always_reactive,0.733005
h=0.1/q0=0.4/p=0.5/r=1/sig=0/cf=11.0877,A_core,0.1,0.4,0.5,1.0,0.0,1.0,11.087667012373094,sepsis,native,ours_cap_realized,102307456.38,0.968447,2.4,4.0,14.9,3.4,0.0,16.4,9.4,0.006,7.6,9659552.771,always_reactive,0.733005
h=0.1/q0=0.4/p=0.5/r=1/sig=0/cf=11.0877,A_core,0.1,0.4,0.5,1.0,0.0,1.0,11.087667012373094,sepsis,native,ours_pi_prior,107432312.484,1.016959,4.4,5.8,21.6,4.4,0.0,22.5,15.0,0.006,11.5,14837083.577,always_reactive,0.733005
h=0.1/q0=0.4/p=0.5/r=1/sig=0/cf=11.0877,A_core,0.1,0.4,0.5,1.0,0.0,1.0,11.087667012373094,sepsis,native,breakeven,105404636.488,0.997765,4.0,6.0,20.3,4.6,0.0,22.2,13.7,0.006,9.7,12550395.287,always_reactive,0.733005
h=0.1/q0=0.4/p=0.5/r=1/sig=0/cf=11.0877,A_core,0.1,0.4,0.5,1.0,0.0,1.0,11.087667012373094,sepsis,native,breakeven_cap_epoch,101061963.948,0.956657,2.6,4.2,13.5,3.0,0.0,14.5,8.7,0.005,6.4,8079334.034,always_reactive,0.733005
h=0.1/q0=0.4/p=0.5/r=1/sig=0/cf=11.0877,A_core,0.1,0.4,0.5,1.0,0.0,1.0,11.087667012373094,sepsis,native,offline_taxblind,91852702.391,0.869482,,,,,,,,,,,always_reactive,0.733005
h=0.1/q0=0.4/p=0.5/r=1/sig=0/cf=11.0877,A_core,0.1,0.4,0.5,1.0,0.0,1.0,11.087667012373094,sepsis,native,offline_opt_tax,92506806.692,0.875674,,,,,,,,,,,always_reactive,0.733005
h=0.1/q0=0.4/p=0.5/r=1/sig=0/cf=11.0877,A_core,0.1,0.4,0.5,1.0,0.0,1.0,11.087667012373094,wiki_A,autorpa_233k,always_reactive,4770469730.199,0.781351,0.0,0.0,0.0,0.0,0.0,0.0,0.0,0.005,0.0,0.0,always_reactive,0.247514
h=0.1/q0=0.4/p=0.5/r=1/sig=0/cf=11.0877,A_core,0.1,0.4,0.5,1.0,0.0,1.0,11.087667012373094,wiki_A,autorpa_233k,always_compile_evict,19273512744.104,3.156792,15.8,45.7,11780.3,5676.4,0.0,26059.9,11413.1,0.007,5880.4,15191580684.197,always_reactive,0.247514
h=0.1/q0=0.4/p=0.5/r=1/sig=0/cf=11.0877,A_core,0.1,0.4,0.5,1.0,0.0,1.0,11.087667012373094,wiki_A,autorpa_233k,ours_noinflate,6105411205.633,1.0,4.6,14.9,1255.7,576.4,0.0,2645.0,1100.6,0.008,632.6,1634275549.422,always_reactive,0.247514
h=0.1/q0=0.4/p=0.5/r=1/sig=0/cf=11.0877,A_core,0.1,0.4,0.5,1.0,0.0,1.0,11.087667012373094,wiki_A,autorpa_233k,oracle_tax,5017680997.244,0.821842,2.5,4.3,240.5,115.8,0.0,519.8,172.7,0.005,122.2,315694707.776,always_reactive,0.247514
h=0.1/q0=0.4/p=0.5/r=1/sig=0/cf=11.0877,A_core,0.1,0.4,0.5,1.0,0.0,1.0,11.087667012373094,wiki_A,autorpa_233k,ours_spend_cap,4932991754.451,0.80797,0.6,7.9,125.3,38.1,0.0,166.6,103.2,0.007,65.3,168697744.827,always_reactive,0.247514
h=0.1/q0=0.4/p=0.5/r=1/sig=0/cf=11.0877,A_core,0.1,0.4,0.5,1.0,0.0,1.0,11.087667012373094,wiki_A,autorpa_233k,ours_cap_epoch,4932991754.451,0.80797,0.6,7.9,125.3,38.1,0.0,166.6,103.2,0.007,65.3,168697744.827,always_reactive,0.247514
h=0.1/q0=0.4/p=0.5/r=1/sig=0/cf=11.0877,A_core,0.1,0.4,0.5,1.0,0.0,1.0,11.087667012373094,wiki_A,autorpa_233k,ours_cap_realized,4941618726.523,0.809383,0.7,8.0,130.2,39.4,0.0,170.7,107.8,0.007,68.8,177739737.275,always_reactive,0.247514
h=0.1/q0=0.4/p=0.5/r=1/sig=0/cf=11.0877,A_core,0.1,0.4,0.5,1.0,0.0,1.0,11.087667012373094,wiki_A,autorpa_233k,ours_pi_prior,5598242574.753,0.916931,2.0,10.4,772.7,346.3,0.0,1609.8,668.0,0.007,391.8,1012186468.959,always_reactive,0.247514
h=0.1/q0=0.4/p=0.5/r=1/sig=0/cf=11.0877,A_core,0.1,0.4,0.5,1.0,0.0,1.0,11.087667012373094,wiki_A,autorpa_233k,breakeven,7487424595.633,1.226359,0.7,6.7,2202.5,1029.6,0.0,4729.5,1999.0,0.004,1095.6,2830401979.05,always_reactive,0.247514
h=0.1/q0=0.4/p=0.5/r=1/sig=0/cf=11.0877,A_core,0.1,0.4,0.5,1.0,0.0,1.0,11.087667012373094,wiki_A,autorpa_233k,breakeven_cap_epoch,4971011955.875,0.814198,0.0,4.4,149.8,38.0,0.0,162.7,128.1,0.006,77.3,199698861.793,always_reactive,0.247514
h=0.1/q0=0.4/p=0.5/r=1/sig=0/cf=11.0877,A_core,0.1,0.4,0.5,1.0,0.0,1.0,11.087667012373094,wiki_A,autorpa_233k,offline_taxblind,4407816653.989,0.721952,,,,,,,,,,,always_reactive,0.247514
h=0.1/q0=0.4/p=0.5/r=1/sig=0/cf=11.0877,A_core,0.1,0.4,0.5,1.0,0.0,1.0,11.087667012373094,wiki_A,autorpa_233k,offline_opt_tax,4435522009.608,0.72649,,,,,,,,,,,always_reactive,0.247514
h=0.1/q0=0.4/p=0.5/r=1/sig=0/cf=11.0877,A_core,0.1,0.4,0.5,1.0,0.0,1.0,11.087667012373094,wiki_A,native,always_reactive,4770469730.199,0.810697,0.0,0.0,0.0,0.0,0.0,0.0,0.0,0.005,0.0,0.0,always_reactive,0.429951
h=0.1/q0=0.4/p=0.5/r=1/sig=0/cf=11.0877,A_core,0.1,0.4,0.5,1.0,0.0,1.0,11.087667012373094,wiki_A,native,always_compile_evict,11095381000.832,1.885556,8.5,36.3,11780.3,5676.4,0.0,26059.9,11211.5,0.008,5880.4,7725602053.731,always_reactive,0.429951
h=0.1/q0=0.4/p=0.5/r=1/sig=0/cf=11.0877,A_core,0.1,0.4,0.5,1.0,0.0,1.0,11.087667012373094,wiki_A,native,ours_noinflate,5884408903.863,1.0,4.1,22.2,2958.0,1365.2,0.0,6244.4,2577.9,0.011,1488.0,1781360246.309,always_reactive,0.429951
h=0.1/q0=0.4/p=0.5/r=1/sig=0/cf=11.0877,A_core,0.1,0.4,0.5,1.0,0.0,1.0,11.087667012373094,wiki_A,native,oracle_tax,4913748871.684,0.835045,4.4,6.5,449.2,220.4,0.0,1001.6,329.1,0.005,224.4,281365775.022,always_reactive,0.429951
h=0.1/q0=0.4/p=0.5/r=1/sig=0/cf=11.0877,A_core,0.1,0.4,0.5,1.0,0.0,1.0,11.087667012373094,wiki_A,native,ours_spend_cap,4915816200.832,0.835397,0.5,9.8,260.4,78.6,0.0,344.2,196.8,0.007,133.7,165747127.035,always_reactive,0.429951
h=0.1/q0=0.4/p=0.5/r=1/sig=0/cf=11.0877,A_core,0.1,0.4,0.5,1.0,0.0,1.0,11.087667012373094,wiki_A,native,ours_cap_epoch,4915816200.832,0.835397,0.5,9.8,260.4,78.6,0.0,344.2,196.8,0.007,133.7,165747127.035,always_reactive,0.429951
h=0.1/q0=0.4/p=0.5/r=1/sig=0/cf=11.0877,A_core,0.1,0.4,0.5,1.0,0.0,1.0,11.087667012373094,wiki_A,native,ours_cap_realized,4931614863.1,0.838082,0.5,10.4,307.1,99.1,0.0,437.0,232.7,0.007,157.4,193694494.276,always_reactive,0.429951
h=0.1/q0=0.4/p=0.5/r=1/sig=0/cf=11.0877,A_core,0.1,0.4,0.5,1.0,0.0,1.0,11.087667012373094,wiki_A,native,ours_pi_prior,6567083081.246,1.116014,3.8,18.8,4042.5,1922.6,0.0,8786.9,3673.0,0.009,2021.0,2499438980.011,always_reactive,0.429951
h=0.1/q0=0.4/p=0.5/r=1/sig=0/cf=11.0877,A_core,0.1,0.4,0.5,1.0,0.0,1.0,11.087667012373094,wiki_A,native,breakeven,6157663690.26,1.046437,0.5,7.7,2710.2,1231.6,0.0,5620.2,2421.6,0.005,1349.2,1632818177.046,always_reactive,0.429951
h=0.1/q0=0.4/p=0.5/r=1/sig=0/cf=11.0877,A_core,0.1,0.4,0.5,1.0,0.0,1.0,11.087667012373094,wiki_A,native,breakeven_cap_epoch,4893711064.784,0.83164,0.2,4.8,215.1,46.4,0.0,201.3,174.6,0.005,110.2,132264102.334,always_reactive,0.429951
h=0.1/q0=0.4/p=0.5/r=1/sig=0/cf=11.0877,A_core,0.1,0.4,0.5,1.0,0.0,1.0,11.087667012373094,wiki_A,native,offline_taxblind,3844184315.001,0.653283,,,,,,,,,,,always_reactive,0.429951
h=0.1/q0=0.4/p=0.5/r=1/sig=0/cf=11.0877,A_core,0.1,0.4,0.5,1.0,0.0,1.0,11.087667012373094,wiki_A,native,offline_opt_tax,3880929225.304,0.659527,,,,,,,,,,,always_reactive,0.429951
h=0.1/q0=0.4/p=0.5/r=1/sig=0/cf=11.0877,A_core,0.1,0.4,0.5,1.0,0.0,1.0,11.087667012373094,wiki_B,autorpa_233k,always_reactive,8991713899.193,0.825906,0.0,0.0,0.0,0.0,0.0,0.0,0.0,0.004,0.0,0.0,always_reactive,0.480465
h=0.1/q0=0.4/p=0.5/r=1/sig=0/cf=11.0877,A_core,0.1,0.4,0.5,1.0,0.0,1.0,11.087667012373094,wiki_B,autorpa_233k,always_compile_evict,18714618354.036,1.718973,88.9,101.3,7297.9,2488.1,0.0,11251.9,7042.6,0.035,3643.5,9412714138.982,always_reactive,0.480465
h=0.1/q0=0.4/p=0.5/r=1/sig=0/cf=11.0877,A_core,0.1,0.4,0.5,1.0,0.0,1.0,11.087667012373094,wiki_B,autorpa_233k,ours_noinflate,10887095392.355,1.0,23.0,30.7,1587.4,568.9,0.0,2628.4,1462.8,0.017,785.9,2030314818.671,always_reactive,0.480465
h=0.1/q0=0.4/p=0.5/r=1/sig=0/cf=11.0877,A_core,0.1,0.4,0.5,1.0,0.0,1.0,11.087667012373094,wiki_B,autorpa_233k,oracle_tax,9014537186.473,0.828002,2.1,3.3,19.9,7.5,0.0,35.0,12.8,0.004,10.3,26609292.063,always_reactive,0.480465
h=0.1/q0=0.4/p=0.5/r=1/sig=0/cf=11.0877,A_core,0.1,0.4,0.5,1.0,0.0,1.0,11.087667012373094,wiki_B,autorpa_233k,ours_spend_cap,9731793731.75,0.893883,10.9,15.6,570.7,140.7,0.0,652.2,518.3,0.011,279.7,722584367.963,always_reactive,0.480465
h=0.1/q0=0.4/p=0.5/r=1/sig=0/cf=11.0877,A_core,0.1,0.4,0.5,1.0,0.0,1.0,11.087667012373094,wiki_B,autorpa_233k,ours_cap_epoch,9731793731.75,0.893883,10.9,15.6,570.7,140.7,0.0,652.2,518.3,0.011,279.7,722584367.963,always_reactive,0.480465
h=0.1/q0=0.4/p=0.5/r=1/sig=0/cf=11.0877,A_core,0.1,0.4,0.5,1.0,0.0,1.0,11.087667012373094,wiki_B,autorpa_233k,ours_cap_realized,9755069497.561,0.896021,10.9,15.8,590.4,149.7,0.0,688.1,536.3,0.011,289.3,747385261.536,always_reactive,0.480465
h=0.1/q0=0.4/p=0.5/r=1/sig=0/cf=11.0877,A_core,0.1,0.4,0.5,1.0,0.0,1.0,11.087667012373094,wiki_B,autorpa_233k,ours_pi_prior,10638429665.491,0.97716,17.2,25.6,1374.2,497.1,0.0,2278.3,1261.2,0.015,686.5,1773522233.131,always_reactive,0.480465
h=0.1/q0=0.4/p=0.5/r=1/sig=0/cf=11.0877,A_core,0.1,0.4,0.5,1.0,0.0,1.0,11.087667012373094,wiki_B,autorpa_233k,breakeven,10216428959.931,0.938398,3.1,10.6,940.0,200.2,0.0,920.1,837.5,0.007,464.5,1200001569.249,always_reactive,0.480465
h=0.1/q0=0.4/p=0.5/r=1/sig=0/cf=11.0877,A_core,0.1,0.4,0.5,1.0,0.0,1.0,11.087667012373094,wiki_B,autorpa_233k,breakeven_cap_epoch,9606111671.508,0.882339,2.4,7.0,459.0,73.8,0.0,345.1,421.8,0.006,227.2,586954481.234,always_reactive,0.480465
h=0.1/q0=0.4/p=0.5/r=1/sig=0/cf=11.0877,A_core,0.1,0.4,0.5,1.0,0.0,1.0,11.087667012373094,wiki_B,autorpa_233k,offline_taxblind,8693022436.703,0.79847,,,,,,,,,,,always_reactive,0.480465
h=0.1/q0=0.4/p=0.5/r=1/sig=0/cf=11.0877,A_core,0.1,0.4,0.5,1.0,0.0,1.0,11.087667012373094,wiki_B,autorpa_233k,offline_opt_tax,8777788548.486,0.806256,,,,,,,,,,,always_reactive,0.480465
h=0.1/q0=0.4/p=0.5/r=1/sig=0/cf=11.0877,A_core,0.1,0.4,0.5,1.0,0.0,1.0,11.087667012373094,wiki_B,native,always_reactive,8991713899.193,0.847405,0.0,0.0,0.0,0.0,0.0,0.0,0.0,0.004,0.0,0.0,always_reactive,0.693365
h=0.1/q0=0.4/p=0.5/r=1/sig=0/cf=11.0877,A_core,0.1,0.4,0.5,1.0,0.0,1.0,11.087667012373094,wiki_B,native,always_compile_evict,12968222167.424,1.222163,45.5,63.4,7297.9,2488.1,0.0,11251.9,6680.1,0.03,3643.5,4382625635.368,always_reactive,0.693365
h=0.1/q0=0.4/p=0.5/r=1/sig=0/cf=11.0877,A_core,0.1,0.4,0.5,1.0,0.0,1.0,11.087667012373094,wiki_B,native,ours_noinflate,10610880544.654,1.0,19.8,38.1,3444.4,1187.7,0.0,5461.3,2934.1,0.02,1712.7,2080936356.847,always_reactive,0.693365
h=0.1/q0=0.4/p=0.5/r=1/sig=0/cf=11.0877,A_core,0.1,0.4,0.5,1.0,0.0,1.0,11.087667012373094,wiki_B,native,oracle_tax,9031415040.342,0.851147,11.1,13.9,92.8,35.2,0.0,168.7,60.2,0.005,46.5,54751390.336,always_reactive,0.693365
h=0.1/q0=0.4/p=0.5/r=1/sig=0/cf=11.0877,A_core,0.1,0.4,0.5,1.0,0.0,1.0,11.087667012373094,wiki_B,native,ours_spend_cap,9716565230.167,0.915717,7.1,17.7,1252.1,301.9,0.0,1396.8,1016.0,0.01,622.5,771143737.008,always_reactive,0.693365
h=0.1/q0=0.4/p=0.5/r=1/sig=0/cf=11.0877,A_core,0.1,0.4,0.5,1.0,0.0,1.0,11.087667012373094,wiki_B,native,ours_cap_epoch,9716565230.167,0.915717,7.1,17.7,1252.1,301.9,0.0,1396.8,1016.0,0.01,622.5,771143737.008,always_reactive,0.693365
h=0.1/q0=0.4/p=0.5/r=1/sig=0/cf=11.0877,A_core,0.1,0.4,0.5,1.0,0.0,1.0,11.087667012373094,wiki_B,native,ours_cap_realized,9767932538.75,0.920558,7.6,18.9,1393.1,364.2,0.0,1668.5,1141.3,0.011,692.3,853915173.688,always_reactive,0.693365
h=0.1/q0=0.4/p=0.5/r=1/sig=0/cf=11.0877,A_core,0.1,0.4,0.5,1.0,0.0,1.0,11.087667012373094,wiki_B,native,ours_pi_prior,10515756124.366,0.991035,21.1,36.5,3204.8,1105.2,0.0,5082.2,2751.1,0.019,1599.8,1943820345.203,always_reactive,0.693365
h=0.1/q0=0.4/p=0.5/r=1/sig=0/cf=11.0877,A_core,0.1,0.4,0.5,1.0,0.0,1.0,11.087667012373094,wiki_B,native,breakeven,9894216098.977,0.932459,2.6,9.9,1565.0,248.4,0.0,1125.2,1362.5,0.006,770.2,934221635.718,always_reactive,0.693365
h=0.1/q0=0.4/p=0.5/r=1/sig=0/cf=11.0877,A_core,0.1,0.4,0.5,1.0,0.0,1.0,11.087667012373094,wiki_B,native,breakeven_cap_epoch,9490394887.124,0.894402,0.9,6.7,826.5,98.1,0.0,442.9,742.2,0.005,410.5,497478047.913,always_reactive,0.693365
h=0.1/q0=0.4/p=0.5/r=1/sig=0/cf=11.0877,A_core,0.1,0.4,0.5,1.0,0.0,1.0,11.087667012373094,wiki_B,native,offline_taxblind,8308371559.954,0.783005,,,,,,,,,,,always_reactive,0.693365
h=0.1/q0=0.4/p=0.5/r=1/sig=0/cf=11.0877,A_core,0.1,0.4,0.5,1.0,0.0,1.0,11.087667012373094,wiki_B,native,offline_opt_tax,8416325112.986,0.793179,,,,,,,,,,,always_reactive,0.693365
h=0.1/q0=0.4/p=0.5/r=1/sig=0/cf=1,A_core,0.1,0.4,0.5,1.0,0.0,1.0,1.0,bpi2019,autorpa_233k,always_reactive,26858149732.486,1.075007,0.0,0.0,0.0,0.0,0.0,0.0,0.0,0.003,0.0,0.0,ours_noinflate,0.93985
h=0.1/q0=0.4/p=0.5/r=1/sig=0/cf=1,A_core,0.1,0.4,0.5,1.0,0.0,1.0,1.0,bpi2019,autorpa_233k,always_compile_evict,26583115422.986,1.063999,58.9,94.0,45577.8,21432.0,0.0,98481.2,45198.0,0.057,22817.0,5316361000.0,ours_noinflate,0.93985
h=0.1/q0=0.4/p=0.5/r=1/sig=0/cf=1,A_core,0.1,0.4,0.5,1.0,0.0,1.0,1.0,bpi2019,autorpa_233k,ours_noinflate,24984153810.968,1.0,17.5,30.2,14546.8,6994.8,0.0,32233.5,14342.1,0.02,7276.4,1695401200.0,ours_noinflate,0.93985
h=0.1/q0=0.4/p=0.5/r=1/sig=0/cf=1,A_core,0.1,0.4,0.5,1.0,0.0,1.0,1.0,bpi2019,autorpa_233k,oracle_tax,26810881273.183,1.073115,9.2,16.9,350.6,167.2,0.0,749.2,251.4,0.004,174.2,40588600.0,ours_noinflate,0.93985
h=0.1/q0=0.4/p=0.5/r=1/sig=0/cf=1,A_core,0.1,0.4,0.5,1.0,0.0,1.0,1.0,bpi2019,autorpa_233k,ours_spend_cap,26980216019.203,1.079893,7.9,20.1,1459.7,505.5,0.0,2307.4,1301.5,0.01,729.5,169973500.0,ours_noinflate,0.93985
h=0.1/q0=0.4/p=0.5/r=1/sig=0/cf=1,A_core,0.1,0.4,0.5,1.0,0.0,1.0,1.0,bpi2019,autorpa_233k,ours_cap_epoch,26908641750.319,1.077028,9.9,22.9,2327.2,922.4,0.0,4233.3,2126.1,0.013,1161.2,270559600.0,ours_noinflate,0.93985
h=0.1/q0=0.4/p=0.5/r=1/sig=0/cf=1,A_core,0.1,0.4,0.5,1.0,0.0,1.0,1.0,bpi2019,autorpa_233k,ours_cap_realized,25164058843.662,1.007201,17.3,29.9,13434.7,6442.6,0.0,29714.1,13244.6,0.019,6719.3,1565596900.0,ours_noinflate,0.93985
h=0.1/q0=0.4/p=0.5/r=1/sig=0/cf=1,A_core,0.1,0.4,0.5,1.0,0.0,1.0,1.0,bpi2019,autorpa_233k,ours_pi_prior,26455486087.625,1.058891,17.4,26.3,5370.4,2443.8,0.0,11259.7,5206.5,0.016,2700.5,629216500.0,ours_noinflate,0.93985
h=0.1/q0=0.4/p=0.5/r=1/sig=0/cf=1,A_core,0.1,0.4,0.5,1.0,0.0,1.0,1.0,bpi2019,autorpa_233k,breakeven,27058398789.302,1.083022,3.7,9.0,1488.4,297.2,0.0,1349.8,1315.6,0.005,749.6,174656800.0,ours_noinflate,0.93985
h=0.1/q0=0.4/p=0.5/r=1/sig=0/cf=1,A_core,0.1,0.4,0.5,1.0,0.0,1.0,1.0,bpi2019,autorpa_233k,breakeven_cap_epoch,27033579088.047,1.082029,3.5,8.1,1234.7,225.3,0.0,1025.2,1097.7,0.005,621.6,144832800.0,ours_noinflate,0.93985
h=0.1/q0=0.4/p=0.5/r=1/sig=0/cf=1,A_core,0.1,0.4,0.5,1.0,0.0,1.0,1.0,bpi2019,autorpa_233k,offline_taxblind,21992794053.509,0.88027,,,,,,,,,,,ours_noinflate,0.93985
h=0.1/q0=0.4/p=0.5/r=1/sig=0/cf=1,A_core,0.1,0.4,0.5,1.0,0.0,1.0,1.0,bpi2019,autorpa_233k,offline_opt_tax,22288607999.618,0.89211,,,,,,,,,,,ours_noinflate,0.93985
h=0.1/q0=0.4/p=0.5/r=1/sig=0/cf=1,A_core,0.1,0.4,0.5,1.0,0.0,1.0,1.0,bpi2019,native,always_reactive,26858149732.486,1.358664,0.0,0.0,0.0,0.0,0.0,0.0,0.0,0.003,0.0,0.0,ours_noinflate,0.987175
h=0.1/q0=0.4/p=0.5/r=1/sig=0/cf=1,A_core,0.1,0.4,0.5,1.0,0.0,1.0,1.0,bpi2019,native,always_compile_evict,20024874676.932,1.012991,32.0,59.6,45577.8,21432.0,0.0,98481.2,44620.0,0.044,22817.0,2358542981.5,ours_noinflate,0.987175
h=0.1/q0=0.4/p=0.5/r=1/sig=0/cf=1,A_core,0.1,0.4,0.5,1.0,0.0,1.0,1.0,bpi2019,native,ours_noinflate,19768059282.444,1.0,19.1,35.0,30165.1,14439.3,0.0,66369.8,29398.2,0.027,15116.5,1619059818.5,ours_noinflate,0.987175
h=0.1/q0=0.4/p=0.5/r=1/sig=0/cf=1,A_core,0.1,0.4,0.5,1.0,0.0,1.0,1.0,bpi2019,native,oracle_tax,26699315264.345,1.350629,16.2,23.0,617.0,292.8,0.0,1346.1,451.9,0.004,308.0,32707906.0,ours_noinflate,0.987175
h=0.1/q0=0.4/p=0.5/r=1/sig=0/cf=1,A_core,0.1,0.4,0.5,1.0,0.0,1.0,1.0,bpi2019,native,ours_spend_cap,26555133526.869,1.343335,7.3,22.9,3593.5,1256.4,0.0,5759.9,2863.3,0.011,1805.3,196367270.35,ours_noinflate,0.987175
h=0.1/q0=0.4/p=0.5/r=1/sig=0/cf=1,A_core,0.1,0.4,0.5,1.0,0.0,1.0,1.0,bpi2019,native,ours_cap_epoch,24688276427.107,1.248897,15.0,29.5,10638.6,4726.9,0.0,21700.0,9734.0,0.018,5328.4,571459137.8,ours_noinflate,0.987175
h=0.1/q0=0.4/p=0.5/r=1/sig=0/cf=1,A_core,0.1,0.4,0.5,1.0,0.0,1.0,1.0,bpi2019,native,ours_cap_realized,19769424559.946,1.000069,19.0,35.0,30120.6,14418.0,0.0,66278.7,29354.3,0.027,15094.6,1616605919.45,ours_noinflate,0.987175
h=0.1/q0=0.4/p=0.5/r=1/sig=0/cf=1,A_core,0.1,0.4,0.5,1.0,0.0,1.0,1.0,bpi2019,native,ours_pi_prior,22174517406.926,1.121735,20.0,32.1,20661.8,9753.8,0.0,44947.0,19980.5,0.022,10346.7,1108188236.4,ours_noinflate,0.987175
h=0.1/q0=0.4/p=0.5/r=1/sig=0/cf=1,A_core,0.1,0.4,0.5,1.0,0.0,1.0,1.0,bpi2019,native,breakeven,26893397629.229,1.360447,0.7,8.1,2165.7,351.8,0.0,1599.8,1825.2,0.004,1083.7,117247964.15,ours_noinflate,0.987175
h=0.1/q0=0.4/p=0.5/r=1/sig=0/cf=1,A_core,0.1,0.4,0.5,1.0,0.0,1.0,1.0,bpi2019,native,breakeven_cap_epoch,26885815288.166,1.360063,0.6,8.0,2025.0,318.0,0.0,1455.5,1697.9,0.004,1012.9,110223492.8,ours_noinflate,0.987175
h=0.1/q0=0.4/p=0.5/r=1/sig=0/cf=1,A_core,0.1,0.4,0.5,1.0,0.0,1.0,1.0,bpi2019,native,offline_taxblind,17921235002.566,0.906575,,,,,,,,,,,ours_noinflate,0.987175
h=0.1/q0=0.4/p=0.5/r=1/sig=0/cf=1,A_core,0.1,0.4,0.5,1.0,0.0,1.0,1.0,bpi2019,native,offline_opt_tax,18289314758.845,0.925195,,,,,,,,,,,ours_noinflate,0.987175
h=0.1/q0=0.4/p=0.5/r=1/sig=0/cf=1,A_core,0.1,0.4,0.5,1.0,0.0,1.0,1.0,sepsis,autorpa_233k,always_reactive,93787502.059,0.991516,0.0,0.0,0.0,0.0,0.0,0.0,0.0,0.004,0.0,0.0,always_reactive,0.915827
h=0.1/q0=0.4/p=0.5/r=1/sig=0/cf=1,A_core,0.1,0.4,0.5,1.0,0.0,1.0,1.0,sepsis,autorpa_233k,always_compile_evict,102407429.531,1.082646,14.4,15.8,55.7,10.0,0.0,51.2,50.2,0.011,28.2,6570600.0,always_reactive,0.915827
h=0.1/q0=0.4/p=0.5/r=1/sig=0/cf=1,A_core,0.1,0.4,0.5,1.0,0.0,1.0,1.0,sepsis,autorpa_233k,ours_noinflate,94589967.873,1.0,2.8,3.0,7.8,1.4,0.0,5.0,6.4,0.005,3.2,745600.0,always_reactive,0.915827
h=0.1/q0=0.4/p=0.5/r=1/sig=0/cf=1,A_core,0.1,0.4,0.5,1.0,0.0,1.0,1.0,sepsis,autorpa_233k,oracle_tax,93576278.9,0.989283,0.8,1.3,3.4,1.1,0.0,4.6,2.0,0.005,1.5,349500.0,always_reactive,0.915827
h=0.1/q0=0.4/p=0.5/r=1/sig=0/cf=1,A_core,0.1,0.4,0.5,1.0,0.0,1.0,1.0,sepsis,autorpa_233k,ours_spend_cap,94589967.873,1.0,2.8,3.0,7.8,1.4,0.0,5.0,6.4,0.005,3.2,745600.0,always_reactive,0.915827
h=0.1/q0=0.4/p=0.5/r=1/sig=0/cf=1,A_core,0.1,0.4,0.5,1.0,0.0,1.0,1.0,sepsis,autorpa_233k,ours_cap_epoch,94589967.873,1.0,2.8,3.0,7.8,1.4,0.0,5.0,6.4,0.005,3.2,745600.0,always_reactive,0.915827
h=0.1/q0=0.4/p=0.5/r=1/sig=0/cf=1,A_core,0.1,0.4,0.5,1.0,0.0,1.0,1.0,sepsis,autorpa_233k,ours_cap_realized,94589967.873,1.0,2.8,3.0,7.8,1.4,0.0,5.0,6.4,0.005,3.2,745600.0,always_reactive,0.915827
h=0.1/q0=0.4/p=0.5/r=1/sig=0/cf=1,A_core,0.1,0.4,0.5,1.0,0.0,1.0,1.0,sepsis,autorpa_233k,ours_pi_prior,94215775.716,0.996044,1.6,1.8,4.2,0.7,0.0,3.2,3.3,0.004,1.9,442700.0,always_reactive,0.915827
h=0.1/q0=0.4/p=0.5/r=1/sig=0/cf=1,A_core,0.1,0.4,0.5,1.0,0.0,1.0,1.0,sepsis,autorpa_233k,breakeven,94663801.021,1.000781,2.0,2.6,7.8,1.8,0.0,9.7,6.0,0.005,3.6,838800.0,always_reactive,0.915827
h=0.1/q0=0.4/p=0.5/r=1/sig=0/cf=1,A_core,0.1,0.4,0.5,1.0,0.0,1.0,1.0,sepsis,autorpa_233k,breakeven_cap_epoch,94663801.021,1.000781,2.0,2.6,7.8,1.8,0.0,9.7,6.0,0.005,3.6,838800.0,always_reactive,0.915827
h=0.1/q0=0.4/p=0.5/r=1/sig=0/cf=1,A_core,0.1,0.4,0.5,1.0,0.0,1.0,1.0,sepsis,autorpa_233k,offline_taxblind,93565085.147,0.989165,,,,,,,,,,,always_reactive,0.915827
h=0.1/q0=0.4/p=0.5/r=1/sig=0/cf=1,A_core,0.1,0.4,0.5,1.0,0.0,1.0,1.0,sepsis,autorpa_233k,offline_opt_tax,93664870.124,0.99022,,,,,,,,,,,always_reactive,0.915827
h=0.1/q0=0.4/p=0.5/r=1/sig=0/cf=1,A_core,0.1,0.4,0.5,1.0,0.0,1.0,1.0,sepsis,native,always_reactive,93787502.059,1.003296,0.0,0.0,0.0,0.0,0.0,0.0,0.0,0.004,0.0,0.0,ours_noinflate,0.977334
h=0.1/q0=0.4/p=0.5/r=1/sig=0/cf=1,A_core,0.1,0.4,0.5,1.0,0.0,1.0,1.0,sepsis,native,always_compile_evict,95647297.231,1.023191,12.6,14.1,55.7,10.0,0.0,51.2,44.0,0.011,28.2,3202131.15,ours_noinflate,0.977334
h=0.1/q0=0.4/p=0.5/r=1/sig=0/cf=1,A_core,0.1,0.4,0.5,1.0,0.0,1.0,1.0,sepsis,native,ours_noinflate,93479371.812,1.0,4.1,5.7,21.0,4.3,0.0,21.1,13.8,0.007,10.5,1205564.25,ours_noinflate,0.977334
h=0.1/q0=0.4/p=0.5/r=1/sig=0/cf=1,A_core,0.1,0.4,0.5,1.0,0.0,1.0,1.0,sepsis,native,oracle_tax,92987546.185,0.994739,3.8,5.4,16.4,5.1,0.0,26.3,8.9,0.007,7.5,917154.75,ours_noinflate,0.977334
h=0.1/q0=0.4/p=0.5/r=1/sig=0/cf=1,A_core,0.1,0.4,0.5,1.0,0.0,1.0,1.0,sepsis,native,ours_spend_cap,93508389.065,1.00031,4.1,5.6,20.9,4.2,0.0,20.8,13.7,0.007,10.5,1205564.25,ours_noinflate,0.977334
h=0.1/q0=0.4/p=0.5/r=1/sig=0/cf=1,A_core,0.1,0.4,0.5,1.0,0.0,1.0,1.0,sepsis,native,ours_cap_epoch,93479371.812,1.0,4.1,5.7,21.0,4.3,0.0,21.1,13.8,0.007,10.5,1205564.25,ours_noinflate,0.977334
h=0.1/q0=0.4/p=0.5/r=1/sig=0/cf=1,A_core,0.1,0.4,0.5,1.0,0.0,1.0,1.0,sepsis,native,ours_cap_realized,93479371.812,1.0,4.1,5.7,21.0,4.3,0.0,21.1,13.8,0.007,10.5,1205564.25,ours_noinflate,0.977334
h=0.1/q0=0.4/p=0.5/r=1/sig=0/cf=1,A_core,0.1,0.4,0.5,1.0,0.0,1.0,1.0,sepsis,native,ours_pi_prior,93933389.907,1.004857,4.4,5.8,21.6,4.4,0.0,22.5,15.0,0.007,11.5,1338161.0,ours_noinflate,0.977334
h=0.1/q0=0.4/p=0.5/r=1/sig=0/cf=1,A_core,0.1,0.4,0.5,1.0,0.0,1.0,1.0,sepsis,native,breakeven,93986165.101,1.005421,4.0,6.0,20.3,4.6,0.0,22.2,13.7,0.006,9.7,1131923.9,ours_noinflate,0.977334
h=0.1/q0=0.4/p=0.5/r=1/sig=0/cf=1,A_core,0.1,0.4,0.5,1.0,0.0,1.0,1.0,sepsis,native,breakeven_cap_epoch,93961084.549,1.005153,3.8,5.8,20.0,4.6,0.0,22.0,13.4,0.006,9.6,1117532.7,ours_noinflate,0.977334
h=0.1/q0=0.4/p=0.5/r=1/sig=0/cf=1,A_core,0.1,0.4,0.5,1.0,0.0,1.0,1.0,sepsis,native,offline_taxblind,91852702.391,0.982599,,,,,,,,,,,ours_noinflate,0.977334
h=0.1/q0=0.4/p=0.5/r=1/sig=0/cf=1,A_core,0.1,0.4,0.5,1.0,0.0,1.0,1.0,sepsis,native,offline_opt_tax,92506806.692,0.989596,,,,,,,,,,,ours_noinflate,0.977334
h=0.1/q0=0.4/p=0.5/r=1/sig=0/cf=1,A_core,0.1,0.4,0.5,1.0,0.0,1.0,1.0,wiki_A,autorpa_233k,always_reactive,4770469730.199,1.032898,0.0,0.0,0.0,0.0,0.0,0.0,0.0,0.005,0.0,0.0,ours_noinflate,0.847116
h=0.1/q0=0.4/p=0.5/r=1/sig=0/cf=1,A_core,0.1,0.4,0.5,1.0,0.0,1.0,1.0,wiki_A,autorpa_233k,always_compile_evict,5452065259.902,1.180476,15.8,45.7,11780.3,5676.4,0.0,26059.9,11413.1,0.023,5880.4,1370133200.0,ours_noinflate,0.847116
h=0.1/q0=0.4/p=0.5/r=1/sig=0/cf=1,A_core,0.1,0.4,0.5,1.0,0.0,1.0,1.0,wiki_A,autorpa_233k,ours_noinflate,4618531456.211,1.0,4.6,14.9,1255.7,576.4,0.0,2645.0,1100.6,0.011,632.6,147395800.0,ours_noinflate,0.847116
h=0.1/q0=0.4/p=0.5/r=1/sig=0/cf=1,A_core,0.1,0.4,0.5,1.0,0.0,1.0,1.0,wiki_A,autorpa_233k,oracle_tax,4730458889.467,1.024234,2.5,4.3,240.5,115.8,0.0,519.8,172.7,0.005,122.2,28472600.0,ours_noinflate,0.847116
h=0.1/q0=0.4/p=0.5/r=1/sig=0/cf=1,A_core,0.1,0.4,0.5,1.0,0.0,1.0,1.0,wiki_A,autorpa_233k,ours_spend_cap,4773391004.147,1.03353,1.8,11.5,264.5,93.1,0.0,421.2,209.6,0.009,135.8,31641400.0,ours_noinflate,0.847116
h=0.1/q0=0.4/p=0.5/r=1/sig=0/cf=1,A_core,0.1,0.4,0.5,1.0,0.0,1.0,1.0,wiki_A,autorpa_233k,ours_cap_epoch,4745208723.385,1.027428,2.8,13.0,438.0,177.4,0.0,816.6,349.4,0.009,220.3,51329900.0,ours_noinflate,0.847116
h=0.1/q0=0.4/p=0.5/r=1/sig=0/cf=1,A_core,0.1,0.4,0.5,1.0,0.0,1.0,1.0,wiki_A,autorpa_233k,ours_cap_realized,4627961697.568,1.002042,4.5,14.6,1203.9,552.0,0.0,2524.2,1055.4,0.011,605.9,141174700.0,ours_noinflate,0.847116
h=0.1/q0=0.4/p=0.5/r=1/sig=0/cf=1,A_core,0.1,0.4,0.5,1.0,0.0,1.0,1.0,wiki_A,autorpa_233k,ours_pi_prior,4677345505.794,1.012734,2.0,10.4,772.7,346.3,0.0,1609.8,668.0,0.009,391.8,91289400.0,ours_noinflate,0.847116
h=0.1/q0=0.4/p=0.5/r=1/sig=0/cf=1,A_core,0.1,0.4,0.5,1.0,0.0,1.0,1.0,wiki_A,autorpa_233k,breakeven,4912297416.581,1.063606,0.7,6.7,2202.5,1029.6,0.0,4729.5,1999.0,0.006,1095.6,255274800.0,ours_noinflate,0.847116
h=0.1/q0=0.4/p=0.5/r=1/sig=0/cf=1,A_core,0.1,0.4,0.5,1.0,0.0,1.0,1.0,wiki_A,autorpa_233k,breakeven_cap_epoch,4783892048.171,1.035804,0.5,6.2,373.8,127.4,0.0,556.5,293.9,0.006,185.2,43151600.0,ours_noinflate,0.847116
h=0.1/q0=0.4/p=0.5/r=1/sig=0/cf=1,A_core,0.1,0.4,0.5,1.0,0.0,1.0,1.0,wiki_A,autorpa_233k,offline_taxblind,4407816653.989,0.954376,,,,,,,,,,,ours_noinflate,0.847116
h=0.1/q0=0.4/p=0.5/r=1/sig=0/cf=1,A_core,0.1,0.4,0.5,1.0,0.0,1.0,1.0,wiki_A,autorpa_233k,offline_opt_tax,4435522009.608,0.960375,,,,,,,,,,,ours_noinflate,0.847116
h=0.1/q0=0.4/p=0.5/r=1/sig=0/cf=1,A_core,0.1,0.4,0.5,1.0,0.0,1.0,1.0,wiki_A,native,always_reactive,4770469730.199,1.118854,0.0,0.0,0.0,0.0,0.0,0.0,0.0,0.005,0.0,0.0,always_compile_evict,1.0
h=0.1/q0=0.4/p=0.5/r=1/sig=0/cf=1,A_core,0.1,0.4,0.5,1.0,0.0,1.0,1.0,wiki_A,native,always_compile_evict,4066553304.151,0.953759,8.5,36.3,11780.3,5676.4,0.0,26059.9,11211.5,0.022,5880.4,696774357.05,always_compile_evict,1.0
h=0.1/q0=0.4/p=0.5/r=1/sig=0/cf=1,A_core,0.1,0.4,0.5,1.0,0.0,1.0,1.0,wiki_A,native,ours_noinflate,4263710070.303,1.0,4.1,22.2,2958.0,1365.2,0.0,6244.4,2577.9,0.015,1488.0,160661412.75,always_compile_evict,1.0
h=0.1/q0=0.4/p=0.5/r=1/sig=0/cf=1,A_core,0.1,0.4,0.5,1.0,0.0,1.0,1.0,wiki_A,native,oracle_tax,4657759559.962,1.092419,4.4,6.5,449.2,220.4,0.0,1001.6,329.1,0.006,224.4,25376463.3,always_compile_evict,1.0
h=0.1/q0=0.4/p=0.5/r=1/sig=0/cf=1,A_core,0.1,0.4,0.5,1.0,0.0,1.0,1.0,wiki_A,native,ours_spend_cap,4694086609.794,1.100939,1.1,18.1,675.9,246.3,0.0,1111.9,489.6,0.01,340.9,37201218.8,always_compile_evict,1.0
h=0.1/q0=0.4/p=0.5/r=1/sig=0/cf=1,A_core,0.1,0.4,0.5,1.0,0.0,1.0,1.0,wiki_A,native,ours_cap_epoch,4378621870.478,1.026951,3.0,21.5,1820.7,801.9,0.0,3675.5,1487.2,0.014,918.4,98743532.3,always_compile_evict,1.0
h=0.1/q0=0.4/p=0.5/r=1/sig=0/cf=1,A_core,0.1,0.4,0.5,1.0,0.0,1.0,1.0,wiki_A,native,ours_cap_realized,4263982336.761,1.000064,4.1,22.1,2933.5,1353.8,0.0,6190.9,2555.8,0.014,1475.2,158838197.9,always_compile_evict,1.0
h=0.1/q0=0.4/p=0.5/r=1/sig=0/cf=1,A_core,0.1,0.4,0.5,1.0,0.0,1.0,1.0,wiki_A,native,ours_pi_prior,4293069249.484,1.006886,3.8,18.8,4042.5,1922.6,0.0,8786.9,3673.0,0.013,2021.0,225425148.25,always_compile_evict,1.0
h=0.1/q0=0.4/p=0.5/r=1/sig=0/cf=1,A_core,0.1,0.4,0.5,1.0,0.0,1.0,1.0,wiki_A,native,breakeven,4672109872.364,1.095785,0.5,7.7,2710.2,1231.6,0.0,5620.2,2421.6,0.007,1349.2,147264359.15,always_compile_evict,1.0
h=0.1/q0=0.4/p=0.5/r=1/sig=0/cf=1,A_core,0.1,0.4,0.5,1.0,0.0,1.0,1.0,wiki_A,native,breakeven_cap_epoch,4725372703.328,1.108277,0.2,7.1,638.8,205.3,0.0,911.3,463.4,0.006,318.6,35123506.2,always_compile_evict,1.0
h=0.1/q0=0.4/p=0.5/r=1/sig=0/cf=1,A_core,0.1,0.4,0.5,1.0,0.0,1.0,1.0,wiki_A,native,offline_taxblind,3844184315.001,0.901605,,,,,,,,,,,always_compile_evict,1.0
h=0.1/q0=0.4/p=0.5/r=1/sig=0/cf=1,A_core,0.1,0.4,0.5,1.0,0.0,1.0,1.0,wiki_A,native,offline_opt_tax,3880929225.304,0.910224,,,,,,,,,,,always_compile_evict,1.0
h=0.1/q0=0.4/p=0.5/r=1/sig=0/cf=1,A_core,0.1,0.4,0.5,1.0,0.0,1.0,1.0,wiki_B,autorpa_233k,always_reactive,8991713899.193,0.99467,0.0,0.0,0.0,0.0,0.0,0.0,0.0,0.004,0.0,0.0,always_reactive,0.88581
h=0.1/q0=0.4/p=0.5/r=1/sig=0/cf=1,A_core,0.1,0.4,0.5,1.0,0.0,1.0,1.0,wiki_B,autorpa_233k,always_compile_evict,10150839715.063,1.122894,88.9,101.3,7297.9,2488.1,0.0,11251.9,7042.6,0.064,3643.5,848935500.0,always_reactive,0.88581
h=0.1/q0=0.4/p=0.5/r=1/sig=0/cf=1,A_core,0.1,0.4,0.5,1.0,0.0,1.0,1.0,wiki_B,autorpa_233k,ours_noinflate,9039895273.693,1.0,23.0,30.7,1587.4,568.9,0.0,2628.4,1462.8,0.021,785.9,183114700.0,always_reactive,0.88581
h=0.1/q0=0.4/p=0.5/r=1/sig=0/cf=1,A_core,0.1,0.4,0.5,1.0,0.0,1.0,1.0,wiki_B,autorpa_233k,oracle_tax,8990327794.41,0.994517,2.1,3.3,19.9,7.5,0.0,35.0,12.8,0.004,10.3,2399900.0,always_reactive,0.88581
h=0.1/q0=0.4/p=0.5/r=1/sig=0/cf=1,A_core,0.1,0.4,0.5,1.0,0.0,1.0,1.0,wiki_B,autorpa_233k,ours_spend_cap,9097779475.724,1.006403,16.5,24.3,992.5,292.3,0.0,1350.3,893.9,0.017,487.8,113657400.0,always_reactive,0.88581
h=0.1/q0=0.4/p=0.5/r=1/sig=0/cf=1,A_core,0.1,0.4,0.5,1.0,0.0,1.0,1.0,wiki_B,autorpa_233k,ours_cap_epoch,9083619627.132,1.004837,20.2,27.7,1215.8,392.3,0.0,1824.4,1102.3,0.019,599.8,139753400.0,always_reactive,0.88581
h=0.1/q0=0.4/p=0.5/r=1/sig=0/cf=1,A_core,0.1,0.4,0.5,1.0,0.0,1.0,1.0,wiki_B,autorpa_233k,ours_cap_realized,9042857996.469,1.000328,22.6,30.6,1543.4,549.6,0.0,2545.1,1420.0,0.02,762.7,177709100.0,always_reactive,0.88581
h=0.1/q0=0.4/p=0.5/r=1/sig=0/cf=1,A_core,0.1,0.4,0.5,1.0,0.0,1.0,1.0,wiki_B,autorpa_233k,ours_pi_prior,9024861932.368,0.998337,17.2,25.6,1374.2,497.1,0.0,2278.3,1261.2,0.017,686.5,159954500.0,always_reactive,0.88581
h=0.1/q0=0.4/p=0.5/r=1/sig=0/cf=1,A_core,0.1,0.4,0.5,1.0,0.0,1.0,1.0,wiki_B,autorpa_233k,breakeven,9124655890.688,1.009376,3.1,10.6,940.0,200.2,0.0,920.1,837.5,0.007,464.5,108228500.0,always_reactive,0.88581
h=0.1/q0=0.4/p=0.5/r=1/sig=0/cf=1,A_core,0.1,0.4,0.5,1.0,0.0,1.0,1.0,wiki_B,autorpa_233k,breakeven_cap_epoch,9107495482.857,1.007478,2.7,10.1,789.3,147.2,0.0,685.1,701.8,0.007,392.8,91522400.0,always_reactive,0.88581
h=0.1/q0=0.4/p=0.5/r=1/sig=0/cf=1,A_core,0.1,0.4,0.5,1.0,0.0,1.0,1.0,wiki_B,autorpa_233k,offline_taxblind,8693022436.703,0.961629,,,,,,,,,,,always_reactive,0.88581
h=0.1/q0=0.4/p=0.5/r=1/sig=0/cf=1,A_core,0.1,0.4,0.5,1.0,0.0,1.0,1.0,wiki_B,autorpa_233k,offline_opt_tax,8777788548.486,0.971006,,,,,,,,,,,always_reactive,0.88581
h=0.1/q0=0.4/p=0.5/r=1/sig=0/cf=1,A_core,0.1,0.4,0.5,1.0,0.0,1.0,1.0,wiki_B,native,always_reactive,8991713899.193,1.031441,0.0,0.0,0.0,0.0,0.0,0.0,0.0,0.004,0.0,0.0,ours_noinflate,0.970689
h=0.1/q0=0.4/p=0.5/r=1/sig=0/cf=1,A_core,0.1,0.4,0.5,1.0,0.0,1.0,1.0,wiki_B,native,always_compile_evict,8980866847.316,1.030197,45.5,63.4,7297.9,2488.1,0.0,11251.9,6680.1,0.044,3643.5,395270315.25,ours_noinflate,0.970689
h=0.1/q0=0.4/p=0.5/r=1/sig=0/cf=1,A_core,0.1,0.4,0.5,1.0,0.0,1.0,1.0,wiki_B,native,ours_noinflate,8717624459.466,1.0,19.8,38.1,3444.4,1187.7,0.0,5461.3,2934.1,0.025,1712.7,187680271.65,ours_noinflate,0.970689
h=0.1/q0=0.4/p=0.5/r=1/sig=0/cf=1,A_core,0.1,0.4,0.5,1.0,0.0,1.0,1.0,wiki_B,native,oracle_tax,8981601694.256,1.030281,11.1,13.9,92.8,35.2,0.0,168.7,60.2,0.005,46.5,4938044.25,ours_noinflate,0.970689
h=0.1/q0=0.4/p=0.5/r=1/sig=0/cf=1,A_core,0.1,0.4,0.5,1.0,0.0,1.0,1.0,wiki_B,native,ours_spend_cap,8909074674.853,1.021961,13.9,29.6,2428.0,707.4,0.0,3255.4,1975.1,0.02,1204.3,131971069.85,ours_noinflate,0.970689
h=0.1/q0=0.4/p=0.5/r=1/sig=0/cf=1,A_core,0.1,0.4,0.5,1.0,0.0,1.0,1.0,wiki_B,native,ours_cap_epoch,8739264645.074,1.002482,17.9,36.2,3198.0,1070.2,0.0,4918.0,2692.7,0.024,1589.6,173287616.2,ours_noinflate,0.970689
h=0.1/q0=0.4/p=0.5/r=1/sig=0/cf=1,A_core,0.1,0.4,0.5,1.0,0.0,1.0,1.0,wiki_B,native,ours_cap_realized,8717978512.538,1.000041,19.6,38.1,3439.1,1186.2,0.0,5454.2,2929.6,0.025,1709.4,187322286.3,ours_noinflate,0.970689
h=0.1/q0=0.4/p=0.5/r=1/sig=0/cf=1,A_core,0.1,0.4,0.5,1.0,0.0,1.0,1.0,wiki_B,native,ours_pi_prior,8747249516.771,1.003398,21.1,36.5,3204.8,1105.2,0.0,5082.2,2751.1,0.023,1599.8,175313737.6,ours_noinflate,0.970689
h=0.1/q0=0.4/p=0.5/r=1/sig=0/cf=1,A_core,0.1,0.4,0.5,1.0,0.0,1.0,1.0,wiki_B,native,breakeven,9044252191.663,1.037468,2.6,9.9,1565.0,248.4,0.0,1125.2,1362.5,0.007,770.2,84257728.4,ours_noinflate,0.970689
h=0.1/q0=0.4/p=0.5/r=1/sig=0/cf=1,A_core,0.1,0.4,0.5,1.0,0.0,1.0,1.0,wiki_B,native,breakeven_cap_epoch,9039576048.549,1.036931,2.5,9.8,1457.5,212.4,0.0,970.5,1264.2,0.007,719.1,78763297.95,ours_noinflate,0.970689
h=0.1/q0=0.4/p=0.5/r=1/sig=0/cf=1,A_core,0.1,0.4,0.5,1.0,0.0,1.0,1.0,wiki_B,native,offline_taxblind,8308371559.954,0.953055,,,,,,,,,,,ours_noinflate,0.970689
h=0.1/q0=0.4/p=0.5/r=1/sig=0/cf=1,A_core,0.1,0.4,0.5,1.0,0.0,1.0,1.0,wiki_B,native,offline_opt_tax,8416325112.986,0.965438,,,,,,,,,,,ours_noinflate,0.970689
h=0.1/q0=0.4/p=0/r=1/sig=0.3/cf=11.0877,D_sigma,0.1,0.4,0.0,1.0,0.3,3.0,11.087667012373094,bpi2019,autorpa_233k,always_reactive,26858149732.486,1.0,0.0,0.0,0.0,0.0,0.0,0.0,0.0,0.003,0.0,0.0,always_reactive,0.042054
h=0.1/q0=0.4/p=0/r=1/sig=0.3/cf=11.0877,D_sigma,0.1,0.4,0.0,1.0,0.3,3.0,11.087667012373094,bpi2019,autorpa_233k,always_compile_evict,638660026217.309,23.779003,0.0,0.0,236818.0,0.0,0.0,0.0,236818.0,0.0,236818.0,611801876482.757,always_reactive,0.042054
h=0.1/q0=0.4/p=0/r=1/sig=0.3/cf=11.0877,D_sigma,0.1,0.4,0.0,1.0,0.3,3.0,11.087667012373094,bpi2019,autorpa_233k,ours_noinflate,26858149732.486,1.0,0.0,0.0,0.0,0.0,0.0,0.0,0.0,0.003,0.0,0.0,always_reactive,0.042054
h=0.1/q0=0.4/p=0/r=1/sig=0.3/cf=11.0877,D_sigma,0.1,0.4,0.0,1.0,0.3,3.0,11.087667012373094,bpi2019,autorpa_233k,oracle_tax,26858149732.486,1.0,0.0,0.0,0.0,0.0,0.0,0.0,0.0,0.003,0.0,0.0,always_reactive,0.042054
h=0.1/q0=0.4/p=0/r=1/sig=0.3/cf=11.0877,D_sigma,0.1,0.4,0.0,1.0,0.3,3.0,11.087667012373094,bpi2019,autorpa_233k,ours_spend_cap,26858149732.486,1.0,0.0,0.0,0.0,0.0,0.0,0.0,0.0,0.003,0.0,0.0,always_reactive,0.042054
h=0.1/q0=0.4/p=0/r=1/sig=0.3/cf=11.0877,D_sigma,0.1,0.4,0.0,1.0,0.3,3.0,11.087667012373094,bpi2019,autorpa_233k,ours_cap_epoch,26858149732.486,1.0,0.0,0.0,0.0,0.0,0.0,0.0,0.0,0.003,0.0,0.0,always_reactive,0.042054
h=0.1/q0=0.4/p=0/r=1/sig=0.3/cf=11.0877,D_sigma,0.1,0.4,0.0,1.0,0.3,3.0,11.087667012373094,bpi2019,autorpa_233k,ours_cap_realized,26858149732.486,1.0,0.0,0.0,0.0,0.0,0.0,0.0,0.0,0.003,0.0,0.0,always_reactive,0.042054
h=0.1/q0=0.4/p=0/r=1/sig=0.3/cf=11.0877,D_sigma,0.1,0.4,0.0,1.0,0.3,3.0,11.087667012373094,bpi2019,autorpa_233k,ours_pi_prior,27387752147.333,1.019718,0.0,0.0,205.0,0.0,0.0,0.0,205.0,0.003,205.0,529602414.846,always_reactive,0.042054
h=0.1/q0=0.4/p=0/r=1/sig=0.3/cf=11.0877,D_sigma,0.1,0.4,0.0,1.0,0.3,3.0,11.087667012373094,bpi2019,autorpa_233k,breakeven,97424442227.423,3.62737,0.0,0.0,27315.0,0.0,0.0,0.0,27315.0,0.001,27315.0,70566292495.215,always_reactive,0.042054
h=0.1/q0=0.4/p=0/r=1/sig=0.3/cf=11.0877,D_sigma,0.1,0.4,0.0,1.0,0.3,3.0,11.087667012373094,bpi2019,autorpa_233k,breakeven_cap_epoch,27775266109.416,1.034147,0.0,0.0,355.0,0.0,0.0,0.0,355.0,0.003,355.0,917116376.928,always_reactive,0.042054
h=0.1/q0=0.4/p=0/r=1/sig=0.3/cf=11.0877,D_sigma,0.1,0.4,0.0,1.0,0.3,3.0,11.087667012373094,bpi2019,autorpa_233k,offline_taxblind,26858149732.495,1.0,,,,,,,,,,,always_reactive,0.042054
h=0.1/q0=0.4/p=0/r=1/sig=0.3/cf=11.0877,D_sigma,0.1,0.4,0.0,1.0,0.3,3.0,11.087667012373094,bpi2019,autorpa_233k,offline_opt_tax,26858149732.495,1.0,,,,,,,,,,,always_reactive,0.042054
h=0.1/q0=0.4/p=0/r=1/sig=0.3/cf=11.0877,D_sigma,0.1,0.4,0.0,1.0,0.3,3.0,11.087667012373094,bpi2019,native,always_reactive,26858149732.486,0.960543,0.0,0.0,0.0,0.0,0.0,0.0,0.0,0.003,0.0,0.0,always_reactive,0.090199
h=0.1/q0=0.4/p=0/r=1/sig=0.3/cf=11.0877,D_sigma,0.1,0.4,0.0,1.0,0.3,3.0,11.087667012373094,bpi2019,native,always_compile_evict,297766090738.087,10.649176,0.0,0.0,236818.0,0.0,0.0,0.0,236818.0,0.0,236818.0,270907941005.199,always_reactive,0.090199
h=0.1/q0=0.4/p=0/r=1/sig=0.3/cf=11.0877,D_sigma,0.1,0.4,0.0,1.0,0.3,3.0,11.087667012373094,bpi2019,native,ours_noinflate,27961419683.997,1.0,0.0,0.0,937.0,0.0,0.0,0.0,937.0,0.003,937.0,1103269951.509,always_reactive,0.090199
h=0.1/q0=0.4/p=0/r=1/sig=0.3/cf=11.0877,D_sigma,0.1,0.4,0.0,1.0,0.3,3.0,11.087667012373094,bpi2019,native,oracle_tax,26858149732.486,0.960543,0.0,0.0,0.0,0.0,0.0,0.0,0.0,0.003,0.0,0.0,always_reactive,0.090199
h=0.1/q0=0.4/p=0/r=1/sig=0.3/cf=11.0877,D_sigma,0.1,0.4,0.0,1.0,0.3,3.0,11.087667012373094,bpi2019,native,ours_spend_cap,27512811518.015,0.983956,0.0,0.0,556.0,0.0,0.0,0.0,556.0,0.003,556.0,654661785.527,always_reactive,0.090199
h=0.1/q0=0.4/p=0/r=1/sig=0.3/cf=11.0877,D_sigma,0.1,0.4,0.0,1.0,0.3,3.0,11.087667012373094,bpi2019,native,ours_cap_epoch,27512811518.015,0.983956,0.0,0.0,556.0,0.0,0.0,0.0,556.0,0.003,556.0,654661785.527,always_reactive,0.090199
h=0.1/q0=0.4/p=0/r=1/sig=0.3/cf=11.0877,D_sigma,0.1,0.4,0.0,1.0,0.3,3.0,11.087667012373094,bpi2019,native,ours_cap_realized,27512811518.015,0.983956,0.0,0.0,556.0,0.0,0.0,0.0,556.0,0.003,556.0,654661785.527,always_reactive,0.090199
h=0.1/q0=0.4/p=0/r=1/sig=0.3/cf=11.0877,D_sigma,0.1,0.4,0.0,1.0,0.3,3.0,11.087667012373094,bpi2019,native,ours_pi_prior,27889595279.47,0.997431,0.0,0.0,876.0,0.0,0.0,0.0,876.0,0.003,876.0,1031445546.982,always_reactive,0.090199
h=0.1/q0=0.4/p=0/r=1/sig=0.3/cf=11.0877,D_sigma,0.1,0.4,0.0,1.0,0.3,3.0,11.087667012373094,bpi2019,native,breakeven,98497682957.102,3.522628,0.0,0.0,60751.0,0.0,0.0,0.0,60751.0,0.001,60751.0,71639533224.755,always_reactive,0.090199
h=0.1/q0=0.4/p=0/r=1/sig=0.3/cf=11.0877,D_sigma,0.1,0.4,0.0,1.0,0.3,3.0,11.087667012373094,bpi2019,native,breakeven_cap_epoch,27548147225.348,0.98522,0.0,0.0,575.0,0.0,0.0,0.0,575.0,0.003,575.0,689997492.86,always_reactive,0.090199
h=0.1/q0=0.4/p=0/r=1/sig=0.3/cf=11.0877,D_sigma,0.1,0.4,0.0,1.0,0.3,3.0,11.087667012373094,bpi2019,native,offline_taxblind,26858149732.495,0.960543,,,,,,,,,,,always_reactive,0.090199
h=0.1/q0=0.4/p=0/r=1/sig=0.3/cf=11.0877,D_sigma,0.1,0.4,0.0,1.0,0.3,3.0,11.087667012373094,bpi2019,native,offline_opt_tax,26858149732.495,0.960543,,,,,,,,,,,always_reactive,0.090199
h=0.1/q0=0.4/p=0/r=1/sig=0.3/cf=11.0877,D_sigma,0.1,0.4,0.0,1.0,0.3,3.0,11.087667012373094,sepsis,autorpa_233k,always_reactive,93787502.059,1.0,0.0,0.0,0.0,0.0,0.0,0.0,0.0,0.004,0.0,0.0,always_reactive,0.203605
h=0.1/q0=0.4/p=0/r=1/sig=0.3/cf=11.0877,D_sigma,0.1,0.4,0.0,1.0,0.3,3.0,11.087667012373094,sepsis,autorpa_233k,always_compile_evict,460634052.831,4.911465,0.0,0.0,142.0,0.0,0.0,0.0,142.0,0.001,142.0,366846550.771,always_reactive,0.203605
h=0.1/q0=0.4/p=0/r=1/sig=0.3/cf=11.0877,D_sigma,0.1,0.4,0.0,1.0,0.3,3.0,11.087667012373094,sepsis,autorpa_233k,ours_noinflate,93787502.059,1.0,0.0,0.0,0.0,0.0,0.0,0.0,0.0,0.004,0.0,0.0,always_reactive,0.203605
h=0.1/q0=0.4/p=0/r=1/sig=0.3/cf=11.0877,D_sigma,0.1,0.4,0.0,1.0,0.3,3.0,11.087667012373094,sepsis,autorpa_233k,oracle_tax,93787502.059,1.0,0.0,0.0,0.0,0.0,0.0,0.0,0.0,0.004,0.0,0.0,always_reactive,0.203605
h=0.1/q0=0.4/p=0/r=1/sig=0.3/cf=11.0877,D_sigma,0.1,0.4,0.0,1.0,0.3,3.0,11.087667012373094,sepsis,autorpa_233k,ours_spend_cap,93787502.059,1.0,0.0,0.0,0.0,0.0,0.0,0.0,0.0,0.004,0.0,0.0,always_reactive,0.203605
h=0.1/q0=0.4/p=0/r=1/sig=0.3/cf=11.0877,D_sigma,0.1,0.4,0.0,1.0,0.3,3.0,11.087667012373094,sepsis,autorpa_233k,ours_cap_epoch,93787502.059,1.0,0.0,0.0,0.0,0.0,0.0,0.0,0.0,0.004,0.0,0.0,always_reactive,0.203605
h=0.1/q0=0.4/p=0/r=1/sig=0.3/cf=11.0877,D_sigma,0.1,0.4,0.0,1.0,0.3,3.0,11.087667012373094,sepsis,autorpa_233k,ours_cap_realized,93787502.059,1.0,0.0,0.0,0.0,0.0,0.0,0.0,0.0,0.004,0.0,0.0,always_reactive,0.203605
h=0.1/q0=0.4/p=0/r=1/sig=0.3/cf=11.0877,D_sigma,0.1,0.4,0.0,1.0,0.3,3.0,11.087667012373094,sepsis,autorpa_233k,ours_pi_prior,96370928.473,1.027546,0.0,0.0,1.0,0.0,0.0,0.0,1.0,0.004,1.0,2583426.414,always_reactive,0.203605
h=0.1/q0=0.4/p=0/r=1/sig=0.3/cf=11.0877,D_sigma,0.1,0.4,0.0,1.0,0.3,3.0,11.087667012373094,sepsis,autorpa_233k,breakeven,98954354.887,1.055091,0.0,0.0,2.0,0.0,0.0,0.0,2.0,0.004,2.0,5166852.828,always_reactive,0.203605
h=0.1/q0=0.4/p=0/r=1/sig=0.3/cf=11.0877,D_sigma,0.1,0.4,0.0,1.0,0.3,3.0,11.087667012373094,sepsis,autorpa_233k,breakeven_cap_epoch,98954354.887,1.055091,0.0,0.0,2.0,0.0,0.0,0.0,2.0,0.004,2.0,5166852.828,always_reactive,0.203605
h=0.1/q0=0.4/p=0/r=1/sig=0.3/cf=11.0877,D_sigma,0.1,0.4,0.0,1.0,0.3,3.0,11.087667012373094,sepsis,autorpa_233k,offline_taxblind,93787502.059,1.0,,,,,,,,,,,always_reactive,0.203605
h=0.1/q0=0.4/p=0/r=1/sig=0.3/cf=11.0877,D_sigma,0.1,0.4,0.0,1.0,0.3,3.0,11.087667012373094,sepsis,autorpa_233k,offline_opt_tax,93787502.059,1.0,,,,,,,,,,,always_reactive,0.203605
h=0.1/q0=0.4/p=0/r=1/sig=0.3/cf=11.0877,D_sigma,0.1,0.4,0.0,1.0,0.3,3.0,11.087667012373094,sepsis,native,always_reactive,93787502.059,0.908731,0.0,0.0,0.0,0.0,0.0,0.0,0.0,0.004,0.0,0.0,always_reactive,0.333198
h=0.1/q0=0.4/p=0/r=1/sig=0.3/cf=11.0877,D_sigma,0.1,0.4,0.0,1.0,0.3,3.0,11.087667012373094,sepsis,native,always_compile_evict,281477051.151,2.727303,0.0,0.0,142.0,0.0,0.0,0.0,142.0,0.001,142.0,187689549.092,always_reactive,0.333198
h=0.1/q0=0.4/p=0/r=1/sig=0.3/cf=11.0877,D_sigma,0.1,0.4,0.0,1.0,0.3,3.0,11.087667012373094,sepsis,native,ours_noinflate,103207096.096,1.0,0.0,0.0,8.0,0.0,0.0,0.0,8.0,0.004,8.0,9419594.036,always_reactive,0.333198
h=0.1/q0=0.4/p=0/r=1/sig=0.3/cf=11.0877,D_sigma,0.1,0.4,0.0,1.0,0.3,3.0,11.087667012373094,sepsis,native,oracle_tax,93787502.059,0.908731,0.0,0.0,0.0,0.0,0.0,0.0,0.0,0.004,0.0,0.0,always_reactive,0.333198
h=0.1/q0=0.4/p=0/r=1/sig=0.3/cf=11.0877,D_sigma,0.1,0.4,0.0,1.0,0.3,3.0,11.087667012373094,sepsis,native,ours_spend_cap,99674748.332,0.965774,0.0,0.0,5.0,0.0,0.0,0.0,5.0,0.004,5.0,5887246.273,always_reactive,0.333198
h=0.1/q0=0.4/p=0/r=1/sig=0.3/cf=11.0877,D_sigma,0.1,0.4,0.0,1.0,0.3,3.0,11.087667012373094,sepsis,native,ours_cap_epoch,99674748.332,0.965774,0.0,0.0,5.0,0.0,0.0,0.0,5.0,0.004,5.0,5887246.273,always_reactive,0.333198
h=0.1/q0=0.4/p=0/r=1/sig=0.3/cf=11.0877,D_sigma,0.1,0.4,0.0,1.0,0.3,3.0,11.087667012373094,sepsis,native,ours_cap_realized,99674748.332,0.965774,0.0,0.0,5.0,0.0,0.0,0.0,5.0,0.004,5.0,5887246.273,always_reactive,0.333198
h=0.1/q0=0.4/p=0/r=1/sig=0.3/cf=11.0877,D_sigma,0.1,0.4,0.0,1.0,0.3,3.0,11.087667012373094,sepsis,native,ours_pi_prior,100852197.587,0.977183,0.0,0.0,6.0,0.0,0.0,0.0,6.0,0.004,6.0,7064695.527,always_reactive,0.333198
h=0.1/q0=0.4/p=0/r=1/sig=0.3/cf=11.0877,D_sigma,0.1,0.4,0.0,1.0,0.3,3.0,11.087667012373094,sepsis,native,breakeven,106816591.846,1.034973,0.0,0.0,10.0,0.0,0.0,0.0,10.0,0.004,10.0,13029089.787,always_reactive,0.333198
h=0.1/q0=0.4/p=0/r=1/sig=0.3/cf=11.0877,D_sigma,0.1,0.4,0.0,1.0,0.3,3.0,11.087667012373094,sepsis,native,breakeven_cap_epoch,101688595.748,0.985287,0.0,0.0,6.0,0.0,0.0,0.0,6.0,0.004,6.0,7901093.688,always_reactive,0.333198
h=0.1/q0=0.4/p=0/r=1/sig=0.3/cf=11.0877,D_sigma,0.1,0.4,0.0,1.0,0.3,3.0,11.087667012373094,sepsis,native,offline_taxblind,93787502.059,0.908731,,,,,,,,,,,always_reactive,0.333198
h=0.1/q0=0.4/p=0/r=1/sig=0.3/cf=11.0877,D_sigma,0.1,0.4,0.0,1.0,0.3,3.0,11.087667012373094,sepsis,native,offline_opt_tax,93787502.059,0.908731,,,,,,,,,,,always_reactive,0.333198
h=0.1/q0=0.4/p=0/r=1/sig=0.3/cf=11.0877,D_sigma,0.1,0.4,0.0,1.0,0.3,3.0,11.087667012373094,wiki_A,autorpa_233k,always_reactive,4770469730.199,1.0,0.0,0.0,0.0,0.0,0.0,0.0,0.0,0.005,0.0,0.0,always_reactive,0.028669
h=0.1/q0=0.4/p=0/r=1/sig=0.3/cf=11.0877,D_sigma,0.1,0.4,0.0,1.0,0.3,3.0,11.087667012373094,wiki_A,autorpa_233k,always_compile_evict,166397376461.779,34.880711,0.0,0.0,62563.0,0.0,0.0,0.0,62563.0,0.0,62563.0,161626906731.718,always_reactive,0.028669
h=0.1/q0=0.4/p=0/r=1/sig=0.3/cf=11.0877,D_sigma,0.1,0.4,0.0,1.0,0.3,3.0,11.087667012373094,wiki_A,autorpa_233k,ours_noinflate,4770469730.199,1.0,0.0,0.0,0.0,0.0,0.0,0.0,0.0,0.005,0.0,0.0,always_reactive,0.028669
h=0.1/q0=0.4/p=0/r=1/sig=0.3/cf=11.0877,D_sigma,0.1,0.4,0.0,1.0,0.3,3.0,11.087667012373094,wiki_A,autorpa_233k,oracle_tax,4770469730.199,1.0,0.0,0.0,0.0,0.0,0.0,0.0,0.0,0.005,0.0,0.0,always_reactive,0.028669
h=0.1/q0=0.4/p=0/r=1/sig=0.3/cf=11.0877,D_sigma,0.1,0.4,0.0,1.0,0.3,3.0,11.087667012373094,wiki_A,autorpa_233k,ours_spend_cap,4770469730.199,1.0,0.0,0.0,0.0,0.0,0.0,0.0,0.0,0.005,0.0,0.0,always_reactive,0.028669
h=0.1/q0=0.4/p=0/r=1/sig=0.3/cf=11.0877,D_sigma,0.1,0.4,0.0,1.0,0.3,3.0,11.087667012373094,wiki_A,autorpa_233k,ours_cap_epoch,4770469730.199,1.0,0.0,0.0,0.0,0.0,0.0,0.0,0.0,0.005,0.0,0.0,always_reactive,0.028669
h=0.1/q0=0.4/p=0/r=1/sig=0.3/cf=11.0877,D_sigma,0.1,0.4,0.0,1.0,0.3,3.0,11.087667012373094,wiki_A,autorpa_233k,ours_cap_realized,4770469730.199,1.0,0.0,0.0,0.0,0.0,0.0,0.0,0.0,0.005,0.0,0.0,always_reactive,0.028669
h=0.1/q0=0.4/p=0/r=1/sig=0.3/cf=11.0877,D_sigma,0.1,0.4,0.0,1.0,0.3,3.0,11.087667012373094,wiki_A,autorpa_233k,ours_pi_prior,4840222243.374,1.014622,0.0,0.0,27.0,0.0,0.0,0.0,27.0,0.005,27.0,69752513.175,always_reactive,0.028669
h=0.1/q0=0.4/p=0/r=1/sig=0.3/cf=11.0877,D_sigma,0.1,0.4,0.0,1.0,0.3,3.0,11.087667012373094,wiki_A,autorpa_233k,breakeven,17062412607.443,3.576673,0.0,0.0,4758.0,0.0,0.0,0.0,4758.0,0.001,4758.0,12291942877.255,always_reactive,0.028669
h=0.1/q0=0.4/p=0/r=1/sig=0.3/cf=11.0877,D_sigma,0.1,0.4,0.0,1.0,0.3,3.0,11.087667012373094,wiki_A,autorpa_233k,breakeven_cap_epoch,4971976990.482,1.042241,0.0,0.0,78.0,0.0,0.0,0.0,78.0,0.005,78.0,201507260.283,always_reactive,0.028669
h=0.1/q0=0.4/p=0/r=1/sig=0.3/cf=11.0877,D_sigma,0.1,0.4,0.0,1.0,0.3,3.0,11.087667012373094,wiki_A,autorpa_233k,offline_taxblind,4770469730.199,1.0,,,,,,,,,,,always_reactive,0.028669
h=0.1/q0=0.4/p=0/r=1/sig=0.3/cf=11.0877,D_sigma,0.1,0.4,0.0,1.0,0.3,3.0,11.087667012373094,wiki_A,autorpa_233k,offline_opt_tax,4770469730.199,1.0,,,,,,,,,,,always_reactive,0.028669
h=0.1/q0=0.4/p=0/r=1/sig=0.3/cf=11.0877,D_sigma,0.1,0.4,0.0,1.0,0.3,3.0,11.087667012373094,wiki_A,native,always_reactive,4770469730.199,0.963382,0.0,0.0,0.0,0.0,0.0,0.0,0.0,0.005,0.0,0.0,always_reactive,0.054581
h=0.1/q0=0.4/p=0/r=1/sig=0.3/cf=11.0877,D_sigma,0.1,0.4,0.0,1.0,0.3,3.0,11.087667012373094,wiki_A,native,always_compile_evict,87402252127.177,17.650613,0.0,0.0,62563.0,0.0,0.0,0.0,62563.0,0.0,62563.0,82631782397.03,always_reactive,0.054581
h=0.1/q0=0.4/p=0/r=1/sig=0.3/cf=11.0877,D_sigma,0.1,0.4,0.0,1.0,0.3,3.0,11.087667012373094,wiki_A,native,ours_noinflate,4951796915.399,1.0,0.0,0.0,154.0,0.0,0.0,0.0,154.0,0.005,154.0,181327185.2,always_reactive,0.054581
h=0.1/q0=0.4/p=0/r=1/sig=0.3/cf=11.0877,D_sigma,0.1,0.4,0.0,1.0,0.3,3.0,11.087667012373094,wiki_A,native,oracle_tax,4770469730.199,0.963382,0.0,0.0,0.0,0.0,0.0,0.0,0.0,0.005,0.0,0.0,always_reactive,0.054581
h=0.1/q0=0.4/p=0/r=1/sig=0.3/cf=11.0877,D_sigma,0.1,0.4,0.0,1.0,0.3,3.0,11.087667012373094,wiki_A,native,ours_spend_cap,4878795061.617,0.985258,0.0,0.0,92.0,0.0,0.0,0.0,92.0,0.005,92.0,108325331.418,always_reactive,0.054581
h=0.1/q0=0.4/p=0/r=1/sig=0.3/cf=11.0877,D_sigma,0.1,0.4,0.0,1.0,0.3,3.0,11.087667012373094,wiki_A,native,ours_cap_epoch,4878795061.617,0.985258,0.0,0.0,92.0,0.0,0.0,0.0,92.0,0.005,92.0,108325331.418,always_reactive,0.054581
h=0.1/q0=0.4/p=0/r=1/sig=0.3/cf=11.0877,D_sigma,0.1,0.4,0.0,1.0,0.3,3.0,11.087667012373094,wiki_A,native,ours_cap_realized,4878795061.617,0.985258,0.0,0.0,92.0,0.0,0.0,0.0,92.0,0.005,92.0,108325331.418,always_reactive,0.054581
h=0.1/q0=0.4/p=0/r=1/sig=0.3/cf=11.0877,D_sigma,0.1,0.4,0.0,1.0,0.3,3.0,11.087667012373094,wiki_A,native,ours_pi_prior,4924715582.544,0.994531,0.0,0.0,131.0,0.0,0.0,0.0,131.0,0.005,131.0,154245852.345,always_reactive,0.054581
h=0.1/q0=0.4/p=0/r=1/sig=0.3/cf=11.0877,D_sigma,0.1,0.4,0.0,1.0,0.3,3.0,11.087667012373094,wiki_A,native,breakeven,17287044039.941,3.491065,0.0,0.0,9618.0,0.0,0.0,0.0,9618.0,0.001,9618.0,12516574309.755,always_reactive,0.054581
h=0.1/q0=0.4/p=0/r=1/sig=0.3/cf=11.0877,D_sigma,0.1,0.4,0.0,1.0,0.3,3.0,11.087667012373094,wiki_A,native,breakeven_cap_epoch,4910399436.371,0.99164,0.0,0.0,116.0,0.0,0.0,0.0,116.0,0.005,116.0,139929706.172,always_reactive,0.054581
h=0.1/q0=0.4/p=0/r=1/sig=0.3/cf=11.0877,D_sigma,0.1,0.4,0.0,1.0,0.3,3.0,11.087667012373094,wiki_A,native,offline_taxblind,4770469730.199,0.963382,,,,,,,,,,,always_reactive,0.054581
h=0.1/q0=0.4/p=0/r=1/sig=0.3/cf=11.0877,D_sigma,0.1,0.4,0.0,1.0,0.3,3.0,11.087667012373094,wiki_A,native,offline_opt_tax,4770469730.199,0.963382,,,,,,,,,,,always_reactive,0.054581
h=0.1/q0=0.4/p=0/r=1/sig=0.3/cf=11.0877,D_sigma,0.1,0.4,0.0,1.0,0.3,3.0,11.087667012373094,wiki_B,autorpa_233k,always_reactive,8991713899.193,1.0,0.0,0.0,0.0,0.0,0.0,0.0,0.0,0.004,0.0,0.0,always_reactive,0.110187
h=0.1/q0=0.4/p=0/r=1/sig=0.3/cf=11.0877,D_sigma,0.1,0.4,0.0,1.0,0.3,3.0,11.087667012373094,wiki_B,autorpa_233k,always_compile_evict,81604080114.056,9.075476,0.0,0.0,28107.0,0.0,0.0,0.0,28107.0,0.0,28107.0,72612366215.008,always_reactive,0.110187
h=0.1/q0=0.4/p=0/r=1/sig=0.3/cf=11.0877,D_sigma,0.1,0.4,0.0,1.0,0.3,3.0,11.087667012373094,wiki_B,autorpa_233k,ours_noinflate,8991713899.193,1.0,0.0,0.0,0.0,0.0,0.0,0.0,0.0,0.004,0.0,0.0,always_reactive,0.110187
h=0.1/q0=0.4/p=0/r=1/sig=0.3/cf=11.0877,D_sigma,0.1,0.4,0.0,1.0,0.3,3.0,11.087667012373094,wiki_B,autorpa_233k,oracle_tax,8991713899.193,1.0,0.0,0.0,0.0,0.0,0.0,0.0,0.0,0.004,0.0,0.0,always_reactive,0.110187
h=0.1/q0=0.4/p=0/r=1/sig=0.3/cf=11.0877,D_sigma,0.1,0.4,0.0,1.0,0.3,3.0,11.087667012373094,wiki_B,autorpa_233k,ours_spend_cap,8991713899.193,1.0,0.0,0.0,0.0,0.0,0.0,0.0,0.0,0.004,0.0,0.0,always_reactive,0.110187
h=0.1/q0=0.4/p=0/r=1/sig=0.3/cf=11.0877,D_sigma,0.1,0.4,0.0,1.0,0.3,3.0,11.087667012373094,wiki_B,autorpa_233k,ours_cap_epoch,8991713899.193,1.0,0.0,0.0,0.0,0.0,0.0,0.0,0.0,0.004,0.0,0.0,always_reactive,0.110187
h=0.1/q0=0.4/p=0/r=1/sig=0.3/cf=11.0877,D_sigma,0.1,0.4,0.0,1.0,0.3,3.0,11.087667012373094,wiki_B,autorpa_233k,ours_cap_realized,8991713899.193,1.0,0.0,0.0,0.0,0.0,0.0,0.0,0.0,0.004,0.0,0.0,always_reactive,0.110187
h=0.1/q0=0.4/p=0/r=1/sig=0.3/cf=11.0877,D_sigma,0.1,0.4,0.0,1.0,0.3,3.0,11.087667012373094,wiki_B,autorpa_233k,ours_pi_prior,9288807936.788,1.033041,0.0,0.0,115.0,0.0,0.0,0.0,115.0,0.004,115.0,297094037.597,always_reactive,0.110187
h=0.1/q0=0.4/p=0/r=1/sig=0.3/cf=11.0877,D_sigma,0.1,0.4,0.0,1.0,0.3,3.0,11.087667012373094,wiki_B,autorpa_233k,breakeven,13969976598.729,1.55365,0.0,0.0,1927.0,0.0,0.0,0.0,1927.0,0.003,1927.0,4978262699.552,always_reactive,0.110187
h=0.1/q0=0.4/p=0/r=1/sig=0.3/cf=11.0877,D_sigma,0.1,0.4,0.0,1.0,0.3,3.0,11.087667012373094,wiki_B,autorpa_233k,breakeven_cap_epoch,9529066593.278,1.059761,0.0,0.0,208.0,0.0,0.0,0.0,208.0,0.004,208.0,537352694.088,always_reactive,0.110187
h=0.1/q0=0.4/p=0/r=1/sig=0.3/cf=11.0877,D_sigma,0.1,0.4,0.0,1.0,0.3,3.0,11.087667012373094,wiki_B,autorpa_233k,offline_taxblind,8991713899.192,1.0,,,,,,,,,,,always_reactive,0.110187
h=0.1/q0=0.4/p=0/r=1/sig=0.3/cf=11.0877,D_sigma,0.1,0.4,0.0,1.0,0.3,3.0,11.087667012373094,wiki_B,autorpa_233k,offline_opt_tax,8991713899.192,1.0,,,,,,,,,,,always_reactive,0.110187
h=0.1/q0=0.4/p=0/r=1/sig=0.3/cf=11.0877,D_sigma,0.1,0.4,0.0,1.0,0.3,3.0,11.087667012373094,wiki_B,native,always_reactive,8991713899.193,0.911659,0.0,0.0,0.0,0.0,0.0,0.0,0.0,0.004,0.0,0.0,always_reactive,0.208748
h=0.1/q0=0.4/p=0/r=1/sig=0.3/cf=11.0877,D_sigma,0.1,0.4,0.0,1.0,0.3,3.0,11.087667012373094,wiki_B,native,always_compile_evict,43074484523.997,4.367269,0.0,0.0,28107.0,0.0,0.0,0.0,28107.0,0.001,28107.0,34082770624.823,always_reactive,0.208748
h=0.1/q0=0.4/p=0/r=1/sig=0.3/cf=11.0877,D_sigma,0.1,0.4,0.0,1.0,0.3,3.0,11.087667012373094,wiki_B,native,ours_noinflate,9863026347.552,1.0,0.0,0.0,740.0,0.0,0.0,0.0,740.0,0.004,740.0,871312448.364,always_reactive,0.208748
h=0.1/q0=0.4/p=0/r=1/sig=0.3/cf=11.0877,D_sigma,0.1,0.4,0.0,1.0,0.3,3.0,11.087667012373094,wiki_B,native,oracle_tax,8991713899.193,0.911659,0.0,0.0,0.0,0.0,0.0,0.0,0.0,0.004,0.0,0.0,always_reactive,0.208748
h=0.1/q0=0.4/p=0/r=1/sig=0.3/cf=11.0877,D_sigma,0.1,0.4,0.0,1.0,0.3,3.0,11.087667012373094,wiki_B,native,ours_spend_cap,9535695454.79,0.966812,0.0,0.0,462.0,0.0,0.0,0.0,462.0,0.004,462.0,543981555.6,always_reactive,0.208748
h=0.1/q0=0.4/p=0/r=1/sig=0.3/cf=11.0877,D_sigma,0.1,0.4,0.0,1.0,0.3,3.0,11.087667012373094,wiki_B,native,ours_cap_epoch,9535695454.79,0.966812,0.0,0.0,462.0,0.0,0.0,0.0,462.0,0.004,462.0,543981555.6,always_reactive,0.208748
h=0.1/q0=0.4/p=0/r=1/sig=0.3/cf=11.0877,D_sigma,0.1,0.4,0.0,1.0,0.3,3.0,11.087667012373094,wiki_B,native,ours_cap_realized,9535695454.79,0.966812,0.0,0.0,462.0,0.0,0.0,0.0,462.0,0.004,462.0,543981555.6,always_reactive,0.208748
h=0.1/q0=0.4/p=0/r=1/sig=0.3/cf=11.0877,D_sigma,0.1,0.4,0.0,1.0,0.3,3.0,11.087667012373094,wiki_B,native,ours_pi_prior,9798266638.552,0.993434,0.0,0.0,685.0,0.0,0.0,0.0,685.0,0.004,685.0,806552739.364,always_reactive,0.208748
h=0.1/q0=0.4/p=0/r=1/sig=0.3/cf=11.0877,D_sigma,0.1,0.4,0.0,1.0,0.3,3.0,11.087667012373094,wiki_B,native,breakeven,14735263364.337,1.49399,0.0,0.0,4716.0,0.0,0.0,0.0,4716.0,0.002,4716.0,5743549465.162,always_reactive,0.208748
h=0.1/q0=0.4/p=0/r=1/sig=0.3/cf=11.0877,D_sigma,0.1,0.4,0.0,1.0,0.3,3.0,11.087667012373094,wiki_B,native,breakeven_cap_epoch,9475580624.518,0.960717,0.0,0.0,401.0,0.0,0.0,0.0,401.0,0.004,401.0,483866725.328,always_reactive,0.208748
h=0.1/q0=0.4/p=0/r=1/sig=0.3/cf=11.0877,D_sigma,0.1,0.4,0.0,1.0,0.3,3.0,11.087667012373094,wiki_B,native,offline_taxblind,8991713899.192,0.911659,,,,,,,,,,,always_reactive,0.208748
h=0.1/q0=0.4/p=0/r=1/sig=0.3/cf=11.0877,D_sigma,0.1,0.4,0.0,1.0,0.3,3.0,11.087667012373094,wiki_B,native,offline_opt_tax,8991713899.192,0.911659,,,,,,,,,,,always_reactive,0.208748
h=0.1/q0=0.4/p=0/r=1/sig=0.3/cf=1,D_sigma,0.1,0.4,0.0,1.0,0.3,3.0,1.0,bpi2019,autorpa_233k,always_reactive,26858149732.486,1.0,0.0,0.0,0.0,0.0,0.0,0.0,0.0,0.003,0.0,0.0,always_reactive,0.327392
h=0.1/q0=0.4/p=0/r=1/sig=0.3/cf=1,D_sigma,0.1,0.4,0.0,1.0,0.3,3.0,1.0,bpi2019,autorpa_233k,always_compile_evict,82036743732.254,3.054445,0.0,0.0,236818.0,0.0,0.0,0.0,236818.0,0.001,236818.0,55178594000.0,always_reactive,0.327392
h=0.1/q0=0.4/p=0/r=1/sig=0.3/cf=1,D_sigma,0.1,0.4,0.0,1.0,0.3,3.0,1.0,bpi2019,autorpa_233k,ours_noinflate,26858149732.486,1.0,0.0,0.0,0.0,0.0,0.0,0.0,0.0,0.003,0.0,0.0,always_reactive,0.327392
h=0.1/q0=0.4/p=0/r=1/sig=0.3/cf=1,D_sigma,0.1,0.4,0.0,1.0,0.3,3.0,1.0,bpi2019,autorpa_233k,oracle_tax,26858149732.486,1.0,0.0,0.0,0.0,0.0,0.0,0.0,0.0,0.003,0.0,0.0,always_reactive,0.327392
h=0.1/q0=0.4/p=0/r=1/sig=0.3/cf=1,D_sigma,0.1,0.4,0.0,1.0,0.3,3.0,1.0,bpi2019,autorpa_233k,ours_spend_cap,26858149732.486,1.0,0.0,0.0,0.0,0.0,0.0,0.0,0.0,0.003,0.0,0.0,always_reactive,0.327392
h=0.1/q0=0.4/p=0/r=1/sig=0.3/cf=1,D_sigma,0.1,0.4,0.0,1.0,0.3,3.0,1.0,bpi2019,autorpa_233k,ours_cap_epoch,26858149732.486,1.0,0.0,0.0,0.0,0.0,0.0,0.0,0.0,0.003,0.0,0.0,always_reactive,0.327392
h=0.1/q0=0.4/p=0/r=1/sig=0.3/cf=1,D_sigma,0.1,0.4,0.0,1.0,0.3,3.0,1.0,bpi2019,autorpa_233k,ours_cap_realized,26858149732.486,1.0,0.0,0.0,0.0,0.0,0.0,0.0,0.0,0.003,0.0,0.0,always_reactive,0.327392
h=0.1/q0=0.4/p=0/r=1/sig=0.3/cf=1,D_sigma,0.1,0.4,0.0,1.0,0.3,3.0,1.0,bpi2019,autorpa_233k,ours_pi_prior,26905914732.487,1.001778,0.0,0.0,205.0,0.0,0.0,0.0,205.0,0.003,205.0,47765000.0,always_reactive,0.327392
h=0.1/q0=0.4/p=0/r=1/sig=0.3/cf=1,D_sigma,0.1,0.4,0.0,1.0,0.3,3.0,1.0,bpi2019,autorpa_233k,breakeven,33222544732.491,1.236963,0.0,0.0,27315.0,0.0,0.0,0.0,27315.0,0.003,27315.0,6364395000.0,always_reactive,0.327392
h=0.1/q0=0.4/p=0/r=1/sig=0.3/cf=1,D_sigma,0.1,0.4,0.0,1.0,0.3,3.0,1.0,bpi2019,autorpa_233k,breakeven_cap_epoch,26982338732.487,1.004624,0.0,0.0,533.0,0.0,0.0,0.0,533.0,0.003,533.0,124189000.0,always_reactive,0.327392
h=0.1/q0=0.4/p=0/r=1/sig=0.3/cf=1,D_sigma,0.1,0.4,0.0,1.0,0.3,3.0,1.0,bpi2019,autorpa_233k,offline_taxblind,26858149732.495,1.0,,,,,,,,,,,always_reactive,0.327392
h=0.1/q0=0.4/p=0/r=1/sig=0.3/cf=1,D_sigma,0.1,0.4,0.0,1.0,0.3,3.0,1.0,bpi2019,autorpa_233k,offline_opt_tax,26858149732.495,1.0,,,,,,,,,,,always_reactive,0.327392
h=0.1/q0=0.4/p=0/r=1/sig=0.3/cf=1,D_sigma,0.1,0.4,0.0,1.0,0.3,3.0,1.0,bpi2019,native,always_reactive,26858149732.486,0.996309,0.0,0.0,0.0,0.0,0.0,0.0,0.0,0.003,0.0,0.0,always_reactive,0.523638
h=0.1/q0=0.4/p=0/r=1/sig=0.3/cf=1,D_sigma,0.1,0.4,0.0,1.0,0.3,3.0,1.0,bpi2019,native,always_compile_evict,51291417858.305,1.902666,0.0,0.0,236818.0,0.0,0.0,0.0,236818.0,0.002,236818.0,24433268126.0,always_reactive,0.523638
h=0.1/q0=0.4/p=0/r=1/sig=0.3/cf=1,D_sigma,0.1,0.4,0.0,1.0,0.3,3.0,1.0,bpi2019,native,ours_noinflate,26957653978.987,1.0,0.0,0.0,937.0,0.0,0.0,0.0,937.0,0.003,937.0,99504246.5,always_reactive,0.523638
h=0.1/q0=0.4/p=0/r=1/sig=0.3/cf=1,D_sigma,0.1,0.4,0.0,1.0,0.3,3.0,1.0,bpi2019,native,oracle_tax,26858149732.486,0.996309,0.0,0.0,0.0,0.0,0.0,0.0,0.0,0.003,0.0,0.0,always_reactive,0.523638
h=0.1/q0=0.4/p=0/r=1/sig=0.3/cf=1,D_sigma,0.1,0.4,0.0,1.0,0.3,3.0,1.0,bpi2019,native,ours_spend_cap,26957653978.987,1.0,0.0,0.0,937.0,0.0,0.0,0.0,937.0,0.003,937.0,99504246.5,always_reactive,0.523638
h=0.1/q0=0.4/p=0/r=1/sig=0.3/cf=1,D_sigma,0.1,0.4,0.0,1.0,0.3,3.0,1.0,bpi2019,native,ours_cap_epoch,26957653978.987,1.0,0.0,0.0,937.0,0.0,0.0,0.0,937.0,0.003,937.0,99504246.5,always_reactive,0.523638
h=0.1/q0=0.4/p=0/r=1/sig=0.3/cf=1,D_sigma,0.1,0.4,0.0,1.0,0.3,3.0,1.0,bpi2019,native,ours_cap_realized,26957653978.987,1.0,0.0,0.0,937.0,0.0,0.0,0.0,937.0,0.003,937.0,99504246.5,always_reactive,0.523638
h=0.1/q0=0.4/p=0/r=1/sig=0.3/cf=1,D_sigma,0.1,0.4,0.0,1.0,0.3,3.0,1.0,bpi2019,native,ours_pi_prior,26951176114.487,0.99976,0.0,0.0,876.0,0.0,0.0,0.0,876.0,0.003,876.0,93026382.0,always_reactive,0.523638
h=0.1/q0=0.4/p=0/r=1/sig=0.3/cf=1,D_sigma,0.1,0.4,0.0,1.0,0.3,3.0,1.0,bpi2019,native,breakeven,33319340634.491,1.235988,0.0,0.0,60751.0,0.0,0.0,0.0,60751.0,0.003,60751.0,6461190902.0,always_reactive,0.523638
h=0.1/q0=0.4/p=0/r=1/sig=0.3/cf=1,D_sigma,0.1,0.4,0.0,1.0,0.3,3.0,1.0,bpi2019,native,breakeven_cap_epoch,27017523153.987,1.002221,0.0,0.0,1472.0,0.0,0.0,0.0,1472.0,0.003,1472.0,159373421.5,always_reactive,0.523638
h=0.1/q0=0.4/p=0/r=1/sig=0.3/cf=1,D_sigma,0.1,0.4,0.0,1.0,0.3,3.0,1.0,bpi2019,native,offline_taxblind,26858149732.495,0.996309,,,,,,,,,,,always_reactive,0.523638
h=0.1/q0=0.4/p=0/r=1/sig=0.3/cf=1,D_sigma,0.1,0.4,0.0,1.0,0.3,3.0,1.0,bpi2019,native,offline_opt_tax,26858149732.495,0.996309,,,,,,,,,,,always_reactive,0.523638
h=0.1/q0=0.4/p=0/r=1/sig=0.3/cf=1,D_sigma,0.1,0.4,0.0,1.0,0.3,3.0,1.0,sepsis,autorpa_233k,always_reactive,93787502.059,1.0,0.0,0.0,0.0,0.0,0.0,0.0,0.0,0.004,0.0,0.0,always_reactive,0.739221
h=0.1/q0=0.4/p=0/r=1/sig=0.3/cf=1,D_sigma,0.1,0.4,0.0,1.0,0.3,3.0,1.0,sepsis,autorpa_233k,always_compile_evict,126873502.059,1.352776,0.0,0.0,142.0,0.0,0.0,0.0,142.0,0.003,142.0,33086000.0,always_reactive,0.739221
h=0.1/q0=0.4/p=0/r=1/sig=0.3/cf=1,D_sigma,0.1,0.4,0.0,1.0,0.3,3.0,1.0,sepsis,autorpa_233k,ours_noinflate,93787502.059,1.0,0.0,0.0,0.0,0.0,0.0,0.0,0.0,0.004,0.0,0.0,always_reactive,0.739221
h=0.1/q0=0.4/p=0/r=1/sig=0.3/cf=1,D_sigma,0.1,0.4,0.0,1.0,0.3,3.0,1.0,sepsis,autorpa_233k,oracle_tax,93787502.059,1.0,0.0,0.0,0.0,0.0,0.0,0.0,0.0,0.004,0.0,0.0,always_reactive,0.739221
h=0.1/q0=0.4/p=0/r=1/sig=0.3/cf=1,D_sigma,0.1,0.4,0.0,1.0,0.3,3.0,1.0,sepsis,autorpa_233k,ours_spend_cap,93787502.059,1.0,0.0,0.0,0.0,0.0,0.0,0.0,0.0,0.004,0.0,0.0,always_reactive,0.739221
h=0.1/q0=0.4/p=0/r=1/sig=0.3/cf=1,D_sigma,0.1,0.4,0.0,1.0,0.3,3.0,1.0,sepsis,autorpa_233k,ours_cap_epoch,93787502.059,1.0,0.0,0.0,0.0,0.0,0.0,0.0,0.0,0.004,0.0,0.0,always_reactive,0.739221
h=0.1/q0=0.4/p=0/r=1/sig=0.3/cf=1,D_sigma,0.1,0.4,0.0,1.0,0.3,3.0,1.0,sepsis,autorpa_233k,ours_cap_realized,93787502.059,1.0,0.0,0.0,0.0,0.0,0.0,0.0,0.0,0.004,0.0,0.0,always_reactive,0.739221
h=0.1/q0=0.4/p=0/r=1/sig=0.3/cf=1,D_sigma,0.1,0.4,0.0,1.0,0.3,3.0,1.0,sepsis,autorpa_233k,ours_pi_prior,94020502.059,1.002484,0.0,0.0,1.0,0.0,0.0,0.0,1.0,0.004,1.0,233000.0,always_reactive,0.739221
h=0.1/q0=0.4/p=0/r=1/sig=0.3/cf=1,D_sigma,0.1,0.4,0.0,1.0,0.3,3.0,1.0,sepsis,autorpa_233k,breakeven,94253502.059,1.004969,0.0,0.0,2.0,0.0,0.0,0.0,2.0,0.004,2.0,466000.0,always_reactive,0.739221
h=0.1/q0=0.4/p=0/r=1/sig=0.3/cf=1,D_sigma,0.1,0.4,0.0,1.0,0.3,3.0,1.0,sepsis,autorpa_233k,breakeven_cap_epoch,94253502.059,1.004969,0.0,0.0,2.0,0.0,0.0,0.0,2.0,0.004,2.0,466000.0,always_reactive,0.739221
h=0.1/q0=0.4/p=0/r=1/sig=0.3/cf=1,D_sigma,0.1,0.4,0.0,1.0,0.3,3.0,1.0,sepsis,autorpa_233k,offline_taxblind,93787502.059,1.0,,,,,,,,,,,always_reactive,0.739221
h=0.1/q0=0.4/p=0/r=1/sig=0.3/cf=1,D_sigma,0.1,0.4,0.0,1.0,0.3,3.0,1.0,sepsis,autorpa_233k,offline_opt_tax,93787502.059,1.0,,,,,,,,,,,always_reactive,0.739221
h=0.1/q0=0.4/p=0/r=1/sig=0.3/cf=1,D_sigma,0.1,0.4,0.0,1.0,0.3,3.0,1.0,sepsis,native,always_reactive,93787502.059,0.991023,0.0,0.0,0.0,0.0,0.0,0.0,0.0,0.004,0.0,0.0,always_reactive,0.847105
h=0.1/q0=0.4/p=0/r=1/sig=0.3/cf=1,D_sigma,0.1,0.4,0.0,1.0,0.3,3.0,1.0,sepsis,native,always_compile_evict,110715278.559,1.169893,0.0,0.0,142.0,0.0,0.0,0.0,142.0,0.003,142.0,16927776.5,always_reactive,0.847105
h=0.1/q0=0.4/p=0/r=1/sig=0.3/cf=1,D_sigma,0.1,0.4,0.0,1.0,0.3,3.0,1.0,sepsis,native,ours_noinflate,94637058.059,1.0,0.0,0.0,8.0,0.0,0.0,0.0,8.0,0.004,8.0,849556.0,always_reactive,0.847105
h=0.1/q0=0.4/p=0/r=1/sig=0.3/cf=1,D_sigma,0.1,0.4,0.0,1.0,0.3,3.0,1.0,sepsis,native,oracle_tax,93787502.059,0.991023,0.0,0.0,0.0,0.0,0.0,0.0,0.0,0.004,0.0,0.0,always_reactive,0.847105
h=0.1/q0=0.4/p=0/r=1/sig=0.3/cf=1,D_sigma,0.1,0.4,0.0,1.0,0.3,3.0,1.0,sepsis,native,ours_spend_cap,94637058.059,1.0,0.0,0.0,8.0,0.0,0.0,0.0,8.0,0.004,8.0,849556.0,always_reactive,0.847105
h=0.1/q0=0.4/p=0/r=1/sig=0.3/cf=1,D_sigma,0.1,0.4,0.0,1.0,0.3,3.0,1.0,sepsis,native,ours_cap_epoch,94637058.059,1.0,0.0,0.0,8.0,0.0,0.0,0.0,8.0,0.004,8.0,849556.0,always_reactive,0.847105
h=0.1/q0=0.4/p=0/r=1/sig=0.3/cf=1,D_sigma,0.1,0.4,0.0,1.0,0.3,3.0,1.0,sepsis,native,ours_cap_realized,94637058.059,1.0,0.0,0.0,8.0,0.0,0.0,0.0,8.0,0.004,8.0,849556.0,always_reactive,0.847105
h=0.1/q0=0.4/p=0/r=1/sig=0.3/cf=1,D_sigma,0.1,0.4,0.0,1.0,0.3,3.0,1.0,sepsis,native,ours_pi_prior,94424669.059,0.997756,0.0,0.0,6.0,0.0,0.0,0.0,6.0,0.004,6.0,637167.0,always_reactive,0.847105
h=0.1/q0=0.4/p=0/r=1/sig=0.3/cf=1,D_sigma,0.1,0.4,0.0,1.0,0.3,3.0,1.0,sepsis,native,breakeven,94962599.559,1.00344,0.0,0.0,10.0,0.0,0.0,0.0,10.0,0.004,10.0,1175097.5,always_reactive,0.847105
h=0.1/q0=0.4/p=0/r=1/sig=0.3/cf=1,D_sigma,0.1,0.4,0.0,1.0,0.3,3.0,1.0,sepsis,native,breakeven_cap_epoch,94962599.559,1.00344,0.0,0.0,10.0,0.0,0.0,0.0,10.0,0.004,10.0,1175097.5,always_reactive,0.847105
h=0.1/q0=0.4/p=0/r=1/sig=0.3/cf=1,D_sigma,0.1,0.4,0.0,1.0,0.3,3.0,1.0,sepsis,native,offline_taxblind,93787502.059,0.991023,,,,,,,,,,,always_reactive,0.847105
h=0.1/q0=0.4/p=0/r=1/sig=0.3/cf=1,D_sigma,0.1,0.4,0.0,1.0,0.3,3.0,1.0,sepsis,native,offline_opt_tax,93787502.059,0.991023,,,,,,,,,,,always_reactive,0.847105
h=0.1/q0=0.4/p=0/r=1/sig=0.3/cf=1,D_sigma,0.1,0.4,0.0,1.0,0.3,3.0,1.0,wiki_A,autorpa_233k,always_reactive,4770469730.199,1.0,0.0,0.0,0.0,0.0,0.0,0.0,0.0,0.005,0.0,0.0,always_reactive,0.246566
h=0.1/q0=0.4/p=0/r=1/sig=0.3/cf=1,D_sigma,0.1,0.4,0.0,1.0,0.3,3.0,1.0,wiki_A,autorpa_233k,always_compile_evict,19347648730.189,4.055711,0.0,0.0,62563.0,0.0,0.0,0.0,62563.0,0.001,62563.0,14577179000.0,always_reactive,0.246566
h=0.1/q0=0.4/p=0/r=1/sig=0.3/cf=1,D_sigma,0.1,0.4,0.0,1.0,0.3,3.0,1.0,wiki_A,autorpa_233k,ours_noinflate,4770469730.199,1.0,0.0,0.0,0.0,0.0,0.0,0.0,0.0,0.005,0.0,0.0,always_reactive,0.246566
h=0.1/q0=0.4/p=0/r=1/sig=0.3/cf=1,D_sigma,0.1,0.4,0.0,1.0,0.3,3.0,1.0,wiki_A,autorpa_233k,oracle_tax,4770469730.199,1.0,0.0,0.0,0.0,0.0,0.0,0.0,0.0,0.005,0.0,0.0,always_reactive,0.246566
h=0.1/q0=0.4/p=0/r=1/sig=0.3/cf=1,D_sigma,0.1,0.4,0.0,1.0,0.3,3.0,1.0,wiki_A,autorpa_233k,ours_spend_cap,4770469730.199,1.0,0.0,0.0,0.0,0.0,0.0,0.0,0.0,0.005,0.0,0.0,always_reactive,0.246566
h=0.1/q0=0.4/p=0/r=1/sig=0.3/cf=1,D_sigma,0.1,0.4,0.0,1.0,0.3,3.0,1.0,wiki_A,autorpa_233k,ours_cap_epoch,4770469730.199,1.0,0.0,0.0,0.0,0.0,0.0,0.0,0.0,0.005,0.0,0.0,always_reactive,0.246566
h=0.1/q0=0.4/p=0/r=1/sig=0.3/cf=1,D_sigma,0.1,0.4,0.0,1.0,0.3,3.0,1.0,wiki_A,autorpa_233k,ours_cap_realized,4770469730.199,1.0,0.0,0.0,0.0,0.0,0.0,0.0,0.0,0.005,0.0,0.0,always_reactive,0.246566
h=0.1/q0=0.4/p=0/r=1/sig=0.3/cf=1,D_sigma,0.1,0.4,0.0,1.0,0.3,3.0,1.0,wiki_A,autorpa_233k,ours_pi_prior,4776760730.199,1.001319,0.0,0.0,27.0,0.0,0.0,0.0,27.0,0.005,27.0,6291000.0,always_reactive,0.246566
h=0.1/q0=0.4/p=0/r=1/sig=0.3/cf=1,D_sigma,0.1,0.4,0.0,1.0,0.3,3.0,1.0,wiki_A,autorpa_233k,breakeven,5879083730.198,1.232391,0.0,0.0,4758.0,0.0,0.0,0.0,4758.0,0.004,4758.0,1108614000.0,always_reactive,0.246566
h=0.1/q0=0.4/p=0/r=1/sig=0.3/cf=1,D_sigma,0.1,0.4,0.0,1.0,0.3,3.0,1.0,wiki_A,autorpa_233k,breakeven_cap_epoch,4797730730.199,1.005715,0.0,0.0,117.0,0.0,0.0,0.0,117.0,0.005,117.0,27261000.0,always_reactive,0.246566
h=0.1/q0=0.4/p=0/r=1/sig=0.3/cf=1,D_sigma,0.1,0.4,0.0,1.0,0.3,3.0,1.0,wiki_A,autorpa_233k,offline_taxblind,4770469730.199,1.0,,,,,,,,,,,always_reactive,0.246566
h=0.1/q0=0.4/p=0/r=1/sig=0.3/cf=1,D_sigma,0.1,0.4,0.0,1.0,0.3,3.0,1.0,wiki_A,autorpa_233k,offline_opt_tax,4770469730.199,1.0,,,,,,,,,,,always_reactive,0.246566
h=0.1/q0=0.4/p=0/r=1/sig=0.3/cf=1,D_sigma,0.1,0.4,0.0,1.0,0.3,3.0,1.0,wiki_A,native,always_reactive,4770469730.199,0.996584,0.0,0.0,0.0,0.0,0.0,0.0,0.0,0.005,0.0,0.0,always_reactive,0.390285
h=0.1/q0=0.4/p=0/r=1/sig=0.3/cf=1,D_sigma,0.1,0.4,0.0,1.0,0.3,3.0,1.0,wiki_A,native,always_compile_evict,12223054868.696,2.553479,0.0,0.0,62563.0,0.0,0.0,0.0,62563.0,0.002,62563.0,7452585138.5,always_reactive,0.390285
h=0.1/q0=0.4/p=0/r=1/sig=0.3/cf=1,D_sigma,0.1,0.4,0.0,1.0,0.3,3.0,1.0,wiki_A,native,ours_noinflate,4786823683.199,1.0,0.0,0.0,154.0,0.0,0.0,0.0,154.0,0.005,154.0,16353953.0,always_reactive,0.390285
h=0.1/q0=0.4/p=0/r=1/sig=0.3/cf=1,D_sigma,0.1,0.4,0.0,1.0,0.3,3.0,1.0,wiki_A,native,oracle_tax,4770469730.199,0.996584,0.0,0.0,0.0,0.0,0.0,0.0,0.0,0.005,0.0,0.0,always_reactive,0.390285
h=0.1/q0=0.4/p=0/r=1/sig=0.3/cf=1,D_sigma,0.1,0.4,0.0,1.0,0.3,3.0,1.0,wiki_A,native,ours_spend_cap,4786823683.199,1.0,0.0,0.0,154.0,0.0,0.0,0.0,154.0,0.005,154.0,16353953.0,always_reactive,0.390285
h=0.1/q0=0.4/p=0/r=1/sig=0.3/cf=1,D_sigma,0.1,0.4,0.0,1.0,0.3,3.0,1.0,wiki_A,native,ours_cap_epoch,4786823683.199,1.0,0.0,0.0,154.0,0.0,0.0,0.0,154.0,0.005,154.0,16353953.0,always_reactive,0.390285
h=0.1/q0=0.4/p=0/r=1/sig=0.3/cf=1,D_sigma,0.1,0.4,0.0,1.0,0.3,3.0,1.0,wiki_A,native,ours_cap_realized,4786823683.199,1.0,0.0,0.0,154.0,0.0,0.0,0.0,154.0,0.005,154.0,16353953.0,always_reactive,0.390285
h=0.1/q0=0.4/p=0/r=1/sig=0.3/cf=1,D_sigma,0.1,0.4,0.0,1.0,0.3,3.0,1.0,wiki_A,native,ours_pi_prior,4784381209.699,0.99949,0.0,0.0,131.0,0.0,0.0,0.0,131.0,0.005,131.0,13911479.5,always_reactive,0.390285
h=0.1/q0=0.4/p=0/r=1/sig=0.3/cf=1,D_sigma,0.1,0.4,0.0,1.0,0.3,3.0,1.0,wiki_A,native,breakeven,5899343306.198,1.232413,0.0,0.0,9618.0,0.0,0.0,0.0,9618.0,0.004,9618.0,1128873576.0,always_reactive,0.390285
h=0.1/q0=0.4/p=0/r=1/sig=0.3/cf=1,D_sigma,0.1,0.4,0.0,1.0,0.3,3.0,1.0,wiki_A,native,breakeven_cap_epoch,4802270591.699,1.003227,0.0,0.0,292.0,0.0,0.0,0.0,292.0,0.005,292.0,31800861.5,always_reactive,0.390285
h=0.1/q0=0.4/p=0/r=1/sig=0.3/cf=1,D_sigma,0.1,0.4,0.0,1.0,0.3,3.0,1.0,wiki_A,native,offline_taxblind,4770469730.199,0.996584,,,,,,,,,,,always_reactive,0.390285
h=0.1/q0=0.4/p=0/r=1/sig=0.3/cf=1,D_sigma,0.1,0.4,0.0,1.0,0.3,3.0,1.0,wiki_A,native,offline_opt_tax,4770469730.199,0.996584,,,,,,,,,,,always_reactive,0.390285
h=0.1/q0=0.4/p=0/r=1/sig=0.3/cf=1,D_sigma,0.1,0.4,0.0,1.0,0.3,3.0,1.0,wiki_B,autorpa_233k,always_reactive,8991713899.193,1.0,0.0,0.0,0.0,0.0,0.0,0.0,0.0,0.004,0.0,0.0,always_reactive,0.578593
h=0.1/q0=0.4/p=0/r=1/sig=0.3/cf=1,D_sigma,0.1,0.4,0.0,1.0,0.3,3.0,1.0,wiki_B,autorpa_233k,always_compile_evict,15540644899.174,1.72833,0.0,0.0,28107.0,0.0,0.0,0.0,28107.0,0.002,28107.0,6548931000.0,always_reactive,0.578593
h=0.1/q0=0.4/p=0/r=1/sig=0.3/cf=1,D_sigma,0.1,0.4,0.0,1.0,0.3,3.0,1.0,wiki_B,autorpa_233k,ours_noinflate,8991713899.193,1.0,0.0,0.0,0.0,0.0,0.0,0.0,0.0,0.004,0.0,0.0,always_reactive,0.578593
h=0.1/q0=0.4/p=0/r=1/sig=0.3/cf=1,D_sigma,0.1,0.4,0.0,1.0,0.3,3.0,1.0,wiki_B,autorpa_233k,oracle_tax,8991713899.193,1.0,0.0,0.0,0.0,0.0,0.0,0.0,0.0,0.004,0.0,0.0,always_reactive,0.578593
h=0.1/q0=0.4/p=0/r=1/sig=0.3/cf=1,D_sigma,0.1,0.4,0.0,1.0,0.3,3.0,1.0,wiki_B,autorpa_233k,ours_spend_cap,8991713899.193,1.0,0.0,0.0,0.0,0.0,0.0,0.0,0.0,0.004,0.0,0.0,always_reactive,0.578593
h=0.1/q0=0.4/p=0/r=1/sig=0.3/cf=1,D_sigma,0.1,0.4,0.0,1.0,0.3,3.0,1.0,wiki_B,autorpa_233k,ours_cap_epoch,8991713899.193,1.0,0.0,0.0,0.0,0.0,0.0,0.0,0.0,0.004,0.0,0.0,always_reactive,0.578593
h=0.1/q0=0.4/p=0/r=1/sig=0.3/cf=1,D_sigma,0.1,0.4,0.0,1.0,0.3,3.0,1.0,wiki_B,autorpa_233k,ours_cap_realized,8991713899.193,1.0,0.0,0.0,0.0,0.0,0.0,0.0,0.0,0.004,0.0,0.0,always_reactive,0.578593
h=0.1/q0=0.4/p=0/r=1/sig=0.3/cf=1,D_sigma,0.1,0.4,0.0,1.0,0.3,3.0,1.0,wiki_B,autorpa_233k,ours_pi_prior,9018508899.192,1.00298,0.0,0.0,115.0,0.0,0.0,0.0,115.0,0.004,115.0,26795000.0,always_reactive,0.578593
h=0.1/q0=0.4/p=0/r=1/sig=0.3/cf=1,D_sigma,0.1,0.4,0.0,1.0,0.3,3.0,1.0,wiki_B,autorpa_233k,breakeven,9440704899.19,1.049934,0.0,0.0,1927.0,0.0,0.0,0.0,1927.0,0.004,1927.0,448991000.0,always_reactive,0.578593
h=0.1/q0=0.4/p=0/r=1/sig=0.3/cf=1,D_sigma,0.1,0.4,0.0,1.0,0.3,3.0,1.0,wiki_B,autorpa_233k,breakeven_cap_epoch,9063477899.192,1.007981,0.0,0.0,308.0,0.0,0.0,0.0,308.0,0.004,308.0,71764000.0,always_reactive,0.578593
h=0.1/q0=0.4/p=0/r=1/sig=0.3/cf=1,D_sigma,0.1,0.4,0.0,1.0,0.3,3.0,1.0,wiki_B,autorpa_233k,offline_taxblind,8991713899.192,1.0,,,,,,,,,,,always_reactive,0.578593
h=0.1/q0=0.4/p=0/r=1/sig=0.3/cf=1,D_sigma,0.1,0.4,0.0,1.0,0.3,3.0,1.0,wiki_B,autorpa_233k,offline_opt_tax,8991713899.192,1.0,,,,,,,,,,,always_reactive,0.578593
h=0.1/q0=0.4/p=0/r=1/sig=0.3/cf=1,D_sigma,0.1,0.4,0.0,1.0,0.3,3.0,1.0,wiki_B,native,always_reactive,8991713899.193,0.991336,0.0,0.0,0.0,0.0,0.0,0.0,0.0,0.004,0.0,0.0,always_reactive,0.745233
h=0.1/q0=0.4/p=0/r=1/sig=0.3/cf=1,D_sigma,0.1,0.4,0.0,1.0,0.3,3.0,1.0,wiki_B,native,always_compile_evict,12065649163.181,1.330237,0.0,0.0,28107.0,0.0,0.0,0.0,28107.0,0.003,28107.0,3073935264.0,always_reactive,0.745233
h=0.1/q0=0.4/p=0/r=1/sig=0.3/cf=1,D_sigma,0.1,0.4,0.0,1.0,0.3,3.0,1.0,wiki_B,native,ours_noinflate,9070297829.192,1.0,0.0,0.0,740.0,0.0,0.0,0.0,740.0,0.004,740.0,78583930.0,always_reactive,0.745233
h=0.1/q0=0.4/p=0/r=1/sig=0.3/cf=1,D_sigma,0.1,0.4,0.0,1.0,0.3,3.0,1.0,wiki_B,native,oracle_tax,8991713899.193,0.991336,0.0,0.0,0.0,0.0,0.0,0.0,0.0,0.004,0.0,0.0,always_reactive,0.745233
h=0.1/q0=0.4/p=0/r=1/sig=0.3/cf=1,D_sigma,0.1,0.4,0.0,1.0,0.3,3.0,1.0,wiki_B,native,ours_spend_cap,9070297829.192,1.0,0.0,0.0,740.0,0.0,0.0,0.0,740.0,0.004,740.0,78583930.0,always_reactive,0.745233
h=0.1/q0=0.4/p=0/r=1/sig=0.3/cf=1,D_sigma,0.1,0.4,0.0,1.0,0.3,3.0,1.0,wiki_B,native,ours_cap_epoch,9070297829.192,1.0,0.0,0.0,740.0,0.0,0.0,0.0,740.0,0.004,740.0,78583930.0,always_reactive,0.745233
h=0.1/q0=0.4/p=0/r=1/sig=0.3/cf=1,D_sigma,0.1,0.4,0.0,1.0,0.3,3.0,1.0,wiki_B,native,ours_cap_realized,9070297829.192,1.0,0.0,0.0,740.0,0.0,0.0,0.0,740.0,0.004,740.0,78583930.0,always_reactive,0.745233
h=0.1/q0=0.4/p=0/r=1/sig=0.3/cf=1,D_sigma,0.1,0.4,0.0,1.0,0.3,3.0,1.0,wiki_B,native,ours_pi_prior,9064457131.692,0.999356,0.0,0.0,685.0,0.0,0.0,0.0,685.0,0.004,685.0,72743232.5,always_reactive,0.745233
h=0.1/q0=0.4/p=0/r=1/sig=0.3/cf=1,D_sigma,0.1,0.4,0.0,1.0,0.3,3.0,1.0,wiki_B,native,breakeven,9509726341.19,1.048447,0.0,0.0,4716.0,0.0,0.0,0.0,4716.0,0.004,4716.0,518012442.0,always_reactive,0.745233
h=0.1/q0=0.4/p=0/r=1/sig=0.3/cf=1,D_sigma,0.1,0.4,0.0,1.0,0.3,3.0,1.0,wiki_B,native,breakeven_cap_epoch,9097146369.692,1.00296,0.0,0.0,974.0,0.0,0.0,0.0,974.0,0.004,974.0,105432470.5,always_reactive,0.745233
h=0.1/q0=0.4/p=0/r=1/sig=0.3/cf=1,D_sigma,0.1,0.4,0.0,1.0,0.3,3.0,1.0,wiki_B,native,offline_taxblind,8991713899.192,0.991336,,,,,,,,,,,always_reactive,0.745233
h=0.1/q0=0.4/p=0/r=1/sig=0.3/cf=1,D_sigma,0.1,0.4,0.0,1.0,0.3,3.0,1.0,wiki_B,native,offline_opt_tax,8991713899.192,0.991336,,,,,,,,,,,always_reactive,0.745233
h=0.1/q0=0.4/p=0/r=1/sig=0/cf=11.0877,A_core,0.1,0.4,0.0,1.0,0.0,1.0,11.087667012373094,bpi2019,autorpa_233k,always_reactive,26858149732.486,0.924502,0.0,0.0,0.0,0.0,0.0,0.0,0.0,0.003,0.0,0.0,always_reactive,0.042054
h=0.1/q0=0.4/p=0/r=1/sig=0/cf=11.0877,A_core,0.1,0.4,0.0,1.0,0.0,1.0,11.087667012373094,bpi2019,autorpa_233k,always_compile_evict,638660026217.309,21.983736,0.0,0.0,236818.0,0.0,0.0,0.0,236818.0,0.0,236818.0,611801876482.757,always_reactive,0.042054
h=0.1/q0=0.4/p=0/r=1/sig=0/cf=11.0877,A_core,0.1,0.4,0.0,1.0,0.0,1.0,11.087667012373094,bpi2019,autorpa_233k,ours_noinflate,29051478757.875,1.0,0.0,0.0,849.0,0.0,0.0,0.0,849.0,0.003,849.0,2193329025.387,always_reactive,0.042054
h=0.1/q0=0.4/p=0/r=1/sig=0/cf=11.0877,A_core,0.1,0.4,0.0,1.0,0.0,1.0,11.087667012373094,bpi2019,autorpa_233k,oracle_tax,26858149732.486,0.924502,0.0,0.0,0.0,0.0,0.0,0.0,0.0,0.003,0.0,0.0,always_reactive,0.042054
h=0.1/q0=0.4/p=0/r=1/sig=0/cf=11.0877,A_core,0.1,0.4,0.0,1.0,0.0,1.0,11.087667012373094,bpi2019,autorpa_233k,ours_spend_cap,28242866290.329,0.972166,0.0,0.0,536.0,0.0,0.0,0.0,536.0,0.003,536.0,1384716557.841,always_reactive,0.042054
h=0.1/q0=0.4/p=0/r=1/sig=0/cf=11.0877,A_core,0.1,0.4,0.0,1.0,0.0,1.0,11.087667012373094,bpi2019,autorpa_233k,ours_cap_epoch,28242866290.329,0.972166,0.0,0.0,536.0,0.0,0.0,0.0,536.0,0.003,536.0,1384716557.841,always_reactive,0.042054
h=0.1/q0=0.4/p=0/r=1/sig=0/cf=11.0877,A_core,0.1,0.4,0.0,1.0,0.0,1.0,11.087667012373094,bpi2019,autorpa_233k,ours_cap_realized,28242866290.329,0.972166,0.0,0.0,536.0,0.0,0.0,0.0,536.0,0.003,536.0,1384716557.841,always_reactive,0.042054
h=0.1/q0=0.4/p=0/r=1/sig=0/cf=11.0877,A_core,0.1,0.4,0.0,1.0,0.0,1.0,11.087667012373094,bpi2019,autorpa_233k,ours_pi_prior,28955891980.562,0.99671,0.0,0.0,812.0,0.0,0.0,0.0,812.0,0.003,812.0,2097742248.073,always_reactive,0.042054
h=0.1/q0=0.4/p=0/r=1/sig=0/cf=11.0877,A_core,0.1,0.4,0.0,1.0,0.0,1.0,11.087667012373094,bpi2019,autorpa_233k,breakeven,174495802433.015,6.006434,0.0,0.0,57148.0,0.0,0.0,0.0,57148.0,0.001,57148.0,147637652700.572,always_reactive,0.042054
h=0.1/q0=0.4/p=0/r=1/sig=0/cf=11.0877,A_core,0.1,0.4,0.0,1.0,0.0,1.0,11.087667012373094,bpi2019,autorpa_233k,breakeven_cap_epoch,28387538169.507,0.977146,0.0,0.0,592.0,0.0,0.0,0.0,592.0,0.003,592.0,1529388437.019,always_reactive,0.042054
h=0.1/q0=0.4/p=0/r=1/sig=0/cf=11.0877,A_core,0.1,0.4,0.0,1.0,0.0,1.0,11.087667012373094,bpi2019,autorpa_233k,offline_taxblind,26858149732.495,0.924502,,,,,,,,,,,always_reactive,0.042054
h=0.1/q0=0.4/p=0/r=1/sig=0/cf=11.0877,A_core,0.1,0.4,0.0,1.0,0.0,1.0,11.087667012373094,bpi2019,autorpa_233k,offline_opt_tax,26858149732.495,0.924502,,,,,,,,,,,always_reactive,0.042054
h=0.1/q0=0.4/p=0/r=1/sig=0/cf=11.0877,A_core,0.1,0.4,0.0,1.0,0.0,1.0,11.087667012373094,bpi2019,native,always_reactive,26858149732.486,0.885834,0.0,0.0,0.0,0.0,0.0,0.0,0.0,0.003,0.0,0.0,always_reactive,0.090199
h=0.1/q0=0.4/p=0/r=1/sig=0/cf=11.0877,A_core,0.1,0.4,0.0,1.0,0.0,1.0,11.087667012373094,bpi2019,native,always_compile_evict,297766090738.087,9.820899,0.0,0.0,236818.0,0.0,0.0,0.0,236818.0,0.0,236818.0,270907941005.199,always_reactive,0.090199
h=0.1/q0=0.4/p=0/r=1/sig=0/cf=11.0877,A_core,0.1,0.4,0.0,1.0,0.0,1.0,11.087667012373094,bpi2019,native,ours_noinflate,30319635556.535,1.0,0.0,0.0,2894.0,0.0,0.0,0.0,2894.0,0.003,2894.0,3461485824.044,always_reactive,0.090199
h=0.1/q0=0.4/p=0/r=1/sig=0/cf=11.0877,A_core,0.1,0.4,0.0,1.0,0.0,1.0,11.087667012373094,bpi2019,native,oracle_tax,26858149732.486,0.885834,0.0,0.0,0.0,0.0,0.0,0.0,0.0,0.003,0.0,0.0,always_reactive,0.090199
h=0.1/q0=0.4/p=0/r=1/sig=0/cf=11.0877,A_core,0.1,0.4,0.0,1.0,0.0,1.0,11.087667012373094,bpi2019,native,ours_spend_cap,28189629855.06,0.929748,0.0,0.0,1085.0,0.0,0.0,0.0,1085.0,0.003,1085.0,1331480122.571,always_reactive,0.090199
h=0.1/q0=0.4/p=0/r=1/sig=0/cf=11.0877,A_core,0.1,0.4,0.0,1.0,0.0,1.0,11.087667012373094,bpi2019,native,ours_cap_epoch,28189629855.06,0.929748,0.0,0.0,1085.0,0.0,0.0,0.0,1085.0,0.003,1085.0,1331480122.571,always_reactive,0.090199
h=0.1/q0=0.4/p=0/r=1/sig=0/cf=11.0877,A_core,0.1,0.4,0.0,1.0,0.0,1.0,11.087667012373094,bpi2019,native,ours_cap_realized,28189629855.06,0.929748,0.0,0.0,1085.0,0.0,0.0,0.0,1085.0,0.003,1085.0,1331480122.571,always_reactive,0.090199
h=0.1/q0=0.4/p=0/r=1/sig=0/cf=11.0877,A_core,0.1,0.4,0.0,1.0,0.0,1.0,11.087667012373094,bpi2019,native,ours_pi_prior,30264384819.255,0.998178,0.0,0.0,2835.0,0.0,0.0,0.0,2835.0,0.003,2835.0,3406235086.764,always_reactive,0.090199
h=0.1/q0=0.4/p=0/r=1/sig=0/cf=11.0877,A_core,0.1,0.4,0.0,1.0,0.0,1.0,11.087667012373094,bpi2019,native,breakeven,176271978471.879,5.813789,0.0,0.0,126725.0,0.0,0.0,0.0,126725.0,0.001,126725.0,149413828739.143,always_reactive,0.090199
h=0.1/q0=0.4/p=0/r=1/sig=0/cf=11.0877,A_core,0.1,0.4,0.0,1.0,0.0,1.0,11.087667012373094,bpi2019,native,breakeven_cap_epoch,28007210368.344,0.923732,0.0,0.0,956.0,0.0,0.0,0.0,956.0,0.003,956.0,1149060635.856,always_reactive,0.090199
h=0.1/q0=0.4/p=0/r=1/sig=0/cf=11.0877,A_core,0.1,0.4,0.0,1.0,0.0,1.0,11.087667012373094,bpi2019,native,offline_taxblind,26858149732.495,0.885834,,,,,,,,,,,always_reactive,0.090199
h=0.1/q0=0.4/p=0/r=1/sig=0/cf=11.0877,A_core,0.1,0.4,0.0,1.0,0.0,1.0,11.087667012373094,bpi2019,native,offline_opt_tax,26858149732.495,0.885834,,,,,,,,,,,always_reactive,0.090199
h=0.1/q0=0.4/p=0/r=1/sig=0/cf=11.0877,A_core,0.1,0.4,0.0,1.0,0.0,1.0,11.087667012373094,sepsis,autorpa_233k,always_reactive,93787502.059,0.819427,0.0,0.0,0.0,0.0,0.0,0.0,0.0,0.004,0.0,0.0,always_reactive,0.203605
h=0.1/q0=0.4/p=0/r=1/sig=0/cf=11.0877,A_core,0.1,0.4,0.0,1.0,0.0,1.0,11.087667012373094,sepsis,autorpa_233k,always_compile_evict,460634052.831,4.02459,0.0,0.0,142.0,0.0,0.0,0.0,142.0,0.001,142.0,366846550.771,always_reactive,0.203605
h=0.1/q0=0.4/p=0/r=1/sig=0/cf=11.0877,A_core,0.1,0.4,0.0,1.0,0.0,1.0,11.087667012373094,sepsis,autorpa_233k,ours_noinflate,114454913.37,1.0,0.0,0.0,8.0,0.0,0.0,0.0,8.0,0.003,8.0,20667411.311,always_reactive,0.203605
h=0.1/q0=0.4/p=0/r=1/sig=0/cf=11.0877,A_core,0.1,0.4,0.0,1.0,0.0,1.0,11.087667012373094,sepsis,autorpa_233k,oracle_tax,93787502.059,0.819427,0.0,0.0,0.0,0.0,0.0,0.0,0.0,0.004,0.0,0.0,always_reactive,0.203605
h=0.1/q0=0.4/p=0/r=1/sig=0/cf=11.0877,A_core,0.1,0.4,0.0,1.0,0.0,1.0,11.087667012373094,sepsis,autorpa_233k,ours_spend_cap,106704634.129,0.932285,0.0,0.0,5.0,0.0,0.0,0.0,5.0,0.004,5.0,12917132.069,always_reactive,0.203605
h=0.1/q0=0.4/p=0/r=1/sig=0/cf=11.0877,A_core,0.1,0.4,0.0,1.0,0.0,1.0,11.087667012373094,sepsis,autorpa_233k,ours_cap_epoch,106704634.129,0.932285,0.0,0.0,5.0,0.0,0.0,0.0,5.0,0.004,5.0,12917132.069,always_reactive,0.203605
h=0.1/q0=0.4/p=0/r=1/sig=0/cf=11.0877,A_core,0.1,0.4,0.0,1.0,0.0,1.0,11.087667012373094,sepsis,autorpa_233k,ours_cap_realized,106704634.129,0.932285,0.0,0.0,5.0,0.0,0.0,0.0,5.0,0.004,5.0,12917132.069,always_reactive,0.203605
h=0.1/q0=0.4/p=0/r=1/sig=0/cf=11.0877,A_core,0.1,0.4,0.0,1.0,0.0,1.0,11.087667012373094,sepsis,autorpa_233k,ours_pi_prior,109288060.543,0.954857,0.0,0.0,6.0,0.0,0.0,0.0,6.0,0.004,6.0,15500558.483,always_reactive,0.203605
h=0.1/q0=0.4/p=0/r=1/sig=0/cf=11.0877,A_core,0.1,0.4,0.0,1.0,0.0,1.0,11.087667012373094,sepsis,autorpa_233k,breakeven,124788619.026,1.090286,0.0,0.0,12.0,0.0,0.0,0.0,12.0,0.003,12.0,31001116.967,always_reactive,0.203605
h=0.1/q0=0.4/p=0/r=1/sig=0/cf=11.0877,A_core,0.1,0.4,0.0,1.0,0.0,1.0,11.087667012373094,sepsis,autorpa_233k,breakeven_cap_epoch,109288060.543,0.954857,0.0,0.0,6.0,0.0,0.0,0.0,6.0,0.004,6.0,15500558.483,always_reactive,0.203605
h=0.1/q0=0.4/p=0/r=1/sig=0/cf=11.0877,A_core,0.1,0.4,0.0,1.0,0.0,1.0,11.087667012373094,sepsis,autorpa_233k,offline_taxblind,93787502.059,0.819427,,,,,,,,,,,always_reactive,0.203605
h=0.1/q0=0.4/p=0/r=1/sig=0/cf=11.0877,A_core,0.1,0.4,0.0,1.0,0.0,1.0,11.087667012373094,sepsis,autorpa_233k,offline_opt_tax,93787502.059,0.819427,,,,,,,,,,,always_reactive,0.203605
h=0.1/q0=0.4/p=0/r=1/sig=0/cf=11.0877,A_core,0.1,0.4,0.0,1.0,0.0,1.0,11.087667012373094,sepsis,native,always_reactive,93787502.059,0.735055,0.0,0.0,0.0,0.0,0.0,0.0,0.0,0.004,0.0,0.0,always_reactive,0.333198
h=0.1/q0=0.4/p=0/r=1/sig=0/cf=11.0877,A_core,0.1,0.4,0.0,1.0,0.0,1.0,11.087667012373094,sepsis,native,always_compile_evict,281477051.151,2.206063,0.0,0.0,142.0,0.0,0.0,0.0,142.0,0.001,142.0,187689549.092,always_reactive,0.333198
h=0.1/q0=0.4/p=0/r=1/sig=0/cf=11.0877,A_core,0.1,0.4,0.0,1.0,0.0,1.0,11.087667012373094,sepsis,native,ours_noinflate,127592479.348,1.0,0.0,0.0,28.0,0.0,0.0,0.0,28.0,0.003,28.0,33804977.288,always_reactive,0.333198
h=0.1/q0=0.4/p=0/r=1/sig=0/cf=11.0877,A_core,0.1,0.4,0.0,1.0,0.0,1.0,11.087667012373094,sepsis,native,oracle_tax,93787502.059,0.735055,0.0,0.0,0.0,0.0,0.0,0.0,0.0,0.004,0.0,0.0,always_reactive,0.333198
h=0.1/q0=0.4/p=0/r=1/sig=0/cf=11.0877,A_core,0.1,0.4,0.0,1.0,0.0,1.0,11.087667012373094,sepsis,native,ours_spend_cap,108753291.275,0.852349,0.0,0.0,12.0,0.0,0.0,0.0,12.0,0.004,12.0,14965789.216,always_reactive,0.333198
h=0.1/q0=0.4/p=0/r=1/sig=0/cf=11.0877,A_core,0.1,0.4,0.0,1.0,0.0,1.0,11.087667012373094,sepsis,native,ours_cap_epoch,108753291.275,0.852349,0.0,0.0,12.0,0.0,0.0,0.0,12.0,0.004,12.0,14965789.216,always_reactive,0.333198
h=0.1/q0=0.4/p=0/r=1/sig=0/cf=11.0877,A_core,0.1,0.4,0.0,1.0,0.0,1.0,11.087667012373094,sepsis,native,ours_cap_realized,108753291.275,0.852349,0.0,0.0,12.0,0.0,0.0,0.0,12.0,0.004,12.0,14965789.216,always_reactive,0.333198
h=0.1/q0=0.4/p=0/r=1/sig=0/cf=11.0877,A_core,0.1,0.4,0.0,1.0,0.0,1.0,11.087667012373094,sepsis,native,ours_pi_prior,124478330.665,0.975593,0.0,0.0,25.0,0.0,0.0,0.0,25.0,0.003,25.0,30690828.605,always_reactive,0.333198
h=0.1/q0=0.4/p=0/r=1/sig=0/cf=11.0877,A_core,0.1,0.4,0.0,1.0,0.0,1.0,11.087667012373094,sepsis,native,breakeven,143130763.618,1.121781,0.0,0.0,38.0,0.0,0.0,0.0,38.0,0.003,38.0,49343261.559,always_reactive,0.333198
h=0.1/q0=0.4/p=0/r=1/sig=0/cf=11.0877,A_core,0.1,0.4,0.0,1.0,0.0,1.0,11.087667012373094,sepsis,native,breakeven_cap_epoch,108753291.275,0.852349,0.0,0.0,12.0,0.0,0.0,0.0,12.0,0.004,12.0,14965789.216,always_reactive,0.333198
h=0.1/q0=0.4/p=0/r=1/sig=0/cf=11.0877,A_core,0.1,0.4,0.0,1.0,0.0,1.0,11.087667012373094,sepsis,native,offline_taxblind,93787502.059,0.735055,,,,,,,,,,,always_reactive,0.333198
h=0.1/q0=0.4/p=0/r=1/sig=0/cf=11.0877,A_core,0.1,0.4,0.0,1.0,0.0,1.0,11.087667012373094,sepsis,native,offline_opt_tax,93787502.059,0.735055,,,,,,,,,,,always_reactive,0.333198
h=0.1/q0=0.4/p=0/r=1/sig=0/cf=11.0877,A_core,0.1,0.4,0.0,1.0,0.0,1.0,11.087667012373094,wiki_A,autorpa_233k,always_reactive,4770469730.199,0.927659,0.0,0.0,0.0,0.0,0.0,0.0,0.0,0.005,0.0,0.0,always_reactive,0.028669
h=0.1/q0=0.4/p=0/r=1/sig=0/cf=11.0877,A_core,0.1,0.4,0.0,1.0,0.0,1.0,11.087667012373094,wiki_A,autorpa_233k,always_compile_evict,166397376461.779,32.357399,0.0,0.0,62563.0,0.0,0.0,0.0,62563.0,0.0,62563.0,161626906731.718,always_reactive,0.028669
h=0.1/q0=0.4/p=0/r=1/sig=0/cf=11.0877,A_core,0.1,0.4,0.0,1.0,0.0,1.0,11.087667012373094,wiki_A,autorpa_233k,ours_noinflate,5142483133.798,1.0,0.0,0.0,144.0,0.0,0.0,0.0,144.0,0.005,144.0,372013403.599,always_reactive,0.028669
h=0.1/q0=0.4/p=0/r=1/sig=0/cf=11.0877,A_core,0.1,0.4,0.0,1.0,0.0,1.0,11.087667012373094,wiki_A,autorpa_233k,oracle_tax,4770469730.199,0.927659,0.0,0.0,0.0,0.0,0.0,0.0,0.0,0.005,0.0,0.0,always_reactive,0.028669
h=0.1/q0=0.4/p=0/r=1/sig=0/cf=11.0877,A_core,0.1,0.4,0.0,1.0,0.0,1.0,11.087667012373094,wiki_A,autorpa_233k,ours_spend_cap,5000394681.034,0.97237,0.0,0.0,89.0,0.0,0.0,0.0,89.0,0.005,89.0,229924950.836,always_reactive,0.028669
h=0.1/q0=0.4/p=0/r=1/sig=0/cf=11.0877,A_core,0.1,0.4,0.0,1.0,0.0,1.0,11.087667012373094,wiki_A,autorpa_233k,ours_cap_epoch,5000394681.034,0.97237,0.0,0.0,89.0,0.0,0.0,0.0,89.0,0.005,89.0,229924950.836,always_reactive,0.028669
h=0.1/q0=0.4/p=0/r=1/sig=0/cf=11.0877,A_core,0.1,0.4,0.0,1.0,0.0,1.0,11.087667012373094,wiki_A,autorpa_233k,ours_cap_realized,5000394681.034,0.97237,0.0,0.0,89.0,0.0,0.0,0.0,89.0,0.005,89.0,229924950.836,always_reactive,0.028669
h=0.1/q0=0.4/p=0/r=1/sig=0/cf=11.0877,A_core,0.1,0.4,0.0,1.0,0.0,1.0,11.087667012373094,wiki_A,autorpa_233k,ours_pi_prior,5090814605.52,0.989953,0.0,0.0,124.0,0.0,0.0,0.0,124.0,0.005,124.0,320344875.321,always_reactive,0.028669
h=0.1/q0=0.4/p=0/r=1/sig=0/cf=11.0877,A_core,0.1,0.4,0.0,1.0,0.0,1.0,11.087667012373094,wiki_A,autorpa_233k,breakeven,30656402397.312,5.961401,0.0,0.0,10020.0,0.0,0.0,0.0,10020.0,0.001,10020.0,25885932667.107,always_reactive,0.028669
h=0.1/q0=0.4/p=0/r=1/sig=0/cf=11.0877,A_core,0.1,0.4,0.0,1.0,0.0,1.0,11.087667012373094,wiki_A,autorpa_233k,breakeven_cap_epoch,5075314047.037,0.986938,0.0,0.0,118.0,0.0,0.0,0.0,118.0,0.005,118.0,304844316.838,always_reactive,0.028669
h=0.1/q0=0.4/p=0/r=1/sig=0/cf=11.0877,A_core,0.1,0.4,0.0,1.0,0.0,1.0,11.087667012373094,wiki_A,autorpa_233k,offline_taxblind,4770469730.199,0.927659,,,,,,,,,,,always_reactive,0.028669
h=0.1/q0=0.4/p=0/r=1/sig=0/cf=11.0877,A_core,0.1,0.4,0.0,1.0,0.0,1.0,11.087667012373094,wiki_A,autorpa_233k,offline_opt_tax,4770469730.199,0.927659,,,,,,,,,,,always_reactive,0.028669
h=0.1/q0=0.4/p=0/r=1/sig=0/cf=11.0877,A_core,0.1,0.4,0.0,1.0,0.0,1.0,11.087667012373094,wiki_A,native,always_reactive,4770469730.199,0.883116,0.0,0.0,0.0,0.0,0.0,0.0,0.0,0.005,0.0,0.0,always_reactive,0.054581
h=0.1/q0=0.4/p=0/r=1/sig=0/cf=11.0877,A_core,0.1,0.4,0.0,1.0,0.0,1.0,11.087667012373094,wiki_A,native,always_compile_evict,87402252127.177,16.180033,0.0,0.0,62563.0,0.0,0.0,0.0,62563.0,0.0,62563.0,82631782397.03,always_reactive,0.054581
h=0.1/q0=0.4/p=0/r=1/sig=0/cf=11.0877,A_core,0.1,0.4,0.0,1.0,0.0,1.0,11.087667012373094,wiki_A,native,ours_noinflate,5401858663.438,1.0,0.0,0.0,527.0,0.0,0.0,0.0,527.0,0.004,527.0,631388933.239,always_reactive,0.054581
h=0.1/q0=0.4/p=0/r=1/sig=0/cf=11.0877,A_core,0.1,0.4,0.0,1.0,0.0,1.0,11.087667012373094,wiki_A,native,oracle_tax,4770469730.199,0.883116,0.0,0.0,0.0,0.0,0.0,0.0,0.0,0.005,0.0,0.0,always_reactive,0.054581
h=0.1/q0=0.4/p=0/r=1/sig=0/cf=11.0877,A_core,0.1,0.4,0.0,1.0,0.0,1.0,11.087667012373094,wiki_A,native,ours_spend_cap,5001525916.893,0.92589,0.0,0.0,187.0,0.0,0.0,0.0,187.0,0.005,187.0,231056186.694,always_reactive,0.054581
h=0.1/q0=0.4/p=0/r=1/sig=0/cf=11.0877,A_core,0.1,0.4,0.0,1.0,0.0,1.0,11.087667012373094,wiki_A,native,ours_cap_epoch,5001525916.893,0.92589,0.0,0.0,187.0,0.0,0.0,0.0,187.0,0.005,187.0,231056186.694,always_reactive,0.054581
h=0.1/q0=0.4/p=0/r=1/sig=0/cf=11.0877,A_core,0.1,0.4,0.0,1.0,0.0,1.0,11.087667012373094,wiki_A,native,ours_cap_realized,5001525916.893,0.92589,0.0,0.0,187.0,0.0,0.0,0.0,187.0,0.005,187.0,231056186.694,always_reactive,0.054581
h=0.1/q0=0.4/p=0/r=1/sig=0/cf=11.0877,A_core,0.1,0.4,0.0,1.0,0.0,1.0,11.087667012373094,wiki_A,native,ours_pi_prior,5381314219.898,0.996197,0.0,0.0,506.0,0.0,0.0,0.0,506.0,0.004,506.0,610844489.699,always_reactive,0.054581
h=0.1/q0=0.4/p=0/r=1/sig=0/cf=11.0877,A_core,0.1,0.4,0.0,1.0,0.0,1.0,11.087667012373094,wiki_A,native,breakeven,30988514269.917,5.736639,0.0,0.0,20172.0,0.0,0.0,0.0,20172.0,0.001,20172.0,26218044539.712,always_reactive,0.054581
h=0.1/q0=0.4/p=0/r=1/sig=0/cf=11.0877,A_core,0.1,0.4,0.0,1.0,0.0,1.0,11.087667012373094,wiki_A,native,breakeven_cap_epoch,4980287141.469,0.921958,0.0,0.0,175.0,0.0,0.0,0.0,175.0,0.005,175.0,209817411.27,always_reactive,0.054581
h=0.1/q0=0.4/p=0/r=1/sig=0/cf=11.0877,A_core,0.1,0.4,0.0,1.0,0.0,1.0,11.087667012373094,wiki_A,native,offline_taxblind,4770469730.199,0.883116,,,,,,,,,,,always_reactive,0.054581
h=0.1/q0=0.4/p=0/r=1/sig=0/cf=11.0877,A_core,0.1,0.4,0.0,1.0,0.0,1.0,11.087667012373094,wiki_A,native,offline_opt_tax,4770469730.199,0.883116,,,,,,,,,,,always_reactive,0.054581
h=0.1/q0=0.4/p=0/r=1/sig=0/cf=11.0877,A_core,0.1,0.4,0.0,1.0,0.0,1.0,11.087667012373094,wiki_B,autorpa_233k,always_reactive,8991713899.193,0.836359,0.0,0.0,0.0,0.0,0.0,0.0,0.0,0.004,0.0,0.0,always_reactive,0.110187
h=0.1/q0=0.4/p=0/r=1/sig=0/cf=11.0877,A_core,0.1,0.4,0.0,1.0,0.0,1.0,11.087667012373094,wiki_B,autorpa_233k,always_compile_evict,81604080114.056,7.590352,0.0,0.0,28107.0,0.0,0.0,0.0,28107.0,0.0,28107.0,72612366215.008,always_reactive,0.110187
h=0.1/q0=0.4/p=0/r=1/sig=0/cf=11.0877,A_core,0.1,0.4,0.0,1.0,0.0,1.0,11.087667012373094,wiki_B,autorpa_233k,ours_noinflate,10751027287.039,1.0,0.0,0.0,681.0,0.0,0.0,0.0,681.0,0.003,681.0,1759313387.854,always_reactive,0.110187
h=0.1/q0=0.4/p=0/r=1/sig=0/cf=11.0877,A_core,0.1,0.4,0.0,1.0,0.0,1.0,11.087667012373094,wiki_B,autorpa_233k,oracle_tax,8991713899.193,0.836359,0.0,0.0,0.0,0.0,0.0,0.0,0.0,0.004,0.0,0.0,always_reactive,0.110187
h=0.1/q0=0.4/p=0/r=1/sig=0/cf=11.0877,A_core,0.1,0.4,0.0,1.0,0.0,1.0,11.087667012373094,wiki_B,autorpa_233k,ours_spend_cap,10143922079.779,0.94353,0.0,0.0,446.0,0.0,0.0,0.0,446.0,0.004,446.0,1152208180.592,always_reactive,0.110187
h=0.1/q0=0.4/p=0/r=1/sig=0/cf=11.0877,A_core,0.1,0.4,0.0,1.0,0.0,1.0,11.087667012373094,wiki_B,autorpa_233k,ours_cap_epoch,10143922079.779,0.94353,0.0,0.0,446.0,0.0,0.0,0.0,446.0,0.004,446.0,1152208180.592,always_reactive,0.110187
h=0.1/q0=0.4/p=0/r=1/sig=0/cf=11.0877,A_core,0.1,0.4,0.0,1.0,0.0,1.0,11.087667012373094,wiki_B,autorpa_233k,ours_cap_realized,10143922079.779,0.94353,0.0,0.0,446.0,0.0,0.0,0.0,446.0,0.004,446.0,1152208180.592,always_reactive,0.110187
h=0.1/q0=0.4/p=0/r=1/sig=0/cf=11.0877,A_core,0.1,0.4,0.0,1.0,0.0,1.0,11.087667012373094,wiki_B,autorpa_233k,ours_pi_prior,10676107921.037,0.993031,0.0,0.0,652.0,0.0,0.0,0.0,652.0,0.003,652.0,1684394021.852,always_reactive,0.110187
h=0.1/q0=0.4/p=0/r=1/sig=0/cf=11.0877,A_core,0.1,0.4,0.0,1.0,0.0,1.0,11.087667012373094,wiki_B,autorpa_233k,breakeven,20816056595.52,1.936192,0.0,0.0,4577.0,0.0,0.0,0.0,4577.0,0.002,4577.0,11824342696.342,always_reactive,0.110187
h=0.1/q0=0.4/p=0/r=1/sig=0/cf=11.0877,A_core,0.1,0.4,0.0,1.0,0.0,1.0,11.087667012373094,wiki_B,autorpa_233k,breakeven_cap_epoch,10043168449.638,0.934159,0.0,0.0,407.0,0.0,0.0,0.0,407.0,0.004,407.0,1051454550.45,always_reactive,0.110187
h=0.1/q0=0.4/p=0/r=1/sig=0/cf=11.0877,A_core,0.1,0.4,0.0,1.0,0.0,1.0,11.087667012373094,wiki_B,autorpa_233k,offline_taxblind,8991713899.192,0.836359,,,,,,,,,,,always_reactive,0.110187
h=0.1/q0=0.4/p=0/r=1/sig=0/cf=11.0877,A_core,0.1,0.4,0.0,1.0,0.0,1.0,11.087667012373094,wiki_B,autorpa_233k,offline_opt_tax,8991713899.192,0.836359,,,,,,,,,,,always_reactive,0.110187
h=0.1/q0=0.4/p=0/r=1/sig=0/cf=11.0877,A_core,0.1,0.4,0.0,1.0,0.0,1.0,11.087667012373094,wiki_B,native,always_reactive,8991713899.193,0.760339,0.0,0.0,0.0,0.0,0.0,0.0,0.0,0.004,0.0,0.0,always_reactive,0.208748
h=0.1/q0=0.4/p=0/r=1/sig=0/cf=11.0877,A_core,0.1,0.4,0.0,1.0,0.0,1.0,11.087667012373094,wiki_B,native,always_compile_evict,43074484523.997,3.642377,0.0,0.0,28107.0,0.0,0.0,0.0,28107.0,0.001,28107.0,34082770624.823,always_reactive,0.208748
h=0.1/q0=0.4/p=0/r=1/sig=0/cf=11.0877,A_core,0.1,0.4,0.0,1.0,0.0,1.0,11.087667012373094,wiki_B,native,ours_noinflate,11825927862.501,1.0,0.0,0.0,2357.0,0.0,0.0,0.0,2357.0,0.003,2357.0,2834213963.32,always_reactive,0.208748
h=0.1/q0=0.4/p=0/r=1/sig=0/cf=11.0877,A_core,0.1,0.4,0.0,1.0,0.0,1.0,11.087667012373094,wiki_B,native,oracle_tax,8991713899.193,0.760339,0.0,0.0,0.0,0.0,0.0,0.0,0.0,0.004,0.0,0.0,always_reactive,0.208748
h=0.1/q0=0.4/p=0/r=1/sig=0/cf=11.0877,A_core,0.1,0.4,0.0,1.0,0.0,1.0,11.087667012373094,wiki_B,native,ours_spend_cap,10212822383.779,0.863596,0.0,0.0,987.0,0.0,0.0,0.0,987.0,0.004,987.0,1221108484.592,always_reactive,0.208748
h=0.1/q0=0.4/p=0/r=1/sig=0/cf=11.0877,A_core,0.1,0.4,0.0,1.0,0.0,1.0,11.087667012373094,wiki_B,native,ours_cap_epoch,10212822383.779,0.863596,0.0,0.0,987.0,0.0,0.0,0.0,987.0,0.004,987.0,1221108484.592,always_reactive,0.208748
h=0.1/q0=0.4/p=0/r=1/sig=0/cf=11.0877,A_core,0.1,0.4,0.0,1.0,0.0,1.0,11.087667012373094,wiki_B,native,ours_cap_realized,10212822383.779,0.863596,0.0,0.0,987.0,0.0,0.0,0.0,987.0,0.004,987.0,1221108484.592,always_reactive,0.208748
h=0.1/q0=0.4/p=0/r=1/sig=0/cf=11.0877,A_core,0.1,0.4,0.0,1.0,0.0,1.0,11.087667012373094,wiki_B,native,ours_pi_prior,11671154203.943,0.986912,0.0,0.0,2222.0,0.0,0.0,0.0,2222.0,0.003,2222.0,2679440304.761,always_reactive,0.208748
h=0.1/q0=0.4/p=0/r=1/sig=0/cf=11.0877,A_core,0.1,0.4,0.0,1.0,0.0,1.0,11.087667012373094,wiki_B,native,breakeven,22228583799.692,1.879648,0.0,0.0,10879.0,0.0,0.0,0.0,10879.0,0.002,10879.0,13236869900.511,always_reactive,0.208748
h=0.1/q0=0.4/p=0/r=1/sig=0/cf=11.0877,A_core,0.1,0.4,0.0,1.0,0.0,1.0,11.087667012373094,wiki_B,native,breakeven_cap_epoch,9914517523.052,0.838371,0.0,0.0,761.0,0.0,0.0,0.0,761.0,0.004,761.0,922803623.864,always_reactive,0.208748
h=0.1/q0=0.4/p=0/r=1/sig=0/cf=11.0877,A_core,0.1,0.4,0.0,1.0,0.0,1.0,11.087667012373094,wiki_B,native,offline_taxblind,8991713899.192,0.760339,,,,,,,,,,,always_reactive,0.208748
h=0.1/q0=0.4/p=0/r=1/sig=0/cf=11.0877,A_core,0.1,0.4,0.0,1.0,0.0,1.0,11.087667012373094,wiki_B,native,offline_opt_tax,8991713899.192,0.760339,,,,,,,,,,,always_reactive,0.208748
h=0.1/q0=0.4/p=0/r=1/sig=0/cf=1,A_core,0.1,0.4,0.0,1.0,0.0,1.0,1.0,bpi2019,autorpa_233k,always_reactive,26858149732.486,0.992689,0.0,0.0,0.0,0.0,0.0,0.0,0.0,0.003,0.0,0.0,always_reactive,0.327392
h=0.1/q0=0.4/p=0/r=1/sig=0/cf=1,A_core,0.1,0.4,0.0,1.0,0.0,1.0,1.0,bpi2019,autorpa_233k,always_compile_evict,82036743732.254,3.032113,0.0,0.0,236818.0,0.0,0.0,0.0,236818.0,0.001,236818.0,55178594000.0,always_reactive,0.327392
h=0.1/q0=0.4/p=0/r=1/sig=0/cf=1,A_core,0.1,0.4,0.0,1.0,0.0,1.0,1.0,bpi2019,autorpa_233k,ours_noinflate,27055966732.487,1.0,0.0,0.0,849.0,0.0,0.0,0.0,849.0,0.003,849.0,197817000.0,always_reactive,0.327392
h=0.1/q0=0.4/p=0/r=1/sig=0/cf=1,A_core,0.1,0.4,0.0,1.0,0.0,1.0,1.0,bpi2019,autorpa_233k,oracle_tax,26858149732.486,0.992689,0.0,0.0,0.0,0.0,0.0,0.0,0.0,0.003,0.0,0.0,always_reactive,0.327392
h=0.1/q0=0.4/p=0/r=1/sig=0/cf=1,A_core,0.1,0.4,0.0,1.0,0.0,1.0,1.0,bpi2019,autorpa_233k,ours_spend_cap,27055966732.487,1.0,0.0,0.0,849.0,0.0,0.0,0.0,849.0,0.003,849.0,197817000.0,always_reactive,0.327392
h=0.1/q0=0.4/p=0/r=1/sig=0/cf=1,A_core,0.1,0.4,0.0,1.0,0.0,1.0,1.0,bpi2019,autorpa_233k,ours_cap_epoch,27055966732.487,1.0,0.0,0.0,849.0,0.0,0.0,0.0,849.0,0.003,849.0,197817000.0,always_reactive,0.327392
h=0.1/q0=0.4/p=0/r=1/sig=0/cf=1,A_core,0.1,0.4,0.0,1.0,0.0,1.0,1.0,bpi2019,autorpa_233k,ours_cap_realized,27055966732.487,1.0,0.0,0.0,849.0,0.0,0.0,0.0,849.0,0.003,849.0,197817000.0,always_reactive,0.327392
h=0.1/q0=0.4/p=0/r=1/sig=0/cf=1,A_core,0.1,0.4,0.0,1.0,0.0,1.0,1.0,bpi2019,autorpa_233k,ours_pi_prior,27047345732.487,0.999681,0.0,0.0,812.0,0.0,0.0,0.0,812.0,0.003,812.0,189196000.0,always_reactive,0.327392
h=0.1/q0=0.4/p=0/r=1/sig=0/cf=1,A_core,0.1,0.4,0.0,1.0,0.0,1.0,1.0,bpi2019,autorpa_233k,breakeven,40173633732.399,1.484835,0.0,0.0,57148.0,0.0,0.0,0.0,57148.0,0.002,57148.0,13315484000.0,always_reactive,0.327392
h=0.1/q0=0.4/p=0/r=1/sig=0/cf=1,A_core,0.1,0.4,0.0,1.0,0.0,1.0,1.0,bpi2019,autorpa_233k,breakeven_cap_epoch,27199028732.487,1.005288,0.0,0.0,1463.0,0.0,0.0,0.0,1463.0,0.003,1463.0,340879000.0,always_reactive,0.327392
h=0.1/q0=0.4/p=0/r=1/sig=0/cf=1,A_core,0.1,0.4,0.0,1.0,0.0,1.0,1.0,bpi2019,autorpa_233k,offline_taxblind,26858149732.495,0.992689,,,,,,,,,,,always_reactive,0.327392
h=0.1/q0=0.4/p=0/r=1/sig=0/cf=1,A_core,0.1,0.4,0.0,1.0,0.0,1.0,1.0,bpi2019,autorpa_233k,offline_opt_tax,26858149732.495,0.992689,,,,,,,,,,,always_reactive,0.327392
h=0.1/q0=0.4/p=0/r=1/sig=0/cf=1,A_core,0.1,0.4,0.0,1.0,0.0,1.0,1.0,bpi2019,native,always_reactive,26858149732.486,0.98851,0.0,0.0,0.0,0.0,0.0,0.0,0.0,0.003,0.0,0.0,always_reactive,0.523638
h=0.1/q0=0.4/p=0/r=1/sig=0/cf=1,A_core,0.1,0.4,0.0,1.0,0.0,1.0,1.0,bpi2019,native,always_compile_evict,51291417858.305,1.887772,0.0,0.0,236818.0,0.0,0.0,0.0,236818.0,0.002,236818.0,24433268126.0,always_reactive,0.523638
h=0.1/q0=0.4/p=0/r=1/sig=0/cf=1,A_core,0.1,0.4,0.0,1.0,0.0,1.0,1.0,bpi2019,native,ours_noinflate,27170342172.987,1.0,0.0,0.0,2894.0,0.0,0.0,0.0,2894.0,0.003,2894.0,312192440.5,always_reactive,0.523638
h=0.1/q0=0.4/p=0/r=1/sig=0/cf=1,A_core,0.1,0.4,0.0,1.0,0.0,1.0,1.0,bpi2019,native,oracle_tax,26858149732.486,0.98851,0.0,0.0,0.0,0.0,0.0,0.0,0.0,0.003,0.0,0.0,always_reactive,0.523638
h=0.1/q0=0.4/p=0/r=1/sig=0/cf=1,A_core,0.1,0.4,0.0,1.0,0.0,1.0,1.0,bpi2019,native,ours_spend_cap,27170342172.987,1.0,0.0,0.0,2894.0,0.0,0.0,0.0,2894.0,0.003,2894.0,312192440.5,always_reactive,0.523638
h=0.1/q0=0.4/p=0/r=1/sig=0/cf=1,A_core,0.1,0.4,0.0,1.0,0.0,1.0,1.0,bpi2019,native,ours_cap_epoch,27170342172.987,1.0,0.0,0.0,2894.0,0.0,0.0,0.0,2894.0,0.003,2894.0,312192440.5,always_reactive,0.523638
h=0.1/q0=0.4/p=0/r=1/sig=0/cf=1,A_core,0.1,0.4,0.0,1.0,0.0,1.0,1.0,bpi2019,native,ours_cap_realized,27170342172.987,1.0,0.0,0.0,2894.0,0.0,0.0,0.0,2894.0,0.003,2894.0,312192440.5,always_reactive,0.523638
h=0.1/q0=0.4/p=0/r=1/sig=0/cf=1,A_core,0.1,0.4,0.0,1.0,0.0,1.0,1.0,bpi2019,native,ours_pi_prior,27165359092.487,0.999817,0.0,0.0,2835.0,0.0,0.0,0.0,2835.0,0.003,2835.0,307209360.0,always_reactive,0.523638
h=0.1/q0=0.4/p=0/r=1/sig=0/cf=1,A_core,0.1,0.4,0.0,1.0,0.0,1.0,1.0,bpi2019,native,breakeven,40333827579.897,1.48448,0.0,0.0,126725.0,0.0,0.0,0.0,126725.0,0.002,126725.0,13475677847.5,always_reactive,0.523638
h=0.1/q0=0.4/p=0/r=1/sig=0/cf=1,A_core,0.1,0.4,0.0,1.0,0.0,1.0,1.0,bpi2019,native,breakeven_cap_epoch,27249185373.487,1.002902,0.0,0.0,3613.0,0.0,0.0,0.0,3613.0,0.003,3613.0,391035641.0,always_reactive,0.523638
h=0.1/q0=0.4/p=0/r=1/sig=0/cf=1,A_core,0.1,0.4,0.0,1.0,0.0,1.0,1.0,bpi2019,native,offline_taxblind,26858149732.495,0.98851,,,,,,,,,,,always_reactive,0.523638
h=0.1/q0=0.4/p=0/r=1/sig=0/cf=1,A_core,0.1,0.4,0.0,1.0,0.0,1.0,1.0,bpi2019,native,offline_opt_tax,26858149732.495,0.98851,,,,,,,,,,,always_reactive,0.523638
h=0.1/q0=0.4/p=0/r=1/sig=0/cf=1,A_core,0.1,0.4,0.0,1.0,0.0,1.0,1.0,sepsis,autorpa_233k,always_reactive,93787502.059,0.980513,0.0,0.0,0.0,0.0,0.0,0.0,0.0,0.004,0.0,0.0,always_reactive,0.739221
h=0.1/q0=0.4/p=0/r=1/sig=0/cf=1,A_core,0.1,0.4,0.0,1.0,0.0,1.0,1.0,sepsis,autorpa_233k,always_compile_evict,126873502.059,1.326414,0.0,0.0,142.0,0.0,0.0,0.0,142.0,0.003,142.0,33086000.0,always_reactive,0.739221
h=0.1/q0=0.4/p=0/r=1/sig=0/cf=1,A_core,0.1,0.4,0.0,1.0,0.0,1.0,1.0,sepsis,autorpa_233k,ours_noinflate,95651502.059,1.0,0.0,0.0,8.0,0.0,0.0,0.0,8.0,0.004,8.0,1864000.0,always_reactive,0.739221
h=0.1/q0=0.4/p=0/r=1/sig=0/cf=1,A_core,0.1,0.4,0.0,1.0,0.0,1.0,1.0,sepsis,autorpa_233k,oracle_tax,93787502.059,0.980513,0.0,0.0,0.0,0.0,0.0,0.0,0.0,0.004,0.0,0.0,always_reactive,0.739221
h=0.1/q0=0.4/p=0/r=1/sig=0/cf=1,A_core,0.1,0.4,0.0,1.0,0.0,1.0,1.0,sepsis,autorpa_233k,ours_spend_cap,95651502.059,1.0,0.0,0.0,8.0,0.0,0.0,0.0,8.0,0.004,8.0,1864000.0,always_reactive,0.739221
h=0.1/q0=0.4/p=0/r=1/sig=0/cf=1,A_core,0.1,0.4,0.0,1.0,0.0,1.0,1.0,sepsis,autorpa_233k,ours_cap_epoch,95651502.059,1.0,0.0,0.0,8.0,0.0,0.0,0.0,8.0,0.004,8.0,1864000.0,always_reactive,0.739221
h=0.1/q0=0.4/p=0/r=1/sig=0/cf=1,A_core,0.1,0.4,0.0,1.0,0.0,1.0,1.0,sepsis,autorpa_233k,ours_cap_realized,95651502.059,1.0,0.0,0.0,8.0,0.0,0.0,0.0,8.0,0.004,8.0,1864000.0,always_reactive,0.739221
h=0.1/q0=0.4/p=0/r=1/sig=0/cf=1,A_core,0.1,0.4,0.0,1.0,0.0,1.0,1.0,sepsis,autorpa_233k,ours_pi_prior,95185502.059,0.995128,0.0,0.0,6.0,0.0,0.0,0.0,6.0,0.004,6.0,1398000.0,always_reactive,0.739221
h=0.1/q0=0.4/p=0/r=1/sig=0/cf=1,A_core,0.1,0.4,0.0,1.0,0.0,1.0,1.0,sepsis,autorpa_233k,breakeven,96583502.059,1.009744,0.0,0.0,12.0,0.0,0.0,0.0,12.0,0.004,12.0,2796000.0,always_reactive,0.739221
h=0.1/q0=0.4/p=0/r=1/sig=0/cf=1,A_core,0.1,0.4,0.0,1.0,0.0,1.0,1.0,sepsis,autorpa_233k,breakeven_cap_epoch,96117502.059,1.004872,0.0,0.0,10.0,0.0,0.0,0.0,10.0,0.004,10.0,2330000.0,always_reactive,0.739221
h=0.1/q0=0.4/p=0/r=1/sig=0/cf=1,A_core,0.1,0.4,0.0,1.0,0.0,1.0,1.0,sepsis,autorpa_233k,offline_taxblind,93787502.059,0.980513,,,,,,,,,,,always_reactive,0.739221
h=0.1/q0=0.4/p=0/r=1/sig=0/cf=1,A_core,0.1,0.4,0.0,1.0,0.0,1.0,1.0,sepsis,autorpa_233k,offline_opt_tax,93787502.059,0.980513,,,,,,,,,,,always_reactive,0.739221
h=0.1/q0=0.4/p=0/r=1/sig=0/cf=1,A_core,0.1,0.4,0.0,1.0,0.0,1.0,1.0,sepsis,native,always_reactive,93787502.059,0.968515,0.0,0.0,0.0,0.0,0.0,0.0,0.0,0.004,0.0,0.0,always_reactive,0.847105
h=0.1/q0=0.4/p=0/r=1/sig=0/cf=1,A_core,0.1,0.4,0.0,1.0,0.0,1.0,1.0,sepsis,native,always_compile_evict,110715278.559,1.143323,0.0,0.0,142.0,0.0,0.0,0.0,142.0,0.003,142.0,16927776.5,always_reactive,0.847105
h=0.1/q0=0.4/p=0/r=1/sig=0/cf=1,A_core,0.1,0.4,0.0,1.0,0.0,1.0,1.0,sepsis,native,ours_noinflate,96836383.059,1.0,0.0,0.0,28.0,0.0,0.0,0.0,28.0,0.004,28.0,3048881.0,always_reactive,0.847105
h=0.1/q0=0.4/p=0/r=1/sig=0/cf=1,A_core,0.1,0.4,0.0,1.0,0.0,1.0,1.0,sepsis,native,oracle_tax,93787502.059,0.968515,0.0,0.0,0.0,0.0,0.0,0.0,0.0,0.004,0.0,0.0,always_reactive,0.847105
h=0.1/q0=0.4/p=0/r=1/sig=0/cf=1,A_core,0.1,0.4,0.0,1.0,0.0,1.0,1.0,sepsis,native,ours_spend_cap,96836383.059,1.0,0.0,0.0,28.0,0.0,0.0,0.0,28.0,0.004,28.0,3048881.0,always_reactive,0.847105
h=0.1/q0=0.4/p=0/r=1/sig=0/cf=1,A_core,0.1,0.4,0.0,1.0,0.0,1.0,1.0,sepsis,native,ours_cap_epoch,96836383.059,1.0,0.0,0.0,28.0,0.0,0.0,0.0,28.0,0.004,28.0,3048881.0,always_reactive,0.847105
h=0.1/q0=0.4/p=0/r=1/sig=0/cf=1,A_core,0.1,0.4,0.0,1.0,0.0,1.0,1.0,sepsis,native,ours_cap_realized,96836383.059,1.0,0.0,0.0,28.0,0.0,0.0,0.0,28.0,0.004,28.0,3048881.0,always_reactive,0.847105
h=0.1/q0=0.4/p=0/r=1/sig=0/cf=1,A_core,0.1,0.4,0.0,1.0,0.0,1.0,1.0,sepsis,native,ours_pi_prior,96555517.059,0.9971,0.0,0.0,25.0,0.0,0.0,0.0,25.0,0.004,25.0,2768015.0,always_reactive,0.847105
h=0.1/q0=0.4/p=0/r=1/sig=0/cf=1,A_core,0.1,0.4,0.0,1.0,0.0,1.0,1.0,sepsis,native,breakeven,98237785.559,1.014472,0.0,0.0,38.0,0.0,0.0,0.0,38.0,0.004,38.0,4450283.5,always_reactive,0.847105
h=0.1/q0=0.4/p=0/r=1/sig=0/cf=1,A_core,0.1,0.4,0.0,1.0,0.0,1.0,1.0,sepsis,native,breakeven_cap_epoch,97412031.059,1.005945,0.0,0.0,32.0,0.0,0.0,0.0,32.0,0.004,32.0,3624529.0,always_reactive,0.847105
h=0.1/q0=0.4/p=0/r=1/sig=0/cf=1,A_core,0.1,0.4,0.0,1.0,0.0,1.0,1.0,sepsis,native,offline_taxblind,93787502.059,0.968515,,,,,,,,,,,always_reactive,0.847105
h=0.1/q0=0.4/p=0/r=1/sig=0/cf=1,A_core,0.1,0.4,0.0,1.0,0.0,1.0,1.0,sepsis,native,offline_opt_tax,93787502.059,0.968515,,,,,,,,,,,always_reactive,0.847105
h=0.1/q0=0.4/p=0/r=1/sig=0/cf=1,A_core,0.1,0.4,0.0,1.0,0.0,1.0,1.0,wiki_A,autorpa_233k,always_reactive,4770469730.199,0.993016,0.0,0.0,0.0,0.0,0.0,0.0,0.0,0.005,0.0,0.0,always_reactive,0.246566
h=0.1/q0=0.4/p=0/r=1/sig=0/cf=1,A_core,0.1,0.4,0.0,1.0,0.0,1.0,1.0,wiki_A,autorpa_233k,always_compile_evict,19347648730.189,4.027386,0.0,0.0,62563.0,0.0,0.0,0.0,62563.0,0.001,62563.0,14577179000.0,always_reactive,0.246566
h=0.1/q0=0.4/p=0/r=1/sig=0/cf=1,A_core,0.1,0.4,0.0,1.0,0.0,1.0,1.0,wiki_A,autorpa_233k,ours_noinflate,4804021730.199,1.0,0.0,0.0,144.0,0.0,0.0,0.0,144.0,0.005,144.0,33552000.0,always_reactive,0.246566
h=0.1/q0=0.4/p=0/r=1/sig=0/cf=1,A_core,0.1,0.4,0.0,1.0,0.0,1.0,1.0,wiki_A,autorpa_233k,oracle_tax,4770469730.199,0.993016,0.0,0.0,0.0,0.0,0.0,0.0,0.0,0.005,0.0,0.0,always_reactive,0.246566
h=0.1/q0=0.4/p=0/r=1/sig=0/cf=1,A_core,0.1,0.4,0.0,1.0,0.0,1.0,1.0,wiki_A,autorpa_233k,ours_spend_cap,4804021730.199,1.0,0.0,0.0,144.0,0.0,0.0,0.0,144.0,0.005,144.0,33552000.0,always_reactive,0.246566
h=0.1/q0=0.4/p=0/r=1/sig=0/cf=1,A_core,0.1,0.4,0.0,1.0,0.0,1.0,1.0,wiki_A,autorpa_233k,ours_cap_epoch,4804021730.199,1.0,0.0,0.0,144.0,0.0,0.0,0.0,144.0,0.005,144.0,33552000.0,always_reactive,0.246566
h=0.1/q0=0.4/p=0/r=1/sig=0/cf=1,A_core,0.1,0.4,0.0,1.0,0.0,1.0,1.0,wiki_A,autorpa_233k,ours_cap_realized,4804021730.199,1.0,0.0,0.0,144.0,0.0,0.0,0.0,144.0,0.005,144.0,33552000.0,always_reactive,0.246566
h=0.1/q0=0.4/p=0/r=1/sig=0/cf=1,A_core,0.1,0.4,0.0,1.0,0.0,1.0,1.0,wiki_A,autorpa_233k,ours_pi_prior,4799361730.199,0.99903,0.0,0.0,124.0,0.0,0.0,0.0,124.0,0.005,124.0,28892000.0,always_reactive,0.246566
h=0.1/q0=0.4/p=0/r=1/sig=0/cf=1,A_core,0.1,0.4,0.0,1.0,0.0,1.0,1.0,wiki_A,autorpa_233k,breakeven,7105129730.198,1.478996,0.0,0.0,10020.0,0.0,0.0,0.0,10020.0,0.003,10020.0,2334660000.0,always_reactive,0.246566
h=0.1/q0=0.4/p=0/r=1/sig=0/cf=1,A_core,0.1,0.4,0.0,1.0,0.0,1.0,1.0,wiki_A,autorpa_233k,breakeven_cap_epoch,4838039730.199,1.007081,0.0,0.0,290.0,0.0,0.0,0.0,290.0,0.005,290.0,67570000.0,always_reactive,0.246566
h=0.1/q0=0.4/p=0/r=1/sig=0/cf=1,A_core,0.1,0.4,0.0,1.0,0.0,1.0,1.0,wiki_A,autorpa_233k,offline_taxblind,4770469730.199,0.993016,,,,,,,,,,,always_reactive,0.246566
h=0.1/q0=0.4/p=0/r=1/sig=0/cf=1,A_core,0.1,0.4,0.0,1.0,0.0,1.0,1.0,wiki_A,autorpa_233k,offline_opt_tax,4770469730.199,0.993016,,,,,,,,,,,always_reactive,0.246566
h=0.1/q0=0.4/p=0/r=1/sig=0/cf=1,A_core,0.1,0.4,0.0,1.0,0.0,1.0,1.0,wiki_A,native,always_reactive,4770469730.199,0.988204,0.0,0.0,0.0,0.0,0.0,0.0,0.0,0.005,0.0,0.0,always_reactive,0.390285
h=0.1/q0=0.4/p=0/r=1/sig=0/cf=1,A_core,0.1,0.4,0.0,1.0,0.0,1.0,1.0,wiki_A,native,always_compile_evict,12223054868.696,2.532008,0.0,0.0,62563.0,0.0,0.0,0.0,62563.0,0.002,62563.0,7452585138.5,always_reactive,0.390285
h=0.1/q0=0.4/p=0/r=1/sig=0/cf=1,A_core,0.1,0.4,0.0,1.0,0.0,1.0,1.0,wiki_A,native,ours_noinflate,4827414886.699,1.0,0.0,0.0,527.0,0.0,0.0,0.0,527.0,0.005,527.0,56945156.5,always_reactive,0.390285
h=0.1/q0=0.4/p=0/r=1/sig=0/cf=1,A_core,0.1,0.4,0.0,1.0,0.0,1.0,1.0,wiki_A,native,oracle_tax,4770469730.199,0.988204,0.0,0.0,0.0,0.0,0.0,0.0,0.0,0.005,0.0,0.0,always_reactive,0.390285
h=0.1/q0=0.4/p=0/r=1/sig=0/cf=1,A_core,0.1,0.4,0.0,1.0,0.0,1.0,1.0,wiki_A,native,ours_spend_cap,4827414886.699,1.0,0.0,0.0,527.0,0.0,0.0,0.0,527.0,0.005,527.0,56945156.5,always_reactive,0.390285
h=0.1/q0=0.4/p=0/r=1/sig=0/cf=1,A_core,0.1,0.4,0.0,1.0,0.0,1.0,1.0,wiki_A,native,ours_cap_epoch,4827414886.699,1.0,0.0,0.0,527.0,0.0,0.0,0.0,527.0,0.005,527.0,56945156.5,always_reactive,0.390285
h=0.1/q0=0.4/p=0/r=1/sig=0/cf=1,A_core,0.1,0.4,0.0,1.0,0.0,1.0,1.0,wiki_A,native,ours_cap_realized,4827414886.699,1.0,0.0,0.0,527.0,0.0,0.0,0.0,527.0,0.005,527.0,56945156.5,always_reactive,0.390285
h=0.1/q0=0.4/p=0/r=1/sig=0/cf=1,A_core,0.1,0.4,0.0,1.0,0.0,1.0,1.0,wiki_A,native,ours_pi_prior,4825561977.199,0.999616,0.0,0.0,506.0,0.0,0.0,0.0,506.0,0.005,506.0,55092247.0,always_reactive,0.390285
h=0.1/q0=0.4/p=0/r=1/sig=0/cf=1,A_core,0.1,0.4,0.0,1.0,0.0,1.0,1.0,wiki_A,native,breakeven,7135082999.198,1.478034,0.0,0.0,20172.0,0.0,0.0,0.0,20172.0,0.003,20172.0,2364613269.0,always_reactive,0.390285
h=0.1/q0=0.4/p=0/r=1/sig=0/cf=1,A_core,0.1,0.4,0.0,1.0,0.0,1.0,1.0,wiki_A,native,breakeven_cap_epoch,4842772444.199,1.003181,0.0,0.0,667.0,0.0,0.0,0.0,667.0,0.005,667.0,72302714.0,always_reactive,0.390285
h=0.1/q0=0.4/p=0/r=1/sig=0/cf=1,A_core,0.1,0.4,0.0,1.0,0.0,1.0,1.0,wiki_A,native,offline_taxblind,4770469730.199,0.988204,,,,,,,,,,,always_reactive,0.390285
h=0.1/q0=0.4/p=0/r=1/sig=0/cf=1,A_core,0.1,0.4,0.0,1.0,0.0,1.0,1.0,wiki_A,native,offline_opt_tax,4770469730.199,0.988204,,,,,,,,,,,always_reactive,0.390285
h=0.1/q0=0.4/p=0/r=1/sig=0/cf=1,A_core,0.1,0.4,0.0,1.0,0.0,1.0,1.0,wiki_B,autorpa_233k,always_reactive,8991713899.193,0.982659,0.0,0.0,0.0,0.0,0.0,0.0,0.0,0.004,0.0,0.0,always_reactive,0.578593
h=0.1/q0=0.4/p=0/r=1/sig=0/cf=1,A_core,0.1,0.4,0.0,1.0,0.0,1.0,1.0,wiki_B,autorpa_233k,always_compile_evict,15540644899.174,1.698359,0.0,0.0,28107.0,0.0,0.0,0.0,28107.0,0.002,28107.0,6548931000.0,always_reactive,0.578593
h=0.1/q0=0.4/p=0/r=1/sig=0/cf=1,A_core,0.1,0.4,0.0,1.0,0.0,1.0,1.0,wiki_B,autorpa_233k,ours_noinflate,9150386899.192,1.0,0.0,0.0,681.0,0.0,0.0,0.0,681.0,0.004,681.0,158673000.0,always_reactive,0.578593
h=0.1/q0=0.4/p=0/r=1/sig=0/cf=1,A_core,0.1,0.4,0.0,1.0,0.0,1.0,1.0,wiki_B,autorpa_233k,oracle_tax,8991713899.193,0.982659,0.0,0.0,0.0,0.0,0.0,0.0,0.0,0.004,0.0,0.0,always_reactive,0.578593
h=0.1/q0=0.4/p=0/r=1/sig=0/cf=1,A_core,0.1,0.4,0.0,1.0,0.0,1.0,1.0,wiki_B,autorpa_233k,ours_spend_cap,9150386899.192,1.0,0.0,0.0,681.0,0.0,0.0,0.0,681.0,0.004,681.0,158673000.0,always_reactive,0.578593
h=0.1/q0=0.4/p=0/r=1/sig=0/cf=1,A_core,0.1,0.4,0.0,1.0,0.0,1.0,1.0,wiki_B,autorpa_233k,ours_cap_epoch,9150386899.192,1.0,0.0,0.0,681.0,0.0,0.0,0.0,681.0,0.004,681.0,158673000.0,always_reactive,0.578593
h=0.1/q0=0.4/p=0/r=1/sig=0/cf=1,A_core,0.1,0.4,0.0,1.0,0.0,1.0,1.0,wiki_B,autorpa_233k,ours_cap_realized,9150386899.192,1.0,0.0,0.0,681.0,0.0,0.0,0.0,681.0,0.004,681.0,158673000.0,always_reactive,0.578593
h=0.1/q0=0.4/p=0/r=1/sig=0/cf=1,A_core,0.1,0.4,0.0,1.0,0.0,1.0,1.0,wiki_B,autorpa_233k,ours_pi_prior,9143629899.192,0.999262,0.0,0.0,652.0,0.0,0.0,0.0,652.0,0.004,652.0,151916000.0,always_reactive,0.578593
h=0.1/q0=0.4/p=0/r=1/sig=0/cf=1,A_core,0.1,0.4,0.0,1.0,0.0,1.0,1.0,wiki_B,autorpa_233k,breakeven,10058154899.188,1.099205,0.0,0.0,4577.0,0.0,0.0,0.0,4577.0,0.004,4577.0,1066441000.0,always_reactive,0.578593
h=0.1/q0=0.4/p=0/r=1/sig=0/cf=1,A_core,0.1,0.4,0.0,1.0,0.0,1.0,1.0,wiki_B,autorpa_233k,breakeven_cap_epoch,9214927899.191,1.007053,0.0,0.0,958.0,0.0,0.0,0.0,958.0,0.004,958.0,223214000.0,always_reactive,0.578593
h=0.1/q0=0.4/p=0/r=1/sig=0/cf=1,A_core,0.1,0.4,0.0,1.0,0.0,1.0,1.0,wiki_B,autorpa_233k,offline_taxblind,8991713899.192,0.982659,,,,,,,,,,,always_reactive,0.578593
h=0.1/q0=0.4/p=0/r=1/sig=0/cf=1,A_core,0.1,0.4,0.0,1.0,0.0,1.0,1.0,wiki_B,autorpa_233k,offline_opt_tax,8991713899.192,0.982659,,,,,,,,,,,always_reactive,0.578593
h=0.1/q0=0.4/p=0/r=1/sig=0/cf=1,A_core,0.1,0.4,0.0,1.0,0.0,1.0,1.0,wiki_B,native,always_reactive,8991713899.193,0.972358,0.0,0.0,0.0,0.0,0.0,0.0,0.0,0.004,0.0,0.0,always_reactive,0.745233
h=0.1/q0=0.4/p=0/r=1/sig=0/cf=1,A_core,0.1,0.4,0.0,1.0,0.0,1.0,1.0,wiki_B,native,always_compile_evict,12065649163.181,1.304771,0.0,0.0,28107.0,0.0,0.0,0.0,28107.0,0.003,28107.0,3073935264.0,always_reactive,0.745233
h=0.1/q0=0.4/p=0/r=1/sig=0/cf=1,A_core,0.1,0.4,0.0,1.0,0.0,1.0,1.0,wiki_B,native,ours_noinflate,9247332503.191,1.0,0.0,0.0,2357.0,0.0,0.0,0.0,2357.0,0.004,2357.0,255618604.0,always_reactive,0.745233
h=0.1/q0=0.4/p=0/r=1/sig=0/cf=1,A_core,0.1,0.4,0.0,1.0,0.0,1.0,1.0,wiki_B,native,oracle_tax,8991713899.193,0.972358,0.0,0.0,0.0,0.0,0.0,0.0,0.0,0.004,0.0,0.0,always_reactive,0.745233
h=0.1/q0=0.4/p=0/r=1/sig=0/cf=1,A_core,0.1,0.4,0.0,1.0,0.0,1.0,1.0,wiki_B,native,ours_spend_cap,9247332503.191,1.0,0.0,0.0,2357.0,0.0,0.0,0.0,2357.0,0.004,2357.0,255618604.0,always_reactive,0.745233
h=0.1/q0=0.4/p=0/r=1/sig=0/cf=1,A_core,0.1,0.4,0.0,1.0,0.0,1.0,1.0,wiki_B,native,ours_cap_epoch,9247332503.191,1.0,0.0,0.0,2357.0,0.0,0.0,0.0,2357.0,0.004,2357.0,255618604.0,always_reactive,0.745233
h=0.1/q0=0.4/p=0/r=1/sig=0/cf=1,A_core,0.1,0.4,0.0,1.0,0.0,1.0,1.0,wiki_B,native,ours_cap_realized,9247332503.191,1.0,0.0,0.0,2357.0,0.0,0.0,0.0,2357.0,0.004,2357.0,255618604.0,always_reactive,0.745233
h=0.1/q0=0.4/p=0/r=1/sig=0/cf=1,A_core,0.1,0.4,0.0,1.0,0.0,1.0,1.0,wiki_B,native,ours_pi_prior,9233373420.691,0.99849,0.0,0.0,2222.0,0.0,0.0,0.0,2222.0,0.004,2222.0,241659521.5,always_reactive,0.745233
h=0.1/q0=0.4/p=0/r=1/sig=0/cf=1,A_core,0.1,0.4,0.0,1.0,0.0,1.0,1.0,wiki_B,native,breakeven,10185551149.687,1.101458,0.0,0.0,10879.0,0.0,0.0,0.0,10879.0,0.004,10879.0,1193837250.5,always_reactive,0.745233
h=0.1/q0=0.4/p=0/r=1/sig=0/cf=1,A_core,0.1,0.4,0.0,1.0,0.0,1.0,1.0,wiki_B,native,breakeven_cap_epoch,9276591654.691,1.003164,0.0,0.0,2624.0,0.0,0.0,0.0,2624.0,0.004,2624.0,284877755.5,always_reactive,0.745233
h=0.1/q0=0.4/p=0/r=1/sig=0/cf=1,A_core,0.1,0.4,0.0,1.0,0.0,1.0,1.0,wiki_B,native,offline_taxblind,8991713899.192,0.972358,,,,,,,,,,,always_reactive,0.745233
h=0.1/q0=0.4/p=0/r=1/sig=0/cf=1,A_core,0.1,0.4,0.0,1.0,0.0,1.0,1.0,wiki_B,native,offline_opt_tax,8991713899.192,0.972358,,,,,,,,,,,always_reactive,0.745233
h=0.1/q0=0.4/p=0/r=2.2/sig=0/cf=11.0877,C_rfb,0.1,0.4,0.0,2.2,0.0,1.0,11.087667012373094,bpi2019,autorpa_233k,always_reactive,26858149732.486,1.0,0.0,0.0,0.0,0.0,0.0,0.0,0.0,0.003,0.0,0.0,always_reactive,0.042054
h=0.1/q0=0.4/p=0/r=2.2/sig=0/cf=11.0877,C_rfb,0.1,0.4,0.0,2.2,0.0,1.0,11.087667012373094,bpi2019,autorpa_233k,always_compile_evict,638660026217.309,23.779003,0.0,0.0,236818.0,0.0,0.0,0.0,236818.0,0.0,236818.0,611801876482.757,always_reactive,0.042054
h=0.1/q0=0.4/p=0/r=2.2/sig=0/cf=11.0877,C_rfb,0.1,0.4,0.0,2.2,0.0,1.0,11.087667012373094,bpi2019,autorpa_233k,ours_noinflate,26858149732.486,1.0,0.0,0.0,0.0,0.0,0.0,0.0,0.0,0.003,0.0,0.0,always_reactive,0.042054
h=0.1/q0=0.4/p=0/r=2.2/sig=0/cf=11.0877,C_rfb,0.1,0.4,0.0,2.2,0.0,1.0,11.087667012373094,bpi2019,autorpa_233k,oracle_tax,26858149732.486,1.0,0.0,0.0,0.0,0.0,0.0,0.0,0.0,0.003,0.0,0.0,always_reactive,0.042054
h=0.1/q0=0.4/p=0/r=2.2/sig=0/cf=11.0877,C_rfb,0.1,0.4,0.0,2.2,0.0,1.0,11.087667012373094,bpi2019,autorpa_233k,ours_spend_cap,26858149732.486,1.0,0.0,0.0,0.0,0.0,0.0,0.0,0.0,0.003,0.0,0.0,always_reactive,0.042054
h=0.1/q0=0.4/p=0/r=2.2/sig=0/cf=11.0877,C_rfb,0.1,0.4,0.0,2.2,0.0,1.0,11.087667012373094,bpi2019,autorpa_233k,ours_cap_epoch,26858149732.486,1.0,0.0,0.0,0.0,0.0,0.0,0.0,0.0,0.003,0.0,0.0,always_reactive,0.042054
h=0.1/q0=0.4/p=0/r=2.2/sig=0/cf=11.0877,C_rfb,0.1,0.4,0.0,2.2,0.0,1.0,11.087667012373094,bpi2019,autorpa_233k,ours_cap_realized,26858149732.486,1.0,0.0,0.0,0.0,0.0,0.0,0.0,0.0,0.003,0.0,0.0,always_reactive,0.042054
h=0.1/q0=0.4/p=0/r=2.2/sig=0/cf=11.0877,C_rfb,0.1,0.4,0.0,2.2,0.0,1.0,11.087667012373094,bpi2019,autorpa_233k,ours_pi_prior,26858149732.486,1.0,0.0,0.0,0.0,0.0,0.0,0.0,0.0,0.003,0.0,0.0,always_reactive,0.042054
h=0.1/q0=0.4/p=0/r=2.2/sig=0/cf=11.0877,C_rfb,0.1,0.4,0.0,2.2,0.0,1.0,11.087667012373094,bpi2019,autorpa_233k,breakeven,26858149732.486,1.0,0.0,0.0,0.0,0.0,0.0,0.0,0.0,0.003,0.0,0.0,always_reactive,0.042054
h=0.1/q0=0.4/p=0/r=2.2/sig=0/cf=11.0877,C_rfb,0.1,0.4,0.0,2.2,0.0,1.0,11.087667012373094,bpi2019,autorpa_233k,breakeven_cap_epoch,26858149732.486,1.0,0.0,0.0,0.0,0.0,0.0,0.0,0.0,0.003,0.0,0.0,always_reactive,0.042054
h=0.1/q0=0.4/p=0/r=2.2/sig=0/cf=11.0877,C_rfb,0.1,0.4,0.0,2.2,0.0,1.0,11.087667012373094,bpi2019,autorpa_233k,offline_taxblind,26858149732.495,1.0,,,,,,,,,,,always_reactive,0.042054
h=0.1/q0=0.4/p=0/r=2.2/sig=0/cf=11.0877,C_rfb,0.1,0.4,0.0,2.2,0.0,1.0,11.087667012373094,bpi2019,autorpa_233k,offline_opt_tax,26858149732.495,1.0,,,,,,,,,,,always_reactive,0.042054
h=0.1/q0=0.4/p=0/r=2.2/sig=0/cf=11.0877,C_rfb,0.1,0.4,0.0,2.2,0.0,1.0,11.087667012373094,bpi2019,native,always_reactive,26858149732.486,1.0,0.0,0.0,0.0,0.0,0.0,0.0,0.0,0.003,0.0,0.0,always_reactive,0.090199
h=0.1/q0=0.4/p=0/r=2.2/sig=0/cf=11.0877,C_rfb,0.1,0.4,0.0,2.2,0.0,1.0,11.087667012373094,bpi2019,native,always_compile_evict,297766090738.087,11.08662,0.0,0.0,236818.0,0.0,0.0,0.0,236818.0,0.0,236818.0,270907941005.199,always_reactive,0.090199
h=0.1/q0=0.4/p=0/r=2.2/sig=0/cf=11.0877,C_rfb,0.1,0.4,0.0,2.2,0.0,1.0,11.087667012373094,bpi2019,native,ours_noinflate,26858149732.486,1.0,0.0,0.0,0.0,0.0,0.0,0.0,0.0,0.003,0.0,0.0,always_reactive,0.090199
h=0.1/q0=0.4/p=0/r=2.2/sig=0/cf=11.0877,C_rfb,0.1,0.4,0.0,2.2,0.0,1.0,11.087667012373094,bpi2019,native,oracle_tax,26858149732.486,1.0,0.0,0.0,0.0,0.0,0.0,0.0,0.0,0.003,0.0,0.0,always_reactive,0.090199
h=0.1/q0=0.4/p=0/r=2.2/sig=0/cf=11.0877,C_rfb,0.1,0.4,0.0,2.2,0.0,1.0,11.087667012373094,bpi2019,native,ours_spend_cap,26858149732.486,1.0,0.0,0.0,0.0,0.0,0.0,0.0,0.0,0.003,0.0,0.0,always_reactive,0.090199
h=0.1/q0=0.4/p=0/r=2.2/sig=0/cf=11.0877,C_rfb,0.1,0.4,0.0,2.2,0.0,1.0,11.087667012373094,bpi2019,native,ours_cap_epoch,26858149732.486,1.0,0.0,0.0,0.0,0.0,0.0,0.0,0.0,0.003,0.0,0.0,always_reactive,0.090199
h=0.1/q0=0.4/p=0/r=2.2/sig=0/cf=11.0877,C_rfb,0.1,0.4,0.0,2.2,0.0,1.0,11.087667012373094,bpi2019,native,ours_cap_realized,26858149732.486,1.0,0.0,0.0,0.0,0.0,0.0,0.0,0.0,0.003,0.0,0.0,always_reactive,0.090199
h=0.1/q0=0.4/p=0/r=2.2/sig=0/cf=11.0877,C_rfb,0.1,0.4,0.0,2.2,0.0,1.0,11.087667012373094,bpi2019,native,ours_pi_prior,26858149732.486,1.0,0.0,0.0,0.0,0.0,0.0,0.0,0.0,0.003,0.0,0.0,always_reactive,0.090199
h=0.1/q0=0.4/p=0/r=2.2/sig=0/cf=11.0877,C_rfb,0.1,0.4,0.0,2.2,0.0,1.0,11.087667012373094,bpi2019,native,breakeven,26858149732.486,1.0,0.0,0.0,0.0,0.0,0.0,0.0,0.0,0.003,0.0,0.0,always_reactive,0.090199
h=0.1/q0=0.4/p=0/r=2.2/sig=0/cf=11.0877,C_rfb,0.1,0.4,0.0,2.2,0.0,1.0,11.087667012373094,bpi2019,native,breakeven_cap_epoch,26858149732.486,1.0,0.0,0.0,0.0,0.0,0.0,0.0,0.0,0.003,0.0,0.0,always_reactive,0.090199
h=0.1/q0=0.4/p=0/r=2.2/sig=0/cf=11.0877,C_rfb,0.1,0.4,0.0,2.2,0.0,1.0,11.087667012373094,bpi2019,native,offline_taxblind,26858149732.495,1.0,,,,,,,,,,,always_reactive,0.090199
h=0.1/q0=0.4/p=0/r=2.2/sig=0/cf=11.0877,C_rfb,0.1,0.4,0.0,2.2,0.0,1.0,11.087667012373094,bpi2019,native,offline_opt_tax,26858149732.495,1.0,,,,,,,,,,,always_reactive,0.090199
h=0.1/q0=0.4/p=0/r=2.2/sig=0/cf=11.0877,C_rfb,0.1,0.4,0.0,2.2,0.0,1.0,11.087667012373094,sepsis,autorpa_233k,always_reactive,93787502.059,1.0,0.0,0.0,0.0,0.0,0.0,0.0,0.0,0.004,0.0,0.0,always_reactive,0.203605
h=0.1/q0=0.4/p=0/r=2.2/sig=0/cf=11.0877,C_rfb,0.1,0.4,0.0,2.2,0.0,1.0,11.087667012373094,sepsis,autorpa_233k,always_compile_evict,460634052.831,4.911465,0.0,0.0,142.0,0.0,0.0,0.0,142.0,0.001,142.0,366846550.771,always_reactive,0.203605
h=0.1/q0=0.4/p=0/r=2.2/sig=0/cf=11.0877,C_rfb,0.1,0.4,0.0,2.2,0.0,1.0,11.087667012373094,sepsis,autorpa_233k,ours_noinflate,93787502.059,1.0,0.0,0.0,0.0,0.0,0.0,0.0,0.0,0.004,0.0,0.0,always_reactive,0.203605
h=0.1/q0=0.4/p=0/r=2.2/sig=0/cf=11.0877,C_rfb,0.1,0.4,0.0,2.2,0.0,1.0,11.087667012373094,sepsis,autorpa_233k,oracle_tax,93787502.059,1.0,0.0,0.0,0.0,0.0,0.0,0.0,0.0,0.004,0.0,0.0,always_reactive,0.203605
h=0.1/q0=0.4/p=0/r=2.2/sig=0/cf=11.0877,C_rfb,0.1,0.4,0.0,2.2,0.0,1.0,11.087667012373094,sepsis,autorpa_233k,ours_spend_cap,93787502.059,1.0,0.0,0.0,0.0,0.0,0.0,0.0,0.0,0.004,0.0,0.0,always_reactive,0.203605
h=0.1/q0=0.4/p=0/r=2.2/sig=0/cf=11.0877,C_rfb,0.1,0.4,0.0,2.2,0.0,1.0,11.087667012373094,sepsis,autorpa_233k,ours_cap_epoch,93787502.059,1.0,0.0,0.0,0.0,0.0,0.0,0.0,0.0,0.004,0.0,0.0,always_reactive,0.203605
h=0.1/q0=0.4/p=0/r=2.2/sig=0/cf=11.0877,C_rfb,0.1,0.4,0.0,2.2,0.0,1.0,11.087667012373094,sepsis,autorpa_233k,ours_cap_realized,93787502.059,1.0,0.0,0.0,0.0,0.0,0.0,0.0,0.0,0.004,0.0,0.0,always_reactive,0.203605
h=0.1/q0=0.4/p=0/r=2.2/sig=0/cf=11.0877,C_rfb,0.1,0.4,0.0,2.2,0.0,1.0,11.087667012373094,sepsis,autorpa_233k,ours_pi_prior,93787502.059,1.0,0.0,0.0,0.0,0.0,0.0,0.0,0.0,0.004,0.0,0.0,always_reactive,0.203605
h=0.1/q0=0.4/p=0/r=2.2/sig=0/cf=11.0877,C_rfb,0.1,0.4,0.0,2.2,0.0,1.0,11.087667012373094,sepsis,autorpa_233k,breakeven,93787502.059,1.0,0.0,0.0,0.0,0.0,0.0,0.0,0.0,0.004,0.0,0.0,always_reactive,0.203605
h=0.1/q0=0.4/p=0/r=2.2/sig=0/cf=11.0877,C_rfb,0.1,0.4,0.0,2.2,0.0,1.0,11.087667012373094,sepsis,autorpa_233k,breakeven_cap_epoch,93787502.059,1.0,0.0,0.0,0.0,0.0,0.0,0.0,0.0,0.004,0.0,0.0,always_reactive,0.203605
h=0.1/q0=0.4/p=0/r=2.2/sig=0/cf=11.0877,C_rfb,0.1,0.4,0.0,2.2,0.0,1.0,11.087667012373094,sepsis,autorpa_233k,offline_taxblind,93787502.059,1.0,,,,,,,,,,,always_reactive,0.203605
h=0.1/q0=0.4/p=0/r=2.2/sig=0/cf=11.0877,C_rfb,0.1,0.4,0.0,2.2,0.0,1.0,11.087667012373094,sepsis,autorpa_233k,offline_opt_tax,93787502.059,1.0,,,,,,,,,,,always_reactive,0.203605
h=0.1/q0=0.4/p=0/r=2.2/sig=0/cf=11.0877,C_rfb,0.1,0.4,0.0,2.2,0.0,1.0,11.087667012373094,sepsis,native,always_reactive,93787502.059,1.0,0.0,0.0,0.0,0.0,0.0,0.0,0.0,0.004,0.0,0.0,always_reactive,0.333198
h=0.1/q0=0.4/p=0/r=2.2/sig=0/cf=11.0877,C_rfb,0.1,0.4,0.0,2.2,0.0,1.0,11.087667012373094,sepsis,native,always_compile_evict,281477051.151,3.001221,0.0,0.0,142.0,0.0,0.0,0.0,142.0,0.001,142.0,187689549.092,always_reactive,0.333198
h=0.1/q0=0.4/p=0/r=2.2/sig=0/cf=11.0877,C_rfb,0.1,0.4,0.0,2.2,0.0,1.0,11.087667012373094,sepsis,native,ours_noinflate,93787502.059,1.0,0.0,0.0,0.0,0.0,0.0,0.0,0.0,0.004,0.0,0.0,always_reactive,0.333198
h=0.1/q0=0.4/p=0/r=2.2/sig=0/cf=11.0877,C_rfb,0.1,0.4,0.0,2.2,0.0,1.0,11.087667012373094,sepsis,native,oracle_tax,93787502.059,1.0,0.0,0.0,0.0,0.0,0.0,0.0,0.0,0.004,0.0,0.0,always_reactive,0.333198
h=0.1/q0=0.4/p=0/r=2.2/sig=0/cf=11.0877,C_rfb,0.1,0.4,0.0,2.2,0.0,1.0,11.087667012373094,sepsis,native,ours_spend_cap,93787502.059,1.0,0.0,0.0,0.0,0.0,0.0,0.0,0.0,0.004,0.0,0.0,always_reactive,0.333198
h=0.1/q0=0.4/p=0/r=2.2/sig=0/cf=11.0877,C_rfb,0.1,0.4,0.0,2.2,0.0,1.0,11.087667012373094,sepsis,native,ours_cap_epoch,93787502.059,1.0,0.0,0.0,0.0,0.0,0.0,0.0,0.0,0.004,0.0,0.0,always_reactive,0.333198
h=0.1/q0=0.4/p=0/r=2.2/sig=0/cf=11.0877,C_rfb,0.1,0.4,0.0,2.2,0.0,1.0,11.087667012373094,sepsis,native,ours_cap_realized,93787502.059,1.0,0.0,0.0,0.0,0.0,0.0,0.0,0.0,0.004,0.0,0.0,always_reactive,0.333198
h=0.1/q0=0.4/p=0/r=2.2/sig=0/cf=11.0877,C_rfb,0.1,0.4,0.0,2.2,0.0,1.0,11.087667012373094,sepsis,native,ours_pi_prior,93787502.059,1.0,0.0,0.0,0.0,0.0,0.0,0.0,0.0,0.004,0.0,0.0,always_reactive,0.333198
h=0.1/q0=0.4/p=0/r=2.2/sig=0/cf=11.0877,C_rfb,0.1,0.4,0.0,2.2,0.0,1.0,11.087667012373094,sepsis,native,breakeven,93787502.059,1.0,0.0,0.0,0.0,0.0,0.0,0.0,0.0,0.004,0.0,0.0,always_reactive,0.333198
h=0.1/q0=0.4/p=0/r=2.2/sig=0/cf=11.0877,C_rfb,0.1,0.4,0.0,2.2,0.0,1.0,11.087667012373094,sepsis,native,breakeven_cap_epoch,93787502.059,1.0,0.0,0.0,0.0,0.0,0.0,0.0,0.0,0.004,0.0,0.0,always_reactive,0.333198
h=0.1/q0=0.4/p=0/r=2.2/sig=0/cf=11.0877,C_rfb,0.1,0.4,0.0,2.2,0.0,1.0,11.087667012373094,sepsis,native,offline_taxblind,93787502.059,1.0,,,,,,,,,,,always_reactive,0.333198
h=0.1/q0=0.4/p=0/r=2.2/sig=0/cf=11.0877,C_rfb,0.1,0.4,0.0,2.2,0.0,1.0,11.087667012373094,sepsis,native,offline_opt_tax,93787502.059,1.0,,,,,,,,,,,always_reactive,0.333198
h=0.1/q0=0.4/p=0/r=2.2/sig=0/cf=11.0877,C_rfb,0.1,0.4,0.0,2.2,0.0,1.0,11.087667012373094,wiki_A,autorpa_233k,always_reactive,4770469730.199,1.0,0.0,0.0,0.0,0.0,0.0,0.0,0.0,0.005,0.0,0.0,always_reactive,0.028669
h=0.1/q0=0.4/p=0/r=2.2/sig=0/cf=11.0877,C_rfb,0.1,0.4,0.0,2.2,0.0,1.0,11.087667012373094,wiki_A,autorpa_233k,always_compile_evict,166397376461.779,34.880711,0.0,0.0,62563.0,0.0,0.0,0.0,62563.0,0.0,62563.0,161626906731.718,always_reactive,0.028669
h=0.1/q0=0.4/p=0/r=2.2/sig=0/cf=11.0877,C_rfb,0.1,0.4,0.0,2.2,0.0,1.0,11.087667012373094,wiki_A,autorpa_233k,ours_noinflate,4770469730.199,1.0,0.0,0.0,0.0,0.0,0.0,0.0,0.0,0.005,0.0,0.0,always_reactive,0.028669
h=0.1/q0=0.4/p=0/r=2.2/sig=0/cf=11.0877,C_rfb,0.1,0.4,0.0,2.2,0.0,1.0,11.087667012373094,wiki_A,autorpa_233k,oracle_tax,4770469730.199,1.0,0.0,0.0,0.0,0.0,0.0,0.0,0.0,0.005,0.0,0.0,always_reactive,0.028669
h=0.1/q0=0.4/p=0/r=2.2/sig=0/cf=11.0877,C_rfb,0.1,0.4,0.0,2.2,0.0,1.0,11.087667012373094,wiki_A,autorpa_233k,ours_spend_cap,4770469730.199,1.0,0.0,0.0,0.0,0.0,0.0,0.0,0.0,0.005,0.0,0.0,always_reactive,0.028669
h=0.1/q0=0.4/p=0/r=2.2/sig=0/cf=11.0877,C_rfb,0.1,0.4,0.0,2.2,0.0,1.0,11.087667012373094,wiki_A,autorpa_233k,ours_cap_epoch,4770469730.199,1.0,0.0,0.0,0.0,0.0,0.0,0.0,0.0,0.005,0.0,0.0,always_reactive,0.028669
h=0.1/q0=0.4/p=0/r=2.2/sig=0/cf=11.0877,C_rfb,0.1,0.4,0.0,2.2,0.0,1.0,11.087667012373094,wiki_A,autorpa_233k,ours_cap_realized,4770469730.199,1.0,0.0,0.0,0.0,0.0,0.0,0.0,0.0,0.005,0.0,0.0,always_reactive,0.028669
h=0.1/q0=0.4/p=0/r=2.2/sig=0/cf=11.0877,C_rfb,0.1,0.4,0.0,2.2,0.0,1.0,11.087667012373094,wiki_A,autorpa_233k,ours_pi_prior,4770469730.199,1.0,0.0,0.0,0.0,0.0,0.0,0.0,0.0,0.005,0.0,0.0,always_reactive,0.028669
h=0.1/q0=0.4/p=0/r=2.2/sig=0/cf=11.0877,C_rfb,0.1,0.4,0.0,2.2,0.0,1.0,11.087667012373094,wiki_A,autorpa_233k,breakeven,4770469730.199,1.0,0.0,0.0,0.0,0.0,0.0,0.0,0.0,0.005,0.0,0.0,always_reactive,0.028669
h=0.1/q0=0.4/p=0/r=2.2/sig=0/cf=11.0877,C_rfb,0.1,0.4,0.0,2.2,0.0,1.0,11.087667012373094,wiki_A,autorpa_233k,breakeven_cap_epoch,4770469730.199,1.0,0.0,0.0,0.0,0.0,0.0,0.0,0.0,0.005,0.0,0.0,always_reactive,0.028669
h=0.1/q0=0.4/p=0/r=2.2/sig=0/cf=11.0877,C_rfb,0.1,0.4,0.0,2.2,0.0,1.0,11.087667012373094,wiki_A,autorpa_233k,offline_taxblind,4770469730.199,1.0,,,,,,,,,,,always_reactive,0.028669
h=0.1/q0=0.4/p=0/r=2.2/sig=0/cf=11.0877,C_rfb,0.1,0.4,0.0,2.2,0.0,1.0,11.087667012373094,wiki_A,autorpa_233k,offline_opt_tax,4770469730.199,1.0,,,,,,,,,,,always_reactive,0.028669
h=0.1/q0=0.4/p=0/r=2.2/sig=0/cf=11.0877,C_rfb,0.1,0.4,0.0,2.2,0.0,1.0,11.087667012373094,wiki_A,native,always_reactive,4770469730.199,1.0,0.0,0.0,0.0,0.0,0.0,0.0,0.0,0.005,0.0,0.0,always_reactive,0.054581
h=0.1/q0=0.4/p=0/r=2.2/sig=0/cf=11.0877,C_rfb,0.1,0.4,0.0,2.2,0.0,1.0,11.087667012373094,wiki_A,native,always_compile_evict,87402252127.177,18.321519,0.0,0.0,62563.0,0.0,0.0,0.0,62563.0,0.0,62563.0,82631782397.03,always_reactive,0.054581
h=0.1/q0=0.4/p=0/r=2.2/sig=0/cf=11.0877,C_rfb,0.1,0.4,0.0,2.2,0.0,1.0,11.087667012373094,wiki_A,native,ours_noinflate,4770469730.199,1.0,0.0,0.0,0.0,0.0,0.0,0.0,0.0,0.005,0.0,0.0,always_reactive,0.054581
h=0.1/q0=0.4/p=0/r=2.2/sig=0/cf=11.0877,C_rfb,0.1,0.4,0.0,2.2,0.0,1.0,11.087667012373094,wiki_A,native,oracle_tax,4770469730.199,1.0,0.0,0.0,0.0,0.0,0.0,0.0,0.0,0.005,0.0,0.0,always_reactive,0.054581
h=0.1/q0=0.4/p=0/r=2.2/sig=0/cf=11.0877,C_rfb,0.1,0.4,0.0,2.2,0.0,1.0,11.087667012373094,wiki_A,native,ours_spend_cap,4770469730.199,1.0,0.0,0.0,0.0,0.0,0.0,0.0,0.0,0.005,0.0,0.0,always_reactive,0.054581
h=0.1/q0=0.4/p=0/r=2.2/sig=0/cf=11.0877,C_rfb,0.1,0.4,0.0,2.2,0.0,1.0,11.087667012373094,wiki_A,native,ours_cap_epoch,4770469730.199,1.0,0.0,0.0,0.0,0.0,0.0,0.0,0.0,0.005,0.0,0.0,always_reactive,0.054581
h=0.1/q0=0.4/p=0/r=2.2/sig=0/cf=11.0877,C_rfb,0.1,0.4,0.0,2.2,0.0,1.0,11.087667012373094,wiki_A,native,ours_cap_realized,4770469730.199,1.0,0.0,0.0,0.0,0.0,0.0,0.0,0.0,0.005,0.0,0.0,always_reactive,0.054581
h=0.1/q0=0.4/p=0/r=2.2/sig=0/cf=11.0877,C_rfb,0.1,0.4,0.0,2.2,0.0,1.0,11.087667012373094,wiki_A,native,ours_pi_prior,4770469730.199,1.0,0.0,0.0,0.0,0.0,0.0,0.0,0.0,0.005,0.0,0.0,always_reactive,0.054581
h=0.1/q0=0.4/p=0/r=2.2/sig=0/cf=11.0877,C_rfb,0.1,0.4,0.0,2.2,0.0,1.0,11.087667012373094,wiki_A,native,breakeven,4770469730.199,1.0,0.0,0.0,0.0,0.0,0.0,0.0,0.0,0.005,0.0,0.0,always_reactive,0.054581
h=0.1/q0=0.4/p=0/r=2.2/sig=0/cf=11.0877,C_rfb,0.1,0.4,0.0,2.2,0.0,1.0,11.087667012373094,wiki_A,native,breakeven_cap_epoch,4770469730.199,1.0,0.0,0.0,0.0,0.0,0.0,0.0,0.0,0.005,0.0,0.0,always_reactive,0.054581
h=0.1/q0=0.4/p=0/r=2.2/sig=0/cf=11.0877,C_rfb,0.1,0.4,0.0,2.2,0.0,1.0,11.087667012373094,wiki_A,native,offline_taxblind,4770469730.199,1.0,,,,,,,,,,,always_reactive,0.054581
h=0.1/q0=0.4/p=0/r=2.2/sig=0/cf=11.0877,C_rfb,0.1,0.4,0.0,2.2,0.0,1.0,11.087667012373094,wiki_A,native,offline_opt_tax,4770469730.199,1.0,,,,,,,,,,,always_reactive,0.054581
h=0.1/q0=0.4/p=0/r=2.2/sig=0/cf=11.0877,C_rfb,0.1,0.4,0.0,2.2,0.0,1.0,11.087667012373094,wiki_B,autorpa_233k,always_reactive,8991713899.193,1.0,0.0,0.0,0.0,0.0,0.0,0.0,0.0,0.004,0.0,0.0,always_reactive,0.110187
h=0.1/q0=0.4/p=0/r=2.2/sig=0/cf=11.0877,C_rfb,0.1,0.4,0.0,2.2,0.0,1.0,11.087667012373094,wiki_B,autorpa_233k,always_compile_evict,81604080114.056,9.075476,0.0,0.0,28107.0,0.0,0.0,0.0,28107.0,0.0,28107.0,72612366215.008,always_reactive,0.110187
h=0.1/q0=0.4/p=0/r=2.2/sig=0/cf=11.0877,C_rfb,0.1,0.4,0.0,2.2,0.0,1.0,11.087667012373094,wiki_B,autorpa_233k,ours_noinflate,8991713899.193,1.0,0.0,0.0,0.0,0.0,0.0,0.0,0.0,0.004,0.0,0.0,always_reactive,0.110187
h=0.1/q0=0.4/p=0/r=2.2/sig=0/cf=11.0877,C_rfb,0.1,0.4,0.0,2.2,0.0,1.0,11.087667012373094,wiki_B,autorpa_233k,oracle_tax,8991713899.193,1.0,0.0,0.0,0.0,0.0,0.0,0.0,0.0,0.004,0.0,0.0,always_reactive,0.110187
h=0.1/q0=0.4/p=0/r=2.2/sig=0/cf=11.0877,C_rfb,0.1,0.4,0.0,2.2,0.0,1.0,11.087667012373094,wiki_B,autorpa_233k,ours_spend_cap,8991713899.193,1.0,0.0,0.0,0.0,0.0,0.0,0.0,0.0,0.004,0.0,0.0,always_reactive,0.110187
h=0.1/q0=0.4/p=0/r=2.2/sig=0/cf=11.0877,C_rfb,0.1,0.4,0.0,2.2,0.0,1.0,11.087667012373094,wiki_B,autorpa_233k,ours_cap_epoch,8991713899.193,1.0,0.0,0.0,0.0,0.0,0.0,0.0,0.0,0.004,0.0,0.0,always_reactive,0.110187
h=0.1/q0=0.4/p=0/r=2.2/sig=0/cf=11.0877,C_rfb,0.1,0.4,0.0,2.2,0.0,1.0,11.087667012373094,wiki_B,autorpa_233k,ours_cap_realized,8991713899.193,1.0,0.0,0.0,0.0,0.0,0.0,0.0,0.0,0.004,0.0,0.0,always_reactive,0.110187
h=0.1/q0=0.4/p=0/r=2.2/sig=0/cf=11.0877,C_rfb,0.1,0.4,0.0,2.2,0.0,1.0,11.087667012373094,wiki_B,autorpa_233k,ours_pi_prior,8991713899.193,1.0,0.0,0.0,0.0,0.0,0.0,0.0,0.0,0.004,0.0,0.0,always_reactive,0.110187
h=0.1/q0=0.4/p=0/r=2.2/sig=0/cf=11.0877,C_rfb,0.1,0.4,0.0,2.2,0.0,1.0,11.087667012373094,wiki_B,autorpa_233k,breakeven,8991713899.193,1.0,0.0,0.0,0.0,0.0,0.0,0.0,0.0,0.004,0.0,0.0,always_reactive,0.110187
h=0.1/q0=0.4/p=0/r=2.2/sig=0/cf=11.0877,C_rfb,0.1,0.4,0.0,2.2,0.0,1.0,11.087667012373094,wiki_B,autorpa_233k,breakeven_cap_epoch,8991713899.193,1.0,0.0,0.0,0.0,0.0,0.0,0.0,0.0,0.004,0.0,0.0,always_reactive,0.110187
h=0.1/q0=0.4/p=0/r=2.2/sig=0/cf=11.0877,C_rfb,0.1,0.4,0.0,2.2,0.0,1.0,11.087667012373094,wiki_B,autorpa_233k,offline_taxblind,8991713899.192,1.0,,,,,,,,,,,always_reactive,0.110187
h=0.1/q0=0.4/p=0/r=2.2/sig=0/cf=11.0877,C_rfb,0.1,0.4,0.0,2.2,0.0,1.0,11.087667012373094,wiki_B,autorpa_233k,offline_opt_tax,8991713899.192,1.0,,,,,,,,,,,always_reactive,0.110187
h=0.1/q0=0.4/p=0/r=2.2/sig=0/cf=11.0877,C_rfb,0.1,0.4,0.0,2.2,0.0,1.0,11.087667012373094,wiki_B,native,always_reactive,8991713899.193,1.0,0.0,0.0,0.0,0.0,0.0,0.0,0.0,0.004,0.0,0.0,always_reactive,0.208748
h=0.1/q0=0.4/p=0/r=2.2/sig=0/cf=11.0877,C_rfb,0.1,0.4,0.0,2.2,0.0,1.0,11.087667012373094,wiki_B,native,always_compile_evict,43074484523.997,4.790464,0.0,0.0,28107.0,0.0,0.0,0.0,28107.0,0.001,28107.0,34082770624.823,always_reactive,0.208748
h=0.1/q0=0.4/p=0/r=2.2/sig=0/cf=11.0877,C_rfb,0.1,0.4,0.0,2.2,0.0,1.0,11.087667012373094,wiki_B,native,ours_noinflate,8991713899.193,1.0,0.0,0.0,0.0,0.0,0.0,0.0,0.0,0.004,0.0,0.0,always_reactive,0.208748
h=0.1/q0=0.4/p=0/r=2.2/sig=0/cf=11.0877,C_rfb,0.1,0.4,0.0,2.2,0.0,1.0,11.087667012373094,wiki_B,native,oracle_tax,8991713899.193,1.0,0.0,0.0,0.0,0.0,0.0,0.0,0.0,0.004,0.0,0.0,always_reactive,0.208748
h=0.1/q0=0.4/p=0/r=2.2/sig=0/cf=11.0877,C_rfb,0.1,0.4,0.0,2.2,0.0,1.0,11.087667012373094,wiki_B,native,ours_spend_cap,8991713899.193,1.0,0.0,0.0,0.0,0.0,0.0,0.0,0.0,0.004,0.0,0.0,always_reactive,0.208748
h=0.1/q0=0.4/p=0/r=2.2/sig=0/cf=11.0877,C_rfb,0.1,0.4,0.0,2.2,0.0,1.0,11.087667012373094,wiki_B,native,ours_cap_epoch,8991713899.193,1.0,0.0,0.0,0.0,0.0,0.0,0.0,0.0,0.004,0.0,0.0,always_reactive,0.208748
h=0.1/q0=0.4/p=0/r=2.2/sig=0/cf=11.0877,C_rfb,0.1,0.4,0.0,2.2,0.0,1.0,11.087667012373094,wiki_B,native,ours_cap_realized,8991713899.193,1.0,0.0,0.0,0.0,0.0,0.0,0.0,0.0,0.004,0.0,0.0,always_reactive,0.208748
h=0.1/q0=0.4/p=0/r=2.2/sig=0/cf=11.0877,C_rfb,0.1,0.4,0.0,2.2,0.0,1.0,11.087667012373094,wiki_B,native,ours_pi_prior,8991713899.193,1.0,0.0,0.0,0.0,0.0,0.0,0.0,0.0,0.004,0.0,0.0,always_reactive,0.208748
h=0.1/q0=0.4/p=0/r=2.2/sig=0/cf=11.0877,C_rfb,0.1,0.4,0.0,2.2,0.0,1.0,11.087667012373094,wiki_B,native,breakeven,8991713899.193,1.0,0.0,0.0,0.0,0.0,0.0,0.0,0.0,0.004,0.0,0.0,always_reactive,0.208748
h=0.1/q0=0.4/p=0/r=2.2/sig=0/cf=11.0877,C_rfb,0.1,0.4,0.0,2.2,0.0,1.0,11.087667012373094,wiki_B,native,breakeven_cap_epoch,8991713899.193,1.0,0.0,0.0,0.0,0.0,0.0,0.0,0.0,0.004,0.0,0.0,always_reactive,0.208748
h=0.1/q0=0.4/p=0/r=2.2/sig=0/cf=11.0877,C_rfb,0.1,0.4,0.0,2.2,0.0,1.0,11.087667012373094,wiki_B,native,offline_taxblind,8991713899.192,1.0,,,,,,,,,,,always_reactive,0.208748
h=0.1/q0=0.4/p=0/r=2.2/sig=0/cf=11.0877,C_rfb,0.1,0.4,0.0,2.2,0.0,1.0,11.087667012373094,wiki_B,native,offline_opt_tax,8991713899.192,1.0,,,,,,,,,,,always_reactive,0.208748
h=0.1/q0=0.4/p=0/r=2.2/sig=0/cf=1,C_rfb,0.1,0.4,0.0,2.2,0.0,1.0,1.0,bpi2019,autorpa_233k,always_reactive,26858149732.486,1.0,0.0,0.0,0.0,0.0,0.0,0.0,0.0,0.003,0.0,0.0,always_reactive,0.327392
h=0.1/q0=0.4/p=0/r=2.2/sig=0/cf=1,C_rfb,0.1,0.4,0.0,2.2,0.0,1.0,1.0,bpi2019,autorpa_233k,always_compile_evict,82036743732.254,3.054445,0.0,0.0,236818.0,0.0,0.0,0.0,236818.0,0.001,236818.0,55178594000.0,always_reactive,0.327392
h=0.1/q0=0.4/p=0/r=2.2/sig=0/cf=1,C_rfb,0.1,0.4,0.0,2.2,0.0,1.0,1.0,bpi2019,autorpa_233k,ours_noinflate,26858149732.486,1.0,0.0,0.0,0.0,0.0,0.0,0.0,0.0,0.003,0.0,0.0,always_reactive,0.327392
h=0.1/q0=0.4/p=0/r=2.2/sig=0/cf=1,C_rfb,0.1,0.4,0.0,2.2,0.0,1.0,1.0,bpi2019,autorpa_233k,oracle_tax,26858149732.486,1.0,0.0,0.0,0.0,0.0,0.0,0.0,0.0,0.003,0.0,0.0,always_reactive,0.327392
h=0.1/q0=0.4/p=0/r=2.2/sig=0/cf=1,C_rfb,0.1,0.4,0.0,2.2,0.0,1.0,1.0,bpi2019,autorpa_233k,ours_spend_cap,26858149732.486,1.0,0.0,0.0,0.0,0.0,0.0,0.0,0.0,0.003,0.0,0.0,always_reactive,0.327392
h=0.1/q0=0.4/p=0/r=2.2/sig=0/cf=1,C_rfb,0.1,0.4,0.0,2.2,0.0,1.0,1.0,bpi2019,autorpa_233k,ours_cap_epoch,26858149732.486,1.0,0.0,0.0,0.0,0.0,0.0,0.0,0.0,0.003,0.0,0.0,always_reactive,0.327392
h=0.1/q0=0.4/p=0/r=2.2/sig=0/cf=1,C_rfb,0.1,0.4,0.0,2.2,0.0,1.0,1.0,bpi2019,autorpa_233k,ours_cap_realized,26858149732.486,1.0,0.0,0.0,0.0,0.0,0.0,0.0,0.0,0.003,0.0,0.0,always_reactive,0.327392
h=0.1/q0=0.4/p=0/r=2.2/sig=0/cf=1,C_rfb,0.1,0.4,0.0,2.2,0.0,1.0,1.0,bpi2019,autorpa_233k,ours_pi_prior,26858149732.486,1.0,0.0,0.0,0.0,0.0,0.0,0.0,0.0,0.003,0.0,0.0,always_reactive,0.327392
h=0.1/q0=0.4/p=0/r=2.2/sig=0/cf=1,C_rfb,0.1,0.4,0.0,2.2,0.0,1.0,1.0,bpi2019,autorpa_233k,breakeven,26858149732.486,1.0,0.0,0.0,0.0,0.0,0.0,0.0,0.0,0.003,0.0,0.0,always_reactive,0.327392
h=0.1/q0=0.4/p=0/r=2.2/sig=0/cf=1,C_rfb,0.1,0.4,0.0,2.2,0.0,1.0,1.0,bpi2019,autorpa_233k,breakeven_cap_epoch,26858149732.486,1.0,0.0,0.0,0.0,0.0,0.0,0.0,0.0,0.003,0.0,0.0,always_reactive,0.327392
h=0.1/q0=0.4/p=0/r=2.2/sig=0/cf=1,C_rfb,0.1,0.4,0.0,2.2,0.0,1.0,1.0,bpi2019,autorpa_233k,offline_taxblind,26858149732.495,1.0,,,,,,,,,,,always_reactive,0.327392
h=0.1/q0=0.4/p=0/r=2.2/sig=0/cf=1,C_rfb,0.1,0.4,0.0,2.2,0.0,1.0,1.0,bpi2019,autorpa_233k,offline_opt_tax,26858149732.495,1.0,,,,,,,,,,,always_reactive,0.327392
h=0.1/q0=0.4/p=0/r=2.2/sig=0/cf=1,C_rfb,0.1,0.4,0.0,2.2,0.0,1.0,1.0,bpi2019,native,always_reactive,26858149732.486,1.0,0.0,0.0,0.0,0.0,0.0,0.0,0.0,0.003,0.0,0.0,always_reactive,0.523638
h=0.1/q0=0.4/p=0/r=2.2/sig=0/cf=1,C_rfb,0.1,0.4,0.0,2.2,0.0,1.0,1.0,bpi2019,native,always_compile_evict,51291417858.305,1.909715,0.0,0.0,236818.0,0.0,0.0,0.0,236818.0,0.002,236818.0,24433268126.0,always_reactive,0.523638
h=0.1/q0=0.4/p=0/r=2.2/sig=0/cf=1,C_rfb,0.1,0.4,0.0,2.2,0.0,1.0,1.0,bpi2019,native,ours_noinflate,26858149732.486,1.0,0.0,0.0,0.0,0.0,0.0,0.0,0.0,0.003,0.0,0.0,always_reactive,0.523638
h=0.1/q0=0.4/p=0/r=2.2/sig=0/cf=1,C_rfb,0.1,0.4,0.0,2.2,0.0,1.0,1.0,bpi2019,native,oracle_tax,26858149732.486,1.0,0.0,0.0,0.0,0.0,0.0,0.0,0.0,0.003,0.0,0.0,always_reactive,0.523638
h=0.1/q0=0.4/p=0/r=2.2/sig=0/cf=1,C_rfb,0.1,0.4,0.0,2.2,0.0,1.0,1.0,bpi2019,native,ours_spend_cap,26858149732.486,1.0,0.0,0.0,0.0,0.0,0.0,0.0,0.0,0.003,0.0,0.0,always_reactive,0.523638
h=0.1/q0=0.4/p=0/r=2.2/sig=0/cf=1,C_rfb,0.1,0.4,0.0,2.2,0.0,1.0,1.0,bpi2019,native,ours_cap_epoch,26858149732.486,1.0,0.0,0.0,0.0,0.0,0.0,0.0,0.0,0.003,0.0,0.0,always_reactive,0.523638
h=0.1/q0=0.4/p=0/r=2.2/sig=0/cf=1,C_rfb,0.1,0.4,0.0,2.2,0.0,1.0,1.0,bpi2019,native,ours_cap_realized,26858149732.486,1.0,0.0,0.0,0.0,0.0,0.0,0.0,0.0,0.003,0.0,0.0,always_reactive,0.523638
h=0.1/q0=0.4/p=0/r=2.2/sig=0/cf=1,C_rfb,0.1,0.4,0.0,2.2,0.0,1.0,1.0,bpi2019,native,ours_pi_prior,26858149732.486,1.0,0.0,0.0,0.0,0.0,0.0,0.0,0.0,0.003,0.0,0.0,always_reactive,0.523638
h=0.1/q0=0.4/p=0/r=2.2/sig=0/cf=1,C_rfb,0.1,0.4,0.0,2.2,0.0,1.0,1.0,bpi2019,native,breakeven,26858149732.486,1.0,0.0,0.0,0.0,0.0,0.0,0.0,0.0,0.003,0.0,0.0,always_reactive,0.523638
h=0.1/q0=0.4/p=0/r=2.2/sig=0/cf=1,C_rfb,0.1,0.4,0.0,2.2,0.0,1.0,1.0,bpi2019,native,breakeven_cap_epoch,26858149732.486,1.0,0.0,0.0,0.0,0.0,0.0,0.0,0.0,0.003,0.0,0.0,always_reactive,0.523638
h=0.1/q0=0.4/p=0/r=2.2/sig=0/cf=1,C_rfb,0.1,0.4,0.0,2.2,0.0,1.0,1.0,bpi2019,native,offline_taxblind,26858149732.495,1.0,,,,,,,,,,,always_reactive,0.523638
h=0.1/q0=0.4/p=0/r=2.2/sig=0/cf=1,C_rfb,0.1,0.4,0.0,2.2,0.0,1.0,1.0,bpi2019,native,offline_opt_tax,26858149732.495,1.0,,,,,,,,,,,always_reactive,0.523638
h=0.1/q0=0.4/p=0/r=2.2/sig=0/cf=1,C_rfb,0.1,0.4,0.0,2.2,0.0,1.0,1.0,sepsis,autorpa_233k,always_reactive,93787502.059,1.0,0.0,0.0,0.0,0.0,0.0,0.0,0.0,0.004,0.0,0.0,always_reactive,0.739221
h=0.1/q0=0.4/p=0/r=2.2/sig=0/cf=1,C_rfb,0.1,0.4,0.0,2.2,0.0,1.0,1.0,sepsis,autorpa_233k,always_compile_evict,126873502.059,1.352776,0.0,0.0,142.0,0.0,0.0,0.0,142.0,0.003,142.0,33086000.0,always_reactive,0.739221
h=0.1/q0=0.4/p=0/r=2.2/sig=0/cf=1,C_rfb,0.1,0.4,0.0,2.2,0.0,1.0,1.0,sepsis,autorpa_233k,ours_noinflate,93787502.059,1.0,0.0,0.0,0.0,0.0,0.0,0.0,0.0,0.004,0.0,0.0,always_reactive,0.739221
h=0.1/q0=0.4/p=0/r=2.2/sig=0/cf=1,C_rfb,0.1,0.4,0.0,2.2,0.0,1.0,1.0,sepsis,autorpa_233k,oracle_tax,93787502.059,1.0,0.0,0.0,0.0,0.0,0.0,0.0,0.0,0.004,0.0,0.0,always_reactive,0.739221
h=0.1/q0=0.4/p=0/r=2.2/sig=0/cf=1,C_rfb,0.1,0.4,0.0,2.2,0.0,1.0,1.0,sepsis,autorpa_233k,ours_spend_cap,93787502.059,1.0,0.0,0.0,0.0,0.0,0.0,0.0,0.0,0.004,0.0,0.0,always_reactive,0.739221
h=0.1/q0=0.4/p=0/r=2.2/sig=0/cf=1,C_rfb,0.1,0.4,0.0,2.2,0.0,1.0,1.0,sepsis,autorpa_233k,ours_cap_epoch,93787502.059,1.0,0.0,0.0,0.0,0.0,0.0,0.0,0.0,0.004,0.0,0.0,always_reactive,0.739221
h=0.1/q0=0.4/p=0/r=2.2/sig=0/cf=1,C_rfb,0.1,0.4,0.0,2.2,0.0,1.0,1.0,sepsis,autorpa_233k,ours_cap_realized,93787502.059,1.0,0.0,0.0,0.0,0.0,0.0,0.0,0.0,0.004,0.0,0.0,always_reactive,0.739221
h=0.1/q0=0.4/p=0/r=2.2/sig=0/cf=1,C_rfb,0.1,0.4,0.0,2.2,0.0,1.0,1.0,sepsis,autorpa_233k,ours_pi_prior,93787502.059,1.0,0.0,0.0,0.0,0.0,0.0,0.0,0.0,0.004,0.0,0.0,always_reactive,0.739221
h=0.1/q0=0.4/p=0/r=2.2/sig=0/cf=1,C_rfb,0.1,0.4,0.0,2.2,0.0,1.0,1.0,sepsis,autorpa_233k,breakeven,93787502.059,1.0,0.0,0.0,0.0,0.0,0.0,0.0,0.0,0.004,0.0,0.0,always_reactive,0.739221
h=0.1/q0=0.4/p=0/r=2.2/sig=0/cf=1,C_rfb,0.1,0.4,0.0,2.2,0.0,1.0,1.0,sepsis,autorpa_233k,breakeven_cap_epoch,93787502.059,1.0,0.0,0.0,0.0,0.0,0.0,0.0,0.0,0.004,0.0,0.0,always_reactive,0.739221
h=0.1/q0=0.4/p=0/r=2.2/sig=0/cf=1,C_rfb,0.1,0.4,0.0,2.2,0.0,1.0,1.0,sepsis,autorpa_233k,offline_taxblind,93787502.059,1.0,,,,,,,,,,,always_reactive,0.739221
h=0.1/q0=0.4/p=0/r=2.2/sig=0/cf=1,C_rfb,0.1,0.4,0.0,2.2,0.0,1.0,1.0,sepsis,autorpa_233k,offline_opt_tax,93787502.059,1.0,,,,,,,,,,,always_reactive,0.739221
h=0.1/q0=0.4/p=0/r=2.2/sig=0/cf=1,C_rfb,0.1,0.4,0.0,2.2,0.0,1.0,1.0,sepsis,native,always_reactive,93787502.059,1.0,0.0,0.0,0.0,0.0,0.0,0.0,0.0,0.004,0.0,0.0,always_reactive,0.847105
h=0.1/q0=0.4/p=0/r=2.2/sig=0/cf=1,C_rfb,0.1,0.4,0.0,2.2,0.0,1.0,1.0,sepsis,native,always_compile_evict,110715278.559,1.180491,0.0,0.0,142.0,0.0,0.0,0.0,142.0,0.003,142.0,16927776.5,always_reactive,0.847105
h=0.1/q0=0.4/p=0/r=2.2/sig=0/cf=1,C_rfb,0.1,0.4,0.0,2.2,0.0,1.0,1.0,sepsis,native,ours_noinflate,93787502.059,1.0,0.0,0.0,0.0,0.0,0.0,0.0,0.0,0.004,0.0,0.0,always_reactive,0.847105
h=0.1/q0=0.4/p=0/r=2.2/sig=0/cf=1,C_rfb,0.1,0.4,0.0,2.2,0.0,1.0,1.0,sepsis,native,oracle_tax,93787502.059,1.0,0.0,0.0,0.0,0.0,0.0,0.0,0.0,0.004,0.0,0.0,always_reactive,0.847105
h=0.1/q0=0.4/p=0/r=2.2/sig=0/cf=1,C_rfb,0.1,0.4,0.0,2.2,0.0,1.0,1.0,sepsis,native,ours_spend_cap,93787502.059,1.0,0.0,0.0,0.0,0.0,0.0,0.0,0.0,0.004,0.0,0.0,always_reactive,0.847105
h=0.1/q0=0.4/p=0/r=2.2/sig=0/cf=1,C_rfb,0.1,0.4,0.0,2.2,0.0,1.0,1.0,sepsis,native,ours_cap_epoch,93787502.059,1.0,0.0,0.0,0.0,0.0,0.0,0.0,0.0,0.004,0.0,0.0,always_reactive,0.847105
h=0.1/q0=0.4/p=0/r=2.2/sig=0/cf=1,C_rfb,0.1,0.4,0.0,2.2,0.0,1.0,1.0,sepsis,native,ours_cap_realized,93787502.059,1.0,0.0,0.0,0.0,0.0,0.0,0.0,0.0,0.004,0.0,0.0,always_reactive,0.847105
h=0.1/q0=0.4/p=0/r=2.2/sig=0/cf=1,C_rfb,0.1,0.4,0.0,2.2,0.0,1.0,1.0,sepsis,native,ours_pi_prior,93787502.059,1.0,0.0,0.0,0.0,0.0,0.0,0.0,0.0,0.004,0.0,0.0,always_reactive,0.847105
h=0.1/q0=0.4/p=0/r=2.2/sig=0/cf=1,C_rfb,0.1,0.4,0.0,2.2,0.0,1.0,1.0,sepsis,native,breakeven,93787502.059,1.0,0.0,0.0,0.0,0.0,0.0,0.0,0.0,0.004,0.0,0.0,always_reactive,0.847105
h=0.1/q0=0.4/p=0/r=2.2/sig=0/cf=1,C_rfb,0.1,0.4,0.0,2.2,0.0,1.0,1.0,sepsis,native,breakeven_cap_epoch,93787502.059,1.0,0.0,0.0,0.0,0.0,0.0,0.0,0.0,0.004,0.0,0.0,always_reactive,0.847105
h=0.1/q0=0.4/p=0/r=2.2/sig=0/cf=1,C_rfb,0.1,0.4,0.0,2.2,0.0,1.0,1.0,sepsis,native,offline_taxblind,93787502.059,1.0,,,,,,,,,,,always_reactive,0.847105
h=0.1/q0=0.4/p=0/r=2.2/sig=0/cf=1,C_rfb,0.1,0.4,0.0,2.2,0.0,1.0,1.0,sepsis,native,offline_opt_tax,93787502.059,1.0,,,,,,,,,,,always_reactive,0.847105
h=0.1/q0=0.4/p=0/r=2.2/sig=0/cf=1,C_rfb,0.1,0.4,0.0,2.2,0.0,1.0,1.0,wiki_A,autorpa_233k,always_reactive,4770469730.199,1.0,0.0,0.0,0.0,0.0,0.0,0.0,0.0,0.005,0.0,0.0,always_reactive,0.246566
h=0.1/q0=0.4/p=0/r=2.2/sig=0/cf=1,C_rfb,0.1,0.4,0.0,2.2,0.0,1.0,1.0,wiki_A,autorpa_233k,always_compile_evict,19347648730.189,4.055711,0.0,0.0,62563.0,0.0,0.0,0.0,62563.0,0.001,62563.0,14577179000.0,always_reactive,0.246566
h=0.1/q0=0.4/p=0/r=2.2/sig=0/cf=1,C_rfb,0.1,0.4,0.0,2.2,0.0,1.0,1.0,wiki_A,autorpa_233k,ours_noinflate,4770469730.199,1.0,0.0,0.0,0.0,0.0,0.0,0.0,0.0,0.005,0.0,0.0,always_reactive,0.246566
h=0.1/q0=0.4/p=0/r=2.2/sig=0/cf=1,C_rfb,0.1,0.4,0.0,2.2,0.0,1.0,1.0,wiki_A,autorpa_233k,oracle_tax,4770469730.199,1.0,0.0,0.0,0.0,0.0,0.0,0.0,0.0,0.005,0.0,0.0,always_reactive,0.246566
h=0.1/q0=0.4/p=0/r=2.2/sig=0/cf=1,C_rfb,0.1,0.4,0.0,2.2,0.0,1.0,1.0,wiki_A,autorpa_233k,ours_spend_cap,4770469730.199,1.0,0.0,0.0,0.0,0.0,0.0,0.0,0.0,0.005,0.0,0.0,always_reactive,0.246566
h=0.1/q0=0.4/p=0/r=2.2/sig=0/cf=1,C_rfb,0.1,0.4,0.0,2.2,0.0,1.0,1.0,wiki_A,autorpa_233k,ours_cap_epoch,4770469730.199,1.0,0.0,0.0,0.0,0.0,0.0,0.0,0.0,0.005,0.0,0.0,always_reactive,0.246566
h=0.1/q0=0.4/p=0/r=2.2/sig=0/cf=1,C_rfb,0.1,0.4,0.0,2.2,0.0,1.0,1.0,wiki_A,autorpa_233k,ours_cap_realized,4770469730.199,1.0,0.0,0.0,0.0,0.0,0.0,0.0,0.0,0.005,0.0,0.0,always_reactive,0.246566
h=0.1/q0=0.4/p=0/r=2.2/sig=0/cf=1,C_rfb,0.1,0.4,0.0,2.2,0.0,1.0,1.0,wiki_A,autorpa_233k,ours_pi_prior,4770469730.199,1.0,0.0,0.0,0.0,0.0,0.0,0.0,0.0,0.005,0.0,0.0,always_reactive,0.246566
h=0.1/q0=0.4/p=0/r=2.2/sig=0/cf=1,C_rfb,0.1,0.4,0.0,2.2,0.0,1.0,1.0,wiki_A,autorpa_233k,breakeven,4770469730.199,1.0,0.0,0.0,0.0,0.0,0.0,0.0,0.0,0.005,0.0,0.0,always_reactive,0.246566
h=0.1/q0=0.4/p=0/r=2.2/sig=0/cf=1,C_rfb,0.1,0.4,0.0,2.2,0.0,1.0,1.0,wiki_A,autorpa_233k,breakeven_cap_epoch,4770469730.199,1.0,0.0,0.0,0.0,0.0,0.0,0.0,0.0,0.005,0.0,0.0,always_reactive,0.246566
h=0.1/q0=0.4/p=0/r=2.2/sig=0/cf=1,C_rfb,0.1,0.4,0.0,2.2,0.0,1.0,1.0,wiki_A,autorpa_233k,offline_taxblind,4770469730.199,1.0,,,,,,,,,,,always_reactive,0.246566
h=0.1/q0=0.4/p=0/r=2.2/sig=0/cf=1,C_rfb,0.1,0.4,0.0,2.2,0.0,1.0,1.0,wiki_A,autorpa_233k,offline_opt_tax,4770469730.199,1.0,,,,,,,,,,,always_reactive,0.246566
h=0.1/q0=0.4/p=0/r=2.2/sig=0/cf=1,C_rfb,0.1,0.4,0.0,2.2,0.0,1.0,1.0,wiki_A,native,always_reactive,4770469730.199,1.0,0.0,0.0,0.0,0.0,0.0,0.0,0.0,0.005,0.0,0.0,always_reactive,0.390285
h=0.1/q0=0.4/p=0/r=2.2/sig=0/cf=1,C_rfb,0.1,0.4,0.0,2.2,0.0,1.0,1.0,wiki_A,native,always_compile_evict,12223054868.696,2.562233,0.0,0.0,62563.0,0.0,0.0,0.0,62563.0,0.002,62563.0,7452585138.5,always_reactive,0.390285
h=0.1/q0=0.4/p=0/r=2.2/sig=0/cf=1,C_rfb,0.1,0.4,0.0,2.2,0.0,1.0,1.0,wiki_A,native,ours_noinflate,4770469730.199,1.0,0.0,0.0,0.0,0.0,0.0,0.0,0.0,0.005,0.0,0.0,always_reactive,0.390285
h=0.1/q0=0.4/p=0/r=2.2/sig=0/cf=1,C_rfb,0.1,0.4,0.0,2.2,0.0,1.0,1.0,wiki_A,native,oracle_tax,4770469730.199,1.0,0.0,0.0,0.0,0.0,0.0,0.0,0.0,0.005,0.0,0.0,always_reactive,0.390285
h=0.1/q0=0.4/p=0/r=2.2/sig=0/cf=1,C_rfb,0.1,0.4,0.0,2.2,0.0,1.0,1.0,wiki_A,native,ours_spend_cap,4770469730.199,1.0,0.0,0.0,0.0,0.0,0.0,0.0,0.0,0.005,0.0,0.0,always_reactive,0.390285
h=0.1/q0=0.4/p=0/r=2.2/sig=0/cf=1,C_rfb,0.1,0.4,0.0,2.2,0.0,1.0,1.0,wiki_A,native,ours_cap_epoch,4770469730.199,1.0,0.0,0.0,0.0,0.0,0.0,0.0,0.0,0.005,0.0,0.0,always_reactive,0.390285
h=0.1/q0=0.4/p=0/r=2.2/sig=0/cf=1,C_rfb,0.1,0.4,0.0,2.2,0.0,1.0,1.0,wiki_A,native,ours_cap_realized,4770469730.199,1.0,0.0,0.0,0.0,0.0,0.0,0.0,0.0,0.005,0.0,0.0,always_reactive,0.390285
h=0.1/q0=0.4/p=0/r=2.2/sig=0/cf=1,C_rfb,0.1,0.4,0.0,2.2,0.0,1.0,1.0,wiki_A,native,ours_pi_prior,4770469730.199,1.0,0.0,0.0,0.0,0.0,0.0,0.0,0.0,0.005,0.0,0.0,always_reactive,0.390285
h=0.1/q0=0.4/p=0/r=2.2/sig=0/cf=1,C_rfb,0.1,0.4,0.0,2.2,0.0,1.0,1.0,wiki_A,native,breakeven,4770469730.199,1.0,0.0,0.0,0.0,0.0,0.0,0.0,0.0,0.005,0.0,0.0,always_reactive,0.390285
h=0.1/q0=0.4/p=0/r=2.2/sig=0/cf=1,C_rfb,0.1,0.4,0.0,2.2,0.0,1.0,1.0,wiki_A,native,breakeven_cap_epoch,4770469730.199,1.0,0.0,0.0,0.0,0.0,0.0,0.0,0.0,0.005,0.0,0.0,always_reactive,0.390285
h=0.1/q0=0.4/p=0/r=2.2/sig=0/cf=1,C_rfb,0.1,0.4,0.0,2.2,0.0,1.0,1.0,wiki_A,native,offline_taxblind,4770469730.199,1.0,,,,,,,,,,,always_reactive,0.390285
h=0.1/q0=0.4/p=0/r=2.2/sig=0/cf=1,C_rfb,0.1,0.4,0.0,2.2,0.0,1.0,1.0,wiki_A,native,offline_opt_tax,4770469730.199,1.0,,,,,,,,,,,always_reactive,0.390285
h=0.1/q0=0.4/p=0/r=2.2/sig=0/cf=1,C_rfb,0.1,0.4,0.0,2.2,0.0,1.0,1.0,wiki_B,autorpa_233k,always_reactive,8991713899.193,1.0,0.0,0.0,0.0,0.0,0.0,0.0,0.0,0.004,0.0,0.0,always_reactive,0.578593
h=0.1/q0=0.4/p=0/r=2.2/sig=0/cf=1,C_rfb,0.1,0.4,0.0,2.2,0.0,1.0,1.0,wiki_B,autorpa_233k,always_compile_evict,15540644899.174,1.72833,0.0,0.0,28107.0,0.0,0.0,0.0,28107.0,0.002,28107.0,6548931000.0,always_reactive,0.578593
h=0.1/q0=0.4/p=0/r=2.2/sig=0/cf=1,C_rfb,0.1,0.4,0.0,2.2,0.0,1.0,1.0,wiki_B,autorpa_233k,ours_noinflate,8991713899.193,1.0,0.0,0.0,0.0,0.0,0.0,0.0,0.0,0.004,0.0,0.0,always_reactive,0.578593
h=0.1/q0=0.4/p=0/r=2.2/sig=0/cf=1,C_rfb,0.1,0.4,0.0,2.2,0.0,1.0,1.0,wiki_B,autorpa_233k,oracle_tax,8991713899.193,1.0,0.0,0.0,0.0,0.0,0.0,0.0,0.0,0.004,0.0,0.0,always_reactive,0.578593
h=0.1/q0=0.4/p=0/r=2.2/sig=0/cf=1,C_rfb,0.1,0.4,0.0,2.2,0.0,1.0,1.0,wiki_B,autorpa_233k,ours_spend_cap,8991713899.193,1.0,0.0,0.0,0.0,0.0,0.0,0.0,0.0,0.004,0.0,0.0,always_reactive,0.578593
h=0.1/q0=0.4/p=0/r=2.2/sig=0/cf=1,C_rfb,0.1,0.4,0.0,2.2,0.0,1.0,1.0,wiki_B,autorpa_233k,ours_cap_epoch,8991713899.193,1.0,0.0,0.0,0.0,0.0,0.0,0.0,0.0,0.004,0.0,0.0,always_reactive,0.578593
h=0.1/q0=0.4/p=0/r=2.2/sig=0/cf=1,C_rfb,0.1,0.4,0.0,2.2,0.0,1.0,1.0,wiki_B,autorpa_233k,ours_cap_realized,8991713899.193,1.0,0.0,0.0,0.0,0.0,0.0,0.0,0.0,0.004,0.0,0.0,always_reactive,0.578593
h=0.1/q0=0.4/p=0/r=2.2/sig=0/cf=1,C_rfb,0.1,0.4,0.0,2.2,0.0,1.0,1.0,wiki_B,autorpa_233k,ours_pi_prior,8991713899.193,1.0,0.0,0.0,0.0,0.0,0.0,0.0,0.0,0.004,0.0,0.0,always_reactive,0.578593
h=0.1/q0=0.4/p=0/r=2.2/sig=0/cf=1,C_rfb,0.1,0.4,0.0,2.2,0.0,1.0,1.0,wiki_B,autorpa_233k,breakeven,8991713899.193,1.0,0.0,0.0,0.0,0.0,0.0,0.0,0.0,0.004,0.0,0.0,always_reactive,0.578593
h=0.1/q0=0.4/p=0/r=2.2/sig=0/cf=1,C_rfb,0.1,0.4,0.0,2.2,0.0,1.0,1.0,wiki_B,autorpa_233k,breakeven_cap_epoch,8991713899.193,1.0,0.0,0.0,0.0,0.0,0.0,0.0,0.0,0.004,0.0,0.0,always_reactive,0.578593
h=0.1/q0=0.4/p=0/r=2.2/sig=0/cf=1,C_rfb,0.1,0.4,0.0,2.2,0.0,1.0,1.0,wiki_B,autorpa_233k,offline_taxblind,8991713899.192,1.0,,,,,,,,,,,always_reactive,0.578593
h=0.1/q0=0.4/p=0/r=2.2/sig=0/cf=1,C_rfb,0.1,0.4,0.0,2.2,0.0,1.0,1.0,wiki_B,autorpa_233k,offline_opt_tax,8991713899.192,1.0,,,,,,,,,,,always_reactive,0.578593
h=0.1/q0=0.4/p=0/r=2.2/sig=0/cf=1,C_rfb,0.1,0.4,0.0,2.2,0.0,1.0,1.0,wiki_B,native,always_reactive,8991713899.193,1.0,0.0,0.0,0.0,0.0,0.0,0.0,0.0,0.004,0.0,0.0,always_reactive,0.745233
h=0.1/q0=0.4/p=0/r=2.2/sig=0/cf=1,C_rfb,0.1,0.4,0.0,2.2,0.0,1.0,1.0,wiki_B,native,always_compile_evict,12065649163.181,1.341863,0.0,0.0,28107.0,0.0,0.0,0.0,28107.0,0.003,28107.0,3073935264.0,always_reactive,0.745233
h=0.1/q0=0.4/p=0/r=2.2/sig=0/cf=1,C_rfb,0.1,0.4,0.0,2.2,0.0,1.0,1.0,wiki_B,native,ours_noinflate,8991713899.193,1.0,0.0,0.0,0.0,0.0,0.0,0.0,0.0,0.004,0.0,0.0,always_reactive,0.745233
h=0.1/q0=0.4/p=0/r=2.2/sig=0/cf=1,C_rfb,0.1,0.4,0.0,2.2,0.0,1.0,1.0,wiki_B,native,oracle_tax,8991713899.193,1.0,0.0,0.0,0.0,0.0,0.0,0.0,0.0,0.004,0.0,0.0,always_reactive,0.745233
h=0.1/q0=0.4/p=0/r=2.2/sig=0/cf=1,C_rfb,0.1,0.4,0.0,2.2,0.0,1.0,1.0,wiki_B,native,ours_spend_cap,8991713899.193,1.0,0.0,0.0,0.0,0.0,0.0,0.0,0.0,0.004,0.0,0.0,always_reactive,0.745233
h=0.1/q0=0.4/p=0/r=2.2/sig=0/cf=1,C_rfb,0.1,0.4,0.0,2.2,0.0,1.0,1.0,wiki_B,native,ours_cap_epoch,8991713899.193,1.0,0.0,0.0,0.0,0.0,0.0,0.0,0.0,0.004,0.0,0.0,always_reactive,0.745233
h=0.1/q0=0.4/p=0/r=2.2/sig=0/cf=1,C_rfb,0.1,0.4,0.0,2.2,0.0,1.0,1.0,wiki_B,native,ours_cap_realized,8991713899.193,1.0,0.0,0.0,0.0,0.0,0.0,0.0,0.0,0.004,0.0,0.0,always_reactive,0.745233
h=0.1/q0=0.4/p=0/r=2.2/sig=0/cf=1,C_rfb,0.1,0.4,0.0,2.2,0.0,1.0,1.0,wiki_B,native,ours_pi_prior,8991713899.193,1.0,0.0,0.0,0.0,0.0,0.0,0.0,0.0,0.004,0.0,0.0,always_reactive,0.745233
h=0.1/q0=0.4/p=0/r=2.2/sig=0/cf=1,C_rfb,0.1,0.4,0.0,2.2,0.0,1.0,1.0,wiki_B,native,breakeven,8991713899.193,1.0,0.0,0.0,0.0,0.0,0.0,0.0,0.0,0.004,0.0,0.0,always_reactive,0.745233
h=0.1/q0=0.4/p=0/r=2.2/sig=0/cf=1,C_rfb,0.1,0.4,0.0,2.2,0.0,1.0,1.0,wiki_B,native,breakeven_cap_epoch,8991713899.193,1.0,0.0,0.0,0.0,0.0,0.0,0.0,0.0,0.004,0.0,0.0,always_reactive,0.745233
h=0.1/q0=0.4/p=0/r=2.2/sig=0/cf=1,C_rfb,0.1,0.4,0.0,2.2,0.0,1.0,1.0,wiki_B,native,offline_taxblind,8991713899.192,1.0,,,,,,,,,,,always_reactive,0.745233
h=0.1/q0=0.4/p=0/r=2.2/sig=0/cf=1,C_rfb,0.1,0.4,0.0,2.2,0.0,1.0,1.0,wiki_B,native,offline_opt_tax,8991713899.192,1.0,,,,,,,,,,,always_reactive,0.745233
h=0.1/q0=0.4/p=1/r=1/sig=0.3/cf=1,D_sigma,0.1,0.4,1.0,1.0,0.3,3.0,1.0,bpi2019,autorpa_233k,always_reactive,26858149732.486,1.0,0.0,0.0,0.0,0.0,0.0,0.0,0.0,0.003,0.0,0.0,always_compile_evict,1.0
h=0.1/q0=0.4/p=1/r=1/sig=0.3/cf=1,D_sigma,0.1,0.4,1.0,1.0,0.3,3.0,1.0,bpi2019,autorpa_233k,always_compile_evict,25526725022.037,0.950428,44.6,73.5,18354.2,16589.5,32696.9,109003.5,18145.2,0.042,0.0,0.0,always_compile_evict,1.0
h=0.1/q0=0.4/p=1/r=1/sig=0.3/cf=1,D_sigma,0.1,0.4,1.0,1.0,0.3,3.0,1.0,bpi2019,autorpa_233k,ours_noinflate,26858149732.486,1.0,0.0,0.0,0.0,0.0,0.0,0.0,0.0,0.003,0.0,0.0,always_compile_evict,1.0
h=0.1/q0=0.4/p=1/r=1/sig=0.3/cf=1,D_sigma,0.1,0.4,1.0,1.0,0.3,3.0,1.0,bpi2019,autorpa_233k,oracle_tax,26841938300.189,0.999396,7.8,12.7,65.8,58.0,103.4,362.8,30.1,0.004,0.0,0.0,always_compile_evict,1.0
h=0.1/q0=0.4/p=1/r=1/sig=0.3/cf=1,D_sigma,0.1,0.4,1.0,1.0,0.3,3.0,1.0,bpi2019,autorpa_233k,ours_spend_cap,26858149732.486,1.0,0.0,0.0,0.0,0.0,0.0,0.0,0.0,0.003,0.0,0.0,always_compile_evict,1.0
h=0.1/q0=0.4/p=1/r=1/sig=0.3/cf=1,D_sigma,0.1,0.4,1.0,1.0,0.3,3.0,1.0,bpi2019,autorpa_233k,ours_cap_epoch,26858149732.486,1.0,0.0,0.0,0.0,0.0,0.0,0.0,0.0,0.003,0.0,0.0,always_compile_evict,1.0
h=0.1/q0=0.4/p=1/r=1/sig=0.3/cf=1,D_sigma,0.1,0.4,1.0,1.0,0.3,3.0,1.0,bpi2019,autorpa_233k,ours_cap_realized,26858149732.486,1.0,0.0,0.0,0.0,0.0,0.0,0.0,0.0,0.003,0.0,0.0,always_compile_evict,1.0
h=0.1/q0=0.4/p=1/r=1/sig=0.3/cf=1,D_sigma,0.1,0.4,1.0,1.0,0.3,3.0,1.0,bpi2019,autorpa_233k,ours_pi_prior,26530635424.223,0.987806,10.2,17.3,1856.4,1666.8,3328.9,10992.6,1769.8,0.01,0.0,0.0,always_compile_evict,1.0
h=0.1/q0=0.4/p=1/r=1/sig=0.3/cf=1,D_sigma,0.1,0.4,1.0,1.0,0.3,3.0,1.0,bpi2019,autorpa_233k,breakeven,26913383043.707,1.002056,0.9,4.9,506.3,182.1,352.8,1174.5,427.5,0.004,0.0,0.0,always_compile_evict,1.0
h=0.1/q0=0.4/p=1/r=1/sig=0.3/cf=1,D_sigma,0.1,0.4,1.0,1.0,0.3,3.0,1.0,bpi2019,autorpa_233k,breakeven_cap_epoch,26913383043.707,1.002056,0.9,4.9,506.3,182.1,352.8,1174.5,427.5,0.004,0.0,0.0,always_compile_evict,1.0
h=0.1/q0=0.4/p=1/r=1/sig=0.3/cf=1,D_sigma,0.1,0.4,1.0,1.0,0.3,3.0,1.0,bpi2019,autorpa_233k,offline_taxblind,23580516553.533,0.877965,,,,,,,,,,,always_compile_evict,1.0
h=0.1/q0=0.4/p=1/r=1/sig=0.3/cf=1,D_sigma,0.1,0.4,1.0,1.0,0.3,3.0,1.0,bpi2019,autorpa_233k,offline_opt_tax,23792910123.968,0.885873,,,,,,,,,,,always_compile_evict,1.0
h=0.1/q0=0.4/p=1/r=1/sig=0.3/cf=1,D_sigma,0.1,0.4,1.0,1.0,0.3,3.0,1.0,bpi2019,native,always_reactive,26858149732.486,1.187886,0.0,0.0,0.0,0.0,0.0,0.0,0.0,0.003,0.0,0.0,ours_noinflate,0.997326
h=0.1/q0=0.4/p=1/r=1/sig=0.3/cf=1,D_sigma,0.1,0.4,1.0,1.0,0.3,3.0,1.0,bpi2019,native,always_compile_evict,22670676886.884,1.002681,21.8,43.3,18354.2,16589.5,32696.9,109003.5,17575.1,0.027,0.0,0.0,ours_noinflate,0.997326
h=0.1/q0=0.4/p=1/r=1/sig=0.3/cf=1,D_sigma,0.1,0.4,1.0,1.0,0.3,3.0,1.0,bpi2019,native,ours_noinflate,22610049045.032,1.0,12.6,22.4,10545.1,10026.6,19844.4,66004.4,10001.6,0.015,0.0,0.0,ours_noinflate,0.997326
h=0.1/q0=0.4/p=1/r=1/sig=0.3/cf=1,D_sigma,0.1,0.4,1.0,1.0,0.3,3.0,1.0,bpi2019,native,oracle_tax,26815495183.491,1.185999,13.3,17.7,119.3,106.0,197.4,675.7,55.0,0.004,0.0,0.0,ours_noinflate,0.997326
h=0.1/q0=0.4/p=1/r=1/sig=0.3/cf=1,D_sigma,0.1,0.4,1.0,1.0,0.3,3.0,1.0,bpi2019,native,ours_spend_cap,22610049045.032,1.0,12.6,22.4,10545.1,10026.6,19844.4,66004.4,10001.6,0.015,0.0,0.0,ours_noinflate,0.997326
h=0.1/q0=0.4/p=1/r=1/sig=0.3/cf=1,D_sigma,0.1,0.4,1.0,1.0,0.3,3.0,1.0,bpi2019,native,ours_cap_epoch,22610049045.032,1.0,12.6,22.4,10545.1,10026.6,19844.4,66004.4,10001.6,0.015,0.0,0.0,ours_noinflate,0.997326
h=0.1/q0=0.4/p=1/r=1/sig=0.3/cf=1,D_sigma,0.1,0.4,1.0,1.0,0.3,3.0,1.0,bpi2019,native,ours_cap_realized,22610049045.032,1.0,12.6,22.4,10545.1,10026.6,19844.4,66004.4,10001.6,0.015,0.0,0.0,ours_noinflate,0.997326
h=0.1/q0=0.4/p=1/r=1/sig=0.3/cf=1,D_sigma,0.1,0.4,1.0,1.0,0.3,3.0,1.0,bpi2019,native,ours_pi_prior,25909221913.603,1.145916,12.5,16.1,2869.7,2507.4,4980.4,16488.1,2458.6,0.009,0.0,0.0,ours_noinflate,0.997326
h=0.1/q0=0.4/p=1/r=1/sig=0.3/cf=1,D_sigma,0.1,0.4,1.0,1.0,0.3,3.0,1.0,bpi2019,native,breakeven,26851770536.483,1.187603,0.0,5.1,758.7,216.3,431.4,1413.3,571.6,0.004,0.0,0.0,ours_noinflate,0.997326
h=0.1/q0=0.4/p=1/r=1/sig=0.3/cf=1,D_sigma,0.1,0.4,1.0,1.0,0.3,3.0,1.0,bpi2019,native,breakeven_cap_epoch,26851770536.483,1.187603,0.0,5.1,758.7,216.3,431.4,1413.3,571.6,0.004,0.0,0.0,ours_noinflate,0.997326
h=0.1/q0=0.4/p=1/r=1/sig=0.3/cf=1,D_sigma,0.1,0.4,1.0,1.0,0.3,3.0,1.0,bpi2019,native,offline_taxblind,21927202251.371,0.969799,,,,,,,,,,,ours_noinflate,0.997326
h=0.1/q0=0.4/p=1/r=1/sig=0.3/cf=1,D_sigma,0.1,0.4,1.0,1.0,0.3,3.0,1.0,bpi2019,native,offline_opt_tax,22179135395.213,0.980941,,,,,,,,,,,ours_noinflate,0.997326
h=0.1/q0=0.4/p=1/r=1/sig=0.3/cf=1,D_sigma,0.1,0.4,1.0,1.0,0.3,3.0,1.0,sepsis,autorpa_233k,always_reactive,93787502.059,1.0,0.0,0.0,0.0,0.0,0.0,0.0,0.0,0.004,0.0,0.0,always_reactive,0.942634
h=0.1/q0=0.4/p=1/r=1/sig=0.3/cf=1,D_sigma,0.1,0.4,1.0,1.0,0.3,3.0,1.0,sepsis,autorpa_233k,always_compile_evict,99495154.487,1.060857,17.7,19.2,33.9,8.8,19.1,64.2,31.5,0.013,0.0,0.0,always_reactive,0.942634
h=0.1/q0=0.4/p=1/r=1/sig=0.3/cf=1,D_sigma,0.1,0.4,1.0,1.0,0.3,3.0,1.0,sepsis,autorpa_233k,ours_noinflate,93787502.059,1.0,0.0,0.0,0.0,0.0,0.0,0.0,0.0,0.004,0.0,0.0,always_reactive,0.942634
h=0.1/q0=0.4/p=1/r=1/sig=0.3/cf=1,D_sigma,0.1,0.4,1.0,1.0,0.3,3.0,1.0,sepsis,autorpa_233k,oracle_tax,93574592.939,0.99773,1.4,1.7,2.2,0.8,1.8,6.6,0.7,0.005,0.0,0.0,always_reactive,0.942634
h=0.1/q0=0.4/p=1/r=1/sig=0.3/cf=1,D_sigma,0.1,0.4,1.0,1.0,0.3,3.0,1.0,sepsis,autorpa_233k,ours_spend_cap,93787502.059,1.0,0.0,0.0,0.0,0.0,0.0,0.0,0.0,0.004,0.0,0.0,always_reactive,0.942634
h=0.1/q0=0.4/p=1/r=1/sig=0.3/cf=1,D_sigma,0.1,0.4,1.0,1.0,0.3,3.0,1.0,sepsis,autorpa_233k,ours_cap_epoch,93787502.059,1.0,0.0,0.0,0.0,0.0,0.0,0.0,0.0,0.004,0.0,0.0,always_reactive,0.942634
h=0.1/q0=0.4/p=1/r=1/sig=0.3/cf=1,D_sigma,0.1,0.4,1.0,1.0,0.3,3.0,1.0,sepsis,autorpa_233k,ours_cap_realized,93787502.059,1.0,0.0,0.0,0.0,0.0,0.0,0.0,0.0,0.004,0.0,0.0,always_reactive,0.942634
h=0.1/q0=0.4/p=1/r=1/sig=0.3/cf=1,D_sigma,0.1,0.4,1.0,1.0,0.3,3.0,1.0,sepsis,autorpa_233k,ours_pi_prior,93902768.984,1.001229,0.8,1.0,1.0,0.2,0.6,1.9,1.0,0.004,0.0,0.0,always_reactive,0.942634
h=0.1/q0=0.4/p=1/r=1/sig=0.3/cf=1,D_sigma,0.1,0.4,1.0,1.0,0.3,3.0,1.0,sepsis,autorpa_233k,breakeven,94116454.72,1.003507,1.8,2.0,2.0,0.2,1.1,3.2,2.0,0.004,0.0,0.0,always_reactive,0.942634
h=0.1/q0=0.4/p=1/r=1/sig=0.3/cf=1,D_sigma,0.1,0.4,1.0,1.0,0.3,3.0,1.0,sepsis,autorpa_233k,breakeven_cap_epoch,94116454.72,1.003507,1.8,2.0,2.0,0.2,1.1,3.2,2.0,0.004,0.0,0.0,always_reactive,0.942634
h=0.1/q0=0.4/p=1/r=1/sig=0.3/cf=1,D_sigma,0.1,0.4,1.0,1.0,0.3,3.0,1.0,sepsis,autorpa_233k,offline_taxblind,93606093.078,0.998066,,,,,,,,,,,always_reactive,0.942634
h=0.1/q0=0.4/p=1/r=1/sig=0.3/cf=1,D_sigma,0.1,0.4,1.0,1.0,0.3,3.0,1.0,sepsis,autorpa_233k,offline_opt_tax,93716543.249,0.999243,,,,,,,,,,,always_reactive,0.942634
h=0.1/q0=0.4/p=1/r=1/sig=0.3/cf=1,D_sigma,0.1,0.4,1.0,1.0,0.3,3.0,1.0,sepsis,native,always_reactive,93787502.059,1.002704,0.0,0.0,0.0,0.0,0.0,0.0,0.0,0.004,0.0,0.0,ours_noinflate,0.982567
h=0.1/q0=0.4/p=1/r=1/sig=0.3/cf=1,D_sigma,0.1,0.4,1.0,1.0,0.3,3.0,1.0,sepsis,native,always_compile_evict,95194164.687,1.017743,17.4,18.1,33.9,8.8,19.1,64.2,28.6,0.013,0.0,0.0,ours_noinflate,0.982567
h=0.1/q0=0.4/p=1/r=1/sig=0.3/cf=1,D_sigma,0.1,0.4,1.0,1.0,0.3,3.0,1.0,sepsis,native,ours_noinflate,93534617.567,1.0,3.0,3.3,6.0,1.1,2.1,7.2,3.9,0.005,0.0,0.0,ours_noinflate,0.982567
h=0.1/q0=0.4/p=1/r=1/sig=0.3/cf=1,D_sigma,0.1,0.4,1.0,1.0,0.3,3.0,1.0,sepsis,native,oracle_tax,93181656.159,0.996226,3.1,3.8,4.7,1.6,3.9,13.7,0.9,0.006,0.0,0.0,ours_noinflate,0.982567
h=0.1/q0=0.4/p=1/r=1/sig=0.3/cf=1,D_sigma,0.1,0.4,1.0,1.0,0.3,3.0,1.0,sepsis,native,ours_spend_cap,93534617.567,1.0,3.0,3.3,6.0,1.1,2.1,7.2,3.9,0.005,0.0,0.0,ours_noinflate,0.982567
h=0.1/q0=0.4/p=1/r=1/sig=0.3/cf=1,D_sigma,0.1,0.4,1.0,1.0,0.3,3.0,1.0,sepsis,native,ours_cap_epoch,93534617.567,1.0,3.0,3.3,6.0,1.1,2.1,7.2,3.9,0.005,0.0,0.0,ours_noinflate,0.982567
h=0.1/q0=0.4/p=1/r=1/sig=0.3/cf=1,D_sigma,0.1,0.4,1.0,1.0,0.3,3.0,1.0,sepsis,native,ours_cap_realized,93534617.567,1.0,3.0,3.3,6.0,1.1,2.1,7.2,3.9,0.005,0.0,0.0,ours_noinflate,0.982567
h=0.1/q0=0.4/p=1/r=1/sig=0.3/cf=1,D_sigma,0.1,0.4,1.0,1.0,0.3,3.0,1.0,sepsis,native,ours_pi_prior,93605367.398,1.000756,2.0,2.0,2.4,0.4,1.2,4.4,0.6,0.005,0.0,0.0,ours_noinflate,0.982567
h=0.1/q0=0.4/p=1/r=1/sig=0.3/cf=1,D_sigma,0.1,0.4,1.0,1.0,0.3,3.0,1.0,sepsis,native,breakeven,93980683.517,1.004769,3.2,3.8,6.2,1.4,3.9,12.4,4.6,0.005,0.0,0.0,ours_noinflate,0.982567
h=0.1/q0=0.4/p=1/r=1/sig=0.3/cf=1,D_sigma,0.1,0.4,1.0,1.0,0.3,3.0,1.0,sepsis,native,breakeven_cap_epoch,93980683.517,1.004769,3.2,3.8,6.2,1.4,3.9,12.4,4.6,0.005,0.0,0.0,ours_noinflate,0.982567
h=0.1/q0=0.4/p=1/r=1/sig=0.3/cf=1,D_sigma,0.1,0.4,1.0,1.0,0.3,3.0,1.0,sepsis,native,offline_taxblind,92575192.455,0.989743,,,,,,,,,,,ours_noinflate,0.982567
h=0.1/q0=0.4/p=1/r=1/sig=0.3/cf=1,D_sigma,0.1,0.4,1.0,1.0,0.3,3.0,1.0,sepsis,native,offline_opt_tax,93172644.335,0.99613,,,,,,,,,,,ours_noinflate,0.982567
h=0.1/q0=0.4/p=1/r=1/sig=0.3/cf=1,D_sigma,0.1,0.4,1.0,1.0,0.3,3.0,1.0,wiki_A,autorpa_233k,always_reactive,4770469730.199,1.0,0.0,0.0,0.0,0.0,0.0,0.0,0.0,0.005,0.0,0.0,ours_pi_prior,0.977604
h=0.1/q0=0.4/p=1/r=1/sig=0.3/cf=1,D_sigma,0.1,0.4,1.0,1.0,0.3,3.0,1.0,wiki_A,autorpa_233k,always_compile_evict,4780038327.301,1.002006,9.4,42.4,4674.4,4381.4,8589.1,28790.1,4514.5,0.022,0.0,0.0,ours_pi_prior,0.977604
h=0.1/q0=0.4/p=1/r=1/sig=0.3/cf=1,D_sigma,0.1,0.4,1.0,1.0,0.3,3.0,1.0,wiki_A,autorpa_233k,ours_noinflate,4770469730.199,1.0,0.0,0.0,0.0,0.0,0.0,0.0,0.0,0.005,0.0,0.0,ours_pi_prior,0.977604
h=0.1/q0=0.4/p=1/r=1/sig=0.3/cf=1,D_sigma,0.1,0.4,1.0,1.0,0.3,3.0,1.0,wiki_A,autorpa_233k,oracle_tax,4751963165.498,0.996121,2.3,3.0,49.3,47.0,91.1,304.3,23.4,0.005,0.0,0.0,ours_pi_prior,0.977604
h=0.1/q0=0.4/p=1/r=1/sig=0.3/cf=1,D_sigma,0.1,0.4,1.0,1.0,0.3,3.0,1.0,wiki_A,autorpa_233k,ours_spend_cap,4770469730.199,1.0,0.0,0.0,0.0,0.0,0.0,0.0,0.0,0.005,0.0,0.0,ours_pi_prior,0.977604
h=0.1/q0=0.4/p=1/r=1/sig=0.3/cf=1,D_sigma,0.1,0.4,1.0,1.0,0.3,3.0,1.0,wiki_A,autorpa_233k,ours_cap_epoch,4770469730.199,1.0,0.0,0.0,0.0,0.0,0.0,0.0,0.0,0.005,0.0,0.0,ours_pi_prior,0.977604
h=0.1/q0=0.4/p=1/r=1/sig=0.3/cf=1,D_sigma,0.1,0.4,1.0,1.0,0.3,3.0,1.0,wiki_A,autorpa_233k,ours_cap_realized,4770469730.199,1.0,0.0,0.0,0.0,0.0,0.0,0.0,0.0,0.005,0.0,0.0,ours_pi_prior,0.977604
h=0.1/q0=0.4/p=1/r=1/sig=0.3/cf=1,D_sigma,0.1,0.4,1.0,1.0,0.3,3.0,1.0,wiki_A,autorpa_233k,ours_pi_prior,4672983930.143,0.979565,0.9,5.9,342.9,317.9,641.0,2122.8,293.1,0.007,0.0,0.0,ours_pi_prior,0.977604
h=0.1/q0=0.4/p=1/r=1/sig=0.3/cf=1,D_sigma,0.1,0.4,1.0,1.0,0.3,3.0,1.0,wiki_A,autorpa_233k,breakeven,4782458113.457,1.002513,0.0,5.6,807.8,743.7,1442.6,4840.3,722.7,0.006,0.0,0.0,ours_pi_prior,0.977604
h=0.1/q0=0.4/p=1/r=1/sig=0.3/cf=1,D_sigma,0.1,0.4,1.0,1.0,0.3,3.0,1.0,wiki_A,autorpa_233k,breakeven_cap_epoch,4782458113.457,1.002513,0.0,5.6,807.8,743.7,1442.6,4840.3,722.7,0.006,0.0,0.0,ours_pi_prior,0.977604
h=0.1/q0=0.4/p=1/r=1/sig=0.3/cf=1,D_sigma,0.1,0.4,1.0,1.0,0.3,3.0,1.0,wiki_A,autorpa_233k,offline_taxblind,4516522448.454,0.946767,,,,,,,,,,,ours_pi_prior,0.977604
h=0.1/q0=0.4/p=1/r=1/sig=0.3/cf=1,D_sigma,0.1,0.4,1.0,1.0,0.3,3.0,1.0,wiki_A,autorpa_233k,offline_opt_tax,4541605357.5,0.952025,,,,,,,,,,,ours_pi_prior,0.977604
h=0.1/q0=0.4/p=1/r=1/sig=0.3/cf=1,D_sigma,0.1,0.4,1.0,1.0,0.3,3.0,1.0,wiki_A,native,always_reactive,4770469730.199,1.069578,0.0,0.0,0.0,0.0,0.0,0.0,0.0,0.005,0.0,0.0,always_compile_evict,1.0
h=0.1/q0=0.4/p=1/r=1/sig=0.3/cf=1,D_sigma,0.1,0.4,1.0,1.0,0.3,3.0,1.0,wiki_A,native,always_compile_evict,4213023337.55,0.944594,6.6,31.7,4674.4,4381.4,8589.1,28790.1,4368.4,0.017,0.0,0.0,always_compile_evict,1.0
h=0.1/q0=0.4/p=1/r=1/sig=0.3/cf=1,D_sigma,0.1,0.4,1.0,1.0,0.3,3.0,1.0,wiki_A,native,ours_noinflate,4460140854.663,1.0,3.6,14.0,817.9,731.3,1450.4,4833.7,633.4,0.011,0.0,0.0,always_compile_evict,1.0
h=0.1/q0=0.4/p=1/r=1/sig=0.3/cf=1,D_sigma,0.1,0.4,1.0,1.0,0.3,3.0,1.0,wiki_A,native,oracle_tax,4729385971.128,1.060367,4.4,5.3,98.0,93.6,183.3,610.4,45.9,0.005,0.0,0.0,always_compile_evict,1.0
h=0.1/q0=0.4/p=1/r=1/sig=0.3/cf=1,D_sigma,0.1,0.4,1.0,1.0,0.3,3.0,1.0,wiki_A,native,ours_spend_cap,4460140854.663,1.0,3.6,14.0,817.9,731.3,1450.4,4833.7,633.4,0.011,0.0,0.0,always_compile_evict,1.0
h=0.1/q0=0.4/p=1/r=1/sig=0.3/cf=1,D_sigma,0.1,0.4,1.0,1.0,0.3,3.0,1.0,wiki_A,native,ours_cap_epoch,4460140854.663,1.0,3.6,14.0,817.9,731.3,1450.4,4833.7,633.4,0.011,0.0,0.0,always_compile_evict,1.0
h=0.1/q0=0.4/p=1/r=1/sig=0.3/cf=1,D_sigma,0.1,0.4,1.0,1.0,0.3,3.0,1.0,wiki_A,native,ours_cap_realized,4460140854.663,1.0,3.6,14.0,817.9,731.3,1450.4,4833.7,633.4,0.011,0.0,0.0,always_compile_evict,1.0
h=0.1/q0=0.4/p=1/r=1/sig=0.3/cf=1,D_sigma,0.1,0.4,1.0,1.0,0.3,3.0,1.0,wiki_A,native,ours_pi_prior,4611717982.223,1.033985,1.0,7.8,419.9,365.7,730.1,2420.1,307.1,0.007,0.0,0.0,always_compile_evict,1.0
h=0.1/q0=0.4/p=1/r=1/sig=0.3/cf=1,D_sigma,0.1,0.4,1.0,1.0,0.3,3.0,1.0,wiki_A,native,breakeven,4677699402.371,1.048778,0.0,5.4,1013.6,908.9,1761.5,5919.8,863.4,0.006,0.0,0.0,always_compile_evict,1.0
h=0.1/q0=0.4/p=1/r=1/sig=0.3/cf=1,D_sigma,0.1,0.4,1.0,1.0,0.3,3.0,1.0,wiki_A,native,breakeven_cap_epoch,4677699402.371,1.048778,0.0,5.4,1013.6,908.9,1761.5,5919.8,863.4,0.006,0.0,0.0,always_compile_evict,1.0
h=0.1/q0=0.4/p=1/r=1/sig=0.3/cf=1,D_sigma,0.1,0.4,1.0,1.0,0.3,3.0,1.0,wiki_A,native,offline_taxblind,4134049479.556,0.926888,,,,,,,,,,,always_compile_evict,1.0
h=0.1/q0=0.4/p=1/r=1/sig=0.3/cf=1,D_sigma,0.1,0.4,1.0,1.0,0.3,3.0,1.0,wiki_A,native,offline_opt_tax,4161298018.181,0.932997,,,,,,,,,,,always_compile_evict,1.0
h=0.1/q0=0.4/p=1/r=1/sig=0.3/cf=1,D_sigma,0.1,0.4,1.0,1.0,0.3,3.0,1.0,wiki_B,autorpa_233k,always_reactive,8991713899.193,1.0,0.0,0.0,0.0,0.0,0.0,0.0,0.0,0.004,0.0,0.0,ours_pi_prior,0.927651
h=0.1/q0=0.4/p=1/r=1/sig=0.3/cf=1,D_sigma,0.1,0.4,1.0,1.0,0.3,3.0,1.0,wiki_B,autorpa_233k,always_compile_evict,9645752371.222,1.072738,61.1,78.7,3620.7,2012.7,3858.7,12928.8,3510.9,0.052,0.0,0.0,ours_pi_prior,0.927651
h=0.1/q0=0.4/p=1/r=1/sig=0.3/cf=1,D_sigma,0.1,0.4,1.0,1.0,0.3,3.0,1.0,wiki_B,autorpa_233k,ours_noinflate,8991713899.193,1.0,0.0,0.0,0.0,0.0,0.0,0.0,0.0,0.004,0.0,0.0,ours_pi_prior,0.927651
h=0.1/q0=0.4/p=1/r=1/sig=0.3/cf=1,D_sigma,0.1,0.4,1.0,1.0,0.3,3.0,1.0,wiki_B,autorpa_233k,oracle_tax,8990300485.017,0.999843,1.7,2.8,7.2,5.5,10.2,36.4,2.6,0.004,0.0,0.0,ours_pi_prior,0.927651
h=0.1/q0=0.4/p=1/r=1/sig=0.3/cf=1,D_sigma,0.1,0.4,1.0,1.0,0.3,3.0,1.0,wiki_B,autorpa_233k,ours_spend_cap,8991713899.193,1.0,0.0,0.0,0.0,0.0,0.0,0.0,0.0,0.004,0.0,0.0,ours_pi_prior,0.927651
h=0.1/q0=0.4/p=1/r=1/sig=0.3/cf=1,D_sigma,0.1,0.4,1.0,1.0,0.3,3.0,1.0,wiki_B,autorpa_233k,ours_cap_epoch,8991713899.193,1.0,0.0,0.0,0.0,0.0,0.0,0.0,0.0,0.004,0.0,0.0,ours_pi_prior,0.927651
h=0.1/q0=0.4/p=1/r=1/sig=0.3/cf=1,D_sigma,0.1,0.4,1.0,1.0,0.3,3.0,1.0,wiki_B,autorpa_233k,ours_cap_realized,8991713899.193,1.0,0.0,0.0,0.0,0.0,0.0,0.0,0.0,0.004,0.0,0.0,ours_pi_prior,0.927651
h=0.1/q0=0.4/p=1/r=1/sig=0.3/cf=1,D_sigma,0.1,0.4,1.0,1.0,0.3,3.0,1.0,wiki_B,autorpa_233k,ours_pi_prior,8947892247.986,0.995126,8.0,15.1,435.5,329.8,642.8,2161.9,380.8,0.009,0.0,0.0,ours_pi_prior,0.927651
h=0.1/q0=0.4/p=1/r=1/sig=0.3/cf=1,D_sigma,0.1,0.4,1.0,1.0,0.3,3.0,1.0,wiki_B,autorpa_233k,breakeven,9026518323.598,1.003871,1.1,5.7,291.8,105.9,200.9,675.3,254.5,0.005,0.0,0.0,ours_pi_prior,0.927651
h=0.1/q0=0.4/p=1/r=1/sig=0.3/cf=1,D_sigma,0.1,0.4,1.0,1.0,0.3,3.0,1.0,wiki_B,autorpa_233k,breakeven_cap_epoch,9026518323.598,1.003871,1.1,5.7,291.8,105.9,200.9,675.3,254.5,0.005,0.0,0.0,ours_pi_prior,0.927651
h=0.1/q0=0.4/p=1/r=1/sig=0.3/cf=1,D_sigma,0.1,0.4,1.0,1.0,0.3,3.0,1.0,wiki_B,autorpa_233k,offline_taxblind,8786359978.626,0.977162,,,,,,,,,,,ours_pi_prior,0.927651
h=0.1/q0=0.4/p=1/r=1/sig=0.3/cf=1,D_sigma,0.1,0.4,1.0,1.0,0.3,3.0,1.0,wiki_B,autorpa_233k,offline_opt_tax,8841787409.403,0.983326,,,,,,,,,,,ours_pi_prior,0.927651
h=0.1/q0=0.4/p=1/r=1/sig=0.3/cf=1,D_sigma,0.1,0.4,1.0,1.0,0.3,3.0,1.0,wiki_B,native,always_reactive,8991713899.193,1.022094,0.0,0.0,0.0,0.0,0.0,0.0,0.0,0.004,0.0,0.0,ours_noinflate,0.979296
h=0.1/q0=0.4/p=1/r=1/sig=0.3/cf=1,D_sigma,0.1,0.4,1.0,1.0,0.3,3.0,1.0,wiki_B,native,always_compile_evict,8983337403.124,1.021141,32.9,50.4,3620.7,2012.7,3858.7,12928.8,3209.3,0.032,0.0,0.0,ours_noinflate,0.979296
h=0.1/q0=0.4/p=1/r=1/sig=0.3/cf=1,D_sigma,0.1,0.4,1.0,1.0,0.3,3.0,1.0,wiki_B,native,ours_noinflate,8797348334.412,1.0,12.1,21.6,1121.2,693.2,1337.2,4504.6,843.8,0.013,0.0,0.0,ours_noinflate,0.979296
h=0.1/q0=0.4/p=1/r=1/sig=0.3/cf=1,D_sigma,0.1,0.4,1.0,1.0,0.3,3.0,1.0,wiki_B,native,oracle_tax,8988471509.637,1.021725,6.7,8.1,17.5,10.8,19.8,71.5,5.1,0.004,0.0,0.0,ours_noinflate,0.979296
h=0.1/q0=0.4/p=1/r=1/sig=0.3/cf=1,D_sigma,0.1,0.4,1.0,1.0,0.3,3.0,1.0,wiki_B,native,ours_spend_cap,8797348334.412,1.0,12.1,21.6,1121.2,693.2,1337.2,4504.6,843.8,0.013,0.0,0.0,ours_noinflate,0.979296
h=0.1/q0=0.4/p=1/r=1/sig=0.3/cf=1,D_sigma,0.1,0.4,1.0,1.0,0.3,3.0,1.0,wiki_B,native,ours_cap_epoch,8797348334.412,1.0,12.1,21.6,1121.2,693.2,1337.2,4504.6,843.8,0.013,0.0,0.0,ours_noinflate,0.979296
h=0.1/q0=0.4/p=1/r=1/sig=0.3/cf=1,D_sigma,0.1,0.4,1.0,1.0,0.3,3.0,1.0,wiki_B,native,ours_cap_realized,8797348334.412,1.0,12.1,21.6,1121.2,693.2,1337.2,4504.6,843.8,0.013,0.0,0.0,ours_noinflate,0.979296
h=0.1/q0=0.4/p=1/r=1/sig=0.3/cf=1,D_sigma,0.1,0.4,1.0,1.0,0.3,3.0,1.0,wiki_B,native,ours_pi_prior,8844627588.146,1.005374,9.6,16.8,824.3,517.8,998.9,3365.9,624.1,0.011,0.0,0.0,ours_noinflate,0.979296
h=0.1/q0=0.4/p=1/r=1/sig=0.3/cf=1,D_sigma,0.1,0.4,1.0,1.0,0.3,3.0,1.0,wiki_B,native,breakeven,9001874789.805,1.023249,0.9,6.6,505.4,131.6,254.9,847.5,418.7,0.005,0.0,0.0,ours_noinflate,0.979296
h=0.1/q0=0.4/p=1/r=1/sig=0.3/cf=1,D_sigma,0.1,0.4,1.0,1.0,0.3,3.0,1.0,wiki_B,native,breakeven_cap_epoch,9001874789.805,1.023249,0.9,6.6,505.4,131.6,254.9,847.5,418.7,0.005,0.0,0.0,ours_noinflate,0.979296
h=0.1/q0=0.4/p=1/r=1/sig=0.3/cf=1,D_sigma,0.1,0.4,1.0,1.0,0.3,3.0,1.0,wiki_B,native,offline_taxblind,8595505964.552,0.977056,,,,,,,,,,,ours_noinflate,0.979296
h=0.1/q0=0.4/p=1/r=1/sig=0.3/cf=1,D_sigma,0.1,0.4,1.0,1.0,0.3,3.0,1.0,wiki_B,native,offline_opt_tax,8661245189.458,0.984529,,,,,,,,,,,ours_noinflate,0.979296
h=0.1/q0=0.4/p=1/r=1/sig=0/cf=1,A_core,0.1,0.4,1.0,1.0,0.0,1.0,1.0,bpi2019,autorpa_233k,always_reactive,26858149732.486,1.401408,0.0,0.0,0.0,0.0,0.0,0.0,0.0,0.003,0.0,0.0,ours_noinflate,0.953609
h=0.1/q0=0.4/p=1/r=1/sig=0/cf=1,A_core,0.1,0.4,1.0,1.0,0.0,1.0,1.0,bpi2019,autorpa_233k,always_compile_evict,20097466421.143,1.048648,42.1,69.4,25427.8,23721.6,0.0,109003.5,24751.0,0.051,0.0,0.0,ours_noinflate,0.953609
h=0.1/q0=0.4/p=1/r=1/sig=0/cf=1,A_core,0.1,0.4,1.0,1.0,0.0,1.0,1.0,bpi2019,autorpa_233k,ours_noinflate,19165114873.629,1.0,19.1,33.7,14826.5,14343.9,0.0,65942.8,14363.9,0.028,0.0,0.0,ours_noinflate,0.953609
h=0.1/q0=0.4/p=1/r=1/sig=0/cf=1,A_core,0.1,0.4,1.0,1.0,0.0,1.0,1.0,bpi2019,autorpa_233k,oracle_tax,26701794284.216,1.39325,17.3,24.2,317.4,300.1,0.0,1385.1,183.7,0.004,0.0,0.0,ours_noinflate,0.953609
h=0.1/q0=0.4/p=1/r=1/sig=0/cf=1,A_core,0.1,0.4,1.0,1.0,0.0,1.0,1.0,bpi2019,autorpa_233k,ours_spend_cap,19165114873.629,1.0,19.1,33.7,14826.5,14343.9,0.0,65942.8,14363.9,0.028,0.0,0.0,ours_noinflate,0.953609
h=0.1/q0=0.4/p=1/r=1/sig=0/cf=1,A_core,0.1,0.4,1.0,1.0,0.0,1.0,1.0,bpi2019,autorpa_233k,ours_cap_epoch,19165114873.629,1.0,19.1,33.7,14826.5,14343.9,0.0,65942.8,14363.9,0.028,0.0,0.0,ours_noinflate,0.953609
h=0.1/q0=0.4/p=1/r=1/sig=0/cf=1,A_core,0.1,0.4,1.0,1.0,0.0,1.0,1.0,bpi2019,autorpa_233k,ours_cap_realized,19165114873.629,1.0,19.1,33.7,14826.5,14343.9,0.0,65942.8,14363.9,0.028,0.0,0.0,ours_noinflate,0.953609
h=0.1/q0=0.4/p=1/r=1/sig=0/cf=1,A_core,0.1,0.4,1.0,1.0,0.0,1.0,1.0,bpi2019,autorpa_233k,ours_pi_prior,25152935098.621,1.312433,18.2,24.0,3924.7,3580.4,0.0,16450.2,3566.5,0.015,0.0,0.0,ours_noinflate,0.953609
h=0.1/q0=0.4/p=1/r=1/sig=0/cf=1,A_core,0.1,0.4,1.0,1.0,0.0,1.0,1.0,bpi2019,autorpa_233k,breakeven,26877000895.848,1.402392,2.8,7.0,853.9,310.1,0.0,1420.3,649.0,0.004,0.0,0.0,ours_noinflate,0.953609
h=0.1/q0=0.4/p=1/r=1/sig=0/cf=1,A_core,0.1,0.4,1.0,1.0,0.0,1.0,1.0,bpi2019,autorpa_233k,breakeven_cap_epoch,26877000895.848,1.402392,2.8,7.0,853.9,310.1,0.0,1420.3,649.0,0.004,0.0,0.0,ours_noinflate,0.953609
h=0.1/q0=0.4/p=1/r=1/sig=0/cf=1,A_core,0.1,0.4,1.0,1.0,0.0,1.0,1.0,bpi2019,autorpa_233k,offline_taxblind,18259566223.091,0.95275,,,,,,,,,,,ours_noinflate,0.953609
h=0.1/q0=0.4/p=1/r=1/sig=0/cf=1,A_core,0.1,0.4,1.0,1.0,0.0,1.0,1.0,bpi2019,autorpa_233k,offline_opt_tax,18632101493.82,0.972188,,,,,,,,,,,ours_noinflate,0.953609
h=0.1/q0=0.4/p=1/r=1/sig=0/cf=1,A_core,0.1,0.4,1.0,1.0,0.0,1.0,1.0,bpi2019,native,always_reactive,26858149732.486,1.650958,0.0,0.0,0.0,0.0,0.0,0.0,0.0,0.003,0.0,0.0,ours_noinflate,0.99518
h=0.1/q0=0.4/p=1/r=1/sig=0/cf=1,A_core,0.1,0.4,1.0,1.0,0.0,1.0,1.0,bpi2019,native,always_compile_evict,16347021524.444,1.004844,21.1,41.8,25427.8,23721.6,0.0,109003.5,23776.5,0.035,0.0,0.0,ours_noinflate,0.99518
h=0.1/q0=0.4/p=1/r=1/sig=0/cf=1,A_core,0.1,0.4,1.0,1.0,0.0,1.0,1.0,bpi2019,native,ours_noinflate,16268221680.412,1.0,18.6,36.0,21150.9,20179.1,0.0,92732.7,19721.2,0.032,0.0,0.0,ours_noinflate,0.99518
h=0.1/q0=0.4/p=1/r=1/sig=0/cf=1,A_core,0.1,0.4,1.0,1.0,0.0,1.0,1.0,bpi2019,native,oracle_tax,26605881611.036,1.635451,26.1,32.7,435.0,408.9,0.0,1881.5,235.7,0.004,0.0,0.0,ours_noinflate,0.99518
h=0.1/q0=0.4/p=1/r=1/sig=0/cf=1,A_core,0.1,0.4,1.0,1.0,0.0,1.0,1.0,bpi2019,native,ours_spend_cap,16268221680.412,1.0,18.6,36.0,21150.9,20179.1,0.0,92732.7,19721.2,0.032,0.0,0.0,ours_noinflate,0.99518
h=0.1/q0=0.4/p=1/r=1/sig=0/cf=1,A_core,0.1,0.4,1.0,1.0,0.0,1.0,1.0,bpi2019,native,ours_cap_epoch,16268221680.412,1.0,18.6,36.0,21150.9,20179.1,0.0,92732.7,19721.2,0.032,0.0,0.0,ours_noinflate,0.99518
h=0.1/q0=0.4/p=1/r=1/sig=0/cf=1,A_core,0.1,0.4,1.0,1.0,0.0,1.0,1.0,bpi2019,native,ours_cap_realized,16268221680.412,1.0,18.6,36.0,21150.9,20179.1,0.0,92732.7,19721.2,0.032,0.0,0.0,ours_noinflate,0.99518
h=0.1/q0=0.4/p=1/r=1/sig=0/cf=1,A_core,0.1,0.4,1.0,1.0,0.0,1.0,1.0,bpi2019,native,ours_pi_prior,16663555731.884,1.024301,17.1,33.1,18445.5,17573.6,0.0,80854.7,17144.0,0.028,0.0,0.0,ours_noinflate,0.99518
h=0.1/q0=0.4/p=1/r=1/sig=0/cf=1,A_core,0.1,0.4,1.0,1.0,0.0,1.0,1.0,bpi2019,native,breakeven,26762991010.915,1.645109,0.2,5.5,1269.2,381.5,0.0,1748.5,873.3,0.004,0.0,0.0,ours_noinflate,0.99518
h=0.1/q0=0.4/p=1/r=1/sig=0/cf=1,A_core,0.1,0.4,1.0,1.0,0.0,1.0,1.0,bpi2019,native,breakeven_cap_epoch,26762991010.915,1.645109,0.2,5.5,1269.2,381.5,0.0,1748.5,873.3,0.004,0.0,0.0,ours_noinflate,0.99518
h=0.1/q0=0.4/p=1/r=1/sig=0/cf=1,A_core,0.1,0.4,1.0,1.0,0.0,1.0,1.0,bpi2019,native,offline_taxblind,15598251430.961,0.958817,,,,,,,,,,,ours_noinflate,0.99518
h=0.1/q0=0.4/p=1/r=1/sig=0/cf=1,A_core,0.1,0.4,1.0,1.0,0.0,1.0,1.0,bpi2019,native,offline_opt_tax,15898092851.868,0.977248,,,,,,,,,,,ours_noinflate,0.99518
h=0.1/q0=0.4/p=1/r=1/sig=0/cf=1,A_core,0.1,0.4,1.0,1.0,0.0,1.0,1.0,sepsis,autorpa_233k,always_reactive,93787502.059,0.999289,0.0,0.0,0.0,0.0,0.0,0.0,0.0,0.004,0.0,0.0,ours_pi_prior,0.965707
h=0.1/q0=0.4/p=1/r=1/sig=0/cf=1,A_core,0.1,0.4,1.0,1.0,0.0,1.0,1.0,sepsis,autorpa_233k,always_compile_evict,96954209.789,1.03303,16.9,18.5,36.6,12.8,0.0,64.2,30.0,0.013,0.0,0.0,ours_pi_prior,0.965707
h=0.1/q0=0.4/p=1/r=1/sig=0/cf=1,A_core,0.1,0.4,1.0,1.0,0.0,1.0,1.0,sepsis,autorpa_233k,ours_noinflate,93854233.57,1.0,3.1,3.8,6.4,1.7,0.0,6.9,4.6,0.005,0.0,0.0,ours_pi_prior,0.965707
h=0.1/q0=0.4/p=1/r=1/sig=0/cf=1,A_core,0.1,0.4,1.0,1.0,0.0,1.0,1.0,sepsis,autorpa_233k,oracle_tax,92507354.233,0.985649,3.9,5.6,10.7,6.8,0.0,36.6,4.2,0.007,0.0,0.0,ours_pi_prior,0.965707
h=0.1/q0=0.4/p=1/r=1/sig=0/cf=1,A_core,0.1,0.4,1.0,1.0,0.0,1.0,1.0,sepsis,autorpa_233k,ours_spend_cap,93854233.57,1.0,3.1,3.8,6.4,1.7,0.0,6.9,4.6,0.005,0.0,0.0,ours_pi_prior,0.965707
h=0.1/q0=0.4/p=1/r=1/sig=0/cf=1,A_core,0.1,0.4,1.0,1.0,0.0,1.0,1.0,sepsis,autorpa_233k,ours_cap_epoch,93854233.57,1.0,3.1,3.8,6.4,1.7,0.0,6.9,4.6,0.005,0.0,0.0,ours_pi_prior,0.965707
h=0.1/q0=0.4/p=1/r=1/sig=0/cf=1,A_core,0.1,0.4,1.0,1.0,0.0,1.0,1.0,sepsis,autorpa_233k,ours_cap_realized,93854233.57,1.0,3.1,3.8,6.4,1.7,0.0,6.9,4.6,0.005,0.0,0.0,ours_pi_prior,0.965707
h=0.1/q0=0.4/p=1/r=1/sig=0/cf=1,A_core,0.1,0.4,1.0,1.0,0.0,1.0,1.0,sepsis,autorpa_233k,ours_pi_prior,93629369.744,0.997604,2.0,2.0,2.8,0.8,0.0,4.4,1.4,0.005,0.0,0.0,ours_pi_prior,0.965707
h=0.1/q0=0.4/p=1/r=1/sig=0/cf=1,A_core,0.1,0.4,1.0,1.0,0.0,1.0,1.0,sepsis,autorpa_233k,breakeven,94030157.874,1.001874,2.8,3.6,6.6,2.7,0.0,14.4,4.1,0.005,0.0,0.0,ours_pi_prior,0.965707
h=0.1/q0=0.4/p=1/r=1/sig=0/cf=1,A_core,0.1,0.4,1.0,1.0,0.0,1.0,1.0,sepsis,autorpa_233k,breakeven_cap_epoch,94030157.874,1.001874,2.8,3.6,6.6,2.7,0.0,14.4,4.1,0.005,0.0,0.0,ours_pi_prior,0.965707
h=0.1/q0=0.4/p=1/r=1/sig=0/cf=1,A_core,0.1,0.4,1.0,1.0,0.0,1.0,1.0,sepsis,autorpa_233k,offline_taxblind,91837227.407,0.978509,,,,,,,,,,,ours_pi_prior,0.965707
h=0.1/q0=0.4/p=1/r=1/sig=0/cf=1,A_core,0.1,0.4,1.0,1.0,0.0,1.0,1.0,sepsis,autorpa_233k,offline_opt_tax,92429647.875,0.984821,,,,,,,,,,,ours_pi_prior,0.965707
h=0.1/q0=0.4/p=1/r=1/sig=0/cf=1,A_core,0.1,0.4,1.0,1.0,0.0,1.0,1.0,sepsis,native,always_reactive,93787502.059,1.022181,0.0,0.0,0.0,0.0,0.0,0.0,0.0,0.004,0.0,0.0,ours_noinflate,0.993352
h=0.1/q0=0.4/p=1/r=1/sig=0/cf=1,A_core,0.1,0.4,1.0,1.0,0.0,1.0,1.0,sepsis,native,always_compile_evict,92366443.339,1.006693,16.6,17.5,36.6,12.8,0.0,64.2,22.1,0.013,0.0,0.0,ours_noinflate,0.993352
h=0.1/q0=0.4/p=1/r=1/sig=0/cf=1,A_core,0.1,0.4,1.0,1.0,0.0,1.0,1.0,sepsis,native,ours_noinflate,91752368.767,1.0,7.3,8.4,18.8,7.9,0.0,41.6,7.8,0.009,0.0,0.0,ours_noinflate,0.993352
h=0.1/q0=0.4/p=1/r=1/sig=0/cf=1,A_core,0.1,0.4,1.0,1.0,0.0,1.0,1.0,sepsis,native,oracle_tax,91075502.569,0.992623,7.2,9.4,17.3,10.1,0.0,50.7,4.7,0.01,0.0,0.0,ours_noinflate,0.993352
h=0.1/q0=0.4/p=1/r=1/sig=0/cf=1,A_core,0.1,0.4,1.0,1.0,0.0,1.0,1.0,sepsis,native,ours_spend_cap,91752368.767,1.0,7.3,8.4,18.8,7.9,0.0,41.6,7.8,0.009,0.0,0.0,ours_noinflate,0.993352
h=0.1/q0=0.4/p=1/r=1/sig=0/cf=1,A_core,0.1,0.4,1.0,1.0,0.0,1.0,1.0,sepsis,native,ours_cap_epoch,91752368.767,1.0,7.3,8.4,18.8,7.9,0.0,41.6,7.8,0.009,0.0,0.0,ours_noinflate,0.993352
h=0.1/q0=0.4/p=1/r=1/sig=0/cf=1,A_core,0.1,0.4,1.0,1.0,0.0,1.0,1.0,sepsis,native,ours_cap_realized,91752368.767,1.0,7.3,8.4,18.8,7.9,0.0,41.6,7.8,0.009,0.0,0.0,ours_noinflate,0.993352
h=0.1/q0=0.4/p=1/r=1/sig=0/cf=1,A_core,0.1,0.4,1.0,1.0,0.0,1.0,1.0,sepsis,native,ours_pi_prior,92023016.945,1.00295,6.5,8.0,17.0,7.7,0.0,40.7,6.9,0.008,0.0,0.0,ours_noinflate,0.993352
h=0.1/q0=0.4/p=1/r=1/sig=0/cf=1,A_core,0.1,0.4,1.0,1.0,0.0,1.0,1.0,sepsis,native,breakeven,92587145.411,1.009098,5.5,7.3,14.8,5.8,0.0,29.1,6.1,0.007,0.0,0.0,ours_noinflate,0.993352
h=0.1/q0=0.4/p=1/r=1/sig=0/cf=1,A_core,0.1,0.4,1.0,1.0,0.0,1.0,1.0,sepsis,native,breakeven_cap_epoch,92587145.411,1.009098,5.5,7.3,14.8,5.8,0.0,29.1,6.1,0.007,0.0,0.0,ours_noinflate,0.993352
h=0.1/q0=0.4/p=1/r=1/sig=0/cf=1,A_core,0.1,0.4,1.0,1.0,0.0,1.0,1.0,sepsis,native,offline_taxblind,88404663.025,0.963514,,,,,,,,,,,ours_noinflate,0.993352
h=0.1/q0=0.4/p=1/r=1/sig=0/cf=1,A_core,0.1,0.4,1.0,1.0,0.0,1.0,1.0,sepsis,native,offline_opt_tax,90001339.168,0.980916,,,,,,,,,,,ours_noinflate,0.993352
h=0.1/q0=0.4/p=1/r=1/sig=0/cf=1,A_core,0.1,0.4,1.0,1.0,0.0,1.0,1.0,wiki_A,autorpa_233k,always_reactive,4770469730.199,1.133852,0.0,0.0,0.0,0.0,0.0,0.0,0.0,0.005,0.0,0.0,always_compile_evict,1.0
h=0.1/q0=0.4/p=1/r=1/sig=0/cf=1,A_core,0.1,0.4,1.0,1.0,0.0,1.0,1.0,wiki_A,autorpa_233k,always_compile_evict,3981612431.356,0.946356,9.1,41.6,6543.9,6259.2,0.0,28790.1,6121.8,0.025,0.0,0.0,always_compile_evict,1.0
h=0.1/q0=0.4/p=1/r=1/sig=0/cf=1,A_core,0.1,0.4,1.0,1.0,0.0,1.0,1.0,wiki_A,autorpa_233k,ours_noinflate,4207310819.012,1.0,4.6,19.6,1127.7,1045.9,0.0,4821.6,859.8,0.014,0.0,0.0,always_compile_evict,1.0
h=0.1/q0=0.4/p=1/r=1/sig=0/cf=1,A_core,0.1,0.4,1.0,1.0,0.0,1.0,1.0,wiki_A,autorpa_233k,oracle_tax,4647021470.972,1.104511,5.0,6.7,273.8,268.8,0.0,1238.8,158.6,0.006,0.0,0.0,always_compile_evict,1.0
h=0.1/q0=0.4/p=1/r=1/sig=0/cf=1,A_core,0.1,0.4,1.0,1.0,0.0,1.0,1.0,wiki_A,autorpa_233k,ours_spend_cap,4207310819.012,1.0,4.6,19.6,1127.7,1045.9,0.0,4821.6,859.8,0.014,0.0,0.0,always_compile_evict,1.0
h=0.1/q0=0.4/p=1/r=1/sig=0/cf=1,A_core,0.1,0.4,1.0,1.0,0.0,1.0,1.0,wiki_A,autorpa_233k,ours_cap_epoch,4207310819.012,1.0,4.6,19.6,1127.7,1045.9,0.0,4821.6,859.8,0.014,0.0,0.0,always_compile_evict,1.0
h=0.1/q0=0.4/p=1/r=1/sig=0/cf=1,A_core,0.1,0.4,1.0,1.0,0.0,1.0,1.0,wiki_A,autorpa_233k,ours_cap_realized,4207310819.012,1.0,4.6,19.6,1127.7,1045.9,0.0,4821.6,859.8,0.014,0.0,0.0,always_compile_evict,1.0
h=0.1/q0=0.4/p=1/r=1/sig=0/cf=1,A_core,0.1,0.4,1.0,1.0,0.0,1.0,1.0,wiki_A,autorpa_233k,ours_pi_prior,4484091256.657,1.065786,0.9,10.1,575.3,526.1,0.0,2414.7,415.2,0.009,0.0,0.0,always_compile_evict,1.0
h=0.1/q0=0.4/p=1/r=1/sig=0/cf=1,A_core,0.1,0.4,1.0,1.0,0.0,1.0,1.0,wiki_A,autorpa_233k,breakeven,4669891527.58,1.109947,0.0,6.2,1326.7,1226.8,0.0,5596.3,1129.9,0.006,0.0,0.0,always_compile_evict,1.0
h=0.1/q0=0.4/p=1/r=1/sig=0/cf=1,A_core,0.1,0.4,1.0,1.0,0.0,1.0,1.0,wiki_A,autorpa_233k,breakeven_cap_epoch,4669891527.58,1.109947,0.0,6.2,1326.7,1226.8,0.0,5596.3,1129.9,0.006,0.0,0.0,always_compile_evict,1.0
h=0.1/q0=0.4/p=1/r=1/sig=0/cf=1,A_core,0.1,0.4,1.0,1.0,0.0,1.0,1.0,wiki_A,autorpa_233k,offline_taxblind,3769416494.965,0.895921,,,,,,,,,,,always_compile_evict,1.0
h=0.1/q0=0.4/p=1/r=1/sig=0/cf=1,A_core,0.1,0.4,1.0,1.0,0.0,1.0,1.0,wiki_A,autorpa_233k,offline_opt_tax,3806575614.528,0.904753,,,,,,,,,,,always_compile_evict,1.0
h=0.1/q0=0.4/p=1/r=1/sig=0/cf=1,A_core,0.1,0.4,1.0,1.0,0.0,1.0,1.0,wiki_A,native,always_reactive,4770469730.199,1.492421,0.0,0.0,0.0,0.0,0.0,0.0,0.0,0.005,0.0,0.0,ours_noinflate,0.997835
h=0.1/q0=0.4/p=1/r=1/sig=0/cf=1,A_core,0.1,0.4,1.0,1.0,0.0,1.0,1.0,wiki_A,native,always_compile_evict,3203399653.956,1.00217,6.5,31.1,6543.9,6259.2,0.0,28790.1,5878.0,0.022,0.0,0.0,ours_noinflate,0.997835
h=0.1/q0=0.4/p=1/r=1/sig=0/cf=1,A_core,0.1,0.4,1.0,1.0,0.0,1.0,1.0,wiki_A,native,ours_noinflate,3196463441.665,1.0,6.2,25.8,5897.4,5730.5,0.0,26374.4,5273.3,0.02,0.0,0.0,ours_noinflate,0.997835
h=0.1/q0=0.4/p=1/r=1/sig=0/cf=1,A_core,0.1,0.4,1.0,1.0,0.0,1.0,1.0,wiki_A,native,oracle_tax,4581505060.326,1.433304,8.2,9.3,362.5,354.3,0.0,1634.5,202.9,0.006,0.0,0.0,ours_noinflate,0.997835
h=0.1/q0=0.4/p=1/r=1/sig=0/cf=1,A_core,0.1,0.4,1.0,1.0,0.0,1.0,1.0,wiki_A,native,ours_spend_cap,3196463441.665,1.0,6.2,25.8,5897.4,5730.5,0.0,26374.4,5273.3,0.02,0.0,0.0,ours_noinflate,0.997835
h=0.1/q0=0.4/p=1/r=1/sig=0/cf=1,A_core,0.1,0.4,1.0,1.0,0.0,1.0,1.0,wiki_A,native,ours_cap_epoch,3196463441.665,1.0,6.2,25.8,5897.4,5730.5,0.0,26374.4,5273.3,0.02,0.0,0.0,ours_noinflate,0.997835
h=0.1/q0=0.4/p=1/r=1/sig=0/cf=1,A_core,0.1,0.4,1.0,1.0,0.0,1.0,1.0,wiki_A,native,ours_cap_realized,3196463441.665,1.0,6.2,25.8,5897.4,5730.5,0.0,26374.4,5273.3,0.02,0.0,0.0,ours_noinflate,0.997835
h=0.1/q0=0.4/p=1/r=1/sig=0/cf=1,A_core,0.1,0.4,1.0,1.0,0.0,1.0,1.0,wiki_A,native,ours_pi_prior,3218300670.883,1.006832,5.5,24.0,5752.9,5589.7,0.0,25749.2,5179.0,0.02,0.0,0.0,ours_noinflate,0.997835
h=0.1/q0=0.4/p=1/r=1/sig=0/cf=1,A_core,0.1,0.4,1.0,1.0,0.0,1.0,1.0,wiki_A,native,breakeven,4477949318.143,1.400907,0.9,7.4,1686.5,1527.5,0.0,6977.9,1384.6,0.006,0.0,0.0,ours_noinflate,0.997835
h=0.1/q0=0.4/p=1/r=1/sig=0/cf=1,A_core,0.1,0.4,1.0,1.0,0.0,1.0,1.0,wiki_A,native,breakeven_cap_epoch,4477949318.143,1.400907,0.9,7.4,1686.5,1527.5,0.0,6977.9,1384.6,0.006,0.0,0.0,ours_noinflate,0.997835
h=0.1/q0=0.4/p=1/r=1/sig=0/cf=1,A_core,0.1,0.4,1.0,1.0,0.0,1.0,1.0,wiki_A,native,offline_taxblind,3114128561.062,0.974242,,,,,,,,,,,ours_noinflate,0.997835
h=0.1/q0=0.4/p=1/r=1/sig=0/cf=1,A_core,0.1,0.4,1.0,1.0,0.0,1.0,1.0,wiki_A,native,offline_opt_tax,3142569174.93,0.983139,,,,,,,,,,,ours_noinflate,0.997835
h=0.1/q0=0.4/p=1/r=1/sig=0/cf=1,A_core,0.1,0.4,1.0,1.0,0.0,1.0,1.0,wiki_B,autorpa_233k,always_reactive,8991713899.193,1.037277,0.0,0.0,0.0,0.0,0.0,0.0,0.0,0.004,0.0,0.0,ours_noinflate,0.949162
h=0.1/q0=0.4/p=1/r=1/sig=0/cf=1,A_core,0.1,0.4,1.0,1.0,0.0,1.0,1.0,wiki_B,autorpa_233k,always_compile_evict,9132867206.351,1.053561,58.5,76.8,4417.2,2859.2,0.0,12928.8,4002.8,0.052,0.0,0.0,ours_noinflate,0.949162
h=0.1/q0=0.4/p=1/r=1/sig=0/cf=1,A_core,0.1,0.4,1.0,1.0,0.0,1.0,1.0,wiki_B,autorpa_233k,ours_noinflate,8668573068.658,1.0,21.3,31.6,1373.7,972.3,0.0,4469.5,1093.2,0.022,0.0,0.0,ours_noinflate,0.949162
h=0.1/q0=0.4/p=1/r=1/sig=0/cf=1,A_core,0.1,0.4,1.0,1.0,0.0,1.0,1.0,wiki_B,autorpa_233k,oracle_tax,8981931489.445,1.036149,11.2,14.3,47.1,35.9,0.0,167.0,20.8,0.005,0.0,0.0,ours_noinflate,0.949162
h=0.1/q0=0.4/p=1/r=1/sig=0/cf=1,A_core,0.1,0.4,1.0,1.0,0.0,1.0,1.0,wiki_B,autorpa_233k,ours_spend_cap,8668573068.658,1.0,21.3,31.6,1373.7,972.3,0.0,4469.5,1093.2,0.022,0.0,0.0,ours_noinflate,0.949162
h=0.1/q0=0.4/p=1/r=1/sig=0/cf=1,A_core,0.1,0.4,1.0,1.0,0.0,1.0,1.0,wiki_B,autorpa_233k,ours_cap_epoch,8668573068.658,1.0,21.3,31.6,1373.7,972.3,0.0,4469.5,1093.2,0.022,0.0,0.0,ours_noinflate,0.949162
h=0.1/q0=0.4/p=1/r=1/sig=0/cf=1,A_core,0.1,0.4,1.0,1.0,0.0,1.0,1.0,wiki_B,autorpa_233k,ours_cap_realized,8668573068.658,1.0,21.3,31.6,1373.7,972.3,0.0,4469.5,1093.2,0.022,0.0,0.0,ours_noinflate,0.949162
h=0.1/q0=0.4/p=1/r=1/sig=0/cf=1,A_core,0.1,0.4,1.0,1.0,0.0,1.0,1.0,wiki_B,autorpa_233k,ours_pi_prior,8745274566.404,1.008848,14.4,24.2,1023.6,727.1,0.0,3342.9,818.2,0.016,0.0,0.0,ours_noinflate,0.949162
h=0.1/q0=0.4/p=1/r=1/sig=0/cf=1,A_core,0.1,0.4,1.0,1.0,0.0,1.0,1.0,wiki_B,autorpa_233k,breakeven,9020354993.414,1.040581,1.8,7.9,562.3,200.7,0.0,923.6,451.5,0.006,0.0,0.0,ours_noinflate,0.949162
h=0.1/q0=0.4/p=1/r=1/sig=0/cf=1,A_core,0.1,0.4,1.0,1.0,0.0,1.0,1.0,wiki_B,autorpa_233k,breakeven_cap_epoch,9020354993.414,1.040581,1.8,7.9,562.3,200.7,0.0,923.6,451.5,0.006,0.0,0.0,ours_noinflate,0.949162
h=0.1/q0=0.4/p=1/r=1/sig=0/cf=1,A_core,0.1,0.4,1.0,1.0,0.0,1.0,1.0,wiki_B,autorpa_233k,offline_taxblind,8325683309.902,0.960444,,,,,,,,,,,ours_noinflate,0.949162
h=0.1/q0=0.4/p=1/r=1/sig=0/cf=1,A_core,0.1,0.4,1.0,1.0,0.0,1.0,1.0,wiki_B,autorpa_233k,offline_opt_tax,8439321125.08,0.973554,,,,,,,,,,,ours_noinflate,0.949162
h=0.1/q0=0.4/p=1/r=1/sig=0/cf=1,A_core,0.1,0.4,1.0,1.0,0.0,1.0,1.0,wiki_B,native,always_reactive,8991713899.193,1.081034,0.0,0.0,0.0,0.0,0.0,0.0,0.0,0.004,0.0,0.0,ours_noinflate,0.992417
h=0.1/q0=0.4/p=1/r=1/sig=0/cf=1,A_core,0.1,0.4,1.0,1.0,0.0,1.0,1.0,wiki_B,native,always_compile_evict,8381252629.402,1.007641,31.1,49.2,4417.2,2859.2,0.0,12928.8,3473.3,0.033,0.0,0.0,ours_noinflate,0.992417
h=0.1/q0=0.4/p=1/r=1/sig=0/cf=1,A_core,0.1,0.4,1.0,1.0,0.0,1.0,1.0,wiki_B,native,ours_noinflate,8317700736.046,1.0,23.3,42.3,3107.3,2222.7,0.0,10077.1,2280.1,0.027,0.0,0.0,ours_noinflate,0.992417
h=0.1/q0=0.4/p=1/r=1/sig=0/cf=1,A_core,0.1,0.4,1.0,1.0,0.0,1.0,1.0,wiki_B,native,oracle_tax,8968242071.855,1.078212,23.4,25.1,102.6,79.2,0.0,345.0,46.7,0.005,0.0,0.0,ours_noinflate,0.992417
h=0.1/q0=0.4/p=1/r=1/sig=0/cf=1,A_core,0.1,0.4,1.0,1.0,0.0,1.0,1.0,wiki_B,native,ours_spend_cap,8317700736.046,1.0,23.3,42.3,3107.3,2222.7,0.0,10077.1,2280.1,0.027,0.0,0.0,ours_noinflate,0.992417
h=0.1/q0=0.4/p=1/r=1/sig=0/cf=1,A_core,0.1,0.4,1.0,1.0,0.0,1.0,1.0,wiki_B,native,ours_cap_epoch,8317700736.046,1.0,23.3,42.3,3107.3,2222.7,0.0,10077.1,2280.1,0.027,0.0,0.0,ours_noinflate,0.992417
h=0.1/q0=0.4/p=1/r=1/sig=0/cf=1,A_core,0.1,0.4,1.0,1.0,0.0,1.0,1.0,wiki_B,native,ours_cap_realized,8317700736.046,1.0,23.3,42.3,3107.3,2222.7,0.0,10077.1,2280.1,0.027,0.0,0.0,ours_noinflate,0.992417
h=0.1/q0=0.4/p=1/r=1/sig=0/cf=1,A_core,0.1,0.4,1.0,1.0,0.0,1.0,1.0,wiki_B,native,ours_pi_prior,8351997927.733,1.004123,21.8,37.0,2719.4,1901.7,0.0,8672.3,1944.5,0.024,0.0,0.0,ours_noinflate,0.992417
h=0.1/q0=0.4/p=1/r=1/sig=0/cf=1,A_core,0.1,0.4,1.0,1.0,0.0,1.0,1.0,wiki_B,native,breakeven,8962296304.602,1.077497,1.2,8.3,948.8,251.4,0.0,1135.7,729.2,0.006,0.0,0.0,ours_noinflate,0.992417
h=0.1/q0=0.4/p=1/r=1/sig=0/cf=1,A_core,0.1,0.4,1.0,1.0,0.0,1.0,1.0,wiki_B,native,breakeven_cap_epoch,8962296304.602,1.077497,1.2,8.3,948.8,251.4,0.0,1135.7,729.2,0.006,0.0,0.0,ours_noinflate,0.992417
h=0.1/q0=0.4/p=1/r=1/sig=0/cf=1,A_core,0.1,0.4,1.0,1.0,0.0,1.0,1.0,wiki_B,native,offline_taxblind,7931500007.388,0.953569,,,,,,,,,,,ours_noinflate,0.992417
h=0.1/q0=0.4/p=1/r=1/sig=0/cf=1,A_core,0.1,0.4,1.0,1.0,0.0,1.0,1.0,wiki_B,native,offline_opt_tax,8020819531.281,0.964307,,,,,,,,,,,ours_noinflate,0.992417
h=0.1/q0=0.4/p=1/r=2.2/sig=0/cf=1,C_rfb,0.1,0.4,1.0,2.2,0.0,1.0,1.0,bpi2019,autorpa_233k,always_reactive,26858149732.486,1.0,0.0,0.0,0.0,0.0,0.0,0.0,0.0,0.003,0.0,0.0,always_reactive,0.786743
h=0.1/q0=0.4/p=1/r=2.2/sig=0/cf=1,C_rfb,0.1,0.4,1.0,2.2,0.0,1.0,1.0,bpi2019,autorpa_233k,always_compile_evict,34138408694.82,1.271063,42.1,69.4,25427.8,23721.6,0.0,109003.5,25427.8,0.03,0.0,0.0,always_reactive,0.786743
h=0.1/q0=0.4/p=1/r=2.2/sig=0/cf=1,C_rfb,0.1,0.4,1.0,2.2,0.0,1.0,1.0,bpi2019,autorpa_233k,ours_noinflate,26858149732.486,1.0,0.0,0.0,0.0,0.0,0.0,0.0,0.0,0.003,0.0,0.0,always_reactive,0.786743
h=0.1/q0=0.4/p=1/r=2.2/sig=0/cf=1,C_rfb,0.1,0.4,1.0,2.2,0.0,1.0,1.0,bpi2019,autorpa_233k,oracle_tax,26858149732.486,1.0,0.0,0.0,0.0,0.0,0.0,0.0,0.0,0.003,0.0,0.0,always_reactive,0.786743
h=0.1/q0=0.4/p=1/r=2.2/sig=0/cf=1,C_rfb,0.1,0.4,1.0,2.2,0.0,1.0,1.0,bpi2019,autorpa_233k,ours_spend_cap,26858149732.486,1.0,0.0,0.0,0.0,0.0,0.0,0.0,0.0,0.003,0.0,0.0,always_reactive,0.786743
h=0.1/q0=0.4/p=1/r=2.2/sig=0/cf=1,C_rfb,0.1,0.4,1.0,2.2,0.0,1.0,1.0,bpi2019,autorpa_233k,ours_cap_epoch,26858149732.486,1.0,0.0,0.0,0.0,0.0,0.0,0.0,0.0,0.003,0.0,0.0,always_reactive,0.786743
h=0.1/q0=0.4/p=1/r=2.2/sig=0/cf=1,C_rfb,0.1,0.4,1.0,2.2,0.0,1.0,1.0,bpi2019,autorpa_233k,ours_cap_realized,26858149732.486,1.0,0.0,0.0,0.0,0.0,0.0,0.0,0.0,0.003,0.0,0.0,always_reactive,0.786743
h=0.1/q0=0.4/p=1/r=2.2/sig=0/cf=1,C_rfb,0.1,0.4,1.0,2.2,0.0,1.0,1.0,bpi2019,autorpa_233k,ours_pi_prior,26858149732.486,1.0,0.0,0.0,0.0,0.0,0.0,0.0,0.0,0.003,0.0,0.0,always_reactive,0.786743
h=0.1/q0=0.4/p=1/r=2.2/sig=0/cf=1,C_rfb,0.1,0.4,1.0,2.2,0.0,1.0,1.0,bpi2019,autorpa_233k,breakeven,26858149732.486,1.0,0.0,0.0,0.0,0.0,0.0,0.0,0.0,0.003,0.0,0.0,always_reactive,0.786743
h=0.1/q0=0.4/p=1/r=2.2/sig=0/cf=1,C_rfb,0.1,0.4,1.0,2.2,0.0,1.0,1.0,bpi2019,autorpa_233k,breakeven_cap_epoch,26858149732.486,1.0,0.0,0.0,0.0,0.0,0.0,0.0,0.0,0.003,0.0,0.0,always_reactive,0.786743
h=0.1/q0=0.4/p=1/r=2.2/sig=0/cf=1,C_rfb,0.1,0.4,1.0,2.2,0.0,1.0,1.0,bpi2019,autorpa_233k,offline_taxblind,26858149732.495,1.0,,,,,,,,,,,always_reactive,0.786743
h=0.1/q0=0.4/p=1/r=2.2/sig=0/cf=1,C_rfb,0.1,0.4,1.0,2.2,0.0,1.0,1.0,bpi2019,autorpa_233k,offline_opt_tax,26858149732.495,1.0,,,,,,,,,,,always_reactive,0.786743
h=0.1/q0=0.4/p=1/r=2.2/sig=0/cf=1,C_rfb,0.1,0.4,1.0,2.2,0.0,1.0,1.0,bpi2019,native,always_reactive,26858149732.486,1.0,0.0,0.0,0.0,0.0,0.0,0.0,0.0,0.003,0.0,0.0,always_reactive,0.883842
h=0.1/q0=0.4/p=1/r=2.2/sig=0/cf=1,C_rfb,0.1,0.4,1.0,2.2,0.0,1.0,1.0,bpi2019,native,always_compile_evict,30387963798.116,1.131424,21.1,41.8,25427.8,23721.6,0.0,109003.5,25427.8,0.019,0.0,0.0,always_reactive,0.883842
h=0.1/q0=0.4/p=1/r=2.2/sig=0/cf=1,C_rfb,0.1,0.4,1.0,2.2,0.0,1.0,1.0,bpi2019,native,ours_noinflate,26858149732.486,1.0,0.0,0.0,0.0,0.0,0.0,0.0,0.0,0.003,0.0,0.0,always_reactive,0.883842
h=0.1/q0=0.4/p=1/r=2.2/sig=0/cf=1,C_rfb,0.1,0.4,1.0,2.2,0.0,1.0,1.0,bpi2019,native,oracle_tax,26858149732.486,1.0,0.0,0.0,0.0,0.0,0.0,0.0,0.0,0.003,0.0,0.0,always_reactive,0.883842
h=0.1/q0=0.4/p=1/r=2.2/sig=0/cf=1,C_rfb,0.1,0.4,1.0,2.2,0.0,1.0,1.0,bpi2019,native,ours_spend_cap,26858149732.486,1.0,0.0,0.0,0.0,0.0,0.0,0.0,0.0,0.003,0.0,0.0,always_reactive,0.883842
h=0.1/q0=0.4/p=1/r=2.2/sig=0/cf=1,C_rfb,0.1,0.4,1.0,2.2,0.0,1.0,1.0,bpi2019,native,ours_cap_epoch,26858149732.486,1.0,0.0,0.0,0.0,0.0,0.0,0.0,0.0,0.003,0.0,0.0,always_reactive,0.883842
h=0.1/q0=0.4/p=1/r=2.2/sig=0/cf=1,C_rfb,0.1,0.4,1.0,2.2,0.0,1.0,1.0,bpi2019,native,ours_cap_realized,26858149732.486,1.0,0.0,0.0,0.0,0.0,0.0,0.0,0.0,0.003,0.0,0.0,always_reactive,0.883842
h=0.1/q0=0.4/p=1/r=2.2/sig=0/cf=1,C_rfb,0.1,0.4,1.0,2.2,0.0,1.0,1.0,bpi2019,native,ours_pi_prior,26858149732.486,1.0,0.0,0.0,0.0,0.0,0.0,0.0,0.0,0.003,0.0,0.0,always_reactive,0.883842
h=0.1/q0=0.4/p=1/r=2.2/sig=0/cf=1,C_rfb,0.1,0.4,1.0,2.2,0.0,1.0,1.0,bpi2019,native,breakeven,26858149732.486,1.0,0.0,0.0,0.0,0.0,0.0,0.0,0.0,0.003,0.0,0.0,always_reactive,0.883842
h=0.1/q0=0.4/p=1/r=2.2/sig=0/cf=1,C_rfb,0.1,0.4,1.0,2.2,0.0,1.0,1.0,bpi2019,native,breakeven_cap_epoch,26858149732.486,1.0,0.0,0.0,0.0,0.0,0.0,0.0,0.0,0.003,0.0,0.0,always_reactive,0.883842
h=0.1/q0=0.4/p=1/r=2.2/sig=0/cf=1,C_rfb,0.1,0.4,1.0,2.2,0.0,1.0,1.0,bpi2019,native,offline_taxblind,26858149732.495,1.0,,,,,,,,,,,always_reactive,0.883842
h=0.1/q0=0.4/p=1/r=2.2/sig=0/cf=1,C_rfb,0.1,0.4,1.0,2.2,0.0,1.0,1.0,bpi2019,native,offline_opt_tax,26858149732.495,1.0,,,,,,,,,,,always_reactive,0.883842
h=0.1/q0=0.4/p=1/r=2.2/sig=0/cf=1,C_rfb,0.1,0.4,1.0,2.2,0.0,1.0,1.0,sepsis,autorpa_233k,always_reactive,93787502.059,1.0,0.0,0.0,0.0,0.0,0.0,0.0,0.0,0.004,0.0,0.0,always_reactive,0.909068
h=0.1/q0=0.4/p=1/r=2.2/sig=0/cf=1,C_rfb,0.1,0.4,1.0,2.2,0.0,1.0,1.0,sepsis,autorpa_233k,always_compile_evict,103168803.136,1.100027,16.9,18.5,36.6,12.8,0.0,64.2,36.6,0.012,0.0,0.0,always_reactive,0.909068
h=0.1/q0=0.4/p=1/r=2.2/sig=0/cf=1,C_rfb,0.1,0.4,1.0,2.2,0.0,1.0,1.0,sepsis,autorpa_233k,ours_noinflate,93787502.059,1.0,0.0,0.0,0.0,0.0,0.0,0.0,0.0,0.004,0.0,0.0,always_reactive,0.909068
h=0.1/q0=0.4/p=1/r=2.2/sig=0/cf=1,C_rfb,0.1,0.4,1.0,2.2,0.0,1.0,1.0,sepsis,autorpa_233k,oracle_tax,93787502.059,1.0,0.0,0.0,0.0,0.0,0.0,0.0,0.0,0.004,0.0,0.0,always_reactive,0.909068
h=0.1/q0=0.4/p=1/r=2.2/sig=0/cf=1,C_rfb,0.1,0.4,1.0,2.2,0.0,1.0,1.0,sepsis,autorpa_233k,ours_spend_cap,93787502.059,1.0,0.0,0.0,0.0,0.0,0.0,0.0,0.0,0.004,0.0,0.0,always_reactive,0.909068
h=0.1/q0=0.4/p=1/r=2.2/sig=0/cf=1,C_rfb,0.1,0.4,1.0,2.2,0.0,1.0,1.0,sepsis,autorpa_233k,ours_cap_epoch,93787502.059,1.0,0.0,0.0,0.0,0.0,0.0,0.0,0.0,0.004,0.0,0.0,always_reactive,0.909068
h=0.1/q0=0.4/p=1/r=2.2/sig=0/cf=1,C_rfb,0.1,0.4,1.0,2.2,0.0,1.0,1.0,sepsis,autorpa_233k,ours_cap_realized,93787502.059,1.0,0.0,0.0,0.0,0.0,0.0,0.0,0.0,0.004,0.0,0.0,always_reactive,0.909068
h=0.1/q0=0.4/p=1/r=2.2/sig=0/cf=1,C_rfb,0.1,0.4,1.0,2.2,0.0,1.0,1.0,sepsis,autorpa_233k,ours_pi_prior,93787502.059,1.0,0.0,0.0,0.0,0.0,0.0,0.0,0.0,0.004,0.0,0.0,always_reactive,0.909068
h=0.1/q0=0.4/p=1/r=2.2/sig=0/cf=1,C_rfb,0.1,0.4,1.0,2.2,0.0,1.0,1.0,sepsis,autorpa_233k,breakeven,93787502.059,1.0,0.0,0.0,0.0,0.0,0.0,0.0,0.0,0.004,0.0,0.0,always_reactive,0.909068
h=0.1/q0=0.4/p=1/r=2.2/sig=0/cf=1,C_rfb,0.1,0.4,1.0,2.2,0.0,1.0,1.0,sepsis,autorpa_233k,breakeven_cap_epoch,93787502.059,1.0,0.0,0.0,0.0,0.0,0.0,0.0,0.0,0.004,0.0,0.0,always_reactive,0.909068
h=0.1/q0=0.4/p=1/r=2.2/sig=0/cf=1,C_rfb,0.1,0.4,1.0,2.2,0.0,1.0,1.0,sepsis,autorpa_233k,offline_taxblind,93787502.059,1.0,,,,,,,,,,,always_reactive,0.909068
h=0.1/q0=0.4/p=1/r=2.2/sig=0/cf=1,C_rfb,0.1,0.4,1.0,2.2,0.0,1.0,1.0,sepsis,autorpa_233k,offline_opt_tax,93787502.059,1.0,,,,,,,,,,,always_reactive,0.909068
h=0.1/q0=0.4/p=1/r=2.2/sig=0/cf=1,C_rfb,0.1,0.4,1.0,2.2,0.0,1.0,1.0,sepsis,native,always_reactive,93787502.059,1.0,0.0,0.0,0.0,0.0,0.0,0.0,0.0,0.004,0.0,0.0,always_reactive,0.951375
h=0.1/q0=0.4/p=1/r=2.2/sig=0/cf=1,C_rfb,0.1,0.4,1.0,2.2,0.0,1.0,1.0,sepsis,native,always_compile_evict,98581036.686,1.051111,16.6,17.5,36.6,12.8,0.0,64.2,36.6,0.012,0.0,0.0,always_reactive,0.951375
h=0.1/q0=0.4/p=1/r=2.2/sig=0/cf=1,C_rfb,0.1,0.4,1.0,2.2,0.0,1.0,1.0,sepsis,native,ours_noinflate,93787502.059,1.0,0.0,0.0,0.0,0.0,0.0,0.0,0.0,0.004,0.0,0.0,always_reactive,0.951375
h=0.1/q0=0.4/p=1/r=2.2/sig=0/cf=1,C_rfb,0.1,0.4,1.0,2.2,0.0,1.0,1.0,sepsis,native,oracle_tax,93787502.059,1.0,0.0,0.0,0.0,0.0,0.0,0.0,0.0,0.004,0.0,0.0,always_reactive,0.951375
h=0.1/q0=0.4/p=1/r=2.2/sig=0/cf=1,C_rfb,0.1,0.4,1.0,2.2,0.0,1.0,1.0,sepsis,native,ours_spend_cap,93787502.059,1.0,0.0,0.0,0.0,0.0,0.0,0.0,0.0,0.004,0.0,0.0,always_reactive,0.951375
h=0.1/q0=0.4/p=1/r=2.2/sig=0/cf=1,C_rfb,0.1,0.4,1.0,2.2,0.0,1.0,1.0,sepsis,native,ours_cap_epoch,93787502.059,1.0,0.0,0.0,0.0,0.0,0.0,0.0,0.0,0.004,0.0,0.0,always_reactive,0.951375
h=0.1/q0=0.4/p=1/r=2.2/sig=0/cf=1,C_rfb,0.1,0.4,1.0,2.2,0.0,1.0,1.0,sepsis,native,ours_cap_realized,93787502.059,1.0,0.0,0.0,0.0,0.0,0.0,0.0,0.0,0.004,0.0,0.0,always_reactive,0.951375
h=0.1/q0=0.4/p=1/r=2.2/sig=0/cf=1,C_rfb,0.1,0.4,1.0,2.2,0.0,1.0,1.0,sepsis,native,ours_pi_prior,93787502.059,1.0,0.0,0.0,0.0,0.0,0.0,0.0,0.0,0.004,0.0,0.0,always_reactive,0.951375
h=0.1/q0=0.4/p=1/r=2.2/sig=0/cf=1,C_rfb,0.1,0.4,1.0,2.2,0.0,1.0,1.0,sepsis,native,breakeven,93787502.059,1.0,0.0,0.0,0.0,0.0,0.0,0.0,0.0,0.004,0.0,0.0,always_reactive,0.951375
h=0.1/q0=0.4/p=1/r=2.2/sig=0/cf=1,C_rfb,0.1,0.4,1.0,2.2,0.0,1.0,1.0,sepsis,native,breakeven_cap_epoch,93787502.059,1.0,0.0,0.0,0.0,0.0,0.0,0.0,0.0,0.004,0.0,0.0,always_reactive,0.951375
h=0.1/q0=0.4/p=1/r=2.2/sig=0/cf=1,C_rfb,0.1,0.4,1.0,2.2,0.0,1.0,1.0,sepsis,native,offline_taxblind,93787502.059,1.0,,,,,,,,,,,always_reactive,0.951375
h=0.1/q0=0.4/p=1/r=2.2/sig=0/cf=1,C_rfb,0.1,0.4,1.0,2.2,0.0,1.0,1.0,sepsis,native,offline_opt_tax,93787502.059,1.0,,,,,,,,,,,always_reactive,0.951375
h=0.1/q0=0.4/p=1/r=2.2/sig=0/cf=1,C_rfb,0.1,0.4,1.0,2.2,0.0,1.0,1.0,wiki_A,autorpa_233k,always_reactive,4770469730.199,1.0,0.0,0.0,0.0,0.0,0.0,0.0,0.0,0.005,0.0,0.0,always_reactive,0.739301
h=0.1/q0=0.4/p=1/r=2.2/sig=0/cf=1,C_rfb,0.1,0.4,1.0,2.2,0.0,1.0,1.0,wiki_A,autorpa_233k,always_compile_evict,6452672333.884,1.352628,9.1,41.6,6543.9,6259.2,0.0,28790.1,6543.9,0.016,0.0,0.0,always_reactive,0.739301
h=0.1/q0=0.4/p=1/r=2.2/sig=0/cf=1,C_rfb,0.1,0.4,1.0,2.2,0.0,1.0,1.0,wiki_A,autorpa_233k,ours_noinflate,4770469730.199,1.0,0.0,0.0,0.0,0.0,0.0,0.0,0.0,0.005,0.0,0.0,always_reactive,0.739301
h=0.1/q0=0.4/p=1/r=2.2/sig=0/cf=1,C_rfb,0.1,0.4,1.0,2.2,0.0,1.0,1.0,wiki_A,autorpa_233k,oracle_tax,4770469730.199,1.0,0.0,0.0,0.0,0.0,0.0,0.0,0.0,0.005,0.0,0.0,always_reactive,0.739301
h=0.1/q0=0.4/p=1/r=2.2/sig=0/cf=1,C_rfb,0.1,0.4,1.0,2.2,0.0,1.0,1.0,wiki_A,autorpa_233k,ours_spend_cap,4770469730.199,1.0,0.0,0.0,0.0,0.0,0.0,0.0,0.0,0.005,0.0,0.0,always_reactive,0.739301
h=0.1/q0=0.4/p=1/r=2.2/sig=0/cf=1,C_rfb,0.1,0.4,1.0,2.2,0.0,1.0,1.0,wiki_A,autorpa_233k,ours_cap_epoch,4770469730.199,1.0,0.0,0.0,0.0,0.0,0.0,0.0,0.0,0.005,0.0,0.0,always_reactive,0.739301
h=0.1/q0=0.4/p=1/r=2.2/sig=0/cf=1,C_rfb,0.1,0.4,1.0,2.2,0.0,1.0,1.0,wiki_A,autorpa_233k,ours_cap_realized,4770469730.199,1.0,0.0,0.0,0.0,0.0,0.0,0.0,0.0,0.005,0.0,0.0,always_reactive,0.739301
h=0.1/q0=0.4/p=1/r=2.2/sig=0/cf=1,C_rfb,0.1,0.4,1.0,2.2,0.0,1.0,1.0,wiki_A,autorpa_233k,ours_pi_prior,4770469730.199,1.0,0.0,0.0,0.0,0.0,0.0,0.0,0.0,0.005,0.0,0.0,always_reactive,0.739301
h=0.1/q0=0.4/p=1/r=2.2/sig=0/cf=1,C_rfb,0.1,0.4,1.0,2.2,0.0,1.0,1.0,wiki_A,autorpa_233k,breakeven,4770469730.199,1.0,0.0,0.0,0.0,0.0,0.0,0.0,0.0,0.005,0.0,0.0,always_reactive,0.739301
h=0.1/q0=0.4/p=1/r=2.2/sig=0/cf=1,C_rfb,0.1,0.4,1.0,2.2,0.0,1.0,1.0,wiki_A,autorpa_233k,breakeven_cap_epoch,4770469730.199,1.0,0.0,0.0,0.0,0.0,0.0,0.0,0.0,0.005,0.0,0.0,always_reactive,0.739301
h=0.1/q0=0.4/p=1/r=2.2/sig=0/cf=1,C_rfb,0.1,0.4,1.0,2.2,0.0,1.0,1.0,wiki_A,autorpa_233k,offline_taxblind,4770469730.199,1.0,,,,,,,,,,,always_reactive,0.739301
h=0.1/q0=0.4/p=1/r=2.2/sig=0/cf=1,C_rfb,0.1,0.4,1.0,2.2,0.0,1.0,1.0,wiki_A,autorpa_233k,offline_opt_tax,4770469730.199,1.0,,,,,,,,,,,always_reactive,0.739301
h=0.1/q0=0.4/p=1/r=2.2/sig=0/cf=1,C_rfb,0.1,0.4,1.0,2.2,0.0,1.0,1.0,wiki_A,native,always_reactive,4770469730.199,1.0,0.0,0.0,0.0,0.0,0.0,0.0,0.0,0.005,0.0,0.0,always_reactive,0.840691
h=0.1/q0=0.4/p=1/r=2.2/sig=0/cf=1,C_rfb,0.1,0.4,1.0,2.2,0.0,1.0,1.0,wiki_A,native,always_compile_evict,5674459556.484,1.189497,6.5,31.1,6543.9,6259.2,0.0,28790.1,6543.9,0.013,0.0,0.0,always_reactive,0.840691
h=0.1/q0=0.4/p=1/r=2.2/sig=0/cf=1,C_rfb,0.1,0.4,1.0,2.2,0.0,1.0,1.0,wiki_A,native,ours_noinflate,4770469730.199,1.0,0.0,0.0,0.0,0.0,0.0,0.0,0.0,0.005,0.0,0.0,always_reactive,0.840691
h=0.1/q0=0.4/p=1/r=2.2/sig=0/cf=1,C_rfb,0.1,0.4,1.0,2.2,0.0,1.0,1.0,wiki_A,native,oracle_tax,4770469730.199,1.0,0.0,0.0,0.0,0.0,0.0,0.0,0.0,0.005,0.0,0.0,always_reactive,0.840691
h=0.1/q0=0.4/p=1/r=2.2/sig=0/cf=1,C_rfb,0.1,0.4,1.0,2.2,0.0,1.0,1.0,wiki_A,native,ours_spend_cap,4770469730.199,1.0,0.0,0.0,0.0,0.0,0.0,0.0,0.0,0.005,0.0,0.0,always_reactive,0.840691
h=0.1/q0=0.4/p=1/r=2.2/sig=0/cf=1,C_rfb,0.1,0.4,1.0,2.2,0.0,1.0,1.0,wiki_A,native,ours_cap_epoch,4770469730.199,1.0,0.0,0.0,0.0,0.0,0.0,0.0,0.0,0.005,0.0,0.0,always_reactive,0.840691
h=0.1/q0=0.4/p=1/r=2.2/sig=0/cf=1,C_rfb,0.1,0.4,1.0,2.2,0.0,1.0,1.0,wiki_A,native,ours_cap_realized,4770469730.199,1.0,0.0,0.0,0.0,0.0,0.0,0.0,0.0,0.005,0.0,0.0,always_reactive,0.840691
h=0.1/q0=0.4/p=1/r=2.2/sig=0/cf=1,C_rfb,0.1,0.4,1.0,2.2,0.0,1.0,1.0,wiki_A,native,ours_pi_prior,4770469730.199,1.0,0.0,0.0,0.0,0.0,0.0,0.0,0.0,0.005,0.0,0.0,always_reactive,0.840691
h=0.1/q0=0.4/p=1/r=2.2/sig=0/cf=1,C_rfb,0.1,0.4,1.0,2.2,0.0,1.0,1.0,wiki_A,native,breakeven,4770469730.199,1.0,0.0,0.0,0.0,0.0,0.0,0.0,0.0,0.005,0.0,0.0,always_reactive,0.840691
h=0.1/q0=0.4/p=1/r=2.2/sig=0/cf=1,C_rfb,0.1,0.4,1.0,2.2,0.0,1.0,1.0,wiki_A,native,breakeven_cap_epoch,4770469730.199,1.0,0.0,0.0,0.0,0.0,0.0,0.0,0.0,0.005,0.0,0.0,always_reactive,0.840691
h=0.1/q0=0.4/p=1/r=2.2/sig=0/cf=1,C_rfb,0.1,0.4,1.0,2.2,0.0,1.0,1.0,wiki_A,native,offline_taxblind,4770469730.199,1.0,,,,,,,,,,,always_reactive,0.840691
h=0.1/q0=0.4/p=1/r=2.2/sig=0/cf=1,C_rfb,0.1,0.4,1.0,2.2,0.0,1.0,1.0,wiki_A,native,offline_opt_tax,4770469730.199,1.0,,,,,,,,,,,always_reactive,0.840691
h=0.1/q0=0.4/p=1/r=2.2/sig=0/cf=1,C_rfb,0.1,0.4,1.0,2.2,0.0,1.0,1.0,wiki_B,autorpa_233k,always_reactive,8991713899.193,1.0,0.0,0.0,0.0,0.0,0.0,0.0,0.0,0.004,0.0,0.0,always_reactive,0.856072
h=0.1/q0=0.4/p=1/r=2.2/sig=0/cf=1,C_rfb,0.1,0.4,1.0,2.2,0.0,1.0,1.0,wiki_B,autorpa_233k,always_compile_evict,10503458596.965,1.168126,58.5,76.8,4417.2,2859.2,0.0,12928.8,4417.2,0.046,0.0,0.0,always_reactive,0.856072
h=0.1/q0=0.4/p=1/r=2.2/sig=0/cf=1,C_rfb,0.1,0.4,1.0,2.2,0.0,1.0,1.0,wiki_B,autorpa_233k,ours_noinflate,8991713899.193,1.0,0.0,0.0,0.0,0.0,0.0,0.0,0.0,0.004,0.0,0.0,always_reactive,0.856072
h=0.1/q0=0.4/p=1/r=2.2/sig=0/cf=1,C_rfb,0.1,0.4,1.0,2.2,0.0,1.0,1.0,wiki_B,autorpa_233k,oracle_tax,8991713899.193,1.0,0.0,0.0,0.0,0.0,0.0,0.0,0.0,0.004,0.0,0.0,always_reactive,0.856072
h=0.1/q0=0.4/p=1/r=2.2/sig=0/cf=1,C_rfb,0.1,0.4,1.0,2.2,0.0,1.0,1.0,wiki_B,autorpa_233k,ours_spend_cap,8991713899.193,1.0,0.0,0.0,0.0,0.0,0.0,0.0,0.0,0.004,0.0,0.0,always_reactive,0.856072
h=0.1/q0=0.4/p=1/r=2.2/sig=0/cf=1,C_rfb,0.1,0.4,1.0,2.2,0.0,1.0,1.0,wiki_B,autorpa_233k,ours_cap_epoch,8991713899.193,1.0,0.0,0.0,0.0,0.0,0.0,0.0,0.0,0.004,0.0,0.0,always_reactive,0.856072
h=0.1/q0=0.4/p=1/r=2.2/sig=0/cf=1,C_rfb,0.1,0.4,1.0,2.2,0.0,1.0,1.0,wiki_B,autorpa_233k,ours_cap_realized,8991713899.193,1.0,0.0,0.0,0.0,0.0,0.0,0.0,0.0,0.004,0.0,0.0,always_reactive,0.856072
h=0.1/q0=0.4/p=1/r=2.2/sig=0/cf=1,C_rfb,0.1,0.4,1.0,2.2,0.0,1.0,1.0,wiki_B,autorpa_233k,ours_pi_prior,8991713899.193,1.0,0.0,0.0,0.0,0.0,0.0,0.0,0.0,0.004,0.0,0.0,always_reactive,0.856072
h=0.1/q0=0.4/p=1/r=2.2/sig=0/cf=1,C_rfb,0.1,0.4,1.0,2.2,0.0,1.0,1.0,wiki_B,autorpa_233k,breakeven,8991713899.193,1.0,0.0,0.0,0.0,0.0,0.0,0.0,0.0,0.004,0.0,0.0,always_reactive,0.856072
h=0.1/q0=0.4/p=1/r=2.2/sig=0/cf=1,C_rfb,0.1,0.4,1.0,2.2,0.0,1.0,1.0,wiki_B,autorpa_233k,breakeven_cap_epoch,8991713899.193,1.0,0.0,0.0,0.0,0.0,0.0,0.0,0.0,0.004,0.0,0.0,always_reactive,0.856072
h=0.1/q0=0.4/p=1/r=2.2/sig=0/cf=1,C_rfb,0.1,0.4,1.0,2.2,0.0,1.0,1.0,wiki_B,autorpa_233k,offline_taxblind,8991713899.192,1.0,,,,,,,,,,,always_reactive,0.856072
h=0.1/q0=0.4/p=1/r=2.2/sig=0/cf=1,C_rfb,0.1,0.4,1.0,2.2,0.0,1.0,1.0,wiki_B,autorpa_233k,offline_opt_tax,8991713899.192,1.0,,,,,,,,,,,always_reactive,0.856072
h=0.1/q0=0.4/p=1/r=2.2/sig=0/cf=1,C_rfb,0.1,0.4,1.0,2.2,0.0,1.0,1.0,wiki_B,native,always_reactive,8991713899.193,1.0,0.0,0.0,0.0,0.0,0.0,0.0,0.0,0.004,0.0,0.0,always_reactive,0.922053
h=0.1/q0=0.4/p=1/r=2.2/sig=0/cf=1,C_rfb,0.1,0.4,1.0,2.2,0.0,1.0,1.0,wiki_B,native,always_compile_evict,9751844020.016,1.084537,31.1,49.2,4417.2,2859.2,0.0,12928.8,4417.2,0.028,0.0,0.0,always_reactive,0.922053
h=0.1/q0=0.4/p=1/r=2.2/sig=0/cf=1,C_rfb,0.1,0.4,1.0,2.2,0.0,1.0,1.0,wiki_B,native,ours_noinflate,8991713899.193,1.0,0.0,0.0,0.0,0.0,0.0,0.0,0.0,0.004,0.0,0.0,always_reactive,0.922053
h=0.1/q0=0.4/p=1/r=2.2/sig=0/cf=1,C_rfb,0.1,0.4,1.0,2.2,0.0,1.0,1.0,wiki_B,native,oracle_tax,8991713899.193,1.0,0.0,0.0,0.0,0.0,0.0,0.0,0.0,0.004,0.0,0.0,always_reactive,0.922053
h=0.1/q0=0.4/p=1/r=2.2/sig=0/cf=1,C_rfb,0.1,0.4,1.0,2.2,0.0,1.0,1.0,wiki_B,native,ours_spend_cap,8991713899.193,1.0,0.0,0.0,0.0,0.0,0.0,0.0,0.0,0.004,0.0,0.0,always_reactive,0.922053
h=0.1/q0=0.4/p=1/r=2.2/sig=0/cf=1,C_rfb,0.1,0.4,1.0,2.2,0.0,1.0,1.0,wiki_B,native,ours_cap_epoch,8991713899.193,1.0,0.0,0.0,0.0,0.0,0.0,0.0,0.0,0.004,0.0,0.0,always_reactive,0.922053
h=0.1/q0=0.4/p=1/r=2.2/sig=0/cf=1,C_rfb,0.1,0.4,1.0,2.2,0.0,1.0,1.0,wiki_B,native,ours_cap_realized,8991713899.193,1.0,0.0,0.0,0.0,0.0,0.0,0.0,0.0,0.004,0.0,0.0,always_reactive,0.922053
h=0.1/q0=0.4/p=1/r=2.2/sig=0/cf=1,C_rfb,0.1,0.4,1.0,2.2,0.0,1.0,1.0,wiki_B,native,ours_pi_prior,8991713899.193,1.0,0.0,0.0,0.0,0.0,0.0,0.0,0.0,0.004,0.0,0.0,always_reactive,0.922053
h=0.1/q0=0.4/p=1/r=2.2/sig=0/cf=1,C_rfb,0.1,0.4,1.0,2.2,0.0,1.0,1.0,wiki_B,native,breakeven,8991713899.193,1.0,0.0,0.0,0.0,0.0,0.0,0.0,0.0,0.004,0.0,0.0,always_reactive,0.922053
h=0.1/q0=0.4/p=1/r=2.2/sig=0/cf=1,C_rfb,0.1,0.4,1.0,2.2,0.0,1.0,1.0,wiki_B,native,breakeven_cap_epoch,8991713899.193,1.0,0.0,0.0,0.0,0.0,0.0,0.0,0.0,0.004,0.0,0.0,always_reactive,0.922053
h=0.1/q0=0.4/p=1/r=2.2/sig=0/cf=1,C_rfb,0.1,0.4,1.0,2.2,0.0,1.0,1.0,wiki_B,native,offline_taxblind,8991713899.192,1.0,,,,,,,,,,,always_reactive,0.922053
h=0.1/q0=0.4/p=1/r=2.2/sig=0/cf=1,C_rfb,0.1,0.4,1.0,2.2,0.0,1.0,1.0,wiki_B,native,offline_opt_tax,8991713899.192,1.0,,,,,,,,,,,always_reactive,0.922053
h=0.1/q0=0.6/p=0.3/r=1/sig=0/cf=11.0877,B_q0,0.1,0.6,0.3,1.0,0.0,1.0,11.087667012373094,bpi2019,autorpa_233k,always_reactive,26858149732.486,0.96232,0.0,0.0,0.0,0.0,0.0,0.0,0.0,0.003,0.0,0.0,always_reactive,0.183013
h=0.1/q0=0.6/p=0.3/r=1/sig=0/cf=11.0877,B_q0,0.1,0.6,0.3,1.0,0.0,1.0,11.087667012373094,bpi2019,autorpa_233k,always_compile_evict,146755336434.795,5.258201,64.9,110.0,66813.4,19033.1,0.0,121702.1,66675.0,0.013,46733.0,120731266599.994,always_reactive,0.183013
h=0.1/q0=0.6/p=0.3/r=1/sig=0/cf=11.0877,B_q0,0.1,0.6,0.3,1.0,0.0,1.0,11.087667012373094,bpi2019,autorpa_233k,ours_noinflate,27909801375.096,1.0,1.5,10.0,555.9,110.2,0.0,674.5,534.8,0.006,390.1,1007794644.056,always_reactive,0.183013
h=0.1/q0=0.6/p=0.3/r=1/sig=0/cf=11.0877,B_q0,0.1,0.6,0.3,1.0,0.0,1.0,11.087667012373094,bpi2019,autorpa_233k,oracle_tax,26858149732.486,0.96232,0.0,0.0,0.0,0.0,0.0,0.0,0.0,0.003,0.0,0.0,always_reactive,0.183013
h=0.1/q0=0.6/p=0.3/r=1/sig=0/cf=11.0877,B_q0,0.1,0.6,0.3,1.0,0.0,1.0,11.087667012373094,bpi2019,autorpa_233k,ours_spend_cap,27673179121.998,0.991522,1.3,8.8,427.2,77.4,0.0,468.3,411.3,0.005,299.4,773477868.317,always_reactive,0.183013
h=0.1/q0=0.6/p=0.3/r=1/sig=0/cf=11.0877,B_q0,0.1,0.6,0.3,1.0,0.0,1.0,11.087667012373094,bpi2019,autorpa_233k,ours_cap_epoch,27673179121.998,0.991522,1.3,8.8,427.2,77.4,0.0,468.3,411.3,0.005,299.4,773477868.317,always_reactive,0.183013
h=0.1/q0=0.6/p=0.3/r=1/sig=0/cf=11.0877,B_q0,0.1,0.6,0.3,1.0,0.0,1.0,11.087667012373094,bpi2019,autorpa_233k,ours_cap_realized,27676944447.809,0.991657,1.3,8.8,429.3,78.0,0.0,471.8,413.4,0.005,300.9,777353007.937,always_reactive,0.183013
h=0.1/q0=0.6/p=0.3/r=1/sig=0/cf=11.0877,B_q0,0.1,0.6,0.3,1.0,0.0,1.0,11.087667012373094,bpi2019,autorpa_233k,ours_pi_prior,28029718014.264,1.004297,3.8,10.3,616.5,115.1,0.0,710.9,597.3,0.006,432.4,1117073581.363,always_reactive,0.183013
h=0.1/q0=0.6/p=0.3/r=1/sig=0/cf=11.0877,B_q0,0.1,0.6,0.3,1.0,0.0,1.0,11.087667012373094,bpi2019,autorpa_233k,breakeven,30182854639.98,1.081443,1.0,9.1,1792.9,267.2,0.0,1681.4,1700.9,0.005,1262.9,3262609218.093,always_reactive,0.183013
h=0.1/q0=0.6/p=0.3/r=1/sig=0/cf=11.0877,B_q0,0.1,0.6,0.3,1.0,0.0,1.0,11.087667012373094,bpi2019,autorpa_233k,breakeven_cap_epoch,27765527985.9,0.994831,0.4,4.7,479.2,48.5,0.0,310.7,465.3,0.004,339.0,875781554.306,always_reactive,0.183013
h=0.1/q0=0.6/p=0.3/r=1/sig=0/cf=11.0877,B_q0,0.1,0.6,0.3,1.0,0.0,1.0,11.087667012373094,bpi2019,autorpa_233k,offline_taxblind,26858149732.495,0.96232,,,,,,,,,,,always_reactive,0.183013
h=0.1/q0=0.6/p=0.3/r=1/sig=0/cf=11.0877,B_q0,0.1,0.6,0.3,1.0,0.0,1.0,11.087667012373094,bpi2019,autorpa_233k,offline_opt_tax,26858149732.495,0.96232,,,,,,,,,,,always_reactive,0.183013
h=0.1/q0=0.6/p=0.3/r=1/sig=0/cf=11.0877,B_q0,0.1,0.6,0.3,1.0,0.0,1.0,11.087667012373094,bpi2019,native,always_reactive,26858149732.486,0.616756,0.0,0.0,0.0,0.0,0.0,0.0,0.0,0.003,0.0,0.0,always_reactive,0.352305
h=0.1/q0=0.6/p=0.3/r=1/sig=0/cf=11.0877,B_q0,0.1,0.6,0.3,1.0,0.0,1.0,11.087667012373094,bpi2019,native,always_compile_evict,76235413473.036,1.750628,41.4,71.8,66813.4,19033.1,0.0,121702.1,66426.8,0.015,46733.0,53559571856.209,always_reactive,0.352305
h=0.1/q0=0.6/p=0.3/r=1/sig=0/cf=11.0877,B_q0,0.1,0.6,0.3,1.0,0.0,1.0,11.087667012373094,bpi2019,native,ours_noinflate,43547457343.331,1.0,12.3,23.1,23474.4,6801.9,0.0,43625.9,23269.5,0.008,16423.2,19337484597.25,always_reactive,0.352305
h=0.1/q0=0.6/p=0.3/r=1/sig=0/cf=11.0877,B_q0,0.1,0.6,0.3,1.0,0.0,1.0,11.087667012373094,bpi2019,native,oracle_tax,27055043839.206,0.621277,5.0,9.7,288.5,85.7,0.0,539.4,224.6,0.003,197.8,232899462.549,always_reactive,0.352305
h=0.1/q0=0.6/p=0.3/r=1/sig=0/cf=11.0877,B_q0,0.1,0.6,0.3,1.0,0.0,1.0,11.087667012373094,bpi2019,native,ours_spend_cap,27429948798.886,0.629886,1.5,7.4,700.5,112.2,0.0,692.5,628.7,0.005,487.7,574242001.442,always_reactive,0.352305
h=0.1/q0=0.6/p=0.3/r=1/sig=0/cf=11.0877,B_q0,0.1,0.6,0.3,1.0,0.0,1.0,11.087667012373094,bpi2019,native,ours_cap_epoch,27429948798.886,0.629886,1.5,7.4,700.5,112.2,0.0,692.5,628.7,0.005,487.7,574242001.442,always_reactive,0.352305
h=0.1/q0=0.6/p=0.3/r=1/sig=0/cf=11.0877,B_q0,0.1,0.6,0.3,1.0,0.0,1.0,11.087667012373094,bpi2019,native,ours_cap_realized,27450905052.367,0.630368,1.7,7.5,730.0,120.4,0.0,750.1,657.5,0.005,507.0,596966772.055,always_reactive,0.352305
h=0.1/q0=0.6/p=0.3/r=1/sig=0/cf=11.0877,B_q0,0.1,0.6,0.3,1.0,0.0,1.0,11.087667012373094,bpi2019,native,ours_pi_prior,32914364478.909,0.755827,12.7,22.2,8112.7,2170.5,0.0,13942.7,7926.9,0.01,5696.5,6730131528.408,always_reactive,0.352305
h=0.1/q0=0.6/p=0.3/r=1/sig=0/cf=11.0877,B_q0,0.1,0.6,0.3,1.0,0.0,1.0,11.087667012373094,bpi2019,native,breakeven,28972640063.046,0.665312,1.3,7.9,2523.2,297.3,0.0,1831.8,2314.7,0.004,1762.1,2119112433.972,always_reactive,0.352305
h=0.1/q0=0.6/p=0.3/r=1/sig=0/cf=11.0877,B_q0,0.1,0.6,0.3,1.0,0.0,1.0,11.087667012373094,bpi2019,native,breakeven_cap_epoch,27527752328.333,0.632132,0.7,4.6,778.1,58.2,0.0,382.8,734.0,0.004,543.2,655649279.762,always_reactive,0.352305
h=0.1/q0=0.6/p=0.3/r=1/sig=0/cf=11.0877,B_q0,0.1,0.6,0.3,1.0,0.0,1.0,11.087667012373094,bpi2019,native,offline_taxblind,24260876424.483,0.557114,,,,,,,,,,,always_reactive,0.352305
h=0.1/q0=0.6/p=0.3/r=1/sig=0/cf=11.0877,B_q0,0.1,0.6,0.3,1.0,0.0,1.0,11.087667012373094,bpi2019,native,offline_opt_tax,24458341702.86,0.561648,,,,,,,,,,,always_reactive,0.352305
h=0.1/q0=0.6/p=0.3/r=1/sig=0/cf=11.0877,B_q0,0.1,0.6,0.3,1.0,0.0,1.0,11.087667012373094,sepsis,autorpa_233k,always_reactive,93787502.059,0.93978,0.0,0.0,0.0,0.0,0.0,0.0,0.0,0.004,0.0,0.0,always_reactive,0.402176
h=0.1/q0=0.6/p=0.3/r=1/sig=0/cf=11.0877,B_q0,0.1,0.6,0.3,1.0,0.0,1.0,11.087667012373094,sepsis,autorpa_233k,always_compile_evict,233200145.515,2.336737,11.4,12.0,73.6,8.2,0.0,57.3,71.2,0.004,52.9,136663257.294,always_reactive,0.402176
h=0.1/q0=0.6/p=0.3/r=1/sig=0/cf=11.0877,B_q0,0.1,0.6,0.3,1.0,0.0,1.0,11.087667012373094,sepsis,autorpa_233k,ours_noinflate,99797337.194,1.0,0.6,0.8,3.4,0.5,0.0,2.3,3.1,0.004,2.3,5941880.752,always_reactive,0.402176
h=0.1/q0=0.6/p=0.3/r=1/sig=0/cf=11.0877,B_q0,0.1,0.6,0.3,1.0,0.0,1.0,11.087667012373094,sepsis,autorpa_233k,oracle_tax,93787502.059,0.93978,0.0,0.0,0.0,0.0,0.0,0.0,0.0,0.004,0.0,0.0,always_reactive,0.402176
h=0.1/q0=0.6/p=0.3/r=1/sig=0/cf=11.0877,B_q0,0.1,0.6,0.3,1.0,0.0,1.0,11.087667012373094,sepsis,autorpa_233k,ours_spend_cap,99538994.552,0.997411,0.6,0.8,3.3,0.5,0.0,2.3,3.0,0.004,2.2,5683538.111,always_reactive,0.402176
h=0.1/q0=0.6/p=0.3/r=1/sig=0/cf=11.0877,B_q0,0.1,0.6,0.3,1.0,0.0,1.0,11.087667012373094,sepsis,autorpa_233k,ours_cap_epoch,99538994.552,0.997411,0.6,0.8,3.3,0.5,0.0,2.3,3.0,0.004,2.2,5683538.111,always_reactive,0.402176
h=0.1/q0=0.6/p=0.3/r=1/sig=0/cf=11.0877,B_q0,0.1,0.6,0.3,1.0,0.0,1.0,11.087667012373094,sepsis,autorpa_233k,ours_cap_realized,99538994.552,0.997411,0.6,0.8,3.3,0.5,0.0,2.3,3.0,0.004,2.2,5683538.111,always_reactive,0.402176
h=0.1/q0=0.6/p=0.3/r=1/sig=0/cf=11.0877,B_q0,0.1,0.6,0.3,1.0,0.0,1.0,11.087667012373094,sepsis,autorpa_233k,ours_pi_prior,98014096.461,0.982131,0.5,0.5,2.3,0.2,0.0,1.0,2.2,0.004,1.6,4133482.262,always_reactive,0.402176
h=0.1/q0=0.6/p=0.3/r=1/sig=0/cf=11.0877,B_q0,0.1,0.6,0.3,1.0,0.0,1.0,11.087667012373094,sepsis,autorpa_233k,breakeven,100331980.411,1.005357,0.7,1.0,3.7,0.5,0.0,3.5,3.6,0.004,2.5,6458566.035,always_reactive,0.402176
h=0.1/q0=0.6/p=0.3/r=1/sig=0/cf=11.0877,B_q0,0.1,0.6,0.3,1.0,0.0,1.0,11.087667012373094,sepsis,autorpa_233k,breakeven_cap_epoch,99011946.294,0.99213,0.6,0.9,3.0,0.4,0.0,3.3,2.9,0.004,2.0,5166852.828,always_reactive,0.402176
h=0.1/q0=0.6/p=0.3/r=1/sig=0/cf=11.0877,B_q0,0.1,0.6,0.3,1.0,0.0,1.0,11.087667012373094,sepsis,autorpa_233k,offline_taxblind,93787502.059,0.93978,,,,,,,,,,,always_reactive,0.402176
h=0.1/q0=0.6/p=0.3/r=1/sig=0/cf=11.0877,B_q0,0.1,0.6,0.3,1.0,0.0,1.0,11.087667012373094,sepsis,autorpa_233k,offline_opt_tax,93787502.059,0.93978,,,,,,,,,,,always_reactive,0.402176
h=0.1/q0=0.6/p=0.3/r=1/sig=0/cf=11.0877,B_q0,0.1,0.6,0.3,1.0,0.0,1.0,11.087667012373094,sepsis,native,always_reactive,93787502.059,0.9263,0.0,0.0,0.0,0.0,0.0,0.0,0.0,0.004,0.0,0.0,always_reactive,0.581696
h=0.1/q0=0.6/p=0.3/r=1/sig=0/cf=11.0877,B_q0,0.1,0.6,0.3,1.0,0.0,1.0,11.087667012373094,sepsis,native,always_compile_evict,161231003.278,1.592412,10.2,11.4,73.6,8.2,0.0,57.3,67.9,0.005,52.9,67179994.808,always_reactive,0.581696
h=0.1/q0=0.6/p=0.3/r=1/sig=0/cf=11.0877,B_q0,0.1,0.6,0.3,1.0,0.0,1.0,11.087667012373094,sepsis,native,ours_noinflate,101249579.825,1.0,2.5,3.2,10.8,1.2,0.0,7.9,8.8,0.005,6.5,7653420.155,always_reactive,0.581696
h=0.1/q0=0.6/p=0.3/r=1/sig=0/cf=11.0877,B_q0,0.1,0.6,0.3,1.0,0.0,1.0,11.087667012373094,sepsis,native,oracle_tax,95399618.605,0.942222,0.2,0.8,2.3,0.6,0.0,4.1,1.5,0.004,1.5,1766173.882,always_reactive,0.581696
h=0.1/q0=0.6/p=0.3/r=1/sig=0/cf=11.0877,B_q0,0.1,0.6,0.3,1.0,0.0,1.0,11.087667012373094,sepsis,native,ours_spend_cap,98352028.647,0.971382,1.3,1.7,6.6,0.9,0.0,4.5,5.3,0.004,4.0,4709797.018,always_reactive,0.581696
h=0.1/q0=0.6/p=0.3/r=1/sig=0/cf=11.0877,B_q0,0.1,0.6,0.3,1.0,0.0,1.0,11.087667012373094,sepsis,native,ours_cap_epoch,98352028.647,0.971382,1.3,1.7,6.6,0.9,0.0,4.5,5.3,0.004,4.0,4709797.018,always_reactive,0.581696
h=0.1/q0=0.6/p=0.3/r=1/sig=0/cf=11.0877,B_q0,0.1,0.6,0.3,1.0,0.0,1.0,11.087667012373094,sepsis,native,ours_cap_realized,98352028.647,0.971382,1.3,1.7,6.6,0.9,0.0,4.5,5.3,0.004,4.0,4709797.018,always_reactive,0.581696
h=0.1/q0=0.6/p=0.3/r=1/sig=0/cf=11.0877,B_q0,0.1,0.6,0.3,1.0,0.0,1.0,11.087667012373094,sepsis,native,ours_pi_prior,102277930.307,1.010157,2.0,2.4,10.1,1.1,0.0,8.2,8.6,0.004,7.0,8618523.954,always_reactive,0.581696
h=0.1/q0=0.6/p=0.3/r=1/sig=0/cf=11.0877,B_q0,0.1,0.6,0.3,1.0,0.0,1.0,11.087667012373094,sepsis,native,breakeven,106722829.605,1.054057,2.4,3.3,14.2,1.3,0.0,13.2,12.0,0.004,9.8,13044519.384,always_reactive,0.581696
h=0.1/q0=0.6/p=0.3/r=1/sig=0/cf=11.0877,B_q0,0.1,0.6,0.3,1.0,0.0,1.0,11.087667012373094,sepsis,native,breakeven_cap_epoch,100164627.802,0.989284,1.1,1.9,7.4,1.0,0.0,8.5,6.1,0.004,4.9,6480439.784,always_reactive,0.581696
h=0.1/q0=0.6/p=0.3/r=1/sig=0/cf=11.0877,B_q0,0.1,0.6,0.3,1.0,0.0,1.0,11.087667012373094,sepsis,native,offline_taxblind,93728372.365,0.925716,,,,,,,,,,,always_reactive,0.581696
h=0.1/q0=0.6/p=0.3/r=1/sig=0/cf=11.0877,B_q0,0.1,0.6,0.3,1.0,0.0,1.0,11.087667012373094,sepsis,native,offline_opt_tax,93775454.642,0.926181,,,,,,,,,,,always_reactive,0.581696
h=0.1/q0=0.6/p=0.3/r=1/sig=0/cf=11.0877,B_q0,0.1,0.6,0.3,1.0,0.0,1.0,11.087667012373094,wiki_A,autorpa_233k,always_reactive,4770469730.199,0.963285,0.0,0.0,0.0,0.0,0.0,0.0,0.0,0.005,0.0,0.0,always_reactive,0.131813
h=0.1/q0=0.6/p=0.3/r=1/sig=0/cf=11.0877,B_q0,0.1,0.6,0.3,1.0,0.0,1.0,11.087667012373094,wiki_A,autorpa_233k,always_compile_evict,36191204616.288,7.307966,22.2,53.2,17364.1,5043.7,0.0,32269.0,17183.5,0.004,12141.9,31367705174.726,always_reactive,0.131813
h=0.1/q0=0.6/p=0.3/r=1/sig=0/cf=11.0877,B_q0,0.1,0.6,0.3,1.0,0.0,1.0,11.087667012373094,wiki_A,autorpa_233k,ours_noinflate,4952295301.253,1.0,0.9,3.8,100.3,22.5,0.0,132.4,92.0,0.006,70.3,181614876.896,always_reactive,0.131813
h=0.1/q0=0.6/p=0.3/r=1/sig=0/cf=11.0877,B_q0,0.1,0.6,0.3,1.0,0.0,1.0,11.087667012373094,wiki_A,autorpa_233k,oracle_tax,4770469730.199,0.963285,0.0,0.0,0.0,0.0,0.0,0.0,0.0,0.005,0.0,0.0,always_reactive,0.131813
h=0.1/q0=0.6/p=0.3/r=1/sig=0/cf=11.0877,B_q0,0.1,0.6,0.3,1.0,0.0,1.0,11.087667012373094,wiki_A,autorpa_233k,ours_spend_cap,4902699899.902,0.989985,0.7,3.5,72.4,15.8,0.0,92.9,66.2,0.006,50.8,131238061.825,always_reactive,0.131813
h=0.1/q0=0.6/p=0.3/r=1/sig=0/cf=11.0877,B_q0,0.1,0.6,0.3,1.0,0.0,1.0,11.087667012373094,wiki_A,autorpa_233k,ours_cap_epoch,4902699899.902,0.989985,0.7,3.5,72.4,15.8,0.0,92.9,66.2,0.006,50.8,131238061.825,always_reactive,0.131813
h=0.1/q0=0.6/p=0.3/r=1/sig=0/cf=11.0877,B_q0,0.1,0.6,0.3,1.0,0.0,1.0,11.087667012373094,wiki_A,autorpa_233k,ours_cap_realized,4903689131.529,0.990185,0.7,3.5,72.9,15.9,0.0,94.4,66.7,0.006,51.2,132271432.391,always_reactive,0.131813
h=0.1/q0=0.6/p=0.3/r=1/sig=0/cf=11.0877,B_q0,0.1,0.6,0.3,1.0,0.0,1.0,11.087667012373094,wiki_A,autorpa_233k,ours_pi_prior,4951549841.54,0.999849,0.7,4.6,101.3,22.5,0.0,137.8,92.0,0.006,69.5,179548135.765,always_reactive,0.131813
h=0.1/q0=0.6/p=0.3/r=1/sig=0/cf=11.0877,B_q0,0.1,0.6,0.3,1.0,0.0,1.0,11.087667012373094,wiki_A,autorpa_233k,breakeven,9096664283.922,1.836858,0.8,6.5,2397.0,674.3,0.0,4293.1,2287.9,0.003,1678.1,4335247865.137,always_reactive,0.131813
h=0.1/q0=0.6/p=0.3/r=1/sig=0/cf=11.0877,B_q0,0.1,0.6,0.3,1.0,0.0,1.0,11.087667012373094,wiki_A,autorpa_233k,breakeven_cap_epoch,4964268268.644,1.002418,0.1,2.7,104.3,17.5,0.0,103.0,98.2,0.005,73.9,190915211.986,always_reactive,0.131813
h=0.1/q0=0.6/p=0.3/r=1/sig=0/cf=11.0877,B_q0,0.1,0.6,0.3,1.0,0.0,1.0,11.087667012373094,wiki_A,autorpa_233k,offline_taxblind,4770469730.199,0.963285,,,,,,,,,,,always_reactive,0.131813
h=0.1/q0=0.6/p=0.3/r=1/sig=0/cf=11.0877,B_q0,0.1,0.6,0.3,1.0,0.0,1.0,11.087667012373094,wiki_A,autorpa_233k,offline_opt_tax,4770469730.199,0.963285,,,,,,,,,,,always_reactive,0.131813
h=0.1/q0=0.6/p=0.3/r=1/sig=0/cf=11.0877,B_q0,0.1,0.6,0.3,1.0,0.0,1.0,11.087667012373094,wiki_A,native,always_reactive,4770469730.199,0.785628,0.0,0.0,0.0,0.0,0.0,0.0,0.0,0.005,0.0,0.0,always_reactive,0.236499
h=0.1/q0=0.6/p=0.3/r=1/sig=0/cf=11.0877,B_q0,0.1,0.6,0.3,1.0,0.0,1.0,11.087667012373094,wiki_A,native,always_compile_evict,20171235958.091,3.321915,10.2,38.3,17364.1,5043.7,0.0,32269.0,17050.2,0.005,12141.9,15981813398.339,always_reactive,0.236499
h=0.1/q0=0.6/p=0.3/r=1/sig=0/cf=11.0877,B_q0,0.1,0.6,0.3,1.0,0.0,1.0,11.087667012373094,wiki_A,native,ours_noinflate,6072170827.584,1.0,3.4,13.6,1818.2,500.2,0.0,3225.3,1698.3,0.007,1271.3,1496891237.304,always_reactive,0.236499
h=0.1/q0=0.6/p=0.3/r=1/sig=0/cf=11.0877,B_q0,0.1,0.6,0.3,1.0,0.0,1.0,11.087667012373094,wiki_A,native,oracle_tax,4929228856.679,0.811774,1.6,2.9,219.3,60.3,0.0,379.3,179.1,0.005,157.4,185330512.665,always_reactive,0.236499
h=0.1/q0=0.6/p=0.3/r=1/sig=0/cf=11.0877,B_q0,0.1,0.6,0.3,1.0,0.0,1.0,11.087667012373094,wiki_A,native,ours_spend_cap,4869154400.625,0.80188,0.3,5.1,122.6,20.8,0.0,131.0,107.3,0.006,85.9,101142890.965,always_reactive,0.236499
h=0.1/q0=0.6/p=0.3/r=1/sig=0/cf=11.0877,B_q0,0.1,0.6,0.3,1.0,0.0,1.0,11.087667012373094,wiki_A,native,ours_cap_epoch,4869154400.625,0.80188,0.3,5.1,122.6,20.8,0.0,131.0,107.3,0.006,85.9,101142890.965,always_reactive,0.236499
h=0.1/q0=0.6/p=0.3/r=1/sig=0/cf=11.0877,B_q0,0.1,0.6,0.3,1.0,0.0,1.0,11.087667012373094,wiki_A,native,ours_cap_realized,4873569005.501,0.802607,0.4,5.2,127.8,21.7,0.0,138.1,112.3,0.006,89.9,105852687.984,always_reactive,0.236499
h=0.1/q0=0.6/p=0.3/r=1/sig=0/cf=11.0877,B_q0,0.1,0.6,0.3,1.0,0.0,1.0,11.087667012373094,wiki_A,native,ours_pi_prior,5659712800.488,0.932074,1.4,9.8,1229.9,334.6,0.0,2152.6,1138.0,0.007,859.2,1016724608.38,always_reactive,0.236499
h=0.1/q0=0.6/p=0.3/r=1/sig=0/cf=11.0877,B_q0,0.1,0.6,0.3,1.0,0.0,1.0,11.087667012373094,wiki_A,native,breakeven,7648816136.253,1.259651,0.0,5.8,3411.9,947.1,0.0,5999.0,3226.2,0.004,2382.7,2975757184.493,always_reactive,0.236499
h=0.1/q0=0.6/p=0.3/r=1/sig=0/cf=11.0877,B_q0,0.1,0.6,0.3,1.0,0.0,1.0,11.087667012373094,wiki_A,native,breakeven_cap_epoch,4900195799.22,0.806992,0.0,3.2,156.8,23.7,0.0,136.2,141.6,0.005,108.8,130490213.654,always_reactive,0.236499
h=0.1/q0=0.6/p=0.3/r=1/sig=0/cf=11.0877,B_q0,0.1,0.6,0.3,1.0,0.0,1.0,11.087667012373094,wiki_A,native,offline_taxblind,4576871802.921,0.753746,,,,,,,,,,,always_reactive,0.236499
h=0.1/q0=0.6/p=0.3/r=1/sig=0/cf=11.0877,B_q0,0.1,0.6,0.3,1.0,0.0,1.0,11.087667012373094,wiki_A,native,offline_opt_tax,4598143661.677,0.757249,,,,,,,,,,,always_reactive,0.236499
h=0.1/q0=0.6/p=0.3/r=1/sig=0/cf=11.0877,B_q0,0.1,0.6,0.3,1.0,0.0,1.0,11.087667012373094,wiki_B,autorpa_233k,always_reactive,8991713899.193,0.932313,0.0,0.0,0.0,0.0,0.0,0.0,0.0,0.004,0.0,0.0,always_reactive,0.319433
h=0.1/q0=0.6/p=0.3/r=1/sig=0/cf=11.0877,B_q0,0.1,0.6,0.3,1.0,0.0,1.0,11.087667012373094,wiki_B,autorpa_233k,always_compile_evict,28148942495.057,2.918644,104.6,118.5,10149.8,2137.0,0.0,13439.5,10038.9,0.027,7119.2,18391929325.715,always_reactive,0.319433
h=0.1/q0=0.6/p=0.3/r=1/sig=0/cf=11.0877,B_q0,0.1,0.6,0.3,1.0,0.0,1.0,11.087667012373094,wiki_B,autorpa_233k,ours_noinflate,9644526735.467,1.0,6.2,10.3,349.0,61.2,0.0,406.0,333.5,0.007,244.0,630356044.987,always_reactive,0.319433
h=0.1/q0=0.6/p=0.3/r=1/sig=0/cf=11.0877,B_q0,0.1,0.6,0.3,1.0,0.0,1.0,11.087667012373094,wiki_B,autorpa_233k,oracle_tax,8991713899.193,0.932313,0.0,0.0,0.0,0.0,0.0,0.0,0.0,0.004,0.0,0.0,always_reactive,0.319433
h=0.1/q0=0.6/p=0.3/r=1/sig=0/cf=11.0877,B_q0,0.1,0.6,0.3,1.0,0.0,1.0,11.087667012373094,wiki_B,autorpa_233k,ours_spend_cap,9536227128.92,0.988771,5.6,9.7,289.7,47.2,0.0,316.7,277.1,0.007,201.8,521335450.322,always_reactive,0.319433
h=0.1/q0=0.6/p=0.3/r=1/sig=0/cf=11.0877,B_q0,0.1,0.6,0.3,1.0,0.0,1.0,11.087667012373094,wiki_B,autorpa_233k,ours_cap_epoch,9536227128.92,0.988771,5.6,9.7,289.7,47.2,0.0,316.7,277.1,0.007,201.8,521335450.322,always_reactive,0.319433
h=0.1/q0=0.6/p=0.3/r=1/sig=0/cf=11.0877,B_q0,0.1,0.6,0.3,1.0,0.0,1.0,11.087667012373094,wiki_B,autorpa_233k,ours_cap_realized,9538035527.41,0.988958,5.6,9.7,290.4,47.2,0.0,316.7,277.8,0.007,202.5,523143848.811,always_reactive,0.319433
h=0.1/q0=0.6/p=0.3/r=1/sig=0/cf=11.0877,B_q0,0.1,0.6,0.3,1.0,0.0,1.0,11.087667012373094,wiki_B,autorpa_233k,ours_pi_prior,9716038778.843,1.007415,7.5,11.2,383.5,60.2,0.0,398.2,368.0,0.008,268.6,693908334.769,always_reactive,0.319433
h=0.1/q0=0.6/p=0.3/r=1/sig=0/cf=11.0877,B_q0,0.1,0.6,0.3,1.0,0.0,1.0,11.087667012373094,wiki_B,autorpa_233k,breakeven,10744522471.282,1.114054,2.8,8.4,955.3,151.7,0.0,981.0,902.3,0.006,667.2,1723662103.343,always_reactive,0.319433
h=0.1/q0=0.6/p=0.3/r=1/sig=0/cf=11.0877,B_q0,0.1,0.6,0.3,1.0,0.0,1.0,11.087667012373094,wiki_B,autorpa_233k,breakeven_cap_epoch,9561688332.055,0.991411,0.6,5.0,301.1,32.8,0.0,211.9,290.2,0.005,213.8,552336567.288,always_reactive,0.319433
h=0.1/q0=0.6/p=0.3/r=1/sig=0/cf=11.0877,B_q0,0.1,0.6,0.3,1.0,0.0,1.0,11.087667012373094,wiki_B,autorpa_233k,offline_taxblind,8991713899.192,0.932313,,,,,,,,,,,always_reactive,0.319433
h=0.1/q0=0.6/p=0.3/r=1/sig=0/cf=11.0877,B_q0,0.1,0.6,0.3,1.0,0.0,1.0,11.087667012373094,wiki_B,autorpa_233k,offline_opt_tax,8991713899.192,0.932313,,,,,,,,,,,always_reactive,0.319433
h=0.1/q0=0.6/p=0.3/r=1/sig=0/cf=11.0877,B_q0,0.1,0.6,0.3,1.0,0.0,1.0,11.087667012373094,wiki_B,native,always_reactive,8991713899.193,0.835276,0.0,0.0,0.0,0.0,0.0,0.0,0.0,0.004,0.0,0.0,always_reactive,0.508356
h=0.1/q0=0.6/p=0.3/r=1/sig=0/cf=11.0877,B_q0,0.1,0.6,0.3,1.0,0.0,1.0,11.087667012373094,wiki_B,native,always_compile_evict,17687826207.097,1.643093,66.5,76.7,10149.8,2137.0,0.0,13439.5,9901.8,0.026,7119.2,8595945543.667,always_reactive,0.508356
h=0.1/q0=0.6/p=0.3/r=1/sig=0/cf=11.0877,B_q0,0.1,0.6,0.3,1.0,0.0,1.0,11.087667012373094,wiki_B,native,ours_noinflate,10764958267.421,1.0,16.6,22.5,2250.5,464.4,0.0,2985.1,2123.6,0.013,1573.7,1852951891.878,always_reactive,0.508356
h=0.1/q0=0.6/p=0.3/r=1/sig=0/cf=11.0877,B_q0,0.1,0.6,0.3,1.0,0.0,1.0,11.087667012373094,wiki_B,native,oracle_tax,9005892204.581,0.836593,0.6,1.9,20.7,5.9,0.0,34.8,15.5,0.004,14.2,16719779.415,always_reactive,0.508356
h=0.1/q0=0.6/p=0.3/r=1/sig=0/cf=11.0877,B_q0,0.1,0.6,0.3,1.0,0.0,1.0,11.087667012373094,wiki_B,native,ours_spend_cap,9479792579.496,0.880616,5.2,9.6,590.5,78.9,0.0,526.9,549.9,0.007,409.2,481812234.96,always_reactive,0.508356
h=0.1/q0=0.6/p=0.3/r=1/sig=0/cf=11.0877,B_q0,0.1,0.6,0.3,1.0,0.0,1.0,11.087667012373094,wiki_B,native,ours_cap_epoch,9479792579.496,0.880616,5.2,9.6,590.5,78.9,0.0,526.9,549.9,0.007,409.2,481812234.96,always_reactive,0.508356
h=0.1/q0=0.6/p=0.3/r=1/sig=0/cf=11.0877,B_q0,0.1,0.6,0.3,1.0,0.0,1.0,11.087667012373094,wiki_B,native,ours_cap_realized,9490723519.363,0.881631,5.3,9.6,603.8,81.7,0.0,541.7,562.5,0.007,418.8,493115747.804,always_reactive,0.508356
h=0.1/q0=0.6/p=0.3/r=1/sig=0/cf=11.0877,B_q0,0.1,0.6,0.3,1.0,0.0,1.0,11.087667012373094,wiki_B,native,ours_pi_prior,10707522255.184,0.994665,14.5,21.3,2159.7,452.5,0.0,2941.3,2039.2,0.012,1508.3,1791127337.254,always_reactive,0.508356
h=0.1/q0=0.6/p=0.3/r=1/sig=0/cf=11.0877,B_q0,0.1,0.6,0.3,1.0,0.0,1.0,11.087667012373094,wiki_B,native,breakeven,10407798891.134,0.966822,3.1,10.0,1673.2,198.3,0.0,1283.0,1567.2,0.006,1169.4,1411368762.502,always_reactive,0.508356
h=0.1/q0=0.6/p=0.3/r=1/sig=0/cf=11.0877,B_q0,0.1,0.6,0.3,1.0,0.0,1.0,11.087667012373094,wiki_B,native,breakeven_cap_epoch,9507884579.031,0.883225,1.7,5.3,594.7,47.9,0.0,316.5,569.1,0.005,417.3,505568342.66,always_reactive,0.508356
h=0.1/q0=0.6/p=0.3/r=1/sig=0/cf=11.0877,B_q0,0.1,0.6,0.3,1.0,0.0,1.0,11.087667012373094,wiki_B,native,offline_taxblind,8838436441.996,0.821038,,,,,,,,,,,always_reactive,0.508356
h=0.1/q0=0.6/p=0.3/r=1/sig=0/cf=11.0877,B_q0,0.1,0.6,0.3,1.0,0.0,1.0,11.087667012373094,wiki_B,native,offline_opt_tax,8889133966.787,0.825747,,,,,,,,,,,always_reactive,0.508356
h=0.1/q0=0.6/p=0.3/r=1/sig=0/cf=1,B_q0,0.1,0.6,0.3,1.0,0.0,1.0,1.0,bpi2019,autorpa_233k,always_reactive,26858149732.486,0.995008,0.0,0.0,0.0,0.0,0.0,0.0,0.0,0.003,0.0,0.0,always_reactive,0.72761
h=0.1/q0=0.6/p=0.3/r=1/sig=0/cf=1,B_q0,0.1,0.6,0.3,1.0,0.0,1.0,1.0,bpi2019,autorpa_233k,always_compile_evict,36912858834.839,1.367503,64.9,110.0,66813.4,19033.1,0.0,121702.1,66675.0,0.05,46733.0,10888789000.0,always_reactive,0.72761
h=0.1/q0=0.6/p=0.3/r=1/sig=0/cf=1,B_q0,0.1,0.6,0.3,1.0,0.0,1.0,1.0,bpi2019,autorpa_233k,ours_noinflate,26992900031.039,1.0,1.5,10.0,555.9,110.2,0.0,674.5,534.8,0.006,390.1,90893300.0,always_reactive,0.72761
h=0.1/q0=0.6/p=0.3/r=1/sig=0/cf=1,B_q0,0.1,0.6,0.3,1.0,0.0,1.0,1.0,bpi2019,autorpa_233k,oracle_tax,26858149732.486,0.995008,0.0,0.0,0.0,0.0,0.0,0.0,0.0,0.003,0.0,0.0,always_reactive,0.72761
h=0.1/q0=0.6/p=0.3/r=1/sig=0/cf=1,B_q0,0.1,0.6,0.3,1.0,0.0,1.0,1.0,bpi2019,autorpa_233k,ours_spend_cap,26985614894.627,0.99973,1.4,9.8,507.8,97.6,0.0,601.6,488.1,0.006,356.1,82971300.0,always_reactive,0.72761
h=0.1/q0=0.6/p=0.3/r=1/sig=0/cf=1,B_q0,0.1,0.6,0.3,1.0,0.0,1.0,1.0,bpi2019,autorpa_233k,ours_cap_epoch,26989160315.478,0.999861,1.5,9.9,529.2,102.4,0.0,635.3,508.7,0.006,371.9,86652700.0,always_reactive,0.72761
h=0.1/q0=0.6/p=0.3/r=1/sig=0/cf=1,B_q0,0.1,0.6,0.3,1.0,0.0,1.0,1.0,bpi2019,autorpa_233k,ours_cap_realized,26992216735.983,0.999975,1.5,10.0,551.7,109.2,0.0,667.7,530.8,0.006,387.0,90171000.0,always_reactive,0.72761
h=0.1/q0=0.6/p=0.3/r=1/sig=0/cf=1,B_q0,0.1,0.6,0.3,1.0,0.0,1.0,1.0,bpi2019,autorpa_233k,ours_pi_prior,27013393632.899,1.000759,3.8,10.3,616.5,115.1,0.0,710.9,597.3,0.006,432.4,100749200.0,always_reactive,0.72761
h=0.1/q0=0.6/p=0.3/r=1/sig=0/cf=1,B_q0,0.1,0.6,0.3,1.0,0.0,1.0,1.0,bpi2019,autorpa_233k,breakeven,27214501121.885,1.00821,1.0,9.1,1792.9,267.2,0.0,1681.4,1700.9,0.005,1262.9,294255700.0,always_reactive,0.72761
h=0.1/q0=0.6/p=0.3/r=1/sig=0/cf=1,B_q0,0.1,0.6,0.3,1.0,0.0,1.0,1.0,bpi2019,autorpa_233k,breakeven_cap_epoch,27042277815.376,1.001829,0.5,6.8,856.6,100.9,0.0,635.2,817.7,0.005,603.6,140638800.0,always_reactive,0.72761
h=0.1/q0=0.6/p=0.3/r=1/sig=0/cf=1,B_q0,0.1,0.6,0.3,1.0,0.0,1.0,1.0,bpi2019,autorpa_233k,offline_taxblind,26858149732.495,0.995008,,,,,,,,,,,always_reactive,0.72761
h=0.1/q0=0.6/p=0.3/r=1/sig=0/cf=1,B_q0,0.1,0.6,0.3,1.0,0.0,1.0,1.0,bpi2019,autorpa_233k,offline_opt_tax,26858149732.495,0.995008,,,,,,,,,,,always_reactive,0.72761
h=0.1/q0=0.6/p=0.3/r=1/sig=0/cf=1,B_q0,0.1,0.6,0.3,1.0,0.0,1.0,1.0,bpi2019,native,always_reactive,26858149732.486,1.034836,0.0,0.0,0.0,0.0,0.0,0.0,0.0,0.003,0.0,0.0,ours_noinflate,0.943563
h=0.1/q0=0.6/p=0.3/r=1/sig=0/cf=1,B_q0,0.1,0.6,0.3,1.0,0.0,1.0,1.0,bpi2019,native,always_compile_evict,27506395402.102,1.059812,41.4,71.8,66813.4,19033.1,0.0,121702.1,66426.8,0.04,46733.0,4830553785.25,ours_noinflate,0.943563
h=0.1/q0=0.6/p=0.3/r=1/sig=0/cf=1,B_q0,0.1,0.6,0.3,1.0,0.0,1.0,1.0,bpi2019,native,ours_noinflate,25954026258.543,1.0,12.3,23.1,23474.4,6801.9,0.0,43625.9,23269.5,0.014,16423.2,1744053512.4,ours_noinflate,0.943563
h=0.1/q0=0.6/p=0.3/r=1/sig=0/cf=1,B_q0,0.1,0.6,0.3,1.0,0.0,1.0,1.0,bpi2019,native,oracle_tax,26843149648.757,1.034258,5.0,9.7,288.5,85.7,0.0,539.4,224.6,0.003,197.8,21005272.1,ours_noinflate,0.943563
h=0.1/q0=0.6/p=0.3/r=1/sig=0/cf=1,B_q0,0.1,0.6,0.3,1.0,0.0,1.0,1.0,bpi2019,native,ours_spend_cap,26969963620.093,1.039144,3.7,14.7,1958.5,390.3,0.0,2438.7,1782.4,0.007,1364.2,144870536.9,ours_noinflate,0.943563
h=0.1/q0=0.6/p=0.3/r=1/sig=0/cf=1,B_q0,0.1,0.6,0.3,1.0,0.0,1.0,1.0,bpi2019,native,ours_cap_epoch,26967529416.21,1.03905,4.8,16.6,2702.2,595.6,0.0,3765.9,2494.0,0.009,1887.5,200442118.75,ours_noinflate,0.943563
h=0.1/q0=0.6/p=0.3/r=1/sig=0/cf=1,B_q0,0.1,0.6,0.3,1.0,0.0,1.0,1.0,bpi2019,native,ours_cap_realized,26194682169.292,1.009272,10.7,21.5,18788.5,5393.4,0.0,34540.1,18591.7,0.012,13154.6,1396946169.7,ours_noinflate,0.943563
h=0.1/q0=0.6/p=0.3/r=1/sig=0/cf=1,B_q0,0.1,0.6,0.3,1.0,0.0,1.0,1.0,bpi2019,native,ours_pi_prior,26791225523.492,1.032257,12.7,22.2,8112.7,2170.5,0.0,13942.7,7926.9,0.012,5696.5,606992573.0,ours_noinflate,0.943563
h=0.1/q0=0.6/p=0.3/r=1/sig=0/cf=1,B_q0,0.1,0.6,0.3,1.0,0.0,1.0,1.0,bpi2019,native,breakeven,27044651012.521,1.042021,1.3,7.9,2523.2,297.3,0.0,1831.8,2314.7,0.005,1762.1,191123383.45,ours_noinflate,0.943563
h=0.1/q0=0.6/p=0.3/r=1/sig=0/cf=1,B_q0,0.1,0.6,0.3,1.0,0.0,1.0,1.0,bpi2019,native,breakeven_cap_epoch,26999692166.152,1.040289,1.1,7.3,1818.8,179.5,0.0,1137.4,1673.5,0.004,1270.1,137623468.45,ours_noinflate,0.943563
h=0.1/q0=0.6/p=0.3/r=1/sig=0/cf=1,B_q0,0.1,0.6,0.3,1.0,0.0,1.0,1.0,bpi2019,native,offline_taxblind,24260876424.483,0.934763,,,,,,,,,,,ours_noinflate,0.943563
h=0.1/q0=0.6/p=0.3/r=1/sig=0/cf=1,B_q0,0.1,0.6,0.3,1.0,0.0,1.0,1.0,bpi2019,native,offline_opt_tax,24458341702.86,0.942372,,,,,,,,,,,ours_noinflate,0.943563
h=0.1/q0=0.6/p=0.3/r=1/sig=0/cf=1,B_q0,0.1,0.6,0.3,1.0,0.0,1.0,1.0,sepsis,autorpa_233k,always_reactive,93787502.059,0.993603,0.0,0.0,0.0,0.0,0.0,0.0,0.0,0.004,0.0,0.0,always_reactive,0.861522
h=0.1/q0=0.6/p=0.3/r=1/sig=0/cf=1,B_q0,0.1,0.6,0.3,1.0,0.0,1.0,1.0,sepsis,autorpa_233k,always_compile_evict,108862588.22,1.153311,11.4,12.0,73.6,8.2,0.0,57.3,71.2,0.008,52.9,12325700.0,always_reactive,0.861522
h=0.1/q0=0.6/p=0.3/r=1/sig=0/cf=1,B_q0,0.1,0.6,0.3,1.0,0.0,1.0,1.0,sepsis,autorpa_233k,ours_noinflate,94391356.442,1.0,0.6,0.8,3.4,0.5,0.0,2.3,3.1,0.004,2.3,535900.0,always_reactive,0.861522
h=0.1/q0=0.6/p=0.3/r=1/sig=0/cf=1,B_q0,0.1,0.6,0.3,1.0,0.0,1.0,1.0,sepsis,autorpa_233k,oracle_tax,93787502.059,0.993603,0.0,0.0,0.0,0.0,0.0,0.0,0.0,0.004,0.0,0.0,always_reactive,0.861522
h=0.1/q0=0.6/p=0.3/r=1/sig=0/cf=1,B_q0,0.1,0.6,0.3,1.0,0.0,1.0,1.0,sepsis,autorpa_233k,ours_spend_cap,94391356.442,1.0,0.6,0.8,3.4,0.5,0.0,2.3,3.1,0.004,2.3,535900.0,always_reactive,0.861522
h=0.1/q0=0.6/p=0.3/r=1/sig=0/cf=1,B_q0,0.1,0.6,0.3,1.0,0.0,1.0,1.0,sepsis,autorpa_233k,ours_cap_epoch,94391356.442,1.0,0.6,0.8,3.4,0.5,0.0,2.3,3.1,0.004,2.3,535900.0,always_reactive,0.861522
h=0.1/q0=0.6/p=0.3/r=1/sig=0/cf=1,B_q0,0.1,0.6,0.3,1.0,0.0,1.0,1.0,sepsis,autorpa_233k,ours_cap_realized,94391356.442,1.0,0.6,0.8,3.4,0.5,0.0,2.3,3.1,0.004,2.3,535900.0,always_reactive,0.861522
h=0.1/q0=0.6/p=0.3/r=1/sig=0/cf=1,B_q0,0.1,0.6,0.3,1.0,0.0,1.0,1.0,sepsis,autorpa_233k,ours_pi_prior,94253414.199,0.998539,0.5,0.5,2.3,0.2,0.0,1.0,2.2,0.004,1.6,372800.0,always_reactive,0.861522
h=0.1/q0=0.6/p=0.3/r=1/sig=0/cf=1,B_q0,0.1,0.6,0.3,1.0,0.0,1.0,1.0,sepsis,autorpa_233k,breakeven,94455914.376,1.000684,0.7,1.0,3.7,0.5,0.0,3.5,3.6,0.004,2.5,582500.0,always_reactive,0.861522
h=0.1/q0=0.6/p=0.3/r=1/sig=0/cf=1,B_q0,0.1,0.6,0.3,1.0,0.0,1.0,1.0,sepsis,autorpa_233k,breakeven_cap_epoch,94311093.466,0.99915,0.6,0.9,3.0,0.4,0.0,3.3,2.9,0.004,2.0,466000.0,always_reactive,0.861522
h=0.1/q0=0.6/p=0.3/r=1/sig=0/cf=1,B_q0,0.1,0.6,0.3,1.0,0.0,1.0,1.0,sepsis,autorpa_233k,offline_taxblind,93787502.059,0.993603,,,,,,,,,,,always_reactive,0.861522
h=0.1/q0=0.6/p=0.3/r=1/sig=0/cf=1,B_q0,0.1,0.6,0.3,1.0,0.0,1.0,1.0,sepsis,autorpa_233k,offline_opt_tax,93787502.059,0.993603,,,,,,,,,,,always_reactive,0.861522
h=0.1/q0=0.6/p=0.3/r=1/sig=0/cf=1,B_q0,0.1,0.6,0.3,1.0,0.0,1.0,1.0,sepsis,native,always_reactive,93787502.059,0.994708,0.0,0.0,0.0,0.0,0.0,0.0,0.0,0.004,0.0,0.0,always_reactive,0.936845
h=0.1/q0=0.6/p=0.3/r=1/sig=0/cf=1,B_q0,0.1,0.6,0.3,1.0,0.0,1.0,1.0,sepsis,native,always_compile_evict,100109992.27,1.061765,10.2,11.4,73.6,8.2,0.0,57.3,67.9,0.009,52.9,6058983.8,always_reactive,0.936845
h=0.1/q0=0.6/p=0.3/r=1/sig=0/cf=1,B_q0,0.1,0.6,0.3,1.0,0.0,1.0,1.0,sepsis,native,ours_noinflate,94286423.921,1.0,2.5,3.2,10.8,1.2,0.0,7.9,8.8,0.005,6.5,690264.25,always_reactive,0.936845
h=0.1/q0=0.6/p=0.3/r=1/sig=0/cf=1,B_q0,0.1,0.6,0.3,1.0,0.0,1.0,1.0,sepsis,native,oracle_tax,93792736.473,0.994764,0.2,0.8,2.3,0.6,0.0,4.1,1.5,0.004,1.5,159291.75,always_reactive,0.936845
h=0.1/q0=0.6/p=0.3/r=1/sig=0/cf=1,B_q0,0.1,0.6,0.3,1.0,0.0,1.0,1.0,sepsis,native,ours_spend_cap,94286423.921,1.0,2.5,3.2,10.8,1.2,0.0,7.9,8.8,0.005,6.5,690264.25,always_reactive,0.936845
h=0.1/q0=0.6/p=0.3/r=1/sig=0/cf=1,B_q0,0.1,0.6,0.3,1.0,0.0,1.0,1.0,sepsis,native,ours_cap_epoch,94286423.921,1.0,2.5,3.2,10.8,1.2,0.0,7.9,8.8,0.005,6.5,690264.25,always_reactive,0.936845
h=0.1/q0=0.6/p=0.3/r=1/sig=0/cf=1,B_q0,0.1,0.6,0.3,1.0,0.0,1.0,1.0,sepsis,native,ours_cap_realized,94286423.921,1.0,2.5,3.2,10.8,1.2,0.0,7.9,8.8,0.005,6.5,690264.25,always_reactive,0.936845
h=0.1/q0=0.6/p=0.3/r=1/sig=0/cf=1,B_q0,0.1,0.6,0.3,1.0,0.0,1.0,1.0,sepsis,native,ours_pi_prior,94436713.602,1.001594,2.0,2.4,10.1,1.1,0.0,8.2,8.6,0.005,7.0,777307.25,always_reactive,0.936845
h=0.1/q0=0.6/p=0.3/r=1/sig=0/cf=1,B_q0,0.1,0.6,0.3,1.0,0.0,1.0,1.0,sepsis,native,breakeven,94854799.32,1.006028,2.4,3.3,14.2,1.3,0.0,13.2,12.0,0.005,9.8,1176489.1,always_reactive,0.936845
h=0.1/q0=0.6/p=0.3/r=1/sig=0/cf=1,B_q0,0.1,0.6,0.3,1.0,0.0,1.0,1.0,sepsis,native,breakeven_cap_epoch,94764481.006,1.00507,2.0,3.0,13.3,1.3,0.0,11.5,11.3,0.005,9.3,1104533.1,always_reactive,0.936845
h=0.1/q0=0.6/p=0.3/r=1/sig=0/cf=1,B_q0,0.1,0.6,0.3,1.0,0.0,1.0,1.0,sepsis,native,offline_taxblind,93728372.365,0.994081,,,,,,,,,,,always_reactive,0.936845
h=0.1/q0=0.6/p=0.3/r=1/sig=0/cf=1,B_q0,0.1,0.6,0.3,1.0,0.0,1.0,1.0,sepsis,native,offline_opt_tax,93775454.642,0.994581,,,,,,,,,,,always_reactive,0.936845
h=0.1/q0=0.6/p=0.3/r=1/sig=0/cf=1,B_q0,0.1,0.6,0.3,1.0,0.0,1.0,1.0,wiki_A,autorpa_233k,always_reactive,4770469730.199,0.996534,0.0,0.0,0.0,0.0,0.0,0.0,0.0,0.005,0.0,0.0,always_reactive,0.623382
h=0.1/q0=0.6/p=0.3/r=1/sig=0/cf=1,B_q0,0.1,0.6,0.3,1.0,0.0,1.0,1.0,wiki_A,autorpa_233k,always_compile_evict,7652562141.556,1.598593,22.2,53.2,17364.1,5043.7,0.0,32269.0,17183.5,0.018,12141.9,2829062700.0,always_reactive,0.623382
h=0.1/q0=0.6/p=0.3/r=1/sig=0/cf=1,B_q0,0.1,0.6,0.3,1.0,0.0,1.0,1.0,wiki_A,autorpa_233k,ours_noinflate,4787060324.358,1.0,0.9,3.8,100.3,22.5,0.0,132.4,92.0,0.006,70.3,16379900.0,always_reactive,0.623382
h=0.1/q0=0.6/p=0.3/r=1/sig=0/cf=1,B_q0,0.1,0.6,0.3,1.0,0.0,1.0,1.0,wiki_A,autorpa_233k,oracle_tax,4770469730.199,0.996534,0.0,0.0,0.0,0.0,0.0,0.0,0.0,0.005,0.0,0.0,always_reactive,0.623382
h=0.1/q0=0.6/p=0.3/r=1/sig=0/cf=1,B_q0,0.1,0.6,0.3,1.0,0.0,1.0,1.0,wiki_A,autorpa_233k,ours_spend_cap,4785531493.641,0.999681,0.8,3.5,88.9,19.5,0.0,115.3,81.5,0.006,62.5,14562500.0,always_reactive,0.623382
h=0.1/q0=0.6/p=0.3/r=1/sig=0/cf=1,B_q0,0.1,0.6,0.3,1.0,0.0,1.0,1.0,wiki_A,autorpa_233k,ours_cap_epoch,4786356417.236,0.999853,0.8,3.6,93.3,20.7,0.0,120.0,85.6,0.006,65.6,15284800.0,always_reactive,0.623382
h=0.1/q0=0.6/p=0.3/r=1/sig=0/cf=1,B_q0,0.1,0.6,0.3,1.0,0.0,1.0,1.0,wiki_A,autorpa_233k,ours_cap_realized,4786920524.358,0.999971,0.9,3.8,99.7,22.5,0.0,132.4,91.4,0.006,69.7,16240100.0,always_reactive,0.623382
h=0.1/q0=0.6/p=0.3/r=1/sig=0/cf=1,B_q0,0.1,0.6,0.3,1.0,0.0,1.0,1.0,wiki_A,autorpa_233k,ours_pi_prior,4788195205.776,1.000237,0.7,4.6,101.3,22.5,0.0,137.8,92.0,0.006,69.5,16193500.0,always_reactive,0.623382
h=0.1/q0=0.6/p=0.3/r=1/sig=0/cf=1,B_q0,0.1,0.6,0.3,1.0,0.0,1.0,1.0,wiki_A,autorpa_233k,breakeven,5152413718.782,1.076321,0.8,6.5,2397.0,674.3,0.0,4293.1,2287.9,0.006,1678.1,390997300.0,always_reactive,0.623382
h=0.1/q0=0.6/p=0.3/r=1/sig=0/cf=1,B_q0,0.1,0.6,0.3,1.0,0.0,1.0,1.0,wiki_A,autorpa_233k,breakeven_cap_epoch,4803709639.902,1.003478,0.4,3.8,199.3,36.8,0.0,222.1,181.4,0.006,140.5,32736500.0,always_reactive,0.623382
h=0.1/q0=0.6/p=0.3/r=1/sig=0/cf=1,B_q0,0.1,0.6,0.3,1.0,0.0,1.0,1.0,wiki_A,autorpa_233k,offline_taxblind,4770469730.199,0.996534,,,,,,,,,,,always_reactive,0.623382
h=0.1/q0=0.6/p=0.3/r=1/sig=0/cf=1,B_q0,0.1,0.6,0.3,1.0,0.0,1.0,1.0,wiki_A,autorpa_233k,offline_opt_tax,4770469730.199,0.996534,,,,,,,,,,,always_reactive,0.623382
h=0.1/q0=0.6/p=0.3/r=1/sig=0/cf=1,B_q0,0.1,0.6,0.3,1.0,0.0,1.0,1.0,wiki_A,native,always_reactive,4770469730.199,1.012777,0.0,0.0,0.0,0.0,0.0,0.0,0.0,0.005,0.0,0.0,ours_noinflate,0.836517
h=0.1/q0=0.6/p=0.3/r=1/sig=0/cf=1,B_q0,0.1,0.6,0.3,1.0,0.0,1.0,1.0,wiki_A,native,always_compile_evict,5630827084.306,1.195432,10.2,38.3,17364.1,5043.7,0.0,32269.0,17050.2,0.018,12141.9,1441404524.55,ours_noinflate,0.836517
h=0.1/q0=0.6/p=0.3/r=1/sig=0/cf=1,B_q0,0.1,0.6,0.3,1.0,0.0,1.0,1.0,wiki_A,native,ours_noinflate,4710284658.131,1.0,3.4,13.6,1818.2,500.2,0.0,3225.3,1698.3,0.01,1271.3,135005067.85,ours_noinflate,0.836517
h=0.1/q0=0.6/p=0.3/r=1/sig=0/cf=1,B_q0,0.1,0.6,0.3,1.0,0.0,1.0,1.0,wiki_A,native,oracle_tax,4760613358.313,1.010685,1.6,2.9,219.3,60.3,0.0,379.3,179.1,0.005,157.4,16715014.3,ours_noinflate,0.836517
h=0.1/q0=0.6/p=0.3/r=1/sig=0/cf=1,B_q0,0.1,0.6,0.3,1.0,0.0,1.0,1.0,wiki_A,native,ours_spend_cap,4781930110.106,1.01521,1.2,10.8,352.0,70.3,0.0,455.6,305.2,0.008,244.5,25964555.25,ours_noinflate,0.836517
h=0.1/q0=0.6/p=0.3/r=1/sig=0/cf=1,B_q0,0.1,0.6,0.3,1.0,0.0,1.0,1.0,wiki_A,native,ours_cap_epoch,4777807957.821,1.014335,1.7,12.2,515.0,119.1,0.0,751.5,446.3,0.008,356.0,37805242.0,ours_noinflate,0.836517
h=0.1/q0=0.6/p=0.3/r=1/sig=0/cf=1,B_q0,0.1,0.6,0.3,1.0,0.0,1.0,1.0,wiki_A,native,ours_cap_realized,4724546548.48,1.003028,3.1,13.1,1556.4,421.8,0.0,2707.0,1449.8,0.009,1089.6,115709527.2,ours_noinflate,0.836517
h=0.1/q0=0.6/p=0.3/r=1/sig=0/cf=1,B_q0,0.1,0.6,0.3,1.0,0.0,1.0,1.0,wiki_A,native,ours_pi_prior,4734686888.259,1.005181,1.4,9.8,1229.9,334.6,0.0,2152.6,1138.0,0.008,859.2,91698696.15,ours_noinflate,0.836517
h=0.1/q0=0.6/p=0.3/r=1/sig=0/cf=1,B_q0,0.1,0.6,0.3,1.0,0.0,1.0,1.0,wiki_A,native,breakeven,4941443381.158,1.049075,0.0,5.8,3411.9,947.1,0.0,5999.0,3226.2,0.006,2382.7,268384429.4,ours_noinflate,0.836517
h=0.1/q0=0.6/p=0.3/r=1/sig=0/cf=1,B_q0,0.1,0.6,0.3,1.0,0.0,1.0,1.0,wiki_A,native,breakeven_cap_epoch,4789246307.071,1.016764,0.0,4.4,451.2,81.3,0.0,487.9,387.9,0.006,311.6,33776664.7,ours_noinflate,0.836517
h=0.1/q0=0.6/p=0.3/r=1/sig=0/cf=1,B_q0,0.1,0.6,0.3,1.0,0.0,1.0,1.0,wiki_A,native,offline_taxblind,4576871802.921,0.971676,,,,,,,,,,,ours_noinflate,0.836517
h=0.1/q0=0.6/p=0.3/r=1/sig=0/cf=1,B_q0,0.1,0.6,0.3,1.0,0.0,1.0,1.0,wiki_A,native,offline_opt_tax,4598143661.677,0.976192,,,,,,,,,,,ours_noinflate,0.836517
h=0.1/q0=0.6/p=0.3/r=1/sig=0/cf=1,B_q0,0.1,0.6,0.3,1.0,0.0,1.0,1.0,wiki_B,autorpa_233k,always_reactive,8991713899.193,0.991257,0.0,0.0,0.0,0.0,0.0,0.0,0.0,0.004,0.0,0.0,always_reactive,0.787656
h=0.1/q0=0.6/p=0.3/r=1/sig=0/cf=1,B_q0,0.1,0.6,0.3,1.0,0.0,1.0,1.0,wiki_B,autorpa_233k,always_compile_evict,11415786769.339,1.258489,104.6,118.5,10149.8,2137.0,0.0,13439.5,10038.9,0.066,7119.2,1658773600.0,always_reactive,0.787656
h=0.1/q0=0.6/p=0.3/r=1/sig=0/cf=1,B_q0,0.1,0.6,0.3,1.0,0.0,1.0,1.0,wiki_B,autorpa_233k,ours_noinflate,9071022690.483,1.0,6.2,10.3,349.0,61.2,0.0,406.0,333.5,0.008,244.0,56852000.0,always_reactive,0.787656
h=0.1/q0=0.6/p=0.3/r=1/sig=0/cf=1,B_q0,0.1,0.6,0.3,1.0,0.0,1.0,1.0,wiki_B,autorpa_233k,oracle_tax,8991713899.193,0.991257,0.0,0.0,0.0,0.0,0.0,0.0,0.0,0.004,0.0,0.0,always_reactive,0.787656
h=0.1/q0=0.6/p=0.3/r=1/sig=0/cf=1,B_q0,0.1,0.6,0.3,1.0,0.0,1.0,1.0,wiki_B,autorpa_233k,ours_spend_cap,9068917980.797,0.999768,6.1,10.3,332.3,57.0,0.0,377.7,317.9,0.007,232.2,54102600.0,always_reactive,0.787656
h=0.1/q0=0.6/p=0.3/r=1/sig=0/cf=1,B_q0,0.1,0.6,0.3,1.0,0.0,1.0,1.0,wiki_B,autorpa_233k,ours_cap_epoch,9069888019.214,0.999875,6.2,10.3,342.1,59.6,0.0,395.8,326.7,0.007,239.0,55687000.0,always_reactive,0.787656
h=0.1/q0=0.6/p=0.3/r=1/sig=0/cf=1,B_q0,0.1,0.6,0.3,1.0,0.0,1.0,1.0,wiki_B,autorpa_233k,ours_cap_realized,9070856509.956,0.999982,6.2,10.3,347.1,60.6,0.0,401.0,332.0,0.008,242.8,56572400.0,always_reactive,0.787656
h=0.1/q0=0.6/p=0.3/r=1/sig=0/cf=1,B_q0,0.1,0.6,0.3,1.0,0.0,1.0,1.0,wiki_B,autorpa_233k,ours_pi_prior,9084714244.077,1.001509,7.5,11.2,383.5,60.2,0.0,398.2,368.0,0.008,268.6,62583800.0,always_reactive,0.787656
h=0.1/q0=0.6/p=0.3/r=1/sig=0/cf=1,B_q0,0.1,0.6,0.3,1.0,0.0,1.0,1.0,wiki_B,autorpa_233k,breakeven,9176317967.946,1.011608,2.8,8.4,955.3,151.7,0.0,981.0,902.3,0.007,667.2,155457600.0,always_reactive,0.787656
h=0.1/q0=0.6/p=0.3/r=1/sig=0/cf=1,B_q0,0.1,0.6,0.3,1.0,0.0,1.0,1.0,wiki_B,autorpa_233k,breakeven_cap_epoch,9098794851.325,1.003062,2.1,6.2,511.0,60.9,0.0,395.2,486.0,0.006,360.3,83949900.0,always_reactive,0.787656
h=0.1/q0=0.6/p=0.3/r=1/sig=0/cf=1,B_q0,0.1,0.6,0.3,1.0,0.0,1.0,1.0,wiki_B,autorpa_233k,offline_taxblind,8991713899.192,0.991257,,,,,,,,,,,always_reactive,0.787656
h=0.1/q0=0.6/p=0.3/r=1/sig=0/cf=1,B_q0,0.1,0.6,0.3,1.0,0.0,1.0,1.0,wiki_B,autorpa_233k,offline_opt_tax,8991713899.192,0.991257,,,,,,,,,,,always_reactive,0.787656
h=0.1/q0=0.6/p=0.3/r=1/sig=0/cf=1,B_q0,0.1,0.6,0.3,1.0,0.0,1.0,1.0,wiki_B,native,always_reactive,8991713899.193,0.990372,0.0,0.0,0.0,0.0,0.0,0.0,0.0,0.004,0.0,0.0,always_reactive,0.911278
h=0.1/q0=0.6/p=0.3/r=1/sig=0/cf=1,B_q0,0.1,0.6,0.3,1.0,0.0,1.0,1.0,wiki_B,native,always_compile_evict,9867151559.844,1.086795,66.5,76.7,10149.8,2137.0,0.0,13439.5,9901.8,0.047,7119.2,775270896.4,always_reactive,0.911278
h=0.1/q0=0.6/p=0.3/r=1/sig=0/cf=1,B_q0,0.1,0.6,0.3,1.0,0.0,1.0,1.0,wiki_B,native,ours_noinflate,9079124660.2,1.0,16.6,22.5,2250.5,464.4,0.0,2985.1,2123.6,0.015,1573.7,167118284.65,always_reactive,0.911278
h=0.1/q0=0.6/p=0.3/r=1/sig=0/cf=1,B_q0,0.1,0.6,0.3,1.0,0.0,1.0,1.0,wiki_B,native,oracle_tax,8990680387.066,0.990259,0.6,1.9,20.7,5.9,0.0,34.8,15.5,0.004,14.2,1507961.9,always_reactive,0.911278
h=0.1/q0=0.6/p=0.3/r=1/sig=0/cf=1,B_q0,0.1,0.6,0.3,1.0,0.0,1.0,1.0,wiki_B,native,ours_spend_cap,9090007031.841,1.001199,12.1,17.8,1372.8,229.0,0.0,1475.7,1275.4,0.012,952.7,101171500.15,always_reactive,0.911278
h=0.1/q0=0.6/p=0.3/r=1/sig=0/cf=1,B_q0,0.1,0.6,0.3,1.0,0.0,1.0,1.0,wiki_B,native,ours_cap_epoch,9092775060.786,1.001503,13.9,19.9,1615.4,288.9,0.0,1865.0,1504.6,0.013,1125.4,119511290.3,always_reactive,0.911278
h=0.1/q0=0.6/p=0.3/r=1/sig=0/cf=1,B_q0,0.1,0.6,0.3,1.0,0.0,1.0,1.0,wiki_B,native,ours_cap_realized,9079059173.485,0.999993,15.7,21.3,2122.9,430.8,0.0,2762.0,1998.5,0.014,1483.9,157582018.55,always_reactive,0.911278
h=0.1/q0=0.6/p=0.3/r=1/sig=0/cf=1,B_q0,0.1,0.6,0.3,1.0,0.0,1.0,1.0,wiki_B,native,ours_pi_prior,9077937227.537,0.999869,14.5,21.3,2159.7,452.5,0.0,2941.3,2039.2,0.014,1508.3,161542309.6,always_reactive,0.911278
h=0.1/q0=0.6/p=0.3/r=1/sig=0/cf=1,B_q0,0.1,0.6,0.3,1.0,0.0,1.0,1.0,wiki_B,native,breakeven,9123721898.938,1.004912,3.1,10.0,1673.2,198.3,0.0,1283.0,1567.2,0.007,1169.4,127291770.3,always_reactive,0.911278
h=0.1/q0=0.6/p=0.3/r=1/sig=0/cf=1,B_q0,0.1,0.6,0.3,1.0,0.0,1.0,1.0,wiki_B,native,breakeven_cap_epoch,9094120679.367,1.001652,2.5,8.0,1252.0,121.4,0.0,798.9,1171.4,0.006,874.5,95099966.25,always_reactive,0.911278
h=0.1/q0=0.6/p=0.3/r=1/sig=0/cf=1,B_q0,0.1,0.6,0.3,1.0,0.0,1.0,1.0,wiki_B,native,offline_taxblind,8838436441.996,0.97349,,,,,,,,,,,always_reactive,0.911278
h=0.1/q0=0.6/p=0.3/r=1/sig=0/cf=1,B_q0,0.1,0.6,0.3,1.0,0.0,1.0,1.0,wiki_B,native,offline_opt_tax,8889133966.787,0.979074,,,,,,,,,,,always_reactive,0.911278
h=0.1/q0=0.6/p=0/r=1/sig=0/cf=11.0877,B_q0,0.1,0.6,0.0,1.0,0.0,1.0,11.087667012373094,bpi2019,autorpa_233k,always_reactive,26858149732.486,0.966891,0.0,0.0,0.0,0.0,0.0,0.0,0.0,0.003,0.0,0.0,always_reactive,0.042054
h=0.1/q0=0.6/p=0/r=1/sig=0/cf=11.0877,B_q0,0.1,0.6,0.0,1.0,0.0,1.0,11.087667012373094,bpi2019,autorpa_233k,always_compile_evict,638660026217.309,22.991702,0.0,0.0,236818.0,0.0,0.0,0.0,236818.0,0.0,236818.0,611801876482.757,always_reactive,0.042054
h=0.1/q0=0.6/p=0/r=1/sig=0/cf=11.0877,B_q0,0.1,0.6,0.0,1.0,0.0,1.0,11.087667012373094,bpi2019,autorpa_233k,ours_noinflate,27777849535.83,1.0,0.0,0.0,356.0,0.0,0.0,0.0,356.0,0.003,356.0,919699803.342,always_reactive,0.042054
h=0.1/q0=0.6/p=0/r=1/sig=0/cf=11.0877,B_q0,0.1,0.6,0.0,1.0,0.0,1.0,11.087667012373094,bpi2019,autorpa_233k,oracle_tax,26858149732.486,0.966891,0.0,0.0,0.0,0.0,0.0,0.0,0.0,0.003,0.0,0.0,always_reactive,0.042054
h=0.1/q0=0.6/p=0/r=1/sig=0/cf=11.0877,B_q0,0.1,0.6,0.0,1.0,0.0,1.0,11.087667012373094,bpi2019,autorpa_233k,ours_spend_cap,27777849535.83,1.0,0.0,0.0,356.0,0.0,0.0,0.0,356.0,0.003,356.0,919699803.342,always_reactive,0.042054
h=0.1/q0=0.6/p=0/r=1/sig=0/cf=11.0877,B_q0,0.1,0.6,0.0,1.0,0.0,1.0,11.087667012373094,bpi2019,autorpa_233k,ours_cap_epoch,27777849535.83,1.0,0.0,0.0,356.0,0.0,0.0,0.0,356.0,0.003,356.0,919699803.342,always_reactive,0.042054
h=0.1/q0=0.6/p=0/r=1/sig=0/cf=11.0877,B_q0,0.1,0.6,0.0,1.0,0.0,1.0,11.087667012373094,bpi2019,autorpa_233k,ours_cap_realized,27777849535.83,1.0,0.0,0.0,356.0,0.0,0.0,0.0,356.0,0.003,356.0,919699803.342,always_reactive,0.042054
h=0.1/q0=0.6/p=0/r=1/sig=0/cf=11.0877,B_q0,0.1,0.6,0.0,1.0,0.0,1.0,11.087667012373094,bpi2019,autorpa_233k,ours_pi_prior,27948355679.146,1.006138,0.0,0.0,422.0,0.0,0.0,0.0,422.0,0.003,422.0,1090205946.659,always_reactive,0.042054
h=0.1/q0=0.6/p=0/r=1/sig=0/cf=11.0877,B_q0,0.1,0.6,0.0,1.0,0.0,1.0,11.087667012373094,bpi2019,autorpa_233k,breakeven,124129321067.726,4.468644,0.0,0.0,37652.0,0.0,0.0,0.0,37652.0,0.001,37652.0,97271171335.524,always_reactive,0.042054
h=0.1/q0=0.6/p=0/r=1/sig=0/cf=11.0877,B_q0,0.1,0.6,0.0,1.0,0.0,1.0,11.087667012373094,bpi2019,autorpa_233k,breakeven_cap_epoch,28000024207.424,1.007998,0.0,0.0,442.0,0.0,0.0,0.0,442.0,0.003,442.0,1141874474.936,always_reactive,0.042054
h=0.1/q0=0.6/p=0/r=1/sig=0/cf=11.0877,B_q0,0.1,0.6,0.0,1.0,0.0,1.0,11.087667012373094,bpi2019,autorpa_233k,offline_taxblind,26858149732.495,0.966891,,,,,,,,,,,always_reactive,0.042054
h=0.1/q0=0.6/p=0/r=1/sig=0/cf=11.0877,B_q0,0.1,0.6,0.0,1.0,0.0,1.0,11.087667012373094,bpi2019,autorpa_233k,offline_opt_tax,26858149732.495,0.966891,,,,,,,,,,,always_reactive,0.042054
h=0.1/q0=0.6/p=0/r=1/sig=0/cf=11.0877,B_q0,0.1,0.6,0.0,1.0,0.0,1.0,11.087667012373094,bpi2019,native,always_reactive,26858149732.486,0.936372,0.0,0.0,0.0,0.0,0.0,0.0,0.0,0.003,0.0,0.0,always_reactive,0.090199
h=0.1/q0=0.6/p=0/r=1/sig=0/cf=11.0877,B_q0,0.1,0.6,0.0,1.0,0.0,1.0,11.087667012373094,bpi2019,native,always_compile_evict,297766090738.087,10.381203,0.0,0.0,236818.0,0.0,0.0,0.0,236818.0,0.0,236818.0,270907941005.199,always_reactive,0.090199
h=0.1/q0=0.6/p=0/r=1/sig=0/cf=11.0877,B_q0,0.1,0.6,0.0,1.0,0.0,1.0,11.087667012373094,bpi2019,native,ours_noinflate,28683196077.035,1.0,0.0,0.0,1550.0,0.0,0.0,0.0,1550.0,0.003,1550.0,1825046344.545,always_reactive,0.090199
h=0.1/q0=0.6/p=0/r=1/sig=0/cf=11.0877,B_q0,0.1,0.6,0.0,1.0,0.0,1.0,11.087667012373094,bpi2019,native,oracle_tax,26858149732.486,0.936372,0.0,0.0,0.0,0.0,0.0,0.0,0.0,0.003,0.0,0.0,always_reactive,0.090199
h=0.1/q0=0.6/p=0/r=1/sig=0/cf=11.0877,B_q0,0.1,0.6,0.0,1.0,0.0,1.0,11.087667012373094,bpi2019,native,ours_spend_cap,27563441835.96,0.960961,0.0,0.0,599.0,0.0,0.0,0.0,599.0,0.003,599.0,705292103.473,always_reactive,0.090199
h=0.1/q0=0.6/p=0/r=1/sig=0/cf=11.0877,B_q0,0.1,0.6,0.0,1.0,0.0,1.0,11.087667012373094,bpi2019,native,ours_cap_epoch,27563441835.96,0.960961,0.0,0.0,599.0,0.0,0.0,0.0,599.0,0.003,599.0,705292103.473,always_reactive,0.090199
h=0.1/q0=0.6/p=0/r=1/sig=0/cf=11.0877,B_q0,0.1,0.6,0.0,1.0,0.0,1.0,11.087667012373094,bpi2019,native,ours_cap_realized,27563441835.96,0.960961,0.0,0.0,599.0,0.0,0.0,0.0,599.0,0.003,599.0,705292103.473,always_reactive,0.090199
h=0.1/q0=0.6/p=0/r=1/sig=0/cf=11.0877,B_q0,0.1,0.6,0.0,1.0,0.0,1.0,11.087667012373094,bpi2019,native,ours_pi_prior,28797928461.187,1.004,0.0,0.0,1624.0,0.0,0.0,0.0,1624.0,0.003,1624.0,1939778728.697,always_reactive,0.090199
h=0.1/q0=0.6/p=0/r=1/sig=0/cf=11.0877,B_q0,0.1,0.6,0.0,1.0,0.0,1.0,11.087667012373094,bpi2019,native,breakeven,125514820598.016,4.375901,0.0,0.0,83667.0,0.0,0.0,0.0,83667.0,0.001,83667.0,98656670865.615,always_reactive,0.090199
h=0.1/q0=0.6/p=0/r=1/sig=0/cf=11.0877,B_q0,0.1,0.6,0.0,1.0,0.0,1.0,11.087667012373094,bpi2019,native,breakeven_cap_epoch,27743725638.432,0.967247,0.0,0.0,734.0,0.0,0.0,0.0,734.0,0.003,734.0,885575905.944,always_reactive,0.090199
h=0.1/q0=0.6/p=0/r=1/sig=0/cf=11.0877,B_q0,0.1,0.6,0.0,1.0,0.0,1.0,11.087667012373094,bpi2019,native,offline_taxblind,26858149732.495,0.936372,,,,,,,,,,,always_reactive,0.090199
h=0.1/q0=0.6/p=0/r=1/sig=0/cf=11.0877,B_q0,0.1,0.6,0.0,1.0,0.0,1.0,11.087667012373094,bpi2019,native,offline_opt_tax,26858149732.495,0.936372,,,,,,,,,,,always_reactive,0.090199
h=0.1/q0=0.6/p=0/r=1/sig=0/cf=11.0877,B_q0,0.1,0.6,0.0,1.0,0.0,1.0,11.087667012373094,sepsis,autorpa_233k,always_reactive,93787502.059,0.923671,0.0,0.0,0.0,0.0,0.0,0.0,0.0,0.004,0.0,0.0,always_reactive,0.203605
h=0.1/q0=0.6/p=0/r=1/sig=0/cf=11.0877,B_q0,0.1,0.6,0.0,1.0,0.0,1.0,11.087667012373094,sepsis,autorpa_233k,always_compile_evict,460634052.831,4.536578,0.0,0.0,142.0,0.0,0.0,0.0,142.0,0.001,142.0,366846550.771,always_reactive,0.203605
h=0.1/q0=0.6/p=0/r=1/sig=0/cf=11.0877,B_q0,0.1,0.6,0.0,1.0,0.0,1.0,11.087667012373094,sepsis,autorpa_233k,ours_noinflate,101537781.301,1.0,0.0,0.0,3.0,0.0,0.0,0.0,3.0,0.004,3.0,7750279.242,always_reactive,0.203605
h=0.1/q0=0.6/p=0/r=1/sig=0/cf=11.0877,B_q0,0.1,0.6,0.0,1.0,0.0,1.0,11.087667012373094,sepsis,autorpa_233k,oracle_tax,93787502.059,0.923671,0.0,0.0,0.0,0.0,0.0,0.0,0.0,0.004,0.0,0.0,always_reactive,0.203605
h=0.1/q0=0.6/p=0/r=1/sig=0/cf=11.0877,B_q0,0.1,0.6,0.0,1.0,0.0,1.0,11.087667012373094,sepsis,autorpa_233k,ours_spend_cap,101537781.301,1.0,0.0,0.0,3.0,0.0,0.0,0.0,3.0,0.004,3.0,7750279.242,always_reactive,0.203605
h=0.1/q0=0.6/p=0/r=1/sig=0/cf=11.0877,B_q0,0.1,0.6,0.0,1.0,0.0,1.0,11.087667012373094,sepsis,autorpa_233k,ours_cap_epoch,101537781.301,1.0,0.0,0.0,3.0,0.0,0.0,0.0,3.0,0.004,3.0,7750279.242,always_reactive,0.203605
h=0.1/q0=0.6/p=0/r=1/sig=0/cf=11.0877,B_q0,0.1,0.6,0.0,1.0,0.0,1.0,11.087667012373094,sepsis,autorpa_233k,ours_cap_realized,101537781.301,1.0,0.0,0.0,3.0,0.0,0.0,0.0,3.0,0.004,3.0,7750279.242,always_reactive,0.203605
h=0.1/q0=0.6/p=0/r=1/sig=0/cf=11.0877,B_q0,0.1,0.6,0.0,1.0,0.0,1.0,11.087667012373094,sepsis,autorpa_233k,ours_pi_prior,98954354.887,0.974557,0.0,0.0,2.0,0.0,0.0,0.0,2.0,0.004,2.0,5166852.828,always_reactive,0.203605
h=0.1/q0=0.6/p=0/r=1/sig=0/cf=11.0877,B_q0,0.1,0.6,0.0,1.0,0.0,1.0,11.087667012373094,sepsis,autorpa_233k,breakeven,104121207.715,1.025443,0.0,0.0,4.0,0.0,0.0,0.0,4.0,0.004,4.0,10333705.656,always_reactive,0.203605
h=0.1/q0=0.6/p=0/r=1/sig=0/cf=11.0877,B_q0,0.1,0.6,0.0,1.0,0.0,1.0,11.087667012373094,sepsis,autorpa_233k,breakeven_cap_epoch,101537781.301,1.0,0.0,0.0,3.0,0.0,0.0,0.0,3.0,0.004,3.0,7750279.242,always_reactive,0.203605
h=0.1/q0=0.6/p=0/r=1/sig=0/cf=11.0877,B_q0,0.1,0.6,0.0,1.0,0.0,1.0,11.087667012373094,sepsis,autorpa_233k,offline_taxblind,93787502.059,0.923671,,,,,,,,,,,always_reactive,0.203605
h=0.1/q0=0.6/p=0/r=1/sig=0/cf=11.0877,B_q0,0.1,0.6,0.0,1.0,0.0,1.0,11.087667012373094,sepsis,autorpa_233k,offline_opt_tax,93787502.059,0.923671,,,,,,,,,,,always_reactive,0.203605
h=0.1/q0=0.6/p=0/r=1/sig=0/cf=11.0877,B_q0,0.1,0.6,0.0,1.0,0.0,1.0,11.087667012373094,sepsis,native,always_reactive,93787502.059,0.859692,0.0,0.0,0.0,0.0,0.0,0.0,0.0,0.004,0.0,0.0,always_reactive,0.333198
h=0.1/q0=0.6/p=0/r=1/sig=0/cf=11.0877,B_q0,0.1,0.6,0.0,1.0,0.0,1.0,11.087667012373094,sepsis,native,always_compile_evict,281477051.151,2.580125,0.0,0.0,142.0,0.0,0.0,0.0,142.0,0.001,142.0,187689549.092,always_reactive,0.333198
h=0.1/q0=0.6/p=0/r=1/sig=0/cf=11.0877,B_q0,0.1,0.6,0.0,1.0,0.0,1.0,11.087667012373094,sepsis,native,ours_noinflate,109094342.368,1.0,0.0,0.0,13.0,0.0,0.0,0.0,13.0,0.004,13.0,15306840.309,always_reactive,0.333198
h=0.1/q0=0.6/p=0/r=1/sig=0/cf=11.0877,B_q0,0.1,0.6,0.0,1.0,0.0,1.0,11.087667012373094,sepsis,native,oracle_tax,93787502.059,0.859692,0.0,0.0,0.0,0.0,0.0,0.0,0.0,0.004,0.0,0.0,always_reactive,0.333198
h=0.1/q0=0.6/p=0/r=1/sig=0/cf=11.0877,B_q0,0.1,0.6,0.0,1.0,0.0,1.0,11.087667012373094,sepsis,native,ours_spend_cap,100852197.587,0.924449,0.0,0.0,6.0,0.0,0.0,0.0,6.0,0.004,6.0,7064695.527,always_reactive,0.333198
h=0.1/q0=0.6/p=0/r=1/sig=0/cf=11.0877,B_q0,0.1,0.6,0.0,1.0,0.0,1.0,11.087667012373094,sepsis,native,ours_cap_epoch,100852197.587,0.924449,0.0,0.0,6.0,0.0,0.0,0.0,6.0,0.004,6.0,7064695.527,always_reactive,0.333198
h=0.1/q0=0.6/p=0/r=1/sig=0/cf=11.0877,B_q0,0.1,0.6,0.0,1.0,0.0,1.0,11.087667012373094,sepsis,native,ours_cap_realized,100852197.587,0.924449,0.0,0.0,6.0,0.0,0.0,0.0,6.0,0.004,6.0,7064695.527,always_reactive,0.333198
h=0.1/q0=0.6/p=0/r=1/sig=0/cf=11.0877,B_q0,0.1,0.6,0.0,1.0,0.0,1.0,11.087667012373094,sepsis,native,ours_pi_prior,109512541.449,1.003833,0.0,0.0,13.0,0.0,0.0,0.0,13.0,0.004,13.0,15725039.39,always_reactive,0.333198
h=0.1/q0=0.6/p=0/r=1/sig=0/cf=11.0877,B_q0,0.1,0.6,0.0,1.0,0.0,1.0,11.087667012373094,sepsis,native,breakeven,118668232.379,1.087758,0.0,0.0,19.0,0.0,0.0,0.0,19.0,0.003,19.0,24880730.32,always_reactive,0.333198
h=0.1/q0=0.6/p=0/r=1/sig=0/cf=11.0877,B_q0,0.1,0.6,0.0,1.0,0.0,1.0,11.087667012373094,sepsis,native,breakeven_cap_epoch,102866045.002,0.942909,0.0,0.0,7.0,0.0,0.0,0.0,7.0,0.004,7.0,9078542.943,always_reactive,0.333198
h=0.1/q0=0.6/p=0/r=1/sig=0/cf=11.0877,B_q0,0.1,0.6,0.0,1.0,0.0,1.0,11.087667012373094,sepsis,native,offline_taxblind,93787502.059,0.859692,,,,,,,,,,,always_reactive,0.333198
h=0.1/q0=0.6/p=0/r=1/sig=0/cf=11.0877,B_q0,0.1,0.6,0.0,1.0,0.0,1.0,11.087667012373094,sepsis,native,offline_opt_tax,93787502.059,0.859692,,,,,,,,,,,always_reactive,0.333198
h=0.1/q0=0.6/p=0/r=1/sig=0/cf=11.0877,B_q0,0.1,0.6,0.0,1.0,0.0,1.0,11.087667012373094,wiki_A,autorpa_233k,always_reactive,4770469730.199,0.970056,0.0,0.0,0.0,0.0,0.0,0.0,0.0,0.005,0.0,0.0,always_reactive,0.028669
h=0.1/q0=0.6/p=0/r=1/sig=0/cf=11.0877,B_q0,0.1,0.6,0.0,1.0,0.0,1.0,11.087667012373094,wiki_A,autorpa_233k,always_compile_evict,166397376461.779,33.836251,0.0,0.0,62563.0,0.0,0.0,0.0,62563.0,0.0,62563.0,161626906731.718,always_reactive,0.028669
h=0.1/q0=0.6/p=0/r=1/sig=0/cf=11.0877,B_q0,0.1,0.6,0.0,1.0,0.0,1.0,11.087667012373094,wiki_A,autorpa_233k,ours_noinflate,4917725035.79,1.0,0.0,0.0,57.0,0.0,0.0,0.0,57.0,0.005,57.0,147255305.591,always_reactive,0.028669
h=0.1/q0=0.6/p=0/r=1/sig=0/cf=11.0877,B_q0,0.1,0.6,0.0,1.0,0.0,1.0,11.087667012373094,wiki_A,autorpa_233k,oracle_tax,4770469730.199,0.970056,0.0,0.0,0.0,0.0,0.0,0.0,0.0,0.005,0.0,0.0,always_reactive,0.028669
h=0.1/q0=0.6/p=0/r=1/sig=0/cf=11.0877,B_q0,0.1,0.6,0.0,1.0,0.0,1.0,11.087667012373094,wiki_A,autorpa_233k,ours_spend_cap,4917725035.79,1.0,0.0,0.0,57.0,0.0,0.0,0.0,57.0,0.005,57.0,147255305.591,always_reactive,0.028669
h=0.1/q0=0.6/p=0/r=1/sig=0/cf=11.0877,B_q0,0.1,0.6,0.0,1.0,0.0,1.0,11.087667012373094,wiki_A,autorpa_233k,ours_cap_epoch,4917725035.79,1.0,0.0,0.0,57.0,0.0,0.0,0.0,57.0,0.005,57.0,147255305.591,always_reactive,0.028669
h=0.1/q0=0.6/p=0/r=1/sig=0/cf=11.0877,B_q0,0.1,0.6,0.0,1.0,0.0,1.0,11.087667012373094,wiki_A,autorpa_233k,ours_cap_realized,4917725035.79,1.0,0.0,0.0,57.0,0.0,0.0,0.0,57.0,0.005,57.0,147255305.591,always_reactive,0.028669
h=0.1/q0=0.6/p=0/r=1/sig=0/cf=11.0877,B_q0,0.1,0.6,0.0,1.0,0.0,1.0,11.087667012373094,wiki_A,autorpa_233k,ours_pi_prior,4928058741.446,1.002101,0.0,0.0,61.0,0.0,0.0,0.0,61.0,0.005,61.0,157589011.247,always_reactive,0.028669
h=0.1/q0=0.6/p=0/r=1/sig=0/cf=11.0877,B_q0,0.1,0.6,0.0,1.0,0.0,1.0,11.087667012373094,wiki_A,autorpa_233k,breakeven,21769415533.542,4.426725,0.0,0.0,6580.0,0.0,0.0,0.0,6580.0,0.001,6580.0,16998945803.35,always_reactive,0.028669
h=0.1/q0=0.6/p=0/r=1/sig=0/cf=11.0877,B_q0,0.1,0.6,0.0,1.0,0.0,1.0,11.087667012373094,wiki_A,autorpa_233k,breakeven_cap_epoch,5002978107.448,1.017336,0.0,0.0,90.0,0.0,0.0,0.0,90.0,0.005,90.0,232508377.249,always_reactive,0.028669
h=0.1/q0=0.6/p=0/r=1/sig=0/cf=11.0877,B_q0,0.1,0.6,0.0,1.0,0.0,1.0,11.087667012373094,wiki_A,autorpa_233k,offline_taxblind,4770469730.199,0.970056,,,,,,,,,,,always_reactive,0.028669
h=0.1/q0=0.6/p=0/r=1/sig=0/cf=11.0877,B_q0,0.1,0.6,0.0,1.0,0.0,1.0,11.087667012373094,wiki_A,autorpa_233k,offline_opt_tax,4770469730.199,0.970056,,,,,,,,,,,always_reactive,0.028669
h=0.1/q0=0.6/p=0/r=1/sig=0/cf=11.0877,B_q0,0.1,0.6,0.0,1.0,0.0,1.0,11.087667012373094,wiki_A,native,always_reactive,4770469730.199,0.937739,0.0,0.0,0.0,0.0,0.0,0.0,0.0,0.005,0.0,0.0,always_reactive,0.054581
h=0.1/q0=0.6/p=0/r=1/sig=0/cf=11.0877,B_q0,0.1,0.6,0.0,1.0,0.0,1.0,11.087667012373094,wiki_A,native,always_compile_evict,87402252127.177,17.180805,0.0,0.0,62563.0,0.0,0.0,0.0,62563.0,0.0,62563.0,82631782397.03,always_reactive,0.054581
h=0.1/q0=0.6/p=0/r=1/sig=0/cf=11.0877,B_q0,0.1,0.6,0.0,1.0,0.0,1.0,11.087667012373094,wiki_A,native,ours_noinflate,5087203579.671,1.0,0.0,0.0,269.0,0.0,0.0,0.0,269.0,0.005,269.0,316733849.473,always_reactive,0.054581
h=0.1/q0=0.6/p=0/r=1/sig=0/cf=11.0877,B_q0,0.1,0.6,0.0,1.0,0.0,1.0,11.087667012373094,wiki_A,native,oracle_tax,4770469730.199,0.937739,0.0,0.0,0.0,0.0,0.0,0.0,0.0,0.005,0.0,0.0,always_reactive,0.054581
h=0.1/q0=0.6/p=0/r=1/sig=0/cf=11.0877,B_q0,0.1,0.6,0.0,1.0,0.0,1.0,11.087667012373094,wiki_A,native,ours_spend_cap,4891747003.417,0.961579,0.0,0.0,103.0,0.0,0.0,0.0,103.0,0.005,103.0,121277273.218,always_reactive,0.054581
h=0.1/q0=0.6/p=0/r=1/sig=0/cf=11.0877,B_q0,0.1,0.6,0.0,1.0,0.0,1.0,11.087667012373094,wiki_A,native,ours_cap_epoch,4891747003.417,0.961579,0.0,0.0,103.0,0.0,0.0,0.0,103.0,0.005,103.0,121277273.218,always_reactive,0.054581
h=0.1/q0=0.6/p=0/r=1/sig=0/cf=11.0877,B_q0,0.1,0.6,0.0,1.0,0.0,1.0,11.087667012373094,wiki_A,native,ours_cap_realized,4891747003.417,0.961579,0.0,0.0,103.0,0.0,0.0,0.0,103.0,0.005,103.0,121277273.218,always_reactive,0.054581
h=0.1/q0=0.6/p=0/r=1/sig=0/cf=11.0877,B_q0,0.1,0.6,0.0,1.0,0.0,1.0,11.087667012373094,wiki_A,native,ours_pi_prior,5077333327.409,0.99806,0.0,0.0,256.0,0.0,0.0,0.0,256.0,0.005,256.0,306863597.211,always_reactive,0.054581
h=0.1/q0=0.6/p=0/r=1/sig=0/cf=11.0877,B_q0,0.1,0.6,0.0,1.0,0.0,1.0,11.087667012373094,wiki_A,native,breakeven,22041736036.383,4.33278,0.0,0.0,13280.0,0.0,0.0,0.0,13280.0,0.001,13280.0,17271266306.192,always_reactive,0.054581
h=0.1/q0=0.6/p=0/r=1/sig=0/cf=11.0877,B_q0,0.1,0.6,0.0,1.0,0.0,1.0,11.087667012373094,wiki_A,native,breakeven_cap_epoch,4935466921.809,0.970173,0.0,0.0,138.0,0.0,0.0,0.0,138.0,0.005,138.0,164997191.611,always_reactive,0.054581
h=0.1/q0=0.6/p=0/r=1/sig=0/cf=11.0877,B_q0,0.1,0.6,0.0,1.0,0.0,1.0,11.087667012373094,wiki_A,native,offline_taxblind,4770469730.199,0.937739,,,,,,,,,,,always_reactive,0.054581
h=0.1/q0=0.6/p=0/r=1/sig=0/cf=11.0877,B_q0,0.1,0.6,0.0,1.0,0.0,1.0,11.087667012373094,wiki_A,native,offline_opt_tax,4770469730.199,0.937739,,,,,,,,,,,always_reactive,0.054581
h=0.1/q0=0.6/p=0/r=1/sig=0/cf=11.0877,B_q0,0.1,0.6,0.0,1.0,0.0,1.0,11.087667012373094,wiki_B,autorpa_233k,always_reactive,8991713899.193,0.933736,0.0,0.0,0.0,0.0,0.0,0.0,0.0,0.004,0.0,0.0,always_reactive,0.110187
h=0.1/q0=0.6/p=0/r=1/sig=0/cf=11.0877,B_q0,0.1,0.6,0.0,1.0,0.0,1.0,11.087667012373094,wiki_B,autorpa_233k,always_compile_evict,81604080114.056,8.474102,0.0,0.0,28107.0,0.0,0.0,0.0,28107.0,0.0,28107.0,72612366215.008,always_reactive,0.110187
h=0.1/q0=0.6/p=0/r=1/sig=0/cf=11.0877,B_q0,0.1,0.6,0.0,1.0,0.0,1.0,11.087667012373094,wiki_B,autorpa_233k,ours_noinflate,9629820223.419,1.0,0.0,0.0,247.0,0.0,0.0,0.0,247.0,0.004,247.0,638106324.229,always_reactive,0.110187
h=0.1/q0=0.6/p=0/r=1/sig=0/cf=11.0877,B_q0,0.1,0.6,0.0,1.0,0.0,1.0,11.087667012373094,wiki_B,autorpa_233k,oracle_tax,8991713899.193,0.933736,0.0,0.0,0.0,0.0,0.0,0.0,0.0,0.004,0.0,0.0,always_reactive,0.110187
h=0.1/q0=0.6/p=0/r=1/sig=0/cf=11.0877,B_q0,0.1,0.6,0.0,1.0,0.0,1.0,11.087667012373094,wiki_B,autorpa_233k,ours_spend_cap,9629820223.419,1.0,0.0,0.0,247.0,0.0,0.0,0.0,247.0,0.004,247.0,638106324.229,always_reactive,0.110187
h=0.1/q0=0.6/p=0/r=1/sig=0/cf=11.0877,B_q0,0.1,0.6,0.0,1.0,0.0,1.0,11.087667012373094,wiki_B,autorpa_233k,ours_cap_epoch,9629820223.419,1.0,0.0,0.0,247.0,0.0,0.0,0.0,247.0,0.004,247.0,638106324.229,always_reactive,0.110187
h=0.1/q0=0.6/p=0/r=1/sig=0/cf=11.0877,B_q0,0.1,0.6,0.0,1.0,0.0,1.0,11.087667012373094,wiki_B,autorpa_233k,ours_cap_realized,9629820223.419,1.0,0.0,0.0,247.0,0.0,0.0,0.0,247.0,0.004,247.0,638106324.229,always_reactive,0.110187
h=0.1/q0=0.6/p=0/r=1/sig=0/cf=11.0877,B_q0,0.1,0.6,0.0,1.0,0.0,1.0,11.087667012373094,wiki_B,autorpa_233k,ours_pi_prior,9730573853.56,1.010463,0.0,0.0,286.0,0.0,0.0,0.0,286.0,0.004,286.0,738859954.371,always_reactive,0.110187
h=0.1/q0=0.6/p=0/r=1/sig=0/cf=11.0877,B_q0,0.1,0.6,0.0,1.0,0.0,1.0,11.087667012373094,wiki_B,autorpa_233k,breakeven,16289893518.392,1.691609,0.0,0.0,2825.0,0.0,0.0,0.0,2825.0,0.002,2825.0,7298179619.219,always_reactive,0.110187
h=0.1/q0=0.6/p=0/r=1/sig=0/cf=11.0877,B_q0,0.1,0.6,0.0,1.0,0.0,1.0,11.087667012373094,wiki_B,autorpa_233k,breakeven_cap_epoch,9712489868.662,1.008585,0.0,0.0,279.0,0.0,0.0,0.0,279.0,0.004,279.0,720775969.473,always_reactive,0.110187
h=0.1/q0=0.6/p=0/r=1/sig=0/cf=11.0877,B_q0,0.1,0.6,0.0,1.0,0.0,1.0,11.087667012373094,wiki_B,autorpa_233k,offline_taxblind,8991713899.192,0.933736,,,,,,,,,,,always_reactive,0.110187
h=0.1/q0=0.6/p=0/r=1/sig=0/cf=11.0877,B_q0,0.1,0.6,0.0,1.0,0.0,1.0,11.087667012373094,wiki_B,autorpa_233k,offline_opt_tax,8991713899.192,0.933736,,,,,,,,,,,always_reactive,0.110187
h=0.1/q0=0.6/p=0/r=1/sig=0/cf=11.0877,B_q0,0.1,0.6,0.0,1.0,0.0,1.0,11.087667012373094,wiki_B,native,always_reactive,8991713899.193,0.864984,0.0,0.0,0.0,0.0,0.0,0.0,0.0,0.004,0.0,0.0,always_reactive,0.208748
h=0.1/q0=0.6/p=0/r=1/sig=0/cf=11.0877,B_q0,0.1,0.6,0.0,1.0,0.0,1.0,11.087667012373094,wiki_B,native,always_compile_evict,43074484523.997,4.143677,0.0,0.0,28107.0,0.0,0.0,0.0,28107.0,0.001,28107.0,34082770624.823,always_reactive,0.208748
h=0.1/q0=0.6/p=0/r=1/sig=0/cf=11.0877,B_q0,0.1,0.6,0.0,1.0,0.0,1.0,11.087667012373094,wiki_B,native,ours_noinflate,10395233410.604,1.0,0.0,0.0,1192.0,0.0,0.0,0.0,1192.0,0.004,1192.0,1403519511.418,always_reactive,0.208748
h=0.1/q0=0.6/p=0/r=1/sig=0/cf=11.0877,B_q0,0.1,0.6,0.0,1.0,0.0,1.0,11.087667012373094,wiki_B,native,oracle_tax,8991713899.193,0.864984,0.0,0.0,0.0,0.0,0.0,0.0,0.0,0.004,0.0,0.0,always_reactive,0.208748
h=0.1/q0=0.6/p=0/r=1/sig=0/cf=11.0877,B_q0,0.1,0.6,0.0,1.0,0.0,1.0,11.087667012373094,wiki_B,native,ours_spend_cap,9608697308.571,0.924337,0.0,0.0,524.0,0.0,0.0,0.0,524.0,0.004,524.0,616983409.382,always_reactive,0.208748
h=0.1/q0=0.6/p=0/r=1/sig=0/cf=11.0877,B_q0,0.1,0.6,0.0,1.0,0.0,1.0,11.087667012373094,wiki_B,native,ours_cap_epoch,9608697308.571,0.924337,0.0,0.0,524.0,0.0,0.0,0.0,524.0,0.004,524.0,616983409.382,always_reactive,0.208748
h=0.1/q0=0.6/p=0/r=1/sig=0/cf=11.0877,B_q0,0.1,0.6,0.0,1.0,0.0,1.0,11.087667012373094,wiki_B,native,ours_cap_realized,9608697308.571,0.924337,0.0,0.0,524.0,0.0,0.0,0.0,524.0,0.004,524.0,616983409.382,always_reactive,0.208748
h=0.1/q0=0.6/p=0/r=1/sig=0/cf=11.0877,B_q0,0.1,0.6,0.0,1.0,0.0,1.0,11.087667012373094,wiki_B,native,ours_pi_prior,10435246455.81,1.003849,0.0,0.0,1210.0,0.0,0.0,0.0,1210.0,0.004,1210.0,1443532556.624,always_reactive,0.208748
h=0.1/q0=0.6/p=0/r=1/sig=0/cf=11.0877,B_q0,0.1,0.6,0.0,1.0,0.0,1.0,11.087667012373094,wiki_B,native,breakeven,17309813308.004,1.665168,0.0,0.0,6834.0,0.0,0.0,0.0,6834.0,0.002,6834.0,8318099408.834,always_reactive,0.208748
h=0.1/q0=0.6/p=0/r=1/sig=0/cf=11.0877,B_q0,0.1,0.6,0.0,1.0,0.0,1.0,11.087667012373094,wiki_B,native,breakeven_cap_epoch,9670663690.533,0.930298,0.0,0.0,561.0,0.0,0.0,0.0,561.0,0.004,561.0,678949791.344,always_reactive,0.208748
h=0.1/q0=0.6/p=0/r=1/sig=0/cf=11.0877,B_q0,0.1,0.6,0.0,1.0,0.0,1.0,11.087667012373094,wiki_B,native,offline_taxblind,8991713899.192,0.864984,,,,,,,,,,,always_reactive,0.208748
h=0.1/q0=0.6/p=0/r=1/sig=0/cf=11.0877,B_q0,0.1,0.6,0.0,1.0,0.0,1.0,11.087667012373094,wiki_B,native,offline_opt_tax,8991713899.192,0.864984,,,,,,,,,,,always_reactive,0.208748
h=0.1/q0=0.6/p=0/r=1/sig=0/cf=1,B_q0,0.1,0.6,0.0,1.0,0.0,1.0,1.0,bpi2019,autorpa_233k,always_reactive,26858149732.486,0.996921,0.0,0.0,0.0,0.0,0.0,0.0,0.0,0.003,0.0,0.0,always_reactive,0.327392
h=0.1/q0=0.6/p=0/r=1/sig=0/cf=1,B_q0,0.1,0.6,0.0,1.0,0.0,1.0,1.0,bpi2019,autorpa_233k,always_compile_evict,82036743732.254,3.045041,0.0,0.0,236818.0,0.0,0.0,0.0,236818.0,0.001,236818.0,55178594000.0,always_reactive,0.327392
h=0.1/q0=0.6/p=0/r=1/sig=0/cf=1,B_q0,0.1,0.6,0.0,1.0,0.0,1.0,1.0,bpi2019,autorpa_233k,ours_noinflate,26941097732.487,1.0,0.0,0.0,356.0,0.0,0.0,0.0,356.0,0.003,356.0,82948000.0,always_reactive,0.327392
h=0.1/q0=0.6/p=0/r=1/sig=0/cf=1,B_q0,0.1,0.6,0.0,1.0,0.0,1.0,1.0,bpi2019,autorpa_233k,oracle_tax,26858149732.486,0.996921,0.0,0.0,0.0,0.0,0.0,0.0,0.0,0.003,0.0,0.0,always_reactive,0.327392
h=0.1/q0=0.6/p=0/r=1/sig=0/cf=1,B_q0,0.1,0.6,0.0,1.0,0.0,1.0,1.0,bpi2019,autorpa_233k,ours_spend_cap,26941097732.487,1.0,0.0,0.0,356.0,0.0,0.0,0.0,356.0,0.003,356.0,82948000.0,always_reactive,0.327392
h=0.1/q0=0.6/p=0/r=1/sig=0/cf=1,B_q0,0.1,0.6,0.0,1.0,0.0,1.0,1.0,bpi2019,autorpa_233k,ours_cap_epoch,26941097732.487,1.0,0.0,0.0,356.0,0.0,0.0,0.0,356.0,0.003,356.0,82948000.0,always_reactive,0.327392
h=0.1/q0=0.6/p=0/r=1/sig=0/cf=1,B_q0,0.1,0.6,0.0,1.0,0.0,1.0,1.0,bpi2019,autorpa_233k,ours_cap_realized,26941097732.487,1.0,0.0,0.0,356.0,0.0,0.0,0.0,356.0,0.003,356.0,82948000.0,always_reactive,0.327392
h=0.1/q0=0.6/p=0/r=1/sig=0/cf=1,B_q0,0.1,0.6,0.0,1.0,0.0,1.0,1.0,bpi2019,autorpa_233k,ours_pi_prior,26956475732.487,1.000571,0.0,0.0,422.0,0.0,0.0,0.0,422.0,0.003,422.0,98326000.0,always_reactive,0.327392
h=0.1/q0=0.6/p=0/r=1/sig=0/cf=1,B_q0,0.1,0.6,0.0,1.0,0.0,1.0,1.0,bpi2019,autorpa_233k,breakeven,35631065732.465,1.322554,0.0,0.0,37652.0,0.0,0.0,0.0,37652.0,0.003,37652.0,8772916000.0,always_reactive,0.327392
h=0.1/q0=0.6/p=0/r=1/sig=0/cf=1,B_q0,0.1,0.6,0.0,1.0,0.0,1.0,1.0,bpi2019,autorpa_233k,breakeven_cap_epoch,27056199732.487,1.004272,0.0,0.0,850.0,0.0,0.0,0.0,850.0,0.003,850.0,198050000.0,always_reactive,0.327392
h=0.1/q0=0.6/p=0/r=1/sig=0/cf=1,B_q0,0.1,0.6,0.0,1.0,0.0,1.0,1.0,bpi2019,autorpa_233k,offline_taxblind,26858149732.495,0.996921,,,,,,,,,,,always_reactive,0.327392
h=0.1/q0=0.6/p=0/r=1/sig=0/cf=1,B_q0,0.1,0.6,0.0,1.0,0.0,1.0,1.0,bpi2019,autorpa_233k,offline_opt_tax,26858149732.495,0.996921,,,,,,,,,,,always_reactive,0.327392
h=0.1/q0=0.6/p=0/r=1/sig=0/cf=1,B_q0,0.1,0.6,0.0,1.0,0.0,1.0,1.0,bpi2019,native,always_reactive,26858149732.486,0.993909,0.0,0.0,0.0,0.0,0.0,0.0,0.0,0.003,0.0,0.0,always_reactive,0.523638
h=0.1/q0=0.6/p=0/r=1/sig=0/cf=1,B_q0,0.1,0.6,0.0,1.0,0.0,1.0,1.0,bpi2019,native,always_compile_evict,51291417858.305,1.898083,0.0,0.0,236818.0,0.0,0.0,0.0,236818.0,0.002,236818.0,24433268126.0,always_reactive,0.523638
h=0.1/q0=0.6/p=0/r=1/sig=0/cf=1,B_q0,0.1,0.6,0.0,1.0,0.0,1.0,1.0,bpi2019,native,ours_noinflate,27022751207.487,1.0,0.0,0.0,1550.0,0.0,0.0,0.0,1550.0,0.003,1550.0,164601475.0,always_reactive,0.523638
h=0.1/q0=0.6/p=0/r=1/sig=0/cf=1,B_q0,0.1,0.6,0.0,1.0,0.0,1.0,1.0,bpi2019,native,oracle_tax,26858149732.486,0.993909,0.0,0.0,0.0,0.0,0.0,0.0,0.0,0.003,0.0,0.0,always_reactive,0.523638
h=0.1/q0=0.6/p=0/r=1/sig=0/cf=1,B_q0,0.1,0.6,0.0,1.0,0.0,1.0,1.0,bpi2019,native,ours_spend_cap,27022751207.487,1.0,0.0,0.0,1550.0,0.0,0.0,0.0,1550.0,0.003,1550.0,164601475.0,always_reactive,0.523638
h=0.1/q0=0.6/p=0/r=1/sig=0/cf=1,B_q0,0.1,0.6,0.0,1.0,0.0,1.0,1.0,bpi2019,native,ours_cap_epoch,27022751207.487,1.0,0.0,0.0,1550.0,0.0,0.0,0.0,1550.0,0.003,1550.0,164601475.0,always_reactive,0.523638
h=0.1/q0=0.6/p=0/r=1/sig=0/cf=1,B_q0,0.1,0.6,0.0,1.0,0.0,1.0,1.0,bpi2019,native,ours_cap_realized,27022751207.487,1.0,0.0,0.0,1550.0,0.0,0.0,0.0,1550.0,0.003,1550.0,164601475.0,always_reactive,0.523638
h=0.1/q0=0.6/p=0/r=1/sig=0/cf=1,B_q0,0.1,0.6,0.0,1.0,0.0,1.0,1.0,bpi2019,native,ours_pi_prior,27033098955.487,1.000383,0.0,0.0,1624.0,0.0,0.0,0.0,1624.0,0.003,1624.0,174949223.0,always_reactive,0.523638
h=0.1/q0=0.6/p=0/r=1/sig=0/cf=1,B_q0,0.1,0.6,0.0,1.0,0.0,1.0,1.0,bpi2019,native,breakeven,35756024348.963,1.323182,0.0,0.0,83667.0,0.0,0.0,0.0,83667.0,0.003,83667.0,8897874616.5,always_reactive,0.523638
h=0.1/q0=0.6/p=0/r=1/sig=0/cf=1,B_q0,0.1,0.6,0.0,1.0,0.0,1.0,1.0,bpi2019,native,breakeven_cap_epoch,27098005771.987,1.002785,0.0,0.0,2221.0,0.0,0.0,0.0,2221.0,0.003,2221.0,239856039.5,always_reactive,0.523638
h=0.1/q0=0.6/p=0/r=1/sig=0/cf=1,B_q0,0.1,0.6,0.0,1.0,0.0,1.0,1.0,bpi2019,native,offline_taxblind,26858149732.495,0.993909,,,,,,,,,,,always_reactive,0.523638
h=0.1/q0=0.6/p=0/r=1/sig=0/cf=1,B_q0,0.1,0.6,0.0,1.0,0.0,1.0,1.0,bpi2019,native,offline_opt_tax,26858149732.495,0.993909,,,,,,,,,,,always_reactive,0.523638
h=0.1/q0=0.6/p=0/r=1/sig=0/cf=1,B_q0,0.1,0.6,0.0,1.0,0.0,1.0,1.0,sepsis,autorpa_233k,always_reactive,93787502.059,0.992602,0.0,0.0,0.0,0.0,0.0,0.0,0.0,0.004,0.0,0.0,always_reactive,0.739221
h=0.1/q0=0.6/p=0/r=1/sig=0/cf=1,B_q0,0.1,0.6,0.0,1.0,0.0,1.0,1.0,sepsis,autorpa_233k,always_compile_evict,126873502.059,1.342769,0.0,0.0,142.0,0.0,0.0,0.0,142.0,0.003,142.0,33086000.0,always_reactive,0.739221
h=0.1/q0=0.6/p=0/r=1/sig=0/cf=1,B_q0,0.1,0.6,0.0,1.0,0.0,1.0,1.0,sepsis,autorpa_233k,ours_noinflate,94486502.059,1.0,0.0,0.0,3.0,0.0,0.0,0.0,3.0,0.004,3.0,699000.0,always_reactive,0.739221
h=0.1/q0=0.6/p=0/r=1/sig=0/cf=1,B_q0,0.1,0.6,0.0,1.0,0.0,1.0,1.0,sepsis,autorpa_233k,oracle_tax,93787502.059,0.992602,0.0,0.0,0.0,0.0,0.0,0.0,0.0,0.004,0.0,0.0,always_reactive,0.739221
h=0.1/q0=0.6/p=0/r=1/sig=0/cf=1,B_q0,0.1,0.6,0.0,1.0,0.0,1.0,1.0,sepsis,autorpa_233k,ours_spend_cap,94486502.059,1.0,0.0,0.0,3.0,0.0,0.0,0.0,3.0,0.004,3.0,699000.0,always_reactive,0.739221
h=0.1/q0=0.6/p=0/r=1/sig=0/cf=1,B_q0,0.1,0.6,0.0,1.0,0.0,1.0,1.0,sepsis,autorpa_233k,ours_cap_epoch,94486502.059,1.0,0.0,0.0,3.0,0.0,0.0,0.0,3.0,0.004,3.0,699000.0,always_reactive,0.739221
h=0.1/q0=0.6/p=0/r=1/sig=0/cf=1,B_q0,0.1,0.6,0.0,1.0,0.0,1.0,1.0,sepsis,autorpa_233k,ours_cap_realized,94486502.059,1.0,0.0,0.0,3.0,0.0,0.0,0.0,3.0,0.004,3.0,699000.0,always_reactive,0.739221
h=0.1/q0=0.6/p=0/r=1/sig=0/cf=1,B_q0,0.1,0.6,0.0,1.0,0.0,1.0,1.0,sepsis,autorpa_233k,ours_pi_prior,94253502.059,0.997534,0.0,0.0,2.0,0.0,0.0,0.0,2.0,0.004,2.0,466000.0,always_reactive,0.739221
h=0.1/q0=0.6/p=0/r=1/sig=0/cf=1,B_q0,0.1,0.6,0.0,1.0,0.0,1.0,1.0,sepsis,autorpa_233k,breakeven,94719502.059,1.002466,0.0,0.0,4.0,0.0,0.0,0.0,4.0,0.004,4.0,932000.0,always_reactive,0.739221
h=0.1/q0=0.6/p=0/r=1/sig=0/cf=1,B_q0,0.1,0.6,0.0,1.0,0.0,1.0,1.0,sepsis,autorpa_233k,breakeven_cap_epoch,94486502.059,1.0,0.0,0.0,3.0,0.0,0.0,0.0,3.0,0.004,3.0,699000.0,always_reactive,0.739221
h=0.1/q0=0.6/p=0/r=1/sig=0/cf=1,B_q0,0.1,0.6,0.0,1.0,0.0,1.0,1.0,sepsis,autorpa_233k,offline_taxblind,93787502.059,0.992602,,,,,,,,,,,always_reactive,0.739221
h=0.1/q0=0.6/p=0/r=1/sig=0/cf=1,B_q0,0.1,0.6,0.0,1.0,0.0,1.0,1.0,sepsis,autorpa_233k,offline_opt_tax,93787502.059,0.992602,,,,,,,,,,,always_reactive,0.739221
h=0.1/q0=0.6/p=0/r=1/sig=0/cf=1,B_q0,0.1,0.6,0.0,1.0,0.0,1.0,1.0,sepsis,native,always_reactive,93787502.059,0.985494,0.0,0.0,0.0,0.0,0.0,0.0,0.0,0.004,0.0,0.0,always_reactive,0.847105
h=0.1/q0=0.6/p=0/r=1/sig=0/cf=1,B_q0,0.1,0.6,0.0,1.0,0.0,1.0,1.0,sepsis,native,always_compile_evict,110715278.559,1.163366,0.0,0.0,142.0,0.0,0.0,0.0,142.0,0.003,142.0,16927776.5,always_reactive,0.847105
h=0.1/q0=0.6/p=0/r=1/sig=0/cf=1,B_q0,0.1,0.6,0.0,1.0,0.0,1.0,1.0,sepsis,native,ours_noinflate,95168030.559,1.0,0.0,0.0,13.0,0.0,0.0,0.0,13.0,0.004,13.0,1380528.5,always_reactive,0.847105
h=0.1/q0=0.6/p=0/r=1/sig=0/cf=1,B_q0,0.1,0.6,0.0,1.0,0.0,1.0,1.0,sepsis,native,oracle_tax,93787502.059,0.985494,0.0,0.0,0.0,0.0,0.0,0.0,0.0,0.004,0.0,0.0,always_reactive,0.847105
h=0.1/q0=0.6/p=0/r=1/sig=0/cf=1,B_q0,0.1,0.6,0.0,1.0,0.0,1.0,1.0,sepsis,native,ours_spend_cap,95168030.559,1.0,0.0,0.0,13.0,0.0,0.0,0.0,13.0,0.004,13.0,1380528.5,always_reactive,0.847105
h=0.1/q0=0.6/p=0/r=1/sig=0/cf=1,B_q0,0.1,0.6,0.0,1.0,0.0,1.0,1.0,sepsis,native,ours_cap_epoch,95168030.559,1.0,0.0,0.0,13.0,0.0,0.0,0.0,13.0,0.004,13.0,1380528.5,always_reactive,0.847105
h=0.1/q0=0.6/p=0/r=1/sig=0/cf=1,B_q0,0.1,0.6,0.0,1.0,0.0,1.0,1.0,sepsis,native,ours_cap_realized,95168030.559,1.0,0.0,0.0,13.0,0.0,0.0,0.0,13.0,0.004,13.0,1380528.5,always_reactive,0.847105
h=0.1/q0=0.6/p=0/r=1/sig=0/cf=1,B_q0,0.1,0.6,0.0,1.0,0.0,1.0,1.0,sepsis,native,ours_pi_prior,95205748.059,1.000396,0.0,0.0,13.0,0.0,0.0,0.0,13.0,0.004,13.0,1418246.0,always_reactive,0.847105
h=0.1/q0=0.6/p=0/r=1/sig=0/cf=1,B_q0,0.1,0.6,0.0,1.0,0.0,1.0,1.0,sepsis,native,breakeven,96031502.559,1.009073,0.0,0.0,19.0,0.0,0.0,0.0,19.0,0.004,19.0,2244000.5,always_reactive,0.847105
h=0.1/q0=0.6/p=0/r=1/sig=0/cf=1,B_q0,0.1,0.6,0.0,1.0,0.0,1.0,1.0,sepsis,native,breakeven_cap_epoch,95743678.559,1.006049,0.0,0.0,17.0,0.0,0.0,0.0,17.0,0.004,17.0,1956176.5,always_reactive,0.847105
h=0.1/q0=0.6/p=0/r=1/sig=0/cf=1,B_q0,0.1,0.6,0.0,1.0,0.0,1.0,1.0,sepsis,native,offline_taxblind,93787502.059,0.985494,,,,,,,,,,,always_reactive,0.847105
h=0.1/q0=0.6/p=0/r=1/sig=0/cf=1,B_q0,0.1,0.6,0.0,1.0,0.0,1.0,1.0,sepsis,native,offline_opt_tax,93787502.059,0.985494,,,,,,,,,,,always_reactive,0.847105
h=0.1/q0=0.6/p=0/r=1/sig=0/cf=1,B_q0,0.1,0.6,0.0,1.0,0.0,1.0,1.0,wiki_A,autorpa_233k,always_reactive,4770469730.199,0.997224,0.0,0.0,0.0,0.0,0.0,0.0,0.0,0.005,0.0,0.0,always_reactive,0.246566
h=0.1/q0=0.6/p=0/r=1/sig=0/cf=1,B_q0,0.1,0.6,0.0,1.0,0.0,1.0,1.0,wiki_A,autorpa_233k,always_compile_evict,19347648730.189,4.044452,0.0,0.0,62563.0,0.0,0.0,0.0,62563.0,0.001,62563.0,14577179000.0,always_reactive,0.246566
h=0.1/q0=0.6/p=0/r=1/sig=0/cf=1,B_q0,0.1,0.6,0.0,1.0,0.0,1.0,1.0,wiki_A,autorpa_233k,ours_noinflate,4783750730.199,1.0,0.0,0.0,57.0,0.0,0.0,0.0,57.0,0.005,57.0,13281000.0,always_reactive,0.246566
h=0.1/q0=0.6/p=0/r=1/sig=0/cf=1,B_q0,0.1,0.6,0.0,1.0,0.0,1.0,1.0,wiki_A,autorpa_233k,oracle_tax,4770469730.199,0.997224,0.0,0.0,0.0,0.0,0.0,0.0,0.0,0.005,0.0,0.0,always_reactive,0.246566
h=0.1/q0=0.6/p=0/r=1/sig=0/cf=1,B_q0,0.1,0.6,0.0,1.0,0.0,1.0,1.0,wiki_A,autorpa_233k,ours_spend_cap,4783750730.199,1.0,0.0,0.0,57.0,0.0,0.0,0.0,57.0,0.005,57.0,13281000.0,always_reactive,0.246566
h=0.1/q0=0.6/p=0/r=1/sig=0/cf=1,B_q0,0.1,0.6,0.0,1.0,0.0,1.0,1.0,wiki_A,autorpa_233k,ours_cap_epoch,4783750730.199,1.0,0.0,0.0,57.0,0.0,0.0,0.0,57.0,0.005,57.0,13281000.0,always_reactive,0.246566
h=0.1/q0=0.6/p=0/r=1/sig=0/cf=1,B_q0,0.1,0.6,0.0,1.0,0.0,1.0,1.0,wiki_A,autorpa_233k,ours_cap_realized,4783750730.199,1.0,0.0,0.0,57.0,0.0,0.0,0.0,57.0,0.005,57.0,13281000.0,always_reactive,0.246566
h=0.1/q0=0.6/p=0/r=1/sig=0/cf=1,B_q0,0.1,0.6,0.0,1.0,0.0,1.0,1.0,wiki_A,autorpa_233k,ours_pi_prior,4784682730.199,1.000195,0.0,0.0,61.0,0.0,0.0,0.0,61.0,0.005,61.0,14213000.0,always_reactive,0.246566
h=0.1/q0=0.6/p=0/r=1/sig=0/cf=1,B_q0,0.1,0.6,0.0,1.0,0.0,1.0,1.0,wiki_A,autorpa_233k,breakeven,6303609730.198,1.317713,0.0,0.0,6580.0,0.0,0.0,0.0,6580.0,0.004,6580.0,1533140000.0,always_reactive,0.246566
h=0.1/q0=0.6/p=0/r=1/sig=0/cf=1,B_q0,0.1,0.6,0.0,1.0,0.0,1.0,1.0,wiki_A,autorpa_233k,breakeven_cap_epoch,4810778730.199,1.00565,0.0,0.0,173.0,0.0,0.0,0.0,173.0,0.005,173.0,40309000.0,always_reactive,0.246566
h=0.1/q0=0.6/p=0/r=1/sig=0/cf=1,B_q0,0.1,0.6,0.0,1.0,0.0,1.0,1.0,wiki_A,autorpa_233k,offline_taxblind,4770469730.199,0.997224,,,,,,,,,,,always_reactive,0.246566
h=0.1/q0=0.6/p=0/r=1/sig=0/cf=1,B_q0,0.1,0.6,0.0,1.0,0.0,1.0,1.0,wiki_A,autorpa_233k,offline_opt_tax,4770469730.199,0.997224,,,,,,,,,,,always_reactive,0.246566
h=0.1/q0=0.6/p=0/r=1/sig=0/cf=1,B_q0,0.1,0.6,0.0,1.0,0.0,1.0,1.0,wiki_A,native,always_reactive,4770469730.199,0.994047,0.0,0.0,0.0,0.0,0.0,0.0,0.0,0.005,0.0,0.0,always_reactive,0.390285
h=0.1/q0=0.6/p=0/r=1/sig=0/cf=1,B_q0,0.1,0.6,0.0,1.0,0.0,1.0,1.0,wiki_A,native,always_compile_evict,12223054868.696,2.546981,0.0,0.0,62563.0,0.0,0.0,0.0,62563.0,0.002,62563.0,7452585138.5,always_reactive,0.390285
h=0.1/q0=0.6/p=0/r=1/sig=0/cf=1,B_q0,0.1,0.6,0.0,1.0,0.0,1.0,1.0,wiki_A,native,ours_noinflate,4799036050.699,1.0,0.0,0.0,269.0,0.0,0.0,0.0,269.0,0.005,269.0,28566320.5,always_reactive,0.390285
h=0.1/q0=0.6/p=0/r=1/sig=0/cf=1,B_q0,0.1,0.6,0.0,1.0,0.0,1.0,1.0,wiki_A,native,oracle_tax,4770469730.199,0.994047,0.0,0.0,0.0,0.0,0.0,0.0,0.0,0.005,0.0,0.0,always_reactive,0.390285
h=0.1/q0=0.6/p=0/r=1/sig=0/cf=1,B_q0,0.1,0.6,0.0,1.0,0.0,1.0,1.0,wiki_A,native,ours_spend_cap,4799036050.699,1.0,0.0,0.0,269.0,0.0,0.0,0.0,269.0,0.005,269.0,28566320.5,always_reactive,0.390285
h=0.1/q0=0.6/p=0/r=1/sig=0/cf=1,B_q0,0.1,0.6,0.0,1.0,0.0,1.0,1.0,wiki_A,native,ours_cap_epoch,4799036050.699,1.0,0.0,0.0,269.0,0.0,0.0,0.0,269.0,0.005,269.0,28566320.5,always_reactive,0.390285
h=0.1/q0=0.6/p=0/r=1/sig=0/cf=1,B_q0,0.1,0.6,0.0,1.0,0.0,1.0,1.0,wiki_A,native,ours_cap_realized,4799036050.699,1.0,0.0,0.0,269.0,0.0,0.0,0.0,269.0,0.005,269.0,28566320.5,always_reactive,0.390285
h=0.1/q0=0.6/p=0/r=1/sig=0/cf=1,B_q0,0.1,0.6,0.0,1.0,0.0,1.0,1.0,wiki_A,native,ours_pi_prior,4798145849.699,0.999815,0.0,0.0,256.0,0.0,0.0,0.0,256.0,0.005,256.0,27676119.5,always_reactive,0.390285
h=0.1/q0=0.6/p=0/r=1/sig=0/cf=1,B_q0,0.1,0.6,0.0,1.0,0.0,1.0,1.0,wiki_A,native,breakeven,6328170397.698,1.318634,0.0,0.0,13280.0,0.0,0.0,0.0,13280.0,0.004,13280.0,1557700667.5,always_reactive,0.390285
h=0.1/q0=0.6/p=0/r=1/sig=0/cf=1,B_q0,0.1,0.6,0.0,1.0,0.0,1.0,1.0,wiki_A,native,breakeven_cap_epoch,4815719575.699,1.003476,0.0,0.0,419.0,0.0,0.0,0.0,419.0,0.005,419.0,45249845.5,always_reactive,0.390285
h=0.1/q0=0.6/p=0/r=1/sig=0/cf=1,B_q0,0.1,0.6,0.0,1.0,0.0,1.0,1.0,wiki_A,native,offline_taxblind,4770469730.199,0.994047,,,,,,,,,,,always_reactive,0.390285
h=0.1/q0=0.6/p=0/r=1/sig=0/cf=1,B_q0,0.1,0.6,0.0,1.0,0.0,1.0,1.0,wiki_A,native,offline_opt_tax,4770469730.199,0.994047,,,,,,,,,,,always_reactive,0.390285
h=0.1/q0=0.6/p=0/r=1/sig=0/cf=1,B_q0,0.1,0.6,0.0,1.0,0.0,1.0,1.0,wiki_B,autorpa_233k,always_reactive,8991713899.193,0.99364,0.0,0.0,0.0,0.0,0.0,0.0,0.0,0.004,0.0,0.0,always_reactive,0.578593
h=0.1/q0=0.6/p=0/r=1/sig=0/cf=1,B_q0,0.1,0.6,0.0,1.0,0.0,1.0,1.0,wiki_B,autorpa_233k,always_compile_evict,15540644899.174,1.717338,0.0,0.0,28107.0,0.0,0.0,0.0,28107.0,0.002,28107.0,6548931000.0,always_reactive,0.578593
h=0.1/q0=0.6/p=0/r=1/sig=0/cf=1,B_q0,0.1,0.6,0.0,1.0,0.0,1.0,1.0,wiki_B,autorpa_233k,ours_noinflate,9049264899.192,1.0,0.0,0.0,247.0,0.0,0.0,0.0,247.0,0.004,247.0,57551000.0,always_reactive,0.578593
h=0.1/q0=0.6/p=0/r=1/sig=0/cf=1,B_q0,0.1,0.6,0.0,1.0,0.0,1.0,1.0,wiki_B,autorpa_233k,oracle_tax,8991713899.193,0.99364,0.0,0.0,0.0,0.0,0.0,0.0,0.0,0.004,0.0,0.0,always_reactive,0.578593
h=0.1/q0=0.6/p=0/r=1/sig=0/cf=1,B_q0,0.1,0.6,0.0,1.0,0.0,1.0,1.0,wiki_B,autorpa_233k,ours_spend_cap,9049264899.192,1.0,0.0,0.0,247.0,0.0,0.0,0.0,247.0,0.004,247.0,57551000.0,always_reactive,0.578593
h=0.1/q0=0.6/p=0/r=1/sig=0/cf=1,B_q0,0.1,0.6,0.0,1.0,0.0,1.0,1.0,wiki_B,autorpa_233k,ours_cap_epoch,9049264899.192,1.0,0.0,0.0,247.0,0.0,0.0,0.0,247.0,0.004,247.0,57551000.0,always_reactive,0.578593
h=0.1/q0=0.6/p=0/r=1/sig=0/cf=1,B_q0,0.1,0.6,0.0,1.0,0.0,1.0,1.0,wiki_B,autorpa_233k,ours_cap_realized,9049264899.192,1.0,0.0,0.0,247.0,0.0,0.0,0.0,247.0,0.004,247.0,57551000.0,always_reactive,0.578593
h=0.1/q0=0.6/p=0/r=1/sig=0/cf=1,B_q0,0.1,0.6,0.0,1.0,0.0,1.0,1.0,wiki_B,autorpa_233k,ours_pi_prior,9058351899.192,1.001004,0.0,0.0,286.0,0.0,0.0,0.0,286.0,0.004,286.0,66638000.0,always_reactive,0.578593
h=0.1/q0=0.6/p=0/r=1/sig=0/cf=1,B_q0,0.1,0.6,0.0,1.0,0.0,1.0,1.0,wiki_B,autorpa_233k,breakeven,9649938899.189,1.066378,0.0,0.0,2825.0,0.0,0.0,0.0,2825.0,0.004,2825.0,658225000.0,always_reactive,0.578593
h=0.1/q0=0.6/p=0/r=1/sig=0/cf=1,B_q0,0.1,0.6,0.0,1.0,0.0,1.0,1.0,wiki_B,autorpa_233k,breakeven_cap_epoch,9114038899.192,1.007158,0.0,0.0,525.0,0.0,0.0,0.0,525.0,0.004,525.0,122325000.0,always_reactive,0.578593
h=0.1/q0=0.6/p=0/r=1/sig=0/cf=1,B_q0,0.1,0.6,0.0,1.0,0.0,1.0,1.0,wiki_B,autorpa_233k,offline_taxblind,8991713899.192,0.99364,,,,,,,,,,,always_reactive,0.578593
h=0.1/q0=0.6/p=0/r=1/sig=0/cf=1,B_q0,0.1,0.6,0.0,1.0,0.0,1.0,1.0,wiki_B,autorpa_233k,offline_opt_tax,8991713899.192,0.99364,,,,,,,,,,,always_reactive,0.578593
h=0.1/q0=0.6/p=0/r=1/sig=0/cf=1,B_q0,0.1,0.6,0.0,1.0,0.0,1.0,1.0,wiki_B,native,always_reactive,8991713899.193,0.986118,0.0,0.0,0.0,0.0,0.0,0.0,0.0,0.004,0.0,0.0,always_reactive,0.745233
h=0.1/q0=0.6/p=0/r=1/sig=0/cf=1,B_q0,0.1,0.6,0.0,1.0,0.0,1.0,1.0,wiki_B,native,always_compile_evict,12065649163.181,1.323235,0.0,0.0,28107.0,0.0,0.0,0.0,28107.0,0.003,28107.0,3073935264.0,always_reactive,0.745233
h=0.1/q0=0.6/p=0/r=1/sig=0/cf=1,B_q0,0.1,0.6,0.0,1.0,0.0,1.0,1.0,wiki_B,native,ours_noinflate,9118297743.192,1.0,0.0,0.0,1192.0,0.0,0.0,0.0,1192.0,0.004,1192.0,126583844.0,always_reactive,0.745233
h=0.1/q0=0.6/p=0/r=1/sig=0/cf=1,B_q0,0.1,0.6,0.0,1.0,0.0,1.0,1.0,wiki_B,native,oracle_tax,8991713899.193,0.986118,0.0,0.0,0.0,0.0,0.0,0.0,0.0,0.004,0.0,0.0,always_reactive,0.745233
h=0.1/q0=0.6/p=0/r=1/sig=0/cf=1,B_q0,0.1,0.6,0.0,1.0,0.0,1.0,1.0,wiki_B,native,ours_spend_cap,9118297743.192,1.0,0.0,0.0,1192.0,0.0,0.0,0.0,1192.0,0.004,1192.0,126583844.0,always_reactive,0.745233
h=0.1/q0=0.6/p=0/r=1/sig=0/cf=1,B_q0,0.1,0.6,0.0,1.0,0.0,1.0,1.0,wiki_B,native,ours_cap_epoch,9118297743.192,1.0,0.0,0.0,1192.0,0.0,0.0,0.0,1192.0,0.004,1192.0,126583844.0,always_reactive,0.745233
h=0.1/q0=0.6/p=0/r=1/sig=0/cf=1,B_q0,0.1,0.6,0.0,1.0,0.0,1.0,1.0,wiki_B,native,ours_cap_realized,9118297743.192,1.0,0.0,0.0,1192.0,0.0,0.0,0.0,1192.0,0.004,1192.0,126583844.0,always_reactive,0.745233
h=0.1/q0=0.6/p=0/r=1/sig=0/cf=1,B_q0,0.1,0.6,0.0,1.0,0.0,1.0,1.0,wiki_B,native,ours_pi_prior,9121906531.692,1.000396,0.0,0.0,1210.0,0.0,0.0,0.0,1210.0,0.004,1210.0,130192632.5,always_reactive,0.745233
h=0.1/q0=0.6/p=0/r=1/sig=0/cf=1,B_q0,0.1,0.6,0.0,1.0,0.0,1.0,1.0,wiki_B,native,breakeven,9741925769.689,1.068393,0.0,0.0,6834.0,0.0,0.0,0.0,6834.0,0.004,6834.0,750211870.5,always_reactive,0.745233
h=0.1/q0=0.6/p=0/r=1/sig=0/cf=1,B_q0,0.1,0.6,0.0,1.0,0.0,1.0,1.0,wiki_B,native,breakeven_cap_epoch,9159233537.692,1.004489,0.0,0.0,1548.0,0.0,0.0,0.0,1548.0,0.004,1548.0,167519638.5,always_reactive,0.745233
h=0.1/q0=0.6/p=0/r=1/sig=0/cf=1,B_q0,0.1,0.6,0.0,1.0,0.0,1.0,1.0,wiki_B,native,offline_taxblind,8991713899.192,0.986118,,,,,,,,,,,always_reactive,0.745233
h=0.1/q0=0.6/p=0/r=1/sig=0/cf=1,B_q0,0.1,0.6,0.0,1.0,0.0,1.0,1.0,wiki_B,native,offline_opt_tax,8991713899.192,0.986118,,,,,,,,,,,always_reactive,0.745233
h=0.1/q0=0.6/p=1/r=1/sig=0/cf=1,B_q0,0.1,0.6,1.0,1.0,0.0,1.0,1.0,bpi2019,autorpa_233k,always_reactive,26858149732.486,1.166347,0.0,0.0,0.0,0.0,0.0,0.0,0.0,0.003,0.0,0.0,ours_noinflate,0.933155
h=0.1/q0=0.6/p=1/r=1/sig=0/cf=1,B_q0,0.1,0.6,1.0,1.0,0.0,1.0,1.0,bpi2019,autorpa_233k,always_compile_evict,24677132092.23,1.071634,42.1,69.4,25427.8,23721.6,0.0,151647.2,25100.8,0.042,0.0,0.0,ours_noinflate,0.933155
h=0.1/q0=0.6/p=1/r=1/sig=0/cf=1,B_q0,0.1,0.6,1.0,1.0,0.0,1.0,1.0,bpi2019,autorpa_233k,ours_noinflate,23027581476.31,1.0,15.6,30.2,14453.0,14132.3,0.0,90382.9,14253.0,0.021,0.0,0.0,ours_noinflate,0.933155
h=0.1/q0=0.6/p=1/r=1/sig=0/cf=1,B_q0,0.1,0.6,1.0,1.0,0.0,1.0,1.0,bpi2019,autorpa_233k,oracle_tax,26817011605.664,1.16456,9.8,17.9,174.8,165.0,0.0,1016.1,105.0,0.004,0.0,0.0,ours_noinflate,0.933155
h=0.1/q0=0.6/p=1/r=1/sig=0/cf=1,B_q0,0.1,0.6,1.0,1.0,0.0,1.0,1.0,bpi2019,autorpa_233k,ours_spend_cap,23027581476.31,1.0,15.6,30.2,14453.0,14132.3,0.0,90382.9,14253.0,0.021,0.0,0.0,ours_noinflate,0.933155
h=0.1/q0=0.6/p=1/r=1/sig=0/cf=1,B_q0,0.1,0.6,1.0,1.0,0.0,1.0,1.0,bpi2019,autorpa_233k,ours_cap_epoch,23027581476.31,1.0,15.6,30.2,14453.0,14132.3,0.0,90382.9,14253.0,0.021,0.0,0.0,ours_noinflate,0.933155
h=0.1/q0=0.6/p=1/r=1/sig=0/cf=1,B_q0,0.1,0.6,1.0,1.0,0.0,1.0,1.0,bpi2019,autorpa_233k,ours_cap_realized,23027581476.31,1.0,15.6,30.2,14453.0,14132.3,0.0,90382.9,14253.0,0.021,0.0,0.0,ours_noinflate,0.933155
h=0.1/q0=0.6/p=1/r=1/sig=0/cf=1,B_q0,0.1,0.6,1.0,1.0,0.0,1.0,1.0,bpi2019,autorpa_233k,ours_pi_prior,26122649919.6,1.134407,18.0,24.6,3805.6,3512.6,0.0,22449.5,3643.4,0.014,0.0,0.0,ours_noinflate,0.933155
h=0.1/q0=0.6/p=1/r=1/sig=0/cf=1,B_q0,0.1,0.6,1.0,1.0,0.0,1.0,1.0,bpi2019,autorpa_233k,breakeven,26915342139.232,1.168831,1.4,6.1,686.2,284.9,0.0,1767.6,565.2,0.004,0.0,0.0,ours_noinflate,0.933155
h=0.1/q0=0.6/p=1/r=1/sig=0/cf=1,B_q0,0.1,0.6,1.0,1.0,0.0,1.0,1.0,bpi2019,autorpa_233k,breakeven_cap_epoch,26915342139.232,1.168831,1.4,6.1,686.2,284.9,0.0,1767.6,565.2,0.004,0.0,0.0,ours_noinflate,0.933155
h=0.1/q0=0.6/p=1/r=1/sig=0/cf=1,B_q0,0.1,0.6,1.0,1.0,0.0,1.0,1.0,bpi2019,autorpa_233k,offline_taxblind,22499271146.924,0.977057,,,,,,,,,,,ours_noinflate,0.933155
h=0.1/q0=0.6/p=1/r=1/sig=0/cf=1,B_q0,0.1,0.6,1.0,1.0,0.0,1.0,1.0,bpi2019,autorpa_233k,offline_opt_tax,22739299741.512,0.987481,,,,,,,,,,,ours_noinflate,0.933155
h=0.1/q0=0.6/p=1/r=1/sig=0/cf=1,B_q0,0.1,0.6,1.0,1.0,0.0,1.0,1.0,bpi2019,native,always_reactive,26858149732.486,1.281687,0.0,0.0,0.0,0.0,0.0,0.0,0.0,0.003,0.0,0.0,always_compile_evict,1.0
h=0.1/q0=0.6/p=1/r=1/sig=0/cf=1,B_q0,0.1,0.6,1.0,1.0,0.0,1.0,1.0,bpi2019,native,always_compile_evict,20926687195.526,0.998634,21.1,41.8,25427.8,23721.6,0.0,151647.2,24322.7,0.028,0.0,0.0,always_compile_evict,1.0
h=0.1/q0=0.6/p=1/r=1/sig=0/cf=1,B_q0,0.1,0.6,1.0,1.0,0.0,1.0,1.0,bpi2019,native,ours_noinflate,20955306747.974,1.0,12.1,22.3,14942.6,14398.9,0.0,92132.0,14139.1,0.016,0.0,0.0,always_compile_evict,1.0
h=0.1/q0=0.6/p=1/r=1/sig=0/cf=1,B_q0,0.1,0.6,1.0,1.0,0.0,1.0,1.0,bpi2019,native,oracle_tax,26769726506.183,1.277468,16.8,22.6,254.0,237.2,0.0,1483.9,143.7,0.004,0.0,0.0,always_compile_evict,1.0
h=0.1/q0=0.6/p=1/r=1/sig=0/cf=1,B_q0,0.1,0.6,1.0,1.0,0.0,1.0,1.0,bpi2019,native,ours_spend_cap,20955306747.974,1.0,12.1,22.3,14942.6,14398.9,0.0,92132.0,14139.1,0.016,0.0,0.0,always_compile_evict,1.0
h=0.1/q0=0.6/p=1/r=1/sig=0/cf=1,B_q0,0.1,0.6,1.0,1.0,0.0,1.0,1.0,bpi2019,native,ours_cap_epoch,20955306747.974,1.0,12.1,22.3,14942.6,14398.9,0.0,92132.0,14139.1,0.016,0.0,0.0,always_compile_evict,1.0
h=0.1/q0=0.6/p=1/r=1/sig=0/cf=1,B_q0,0.1,0.6,1.0,1.0,0.0,1.0,1.0,bpi2019,native,ours_cap_realized,20955306747.974,1.0,12.1,22.3,14942.6,14398.9,0.0,92132.0,14139.1,0.016,0.0,0.0,always_compile_evict,1.0
h=0.1/q0=0.6/p=1/r=1/sig=0/cf=1,B_q0,0.1,0.6,1.0,1.0,0.0,1.0,1.0,bpi2019,native,ours_pi_prior,22652557130.612,1.080994,16.3,25.1,13100.5,12486.6,0.0,80202.8,12357.0,0.016,0.0,0.0,always_compile_evict,1.0
h=0.1/q0=0.6/p=1/r=1/sig=0/cf=1,B_q0,0.1,0.6,1.0,1.0,0.0,1.0,1.0,bpi2019,native,breakeven,26832108921.674,1.280445,0.3,5.9,1012.7,335.0,0.0,2120.2,723.7,0.004,0.0,0.0,always_compile_evict,1.0
h=0.1/q0=0.6/p=1/r=1/sig=0/cf=1,B_q0,0.1,0.6,1.0,1.0,0.0,1.0,1.0,bpi2019,native,breakeven_cap_epoch,26832108921.674,1.280445,0.3,5.9,1012.7,335.0,0.0,2120.2,723.7,0.004,0.0,0.0,always_compile_evict,1.0
h=0.1/q0=0.6/p=1/r=1/sig=0/cf=1,B_q0,0.1,0.6,1.0,1.0,0.0,1.0,1.0,bpi2019,native,offline_taxblind,20167844195.979,0.962422,,,,,,,,,,,always_compile_evict,1.0
h=0.1/q0=0.6/p=1/r=1/sig=0/cf=1,B_q0,0.1,0.6,1.0,1.0,0.0,1.0,1.0,bpi2019,native,offline_opt_tax,20428892165.806,0.974879,,,,,,,,,,,always_compile_evict,1.0
h=0.1/q0=0.6/p=1/r=1/sig=0/cf=1,B_q0,0.1,0.6,1.0,1.0,0.0,1.0,1.0,sepsis,autorpa_233k,always_reactive,93787502.059,0.997043,0.0,0.0,0.0,0.0,0.0,0.0,0.0,0.004,0.0,0.0,always_reactive,0.946038
h=0.1/q0=0.6/p=1/r=1/sig=0/cf=1,B_q0,0.1,0.6,1.0,1.0,0.0,1.0,1.0,sepsis,autorpa_233k,always_compile_evict,99137150.832,1.053915,16.9,18.5,36.6,12.8,0.0,91.8,32.8,0.013,0.0,0.0,always_reactive,0.946038
h=0.1/q0=0.6/p=1/r=1/sig=0/cf=1,B_q0,0.1,0.6,1.0,1.0,0.0,1.0,1.0,sepsis,autorpa_233k,ours_noinflate,94065639.964,1.0,2.0,2.7,3.7,1.2,0.0,6.7,3.2,0.005,0.0,0.0,always_reactive,0.946038
h=0.1/q0=0.6/p=1/r=1/sig=0/cf=1,B_q0,0.1,0.6,1.0,1.0,0.0,1.0,1.0,sepsis,autorpa_233k,oracle_tax,93630345.046,0.995372,1.8,2.7,3.5,1.7,0.0,12.1,1.3,0.005,0.0,0.0,always_reactive,0.946038
h=0.1/q0=0.6/p=1/r=1/sig=0/cf=1,B_q0,0.1,0.6,1.0,1.0,0.0,1.0,1.0,sepsis,autorpa_233k,ours_spend_cap,94065639.964,1.0,2.0,2.7,3.7,1.2,0.0,6.7,3.2,0.005,0.0,0.0,always_reactive,0.946038
h=0.1/q0=0.6/p=1/r=1/sig=0/cf=1,B_q0,0.1,0.6,1.0,1.0,0.0,1.0,1.0,sepsis,autorpa_233k,ours_cap_epoch,94065639.964,1.0,2.0,2.7,3.7,1.2,0.0,6.7,3.2,0.005,0.0,0.0,always_reactive,0.946038
h=0.1/q0=0.6/p=1/r=1/sig=0/cf=1,B_q0,0.1,0.6,1.0,1.0,0.0,1.0,1.0,sepsis,autorpa_233k,ours_cap_realized,94065639.964,1.0,2.0,2.7,3.7,1.2,0.0,6.7,3.2,0.005,0.0,0.0,always_reactive,0.946038
h=0.1/q0=0.6/p=1/r=1/sig=0/cf=1,B_q0,0.1,0.6,1.0,1.0,0.0,1.0,1.0,sepsis,autorpa_233k,ours_pi_prior,94039778.575,0.999725,1.8,2.0,2.6,0.8,0.0,4.5,1.9,0.004,0.0,0.0,always_reactive,0.946038
h=0.1/q0=0.6/p=1/r=1/sig=0/cf=1,B_q0,0.1,0.6,1.0,1.0,0.0,1.0,1.0,sepsis,autorpa_233k,breakeven,94111510.884,1.000488,1.7,2.1,3.0,1.3,0.0,10.1,2.7,0.005,0.0,0.0,always_reactive,0.946038
h=0.1/q0=0.6/p=1/r=1/sig=0/cf=1,B_q0,0.1,0.6,1.0,1.0,0.0,1.0,1.0,sepsis,autorpa_233k,breakeven_cap_epoch,94111510.884,1.000488,1.7,2.1,3.0,1.3,0.0,10.1,2.7,0.005,0.0,0.0,always_reactive,0.946038
h=0.1/q0=0.6/p=1/r=1/sig=0/cf=1,B_q0,0.1,0.6,1.0,1.0,0.0,1.0,1.0,sepsis,autorpa_233k,offline_taxblind,93366458.566,0.992567,,,,,,,,,,,always_reactive,0.946038
h=0.1/q0=0.6/p=1/r=1/sig=0/cf=1,B_q0,0.1,0.6,1.0,1.0,0.0,1.0,1.0,sepsis,autorpa_233k,offline_opt_tax,93530258.109,0.994308,,,,,,,,,,,always_reactive,0.946038
h=0.1/q0=0.6/p=1/r=1/sig=0/cf=1,B_q0,0.1,0.6,1.0,1.0,0.0,1.0,1.0,sepsis,native,always_reactive,93787502.059,1.004398,0.0,0.0,0.0,0.0,0.0,0.0,0.0,0.004,0.0,0.0,ours_noinflate,0.987598
h=0.1/q0=0.6/p=1/r=1/sig=0/cf=1,B_q0,0.1,0.6,1.0,1.0,0.0,1.0,1.0,sepsis,native,always_compile_evict,94549384.382,1.012558,16.6,17.5,36.6,12.8,0.0,91.8,27.2,0.013,0.0,0.0,ours_noinflate,0.987598
h=0.1/q0=0.6/p=1/r=1/sig=0/cf=1,B_q0,0.1,0.6,1.0,1.0,0.0,1.0,1.0,sepsis,native,ours_noinflate,93376792.725,1.0,3.6,4.9,7.6,2.1,0.0,14.0,4.2,0.006,0.0,0.0,ours_noinflate,0.987598
h=0.1/q0=0.6/p=1/r=1/sig=0/cf=1,B_q0,0.1,0.6,1.0,1.0,0.0,1.0,1.0,sepsis,native,oracle_tax,92775592.808,0.993562,5.2,7.0,13.8,8.6,0.0,63.4,5.5,0.008,0.0,0.0,ours_noinflate,0.987598
h=0.1/q0=0.6/p=1/r=1/sig=0/cf=1,B_q0,0.1,0.6,1.0,1.0,0.0,1.0,1.0,sepsis,native,ours_spend_cap,93376792.725,1.0,3.6,4.9,7.6,2.1,0.0,14.0,4.2,0.006,0.0,0.0,ours_noinflate,0.987598
h=0.1/q0=0.6/p=1/r=1/sig=0/cf=1,B_q0,0.1,0.6,1.0,1.0,0.0,1.0,1.0,sepsis,native,ours_cap_epoch,93376792.725,1.0,3.6,4.9,7.6,2.1,0.0,14.0,4.2,0.006,0.0,0.0,ours_noinflate,0.987598
h=0.1/q0=0.6/p=1/r=1/sig=0/cf=1,B_q0,0.1,0.6,1.0,1.0,0.0,1.0,1.0,sepsis,native,ours_cap_realized,93376792.725,1.0,3.6,4.9,7.6,2.1,0.0,14.0,4.2,0.006,0.0,0.0,ours_noinflate,0.987598
h=0.1/q0=0.6/p=1/r=1/sig=0/cf=1,B_q0,0.1,0.6,1.0,1.0,0.0,1.0,1.0,sepsis,native,ours_pi_prior,93698003.479,1.00344,5.8,5.9,9.3,3.5,0.0,28.8,5.7,0.006,0.0,0.0,ours_noinflate,0.987598
h=0.1/q0=0.6/p=1/r=1/sig=0/cf=1,B_q0,0.1,0.6,1.0,1.0,0.0,1.0,1.0,sepsis,native,breakeven,93592104.466,1.002306,3.1,4.3,8.2,3.5,0.0,27.2,4.1,0.006,0.0,0.0,ours_noinflate,0.987598
h=0.1/q0=0.6/p=1/r=1/sig=0/cf=1,B_q0,0.1,0.6,1.0,1.0,0.0,1.0,1.0,sepsis,native,breakeven_cap_epoch,93592104.466,1.002306,3.1,4.3,8.2,3.5,0.0,27.2,4.1,0.006,0.0,0.0,ours_noinflate,0.987598
h=0.1/q0=0.6/p=1/r=1/sig=0/cf=1,B_q0,0.1,0.6,1.0,1.0,0.0,1.0,1.0,sepsis,native,offline_taxblind,91718429.256,0.98224,,,,,,,,,,,ours_noinflate,0.987598
h=0.1/q0=0.6/p=1/r=1/sig=0/cf=1,B_q0,0.1,0.6,1.0,1.0,0.0,1.0,1.0,sepsis,native,offline_opt_tax,92492246.811,0.990527,,,,,,,,,,,ours_noinflate,0.987598
h=0.1/q0=0.6/p=1/r=1/sig=0/cf=1,B_q0,0.1,0.6,1.0,1.0,0.0,1.0,1.0,wiki_A,autorpa_233k,always_reactive,4770469730.199,1.061416,0.0,0.0,0.0,0.0,0.0,0.0,0.0,0.005,0.0,0.0,ours_noinflate,0.938862
h=0.1/q0=0.6/p=1/r=1/sig=0/cf=1,B_q0,0.1,0.6,1.0,1.0,0.0,1.0,1.0,wiki_A,autorpa_233k,always_compile_evict,4787115555.532,1.065119,9.1,41.6,6543.9,6259.2,0.0,40049.1,6319.3,0.021,0.0,0.0,ours_noinflate,0.938862
h=0.1/q0=0.6/p=1/r=1/sig=0/cf=1,B_q0,0.1,0.6,1.0,1.0,0.0,1.0,1.0,wiki_A,autorpa_233k,ours_noinflate,4494440187.377,1.0,3.8,14.6,1069.6,1017.9,0.0,6535.1,918.4,0.012,0.0,0.0,ours_noinflate,0.938862
h=0.1/q0=0.6/p=1/r=1/sig=0/cf=1,B_q0,0.1,0.6,1.0,1.0,0.0,1.0,1.0,wiki_A,autorpa_233k,oracle_tax,4732800241.43,1.053034,2.9,4.4,123.4,120.5,0.0,761.2,73.4,0.005,0.0,0.0,ours_noinflate,0.938862
h=0.1/q0=0.6/p=1/r=1/sig=0/cf=1,B_q0,0.1,0.6,1.0,1.0,0.0,1.0,1.0,wiki_A,autorpa_233k,ours_spend_cap,4494440187.377,1.0,3.8,14.6,1069.6,1017.9,0.0,6535.1,918.4,0.012,0.0,0.0,ours_noinflate,0.938862
h=0.1/q0=0.6/p=1/r=1/sig=0/cf=1,B_q0,0.1,0.6,1.0,1.0,0.0,1.0,1.0,wiki_A,autorpa_233k,ours_cap_epoch,4494440187.377,1.0,3.8,14.6,1069.6,1017.9,0.0,6535.1,918.4,0.012,0.0,0.0,ours_noinflate,0.938862
h=0.1/q0=0.6/p=1/r=1/sig=0/cf=1,B_q0,0.1,0.6,1.0,1.0,0.0,1.0,1.0,wiki_A,autorpa_233k,ours_cap_realized,4494440187.377,1.0,3.8,14.6,1069.6,1017.9,0.0,6535.1,918.4,0.012,0.0,0.0,ours_noinflate,0.938862
h=0.1/q0=0.6/p=1/r=1/sig=0/cf=1,B_q0,0.1,0.6,1.0,1.0,0.0,1.0,1.0,wiki_A,autorpa_233k,ours_pi_prior,4631839189.5,1.030571,0.8,8.9,560.8,516.8,0.0,3308.8,475.6,0.008,0.0,0.0,ours_noinflate,0.938862
h=0.1/q0=0.6/p=1/r=1/sig=0/cf=1,B_q0,0.1,0.6,1.0,1.0,0.0,1.0,1.0,wiki_A,autorpa_233k,breakeven,4801420706.708,1.068302,0.0,5.3,1176.7,1104.1,0.0,7022.8,1067.3,0.006,0.0,0.0,ours_noinflate,0.938862
h=0.1/q0=0.6/p=1/r=1/sig=0/cf=1,B_q0,0.1,0.6,1.0,1.0,0.0,1.0,1.0,wiki_A,autorpa_233k,breakeven_cap_epoch,4801420706.708,1.068302,0.0,5.3,1176.7,1104.1,0.0,7022.8,1067.3,0.006,0.0,0.0,ours_noinflate,0.938862
h=0.1/q0=0.6/p=1/r=1/sig=0/cf=1,B_q0,0.1,0.6,1.0,1.0,0.0,1.0,1.0,wiki_A,autorpa_233k,offline_taxblind,4443998135.12,0.988777,,,,,,,,,,,ours_noinflate,0.938862
h=0.1/q0=0.6/p=1/r=1/sig=0/cf=1,B_q0,0.1,0.6,1.0,1.0,0.0,1.0,1.0,wiki_A,autorpa_233k,offline_opt_tax,4467327358.022,0.993967,,,,,,,,,,,ours_noinflate,0.938862
h=0.1/q0=0.6/p=1/r=1/sig=0/cf=1,B_q0,0.1,0.6,1.0,1.0,0.0,1.0,1.0,wiki_A,native,always_reactive,4770469730.199,1.099674,0.0,0.0,0.0,0.0,0.0,0.0,0.0,0.005,0.0,0.0,always_compile_evict,1.0
h=0.1/q0=0.6/p=1/r=1/sig=0/cf=1,B_q0,0.1,0.6,1.0,1.0,0.0,1.0,1.0,wiki_A,native,always_compile_evict,4008902778.132,0.92412,6.5,31.1,6543.9,6259.2,0.0,40049.1,6129.0,0.018,0.0,0.0,always_compile_evict,1.0
h=0.1/q0=0.6/p=1/r=1/sig=0/cf=1,B_q0,0.1,0.6,1.0,1.0,0.0,1.0,1.0,wiki_A,native,ours_noinflate,4338075064.563,1.0,4.4,14.2,1152.2,1060.3,0.0,6807.8,891.3,0.011,0.0,0.0,always_compile_evict,1.0
h=0.1/q0=0.6/p=1/r=1/sig=0/cf=1,B_q0,0.1,0.6,1.0,1.0,0.0,1.0,1.0,wiki_A,native,oracle_tax,4697883245.621,1.082942,5.1,6.7,214.8,209.7,0.0,1347.2,124.0,0.006,0.0,0.0,always_compile_evict,1.0
h=0.1/q0=0.6/p=1/r=1/sig=0/cf=1,B_q0,0.1,0.6,1.0,1.0,0.0,1.0,1.0,wiki_A,native,ours_spend_cap,4338075064.563,1.0,4.4,14.2,1152.2,1060.3,0.0,6807.8,891.3,0.011,0.0,0.0,always_compile_evict,1.0
h=0.1/q0=0.6/p=1/r=1/sig=0/cf=1,B_q0,0.1,0.6,1.0,1.0,0.0,1.0,1.0,wiki_A,native,ours_cap_epoch,4338075064.563,1.0,4.4,14.2,1152.2,1060.3,0.0,6807.8,891.3,0.011,0.0,0.0,always_compile_evict,1.0
h=0.1/q0=0.6/p=1/r=1/sig=0/cf=1,B_q0,0.1,0.6,1.0,1.0,0.0,1.0,1.0,wiki_A,native,ours_cap_realized,4338075064.563,1.0,4.4,14.2,1152.2,1060.3,0.0,6807.8,891.3,0.011,0.0,0.0,always_compile_evict,1.0
h=0.1/q0=0.6/p=1/r=1/sig=0/cf=1,B_q0,0.1,0.6,1.0,1.0,0.0,1.0,1.0,wiki_A,native,ours_pi_prior,4069595264.048,0.938111,3.6,12.0,5397.3,5303.4,0.0,33964.4,5074.0,0.011,0.0,0.0,always_compile_evict,1.0
h=0.1/q0=0.6/p=1/r=1/sig=0/cf=1,B_q0,0.1,0.6,1.0,1.0,0.0,1.0,1.0,wiki_A,native,breakeven,4643585753.896,1.070425,0.0,5.0,1503.2,1380.3,0.0,8748.0,1294.3,0.006,0.0,0.0,always_compile_evict,1.0
h=0.1/q0=0.6/p=1/r=1/sig=0/cf=1,B_q0,0.1,0.6,1.0,1.0,0.0,1.0,1.0,wiki_A,native,breakeven_cap_epoch,4643585753.896,1.070425,0.0,5.0,1503.2,1380.3,0.0,8748.0,1294.3,0.006,0.0,0.0,always_compile_evict,1.0
h=0.1/q0=0.6/p=1/r=1/sig=0/cf=1,B_q0,0.1,0.6,1.0,1.0,0.0,1.0,1.0,wiki_A,native,offline_taxblind,3919941791.384,0.903613,,,,,,,,,,,always_compile_evict,1.0
h=0.1/q0=0.6/p=1/r=1/sig=0/cf=1,B_q0,0.1,0.6,1.0,1.0,0.0,1.0,1.0,wiki_A,native,offline_opt_tax,3946879450.92,0.909823,,,,,,,,,,,always_compile_evict,1.0
h=0.1/q0=0.6/p=1/r=1/sig=0/cf=1,B_q0,0.1,0.6,1.0,1.0,0.0,1.0,1.0,wiki_B,autorpa_233k,always_reactive,8991713899.193,1.010882,0.0,0.0,0.0,0.0,0.0,0.0,0.0,0.004,0.0,0.0,ours_noinflate,0.928139
h=0.1/q0=0.6/p=1/r=1/sig=0/cf=1,B_q0,0.1,0.6,1.0,1.0,0.0,1.0,1.0,wiki_B,autorpa_233k,always_compile_evict,9583605283.007,1.077425,58.5,76.8,4417.2,2859.2,0.0,18009.6,4230.9,0.05,0.0,0.0,ours_noinflate,0.928139
h=0.1/q0=0.6/p=1/r=1/sig=0/cf=1,B_q0,0.1,0.6,1.0,1.0,0.0,1.0,1.0,wiki_B,autorpa_233k,ours_noinflate,8894919959.292,1.0,16.0,27.6,1053.2,831.5,0.0,5368.6,924.1,0.016,0.0,0.0,ours_noinflate,0.928139
h=0.1/q0=0.6/p=1/r=1/sig=0/cf=1,B_q0,0.1,0.6,1.0,1.0,0.0,1.0,1.0,wiki_B,autorpa_233k,oracle_tax,8989487336.319,1.010632,3.0,4.5,11.8,8.8,0.0,57.9,4.3,0.004,0.0,0.0,ours_noinflate,0.928139
h=0.1/q0=0.6/p=1/r=1/sig=0/cf=1,B_q0,0.1,0.6,1.0,1.0,0.0,1.0,1.0,wiki_B,autorpa_233k,ours_spend_cap,8894919959.292,1.0,16.0,27.6,1053.2,831.5,0.0,5368.6,924.1,0.016,0.0,0.0,ours_noinflate,0.928139
h=0.1/q0=0.6/p=1/r=1/sig=0/cf=1,B_q0,0.1,0.6,1.0,1.0,0.0,1.0,1.0,wiki_B,autorpa_233k,ours_cap_epoch,8894919959.292,1.0,16.0,27.6,1053.2,831.5,0.0,5368.6,924.1,0.016,0.0,0.0,ours_noinflate,0.928139
h=0.1/q0=0.6/p=1/r=1/sig=0/cf=1,B_q0,0.1,0.6,1.0,1.0,0.0,1.0,1.0,wiki_B,autorpa_233k,ours_cap_realized,8894919959.292,1.0,16.0,27.6,1053.2,831.5,0.0,5368.6,924.1,0.016,0.0,0.0,ours_noinflate,0.928139
h=0.1/q0=0.6/p=1/r=1/sig=0/cf=1,B_q0,0.1,0.6,1.0,1.0,0.0,1.0,1.0,wiki_B,autorpa_233k,ours_pi_prior,8933092525.663,1.004292,13.9,22.6,908.5,678.3,0.0,4363.1,813.1,0.015,0.0,0.0,ours_noinflate,0.928139
h=0.1/q0=0.6/p=1/r=1/sig=0/cf=1,B_q0,0.1,0.6,1.0,1.0,0.0,1.0,1.0,wiki_B,autorpa_233k,breakeven,9035982721.926,1.015859,1.4,7.2,418.1,173.6,0.0,1117.4,355.9,0.006,0.0,0.0,ours_noinflate,0.928139
h=0.1/q0=0.6/p=1/r=1/sig=0/cf=1,B_q0,0.1,0.6,1.0,1.0,0.0,1.0,1.0,wiki_B,autorpa_233k,breakeven_cap_epoch,9035982721.926,1.015859,1.4,7.2,418.1,173.6,0.0,1117.4,355.9,0.006,0.0,0.0,ours_noinflate,0.928139
h=0.1/q0=0.6/p=1/r=1/sig=0/cf=1,B_q0,0.1,0.6,1.0,1.0,0.0,1.0,1.0,wiki_B,autorpa_233k,offline_taxblind,8704490559.226,0.978591,,,,,,,,,,,ours_noinflate,0.928139
h=0.1/q0=0.6/p=1/r=1/sig=0/cf=1,B_q0,0.1,0.6,1.0,1.0,0.0,1.0,1.0,wiki_B,autorpa_233k,offline_opt_tax,8767133277.433,0.985634,,,,,,,,,,,ours_noinflate,0.928139
h=0.1/q0=0.6/p=1/r=1/sig=0/cf=1,B_q0,0.1,0.6,1.0,1.0,0.0,1.0,1.0,wiki_B,native,always_reactive,8991713899.193,1.03572,0.0,0.0,0.0,0.0,0.0,0.0,0.0,0.004,0.0,0.0,ours_noinflate,0.982972
h=0.1/q0=0.6/p=1/r=1/sig=0/cf=1,B_q0,0.1,0.6,1.0,1.0,0.0,1.0,1.0,wiki_B,native,always_compile_evict,8831990706.059,1.017323,31.1,49.2,4417.2,2859.2,0.0,18009.6,3814.0,0.031,0.0,0.0,ours_noinflate,0.982972
h=0.1/q0=0.6/p=1/r=1/sig=0/cf=1,B_q0,0.1,0.6,1.0,1.0,0.0,1.0,1.0,wiki_B,native,ours_noinflate,8681603566.549,1.0,11.7,21.5,1491.1,1021.3,0.0,6552.4,1037.2,0.014,0.0,0.0,ours_noinflate,0.982972
h=0.1/q0=0.6/p=1/r=1/sig=0/cf=1,B_q0,0.1,0.6,1.0,1.0,0.0,1.0,1.0,wiki_B,native,oracle_tax,8986607899.634,1.035132,13.4,16.2,45.4,32.0,0.0,206.9,20.5,0.004,0.0,0.0,ours_noinflate,0.982972
h=0.1/q0=0.6/p=1/r=1/sig=0/cf=1,B_q0,0.1,0.6,1.0,1.0,0.0,1.0,1.0,wiki_B,native,ours_spend_cap,8681603566.549,1.0,11.7,21.5,1491.1,1021.3,0.0,6552.4,1037.2,0.014,0.0,0.0,ours_noinflate,0.982972
h=0.1/q0=0.6/p=1/r=1/sig=0/cf=1,B_q0,0.1,0.6,1.0,1.0,0.0,1.0,1.0,wiki_B,native,ours_cap_epoch,8681603566.549,1.0,11.7,21.5,1491.1,1021.3,0.0,6552.4,1037.2,0.014,0.0,0.0,ours_noinflate,0.982972
h=0.1/q0=0.6/p=1/r=1/sig=0/cf=1,B_q0,0.1,0.6,1.0,1.0,0.0,1.0,1.0,wiki_B,native,ours_cap_realized,8681603566.549,1.0,11.7,21.5,1491.1,1021.3,0.0,6552.4,1037.2,0.014,0.0,0.0,ours_noinflate,0.982972
h=0.1/q0=0.6/p=1/r=1/sig=0/cf=1,B_q0,0.1,0.6,1.0,1.0,0.0,1.0,1.0,wiki_B,native,ours_pi_prior,8746360494.094,1.007459,12.6,24.0,1599.1,1125.4,0.0,7200.7,1233.9,0.014,0.0,0.0,ours_noinflate,0.982972
h=0.1/q0=0.6/p=1/r=1/sig=0/cf=1,B_q0,0.1,0.6,1.0,1.0,0.0,1.0,1.0,wiki_B,native,breakeven,8999793341.474,1.036651,1.8,7.6,721.5,209.1,0.0,1349.5,596.0,0.006,0.0,0.0,ours_noinflate,0.982972
h=0.1/q0=0.6/p=1/r=1/sig=0/cf=1,B_q0,0.1,0.6,1.0,1.0,0.0,1.0,1.0,wiki_B,native,breakeven_cap_epoch,8999793341.474,1.036651,1.8,7.6,721.5,209.1,0.0,1349.5,596.0,0.006,0.0,0.0,ours_noinflate,0.982972
h=0.1/q0=0.6/p=1/r=1/sig=0/cf=1,B_q0,0.1,0.6,1.0,1.0,0.0,1.0,1.0,wiki_B,native,offline_taxblind,8429275303.443,0.970935,,,,,,,,,,,ours_noinflate,0.982972
h=0.1/q0=0.6/p=1/r=1/sig=0/cf=1,B_q0,0.1,0.6,1.0,1.0,0.0,1.0,1.0,wiki_B,native,offline_opt_tax,8499075834.311,0.978975,,,,,,,,,,,ours_noinflate,0.982972
h=0.3/q0=0.4/p=0.3/r=1/sig=0/cf=11.0877,A_core,0.3,0.4,0.3,1.0,0.0,1.0,11.087667012373094,bpi2019,autorpa_233k,always_reactive,26858149732.486,1.0,0.0,0.0,0.0,0.0,0.0,0.0,0.0,0.003,0.0,0.0,always_reactive,0.093856
h=0.3/q0=0.4/p=0.3/r=1/sig=0/cf=11.0877,A_core,0.3,0.4,0.3,1.0,0.0,1.0,11.087667012373094,bpi2019,autorpa_233k,always_compile_evict,286163799958.532,10.654636,35.8,67.3,140759.0,41520.0,0.0,80182.7,140642.1,0.004,98590.8,254702076885.832,always_reactive,0.093856
h=0.3/q0=0.4/p=0.3/r=1/sig=0/cf=11.0877,A_core,0.3,0.4,0.3,1.0,0.0,1.0,11.087667012373094,bpi2019,autorpa_233k,ours_noinflate,26858149732.486,1.0,0.0,0.0,0.0,0.0,0.0,0.0,0.0,0.003,0.0,0.0,always_reactive,0.093856
h=0.3/q0=0.4/p=0.3/r=1/sig=0/cf=11.0877,A_core,0.3,0.4,0.3,1.0,0.0,1.0,11.087667012373094,bpi2019,autorpa_233k,oracle_tax,26858149732.486,1.0,0.0,0.0,0.0,0.0,0.0,0.0,0.0,0.003,0.0,0.0,always_reactive,0.093856
h=0.3/q0=0.4/p=0.3/r=1/sig=0/cf=11.0877,A_core,0.3,0.4,0.3,1.0,0.0,1.0,11.087667012373094,bpi2019,autorpa_233k,ours_spend_cap,26858149732.486,1.0,0.0,0.0,0.0,0.0,0.0,0.0,0.0,0.003,0.0,0.0,always_reactive,0.093856
h=0.3/q0=0.4/p=0.3/r=1/sig=0/cf=11.0877,A_core,0.3,0.4,0.3,1.0,0.0,1.0,11.087667012373094,bpi2019,autorpa_233k,ours_cap_epoch,26858149732.486,1.0,0.0,0.0,0.0,0.0,0.0,0.0,0.0,0.003,0.0,0.0,always_reactive,0.093856
h=0.3/q0=0.4/p=0.3/r=1/sig=0/cf=11.0877,A_core,0.3,0.4,0.3,1.0,0.0,1.0,11.087667012373094,bpi2019,autorpa_233k,ours_cap_realized,26858149732.486,1.0,0.0,0.0,0.0,0.0,0.0,0.0,0.0,0.003,0.0,0.0,always_reactive,0.093856
h=0.3/q0=0.4/p=0.3/r=1/sig=0/cf=11.0877,A_core,0.3,0.4,0.3,1.0,0.0,1.0,11.087667012373094,bpi2019,autorpa_233k,ours_pi_prior,26858149732.486,1.0,0.0,0.0,0.0,0.0,0.0,0.0,0.0,0.003,0.0,0.0,always_reactive,0.093856
h=0.3/q0=0.4/p=0.3/r=1/sig=0/cf=11.0877,A_core,0.3,0.4,0.3,1.0,0.0,1.0,11.087667012373094,bpi2019,autorpa_233k,breakeven,32976112217.104,1.227788,1.5,7.7,3299.5,763.4,0.0,1476.0,3208.3,0.004,2309.8,5967198330.787,always_reactive,0.093856
h=0.3/q0=0.4/p=0.3/r=1/sig=0/cf=11.0877,A_core,0.3,0.4,0.3,1.0,0.0,1.0,11.087667012373094,bpi2019,autorpa_233k,breakeven_cap_epoch,27887205042.973,1.038314,0.5,3.9,545.0,98.1,0.0,191.7,536.7,0.004,384.8,994102484.062,always_reactive,0.093856
h=0.3/q0=0.4/p=0.3/r=1/sig=0/cf=11.0877,A_core,0.3,0.4,0.3,1.0,0.0,1.0,11.087667012373094,bpi2019,autorpa_233k,offline_taxblind,26858149732.495,1.0,,,,,,,,,,,always_reactive,0.093856
h=0.3/q0=0.4/p=0.3/r=1/sig=0/cf=11.0877,A_core,0.3,0.4,0.3,1.0,0.0,1.0,11.087667012373094,bpi2019,autorpa_233k,offline_opt_tax,26858149732.495,1.0,,,,,,,,,,,always_reactive,0.093856
h=0.3/q0=0.4/p=0.3/r=1/sig=0/cf=11.0877,A_core,0.3,0.4,0.3,1.0,0.0,1.0,11.087667012373094,bpi2019,native,always_reactive,26858149732.486,0.983261,0.0,0.0,0.0,0.0,0.0,0.0,0.0,0.003,0.0,0.0,always_reactive,0.194057
h=0.3/q0=0.4/p=0.3/r=1/sig=0/cf=11.0877,A_core,0.3,0.4,0.3,1.0,0.0,1.0,11.087667012373094,bpi2019,native,always_compile_evict,138403552650.532,5.06687,21.2,44.2,140759.0,41520.0,0.0,80182.7,140299.1,0.005,98590.8,112825049373.9,always_reactive,0.194057
h=0.3/q0=0.4/p=0.3/r=1/sig=0/cf=11.0877,A_core,0.3,0.4,0.3,1.0,0.0,1.0,11.087667012373094,bpi2019,native,ours_noinflate,27315392009.939,1.0,0.7,3.7,553.0,123.6,0.0,240.6,497.0,0.004,389.5,458616484.645,always_reactive,0.194057
h=0.3/q0=0.4/p=0.3/r=1/sig=0/cf=11.0877,A_core,0.3,0.4,0.3,1.0,0.0,1.0,11.087667012373094,bpi2019,native,oracle_tax,26858149732.486,0.983261,0.0,0.0,0.0,0.0,0.0,0.0,0.0,0.003,0.0,0.0,always_reactive,0.194057
h=0.3/q0=0.4/p=0.3/r=1/sig=0/cf=11.0877,A_core,0.3,0.4,0.3,1.0,0.0,1.0,11.087667012373094,bpi2019,native,ours_spend_cap,27234339236.564,0.997033,0.7,3.6,455.2,99.8,0.0,193.2,404.6,0.004,320.2,377019251.305,always_reactive,0.194057
h=0.3/q0=0.4/p=0.3/r=1/sig=0/cf=11.0877,A_core,0.3,0.4,0.3,1.0,0.0,1.0,11.087667012373094,bpi2019,native,ours_cap_epoch,27234339236.564,0.997033,0.7,3.6,455.2,99.8,0.0,193.2,404.6,0.004,320.2,377019251.305,always_reactive,0.194057
h=0.3/q0=0.4/p=0.3/r=1/sig=0/cf=11.0877,A_core,0.3,0.4,0.3,1.0,0.0,1.0,11.087667012373094,bpi2019,native,ours_cap_realized,27235556544.734,0.997077,0.7,3.6,456.8,100.3,0.0,194.1,405.9,0.004,321.3,378314445.485,always_reactive,0.194057
h=0.3/q0=0.4/p=0.3/r=1/sig=0/cf=11.0877,A_core,0.3,0.4,0.3,1.0,0.0,1.0,11.087667012373094,bpi2019,native,ours_pi_prior,27386746662.542,1.002612,1.1,4.0,642.0,150.9,0.0,288.3,576.1,0.004,449.9,529734419.62,always_reactive,0.194057
h=0.3/q0=0.4/p=0.3/r=1/sig=0/cf=11.0877,A_core,0.3,0.4,0.3,1.0,0.0,1.0,11.087667012373094,bpi2019,native,breakeven,30546924757.911,1.118304,1.1,8.3,4369.4,897.8,0.0,1713.7,4083.5,0.004,3055.1,3656400387.458,always_reactive,0.194057
h=0.3/q0=0.4/p=0.3/r=1/sig=0/cf=11.0877,A_core,0.3,0.4,0.3,1.0,0.0,1.0,11.087667012373094,bpi2019,native,breakeven_cap_epoch,27618802115.569,1.011108,0.5,4.2,885.8,140.4,0.0,274.6,846.9,0.004,616.8,743731421.77,always_reactive,0.194057
h=0.3/q0=0.4/p=0.3/r=1/sig=0/cf=11.0877,A_core,0.3,0.4,0.3,1.0,0.0,1.0,11.087667012373094,bpi2019,native,offline_taxblind,26858149732.495,0.983261,,,,,,,,,,,always_reactive,0.194057
h=0.3/q0=0.4/p=0.3/r=1/sig=0/cf=11.0877,A_core,0.3,0.4,0.3,1.0,0.0,1.0,11.087667012373094,bpi2019,native,offline_opt_tax,26858149732.495,0.983261,,,,,,,,,,,always_reactive,0.194057
h=0.3/q0=0.4/p=0.3/r=1/sig=0/cf=11.0877,A_core,0.3,0.4,0.3,1.0,0.0,1.0,11.087667012373094,sepsis,autorpa_233k,always_reactive,93787502.059,1.0,0.0,0.0,0.0,0.0,0.0,0.0,0.0,0.004,0.0,0.0,always_reactive,0.323508
h=0.3/q0=0.4/p=0.3/r=1/sig=0/cf=11.0877,A_core,0.3,0.4,0.3,1.0,0.0,1.0,11.087667012373094,sepsis,autorpa_233k,always_compile_evict,289907764.017,3.091113,8.0,9.0,103.6,20.8,0.0,40.2,102.8,0.002,74.0,191173554.627,always_reactive,0.323508
h=0.3/q0=0.4/p=0.3/r=1/sig=0/cf=11.0877,A_core,0.3,0.4,0.3,1.0,0.0,1.0,11.087667012373094,sepsis,autorpa_233k,ours_noinflate,93787502.059,1.0,0.0,0.0,0.0,0.0,0.0,0.0,0.0,0.004,0.0,0.0,always_reactive,0.323508
h=0.3/q0=0.4/p=0.3/r=1/sig=0/cf=11.0877,A_core,0.3,0.4,0.3,1.0,0.0,1.0,11.087667012373094,sepsis,autorpa_233k,oracle_tax,93787502.059,1.0,0.0,0.0,0.0,0.0,0.0,0.0,0.0,0.004,0.0,0.0,always_reactive,0.323508
h=0.3/q0=0.4/p=0.3/r=1/sig=0/cf=11.0877,A_core,0.3,0.4,0.3,1.0,0.0,1.0,11.087667012373094,sepsis,autorpa_233k,ours_spend_cap,93787502.059,1.0,0.0,0.0,0.0,0.0,0.0,0.0,0.0,0.004,0.0,0.0,always_reactive,0.323508
h=0.3/q0=0.4/p=0.3/r=1/sig=0/cf=11.0877,A_core,0.3,0.4,0.3,1.0,0.0,1.0,11.087667012373094,sepsis,autorpa_233k,ours_cap_epoch,93787502.059,1.0,0.0,0.0,0.0,0.0,0.0,0.0,0.0,0.004,0.0,0.0,always_reactive,0.323508
h=0.3/q0=0.4/p=0.3/r=1/sig=0/cf=11.0877,A_core,0.3,0.4,0.3,1.0,0.0,1.0,11.087667012373094,sepsis,autorpa_233k,ours_cap_realized,93787502.059,1.0,0.0,0.0,0.0,0.0,0.0,0.0,0.0,0.004,0.0,0.0,always_reactive,0.323508
h=0.3/q0=0.4/p=0.3/r=1/sig=0/cf=11.0877,A_core,0.3,0.4,0.3,1.0,0.0,1.0,11.087667012373094,sepsis,autorpa_233k,ours_pi_prior,93787502.059,1.0,0.0,0.0,0.0,0.0,0.0,0.0,0.0,0.004,0.0,0.0,always_reactive,0.323508
h=0.3/q0=0.4/p=0.3/r=1/sig=0/cf=11.0877,A_core,0.3,0.4,0.3,1.0,0.0,1.0,11.087667012373094,sepsis,autorpa_233k,breakeven,103762248.857,1.106355,0.3,1.0,5.3,1.0,0.0,1.8,5.2,0.004,3.8,9817020.373,always_reactive,0.323508
h=0.3/q0=0.4/p=0.3/r=1/sig=0/cf=11.0877,A_core,0.3,0.4,0.3,1.0,0.0,1.0,11.087667012373094,sepsis,autorpa_233k,breakeven_cap_epoch,101398692.331,1.081154,0.2,0.9,4.1,0.8,0.0,1.5,4.0,0.004,2.9,7491936.6,always_reactive,0.323508
h=0.3/q0=0.4/p=0.3/r=1/sig=0/cf=11.0877,A_core,0.3,0.4,0.3,1.0,0.0,1.0,11.087667012373094,sepsis,autorpa_233k,offline_taxblind,93787502.059,1.0,,,,,,,,,,,always_reactive,0.323508
h=0.3/q0=0.4/p=0.3/r=1/sig=0/cf=11.0877,A_core,0.3,0.4,0.3,1.0,0.0,1.0,11.087667012373094,sepsis,autorpa_233k,offline_opt_tax,93787502.059,1.0,,,,,,,,,,,always_reactive,0.323508
h=0.3/q0=0.4/p=0.3/r=1/sig=0/cf=11.0877,A_core,0.3,0.4,0.3,1.0,0.0,1.0,11.087667012373094,sepsis,native,always_reactive,93787502.059,1.0,0.0,0.0,0.0,0.0,0.0,0.0,0.0,0.004,0.0,0.0,always_reactive,0.489501
h=0.3/q0=0.4/p=0.3/r=1/sig=0/cf=11.0877,A_core,0.3,0.4,0.3,1.0,0.0,1.0,11.087667012373094,sepsis,native,always_compile_evict,191598307.99,2.042898,7.2,8.7,103.6,20.8,0.0,40.2,99.0,0.004,74.0,96289804.7,always_reactive,0.489501
h=0.3/q0=0.4/p=0.3/r=1/sig=0/cf=11.0877,A_core,0.3,0.4,0.3,1.0,0.0,1.0,11.087667012373094,sepsis,native,ours_noinflate,93787502.059,1.0,0.0,0.0,0.0,0.0,0.0,0.0,0.0,0.004,0.0,0.0,always_reactive,0.489501
h=0.3/q0=0.4/p=0.3/r=1/sig=0/cf=11.0877,A_core,0.3,0.4,0.3,1.0,0.0,1.0,11.087667012373094,sepsis,native,oracle_tax,93787502.059,1.0,0.0,0.0,0.0,0.0,0.0,0.0,0.0,0.004,0.0,0.0,always_reactive,0.489501
h=0.3/q0=0.4/p=0.3/r=1/sig=0/cf=11.0877,A_core,0.3,0.4,0.3,1.0,0.0,1.0,11.087667012373094,sepsis,native,ours_spend_cap,93787502.059,1.0,0.0,0.0,0.0,0.0,0.0,0.0,0.0,0.004,0.0,0.0,always_reactive,0.489501
h=0.3/q0=0.4/p=0.3/r=1/sig=0/cf=11.0877,A_core,0.3,0.4,0.3,1.0,0.0,1.0,11.087667012373094,sepsis,native,ours_cap_epoch,93787502.059,1.0,0.0,0.0,0.0,0.0,0.0,0.0,0.0,0.004,0.0,0.0,always_reactive,0.489501
h=0.3/q0=0.4/p=0.3/r=1/sig=0/cf=11.0877,A_core,0.3,0.4,0.3,1.0,0.0,1.0,11.087667012373094,sepsis,native,ours_cap_realized,93787502.059,1.0,0.0,0.0,0.0,0.0,0.0,0.0,0.0,0.004,0.0,0.0,always_reactive,0.489501
h=0.3/q0=0.4/p=0.3/r=1/sig=0/cf=11.0877,A_core,0.3,0.4,0.3,1.0,0.0,1.0,11.087667012373094,sepsis,native,ours_pi_prior,98162739.011,1.046651,0.4,0.9,4.9,0.8,0.0,1.4,4.5,0.004,3.7,4356562.242,always_reactive,0.489501
h=0.3/q0=0.4/p=0.3/r=1/sig=0/cf=11.0877,A_core,0.3,0.4,0.3,1.0,0.0,1.0,11.087667012373094,sepsis,native,breakeven,113117959.797,1.206109,1.0,1.9,19.7,4.1,0.0,7.5,17.8,0.004,14.5,19247649.41,always_reactive,0.489501
h=0.3/q0=0.4/p=0.3/r=1/sig=0/cf=11.0877,A_core,0.3,0.4,0.3,1.0,0.0,1.0,11.087667012373094,sepsis,native,breakeven_cap_epoch,102951250.237,1.097708,0.7,1.3,10.1,2.2,0.0,3.6,9.4,0.004,7.1,9112648.052,always_reactive,0.489501
h=0.3/q0=0.4/p=0.3/r=1/sig=0/cf=11.0877,A_core,0.3,0.4,0.3,1.0,0.0,1.0,11.087667012373094,sepsis,native,offline_taxblind,93787502.059,1.0,,,,,,,,,,,always_reactive,0.489501
h=0.3/q0=0.4/p=0.3/r=1/sig=0/cf=11.0877,A_core,0.3,0.4,0.3,1.0,0.0,1.0,11.087667012373094,sepsis,native,offline_opt_tax,93787502.059,1.0,,,,,,,,,,,always_reactive,0.489501
h=0.3/q0=0.4/p=0.3/r=1/sig=0/cf=11.0877,A_core,0.3,0.4,0.3,1.0,0.0,1.0,11.087667012373094,wiki_A,autorpa_233k,always_reactive,4770469730.199,1.0,0.0,0.0,0.0,0.0,0.0,0.0,0.0,0.005,0.0,0.0,always_reactive,0.065256
h=0.3/q0=0.4/p=0.3/r=1/sig=0/cf=11.0877,A_core,0.3,0.4,0.3,1.0,0.0,1.0,11.087667012373094,wiki_A,autorpa_233k,always_compile_evict,73104399328.109,15.324361,11.6,33.0,36979.3,11028.5,0.0,21295.9,36882.7,0.001,25842.5,66762197100.773,always_reactive,0.065256
h=0.3/q0=0.4/p=0.3/r=1/sig=0/cf=11.0877,A_core,0.3,0.4,0.3,1.0,0.0,1.0,11.087667012373094,wiki_A,autorpa_233k,ours_noinflate,4770469730.199,1.0,0.0,0.0,0.0,0.0,0.0,0.0,0.0,0.005,0.0,0.0,always_reactive,0.065256
h=0.3/q0=0.4/p=0.3/r=1/sig=0/cf=11.0877,A_core,0.3,0.4,0.3,1.0,0.0,1.0,11.087667012373094,wiki_A,autorpa_233k,oracle_tax,4770469730.199,1.0,0.0,0.0,0.0,0.0,0.0,0.0,0.0,0.005,0.0,0.0,always_reactive,0.065256
h=0.3/q0=0.4/p=0.3/r=1/sig=0/cf=11.0877,A_core,0.3,0.4,0.3,1.0,0.0,1.0,11.087667012373094,wiki_A,autorpa_233k,ours_spend_cap,4770469730.199,1.0,0.0,0.0,0.0,0.0,0.0,0.0,0.0,0.005,0.0,0.0,always_reactive,0.065256
h=0.3/q0=0.4/p=0.3/r=1/sig=0/cf=11.0877,A_core,0.3,0.4,0.3,1.0,0.0,1.0,11.087667012373094,wiki_A,autorpa_233k,ours_cap_epoch,4770469730.199,1.0,0.0,0.0,0.0,0.0,0.0,0.0,0.0,0.005,0.0,0.0,always_reactive,0.065256
h=0.3/q0=0.4/p=0.3/r=1/sig=0/cf=11.0877,A_core,0.3,0.4,0.3,1.0,0.0,1.0,11.087667012373094,wiki_A,autorpa_233k,ours_cap_realized,4770469730.199,1.0,0.0,0.0,0.0,0.0,0.0,0.0,0.0,0.005,0.0,0.0,always_reactive,0.065256
h=0.3/q0=0.4/p=0.3/r=1/sig=0/cf=11.0877,A_core,0.3,0.4,0.3,1.0,0.0,1.0,11.087667012373094,wiki_A,autorpa_233k,ours_pi_prior,4770469730.199,1.0,0.0,0.0,0.0,0.0,0.0,0.0,0.0,0.005,0.0,0.0,always_reactive,0.065256
h=0.3/q0=0.4/p=0.3/r=1/sig=0/cf=11.0877,A_core,0.3,0.4,0.3,1.0,0.0,1.0,11.087667012373094,wiki_A,autorpa_233k,breakeven,12680327718.382,2.658088,0.4,5.0,4280.4,1251.4,0.0,2389.4,4217.1,0.002,3000.6,7751829297.497,always_reactive,0.065256
h=0.3/q0=0.4/p=0.3/r=1/sig=0/cf=11.0877,A_core,0.3,0.4,0.3,1.0,0.0,1.0,11.087667012373094,wiki_A,autorpa_233k,breakeven_cap_epoch,4985356847.81,1.045045,0.1,2.4,114.4,26.2,0.0,48.1,112.0,0.005,81.0,209257539.525,always_reactive,0.065256
h=0.3/q0=0.4/p=0.3/r=1/sig=0/cf=11.0877,A_core,0.3,0.4,0.3,1.0,0.0,1.0,11.087667012373094,wiki_A,autorpa_233k,offline_taxblind,4770469730.199,1.0,,,,,,,,,,,always_reactive,0.065256
h=0.3/q0=0.4/p=0.3/r=1/sig=0/cf=11.0877,A_core,0.3,0.4,0.3,1.0,0.0,1.0,11.087667012373094,wiki_A,autorpa_233k,offline_opt_tax,4770469730.199,1.0,,,,,,,,,,,always_reactive,0.065256
h=0.3/q0=0.4/p=0.3/r=1/sig=0/cf=11.0877,A_core,0.3,0.4,0.3,1.0,0.0,1.0,11.087667012373094,wiki_A,native,always_reactive,4770469730.199,0.98947,0.0,0.0,0.0,0.0,0.0,0.0,0.0,0.005,0.0,0.0,always_reactive,0.121847
h=0.3/q0=0.4/p=0.3/r=1/sig=0/cf=11.0877,A_core,0.3,0.4,0.3,1.0,0.0,1.0,11.087667012373094,wiki_A,native,always_compile_evict,39151421081.371,8.120617,4.9,25.0,36979.3,11028.5,0.0,21295.9,36699.5,0.002,25842.5,34098974790.025,always_reactive,0.121847
h=0.3/q0=0.4/p=0.3/r=1/sig=0/cf=11.0877,A_core,0.3,0.4,0.3,1.0,0.0,1.0,11.087667012373094,wiki_A,native,ours_noinflate,4821237515.1,1.0,0.0,1.7,60.5,13.9,0.0,24.5,53.2,0.005,43.6,51336787.498,always_reactive,0.121847
h=0.3/q0=0.4/p=0.3/r=1/sig=0/cf=11.0877,A_core,0.3,0.4,0.3,1.0,0.0,1.0,11.087667012373094,wiki_A,native,oracle_tax,4770469730.199,0.98947,0.0,0.0,0.0,0.0,0.0,0.0,0.0,0.005,0.0,0.0,always_reactive,0.121847
h=0.3/q0=0.4/p=0.3/r=1/sig=0/cf=11.0877,A_core,0.3,0.4,0.3,1.0,0.0,1.0,11.087667012373094,wiki_A,native,ours_spend_cap,4811932039.218,0.99807,0.0,1.5,49.2,11.0,0.0,19.1,43.2,0.005,35.6,41917193.462,always_reactive,0.121847
h=0.3/q0=0.4/p=0.3/r=1/sig=0/cf=11.0877,A_core,0.3,0.4,0.3,1.0,0.0,1.0,11.087667012373094,wiki_A,native,ours_cap_epoch,4811932039.218,0.99807,0.0,1.5,49.2,11.0,0.0,19.1,43.2,0.005,35.6,41917193.462,always_reactive,0.121847
h=0.3/q0=0.4/p=0.3/r=1/sig=0/cf=11.0877,A_core,0.3,0.4,0.3,1.0,0.0,1.0,11.087667012373094,wiki_A,native,ours_cap_realized,4812352227.276,0.998157,0.0,1.5,49.7,11.1,0.0,19.5,43.6,0.005,36.0,42388173.164,always_reactive,0.121847
h=0.3/q0=0.4/p=0.3/r=1/sig=0/cf=11.0877,A_core,0.3,0.4,0.3,1.0,0.0,1.0,11.087667012373094,wiki_A,native,ours_pi_prior,4854526385.502,1.006905,0.0,2.3,101.6,25.2,0.0,41.8,90.7,0.005,71.5,84187621.7,always_reactive,0.121847
h=0.3/q0=0.4/p=0.3/r=1/sig=0/cf=11.0877,A_core,0.3,0.4,0.3,1.0,0.0,1.0,11.087667012373094,wiki_A,native,breakeven,10836955203.128,2.247754,0.5,6.7,6687.8,1952.6,0.0,3749.9,6487.8,0.003,4678.0,6032027420.863,always_reactive,0.121847
h=0.3/q0=0.4/p=0.3/r=1/sig=0/cf=11.0877,A_core,0.3,0.4,0.3,1.0,0.0,1.0,11.087667012373094,wiki_A,native,breakeven_cap_epoch,4920615358.42,1.020613,0.0,3.0,177.5,41.2,0.0,72.6,163.9,0.005,122.9,148137745.844,always_reactive,0.121847
h=0.3/q0=0.4/p=0.3/r=1/sig=0/cf=11.0877,A_core,0.3,0.4,0.3,1.0,0.0,1.0,11.087667012373094,wiki_A,native,offline_taxblind,4770469730.199,0.98947,,,,,,,,,,,always_reactive,0.121847
h=0.3/q0=0.4/p=0.3/r=1/sig=0/cf=11.0877,A_core,0.3,0.4,0.3,1.0,0.0,1.0,11.087667012373094,wiki_A,native,offline_opt_tax,4770469730.199,0.98947,,,,,,,,,,,always_reactive,0.121847
h=0.3/q0=0.4/p=0.3/r=1/sig=0/cf=11.0877,A_core,0.3,0.4,0.3,1.0,0.0,1.0,11.087667012373094,wiki_B,autorpa_233k,always_reactive,8991713899.193,1.0,0.0,0.0,0.0,0.0,0.0,0.0,0.0,0.004,0.0,0.0,always_reactive,0.213212
h=0.3/q0=0.4/p=0.3/r=1/sig=0/cf=11.0877,A_core,0.3,0.4,0.3,1.0,0.0,1.0,11.087667012373094,wiki_B,autorpa_233k,always_compile_evict,42172603707.916,4.690163,56.6,73.5,17722.8,4722.0,0.0,9083.0,17640.5,0.011,12431.4,32115607121.544,always_reactive,0.213212
h=0.3/q0=0.4/p=0.3/r=1/sig=0/cf=11.0877,A_core,0.3,0.4,0.3,1.0,0.0,1.0,11.087667012373094,wiki_B,autorpa_233k,ours_noinflate,8991713899.193,1.0,0.0,0.0,0.0,0.0,0.0,0.0,0.0,0.004,0.0,0.0,always_reactive,0.213212
h=0.3/q0=0.4/p=0.3/r=1/sig=0/cf=11.0877,A_core,0.3,0.4,0.3,1.0,0.0,1.0,11.087667012373094,wiki_B,autorpa_233k,oracle_tax,8991713899.193,1.0,0.0,0.0,0.0,0.0,0.0,0.0,0.0,0.004,0.0,0.0,always_reactive,0.213212
h=0.3/q0=0.4/p=0.3/r=1/sig=0/cf=11.0877,A_core,0.3,0.4,0.3,1.0,0.0,1.0,11.087667012373094,wiki_B,autorpa_233k,ours_spend_cap,8991713899.193,1.0,0.0,0.0,0.0,0.0,0.0,0.0,0.0,0.004,0.0,0.0,always_reactive,0.213212
h=0.3/q0=0.4/p=0.3/r=1/sig=0/cf=11.0877,A_core,0.3,0.4,0.3,1.0,0.0,1.0,11.087667012373094,wiki_B,autorpa_233k,ours_cap_epoch,8991713899.193,1.0,0.0,0.0,0.0,0.0,0.0,0.0,0.0,0.004,0.0,0.0,always_reactive,0.213212
h=0.3/q0=0.4/p=0.3/r=1/sig=0/cf=11.0877,A_core,0.3,0.4,0.3,1.0,0.0,1.0,11.087667012373094,wiki_B,autorpa_233k,ours_cap_realized,8991713899.193,1.0,0.0,0.0,0.0,0.0,0.0,0.0,0.0,0.004,0.0,0.0,always_reactive,0.213212
h=0.3/q0=0.4/p=0.3/r=1/sig=0/cf=11.0877,A_core,0.3,0.4,0.3,1.0,0.0,1.0,11.087667012373094,wiki_B,autorpa_233k,ours_pi_prior,8991713899.193,1.0,0.0,0.0,0.0,0.0,0.0,0.0,0.0,0.004,0.0,0.0,always_reactive,0.213212
h=0.3/q0=0.4/p=0.3/r=1/sig=0/cf=11.0877,A_core,0.3,0.4,0.3,1.0,0.0,1.0,11.087667012373094,wiki_B,autorpa_233k,breakeven,12050258292.696,1.340151,1.8,8.0,1652.6,388.6,0.0,742.3,1609.3,0.005,1156.0,2986440934.449,always_reactive,0.213212
h=0.3/q0=0.4/p=0.3/r=1/sig=0/cf=11.0877,A_core,0.3,0.4,0.3,1.0,0.0,1.0,11.087667012373094,wiki_B,autorpa_233k,breakeven_cap_epoch,9657986784.327,1.074099,0.6,4.4,356.4,65.9,0.0,126.8,350.8,0.005,249.6,644823232.905,always_reactive,0.213212
h=0.3/q0=0.4/p=0.3/r=1/sig=0/cf=11.0877,A_core,0.3,0.4,0.3,1.0,0.0,1.0,11.087667012373094,wiki_B,autorpa_233k,offline_taxblind,8991713899.192,1.0,,,,,,,,,,,always_reactive,0.213212
h=0.3/q0=0.4/p=0.3/r=1/sig=0/cf=11.0877,A_core,0.3,0.4,0.3,1.0,0.0,1.0,11.087667012373094,wiki_B,autorpa_233k,offline_opt_tax,8991713899.192,1.0,,,,,,,,,,,always_reactive,0.213212
h=0.3/q0=0.4/p=0.3/r=1/sig=0/cf=11.0877,A_core,0.3,0.4,0.3,1.0,0.0,1.0,11.087667012373094,wiki_B,native,always_reactive,8991713899.193,0.972359,0.0,0.0,0.0,0.0,0.0,0.0,0.0,0.004,0.0,0.0,always_reactive,0.370113
h=0.3/q0=0.4/p=0.3/r=1/sig=0/cf=11.0877,A_core,0.3,0.4,0.3,1.0,0.0,1.0,11.087667012373094,wiki_B,native,always_compile_evict,24294492499.593,2.627192,36.1,47.3,17722.8,4722.0,0.0,9083.0,17429.7,0.012,12431.4,15055834482.852,always_reactive,0.370113
h=0.3/q0=0.4/p=0.3/r=1/sig=0/cf=11.0877,A_core,0.3,0.4,0.3,1.0,0.0,1.0,11.087667012373094,wiki_B,native,ours_noinflate,9247323293.479,1.0,0.5,4.0,311.9,70.0,0.0,131.3,286.6,0.005,215.7,253975804.205,always_reactive,0.370113
h=0.3/q0=0.4/p=0.3/r=1/sig=0/cf=11.0877,A_core,0.3,0.4,0.3,1.0,0.0,1.0,11.087667012373094,wiki_B,native,oracle_tax,8991713899.193,0.972359,0.0,0.0,0.0,0.0,0.0,0.0,0.0,0.004,0.0,0.0,always_reactive,0.370113
h=0.3/q0=0.4/p=0.3/r=1/sig=0/cf=11.0877,A_core,0.3,0.4,0.3,1.0,0.0,1.0,11.087667012373094,wiki_B,native,ours_spend_cap,9213779113.025,0.996373,0.3,3.9,272.2,61.0,0.0,114.3,249.0,0.004,187.1,220300755.525,always_reactive,0.370113
h=0.3/q0=0.4/p=0.3/r=1/sig=0/cf=11.0877,A_core,0.3,0.4,0.3,1.0,0.0,1.0,11.087667012373094,wiki_B,native,ours_cap_epoch,9213779113.025,0.996373,0.3,3.9,272.2,61.0,0.0,114.3,249.0,0.004,187.1,220300755.525,always_reactive,0.370113
h=0.3/q0=0.4/p=0.3/r=1/sig=0/cf=11.0877,A_core,0.3,0.4,0.3,1.0,0.0,1.0,11.087667012373094,wiki_B,native,ours_cap_realized,9214025263.942,0.996399,0.3,3.9,272.5,61.1,0.0,114.4,249.3,0.004,187.3,220536245.376,always_reactive,0.370113
h=0.3/q0=0.4/p=0.3/r=1/sig=0/cf=11.0877,A_core,0.3,0.4,0.3,1.0,0.0,1.0,11.087667012373094,wiki_B,native,ours_pi_prior,9376126327.412,1.013929,1.2,5.0,461.5,100.1,0.0,187.0,426.1,0.005,324.5,382082283.1,always_reactive,0.370113
h=0.3/q0=0.4/p=0.3/r=1/sig=0/cf=11.0877,A_core,0.3,0.4,0.3,1.0,0.0,1.0,11.087667012373094,wiki_B,native,breakeven,11244824340.214,1.216009,3.2,8.8,2648.0,545.5,0.0,1039.6,2496.9,0.005,1845.5,2228477617.251,always_reactive,0.370113
h=0.3/q0=0.4/p=0.3/r=1/sig=0/cf=11.0877,A_core,0.3,0.4,0.3,1.0,0.0,1.0,11.087667012373094,wiki_B,native,breakeven_cap_epoch,9570375054.149,1.034935,1.3,4.3,666.2,103.6,0.0,198.6,640.6,0.005,467.3,566113601.71,always_reactive,0.370113
h=0.3/q0=0.4/p=0.3/r=1/sig=0/cf=11.0877,A_core,0.3,0.4,0.3,1.0,0.0,1.0,11.087667012373094,wiki_B,native,offline_taxblind,8991713899.192,0.972359,,,,,,,,,,,always_reactive,0.370113
h=0.3/q0=0.4/p=0.3/r=1/sig=0/cf=11.0877,A_core,0.3,0.4,0.3,1.0,0.0,1.0,11.087667012373094,wiki_B,native,offline_opt_tax,8991713899.192,0.972359,,,,,,,,,,,always_reactive,0.370113
h=0.3/q0=0.4/p=0.3/r=1/sig=0/cf=1,A_core,0.3,0.4,0.3,1.0,0.0,1.0,1.0,bpi2019,autorpa_233k,always_reactive,26858149732.486,1.0,0.0,0.0,0.0,0.0,0.0,0.0,0.0,0.003,0.0,0.0,always_reactive,0.493413
h=0.3/q0=0.4/p=0.3/r=1/sig=0/cf=1,A_core,0.3,0.4,0.3,1.0,0.0,1.0,1.0,bpi2019,autorpa_233k,always_compile_evict,54433379472.466,2.026699,35.8,67.3,140759.0,41520.0,0.0,80182.7,140642.1,0.019,98590.8,22971656400.0,always_reactive,0.493413
h=0.3/q0=0.4/p=0.3/r=1/sig=0/cf=1,A_core,0.3,0.4,0.3,1.0,0.0,1.0,1.0,bpi2019,autorpa_233k,ours_noinflate,26858149732.486,1.0,0.0,0.0,0.0,0.0,0.0,0.0,0.0,0.003,0.0,0.0,always_reactive,0.493413
h=0.3/q0=0.4/p=0.3/r=1/sig=0/cf=1,A_core,0.3,0.4,0.3,1.0,0.0,1.0,1.0,bpi2019,autorpa_233k,oracle_tax,26858149732.486,1.0,0.0,0.0,0.0,0.0,0.0,0.0,0.0,0.003,0.0,0.0,always_reactive,0.493413
h=0.3/q0=0.4/p=0.3/r=1/sig=0/cf=1,A_core,0.3,0.4,0.3,1.0,0.0,1.0,1.0,bpi2019,autorpa_233k,ours_spend_cap,26858149732.486,1.0,0.0,0.0,0.0,0.0,0.0,0.0,0.0,0.003,0.0,0.0,always_reactive,0.493413
h=0.3/q0=0.4/p=0.3/r=1/sig=0/cf=1,A_core,0.3,0.4,0.3,1.0,0.0,1.0,1.0,bpi2019,autorpa_233k,ours_cap_epoch,26858149732.486,1.0,0.0,0.0,0.0,0.0,0.0,0.0,0.0,0.003,0.0,0.0,always_reactive,0.493413
h=0.3/q0=0.4/p=0.3/r=1/sig=0/cf=1,A_core,0.3,0.4,0.3,1.0,0.0,1.0,1.0,bpi2019,autorpa_233k,ours_cap_realized,26858149732.486,1.0,0.0,0.0,0.0,0.0,0.0,0.0,0.0,0.003,0.0,0.0,always_reactive,0.493413
h=0.3/q0=0.4/p=0.3/r=1/sig=0/cf=1,A_core,0.3,0.4,0.3,1.0,0.0,1.0,1.0,bpi2019,autorpa_233k,ours_pi_prior,26858149732.486,1.0,0.0,0.0,0.0,0.0,0.0,0.0,0.0,0.003,0.0,0.0,always_reactive,0.493413
h=0.3/q0=0.4/p=0.3/r=1/sig=0/cf=1,A_core,0.3,0.4,0.3,1.0,0.0,1.0,1.0,bpi2019,autorpa_233k,breakeven,27547097286.315,1.025651,1.5,7.7,3299.5,763.4,0.0,1476.0,3208.3,0.005,2309.8,538183400.0,always_reactive,0.493413
h=0.3/q0=0.4/p=0.3/r=1/sig=0/cf=1,A_core,0.3,0.4,0.3,1.0,0.0,1.0,1.0,bpi2019,autorpa_233k,breakeven_cap_epoch,26982760958.909,1.00464,0.5,3.9,545.0,98.1,0.0,191.7,536.7,0.004,384.8,89658400.0,always_reactive,0.493413
h=0.3/q0=0.4/p=0.3/r=1/sig=0/cf=1,A_core,0.3,0.4,0.3,1.0,0.0,1.0,1.0,bpi2019,autorpa_233k,offline_taxblind,26858149732.495,1.0,,,,,,,,,,,always_reactive,0.493413
h=0.3/q0=0.4/p=0.3/r=1/sig=0/cf=1,A_core,0.3,0.4,0.3,1.0,0.0,1.0,1.0,bpi2019,autorpa_233k,offline_opt_tax,26858149732.495,1.0,,,,,,,,,,,always_reactive,0.493413
h=0.3/q0=0.4/p=0.3/r=1/sig=0/cf=1,A_core,0.3,0.4,0.3,1.0,0.0,1.0,1.0,bpi2019,native,always_reactive,26858149732.486,0.998513,0.0,0.0,0.0,0.0,0.0,0.0,0.0,0.003,0.0,0.0,always_reactive,0.751188
h=0.3/q0=0.4/p=0.3/r=1/sig=0/cf=1,A_core,0.3,0.4,0.3,1.0,0.0,1.0,1.0,bpi2019,native,always_compile_evict,35754228183.118,1.329245,21.2,44.2,140759.0,41520.0,0.0,80182.7,140299.1,0.018,98590.8,10175724906.6,always_reactive,0.751188
h=0.3/q0=0.4/p=0.3/r=1/sig=0/cf=1,A_core,0.3,0.4,0.3,1.0,0.0,1.0,1.0,bpi2019,native,ours_noinflate,26898138283.043,1.0,0.7,3.7,553.0,123.6,0.0,240.6,497.0,0.004,389.5,41362757.75,always_reactive,0.751188
h=0.3/q0=0.4/p=0.3/r=1/sig=0/cf=1,A_core,0.3,0.4,0.3,1.0,0.0,1.0,1.0,bpi2019,native,oracle_tax,26858149732.486,0.998513,0.0,0.0,0.0,0.0,0.0,0.0,0.0,0.003,0.0,0.0,always_reactive,0.751188
h=0.3/q0=0.4/p=0.3/r=1/sig=0/cf=1,A_core,0.3,0.4,0.3,1.0,0.0,1.0,1.0,bpi2019,native,ours_spend_cap,26897079610.479,0.999961,0.7,3.7,537.5,120.0,0.0,233.1,482.4,0.004,378.2,40162759.9,always_reactive,0.751188
h=0.3/q0=0.4/p=0.3/r=1/sig=0/cf=1,A_core,0.3,0.4,0.3,1.0,0.0,1.0,1.0,bpi2019,native,ours_cap_epoch,26898058323.582,0.999997,0.7,3.7,549.5,122.9,0.0,239.1,493.7,0.004,386.8,41076032.6,always_reactive,0.751188
h=0.3/q0=0.4/p=0.3/r=1/sig=0/cf=1,A_core,0.3,0.4,0.3,1.0,0.0,1.0,1.0,bpi2019,native,ours_cap_realized,26897951711.176,0.999993,0.7,3.7,551.1,123.1,0.0,240.1,495.2,0.004,388.1,41214085.45,always_reactive,0.751188
h=0.3/q0=0.4/p=0.3/r=1/sig=0/cf=1,A_core,0.3,0.4,0.3,1.0,0.0,1.0,1.0,bpi2019,native,ours_pi_prior,26904789148.471,1.000247,1.1,4.0,642.0,150.9,0.0,288.3,576.1,0.004,449.9,47776905.55,always_reactive,0.751188
h=0.3/q0=0.4/p=0.3/r=1/sig=0/cf=1,A_core,0.3,0.4,0.3,1.0,0.0,1.0,1.0,bpi2019,native,breakeven,27220296213.649,1.011977,1.1,8.3,4369.4,897.8,0.0,1713.7,4083.5,0.005,3055.1,329771843.2,always_reactive,0.751188
h=0.3/q0=0.4/p=0.3/r=1/sig=0/cf=1,A_core,0.3,0.4,0.3,1.0,0.0,1.0,1.0,bpi2019,native,breakeven_cap_epoch,26992907787.808,1.003523,0.7,5.7,1530.5,249.2,0.0,482.9,1437.6,0.004,1071.0,115310901.0,always_reactive,0.751188
h=0.3/q0=0.4/p=0.3/r=1/sig=0/cf=1,A_core,0.3,0.4,0.3,1.0,0.0,1.0,1.0,bpi2019,native,offline_taxblind,26858149732.495,0.998513,,,,,,,,,,,always_reactive,0.751188
h=0.3/q0=0.4/p=0.3/r=1/sig=0/cf=1,A_core,0.3,0.4,0.3,1.0,0.0,1.0,1.0,bpi2019,native,offline_opt_tax,26858149732.495,0.998513,,,,,,,,,,,always_reactive,0.751188
h=0.3/q0=0.4/p=0.3/r=1/sig=0/cf=1,A_core,0.3,0.4,0.3,1.0,0.0,1.0,1.0,sepsis,autorpa_233k,always_reactive,93787502.059,1.0,0.0,0.0,0.0,0.0,0.0,0.0,0.0,0.004,0.0,0.0,always_reactive,0.808679
h=0.3/q0=0.4/p=0.3/r=1/sig=0/cf=1,A_core,0.3,0.4,0.3,1.0,0.0,1.0,1.0,sepsis,autorpa_233k,always_compile_evict,115976209.389,1.236585,8.0,9.0,103.6,20.8,0.0,40.2,102.8,0.006,74.0,17242000.0,always_reactive,0.808679
h=0.3/q0=0.4/p=0.3/r=1/sig=0/cf=1,A_core,0.3,0.4,0.3,1.0,0.0,1.0,1.0,sepsis,autorpa_233k,ours_noinflate,93787502.059,1.0,0.0,0.0,0.0,0.0,0.0,0.0,0.0,0.004,0.0,0.0,always_reactive,0.808679
h=0.3/q0=0.4/p=0.3/r=1/sig=0/cf=1,A_core,0.3,0.4,0.3,1.0,0.0,1.0,1.0,sepsis,autorpa_233k,oracle_tax,93787502.059,1.0,0.0,0.0,0.0,0.0,0.0,0.0,0.0,0.004,0.0,0.0,always_reactive,0.808679
h=0.3/q0=0.4/p=0.3/r=1/sig=0/cf=1,A_core,0.3,0.4,0.3,1.0,0.0,1.0,1.0,sepsis,autorpa_233k,ours_spend_cap,93787502.059,1.0,0.0,0.0,0.0,0.0,0.0,0.0,0.0,0.004,0.0,0.0,always_reactive,0.808679
h=0.3/q0=0.4/p=0.3/r=1/sig=0/cf=1,A_core,0.3,0.4,0.3,1.0,0.0,1.0,1.0,sepsis,autorpa_233k,ours_cap_epoch,93787502.059,1.0,0.0,0.0,0.0,0.0,0.0,0.0,0.0,0.004,0.0,0.0,always_reactive,0.808679
h=0.3/q0=0.4/p=0.3/r=1/sig=0/cf=1,A_core,0.3,0.4,0.3,1.0,0.0,1.0,1.0,sepsis,autorpa_233k,ours_cap_realized,93787502.059,1.0,0.0,0.0,0.0,0.0,0.0,0.0,0.0,0.004,0.0,0.0,always_reactive,0.808679
h=0.3/q0=0.4/p=0.3/r=1/sig=0/cf=1,A_core,0.3,0.4,0.3,1.0,0.0,1.0,1.0,sepsis,autorpa_233k,ours_pi_prior,93787502.059,1.0,0.0,0.0,0.0,0.0,0.0,0.0,0.0,0.004,0.0,0.0,always_reactive,0.808679
h=0.3/q0=0.4/p=0.3/r=1/sig=0/cf=1,A_core,0.3,0.4,0.3,1.0,0.0,1.0,1.0,sepsis,autorpa_233k,breakeven,94830628.485,1.011122,0.3,1.0,5.3,1.0,0.0,1.8,5.2,0.004,3.8,885400.0,always_reactive,0.808679
h=0.3/q0=0.4/p=0.3/r=1/sig=0/cf=1,A_core,0.3,0.4,0.3,1.0,0.0,1.0,1.0,sepsis,autorpa_233k,breakeven_cap_epoch,94582455.731,1.008476,0.2,0.9,4.1,0.8,0.0,1.5,4.0,0.004,2.9,675700.0,always_reactive,0.808679
h=0.3/q0=0.4/p=0.3/r=1/sig=0/cf=1,A_core,0.3,0.4,0.3,1.0,0.0,1.0,1.0,sepsis,autorpa_233k,offline_taxblind,93787502.059,1.0,,,,,,,,,,,always_reactive,0.808679
h=0.3/q0=0.4/p=0.3/r=1/sig=0/cf=1,A_core,0.3,0.4,0.3,1.0,0.0,1.0,1.0,sepsis,autorpa_233k,offline_opt_tax,93787502.059,1.0,,,,,,,,,,,always_reactive,0.808679
h=0.3/q0=0.4/p=0.3/r=1/sig=0/cf=1,A_core,0.3,0.4,0.3,1.0,0.0,1.0,1.0,sepsis,native,always_reactive,93787502.059,1.0,0.0,0.0,0.0,0.0,0.0,0.0,0.0,0.004,0.0,0.0,always_reactive,0.901864
h=0.3/q0=0.4/p=0.3/r=1/sig=0/cf=1,A_core,0.3,0.4,0.3,1.0,0.0,1.0,1.0,sepsis,native,always_compile_evict,103992909.539,1.108814,7.2,8.7,103.6,20.8,0.0,40.2,99.0,0.007,74.0,8684406.25,always_reactive,0.901864
h=0.3/q0=0.4/p=0.3/r=1/sig=0/cf=1,A_core,0.3,0.4,0.3,1.0,0.0,1.0,1.0,sepsis,native,ours_noinflate,93787502.059,1.0,0.0,0.0,0.0,0.0,0.0,0.0,0.0,0.004,0.0,0.0,always_reactive,0.901864
h=0.3/q0=0.4/p=0.3/r=1/sig=0/cf=1,A_core,0.3,0.4,0.3,1.0,0.0,1.0,1.0,sepsis,native,oracle_tax,93787502.059,1.0,0.0,0.0,0.0,0.0,0.0,0.0,0.0,0.004,0.0,0.0,always_reactive,0.901864
h=0.3/q0=0.4/p=0.3/r=1/sig=0/cf=1,A_core,0.3,0.4,0.3,1.0,0.0,1.0,1.0,sepsis,native,ours_spend_cap,93787502.059,1.0,0.0,0.0,0.0,0.0,0.0,0.0,0.0,0.004,0.0,0.0,always_reactive,0.901864
h=0.3/q0=0.4/p=0.3/r=1/sig=0/cf=1,A_core,0.3,0.4,0.3,1.0,0.0,1.0,1.0,sepsis,native,ours_cap_epoch,93787502.059,1.0,0.0,0.0,0.0,0.0,0.0,0.0,0.0,0.004,0.0,0.0,always_reactive,0.901864
h=0.3/q0=0.4/p=0.3/r=1/sig=0/cf=1,A_core,0.3,0.4,0.3,1.0,0.0,1.0,1.0,sepsis,native,ours_cap_realized,93787502.059,1.0,0.0,0.0,0.0,0.0,0.0,0.0,0.0,0.004,0.0,0.0,always_reactive,0.901864
h=0.3/q0=0.4/p=0.3/r=1/sig=0/cf=1,A_core,0.3,0.4,0.3,1.0,0.0,1.0,1.0,sepsis,native,ours_pi_prior,94199096.42,1.004389,0.4,0.9,4.9,0.8,0.0,1.4,4.5,0.004,3.7,392919.65,always_reactive,0.901864
h=0.3/q0=0.4/p=0.3/r=1/sig=0/cf=1,A_core,0.3,0.4,0.3,1.0,0.0,1.0,1.0,sepsis,native,breakeven,95606261.637,1.019392,1.0,1.9,19.7,4.1,0.0,7.5,17.8,0.004,14.5,1735951.25,always_reactive,0.901864
h=0.3/q0=0.4/p=0.3/r=1/sig=0/cf=1,A_core,0.3,0.4,0.3,1.0,0.0,1.0,1.0,sepsis,native,breakeven_cap_epoch,94867673.384,1.011517,0.8,1.6,13.4,3.2,0.0,5.4,11.8,0.004,9.3,1055500.35,always_reactive,0.901864
h=0.3/q0=0.4/p=0.3/r=1/sig=0/cf=1,A_core,0.3,0.4,0.3,1.0,0.0,1.0,1.0,sepsis,native,offline_taxblind,93787502.059,1.0,,,,,,,,,,,always_reactive,0.901864
h=0.3/q0=0.4/p=0.3/r=1/sig=0/cf=1,A_core,0.3,0.4,0.3,1.0,0.0,1.0,1.0,sepsis,native,offline_opt_tax,93787502.059,1.0,,,,,,,,,,,always_reactive,0.901864
h=0.3/q0=0.4/p=0.3/r=1/sig=0/cf=1,A_core,0.3,0.4,0.3,1.0,0.0,1.0,1.0,wiki_A,autorpa_233k,always_reactive,4770469730.199,1.0,0.0,0.0,0.0,0.0,0.0,0.0,0.0,0.005,0.0,0.0,always_reactive,0.385851
h=0.3/q0=0.4/p=0.3/r=1/sig=0/cf=1,A_core,0.3,0.4,0.3,1.0,0.0,1.0,1.0,wiki_A,autorpa_233k,always_compile_evict,12363504727.382,2.591674,11.6,33.0,36979.3,11028.5,0.0,21295.9,36882.7,0.007,25842.5,6021302500.0,always_reactive,0.385851
h=0.3/q0=0.4/p=0.3/r=1/sig=0/cf=1,A_core,0.3,0.4,0.3,1.0,0.0,1.0,1.0,wiki_A,autorpa_233k,ours_noinflate,4770469730.199,1.0,0.0,0.0,0.0,0.0,0.0,0.0,0.0,0.005,0.0,0.0,always_reactive,0.385851
h=0.3/q0=0.4/p=0.3/r=1/sig=0/cf=1,A_core,0.3,0.4,0.3,1.0,0.0,1.0,1.0,wiki_A,autorpa_233k,oracle_tax,4770469730.199,1.0,0.0,0.0,0.0,0.0,0.0,0.0,0.0,0.005,0.0,0.0,always_reactive,0.385851
h=0.3/q0=0.4/p=0.3/r=1/sig=0/cf=1,A_core,0.3,0.4,0.3,1.0,0.0,1.0,1.0,wiki_A,autorpa_233k,ours_spend_cap,4770469730.199,1.0,0.0,0.0,0.0,0.0,0.0,0.0,0.0,0.005,0.0,0.0,always_reactive,0.385851
h=0.3/q0=0.4/p=0.3/r=1/sig=0/cf=1,A_core,0.3,0.4,0.3,1.0,0.0,1.0,1.0,wiki_A,autorpa_233k,ours_cap_epoch,4770469730.199,1.0,0.0,0.0,0.0,0.0,0.0,0.0,0.0,0.005,0.0,0.0,always_reactive,0.385851
h=0.3/q0=0.4/p=0.3/r=1/sig=0/cf=1,A_core,0.3,0.4,0.3,1.0,0.0,1.0,1.0,wiki_A,autorpa_233k,ours_cap_realized,4770469730.199,1.0,0.0,0.0,0.0,0.0,0.0,0.0,0.0,0.005,0.0,0.0,always_reactive,0.385851
h=0.3/q0=0.4/p=0.3/r=1/sig=0/cf=1,A_core,0.3,0.4,0.3,1.0,0.0,1.0,1.0,wiki_A,autorpa_233k,ours_pi_prior,4770469730.199,1.0,0.0,0.0,0.0,0.0,0.0,0.0,0.0,0.005,0.0,0.0,always_reactive,0.385851
h=0.3/q0=0.4/p=0.3/r=1/sig=0/cf=1,A_core,0.3,0.4,0.3,1.0,0.0,1.0,1.0,wiki_A,autorpa_233k,breakeven,5627638220.891,1.179682,0.4,5.0,4280.4,1251.4,0.0,2389.4,4217.1,0.005,3000.6,699139800.0,always_reactive,0.385851
h=0.3/q0=0.4/p=0.3/r=1/sig=0/cf=1,A_core,0.3,0.4,0.3,1.0,0.0,1.0,1.0,wiki_A,autorpa_233k,breakeven_cap_epoch,4794972308.286,1.005136,0.1,2.4,114.4,26.2,0.0,48.1,112.0,0.005,81.0,18873000.0,always_reactive,0.385851
h=0.3/q0=0.4/p=0.3/r=1/sig=0/cf=1,A_core,0.3,0.4,0.3,1.0,0.0,1.0,1.0,wiki_A,autorpa_233k,offline_taxblind,4770469730.199,1.0,,,,,,,,,,,always_reactive,0.385851
h=0.3/q0=0.4/p=0.3/r=1/sig=0/cf=1,A_core,0.3,0.4,0.3,1.0,0.0,1.0,1.0,wiki_A,autorpa_233k,offline_opt_tax,4770469730.199,1.0,,,,,,,,,,,always_reactive,0.385851
h=0.3/q0=0.4/p=0.3/r=1/sig=0/cf=1,A_core,0.3,0.4,0.3,1.0,0.0,1.0,1.0,wiki_A,native,always_reactive,4770469730.199,0.999149,0.0,0.0,0.0,0.0,0.0,0.0,0.0,0.005,0.0,0.0,always_reactive,0.586929
h=0.3/q0=0.4/p=0.3/r=1/sig=0/cf=1,A_core,0.3,0.4,0.3,1.0,0.0,1.0,1.0,wiki_A,native,always_compile_evict,8127843013.838,1.702333,4.9,25.0,36979.3,11028.5,0.0,21295.9,36699.5,0.008,25842.5,3075396722.5,always_reactive,0.586929
h=0.3/q0=0.4/p=0.3/r=1/sig=0/cf=1,A_core,0.3,0.4,0.3,1.0,0.0,1.0,1.0,wiki_A,native,ours_noinflate,4774530807.802,1.0,0.0,1.7,60.5,13.9,0.0,24.5,53.2,0.005,43.6,4630080.2,always_reactive,0.586929
h=0.3/q0=0.4/p=0.3/r=1/sig=0/cf=1,A_core,0.3,0.4,0.3,1.0,0.0,1.0,1.0,wiki_A,native,oracle_tax,4770469730.199,0.999149,0.0,0.0,0.0,0.0,0.0,0.0,0.0,0.005,0.0,0.0,always_reactive,0.586929
h=0.3/q0=0.4/p=0.3/r=1/sig=0/cf=1,A_core,0.3,0.4,0.3,1.0,0.0,1.0,1.0,wiki_A,native,ours_spend_cap,4774400605.06,0.999973,0.0,1.7,58.6,13.5,0.0,23.6,51.6,0.005,42.3,4492027.35,always_reactive,0.586929
h=0.3/q0=0.4/p=0.3/r=1/sig=0/cf=1,A_core,0.3,0.4,0.3,1.0,0.0,1.0,1.0,wiki_A,native,ours_cap_epoch,4774490099.0,0.999991,0.0,1.7,60.0,13.9,0.0,24.4,52.7,0.005,43.3,4598221.85,always_reactive,0.586929
h=0.3/q0=0.4/p=0.3/r=1/sig=0/cf=1,A_core,0.3,0.4,0.3,1.0,0.0,1.0,1.0,wiki_A,native,ours_cap_realized,4774530807.802,1.0,0.0,1.7,60.5,13.9,0.0,24.5,53.2,0.005,43.6,4630080.2,always_reactive,0.586929
h=0.3/q0=0.4/p=0.3/r=1/sig=0/cf=1,A_core,0.3,0.4,0.3,1.0,0.0,1.0,1.0,wiki_A,native,ours_pi_prior,4777931670.552,1.000712,0.0,2.3,101.6,25.2,0.0,41.8,90.7,0.005,71.5,7592906.75,always_reactive,0.586929
h=0.3/q0=0.4/p=0.3/r=1/sig=0/cf=1,A_core,0.3,0.4,0.3,1.0,0.0,1.0,1.0,wiki_A,native,breakeven,5348958137.267,1.120311,0.5,6.7,6687.8,1952.6,0.0,3749.9,6487.8,0.005,4678.0,544030355.0,always_reactive,0.586929
h=0.3/q0=0.4/p=0.3/r=1/sig=0/cf=1,A_core,0.3,0.4,0.3,1.0,0.0,1.0,1.0,wiki_A,native,breakeven_cap_epoch,4795943411.617,1.004485,0.0,3.9,323.7,74.3,0.0,134.2,291.1,0.005,221.9,23873843.05,always_reactive,0.586929
h=0.3/q0=0.4/p=0.3/r=1/sig=0/cf=1,A_core,0.3,0.4,0.3,1.0,0.0,1.0,1.0,wiki_A,native,offline_taxblind,4770469730.199,0.999149,,,,,,,,,,,always_reactive,0.586929
h=0.3/q0=0.4/p=0.3/r=1/sig=0/cf=1,A_core,0.3,0.4,0.3,1.0,0.0,1.0,1.0,wiki_A,native,offline_opt_tax,4770469730.199,0.999149,,,,,,,,,,,always_reactive,0.586929
h=0.3/q0=0.4/p=0.3/r=1/sig=0/cf=1,A_core,0.3,0.4,0.3,1.0,0.0,1.0,1.0,wiki_B,autorpa_233k,always_reactive,8991713899.193,1.0,0.0,0.0,0.0,0.0,0.0,0.0,0.0,0.004,0.0,0.0,always_reactive,0.694153
h=0.3/q0=0.4/p=0.3/r=1/sig=0/cf=1,A_core,0.3,0.4,0.3,1.0,0.0,1.0,1.0,wiki_B,autorpa_233k,always_compile_evict,12953512786.388,1.440606,56.6,73.5,17722.8,4722.0,0.0,9083.0,17640.5,0.034,12431.4,2896516200.0,always_reactive,0.694153
h=0.3/q0=0.4/p=0.3/r=1/sig=0/cf=1,A_core,0.3,0.4,0.3,1.0,0.0,1.0,1.0,wiki_B,autorpa_233k,ours_noinflate,8991713899.193,1.0,0.0,0.0,0.0,0.0,0.0,0.0,0.0,0.004,0.0,0.0,always_reactive,0.694153
h=0.3/q0=0.4/p=0.3/r=1/sig=0/cf=1,A_core,0.3,0.4,0.3,1.0,0.0,1.0,1.0,wiki_B,autorpa_233k,oracle_tax,8991713899.193,1.0,0.0,0.0,0.0,0.0,0.0,0.0,0.0,0.004,0.0,0.0,always_reactive,0.694153
h=0.3/q0=0.4/p=0.3/r=1/sig=0/cf=1,A_core,0.3,0.4,0.3,1.0,0.0,1.0,1.0,wiki_B,autorpa_233k,ours_spend_cap,8991713899.193,1.0,0.0,0.0,0.0,0.0,0.0,0.0,0.0,0.004,0.0,0.0,always_reactive,0.694153
h=0.3/q0=0.4/p=0.3/r=1/sig=0/cf=1,A_core,0.3,0.4,0.3,1.0,0.0,1.0,1.0,wiki_B,autorpa_233k,ours_cap_epoch,8991713899.193,1.0,0.0,0.0,0.0,0.0,0.0,0.0,0.0,0.004,0.0,0.0,always_reactive,0.694153
h=0.3/q0=0.4/p=0.3/r=1/sig=0/cf=1,A_core,0.3,0.4,0.3,1.0,0.0,1.0,1.0,wiki_B,autorpa_233k,ours_cap_realized,8991713899.193,1.0,0.0,0.0,0.0,0.0,0.0,0.0,0.0,0.004,0.0,0.0,always_reactive,0.694153
h=0.3/q0=0.4/p=0.3/r=1/sig=0/cf=1,A_core,0.3,0.4,0.3,1.0,0.0,1.0,1.0,wiki_B,autorpa_233k,ours_pi_prior,8991713899.193,1.0,0.0,0.0,0.0,0.0,0.0,0.0,0.0,0.004,0.0,0.0,always_reactive,0.694153
h=0.3/q0=0.4/p=0.3/r=1/sig=0/cf=1,A_core,0.3,0.4,0.3,1.0,0.0,1.0,1.0,wiki_B,autorpa_233k,breakeven,9333165358.257,1.037974,1.8,8.0,1652.6,388.6,0.0,742.3,1609.3,0.006,1156.0,269348000.0,always_reactive,0.694153
h=0.3/q0=0.4/p=0.3/r=1/sig=0/cf=1,A_core,0.3,0.4,0.3,1.0,0.0,1.0,1.0,wiki_B,autorpa_233k,breakeven_cap_epoch,9071320351.425,1.008853,0.6,4.4,356.4,65.9,0.0,126.8,350.8,0.005,249.6,58156800.0,always_reactive,0.694153
h=0.3/q0=0.4/p=0.3/r=1/sig=0/cf=1,A_core,0.3,0.4,0.3,1.0,0.0,1.0,1.0,wiki_B,autorpa_233k,offline_taxblind,8991713899.192,1.0,,,,,,,,,,,always_reactive,0.694153
h=0.3/q0=0.4/p=0.3/r=1/sig=0/cf=1,A_core,0.3,0.4,0.3,1.0,0.0,1.0,1.0,wiki_B,autorpa_233k,offline_opt_tax,8991713899.192,1.0,,,,,,,,,,,always_reactive,0.694153
h=0.3/q0=0.4/p=0.3/r=1/sig=0/cf=1,A_core,0.3,0.4,0.3,1.0,0.0,1.0,1.0,wiki_B,native,always_reactive,8991713899.193,0.997278,0.0,0.0,0.0,0.0,0.0,0.0,0.0,0.004,0.0,0.0,always_reactive,0.848551
h=0.3/q0=0.4/p=0.3/r=1/sig=0/cf=1,A_core,0.3,0.4,0.3,1.0,0.0,1.0,1.0,wiki_B,native,always_compile_evict,10596548226.293,1.175272,36.1,47.3,17722.8,4722.0,0.0,9083.0,17429.7,0.026,12431.4,1357890209.55,always_reactive,0.848551
h=0.3/q0=0.4/p=0.3/r=1/sig=0/cf=1,A_core,0.3,0.4,0.3,1.0,0.0,1.0,1.0,wiki_B,native,ours_noinflate,9016253642.925,1.0,0.5,4.0,311.9,70.0,0.0,131.3,286.6,0.005,215.7,22906153.65,always_reactive,0.848551
h=0.3/q0=0.4/p=0.3/r=1/sig=0/cf=1,A_core,0.3,0.4,0.3,1.0,0.0,1.0,1.0,wiki_B,native,oracle_tax,8991713899.193,0.997278,0.0,0.0,0.0,0.0,0.0,0.0,0.0,0.004,0.0,0.0,always_reactive,0.848551
h=0.3/q0=0.4/p=0.3/r=1/sig=0/cf=1,A_core,0.3,0.4,0.3,1.0,0.0,1.0,1.0,wiki_B,native,ours_spend_cap,9016013786.229,0.999973,0.5,4.0,307.5,68.8,0.0,128.7,283.0,0.005,212.7,22587570.15,always_reactive,0.848551
h=0.3/q0=0.4/p=0.3/r=1/sig=0/cf=1,A_core,0.3,0.4,0.3,1.0,0.0,1.0,1.0,wiki_B,native,ours_cap_epoch,9016197820.524,0.999994,0.5,4.0,310.8,69.7,0.0,130.3,285.8,0.005,215.0,22831817.5,always_reactive,0.848551
h=0.3/q0=0.4/p=0.3/r=1/sig=0/cf=1,A_core,0.3,0.4,0.3,1.0,0.0,1.0,1.0,wiki_B,native,ours_cap_realized,9016232811.735,0.999998,0.5,4.0,311.3,69.8,0.0,130.6,286.2,0.005,215.5,22884914.75,always_reactive,0.848551
h=0.3/q0=0.4/p=0.3/r=1/sig=0/cf=1,A_core,0.3,0.4,0.3,1.0,0.0,1.0,1.0,wiki_B,native,ours_pi_prior,9028504159.564,1.001359,1.2,5.0,461.5,100.1,0.0,187.0,426.1,0.005,324.5,34460115.25,always_reactive,0.848551
h=0.3/q0=0.4/p=0.3/r=1/sig=0/cf=1,A_core,0.3,0.4,0.3,1.0,0.0,1.0,1.0,wiki_B,native,breakeven,9217333784.971,1.022302,3.2,8.8,2648.0,545.5,0.0,1039.6,2496.9,0.006,1845.5,200987062.0,always_reactive,0.848551
h=0.3/q0=0.4/p=0.3/r=1/sig=0/cf=1,A_core,0.3,0.4,0.3,1.0,0.0,1.0,1.0,wiki_B,native,breakeven_cap_epoch,9091839781.983,1.008383,1.6,5.7,1117.6,185.1,0.0,353.7,1059.1,0.005,780.9,84360550.05,always_reactive,0.848551
h=0.3/q0=0.4/p=0.3/r=1/sig=0/cf=1,A_core,0.3,0.4,0.3,1.0,0.0,1.0,1.0,wiki_B,native,offline_taxblind,8991713899.192,0.997278,,,,,,,,,,,always_reactive,0.848551
h=0.3/q0=0.4/p=0.3/r=1/sig=0/cf=1,A_core,0.3,0.4,0.3,1.0,0.0,1.0,1.0,wiki_B,native,offline_opt_tax,8991713899.192,0.997278,,,,,,,,,,,always_reactive,0.848551
h=0.3/q0=0.4/p=0.5/r=1/sig=0/cf=11.0877,A_core,0.3,0.4,0.5,1.0,0.0,1.0,11.087667012373094,bpi2019,autorpa_233k,always_reactive,26858149732.486,1.0,0.0,0.0,0.0,0.0,0.0,0.0,0.0,0.003,0.0,0.0,always_reactive,0.152717
h=0.3/q0=0.4/p=0.5/r=1/sig=0/cf=11.0877,A_core,0.3,0.4,0.5,1.0,0.0,1.0,11.087667012373094,bpi2019,autorpa_233k,always_compile_evict,175869074713.107,6.548071,38.8,64.3,110763.0,54364.3,0.0,105132.6,110594.6,0.006,55485.2,143341931259.581,always_reactive,0.152717
h=0.3/q0=0.4/p=0.5/r=1/sig=0/cf=11.0877,A_core,0.3,0.4,0.5,1.0,0.0,1.0,11.087667012373094,bpi2019,autorpa_233k,ours_noinflate,26858149732.486,1.0,0.0,0.0,0.0,0.0,0.0,0.0,0.0,0.003,0.0,0.0,always_reactive,0.152717
h=0.3/q0=0.4/p=0.5/r=1/sig=0/cf=11.0877,A_core,0.3,0.4,0.5,1.0,0.0,1.0,11.087667012373094,bpi2019,autorpa_233k,oracle_tax,26858149732.486,1.0,0.0,0.0,0.0,0.0,0.0,0.0,0.0,0.003,0.0,0.0,always_reactive,0.152717
h=0.3/q0=0.4/p=0.5/r=1/sig=0/cf=11.0877,A_core,0.3,0.4,0.5,1.0,0.0,1.0,11.087667012373094,bpi2019,autorpa_233k,ours_spend_cap,26858149732.486,1.0,0.0,0.0,0.0,0.0,0.0,0.0,0.0,0.003,0.0,0.0,always_reactive,0.152717
h=0.3/q0=0.4/p=0.5/r=1/sig=0/cf=11.0877,A_core,0.3,0.4,0.5,1.0,0.0,1.0,11.087667012373094,bpi2019,autorpa_233k,ours_cap_epoch,26858149732.486,1.0,0.0,0.0,0.0,0.0,0.0,0.0,0.0,0.003,0.0,0.0,always_reactive,0.152717
h=0.3/q0=0.4/p=0.5/r=1/sig=0/cf=11.0877,A_core,0.3,0.4,0.5,1.0,0.0,1.0,11.087667012373094,bpi2019,autorpa_233k,ours_cap_realized,26858149732.486,1.0,0.0,0.0,0.0,0.0,0.0,0.0,0.0,0.003,0.0,0.0,always_reactive,0.152717
h=0.3/q0=0.4/p=0.5/r=1/sig=0/cf=11.0877,A_core,0.3,0.4,0.5,1.0,0.0,1.0,11.087667012373094,bpi2019,autorpa_233k,ours_pi_prior,26858149732.486,1.0,0.0,0.0,0.0,0.0,0.0,0.0,0.0,0.003,0.0,0.0,always_reactive,0.152717
h=0.3/q0=0.4/p=0.5/r=1/sig=0/cf=11.0877,A_core,0.3,0.4,0.5,1.0,0.0,1.0,11.087667012373094,bpi2019,autorpa_233k,breakeven,29905194290.602,1.11345,1.2,6.7,2218.8,811.2,0.0,1568.3,2119.2,0.004,1117.7,2887495702.797,always_reactive,0.152717
h=0.3/q0=0.4/p=0.5/r=1/sig=0/cf=11.0877,A_core,0.3,0.4,0.5,1.0,0.0,1.0,11.087667012373094,bpi2019,autorpa_233k,breakeven_cap_epoch,27710688497.1,1.031742,0.5,4.4,614.3,182.8,0.0,357.4,594.4,0.004,308.5,796987048.683,always_reactive,0.152717
h=0.3/q0=0.4/p=0.5/r=1/sig=0/cf=11.0877,A_core,0.3,0.4,0.5,1.0,0.0,1.0,11.087667012373094,bpi2019,autorpa_233k,offline_taxblind,26858149732.495,1.0,,,,,,,,,,,always_reactive,0.152717
h=0.3/q0=0.4/p=0.5/r=1/sig=0/cf=11.0877,A_core,0.3,0.4,0.5,1.0,0.0,1.0,11.087667012373094,bpi2019,autorpa_233k,offline_opt_tax,26858149732.495,1.0,,,,,,,,,,,always_reactive,0.152717
h=0.3/q0=0.4/p=0.5/r=1/sig=0/cf=11.0877,A_core,0.3,0.4,0.5,1.0,0.0,1.0,11.087667012373094,bpi2019,native,always_reactive,26858149732.486,0.979107,0.0,0.0,0.0,0.0,0.0,0.0,0.0,0.003,0.0,0.0,always_reactive,0.303666
h=0.3/q0=0.4/p=0.5/r=1/sig=0/cf=11.0877,A_core,0.3,0.4,0.5,1.0,0.0,1.0,11.087667012373094,bpi2019,native,always_compile_evict,88446362411.383,3.224291,20.7,41.9,110763.0,54364.3,0.0,105132.6,110040.8,0.007,55485.2,63503226476.899,always_reactive,0.303666
h=0.3/q0=0.4/p=0.5/r=1/sig=0/cf=11.0877,A_core,0.3,0.4,0.5,1.0,0.0,1.0,11.087667012373094,bpi2019,native,ours_noinflate,27431262773.777,1.0,1.6,4.3,1029.9,430.4,0.0,829.3,850.1,0.004,511.2,601912058.924,always_reactive,0.303666
h=0.3/q0=0.4/p=0.5/r=1/sig=0/cf=11.0877,A_core,0.3,0.4,0.5,1.0,0.0,1.0,11.087667012373094,bpi2019,native,oracle_tax,26862282802.957,0.979258,0.2,1.0,6.5,2.6,0.0,5.1,4.6,0.003,3.7,4356562.242,always_reactive,0.303666
h=0.3/q0=0.4/p=0.5/r=1/sig=0/cf=11.0877,A_core,0.3,0.4,0.5,1.0,0.0,1.0,11.087667012373094,bpi2019,native,ours_spend_cap,27165879451.432,0.990326,1.3,3.5,549.0,207.6,0.0,409.2,412.7,0.004,271.4,319559727.684,always_reactive,0.303666
h=0.3/q0=0.4/p=0.5/r=1/sig=0/cf=11.0877,A_core,0.3,0.4,0.5,1.0,0.0,1.0,11.087667012373094,bpi2019,native,ours_cap_epoch,27165879451.432,0.990326,1.3,3.5,549.0,207.6,0.0,409.2,412.7,0.004,271.4,319559727.684,always_reactive,0.303666
h=0.3/q0=0.4/p=0.5/r=1/sig=0/cf=11.0877,A_core,0.3,0.4,0.5,1.0,0.0,1.0,11.087667012373094,bpi2019,native,ours_cap_realized,27171872322.794,0.990544,1.3,3.5,561.4,213.9,0.0,422.3,423.2,0.004,276.8,325917953.658,always_reactive,0.303666
h=0.3/q0=0.4/p=0.5/r=1/sig=0/cf=11.0877,A_core,0.3,0.4,0.5,1.0,0.0,1.0,11.087667012373094,bpi2019,native,ours_pi_prior,27555718623.743,1.004537,1.8,4.8,1238.5,529.4,0.0,1002.8,1041.6,0.004,618.0,727663639.309,always_reactive,0.303666
h=0.3/q0=0.4/p=0.5/r=1/sig=0/cf=11.0877,A_core,0.3,0.4,0.5,1.0,0.0,1.0,11.087667012373094,bpi2019,native,breakeven,28607944314.151,1.042896,0.2,6.7,2877.0,924.2,0.0,1781.0,2540.1,0.004,1440.6,1724001815.046,always_reactive,0.303666
h=0.3/q0=0.4/p=0.5/r=1/sig=0/cf=11.0877,A_core,0.3,0.4,0.5,1.0,0.0,1.0,11.087667012373094,bpi2019,native,breakeven_cap_epoch,27458891015.727,1.001007,0.1,4.8,967.8,248.1,0.0,490.1,887.0,0.004,480.5,578435798.949,always_reactive,0.303666
h=0.3/q0=0.4/p=0.5/r=1/sig=0/cf=11.0877,A_core,0.3,0.4,0.5,1.0,0.0,1.0,11.087667012373094,bpi2019,native,offline_taxblind,26840529789.577,0.978465,,,,,,,,,,,always_reactive,0.303666
h=0.3/q0=0.4/p=0.5/r=1/sig=0/cf=11.0877,A_core,0.3,0.4,0.5,1.0,0.0,1.0,11.087667012373094,bpi2019,native,offline_opt_tax,26847717783.492,0.978727,,,,,,,,,,,always_reactive,0.303666
h=0.3/q0=0.4/p=0.5/r=1/sig=0/cf=11.0877,A_core,0.3,0.4,0.5,1.0,0.0,1.0,11.087667012373094,sepsis,autorpa_233k,always_reactive,93787502.059,1.0,0.0,0.0,0.0,0.0,0.0,0.0,0.0,0.004,0.0,0.0,always_reactive,0.435508
h=0.3/q0=0.4/p=0.5/r=1/sig=0/cf=11.0877,A_core,0.3,0.4,0.5,1.0,0.0,1.0,11.087667012373094,sepsis,autorpa_233k,always_compile_evict,215352091.978,2.29617,11.1,12.4,86.9,29.6,0.0,57.7,85.8,0.004,44.3,114445790.135,always_reactive,0.435508
h=0.3/q0=0.4/p=0.5/r=1/sig=0/cf=11.0877,A_core,0.3,0.4,0.5,1.0,0.0,1.0,11.087667012373094,sepsis,autorpa_233k,ours_noinflate,93787502.059,1.0,0.0,0.0,0.0,0.0,0.0,0.0,0.0,0.004,0.0,0.0,always_reactive,0.435508
h=0.3/q0=0.4/p=0.5/r=1/sig=0/cf=11.0877,A_core,0.3,0.4,0.5,1.0,0.0,1.0,11.087667012373094,sepsis,autorpa_233k,oracle_tax,93787502.059,1.0,0.0,0.0,0.0,0.0,0.0,0.0,0.0,0.004,0.0,0.0,always_reactive,0.435508
h=0.3/q0=0.4/p=0.5/r=1/sig=0/cf=11.0877,A_core,0.3,0.4,0.5,1.0,0.0,1.0,11.087667012373094,sepsis,autorpa_233k,ours_spend_cap,93787502.059,1.0,0.0,0.0,0.0,0.0,0.0,0.0,0.0,0.004,0.0,0.0,always_reactive,0.435508
h=0.3/q0=0.4/p=0.5/r=1/sig=0/cf=11.0877,A_core,0.3,0.4,0.5,1.0,0.0,1.0,11.087667012373094,sepsis,autorpa_233k,ours_cap_epoch,93787502.059,1.0,0.0,0.0,0.0,0.0,0.0,0.0,0.0,0.004,0.0,0.0,always_reactive,0.435508
h=0.3/q0=0.4/p=0.5/r=1/sig=0/cf=11.0877,A_core,0.3,0.4,0.5,1.0,0.0,1.0,11.087667012373094,sepsis,autorpa_233k,ours_cap_realized,93787502.059,1.0,0.0,0.0,0.0,0.0,0.0,0.0,0.0,0.004,0.0,0.0,always_reactive,0.435508
h=0.3/q0=0.4/p=0.5/r=1/sig=0/cf=11.0877,A_core,0.3,0.4,0.5,1.0,0.0,1.0,11.087667012373094,sepsis,autorpa_233k,ours_pi_prior,93787502.059,1.0,0.0,0.0,0.0,0.0,0.0,0.0,0.0,0.004,0.0,0.0,always_reactive,0.435508
h=0.3/q0=0.4/p=0.5/r=1/sig=0/cf=11.0877,A_core,0.3,0.4,0.5,1.0,0.0,1.0,11.087667012373094,sepsis,autorpa_233k,breakeven,99315834.782,1.058945,0.7,1.3,4.9,1.8,0.0,3.7,4.8,0.004,2.0,5166852.828,always_reactive,0.435508
h=0.3/q0=0.4/p=0.5/r=1/sig=0/cf=11.0877,A_core,0.3,0.4,0.5,1.0,0.0,1.0,11.087667012373094,sepsis,autorpa_233k,breakeven_cap_epoch,98983721.597,1.055404,0.6,1.3,4.3,1.4,0.0,2.7,4.2,0.004,1.9,4908510.186,always_reactive,0.435508
h=0.3/q0=0.4/p=0.5/r=1/sig=0/cf=11.0877,A_core,0.3,0.4,0.5,1.0,0.0,1.0,11.087667012373094,sepsis,autorpa_233k,offline_taxblind,93787502.059,1.0,,,,,,,,,,,always_reactive,0.435508
h=0.3/q0=0.4/p=0.5/r=1/sig=0/cf=11.0877,A_core,0.3,0.4,0.5,1.0,0.0,1.0,11.087667012373094,sepsis,autorpa_233k,offline_opt_tax,93787502.059,1.0,,,,,,,,,,,always_reactive,0.435508
h=0.3/q0=0.4/p=0.5/r=1/sig=0/cf=11.0877,A_core,0.3,0.4,0.5,1.0,0.0,1.0,11.087667012373094,sepsis,native,always_reactive,93787502.059,1.0,0.0,0.0,0.0,0.0,0.0,0.0,0.0,0.004,0.0,0.0,always_reactive,0.608819
h=0.3/q0=0.4/p=0.5/r=1/sig=0/cf=11.0877,A_core,0.3,0.4,0.5,1.0,0.0,1.0,11.087667012373094,sepsis,native,always_compile_evict,154048150.379,1.642523,9.7,11.4,86.9,29.6,0.0,57.7,80.5,0.005,44.3,58183068.736,always_reactive,0.608819
h=0.3/q0=0.4/p=0.5/r=1/sig=0/cf=11.0877,A_core,0.3,0.4,0.5,1.0,0.0,1.0,11.087667012373094,sepsis,native,ours_noinflate,93787502.059,1.0,0.0,0.0,0.0,0.0,0.0,0.0,0.0,0.004,0.0,0.0,always_reactive,0.608819
h=0.3/q0=0.4/p=0.5/r=1/sig=0/cf=11.0877,A_core,0.3,0.4,0.5,1.0,0.0,1.0,11.087667012373094,sepsis,native,oracle_tax,93787502.059,1.0,0.0,0.0,0.0,0.0,0.0,0.0,0.0,0.004,0.0,0.0,always_reactive,0.608819
h=0.3/q0=0.4/p=0.5/r=1/sig=0/cf=11.0877,A_core,0.3,0.4,0.5,1.0,0.0,1.0,11.087667012373094,sepsis,native,ours_spend_cap,93787502.059,1.0,0.0,0.0,0.0,0.0,0.0,0.0,0.0,0.004,0.0,0.0,always_reactive,0.608819
h=0.3/q0=0.4/p=0.5/r=1/sig=0/cf=11.0877,A_core,0.3,0.4,0.5,1.0,0.0,1.0,11.087667012373094,sepsis,native,ours_cap_epoch,93787502.059,1.0,0.0,0.0,0.0,0.0,0.0,0.0,0.0,0.004,0.0,0.0,always_reactive,0.608819
h=0.3/q0=0.4/p=0.5/r=1/sig=0/cf=11.0877,A_core,0.3,0.4,0.5,1.0,0.0,1.0,11.087667012373094,sepsis,native,ours_cap_realized,93787502.059,1.0,0.0,0.0,0.0,0.0,0.0,0.0,0.0,0.004,0.0,0.0,always_reactive,0.608819
h=0.3/q0=0.4/p=0.5/r=1/sig=0/cf=11.0877,A_core,0.3,0.4,0.5,1.0,0.0,1.0,11.087667012373094,sepsis,native,ours_pi_prior,97429304.778,1.03883,0.8,1.4,5.9,1.8,0.0,3.4,4.6,0.004,3.1,3650092.689,always_reactive,0.608819
h=0.3/q0=0.4/p=0.5/r=1/sig=0/cf=11.0877,A_core,0.3,0.4,0.5,1.0,0.0,1.0,11.087667012373094,sepsis,native,breakeven,104764521.023,1.117041,1.5,2.6,17.0,7.1,0.0,12.2,14.4,0.004,8.0,10632371.37,always_reactive,0.608819
h=0.3/q0=0.4/p=0.5/r=1/sig=0/cf=11.0877,A_core,0.3,0.4,0.5,1.0,0.0,1.0,11.087667012373094,sepsis,native,breakeven_cap_epoch,101006649.791,1.076973,1.0,1.9,11.3,4.5,0.0,7.1,9.7,0.004,5.4,7069164.411,always_reactive,0.608819
h=0.3/q0=0.4/p=0.5/r=1/sig=0/cf=11.0877,A_core,0.3,0.4,0.5,1.0,0.0,1.0,11.087667012373094,sepsis,native,offline_taxblind,93787502.059,1.0,,,,,,,,,,,always_reactive,0.608819
h=0.3/q0=0.4/p=0.5/r=1/sig=0/cf=11.0877,A_core,0.3,0.4,0.5,1.0,0.0,1.0,11.087667012373094,sepsis,native,offline_opt_tax,93787502.059,1.0,,,,,,,,,,,always_reactive,0.608819
h=0.3/q0=0.4/p=0.5/r=1/sig=0/cf=11.0877,A_core,0.3,0.4,0.5,1.0,0.0,1.0,11.087667012373094,wiki_A,autorpa_233k,always_reactive,4770469730.199,1.0,0.0,0.0,0.0,0.0,0.0,0.0,0.0,0.005,0.0,0.0,always_reactive,0.107488
h=0.3/q0=0.4/p=0.5/r=1/sig=0/cf=11.0877,A_core,0.3,0.4,0.5,1.0,0.0,1.0,11.087667012373094,wiki_A,autorpa_233k,always_compile_evict,44381371645.784,9.303355,9.7,33.7,29118.1,14423.3,0.0,27871.3,29012.1,0.002,14543.0,37570770337.101,always_reactive,0.107488
h=0.3/q0=0.4/p=0.5/r=1/sig=0/cf=11.0877,A_core,0.3,0.4,0.5,1.0,0.0,1.0,11.087667012373094,wiki_A,autorpa_233k,ours_noinflate,4770469730.199,1.0,0.0,0.0,0.0,0.0,0.0,0.0,0.0,0.005,0.0,0.0,always_reactive,0.107488
h=0.3/q0=0.4/p=0.5/r=1/sig=0/cf=11.0877,A_core,0.3,0.4,0.5,1.0,0.0,1.0,11.087667012373094,wiki_A,autorpa_233k,oracle_tax,4770469730.199,1.0,0.0,0.0,0.0,0.0,0.0,0.0,0.0,0.005,0.0,0.0,always_reactive,0.107488
h=0.3/q0=0.4/p=0.5/r=1/sig=0/cf=11.0877,A_core,0.3,0.4,0.5,1.0,0.0,1.0,11.087667012373094,wiki_A,autorpa_233k,ours_spend_cap,4770469730.199,1.0,0.0,0.0,0.0,0.0,0.0,0.0,0.0,0.005,0.0,0.0,always_reactive,0.107488
h=0.3/q0=0.4/p=0.5/r=1/sig=0/cf=11.0877,A_core,0.3,0.4,0.5,1.0,0.0,1.0,11.087667012373094,wiki_A,autorpa_233k,ours_cap_epoch,4770469730.199,1.0,0.0,0.0,0.0,0.0,0.0,0.0,0.0,0.005,0.0,0.0,always_reactive,0.107488
h=0.3/q0=0.4/p=0.5/r=1/sig=0/cf=11.0877,A_core,0.3,0.4,0.5,1.0,0.0,1.0,11.087667012373094,wiki_A,autorpa_233k,ours_cap_realized,4770469730.199,1.0,0.0,0.0,0.0,0.0,0.0,0.0,0.0,0.005,0.0,0.0,always_reactive,0.107488
h=0.3/q0=0.4/p=0.5/r=1/sig=0/cf=11.0877,A_core,0.3,0.4,0.5,1.0,0.0,1.0,11.087667012373094,wiki_A,autorpa_233k,ours_pi_prior,4770469730.199,1.0,0.0,0.0,0.0,0.0,0.0,0.0,0.0,0.005,0.0,0.0,always_reactive,0.107488
h=0.3/q0=0.4/p=0.5/r=1/sig=0/cf=11.0877,A_core,0.3,0.4,0.5,1.0,0.0,1.0,11.087667012373094,wiki_A,autorpa_233k,breakeven,9731885154.083,2.040027,0.4,5.4,3675.5,1808.4,0.0,3458.3,3601.6,0.003,1829.6,4726636966.84,always_reactive,0.107488
h=0.3/q0=0.4/p=0.5/r=1/sig=0/cf=11.0877,A_core,0.3,0.4,0.5,1.0,0.0,1.0,11.087667012373094,wiki_A,autorpa_233k,breakeven_cap_epoch,4963965276.774,1.040561,0.1,2.7,135.8,51.4,0.0,94.5,130.5,0.005,71.0,183423275.386,always_reactive,0.107488
h=0.3/q0=0.4/p=0.5/r=1/sig=0/cf=11.0877,A_core,0.3,0.4,0.5,1.0,0.0,1.0,11.087667012373094,wiki_A,autorpa_233k,offline_taxblind,4770469730.199,1.0,,,,,,,,,,,always_reactive,0.107488
h=0.3/q0=0.4/p=0.5/r=1/sig=0/cf=11.0877,A_core,0.3,0.4,0.5,1.0,0.0,1.0,11.087667012373094,wiki_A,autorpa_233k,offline_opt_tax,4770469730.199,1.0,,,,,,,,,,,always_reactive,0.107488
h=0.3/q0=0.4/p=0.5/r=1/sig=0/cf=11.0877,A_core,0.3,0.4,0.5,1.0,0.0,1.0,11.087667012373094,wiki_A,native,always_reactive,4770469730.199,0.984454,0.0,0.0,0.0,0.0,0.0,0.0,0.0,0.005,0.0,0.0,always_reactive,0.196167
h=0.3/q0=0.4/p=0.5/r=1/sig=0/cf=11.0877,A_core,0.3,0.4,0.5,1.0,0.0,1.0,11.087667012373094,wiki_A,native,always_compile_evict,24318388004.8,5.018443,4.9,27.2,29118.1,14423.3,0.0,27871.3,28797.0,0.003,14543.0,19193186298.72,always_reactive,0.196167
h=0.3/q0=0.4/p=0.5/r=1/sig=0/cf=11.0877,A_core,0.3,0.4,0.5,1.0,0.0,1.0,11.087667012373094,wiki_A,native,ours_noinflate,4845803331.29,1.0,0.1,2.6,130.0,56.4,0.0,99.3,104.7,0.005,66.8,78653610.204,always_reactive,0.196167
h=0.3/q0=0.4/p=0.5/r=1/sig=0/cf=11.0877,A_core,0.3,0.4,0.5,1.0,0.0,1.0,11.087667012373094,wiki_A,native,oracle_tax,4771310700.228,0.984627,0.0,0.3,1.0,0.3,0.0,0.4,0.9,0.005,0.7,824214.478,always_reactive,0.196167
h=0.3/q0=0.4/p=0.5/r=1/sig=0/cf=11.0877,A_core,0.3,0.4,0.5,1.0,0.0,1.0,11.087667012373094,wiki_A,native,ours_spend_cap,4806720795.9,0.991935,0.0,2.1,59.5,22.6,0.0,39.6,45.6,0.005,31.9,37560631.22,always_reactive,0.196167
h=0.3/q0=0.4/p=0.5/r=1/sig=0/cf=11.0877,A_core,0.3,0.4,0.5,1.0,0.0,1.0,11.087667012373094,wiki_A,native,ours_cap_epoch,4806720795.9,0.991935,0.0,2.1,59.5,22.6,0.0,39.6,45.6,0.005,31.9,37560631.22,always_reactive,0.196167
h=0.3/q0=0.4/p=0.5/r=1/sig=0/cf=11.0877,A_core,0.3,0.4,0.5,1.0,0.0,1.0,11.087667012373094,wiki_A,native,ours_cap_realized,4807561724.312,0.992108,0.0,2.1,60.5,22.9,0.0,39.9,46.6,0.005,32.6,38384845.698,always_reactive,0.196167
h=0.3/q0=0.4/p=0.5/r=1/sig=0/cf=11.0877,A_core,0.3,0.4,0.5,1.0,0.0,1.0,11.087667012373094,wiki_A,native,ours_pi_prior,4883848036.185,1.007851,0.0,3.2,204.7,90.8,0.0,167.9,162.9,0.005,100.8,118686884.858,always_reactive,0.196167
h=0.3/q0=0.4/p=0.5/r=1/sig=0/cf=11.0877,A_core,0.3,0.4,0.5,1.0,0.0,1.0,11.087667012373094,wiki_A,native,breakeven,8100899223.862,1.671735,0.0,6.0,5136.4,2498.5,0.0,4793.9,4927.0,0.004,2559.6,3269862408.949,always_reactive,0.196167
h=0.3/q0=0.4/p=0.5/r=1/sig=0/cf=11.0877,A_core,0.3,0.4,0.5,1.0,0.0,1.0,11.087667012373094,wiki_A,native,breakeven_cap_epoch,4898972103.996,1.010972,0.0,3.8,204.8,74.7,0.0,135.1,178.8,0.005,103.8,125355725.726,always_reactive,0.196167
h=0.3/q0=0.4/p=0.5/r=1/sig=0/cf=11.0877,A_core,0.3,0.4,0.5,1.0,0.0,1.0,11.087667012373094,wiki_A,native,offline_taxblind,4766402717.825,0.983615,,,,,,,,,,,always_reactive,0.196167
h=0.3/q0=0.4/p=0.5/r=1/sig=0/cf=11.0877,A_core,0.3,0.4,0.5,1.0,0.0,1.0,11.087667012373094,wiki_A,native,offline_opt_tax,4768216798.244,0.983989,,,,,,,,,,,always_reactive,0.196167
h=0.3/q0=0.4/p=0.5/r=1/sig=0/cf=11.0877,A_core,0.3,0.4,0.5,1.0,0.0,1.0,11.087667012373094,wiki_B,autorpa_233k,always_reactive,8991713899.193,1.0,0.0,0.0,0.0,0.0,0.0,0.0,0.0,0.004,0.0,0.0,always_reactive,0.312905
h=0.3/q0=0.4/p=0.5/r=1/sig=0/cf=11.0877,A_core,0.3,0.4,0.5,1.0,0.0,1.0,11.087667012373094,wiki_B,autorpa_233k,always_compile_evict,28736197550.201,3.195853,57.7,69.6,14273.4,6323.2,0.0,12148.5,14182.6,0.015,7142.9,18453156531.724,always_reactive,0.312905
h=0.3/q0=0.4/p=0.5/r=1/sig=0/cf=11.0877,A_core,0.3,0.4,0.5,1.0,0.0,1.0,11.087667012373094,wiki_B,autorpa_233k,ours_noinflate,8991713899.193,1.0,0.0,0.0,0.0,0.0,0.0,0.0,0.0,0.004,0.0,0.0,always_reactive,0.312905
h=0.3/q0=0.4/p=0.5/r=1/sig=0/cf=11.0877,A_core,0.3,0.4,0.5,1.0,0.0,1.0,11.087667012373094,wiki_B,autorpa_233k,oracle_tax,8991713899.193,1.0,0.0,0.0,0.0,0.0,0.0,0.0,0.0,0.004,0.0,0.0,always_reactive,0.312905
h=0.3/q0=0.4/p=0.5/r=1/sig=0/cf=11.0877,A_core,0.3,0.4,0.5,1.0,0.0,1.0,11.087667012373094,wiki_B,autorpa_233k,ours_spend_cap,8991713899.193,1.0,0.0,0.0,0.0,0.0,0.0,0.0,0.0,0.004,0.0,0.0,always_reactive,0.312905
h=0.3/q0=0.4/p=0.5/r=1/sig=0/cf=11.0877,A_core,0.3,0.4,0.5,1.0,0.0,1.0,11.087667012373094,wiki_B,autorpa_233k,ours_cap_epoch,8991713899.193,1.0,0.0,0.0,0.0,0.0,0.0,0.0,0.0,0.004,0.0,0.0,always_reactive,0.312905
h=0.3/q0=0.4/p=0.5/r=1/sig=0/cf=11.0877,A_core,0.3,0.4,0.5,1.0,0.0,1.0,11.087667012373094,wiki_B,autorpa_233k,ours_cap_realized,8991713899.193,1.0,0.0,0.0,0.0,0.0,0.0,0.0,0.0,0.004,0.0,0.0,always_reactive,0.312905
h=0.3/q0=0.4/p=0.5/r=1/sig=0/cf=11.0877,A_core,0.3,0.4,0.5,1.0,0.0,1.0,11.087667012373094,wiki_B,autorpa_233k,ours_pi_prior,8991713899.193,1.0,0.0,0.0,0.0,0.0,0.0,0.0,0.0,0.004,0.0,0.0,always_reactive,0.312905
h=0.3/q0=0.4/p=0.5/r=1/sig=0/cf=11.0877,A_core,0.3,0.4,0.5,1.0,0.0,1.0,11.087667012373094,wiki_B,autorpa_233k,breakeven,10567600396.913,1.17526,1.5,7.1,1166.6,440.9,0.0,842.4,1118.7,0.005,577.0,1490637040.81,always_reactive,0.312905
h=0.3/q0=0.4/p=0.5/r=1/sig=0/cf=11.0877,A_core,0.3,0.4,0.5,1.0,0.0,1.0,11.087667012373094,wiki_B,autorpa_233k,breakeven_cap_epoch,9539492530.231,1.06092,0.8,4.9,398.7,125.5,0.0,238.7,387.1,0.005,198.4,512551800.514,always_reactive,0.312905
h=0.3/q0=0.4/p=0.5/r=1/sig=0/cf=11.0877,A_core,0.3,0.4,0.5,1.0,0.0,1.0,11.087667012373094,wiki_B,autorpa_233k,offline_taxblind,8991713899.192,1.0,,,,,,,,,,,always_reactive,0.312905
h=0.3/q0=0.4/p=0.5/r=1/sig=0/cf=11.0877,A_core,0.3,0.4,0.5,1.0,0.0,1.0,11.087667012373094,wiki_B,autorpa_233k,offline_opt_tax,8991713899.192,1.0,,,,,,,,,,,always_reactive,0.312905
h=0.3/q0=0.4/p=0.5/r=1/sig=0/cf=11.0877,A_core,0.3,0.4,0.5,1.0,0.0,1.0,11.087667012373094,wiki_B,native,always_reactive,8991713899.193,0.971457,0.0,0.0,0.0,0.0,0.0,0.0,0.0,0.004,0.0,0.0,always_reactive,0.50298
h=0.3/q0=0.4/p=0.5/r=1/sig=0/cf=11.0877,A_core,0.3,0.4,0.5,1.0,0.0,1.0,11.087667012373094,wiki_B,native,always_compile_evict,17876866061.6,1.931402,30.0,45.6,14273.4,6323.2,0.0,12148.5,13856.3,0.015,7142.9,8643506447.785,always_reactive,0.50298
h=0.3/q0=0.4/p=0.5/r=1/sig=0/cf=11.0877,A_core,0.3,0.4,0.5,1.0,0.0,1.0,11.087667012373094,wiki_B,native,ours_noinflate,9255901043.453,1.0,0.8,4.9,452.3,170.2,0.0,324.8,373.8,0.005,229.6,270342348.844,always_reactive,0.50298
h=0.3/q0=0.4/p=0.5/r=1/sig=0/cf=11.0877,A_core,0.3,0.4,0.5,1.0,0.0,1.0,11.087667012373094,wiki_B,native,oracle_tax,8991713899.193,0.971457,0.0,0.0,0.0,0.0,0.0,0.0,0.0,0.004,0.0,0.0,always_reactive,0.50298
h=0.3/q0=0.4/p=0.5/r=1/sig=0/cf=11.0877,A_core,0.3,0.4,0.5,1.0,0.0,1.0,11.087667012373094,wiki_B,native,ours_spend_cap,9175749056.078,0.99134,0.3,4.2,321.9,119.1,0.0,226.0,255.8,0.004,158.6,186743451.771,always_reactive,0.50298
h=0.3/q0=0.4/p=0.5/r=1/sig=0/cf=11.0877,A_core,0.3,0.4,0.5,1.0,0.0,1.0,11.087667012373094,wiki_B,native,ours_cap_epoch,9175749056.078,0.99134,0.3,4.2,321.9,119.1,0.0,226.0,255.8,0.004,158.6,186743451.771,always_reactive,0.50298
h=0.3/q0=0.4/p=0.5/r=1/sig=0/cf=11.0877,A_core,0.3,0.4,0.5,1.0,0.0,1.0,11.087667012373094,wiki_B,native,ours_cap_realized,9178336666.759,0.99162,0.3,4.2,325.5,120.4,0.0,228.6,259.0,0.005,160.9,189451585.056,always_reactive,0.50298
h=0.3/q0=0.4/p=0.5/r=1/sig=0/cf=11.0877,A_core,0.3,0.4,0.5,1.0,0.0,1.0,11.087667012373094,wiki_B,native,ours_pi_prior,9425211624.721,1.018292,1.9,5.8,740.5,287.6,0.0,543.0,632.0,0.005,375.9,442603174.784,always_reactive,0.50298
h=0.3/q0=0.4/p=0.5/r=1/sig=0/cf=11.0877,A_core,0.3,0.4,0.5,1.0,0.0,1.0,11.087667012373094,wiki_B,native,breakeven,10144421233.525,1.095995,2.2,8.2,1876.0,601.8,0.0,1146.0,1710.4,0.005,930.8,1125536441.125,always_reactive,0.50298
h=0.3/q0=0.4/p=0.5/r=1/sig=0/cf=11.0877,A_core,0.3,0.4,0.5,1.0,0.0,1.0,11.087667012373094,wiki_B,native,breakeven_cap_epoch,9443320850.209,1.020249,1.4,4.9,718.7,181.7,0.0,347.7,674.1,0.005,357.5,432396763.307,always_reactive,0.50298
h=0.3/q0=0.4/p=0.5/r=1/sig=0/cf=11.0877,A_core,0.3,0.4,0.5,1.0,0.0,1.0,11.087667012373094,wiki_B,native,offline_taxblind,8989129343.8,0.971178,,,,,,,,,,,always_reactive,0.50298
h=0.3/q0=0.4/p=0.5/r=1/sig=0/cf=11.0877,A_core,0.3,0.4,0.5,1.0,0.0,1.0,11.087667012373094,wiki_B,native,offline_opt_tax,8990831701.26,0.971362,,,,,,,,,,,always_reactive,0.50298
h=0.3/q0=0.4/p=0.5/r=1/sig=0/cf=1,A_core,0.3,0.4,0.5,1.0,0.0,1.0,1.0,bpi2019,autorpa_233k,always_reactive,26858149732.486,1.0,0.0,0.0,0.0,0.0,0.0,0.0,0.0,0.003,0.0,0.0,always_reactive,0.590871
h=0.3/q0=0.4/p=0.5/r=1/sig=0/cf=1,A_core,0.3,0.4,0.5,1.0,0.0,1.0,1.0,bpi2019,autorpa_233k,always_compile_evict,45455195053.372,1.692417,38.8,64.3,110763.0,54364.3,0.0,105132.6,110594.6,0.022,55485.2,12928051600.0,always_reactive,0.590871
h=0.3/q0=0.4/p=0.5/r=1/sig=0/cf=1,A_core,0.3,0.4,0.5,1.0,0.0,1.0,1.0,bpi2019,autorpa_233k,ours_noinflate,26858149732.486,1.0,0.0,0.0,0.0,0.0,0.0,0.0,0.0,0.003,0.0,0.0,always_reactive,0.590871
h=0.3/q0=0.4/p=0.5/r=1/sig=0/cf=1,A_core,0.3,0.4,0.5,1.0,0.0,1.0,1.0,bpi2019,autorpa_233k,oracle_tax,26858149732.486,1.0,0.0,0.0,0.0,0.0,0.0,0.0,0.0,0.003,0.0,0.0,always_reactive,0.590871
h=0.3/q0=0.4/p=0.5/r=1/sig=0/cf=1,A_core,0.3,0.4,0.5,1.0,0.0,1.0,1.0,bpi2019,autorpa_233k,ours_spend_cap,26858149732.486,1.0,0.0,0.0,0.0,0.0,0.0,0.0,0.0,0.003,0.0,0.0,always_reactive,0.590871
h=0.3/q0=0.4/p=0.5/r=1/sig=0/cf=1,A_core,0.3,0.4,0.5,1.0,0.0,1.0,1.0,bpi2019,autorpa_233k,ours_cap_epoch,26858149732.486,1.0,0.0,0.0,0.0,0.0,0.0,0.0,0.0,0.003,0.0,0.0,always_reactive,0.590871
h=0.3/q0=0.4/p=0.5/r=1/sig=0/cf=1,A_core,0.3,0.4,0.5,1.0,0.0,1.0,1.0,bpi2019,autorpa_233k,ours_cap_realized,26858149732.486,1.0,0.0,0.0,0.0,0.0,0.0,0.0,0.0,0.003,0.0,0.0,always_reactive,0.590871
h=0.3/q0=0.4/p=0.5/r=1/sig=0/cf=1,A_core,0.3,0.4,0.5,1.0,0.0,1.0,1.0,bpi2019,autorpa_233k,ours_pi_prior,26858149732.486,1.0,0.0,0.0,0.0,0.0,0.0,0.0,0.0,0.003,0.0,0.0,always_reactive,0.590871
h=0.3/q0=0.4/p=0.5/r=1/sig=0/cf=1,A_core,0.3,0.4,0.5,1.0,0.0,1.0,1.0,bpi2019,autorpa_233k,breakeven,27278122687.803,1.015637,1.2,6.7,2218.8,811.2,0.0,1568.3,2119.2,0.005,1117.7,260424100.0,always_reactive,0.590871
h=0.3/q0=0.4/p=0.5/r=1/sig=0/cf=1,A_core,0.3,0.4,0.5,1.0,0.0,1.0,1.0,bpi2019,autorpa_233k,breakeven_cap_epoch,26985581948.416,1.004745,0.5,4.4,614.3,182.8,0.0,357.4,594.4,0.004,308.5,71880500.0,always_reactive,0.590871
h=0.3/q0=0.4/p=0.5/r=1/sig=0/cf=1,A_core,0.3,0.4,0.5,1.0,0.0,1.0,1.0,bpi2019,autorpa_233k,offline_taxblind,26858149732.495,1.0,,,,,,,,,,,always_reactive,0.590871
h=0.3/q0=0.4/p=0.5/r=1/sig=0/cf=1,A_core,0.3,0.4,0.5,1.0,0.0,1.0,1.0,bpi2019,autorpa_233k,offline_opt_tax,26858149732.495,1.0,,,,,,,,,,,always_reactive,0.590871
h=0.3/q0=0.4/p=0.5/r=1/sig=0/cf=1,A_core,0.3,0.4,0.5,1.0,0.0,1.0,1.0,bpi2019,native,always_reactive,26858149732.486,0.999052,0.0,0.0,0.0,0.0,0.0,0.0,0.0,0.003,0.0,0.0,always_reactive,0.875699
h=0.3/q0=0.4/p=0.5/r=1/sig=0/cf=1,A_core,0.3,0.4,0.5,1.0,0.0,1.0,1.0,bpi2019,native,always_compile_evict,30670510900.388,1.140862,20.7,41.9,110763.0,54364.3,0.0,105132.6,110040.8,0.019,55485.2,5727374965.9,always_reactive,0.875699
h=0.3/q0=0.4/p=0.5/r=1/sig=0/cf=1,A_core,0.3,0.4,0.5,1.0,0.0,1.0,1.0,bpi2019,native,ours_noinflate,26883637343.253,1.0,1.6,4.3,1029.9,430.4,0.0,829.3,850.1,0.004,511.2,54286628.4,always_reactive,0.875699
h=0.3/q0=0.4/p=0.5/r=1/sig=0/cf=1,A_core,0.3,0.4,0.5,1.0,0.0,1.0,1.0,bpi2019,native,oracle_tax,26858319160.366,0.999058,0.2,1.0,6.5,2.6,0.0,5.1,4.6,0.003,3.7,392919.65,always_reactive,0.875699
h=0.3/q0=0.4/p=0.5/r=1/sig=0/cf=1,A_core,0.3,0.4,0.5,1.0,0.0,1.0,1.0,bpi2019,native,ours_spend_cap,26880634640.135,0.999888,1.5,4.0,740.7,293.0,0.0,570.7,577.8,0.004,365.2,38782231.4,always_reactive,0.875699
h=0.3/q0=0.4/p=0.5/r=1/sig=0/cf=1,A_core,0.3,0.4,0.5,1.0,0.0,1.0,1.0,bpi2019,native,ours_cap_epoch,26881769337.629,0.999931,1.6,4.3,837.5,338.5,0.0,658.4,667.1,0.004,413.5,43911425.75,always_reactive,0.875699
h=0.3/q0=0.4/p=0.5/r=1/sig=0/cf=1,A_core,0.3,0.4,0.5,1.0,0.0,1.0,1.0,bpi2019,native,ours_cap_realized,26883611878.406,0.999999,1.6,4.3,1022.8,427.2,0.0,822.2,843.5,0.004,508.0,53946806.0,always_reactive,0.875699
h=0.3/q0=0.4/p=0.5/r=1/sig=0/cf=1,A_core,0.3,0.4,0.5,1.0,0.0,1.0,1.0,bpi2019,native,ours_pi_prior,26893683185.433,1.000374,1.8,4.8,1238.5,529.4,0.0,1002.8,1041.6,0.004,618.0,65628201.0,always_reactive,0.875699
h=0.3/q0=0.4/p=0.5/r=1/sig=0/cf=1,A_core,0.3,0.4,0.5,1.0,0.0,1.0,1.0,bpi2019,native,breakeven,27039430737.803,1.005795,0.2,6.7,2877.0,924.2,0.0,1781.0,2540.1,0.004,1440.6,155488238.7,always_reactive,0.875699
h=0.3/q0=0.4/p=0.5/r=1/sig=0/cf=1,A_core,0.3,0.4,0.5,1.0,0.0,1.0,1.0,bpi2019,native,breakeven_cap_epoch,26959857560.886,1.002835,0.2,5.8,1570.3,436.7,0.0,855.4,1387.9,0.004,781.6,84144461.45,always_reactive,0.875699
h=0.3/q0=0.4/p=0.5/r=1/sig=0/cf=1,A_core,0.3,0.4,0.5,1.0,0.0,1.0,1.0,bpi2019,native,offline_taxblind,26840529789.577,0.998397,,,,,,,,,,,always_reactive,0.875699
h=0.3/q0=0.4/p=0.5/r=1/sig=0/cf=1,A_core,0.3,0.4,0.5,1.0,0.0,1.0,1.0,bpi2019,native,offline_opt_tax,26847717783.492,0.998664,,,,,,,,,,,always_reactive,0.875699
h=0.3/q0=0.4/p=0.5/r=1/sig=0/cf=1,A_core,0.3,0.4,0.5,1.0,0.0,1.0,1.0,sepsis,autorpa_233k,always_reactive,93787502.059,1.0,0.0,0.0,0.0,0.0,0.0,0.0,0.0,0.004,0.0,0.0,always_reactive,0.843199
h=0.3/q0=0.4/p=0.5/r=1/sig=0/cf=1,A_core,0.3,0.4,0.5,1.0,0.0,1.0,1.0,sepsis,autorpa_233k,always_compile_evict,111228201.843,1.18596,11.1,12.4,86.9,29.6,0.0,57.7,85.8,0.008,44.3,10321900.0,always_reactive,0.843199
h=0.3/q0=0.4/p=0.5/r=1/sig=0/cf=1,A_core,0.3,0.4,0.5,1.0,0.0,1.0,1.0,sepsis,autorpa_233k,ours_noinflate,93787502.059,1.0,0.0,0.0,0.0,0.0,0.0,0.0,0.0,0.004,0.0,0.0,always_reactive,0.843199
h=0.3/q0=0.4/p=0.5/r=1/sig=0/cf=1,A_core,0.3,0.4,0.5,1.0,0.0,1.0,1.0,sepsis,autorpa_233k,oracle_tax,93787502.059,1.0,0.0,0.0,0.0,0.0,0.0,0.0,0.0,0.004,0.0,0.0,always_reactive,0.843199
h=0.3/q0=0.4/p=0.5/r=1/sig=0/cf=1,A_core,0.3,0.4,0.5,1.0,0.0,1.0,1.0,sepsis,autorpa_233k,ours_spend_cap,93787502.059,1.0,0.0,0.0,0.0,0.0,0.0,0.0,0.0,0.004,0.0,0.0,always_reactive,0.843199
h=0.3/q0=0.4/p=0.5/r=1/sig=0/cf=1,A_core,0.3,0.4,0.5,1.0,0.0,1.0,1.0,sepsis,autorpa_233k,ours_cap_epoch,93787502.059,1.0,0.0,0.0,0.0,0.0,0.0,0.0,0.0,0.004,0.0,0.0,always_reactive,0.843199
h=0.3/q0=0.4/p=0.5/r=1/sig=0/cf=1,A_core,0.3,0.4,0.5,1.0,0.0,1.0,1.0,sepsis,autorpa_233k,ours_cap_realized,93787502.059,1.0,0.0,0.0,0.0,0.0,0.0,0.0,0.0,0.004,0.0,0.0,always_reactive,0.843199
h=0.3/q0=0.4/p=0.5/r=1/sig=0/cf=1,A_core,0.3,0.4,0.5,1.0,0.0,1.0,1.0,sepsis,autorpa_233k,ours_pi_prior,93787502.059,1.0,0.0,0.0,0.0,0.0,0.0,0.0,0.0,0.004,0.0,0.0,always_reactive,0.843199
h=0.3/q0=0.4/p=0.5/r=1/sig=0/cf=1,A_core,0.3,0.4,0.5,1.0,0.0,1.0,1.0,sepsis,autorpa_233k,breakeven,94614981.954,1.008823,0.7,1.3,4.9,1.8,0.0,3.7,4.8,0.004,2.0,466000.0,always_reactive,0.843199
h=0.3/q0=0.4/p=0.5/r=1/sig=0/cf=1,A_core,0.3,0.4,0.5,1.0,0.0,1.0,1.0,sepsis,autorpa_233k,breakeven_cap_epoch,94517911.411,1.007788,0.6,1.3,4.3,1.4,0.0,2.7,4.2,0.004,1.9,442700.0,always_reactive,0.843199
h=0.3/q0=0.4/p=0.5/r=1/sig=0/cf=1,A_core,0.3,0.4,0.5,1.0,0.0,1.0,1.0,sepsis,autorpa_233k,offline_taxblind,93787502.059,1.0,,,,,,,,,,,always_reactive,0.843199
h=0.3/q0=0.4/p=0.5/r=1/sig=0/cf=1,A_core,0.3,0.4,0.5,1.0,0.0,1.0,1.0,sepsis,autorpa_233k,offline_opt_tax,93787502.059,1.0,,,,,,,,,,,always_reactive,0.843199
h=0.3/q0=0.4/p=0.5/r=1/sig=0/cf=1,A_core,0.3,0.4,0.5,1.0,0.0,1.0,1.0,sepsis,native,always_reactive,93787502.059,1.0,0.0,0.0,0.0,0.0,0.0,0.0,0.0,0.004,0.0,0.0,always_reactive,0.927555
h=0.3/q0=0.4/p=0.5/r=1/sig=0/cf=1,A_core,0.3,0.4,0.5,1.0,0.0,1.0,1.0,sepsis,native,always_compile_evict,101112629.993,1.078103,9.7,11.4,86.9,29.6,0.0,57.7,80.5,0.008,44.3,5247548.35,always_reactive,0.927555
h=0.3/q0=0.4/p=0.5/r=1/sig=0/cf=1,A_core,0.3,0.4,0.5,1.0,0.0,1.0,1.0,sepsis,native,ours_noinflate,93787502.059,1.0,0.0,0.0,0.0,0.0,0.0,0.0,0.0,0.004,0.0,0.0,always_reactive,0.927555
h=0.3/q0=0.4/p=0.5/r=1/sig=0/cf=1,A_core,0.3,0.4,0.5,1.0,0.0,1.0,1.0,sepsis,native,oracle_tax,93787502.059,1.0,0.0,0.0,0.0,0.0,0.0,0.0,0.0,0.004,0.0,0.0,always_reactive,0.927555
h=0.3/q0=0.4/p=0.5/r=1/sig=0/cf=1,A_core,0.3,0.4,0.5,1.0,0.0,1.0,1.0,sepsis,native,ours_spend_cap,93787502.059,1.0,0.0,0.0,0.0,0.0,0.0,0.0,0.0,0.004,0.0,0.0,always_reactive,0.927555
h=0.3/q0=0.4/p=0.5/r=1/sig=0/cf=1,A_core,0.3,0.4,0.5,1.0,0.0,1.0,1.0,sepsis,native,ours_cap_epoch,93787502.059,1.0,0.0,0.0,0.0,0.0,0.0,0.0,0.0,0.004,0.0,0.0,always_reactive,0.927555
h=0.3/q0=0.4/p=0.5/r=1/sig=0/cf=1,A_core,0.3,0.4,0.5,1.0,0.0,1.0,1.0,sepsis,native,ours_cap_realized,93787502.059,1.0,0.0,0.0,0.0,0.0,0.0,0.0,0.0,0.004,0.0,0.0,always_reactive,0.927555
h=0.3/q0=0.4/p=0.5/r=1/sig=0/cf=1,A_core,0.3,0.4,0.5,1.0,0.0,1.0,1.0,sepsis,native,ours_pi_prior,94108415.039,1.003422,0.8,1.4,5.9,1.8,0.0,3.4,4.6,0.004,3.1,329202.95,always_reactive,0.927555
h=0.3/q0=0.4/p=0.5/r=1/sig=0/cf=1,A_core,0.3,0.4,0.5,1.0,0.0,1.0,1.0,sepsis,native,breakeven,95091086.403,1.013899,1.5,2.6,17.0,7.1,0.0,12.2,14.4,0.005,8.0,958936.75,always_reactive,0.927555
h=0.3/q0=0.4/p=0.5/r=1/sig=0/cf=1,A_core,0.3,0.4,0.5,1.0,0.0,1.0,1.0,sepsis,native,breakeven_cap_epoch,94659308.536,1.009296,1.2,2.3,13.3,5.3,0.0,8.5,11.0,0.005,6.4,743764.55,always_reactive,0.927555
h=0.3/q0=0.4/p=0.5/r=1/sig=0/cf=1,A_core,0.3,0.4,0.5,1.0,0.0,1.0,1.0,sepsis,native,offline_taxblind,93787502.059,1.0,,,,,,,,,,,always_reactive,0.927555
h=0.3/q0=0.4/p=0.5/r=1/sig=0/cf=1,A_core,0.3,0.4,0.5,1.0,0.0,1.0,1.0,sepsis,native,offline_opt_tax,93787502.059,1.0,,,,,,,,,,,always_reactive,0.927555
h=0.3/q0=0.4/p=0.5/r=1/sig=0/cf=1,A_core,0.3,0.4,0.5,1.0,0.0,1.0,1.0,wiki_A,autorpa_233k,always_reactive,4770469730.199,1.0,0.0,0.0,0.0,0.0,0.0,0.0,0.0,0.005,0.0,0.0,always_reactive,0.467733
h=0.3/q0=0.4/p=0.5/r=1/sig=0/cf=1,A_core,0.3,0.4,0.5,1.0,0.0,1.0,1.0,wiki_A,autorpa_233k,always_compile_evict,10199120308.677,2.13797,9.7,33.7,29118.1,14423.3,0.0,27871.3,29012.1,0.009,14543.0,3388519000.0,always_reactive,0.467733
h=0.3/q0=0.4/p=0.5/r=1/sig=0/cf=1,A_core,0.3,0.4,0.5,1.0,0.0,1.0,1.0,wiki_A,autorpa_233k,ours_noinflate,4770469730.199,1.0,0.0,0.0,0.0,0.0,0.0,0.0,0.0,0.005,0.0,0.0,always_reactive,0.467733
h=0.3/q0=0.4/p=0.5/r=1/sig=0/cf=1,A_core,0.3,0.4,0.5,1.0,0.0,1.0,1.0,wiki_A,autorpa_233k,oracle_tax,4770469730.199,1.0,0.0,0.0,0.0,0.0,0.0,0.0,0.0,0.005,0.0,0.0,always_reactive,0.467733
h=0.3/q0=0.4/p=0.5/r=1/sig=0/cf=1,A_core,0.3,0.4,0.5,1.0,0.0,1.0,1.0,wiki_A,autorpa_233k,ours_spend_cap,4770469730.199,1.0,0.0,0.0,0.0,0.0,0.0,0.0,0.0,0.005,0.0,0.0,always_reactive,0.467733
h=0.3/q0=0.4/p=0.5/r=1/sig=0/cf=1,A_core,0.3,0.4,0.5,1.0,0.0,1.0,1.0,wiki_A,autorpa_233k,ours_cap_epoch,4770469730.199,1.0,0.0,0.0,0.0,0.0,0.0,0.0,0.0,0.005,0.0,0.0,always_reactive,0.467733
h=0.3/q0=0.4/p=0.5/r=1/sig=0/cf=1,A_core,0.3,0.4,0.5,1.0,0.0,1.0,1.0,wiki_A,autorpa_233k,ours_cap_realized,4770469730.199,1.0,0.0,0.0,0.0,0.0,0.0,0.0,0.0,0.005,0.0,0.0,always_reactive,0.467733
h=0.3/q0=0.4/p=0.5/r=1/sig=0/cf=1,A_core,0.3,0.4,0.5,1.0,0.0,1.0,1.0,wiki_A,autorpa_233k,ours_pi_prior,4770469730.199,1.0,0.0,0.0,0.0,0.0,0.0,0.0,0.0,0.005,0.0,0.0,always_reactive,0.467733
h=0.3/q0=0.4/p=0.5/r=1/sig=0/cf=1,A_core,0.3,0.4,0.5,1.0,0.0,1.0,1.0,wiki_A,autorpa_233k,breakeven,5431544987.241,1.138577,0.4,5.4,3675.5,1808.4,0.0,3458.3,3601.6,0.005,1829.6,426296800.0,always_reactive,0.467733
h=0.3/q0=0.4/p=0.5/r=1/sig=0/cf=1,A_core,0.3,0.4,0.5,1.0,0.0,1.0,1.0,wiki_A,autorpa_233k,breakeven_cap_epoch,4797085001.389,1.005579,0.1,2.7,135.8,51.4,0.0,94.5,130.5,0.005,71.0,16543000.0,always_reactive,0.467733
h=0.3/q0=0.4/p=0.5/r=1/sig=0/cf=1,A_core,0.3,0.4,0.5,1.0,0.0,1.0,1.0,wiki_A,autorpa_233k,offline_taxblind,4770469730.199,1.0,,,,,,,,,,,always_reactive,0.467733
h=0.3/q0=0.4/p=0.5/r=1/sig=0/cf=1,A_core,0.3,0.4,0.5,1.0,0.0,1.0,1.0,wiki_A,autorpa_233k,offline_opt_tax,4770469730.199,1.0,,,,,,,,,,,always_reactive,0.467733
h=0.3/q0=0.4/p=0.5/r=1/sig=0/cf=1,A_core,0.3,0.4,0.5,1.0,0.0,1.0,1.0,wiki_A,native,always_reactive,4770469730.199,0.99921,0.0,0.0,0.0,0.0,0.0,0.0,0.0,0.005,0.0,0.0,always_reactive,0.695785
h=0.3/q0=0.4/p=0.5/r=1/sig=0/cf=1,A_core,0.3,0.4,0.5,1.0,0.0,1.0,1.0,wiki_A,native,always_compile_evict,6856240911.829,1.436089,4.9,27.2,29118.1,14423.3,0.0,27871.3,28797.0,0.01,14543.0,1731039205.75,always_reactive,0.695785
h=0.3/q0=0.4/p=0.5/r=1/sig=0/cf=1,A_core,0.3,0.4,0.5,1.0,0.0,1.0,1.0,wiki_A,native,ours_noinflate,4774243513.687,1.0,0.1,2.6,130.0,56.4,0.0,99.3,104.7,0.005,66.8,7093792.6,always_reactive,0.695785
h=0.3/q0=0.4/p=0.5/r=1/sig=0/cf=1,A_core,0.3,0.4,0.5,1.0,0.0,1.0,1.0,wiki_A,native,oracle_tax,4770560821.9,0.999229,0.0,0.3,1.0,0.3,0.0,0.4,0.9,0.005,0.7,74336.15,always_reactive,0.695785
h=0.3/q0=0.4/p=0.5/r=1/sig=0/cf=1,A_core,0.3,0.4,0.5,1.0,0.0,1.0,1.0,wiki_A,native,ours_spend_cap,4773237163.139,0.999789,0.1,2.2,78.3,30.5,0.0,52.7,61.2,0.005,41.9,4449549.55,always_reactive,0.695785
h=0.3/q0=0.4/p=0.5/r=1/sig=0/cf=1,A_core,0.3,0.4,0.5,1.0,0.0,1.0,1.0,wiki_A,native,ours_cap_epoch,4773453296.351,0.999834,0.1,2.4,93.3,37.8,0.0,65.7,73.7,0.005,49.1,5214149.95,always_reactive,0.695785
h=0.3/q0=0.4/p=0.5/r=1/sig=0/cf=1,A_core,0.3,0.4,0.5,1.0,0.0,1.0,1.0,wiki_A,native,ours_cap_realized,4774235857.806,0.999998,0.1,2.6,129.5,56.2,0.0,99.0,104.3,0.005,66.5,7061934.25,always_reactive,0.695785
h=0.3/q0=0.4/p=0.5/r=1/sig=0/cf=1,A_core,0.3,0.4,0.5,1.0,0.0,1.0,1.0,wiki_A,native,ours_pi_prior,4775865556.927,1.00034,0.0,3.2,204.7,90.8,0.0,167.9,162.9,0.005,100.8,10704405.6,always_reactive,0.695785
h=0.3/q0=0.4/p=0.5/r=1/sig=0/cf=1,A_core,0.3,0.4,0.5,1.0,0.0,1.0,1.0,wiki_A,native,breakeven,5125946682.36,1.073667,0.0,6.0,5136.4,2498.5,0.0,4793.9,4927.0,0.006,2559.6,294909867.45,always_reactive,0.695785
h=0.3/q0=0.4/p=0.5/r=1/sig=0/cf=1,A_core,0.3,0.4,0.5,1.0,0.0,1.0,1.0,wiki_A,native,breakeven_cap_epoch,4790455970.475,1.003396,0.0,4.6,372.5,139.0,0.0,258.1,307.1,0.005,187.0,20141252.75,always_reactive,0.695785
h=0.3/q0=0.4/p=0.5/r=1/sig=0/cf=1,A_core,0.3,0.4,0.5,1.0,0.0,1.0,1.0,wiki_A,native,offline_taxblind,4766402717.825,0.998358,,,,,,,,,,,always_reactive,0.695785
h=0.3/q0=0.4/p=0.5/r=1/sig=0/cf=1,A_core,0.3,0.4,0.5,1.0,0.0,1.0,1.0,wiki_A,native,offline_opt_tax,4768216798.244,0.998738,,,,,,,,,,,always_reactive,0.695785
h=0.3/q0=0.4/p=0.5/r=1/sig=0/cf=1,A_core,0.3,0.4,0.5,1.0,0.0,1.0,1.0,wiki_B,autorpa_233k,always_reactive,8991713899.193,1.0,0.0,0.0,0.0,0.0,0.0,0.0,0.0,0.004,0.0,0.0,always_reactive,0.752612
h=0.3/q0=0.4/p=0.5/r=1/sig=0/cf=1,A_core,0.3,0.4,0.5,1.0,0.0,1.0,1.0,wiki_B,autorpa_233k,always_compile_evict,11947336718.472,1.328705,57.7,69.6,14273.4,6323.2,0.0,12148.5,14182.6,0.036,7142.9,1664295700.0,always_reactive,0.752612
h=0.3/q0=0.4/p=0.5/r=1/sig=0/cf=1,A_core,0.3,0.4,0.5,1.0,0.0,1.0,1.0,wiki_B,autorpa_233k,ours_noinflate,8991713899.193,1.0,0.0,0.0,0.0,0.0,0.0,0.0,0.0,0.004,0.0,0.0,always_reactive,0.752612
h=0.3/q0=0.4/p=0.5/r=1/sig=0/cf=1,A_core,0.3,0.4,0.5,1.0,0.0,1.0,1.0,wiki_B,autorpa_233k,oracle_tax,8991713899.193,1.0,0.0,0.0,0.0,0.0,0.0,0.0,0.0,0.004,0.0,0.0,always_reactive,0.752612
h=0.3/q0=0.4/p=0.5/r=1/sig=0/cf=1,A_core,0.3,0.4,0.5,1.0,0.0,1.0,1.0,wiki_B,autorpa_233k,ours_spend_cap,8991713899.193,1.0,0.0,0.0,0.0,0.0,0.0,0.0,0.0,0.004,0.0,0.0,always_reactive,0.752612
h=0.3/q0=0.4/p=0.5/r=1/sig=0/cf=1,A_core,0.3,0.4,0.5,1.0,0.0,1.0,1.0,wiki_B,autorpa_233k,ours_cap_epoch,8991713899.193,1.0,0.0,0.0,0.0,0.0,0.0,0.0,0.0,0.004,0.0,0.0,always_reactive,0.752612
h=0.3/q0=0.4/p=0.5/r=1/sig=0/cf=1,A_core,0.3,0.4,0.5,1.0,0.0,1.0,1.0,wiki_B,autorpa_233k,ours_cap_realized,8991713899.193,1.0,0.0,0.0,0.0,0.0,0.0,0.0,0.0,0.004,0.0,0.0,always_reactive,0.752612
h=0.3/q0=0.4/p=0.5/r=1/sig=0/cf=1,A_core,0.3,0.4,0.5,1.0,0.0,1.0,1.0,wiki_B,autorpa_233k,ours_pi_prior,8991713899.193,1.0,0.0,0.0,0.0,0.0,0.0,0.0,0.0,0.004,0.0,0.0,always_reactive,0.752612
h=0.3/q0=0.4/p=0.5/r=1/sig=0/cf=1,A_core,0.3,0.4,0.5,1.0,0.0,1.0,1.0,wiki_B,autorpa_233k,breakeven,9211404356.109,1.024433,1.5,7.1,1166.6,440.9,0.0,842.4,1118.7,0.006,577.0,134441000.0,always_reactive,0.752612
h=0.3/q0=0.4/p=0.5/r=1/sig=0/cf=1,A_core,0.3,0.4,0.5,1.0,0.0,1.0,1.0,wiki_B,autorpa_233k,breakeven_cap_epoch,9073167929.719,1.009059,0.8,4.9,398.7,125.5,0.0,238.7,387.1,0.005,198.4,46227200.0,always_reactive,0.752612
h=0.3/q0=0.4/p=0.5/r=1/sig=0/cf=1,A_core,0.3,0.4,0.5,1.0,0.0,1.0,1.0,wiki_B,autorpa_233k,offline_taxblind,8991713899.192,1.0,,,,,,,,,,,always_reactive,0.752612
h=0.3/q0=0.4/p=0.5/r=1/sig=0/cf=1,A_core,0.3,0.4,0.5,1.0,0.0,1.0,1.0,wiki_B,autorpa_233k,offline_opt_tax,8991713899.192,1.0,,,,,,,,,,,always_reactive,0.752612
h=0.3/q0=0.4/p=0.5/r=1/sig=0/cf=1,A_core,0.3,0.4,0.5,1.0,0.0,1.0,1.0,wiki_B,native,always_reactive,8991713899.193,0.997977,0.0,0.0,0.0,0.0,0.0,0.0,0.0,0.004,0.0,0.0,always_reactive,0.898011
h=0.3/q0=0.4/p=0.5/r=1/sig=0/cf=1,A_core,0.3,0.4,0.5,1.0,0.0,1.0,1.0,wiki_B,native,always_compile_evict,10012920042.378,1.111319,30.0,45.6,14273.4,6323.2,0.0,12148.5,13856.3,0.027,7142.9,779560428.55,always_reactive,0.898011
h=0.3/q0=0.4/p=0.5/r=1/sig=0/cf=1,A_core,0.3,0.4,0.5,1.0,0.0,1.0,1.0,wiki_B,native,ours_noinflate,9009940951.81,1.0,0.8,4.9,452.3,170.2,0.0,324.8,373.8,0.005,229.6,24382257.2,always_reactive,0.898011
h=0.3/q0=0.4/p=0.5/r=1/sig=0/cf=1,A_core,0.3,0.4,0.5,1.0,0.0,1.0,1.0,wiki_B,native,oracle_tax,8991713899.193,0.997977,0.0,0.0,0.0,0.0,0.0,0.0,0.0,0.004,0.0,0.0,always_reactive,0.898011
h=0.3/q0=0.4/p=0.5/r=1/sig=0/cf=1,A_core,0.3,0.4,0.5,1.0,0.0,1.0,1.0,wiki_B,native,ours_spend_cap,9008666303.021,0.999859,0.5,4.7,400.5,150.0,0.0,284.0,325.1,0.005,200.0,21238900.0,always_reactive,0.898011
h=0.3/q0=0.4/p=0.5/r=1/sig=0/cf=1,A_core,0.3,0.4,0.5,1.0,0.0,1.0,1.0,wiki_B,native,ours_cap_epoch,9009101961.0,0.999907,0.6,4.9,429.2,162.0,0.0,308.0,351.6,0.005,216.0,22938012.0,always_reactive,0.898011
h=0.3/q0=0.4/p=0.5/r=1/sig=0/cf=1,A_core,0.3,0.4,0.5,1.0,0.0,1.0,1.0,wiki_B,native,ours_cap_realized,9009909093.46,0.999996,0.8,4.9,452.0,170.2,0.0,324.8,373.5,0.005,229.3,24350398.85,always_reactive,0.898011
h=0.3/q0=0.4/p=0.5/r=1/sig=0/cf=1,A_core,0.3,0.4,0.5,1.0,0.0,1.0,1.0,wiki_B,native,ours_pi_prior,9022526962.49,1.001397,1.9,5.8,740.5,287.6,0.0,543.0,632.0,0.005,375.9,39918512.55,always_reactive,0.898011
h=0.3/q0=0.4/p=0.5/r=1/sig=0/cf=1,A_core,0.3,0.4,0.5,1.0,0.0,1.0,1.0,wiki_B,native,breakeven,9120397260.255,1.012259,2.2,8.2,1876.0,601.8,0.0,1146.0,1710.4,0.006,930.8,101512467.85,always_reactive,0.898011
h=0.3/q0=0.4/p=0.5/r=1/sig=0/cf=1,A_core,0.3,0.4,0.5,1.0,0.0,1.0,1.0,wiki_B,native,breakeven_cap_epoch,9071268689.875,1.006807,1.8,6.5,1109.8,299.8,0.0,569.6,1011.4,0.005,551.6,59610345.7,always_reactive,0.898011
h=0.3/q0=0.4/p=0.5/r=1/sig=0/cf=1,A_core,0.3,0.4,0.5,1.0,0.0,1.0,1.0,wiki_B,native,offline_taxblind,8989129343.8,0.99769,,,,,,,,,,,always_reactive,0.898011
h=0.3/q0=0.4/p=0.5/r=1/sig=0/cf=1,A_core,0.3,0.4,0.5,1.0,0.0,1.0,1.0,wiki_B,native,offline_opt_tax,8990831701.26,0.997879,,,,,,,,,,,always_reactive,0.898011
h=0.3/q0=0.4/p=0/r=1/sig=0/cf=11.0877,A_core,0.3,0.4,0.0,1.0,0.0,1.0,11.087667012373094,bpi2019,autorpa_233k,always_reactive,26858149732.486,1.0,0.0,0.0,0.0,0.0,0.0,0.0,0.0,0.003,0.0,0.0,always_reactive,0.042054
h=0.3/q0=0.4/p=0/r=1/sig=0/cf=11.0877,A_core,0.3,0.4,0.0,1.0,0.0,1.0,11.087667012373094,bpi2019,autorpa_233k,always_compile_evict,638660026217.309,23.779003,0.0,0.0,236818.0,0.0,0.0,0.0,236818.0,0.0,236818.0,611801876482.757,always_reactive,0.042054
h=0.3/q0=0.4/p=0/r=1/sig=0/cf=11.0877,A_core,0.3,0.4,0.0,1.0,0.0,1.0,11.087667012373094,bpi2019,autorpa_233k,ours_noinflate,26858149732.486,1.0,0.0,0.0,0.0,0.0,0.0,0.0,0.0,0.003,0.0,0.0,always_reactive,0.042054
h=0.3/q0=0.4/p=0/r=1/sig=0/cf=11.0877,A_core,0.3,0.4,0.0,1.0,0.0,1.0,11.087667012373094,bpi2019,autorpa_233k,oracle_tax,26858149732.486,1.0,0.0,0.0,0.0,0.0,0.0,0.0,0.0,0.003,0.0,0.0,always_reactive,0.042054
h=0.3/q0=0.4/p=0/r=1/sig=0/cf=11.0877,A_core,0.3,0.4,0.0,1.0,0.0,1.0,11.087667012373094,bpi2019,autorpa_233k,ours_spend_cap,26858149732.486,1.0,0.0,0.0,0.0,0.0,0.0,0.0,0.0,0.003,0.0,0.0,always_reactive,0.042054
h=0.3/q0=0.4/p=0/r=1/sig=0/cf=11.0877,A_core,0.3,0.4,0.0,1.0,0.0,1.0,11.087667012373094,bpi2019,autorpa_233k,ours_cap_epoch,26858149732.486,1.0,0.0,0.0,0.0,0.0,0.0,0.0,0.0,0.003,0.0,0.0,always_reactive,0.042054
h=0.3/q0=0.4/p=0/r=1/sig=0/cf=11.0877,A_core,0.3,0.4,0.0,1.0,0.0,1.0,11.087667012373094,bpi2019,autorpa_233k,ours_cap_realized,26858149732.486,1.0,0.0,0.0,0.0,0.0,0.0,0.0,0.0,0.003,0.0,0.0,always_reactive,0.042054
h=0.3/q0=0.4/p=0/r=1/sig=0/cf=11.0877,A_core,0.3,0.4,0.0,1.0,0.0,1.0,11.087667012373094,bpi2019,autorpa_233k,ours_pi_prior,26858149732.486,1.0,0.0,0.0,0.0,0.0,0.0,0.0,0.0,0.003,0.0,0.0,always_reactive,0.042054
h=0.3/q0=0.4/p=0/r=1/sig=0/cf=11.0877,A_core,0.3,0.4,0.0,1.0,0.0,1.0,11.087667012373094,bpi2019,autorpa_233k,breakeven,140859590524.049,5.244575,0.0,0.0,44128.0,0.0,0.0,0.0,44128.0,0.001,44128.0,114001440791.829,always_reactive,0.042054
h=0.3/q0=0.4/p=0/r=1/sig=0/cf=11.0877,A_core,0.3,0.4,0.0,1.0,0.0,1.0,11.087667012373094,bpi2019,autorpa_233k,breakeven_cap_epoch,28082693852.668,1.045593,0.0,0.0,474.0,0.0,0.0,0.0,474.0,0.003,474.0,1224544120.181,always_reactive,0.042054
h=0.3/q0=0.4/p=0/r=1/sig=0/cf=11.0877,A_core,0.3,0.4,0.0,1.0,0.0,1.0,11.087667012373094,bpi2019,autorpa_233k,offline_taxblind,26858149732.495,1.0,,,,,,,,,,,always_reactive,0.042054
h=0.3/q0=0.4/p=0/r=1/sig=0/cf=11.0877,A_core,0.3,0.4,0.0,1.0,0.0,1.0,11.087667012373094,bpi2019,autorpa_233k,offline_opt_tax,26858149732.495,1.0,,,,,,,,,,,always_reactive,0.042054
h=0.3/q0=0.4/p=0/r=1/sig=0/cf=11.0877,A_core,0.3,0.4,0.0,1.0,0.0,1.0,11.087667012373094,bpi2019,native,always_reactive,26858149732.486,0.983953,0.0,0.0,0.0,0.0,0.0,0.0,0.0,0.003,0.0,0.0,always_reactive,0.090199
h=0.3/q0=0.4/p=0/r=1/sig=0/cf=11.0877,A_core,0.3,0.4,0.0,1.0,0.0,1.0,11.087667012373094,bpi2019,native,always_compile_evict,297766090738.087,10.908717,0.0,0.0,236818.0,0.0,0.0,0.0,236818.0,0.0,236818.0,270907941005.199,always_reactive,0.090199
h=0.3/q0=0.4/p=0/r=1/sig=0/cf=11.0877,A_core,0.3,0.4,0.0,1.0,0.0,1.0,11.087667012373094,bpi2019,native,ours_noinflate,27296160855.178,1.0,0.0,0.0,372.0,0.0,0.0,0.0,372.0,0.003,372.0,438011122.691,always_reactive,0.090199
h=0.3/q0=0.4/p=0/r=1/sig=0/cf=11.0877,A_core,0.3,0.4,0.0,1.0,0.0,1.0,11.087667012373094,bpi2019,native,oracle_tax,26858149732.486,0.983953,0.0,0.0,0.0,0.0,0.0,0.0,0.0,0.003,0.0,0.0,always_reactive,0.090199
h=0.3/q0=0.4/p=0/r=1/sig=0/cf=11.0877,A_core,0.3,0.4,0.0,1.0,0.0,1.0,11.087667012373094,bpi2019,native,ours_spend_cap,27296160855.178,1.0,0.0,0.0,372.0,0.0,0.0,0.0,372.0,0.003,372.0,438011122.691,always_reactive,0.090199
h=0.3/q0=0.4/p=0/r=1/sig=0/cf=11.0877,A_core,0.3,0.4,0.0,1.0,0.0,1.0,11.087667012373094,bpi2019,native,ours_cap_epoch,27296160855.178,1.0,0.0,0.0,372.0,0.0,0.0,0.0,372.0,0.003,372.0,438011122.691,always_reactive,0.090199
h=0.3/q0=0.4/p=0/r=1/sig=0/cf=11.0877,A_core,0.3,0.4,0.0,1.0,0.0,1.0,11.087667012373094,bpi2019,native,ours_cap_realized,27296160855.178,1.0,0.0,0.0,372.0,0.0,0.0,0.0,372.0,0.003,372.0,438011122.691,always_reactive,0.090199
h=0.3/q0=0.4/p=0/r=1/sig=0/cf=11.0877,A_core,0.3,0.4,0.0,1.0,0.0,1.0,11.087667012373094,bpi2019,native,ours_pi_prior,27346791173.124,1.001855,0.0,0.0,415.0,0.0,0.0,0.0,415.0,0.003,415.0,488641440.636,always_reactive,0.090199
h=0.3/q0=0.4/p=0/r=1/sig=0/cf=11.0877,A_core,0.3,0.4,0.0,1.0,0.0,1.0,11.087667012373094,bpi2019,native,breakeven,142429199961.277,5.217921,0.0,0.0,98017.0,0.0,0.0,0.0,98017.0,0.001,98017.0,115571050228.817,always_reactive,0.090199
h=0.3/q0=0.4/p=0/r=1/sig=0/cf=11.0877,A_core,0.3,0.4,0.0,1.0,0.0,1.0,11.087667012373094,bpi2019,native,breakeven_cap_epoch,27806548648.003,1.018698,0.0,0.0,787.0,0.0,0.0,0.0,787.0,0.003,787.0,948398915.515,always_reactive,0.090199
h=0.3/q0=0.4/p=0/r=1/sig=0/cf=11.0877,A_core,0.3,0.4,0.0,1.0,0.0,1.0,11.087667012373094,bpi2019,native,offline_taxblind,26858149732.495,0.983953,,,,,,,,,,,always_reactive,0.090199
h=0.3/q0=0.4/p=0/r=1/sig=0/cf=11.0877,A_core,0.3,0.4,0.0,1.0,0.0,1.0,11.087667012373094,bpi2019,native,offline_opt_tax,26858149732.495,0.983953,,,,,,,,,,,always_reactive,0.090199
h=0.3/q0=0.4/p=0/r=1/sig=0/cf=11.0877,A_core,0.3,0.4,0.0,1.0,0.0,1.0,11.087667012373094,sepsis,autorpa_233k,always_reactive,93787502.059,1.0,0.0,0.0,0.0,0.0,0.0,0.0,0.0,0.004,0.0,0.0,always_reactive,0.203605
h=0.3/q0=0.4/p=0/r=1/sig=0/cf=11.0877,A_core,0.3,0.4,0.0,1.0,0.0,1.0,11.087667012373094,sepsis,autorpa_233k,always_compile_evict,460634052.831,4.911465,0.0,0.0,142.0,0.0,0.0,0.0,142.0,0.001,142.0,366846550.771,always_reactive,0.203605
h=0.3/q0=0.4/p=0/r=1/sig=0/cf=11.0877,A_core,0.3,0.4,0.0,1.0,0.0,1.0,11.087667012373094,sepsis,autorpa_233k,ours_noinflate,93787502.059,1.0,0.0,0.0,0.0,0.0,0.0,0.0,0.0,0.004,0.0,0.0,always_reactive,0.203605
h=0.3/q0=0.4/p=0/r=1/sig=0/cf=11.0877,A_core,0.3,0.4,0.0,1.0,0.0,1.0,11.087667012373094,sepsis,autorpa_233k,oracle_tax,93787502.059,1.0,0.0,0.0,0.0,0.0,0.0,0.0,0.0,0.004,0.0,0.0,always_reactive,0.203605
h=0.3/q0=0.4/p=0/r=1/sig=0/cf=11.0877,A_core,0.3,0.4,0.0,1.0,0.0,1.0,11.087667012373094,sepsis,autorpa_233k,ours_spend_cap,93787502.059,1.0,0.0,0.0,0.0,0.0,0.0,0.0,0.0,0.004,0.0,0.0,always_reactive,0.203605
h=0.3/q0=0.4/p=0/r=1/sig=0/cf=11.0877,A_core,0.3,0.4,0.0,1.0,0.0,1.0,11.087667012373094,sepsis,autorpa_233k,ours_cap_epoch,93787502.059,1.0,0.0,0.0,0.0,0.0,0.0,0.0,0.0,0.004,0.0,0.0,always_reactive,0.203605
h=0.3/q0=0.4/p=0/r=1/sig=0/cf=11.0877,A_core,0.3,0.4,0.0,1.0,0.0,1.0,11.087667012373094,sepsis,autorpa_233k,ours_cap_realized,93787502.059,1.0,0.0,0.0,0.0,0.0,0.0,0.0,0.0,0.004,0.0,0.0,always_reactive,0.203605
h=0.3/q0=0.4/p=0/r=1/sig=0/cf=11.0877,A_core,0.3,0.4,0.0,1.0,0.0,1.0,11.087667012373094,sepsis,autorpa_233k,ours_pi_prior,93787502.059,1.0,0.0,0.0,0.0,0.0,0.0,0.0,0.0,0.004,0.0,0.0,always_reactive,0.203605
h=0.3/q0=0.4/p=0/r=1/sig=0/cf=11.0877,A_core,0.3,0.4,0.0,1.0,0.0,1.0,11.087667012373094,sepsis,autorpa_233k,breakeven,109288060.543,1.165273,0.0,0.0,6.0,0.0,0.0,0.0,6.0,0.004,6.0,15500558.483,always_reactive,0.203605
h=0.3/q0=0.4/p=0/r=1/sig=0/cf=11.0877,A_core,0.3,0.4,0.0,1.0,0.0,1.0,11.087667012373094,sepsis,autorpa_233k,breakeven_cap_epoch,104121207.715,1.110182,0.0,0.0,4.0,0.0,0.0,0.0,4.0,0.004,4.0,10333705.656,always_reactive,0.203605
h=0.3/q0=0.4/p=0/r=1/sig=0/cf=11.0877,A_core,0.3,0.4,0.0,1.0,0.0,1.0,11.087667012373094,sepsis,autorpa_233k,offline_taxblind,93787502.059,1.0,,,,,,,,,,,always_reactive,0.203605
h=0.3/q0=0.4/p=0/r=1/sig=0/cf=11.0877,A_core,0.3,0.4,0.0,1.0,0.0,1.0,11.087667012373094,sepsis,autorpa_233k,offline_opt_tax,93787502.059,1.0,,,,,,,,,,,always_reactive,0.203605
h=0.3/q0=0.4/p=0/r=1/sig=0/cf=11.0877,A_core,0.3,0.4,0.0,1.0,0.0,1.0,11.087667012373094,sepsis,native,always_reactive,93787502.059,1.0,0.0,0.0,0.0,0.0,0.0,0.0,0.0,0.004,0.0,0.0,always_reactive,0.333198
h=0.3/q0=0.4/p=0/r=1/sig=0/cf=11.0877,A_core,0.3,0.4,0.0,1.0,0.0,1.0,11.087667012373094,sepsis,native,always_compile_evict,281477051.151,3.001221,0.0,0.0,142.0,0.0,0.0,0.0,142.0,0.001,142.0,187689549.092,always_reactive,0.333198
h=0.3/q0=0.4/p=0/r=1/sig=0/cf=11.0877,A_core,0.3,0.4,0.0,1.0,0.0,1.0,11.087667012373094,sepsis,native,ours_noinflate,93787502.059,1.0,0.0,0.0,0.0,0.0,0.0,0.0,0.0,0.004,0.0,0.0,always_reactive,0.333198
h=0.3/q0=0.4/p=0/r=1/sig=0/cf=11.0877,A_core,0.3,0.4,0.0,1.0,0.0,1.0,11.087667012373094,sepsis,native,oracle_tax,93787502.059,1.0,0.0,0.0,0.0,0.0,0.0,0.0,0.0,0.004,0.0,0.0,always_reactive,0.333198
h=0.3/q0=0.4/p=0/r=1/sig=0/cf=11.0877,A_core,0.3,0.4,0.0,1.0,0.0,1.0,11.087667012373094,sepsis,native,ours_spend_cap,93787502.059,1.0,0.0,0.0,0.0,0.0,0.0,0.0,0.0,0.004,0.0,0.0,always_reactive,0.333198
h=0.3/q0=0.4/p=0/r=1/sig=0/cf=11.0877,A_core,0.3,0.4,0.0,1.0,0.0,1.0,11.087667012373094,sepsis,native,ours_cap_epoch,93787502.059,1.0,0.0,0.0,0.0,0.0,0.0,0.0,0.0,0.004,0.0,0.0,always_reactive,0.333198
h=0.3/q0=0.4/p=0/r=1/sig=0/cf=11.0877,A_core,0.3,0.4,0.0,1.0,0.0,1.0,11.087667012373094,sepsis,native,ours_cap_realized,93787502.059,1.0,0.0,0.0,0.0,0.0,0.0,0.0,0.0,0.004,0.0,0.0,always_reactive,0.333198
h=0.3/q0=0.4/p=0/r=1/sig=0/cf=11.0877,A_core,0.3,0.4,0.0,1.0,0.0,1.0,11.087667012373094,sepsis,native,ours_pi_prior,98497299.078,1.050218,0.0,0.0,4.0,0.0,0.0,0.0,4.0,0.004,4.0,4709797.018,always_reactive,0.333198
h=0.3/q0=0.4/p=0/r=1/sig=0/cf=11.0877,A_core,0.3,0.4,0.0,1.0,0.0,1.0,11.087667012373094,sepsis,native,breakeven,126569326.067,1.349533,0.0,0.0,25.0,0.0,0.0,0.0,25.0,0.003,25.0,32781824.008,always_reactive,0.333198
h=0.3/q0=0.4/p=0/r=1/sig=0/cf=11.0877,A_core,0.3,0.4,0.0,1.0,0.0,1.0,11.087667012373094,sepsis,native,breakeven_cap_epoch,105220943.511,1.121908,0.0,0.0,9.0,0.0,0.0,0.0,9.0,0.004,9.0,11433441.452,always_reactive,0.333198
h=0.3/q0=0.4/p=0/r=1/sig=0/cf=11.0877,A_core,0.3,0.4,0.0,1.0,0.0,1.0,11.087667012373094,sepsis,native,offline_taxblind,93787502.059,1.0,,,,,,,,,,,always_reactive,0.333198
h=0.3/q0=0.4/p=0/r=1/sig=0/cf=11.0877,A_core,0.3,0.4,0.0,1.0,0.0,1.0,11.087667012373094,sepsis,native,offline_opt_tax,93787502.059,1.0,,,,,,,,,,,always_reactive,0.333198
h=0.3/q0=0.4/p=0/r=1/sig=0/cf=11.0877,A_core,0.3,0.4,0.0,1.0,0.0,1.0,11.087667012373094,wiki_A,autorpa_233k,always_reactive,4770469730.199,1.0,0.0,0.0,0.0,0.0,0.0,0.0,0.0,0.005,0.0,0.0,always_reactive,0.028669
h=0.3/q0=0.4/p=0/r=1/sig=0/cf=11.0877,A_core,0.3,0.4,0.0,1.0,0.0,1.0,11.087667012373094,wiki_A,autorpa_233k,always_compile_evict,166397376461.779,34.880711,0.0,0.0,62563.0,0.0,0.0,0.0,62563.0,0.0,62563.0,161626906731.718,always_reactive,0.028669
h=0.3/q0=0.4/p=0/r=1/sig=0/cf=11.0877,A_core,0.3,0.4,0.0,1.0,0.0,1.0,11.087667012373094,wiki_A,autorpa_233k,ours_noinflate,4770469730.199,1.0,0.0,0.0,0.0,0.0,0.0,0.0,0.0,0.005,0.0,0.0,always_reactive,0.028669
h=0.3/q0=0.4/p=0/r=1/sig=0/cf=11.0877,A_core,0.3,0.4,0.0,1.0,0.0,1.0,11.087667012373094,wiki_A,autorpa_233k,oracle_tax,4770469730.199,1.0,0.0,0.0,0.0,0.0,0.0,0.0,0.0,0.005,0.0,0.0,always_reactive,0.028669
h=0.3/q0=0.4/p=0/r=1/sig=0/cf=11.0877,A_core,0.3,0.4,0.0,1.0,0.0,1.0,11.087667012373094,wiki_A,autorpa_233k,ours_spend_cap,4770469730.199,1.0,0.0,0.0,0.0,0.0,0.0,0.0,0.0,0.005,0.0,0.0,always_reactive,0.028669
h=0.3/q0=0.4/p=0/r=1/sig=0/cf=11.0877,A_core,0.3,0.4,0.0,1.0,0.0,1.0,11.087667012373094,wiki_A,autorpa_233k,ours_cap_epoch,4770469730.199,1.0,0.0,0.0,0.0,0.0,0.0,0.0,0.0,0.005,0.0,0.0,always_reactive,0.028669
h=0.3/q0=0.4/p=0/r=1/sig=0/cf=11.0877,A_core,0.3,0.4,0.0,1.0,0.0,1.0,11.087667012373094,wiki_A,autorpa_233k,ours_cap_realized,4770469730.199,1.0,0.0,0.0,0.0,0.0,0.0,0.0,0.0,0.005,0.0,0.0,always_reactive,0.028669
h=0.3/q0=0.4/p=0/r=1/sig=0/cf=11.0877,A_core,0.3,0.4,0.0,1.0,0.0,1.0,11.087667012373094,wiki_A,autorpa_233k,ours_pi_prior,4770469730.199,1.0,0.0,0.0,0.0,0.0,0.0,0.0,0.0,0.005,0.0,0.0,always_reactive,0.028669
h=0.3/q0=0.4/p=0/r=1/sig=0/cf=11.0877,A_core,0.3,0.4,0.0,1.0,0.0,1.0,11.087667012373094,wiki_A,autorpa_233k,breakeven,24719688498.201,5.181814,0.0,0.0,7722.0,0.0,0.0,0.0,7722.0,0.001,7722.0,19949218768.004,always_reactive,0.028669
h=0.3/q0=0.4/p=0/r=1/sig=0/cf=11.0877,A_core,0.3,0.4,0.0,1.0,0.0,1.0,11.087667012373094,wiki_A,autorpa_233k,breakeven_cap_epoch,5013311813.104,1.050905,0.0,0.0,94.0,0.0,0.0,0.0,94.0,0.005,94.0,242842082.905,always_reactive,0.028669
h=0.3/q0=0.4/p=0/r=1/sig=0/cf=11.0877,A_core,0.3,0.4,0.0,1.0,0.0,1.0,11.087667012373094,wiki_A,autorpa_233k,offline_taxblind,4770469730.199,1.0,,,,,,,,,,,always_reactive,0.028669
h=0.3/q0=0.4/p=0/r=1/sig=0/cf=11.0877,A_core,0.3,0.4,0.0,1.0,0.0,1.0,11.087667012373094,wiki_A,autorpa_233k,offline_opt_tax,4770469730.199,1.0,,,,,,,,,,,always_reactive,0.028669
h=0.3/q0=0.4/p=0/r=1/sig=0/cf=11.0877,A_core,0.3,0.4,0.0,1.0,0.0,1.0,11.087667012373094,wiki_A,native,always_reactive,4770469730.199,0.990224,0.0,0.0,0.0,0.0,0.0,0.0,0.0,0.005,0.0,0.0,always_reactive,0.054581
h=0.3/q0=0.4/p=0/r=1/sig=0/cf=11.0877,A_core,0.3,0.4,0.0,1.0,0.0,1.0,11.087667012373094,wiki_A,native,always_compile_evict,87402252127.177,18.142402,0.0,0.0,62563.0,0.0,0.0,0.0,62563.0,0.0,62563.0,82631782397.03,always_reactive,0.054581
h=0.3/q0=0.4/p=0/r=1/sig=0/cf=11.0877,A_core,0.3,0.4,0.0,1.0,0.0,1.0,11.087667012373094,wiki_A,native,ours_noinflate,4817567700.381,1.0,0.0,0.0,40.0,0.0,0.0,0.0,40.0,0.005,40.0,47097970.182,always_reactive,0.054581
h=0.3/q0=0.4/p=0/r=1/sig=0/cf=11.0877,A_core,0.3,0.4,0.0,1.0,0.0,1.0,11.087667012373094,wiki_A,native,oracle_tax,4770469730.199,0.990224,0.0,0.0,0.0,0.0,0.0,0.0,0.0,0.005,0.0,0.0,always_reactive,0.054581
h=0.3/q0=0.4/p=0/r=1/sig=0/cf=11.0877,A_core,0.3,0.4,0.0,1.0,0.0,1.0,11.087667012373094,wiki_A,native,ours_spend_cap,4817567700.381,1.0,0.0,0.0,40.0,0.0,0.0,0.0,40.0,0.005,40.0,47097970.182,always_reactive,0.054581
h=0.3/q0=0.4/p=0/r=1/sig=0/cf=11.0877,A_core,0.3,0.4,0.0,1.0,0.0,1.0,11.087667012373094,wiki_A,native,ours_cap_epoch,4817567700.381,1.0,0.0,0.0,40.0,0.0,0.0,0.0,40.0,0.005,40.0,47097970.182,always_reactive,0.054581
h=0.3/q0=0.4/p=0/r=1/sig=0/cf=11.0877,A_core,0.3,0.4,0.0,1.0,0.0,1.0,11.087667012373094,wiki_A,native,ours_cap_realized,4817567700.381,1.0,0.0,0.0,40.0,0.0,0.0,0.0,40.0,0.005,40.0,47097970.182,always_reactive,0.054581
h=0.3/q0=0.4/p=0/r=1/sig=0/cf=11.0877,A_core,0.3,0.4,0.0,1.0,0.0,1.0,11.087667012373094,wiki_A,native,ours_pi_prior,4844649033.235,1.005621,0.0,0.0,63.0,0.0,0.0,0.0,63.0,0.005,63.0,74179303.036,always_reactive,0.054581
h=0.3/q0=0.4/p=0/r=1/sig=0/cf=11.0877,A_core,0.3,0.4,0.0,1.0,0.0,1.0,11.087667012373094,wiki_A,native,breakeven,25021666265.047,5.193838,0.0,0.0,15575.0,0.0,0.0,0.0,15575.0,0.001,15575.0,20251196534.852,always_reactive,0.054581
h=0.3/q0=0.4/p=0/r=1/sig=0/cf=11.0877,A_core,0.3,0.4,0.0,1.0,0.0,1.0,11.087667012373094,wiki_A,native,breakeven_cap_epoch,4946141113.087,1.026688,0.0,0.0,146.0,0.0,0.0,0.0,146.0,0.005,146.0,175671382.888,always_reactive,0.054581
h=0.3/q0=0.4/p=0/r=1/sig=0/cf=11.0877,A_core,0.3,0.4,0.0,1.0,0.0,1.0,11.087667012373094,wiki_A,native,offline_taxblind,4770469730.199,0.990224,,,,,,,,,,,always_reactive,0.054581
h=0.3/q0=0.4/p=0/r=1/sig=0/cf=11.0877,A_core,0.3,0.4,0.0,1.0,0.0,1.0,11.087667012373094,wiki_A,native,offline_opt_tax,4770469730.199,0.990224,,,,,,,,,,,always_reactive,0.054581
h=0.3/q0=0.4/p=0/r=1/sig=0/cf=11.0877,A_core,0.3,0.4,0.0,1.0,0.0,1.0,11.087667012373094,wiki_B,autorpa_233k,always_reactive,8991713899.193,1.0,0.0,0.0,0.0,0.0,0.0,0.0,0.0,0.004,0.0,0.0,always_reactive,0.110187
h=0.3/q0=0.4/p=0/r=1/sig=0/cf=11.0877,A_core,0.3,0.4,0.0,1.0,0.0,1.0,11.087667012373094,wiki_B,autorpa_233k,always_compile_evict,81604080114.056,9.075476,0.0,0.0,28107.0,0.0,0.0,0.0,28107.0,0.0,28107.0,72612366215.008,always_reactive,0.110187
h=0.3/q0=0.4/p=0/r=1/sig=0/cf=11.0877,A_core,0.3,0.4,0.0,1.0,0.0,1.0,11.087667012373094,wiki_B,autorpa_233k,ours_noinflate,8991713899.193,1.0,0.0,0.0,0.0,0.0,0.0,0.0,0.0,0.004,0.0,0.0,always_reactive,0.110187
h=0.3/q0=0.4/p=0/r=1/sig=0/cf=11.0877,A_core,0.3,0.4,0.0,1.0,0.0,1.0,11.087667012373094,wiki_B,autorpa_233k,oracle_tax,8991713899.193,1.0,0.0,0.0,0.0,0.0,0.0,0.0,0.0,0.004,0.0,0.0,always_reactive,0.110187
h=0.3/q0=0.4/p=0/r=1/sig=0/cf=11.0877,A_core,0.3,0.4,0.0,1.0,0.0,1.0,11.087667012373094,wiki_B,autorpa_233k,ours_spend_cap,8991713899.193,1.0,0.0,0.0,0.0,0.0,0.0,0.0,0.0,0.004,0.0,0.0,always_reactive,0.110187
h=0.3/q0=0.4/p=0/r=1/sig=0/cf=11.0877,A_core,0.3,0.4,0.0,1.0,0.0,1.0,11.087667012373094,wiki_B,autorpa_233k,ours_cap_epoch,8991713899.193,1.0,0.0,0.0,0.0,0.0,0.0,0.0,0.0,0.004,0.0,0.0,always_reactive,0.110187
h=0.3/q0=0.4/p=0/r=1/sig=0/cf=11.0877,A_core,0.3,0.4,0.0,1.0,0.0,1.0,11.087667012373094,wiki_B,autorpa_233k,ours_cap_realized,8991713899.193,1.0,0.0,0.0,0.0,0.0,0.0,0.0,0.0,0.004,0.0,0.0,always_reactive,0.110187
h=0.3/q0=0.4/p=0/r=1/sig=0/cf=11.0877,A_core,0.3,0.4,0.0,1.0,0.0,1.0,11.087667012373094,wiki_B,autorpa_233k,ours_pi_prior,8991713899.193,1.0,0.0,0.0,0.0,0.0,0.0,0.0,0.0,0.004,0.0,0.0,always_reactive,0.110187
h=0.3/q0=0.4/p=0/r=1/sig=0/cf=11.0877,A_core,0.3,0.4,0.0,1.0,0.0,1.0,11.087667012373094,wiki_B,autorpa_233k,breakeven,17754696295.063,1.974562,0.0,0.0,3392.0,0.0,0.0,0.0,3392.0,0.002,3392.0,8762982395.891,always_reactive,0.110187
h=0.3/q0=0.4/p=0/r=1/sig=0/cf=11.0877,A_core,0.3,0.4,0.0,1.0,0.0,1.0,11.087667012373094,wiki_B,autorpa_233k,breakeven_cap_epoch,9805493219.562,1.090503,0.0,0.0,315.0,0.0,0.0,0.0,315.0,0.004,315.0,813779320.373,always_reactive,0.110187
h=0.3/q0=0.4/p=0/r=1/sig=0/cf=11.0877,A_core,0.3,0.4,0.0,1.0,0.0,1.0,11.087667012373094,wiki_B,autorpa_233k,offline_taxblind,8991713899.192,1.0,,,,,,,,,,,always_reactive,0.110187
h=0.3/q0=0.4/p=0/r=1/sig=0/cf=11.0877,A_core,0.3,0.4,0.0,1.0,0.0,1.0,11.087667012373094,wiki_B,autorpa_233k,offline_opt_tax,8991713899.192,1.0,,,,,,,,,,,always_reactive,0.110187
h=0.3/q0=0.4/p=0/r=1/sig=0/cf=11.0877,A_core,0.3,0.4,0.0,1.0,0.0,1.0,11.087667012373094,wiki_B,native,always_reactive,8991713899.193,0.971503,0.0,0.0,0.0,0.0,0.0,0.0,0.0,0.004,0.0,0.0,always_reactive,0.208748
h=0.3/q0=0.4/p=0/r=1/sig=0/cf=11.0877,A_core,0.3,0.4,0.0,1.0,0.0,1.0,11.087667012373094,wiki_B,native,always_compile_evict,43074484523.997,4.653953,0.0,0.0,28107.0,0.0,0.0,0.0,28107.0,0.001,28107.0,34082770624.823,always_reactive,0.208748
h=0.3/q0=0.4/p=0/r=1/sig=0/cf=11.0877,A_core,0.3,0.4,0.0,1.0,0.0,1.0,11.087667012373094,wiki_B,native,ours_noinflate,9255462532.209,1.0,0.0,0.0,224.0,0.0,0.0,0.0,224.0,0.004,224.0,263748633.018,always_reactive,0.208748
h=0.3/q0=0.4/p=0/r=1/sig=0/cf=11.0877,A_core,0.3,0.4,0.0,1.0,0.0,1.0,11.087667012373094,wiki_B,native,oracle_tax,8991713899.193,0.971503,0.0,0.0,0.0,0.0,0.0,0.0,0.0,0.004,0.0,0.0,always_reactive,0.208748
h=0.3/q0=0.4/p=0/r=1/sig=0/cf=11.0877,A_core,0.3,0.4,0.0,1.0,0.0,1.0,11.087667012373094,wiki_B,native,ours_spend_cap,9255462532.209,1.0,0.0,0.0,224.0,0.0,0.0,0.0,224.0,0.004,224.0,263748633.018,always_reactive,0.208748
h=0.3/q0=0.4/p=0/r=1/sig=0/cf=11.0877,A_core,0.3,0.4,0.0,1.0,0.0,1.0,11.087667012373094,wiki_B,native,ours_cap_epoch,9255462532.209,1.0,0.0,0.0,224.0,0.0,0.0,0.0,224.0,0.004,224.0,263748633.018,always_reactive,0.208748
h=0.3/q0=0.4/p=0/r=1/sig=0/cf=11.0877,A_core,0.3,0.4,0.0,1.0,0.0,1.0,11.087667012373094,wiki_B,native,ours_cap_realized,9255462532.209,1.0,0.0,0.0,224.0,0.0,0.0,0.0,224.0,0.004,224.0,263748633.018,always_reactive,0.208748
h=0.3/q0=0.4/p=0/r=1/sig=0/cf=11.0877,A_core,0.3,0.4,0.0,1.0,0.0,1.0,11.087667012373094,wiki_B,native,ours_pi_prior,9380272153.191,1.013485,0.0,0.0,330.0,0.0,0.0,0.0,330.0,0.004,330.0,388558254.0,always_reactive,0.208748
h=0.3/q0=0.4/p=0/r=1/sig=0/cf=11.0877,A_core,0.3,0.4,0.0,1.0,0.0,1.0,11.087667012373094,wiki_B,native,breakeven,18910543569.933,2.043177,0.0,0.0,8153.0,0.0,0.0,0.0,8153.0,0.002,8153.0,9918829670.76,always_reactive,0.208748
h=0.3/q0=0.4/p=0/r=1/sig=0/cf=11.0877,A_core,0.3,0.4,0.0,1.0,0.0,1.0,11.087667012373094,wiki_B,native,breakeven_cap_epoch,9715902109.273,1.049748,0.0,0.0,598.0,0.0,0.0,0.0,598.0,0.004,598.0,724188210.084,always_reactive,0.208748
h=0.3/q0=0.4/p=0/r=1/sig=0/cf=11.0877,A_core,0.3,0.4,0.0,1.0,0.0,1.0,11.087667012373094,wiki_B,native,offline_taxblind,8991713899.192,0.971503,,,,,,,,,,,always_reactive,0.208748
h=0.3/q0=0.4/p=0/r=1/sig=0/cf=11.0877,A_core,0.3,0.4,0.0,1.0,0.0,1.0,11.087667012373094,wiki_B,native,offline_opt_tax,8991713899.192,0.971503,,,,,,,,,,,always_reactive,0.208748
h=0.3/q0=0.4/p=0/r=1/sig=0/cf=1,A_core,0.3,0.4,0.0,1.0,0.0,1.0,1.0,bpi2019,autorpa_233k,always_reactive,26858149732.486,1.0,0.0,0.0,0.0,0.0,0.0,0.0,0.0,0.003,0.0,0.0,always_reactive,0.327392
h=0.3/q0=0.4/p=0/r=1/sig=0/cf=1,A_core,0.3,0.4,0.0,1.0,0.0,1.0,1.0,bpi2019,autorpa_233k,always_compile_evict,82036743732.254,3.054445,0.0,0.0,236818.0,0.0,0.0,0.0,236818.0,0.001,236818.0,55178594000.0,always_reactive,0.327392
h=0.3/q0=0.4/p=0/r=1/sig=0/cf=1,A_core,0.3,0.4,0.0,1.0,0.0,1.0,1.0,bpi2019,autorpa_233k,ours_noinflate,26858149732.486,1.0,0.0,0.0,0.0,0.0,0.0,0.0,0.0,0.003,0.0,0.0,always_reactive,0.327392
h=0.3/q0=0.4/p=0/r=1/sig=0/cf=1,A_core,0.3,0.4,0.0,1.0,0.0,1.0,1.0,bpi2019,autorpa_233k,oracle_tax,26858149732.486,1.0,0.0,0.0,0.0,0.0,0.0,0.0,0.0,0.003,0.0,0.0,always_reactive,0.327392
h=0.3/q0=0.4/p=0/r=1/sig=0/cf=1,A_core,0.3,0.4,0.0,1.0,0.0,1.0,1.0,bpi2019,autorpa_233k,ours_spend_cap,26858149732.486,1.0,0.0,0.0,0.0,0.0,0.0,0.0,0.0,0.003,0.0,0.0,always_reactive,0.327392
h=0.3/q0=0.4/p=0/r=1/sig=0/cf=1,A_core,0.3,0.4,0.0,1.0,0.0,1.0,1.0,bpi2019,autorpa_233k,ours_cap_epoch,26858149732.486,1.0,0.0,0.0,0.0,0.0,0.0,0.0,0.0,0.003,0.0,0.0,always_reactive,0.327392
h=0.3/q0=0.4/p=0/r=1/sig=0/cf=1,A_core,0.3,0.4,0.0,1.0,0.0,1.0,1.0,bpi2019,autorpa_233k,ours_cap_realized,26858149732.486,1.0,0.0,0.0,0.0,0.0,0.0,0.0,0.0,0.003,0.0,0.0,always_reactive,0.327392
h=0.3/q0=0.4/p=0/r=1/sig=0/cf=1,A_core,0.3,0.4,0.0,1.0,0.0,1.0,1.0,bpi2019,autorpa_233k,ours_pi_prior,26858149732.486,1.0,0.0,0.0,0.0,0.0,0.0,0.0,0.0,0.003,0.0,0.0,always_reactive,0.327392
h=0.3/q0=0.4/p=0/r=1/sig=0/cf=1,A_core,0.3,0.4,0.0,1.0,0.0,1.0,1.0,bpi2019,autorpa_233k,breakeven,37139973732.44,1.38282,0.0,0.0,44128.0,0.0,0.0,0.0,44128.0,0.002,44128.0,10281824000.0,always_reactive,0.327392
h=0.3/q0=0.4/p=0/r=1/sig=0/cf=1,A_core,0.3,0.4,0.0,1.0,0.0,1.0,1.0,bpi2019,autorpa_233k,breakeven_cap_epoch,26968591732.487,1.004112,0.0,0.0,474.0,0.0,0.0,0.0,474.0,0.003,474.0,110442000.0,always_reactive,0.327392
h=0.3/q0=0.4/p=0/r=1/sig=0/cf=1,A_core,0.3,0.4,0.0,1.0,0.0,1.0,1.0,bpi2019,autorpa_233k,offline_taxblind,26858149732.495,1.0,,,,,,,,,,,always_reactive,0.327392
h=0.3/q0=0.4/p=0/r=1/sig=0/cf=1,A_core,0.3,0.4,0.0,1.0,0.0,1.0,1.0,bpi2019,autorpa_233k,offline_opt_tax,26858149732.495,1.0,,,,,,,,,,,always_reactive,0.327392
h=0.3/q0=0.4/p=0/r=1/sig=0/cf=1,A_core,0.3,0.4,0.0,1.0,0.0,1.0,1.0,bpi2019,native,always_reactive,26858149732.486,0.998531,0.0,0.0,0.0,0.0,0.0,0.0,0.0,0.003,0.0,0.0,always_reactive,0.523638
h=0.3/q0=0.4/p=0/r=1/sig=0/cf=1,A_core,0.3,0.4,0.0,1.0,0.0,1.0,1.0,bpi2019,native,always_compile_evict,51291417858.305,1.90691,0.0,0.0,236818.0,0.0,0.0,0.0,236818.0,0.002,236818.0,24433268126.0,always_reactive,0.523638
h=0.3/q0=0.4/p=0/r=1/sig=0/cf=1,A_core,0.3,0.4,0.0,1.0,0.0,1.0,1.0,bpi2019,native,ours_noinflate,26897654086.486,1.0,0.0,0.0,372.0,0.0,0.0,0.0,372.0,0.003,372.0,39504354.0,always_reactive,0.523638
h=0.3/q0=0.4/p=0/r=1/sig=0/cf=1,A_core,0.3,0.4,0.0,1.0,0.0,1.0,1.0,bpi2019,native,oracle_tax,26858149732.486,0.998531,0.0,0.0,0.0,0.0,0.0,0.0,0.0,0.003,0.0,0.0,always_reactive,0.523638
h=0.3/q0=0.4/p=0/r=1/sig=0/cf=1,A_core,0.3,0.4,0.0,1.0,0.0,1.0,1.0,bpi2019,native,ours_spend_cap,26897654086.486,1.0,0.0,0.0,372.0,0.0,0.0,0.0,372.0,0.003,372.0,39504354.0,always_reactive,0.523638
h=0.3/q0=0.4/p=0/r=1/sig=0/cf=1,A_core,0.3,0.4,0.0,1.0,0.0,1.0,1.0,bpi2019,native,ours_cap_epoch,26897654086.486,1.0,0.0,0.0,372.0,0.0,0.0,0.0,372.0,0.003,372.0,39504354.0,always_reactive,0.523638
h=0.3/q0=0.4/p=0/r=1/sig=0/cf=1,A_core,0.3,0.4,0.0,1.0,0.0,1.0,1.0,bpi2019,native,ours_cap_realized,26897654086.486,1.0,0.0,0.0,372.0,0.0,0.0,0.0,372.0,0.003,372.0,39504354.0,always_reactive,0.523638
h=0.3/q0=0.4/p=0/r=1/sig=0/cf=1,A_core,0.3,0.4,0.0,1.0,0.0,1.0,1.0,bpi2019,native,ours_pi_prior,26902220449.987,1.00017,0.0,0.0,415.0,0.0,0.0,0.0,415.0,0.003,415.0,44070717.5,always_reactive,0.523638
h=0.3/q0=0.4/p=0/r=1/sig=0/cf=1,A_core,0.3,0.4,0.0,1.0,0.0,1.0,1.0,bpi2019,native,breakeven,37281537276.438,1.386052,0.0,0.0,98017.0,0.0,0.0,0.0,98017.0,0.002,98017.0,10423387544.0,always_reactive,0.523638
h=0.3/q0=0.4/p=0/r=1/sig=0/cf=1,A_core,0.3,0.4,0.0,1.0,0.0,1.0,1.0,bpi2019,native,breakeven_cap_epoch,27013774483.987,1.004317,0.0,0.0,1447.0,0.0,0.0,0.0,1447.0,0.003,1447.0,155624751.5,always_reactive,0.523638
h=0.3/q0=0.4/p=0/r=1/sig=0/cf=1,A_core,0.3,0.4,0.0,1.0,0.0,1.0,1.0,bpi2019,native,offline_taxblind,26858149732.495,0.998531,,,,,,,,,,,always_reactive,0.523638
h=0.3/q0=0.4/p=0/r=1/sig=0/cf=1,A_core,0.3,0.4,0.0,1.0,0.0,1.0,1.0,bpi2019,native,offline_opt_tax,26858149732.495,0.998531,,,,,,,,,,,always_reactive,0.523638
h=0.3/q0=0.4/p=0/r=1/sig=0/cf=1,A_core,0.3,0.4,0.0,1.0,0.0,1.0,1.0,sepsis,autorpa_233k,always_reactive,93787502.059,1.0,0.0,0.0,0.0,0.0,0.0,0.0,0.0,0.004,0.0,0.0,always_reactive,0.739221
h=0.3/q0=0.4/p=0/r=1/sig=0/cf=1,A_core,0.3,0.4,0.0,1.0,0.0,1.0,1.0,sepsis,autorpa_233k,always_compile_evict,126873502.059,1.352776,0.0,0.0,142.0,0.0,0.0,0.0,142.0,0.003,142.0,33086000.0,always_reactive,0.739221
h=0.3/q0=0.4/p=0/r=1/sig=0/cf=1,A_core,0.3,0.4,0.0,1.0,0.0,1.0,1.0,sepsis,autorpa_233k,ours_noinflate,93787502.059,1.0,0.0,0.0,0.0,0.0,0.0,0.0,0.0,0.004,0.0,0.0,always_reactive,0.739221
h=0.3/q0=0.4/p=0/r=1/sig=0/cf=1,A_core,0.3,0.4,0.0,1.0,0.0,1.0,1.0,sepsis,autorpa_233k,oracle_tax,93787502.059,1.0,0.0,0.0,0.0,0.0,0.0,0.0,0.0,0.004,0.0,0.0,always_reactive,0.739221
h=0.3/q0=0.4/p=0/r=1/sig=0/cf=1,A_core,0.3,0.4,0.0,1.0,0.0,1.0,1.0,sepsis,autorpa_233k,ours_spend_cap,93787502.059,1.0,0.0,0.0,0.0,0.0,0.0,0.0,0.0,0.004,0.0,0.0,always_reactive,0.739221
h=0.3/q0=0.4/p=0/r=1/sig=0/cf=1,A_core,0.3,0.4,0.0,1.0,0.0,1.0,1.0,sepsis,autorpa_233k,ours_cap_epoch,93787502.059,1.0,0.0,0.0,0.0,0.0,0.0,0.0,0.0,0.004,0.0,0.0,always_reactive,0.739221
h=0.3/q0=0.4/p=0/r=1/sig=0/cf=1,A_core,0.3,0.4,0.0,1.0,0.0,1.0,1.0,sepsis,autorpa_233k,ours_cap_realized,93787502.059,1.0,0.0,0.0,0.0,0.0,0.0,0.0,0.0,0.004,0.0,0.0,always_reactive,0.739221
h=0.3/q0=0.4/p=0/r=1/sig=0/cf=1,A_core,0.3,0.4,0.0,1.0,0.0,1.0,1.0,sepsis,autorpa_233k,ours_pi_prior,93787502.059,1.0,0.0,0.0,0.0,0.0,0.0,0.0,0.0,0.004,0.0,0.0,always_reactive,0.739221
h=0.3/q0=0.4/p=0/r=1/sig=0/cf=1,A_core,0.3,0.4,0.0,1.0,0.0,1.0,1.0,sepsis,autorpa_233k,breakeven,95185502.059,1.014906,0.0,0.0,6.0,0.0,0.0,0.0,6.0,0.004,6.0,1398000.0,always_reactive,0.739221
h=0.3/q0=0.4/p=0/r=1/sig=0/cf=1,A_core,0.3,0.4,0.0,1.0,0.0,1.0,1.0,sepsis,autorpa_233k,breakeven_cap_epoch,94719502.059,1.009937,0.0,0.0,4.0,0.0,0.0,0.0,4.0,0.004,4.0,932000.0,always_reactive,0.739221
h=0.3/q0=0.4/p=0/r=1/sig=0/cf=1,A_core,0.3,0.4,0.0,1.0,0.0,1.0,1.0,sepsis,autorpa_233k,offline_taxblind,93787502.059,1.0,,,,,,,,,,,always_reactive,0.739221
h=0.3/q0=0.4/p=0/r=1/sig=0/cf=1,A_core,0.3,0.4,0.0,1.0,0.0,1.0,1.0,sepsis,autorpa_233k,offline_opt_tax,93787502.059,1.0,,,,,,,,,,,always_reactive,0.739221
h=0.3/q0=0.4/p=0/r=1/sig=0/cf=1,A_core,0.3,0.4,0.0,1.0,0.0,1.0,1.0,sepsis,native,always_reactive,93787502.059,1.0,0.0,0.0,0.0,0.0,0.0,0.0,0.0,0.004,0.0,0.0,always_reactive,0.847105
h=0.3/q0=0.4/p=0/r=1/sig=0/cf=1,A_core,0.3,0.4,0.0,1.0,0.0,1.0,1.0,sepsis,native,always_compile_evict,110715278.559,1.180491,0.0,0.0,142.0,0.0,0.0,0.0,142.0,0.003,142.0,16927776.5,always_reactive,0.847105
h=0.3/q0=0.4/p=0/r=1/sig=0/cf=1,A_core,0.3,0.4,0.0,1.0,0.0,1.0,1.0,sepsis,native,ours_noinflate,93787502.059,1.0,0.0,0.0,0.0,0.0,0.0,0.0,0.0,0.004,0.0,0.0,always_reactive,0.847105
h=0.3/q0=0.4/p=0/r=1/sig=0/cf=1,A_core,0.3,0.4,0.0,1.0,0.0,1.0,1.0,sepsis,native,oracle_tax,93787502.059,1.0,0.0,0.0,0.0,0.0,0.0,0.0,0.0,0.004,0.0,0.0,always_reactive,0.847105
h=0.3/q0=0.4/p=0/r=1/sig=0/cf=1,A_core,0.3,0.4,0.0,1.0,0.0,1.0,1.0,sepsis,native,ours_spend_cap,93787502.059,1.0,0.0,0.0,0.0,0.0,0.0,0.0,0.0,0.004,0.0,0.0,always_reactive,0.847105
h=0.3/q0=0.4/p=0/r=1/sig=0/cf=1,A_core,0.3,0.4,0.0,1.0,0.0,1.0,1.0,sepsis,native,ours_cap_epoch,93787502.059,1.0,0.0,0.0,0.0,0.0,0.0,0.0,0.0,0.004,0.0,0.0,always_reactive,0.847105
h=0.3/q0=0.4/p=0/r=1/sig=0/cf=1,A_core,0.3,0.4,0.0,1.0,0.0,1.0,1.0,sepsis,native,ours_cap_realized,93787502.059,1.0,0.0,0.0,0.0,0.0,0.0,0.0,0.0,0.004,0.0,0.0,always_reactive,0.847105
h=0.3/q0=0.4/p=0/r=1/sig=0/cf=1,A_core,0.3,0.4,0.0,1.0,0.0,1.0,1.0,sepsis,native,ours_pi_prior,94212280.059,1.004529,0.0,0.0,4.0,0.0,0.0,0.0,4.0,0.004,4.0,424778.0,always_reactive,0.847105
h=0.3/q0=0.4/p=0/r=1/sig=0/cf=1,A_core,0.3,0.4,0.0,1.0,0.0,1.0,1.0,sepsis,native,breakeven,96744104.559,1.031524,0.0,0.0,25.0,0.0,0.0,0.0,25.0,0.004,25.0,2956602.5,always_reactive,0.847105
h=0.3/q0=0.4/p=0/r=1/sig=0/cf=1,A_core,0.3,0.4,0.0,1.0,0.0,1.0,1.0,sepsis,native,breakeven_cap_epoch,95349660.059,1.016656,0.0,0.0,14.0,0.0,0.0,0.0,14.0,0.004,14.0,1562158.0,always_reactive,0.847105
h=0.3/q0=0.4/p=0/r=1/sig=0/cf=1,A_core,0.3,0.4,0.0,1.0,0.0,1.0,1.0,sepsis,native,offline_taxblind,93787502.059,1.0,,,,,,,,,,,always_reactive,0.847105
h=0.3/q0=0.4/p=0/r=1/sig=0/cf=1,A_core,0.3,0.4,0.0,1.0,0.0,1.0,1.0,sepsis,native,offline_opt_tax,93787502.059,1.0,,,,,,,,,,,always_reactive,0.847105
h=0.3/q0=0.4/p=0/r=1/sig=0/cf=1,A_core,0.3,0.4,0.0,1.0,0.0,1.0,1.0,wiki_A,autorpa_233k,always_reactive,4770469730.199,1.0,0.0,0.0,0.0,0.0,0.0,0.0,0.0,0.005,0.0,0.0,always_reactive,0.246566
h=0.3/q0=0.4/p=0/r=1/sig=0/cf=1,A_core,0.3,0.4,0.0,1.0,0.0,1.0,1.0,wiki_A,autorpa_233k,always_compile_evict,19347648730.189,4.055711,0.0,0.0,62563.0,0.0,0.0,0.0,62563.0,0.001,62563.0,14577179000.0,always_reactive,0.246566
h=0.3/q0=0.4/p=0/r=1/sig=0/cf=1,A_core,0.3,0.4,0.0,1.0,0.0,1.0,1.0,wiki_A,autorpa_233k,ours_noinflate,4770469730.199,1.0,0.0,0.0,0.0,0.0,0.0,0.0,0.0,0.005,0.0,0.0,always_reactive,0.246566
h=0.3/q0=0.4/p=0/r=1/sig=0/cf=1,A_core,0.3,0.4,0.0,1.0,0.0,1.0,1.0,wiki_A,autorpa_233k,oracle_tax,4770469730.199,1.0,0.0,0.0,0.0,0.0,0.0,0.0,0.0,0.005,0.0,0.0,always_reactive,0.246566
h=0.3/q0=0.4/p=0/r=1/sig=0/cf=1,A_core,0.3,0.4,0.0,1.0,0.0,1.0,1.0,wiki_A,autorpa_233k,ours_spend_cap,4770469730.199,1.0,0.0,0.0,0.0,0.0,0.0,0.0,0.0,0.005,0.0,0.0,always_reactive,0.246566
h=0.3/q0=0.4/p=0/r=1/sig=0/cf=1,A_core,0.3,0.4,0.0,1.0,0.0,1.0,1.0,wiki_A,autorpa_233k,ours_cap_epoch,4770469730.199,1.0,0.0,0.0,0.0,0.0,0.0,0.0,0.0,0.005,0.0,0.0,always_reactive,0.246566
h=0.3/q0=0.4/p=0/r=1/sig=0/cf=1,A_core,0.3,0.4,0.0,1.0,0.0,1.0,1.0,wiki_A,autorpa_233k,ours_cap_realized,4770469730.199,1.0,0.0,0.0,0.0,0.0,0.0,0.0,0.0,0.005,0.0,0.0,always_reactive,0.246566
h=0.3/q0=0.4/p=0/r=1/sig=0/cf=1,A_core,0.3,0.4,0.0,1.0,0.0,1.0,1.0,wiki_A,autorpa_233k,ours_pi_prior,4770469730.199,1.0,0.0,0.0,0.0,0.0,0.0,0.0,0.0,0.005,0.0,0.0,always_reactive,0.246566
h=0.3/q0=0.4/p=0/r=1/sig=0/cf=1,A_core,0.3,0.4,0.0,1.0,0.0,1.0,1.0,wiki_A,autorpa_233k,breakeven,6569695730.198,1.377159,0.0,0.0,7722.0,0.0,0.0,0.0,7722.0,0.004,7722.0,1799226000.0,always_reactive,0.246566
h=0.3/q0=0.4/p=0/r=1/sig=0/cf=1,A_core,0.3,0.4,0.0,1.0,0.0,1.0,1.0,wiki_A,autorpa_233k,breakeven_cap_epoch,4792371730.199,1.004591,0.0,0.0,94.0,0.0,0.0,0.0,94.0,0.005,94.0,21902000.0,always_reactive,0.246566
h=0.3/q0=0.4/p=0/r=1/sig=0/cf=1,A_core,0.3,0.4,0.0,1.0,0.0,1.0,1.0,wiki_A,autorpa_233k,offline_taxblind,4770469730.199,1.0,,,,,,,,,,,always_reactive,0.246566
h=0.3/q0=0.4/p=0/r=1/sig=0/cf=1,A_core,0.3,0.4,0.0,1.0,0.0,1.0,1.0,wiki_A,autorpa_233k,offline_opt_tax,4770469730.199,1.0,,,,,,,,,,,always_reactive,0.246566
h=0.3/q0=0.4/p=0/r=1/sig=0/cf=1,A_core,0.3,0.4,0.0,1.0,0.0,1.0,1.0,wiki_A,native,always_reactive,4770469730.199,0.99911,0.0,0.0,0.0,0.0,0.0,0.0,0.0,0.005,0.0,0.0,always_reactive,0.390285
h=0.3/q0=0.4/p=0/r=1/sig=0/cf=1,A_core,0.3,0.4,0.0,1.0,0.0,1.0,1.0,wiki_A,native,always_compile_evict,12223054868.696,2.559954,0.0,0.0,62563.0,0.0,0.0,0.0,62563.0,0.002,62563.0,7452585138.5,always_reactive,0.390285
h=0.3/q0=0.4/p=0/r=1/sig=0/cf=1,A_core,0.3,0.4,0.0,1.0,0.0,1.0,1.0,wiki_A,native,ours_noinflate,4774717510.199,1.0,0.0,0.0,40.0,0.0,0.0,0.0,40.0,0.005,40.0,4247780.0,always_reactive,0.390285
h=0.3/q0=0.4/p=0/r=1/sig=0/cf=1,A_core,0.3,0.4,0.0,1.0,0.0,1.0,1.0,wiki_A,native,oracle_tax,4770469730.199,0.99911,0.0,0.0,0.0,0.0,0.0,0.0,0.0,0.005,0.0,0.0,always_reactive,0.390285
h=0.3/q0=0.4/p=0/r=1/sig=0/cf=1,A_core,0.3,0.4,0.0,1.0,0.0,1.0,1.0,wiki_A,native,ours_spend_cap,4774717510.199,1.0,0.0,0.0,40.0,0.0,0.0,0.0,40.0,0.005,40.0,4247780.0,always_reactive,0.390285
h=0.3/q0=0.4/p=0/r=1/sig=0/cf=1,A_core,0.3,0.4,0.0,1.0,0.0,1.0,1.0,wiki_A,native,ours_cap_epoch,4774717510.199,1.0,0.0,0.0,40.0,0.0,0.0,0.0,40.0,0.005,40.0,4247780.0,always_reactive,0.390285
h=0.3/q0=0.4/p=0/r=1/sig=0/cf=1,A_core,0.3,0.4,0.0,1.0,0.0,1.0,1.0,wiki_A,native,ours_cap_realized,4774717510.199,1.0,0.0,0.0,40.0,0.0,0.0,0.0,40.0,0.005,40.0,4247780.0,always_reactive,0.390285
h=0.3/q0=0.4/p=0/r=1/sig=0/cf=1,A_core,0.3,0.4,0.0,1.0,0.0,1.0,1.0,wiki_A,native,ours_pi_prior,4777159983.699,1.000512,0.0,0.0,63.0,0.0,0.0,0.0,63.0,0.005,63.0,6690253.5,always_reactive,0.390285
h=0.3/q0=0.4/p=0/r=1/sig=0/cf=1,A_core,0.3,0.4,0.0,1.0,0.0,1.0,1.0,wiki_A,native,breakeven,6596931195.198,1.381638,0.0,0.0,15575.0,0.0,0.0,0.0,15575.0,0.004,15575.0,1826461465.0,always_reactive,0.390285
h=0.3/q0=0.4/p=0/r=1/sig=0/cf=1,A_core,0.3,0.4,0.0,1.0,0.0,1.0,1.0,wiki_A,native,breakeven_cap_epoch,4799269313.699,1.005142,0.0,0.0,268.0,0.0,0.0,0.0,268.0,0.005,268.0,28799583.5,always_reactive,0.390285
h=0.3/q0=0.4/p=0/r=1/sig=0/cf=1,A_core,0.3,0.4,0.0,1.0,0.0,1.0,1.0,wiki_A,native,offline_taxblind,4770469730.199,0.99911,,,,,,,,,,,always_reactive,0.390285
h=0.3/q0=0.4/p=0/r=1/sig=0/cf=1,A_core,0.3,0.4,0.0,1.0,0.0,1.0,1.0,wiki_A,native,offline_opt_tax,4770469730.199,0.99911,,,,,,,,,,,always_reactive,0.390285
h=0.3/q0=0.4/p=0/r=1/sig=0/cf=1,A_core,0.3,0.4,0.0,1.0,0.0,1.0,1.0,wiki_B,autorpa_233k,always_reactive,8991713899.193,1.0,0.0,0.0,0.0,0.0,0.0,0.0,0.0,0.004,0.0,0.0,always_reactive,0.578593
h=0.3/q0=0.4/p=0/r=1/sig=0/cf=1,A_core,0.3,0.4,0.0,1.0,0.0,1.0,1.0,wiki_B,autorpa_233k,always_compile_evict,15540644899.174,1.72833,0.0,0.0,28107.0,0.0,0.0,0.0,28107.0,0.002,28107.0,6548931000.0,always_reactive,0.578593
h=0.3/q0=0.4/p=0/r=1/sig=0/cf=1,A_core,0.3,0.4,0.0,1.0,0.0,1.0,1.0,wiki_B,autorpa_233k,ours_noinflate,8991713899.193,1.0,0.0,0.0,0.0,0.0,0.0,0.0,0.0,0.004,0.0,0.0,always_reactive,0.578593
h=0.3/q0=0.4/p=0/r=1/sig=0/cf=1,A_core,0.3,0.4,0.0,1.0,0.0,1.0,1.0,wiki_B,autorpa_233k,oracle_tax,8991713899.193,1.0,0.0,0.0,0.0,0.0,0.0,0.0,0.0,0.004,0.0,0.0,always_reactive,0.578593
h=0.3/q0=0.4/p=0/r=1/sig=0/cf=1,A_core,0.3,0.4,0.0,1.0,0.0,1.0,1.0,wiki_B,autorpa_233k,ours_spend_cap,8991713899.193,1.0,0.0,0.0,0.0,0.0,0.0,0.0,0.0,0.004,0.0,0.0,always_reactive,0.578593
h=0.3/q0=0.4/p=0/r=1/sig=0/cf=1,A_core,0.3,0.4,0.0,1.0,0.0,1.0,1.0,wiki_B,autorpa_233k,ours_cap_epoch,8991713899.193,1.0,0.0,0.0,0.0,0.0,0.0,0.0,0.0,0.004,0.0,0.0,always_reactive,0.578593
h=0.3/q0=0.4/p=0/r=1/sig=0/cf=1,A_core,0.3,0.4,0.0,1.0,0.0,1.0,1.0,wiki_B,autorpa_233k,ours_cap_realized,8991713899.193,1.0,0.0,0.0,0.0,0.0,0.0,0.0,0.0,0.004,0.0,0.0,always_reactive,0.578593
h=0.3/q0=0.4/p=0/r=1/sig=0/cf=1,A_core,0.3,0.4,0.0,1.0,0.0,1.0,1.0,wiki_B,autorpa_233k,ours_pi_prior,8991713899.193,1.0,0.0,0.0,0.0,0.0,0.0,0.0,0.0,0.004,0.0,0.0,always_reactive,0.578593
h=0.3/q0=0.4/p=0/r=1/sig=0/cf=1,A_core,0.3,0.4,0.0,1.0,0.0,1.0,1.0,wiki_B,autorpa_233k,breakeven,9782049899.189,1.087896,0.0,0.0,3392.0,0.0,0.0,0.0,3392.0,0.004,3392.0,790336000.0,always_reactive,0.578593
h=0.3/q0=0.4/p=0/r=1/sig=0/cf=1,A_core,0.3,0.4,0.0,1.0,0.0,1.0,1.0,wiki_B,autorpa_233k,breakeven_cap_epoch,9065108899.192,1.008163,0.0,0.0,315.0,0.0,0.0,0.0,315.0,0.004,315.0,73395000.0,always_reactive,0.578593
h=0.3/q0=0.4/p=0/r=1/sig=0/cf=1,A_core,0.3,0.4,0.0,1.0,0.0,1.0,1.0,wiki_B,autorpa_233k,offline_taxblind,8991713899.192,1.0,,,,,,,,,,,always_reactive,0.578593
h=0.3/q0=0.4/p=0/r=1/sig=0/cf=1,A_core,0.3,0.4,0.0,1.0,0.0,1.0,1.0,wiki_B,autorpa_233k,offline_opt_tax,8991713899.192,1.0,,,,,,,,,,,always_reactive,0.578593
h=0.3/q0=0.4/p=0/r=1/sig=0/cf=1,A_core,0.3,0.4,0.0,1.0,0.0,1.0,1.0,wiki_B,native,always_reactive,8991713899.193,0.997361,0.0,0.0,0.0,0.0,0.0,0.0,0.0,0.004,0.0,0.0,always_reactive,0.745233
h=0.3/q0=0.4/p=0/r=1/sig=0/cf=1,A_core,0.3,0.4,0.0,1.0,0.0,1.0,1.0,wiki_B,native,always_compile_evict,12065649163.181,1.338323,0.0,0.0,28107.0,0.0,0.0,0.0,28107.0,0.003,28107.0,3073935264.0,always_reactive,0.745233
h=0.3/q0=0.4/p=0/r=1/sig=0/cf=1,A_core,0.3,0.4,0.0,1.0,0.0,1.0,1.0,wiki_B,native,ours_noinflate,9015501467.192,1.0,0.0,0.0,224.0,0.0,0.0,0.0,224.0,0.004,224.0,23787568.0,always_reactive,0.745233
h=0.3/q0=0.4/p=0/r=1/sig=0/cf=1,A_core,0.3,0.4,0.0,1.0,0.0,1.0,1.0,wiki_B,native,oracle_tax,8991713899.193,0.997361,0.0,0.0,0.0,0.0,0.0,0.0,0.0,0.004,0.0,0.0,always_reactive,0.745233
h=0.3/q0=0.4/p=0/r=1/sig=0/cf=1,A_core,0.3,0.4,0.0,1.0,0.0,1.0,1.0,wiki_B,native,ours_spend_cap,9015501467.192,1.0,0.0,0.0,224.0,0.0,0.0,0.0,224.0,0.004,224.0,23787568.0,always_reactive,0.745233
h=0.3/q0=0.4/p=0/r=1/sig=0/cf=1,A_core,0.3,0.4,0.0,1.0,0.0,1.0,1.0,wiki_B,native,ours_cap_epoch,9015501467.192,1.0,0.0,0.0,224.0,0.0,0.0,0.0,224.0,0.004,224.0,23787568.0,always_reactive,0.745233
h=0.3/q0=0.4/p=0/r=1/sig=0/cf=1,A_core,0.3,0.4,0.0,1.0,0.0,1.0,1.0,wiki_B,native,ours_cap_realized,9015501467.192,1.0,0.0,0.0,224.0,0.0,0.0,0.0,224.0,0.004,224.0,23787568.0,always_reactive,0.745233
h=0.3/q0=0.4/p=0/r=1/sig=0/cf=1,A_core,0.3,0.4,0.0,1.0,0.0,1.0,1.0,wiki_B,native,ours_pi_prior,9026758084.192,1.001249,0.0,0.0,330.0,0.0,0.0,0.0,330.0,0.004,330.0,35044185.0,always_reactive,0.745233
h=0.3/q0=0.4/p=0/r=1/sig=0/cf=1,A_core,0.3,0.4,0.0,1.0,0.0,1.0,1.0,wiki_B,native,breakeven,9886296110.188,1.096589,0.0,0.0,8153.0,0.0,0.0,0.0,8153.0,0.004,8153.0,894582211.0,always_reactive,0.745233
h=0.3/q0=0.4/p=0/r=1/sig=0/cf=1,A_core,0.3,0.4,0.0,1.0,0.0,1.0,1.0,wiki_B,native,breakeven_cap_epoch,9106196703.692,1.01006,0.0,0.0,1061.0,0.0,0.0,0.0,1061.0,0.004,1061.0,114482804.5,always_reactive,0.745233
h=0.3/q0=0.4/p=0/r=1/sig=0/cf=1,A_core,0.3,0.4,0.0,1.0,0.0,1.0,1.0,wiki_B,native,offline_taxblind,8991713899.192,0.997361,,,,,,,,,,,always_reactive,0.745233
h=0.3/q0=0.4/p=0/r=1/sig=0/cf=1,A_core,0.3,0.4,0.0,1.0,0.0,1.0,1.0,wiki_B,native,offline_opt_tax,8991713899.192,0.997361,,,,,,,,,,,always_reactive,0.745233
h=0.3/q0=0.4/p=1/r=1/sig=0/cf=1,A_core,0.3,0.4,1.0,1.0,0.0,1.0,1.0,bpi2019,autorpa_233k,always_reactive,26858149732.486,1.0,0.0,0.0,0.0,0.0,0.0,0.0,0.0,0.003,0.0,0.0,always_reactive,0.793581
h=0.3/q0=0.4/p=1/r=1/sig=0/cf=1,A_core,0.3,0.4,1.0,1.0,0.0,1.0,1.0,bpi2019,autorpa_233k,always_compile_evict,33844226796.874,1.26011,29.4,53.6,72376.9,71052.9,0.0,137410.5,72114.9,0.023,0.0,0.0,always_reactive,0.793581
h=0.3/q0=0.4/p=1/r=1/sig=0/cf=1,A_core,0.3,0.4,1.0,1.0,0.0,1.0,1.0,bpi2019,autorpa_233k,ours_noinflate,26858149732.486,1.0,0.0,0.0,0.0,0.0,0.0,0.0,0.0,0.003,0.0,0.0,always_reactive,0.793581
h=0.3/q0=0.4/p=1/r=1/sig=0/cf=1,A_core,0.3,0.4,1.0,1.0,0.0,1.0,1.0,bpi2019,autorpa_233k,oracle_tax,26858149732.486,1.0,0.0,0.0,0.0,0.0,0.0,0.0,0.0,0.003,0.0,0.0,always_reactive,0.793581
h=0.3/q0=0.4/p=1/r=1/sig=0/cf=1,A_core,0.3,0.4,1.0,1.0,0.0,1.0,1.0,bpi2019,autorpa_233k,ours_spend_cap,26858149732.486,1.0,0.0,0.0,0.0,0.0,0.0,0.0,0.0,0.003,0.0,0.0,always_reactive,0.793581
h=0.3/q0=0.4/p=1/r=1/sig=0/cf=1,A_core,0.3,0.4,1.0,1.0,0.0,1.0,1.0,bpi2019,autorpa_233k,ours_cap_epoch,26858149732.486,1.0,0.0,0.0,0.0,0.0,0.0,0.0,0.0,0.003,0.0,0.0,always_reactive,0.793581
h=0.3/q0=0.4/p=1/r=1/sig=0/cf=1,A_core,0.3,0.4,1.0,1.0,0.0,1.0,1.0,bpi2019,autorpa_233k,ours_cap_realized,26858149732.486,1.0,0.0,0.0,0.0,0.0,0.0,0.0,0.0,0.003,0.0,0.0,always_reactive,0.793581
h=0.3/q0=0.4/p=1/r=1/sig=0/cf=1,A_core,0.3,0.4,1.0,1.0,0.0,1.0,1.0,bpi2019,autorpa_233k,ours_pi_prior,26858149732.486,1.0,0.0,0.0,0.0,0.0,0.0,0.0,0.0,0.003,0.0,0.0,always_reactive,0.793581
h=0.3/q0=0.4/p=1/r=1/sig=0/cf=1,A_core,0.3,0.4,1.0,1.0,0.0,1.0,1.0,bpi2019,autorpa_233k,breakeven,27025300912.184,1.006223,0.5,5.6,1223.3,854.6,0.0,1643.5,1104.4,0.004,0.0,0.0,always_reactive,0.793581
h=0.3/q0=0.4/p=1/r=1/sig=0/cf=1,A_core,0.3,0.4,1.0,1.0,0.0,1.0,1.0,bpi2019,autorpa_233k,breakeven_cap_epoch,27025300912.184,1.006223,0.5,5.6,1223.3,854.6,0.0,1643.5,1104.4,0.004,0.0,0.0,always_reactive,0.793581
h=0.3/q0=0.4/p=1/r=1/sig=0/cf=1,A_core,0.3,0.4,1.0,1.0,0.0,1.0,1.0,bpi2019,autorpa_233k,offline_taxblind,26858149732.495,1.0,,,,,,,,,,,always_reactive,0.793581
h=0.3/q0=0.4/p=1/r=1/sig=0/cf=1,A_core,0.3,0.4,1.0,1.0,0.0,1.0,1.0,bpi2019,autorpa_233k,offline_opt_tax,26858149732.495,1.0,,,,,,,,,,,always_reactive,0.793581
h=0.3/q0=0.4/p=1/r=1/sig=0/cf=1,A_core,0.3,0.4,1.0,1.0,0.0,1.0,1.0,bpi2019,native,always_reactive,26858149732.486,1.025285,0.0,0.0,0.0,0.0,0.0,0.0,0.0,0.003,0.0,0.0,always_compile_evict,1.0
h=0.3/q0=0.4/p=1/r=1/sig=0/cf=1,A_core,0.3,0.4,1.0,1.0,0.0,1.0,1.0,bpi2019,native,always_compile_evict,24121556724.265,0.920819,14.2,34.1,72376.9,71052.9,0.0,137410.5,71136.5,0.019,0.0,0.0,always_compile_evict,1.0
h=0.3/q0=0.4/p=1/r=1/sig=0/cf=1,A_core,0.3,0.4,1.0,1.0,0.0,1.0,1.0,bpi2019,native,ours_noinflate,26195776739.839,1.0,5.7,9.7,7199.9,6939.3,0.0,13407.6,6628.9,0.005,0.0,0.0,always_compile_evict,1.0
h=0.3/q0=0.4/p=1/r=1/sig=0/cf=1,A_core,0.3,0.4,1.0,1.0,0.0,1.0,1.0,bpi2019,native,oracle_tax,26842909825.064,1.024704,6.5,10.7,152.1,145.6,0.0,289.2,72.6,0.003,0.0,0.0,always_compile_evict,1.0
h=0.3/q0=0.4/p=1/r=1/sig=0/cf=1,A_core,0.3,0.4,1.0,1.0,0.0,1.0,1.0,bpi2019,native,ours_spend_cap,26195776739.839,1.0,5.7,9.7,7199.9,6939.3,0.0,13407.6,6628.9,0.005,0.0,0.0,always_compile_evict,1.0
h=0.3/q0=0.4/p=1/r=1/sig=0/cf=1,A_core,0.3,0.4,1.0,1.0,0.0,1.0,1.0,bpi2019,native,ours_cap_epoch,26195776739.839,1.0,5.7,9.7,7199.9,6939.3,0.0,13407.6,6628.9,0.005,0.0,0.0,always_compile_evict,1.0
h=0.3/q0=0.4/p=1/r=1/sig=0/cf=1,A_core,0.3,0.4,1.0,1.0,0.0,1.0,1.0,bpi2019,native,ours_cap_realized,26195776739.839,1.0,5.7,9.7,7199.9,6939.3,0.0,13407.6,6628.9,0.005,0.0,0.0,always_compile_evict,1.0
h=0.3/q0=0.4/p=1/r=1/sig=0/cf=1,A_core,0.3,0.4,1.0,1.0,0.0,1.0,1.0,bpi2019,native,ours_pi_prior,26023912652.28,0.993439,7.7,12.4,9530.2,9243.0,0.0,17868.1,8857.4,0.007,0.0,0.0,always_compile_evict,1.0
h=0.3/q0=0.4/p=1/r=1/sig=0/cf=1,A_core,0.3,0.4,1.0,1.0,0.0,1.0,1.0,bpi2019,native,breakeven,26877915757.103,1.02604,0.2,5.7,1667.0,1040.5,0.0,2017.0,1239.1,0.004,0.0,0.0,always_compile_evict,1.0
h=0.3/q0=0.4/p=1/r=1/sig=0/cf=1,A_core,0.3,0.4,1.0,1.0,0.0,1.0,1.0,bpi2019,native,breakeven_cap_epoch,26877915757.103,1.02604,0.2,5.7,1667.0,1040.5,0.0,2017.0,1239.1,0.004,0.0,0.0,always_compile_evict,1.0
h=0.3/q0=0.4/p=1/r=1/sig=0/cf=1,A_core,0.3,0.4,1.0,1.0,0.0,1.0,1.0,bpi2019,native,offline_taxblind,22364482824.763,0.853744,,,,,,,,,,,always_compile_evict,1.0
h=0.3/q0=0.4/p=1/r=1/sig=0/cf=1,A_core,0.3,0.4,1.0,1.0,0.0,1.0,1.0,bpi2019,native,offline_opt_tax,22515264033.871,0.8595,,,,,,,,,,,always_compile_evict,1.0
h=0.3/q0=0.4/p=1/r=1/sig=0/cf=1,A_core,0.3,0.4,1.0,1.0,0.0,1.0,1.0,sepsis,autorpa_233k,always_reactive,93787502.059,1.0,0.0,0.0,0.0,0.0,0.0,0.0,0.0,0.004,0.0,0.0,always_reactive,0.900126
h=0.3/q0=0.4/p=1/r=1/sig=0/cf=1,A_core,0.3,0.4,1.0,1.0,0.0,1.0,1.0,sepsis,autorpa_233k,always_compile_evict,104193755.013,1.110956,14.2,15.8,62.4,43.2,0.0,82.5,60.8,0.01,0.0,0.0,always_reactive,0.900126
h=0.3/q0=0.4/p=1/r=1/sig=0/cf=1,A_core,0.3,0.4,1.0,1.0,0.0,1.0,1.0,sepsis,autorpa_233k,ours_noinflate,93787502.059,1.0,0.0,0.0,0.0,0.0,0.0,0.0,0.0,0.004,0.0,0.0,always_reactive,0.900126
h=0.3/q0=0.4/p=1/r=1/sig=0/cf=1,A_core,0.3,0.4,1.0,1.0,0.0,1.0,1.0,sepsis,autorpa_233k,oracle_tax,93787502.059,1.0,0.0,0.0,0.0,0.0,0.0,0.0,0.0,0.004,0.0,0.0,always_reactive,0.900126
h=0.3/q0=0.4/p=1/r=1/sig=0/cf=1,A_core,0.3,0.4,1.0,1.0,0.0,1.0,1.0,sepsis,autorpa_233k,ours_spend_cap,93787502.059,1.0,0.0,0.0,0.0,0.0,0.0,0.0,0.0,0.004,0.0,0.0,always_reactive,0.900126
h=0.3/q0=0.4/p=1/r=1/sig=0/cf=1,A_core,0.3,0.4,1.0,1.0,0.0,1.0,1.0,sepsis,autorpa_233k,ours_cap_epoch,93787502.059,1.0,0.0,0.0,0.0,0.0,0.0,0.0,0.0,0.004,0.0,0.0,always_reactive,0.900126
h=0.3/q0=0.4/p=1/r=1/sig=0/cf=1,A_core,0.3,0.4,1.0,1.0,0.0,1.0,1.0,sepsis,autorpa_233k,ours_cap_realized,93787502.059,1.0,0.0,0.0,0.0,0.0,0.0,0.0,0.0,0.004,0.0,0.0,always_reactive,0.900126
h=0.3/q0=0.4/p=1/r=1/sig=0/cf=1,A_core,0.3,0.4,1.0,1.0,0.0,1.0,1.0,sepsis,autorpa_233k,ours_pi_prior,93787502.059,1.0,0.0,0.0,0.0,0.0,0.0,0.0,0.0,0.004,0.0,0.0,always_reactive,0.900126
h=0.3/q0=0.4/p=1/r=1/sig=0/cf=1,A_core,0.3,0.4,1.0,1.0,0.0,1.0,1.0,sepsis,autorpa_233k,breakeven,94441978.948,1.006978,0.9,2.3,4.6,2.8,0.0,5.1,4.4,0.005,0.0,0.0,always_reactive,0.900126
h=0.3/q0=0.4/p=1/r=1/sig=0/cf=1,A_core,0.3,0.4,1.0,1.0,0.0,1.0,1.0,sepsis,autorpa_233k,breakeven_cap_epoch,94441978.948,1.006978,0.9,2.3,4.6,2.8,0.0,5.1,4.4,0.005,0.0,0.0,always_reactive,0.900126
h=0.3/q0=0.4/p=1/r=1/sig=0/cf=1,A_core,0.3,0.4,1.0,1.0,0.0,1.0,1.0,sepsis,autorpa_233k,offline_taxblind,93787502.059,1.0,,,,,,,,,,,always_reactive,0.900126
h=0.3/q0=0.4/p=1/r=1/sig=0/cf=1,A_core,0.3,0.4,1.0,1.0,0.0,1.0,1.0,sepsis,autorpa_233k,offline_opt_tax,93787502.059,1.0,,,,,,,,,,,always_reactive,0.900126
h=0.3/q0=0.4/p=1/r=1/sig=0/cf=1,A_core,0.3,0.4,1.0,1.0,0.0,1.0,1.0,sepsis,native,always_reactive,93787502.059,1.0,0.0,0.0,0.0,0.0,0.0,0.0,0.0,0.004,0.0,0.0,ours_pi_prior,0.969113
h=0.3/q0=0.4/p=1/r=1/sig=0/cf=1,A_core,0.3,0.4,1.0,1.0,0.0,1.0,1.0,sepsis,native,always_compile_evict,96761625.313,1.031711,13.8,15.2,62.4,43.2,0.0,82.5,54.1,0.011,0.0,0.0,ours_pi_prior,0.969113
h=0.3/q0=0.4/p=1/r=1/sig=0/cf=1,A_core,0.3,0.4,1.0,1.0,0.0,1.0,1.0,sepsis,native,ours_noinflate,93787502.059,1.0,0.0,0.0,0.0,0.0,0.0,0.0,0.0,0.004,0.0,0.0,ours_pi_prior,0.969113
h=0.3/q0=0.4/p=1/r=1/sig=0/cf=1,A_core,0.3,0.4,1.0,1.0,0.0,1.0,1.0,sepsis,native,oracle_tax,93223306.105,0.993984,2.3,3.3,10.4,8.1,0.0,14.5,4.2,0.006,0.0,0.0,ours_pi_prior,0.969113
h=0.3/q0=0.4/p=1/r=1/sig=0/cf=1,A_core,0.3,0.4,1.0,1.0,0.0,1.0,1.0,sepsis,native,ours_spend_cap,93787502.059,1.0,0.0,0.0,0.0,0.0,0.0,0.0,0.0,0.004,0.0,0.0,ours_pi_prior,0.969113
h=0.3/q0=0.4/p=1/r=1/sig=0/cf=1,A_core,0.3,0.4,1.0,1.0,0.0,1.0,1.0,sepsis,native,ours_cap_epoch,93787502.059,1.0,0.0,0.0,0.0,0.0,0.0,0.0,0.0,0.004,0.0,0.0,ours_pi_prior,0.969113
h=0.3/q0=0.4/p=1/r=1/sig=0/cf=1,A_core,0.3,0.4,1.0,1.0,0.0,1.0,1.0,sepsis,native,ours_cap_realized,93787502.059,1.0,0.0,0.0,0.0,0.0,0.0,0.0,0.0,0.004,0.0,0.0,ours_pi_prior,0.969113
h=0.3/q0=0.4/p=1/r=1/sig=0/cf=1,A_core,0.3,0.4,1.0,1.0,0.0,1.0,1.0,sepsis,native,ours_pi_prior,93772900.801,0.999844,2.3,2.7,7.2,4.2,0.0,8.4,4.1,0.005,0.0,0.0,ours_pi_prior,0.969113
h=0.3/q0=0.4/p=1/r=1/sig=0/cf=1,A_core,0.3,0.4,1.0,1.0,0.0,1.0,1.0,sepsis,native,breakeven,94301526.626,1.005481,1.9,3.4,13.2,9.9,0.0,17.4,10.3,0.005,0.0,0.0,ours_pi_prior,0.969113
h=0.3/q0=0.4/p=1/r=1/sig=0/cf=1,A_core,0.3,0.4,1.0,1.0,0.0,1.0,1.0,sepsis,native,breakeven_cap_epoch,94301526.626,1.005481,1.9,3.4,13.2,9.9,0.0,17.4,10.3,0.005,0.0,0.0,ours_pi_prior,0.969113
h=0.3/q0=0.4/p=1/r=1/sig=0/cf=1,A_core,0.3,0.4,1.0,1.0,0.0,1.0,1.0,sepsis,native,offline_taxblind,92562218.643,0.986936,,,,,,,,,,,ours_pi_prior,0.969113
h=0.3/q0=0.4/p=1/r=1/sig=0/cf=1,A_core,0.3,0.4,1.0,1.0,0.0,1.0,1.0,sepsis,native,offline_opt_tax,92971530.318,0.9913,,,,,,,,,,,ours_pi_prior,0.969113
h=0.3/q0=0.4/p=1/r=1/sig=0/cf=1,A_core,0.3,0.4,1.0,1.0,0.0,1.0,1.0,wiki_A,autorpa_233k,always_reactive,4770469730.199,1.0,0.0,0.0,0.0,0.0,0.0,0.0,0.0,0.005,0.0,0.0,always_reactive,0.644162
h=0.3/q0=0.4/p=1/r=1/sig=0/cf=1,A_core,0.3,0.4,1.0,1.0,0.0,1.0,1.0,wiki_A,autorpa_233k,always_compile_evict,7405699519.697,1.552405,6.7,34.8,19004.8,18779.9,0.0,36319.0,18882.0,0.011,0.0,0.0,always_reactive,0.644162
h=0.3/q0=0.4/p=1/r=1/sig=0/cf=1,A_core,0.3,0.4,1.0,1.0,0.0,1.0,1.0,wiki_A,autorpa_233k,ours_noinflate,4770469730.199,1.0,0.0,0.0,0.0,0.0,0.0,0.0,0.0,0.005,0.0,0.0,always_reactive,0.644162
h=0.3/q0=0.4/p=1/r=1/sig=0/cf=1,A_core,0.3,0.4,1.0,1.0,0.0,1.0,1.0,wiki_A,autorpa_233k,oracle_tax,4770469730.199,1.0,0.0,0.0,0.0,0.0,0.0,0.0,0.0,0.005,0.0,0.0,always_reactive,0.644162
h=0.3/q0=0.4/p=1/r=1/sig=0/cf=1,A_core,0.3,0.4,1.0,1.0,0.0,1.0,1.0,wiki_A,autorpa_233k,ours_spend_cap,4770469730.199,1.0,0.0,0.0,0.0,0.0,0.0,0.0,0.0,0.005,0.0,0.0,always_reactive,0.644162
h=0.3/q0=0.4/p=1/r=1/sig=0/cf=1,A_core,0.3,0.4,1.0,1.0,0.0,1.0,1.0,wiki_A,autorpa_233k,ours_cap_epoch,4770469730.199,1.0,0.0,0.0,0.0,0.0,0.0,0.0,0.0,0.005,0.0,0.0,always_reactive,0.644162
h=0.3/q0=0.4/p=1/r=1/sig=0/cf=1,A_core,0.3,0.4,1.0,1.0,0.0,1.0,1.0,wiki_A,autorpa_233k,ours_cap_realized,4770469730.199,1.0,0.0,0.0,0.0,0.0,0.0,0.0,0.0,0.005,0.0,0.0,always_reactive,0.644162
h=0.3/q0=0.4/p=1/r=1/sig=0/cf=1,A_core,0.3,0.4,1.0,1.0,0.0,1.0,1.0,wiki_A,autorpa_233k,ours_pi_prior,4770469730.199,1.0,0.0,0.0,0.0,0.0,0.0,0.0,0.0,0.005,0.0,0.0,always_reactive,0.644162
h=0.3/q0=0.4/p=1/r=1/sig=0/cf=1,A_core,0.3,0.4,1.0,1.0,0.0,1.0,1.0,wiki_A,autorpa_233k,breakeven,5130374192.497,1.075444,0.0,5.4,2587.5,2530.5,0.0,4840.0,2510.2,0.005,0.0,0.0,always_reactive,0.644162
h=0.3/q0=0.4/p=1/r=1/sig=0/cf=1,A_core,0.3,0.4,1.0,1.0,0.0,1.0,1.0,wiki_A,autorpa_233k,breakeven_cap_epoch,5130374192.497,1.075444,0.0,5.4,2587.5,2530.5,0.0,4840.0,2510.2,0.005,0.0,0.0,always_reactive,0.644162
h=0.3/q0=0.4/p=1/r=1/sig=0/cf=1,A_core,0.3,0.4,1.0,1.0,0.0,1.0,1.0,wiki_A,autorpa_233k,offline_taxblind,4770469730.199,1.0,,,,,,,,,,,always_reactive,0.644162
h=0.3/q0=0.4/p=1/r=1/sig=0/cf=1,A_core,0.3,0.4,1.0,1.0,0.0,1.0,1.0,wiki_A,autorpa_233k,offline_opt_tax,4770469730.199,1.0,,,,,,,,,,,always_reactive,0.644162
h=0.3/q0=0.4/p=1/r=1/sig=0/cf=1,A_core,0.3,0.4,1.0,1.0,0.0,1.0,1.0,wiki_A,native,always_reactive,4770469730.199,1.038453,0.0,0.0,0.0,0.0,0.0,0.0,0.0,0.005,0.0,0.0,ours_noinflate,0.880595
h=0.3/q0=0.4/p=1/r=1/sig=0/cf=1,A_core,0.3,0.4,1.0,1.0,0.0,1.0,1.0,wiki_A,native,always_compile_evict,5216727736.247,1.135596,5.4,26.6,19004.8,18779.9,0.0,36319.0,18611.0,0.012,0.0,0.0,ours_noinflate,0.880595
h=0.3/q0=0.4/p=1/r=1/sig=0/cf=1,A_core,0.3,0.4,1.0,1.0,0.0,1.0,1.0,wiki_A,native,ours_noinflate,4593825191.192,1.0,1.3,7.0,1751.3,1723.4,0.0,3314.8,1617.8,0.006,0.0,0.0,ours_noinflate,0.880595
h=0.3/q0=0.4/p=1/r=1/sig=0/cf=1,A_core,0.3,0.4,1.0,1.0,0.0,1.0,1.0,wiki_A,native,oracle_tax,4756349190.489,1.035379,1.9,4.3,118.6,116.7,0.0,228.5,58.7,0.005,0.0,0.0,ours_noinflate,0.880595
h=0.3/q0=0.4/p=1/r=1/sig=0/cf=1,A_core,0.3,0.4,1.0,1.0,0.0,1.0,1.0,wiki_A,native,ours_spend_cap,4593825191.192,1.0,1.3,7.0,1751.3,1723.4,0.0,3314.8,1617.8,0.006,0.0,0.0,ours_noinflate,0.880595
h=0.3/q0=0.4/p=1/r=1/sig=0/cf=1,A_core,0.3,0.4,1.0,1.0,0.0,1.0,1.0,wiki_A,native,ours_cap_epoch,4593825191.192,1.0,1.3,7.0,1751.3,1723.4,0.0,3314.8,1617.8,0.006,0.0,0.0,ours_noinflate,0.880595
h=0.3/q0=0.4/p=1/r=1/sig=0/cf=1,A_core,0.3,0.4,1.0,1.0,0.0,1.0,1.0,wiki_A,native,ours_cap_realized,4593825191.192,1.0,1.3,7.0,1751.3,1723.4,0.0,3314.8,1617.8,0.006,0.0,0.0,ours_noinflate,0.880595
h=0.3/q0=0.4/p=1/r=1/sig=0/cf=1,A_core,0.3,0.4,1.0,1.0,0.0,1.0,1.0,wiki_A,native,ours_pi_prior,4619692697.831,1.005631,0.9,6.2,1583.6,1540.4,0.0,2947.8,1427.6,0.007,0.0,0.0,ours_noinflate,0.880595
h=0.3/q0=0.4/p=1/r=1/sig=0/cf=1,A_core,0.3,0.4,1.0,1.0,0.0,1.0,1.0,wiki_A,native,breakeven,4850575694.742,1.05589,0.0,5.4,3207.4,3105.8,0.0,5963.6,2963.4,0.006,0.0,0.0,ours_noinflate,0.880595
h=0.3/q0=0.4/p=1/r=1/sig=0/cf=1,A_core,0.3,0.4,1.0,1.0,0.0,1.0,1.0,wiki_A,native,breakeven_cap_epoch,4850575694.742,1.05589,0.0,5.4,3207.4,3105.8,0.0,5963.6,2963.4,0.006,0.0,0.0,ours_noinflate,0.880595
h=0.3/q0=0.4/p=1/r=1/sig=0/cf=1,A_core,0.3,0.4,1.0,1.0,0.0,1.0,1.0,wiki_A,native,offline_taxblind,4426399676.048,0.963554,,,,,,,,,,,ours_noinflate,0.880595
h=0.3/q0=0.4/p=1/r=1/sig=0/cf=1,A_core,0.3,0.4,1.0,1.0,0.0,1.0,1.0,wiki_A,native,offline_opt_tax,4441201975.812,0.966776,,,,,,,,,,,ours_noinflate,0.880595
h=0.3/q0=0.4/p=1/r=1/sig=0/cf=1,A_core,0.3,0.4,1.0,1.0,0.0,1.0,1.0,wiki_B,autorpa_233k,always_reactive,8991713899.193,1.0,0.0,0.0,0.0,0.0,0.0,0.0,0.0,0.004,0.0,0.0,always_reactive,0.85243
h=0.3/q0=0.4/p=1/r=1/sig=0/cf=1,A_core,0.3,0.4,1.0,1.0,0.0,1.0,1.0,wiki_B,autorpa_233k,always_compile_evict,10548335308.014,1.173117,46.8,61.4,9680.3,8467.1,0.0,16289.7,9550.4,0.035,0.0,0.0,always_reactive,0.85243
h=0.3/q0=0.4/p=1/r=1/sig=0/cf=1,A_core,0.3,0.4,1.0,1.0,0.0,1.0,1.0,wiki_B,autorpa_233k,ours_noinflate,8991713899.193,1.0,0.0,0.0,0.0,0.0,0.0,0.0,0.0,0.004,0.0,0.0,always_reactive,0.85243
h=0.3/q0=0.4/p=1/r=1/sig=0/cf=1,A_core,0.3,0.4,1.0,1.0,0.0,1.0,1.0,wiki_B,autorpa_233k,oracle_tax,8991713899.193,1.0,0.0,0.0,0.0,0.0,0.0,0.0,0.0,0.004,0.0,0.0,always_reactive,0.85243
h=0.3/q0=0.4/p=1/r=1/sig=0/cf=1,A_core,0.3,0.4,1.0,1.0,0.0,1.0,1.0,wiki_B,autorpa_233k,ours_spend_cap,8991713899.193,1.0,0.0,0.0,0.0,0.0,0.0,0.0,0.0,0.004,0.0,0.0,always_reactive,0.85243
h=0.3/q0=0.4/p=1/r=1/sig=0/cf=1,A_core,0.3,0.4,1.0,1.0,0.0,1.0,1.0,wiki_B,autorpa_233k,ours_cap_epoch,8991713899.193,1.0,0.0,0.0,0.0,0.0,0.0,0.0,0.0,0.004,0.0,0.0,always_reactive,0.85243
h=0.3/q0=0.4/p=1/r=1/sig=0/cf=1,A_core,0.3,0.4,1.0,1.0,0.0,1.0,1.0,wiki_B,autorpa_233k,ours_cap_realized,8991713899.193,1.0,0.0,0.0,0.0,0.0,0.0,0.0,0.0,0.004,0.0,0.0,always_reactive,0.85243
h=0.3/q0=0.4/p=1/r=1/sig=0/cf=1,A_core,0.3,0.4,1.0,1.0,0.0,1.0,1.0,wiki_B,autorpa_233k,ours_pi_prior,8991713899.193,1.0,0.0,0.0,0.0,0.0,0.0,0.0,0.0,0.004,0.0,0.0,always_reactive,0.85243
h=0.3/q0=0.4/p=1/r=1/sig=0/cf=1,A_core,0.3,0.4,1.0,1.0,0.0,1.0,1.0,wiki_B,autorpa_233k,breakeven,9095540585.22,1.011547,0.6,7.1,737.0,519.5,0.0,989.9,682.4,0.006,0.0,0.0,always_reactive,0.85243
h=0.3/q0=0.4/p=1/r=1/sig=0/cf=1,A_core,0.3,0.4,1.0,1.0,0.0,1.0,1.0,wiki_B,autorpa_233k,breakeven_cap_epoch,9095540585.22,1.011547,0.6,7.1,737.0,519.5,0.0,989.9,682.4,0.006,0.0,0.0,always_reactive,0.85243
h=0.3/q0=0.4/p=1/r=1/sig=0/cf=1,A_core,0.3,0.4,1.0,1.0,0.0,1.0,1.0,wiki_B,autorpa_233k,offline_taxblind,8991713899.192,1.0,,,,,,,,,,,always_reactive,0.85243
h=0.3/q0=0.4/p=1/r=1/sig=0/cf=1,A_core,0.3,0.4,1.0,1.0,0.0,1.0,1.0,wiki_B,autorpa_233k,offline_opt_tax,8991713899.192,1.0,,,,,,,,,,,always_reactive,0.85243
h=0.3/q0=0.4/p=1/r=1/sig=0/cf=1,A_core,0.3,0.4,1.0,1.0,0.0,1.0,1.0,wiki_B,native,always_reactive,8991713899.193,1.010712,0.0,0.0,0.0,0.0,0.0,0.0,0.0,0.004,0.0,0.0,ours_pi_prior,0.961786
h=0.3/q0=0.4/p=1/r=1/sig=0/cf=1,A_core,0.3,0.4,1.0,1.0,0.0,1.0,1.0,wiki_B,native,always_compile_evict,9200563466.667,1.034188,25.1,41.0,9680.3,8467.1,0.0,16289.7,9007.5,0.024,0.0,0.0,ours_pi_prior,0.961786
h=0.3/q0=0.4/p=1/r=1/sig=0/cf=1,A_core,0.3,0.4,1.0,1.0,0.0,1.0,1.0,wiki_B,native,ours_noinflate,8896417188.381,1.0,5.7,10.5,1436.7,1280.9,0.0,2462.3,1184.9,0.006,0.0,0.0,ours_pi_prior,0.961786
h=0.3/q0=0.4/p=1/r=1/sig=0/cf=1,A_core,0.3,0.4,1.0,1.0,0.0,1.0,1.0,wiki_B,native,oracle_tax,8989647337.361,1.01048,5.6,10.0,44.3,38.7,0.0,73.5,19.4,0.004,0.0,0.0,ours_pi_prior,0.961786
h=0.3/q0=0.4/p=1/r=1/sig=0/cf=1,A_core,0.3,0.4,1.0,1.0,0.0,1.0,1.0,wiki_B,native,ours_spend_cap,8896417188.381,1.0,5.7,10.5,1436.7,1280.9,0.0,2462.3,1184.9,0.006,0.0,0.0,ours_pi_prior,0.961786
h=0.3/q0=0.4/p=1/r=1/sig=0/cf=1,A_core,0.3,0.4,1.0,1.0,0.0,1.0,1.0,wiki_B,native,ours_cap_epoch,8896417188.381,1.0,5.7,10.5,1436.7,1280.9,0.0,2462.3,1184.9,0.006,0.0,0.0,ours_pi_prior,0.961786
h=0.3/q0=0.4/p=1/r=1/sig=0/cf=1,A_core,0.3,0.4,1.0,1.0,0.0,1.0,1.0,wiki_B,native,ours_cap_realized,8896417188.381,1.0,5.7,10.5,1436.7,1280.9,0.0,2462.3,1184.9,0.006,0.0,0.0,ours_pi_prior,0.961786
h=0.3/q0=0.4/p=1/r=1/sig=0/cf=1,A_core,0.3,0.4,1.0,1.0,0.0,1.0,1.0,wiki_B,native,ours_pi_prior,8848972710.895,0.994667,5.8,12.7,2197.8,1967.4,0.0,3805.6,1868.4,0.008,0.0,0.0,ours_pi_prior,0.961786
h=0.3/q0=0.4/p=1/r=1/sig=0/cf=1,A_core,0.3,0.4,1.0,1.0,0.0,1.0,1.0,wiki_B,native,breakeven,9022946675.151,1.014223,1.3,7.1,1109.0,648.3,0.0,1235.1,919.4,0.005,0.0,0.0,ours_pi_prior,0.961786
h=0.3/q0=0.4/p=1/r=1/sig=0/cf=1,A_core,0.3,0.4,1.0,1.0,0.0,1.0,1.0,wiki_B,native,breakeven_cap_epoch,9022946675.151,1.014223,1.3,7.1,1109.0,648.3,0.0,1235.1,919.4,0.005,0.0,0.0,ours_pi_prior,0.961786
h=0.3/q0=0.4/p=1/r=1/sig=0/cf=1,A_core,0.3,0.4,1.0,1.0,0.0,1.0,1.0,wiki_B,native,offline_taxblind,8642106580.588,0.971414,,,,,,,,,,,ours_pi_prior,0.961786
h=0.3/q0=0.4/p=1/r=1/sig=0/cf=1,A_core,0.3,0.4,1.0,1.0,0.0,1.0,1.0,wiki_B,native,offline_opt_tax,8672515176.032,0.974832,,,,,,,,,,,ours_pi_prior,0.961786
h=0/q0=0.4/p=0.3/r=1/sig=0/cf=11.0877,A_core,0.0,0.4,0.3,1.0,0.0,1.0,11.087667012373094,bpi2019,autorpa_233k,always_reactive,26858149732.486,1.464831,0.0,0.0,0.0,0.0,0.0,0.0,0.0,0.003,0.0,0.0,ours_noinflate,0.802538
h=0/q0=0.4/p=0.3/r=1/sig=0/cf=11.0877,A_core,0.0,0.4,0.3,1.0,0.0,1.0,11.087667012373094,bpi2019,autorpa_233k,always_compile_evict,22846670127.485,1.246047,99.5,153.4,4453.6,0.0,0.0,0.0,4211.1,0.118,3117.5,8053831845.28,ours_noinflate,0.802538
h=0/q0=0.4/p=0.3/r=1/sig=0/cf=11.0877,A_core,0.0,0.4,0.3,1.0,0.0,1.0,11.087667012373094,bpi2019,autorpa_233k,ours_noinflate,18335319481.405,1.0,71.3,107.5,2082.4,0.0,0.0,0.0,1938.1,0.103,1456.3,3762243886.538,ours_noinflate,0.802538
h=0/q0=0.4/p=0.3/r=1/sig=0/cf=11.0877,A_core,0.0,0.4,0.3,1.0,0.0,1.0,11.087667012373094,bpi2019,autorpa_233k,oracle_tax,14632067467.094,0.798026,89.9,89.9,290.8,0.0,0.0,0.0,200.9,0.081,200.9,519010366.549,ours_noinflate,0.802538
h=0/q0=0.4/p=0.3/r=1/sig=0/cf=11.0877,A_core,0.0,0.4,0.3,1.0,0.0,1.0,11.087667012373094,bpi2019,autorpa_233k,ours_spend_cap,23135851787.525,1.261819,34.1,55.0,1161.0,0.0,0.0,0.0,1092.1,0.042,810.3,2093350423.169,ours_noinflate,0.802538
h=0/q0=0.4/p=0.3/r=1/sig=0/cf=11.0877,A_core,0.0,0.4,0.3,1.0,0.0,1.0,11.087667012373094,bpi2019,autorpa_233k,ours_cap_epoch,23135851787.525,1.261819,34.1,55.0,1161.0,0.0,0.0,0.0,1092.1,0.042,810.3,2093350423.169,ours_noinflate,0.802538
h=0/q0=0.4/p=0.3/r=1/sig=0/cf=11.0877,A_core,0.0,0.4,0.3,1.0,0.0,1.0,11.087667012373094,bpi2019,autorpa_233k,ours_cap_realized,23134641034.183,1.261753,34.6,55.5,1161.0,0.0,0.0,0.0,1093.1,0.042,810.3,2093350423.169,ours_noinflate,0.802538
h=0/q0=0.4/p=0.3/r=1/sig=0/cf=11.0877,A_core,0.0,0.4,0.3,1.0,0.0,1.0,11.087667012373094,bpi2019,autorpa_233k,ours_pi_prior,19673965206.203,1.073009,68.6,101.8,1917.3,0.0,0.0,0.0,1783.7,0.09,1343.2,3470058359.128,ours_noinflate,0.802538
h=0/q0=0.4/p=0.3/r=1/sig=0/cf=11.0877,A_core,0.0,0.4,0.3,1.0,0.0,1.0,11.087667012373094,bpi2019,autorpa_233k,breakeven,29262367347.789,1.595956,6.6,13.3,1442.6,0.0,0.0,0.0,1334.2,0.006,1013.7,2618819355.753,ours_noinflate,0.802538
h=0/q0=0.4/p=0.3/r=1/sig=0/cf=11.0877,A_core,0.0,0.4,0.3,1.0,0.0,1.0,11.087667012373094,bpi2019,autorpa_233k,breakeven_cap_epoch,28209917074.223,1.538556,3.9,7.5,781.3,0.0,0.0,0.0,733.3,0.005,548.1,1415976017.449,ours_noinflate,0.802538
h=0/q0=0.4/p=0.3/r=1/sig=0/cf=11.0877,A_core,0.0,0.4,0.3,1.0,0.0,1.0,11.087667012373094,bpi2019,autorpa_233k,offline_taxblind,12230888086.394,0.667067,,,,,,,,,,,ours_noinflate,0.802538
h=0/q0=0.4/p=0.3/r=1/sig=0/cf=11.0877,A_core,0.0,0.4,0.3,1.0,0.0,1.0,11.087667012373094,bpi2019,autorpa_233k,offline_opt_tax,13386424219.197,0.730089,,,,,,,,,,,ours_noinflate,0.802538
h=0/q0=0.4/p=0.3/r=1/sig=0/cf=11.0877,A_core,0.0,0.4,0.3,1.0,0.0,1.0,11.087667012373094,bpi2019,native,always_reactive,26858149732.486,1.6724,0.0,0.0,0.0,0.0,0.0,0.0,0.0,0.003,0.0,0.0,ours_noinflate,0.930917
h=0/q0=0.4/p=0.3/r=1/sig=0/cf=11.0877,A_core,0.0,0.4,0.3,1.0,0.0,1.0,11.087667012373094,bpi2019,native,always_compile_evict,17251425534.826,1.074209,68.8,101.2,4453.6,0.0,0.0,0.0,3875.5,0.095,3117.5,3688471511.968,ours_noinflate,0.930917
h=0/q0=0.4/p=0.3/r=1/sig=0/cf=11.0877,A_core,0.0,0.4,0.3,1.0,0.0,1.0,11.087667012373094,bpi2019,native,ours_noinflate,16059647447.004,1.0,62.6,92.6,2912.2,0.0,0.0,0.0,2461.1,0.094,2036.4,2459651125.876,ours_noinflate,0.930917
h=0/q0=0.4/p=0.3/r=1/sig=0/cf=11.0877,A_core,0.0,0.4,0.3,1.0,0.0,1.0,11.087667012373094,bpi2019,native,oracle_tax,14356583887.699,0.893954,93.4,93.4,304.5,0.0,0.0,0.0,211.1,0.084,211.1,253117907.612,ours_noinflate,0.930917
h=0/q0=0.4/p=0.3/r=1/sig=0/cf=11.0877,A_core,0.0,0.4,0.3,1.0,0.0,1.0,11.087667012373094,bpi2019,native,ours_spend_cap,19414751337.289,1.208915,40.7,62.6,1976.7,0.0,0.0,0.0,1685.9,0.052,1380.8,1660783373.809,ours_noinflate,0.930917
h=0/q0=0.4/p=0.3/r=1/sig=0/cf=11.0877,A_core,0.0,0.4,0.3,1.0,0.0,1.0,11.087667012373094,bpi2019,native,ours_cap_epoch,19414751337.289,1.208915,40.7,62.6,1976.7,0.0,0.0,0.0,1685.9,0.052,1380.8,1660783373.809,ours_noinflate,0.930917
h=0/q0=0.4/p=0.3/r=1/sig=0/cf=11.0877,A_core,0.0,0.4,0.3,1.0,0.0,1.0,11.087667012373094,bpi2019,native,ours_cap_realized,19395726241.134,1.207731,40.9,62.7,1976.7,0.0,0.0,0.0,1681.2,0.053,1380.8,1660783373.809,ours_noinflate,0.930917
h=0/q0=0.4/p=0.3/r=1/sig=0/cf=11.0877,A_core,0.0,0.4,0.3,1.0,0.0,1.0,11.087667012373094,bpi2019,native,ours_pi_prior,16091752776.636,1.001999,58.0,85.8,2705.3,0.0,0.0,0.0,2280.0,0.089,1894.6,2296996272.111,ours_noinflate,0.930917
h=0/q0=0.4/p=0.3/r=1/sig=0/cf=11.0877,A_core,0.0,0.4,0.3,1.0,0.0,1.0,11.087667012373094,bpi2019,native,breakeven,28694171490.355,1.786725,1.2,11.6,2393.3,0.0,0.0,0.0,2188.5,0.005,1672.5,2019885966.973,ours_noinflate,0.930917
h=0/q0=0.4/p=0.3/r=1/sig=0/cf=11.0877,A_core,0.0,0.4,0.3,1.0,0.0,1.0,11.087667012373094,bpi2019,native,breakeven_cap_epoch,28116610860.338,1.750761,1.0,8.8,1617.5,0.0,0.0,0.0,1495.8,0.005,1128.2,1362314194.41,ours_noinflate,0.930917
h=0/q0=0.4/p=0.3/r=1/sig=0/cf=11.0877,A_core,0.0,0.4,0.3,1.0,0.0,1.0,11.087667012373094,bpi2019,native,offline_taxblind,11980314674.101,0.745989,,,,,,,,,,,ours_noinflate,0.930917
h=0/q0=0.4/p=0.3/r=1/sig=0/cf=11.0877,A_core,0.0,0.4,0.3,1.0,0.0,1.0,11.087667012373094,bpi2019,native,offline_opt_tax,12854668430.229,0.800433,,,,,,,,,,,ours_noinflate,0.930917
h=0/q0=0.4/p=0.3/r=1/sig=0/cf=11.0877,A_core,0.0,0.4,0.3,1.0,0.0,1.0,11.087667012373094,sepsis,autorpa_233k,always_reactive,93787502.059,0.773162,0.0,0.0,0.0,0.0,0.0,0.0,0.0,0.004,0.0,0.0,always_reactive,0.474171
h=0/q0=0.4/p=0.3/r=1/sig=0/cf=11.0877,A_core,0.0,0.4,0.3,1.0,0.0,1.0,11.087667012373094,sepsis,autorpa_233k,always_compile_evict,197792654.671,1.630555,13.5,13.8,55.3,0.0,0.0,0.0,49.2,0.005,40.6,104887112.404,always_reactive,0.474171
h=0/q0=0.4/p=0.3/r=1/sig=0/cf=11.0877,A_core,0.0,0.4,0.3,1.0,0.0,1.0,11.087667012373094,sepsis,autorpa_233k,ours_noinflate,121303893.37,1.0,4.3,4.3,15.4,0.0,0.0,0.0,12.4,0.004,10.9,28159347.911,always_reactive,0.474171
h=0/q0=0.4/p=0.3/r=1/sig=0/cf=11.0877,A_core,0.0,0.4,0.3,1.0,0.0,1.0,11.087667012373094,sepsis,autorpa_233k,oracle_tax,99325402.903,0.818815,1.6,1.6,4.3,0.0,0.0,0.0,2.7,0.005,2.7,6975251.317,always_reactive,0.474171
h=0/q0=0.4/p=0.3/r=1/sig=0/cf=11.0877,A_core,0.0,0.4,0.3,1.0,0.0,1.0,11.087667012373094,sepsis,autorpa_233k,ours_spend_cap,107198921.034,0.883722,2.4,2.4,8.0,0.0,0.0,0.0,6.2,0.004,5.4,13950502.635,always_reactive,0.474171
h=0/q0=0.4/p=0.3/r=1/sig=0/cf=11.0877,A_core,0.0,0.4,0.3,1.0,0.0,1.0,11.087667012373094,sepsis,autorpa_233k,ours_cap_epoch,107198921.034,0.883722,2.4,2.4,8.0,0.0,0.0,0.0,6.2,0.004,5.4,13950502.635,always_reactive,0.474171
h=0/q0=0.4/p=0.3/r=1/sig=0/cf=11.0877,A_core,0.0,0.4,0.3,1.0,0.0,1.0,11.087667012373094,sepsis,autorpa_233k,ours_cap_realized,107198921.034,0.883722,2.4,2.4,8.0,0.0,0.0,0.0,6.2,0.004,5.4,13950502.635,always_reactive,0.474171
h=0/q0=0.4/p=0.3/r=1/sig=0/cf=11.0877,A_core,0.0,0.4,0.3,1.0,0.0,1.0,11.087667012373094,sepsis,autorpa_233k,ours_pi_prior,122148355.66,1.006962,4.3,4.3,15.4,0.0,0.0,0.0,12.9,0.004,11.1,28676033.194,always_reactive,0.474171
h=0/q0=0.4/p=0.3/r=1/sig=0/cf=11.0877,A_core,0.0,0.4,0.3,1.0,0.0,1.0,11.087667012373094,sepsis,autorpa_233k,breakeven,111255846.1,0.917166,2.9,3.0,10.0,0.0,0.0,0.0,8.5,0.004,6.9,17825642.256,always_reactive,0.474171
h=0/q0=0.4/p=0.3/r=1/sig=0/cf=11.0877,A_core,0.0,0.4,0.3,1.0,0.0,1.0,11.087667012373094,sepsis,autorpa_233k,breakeven_cap_epoch,104286157.824,0.85971,1.6,1.7,6.0,0.0,0.0,0.0,5.0,0.004,4.2,10850390.938,always_reactive,0.474171
h=0/q0=0.4/p=0.3/r=1/sig=0/cf=11.0877,A_core,0.0,0.4,0.3,1.0,0.0,1.0,11.087667012373094,sepsis,autorpa_233k,offline_taxblind,92599722.805,0.76337,,,,,,,,,,,always_reactive,0.474171
h=0/q0=0.4/p=0.3/r=1/sig=0/cf=11.0877,A_core,0.0,0.4,0.3,1.0,0.0,1.0,11.087667012373094,sepsis,autorpa_233k,offline_opt_tax,92925478.44,0.766055,,,,,,,,,,,always_reactive,0.474171
h=0/q0=0.4/p=0.3/r=1/sig=0/cf=11.0877,A_core,0.0,0.4,0.3,1.0,0.0,1.0,11.087667012373094,sepsis,native,always_reactive,93787502.059,0.796714,0.0,0.0,0.0,0.0,0.0,0.0,0.0,0.004,0.0,0.0,always_reactive,0.669335
h=0/q0=0.4/p=0.3/r=1/sig=0/cf=11.0877,A_core,0.0,0.4,0.3,1.0,0.0,1.0,11.087667012373094,sepsis,native,always_compile_evict,140120515.243,1.190307,11.6,13.2,55.3,0.0,0.0,0.0,46.7,0.007,40.6,49059036.976,always_reactive,0.669335
h=0/q0=0.4/p=0.3/r=1/sig=0/cf=11.0877,A_core,0.0,0.4,0.3,1.0,0.0,1.0,11.087667012373094,sepsis,native,ours_noinflate,117717973.949,1.0,6.1,7.5,28.5,0.0,0.0,0.0,22.4,0.006,20.6,26137350.506,always_reactive,0.669335
h=0/q0=0.4/p=0.3/r=1/sig=0/cf=11.0877,A_core,0.0,0.4,0.3,1.0,0.0,1.0,11.087667012373094,sepsis,native,oracle_tax,108649935.984,0.922968,4.4,4.4,17.2,0.0,0.0,0.0,12.8,0.006,12.8,17622364.849,always_reactive,0.669335
h=0/q0=0.4/p=0.3/r=1/sig=0/cf=11.0877,A_core,0.0,0.4,0.3,1.0,0.0,1.0,11.087667012373094,sepsis,native,ours_spend_cap,105412861.875,0.89547,3.2,4.0,14.5,0.0,0.0,0.0,11.2,0.005,10.2,12846380.557,always_reactive,0.669335
h=0/q0=0.4/p=0.3/r=1/sig=0/cf=11.0877,A_core,0.0,0.4,0.3,1.0,0.0,1.0,11.087667012373094,sepsis,native,ours_cap_epoch,105412861.875,0.89547,3.2,4.0,14.5,0.0,0.0,0.0,11.2,0.005,10.2,12846380.557,always_reactive,0.669335
h=0/q0=0.4/p=0.3/r=1/sig=0/cf=11.0877,A_core,0.0,0.4,0.3,1.0,0.0,1.0,11.087667012373094,sepsis,native,ours_cap_realized,105412861.875,0.89547,3.2,4.0,14.5,0.0,0.0,0.0,11.2,0.005,10.2,12846380.557,always_reactive,0.669335
h=0/q0=0.4/p=0.3/r=1/sig=0/cf=11.0877,A_core,0.0,0.4,0.3,1.0,0.0,1.0,11.087667012373094,sepsis,native,ours_pi_prior,117597937.176,0.99898,6.5,7.5,27.8,0.0,0.0,0.0,22.0,0.006,20.0,25765440.218,always_reactive,0.669335
h=0/q0=0.4/p=0.3/r=1/sig=0/cf=11.0877,A_core,0.0,0.4,0.3,1.0,0.0,1.0,11.087667012373094,sepsis,native,breakeven,114879189.4,0.975885,5.6,6.3,24.9,0.0,0.0,0.0,19.3,0.005,17.7,22890027.3,always_reactive,0.669335
h=0/q0=0.4/p=0.3/r=1/sig=0/cf=11.0877,A_core,0.0,0.4,0.3,1.0,0.0,1.0,11.087667012373094,sepsis,native,breakeven_cap_epoch,104385053.644,0.886738,3.5,3.9,13.5,0.0,0.0,0.0,10.3,0.005,9.2,11668931.303,always_reactive,0.669335
h=0/q0=0.4/p=0.3/r=1/sig=0/cf=11.0877,A_core,0.0,0.4,0.3,1.0,0.0,1.0,11.087667012373094,sepsis,native,offline_taxblind,90338383.691,0.767414,,,,,,,,,,,always_reactive,0.669335
h=0/q0=0.4/p=0.3/r=1/sig=0/cf=11.0877,A_core,0.0,0.4,0.3,1.0,0.0,1.0,11.087667012373094,sepsis,native,offline_opt_tax,91014531.551,0.773157,,,,,,,,,,,always_reactive,0.669335
h=0/q0=0.4/p=0.3/r=1/sig=0/cf=11.0877,A_core,0.0,0.4,0.3,1.0,0.0,1.0,11.087667012373094,wiki_A,autorpa_233k,always_reactive,4770469730.199,1.353785,0.0,0.0,0.0,0.0,0.0,0.0,0.0,0.005,0.0,0.0,ours_pi_prior,0.8759
h=0/q0=0.4/p=0.3/r=1/sig=0/cf=11.0877,A_core,0.0,0.4,0.3,1.0,0.0,1.0,11.087667012373094,wiki_A,autorpa_233k,always_compile_evict,3726795025.682,1.057607,30.6,72.5,755.3,0.0,0.0,0.0,673.8,0.051,529.9,1368957656.717,ours_pi_prior,0.8759
h=0/q0=0.4/p=0.3/r=1/sig=0/cf=11.0877,A_core,0.0,0.4,0.3,1.0,0.0,1.0,11.087667012373094,wiki_A,autorpa_233k,ours_noinflate,3523800411.754,1.0,22.1,46.7,372.4,0.0,0.0,0.0,313.8,0.035,259.8,671174182.327,ours_pi_prior,0.8759
h=0/q0=0.4/p=0.3/r=1/sig=0/cf=11.0877,A_core,0.0,0.4,0.3,1.0,0.0,1.0,11.087667012373094,wiki_A,autorpa_233k,oracle_tax,2668110748.753,0.757169,34.3,34.3,128.2,0.0,0.0,0.0,93.9,0.065,93.9,242583740.264,ours_pi_prior,0.8759
h=0/q0=0.4/p=0.3/r=1/sig=0/cf=11.0877,A_core,0.0,0.4,0.3,1.0,0.0,1.0,11.087667012373094,wiki_A,autorpa_233k,ours_spend_cap,4549063198.241,1.290954,10.5,24.4,193.9,0.0,0.0,0.0,168.1,0.016,135.4,349795936.44,ours_pi_prior,0.8759
h=0/q0=0.4/p=0.3/r=1/sig=0/cf=11.0877,A_core,0.0,0.4,0.3,1.0,0.0,1.0,11.087667012373094,wiki_A,autorpa_233k,ours_cap_epoch,4549063198.241,1.290954,10.5,24.4,193.9,0.0,0.0,0.0,168.1,0.016,135.4,349795936.44,ours_pi_prior,0.8759
h=0/q0=0.4/p=0.3/r=1/sig=0/cf=11.0877,A_core,0.0,0.4,0.3,1.0,0.0,1.0,11.087667012373094,wiki_A,autorpa_233k,ours_cap_realized,4546674346.433,1.290276,10.8,24.5,193.9,0.0,0.0,0.0,168.1,0.016,135.4,349795936.44,ours_pi_prior,0.8759
h=0/q0=0.4/p=0.3/r=1/sig=0/cf=11.0877,A_core,0.0,0.4,0.3,1.0,0.0,1.0,11.087667012373094,wiki_A,autorpa_233k,ours_pi_prior,3264299890.285,0.926358,21.5,42.6,348.3,0.0,0.0,0.0,292.9,0.036,242.2,625705877.442,ours_pi_prior,0.8759
h=0/q0=0.4/p=0.3/r=1/sig=0/cf=11.0877,A_core,0.0,0.4,0.3,1.0,0.0,1.0,11.087667012373094,wiki_A,autorpa_233k,breakeven,4560906878.193,1.294315,0.2,7.7,304.4,0.0,0.0,0.0,252.6,0.008,214.2,553369937.854,ours_pi_prior,0.8759
h=0/q0=0.4/p=0.3/r=1/sig=0/cf=11.0877,A_core,0.0,0.4,0.3,1.0,0.0,1.0,11.087667012373094,wiki_A,autorpa_233k,breakeven_cap_epoch,4840655343.475,1.373703,0.0,5.0,147.5,0.0,0.0,0.0,127.3,0.006,102.9,265834577.989,ours_pi_prior,0.8759
h=0/q0=0.4/p=0.3/r=1/sig=0/cf=11.0877,A_core,0.0,0.4,0.3,1.0,0.0,1.0,11.087667012373094,wiki_A,autorpa_233k,offline_taxblind,2208974951.991,0.626873,,,,,,,,,,,ours_pi_prior,0.8759
h=0/q0=0.4/p=0.3/r=1/sig=0/cf=11.0877,A_core,0.0,0.4,0.3,1.0,0.0,1.0,11.087667012373094,wiki_A,autorpa_233k,offline_opt_tax,2293720327.117,0.650922,,,,,,,,,,,ours_pi_prior,0.8759
h=0/q0=0.4/p=0.3/r=1/sig=0/cf=11.0877,A_core,0.0,0.4,0.3,1.0,0.0,1.0,11.087667012373094,wiki_A,native,always_reactive,4770469730.199,1.679967,0.0,0.0,0.0,0.0,0.0,0.0,0.0,0.005,0.0,0.0,ours_noinflate,0.977395
h=0/q0=0.4/p=0.3/r=1/sig=0/cf=11.0877,A_core,0.0,0.4,0.3,1.0,0.0,1.0,11.087667012373094,wiki_A,native,always_compile_evict,2905295696.924,1.023128,13.2,52.0,755.3,0.0,0.0,0.0,640.7,0.045,529.9,632628900.859,ours_noinflate,0.977395
h=0/q0=0.4/p=0.3/r=1/sig=0/cf=11.0877,A_core,0.0,0.4,0.3,1.0,0.0,1.0,11.087667012373094,wiki_A,native,ours_noinflate,2839620276.246,1.0,12.5,44.2,528.9,0.0,0.0,0.0,431.8,0.041,367.7,449341494.853,ours_noinflate,0.977395
h=0/q0=0.4/p=0.3/r=1/sig=0/cf=11.0877,A_core,0.0,0.4,0.3,1.0,0.0,1.0,11.087667012373094,wiki_A,native,oracle_tax,2544963210.154,0.896234,38.6,38.6,140.3,0.0,0.0,0.0,101.7,0.073,101.7,125224997.142,ours_noinflate,0.977395
h=0/q0=0.4/p=0.3/r=1/sig=0/cf=11.0877,A_core,0.0,0.4,0.3,1.0,0.0,1.0,11.087667012373094,wiki_A,native,ours_spend_cap,3726992483.185,1.312497,8.4,30.4,352.1,0.0,0.0,0.0,290.7,0.023,244.9,297181323.038,ours_noinflate,0.977395
h=0/q0=0.4/p=0.3/r=1/sig=0/cf=11.0877,A_core,0.0,0.4,0.3,1.0,0.0,1.0,11.087667012373094,wiki_A,native,ours_cap_epoch,3726992483.185,1.312497,8.4,30.4,352.1,0.0,0.0,0.0,290.7,0.023,244.9,297181323.038,ours_noinflate,0.977395
h=0/q0=0.4/p=0.3/r=1/sig=0/cf=11.0877,A_core,0.0,0.4,0.3,1.0,0.0,1.0,11.087667012373094,wiki_A,native,ours_cap_realized,3720604980.25,1.310247,8.6,30.8,352.1,0.0,0.0,0.0,290.6,0.023,244.9,297181323.038,ours_noinflate,0.977395
h=0/q0=0.4/p=0.3/r=1/sig=0/cf=11.0877,A_core,0.0,0.4,0.3,1.0,0.0,1.0,11.087667012373094,wiki_A,native,ours_pi_prior,2852885718.072,1.004672,12.4,42.8,509.0,0.0,0.0,0.0,417.3,0.04,356.3,434078497.397,ours_noinflate,0.977395
h=0/q0=0.4/p=0.3/r=1/sig=0/cf=11.0877,A_core,0.0,0.4,0.3,1.0,0.0,1.0,11.087667012373094,wiki_A,native,breakeven,4365303743.886,1.537284,0.2,8.1,450.9,0.0,0.0,0.0,376.2,0.008,312.1,379275126.415,ours_noinflate,0.977395
h=0/q0=0.4/p=0.3/r=1/sig=0/cf=11.0877,A_core,0.0,0.4,0.3,1.0,0.0,1.0,11.087667012373094,wiki_A,native,breakeven_cap_epoch,4646310299.228,1.636244,0.0,6.8,287.1,0.0,0.0,0.0,241.6,0.007,199.2,240904517.53,ours_noinflate,0.977395
h=0/q0=0.4/p=0.3/r=1/sig=0/cf=11.0877,A_core,0.0,0.4,0.3,1.0,0.0,1.0,11.087667012373094,wiki_A,native,offline_taxblind,2159916675.1,0.760636,,,,,,,,,,,ours_noinflate,0.977395
h=0/q0=0.4/p=0.3/r=1/sig=0/cf=11.0877,A_core,0.0,0.4,0.3,1.0,0.0,1.0,11.087667012373094,wiki_A,native,offline_opt_tax,2235335149.065,0.787195,,,,,,,,,,,ours_noinflate,0.977395
h=0/q0=0.4/p=0.3/r=1/sig=0/cf=11.0877,A_core,0.0,0.4,0.3,1.0,0.0,1.0,11.087667012373094,wiki_B,autorpa_233k,always_reactive,8991713899.193,0.765201,0.0,0.0,0.0,0.0,0.0,0.0,0.0,0.004,0.0,0.0,always_reactive,0.570023
h=0/q0=0.4/p=0.3/r=1/sig=0/cf=11.0877,A_core,0.0,0.4,0.3,1.0,0.0,1.0,11.087667012373094,wiki_B,autorpa_233k,always_compile_evict,15774300152.832,1.342405,147.1,165.3,3781.9,0.0,0.0,0.0,3619.3,0.067,2647.6,6839879773.396,always_reactive,0.570023
h=0/q0=0.4/p=0.3/r=1/sig=0/cf=11.0877,A_core,0.0,0.4,0.3,1.0,0.0,1.0,11.087667012373094,wiki_B,autorpa_233k,ours_noinflate,11750779410.78,1.0,104.6,115.7,1746.9,0.0,0.0,0.0,1633.4,0.052,1220.4,3152813595.503,always_reactive,0.570023
h=0/q0=0.4/p=0.3/r=1/sig=0/cf=11.0877,A_core,0.0,0.4,0.3,1.0,0.0,1.0,11.087667012373094,wiki_B,autorpa_233k,oracle_tax,8708185056.85,0.741073,38.8,38.8,131.1,0.0,0.0,0.0,92.3,0.03,92.3,238450258.001,always_reactive,0.570023
h=0/q0=0.4/p=0.3/r=1/sig=0/cf=11.0877,A_core,0.0,0.4,0.3,1.0,0.0,1.0,11.087667012373094,wiki_B,autorpa_233k,ours_spend_cap,10646819258.515,0.906052,51.9,60.2,1010.4,0.0,0.0,0.0,955.7,0.031,705.8,1823382362.919,always_reactive,0.570023
h=0/q0=0.4/p=0.3/r=1/sig=0/cf=11.0877,A_core,0.0,0.4,0.3,1.0,0.0,1.0,11.087667012373094,wiki_B,autorpa_233k,ours_cap_epoch,10646819258.515,0.906052,51.9,60.2,1010.4,0.0,0.0,0.0,955.7,0.031,705.8,1823382362.919,always_reactive,0.570023
h=0/q0=0.4/p=0.3/r=1/sig=0/cf=11.0877,A_core,0.0,0.4,0.3,1.0,0.0,1.0,11.087667012373094,wiki_B,autorpa_233k,ours_cap_realized,10647165099.983,0.906082,52.0,61.6,1010.4,0.0,0.0,0.0,955.7,0.031,705.8,1823382362.919,always_reactive,0.570023
h=0/q0=0.4/p=0.3/r=1/sig=0/cf=11.0877,A_core,0.0,0.4,0.3,1.0,0.0,1.0,11.087667012373094,wiki_B,autorpa_233k,ours_pi_prior,11516472537.843,0.98006,95.1,108.0,1614.0,0.0,0.0,0.0,1508.9,0.05,1124.5,2905063002.411,always_reactive,0.570023
h=0/q0=0.4/p=0.3/r=1/sig=0/cf=11.0877,A_core,0.0,0.4,0.3,1.0,0.0,1.0,11.087667012373094,wiki_B,autorpa_233k,breakeven,10581582498.858,0.9005,5.6,14.0,913.2,0.0,0.0,0.0,842.5,0.008,636.2,1643575884.512,always_reactive,0.570023
h=0/q0=0.4/p=0.3/r=1/sig=0/cf=11.0877,A_core,0.0,0.4,0.3,1.0,0.0,1.0,11.087667012373094,wiki_B,autorpa_233k,breakeven_cap_epoch,9955120317.027,0.847188,3.6,10.5,541.3,0.0,0.0,0.0,507.4,0.007,378.9,978860268.22,always_reactive,0.570023
h=0/q0=0.4/p=0.3/r=1/sig=0/cf=11.0877,A_core,0.0,0.4,0.3,1.0,0.0,1.0,11.087667012373094,wiki_B,autorpa_233k,offline_taxblind,7926651397.938,0.674564,,,,,,,,,,,always_reactive,0.570023
h=0/q0=0.4/p=0.3/r=1/sig=0/cf=11.0877,A_core,0.0,0.4,0.3,1.0,0.0,1.0,11.087667012373094,wiki_B,autorpa_233k,offline_opt_tax,8306381729.092,0.706879,,,,,,,,,,,always_reactive,0.570023
h=0/q0=0.4/p=0.3/r=1/sig=0/cf=11.0877,A_core,0.0,0.4,0.3,1.0,0.0,1.0,11.087667012373094,wiki_B,native,always_reactive,8991713899.193,0.857537,0.0,0.0,0.0,0.0,0.0,0.0,0.0,0.004,0.0,0.0,always_reactive,0.779661
h=0/q0=0.4/p=0.3/r=1/sig=0/cf=11.0877,A_core,0.0,0.4,0.3,1.0,0.0,1.0,11.087667012373094,wiki_B,native,always_compile_evict,11532844655.511,1.099883,92.6,100.0,3781.9,0.0,0.0,0.0,3398.3,0.055,2647.6,3157059919.17,always_reactive,0.779661
h=0/q0=0.4/p=0.3/r=1/sig=0/cf=11.0877,A_core,0.0,0.4,0.3,1.0,0.0,1.0,11.087667012373094,wiki_B,native,ours_noinflate,10485516041.778,1.0,83.2,91.1,2527.6,0.0,0.0,0.0,2210.5,0.051,1766.1,2150879711.501,always_reactive,0.779661
h=0/q0=0.4/p=0.3/r=1/sig=0/cf=11.0877,A_core,0.0,0.4,0.3,1.0,0.0,1.0,11.087667012373094,wiki_B,native,oracle_tax,8599759643.483,0.820156,46.4,46.4,158.4,0.0,0.0,0.0,112.0,0.033,112.0,136767245.751,always_reactive,0.779661
h=0/q0=0.4/p=0.3/r=1/sig=0/cf=11.0877,A_core,0.0,0.4,0.3,1.0,0.0,1.0,11.087667012373094,wiki_B,native,ours_spend_cap,10070141007.895,0.960386,53.3,59.8,1769.2,0.0,0.0,0.0,1567.2,0.034,1242.3,1508914387.413,always_reactive,0.779661
h=0/q0=0.4/p=0.3/r=1/sig=0/cf=11.0877,A_core,0.0,0.4,0.3,1.0,0.0,1.0,11.087667012373094,wiki_B,native,ours_cap_epoch,10070141007.895,0.960386,53.3,59.8,1769.2,0.0,0.0,0.0,1567.2,0.034,1242.3,1508914387.413,always_reactive,0.779661
h=0/q0=0.4/p=0.3/r=1/sig=0/cf=11.0877,A_core,0.0,0.4,0.3,1.0,0.0,1.0,11.087667012373094,wiki_B,native,ours_cap_realized,10064171989.421,0.959817,53.9,60.3,1769.2,0.0,0.0,0.0,1564.7,0.035,1242.3,1508914387.413,always_reactive,0.779661
h=0/q0=0.4/p=0.3/r=1/sig=0/cf=11.0877,A_core,0.0,0.4,0.3,1.0,0.0,1.0,11.087667012373094,wiki_B,native,ours_pi_prior,10353517537.824,0.987411,79.7,87.6,2335.8,0.0,0.0,0.0,2038.7,0.049,1639.6,2001221442.364,always_reactive,0.779661
h=0/q0=0.4/p=0.3/r=1/sig=0/cf=11.0877,A_core,0.0,0.4,0.3,1.0,0.0,1.0,11.087667012373094,wiki_B,native,breakeven,10391532640.014,0.991037,5.8,13.5,1762.7,0.0,0.0,0.0,1613.9,0.008,1228.7,1488091788.125,always_reactive,0.779661
h=0/q0=0.4/p=0.3/r=1/sig=0/cf=11.0877,A_core,0.0,0.4,0.3,1.0,0.0,1.0,11.087667012373094,wiki_B,native,breakeven_cap_epoch,9986739661.923,0.952432,4.6,10.8,1231.8,0.0,0.0,0.0,1132.9,0.007,861.8,1044710641.642,always_reactive,0.779661
h=0/q0=0.4/p=0.3/r=1/sig=0/cf=11.0877,A_core,0.0,0.4,0.3,1.0,0.0,1.0,11.087667012373094,wiki_B,native,offline_taxblind,7748455344.178,0.738967,,,,,,,,,,,always_reactive,0.779661
h=0/q0=0.4/p=0.3/r=1/sig=0/cf=11.0877,A_core,0.0,0.4,0.3,1.0,0.0,1.0,11.087667012373094,wiki_B,native,offline_opt_tax,8053280857.418,0.768039,,,,,,,,,,,always_reactive,0.779661
h=0/q0=0.4/p=0.3/r=1/sig=0/cf=1,A_core,0.0,0.4,0.3,1.0,0.0,1.0,1.0,bpi2019,autorpa_233k,always_reactive,26858149732.486,1.801062,0.0,0.0,0.0,0.0,0.0,0.0,0.0,0.003,0.0,0.0,ours_noinflate,0.960899
h=0/q0=0.4/p=0.3/r=1/sig=0/cf=1,A_core,0.0,0.4,0.3,1.0,0.0,1.0,1.0,bpi2019,autorpa_233k,always_compile_evict,15519215782.205,1.040692,99.5,153.4,4453.6,0.0,0.0,0.0,4211.1,0.174,3117.5,726377500.0,ours_noinflate,0.960899
h=0/q0=0.4/p=0.3/r=1/sig=0/cf=1,A_core,0.0,0.4,0.3,1.0,0.0,1.0,1.0,bpi2019,autorpa_233k,ours_noinflate,14912393494.854,1.0,71.3,107.5,2082.4,0.0,0.0,0.0,1938.1,0.126,1456.3,339317900.0,ours_noinflate,0.960899
h=0/q0=0.4/p=0.3/r=1/sig=0/cf=1,A_core,0.0,0.4,0.3,1.0,0.0,1.0,1.0,bpi2019,autorpa_233k,oracle_tax,14159866800.545,0.949537,89.9,89.9,290.8,0.0,0.0,0.0,200.9,0.084,200.9,46809700.0,ours_noinflate,0.960899
h=0/q0=0.4/p=0.3/r=1/sig=0/cf=1,A_core,0.0,0.4,0.3,1.0,0.0,1.0,1.0,bpi2019,autorpa_233k,ours_spend_cap,14913369579.332,1.000065,71.1,107.5,2082.4,0.0,0.0,0.0,1938.2,0.126,1456.3,339317900.0,ours_noinflate,0.960899
h=0/q0=0.4/p=0.3/r=1/sig=0/cf=1,A_core,0.0,0.4,0.3,1.0,0.0,1.0,1.0,bpi2019,autorpa_233k,ours_cap_epoch,14913369579.332,1.000065,71.1,107.5,2082.4,0.0,0.0,0.0,1938.2,0.126,1456.3,339317900.0,ours_noinflate,0.960899
h=0/q0=0.4/p=0.3/r=1/sig=0/cf=1,A_core,0.0,0.4,0.3,1.0,0.0,1.0,1.0,bpi2019,autorpa_233k,ours_cap_realized,14912488003.316,1.000006,71.3,107.5,2082.4,0.0,0.0,0.0,1938.1,0.126,1456.3,339317900.0,ours_noinflate,0.960899
h=0/q0=0.4/p=0.3/r=1/sig=0/cf=1,A_core,0.0,0.4,0.3,1.0,0.0,1.0,1.0,bpi2019,autorpa_233k,ours_pi_prior,16516872447.06,1.107594,68.6,101.8,1917.3,0.0,0.0,0.0,1783.7,0.108,1343.2,312965600.0,ours_noinflate,0.960899
h=0/q0=0.4/p=0.3/r=1/sig=0/cf=1,A_core,0.0,0.4,0.3,1.0,0.0,1.0,1.0,bpi2019,autorpa_233k,breakeven,26879740092.034,1.80251,6.6,13.3,1442.6,0.0,0.0,0.0,1334.2,0.007,1013.7,236192100.0,ours_noinflate,0.960899
h=0/q0=0.4/p=0.3/r=1/sig=0/cf=1,A_core,0.0,0.4,0.3,1.0,0.0,1.0,1.0,bpi2019,autorpa_233k,breakeven_cap_epoch,26885710644.137,1.80291,6.4,13.1,1406.6,0.0,0.0,0.0,1300.6,0.007,987.5,230087500.0,ours_noinflate,0.960899
h=0/q0=0.4/p=0.3/r=1/sig=0/cf=1,A_core,0.0,0.4,0.3,1.0,0.0,1.0,1.0,bpi2019,autorpa_233k,offline_taxblind,12230888086.394,0.820183,,,,,,,,,,,ours_noinflate,0.960899
h=0/q0=0.4/p=0.3/r=1/sig=0/cf=1,A_core,0.0,0.4,0.3,1.0,0.0,1.0,1.0,bpi2019,autorpa_233k,offline_opt_tax,13386424219.197,0.897671,,,,,,,,,,,ours_noinflate,0.960899
h=0/q0=0.4/p=0.3/r=1/sig=0/cf=1,A_core,0.0,0.4,0.3,1.0,0.0,1.0,1.0,bpi2019,native,always_reactive,26858149732.486,1.943168,0.0,0.0,0.0,0.0,0.0,0.0,0.0,0.003,0.0,0.0,ours_noinflate,0.99469
h=0/q0=0.4/p=0.3/r=1/sig=0/cf=1,A_core,0.0,0.4,0.3,1.0,0.0,1.0,1.0,bpi2019,native,always_compile_evict,13895618370.353,1.005338,68.8,101.2,4453.6,0.0,0.0,0.0,3875.5,0.118,3117.5,332664347.5,ours_noinflate,0.99469
h=0/q0=0.4/p=0.3/r=1/sig=0/cf=1,A_core,0.0,0.4,0.3,1.0,0.0,1.0,1.0,bpi2019,native,ours_noinflate,13821832990.926,1.0,62.6,92.6,2912.2,0.0,0.0,0.0,2461.1,0.109,2036.4,221836669.8,ours_noinflate,0.99469
h=0/q0=0.4/p=0.3/r=1/sig=0/cf=1,A_core,0.0,0.4,0.3,1.0,0.0,1.0,1.0,bpi2019,native,oracle_tax,14126294759.787,1.022028,93.4,93.4,304.5,0.0,0.0,0.0,211.1,0.085,211.1,22828779.7,ours_noinflate,0.99469
h=0/q0=0.4/p=0.3/r=1/sig=0/cf=1,A_core,0.0,0.4,0.3,1.0,0.0,1.0,1.0,bpi2019,native,ours_spend_cap,13823502234.094,1.000121,62.5,92.5,2912.2,0.0,0.0,0.0,2461.4,0.109,2036.4,221836669.8,ours_noinflate,0.99469
h=0/q0=0.4/p=0.3/r=1/sig=0/cf=1,A_core,0.0,0.4,0.3,1.0,0.0,1.0,1.0,bpi2019,native,ours_cap_epoch,13823502234.094,1.000121,62.5,92.5,2912.2,0.0,0.0,0.0,2461.4,0.109,2036.4,221836669.8,ours_noinflate,0.99469
h=0/q0=0.4/p=0.3/r=1/sig=0/cf=1,A_core,0.0,0.4,0.3,1.0,0.0,1.0,1.0,bpi2019,native,ours_cap_realized,13822047981.614,1.000016,62.6,92.6,2912.2,0.0,0.0,0.0,2461.2,0.109,2036.4,221836669.8,ours_noinflate,0.99469
h=0/q0=0.4/p=0.3/r=1/sig=0/cf=1,A_core,0.0,0.4,0.3,1.0,0.0,1.0,1.0,bpi2019,native,ours_pi_prior,14001923284.474,1.013029,58.0,85.8,2705.3,0.0,0.0,0.0,2280.0,0.102,1894.6,207166779.95,ours_noinflate,0.99469
h=0/q0=0.4/p=0.3/r=1/sig=0/cf=1,A_core,0.0,0.4,0.3,1.0,0.0,1.0,1.0,bpi2019,native,breakeven,26856459642.13,1.943046,1.2,11.6,2393.3,0.0,0.0,0.0,2188.5,0.005,1672.5,182174118.75,ours_noinflate,0.99469
h=0/q0=0.4/p=0.3/r=1/sig=0/cf=1,A_core,0.0,0.4,0.3,1.0,0.0,1.0,1.0,bpi2019,native,breakeven_cap_epoch,26862247753.782,1.943465,1.2,11.3,2371.1,0.0,0.0,0.0,2168.8,0.005,1657.4,180683734.3,ours_noinflate,0.99469
h=0/q0=0.4/p=0.3/r=1/sig=0/cf=1,A_core,0.0,0.4,0.3,1.0,0.0,1.0,1.0,bpi2019,native,offline_taxblind,11980314674.101,0.866767,,,,,,,,,,,ours_noinflate,0.99469
h=0/q0=0.4/p=0.3/r=1/sig=0/cf=1,A_core,0.0,0.4,0.3,1.0,0.0,1.0,1.0,bpi2019,native,offline_opt_tax,12854668430.229,0.930026,,,,,,,,,,,ours_noinflate,0.99469
h=0/q0=0.4/p=0.3/r=1/sig=0/cf=1,A_core,0.0,0.4,0.3,1.0,0.0,1.0,1.0,sepsis,autorpa_233k,always_reactive,93787502.059,0.980177,0.0,0.0,0.0,0.0,0.0,0.0,0.0,0.004,0.0,0.0,always_reactive,0.916204
h=0/q0=0.4/p=0.3/r=1/sig=0/cf=1,A_core,0.0,0.4,0.3,1.0,0.0,1.0,1.0,sepsis,autorpa_233k,always_compile_evict,102365342.267,1.069824,13.5,13.8,55.3,0.0,0.0,0.0,49.2,0.01,40.6,9459800.0,always_reactive,0.916204
h=0/q0=0.4/p=0.3/r=1/sig=0/cf=1,A_core,0.0,0.4,0.3,1.0,0.0,1.0,1.0,sepsis,autorpa_233k,ours_noinflate,95684245.459,1.0,4.3,4.3,15.4,0.0,0.0,0.0,12.4,0.005,10.9,2539700.0,always_reactive,0.916204
h=0/q0=0.4/p=0.3/r=1/sig=0/cf=1,A_core,0.0,0.4,0.3,1.0,0.0,1.0,1.0,sepsis,autorpa_233k,oracle_tax,92979251.585,0.97173,1.6,1.6,4.3,0.0,0.0,0.0,2.7,0.006,2.7,629100.0,always_reactive,0.916204
h=0/q0=0.4/p=0.3/r=1/sig=0/cf=1,A_core,0.0,0.4,0.3,1.0,0.0,1.0,1.0,sepsis,autorpa_233k,ours_spend_cap,95684245.459,1.0,4.3,4.3,15.4,0.0,0.0,0.0,12.4,0.005,10.9,2539700.0,always_reactive,0.916204
h=0/q0=0.4/p=0.3/r=1/sig=0/cf=1,A_core,0.0,0.4,0.3,1.0,0.0,1.0,1.0,sepsis,autorpa_233k,ours_cap_epoch,95684245.459,1.0,4.3,4.3,15.4,0.0,0.0,0.0,12.4,0.005,10.9,2539700.0,always_reactive,0.916204
h=0/q0=0.4/p=0.3/r=1/sig=0/cf=1,A_core,0.0,0.4,0.3,1.0,0.0,1.0,1.0,sepsis,autorpa_233k,ours_cap_realized,95684245.459,1.0,4.3,4.3,15.4,0.0,0.0,0.0,12.4,0.005,10.9,2539700.0,always_reactive,0.916204
h=0/q0=0.4/p=0.3/r=1/sig=0/cf=1,A_core,0.0,0.4,0.3,1.0,0.0,1.0,1.0,sepsis,autorpa_233k,ours_pi_prior,96058622.466,1.003913,4.3,4.3,15.4,0.0,0.0,0.0,12.9,0.005,11.1,2586300.0,always_reactive,0.916204
h=0/q0=0.4/p=0.3/r=1/sig=0/cf=1,A_core,0.0,0.4,0.3,1.0,0.0,1.0,1.0,sepsis,autorpa_233k,breakeven,95037903.844,0.993245,2.9,3.0,10.0,0.0,0.0,0.0,8.5,0.005,6.9,1607700.0,always_reactive,0.916204
h=0/q0=0.4/p=0.3/r=1/sig=0/cf=1,A_core,0.0,0.4,0.3,1.0,0.0,1.0,1.0,sepsis,autorpa_233k,breakeven_cap_epoch,95037903.844,0.993245,2.9,3.0,10.0,0.0,0.0,0.0,8.5,0.005,6.9,1607700.0,always_reactive,0.916204
h=0/q0=0.4/p=0.3/r=1/sig=0/cf=1,A_core,0.0,0.4,0.3,1.0,0.0,1.0,1.0,sepsis,autorpa_233k,offline_taxblind,92599722.805,0.967764,,,,,,,,,,,always_reactive,0.916204
h=0/q0=0.4/p=0.3/r=1/sig=0/cf=1,A_core,0.0,0.4,0.3,1.0,0.0,1.0,1.0,sepsis,autorpa_233k,offline_opt_tax,92925478.44,0.971168,,,,,,,,,,,always_reactive,0.916204
h=0/q0=0.4/p=0.3/r=1/sig=0/cf=1,A_core,0.0,0.4,0.3,1.0,0.0,1.0,1.0,sepsis,native,always_reactive,93787502.059,0.998398,0.0,0.0,0.0,0.0,0.0,0.0,0.0,0.004,0.0,0.0,always_reactive,0.982211
h=0/q0=0.4/p=0.3/r=1/sig=0/cf=1,A_core,0.0,0.4,0.3,1.0,0.0,1.0,1.0,sepsis,native,always_compile_evict,95486127.467,1.016481,11.6,13.2,55.3,0.0,0.0,0.0,46.7,0.01,40.6,4424649.2,always_reactive,0.982211
h=0/q0=0.4/p=0.3/r=1/sig=0/cf=1,A_core,0.0,0.4,0.3,1.0,0.0,1.0,1.0,sepsis,native,ours_noinflate,93937958.893,1.0,6.1,7.5,28.5,0.0,0.0,0.0,22.4,0.007,20.6,2357335.45,always_reactive,0.982211
h=0/q0=0.4/p=0.3/r=1/sig=0/cf=1,A_core,0.0,0.4,0.3,1.0,0.0,1.0,1.0,sepsis,native,oracle_tax,92616937.484,0.985937,4.4,4.4,17.2,0.0,0.0,0.0,12.8,0.007,12.8,1589366.35,always_reactive,0.982211
h=0/q0=0.4/p=0.3/r=1/sig=0/cf=1,A_core,0.0,0.4,0.3,1.0,0.0,1.0,1.0,sepsis,native,ours_spend_cap,93937958.893,1.0,6.1,7.5,28.5,0.0,0.0,0.0,22.4,0.007,20.6,2357335.45,always_reactive,0.982211
h=0/q0=0.4/p=0.3/r=1/sig=0/cf=1,A_core,0.0,0.4,0.3,1.0,0.0,1.0,1.0,sepsis,native,ours_cap_epoch,93937958.893,1.0,6.1,7.5,28.5,0.0,0.0,0.0,22.4,0.007,20.6,2357335.45,always_reactive,0.982211
h=0/q0=0.4/p=0.3/r=1/sig=0/cf=1,A_core,0.0,0.4,0.3,1.0,0.0,1.0,1.0,sepsis,native,ours_cap_realized,93937958.893,1.0,6.1,7.5,28.5,0.0,0.0,0.0,22.4,0.007,20.6,2357335.45,always_reactive,0.982211
h=0/q0=0.4/p=0.3/r=1/sig=0/cf=1,A_core,0.0,0.4,0.3,1.0,0.0,1.0,1.0,sepsis,native,ours_pi_prior,94156289.708,1.002324,6.5,7.5,27.8,0.0,0.0,0.0,22.0,0.007,20.0,2323792.75,always_reactive,0.982211
h=0/q0=0.4/p=0.3/r=1/sig=0/cf=1,A_core,0.0,0.4,0.3,1.0,0.0,1.0,1.0,sepsis,native,breakeven,94053620.5,1.001231,5.6,6.3,24.9,0.0,0.0,0.0,19.3,0.007,17.7,2064458.4,always_reactive,0.982211
h=0/q0=0.4/p=0.3/r=1/sig=0/cf=1,A_core,0.0,0.4,0.3,1.0,0.0,1.0,1.0,sepsis,native,breakeven_cap_epoch,94059820.521,1.001297,5.6,6.3,24.9,0.0,0.0,0.0,19.5,0.007,17.7,2064458.4,always_reactive,0.982211
h=0/q0=0.4/p=0.3/r=1/sig=0/cf=1,A_core,0.0,0.4,0.3,1.0,0.0,1.0,1.0,sepsis,native,offline_taxblind,90338383.691,0.961681,,,,,,,,,,,always_reactive,0.982211
h=0/q0=0.4/p=0.3/r=1/sig=0/cf=1,A_core,0.0,0.4,0.3,1.0,0.0,1.0,1.0,sepsis,native,offline_opt_tax,91014531.551,0.968879,,,,,,,,,,,always_reactive,0.982211
h=0/q0=0.4/p=0.3/r=1/sig=0/cf=1,A_core,0.0,0.4,0.3,1.0,0.0,1.0,1.0,wiki_A,autorpa_233k,always_reactive,4770469730.199,1.637559,0.0,0.0,0.0,0.0,0.0,0.0,0.0,0.005,0.0,0.0,always_compile_evict,1.0
h=0/q0=0.4/p=0.3/r=1/sig=0/cf=1,A_core,0.0,0.4,0.3,1.0,0.0,1.0,1.0,wiki_A,autorpa_233k,always_compile_evict,2481304068.965,0.851757,30.6,72.5,755.3,0.0,0.0,0.0,673.8,0.076,529.9,123466700.0,always_compile_evict,1.0
h=0/q0=0.4/p=0.3/r=1/sig=0/cf=1,A_core,0.0,0.4,0.3,1.0,0.0,1.0,1.0,wiki_A,autorpa_233k,ours_noinflate,2913159629.427,1.0,22.1,46.7,372.4,0.0,0.0,0.0,313.8,0.043,259.8,60533400.0,always_compile_evict,1.0
h=0/q0=0.4/p=0.3/r=1/sig=0/cf=1,A_core,0.0,0.4,0.3,1.0,0.0,1.0,1.0,wiki_A,autorpa_233k,oracle_tax,2447405708.49,0.840121,34.3,34.3,128.2,0.0,0.0,0.0,93.9,0.071,93.9,21878700.0,always_compile_evict,1.0
h=0/q0=0.4/p=0.3/r=1/sig=0/cf=1,A_core,0.0,0.4,0.3,1.0,0.0,1.0,1.0,wiki_A,autorpa_233k,ours_spend_cap,2913446122.111,1.000098,22.1,46.7,372.4,0.0,0.0,0.0,313.8,0.043,259.8,60533400.0,always_compile_evict,1.0
h=0/q0=0.4/p=0.3/r=1/sig=0/cf=1,A_core,0.0,0.4,0.3,1.0,0.0,1.0,1.0,wiki_A,autorpa_233k,ours_cap_epoch,2913446122.111,1.000098,22.1,46.7,372.4,0.0,0.0,0.0,313.8,0.043,259.8,60533400.0,always_compile_evict,1.0
h=0/q0=0.4/p=0.3/r=1/sig=0/cf=1,A_core,0.0,0.4,0.3,1.0,0.0,1.0,1.0,wiki_A,autorpa_233k,ours_cap_realized,2913166144.901,1.000002,22.1,46.7,372.4,0.0,0.0,0.0,313.8,0.043,259.8,60533400.0,always_compile_evict,1.0
h=0/q0=0.4/p=0.3/r=1/sig=0/cf=1,A_core,0.0,0.4,0.3,1.0,0.0,1.0,1.0,wiki_A,autorpa_233k,ours_pi_prior,2695026612.843,0.925122,21.5,42.6,348.3,0.0,0.0,0.0,292.9,0.044,242.2,56432600.0,always_compile_evict,1.0
h=0/q0=0.4/p=0.3/r=1/sig=0/cf=1,A_core,0.0,0.4,0.3,1.0,0.0,1.0,1.0,wiki_A,autorpa_233k,breakeven,4057445540.34,1.392799,0.2,7.7,304.4,0.0,0.0,0.0,252.6,0.009,214.2,49908600.0,always_compile_evict,1.0
h=0/q0=0.4/p=0.3/r=1/sig=0/cf=1,A_core,0.0,0.4,0.3,1.0,0.0,1.0,1.0,wiki_A,autorpa_233k,breakeven_cap_epoch,4076138520.829,1.399216,0.2,8.1,292.1,0.0,0.0,0.0,242.7,0.009,204.9,47741700.0,always_compile_evict,1.0
h=0/q0=0.4/p=0.3/r=1/sig=0/cf=1,A_core,0.0,0.4,0.3,1.0,0.0,1.0,1.0,wiki_A,autorpa_233k,offline_taxblind,2208974951.991,0.758275,,,,,,,,,,,always_compile_evict,1.0
h=0/q0=0.4/p=0.3/r=1/sig=0/cf=1,A_core,0.0,0.4,0.3,1.0,0.0,1.0,1.0,wiki_A,autorpa_233k,offline_opt_tax,2293720327.117,0.787365,,,,,,,,,,,always_compile_evict,1.0
h=0/q0=0.4/p=0.3/r=1/sig=0/cf=1,A_core,0.0,0.4,0.3,1.0,0.0,1.0,1.0,wiki_A,native,always_reactive,4770469730.199,1.962506,0.0,0.0,0.0,0.0,0.0,0.0,0.0,0.005,0.0,0.0,always_compile_evict,1.0
h=0/q0=0.4/p=0.3/r=1/sig=0/cf=1,A_core,0.0,0.4,0.3,1.0,0.0,1.0,1.0,wiki_A,native,always_compile_evict,2329723785.615,0.958417,13.2,52.0,755.3,0.0,0.0,0.0,640.7,0.056,529.9,57056989.55,always_compile_evict,1.0
h=0/q0=0.4/p=0.3/r=1/sig=0/cf=1,A_core,0.0,0.4,0.3,1.0,0.0,1.0,1.0,wiki_A,native,ours_noinflate,2430805025.043,1.0,12.5,44.2,528.9,0.0,0.0,0.0,431.8,0.048,367.7,40526243.65,always_compile_evict,1.0
h=0/q0=0.4/p=0.3/r=1/sig=0/cf=1,A_core,0.0,0.4,0.3,1.0,0.0,1.0,1.0,wiki_A,native,oracle_tax,2431032292.912,1.000093,38.6,38.6,140.3,0.0,0.0,0.0,101.7,0.076,101.7,11294079.9,always_compile_evict,1.0
h=0/q0=0.4/p=0.3/r=1/sig=0/cf=1,A_core,0.0,0.4,0.3,1.0,0.0,1.0,1.0,wiki_A,native,ours_spend_cap,2431240213.642,1.000179,12.5,44.2,528.9,0.0,0.0,0.0,431.7,0.048,367.7,40526243.65,always_compile_evict,1.0
h=0/q0=0.4/p=0.3/r=1/sig=0/cf=1,A_core,0.0,0.4,0.3,1.0,0.0,1.0,1.0,wiki_A,native,ours_cap_epoch,2431240213.642,1.000179,12.5,44.2,528.9,0.0,0.0,0.0,431.7,0.048,367.7,40526243.65,always_compile_evict,1.0
h=0/q0=0.4/p=0.3/r=1/sig=0/cf=1,A_core,0.0,0.4,0.3,1.0,0.0,1.0,1.0,wiki_A,native,ours_cap_realized,2430805025.043,1.0,12.5,44.2,528.9,0.0,0.0,0.0,431.8,0.048,367.7,40526243.65,always_compile_evict,1.0
h=0/q0=0.4/p=0.3/r=1/sig=0/cf=1,A_core,0.0,0.4,0.3,1.0,0.0,1.0,1.0,wiki_A,native,ours_pi_prior,2457956890.025,1.01117,12.4,42.8,509.0,0.0,0.0,0.0,417.3,0.046,356.3,39149669.35,always_compile_evict,1.0
h=0/q0=0.4/p=0.3/r=1/sig=0/cf=1,A_core,0.0,0.4,0.3,1.0,0.0,1.0,1.0,wiki_A,native,breakeven,4020235554.421,1.65387,0.2,8.1,450.9,0.0,0.0,0.0,376.2,0.008,312.1,34206936.95,always_compile_evict,1.0
h=0/q0=0.4/p=0.3/r=1/sig=0/cf=1,A_core,0.0,0.4,0.3,1.0,0.0,1.0,1.0,wiki_A,native,breakeven_cap_epoch,4027922384.577,1.657032,0.2,8.3,445.0,0.0,0.0,0.0,370.8,0.008,307.7,33815116.15,always_compile_evict,1.0
h=0/q0=0.4/p=0.3/r=1/sig=0/cf=1,A_core,0.0,0.4,0.3,1.0,0.0,1.0,1.0,wiki_A,native,offline_taxblind,2159916675.1,0.88856,,,,,,,,,,,always_compile_evict,1.0
h=0/q0=0.4/p=0.3/r=1/sig=0/cf=1,A_core,0.0,0.4,0.3,1.0,0.0,1.0,1.0,wiki_A,native,offline_opt_tax,2235335149.065,0.919586,,,,,,,,,,,always_compile_evict,1.0
h=0/q0=0.4/p=0.3/r=1/sig=0/cf=1,A_core,0.0,0.4,0.3,1.0,0.0,1.0,1.0,wiki_B,autorpa_233k,always_reactive,8991713899.193,1.012316,0.0,0.0,0.0,0.0,0.0,0.0,0.0,0.004,0.0,0.0,ours_pi_prior,0.929026
h=0/q0=0.4/p=0.3/r=1/sig=0/cf=1,A_core,0.0,0.4,0.3,1.0,0.0,1.0,1.0,wiki_B,autorpa_233k,always_compile_evict,9551311179.447,1.075317,147.1,165.3,3781.9,0.0,0.0,0.0,3619.3,0.111,2647.6,616890800.0,ours_pi_prior,0.929026
h=0/q0=0.4/p=0.3/r=1/sig=0/cf=1,A_core,0.0,0.4,0.3,1.0,0.0,1.0,1.0,wiki_B,autorpa_233k,ours_noinflate,8882319015.287,1.0,104.6,115.7,1746.9,0.0,0.0,0.0,1633.4,0.069,1220.4,284353200.0,ours_pi_prior,0.929026
h=0/q0=0.4/p=0.3/r=1/sig=0/cf=1,A_core,0.0,0.4,0.3,1.0,0.0,1.0,1.0,wiki_B,autorpa_233k,oracle_tax,8491240698.849,0.955971,38.8,38.8,131.1,0.0,0.0,0.0,92.3,0.031,92.3,21505900.0,ours_pi_prior,0.929026
h=0/q0=0.4/p=0.3/r=1/sig=0/cf=1,A_core,0.0,0.4,0.3,1.0,0.0,1.0,1.0,wiki_B,autorpa_233k,ours_spend_cap,8882522120.069,1.000023,104.6,115.7,1746.9,0.0,0.0,0.0,1633.4,0.069,1220.4,284353200.0,ours_pi_prior,0.929026
h=0/q0=0.4/p=0.3/r=1/sig=0/cf=1,A_core,0.0,0.4,0.3,1.0,0.0,1.0,1.0,wiki_B,autorpa_233k,ours_cap_epoch,8882522120.069,1.000023,104.6,115.7,1746.9,0.0,0.0,0.0,1633.4,0.069,1220.4,284353200.0,ours_pi_prior,0.929026
h=0/q0=0.4/p=0.3/r=1/sig=0/cf=1,A_core,0.0,0.4,0.3,1.0,0.0,1.0,1.0,wiki_B,autorpa_233k,ours_cap_realized,8882373441.454,1.000006,104.6,115.7,1746.9,0.0,0.0,0.0,1633.4,0.069,1220.4,284353200.0,ours_pi_prior,0.929026
h=0/q0=0.4/p=0.3/r=1/sig=0/cf=1,A_core,0.0,0.4,0.3,1.0,0.0,1.0,1.0,wiki_B,autorpa_233k,ours_pi_prior,8873418035.44,0.998998,95.1,108.0,1614.0,0.0,0.0,0.0,1508.9,0.065,1124.5,262008500.0,ours_pi_prior,0.929026
h=0/q0=0.4/p=0.3/r=1/sig=0/cf=1,A_core,0.0,0.4,0.3,1.0,0.0,1.0,1.0,wiki_B,autorpa_233k,breakeven,9086241214.352,1.022958,5.6,14.0,913.2,0.0,0.0,0.0,842.5,0.01,636.2,148234600.0,ours_pi_prior,0.929026
h=0/q0=0.4/p=0.3/r=1/sig=0/cf=1,A_core,0.0,0.4,0.3,1.0,0.0,1.0,1.0,wiki_B,autorpa_233k,breakeven_cap_epoch,9082919235.694,1.022584,5.2,14.2,900.6,0.0,0.0,0.0,829.6,0.01,627.5,146207500.0,ours_pi_prior,0.929026
h=0/q0=0.4/p=0.3/r=1/sig=0/cf=1,A_core,0.0,0.4,0.3,1.0,0.0,1.0,1.0,wiki_B,autorpa_233k,offline_taxblind,7926651397.938,0.892408,,,,,,,,,,,ours_pi_prior,0.929026
h=0/q0=0.4/p=0.3/r=1/sig=0/cf=1,A_core,0.0,0.4,0.3,1.0,0.0,1.0,1.0,wiki_B,autorpa_233k,offline_opt_tax,8306381729.092,0.935159,,,,,,,,,,,ours_pi_prior,0.929026
h=0/q0=0.4/p=0.3/r=1/sig=0/cf=1,A_core,0.0,0.4,0.3,1.0,0.0,1.0,1.0,wiki_B,native,always_reactive,8991713899.193,1.054298,0.0,0.0,0.0,0.0,0.0,0.0,0.0,0.004,0.0,0.0,ours_noinflate,0.98477
h=0/q0=0.4/p=0.3/r=1/sig=0/cf=1,A_core,0.0,0.4,0.3,1.0,0.0,1.0,1.0,wiki_B,native,always_compile_evict,8660520913.55,1.015465,92.6,100.0,3781.9,0.0,0.0,0.0,3398.3,0.074,2647.6,284736177.2,ours_noinflate,0.98477
h=0/q0=0.4/p=0.3/r=1/sig=0/cf=1,A_core,0.0,0.4,0.3,1.0,0.0,1.0,1.0,wiki_B,native,ours_noinflate,8528624813.983,1.0,83.2,91.1,2527.6,0.0,0.0,0.0,2210.5,0.063,1766.1,193988483.7,ours_noinflate,0.98477
h=0/q0=0.4/p=0.3/r=1/sig=0/cf=1,A_core,0.0,0.4,0.3,1.0,0.0,1.0,1.0,wiki_B,native,oracle_tax,8475327476.482,0.993751,46.4,46.4,158.4,0.0,0.0,0.0,112.0,0.033,112.0,12335078.75,ours_noinflate,0.98477
h=0/q0=0.4/p=0.3/r=1/sig=0/cf=1,A_core,0.0,0.4,0.3,1.0,0.0,1.0,1.0,wiki_B,native,ours_spend_cap,8528973470.639,1.000041,83.2,91.1,2527.6,0.0,0.0,0.0,2210.9,0.063,1766.1,193988483.7,ours_noinflate,0.98477
h=0/q0=0.4/p=0.3/r=1/sig=0/cf=1,A_core,0.0,0.4,0.3,1.0,0.0,1.0,1.0,wiki_B,native,ours_cap_epoch,8528973470.639,1.000041,83.2,91.1,2527.6,0.0,0.0,0.0,2210.9,0.063,1766.1,193988483.7,ours_noinflate,0.98477
h=0/q0=0.4/p=0.3/r=1/sig=0/cf=1,A_core,0.0,0.4,0.3,1.0,0.0,1.0,1.0,wiki_B,native,ours_cap_realized,8528653532.971,1.000003,83.2,91.1,2527.6,0.0,0.0,0.0,2210.7,0.063,1766.1,193988483.7,ours_noinflate,0.98477
h=0/q0=0.4/p=0.3/r=1/sig=0/cf=1,A_core,0.0,0.4,0.3,1.0,0.0,1.0,1.0,wiki_B,native,ours_pi_prior,8532786855.167,1.000488,79.7,87.6,2335.8,0.0,0.0,0.0,2038.7,0.059,1639.6,180490759.7,ours_noinflate,0.98477
h=0/q0=0.4/p=0.3/r=1/sig=0/cf=1,A_core,0.0,0.4,0.3,1.0,0.0,1.0,1.0,wiki_B,native,breakeven,9037652294.795,1.059685,5.8,13.5,1762.7,0.0,0.0,0.0,1613.9,0.009,1228.7,134211442.9,ours_noinflate,0.98477
h=0/q0=0.4/p=0.3/r=1/sig=0/cf=1,A_core,0.0,0.4,0.3,1.0,0.0,1.0,1.0,wiki_B,native,breakeven_cap_epoch,9036891511.228,1.059595,5.9,13.5,1749.1,0.0,0.0,0.0,1599.6,0.009,1218.4,133234563.8,ours_noinflate,0.98477
h=0/q0=0.4/p=0.3/r=1/sig=0/cf=1,A_core,0.0,0.4,0.3,1.0,0.0,1.0,1.0,wiki_B,native,offline_taxblind,7748455344.178,0.908523,,,,,,,,,,,ours_noinflate,0.98477
h=0/q0=0.4/p=0.3/r=1/sig=0/cf=1,A_core,0.0,0.4,0.3,1.0,0.0,1.0,1.0,wiki_B,native,offline_opt_tax,8053280857.418,0.944265,,,,,,,,,,,ours_noinflate,0.98477
h=0/q0=0.4/p=0.5/r=1/sig=0/cf=11.0877,A_core,0.0,0.4,0.5,1.0,0.0,1.0,11.087667012373094,bpi2019,autorpa_233k,always_reactive,26858149732.486,1.686403,0.0,0.0,0.0,0.0,0.0,0.0,0.0,0.003,0.0,0.0,ours_noinflate,0.87629
h=0/q0=0.4/p=0.5/r=1/sig=0/cf=11.0877,A_core,0.0,0.4,0.5,1.0,0.0,1.0,11.087667012373094,bpi2019,autorpa_233k,always_compile_evict,18174678979.84,1.141175,85.5,122.7,3163.6,0.0,0.0,0.0,2769.2,0.112,1580.2,4082330419.218,ours_noinflate,0.87629
h=0/q0=0.4/p=0.5/r=1/sig=0/cf=11.0877,A_core,0.0,0.4,0.5,1.0,0.0,1.0,11.087667012373094,bpi2019,autorpa_233k,ours_noinflate,15926290545.051,1.0,66.1,92.3,1520.8,0.0,0.0,0.0,1280.3,0.101,760.2,1963920759.834,ours_noinflate,0.87629
h=0/q0=0.4/p=0.5/r=1/sig=0/cf=11.0877,A_core,0.0,0.4,0.5,1.0,0.0,1.0,11.087667012373094,bpi2019,autorpa_233k,oracle_tax,14362525855.407,0.901812,92.5,92.5,184.6,0.0,0.0,0.0,92.1,0.085,92.1,237933572.719,ours_noinflate,0.87629
h=0/q0=0.4/p=0.5/r=1/sig=0/cf=11.0877,A_core,0.0,0.4,0.5,1.0,0.0,1.0,11.087667012373094,bpi2019,autorpa_233k,ours_spend_cap,20301481975.997,1.274715,42.6,63.6,1094.9,0.0,0.0,0.0,931.1,0.054,548.0,1415717674.808,ours_noinflate,0.87629
h=0/q0=0.4/p=0.5/r=1/sig=0/cf=11.0877,A_core,0.0,0.4,0.5,1.0,0.0,1.0,11.087667012373094,bpi2019,autorpa_233k,ours_cap_epoch,20301481975.997,1.274715,42.6,63.6,1094.9,0.0,0.0,0.0,931.1,0.054,548.0,1415717674.808,ours_noinflate,0.87629
h=0/q0=0.4/p=0.5/r=1/sig=0/cf=11.0877,A_core,0.0,0.4,0.5,1.0,0.0,1.0,11.087667012373094,bpi2019,autorpa_233k,ours_cap_realized,20292218165.412,1.274133,42.6,63.8,1094.9,0.0,0.0,0.0,929.7,0.054,548.0,1415717674.808,ours_noinflate,0.87629
h=0/q0=0.4/p=0.5/r=1/sig=0/cf=11.0877,A_core,0.0,0.4,0.5,1.0,0.0,1.0,11.087667012373094,bpi2019,autorpa_233k,ours_pi_prior,16321696244.267,1.024827,63.7,86.8,1411.6,0.0,0.0,0.0,1183.1,0.093,704.7,1820540593.863,ours_noinflate,0.87629
h=0/q0=0.4/p=0.5/r=1/sig=0/cf=11.0877,A_core,0.0,0.4,0.5,1.0,0.0,1.0,11.087667012373094,bpi2019,autorpa_233k,breakeven,27993146184.679,1.757669,4.1,10.6,1013.5,0.0,0.0,0.0,897.5,0.005,508.2,1312897303.535,ours_noinflate,0.87629
h=0/q0=0.4/p=0.5/r=1/sig=0/cf=11.0877,A_core,0.0,0.4,0.5,1.0,0.0,1.0,11.087667012373094,bpi2019,autorpa_233k,breakeven_cap_epoch,27706345810.35,1.739661,4.0,7.6,729.2,0.0,0.0,0.0,653.7,0.005,365.9,945275724.84,ours_noinflate,0.87629
h=0/q0=0.4/p=0.5/r=1/sig=0/cf=11.0877,A_core,0.0,0.4,0.5,1.0,0.0,1.0,11.087667012373094,bpi2019,autorpa_233k,offline_taxblind,12057212619.3,0.757063,,,,,,,,,,,ours_noinflate,0.87629
h=0/q0=0.4/p=0.5/r=1/sig=0/cf=11.0877,A_core,0.0,0.4,0.5,1.0,0.0,1.0,11.087667012373094,bpi2019,autorpa_233k,offline_opt_tax,13041201922.811,0.818847,,,,,,,,,,,ours_noinflate,0.87629
h=0/q0=0.4/p=0.5/r=1/sig=0/cf=11.0877,A_core,0.0,0.4,0.5,1.0,0.0,1.0,11.087667012373094,bpi2019,native,always_reactive,26858149732.486,1.871758,0.0,0.0,0.0,0.0,0.0,0.0,0.0,0.003,0.0,0.0,ours_noinflate,0.962921
h=0/q0=0.4/p=0.5/r=1/sig=0/cf=11.0877,A_core,0.0,0.4,0.5,1.0,0.0,1.0,11.087667012373094,bpi2019,native,always_compile_evict,14901690537.096,1.038506,47.7,77.5,3163.6,0.0,0.0,0.0,2366.8,0.079,1580.2,1865247321.827,ours_noinflate,0.962921
h=0/q0=0.4/p=0.5/r=1/sig=0/cf=11.0877,A_core,0.0,0.4,0.5,1.0,0.0,1.0,11.087667012373094,bpi2019,native,ours_noinflate,14349156593.768,1.0,46.0,73.8,2092.1,0.0,0.0,0.0,1464.8,0.079,1050.0,1260284524.588,ours_noinflate,0.962921
h=0/q0=0.4/p=0.5/r=1/sig=0/cf=11.0877,A_core,0.0,0.4,0.5,1.0,0.0,1.0,11.087667012373094,bpi2019,native,oracle_tax,14232541425.914,0.991873,96.4,96.4,192.4,0.0,0.0,0.0,96.0,0.088,96.0,115293403.471,ours_noinflate,0.962921
h=0/q0=0.4/p=0.5/r=1/sig=0/cf=11.0877,A_core,0.0,0.4,0.5,1.0,0.0,1.0,11.087667012373094,bpi2019,native,ours_spend_cap,16250345130.31,1.132495,38.4,61.2,1717.6,0.0,0.0,0.0,1211.6,0.058,862.6,1037121339.803,ours_noinflate,0.962921
h=0/q0=0.4/p=0.5/r=1/sig=0/cf=11.0877,A_core,0.0,0.4,0.5,1.0,0.0,1.0,11.087667012373094,bpi2019,native,ours_cap_epoch,16250345130.31,1.132495,38.4,61.2,1717.6,0.0,0.0,0.0,1211.6,0.058,862.6,1037121339.803,ours_noinflate,0.962921
h=0/q0=0.4/p=0.5/r=1/sig=0/cf=11.0877,A_core,0.0,0.4,0.5,1.0,0.0,1.0,11.087667012373094,bpi2019,native,ours_cap_realized,16225828420.911,1.130786,38.5,61.5,1717.6,0.0,0.0,0.0,1208.9,0.058,862.6,1037121339.803,ours_noinflate,0.962921
h=0/q0=0.4/p=0.5/r=1/sig=0/cf=11.0877,A_core,0.0,0.4,0.5,1.0,0.0,1.0,11.087667012373094,bpi2019,native,ours_pi_prior,14418834038.71,1.004856,43.3,67.6,1945.0,0.0,0.0,0.0,1354.5,0.075,970.4,1173878047.835,ours_noinflate,0.962921
h=0/q0=0.4/p=0.5/r=1/sig=0/cf=11.0877,A_core,0.0,0.4,0.5,1.0,0.0,1.0,11.087667012373094,bpi2019,native,breakeven,27703088361.402,1.930642,0.7,8.8,1677.3,0.0,0.0,0.0,1438.9,0.004,835.7,1006869831.729,ours_noinflate,0.962921
h=0/q0=0.4/p=0.5/r=1/sig=0/cf=11.0877,A_core,0.0,0.4,0.5,1.0,0.0,1.0,11.087667012373094,bpi2019,native,breakeven_cap_epoch,27557214165.194,1.920476,1.0,7.2,1380.7,0.0,0.0,0.0,1193.3,0.004,688.7,831568336.184,ours_noinflate,0.962921
h=0/q0=0.4/p=0.5/r=1/sig=0/cf=11.0877,A_core,0.0,0.4,0.5,1.0,0.0,1.0,11.087667012373094,bpi2019,native,offline_taxblind,11832548299.722,0.824616,,,,,,,,,,,ours_noinflate,0.962921
h=0/q0=0.4/p=0.5/r=1/sig=0/cf=11.0877,A_core,0.0,0.4,0.5,1.0,0.0,1.0,11.087667012373094,bpi2019,native,offline_opt_tax,12484061693.136,0.870021,,,,,,,,,,,ours_noinflate,0.962921
h=0/q0=0.4/p=0.5/r=1/sig=0/cf=11.0877,A_core,0.0,0.4,0.5,1.0,0.0,1.0,11.087667012373094,sepsis,autorpa_233k,always_reactive,93787502.059,0.879423,0.0,0.0,0.0,0.0,0.0,0.0,0.0,0.004,0.0,0.0,always_reactive,0.650444
h=0/q0=0.4/p=0.5/r=1/sig=0/cf=11.0877,A_core,0.0,0.4,0.5,1.0,0.0,1.0,11.087667012373094,sepsis,autorpa_233k,always_compile_evict,144189942.026,1.352034,15.7,17.5,39.4,0.0,0.0,0.0,32.8,0.008,19.7,50893500.353,always_reactive,0.650444
h=0/q0=0.4/p=0.5/r=1/sig=0/cf=11.0877,A_core,0.0,0.4,0.5,1.0,0.0,1.0,11.087667012373094,sepsis,autorpa_233k,ours_noinflate,106646659.583,1.0,5.7,5.9,11.7,0.0,0.0,0.0,7.5,0.006,5.4,13950502.635,always_reactive,0.650444
h=0/q0=0.4/p=0.5/r=1/sig=0/cf=11.0877,A_core,0.0,0.4,0.5,1.0,0.0,1.0,11.087667012373094,sepsis,autorpa_233k,oracle_tax,101130390.729,0.948275,4.6,4.6,8.5,0.0,0.0,0.0,3.9,0.007,3.9,10075363.014,always_reactive,0.650444
h=0/q0=0.4/p=0.5/r=1/sig=0/cf=11.0877,A_core,0.0,0.4,0.5,1.0,0.0,1.0,11.087667012373094,sepsis,autorpa_233k,ours_spend_cap,101806550.555,0.954615,4.0,4.1,8.0,0.0,0.0,0.0,4.7,0.005,3.5,9041992.449,always_reactive,0.650444
h=0/q0=0.4/p=0.5/r=1/sig=0/cf=11.0877,A_core,0.0,0.4,0.5,1.0,0.0,1.0,11.087667012373094,sepsis,autorpa_233k,ours_cap_epoch,101806550.555,0.954615,4.0,4.1,8.0,0.0,0.0,0.0,4.7,0.005,3.5,9041992.449,always_reactive,0.650444
h=0/q0=0.4/p=0.5/r=1/sig=0/cf=11.0877,A_core,0.0,0.4,0.5,1.0,0.0,1.0,11.087667012373094,sepsis,autorpa_233k,ours_cap_realized,101806550.555,0.954615,4.0,4.1,8.0,0.0,0.0,0.0,4.7,0.005,3.5,9041992.449,always_reactive,0.650444
h=0/q0=0.4/p=0.5/r=1/sig=0/cf=11.0877,A_core,0.0,0.4,0.5,1.0,0.0,1.0,11.087667012373094,sepsis,autorpa_233k,ours_pi_prior,107843892.14,1.011226,5.6,5.6,11.3,0.0,0.0,0.0,7.8,0.005,5.7,14725530.559,always_reactive,0.650444
h=0/q0=0.4/p=0.5/r=1/sig=0/cf=11.0877,A_core,0.0,0.4,0.5,1.0,0.0,1.0,11.087667012373094,sepsis,autorpa_233k,breakeven,102617736.776,0.962222,3.7,3.7,7.8,0.0,0.0,0.0,5.4,0.005,3.7,9558677.731,always_reactive,0.650444
h=0/q0=0.4/p=0.5/r=1/sig=0/cf=11.0877,A_core,0.0,0.4,0.5,1.0,0.0,1.0,11.087667012373094,sepsis,autorpa_233k,breakeven_cap_epoch,100146210.971,0.939047,2.9,2.9,6.0,0.0,0.0,0.0,4.1,0.005,2.7,6975251.317,always_reactive,0.650444
h=0/q0=0.4/p=0.5/r=1/sig=0/cf=11.0877,A_core,0.0,0.4,0.5,1.0,0.0,1.0,11.087667012373094,sepsis,autorpa_233k,offline_taxblind,90970678.526,0.85301,,,,,,,,,,,always_reactive,0.650444
h=0/q0=0.4/p=0.5/r=1/sig=0/cf=11.0877,A_core,0.0,0.4,0.5,1.0,0.0,1.0,11.087667012373094,sepsis,autorpa_233k,offline_opt_tax,91465315.277,0.857648,,,,,,,,,,,always_reactive,0.650444
h=0/q0=0.4/p=0.5/r=1/sig=0/cf=11.0877,A_core,0.0,0.4,0.5,1.0,0.0,1.0,11.087667012373094,sepsis,native,always_reactive,93787502.059,0.907198,0.0,0.0,0.0,0.0,0.0,0.0,0.0,0.004,0.0,0.0,always_reactive,0.821382
h=0/q0=0.4/p=0.5/r=1/sig=0/cf=11.0877,A_core,0.0,0.4,0.5,1.0,0.0,1.0,11.087667012373094,sepsis,native,always_compile_evict,114182517.385,1.104477,14.0,15.5,39.4,0.0,0.0,0.0,29.3,0.01,19.7,23446669.763,always_reactive,0.821382
h=0/q0=0.4/p=0.5/r=1/sig=0/cf=11.0877,A_core,0.0,0.4,0.5,1.0,0.0,1.0,11.087667012373094,sepsis,native,ours_noinflate,103381569.045,1.0,7.4,8.4,19.9,0.0,0.0,0.0,12.2,0.007,9.9,12451325.873,always_reactive,0.821382
h=0/q0=0.4/p=0.5/r=1/sig=0/cf=11.0877,A_core,0.0,0.4,0.5,1.0,0.0,1.0,11.087667012373094,sepsis,native,oracle_tax,98011635.885,0.948057,6.9,6.9,12.9,0.0,0.0,0.0,6.0,0.008,6.0,7901093.688,always_reactive,0.821382
h=0/q0=0.4/p=0.5/r=1/sig=0/cf=11.0877,A_core,0.0,0.4,0.5,1.0,0.0,1.0,11.087667012373094,sepsis,native,ours_spend_cap,100070151.922,0.967969,5.1,6.0,13.9,0.0,0.0,0.0,8.5,0.006,6.8,8424854.011,always_reactive,0.821382
h=0/q0=0.4/p=0.5/r=1/sig=0/cf=11.0877,A_core,0.0,0.4,0.5,1.0,0.0,1.0,11.087667012373094,sepsis,native,ours_cap_epoch,100070151.922,0.967969,5.1,6.0,13.9,0.0,0.0,0.0,8.5,0.006,6.8,8424854.011,always_reactive,0.821382
h=0/q0=0.4/p=0.5/r=1/sig=0/cf=11.0877,A_core,0.0,0.4,0.5,1.0,0.0,1.0,11.087667012373094,sepsis,native,ours_cap_realized,100070151.922,0.967969,5.1,6.0,13.9,0.0,0.0,0.0,8.5,0.006,6.8,8424854.011,always_reactive,0.821382
h=0/q0=0.4/p=0.5/r=1/sig=0/cf=11.0877,A_core,0.0,0.4,0.5,1.0,0.0,1.0,11.087667012373094,sepsis,native,ours_pi_prior,103622413.473,1.00233,7.8,8.8,19.9,0.0,0.0,0.0,12.9,0.007,9.9,12493145.781,always_reactive,0.821382
h=0/q0=0.4/p=0.5/r=1/sig=0/cf=11.0877,A_core,0.0,0.4,0.5,1.0,0.0,1.0,11.087667012373094,sepsis,native,breakeven,102083270.104,0.987442,6.1,7.5,17.6,0.0,0.0,0.0,11.0,0.007,8.4,10726971.899,always_reactive,0.821382
h=0/q0=0.4/p=0.5/r=1/sig=0/cf=11.0877,A_core,0.0,0.4,0.5,1.0,0.0,1.0,11.087667012373094,sepsis,native,breakeven_cap_epoch,99387265.437,0.961363,4.7,5.6,12.9,0.0,0.0,0.0,7.8,0.006,6.0,7482894.608,always_reactive,0.821382
h=0/q0=0.4/p=0.5/r=1/sig=0/cf=11.0877,A_core,0.0,0.4,0.5,1.0,0.0,1.0,11.087667012373094,sepsis,native,offline_taxblind,88435069.214,0.855424,,,,,,,,,,,always_reactive,0.821382
h=0/q0=0.4/p=0.5/r=1/sig=0/cf=11.0877,A_core,0.0,0.4,0.5,1.0,0.0,1.0,11.087667012373094,sepsis,native,offline_opt_tax,89530987.163,0.866025,,,,,,,,,,,always_reactive,0.821382
h=0/q0=0.4/p=0.5/r=1/sig=0/cf=11.0877,A_core,0.0,0.4,0.5,1.0,0.0,1.0,11.087667012373094,wiki_A,autorpa_233k,always_reactive,4770469730.199,1.771461,0.0,0.0,0.0,0.0,0.0,0.0,0.0,0.005,0.0,0.0,ours_noinflate,0.89614
h=0/q0=0.4/p=0.5/r=1/sig=0/cf=11.0877,A_core,0.0,0.4,0.5,1.0,0.0,1.0,11.087667012373094,wiki_A,autorpa_233k,always_compile_evict,3005063541.93,1.115897,18.5,57.8,529.3,0.0,0.0,0.0,435.2,0.052,264.5,683316286.472,ours_noinflate,0.89614
h=0/q0=0.4/p=0.5/r=1/sig=0/cf=11.0877,A_core,0.0,0.4,0.5,1.0,0.0,1.0,11.087667012373094,wiki_A,autorpa_233k,ours_noinflate,2692957962.153,1.0,15.1,43.5,264.2,0.0,0.0,0.0,196.3,0.044,131.7,340237258.708,ours_noinflate,0.89614
h=0/q0=0.4/p=0.5/r=1/sig=0/cf=11.0877,A_core,0.0,0.4,0.5,1.0,0.0,1.0,11.087667012373094,wiki_A,autorpa_233k,oracle_tax,2533646078.159,0.940841,37.7,37.7,81.1,0.0,0.0,0.0,43.4,0.073,43.4,112120706.363,ours_noinflate,0.89614
h=0/q0=0.4/p=0.5/r=1/sig=0/cf=11.0877,A_core,0.0,0.4,0.5,1.0,0.0,1.0,11.087667012373094,wiki_A,autorpa_233k,ours_spend_cap,4141186124.143,1.537783,8.9,30.4,184.7,0.0,0.0,0.0,142.8,0.021,93.7,242067054.981,ours_noinflate,0.89614
h=0/q0=0.4/p=0.5/r=1/sig=0/cf=11.0877,A_core,0.0,0.4,0.5,1.0,0.0,1.0,11.087667012373094,wiki_A,autorpa_233k,ours_cap_epoch,4141186124.143,1.537783,8.9,30.4,184.7,0.0,0.0,0.0,142.8,0.021,93.7,242067054.981,ours_noinflate,0.89614
h=0/q0=0.4/p=0.5/r=1/sig=0/cf=11.0877,A_core,0.0,0.4,0.5,1.0,0.0,1.0,11.087667012373094,wiki_A,autorpa_233k,ours_cap_realized,4138121298.013,1.536645,9.0,30.5,184.7,0.0,0.0,0.0,142.8,0.021,93.7,242067054.981,ours_noinflate,0.89614
h=0/q0=0.4/p=0.5/r=1/sig=0/cf=11.0877,A_core,0.0,0.4,0.5,1.0,0.0,1.0,11.087667012373094,wiki_A,autorpa_233k,ours_pi_prior,2705425746.138,1.00463,15.6,40.8,251.3,0.0,0.0,0.0,184.3,0.043,125.8,324995042.866,ours_noinflate,0.89614
h=0/q0=0.4/p=0.5/r=1/sig=0/cf=11.0877,A_core,0.0,0.4,0.5,1.0,0.0,1.0,11.087667012373094,wiki_A,autorpa_233k,breakeven,4273849083.313,1.587046,0.1,7.6,206.3,0.0,0.0,0.0,150.1,0.008,104.1,268934689.685,ours_noinflate,0.89614
h=0/q0=0.4/p=0.5/r=1/sig=0/cf=11.0877,A_core,0.0,0.4,0.5,1.0,0.0,1.0,11.087667012373094,wiki_A,autorpa_233k,breakeven_cap_epoch,4627115416.437,1.718228,0.0,5.5,140.4,0.0,0.0,0.0,108.4,0.007,71.9,185748359.158,ours_noinflate,0.89614
h=0/q0=0.4/p=0.5/r=1/sig=0/cf=11.0877,A_core,0.0,0.4,0.5,1.0,0.0,1.0,11.087667012373094,wiki_A,autorpa_233k,offline_taxblind,2174276569.139,0.807393,,,,,,,,,,,ours_noinflate,0.89614
h=0/q0=0.4/p=0.5/r=1/sig=0/cf=11.0877,A_core,0.0,0.4,0.5,1.0,0.0,1.0,11.087667012373094,wiki_A,autorpa_233k,offline_opt_tax,2255610084.866,0.837596,,,,,,,,,,,ours_noinflate,0.89614
h=0/q0=0.4/p=0.5/r=1/sig=0/cf=11.0877,A_core,0.0,0.4,0.5,1.0,0.0,1.0,11.087667012373094,wiki_A,native,always_reactive,4770469730.199,1.921844,0.0,0.0,0.0,0.0,0.0,0.0,0.0,0.005,0.0,0.0,ours_noinflate,0.972987
h=0/q0=0.4/p=0.5/r=1/sig=0/cf=11.0877,A_core,0.0,0.4,0.5,1.0,0.0,1.0,11.087667012373094,wiki_A,native,always_compile_evict,2551150709.098,1.027763,9.6,44.9,529.3,0.0,0.0,0.0,389.0,0.042,264.5,313317223.69,ours_noinflate,0.972987
h=0/q0=0.4/p=0.5/r=1/sig=0/cf=11.0877,A_core,0.0,0.4,0.5,1.0,0.0,1.0,11.087667012373094,wiki_A,native,ours_noinflate,2482235970.769,1.0,9.4,40.2,376.1,0.0,0.0,0.0,257.7,0.04,186.7,225433643.503,ours_noinflate,0.972987
h=0/q0=0.4/p=0.5/r=1/sig=0/cf=11.0877,A_core,0.0,0.4,0.5,1.0,0.0,1.0,11.087667012373094,wiki_A,native,oracle_tax,2474371347.421,0.996832,42.1,42.1,89.6,0.0,0.0,0.0,47.5,0.078,47.5,57978015.086,ours_noinflate,0.972987
h=0/q0=0.4/p=0.5/r=1/sig=0/cf=11.0877,A_core,0.0,0.4,0.5,1.0,0.0,1.0,11.087667012373094,wiki_A,native,ours_spend_cap,3075876065.249,1.239155,6.8,35.5,309.3,0.0,0.0,0.0,213.3,0.028,155.8,188883181.905,ours_noinflate,0.972987
h=0/q0=0.4/p=0.5/r=1/sig=0/cf=11.0877,A_core,0.0,0.4,0.5,1.0,0.0,1.0,11.087667012373094,wiki_A,native,ours_cap_epoch,3075876065.249,1.239155,6.8,35.5,309.3,0.0,0.0,0.0,213.3,0.028,155.8,188883181.905,ours_noinflate,0.972987
h=0/q0=0.4/p=0.5/r=1/sig=0/cf=11.0877,A_core,0.0,0.4,0.5,1.0,0.0,1.0,11.087667012373094,wiki_A,native,ours_cap_realized,3068683558.144,1.236258,7.3,35.0,309.3,0.0,0.0,0.0,213.2,0.029,155.8,188883181.905,ours_noinflate,0.972987
h=0/q0=0.4/p=0.5/r=1/sig=0/cf=11.0877,A_core,0.0,0.4,0.5,1.0,0.0,1.0,11.087667012373094,wiki_A,native,ours_pi_prior,2499179418.804,1.006826,8.9,41.0,364.0,0.0,0.0,0.0,252.1,0.039,181.8,219078663.443,ours_noinflate,0.972987
h=0/q0=0.4/p=0.5/r=1/sig=0/cf=11.0877,A_core,0.0,0.4,0.5,1.0,0.0,1.0,11.087667012373094,wiki_A,native,breakeven,4162393078.898,1.676872,0.3,8.6,304.9,0.0,0.0,0.0,225.1,0.008,150.0,181217578.068,ours_noinflate,0.972987
h=0/q0=0.4/p=0.5/r=1/sig=0/cf=11.0877,A_core,0.0,0.4,0.5,1.0,0.0,1.0,11.087667012373094,wiki_A,native,breakeven_cap_epoch,4353496077.719,1.753861,0.2,7.2,247.8,0.0,0.0,0.0,186.0,0.007,124.6,150933987.83,ours_noinflate,0.972987
h=0/q0=0.4/p=0.5/r=1/sig=0/cf=11.0877,A_core,0.0,0.4,0.5,1.0,0.0,1.0,11.087667012373094,wiki_A,native,offline_taxblind,2133612758.552,0.859553,,,,,,,,,,,ours_noinflate,0.972987
h=0/q0=0.4/p=0.5/r=1/sig=0/cf=11.0877,A_core,0.0,0.4,0.5,1.0,0.0,1.0,11.087667012373094,wiki_A,native,offline_opt_tax,2194415699.93,0.884048,,,,,,,,,,,ours_noinflate,0.972987
h=0/q0=0.4/p=0.5/r=1/sig=0/cf=11.0877,A_core,0.0,0.4,0.5,1.0,0.0,1.0,11.087667012373094,wiki_B,autorpa_233k,always_reactive,8991713899.193,0.881776,0.0,0.0,0.0,0.0,0.0,0.0,0.0,0.004,0.0,0.0,always_reactive,0.72977
h=0/q0=0.4/p=0.5/r=1/sig=0/cf=11.0877,A_core,0.0,0.4,0.5,1.0,0.0,1.0,11.087667012373094,wiki_B,autorpa_233k,always_compile_evict,12321302271.008,1.208293,112.1,129.4,2787.8,0.0,0.0,0.0,2551.8,0.067,1402.3,3622738860.188,always_reactive,0.72977
h=0/q0=0.4/p=0.5/r=1/sig=0/cf=11.0877,A_core,0.0,0.4,0.5,1.0,0.0,1.0,11.087667012373094,wiki_B,autorpa_233k,ours_noinflate,10197280989.042,1.0,86.1,98.2,1324.7,0.0,0.0,0.0,1174.0,0.055,662.5,1711519999.197,always_reactive,0.72977
h=0/q0=0.4/p=0.5/r=1/sig=0/cf=11.0877,A_core,0.0,0.4,0.5,1.0,0.0,1.0,11.087667012373094,wiki_B,autorpa_233k,oracle_tax,8588614076.643,0.842246,45.1,45.1,92.3,0.0,0.0,0.0,47.2,0.032,47.2,121937726.735,always_reactive,0.72977
h=0/q0=0.4/p=0.5/r=1/sig=0/cf=11.0877,A_core,0.0,0.4,0.5,1.0,0.0,1.0,11.087667012373094,wiki_B,autorpa_233k,ours_spend_cap,9930283938.929,0.973817,57.0,66.8,962.7,0.0,0.0,0.0,859.4,0.038,481.8,1244694846.209,always_reactive,0.72977
h=0/q0=0.4/p=0.5/r=1/sig=0/cf=11.0877,A_core,0.0,0.4,0.5,1.0,0.0,1.0,11.087667012373094,wiki_B,autorpa_233k,ours_cap_epoch,9930283938.929,0.973817,57.0,66.8,962.7,0.0,0.0,0.0,859.4,0.038,481.8,1244694846.209,always_reactive,0.72977
h=0/q0=0.4/p=0.5/r=1/sig=0/cf=11.0877,A_core,0.0,0.4,0.5,1.0,0.0,1.0,11.087667012373094,wiki_B,autorpa_233k,ours_cap_realized,9927321693.144,0.973526,57.0,67.8,962.7,0.0,0.0,0.0,859.4,0.039,481.8,1244694846.209,always_reactive,0.72977
h=0/q0=0.4/p=0.5/r=1/sig=0/cf=11.0877,A_core,0.0,0.4,0.5,1.0,0.0,1.0,11.087667012373094,wiki_B,autorpa_233k,ours_pi_prior,10107130626.424,0.991159,80.2,92.4,1239.7,0.0,0.0,0.0,1097.7,0.052,622.0,1606891229.435,always_reactive,0.72977
h=0/q0=0.4/p=0.5/r=1/sig=0/cf=11.0877,A_core,0.0,0.4,0.5,1.0,0.0,1.0,11.087667012373094,wiki_B,autorpa_233k,breakeven,9816963104.157,0.962704,4.3,11.7,679.9,0.0,0.0,0.0,600.3,0.008,337.9,872939785.251,always_reactive,0.72977
h=0/q0=0.4/p=0.5/r=1/sig=0/cf=11.0877,A_core,0.0,0.4,0.5,1.0,0.0,1.0,11.087667012373094,wiki_B,autorpa_233k,breakeven_cap_epoch,9629946239.782,0.944364,3.7,9.8,506.6,0.0,0.0,0.0,452.5,0.007,253.9,655931966.485,always_reactive,0.72977
h=0/q0=0.4/p=0.5/r=1/sig=0/cf=11.0877,A_core,0.0,0.4,0.5,1.0,0.0,1.0,11.087667012373094,wiki_B,autorpa_233k,offline_taxblind,7806955648.295,0.765592,,,,,,,,,,,always_reactive,0.72977
h=0/q0=0.4/p=0.5/r=1/sig=0/cf=11.0877,A_core,0.0,0.4,0.5,1.0,0.0,1.0,11.087667012373094,wiki_B,autorpa_233k,offline_opt_tax,8147146294.796,0.798953,,,,,,,,,,,always_reactive,0.72977
h=0/q0=0.4/p=0.5/r=1/sig=0/cf=11.0877,A_core,0.0,0.4,0.5,1.0,0.0,1.0,11.087667012373094,wiki_B,native,always_reactive,8991713899.193,0.963768,0.0,0.0,0.0,0.0,0.0,0.0,0.0,0.004,0.0,0.0,always_reactive,0.913105
h=0/q0=0.4/p=0.5/r=1/sig=0/cf=11.0877,A_core,0.0,0.4,0.5,1.0,0.0,1.0,11.087667012373094,wiki_B,native,always_compile_evict,9847402589.684,1.055484,58.0,77.1,2787.8,0.0,0.0,0.0,2258.3,0.049,1402.3,1665983157.008,always_reactive,0.913105
h=0/q0=0.4/p=0.5/r=1/sig=0/cf=11.0877,A_core,0.0,0.4,0.5,1.0,0.0,1.0,11.087667012373094,wiki_B,native,ours_noinflate,9329746600.027,1.0,53.6,72.3,1904.5,0.0,0.0,0.0,1457.2,0.046,954.0,1154484240.245,always_reactive,0.913105
h=0/q0=0.4/p=0.5/r=1/sig=0/cf=11.0877,A_core,0.0,0.4,0.5,1.0,0.0,1.0,11.087667012373094,wiki_B,native,oracle_tax,8532279403.131,0.914524,59.0,59.0,118.2,0.0,0.0,0.0,59.2,0.035,59.2,72423289.893,always_reactive,0.913105
h=0/q0=0.4/p=0.5/r=1/sig=0/cf=11.0877,A_core,0.0,0.4,0.5,1.0,0.0,1.0,11.087667012373094,wiki_B,native,ours_spend_cap,9281297192.222,0.994807,43.4,60.8,1574.4,0.0,0.0,0.0,1218.4,0.037,792.3,960494183.692,always_reactive,0.913105
h=0/q0=0.4/p=0.5/r=1/sig=0/cf=11.0877,A_core,0.0,0.4,0.5,1.0,0.0,1.0,11.087667012373094,wiki_B,native,ours_cap_epoch,9281297192.222,0.994807,43.4,60.8,1574.4,0.0,0.0,0.0,1218.4,0.037,792.3,960494183.692,always_reactive,0.913105
h=0/q0=0.4/p=0.5/r=1/sig=0/cf=11.0877,A_core,0.0,0.4,0.5,1.0,0.0,1.0,11.087667012373094,wiki_B,native,ours_cap_realized,9272401535.976,0.993854,43.4,61.0,1574.4,0.0,0.0,0.0,1215.3,0.038,792.3,960494183.692,always_reactive,0.913105
h=0/q0=0.4/p=0.5/r=1/sig=0/cf=11.0877,A_core,0.0,0.4,0.5,1.0,0.0,1.0,11.087667012373094,wiki_B,native,ours_pi_prior,9266060462.075,0.993174,53.6,71.3,1766.7,0.0,0.0,0.0,1346.4,0.044,889.8,1082739429.644,always_reactive,0.913105
h=0/q0=0.4/p=0.5/r=1/sig=0/cf=11.0877,A_core,0.0,0.4,0.5,1.0,0.0,1.0,11.087667012373094,wiki_B,native,breakeven,9681431868.705,1.037695,4.5,12.0,1282.1,0.0,0.0,0.0,1115.5,0.007,638.6,773539986.417,always_reactive,0.913105
h=0/q0=0.4/p=0.5/r=1/sig=0/cf=11.0877,A_core,0.0,0.4,0.5,1.0,0.0,1.0,11.087667012373094,wiki_B,native,breakeven_cap_epoch,9578300277.423,1.026641,4.0,10.9,1067.7,0.0,0.0,0.0,932.4,0.007,535.6,649084400.186,always_reactive,0.913105
h=0/q0=0.4/p=0.5/r=1/sig=0/cf=11.0877,A_core,0.0,0.4,0.5,1.0,0.0,1.0,11.087667012373094,wiki_B,native,offline_taxblind,7627515876.147,0.817548,,,,,,,,,,,always_reactive,0.913105
h=0/q0=0.4/p=0.5/r=1/sig=0/cf=11.0877,A_core,0.0,0.4,0.5,1.0,0.0,1.0,11.087667012373094,wiki_B,native,offline_opt_tax,7851636783.569,0.84157,,,,,,,,,,,always_reactive,0.913105
h=0/q0=0.4/p=0.5/r=1/sig=0/cf=1,A_core,0.0,0.4,0.5,1.0,0.0,1.0,1.0,bpi2019,autorpa_233k,always_reactive,26858149732.486,1.899512,0.0,0.0,0.0,0.0,0.0,0.0,0.0,0.003,0.0,0.0,ours_noinflate,0.977799
h=0/q0=0.4/p=0.5/r=1/sig=0/cf=1,A_core,0.0,0.4,0.5,1.0,0.0,1.0,1.0,bpi2019,autorpa_233k,always_compile_evict,14460535160.619,1.022705,85.5,122.7,3163.6,0.0,0.0,0.0,2769.2,0.14,1580.2,368186600.0,ours_noinflate,0.977799
h=0/q0=0.4/p=0.5/r=1/sig=0/cf=1,A_core,0.0,0.4,0.5,1.0,0.0,1.0,1.0,bpi2019,autorpa_233k,ours_noinflate,14139496385.216,1.0,66.1,92.3,1520.8,0.0,0.0,0.0,1280.3,0.113,760.2,177126600.0,ours_noinflate,0.977799
h=0/q0=0.4/p=0.5/r=1/sig=0/cf=1,A_core,0.0,0.4,0.5,1.0,0.0,1.0,1.0,bpi2019,autorpa_233k,oracle_tax,14146051582.688,1.000464,92.5,92.5,184.6,0.0,0.0,0.0,92.1,0.086,92.1,21459300.0,ours_noinflate,0.977799
h=0/q0=0.4/p=0.5/r=1/sig=0/cf=1,A_core,0.0,0.4,0.5,1.0,0.0,1.0,1.0,bpi2019,autorpa_233k,ours_spend_cap,14139973598.556,1.000034,66.1,92.3,1520.8,0.0,0.0,0.0,1280.3,0.113,760.2,177126600.0,ours_noinflate,0.977799
h=0/q0=0.4/p=0.5/r=1/sig=0/cf=1,A_core,0.0,0.4,0.5,1.0,0.0,1.0,1.0,bpi2019,autorpa_233k,ours_cap_epoch,14139973598.556,1.000034,66.1,92.3,1520.8,0.0,0.0,0.0,1280.3,0.113,760.2,177126600.0,ours_noinflate,0.977799
h=0/q0=0.4/p=0.5/r=1/sig=0/cf=1,A_core,0.0,0.4,0.5,1.0,0.0,1.0,1.0,bpi2019,autorpa_233k,ours_cap_realized,14139523738.385,1.000002,66.1,92.3,1520.8,0.0,0.0,0.0,1280.3,0.113,760.2,177126600.0,ours_noinflate,0.977799
h=0/q0=0.4/p=0.5/r=1/sig=0/cf=1,A_core,0.0,0.4,0.5,1.0,0.0,1.0,1.0,bpi2019,autorpa_233k,ours_pi_prior,14665350750.402,1.03719,63.7,86.8,1411.6,0.0,0.0,0.0,1183.1,0.103,704.7,164195100.0,ours_noinflate,0.977799
h=0/q0=0.4/p=0.5/r=1/sig=0/cf=1,A_core,0.0,0.4,0.5,1.0,0.0,1.0,1.0,bpi2019,autorpa_233k,breakeven,26798659481.143,1.895305,4.1,10.6,1013.5,0.0,0.0,0.0,897.5,0.006,508.2,118410600.0,ours_noinflate,0.977799
h=0/q0=0.4/p=0.5/r=1/sig=0/cf=1,A_core,0.0,0.4,0.5,1.0,0.0,1.0,1.0,bpi2019,autorpa_233k,breakeven_cap_epoch,26801312808.276,1.895493,4.1,10.6,1004.1,0.0,0.0,0.0,888.7,0.006,502.8,117152400.0,ours_noinflate,0.977799
h=0/q0=0.4/p=0.5/r=1/sig=0/cf=1,A_core,0.0,0.4,0.5,1.0,0.0,1.0,1.0,bpi2019,autorpa_233k,offline_taxblind,12057212619.3,0.852733,,,,,,,,,,,ours_noinflate,0.977799
h=0/q0=0.4/p=0.5/r=1/sig=0/cf=1,A_core,0.0,0.4,0.5,1.0,0.0,1.0,1.0,bpi2019,autorpa_233k,offline_opt_tax,13041201922.811,0.922324,,,,,,,,,,,ours_noinflate,0.977799
h=0/q0=0.4/p=0.5/r=1/sig=0/cf=1,A_core,0.0,0.4,0.5,1.0,0.0,1.0,1.0,bpi2019,native,always_reactive,26858149732.486,2.034317,0.0,0.0,0.0,0.0,0.0,0.0,0.0,0.003,0.0,0.0,ours_noinflate,0.999838
h=0/q0=0.4/p=0.5/r=1/sig=0/cf=1,A_core,0.0,0.4,0.5,1.0,0.0,1.0,1.0,bpi2019,native,always_compile_evict,13204670428.417,1.000162,47.7,77.5,3163.6,0.0,0.0,0.0,2366.8,0.089,1580.2,168227213.15,ours_noinflate,0.999838
h=0/q0=0.4/p=0.5/r=1/sig=0/cf=1,A_core,0.0,0.4,0.5,1.0,0.0,1.0,1.0,bpi2019,native,ours_noinflate,13202537506.929,1.0,46.0,73.8,2092.1,0.0,0.0,0.0,1464.8,0.085,1050.0,113665437.75,ours_noinflate,0.999838
h=0/q0=0.4/p=0.5/r=1/sig=0/cf=1,A_core,0.0,0.4,0.5,1.0,0.0,1.0,1.0,bpi2019,native,oracle_tax,14127646368.942,1.070071,96.4,96.4,192.4,0.0,0.0,0.0,96.0,0.089,96.0,10398346.5,ours_noinflate,0.999838
h=0/q0=0.4/p=0.5/r=1/sig=0/cf=1,A_core,0.0,0.4,0.5,1.0,0.0,1.0,1.0,bpi2019,native,ours_spend_cap,13202809507.407,1.000021,46.0,73.8,2092.1,0.0,0.0,0.0,1464.9,0.085,1050.0,113665437.75,ours_noinflate,0.999838
h=0/q0=0.4/p=0.5/r=1/sig=0/cf=1,A_core,0.0,0.4,0.5,1.0,0.0,1.0,1.0,bpi2019,native,ours_cap_epoch,13202809507.407,1.000021,46.0,73.8,2092.1,0.0,0.0,0.0,1464.9,0.085,1050.0,113665437.75,ours_noinflate,0.999838
h=0/q0=0.4/p=0.5/r=1/sig=0/cf=1,A_core,0.0,0.4,0.5,1.0,0.0,1.0,1.0,bpi2019,native,ours_cap_realized,13202549901.832,1.000001,46.0,73.8,2092.1,0.0,0.0,0.0,1464.9,0.085,1050.0,113665437.75,ours_noinflate,0.999838
h=0/q0=0.4/p=0.5/r=1/sig=0/cf=1,A_core,0.0,0.4,0.5,1.0,0.0,1.0,1.0,bpi2019,native,ours_pi_prior,13350828402.674,1.011232,43.3,67.6,1945.0,0.0,0.0,0.0,1354.5,0.081,970.4,105872411.8,ours_noinflate,0.999838
h=0/q0=0.4/p=0.5/r=1/sig=0/cf=1,A_core,0.0,0.4,0.5,1.0,0.0,1.0,1.0,bpi2019,native,breakeven,26787028420.571,2.02893,0.7,8.8,1677.3,0.0,0.0,0.0,1438.9,0.004,835.7,90809890.9,ours_noinflate,0.999838
h=0/q0=0.4/p=0.5/r=1/sig=0/cf=1,A_core,0.0,0.4,0.5,1.0,0.0,1.0,1.0,bpi2019,native,breakeven_cap_epoch,26786702979.349,2.028906,0.7,8.7,1672.3,0.0,0.0,0.0,1434.5,0.004,833.1,90556415.7,ours_noinflate,0.999838
h=0/q0=0.4/p=0.5/r=1/sig=0/cf=1,A_core,0.0,0.4,0.5,1.0,0.0,1.0,1.0,bpi2019,native,offline_taxblind,11832548299.722,0.896233,,,,,,,,,,,ours_noinflate,0.999838
h=0/q0=0.4/p=0.5/r=1/sig=0/cf=1,A_core,0.0,0.4,0.5,1.0,0.0,1.0,1.0,bpi2019,native,offline_opt_tax,12484061693.136,0.94558,,,,,,,,,,,ours_noinflate,0.999838
h=0/q0=0.4/p=0.5/r=1/sig=0/cf=1,A_core,0.0,0.4,0.5,1.0,0.0,1.0,1.0,sepsis,autorpa_233k,always_reactive,93787502.059,0.998224,0.0,0.0,0.0,0.0,0.0,0.0,0.0,0.004,0.0,0.0,always_reactive,0.958125
h=0/q0=0.4/p=0.5/r=1/sig=0/cf=1,A_core,0.0,0.4,0.5,1.0,0.0,1.0,1.0,sepsis,autorpa_233k,always_compile_evict,97886541.672,1.041852,15.7,17.5,39.4,0.0,0.0,0.0,32.8,0.012,19.7,4590100.0,always_reactive,0.958125
h=0/q0=0.4/p=0.5/r=1/sig=0/cf=1,A_core,0.0,0.4,0.5,1.0,0.0,1.0,1.0,sepsis,autorpa_233k,ours_noinflate,93954356.948,1.0,5.7,5.9,11.7,0.0,0.0,0.0,7.5,0.006,5.4,1258200.0,always_reactive,0.958125
h=0/q0=0.4/p=0.5/r=1/sig=0/cf=1,A_core,0.0,0.4,0.5,1.0,0.0,1.0,1.0,sepsis,autorpa_233k,oracle_tax,91963727.715,0.978813,4.6,4.6,8.5,0.0,0.0,0.0,3.9,0.008,3.9,908700.0,always_reactive,0.958125
h=0/q0=0.4/p=0.5/r=1/sig=0/cf=1,A_core,0.0,0.4,0.5,1.0,0.0,1.0,1.0,sepsis,autorpa_233k,ours_spend_cap,93954356.948,1.0,5.7,5.9,11.7,0.0,0.0,0.0,7.5,0.006,5.4,1258200.0,always_reactive,0.958125
h=0/q0=0.4/p=0.5/r=1/sig=0/cf=1,A_core,0.0,0.4,0.5,1.0,0.0,1.0,1.0,sepsis,autorpa_233k,ours_cap_epoch,93954356.948,1.0,5.7,5.9,11.7,0.0,0.0,0.0,7.5,0.006,5.4,1258200.0,always_reactive,0.958125
h=0/q0=0.4/p=0.5/r=1/sig=0/cf=1,A_core,0.0,0.4,0.5,1.0,0.0,1.0,1.0,sepsis,autorpa_233k,ours_cap_realized,93954356.948,1.0,5.7,5.9,11.7,0.0,0.0,0.0,7.5,0.006,5.4,1258200.0,always_reactive,0.958125
h=0/q0=0.4/p=0.5/r=1/sig=0/cf=1,A_core,0.0,0.4,0.5,1.0,0.0,1.0,1.0,sepsis,autorpa_233k,ours_pi_prior,94446461.581,1.005238,5.6,5.6,11.3,0.0,0.0,0.0,7.8,0.006,5.7,1328100.0,always_reactive,0.958125
h=0/q0=0.4/p=0.5/r=1/sig=0/cf=1,A_core,0.0,0.4,0.5,1.0,0.0,1.0,1.0,sepsis,autorpa_233k,breakeven,93921159.044,0.999647,3.7,3.7,7.8,0.0,0.0,0.0,5.4,0.006,3.7,862100.0,always_reactive,0.958125
h=0/q0=0.4/p=0.5/r=1/sig=0/cf=1,A_core,0.0,0.4,0.5,1.0,0.0,1.0,1.0,sepsis,autorpa_233k,breakeven_cap_epoch,93921159.044,0.999647,3.7,3.7,7.8,0.0,0.0,0.0,5.4,0.006,3.7,862100.0,always_reactive,0.958125
h=0/q0=0.4/p=0.5/r=1/sig=0/cf=1,A_core,0.0,0.4,0.5,1.0,0.0,1.0,1.0,sepsis,autorpa_233k,offline_taxblind,90970678.526,0.968243,,,,,,,,,,,always_reactive,0.958125
h=0/q0=0.4/p=0.5/r=1/sig=0/cf=1,A_core,0.0,0.4,0.5,1.0,0.0,1.0,1.0,sepsis,autorpa_233k,offline_opt_tax,91465315.277,0.973508,,,,,,,,,,,always_reactive,0.958125
h=0/q0=0.4/p=0.5/r=1/sig=0/cf=1,A_core,0.0,0.4,0.5,1.0,0.0,1.0,1.0,sepsis,native,always_reactive,93787502.059,1.01884,0.0,0.0,0.0,0.0,0.0,0.0,0.0,0.004,0.0,0.0,ours_noinflate,0.991413
h=0/q0=0.4/p=0.5/r=1/sig=0/cf=1,A_core,0.0,0.4,0.5,1.0,0.0,1.0,1.0,sepsis,native,always_compile_evict,92850509.772,1.008661,14.0,15.5,39.4,0.0,0.0,0.0,29.3,0.012,19.7,2114662.15,ours_noinflate,0.991413
h=0/q0=0.4/p=0.5/r=1/sig=0/cf=1,A_core,0.0,0.4,0.5,1.0,0.0,1.0,1.0,sepsis,native,ours_noinflate,92053231.972,1.0,7.4,8.4,19.9,0.0,0.0,0.0,12.2,0.008,9.9,1122988.8,ours_noinflate,0.991413
h=0/q0=0.4/p=0.5/r=1/sig=0/cf=1,A_core,0.0,0.4,0.5,1.0,0.0,1.0,1.0,sepsis,native,oracle_tax,90823144.197,0.986637,6.9,6.9,12.9,0.0,0.0,0.0,6.0,0.009,6.0,712602.0,ours_noinflate,0.991413
h=0/q0=0.4/p=0.5/r=1/sig=0/cf=1,A_core,0.0,0.4,0.5,1.0,0.0,1.0,1.0,sepsis,native,ours_spend_cap,92053231.972,1.0,7.4,8.4,19.9,0.0,0.0,0.0,12.2,0.008,9.9,1122988.8,ours_noinflate,0.991413
h=0/q0=0.4/p=0.5/r=1/sig=0/cf=1,A_core,0.0,0.4,0.5,1.0,0.0,1.0,1.0,sepsis,native,ours_cap_epoch,92053231.972,1.0,7.4,8.4,19.9,0.0,0.0,0.0,12.2,0.008,9.9,1122988.8,ours_noinflate,0.991413
h=0/q0=0.4/p=0.5/r=1/sig=0/cf=1,A_core,0.0,0.4,0.5,1.0,0.0,1.0,1.0,sepsis,native,ours_cap_realized,92053231.972,1.0,7.4,8.4,19.9,0.0,0.0,0.0,12.2,0.008,9.9,1122988.8,ours_noinflate,0.991413
h=0/q0=0.4/p=0.5/r=1/sig=0/cf=1,A_core,0.0,0.4,0.5,1.0,0.0,1.0,1.0,sepsis,native,ours_pi_prior,92256028.242,1.002203,7.8,8.8,19.9,0.0,0.0,0.0,12.9,0.008,9.9,1126760.55,ours_noinflate,0.991413
h=0/q0=0.4/p=0.5/r=1/sig=0/cf=1,A_core,0.0,0.4,0.5,1.0,0.0,1.0,1.0,sepsis,native,breakeven,92323767.005,1.002939,6.1,7.5,17.6,0.0,0.0,0.0,11.0,0.007,8.4,967468.8,ours_noinflate,0.991413
h=0/q0=0.4/p=0.5/r=1/sig=0/cf=1,A_core,0.0,0.4,0.5,1.0,0.0,1.0,1.0,sepsis,native,breakeven_cap_epoch,92323614.779,1.002937,6.1,7.5,17.6,0.0,0.0,0.0,11.1,0.007,8.4,967468.8,ours_noinflate,0.991413
h=0/q0=0.4/p=0.5/r=1/sig=0/cf=1,A_core,0.0,0.4,0.5,1.0,0.0,1.0,1.0,sepsis,native,offline_taxblind,88435069.214,0.960695,,,,,,,,,,,ours_noinflate,0.991413
h=0/q0=0.4/p=0.5/r=1/sig=0/cf=1,A_core,0.0,0.4,0.5,1.0,0.0,1.0,1.0,sepsis,native,offline_opt_tax,89530987.163,0.9726,,,,,,,,,,,ours_noinflate,0.991413
h=0/q0=0.4/p=0.5/r=1/sig=0/cf=1,A_core,0.0,0.4,0.5,1.0,0.0,1.0,1.0,wiki_A,autorpa_233k,always_reactive,4770469730.199,2.001534,0.0,0.0,0.0,0.0,0.0,0.0,0.0,0.005,0.0,0.0,always_compile_evict,1.0
h=0/q0=0.4/p=0.5/r=1/sig=0/cf=1,A_core,0.0,0.4,0.5,1.0,0.0,1.0,1.0,wiki_A,autorpa_233k,always_compile_evict,2383375755.458,0.999987,18.5,57.8,529.3,0.0,0.0,0.0,435.2,0.066,264.5,61628500.0,always_compile_evict,1.0
h=0/q0=0.4/p=0.5/r=1/sig=0/cf=1,A_core,0.0,0.4,0.5,1.0,0.0,1.0,1.0,wiki_A,autorpa_233k,ours_noinflate,2383406803.445,1.0,15.1,43.5,264.2,0.0,0.0,0.0,196.3,0.05,131.7,30686100.0,always_compile_evict,1.0
h=0/q0=0.4/p=0.5/r=1/sig=0/cf=1,A_core,0.0,0.4,0.5,1.0,0.0,1.0,1.0,wiki_A,autorpa_233k,oracle_tax,2431637571.796,1.020236,37.7,37.7,81.1,0.0,0.0,0.0,43.4,0.076,43.4,10112200.0,always_compile_evict,1.0
h=0/q0=0.4/p=0.5/r=1/sig=0/cf=1,A_core,0.0,0.4,0.5,1.0,0.0,1.0,1.0,wiki_A,autorpa_233k,ours_spend_cap,2383525767.729,1.00005,15.1,43.5,264.2,0.0,0.0,0.0,196.3,0.05,131.7,30686100.0,always_compile_evict,1.0
h=0/q0=0.4/p=0.5/r=1/sig=0/cf=1,A_core,0.0,0.4,0.5,1.0,0.0,1.0,1.0,wiki_A,autorpa_233k,ours_cap_epoch,2383525767.729,1.00005,15.1,43.5,264.2,0.0,0.0,0.0,196.3,0.05,131.7,30686100.0,always_compile_evict,1.0
h=0/q0=0.4/p=0.5/r=1/sig=0/cf=1,A_core,0.0,0.4,0.5,1.0,0.0,1.0,1.0,wiki_A,autorpa_233k,ours_cap_realized,2383406803.445,1.0,15.1,43.5,264.2,0.0,0.0,0.0,196.3,0.05,131.7,30686100.0,always_compile_evict,1.0
h=0/q0=0.4/p=0.5/r=1/sig=0/cf=1,A_core,0.0,0.4,0.5,1.0,0.0,1.0,1.0,wiki_A,autorpa_233k,ours_pi_prior,2409742103.272,1.011049,15.6,40.8,251.3,0.0,0.0,0.0,184.3,0.048,125.8,29311400.0,always_compile_evict,1.0
h=0/q0=0.4/p=0.5/r=1/sig=0/cf=1,A_core,0.0,0.4,0.5,1.0,0.0,1.0,1.0,wiki_A,autorpa_233k,breakeven,4029169693.628,1.690509,0.1,7.6,206.3,0.0,0.0,0.0,150.1,0.009,104.1,24255300.0,always_compile_evict,1.0
h=0/q0=0.4/p=0.5/r=1/sig=0/cf=1,A_core,0.0,0.4,0.5,1.0,0.0,1.0,1.0,wiki_A,autorpa_233k,breakeven_cap_epoch,4031102261.436,1.691319,0.1,7.8,204.3,0.0,0.0,0.0,149.1,0.008,103.1,24022300.0,always_compile_evict,1.0
h=0/q0=0.4/p=0.5/r=1/sig=0/cf=1,A_core,0.0,0.4,0.5,1.0,0.0,1.0,1.0,wiki_A,autorpa_233k,offline_taxblind,2174276569.139,0.912256,,,,,,,,,,,always_compile_evict,1.0
h=0/q0=0.4/p=0.5/r=1/sig=0/cf=1,A_core,0.0,0.4,0.5,1.0,0.0,1.0,1.0,wiki_A,autorpa_233k,offline_opt_tax,2255610084.866,0.946381,,,,,,,,,,,always_compile_evict,1.0
h=0/q0=0.4/p=0.5/r=1/sig=0/cf=1,A_core,0.0,0.4,0.5,1.0,0.0,1.0,1.0,wiki_A,native,always_reactive,4770469730.199,2.094944,0.0,0.0,0.0,0.0,0.0,0.0,0.0,0.005,0.0,0.0,always_compile_evict,1.0
h=0/q0=0.4/p=0.5/r=1/sig=0/cf=1,A_core,0.0,0.4,0.5,1.0,0.0,1.0,1.0,wiki_A,native,always_compile_evict,2266091659.408,0.995151,9.6,44.9,529.3,0.0,0.0,0.0,389.0,0.047,264.5,28258174.0,always_compile_evict,1.0
h=0/q0=0.4/p=0.5/r=1/sig=0/cf=1,A_core,0.0,0.4,0.5,1.0,0.0,1.0,1.0,wiki_A,native,ours_noinflate,2277134254.917,1.0,9.4,40.2,376.1,0.0,0.0,0.0,257.7,0.043,186.7,20331927.65,always_compile_evict,1.0
h=0/q0=0.4/p=0.5/r=1/sig=0/cf=1,A_core,0.0,0.4,0.5,1.0,0.0,1.0,1.0,wiki_A,native,oracle_tax,2421622386.835,1.063452,42.1,42.1,89.6,0.0,0.0,0.0,47.5,0.08,47.5,5229054.5,always_compile_evict,1.0
h=0/q0=0.4/p=0.5/r=1/sig=0/cf=1,A_core,0.0,0.4,0.5,1.0,0.0,1.0,1.0,wiki_A,native,ours_spend_cap,2277217070.9,1.000036,9.4,40.2,376.1,0.0,0.0,0.0,257.7,0.043,186.7,20331927.65,always_compile_evict,1.0
h=0/q0=0.4/p=0.5/r=1/sig=0/cf=1,A_core,0.0,0.4,0.5,1.0,0.0,1.0,1.0,wiki_A,native,ours_cap_epoch,2277217070.9,1.000036,9.4,40.2,376.1,0.0,0.0,0.0,257.7,0.043,186.7,20331927.65,always_compile_evict,1.0
h=0/q0=0.4/p=0.5/r=1/sig=0/cf=1,A_core,0.0,0.4,0.5,1.0,0.0,1.0,1.0,wiki_A,native,ours_cap_realized,2277134254.917,1.0,9.4,40.2,376.1,0.0,0.0,0.0,257.7,0.043,186.7,20331927.65,always_compile_evict,1.0
h=0/q0=0.4/p=0.5/r=1/sig=0/cf=1,A_core,0.0,0.4,0.5,1.0,0.0,1.0,1.0,wiki_A,native,ours_pi_prior,2299859525.462,1.00998,8.9,41.0,364.0,0.0,0.0,0.0,252.1,0.042,181.8,19758770.1,always_compile_evict,1.0
h=0/q0=0.4/p=0.5/r=1/sig=0/cf=1,A_core,0.0,0.4,0.5,1.0,0.0,1.0,1.0,wiki_A,native,breakeven,3997519568.331,1.755505,0.3,8.6,304.9,0.0,0.0,0.0,225.1,0.008,150.0,16344067.5,always_compile_evict,1.0
h=0/q0=0.4/p=0.5/r=1/sig=0/cf=1,A_core,0.0,0.4,0.5,1.0,0.0,1.0,1.0,wiki_A,native,breakeven_cap_epoch,3997725212.137,1.755595,0.3,8.6,304.3,0.0,0.0,0.0,224.6,0.008,149.6,16316676.7,always_compile_evict,1.0
h=0/q0=0.4/p=0.5/r=1/sig=0/cf=1,A_core,0.0,0.4,0.5,1.0,0.0,1.0,1.0,wiki_A,native,offline_taxblind,2133612758.552,0.936973,,,,,,,,,,,always_compile_evict,1.0
h=0/q0=0.4/p=0.5/r=1/sig=0/cf=1,A_core,0.0,0.4,0.5,1.0,0.0,1.0,1.0,wiki_A,native,offline_opt_tax,2194415699.93,0.963674,,,,,,,,,,,always_compile_evict,1.0
h=0/q0=0.4/p=0.5/r=1/sig=0/cf=1,A_core,0.0,0.4,0.5,1.0,0.0,1.0,1.0,wiki_B,autorpa_233k,always_reactive,8991713899.193,1.040693,0.0,0.0,0.0,0.0,0.0,0.0,0.0,0.004,0.0,0.0,ours_noinflate,0.957323
h=0/q0=0.4/p=0.5/r=1/sig=0/cf=1,A_core,0.0,0.4,0.5,1.0,0.0,1.0,1.0,wiki_B,autorpa_233k,always_compile_evict,9025299310.828,1.04458,112.1,129.4,2787.8,0.0,0.0,0.0,2551.8,0.092,1402.3,326735900.0,ours_noinflate,0.957323
h=0/q0=0.4/p=0.5/r=1/sig=0/cf=1,A_core,0.0,0.4,0.5,1.0,0.0,1.0,1.0,wiki_B,autorpa_233k,ours_noinflate,8640123489.85,1.0,86.1,98.2,1324.7,0.0,0.0,0.0,1174.0,0.065,662.5,154362500.0,ours_noinflate,0.957323
h=0/q0=0.4/p=0.5/r=1/sig=0/cf=1,A_core,0.0,0.4,0.5,1.0,0.0,1.0,1.0,wiki_B,autorpa_233k,oracle_tax,8477673949.907,0.981198,45.1,45.1,92.3,0.0,0.0,0.0,47.2,0.033,47.2,10997600.0,ours_noinflate,0.957323
h=0/q0=0.4/p=0.5/r=1/sig=0/cf=1,A_core,0.0,0.4,0.5,1.0,0.0,1.0,1.0,wiki_B,autorpa_233k,ours_spend_cap,8640157492.443,1.000004,86.1,98.2,1324.7,0.0,0.0,0.0,1174.0,0.065,662.5,154362500.0,ours_noinflate,0.957323
h=0/q0=0.4/p=0.5/r=1/sig=0/cf=1,A_core,0.0,0.4,0.5,1.0,0.0,1.0,1.0,wiki_B,autorpa_233k,ours_cap_epoch,8640157492.443,1.000004,86.1,98.2,1324.7,0.0,0.0,0.0,1174.0,0.065,662.5,154362500.0,ours_noinflate,0.957323
h=0/q0=0.4/p=0.5/r=1/sig=0/cf=1,A_core,0.0,0.4,0.5,1.0,0.0,1.0,1.0,wiki_B,autorpa_233k,ours_cap_realized,8640153782.396,1.000004,86.1,98.2,1324.7,0.0,0.0,0.0,1174.0,0.065,662.5,154362500.0,ours_noinflate,0.957323
h=0/q0=0.4/p=0.5/r=1/sig=0/cf=1,A_core,0.0,0.4,0.5,1.0,0.0,1.0,1.0,wiki_B,autorpa_233k,ours_pi_prior,8645165396.995,1.000584,80.2,92.4,1239.7,0.0,0.0,0.0,1097.7,0.061,622.0,144926000.0,ours_noinflate,0.957323
h=0/q0=0.4/p=0.5/r=1/sig=0/cf=1,A_core,0.0,0.4,0.5,1.0,0.0,1.0,1.0,wiki_B,autorpa_233k,breakeven,9022754018.91,1.044285,4.3,11.7,679.9,0.0,0.0,0.0,600.3,0.008,337.9,78730700.0,ours_noinflate,0.957323
h=0/q0=0.4/p=0.5/r=1/sig=0/cf=1,A_core,0.0,0.4,0.5,1.0,0.0,1.0,1.0,wiki_B,autorpa_233k,breakeven_cap_epoch,9021751290.424,1.044169,4.0,11.7,677.5,0.0,0.0,0.0,597.6,0.009,336.8,78474400.0,ours_noinflate,0.957323
h=0/q0=0.4/p=0.5/r=1/sig=0/cf=1,A_core,0.0,0.4,0.5,1.0,0.0,1.0,1.0,wiki_B,autorpa_233k,offline_taxblind,7806955648.295,0.90357,,,,,,,,,,,ours_noinflate,0.957323
h=0/q0=0.4/p=0.5/r=1/sig=0/cf=1,A_core,0.0,0.4,0.5,1.0,0.0,1.0,1.0,wiki_B,autorpa_233k,offline_opt_tax,8147146294.796,0.942943,,,,,,,,,,,ours_noinflate,0.957323
h=0/q0=0.4/p=0.5/r=1/sig=0/cf=1,A_core,0.0,0.4,0.5,1.0,0.0,1.0,1.0,wiki_B,native,always_reactive,8991713899.193,1.086036,0.0,0.0,0.0,0.0,0.0,0.0,0.0,0.004,0.0,0.0,ours_noinflate,0.993724
h=0/q0=0.4/p=0.5/r=1/sig=0/cf=1,A_core,0.0,0.4,0.5,1.0,0.0,1.0,1.0,wiki_B,native,always_compile_evict,8331674951.279,1.006316,58.0,77.1,2787.8,0.0,0.0,0.0,2258.3,0.058,1402.3,150255518.6,ours_noinflate,0.993724
h=0/q0=0.4/p=0.5/r=1/sig=0/cf=1,A_core,0.0,0.4,0.5,1.0,0.0,1.0,1.0,wiki_B,native,ours_noinflate,8279385638.284,1.0,53.6,72.3,1904.5,0.0,0.0,0.0,1457.2,0.052,954.0,104123278.5,ours_noinflate,0.993724
h=0/q0=0.4/p=0.5/r=1/sig=0/cf=1,A_core,0.0,0.4,0.5,1.0,0.0,1.0,1.0,wiki_B,native,oracle_tax,8466387991.388,1.022587,59.0,59.0,118.2,0.0,0.0,0.0,59.2,0.035,59.2,6531878.15,ours_noinflate,0.993724
h=0/q0=0.4/p=0.5/r=1/sig=0/cf=1,A_core,0.0,0.4,0.5,1.0,0.0,1.0,1.0,wiki_B,native,ours_spend_cap,8279483605.173,1.000012,53.6,72.3,1904.5,0.0,0.0,0.0,1457.2,0.052,954.0,104123278.5,ours_noinflate,0.993724
h=0/q0=0.4/p=0.5/r=1/sig=0/cf=1,A_core,0.0,0.4,0.5,1.0,0.0,1.0,1.0,wiki_B,native,ours_cap_epoch,8279483605.173,1.000012,53.6,72.3,1904.5,0.0,0.0,0.0,1457.2,0.052,954.0,104123278.5,ours_noinflate,0.993724
h=0/q0=0.4/p=0.5/r=1/sig=0/cf=1,A_core,0.0,0.4,0.5,1.0,0.0,1.0,1.0,wiki_B,native,ours_cap_realized,8279400007.614,1.000002,53.6,72.3,1904.5,0.0,0.0,0.0,1457.2,0.052,954.0,104123278.5,ours_noinflate,0.993724
h=0/q0=0.4/p=0.5/r=1/sig=0/cf=1,A_core,0.0,0.4,0.5,1.0,0.0,1.0,1.0,wiki_B,native,ours_pi_prior,8280973625.033,1.000192,53.6,71.3,1766.7,0.0,0.0,0.0,1346.4,0.05,889.8,97652592.6,ours_noinflate,0.993724
h=0/q0=0.4/p=0.5/r=1/sig=0/cf=1,A_core,0.0,0.4,0.5,1.0,0.0,1.0,1.0,wiki_B,native,breakeven,8977657684.742,1.084339,4.5,12.0,1282.1,0.0,0.0,0.0,1115.5,0.008,638.6,69765802.45,ours_noinflate,0.993724
h=0/q0=0.4/p=0.5/r=1/sig=0/cf=1,A_core,0.0,0.4,0.5,1.0,0.0,1.0,1.0,wiki_B,native,breakeven_cap_epoch,8977122660.139,1.084274,4.5,12.3,1279.5,0.0,0.0,0.0,1112.4,0.008,637.1,69606510.7,ours_noinflate,0.993724
h=0/q0=0.4/p=0.5/r=1/sig=0/cf=1,A_core,0.0,0.4,0.5,1.0,0.0,1.0,1.0,wiki_B,native,offline_taxblind,7627515876.147,0.921266,,,,,,,,,,,ours_noinflate,0.993724
h=0/q0=0.4/p=0.5/r=1/sig=0/cf=1,A_core,0.0,0.4,0.5,1.0,0.0,1.0,1.0,wiki_B,native,offline_opt_tax,7851636783.569,0.948336,,,,,,,,,,,ours_noinflate,0.993724
h=0/q0=0.4/p=0/r=1/sig=0/cf=11.0877,A_core,0.0,0.4,0.0,1.0,0.0,1.0,11.087667012373094,bpi2019,autorpa_233k,always_reactive,26858149732.486,0.667959,0.0,0.0,0.0,0.0,0.0,0.0,0.0,0.003,0.0,0.0,always_reactive,0.042054
h=0/q0=0.4/p=0/r=1/sig=0/cf=11.0877,A_core,0.0,0.4,0.0,1.0,0.0,1.0,11.087667012373094,bpi2019,autorpa_233k,always_compile_evict,638660026217.309,15.883392,0.0,0.0,236818.0,0.0,0.0,0.0,236818.0,0.0,236818.0,611801876482.757,always_reactive,0.042054
h=0/q0=0.4/p=0/r=1/sig=0/cf=11.0877,A_core,0.0,0.4,0.0,1.0,0.0,1.0,11.087667012373094,bpi2019,autorpa_233k,ours_noinflate,40209297439.345,1.0,0.0,0.0,5168.0,0.0,0.0,0.0,5168.0,0.002,5168.0,13351147706.947,always_reactive,0.042054
h=0/q0=0.4/p=0/r=1/sig=0/cf=11.0877,A_core,0.0,0.4,0.0,1.0,0.0,1.0,11.087667012373094,bpi2019,autorpa_233k,oracle_tax,26858149732.486,0.667959,0.0,0.0,0.0,0.0,0.0,0.0,0.0,0.003,0.0,0.0,always_reactive,0.042054
h=0/q0=0.4/p=0/r=1/sig=0/cf=11.0877,A_core,0.0,0.4,0.0,1.0,0.0,1.0,11.087667012373094,bpi2019,autorpa_233k,ours_spend_cap,30108100161.154,0.748785,0.0,0.0,1258.0,0.0,0.0,0.0,1258.0,0.003,1258.0,3249950428.665,always_reactive,0.042054
h=0/q0=0.4/p=0/r=1/sig=0/cf=11.0877,A_core,0.0,0.4,0.0,1.0,0.0,1.0,11.087667012373094,bpi2019,autorpa_233k,ours_cap_epoch,30108100161.154,0.748785,0.0,0.0,1258.0,0.0,0.0,0.0,1258.0,0.003,1258.0,3249950428.665,always_reactive,0.042054
h=0/q0=0.4/p=0/r=1/sig=0/cf=11.0877,A_core,0.0,0.4,0.0,1.0,0.0,1.0,11.087667012373094,bpi2019,autorpa_233k,ours_cap_realized,30108100161.154,0.748785,0.0,0.0,1258.0,0.0,0.0,0.0,1258.0,0.003,1258.0,3249950428.665,always_reactive,0.042054
h=0/q0=0.4/p=0/r=1/sig=0/cf=11.0877,A_core,0.0,0.4,0.0,1.0,0.0,1.0,11.087667012373094,bpi2019,autorpa_233k,ours_pi_prior,39452353500.088,0.981175,0.0,0.0,4875.0,0.0,0.0,0.0,4875.0,0.002,4875.0,12594203767.679,always_reactive,0.042054
h=0/q0=0.4/p=0/r=1/sig=0/cf=11.0877,A_core,0.0,0.4,0.0,1.0,0.0,1.0,11.087667012373094,bpi2019,autorpa_233k,breakeven,191262239859.169,4.756667,0.0,0.0,63638.0,0.0,0.0,0.0,63638.0,0.0,63638.0,164404090126.665,always_reactive,0.042054
h=0/q0=0.4/p=0/r=1/sig=0/cf=11.0877,A_core,0.0,0.4,0.0,1.0,0.0,1.0,11.087667012373094,bpi2019,autorpa_233k,breakeven_cap_epoch,29064395889.945,0.722828,0.0,0.0,854.0,0.0,0.0,0.0,854.0,0.003,854.0,2206246157.456,always_reactive,0.042054
h=0/q0=0.4/p=0/r=1/sig=0/cf=11.0877,A_core,0.0,0.4,0.0,1.0,0.0,1.0,11.087667012373094,bpi2019,autorpa_233k,offline_taxblind,26858149732.495,0.667959,,,,,,,,,,,always_reactive,0.042054
h=0/q0=0.4/p=0/r=1/sig=0/cf=11.0877,A_core,0.0,0.4,0.0,1.0,0.0,1.0,11.087667012373094,bpi2019,autorpa_233k,offline_opt_tax,26858149732.488,0.667959,,,,,,,,,,,always_reactive,0.042054
h=0/q0=0.4/p=0/r=1/sig=0/cf=11.0877,A_core,0.0,0.4,0.0,1.0,0.0,1.0,11.087667012373094,bpi2019,native,always_reactive,26858149732.486,0.681601,0.0,0.0,0.0,0.0,0.0,0.0,0.0,0.003,0.0,0.0,always_reactive,0.090199
h=0/q0=0.4/p=0/r=1/sig=0/cf=11.0877,A_core,0.0,0.4,0.0,1.0,0.0,1.0,11.087667012373094,bpi2019,native,always_compile_evict,297766090738.087,7.556649,0.0,0.0,236818.0,0.0,0.0,0.0,236818.0,0.0,236818.0,270907941005.199,always_reactive,0.090199
h=0/q0=0.4/p=0/r=1/sig=0/cf=11.0877,A_core,0.0,0.4,0.0,1.0,0.0,1.0,11.087667012373094,bpi2019,native,ours_noinflate,39404514103.166,1.0,0.0,0.0,10419.0,0.0,0.0,0.0,10419.0,0.002,10419.0,12546364370.748,always_reactive,0.090199
h=0/q0=0.4/p=0/r=1/sig=0/cf=11.0877,A_core,0.0,0.4,0.0,1.0,0.0,1.0,11.087667012373094,bpi2019,native,oracle_tax,26858149732.486,0.681601,0.0,0.0,0.0,0.0,0.0,0.0,0.0,0.003,0.0,0.0,always_reactive,0.090199
h=0/q0=0.4/p=0/r=1/sig=0/cf=11.0877,A_core,0.0,0.4,0.0,1.0,0.0,1.0,11.087667012373094,bpi2019,native,ours_spend_cap,29838631306.48,0.757239,0.0,0.0,2483.0,0.0,0.0,0.0,2483.0,0.003,2483.0,2980481573.99,always_reactive,0.090199
h=0/q0=0.4/p=0/r=1/sig=0/cf=11.0877,A_core,0.0,0.4,0.0,1.0,0.0,1.0,11.087667012373094,bpi2019,native,ours_cap_epoch,29838631306.48,0.757239,0.0,0.0,2483.0,0.0,0.0,0.0,2483.0,0.003,2483.0,2980481573.99,always_reactive,0.090199
h=0/q0=0.4/p=0/r=1/sig=0/cf=11.0877,A_core,0.0,0.4,0.0,1.0,0.0,1.0,11.087667012373094,bpi2019,native,ours_cap_realized,29838631306.48,0.757239,0.0,0.0,2483.0,0.0,0.0,0.0,2483.0,0.003,2483.0,2980481573.99,always_reactive,0.090199
h=0/q0=0.4/p=0/r=1/sig=0/cf=11.0877,A_core,0.0,0.4,0.0,1.0,0.0,1.0,11.087667012373094,bpi2019,native,ours_pi_prior,38616106220.0,0.979992,0.0,0.0,9759.0,0.0,0.0,0.0,9759.0,0.002,9759.0,11757956487.574,always_reactive,0.090199
h=0/q0=0.4/p=0/r=1/sig=0/cf=11.0877,A_core,0.0,0.4,0.0,1.0,0.0,1.0,11.087667012373094,bpi2019,native,breakeven,193214770913.253,4.903366,0.0,0.0,141097.0,0.0,0.0,0.0,141097.0,0.0,141097.0,166356621180.428,always_reactive,0.090199
h=0/q0=0.4/p=0/r=1/sig=0/cf=11.0877,A_core,0.0,0.4,0.0,1.0,0.0,1.0,11.087667012373094,bpi2019,native,breakeven_cap_epoch,29369434008.116,0.745332,0.0,0.0,2087.0,0.0,0.0,0.0,2087.0,0.003,2087.0,2511284275.626,always_reactive,0.090199
h=0/q0=0.4/p=0/r=1/sig=0/cf=11.0877,A_core,0.0,0.4,0.0,1.0,0.0,1.0,11.087667012373094,bpi2019,native,offline_taxblind,26858149732.495,0.681601,,,,,,,,,,,always_reactive,0.090199
h=0/q0=0.4/p=0/r=1/sig=0/cf=11.0877,A_core,0.0,0.4,0.0,1.0,0.0,1.0,11.087667012373094,bpi2019,native,offline_opt_tax,26858149732.488,0.681601,,,,,,,,,,,always_reactive,0.090199
h=0/q0=0.4/p=0/r=1/sig=0/cf=11.0877,A_core,0.0,0.4,0.0,1.0,0.0,1.0,11.087667012373094,sepsis,autorpa_233k,always_reactive,93787502.059,0.612165,0.0,0.0,0.0,0.0,0.0,0.0,0.0,0.004,0.0,0.0,always_reactive,0.203605
h=0/q0=0.4/p=0/r=1/sig=0/cf=11.0877,A_core,0.0,0.4,0.0,1.0,0.0,1.0,11.087667012373094,sepsis,autorpa_233k,always_compile_evict,460634052.831,3.006626,0.0,0.0,142.0,0.0,0.0,0.0,142.0,0.001,142.0,366846550.771,always_reactive,0.203605
h=0/q0=0.4/p=0/r=1/sig=0/cf=11.0877,A_core,0.0,0.4,0.0,1.0,0.0,1.0,11.087667012373094,sepsis,autorpa_233k,ours_noinflate,153206309.579,1.0,0.0,0.0,23.0,0.0,0.0,0.0,23.0,0.003,23.0,59418807.519,always_reactive,0.203605
h=0/q0=0.4/p=0/r=1/sig=0/cf=11.0877,A_core,0.0,0.4,0.0,1.0,0.0,1.0,11.087667012373094,sepsis,autorpa_233k,oracle_tax,93787502.059,0.612165,0.0,0.0,0.0,0.0,0.0,0.0,0.0,0.004,0.0,0.0,always_reactive,0.203605
h=0/q0=0.4/p=0/r=1/sig=0/cf=11.0877,A_core,0.0,0.4,0.0,1.0,0.0,1.0,11.087667012373094,sepsis,autorpa_233k,ours_spend_cap,114454913.37,0.747064,0.0,0.0,8.0,0.0,0.0,0.0,8.0,0.003,8.0,20667411.311,always_reactive,0.203605
h=0/q0=0.4/p=0/r=1/sig=0/cf=11.0877,A_core,0.0,0.4,0.0,1.0,0.0,1.0,11.087667012373094,sepsis,autorpa_233k,ours_cap_epoch,114454913.37,0.747064,0.0,0.0,8.0,0.0,0.0,0.0,8.0,0.003,8.0,20667411.311,always_reactive,0.203605
h=0/q0=0.4/p=0/r=1/sig=0/cf=11.0877,A_core,0.0,0.4,0.0,1.0,0.0,1.0,11.087667012373094,sepsis,autorpa_233k,ours_cap_realized,114454913.37,0.747064,0.0,0.0,8.0,0.0,0.0,0.0,8.0,0.003,8.0,20667411.311,always_reactive,0.203605
h=0/q0=0.4/p=0/r=1/sig=0/cf=11.0877,A_core,0.0,0.4,0.0,1.0,0.0,1.0,11.087667012373094,sepsis,autorpa_233k,ours_pi_prior,155789735.993,1.016862,0.0,0.0,24.0,0.0,0.0,0.0,24.0,0.002,24.0,62002233.933,always_reactive,0.203605
h=0/q0=0.4/p=0/r=1/sig=0/cf=11.0877,A_core,0.0,0.4,0.0,1.0,0.0,1.0,11.087667012373094,sepsis,autorpa_233k,breakeven,127372045.44,0.831376,0.0,0.0,13.0,0.0,0.0,0.0,13.0,0.003,13.0,33584543.38,always_reactive,0.203605
h=0/q0=0.4/p=0/r=1/sig=0/cf=11.0877,A_core,0.0,0.4,0.0,1.0,0.0,1.0,11.087667012373094,sepsis,autorpa_233k,breakeven_cap_epoch,109288060.543,0.713339,0.0,0.0,6.0,0.0,0.0,0.0,6.0,0.004,6.0,15500558.483,always_reactive,0.203605
h=0/q0=0.4/p=0/r=1/sig=0/cf=11.0877,A_core,0.0,0.4,0.0,1.0,0.0,1.0,11.087667012373094,sepsis,autorpa_233k,offline_taxblind,93787502.059,0.612165,,,,,,,,,,,always_reactive,0.203605
h=0/q0=0.4/p=0/r=1/sig=0/cf=11.0877,A_core,0.0,0.4,0.0,1.0,0.0,1.0,11.087667012373094,sepsis,autorpa_233k,offline_opt_tax,93787502.059,0.612165,,,,,,,,,,,always_reactive,0.203605
h=0/q0=0.4/p=0/r=1/sig=0/cf=11.0877,A_core,0.0,0.4,0.0,1.0,0.0,1.0,11.087667012373094,sepsis,native,always_reactive,93787502.059,0.569029,0.0,0.0,0.0,0.0,0.0,0.0,0.0,0.004,0.0,0.0,always_reactive,0.333198
h=0/q0=0.4/p=0/r=1/sig=0/cf=11.0877,A_core,0.0,0.4,0.0,1.0,0.0,1.0,11.087667012373094,sepsis,native,always_compile_evict,281477051.151,1.707783,0.0,0.0,142.0,0.0,0.0,0.0,142.0,0.001,142.0,187689549.092,always_reactive,0.333198
h=0/q0=0.4/p=0/r=1/sig=0/cf=11.0877,A_core,0.0,0.4,0.0,1.0,0.0,1.0,11.087667012373094,sepsis,native,ours_noinflate,164820197.267,1.0,0.0,0.0,55.0,0.0,0.0,0.0,55.0,0.002,55.0,71032695.208,always_reactive,0.333198
h=0/q0=0.4/p=0/r=1/sig=0/cf=11.0877,A_core,0.0,0.4,0.0,1.0,0.0,1.0,11.087667012373094,sepsis,native,oracle_tax,93787502.059,0.569029,0.0,0.0,0.0,0.0,0.0,0.0,0.0,0.004,0.0,0.0,always_reactive,0.333198
h=0/q0=0.4/p=0/r=1/sig=0/cf=11.0877,A_core,0.0,0.4,0.0,1.0,0.0,1.0,11.087667012373094,sepsis,native,ours_spend_cap,112703838.119,0.683799,0.0,0.0,15.0,0.0,0.0,0.0,15.0,0.003,15.0,18916336.06,always_reactive,0.333198
h=0/q0=0.4/p=0/r=1/sig=0/cf=11.0877,A_core,0.0,0.4,0.0,1.0,0.0,1.0,11.087667012373094,sepsis,native,ours_cap_epoch,112703838.119,0.683799,0.0,0.0,15.0,0.0,0.0,0.0,15.0,0.003,15.0,18916336.06,always_reactive,0.333198
h=0/q0=0.4/p=0/r=1/sig=0/cf=11.0877,A_core,0.0,0.4,0.0,1.0,0.0,1.0,11.087667012373094,sepsis,native,ours_cap_realized,112703838.119,0.683799,0.0,0.0,15.0,0.0,0.0,0.0,15.0,0.003,15.0,18916336.06,always_reactive,0.333198
h=0/q0=0.4/p=0/r=1/sig=0/cf=11.0877,A_core,0.0,0.4,0.0,1.0,0.0,1.0,11.087667012373094,sepsis,native,ours_pi_prior,164479146.174,0.997931,0.0,0.0,54.0,0.0,0.0,0.0,54.0,0.002,54.0,70691644.115,always_reactive,0.333198
h=0/q0=0.4/p=0/r=1/sig=0/cf=11.0877,A_core,0.0,0.4,0.0,1.0,0.0,1.0,11.087667012373094,sepsis,native,breakeven,151031857.306,0.916343,0.0,0.0,44.0,0.0,0.0,0.0,44.0,0.003,44.0,57244355.247,always_reactive,0.333198
h=0/q0=0.4/p=0/r=1/sig=0/cf=11.0877,A_core,0.0,0.4,0.0,1.0,0.0,1.0,11.087667012373094,sepsis,native,breakeven_cap_epoch,111526388.865,0.676655,0.0,0.0,14.0,0.0,0.0,0.0,14.0,0.003,14.0,17738886.805,always_reactive,0.333198
h=0/q0=0.4/p=0/r=1/sig=0/cf=11.0877,A_core,0.0,0.4,0.0,1.0,0.0,1.0,11.087667012373094,sepsis,native,offline_taxblind,93787502.059,0.569029,,,,,,,,,,,always_reactive,0.333198
h=0/q0=0.4/p=0/r=1/sig=0/cf=11.0877,A_core,0.0,0.4,0.0,1.0,0.0,1.0,11.087667012373094,sepsis,native,offline_opt_tax,93787502.059,0.569029,,,,,,,,,,,always_reactive,0.333198
h=0/q0=0.4/p=0/r=1/sig=0/cf=11.0877,A_core,0.0,0.4,0.0,1.0,0.0,1.0,11.087667012373094,wiki_A,autorpa_233k,always_reactive,4770469730.199,0.655144,0.0,0.0,0.0,0.0,0.0,0.0,0.0,0.005,0.0,0.0,always_reactive,0.028669
h=0/q0=0.4/p=0/r=1/sig=0/cf=11.0877,A_core,0.0,0.4,0.0,1.0,0.0,1.0,11.087667012373094,wiki_A,autorpa_233k,always_compile_evict,166397376461.779,22.851885,0.0,0.0,62563.0,0.0,0.0,0.0,62563.0,0.0,62563.0,161626906731.718,always_reactive,0.028669
h=0/q0=0.4/p=0/r=1/sig=0/cf=11.0877,A_core,0.0,0.4,0.0,1.0,0.0,1.0,11.087667012373094,wiki_A,autorpa_233k,ours_noinflate,7281560204.493,1.0,0.0,0.0,972.0,0.0,0.0,0.0,972.0,0.003,972.0,2511090474.294,always_reactive,0.028669
h=0/q0=0.4/p=0/r=1/sig=0/cf=11.0877,A_core,0.0,0.4,0.0,1.0,0.0,1.0,11.087667012373094,wiki_A,autorpa_233k,oracle_tax,4770469730.199,0.655144,0.0,0.0,0.0,0.0,0.0,0.0,0.0,0.005,0.0,0.0,always_reactive,0.028669
h=0/q0=0.4/p=0/r=1/sig=0/cf=11.0877,A_core,0.0,0.4,0.0,1.0,0.0,1.0,11.087667012373094,wiki_A,autorpa_233k,ours_spend_cap,5307822424.286,0.72894,0.0,0.0,208.0,0.0,0.0,0.0,208.0,0.005,208.0,537352694.088,always_reactive,0.028669
h=0/q0=0.4/p=0/r=1/sig=0/cf=11.0877,A_core,0.0,0.4,0.0,1.0,0.0,1.0,11.087667012373094,wiki_A,autorpa_233k,ours_cap_epoch,5307822424.286,0.72894,0.0,0.0,208.0,0.0,0.0,0.0,208.0,0.005,208.0,537352694.088,always_reactive,0.028669
h=0/q0=0.4/p=0/r=1/sig=0/cf=11.0877,A_core,0.0,0.4,0.0,1.0,0.0,1.0,11.087667012373094,wiki_A,autorpa_233k,ours_cap_realized,5307822424.286,0.72894,0.0,0.0,208.0,0.0,0.0,0.0,208.0,0.005,208.0,537352694.088,always_reactive,0.028669
h=0/q0=0.4/p=0/r=1/sig=0/cf=11.0877,A_core,0.0,0.4,0.0,1.0,0.0,1.0,11.087667012373094,wiki_A,autorpa_233k,ours_pi_prior,7054218680.071,0.968778,0.0,0.0,884.0,0.0,0.0,0.0,884.0,0.003,884.0,2283748949.873,always_reactive,0.028669
h=0/q0=0.4/p=0/r=1/sig=0/cf=11.0877,A_core,0.0,0.4,0.0,1.0,0.0,1.0,11.087667012373094,wiki_A,autorpa_233k,breakeven,33622175920.452,4.617441,0.0,0.0,11168.0,0.0,0.0,0.0,11168.0,0.001,11168.0,28851706190.245,always_reactive,0.028669
h=0/q0=0.4/p=0/r=1/sig=0/cf=11.0877,A_core,0.0,0.4,0.0,1.0,0.0,1.0,11.087667012373094,wiki_A,autorpa_233k,breakeven_cap_epoch,5178651103.592,0.711201,0.0,0.0,158.0,0.0,0.0,0.0,158.0,0.005,158.0,408181373.394,always_reactive,0.028669
h=0/q0=0.4/p=0/r=1/sig=0/cf=11.0877,A_core,0.0,0.4,0.0,1.0,0.0,1.0,11.087667012373094,wiki_A,autorpa_233k,offline_taxblind,4770469730.199,0.655144,,,,,,,,,,,always_reactive,0.028669
h=0/q0=0.4/p=0/r=1/sig=0/cf=11.0877,A_core,0.0,0.4,0.0,1.0,0.0,1.0,11.087667012373094,wiki_A,autorpa_233k,offline_opt_tax,4770469730.199,0.655144,,,,,,,,,,,always_reactive,0.028669
h=0/q0=0.4/p=0/r=1/sig=0/cf=11.0877,A_core,0.0,0.4,0.0,1.0,0.0,1.0,11.087667012373094,wiki_A,native,always_reactive,4770469730.199,0.659238,0.0,0.0,0.0,0.0,0.0,0.0,0.0,0.005,0.0,0.0,always_reactive,0.054581
h=0/q0=0.4/p=0/r=1/sig=0/cf=11.0877,A_core,0.0,0.4,0.0,1.0,0.0,1.0,11.087667012373094,wiki_A,native,always_compile_evict,87402252127.177,12.078238,0.0,0.0,62563.0,0.0,0.0,0.0,62563.0,0.0,62563.0,82631782397.03,always_reactive,0.054581
h=0/q0=0.4/p=0/r=1/sig=0/cf=11.0877,A_core,0.0,0.4,0.0,1.0,0.0,1.0,11.087667012373094,wiki_A,native,ours_noinflate,7236341061.662,1.0,0.0,0.0,2036.0,0.0,0.0,0.0,2036.0,0.003,2036.0,2465871331.463,always_reactive,0.054581
h=0/q0=0.4/p=0/r=1/sig=0/cf=11.0877,A_core,0.0,0.4,0.0,1.0,0.0,1.0,11.087667012373094,wiki_A,native,oracle_tax,4770469730.199,0.659238,0.0,0.0,0.0,0.0,0.0,0.0,0.0,0.005,0.0,0.0,always_reactive,0.054581
h=0/q0=0.4/p=0/r=1/sig=0/cf=11.0877,A_core,0.0,0.4,0.0,1.0,0.0,1.0,11.087667012373094,wiki_A,native,ours_spend_cap,5303184370.017,0.732854,0.0,0.0,440.0,0.0,0.0,0.0,440.0,0.005,440.0,532714639.819,always_reactive,0.054581
h=0/q0=0.4/p=0/r=1/sig=0/cf=11.0877,A_core,0.0,0.4,0.0,1.0,0.0,1.0,11.087667012373094,wiki_A,native,ours_cap_epoch,5303184370.017,0.732854,0.0,0.0,440.0,0.0,0.0,0.0,440.0,0.005,440.0,532714639.819,always_reactive,0.054581
h=0/q0=0.4/p=0/r=1/sig=0/cf=11.0877,A_core,0.0,0.4,0.0,1.0,0.0,1.0,11.087667012373094,wiki_A,native,ours_cap_realized,5303184370.017,0.732854,0.0,0.0,440.0,0.0,0.0,0.0,440.0,0.005,440.0,532714639.819,always_reactive,0.054581
h=0/q0=0.4/p=0/r=1/sig=0/cf=11.0877,A_core,0.0,0.4,0.0,1.0,0.0,1.0,11.087667012373094,wiki_A,native,ours_pi_prior,7025204134.859,0.970823,0.0,0.0,1851.0,0.0,0.0,0.0,1851.0,0.003,1851.0,2254734404.661,always_reactive,0.054581
h=0/q0=0.4/p=0/r=1/sig=0/cf=11.0877,A_core,0.0,0.4,0.0,1.0,0.0,1.0,11.087667012373094,wiki_A,native,breakeven,33972053994.331,4.694645,0.0,0.0,22469.0,0.0,0.0,0.0,22469.0,0.001,22469.0,29201584264.123,always_reactive,0.054581
h=0/q0=0.4/p=0/r=1/sig=0/cf=11.0877,A_core,0.0,0.4,0.0,1.0,0.0,1.0,11.087667012373094,wiki_A,native,breakeven_cap_epoch,5217758380.649,0.721049,0.0,0.0,371.0,0.0,0.0,0.0,371.0,0.005,371.0,447288650.45,always_reactive,0.054581
h=0/q0=0.4/p=0/r=1/sig=0/cf=11.0877,A_core,0.0,0.4,0.0,1.0,0.0,1.0,11.087667012373094,wiki_A,native,offline_taxblind,4770469730.199,0.659238,,,,,,,,,,,always_reactive,0.054581
h=0/q0=0.4/p=0/r=1/sig=0/cf=11.0877,A_core,0.0,0.4,0.0,1.0,0.0,1.0,11.087667012373094,wiki_A,native,offline_opt_tax,4770469730.199,0.659238,,,,,,,,,,,always_reactive,0.054581
h=0/q0=0.4/p=0/r=1/sig=0/cf=11.0877,A_core,0.0,0.4,0.0,1.0,0.0,1.0,11.087667012373094,wiki_B,autorpa_233k,always_reactive,8991713899.193,0.477995,0.0,0.0,0.0,0.0,0.0,0.0,0.0,0.004,0.0,0.0,always_reactive,0.110187
h=0/q0=0.4/p=0/r=1/sig=0/cf=11.0877,A_core,0.0,0.4,0.0,1.0,0.0,1.0,11.087667012373094,wiki_B,autorpa_233k,always_compile_evict,81604080114.056,4.338031,0.0,0.0,28107.0,0.0,0.0,0.0,28107.0,0.0,28107.0,72612366215.008,always_reactive,0.110187
h=0/q0=0.4/p=0/r=1/sig=0/cf=11.0877,A_core,0.0,0.4,0.0,1.0,0.0,1.0,11.087667012373094,wiki_B,autorpa_233k,ours_noinflate,18811317698.344,1.0,0.0,0.0,3801.0,0.0,0.0,0.0,3801.0,0.002,3801.0,9819603799.169,always_reactive,0.110187
h=0/q0=0.4/p=0/r=1/sig=0/cf=11.0877,A_core,0.0,0.4,0.0,1.0,0.0,1.0,11.087667012373094,wiki_B,autorpa_233k,oracle_tax,8991713899.193,0.477995,0.0,0.0,0.0,0.0,0.0,0.0,0.0,0.004,0.0,0.0,always_reactive,0.110187
h=0/q0=0.4/p=0/r=1/sig=0/cf=11.0877,A_core,0.0,0.4,0.0,1.0,0.0,1.0,11.087667012373094,wiki_B,autorpa_233k,ours_spend_cap,11781814426.175,0.626315,0.0,0.0,1080.0,0.0,0.0,0.0,1080.0,0.003,1080.0,2790100526.994,always_reactive,0.110187
h=0/q0=0.4/p=0/r=1/sig=0/cf=11.0877,A_core,0.0,0.4,0.0,1.0,0.0,1.0,11.087667012373094,wiki_B,autorpa_233k,ours_cap_epoch,11781814426.175,0.626315,0.0,0.0,1080.0,0.0,0.0,0.0,1080.0,0.003,1080.0,2790100526.994,always_reactive,0.110187
h=0/q0=0.4/p=0/r=1/sig=0/cf=11.0877,A_core,0.0,0.4,0.0,1.0,0.0,1.0,11.087667012373094,wiki_B,autorpa_233k,ours_cap_realized,11781814426.175,0.626315,0.0,0.0,1080.0,0.0,0.0,0.0,1080.0,0.003,1080.0,2790100526.994,always_reactive,0.110187
h=0/q0=0.4/p=0/r=1/sig=0/cf=11.0877,A_core,0.0,0.4,0.0,1.0,0.0,1.0,11.087667012373094,wiki_B,autorpa_233k,ours_pi_prior,18152543962.802,0.96498,0.0,0.0,3546.0,0.0,0.0,0.0,3546.0,0.002,3546.0,9160830063.629,always_reactive,0.110187
h=0/q0=0.4/p=0/r=1/sig=0/cf=11.0877,A_core,0.0,0.4,0.0,1.0,0.0,1.0,11.087667012373094,wiki_B,autorpa_233k,breakeven,22337694753.299,1.18746,0.0,0.0,5166.0,0.0,0.0,0.0,5166.0,0.002,5166.0,13345980854.119,always_reactive,0.110187
h=0/q0=0.4/p=0/r=1/sig=0/cf=11.0877,A_core,0.0,0.4,0.0,1.0,0.0,1.0,11.087667012373094,wiki_B,autorpa_233k,breakeven_cap_epoch,10521102336.204,0.559296,0.0,0.0,592.0,0.0,0.0,0.0,592.0,0.003,592.0,1529388437.019,always_reactive,0.110187
h=0/q0=0.4/p=0/r=1/sig=0/cf=11.0877,A_core,0.0,0.4,0.0,1.0,0.0,1.0,11.087667012373094,wiki_B,autorpa_233k,offline_taxblind,8991713899.192,0.477995,,,,,,,,,,,always_reactive,0.110187
h=0/q0=0.4/p=0/r=1/sig=0/cf=11.0877,A_core,0.0,0.4,0.0,1.0,0.0,1.0,11.087667012373094,wiki_B,autorpa_233k,offline_opt_tax,8991713899.192,0.477995,,,,,,,,,,,always_reactive,0.110187
h=0/q0=0.4/p=0/r=1/sig=0/cf=11.0877,A_core,0.0,0.4,0.0,1.0,0.0,1.0,11.087667012373094,wiki_B,native,always_reactive,8991713899.193,0.507242,0.0,0.0,0.0,0.0,0.0,0.0,0.0,0.004,0.0,0.0,always_reactive,0.208748
h=0/q0=0.4/p=0/r=1/sig=0/cf=11.0877,A_core,0.0,0.4,0.0,1.0,0.0,1.0,11.087667012373094,wiki_B,native,always_compile_evict,43074484523.997,2.429926,0.0,0.0,28107.0,0.0,0.0,0.0,28107.0,0.001,28107.0,34082770624.823,always_reactive,0.208748
h=0/q0=0.4/p=0/r=1/sig=0/cf=11.0877,A_core,0.0,0.4,0.0,1.0,0.0,1.0,11.087667012373094,wiki_B,native,ours_noinflate,17726662803.259,1.0,0.0,0.0,7193.0,0.0,0.0,0.0,7193.0,0.002,7193.0,8734948904.088,always_reactive,0.208748
h=0/q0=0.4/p=0/r=1/sig=0/cf=11.0877,A_core,0.0,0.4,0.0,1.0,0.0,1.0,11.087667012373094,wiki_B,native,oracle_tax,8991713899.193,0.507242,0.0,0.0,0.0,0.0,0.0,0.0,0.0,0.004,0.0,0.0,always_reactive,0.208748
h=0/q0=0.4/p=0/r=1/sig=0/cf=11.0877,A_core,0.0,0.4,0.0,1.0,0.0,1.0,11.087667012373094,wiki_B,native,ours_spend_cap,11600937677.448,0.654434,0.0,0.0,2151.0,0.0,0.0,0.0,2151.0,0.003,2151.0,2609223778.266,always_reactive,0.208748
h=0/q0=0.4/p=0/r=1/sig=0/cf=11.0877,A_core,0.0,0.4,0.0,1.0,0.0,1.0,11.087667012373094,wiki_B,native,ours_cap_epoch,11600937677.448,0.654434,0.0,0.0,2151.0,0.0,0.0,0.0,2151.0,0.003,2151.0,2609223778.266,always_reactive,0.208748
h=0/q0=0.4/p=0/r=1/sig=0/cf=11.0877,A_core,0.0,0.4,0.0,1.0,0.0,1.0,11.087667012373094,wiki_B,native,ours_cap_realized,11600937677.448,0.654434,0.0,0.0,2151.0,0.0,0.0,0.0,2151.0,0.003,2151.0,2609223778.266,always_reactive,0.208748
h=0/q0=0.4/p=0/r=1/sig=0/cf=11.0877,A_core,0.0,0.4,0.0,1.0,0.0,1.0,11.087667012373094,wiki_B,native,ours_pi_prior,17095878824.219,0.964416,0.0,0.0,6669.0,0.0,0.0,0.0,6669.0,0.002,6669.0,8104164925.048,always_reactive,0.208748
h=0/q0=0.4/p=0/r=1/sig=0/cf=11.0877,A_core,0.0,0.4,0.0,1.0,0.0,1.0,11.087667012373094,wiki_B,native,breakeven,23880098675.541,1.347129,0.0,0.0,12239.0,0.0,0.0,0.0,12239.0,0.002,12239.0,14888384776.358,always_reactive,0.208748
h=0/q0=0.4/p=0/r=1/sig=0/cf=11.0877,A_core,0.0,0.4,0.0,1.0,0.0,1.0,11.087667012373094,wiki_B,native,breakeven_cap_epoch,10878905381.059,0.613703,0.0,0.0,1563.0,0.0,0.0,0.0,1563.0,0.003,1563.0,1887191481.875,always_reactive,0.208748
h=0/q0=0.4/p=0/r=1/sig=0/cf=11.0877,A_core,0.0,0.4,0.0,1.0,0.0,1.0,11.087667012373094,wiki_B,native,offline_taxblind,8991713899.192,0.507242,,,,,,,,,,,always_reactive,0.208748
h=0/q0=0.4/p=0/r=1/sig=0/cf=11.0877,A_core,0.0,0.4,0.0,1.0,0.0,1.0,11.087667012373094,wiki_B,native,offline_opt_tax,8991713899.192,0.507242,,,,,,,,,,,always_reactive,0.208748
h=0/q0=0.4/p=0/r=1/sig=0/cf=1,A_core,0.0,0.4,0.0,1.0,0.0,1.0,1.0,bpi2019,autorpa_233k,always_reactive,26858149732.486,0.95709,0.0,0.0,0.0,0.0,0.0,0.0,0.0,0.003,0.0,0.0,always_reactive,0.327392
h=0/q0=0.4/p=0/r=1/sig=0/cf=1,A_core,0.0,0.4,0.0,1.0,0.0,1.0,1.0,bpi2019,autorpa_233k,always_compile_evict,82036743732.254,2.92338,0.0,0.0,236818.0,0.0,0.0,0.0,236818.0,0.001,236818.0,55178594000.0,always_reactive,0.327392
h=0/q0=0.4/p=0/r=1/sig=0/cf=1,A_core,0.0,0.4,0.0,1.0,0.0,1.0,1.0,bpi2019,autorpa_233k,ours_noinflate,28062293732.488,1.0,0.0,0.0,5168.0,0.0,0.0,0.0,5168.0,0.003,5168.0,1204144000.0,always_reactive,0.327392
h=0/q0=0.4/p=0/r=1/sig=0/cf=1,A_core,0.0,0.4,0.0,1.0,0.0,1.0,1.0,bpi2019,autorpa_233k,oracle_tax,26858149732.486,0.95709,0.0,0.0,0.0,0.0,0.0,0.0,0.0,0.003,0.0,0.0,always_reactive,0.327392
h=0/q0=0.4/p=0/r=1/sig=0/cf=1,A_core,0.0,0.4,0.0,1.0,0.0,1.0,1.0,bpi2019,autorpa_233k,ours_spend_cap,28062293732.488,1.0,0.0,0.0,5168.0,0.0,0.0,0.0,5168.0,0.003,5168.0,1204144000.0,always_reactive,0.327392
h=0/q0=0.4/p=0/r=1/sig=0/cf=1,A_core,0.0,0.4,0.0,1.0,0.0,1.0,1.0,bpi2019,autorpa_233k,ours_cap_epoch,28062293732.488,1.0,0.0,0.0,5168.0,0.0,0.0,0.0,5168.0,0.003,5168.0,1204144000.0,always_reactive,0.327392
h=0/q0=0.4/p=0/r=1/sig=0/cf=1,A_core,0.0,0.4,0.0,1.0,0.0,1.0,1.0,bpi2019,autorpa_233k,ours_cap_realized,28062293732.488,1.0,0.0,0.0,5168.0,0.0,0.0,0.0,5168.0,0.003,5168.0,1204144000.0,always_reactive,0.327392
h=0/q0=0.4/p=0/r=1/sig=0/cf=1,A_core,0.0,0.4,0.0,1.0,0.0,1.0,1.0,bpi2019,autorpa_233k,ours_pi_prior,27994024732.488,0.997567,0.0,0.0,4875.0,0.0,0.0,0.0,4875.0,0.003,4875.0,1135875000.0,always_reactive,0.327392
h=0/q0=0.4/p=0/r=1/sig=0/cf=1,A_core,0.0,0.4,0.0,1.0,0.0,1.0,1.0,bpi2019,autorpa_233k,breakeven,41685803732.379,1.485474,0.0,0.0,63638.0,0.0,0.0,0.0,63638.0,0.002,63638.0,14827654000.0,always_reactive,0.327392
h=0/q0=0.4/p=0/r=1/sig=0/cf=1,A_core,0.0,0.4,0.0,1.0,0.0,1.0,1.0,bpi2019,autorpa_233k,breakeven_cap_epoch,27791547732.488,0.990352,0.0,0.0,4006.0,0.0,0.0,0.0,4006.0,0.003,4006.0,933398000.0,always_reactive,0.327392
h=0/q0=0.4/p=0/r=1/sig=0/cf=1,A_core,0.0,0.4,0.0,1.0,0.0,1.0,1.0,bpi2019,autorpa_233k,offline_taxblind,26858149732.495,0.95709,,,,,,,,,,,always_reactive,0.327392
h=0/q0=0.4/p=0/r=1/sig=0/cf=1,A_core,0.0,0.4,0.0,1.0,0.0,1.0,1.0,bpi2019,autorpa_233k,offline_opt_tax,26858149732.488,0.95709,,,,,,,,,,,always_reactive,0.327392
h=0/q0=0.4/p=0/r=1/sig=0/cf=1,A_core,0.0,0.4,0.0,1.0,0.0,1.0,1.0,bpi2019,native,always_reactive,26858149732.486,0.959572,0.0,0.0,0.0,0.0,0.0,0.0,0.0,0.003,0.0,0.0,always_reactive,0.523638
h=0/q0=0.4/p=0/r=1/sig=0/cf=1,A_core,0.0,0.4,0.0,1.0,0.0,1.0,1.0,bpi2019,native,always_compile_evict,51291417858.305,1.83251,0.0,0.0,236818.0,0.0,0.0,0.0,236818.0,0.002,236818.0,24433268126.0,always_reactive,0.523638
h=0/q0=0.4/p=0/r=1/sig=0/cf=1,A_core,0.0,0.4,0.0,1.0,0.0,1.0,1.0,bpi2019,native,ours_noinflate,27989710082.988,1.0,0.0,0.0,10419.0,0.0,0.0,0.0,10419.0,0.003,10419.0,1131560350.5,always_reactive,0.523638
h=0/q0=0.4/p=0/r=1/sig=0/cf=1,A_core,0.0,0.4,0.0,1.0,0.0,1.0,1.0,bpi2019,native,oracle_tax,26858149732.486,0.959572,0.0,0.0,0.0,0.0,0.0,0.0,0.0,0.003,0.0,0.0,always_reactive,0.523638
h=0/q0=0.4/p=0/r=1/sig=0/cf=1,A_core,0.0,0.4,0.0,1.0,0.0,1.0,1.0,bpi2019,native,ours_spend_cap,27989710082.988,1.0,0.0,0.0,10419.0,0.0,0.0,0.0,10419.0,0.003,10419.0,1131560350.5,always_reactive,0.523638
h=0/q0=0.4/p=0/r=1/sig=0/cf=1,A_core,0.0,0.4,0.0,1.0,0.0,1.0,1.0,bpi2019,native,ours_cap_epoch,27989710082.988,1.0,0.0,0.0,10419.0,0.0,0.0,0.0,10419.0,0.003,10419.0,1131560350.5,always_reactive,0.523638
h=0/q0=0.4/p=0/r=1/sig=0/cf=1,A_core,0.0,0.4,0.0,1.0,0.0,1.0,1.0,bpi2019,native,ours_cap_realized,27989710082.988,1.0,0.0,0.0,10419.0,0.0,0.0,0.0,10419.0,0.003,10419.0,1131560350.5,always_reactive,0.523638
h=0/q0=0.4/p=0/r=1/sig=0/cf=1,A_core,0.0,0.4,0.0,1.0,0.0,1.0,1.0,bpi2019,native,ours_pi_prior,27918603340.488,0.99746,0.0,0.0,9759.0,0.0,0.0,0.0,9759.0,0.003,9759.0,1060453608.0,always_reactive,0.523638
h=0/q0=0.4/p=0/r=1/sig=0/cf=1,A_core,0.0,0.4,0.0,1.0,0.0,1.0,1.0,bpi2019,native,breakeven,41861903091.377,1.495618,0.0,0.0,141097.0,0.0,0.0,0.0,141097.0,0.002,141097.0,15003753359.0,always_reactive,0.523638
h=0/q0=0.4/p=0/r=1/sig=0/cf=1,A_core,0.0,0.4,0.0,1.0,0.0,1.0,1.0,bpi2019,native,breakeven_cap_epoch,27911165313.488,0.997194,0.0,0.0,9733.0,0.0,0.0,0.0,9733.0,0.003,9733.0,1053015581.0,always_reactive,0.523638
h=0/q0=0.4/p=0/r=1/sig=0/cf=1,A_core,0.0,0.4,0.0,1.0,0.0,1.0,1.0,bpi2019,native,offline_taxblind,26858149732.495,0.959572,,,,,,,,,,,always_reactive,0.523638
h=0/q0=0.4/p=0/r=1/sig=0/cf=1,A_core,0.0,0.4,0.0,1.0,0.0,1.0,1.0,bpi2019,native,offline_opt_tax,26858149732.488,0.959572,,,,,,,,,,,always_reactive,0.523638
h=0/q0=0.4/p=0/r=1/sig=0/cf=1,A_core,0.0,0.4,0.0,1.0,0.0,1.0,1.0,sepsis,autorpa_233k,always_reactive,93787502.059,0.945949,0.0,0.0,0.0,0.0,0.0,0.0,0.0,0.004,0.0,0.0,always_reactive,0.739221
h=0/q0=0.4/p=0/r=1/sig=0/cf=1,A_core,0.0,0.4,0.0,1.0,0.0,1.0,1.0,sepsis,autorpa_233k,always_compile_evict,126873502.059,1.279657,0.0,0.0,142.0,0.0,0.0,0.0,142.0,0.003,142.0,33086000.0,always_reactive,0.739221
h=0/q0=0.4/p=0/r=1/sig=0/cf=1,A_core,0.0,0.4,0.0,1.0,0.0,1.0,1.0,sepsis,autorpa_233k,ours_noinflate,99146502.059,1.0,0.0,0.0,23.0,0.0,0.0,0.0,23.0,0.004,23.0,5359000.0,always_reactive,0.739221
h=0/q0=0.4/p=0/r=1/sig=0/cf=1,A_core,0.0,0.4,0.0,1.0,0.0,1.0,1.0,sepsis,autorpa_233k,oracle_tax,93787502.059,0.945949,0.0,0.0,0.0,0.0,0.0,0.0,0.0,0.004,0.0,0.0,always_reactive,0.739221
h=0/q0=0.4/p=0/r=1/sig=0/cf=1,A_core,0.0,0.4,0.0,1.0,0.0,1.0,1.0,sepsis,autorpa_233k,ours_spend_cap,99146502.059,1.0,0.0,0.0,23.0,0.0,0.0,0.0,23.0,0.004,23.0,5359000.0,always_reactive,0.739221
h=0/q0=0.4/p=0/r=1/sig=0/cf=1,A_core,0.0,0.4,0.0,1.0,0.0,1.0,1.0,sepsis,autorpa_233k,ours_cap_epoch,99146502.059,1.0,0.0,0.0,23.0,0.0,0.0,0.0,23.0,0.004,23.0,5359000.0,always_reactive,0.739221
h=0/q0=0.4/p=0/r=1/sig=0/cf=1,A_core,0.0,0.4,0.0,1.0,0.0,1.0,1.0,sepsis,autorpa_233k,ours_cap_realized,99146502.059,1.0,0.0,0.0,23.0,0.0,0.0,0.0,23.0,0.004,23.0,5359000.0,always_reactive,0.739221
h=0/q0=0.4/p=0/r=1/sig=0/cf=1,A_core,0.0,0.4,0.0,1.0,0.0,1.0,1.0,sepsis,autorpa_233k,ours_pi_prior,99379502.059,1.00235,0.0,0.0,24.0,0.0,0.0,0.0,24.0,0.004,24.0,5592000.0,always_reactive,0.739221
h=0/q0=0.4/p=0/r=1/sig=0/cf=1,A_core,0.0,0.4,0.0,1.0,0.0,1.0,1.0,sepsis,autorpa_233k,breakeven,96816502.059,0.976499,0.0,0.0,13.0,0.0,0.0,0.0,13.0,0.004,13.0,3029000.0,always_reactive,0.739221
h=0/q0=0.4/p=0/r=1/sig=0/cf=1,A_core,0.0,0.4,0.0,1.0,0.0,1.0,1.0,sepsis,autorpa_233k,breakeven_cap_epoch,96816502.059,0.976499,0.0,0.0,13.0,0.0,0.0,0.0,13.0,0.004,13.0,3029000.0,always_reactive,0.739221
h=0/q0=0.4/p=0/r=1/sig=0/cf=1,A_core,0.0,0.4,0.0,1.0,0.0,1.0,1.0,sepsis,autorpa_233k,offline_taxblind,93787502.059,0.945949,,,,,,,,,,,always_reactive,0.739221
h=0/q0=0.4/p=0/r=1/sig=0/cf=1,A_core,0.0,0.4,0.0,1.0,0.0,1.0,1.0,sepsis,autorpa_233k,offline_opt_tax,93787502.059,0.945949,,,,,,,,,,,always_reactive,0.739221
h=0/q0=0.4/p=0/r=1/sig=0/cf=1,A_core,0.0,0.4,0.0,1.0,0.0,1.0,1.0,sepsis,native,always_reactive,93787502.059,0.936059,0.0,0.0,0.0,0.0,0.0,0.0,0.0,0.004,0.0,0.0,always_reactive,0.847105
h=0/q0=0.4/p=0/r=1/sig=0/cf=1,A_core,0.0,0.4,0.0,1.0,0.0,1.0,1.0,sepsis,native,always_compile_evict,110715278.559,1.105009,0.0,0.0,142.0,0.0,0.0,0.0,142.0,0.003,142.0,16927776.5,always_reactive,0.847105
h=0/q0=0.4/p=0/r=1/sig=0/cf=1,A_core,0.0,0.4,0.0,1.0,0.0,1.0,1.0,sepsis,native,ours_noinflate,100193962.059,1.0,0.0,0.0,55.0,0.0,0.0,0.0,55.0,0.004,55.0,6406460.0,always_reactive,0.847105
h=0/q0=0.4/p=0/r=1/sig=0/cf=1,A_core,0.0,0.4,0.0,1.0,0.0,1.0,1.0,sepsis,native,oracle_tax,93787502.059,0.936059,0.0,0.0,0.0,0.0,0.0,0.0,0.0,0.004,0.0,0.0,always_reactive,0.847105
h=0/q0=0.4/p=0/r=1/sig=0/cf=1,A_core,0.0,0.4,0.0,1.0,0.0,1.0,1.0,sepsis,native,ours_spend_cap,100193962.059,1.0,0.0,0.0,55.0,0.0,0.0,0.0,55.0,0.004,55.0,6406460.0,always_reactive,0.847105
h=0/q0=0.4/p=0/r=1/sig=0/cf=1,A_core,0.0,0.4,0.0,1.0,0.0,1.0,1.0,sepsis,native,ours_cap_epoch,100193962.059,1.0,0.0,0.0,55.0,0.0,0.0,0.0,55.0,0.004,55.0,6406460.0,always_reactive,0.847105
h=0/q0=0.4/p=0/r=1/sig=0/cf=1,A_core,0.0,0.4,0.0,1.0,0.0,1.0,1.0,sepsis,native,ours_cap_realized,100193962.059,1.0,0.0,0.0,55.0,0.0,0.0,0.0,55.0,0.004,55.0,6406460.0,always_reactive,0.847105
h=0/q0=0.4/p=0/r=1/sig=0/cf=1,A_core,0.0,0.4,0.0,1.0,0.0,1.0,1.0,sepsis,native,ours_pi_prior,100163202.559,0.999693,0.0,0.0,54.0,0.0,0.0,0.0,54.0,0.004,54.0,6375700.5,always_reactive,0.847105
h=0/q0=0.4/p=0/r=1/sig=0/cf=1,A_core,0.0,0.4,0.0,1.0,0.0,1.0,1.0,sepsis,native,breakeven,98950387.559,0.987588,0.0,0.0,44.0,0.0,0.0,0.0,44.0,0.004,44.0,5162885.5,always_reactive,0.847105
h=0/q0=0.4/p=0/r=1/sig=0/cf=1,A_core,0.0,0.4,0.0,1.0,0.0,1.0,1.0,sepsis,native,breakeven_cap_epoch,98950387.559,0.987588,0.0,0.0,44.0,0.0,0.0,0.0,44.0,0.004,44.0,5162885.5,always_reactive,0.847105
h=0/q0=0.4/p=0/r=1/sig=0/cf=1,A_core,0.0,0.4,0.0,1.0,0.0,1.0,1.0,sepsis,native,offline_taxblind,93787502.059,0.936059,,,,,,,,,,,always_reactive,0.847105
h=0/q0=0.4/p=0/r=1/sig=0/cf=1,A_core,0.0,0.4,0.0,1.0,0.0,1.0,1.0,sepsis,native,offline_opt_tax,93787502.059,0.936059,,,,,,,,,,,always_reactive,0.847105
h=0/q0=0.4/p=0/r=1/sig=0/cf=1,A_core,0.0,0.4,0.0,1.0,0.0,1.0,1.0,wiki_A,autorpa_233k,always_reactive,4770469730.199,0.954677,0.0,0.0,0.0,0.0,0.0,0.0,0.0,0.005,0.0,0.0,always_reactive,0.246566
h=0/q0=0.4/p=0/r=1/sig=0/cf=1,A_core,0.0,0.4,0.0,1.0,0.0,1.0,1.0,wiki_A,autorpa_233k,always_compile_evict,19347648730.189,3.871895,0.0,0.0,62563.0,0.0,0.0,0.0,62563.0,0.001,62563.0,14577179000.0,always_reactive,0.246566
h=0/q0=0.4/p=0/r=1/sig=0/cf=1,A_core,0.0,0.4,0.0,1.0,0.0,1.0,1.0,wiki_A,autorpa_233k,ours_noinflate,4996945730.199,1.0,0.0,0.0,972.0,0.0,0.0,0.0,972.0,0.005,972.0,226476000.0,always_reactive,0.246566
h=0/q0=0.4/p=0/r=1/sig=0/cf=1,A_core,0.0,0.4,0.0,1.0,0.0,1.0,1.0,wiki_A,autorpa_233k,oracle_tax,4770469730.199,0.954677,0.0,0.0,0.0,0.0,0.0,0.0,0.0,0.005,0.0,0.0,always_reactive,0.246566
h=0/q0=0.4/p=0/r=1/sig=0/cf=1,A_core,0.0,0.4,0.0,1.0,0.0,1.0,1.0,wiki_A,autorpa_233k,ours_spend_cap,4996945730.199,1.0,0.0,0.0,972.0,0.0,0.0,0.0,972.0,0.005,972.0,226476000.0,always_reactive,0.246566
h=0/q0=0.4/p=0/r=1/sig=0/cf=1,A_core,0.0,0.4,0.0,1.0,0.0,1.0,1.0,wiki_A,autorpa_233k,ours_cap_epoch,4996945730.199,1.0,0.0,0.0,972.0,0.0,0.0,0.0,972.0,0.005,972.0,226476000.0,always_reactive,0.246566
h=0/q0=0.4/p=0/r=1/sig=0/cf=1,A_core,0.0,0.4,0.0,1.0,0.0,1.0,1.0,wiki_A,autorpa_233k,ours_cap_realized,4996945730.199,1.0,0.0,0.0,972.0,0.0,0.0,0.0,972.0,0.005,972.0,226476000.0,always_reactive,0.246566
h=0/q0=0.4/p=0/r=1/sig=0/cf=1,A_core,0.0,0.4,0.0,1.0,0.0,1.0,1.0,wiki_A,autorpa_233k,ours_pi_prior,4976441730.199,0.995897,0.0,0.0,884.0,0.0,0.0,0.0,884.0,0.005,884.0,205972000.0,always_reactive,0.246566
h=0/q0=0.4/p=0/r=1/sig=0/cf=1,A_core,0.0,0.4,0.0,1.0,0.0,1.0,1.0,wiki_A,autorpa_233k,breakeven,7372613730.199,1.475424,0.0,0.0,11168.0,0.0,0.0,0.0,11168.0,0.003,11168.0,2602144000.0,always_reactive,0.246566
h=0/q0=0.4/p=0/r=1/sig=0/cf=1,A_core,0.0,0.4,0.0,1.0,0.0,1.0,1.0,wiki_A,autorpa_233k,breakeven_cap_epoch,4964791730.199,0.993565,0.0,0.0,834.0,0.0,0.0,0.0,834.0,0.005,834.0,194322000.0,always_reactive,0.246566
h=0/q0=0.4/p=0/r=1/sig=0/cf=1,A_core,0.0,0.4,0.0,1.0,0.0,1.0,1.0,wiki_A,autorpa_233k,offline_taxblind,4770469730.199,0.954677,,,,,,,,,,,always_reactive,0.246566
h=0/q0=0.4/p=0/r=1/sig=0/cf=1,A_core,0.0,0.4,0.0,1.0,0.0,1.0,1.0,wiki_A,autorpa_233k,offline_opt_tax,4770469730.199,0.954677,,,,,,,,,,,always_reactive,0.246566
h=0/q0=0.4/p=0/r=1/sig=0/cf=1,A_core,0.0,0.4,0.0,1.0,0.0,1.0,1.0,wiki_A,native,always_reactive,4770469730.199,0.955457,0.0,0.0,0.0,0.0,0.0,0.0,0.0,0.005,0.0,0.0,always_reactive,0.390285
h=0/q0=0.4/p=0/r=1/sig=0/cf=1,A_core,0.0,0.4,0.0,1.0,0.0,1.0,1.0,wiki_A,native,always_compile_evict,12223054868.696,2.448103,0.0,0.0,62563.0,0.0,0.0,0.0,62563.0,0.002,62563.0,7452585138.5,always_reactive,0.390285
h=0/q0=0.4/p=0/r=1/sig=0/cf=1,A_core,0.0,0.4,0.0,1.0,0.0,1.0,1.0,wiki_A,native,ours_noinflate,4992867402.199,1.0,0.0,0.0,2036.0,0.0,0.0,0.0,2036.0,0.005,2036.0,222397672.0,always_reactive,0.390285
h=0/q0=0.4/p=0/r=1/sig=0/cf=1,A_core,0.0,0.4,0.0,1.0,0.0,1.0,1.0,wiki_A,native,oracle_tax,4770469730.199,0.955457,0.0,0.0,0.0,0.0,0.0,0.0,0.0,0.005,0.0,0.0,always_reactive,0.390285
h=0/q0=0.4/p=0/r=1/sig=0/cf=1,A_core,0.0,0.4,0.0,1.0,0.0,1.0,1.0,wiki_A,native,ours_spend_cap,4992867402.199,1.0,0.0,0.0,2036.0,0.0,0.0,0.0,2036.0,0.005,2036.0,222397672.0,always_reactive,0.390285
h=0/q0=0.4/p=0/r=1/sig=0/cf=1,A_core,0.0,0.4,0.0,1.0,0.0,1.0,1.0,wiki_A,native,ours_cap_epoch,4992867402.199,1.0,0.0,0.0,2036.0,0.0,0.0,0.0,2036.0,0.005,2036.0,222397672.0,always_reactive,0.390285
h=0/q0=0.4/p=0/r=1/sig=0/cf=1,A_core,0.0,0.4,0.0,1.0,0.0,1.0,1.0,wiki_A,native,ours_cap_realized,4992867402.199,1.0,0.0,0.0,2036.0,0.0,0.0,0.0,2036.0,0.005,2036.0,222397672.0,always_reactive,0.390285
h=0/q0=0.4/p=0/r=1/sig=0/cf=1,A_core,0.0,0.4,0.0,1.0,0.0,1.0,1.0,wiki_A,native,ours_pi_prior,4973824899.699,0.996186,0.0,0.0,1851.0,0.0,0.0,0.0,1851.0,0.005,1851.0,203355169.5,always_reactive,0.390285
h=0/q0=0.4/p=0/r=1/sig=0/cf=1,A_core,0.0,0.4,0.0,1.0,0.0,1.0,1.0,wiki_A,native,breakeven,7404169338.199,1.482949,0.0,0.0,22469.0,0.0,0.0,0.0,22469.0,0.003,22469.0,2633699608.0,always_reactive,0.390285
h=0/q0=0.4/p=0/r=1/sig=0/cf=1,A_core,0.0,0.4,0.0,1.0,0.0,1.0,1.0,wiki_A,native,breakeven_cap_epoch,4984774643.199,0.998379,0.0,0.0,1974.0,0.0,0.0,0.0,1974.0,0.005,1974.0,214304913.0,always_reactive,0.390285
h=0/q0=0.4/p=0/r=1/sig=0/cf=1,A_core,0.0,0.4,0.0,1.0,0.0,1.0,1.0,wiki_A,native,offline_taxblind,4770469730.199,0.955457,,,,,,,,,,,always_reactive,0.390285
h=0/q0=0.4/p=0/r=1/sig=0/cf=1,A_core,0.0,0.4,0.0,1.0,0.0,1.0,1.0,wiki_A,native,offline_opt_tax,4770469730.199,0.955457,,,,,,,,,,,always_reactive,0.390285
h=0/q0=0.4/p=0/r=1/sig=0/cf=1,A_core,0.0,0.4,0.0,1.0,0.0,1.0,1.0,wiki_B,autorpa_233k,always_reactive,8991713899.193,0.910337,0.0,0.0,0.0,0.0,0.0,0.0,0.0,0.004,0.0,0.0,always_reactive,0.578593
h=0/q0=0.4/p=0/r=1/sig=0/cf=1,A_core,0.0,0.4,0.0,1.0,0.0,1.0,1.0,wiki_B,autorpa_233k,always_compile_evict,15540644899.174,1.573362,0.0,0.0,28107.0,0.0,0.0,0.0,28107.0,0.002,28107.0,6548931000.0,always_reactive,0.578593
h=0/q0=0.4/p=0/r=1/sig=0/cf=1,A_core,0.0,0.4,0.0,1.0,0.0,1.0,1.0,wiki_B,autorpa_233k,ours_noinflate,9877346899.188,1.0,0.0,0.0,3801.0,0.0,0.0,0.0,3801.0,0.004,3801.0,885633000.0,always_reactive,0.578593
h=0/q0=0.4/p=0/r=1/sig=0/cf=1,A_core,0.0,0.4,0.0,1.0,0.0,1.0,1.0,wiki_B,autorpa_233k,oracle_tax,8991713899.193,0.910337,0.0,0.0,0.0,0.0,0.0,0.0,0.0,0.004,0.0,0.0,always_reactive,0.578593
h=0/q0=0.4/p=0/r=1/sig=0/cf=1,A_core,0.0,0.4,0.0,1.0,0.0,1.0,1.0,wiki_B,autorpa_233k,ours_spend_cap,9877346899.188,1.0,0.0,0.0,3801.0,0.0,0.0,0.0,3801.0,0.004,3801.0,885633000.0,always_reactive,0.578593
h=0/q0=0.4/p=0/r=1/sig=0/cf=1,A_core,0.0,0.4,0.0,1.0,0.0,1.0,1.0,wiki_B,autorpa_233k,ours_cap_epoch,9877346899.188,1.0,0.0,0.0,3801.0,0.0,0.0,0.0,3801.0,0.004,3801.0,885633000.0,always_reactive,0.578593
h=0/q0=0.4/p=0/r=1/sig=0/cf=1,A_core,0.0,0.4,0.0,1.0,0.0,1.0,1.0,wiki_B,autorpa_233k,ours_cap_realized,9877346899.188,1.0,0.0,0.0,3801.0,0.0,0.0,0.0,3801.0,0.004,3801.0,885633000.0,always_reactive,0.578593
h=0/q0=0.4/p=0/r=1/sig=0/cf=1,A_core,0.0,0.4,0.0,1.0,0.0,1.0,1.0,wiki_B,autorpa_233k,ours_pi_prior,9817931899.189,0.993985,0.0,0.0,3546.0,0.0,0.0,0.0,3546.0,0.004,3546.0,826218000.0,always_reactive,0.578593
h=0/q0=0.4/p=0/r=1/sig=0/cf=1,A_core,0.0,0.4,0.0,1.0,0.0,1.0,1.0,wiki_B,autorpa_233k,breakeven,10195391899.187,1.032199,0.0,0.0,5166.0,0.0,0.0,0.0,5166.0,0.004,5166.0,1203678000.0,always_reactive,0.578593
h=0/q0=0.4/p=0/r=1/sig=0/cf=1,A_core,0.0,0.4,0.0,1.0,0.0,1.0,1.0,wiki_B,autorpa_233k,breakeven_cap_epoch,9511303899.19,0.962941,0.0,0.0,2230.0,0.0,0.0,0.0,2230.0,0.004,2230.0,519590000.0,always_reactive,0.578593
h=0/q0=0.4/p=0/r=1/sig=0/cf=1,A_core,0.0,0.4,0.0,1.0,0.0,1.0,1.0,wiki_B,autorpa_233k,offline_taxblind,8991713899.192,0.910337,,,,,,,,,,,always_reactive,0.578593
h=0/q0=0.4/p=0/r=1/sig=0/cf=1,A_core,0.0,0.4,0.0,1.0,0.0,1.0,1.0,wiki_B,autorpa_233k,offline_opt_tax,8991713899.192,0.910337,,,,,,,,,,,always_reactive,0.578593
h=0/q0=0.4/p=0/r=1/sig=0/cf=1,A_core,0.0,0.4,0.0,1.0,0.0,1.0,1.0,wiki_B,native,always_reactive,8991713899.193,0.919443,0.0,0.0,0.0,0.0,0.0,0.0,0.0,0.004,0.0,0.0,always_reactive,0.745233
h=0/q0=0.4/p=0/r=1/sig=0/cf=1,A_core,0.0,0.4,0.0,1.0,0.0,1.0,1.0,wiki_B,native,always_compile_evict,12065649163.181,1.233767,0.0,0.0,28107.0,0.0,0.0,0.0,28107.0,0.003,28107.0,3073935264.0,always_reactive,0.745233
h=0/q0=0.4/p=0/r=1/sig=0/cf=1,A_core,0.0,0.4,0.0,1.0,0.0,1.0,1.0,wiki_B,native,ours_noinflate,9779521550.189,1.0,0.0,0.0,7193.0,0.0,0.0,0.0,7193.0,0.004,7193.0,787807651.0,always_reactive,0.745233
h=0/q0=0.4/p=0/r=1/sig=0/cf=1,A_core,0.0,0.4,0.0,1.0,0.0,1.0,1.0,wiki_B,native,oracle_tax,8991713899.193,0.919443,0.0,0.0,0.0,0.0,0.0,0.0,0.0,0.004,0.0,0.0,always_reactive,0.745233
h=0/q0=0.4/p=0/r=1/sig=0/cf=1,A_core,0.0,0.4,0.0,1.0,0.0,1.0,1.0,wiki_B,native,ours_spend_cap,9779521550.189,1.0,0.0,0.0,7193.0,0.0,0.0,0.0,7193.0,0.004,7193.0,787807651.0,always_reactive,0.745233
h=0/q0=0.4/p=0/r=1/sig=0/cf=1,A_core,0.0,0.4,0.0,1.0,0.0,1.0,1.0,wiki_B,native,ours_cap_epoch,9779521550.189,1.0,0.0,0.0,7193.0,0.0,0.0,0.0,7193.0,0.004,7193.0,787807651.0,always_reactive,0.745233
h=0/q0=0.4/p=0/r=1/sig=0/cf=1,A_core,0.0,0.4,0.0,1.0,0.0,1.0,1.0,wiki_B,native,ours_cap_realized,9779521550.189,1.0,0.0,0.0,7193.0,0.0,0.0,0.0,7193.0,0.004,7193.0,787807651.0,always_reactive,0.745233
h=0/q0=0.4/p=0/r=1/sig=0/cf=1,A_core,0.0,0.4,0.0,1.0,0.0,1.0,1.0,wiki_B,native,ours_pi_prior,9722630954.689,0.994183,0.0,0.0,6669.0,0.0,0.0,0.0,6669.0,0.004,6669.0,730917055.5,always_reactive,0.745233
h=0/q0=0.4/p=0/r=1/sig=0/cf=1,A_core,0.0,0.4,0.0,1.0,0.0,1.0,1.0,wiki_B,native,breakeven,10334501769.686,1.056749,0.0,0.0,12239.0,0.0,0.0,0.0,12239.0,0.004,12239.0,1342787870.5,always_reactive,0.745233
h=0/q0=0.4/p=0/r=1/sig=0/cf=1,A_core,0.0,0.4,0.0,1.0,0.0,1.0,1.0,wiki_B,native,breakeven_cap_epoch,9622517331.689,0.983946,0.0,0.0,5825.0,0.0,0.0,0.0,5825.0,0.004,5825.0,630803432.5,always_reactive,0.745233
h=0/q0=0.4/p=0/r=1/sig=0/cf=1,A_core,0.0,0.4,0.0,1.0,0.0,1.0,1.0,wiki_B,native,offline_taxblind,8991713899.192,0.919443,,,,,,,,,,,always_reactive,0.745233
h=0/q0=0.4/p=0/r=1/sig=0/cf=1,A_core,0.0,0.4,0.0,1.0,0.0,1.0,1.0,wiki_B,native,offline_opt_tax,8991713899.192,0.919443,,,,,,,,,,,always_reactive,0.745233
h=0/q0=0.4/p=1/r=1/sig=0.3/cf=1,D_sigma,0.0,0.4,1.0,1.0,0.3,3.0,1.0,bpi2019,autorpa_233k,always_reactive,26858149732.486,1.391323,0.0,0.0,0.0,0.0,0.0,0.0,0.0,0.003,0.0,0.0,ours_noinflate,0.992941
h=0/q0=0.4/p=1/r=1/sig=0.3/cf=1,D_sigma,0.0,0.4,1.0,1.0,0.3,3.0,1.0,bpi2019,autorpa_233k,always_compile_evict,19441273880.096,1.007109,57.0,86.0,1902.0,0.0,28407.8,94739.8,1496.0,0.066,0.0,0.0,ours_noinflate,0.992941
h=0/q0=0.4/p=1/r=1/sig=0.3/cf=1,D_sigma,0.0,0.4,1.0,1.0,0.3,3.0,1.0,bpi2019,autorpa_233k,ours_noinflate,19304036234.824,1.0,43.0,68.0,790.0,0.0,23749.4,79151.1,532.0,0.055,0.0,0.0,ours_noinflate,0.992941
h=0/q0=0.4/p=1/r=1/sig=0.3/cf=1,D_sigma,0.0,0.4,1.0,1.0,0.3,3.0,1.0,bpi2019,autorpa_233k,oracle_tax,19614234558.341,1.016069,73.0,73.0,73.0,0.0,24514.3,81731.7,0.0,0.05,0.0,0.0,ours_noinflate,0.992941
h=0/q0=0.4/p=1/r=1/sig=0.3/cf=1,D_sigma,0.0,0.4,1.0,1.0,0.3,3.0,1.0,bpi2019,autorpa_233k,ours_spend_cap,19304036234.824,1.0,43.0,68.0,790.0,0.0,23749.4,79151.1,532.0,0.055,0.0,0.0,ours_noinflate,0.992941
h=0/q0=0.4/p=1/r=1/sig=0.3/cf=1,D_sigma,0.0,0.4,1.0,1.0,0.3,3.0,1.0,bpi2019,autorpa_233k,ours_cap_epoch,19304036234.824,1.0,43.0,68.0,790.0,0.0,23749.4,79151.1,532.0,0.055,0.0,0.0,ours_noinflate,0.992941
h=0/q0=0.4/p=1/r=1/sig=0.3/cf=1,D_sigma,0.0,0.4,1.0,1.0,0.3,3.0,1.0,bpi2019,autorpa_233k,ours_cap_realized,19304036234.824,1.0,43.0,68.0,790.0,0.0,23749.4,79151.1,532.0,0.055,0.0,0.0,ours_noinflate,0.992941
h=0/q0=0.4/p=1/r=1/sig=0.3/cf=1,D_sigma,0.0,0.4,1.0,1.0,0.3,3.0,1.0,bpi2019,autorpa_233k,ours_pi_prior,19645771522.675,1.017703,39.0,57.0,687.0,0.0,20705.4,68975.1,447.0,0.047,0.0,0.0,ours_noinflate,0.992941
h=0/q0=0.4/p=1/r=1/sig=0.3/cf=1,D_sigma,0.0,0.4,1.0,1.0,0.3,3.0,1.0,bpi2019,autorpa_233k,breakeven,26841372039.62,1.390454,1.0,6.0,442.0,0.0,368.4,1224.7,365.0,0.004,0.0,0.0,ours_noinflate,0.992941
h=0/q0=0.4/p=1/r=1/sig=0.3/cf=1,D_sigma,0.0,0.4,1.0,1.0,0.3,3.0,1.0,bpi2019,autorpa_233k,breakeven_cap_epoch,26841372039.62,1.390454,1.0,6.0,442.0,0.0,368.4,1224.7,365.0,0.004,0.0,0.0,ours_noinflate,0.992941
h=0/q0=0.4/p=1/r=1/sig=0.3/cf=1,D_sigma,0.0,0.4,1.0,1.0,0.3,3.0,1.0,bpi2019,autorpa_233k,offline_taxblind,17982108286.875,0.931521,,,,,,,,,,,ours_noinflate,0.992941
h=0/q0=0.4/p=1/r=1/sig=0.3/cf=1,D_sigma,0.0,0.4,1.0,1.0,0.3,3.0,1.0,bpi2019,autorpa_233k,offline_opt_tax,18467592354.678,0.95667,,,,,,,,,,,ours_noinflate,0.992941
h=0/q0=0.4/p=1/r=1/sig=0.3/cf=1,D_sigma,0.0,0.4,1.0,1.0,0.3,3.0,1.0,bpi2019,native,always_reactive,26858149732.486,1.439492,0.0,0.0,0.0,0.0,0.0,0.0,0.0,0.003,0.0,0.0,always_compile_evict,1.0
h=0/q0=0.4/p=1/r=1/sig=0.3/cf=1,D_sigma,0.0,0.4,1.0,1.0,0.3,3.0,1.0,bpi2019,native,always_compile_evict,18622636800.597,0.9981,29.0,49.0,1902.0,0.0,28407.8,94739.8,1036.0,0.038,0.0,0.0,always_compile_evict,1.0
h=0/q0=0.4/p=1/r=1/sig=0.3/cf=1,D_sigma,0.0,0.4,1.0,1.0,0.3,3.0,1.0,bpi2019,native,ours_noinflate,18658080830.844,1.0,28.0,46.0,1084.0,0.0,27615.6,92088.9,459.0,0.037,0.0,0.0,always_compile_evict,1.0
h=0/q0=0.4/p=1/r=1/sig=0.3/cf=1,D_sigma,0.0,0.4,1.0,1.0,0.3,3.0,1.0,bpi2019,native,oracle_tax,19607183770.801,1.050868,78.0,78.0,78.0,0.0,24595.8,81992.4,0.0,0.051,0.0,0.0,always_compile_evict,1.0
h=0/q0=0.4/p=1/r=1/sig=0.3/cf=1,D_sigma,0.0,0.4,1.0,1.0,0.3,3.0,1.0,bpi2019,native,ours_spend_cap,18658080830.844,1.0,28.0,46.0,1084.0,0.0,27615.6,92088.9,459.0,0.037,0.0,0.0,always_compile_evict,1.0
h=0/q0=0.4/p=1/r=1/sig=0.3/cf=1,D_sigma,0.0,0.4,1.0,1.0,0.3,3.0,1.0,bpi2019,native,ours_cap_epoch,18658080830.844,1.0,28.0,46.0,1084.0,0.0,27615.6,92088.9,459.0,0.037,0.0,0.0,always_compile_evict,1.0
h=0/q0=0.4/p=1/r=1/sig=0.3/cf=1,D_sigma,0.0,0.4,1.0,1.0,0.3,3.0,1.0,bpi2019,native,ours_cap_realized,18658080830.844,1.0,28.0,46.0,1084.0,0.0,27615.6,92088.9,459.0,0.037,0.0,0.0,always_compile_evict,1.0
h=0/q0=0.4/p=1/r=1/sig=0.3/cf=1,D_sigma,0.0,0.4,1.0,1.0,0.3,3.0,1.0,bpi2019,native,ours_pi_prior,18702438234.736,1.002377,26.0,44.0,1029.0,0.0,25502.8,85023.2,422.0,0.035,0.0,0.0,always_compile_evict,1.0
h=0/q0=0.4/p=1/r=1/sig=0.3/cf=1,D_sigma,0.0,0.4,1.0,1.0,0.3,3.0,1.0,bpi2019,native,breakeven,26793729482.383,1.436039,0.0,6.0,734.0,0.0,421.7,1396.1,546.0,0.004,0.0,0.0,always_compile_evict,1.0
h=0/q0=0.4/p=1/r=1/sig=0.3/cf=1,D_sigma,0.0,0.4,1.0,1.0,0.3,3.0,1.0,bpi2019,native,breakeven_cap_epoch,26793729482.383,1.436039,0.0,6.0,734.0,0.0,421.7,1396.1,546.0,0.004,0.0,0.0,always_compile_evict,1.0
h=0/q0=0.4/p=1/r=1/sig=0.3/cf=1,D_sigma,0.0,0.4,1.0,1.0,0.3,3.0,1.0,bpi2019,native,offline_taxblind,17854334268.748,0.956922,,,,,,,,,,,always_compile_evict,1.0
h=0/q0=0.4/p=1/r=1/sig=0.3/cf=1,D_sigma,0.0,0.4,1.0,1.0,0.3,3.0,1.0,bpi2019,native,offline_opt_tax,18202579327.59,0.975587,,,,,,,,,,,always_compile_evict,1.0
h=0/q0=0.4/p=1/r=1/sig=0.3/cf=1,D_sigma,0.0,0.4,1.0,1.0,0.3,3.0,1.0,sepsis,autorpa_233k,always_reactive,93787502.059,0.995767,0.0,0.0,0.0,0.0,0.0,0.0,0.0,0.004,0.0,0.0,always_reactive,0.966054
h=0/q0=0.4/p=1/r=1/sig=0.3/cf=1,D_sigma,0.0,0.4,1.0,1.0,0.3,3.0,1.0,sepsis,autorpa_233k,always_compile_evict,97083133.262,1.030758,19.0,20.0,27.0,0.0,16.9,57.6,21.0,0.014,0.0,0.0,always_reactive,0.966054
h=0/q0=0.4/p=1/r=1/sig=0.3/cf=1,D_sigma,0.0,0.4,1.0,1.0,0.3,3.0,1.0,sepsis,autorpa_233k,ours_noinflate,94186175.804,1.0,5.0,6.0,6.0,0.0,4.0,13.1,4.0,0.006,0.0,0.0,always_reactive,0.966054
h=0/q0=0.4/p=1/r=1/sig=0.3/cf=1,D_sigma,0.0,0.4,1.0,1.0,0.3,3.0,1.0,sepsis,autorpa_233k,oracle_tax,92515808.68,0.982265,6.0,6.0,6.0,0.0,11.8,39.0,0.0,0.008,0.0,0.0,always_reactive,0.966054
h=0/q0=0.4/p=1/r=1/sig=0.3/cf=1,D_sigma,0.0,0.4,1.0,1.0,0.3,3.0,1.0,sepsis,autorpa_233k,ours_spend_cap,94186175.804,1.0,5.0,6.0,6.0,0.0,4.0,13.1,4.0,0.006,0.0,0.0,always_reactive,0.966054
h=0/q0=0.4/p=1/r=1/sig=0.3/cf=1,D_sigma,0.0,0.4,1.0,1.0,0.3,3.0,1.0,sepsis,autorpa_233k,ours_cap_epoch,94186175.804,1.0,5.0,6.0,6.0,0.0,4.0,13.1,4.0,0.006,0.0,0.0,always_reactive,0.966054
h=0/q0=0.4/p=1/r=1/sig=0.3/cf=1,D_sigma,0.0,0.4,1.0,1.0,0.3,3.0,1.0,sepsis,autorpa_233k,ours_cap_realized,94186175.804,1.0,5.0,6.0,6.0,0.0,4.0,13.1,4.0,0.006,0.0,0.0,always_reactive,0.966054
h=0/q0=0.4/p=1/r=1/sig=0.3/cf=1,D_sigma,0.0,0.4,1.0,1.0,0.3,3.0,1.0,sepsis,autorpa_233k,ours_pi_prior,94013617.003,0.998168,5.0,5.0,5.0,0.0,3.9,14.5,3.0,0.005,0.0,0.0,always_reactive,0.966054
h=0/q0=0.4/p=1/r=1/sig=0.3/cf=1,D_sigma,0.0,0.4,1.0,1.0,0.3,3.0,1.0,sepsis,autorpa_233k,breakeven,93959251.951,0.997591,3.0,3.0,3.0,0.0,2.7,8.3,2.0,0.005,0.0,0.0,always_reactive,0.966054
h=0/q0=0.4/p=1/r=1/sig=0.3/cf=1,D_sigma,0.0,0.4,1.0,1.0,0.3,3.0,1.0,sepsis,autorpa_233k,breakeven_cap_epoch,93959251.951,0.997591,3.0,3.0,3.0,0.0,2.7,8.3,2.0,0.005,0.0,0.0,always_reactive,0.966054
h=0/q0=0.4/p=1/r=1/sig=0.3/cf=1,D_sigma,0.0,0.4,1.0,1.0,0.3,3.0,1.0,sepsis,autorpa_233k,offline_taxblind,91768171.384,0.974327,,,,,,,,,,,always_reactive,0.966054
h=0/q0=0.4/p=1/r=1/sig=0.3/cf=1,D_sigma,0.0,0.4,1.0,1.0,0.3,3.0,1.0,sepsis,autorpa_233k,offline_opt_tax,92320187.717,0.980188,,,,,,,,,,,always_reactive,0.966054
h=0/q0=0.4/p=1/r=1/sig=0.3/cf=1,D_sigma,0.0,0.4,1.0,1.0,0.3,3.0,1.0,sepsis,native,always_reactive,93787502.059,1.012549,0.0,0.0,0.0,0.0,0.0,0.0,0.0,0.004,0.0,0.0,ours_noinflate,0.990185
h=0/q0=0.4/p=1/r=1/sig=0.3/cf=1,D_sigma,0.0,0.4,1.0,1.0,0.3,3.0,1.0,sepsis,native,always_compile_evict,93543225.262,1.009912,19.0,19.0,27.0,0.0,16.9,57.6,18.0,0.014,0.0,0.0,ours_noinflate,0.990185
h=0/q0=0.4/p=1/r=1/sig=0.3/cf=1,D_sigma,0.0,0.4,1.0,1.0,0.3,3.0,1.0,sepsis,native,ours_noinflate,92625105.078,1.0,8.0,9.0,10.0,0.0,8.3,28.6,4.0,0.008,0.0,0.0,ours_noinflate,0.990185
h=0/q0=0.4/p=1/r=1/sig=0.3/cf=1,D_sigma,0.0,0.4,1.0,1.0,0.3,3.0,1.0,sepsis,native,oracle_tax,91912440.01,0.992306,8.0,8.0,8.0,0.0,13.7,44.2,0.0,0.009,0.0,0.0,ours_noinflate,0.990185
h=0/q0=0.4/p=1/r=1/sig=0.3/cf=1,D_sigma,0.0,0.4,1.0,1.0,0.3,3.0,1.0,sepsis,native,ours_spend_cap,92625105.078,1.0,8.0,9.0,10.0,0.0,8.3,28.6,4.0,0.008,0.0,0.0,ours_noinflate,0.990185
h=0/q0=0.4/p=1/r=1/sig=0.3/cf=1,D_sigma,0.0,0.4,1.0,1.0,0.3,3.0,1.0,sepsis,native,ours_cap_epoch,92625105.078,1.0,8.0,9.0,10.0,0.0,8.3,28.6,4.0,0.008,0.0,0.0,ours_noinflate,0.990185
h=0/q0=0.4/p=1/r=1/sig=0.3/cf=1,D_sigma,0.0,0.4,1.0,1.0,0.3,3.0,1.0,sepsis,native,ours_cap_realized,92625105.078,1.0,8.0,9.0,10.0,0.0,8.3,28.6,4.0,0.008,0.0,0.0,ours_noinflate,0.990185
h=0/q0=0.4/p=1/r=1/sig=0.3/cf=1,D_sigma,0.0,0.4,1.0,1.0,0.3,3.0,1.0,sepsis,native,ours_pi_prior,92696375.026,1.000769,7.0,8.0,8.0,0.0,8.6,28.8,2.0,0.007,0.0,0.0,ours_noinflate,0.990185
h=0/q0=0.4/p=1/r=1/sig=0.3/cf=1,D_sigma,0.0,0.4,1.0,1.0,0.3,3.0,1.0,sepsis,native,breakeven,92751907.287,1.001369,5.0,5.0,7.0,0.0,6.2,22.7,2.0,0.006,0.0,0.0,ours_noinflate,0.990185
h=0/q0=0.4/p=1/r=1/sig=0.3/cf=1,D_sigma,0.0,0.4,1.0,1.0,0.3,3.0,1.0,sepsis,native,breakeven_cap_epoch,92751907.287,1.001369,5.0,5.0,7.0,0.0,6.2,22.7,2.0,0.006,0.0,0.0,ours_noinflate,0.990185
h=0/q0=0.4/p=1/r=1/sig=0.3/cf=1,D_sigma,0.0,0.4,1.0,1.0,0.3,3.0,1.0,sepsis,native,offline_taxblind,90252541.801,0.974385,,,,,,,,,,,ours_noinflate,0.990185
h=0/q0=0.4/p=1/r=1/sig=0.3/cf=1,D_sigma,0.0,0.4,1.0,1.0,0.3,3.0,1.0,sepsis,native,offline_opt_tax,91301623.329,0.985711,,,,,,,,,,,ours_noinflate,0.990185
h=0/q0=0.4/p=1/r=1/sig=0.3/cf=1,D_sigma,0.0,0.4,1.0,1.0,0.3,3.0,1.0,wiki_A,autorpa_233k,always_reactive,4770469730.199,1.422635,0.0,0.0,0.0,0.0,0.0,0.0,0.0,0.005,0.0,0.0,always_compile_evict,1.0
h=0/q0=0.4/p=1/r=1/sig=0.3/cf=1,D_sigma,0.0,0.4,1.0,1.0,0.3,3.0,1.0,wiki_A,autorpa_233k,always_compile_evict,3347144636.257,0.998175,10.0,46.0,315.0,0.0,7471.7,25050.0,232.0,0.034,0.0,0.0,always_compile_evict,1.0
h=0/q0=0.4/p=1/r=1/sig=0.3/cf=1,D_sigma,0.0,0.4,1.0,1.0,0.3,3.0,1.0,wiki_A,autorpa_233k,ours_noinflate,3353263444.181,1.0,9.0,39.0,128.0,0.0,6709.4,22480.6,69.0,0.027,0.0,0.0,always_compile_evict,1.0
h=0/q0=0.4/p=1/r=1/sig=0.3/cf=1,D_sigma,0.0,0.4,1.0,1.0,0.3,3.0,1.0,wiki_A,autorpa_233k,oracle_tax,3423744459.557,1.021019,28.0,28.0,28.0,0.0,6855.0,22978.0,0.0,0.042,0.0,0.0,always_compile_evict,1.0
h=0/q0=0.4/p=1/r=1/sig=0.3/cf=1,D_sigma,0.0,0.4,1.0,1.0,0.3,3.0,1.0,wiki_A,autorpa_233k,ours_spend_cap,3353263444.181,1.0,9.0,39.0,128.0,0.0,6709.4,22480.6,69.0,0.027,0.0,0.0,always_compile_evict,1.0
h=0/q0=0.4/p=1/r=1/sig=0.3/cf=1,D_sigma,0.0,0.4,1.0,1.0,0.3,3.0,1.0,wiki_A,autorpa_233k,ours_cap_epoch,3353263444.181,1.0,9.0,39.0,128.0,0.0,6709.4,22480.6,69.0,0.027,0.0,0.0,always_compile_evict,1.0
h=0/q0=0.4/p=1/r=1/sig=0.3/cf=1,D_sigma,0.0,0.4,1.0,1.0,0.3,3.0,1.0,wiki_A,autorpa_233k,ours_cap_realized,3353263444.181,1.0,9.0,39.0,128.0,0.0,6709.4,22480.6,69.0,0.027,0.0,0.0,always_compile_evict,1.0
h=0/q0=0.4/p=1/r=1/sig=0.3/cf=1,D_sigma,0.0,0.4,1.0,1.0,0.3,3.0,1.0,wiki_A,autorpa_233k,ours_pi_prior,3370592660.888,1.005168,9.0,33.0,122.0,0.0,6567.2,22002.0,69.0,0.026,0.0,0.0,always_compile_evict,1.0
h=0/q0=0.4/p=1/r=1/sig=0.3/cf=1,D_sigma,0.0,0.4,1.0,1.0,0.3,3.0,1.0,wiki_A,autorpa_233k,breakeven,4324314568.142,1.289584,0.0,6.0,90.0,0.0,2605.8,8778.0,47.0,0.007,0.0,0.0,always_compile_evict,1.0
h=0/q0=0.4/p=1/r=1/sig=0.3/cf=1,D_sigma,0.0,0.4,1.0,1.0,0.3,3.0,1.0,wiki_A,autorpa_233k,breakeven_cap_epoch,4324314568.142,1.289584,0.0,6.0,90.0,0.0,2605.8,8778.0,47.0,0.007,0.0,0.0,always_compile_evict,1.0
h=0/q0=0.4/p=1/r=1/sig=0.3/cf=1,D_sigma,0.0,0.4,1.0,1.0,0.3,3.0,1.0,wiki_A,autorpa_233k,offline_taxblind,3216753519.019,0.95929,,,,,,,,,,,always_compile_evict,1.0
h=0/q0=0.4/p=1/r=1/sig=0.3/cf=1,D_sigma,0.0,0.4,1.0,1.0,0.3,3.0,1.0,wiki_A,autorpa_233k,offline_opt_tax,3264348828.463,0.973484,,,,,,,,,,,always_compile_evict,1.0
h=0/q0=0.4/p=1/r=1/sig=0.3/cf=1,D_sigma,0.0,0.4,1.0,1.0,0.3,3.0,1.0,wiki_A,native,always_reactive,4770469730.199,1.45301,0.0,0.0,0.0,0.0,0.0,0.0,0.0,0.005,0.0,0.0,always_compile_evict,1.0
h=0/q0=0.4/p=1/r=1/sig=0.3/cf=1,D_sigma,0.0,0.4,1.0,1.0,0.3,3.0,1.0,wiki_A,native,always_compile_evict,3271928975.257,0.996578,7.0,34.0,315.0,0.0,7471.7,25050.0,179.0,0.024,0.0,0.0,always_compile_evict,1.0
h=0/q0=0.4/p=1/r=1/sig=0.3/cf=1,D_sigma,0.0,0.4,1.0,1.0,0.3,3.0,1.0,wiki_A,native,ours_noinflate,3283164833.865,1.0,7.0,29.0,182.0,0.0,7285.8,24425.9,74.0,0.023,0.0,0.0,always_compile_evict,1.0
h=0/q0=0.4/p=1/r=1/sig=0.3/cf=1,D_sigma,0.0,0.4,1.0,1.0,0.3,3.0,1.0,wiki_A,native,oracle_tax,3420117901.78,1.041714,29.0,29.0,29.0,0.0,6859.9,22995.3,0.0,0.043,0.0,0.0,always_compile_evict,1.0
h=0/q0=0.4/p=1/r=1/sig=0.3/cf=1,D_sigma,0.0,0.4,1.0,1.0,0.3,3.0,1.0,wiki_A,native,ours_spend_cap,3283164833.865,1.0,7.0,29.0,182.0,0.0,7285.8,24425.9,74.0,0.023,0.0,0.0,always_compile_evict,1.0
h=0/q0=0.4/p=1/r=1/sig=0.3/cf=1,D_sigma,0.0,0.4,1.0,1.0,0.3,3.0,1.0,wiki_A,native,ours_cap_epoch,3283164833.865,1.0,7.0,29.0,182.0,0.0,7285.8,24425.9,74.0,0.023,0.0,0.0,always_compile_evict,1.0
h=0/q0=0.4/p=1/r=1/sig=0.3/cf=1,D_sigma,0.0,0.4,1.0,1.0,0.3,3.0,1.0,wiki_A,native,ours_cap_realized,3283164833.865,1.0,7.0,29.0,182.0,0.0,7285.8,24425.9,74.0,0.023,0.0,0.0,always_compile_evict,1.0
h=0/q0=0.4/p=1/r=1/sig=0.3/cf=1,D_sigma,0.0,0.4,1.0,1.0,0.3,3.0,1.0,wiki_A,native,ours_pi_prior,3297123513.026,1.004252,6.0,29.0,178.0,0.0,6937.0,23246.7,78.0,0.022,0.0,0.0,always_compile_evict,1.0
h=0/q0=0.4/p=1/r=1/sig=0.3/cf=1,D_sigma,0.0,0.4,1.0,1.0,0.3,3.0,1.0,wiki_A,native,breakeven,4306974115.958,1.311836,0.0,6.0,138.0,0.0,2696.5,9080.0,75.0,0.007,0.0,0.0,always_compile_evict,1.0
h=0/q0=0.4/p=1/r=1/sig=0.3/cf=1,D_sigma,0.0,0.4,1.0,1.0,0.3,3.0,1.0,wiki_A,native,breakeven_cap_epoch,4306974115.958,1.311836,0.0,6.0,138.0,0.0,2696.5,9080.0,75.0,0.007,0.0,0.0,always_compile_evict,1.0
h=0/q0=0.4/p=1/r=1/sig=0.3/cf=1,D_sigma,0.0,0.4,1.0,1.0,0.3,3.0,1.0,wiki_A,native,offline_taxblind,3194171987.191,0.972894,,,,,,,,,,,always_compile_evict,1.0
h=0/q0=0.4/p=1/r=1/sig=0.3/cf=1,D_sigma,0.0,0.4,1.0,1.0,0.3,3.0,1.0,wiki_A,native,offline_opt_tax,3227203156.098,0.982955,,,,,,,,,,,always_compile_evict,1.0
h=0/q0=0.4/p=1/r=1/sig=0.3/cf=1,D_sigma,0.0,0.4,1.0,1.0,0.3,3.0,1.0,wiki_B,autorpa_233k,always_reactive,8991713899.193,1.022701,0.0,0.0,0.0,0.0,0.0,0.0,0.0,0.004,0.0,0.0,ours_pi_prior,0.973711
h=0/q0=0.4/p=1/r=1/sig=0.3/cf=1,D_sigma,0.0,0.4,1.0,1.0,0.3,3.0,1.0,wiki_B,autorpa_233k,always_compile_evict,9019081041.909,1.025814,68.0,88.0,1734.0,0.0,3346.2,11214.4,1541.0,0.061,0.0,0.0,ours_pi_prior,0.973711
h=0/q0=0.4/p=1/r=1/sig=0.3/cf=1,D_sigma,0.0,0.4,1.0,1.0,0.3,3.0,1.0,wiki_B,autorpa_233k,ours_noinflate,8792119679.183,1.0,51.0,66.0,701.0,0.0,2296.9,7658.2,577.0,0.043,0.0,0.0,ours_pi_prior,0.973711
h=0/q0=0.4/p=1/r=1/sig=0.3/cf=1,D_sigma,0.0,0.4,1.0,1.0,0.3,3.0,1.0,wiki_B,autorpa_233k,oracle_tax,8747804494.257,0.99496,29.0,29.0,29.0,0.0,1244.5,4116.5,0.0,0.02,0.0,0.0,ours_pi_prior,0.973711
h=0/q0=0.4/p=1/r=1/sig=0.3/cf=1,D_sigma,0.0,0.4,1.0,1.0,0.3,3.0,1.0,wiki_B,autorpa_233k,ours_spend_cap,8792119679.183,1.0,51.0,66.0,701.0,0.0,2296.9,7658.2,577.0,0.043,0.0,0.0,ours_pi_prior,0.973711
h=0/q0=0.4/p=1/r=1/sig=0.3/cf=1,D_sigma,0.0,0.4,1.0,1.0,0.3,3.0,1.0,wiki_B,autorpa_233k,ours_cap_epoch,8792119679.183,1.0,51.0,66.0,701.0,0.0,2296.9,7658.2,577.0,0.043,0.0,0.0,ours_pi_prior,0.973711
h=0/q0=0.4/p=1/r=1/sig=0.3/cf=1,D_sigma,0.0,0.4,1.0,1.0,0.3,3.0,1.0,wiki_B,autorpa_233k,ours_cap_realized,8792119679.183,1.0,51.0,66.0,701.0,0.0,2296.9,7658.2,577.0,0.043,0.0,0.0,ours_pi_prior,0.973711
h=0/q0=0.4/p=1/r=1/sig=0.3/cf=1,D_sigma,0.0,0.4,1.0,1.0,0.3,3.0,1.0,wiki_B,autorpa_233k,ours_pi_prior,8781981905.217,0.998847,45.0,59.0,599.0,0.0,1951.6,6514.3,480.0,0.038,0.0,0.0,ours_pi_prior,0.973711
h=0/q0=0.4/p=1/r=1/sig=0.3/cf=1,D_sigma,0.0,0.4,1.0,1.0,0.3,3.0,1.0,wiki_B,autorpa_233k,breakeven,8992819129.032,1.022827,1.0,7.0,279.0,0.0,254.4,851.6,231.0,0.006,0.0,0.0,ours_pi_prior,0.973711
h=0/q0=0.4/p=1/r=1/sig=0.3/cf=1,D_sigma,0.0,0.4,1.0,1.0,0.3,3.0,1.0,wiki_B,autorpa_233k,breakeven_cap_epoch,8992819129.032,1.022827,1.0,7.0,279.0,0.0,254.4,851.6,231.0,0.006,0.0,0.0,ours_pi_prior,0.973711
h=0/q0=0.4/p=1/r=1/sig=0.3/cf=1,D_sigma,0.0,0.4,1.0,1.0,0.3,3.0,1.0,wiki_B,autorpa_233k,offline_taxblind,8258876678.954,0.93935,,,,,,,,,,,ours_pi_prior,0.973711
h=0/q0=0.4/p=1/r=1/sig=0.3/cf=1,D_sigma,0.0,0.4,1.0,1.0,0.3,3.0,1.0,wiki_B,autorpa_233k,offline_opt_tax,8418997092.035,0.957562,,,,,,,,,,,ours_pi_prior,0.973711
h=0/q0=0.4/p=1/r=1/sig=0.3/cf=1,D_sigma,0.0,0.4,1.0,1.0,0.3,3.0,1.0,wiki_B,native,always_reactive,8991713899.193,1.052123,0.0,0.0,0.0,0.0,0.0,0.0,0.0,0.004,0.0,0.0,ours_noinflate,0.998163
h=0/q0=0.4/p=1/r=1/sig=0.3/cf=1,D_sigma,0.0,0.4,1.0,1.0,0.3,3.0,1.0,wiki_B,native,always_compile_evict,8561983402.911,1.00184,36.0,54.0,1734.0,0.0,3346.2,11214.4,1226.0,0.036,0.0,0.0,ours_noinflate,0.998163
h=0/q0=0.4/p=1/r=1/sig=0.3/cf=1,D_sigma,0.0,0.4,1.0,1.0,0.3,3.0,1.0,wiki_B,native,ours_noinflate,8546259221.088,1.0,34.0,49.0,962.0,0.0,2798.8,9342.6,592.0,0.032,0.0,0.0,ours_noinflate,0.998163
h=0/q0=0.4/p=1/r=1/sig=0.3/cf=1,D_sigma,0.0,0.4,1.0,1.0,0.3,3.0,1.0,wiki_B,native,oracle_tax,8743099261.732,1.023032,42.0,42.0,42.0,0.0,1278.8,4239.3,0.0,0.022,0.0,0.0,ours_noinflate,0.998163
h=0/q0=0.4/p=1/r=1/sig=0.3/cf=1,D_sigma,0.0,0.4,1.0,1.0,0.3,3.0,1.0,wiki_B,native,ours_spend_cap,8546259221.088,1.0,34.0,49.0,962.0,0.0,2798.8,9342.6,592.0,0.032,0.0,0.0,ours_noinflate,0.998163
h=0/q0=0.4/p=1/r=1/sig=0.3/cf=1,D_sigma,0.0,0.4,1.0,1.0,0.3,3.0,1.0,wiki_B,native,ours_cap_epoch,8546259221.088,1.0,34.0,49.0,962.0,0.0,2798.8,9342.6,592.0,0.032,0.0,0.0,ours_noinflate,0.998163
h=0/q0=0.4/p=1/r=1/sig=0.3/cf=1,D_sigma,0.0,0.4,1.0,1.0,0.3,3.0,1.0,wiki_B,native,ours_cap_realized,8546259221.088,1.0,34.0,49.0,962.0,0.0,2798.8,9342.6,592.0,0.032,0.0,0.0,ours_noinflate,0.998163
h=0/q0=0.4/p=1/r=1/sig=0.3/cf=1,D_sigma,0.0,0.4,1.0,1.0,0.3,3.0,1.0,wiki_B,native,ours_pi_prior,8546264666.184,1.000001,33.0,48.0,931.0,0.0,2675.0,8926.9,589.0,0.031,0.0,0.0,ours_noinflate,0.998163
h=0/q0=0.4/p=1/r=1/sig=0.3/cf=1,D_sigma,0.0,0.4,1.0,1.0,0.3,3.0,1.0,wiki_B,native,breakeven,8979617343.739,1.050707,2.0,7.0,561.0,0.0,262.9,897.5,471.0,0.006,0.0,0.0,ours_noinflate,0.998163
h=0/q0=0.4/p=1/r=1/sig=0.3/cf=1,D_sigma,0.0,0.4,1.0,1.0,0.3,3.0,1.0,wiki_B,native,breakeven_cap_epoch,8979617343.739,1.050707,2.0,7.0,561.0,0.0,262.9,897.5,471.0,0.006,0.0,0.0,ours_noinflate,0.998163
h=0/q0=0.4/p=1/r=1/sig=0.3/cf=1,D_sigma,0.0,0.4,1.0,1.0,0.3,3.0,1.0,wiki_B,native,offline_taxblind,8153798475.83,0.954078,,,,,,,,,,,ours_noinflate,0.998163
h=0/q0=0.4/p=1/r=1/sig=0.3/cf=1,D_sigma,0.0,0.4,1.0,1.0,0.3,3.0,1.0,wiki_B,native,offline_opt_tax,8258648822.753,0.966347,,,,,,,,,,,ours_noinflate,0.998163
h=0/q0=0.4/p=1/r=1/sig=0/cf=1,A_core,0.0,0.4,1.0,1.0,0.0,1.0,1.0,bpi2019,autorpa_233k,always_reactive,26858149732.486,2.008793,0.0,0.0,0.0,0.0,0.0,0.0,0.0,0.003,0.0,0.0,always_compile_evict,1.0
h=0/q0=0.4/p=1/r=1/sig=0/cf=1,A_core,0.0,0.4,1.0,1.0,0.0,1.0,1.0,bpi2019,autorpa_233k,always_compile_evict,13333262820.844,0.99723,57.0,86.0,1902.0,0.0,0.0,0.0,1257.0,0.096,0.0,0.0,always_compile_evict,1.0
h=0/q0=0.4/p=1/r=1/sig=0/cf=1,A_core,0.0,0.4,1.0,1.0,0.0,1.0,1.0,bpi2019,autorpa_233k,ours_noinflate,13370291907.38,1.0,44.0,70.0,935.0,0.0,0.0,0.0,500.0,0.081,0.0,0.0,always_compile_evict,1.0
h=0/q0=0.4/p=1/r=1/sig=0/cf=1,A_core,0.0,0.4,1.0,1.0,0.0,1.0,1.0,bpi2019,autorpa_233k,oracle_tax,14140038221.438,1.057571,98.0,98.0,98.0,0.0,0.0,0.0,0.0,0.09,0.0,0.0,always_compile_evict,1.0
h=0/q0=0.4/p=1/r=1/sig=0/cf=1,A_core,0.0,0.4,1.0,1.0,0.0,1.0,1.0,bpi2019,autorpa_233k,ours_spend_cap,13370291907.38,1.0,44.0,70.0,935.0,0.0,0.0,0.0,500.0,0.081,0.0,0.0,always_compile_evict,1.0
h=0/q0=0.4/p=1/r=1/sig=0/cf=1,A_core,0.0,0.4,1.0,1.0,0.0,1.0,1.0,bpi2019,autorpa_233k,ours_cap_epoch,13370291907.38,1.0,44.0,70.0,935.0,0.0,0.0,0.0,500.0,0.081,0.0,0.0,always_compile_evict,1.0
h=0/q0=0.4/p=1/r=1/sig=0/cf=1,A_core,0.0,0.4,1.0,1.0,0.0,1.0,1.0,bpi2019,autorpa_233k,ours_cap_realized,13370291907.38,1.0,44.0,70.0,935.0,0.0,0.0,0.0,500.0,0.081,0.0,0.0,always_compile_evict,1.0
h=0/q0=0.4/p=1/r=1/sig=0/cf=1,A_core,0.0,0.4,1.0,1.0,0.0,1.0,1.0,bpi2019,autorpa_233k,ours_pi_prior,13387752350.785,1.001306,44.0,67.0,890.0,0.0,0.0,0.0,466.0,0.08,0.0,0.0,always_compile_evict,1.0
h=0/q0=0.4/p=1/r=1/sig=0/cf=1,A_core,0.0,0.4,1.0,1.0,0.0,1.0,1.0,bpi2019,autorpa_233k,breakeven,26771275300.288,2.002295,3.0,7.0,601.0,0.0,0.0,0.0,473.0,0.004,0.0,0.0,always_compile_evict,1.0
h=0/q0=0.4/p=1/r=1/sig=0/cf=1,A_core,0.0,0.4,1.0,1.0,0.0,1.0,1.0,bpi2019,autorpa_233k,breakeven_cap_epoch,26771275300.288,2.002295,3.0,7.0,601.0,0.0,0.0,0.0,473.0,0.004,0.0,0.0,always_compile_evict,1.0
h=0/q0=0.4/p=1/r=1/sig=0/cf=1,A_core,0.0,0.4,1.0,1.0,0.0,1.0,1.0,bpi2019,autorpa_233k,offline_taxblind,11850980464.745,0.886367,,,,,,,,,,,always_compile_evict,1.0
h=0/q0=0.4/p=1/r=1/sig=0/cf=1,A_core,0.0,0.4,1.0,1.0,0.0,1.0,1.0,bpi2019,autorpa_233k,offline_opt_tax,12526369414.249,0.936881,,,,,,,,,,,always_compile_evict,1.0
h=0/q0=0.4/p=1/r=1/sig=0/cf=1,A_core,0.0,0.4,1.0,1.0,0.0,1.0,1.0,bpi2019,native,always_reactive,26858149732.486,2.13552,0.0,0.0,0.0,0.0,0.0,0.0,0.0,0.003,0.0,0.0,always_compile_evict,1.0
h=0/q0=0.4/p=1/r=1/sig=0/cf=1,A_core,0.0,0.4,1.0,1.0,0.0,1.0,1.0,bpi2019,native,always_compile_evict,12514625741.343,0.995051,29.0,49.0,1902.0,0.0,0.0,0.0,826.0,0.056,0.0,0.0,always_compile_evict,1.0
h=0/q0=0.4/p=1/r=1/sig=0/cf=1,A_core,0.0,0.4,1.0,1.0,0.0,1.0,1.0,bpi2019,native,ours_noinflate,12576863545.931,1.0,28.0,48.0,1280.0,0.0,0.0,0.0,421.0,0.055,0.0,0.0,always_compile_evict,1.0
h=0/q0=0.4/p=1/r=1/sig=0/cf=1,A_core,0.0,0.4,1.0,1.0,0.0,1.0,1.0,bpi2019,native,oracle_tax,14129381733.98,1.123442,101.0,101.0,101.0,0.0,0.0,0.0,0.0,0.091,0.0,0.0,always_compile_evict,1.0
h=0/q0=0.4/p=1/r=1/sig=0/cf=1,A_core,0.0,0.4,1.0,1.0,0.0,1.0,1.0,bpi2019,native,ours_spend_cap,12576863545.931,1.0,28.0,48.0,1280.0,0.0,0.0,0.0,421.0,0.055,0.0,0.0,always_compile_evict,1.0
h=0/q0=0.4/p=1/r=1/sig=0/cf=1,A_core,0.0,0.4,1.0,1.0,0.0,1.0,1.0,bpi2019,native,ours_cap_epoch,12576863545.931,1.0,28.0,48.0,1280.0,0.0,0.0,0.0,421.0,0.055,0.0,0.0,always_compile_evict,1.0
h=0/q0=0.4/p=1/r=1/sig=0/cf=1,A_core,0.0,0.4,1.0,1.0,0.0,1.0,1.0,bpi2019,native,ours_cap_realized,12576863545.931,1.0,28.0,48.0,1280.0,0.0,0.0,0.0,421.0,0.055,0.0,0.0,always_compile_evict,1.0
h=0/q0=0.4/p=1/r=1/sig=0/cf=1,A_core,0.0,0.4,1.0,1.0,0.0,1.0,1.0,bpi2019,native,ours_pi_prior,12678484138.936,1.00808,26.0,44.0,1193.0,0.0,0.0,0.0,380.0,0.052,0.0,0.0,always_compile_evict,1.0
h=0/q0=0.4/p=1/r=1/sig=0/cf=1,A_core,0.0,0.4,1.0,1.0,0.0,1.0,1.0,bpi2019,native,breakeven,26692422380.102,2.122343,0.0,6.0,991.0,0.0,0.0,0.0,726.0,0.004,0.0,0.0,always_compile_evict,1.0
h=0/q0=0.4/p=1/r=1/sig=0/cf=1,A_core,0.0,0.4,1.0,1.0,0.0,1.0,1.0,bpi2019,native,breakeven_cap_epoch,26692422380.102,2.122343,0.0,6.0,991.0,0.0,0.0,0.0,726.0,0.004,0.0,0.0,always_compile_evict,1.0
h=0/q0=0.4/p=1/r=1/sig=0/cf=1,A_core,0.0,0.4,1.0,1.0,0.0,1.0,1.0,bpi2019,native,offline_taxblind,11657047244.15,0.926864,,,,,,,,,,,always_compile_evict,1.0
h=0/q0=0.4/p=1/r=1/sig=0/cf=1,A_core,0.0,0.4,1.0,1.0,0.0,1.0,1.0,bpi2019,native,offline_opt_tax,12062471884.041,0.9591,,,,,,,,,,,always_compile_evict,1.0
h=0/q0=0.4/p=1/r=1/sig=0/cf=1,A_core,0.0,0.4,1.0,1.0,0.0,1.0,1.0,sepsis,autorpa_233k,always_reactive,93787502.059,1.016192,0.0,0.0,0.0,0.0,0.0,0.0,0.0,0.004,0.0,0.0,ours_noinflate,0.97879
h=0/q0=0.4/p=1/r=1/sig=0/cf=1,A_core,0.0,0.4,1.0,1.0,0.0,1.0,1.0,sepsis,autorpa_233k,always_compile_evict,94293050.95,1.02167,19.0,20.0,27.0,0.0,0.0,0.0,20.0,0.015,0.0,0.0,ours_noinflate,0.97879
h=0/q0=0.4/p=1/r=1/sig=0/cf=1,A_core,0.0,0.4,1.0,1.0,0.0,1.0,1.0,sepsis,autorpa_233k,ours_noinflate,92293056.921,1.0,6.0,7.0,8.0,0.0,0.0,0.0,2.0,0.007,0.0,0.0,ours_noinflate,0.97879
h=0/q0=0.4/p=1/r=1/sig=0/cf=1,A_core,0.0,0.4,1.0,1.0,0.0,1.0,1.0,sepsis,autorpa_233k,oracle_tax,90698422.523,0.982722,7.0,7.0,7.0,0.0,0.0,0.0,0.0,0.009,0.0,0.0,ours_noinflate,0.97879
h=0/q0=0.4/p=1/r=1/sig=0/cf=1,A_core,0.0,0.4,1.0,1.0,0.0,1.0,1.0,sepsis,autorpa_233k,ours_spend_cap,92293056.921,1.0,6.0,7.0,8.0,0.0,0.0,0.0,2.0,0.007,0.0,0.0,ours_noinflate,0.97879
h=0/q0=0.4/p=1/r=1/sig=0/cf=1,A_core,0.0,0.4,1.0,1.0,0.0,1.0,1.0,sepsis,autorpa_233k,ours_cap_epoch,92293056.921,1.0,6.0,7.0,8.0,0.0,0.0,0.0,2.0,0.007,0.0,0.0,ours_noinflate,0.97879
h=0/q0=0.4/p=1/r=1/sig=0/cf=1,A_core,0.0,0.4,1.0,1.0,0.0,1.0,1.0,sepsis,autorpa_233k,ours_cap_realized,92293056.921,1.0,6.0,7.0,8.0,0.0,0.0,0.0,2.0,0.007,0.0,0.0,ours_noinflate,0.97879
h=0/q0=0.4/p=1/r=1/sig=0/cf=1,A_core,0.0,0.4,1.0,1.0,0.0,1.0,1.0,sepsis,autorpa_233k,ours_pi_prior,92672639.415,1.004113,7.0,7.0,7.0,0.0,0.0,0.0,2.0,0.007,0.0,0.0,ours_noinflate,0.97879
h=0/q0=0.4/p=1/r=1/sig=0/cf=1,A_core,0.0,0.4,1.0,1.0,0.0,1.0,1.0,sepsis,autorpa_233k,breakeven,93040215.284,1.008095,4.0,5.0,6.0,0.0,0.0,0.0,3.0,0.006,0.0,0.0,ours_noinflate,0.97879
h=0/q0=0.4/p=1/r=1/sig=0/cf=1,A_core,0.0,0.4,1.0,1.0,0.0,1.0,1.0,sepsis,autorpa_233k,breakeven_cap_epoch,93040215.284,1.008095,4.0,5.0,6.0,0.0,0.0,0.0,3.0,0.006,0.0,0.0,ours_noinflate,0.97879
h=0/q0=0.4/p=1/r=1/sig=0/cf=1,A_core,0.0,0.4,1.0,1.0,0.0,1.0,1.0,sepsis,autorpa_233k,offline_taxblind,88572753.214,0.95969,,,,,,,,,,,ours_noinflate,0.97879
h=0/q0=0.4/p=1/r=1/sig=0/cf=1,A_core,0.0,0.4,1.0,1.0,0.0,1.0,1.0,sepsis,autorpa_233k,offline_opt_tax,89630460.536,0.971151,,,,,,,,,,,ours_noinflate,0.97879
h=0/q0=0.4/p=1/r=1/sig=0/cf=1,A_core,0.0,0.4,1.0,1.0,0.0,1.0,1.0,sepsis,native,always_reactive,93787502.059,1.03673,0.0,0.0,0.0,0.0,0.0,0.0,0.0,0.004,0.0,0.0,ours_noinflate,0.996822
h=0/q0=0.4/p=1/r=1/sig=0/cf=1,A_core,0.0,0.4,1.0,1.0,0.0,1.0,1.0,sepsis,native,always_compile_evict,90753142.95,1.003188,19.0,19.0,27.0,0.0,0.0,0.0,15.0,0.014,0.0,0.0,ours_noinflate,0.996822
h=0/q0=0.4/p=1/r=1/sig=0/cf=1,A_core,0.0,0.4,1.0,1.0,0.0,1.0,1.0,sepsis,native,ours_noinflate,90464759.533,1.0,9.0,9.0,13.0,0.0,0.0,0.0,4.0,0.009,0.0,0.0,ours_noinflate,0.996822
h=0/q0=0.4/p=1/r=1/sig=0/cf=1,A_core,0.0,0.4,1.0,1.0,0.0,1.0,1.0,sepsis,native,oracle_tax,89659650.1,0.9911,12.0,12.0,12.0,0.0,0.0,0.0,0.0,0.012,0.0,0.0,ours_noinflate,0.996822
h=0/q0=0.4/p=1/r=1/sig=0/cf=1,A_core,0.0,0.4,1.0,1.0,0.0,1.0,1.0,sepsis,native,ours_spend_cap,90464759.533,1.0,9.0,9.0,13.0,0.0,0.0,0.0,4.0,0.009,0.0,0.0,ours_noinflate,0.996822
h=0/q0=0.4/p=1/r=1/sig=0/cf=1,A_core,0.0,0.4,1.0,1.0,0.0,1.0,1.0,sepsis,native,ours_cap_epoch,90464759.533,1.0,9.0,9.0,13.0,0.0,0.0,0.0,4.0,0.009,0.0,0.0,ours_noinflate,0.996822
h=0/q0=0.4/p=1/r=1/sig=0/cf=1,A_core,0.0,0.4,1.0,1.0,0.0,1.0,1.0,sepsis,native,ours_cap_realized,90464759.533,1.0,9.0,9.0,13.0,0.0,0.0,0.0,4.0,0.009,0.0,0.0,ours_noinflate,0.996822
h=0/q0=0.4/p=1/r=1/sig=0/cf=1,A_core,0.0,0.4,1.0,1.0,0.0,1.0,1.0,sepsis,native,ours_pi_prior,90790381.706,1.003599,9.0,10.0,13.0,0.0,0.0,0.0,5.0,0.009,0.0,0.0,ours_noinflate,0.996822
h=0/q0=0.4/p=1/r=1/sig=0/cf=1,A_core,0.0,0.4,1.0,1.0,0.0,1.0,1.0,sepsis,native,breakeven,90937097.244,1.005221,8.0,8.0,12.0,0.0,0.0,0.0,4.0,0.008,0.0,0.0,ours_noinflate,0.996822
h=0/q0=0.4/p=1/r=1/sig=0/cf=1,A_core,0.0,0.4,1.0,1.0,0.0,1.0,1.0,sepsis,native,breakeven_cap_epoch,90937097.244,1.005221,8.0,8.0,12.0,0.0,0.0,0.0,4.0,0.008,0.0,0.0,ours_noinflate,0.996822
h=0/q0=0.4/p=1/r=1/sig=0/cf=1,A_core,0.0,0.4,1.0,1.0,0.0,1.0,1.0,sepsis,native,offline_taxblind,85477310.948,0.944869,,,,,,,,,,,ours_noinflate,0.996822
h=0/q0=0.4/p=1/r=1/sig=0/cf=1,A_core,0.0,0.4,1.0,1.0,0.0,1.0,1.0,sepsis,native,offline_opt_tax,87446213.766,0.966633,,,,,,,,,,,ours_noinflate,0.996822
h=0/q0=0.4/p=1/r=1/sig=0/cf=1,A_core,0.0,0.4,1.0,1.0,0.0,1.0,1.0,wiki_A,autorpa_233k,always_reactive,4770469730.199,2.066194,0.0,0.0,0.0,0.0,0.0,0.0,0.0,0.005,0.0,0.0,always_compile_evict,1.0
h=0/q0=0.4/p=1/r=1/sig=0/cf=1,A_core,0.0,0.4,1.0,1.0,0.0,1.0,1.0,wiki_A,autorpa_233k,always_compile_evict,2276887418.704,0.986169,10.0,46.0,315.0,0.0,0.0,0.0,198.0,0.051,0.0,0.0,always_compile_evict,1.0
h=0/q0=0.4/p=1/r=1/sig=0/cf=1,A_core,0.0,0.4,1.0,1.0,0.0,1.0,1.0,wiki_A,autorpa_233k,ours_noinflate,2308820011.646,1.0,9.0,39.0,157.0,0.0,0.0,0.0,74.0,0.042,0.0,0.0,always_compile_evict,1.0
h=0/q0=0.4/p=1/r=1/sig=0/cf=1,A_core,0.0,0.4,1.0,1.0,0.0,1.0,1.0,wiki_A,autorpa_233k,oracle_tax,2418587437.816,1.047543,42.0,42.0,42.0,0.0,0.0,0.0,0.0,0.08,0.0,0.0,always_compile_evict,1.0
h=0/q0=0.4/p=1/r=1/sig=0/cf=1,A_core,0.0,0.4,1.0,1.0,0.0,1.0,1.0,wiki_A,autorpa_233k,ours_spend_cap,2308820011.646,1.0,9.0,39.0,157.0,0.0,0.0,0.0,74.0,0.042,0.0,0.0,always_compile_evict,1.0
h=0/q0=0.4/p=1/r=1/sig=0/cf=1,A_core,0.0,0.4,1.0,1.0,0.0,1.0,1.0,wiki_A,autorpa_233k,ours_cap_epoch,2308820011.646,1.0,9.0,39.0,157.0,0.0,0.0,0.0,74.0,0.042,0.0,0.0,always_compile_evict,1.0
h=0/q0=0.4/p=1/r=1/sig=0/cf=1,A_core,0.0,0.4,1.0,1.0,0.0,1.0,1.0,wiki_A,autorpa_233k,ours_cap_realized,2308820011.646,1.0,9.0,39.0,157.0,0.0,0.0,0.0,74.0,0.042,0.0,0.0,always_compile_evict,1.0
h=0/q0=0.4/p=1/r=1/sig=0/cf=1,A_core,0.0,0.4,1.0,1.0,0.0,1.0,1.0,wiki_A,autorpa_233k,ours_pi_prior,2316134663.208,1.003168,9.0,38.0,151.0,0.0,0.0,0.0,67.0,0.041,0.0,0.0,always_compile_evict,1.0
h=0/q0=0.4/p=1/r=1/sig=0/cf=1,A_core,0.0,0.4,1.0,1.0,0.0,1.0,1.0,wiki_A,autorpa_233k,breakeven,4005076343.201,1.734685,0.0,6.0,118.0,0.0,0.0,0.0,62.0,0.008,0.0,0.0,always_compile_evict,1.0
h=0/q0=0.4/p=1/r=1/sig=0/cf=1,A_core,0.0,0.4,1.0,1.0,0.0,1.0,1.0,wiki_A,autorpa_233k,breakeven_cap_epoch,4005076343.201,1.734685,0.0,6.0,118.0,0.0,0.0,0.0,62.0,0.008,0.0,0.0,always_compile_evict,1.0
h=0/q0=0.4/p=1/r=1/sig=0/cf=1,A_core,0.0,0.4,1.0,1.0,0.0,1.0,1.0,wiki_A,autorpa_233k,offline_taxblind,2136732981.606,0.925465,,,,,,,,,,,always_compile_evict,1.0
h=0/q0=0.4/p=1/r=1/sig=0/cf=1,A_core,0.0,0.4,1.0,1.0,0.0,1.0,1.0,wiki_A,autorpa_233k,offline_opt_tax,2199287547.244,0.952559,,,,,,,,,,,always_compile_evict,1.0
h=0/q0=0.4/p=1/r=1/sig=0/cf=1,A_core,0.0,0.4,1.0,1.0,0.0,1.0,1.0,wiki_A,native,always_reactive,4770469730.199,2.153788,0.0,0.0,0.0,0.0,0.0,0.0,0.0,0.005,0.0,0.0,always_compile_evict,1.0
h=0/q0=0.4/p=1/r=1/sig=0/cf=1,A_core,0.0,0.4,1.0,1.0,0.0,1.0,1.0,wiki_A,native,always_compile_evict,2201671757.704,0.994018,7.0,34.0,315.0,0.0,0.0,0.0,137.0,0.036,0.0,0.0,always_compile_evict,1.0
h=0/q0=0.4/p=1/r=1/sig=0/cf=1,A_core,0.0,0.4,1.0,1.0,0.0,1.0,1.0,wiki_A,native,ours_noinflate,2214920688.724,1.0,7.0,32.0,229.0,0.0,0.0,0.0,77.0,0.035,0.0,0.0,always_compile_evict,1.0
h=0/q0=0.4/p=1/r=1/sig=0/cf=1,A_core,0.0,0.4,1.0,1.0,0.0,1.0,1.0,wiki_A,native,oracle_tax,2413341288.288,1.089584,47.0,47.0,47.0,0.0,0.0,0.0,0.0,0.083,0.0,0.0,always_compile_evict,1.0
h=0/q0=0.4/p=1/r=1/sig=0/cf=1,A_core,0.0,0.4,1.0,1.0,0.0,1.0,1.0,wiki_A,native,ours_spend_cap,2214920688.724,1.0,7.0,32.0,229.0,0.0,0.0,0.0,77.0,0.035,0.0,0.0,always_compile_evict,1.0
h=0/q0=0.4/p=1/r=1/sig=0/cf=1,A_core,0.0,0.4,1.0,1.0,0.0,1.0,1.0,wiki_A,native,ours_cap_epoch,2214920688.724,1.0,7.0,32.0,229.0,0.0,0.0,0.0,77.0,0.035,0.0,0.0,always_compile_evict,1.0
h=0/q0=0.4/p=1/r=1/sig=0/cf=1,A_core,0.0,0.4,1.0,1.0,0.0,1.0,1.0,wiki_A,native,ours_cap_realized,2214920688.724,1.0,7.0,32.0,229.0,0.0,0.0,0.0,77.0,0.035,0.0,0.0,always_compile_evict,1.0
h=0/q0=0.4/p=1/r=1/sig=0/cf=1,A_core,0.0,0.4,1.0,1.0,0.0,1.0,1.0,wiki_A,native,ours_pi_prior,2238040799.962,1.010438,6.0,32.0,220.0,0.0,0.0,0.0,80.0,0.034,0.0,0.0,always_compile_evict,1.0
h=0/q0=0.4/p=1/r=1/sig=0/cf=1,A_core,0.0,0.4,1.0,1.0,0.0,1.0,1.0,wiki_A,native,breakeven,3978796529.972,1.796361,1.0,9.0,176.0,0.0,0.0,0.0,98.0,0.008,0.0,0.0,always_compile_evict,1.0
h=0/q0=0.4/p=1/r=1/sig=0/cf=1,A_core,0.0,0.4,1.0,1.0,0.0,1.0,1.0,wiki_A,native,breakeven_cap_epoch,3978796529.972,1.796361,1.0,9.0,176.0,0.0,0.0,0.0,98.0,0.008,0.0,0.0,always_compile_evict,1.0
h=0/q0=0.4/p=1/r=1/sig=0/cf=1,A_core,0.0,0.4,1.0,1.0,0.0,1.0,1.0,wiki_A,native,offline_taxblind,2104101223.95,0.949967,,,,,,,,,,,always_compile_evict,1.0
h=0/q0=0.4/p=1/r=1/sig=0/cf=1,A_core,0.0,0.4,1.0,1.0,0.0,1.0,1.0,wiki_A,native,offline_opt_tax,2139494785.483,0.965946,,,,,,,,,,,always_compile_evict,1.0
h=0/q0=0.4/p=1/r=1/sig=0/cf=1,A_core,0.0,0.4,1.0,1.0,0.0,1.0,1.0,wiki_B,autorpa_233k,always_reactive,8991713899.193,1.083405,0.0,0.0,0.0,0.0,0.0,0.0,0.0,0.004,0.0,0.0,ours_noinflate,0.984691
h=0/q0=0.4/p=1/r=1/sig=0/cf=1,A_core,0.0,0.4,1.0,1.0,0.0,1.0,1.0,wiki_B,autorpa_233k,always_compile_evict,8428526934.697,1.015547,68.0,88.0,1734.0,0.0,0.0,0.0,1325.0,0.065,0.0,0.0,ours_noinflate,0.984691
h=0/q0=0.4/p=1/r=1/sig=0/cf=1,A_core,0.0,0.4,1.0,1.0,0.0,1.0,1.0,wiki_B,autorpa_233k,ours_noinflate,8299494157.143,1.0,52.0,68.0,845.0,0.0,0.0,0.0,571.0,0.049,0.0,0.0,ours_noinflate,0.984691
h=0/q0=0.4/p=1/r=1/sig=0/cf=1,A_core,0.0,0.4,1.0,1.0,0.0,1.0,1.0,wiki_B,autorpa_233k,oracle_tax,8464854747.302,1.019924,61.0,61.0,61.0,0.0,0.0,0.0,0.0,0.036,0.0,0.0,ours_noinflate,0.984691
h=0/q0=0.4/p=1/r=1/sig=0/cf=1,A_core,0.0,0.4,1.0,1.0,0.0,1.0,1.0,wiki_B,autorpa_233k,ours_spend_cap,8299494157.143,1.0,52.0,68.0,845.0,0.0,0.0,0.0,571.0,0.049,0.0,0.0,ours_noinflate,0.984691
h=0/q0=0.4/p=1/r=1/sig=0/cf=1,A_core,0.0,0.4,1.0,1.0,0.0,1.0,1.0,wiki_B,autorpa_233k,ours_cap_epoch,8299494157.143,1.0,52.0,68.0,845.0,0.0,0.0,0.0,571.0,0.049,0.0,0.0,ours_noinflate,0.984691
h=0/q0=0.4/p=1/r=1/sig=0/cf=1,A_core,0.0,0.4,1.0,1.0,0.0,1.0,1.0,wiki_B,autorpa_233k,ours_cap_realized,8299494157.143,1.0,52.0,68.0,845.0,0.0,0.0,0.0,571.0,0.049,0.0,0.0,ours_noinflate,0.984691
h=0/q0=0.4/p=1/r=1/sig=0/cf=1,A_core,0.0,0.4,1.0,1.0,0.0,1.0,1.0,wiki_B,autorpa_233k,ours_pi_prior,8305176177.903,1.000685,52.0,68.0,814.0,0.0,0.0,0.0,558.0,0.048,0.0,0.0,ours_noinflate,0.984691
h=0/q0=0.4/p=1/r=1/sig=0/cf=1,A_core,0.0,0.4,1.0,1.0,0.0,1.0,1.0,wiki_B,autorpa_233k,breakeven,8959973089.462,1.079581,2.0,9.0,421.0,0.0,0.0,0.0,333.0,0.007,0.0,0.0,ours_noinflate,0.984691
h=0/q0=0.4/p=1/r=1/sig=0/cf=1,A_core,0.0,0.4,1.0,1.0,0.0,1.0,1.0,wiki_B,autorpa_233k,breakeven_cap_epoch,8959973089.462,1.079581,2.0,9.0,421.0,0.0,0.0,0.0,333.0,0.007,0.0,0.0,ours_noinflate,0.984691
h=0/q0=0.4/p=1/r=1/sig=0/cf=1,A_core,0.0,0.4,1.0,1.0,0.0,1.0,1.0,wiki_B,autorpa_233k,offline_taxblind,7641201671.168,0.920683,,,,,,,,,,,ours_noinflate,0.984691
h=0/q0=0.4/p=1/r=1/sig=0/cf=1,A_core,0.0,0.4,1.0,1.0,0.0,1.0,1.0,wiki_B,autorpa_233k,offline_opt_tax,7870100634.142,0.948263,,,,,,,,,,,ours_noinflate,0.984691
h=0/q0=0.4/p=1/r=1/sig=0/cf=1,A_core,0.0,0.4,1.0,1.0,0.0,1.0,1.0,wiki_B,native,always_reactive,8991713899.193,1.126891,0.0,0.0,0.0,0.0,0.0,0.0,0.0,0.004,0.0,0.0,always_compile_evict,1.0
h=0/q0=0.4/p=1/r=1/sig=0/cf=1,A_core,0.0,0.4,1.0,1.0,0.0,1.0,1.0,wiki_B,native,always_compile_evict,7971429295.697,0.999024,36.0,54.0,1734.0,0.0,0.0,0.0,951.0,0.039,0.0,0.0,always_compile_evict,1.0
h=0/q0=0.4/p=1/r=1/sig=0/cf=1,A_core,0.0,0.4,1.0,1.0,0.0,1.0,1.0,wiki_B,native,ours_noinflate,7979220256.626,1.0,35.0,51.0,1219.0,0.0,0.0,0.0,564.0,0.036,0.0,0.0,always_compile_evict,1.0
h=0/q0=0.4/p=1/r=1/sig=0/cf=1,A_core,0.0,0.4,1.0,1.0,0.0,1.0,1.0,wiki_B,native,oracle_tax,8459376954.999,1.060176,77.0,77.0,77.0,0.0,0.0,0.0,0.0,0.038,0.0,0.0,always_compile_evict,1.0
h=0/q0=0.4/p=1/r=1/sig=0/cf=1,A_core,0.0,0.4,1.0,1.0,0.0,1.0,1.0,wiki_B,native,ours_spend_cap,7979220256.626,1.0,35.0,51.0,1219.0,0.0,0.0,0.0,564.0,0.036,0.0,0.0,always_compile_evict,1.0
h=0/q0=0.4/p=1/r=1/sig=0/cf=1,A_core,0.0,0.4,1.0,1.0,0.0,1.0,1.0,wiki_B,native,ours_cap_epoch,7979220256.626,1.0,35.0,51.0,1219.0,0.0,0.0,0.0,564.0,0.036,0.0,0.0,always_compile_evict,1.0
h=0/q0=0.4/p=1/r=1/sig=0/cf=1,A_core,0.0,0.4,1.0,1.0,0.0,1.0,1.0,wiki_B,native,ours_cap_realized,7979220256.626,1.0,35.0,51.0,1219.0,0.0,0.0,0.0,564.0,0.036,0.0,0.0,always_compile_evict,1.0
h=0/q0=0.4/p=1/r=1/sig=0/cf=1,A_core,0.0,0.4,1.0,1.0,0.0,1.0,1.0,wiki_B,native,ours_pi_prior,7990595938.291,1.001426,34.0,50.0,1126.0,0.0,0.0,0.0,507.0,0.034,0.0,0.0,always_compile_evict,1.0
h=0/q0=0.4/p=1/r=1/sig=0/cf=1,A_core,0.0,0.4,1.0,1.0,0.0,1.0,1.0,wiki_B,native,breakeven,8905596507.648,1.116099,4.0,10.0,787.0,0.0,0.0,0.0,614.0,0.006,0.0,0.0,always_compile_evict,1.0
h=0/q0=0.4/p=1/r=1/sig=0/cf=1,A_core,0.0,0.4,1.0,1.0,0.0,1.0,1.0,wiki_B,native,breakeven_cap_epoch,8905596507.648,1.116099,4.0,10.0,787.0,0.0,0.0,0.0,614.0,0.006,0.0,0.0,always_compile_evict,1.0
h=0/q0=0.4/p=1/r=1/sig=0/cf=1,A_core,0.0,0.4,1.0,1.0,0.0,1.0,1.0,wiki_B,native,offline_taxblind,7458346889.757,0.934721,,,,,,,,,,,always_compile_evict,1.0
h=0/q0=0.4/p=1/r=1/sig=0/cf=1,A_core,0.0,0.4,1.0,1.0,0.0,1.0,1.0,wiki_B,native,offline_opt_tax,7589198729.465,0.95112,,,,,,,,,,,always_compile_evict,1.0
h=0/q0=0.4/p=1/r=2.2/sig=0/cf=1,C_rfb,0.0,0.4,1.0,2.2,0.0,1.0,1.0,bpi2019,autorpa_233k,always_reactive,26858149732.486,1.074708,0.0,0.0,0.0,0.0,0.0,0.0,0.0,0.003,0.0,0.0,ours_noinflate,0.978467
h=0/q0=0.4/p=1/r=2.2/sig=0/cf=1,C_rfb,0.0,0.4,1.0,2.2,0.0,1.0,1.0,bpi2019,autorpa_233k,always_compile_evict,25541089681.153,1.022007,57.0,86.0,1902.0,0.0,0.0,94739.8,1806.0,0.05,0.0,0.0,ours_noinflate,0.978467
h=0/q0=0.4/p=1/r=2.2/sig=0/cf=1,C_rfb,0.0,0.4,1.0,2.2,0.0,1.0,1.0,bpi2019,autorpa_233k,ours_noinflate,24991109760.215,1.0,23.0,36.0,333.0,0.0,0.0,55973.3,276.0,0.024,0.0,0.0,ours_noinflate,0.978467
h=0/q0=0.4/p=1/r=2.2/sig=0/cf=1,C_rfb,0.0,0.4,1.0,2.2,0.0,1.0,1.0,bpi2019,autorpa_233k,oracle_tax,24858440829.543,0.994691,40.0,40.0,40.0,0.0,0.0,69898.1,0.0,0.023,0.0,0.0,ours_noinflate,0.978467
h=0/q0=0.4/p=1/r=2.2/sig=0/cf=1,C_rfb,0.0,0.4,1.0,2.2,0.0,1.0,1.0,bpi2019,autorpa_233k,ours_spend_cap,24991109760.215,1.0,23.0,36.0,333.0,0.0,0.0,55973.3,276.0,0.024,0.0,0.0,ours_noinflate,0.978467
h=0/q0=0.4/p=1/r=2.2/sig=0/cf=1,C_rfb,0.0,0.4,1.0,2.2,0.0,1.0,1.0,bpi2019,autorpa_233k,ours_cap_epoch,24991109760.215,1.0,23.0,36.0,333.0,0.0,0.0,55973.3,276.0,0.024,0.0,0.0,ours_noinflate,0.978467
h=0/q0=0.4/p=1/r=2.2/sig=0/cf=1,C_rfb,0.0,0.4,1.0,2.2,0.0,1.0,1.0,bpi2019,autorpa_233k,ours_cap_realized,24991109760.215,1.0,23.0,36.0,333.0,0.0,0.0,55973.3,276.0,0.024,0.0,0.0,ours_noinflate,0.978467
h=0/q0=0.4/p=1/r=2.2/sig=0/cf=1,C_rfb,0.0,0.4,1.0,2.2,0.0,1.0,1.0,bpi2019,autorpa_233k,ours_pi_prior,26648509489.23,1.06632,22.0,29.0,248.0,0.0,0.0,14335.8,207.0,0.016,0.0,0.0,ours_noinflate,0.978467
h=0/q0=0.4/p=1/r=2.2/sig=0/cf=1,C_rfb,0.0,0.4,1.0,2.2,0.0,1.0,1.0,bpi2019,autorpa_233k,breakeven,26879894721.199,1.075578,0.0,5.0,202.0,0.0,0.0,948.9,172.0,0.004,0.0,0.0,ours_noinflate,0.978467
h=0/q0=0.4/p=1/r=2.2/sig=0/cf=1,C_rfb,0.0,0.4,1.0,2.2,0.0,1.0,1.0,bpi2019,autorpa_233k,breakeven_cap_epoch,26879894721.199,1.075578,0.0,5.0,202.0,0.0,0.0,948.9,172.0,0.004,0.0,0.0,ours_noinflate,0.978467
h=0/q0=0.4/p=1/r=2.2/sig=0/cf=1,C_rfb,0.0,0.4,1.0,2.2,0.0,1.0,1.0,bpi2019,autorpa_233k,offline_taxblind,24039691293.289,0.96193,,,,,,,,,,,ours_noinflate,0.978467
h=0/q0=0.4/p=1/r=2.2/sig=0/cf=1,C_rfb,0.0,0.4,1.0,2.2,0.0,1.0,1.0,bpi2019,autorpa_233k,offline_opt_tax,24297893772.388,0.972261,,,,,,,,,,,ours_noinflate,0.978467
h=0/q0=0.4/p=1/r=2.2/sig=0/cf=1,C_rfb,0.0,0.4,1.0,2.2,0.0,1.0,1.0,bpi2019,native,always_reactive,26858149732.486,1.090522,0.0,0.0,0.0,0.0,0.0,0.0,0.0,0.003,0.0,0.0,ours_noinflate,0.996208
h=0/q0=0.4/p=1/r=2.2/sig=0/cf=1,C_rfb,0.0,0.4,1.0,2.2,0.0,1.0,1.0,bpi2019,native,always_compile_evict,24722452601.652,1.003806,29.0,49.0,1902.0,0.0,0.0,94739.8,1579.0,0.028,0.0,0.0,ours_noinflate,0.996208
h=0/q0=0.4/p=1/r=2.2/sig=0/cf=1,C_rfb,0.0,0.4,1.0,2.2,0.0,1.0,1.0,bpi2019,native,ours_noinflate,24628705782.016,1.0,25.0,41.0,671.0,0.0,0.0,78319.4,474.0,0.025,0.0,0.0,ours_noinflate,0.996208
h=0/q0=0.4/p=1/r=2.2/sig=0/cf=1,C_rfb,0.0,0.4,1.0,2.2,0.0,1.0,1.0,bpi2019,native,oracle_tax,24854804006.128,1.00918,41.0,41.0,41.0,0.0,0.0,69913.9,0.0,0.023,0.0,0.0,ours_noinflate,0.996208
h=0/q0=0.4/p=1/r=2.2/sig=0/cf=1,C_rfb,0.0,0.4,1.0,2.2,0.0,1.0,1.0,bpi2019,native,ours_spend_cap,24628705782.016,1.0,25.0,41.0,671.0,0.0,0.0,78319.4,474.0,0.025,0.0,0.0,ours_noinflate,0.996208
h=0/q0=0.4/p=1/r=2.2/sig=0/cf=1,C_rfb,0.0,0.4,1.0,2.2,0.0,1.0,1.0,bpi2019,native,ours_cap_epoch,24628705782.016,1.0,25.0,41.0,671.0,0.0,0.0,78319.4,474.0,0.025,0.0,0.0,ours_noinflate,0.996208
h=0/q0=0.4/p=1/r=2.2/sig=0/cf=1,C_rfb,0.0,0.4,1.0,2.2,0.0,1.0,1.0,bpi2019,native,ours_cap_realized,24628705782.016,1.0,25.0,41.0,671.0,0.0,0.0,78319.4,474.0,0.025,0.0,0.0,ours_noinflate,0.996208
h=0/q0=0.4/p=1/r=2.2/sig=0/cf=1,C_rfb,0.0,0.4,1.0,2.2,0.0,1.0,1.0,bpi2019,native,ours_pi_prior,24710737224.555,1.003331,22.0,37.0,605.0,0.0,0.0,68414.2,424.0,0.022,0.0,0.0,ours_noinflate,0.996208
h=0/q0=0.4/p=1/r=2.2/sig=0/cf=1,C_rfb,0.0,0.4,1.0,2.2,0.0,1.0,1.0,bpi2019,native,breakeven,26861072589.801,1.090641,1.0,6.0,342.0,0.0,0.0,1081.0,292.0,0.004,0.0,0.0,ours_noinflate,0.996208
h=0/q0=0.4/p=1/r=2.2/sig=0/cf=1,C_rfb,0.0,0.4,1.0,2.2,0.0,1.0,1.0,bpi2019,native,breakeven_cap_epoch,26861072589.801,1.090641,1.0,6.0,342.0,0.0,0.0,1081.0,292.0,0.004,0.0,0.0,ours_noinflate,0.996208
h=0/q0=0.4/p=1/r=2.2/sig=0/cf=1,C_rfb,0.0,0.4,1.0,2.2,0.0,1.0,1.0,bpi2019,native,offline_taxblind,23985477567.853,0.973883,,,,,,,,,,,ours_noinflate,0.996208
h=0/q0=0.4/p=1/r=2.2/sig=0/cf=1,C_rfb,0.0,0.4,1.0,2.2,0.0,1.0,1.0,bpi2019,native,offline_opt_tax,24212599120.755,0.983105,,,,,,,,,,,ours_noinflate,0.996208
h=0/q0=0.4/p=1/r=2.2/sig=0/cf=1,C_rfb,0.0,0.4,1.0,2.2,0.0,1.0,1.0,sepsis,autorpa_233k,always_reactive,93787502.059,1.0,0.0,0.0,0.0,0.0,0.0,0.0,0.0,0.004,0.0,0.0,always_reactive,0.939005
h=0/q0=0.4/p=1/r=2.2/sig=0/cf=1,C_rfb,0.0,0.4,1.0,2.2,0.0,1.0,1.0,sepsis,autorpa_233k,always_compile_evict,99879680.531,1.064957,19.0,20.0,27.0,0.0,0.0,57.6,27.0,0.014,0.0,0.0,always_reactive,0.939005
h=0/q0=0.4/p=1/r=2.2/sig=0/cf=1,C_rfb,0.0,0.4,1.0,2.2,0.0,1.0,1.0,sepsis,autorpa_233k,ours_noinflate,93787502.059,1.0,0.0,0.0,0.0,0.0,0.0,0.0,0.0,0.004,0.0,0.0,always_reactive,0.939005
h=0/q0=0.4/p=1/r=2.2/sig=0/cf=1,C_rfb,0.0,0.4,1.0,2.2,0.0,1.0,1.0,sepsis,autorpa_233k,oracle_tax,93787502.059,1.0,0.0,0.0,0.0,0.0,0.0,0.0,0.0,0.004,0.0,0.0,always_reactive,0.939005
h=0/q0=0.4/p=1/r=2.2/sig=0/cf=1,C_rfb,0.0,0.4,1.0,2.2,0.0,1.0,1.0,sepsis,autorpa_233k,ours_spend_cap,93787502.059,1.0,0.0,0.0,0.0,0.0,0.0,0.0,0.0,0.004,0.0,0.0,always_reactive,0.939005
h=0/q0=0.4/p=1/r=2.2/sig=0/cf=1,C_rfb,0.0,0.4,1.0,2.2,0.0,1.0,1.0,sepsis,autorpa_233k,ours_cap_epoch,93787502.059,1.0,0.0,0.0,0.0,0.0,0.0,0.0,0.0,0.004,0.0,0.0,always_reactive,0.939005
h=0/q0=0.4/p=1/r=2.2/sig=0/cf=1,C_rfb,0.0,0.4,1.0,2.2,0.0,1.0,1.0,sepsis,autorpa_233k,ours_cap_realized,93787502.059,1.0,0.0,0.0,0.0,0.0,0.0,0.0,0.0,0.004,0.0,0.0,always_reactive,0.939005
h=0/q0=0.4/p=1/r=2.2/sig=0/cf=1,C_rfb,0.0,0.4,1.0,2.2,0.0,1.0,1.0,sepsis,autorpa_233k,ours_pi_prior,93787502.059,1.0,0.0,0.0,0.0,0.0,0.0,0.0,0.0,0.004,0.0,0.0,always_reactive,0.939005
h=0/q0=0.4/p=1/r=2.2/sig=0/cf=1,C_rfb,0.0,0.4,1.0,2.2,0.0,1.0,1.0,sepsis,autorpa_233k,breakeven,93787502.059,1.0,0.0,0.0,0.0,0.0,0.0,0.0,0.0,0.004,0.0,0.0,always_reactive,0.939005
h=0/q0=0.4/p=1/r=2.2/sig=0/cf=1,C_rfb,0.0,0.4,1.0,2.2,0.0,1.0,1.0,sepsis,autorpa_233k,breakeven_cap_epoch,93787502.059,1.0,0.0,0.0,0.0,0.0,0.0,0.0,0.0,0.004,0.0,0.0,always_reactive,0.939005
h=0/q0=0.4/p=1/r=2.2/sig=0/cf=1,C_rfb,0.0,0.4,1.0,2.2,0.0,1.0,1.0,sepsis,autorpa_233k,offline_taxblind,93762373.343,0.999732,,,,,,,,,,,always_reactive,0.939005
h=0/q0=0.4/p=1/r=2.2/sig=0/cf=1,C_rfb,0.0,0.4,1.0,2.2,0.0,1.0,1.0,sepsis,autorpa_233k,offline_opt_tax,93787502.059,1.0,,,,,,,,,,,always_reactive,0.939005
h=0/q0=0.4/p=1/r=2.2/sig=0/cf=1,C_rfb,0.0,0.4,1.0,2.2,0.0,1.0,1.0,sepsis,native,always_reactive,93787502.059,0.998175,0.0,0.0,0.0,0.0,0.0,0.0,0.0,0.004,0.0,0.0,always_reactive,0.973508
h=0/q0=0.4/p=1/r=2.2/sig=0/cf=1,C_rfb,0.0,0.4,1.0,2.2,0.0,1.0,1.0,sepsis,native,always_compile_evict,96339772.531,1.025339,19.0,19.0,27.0,0.0,0.0,57.6,25.0,0.014,0.0,0.0,always_reactive,0.973508
h=0/q0=0.4/p=1/r=2.2/sig=0/cf=1,C_rfb,0.0,0.4,1.0,2.2,0.0,1.0,1.0,sepsis,native,ours_noinflate,93958960.012,1.0,2.0,2.0,2.0,0.0,0.0,3.0,2.0,0.004,0.0,0.0,always_reactive,0.973508
h=0/q0=0.4/p=1/r=2.2/sig=0/cf=1,C_rfb,0.0,0.4,1.0,2.2,0.0,1.0,1.0,sepsis,native,oracle_tax,93415145.77,0.994212,2.0,2.0,2.0,0.0,0.0,16.0,0.0,0.006,0.0,0.0,always_reactive,0.973508
h=0/q0=0.4/p=1/r=2.2/sig=0/cf=1,C_rfb,0.0,0.4,1.0,2.2,0.0,1.0,1.0,sepsis,native,ours_spend_cap,93958960.012,1.0,2.0,2.0,2.0,0.0,0.0,3.0,2.0,0.004,0.0,0.0,always_reactive,0.973508
h=0/q0=0.4/p=1/r=2.2/sig=0/cf=1,C_rfb,0.0,0.4,1.0,2.2,0.0,1.0,1.0,sepsis,native,ours_cap_epoch,93958960.012,1.0,2.0,2.0,2.0,0.0,0.0,3.0,2.0,0.004,0.0,0.0,always_reactive,0.973508
h=0/q0=0.4/p=1/r=2.2/sig=0/cf=1,C_rfb,0.0,0.4,1.0,2.2,0.0,1.0,1.0,sepsis,native,ours_cap_realized,93958960.012,1.0,2.0,2.0,2.0,0.0,0.0,3.0,2.0,0.004,0.0,0.0,always_reactive,0.973508
h=0/q0=0.4/p=1/r=2.2/sig=0/cf=1,C_rfb,0.0,0.4,1.0,2.2,0.0,1.0,1.0,sepsis,native,ours_pi_prior,93966740.844,1.000083,2.0,3.0,3.0,0.0,0.0,4.2,3.0,0.005,0.0,0.0,always_reactive,0.973508
h=0/q0=0.4/p=1/r=2.2/sig=0/cf=1,C_rfb,0.0,0.4,1.0,2.2,0.0,1.0,1.0,sepsis,native,breakeven,93825931.944,0.998584,0.0,1.0,1.0,0.0,0.0,0.2,1.0,0.004,0.0,0.0,always_reactive,0.973508
h=0/q0=0.4/p=1/r=2.2/sig=0/cf=1,C_rfb,0.0,0.4,1.0,2.2,0.0,1.0,1.0,sepsis,native,breakeven_cap_epoch,93825931.944,0.998584,0.0,1.0,1.0,0.0,0.0,0.2,1.0,0.004,0.0,0.0,always_reactive,0.973508
h=0/q0=0.4/p=1/r=2.2/sig=0/cf=1,C_rfb,0.0,0.4,1.0,2.2,0.0,1.0,1.0,sepsis,native,offline_taxblind,93414827.232,0.994209,,,,,,,,,,,always_reactive,0.973508
h=0/q0=0.4/p=1/r=2.2/sig=0/cf=1,C_rfb,0.0,0.4,1.0,2.2,0.0,1.0,1.0,sepsis,native,offline_opt_tax,93720895.024,0.997466,,,,,,,,,,,always_reactive,0.973508
h=0/q0=0.4/p=1/r=2.2/sig=0/cf=1,C_rfb,0.0,0.4,1.0,2.2,0.0,1.0,1.0,wiki_A,autorpa_233k,always_reactive,4770469730.199,1.02741,0.0,0.0,0.0,0.0,0.0,0.0,0.0,0.005,0.0,0.0,always_compile_evict,1.0
h=0/q0=0.4/p=1/r=2.2/sig=0/cf=1,C_rfb,0.0,0.4,1.0,2.2,0.0,1.0,1.0,wiki_A,autorpa_233k,always_compile_evict,4427067727.369,0.953452,10.0,46.0,315.0,0.0,0.0,25050.0,270.0,0.026,0.0,0.0,always_compile_evict,1.0
h=0/q0=0.4/p=1/r=2.2/sig=0/cf=1,C_rfb,0.0,0.4,1.0,2.2,0.0,1.0,1.0,wiki_A,autorpa_233k,ours_noinflate,4643199534.738,1.0,5.0,18.0,53.0,0.0,0.0,3846.6,37.0,0.012,0.0,0.0,always_compile_evict,1.0
h=0/q0=0.4/p=1/r=2.2/sig=0/cf=1,C_rfb,0.0,0.4,1.0,2.2,0.0,1.0,1.0,wiki_A,autorpa_233k,oracle_tax,4395201332.715,0.946589,11.0,11.0,11.0,0.0,0.0,20525.6,0.0,0.017,0.0,0.0,always_compile_evict,1.0
h=0/q0=0.4/p=1/r=2.2/sig=0/cf=1,C_rfb,0.0,0.4,1.0,2.2,0.0,1.0,1.0,wiki_A,autorpa_233k,ours_spend_cap,4643199534.738,1.0,5.0,18.0,53.0,0.0,0.0,3846.6,37.0,0.012,0.0,0.0,always_compile_evict,1.0
h=0/q0=0.4/p=1/r=2.2/sig=0/cf=1,C_rfb,0.0,0.4,1.0,2.2,0.0,1.0,1.0,wiki_A,autorpa_233k,ours_cap_epoch,4643199534.738,1.0,5.0,18.0,53.0,0.0,0.0,3846.6,37.0,0.012,0.0,0.0,always_compile_evict,1.0
h=0/q0=0.4/p=1/r=2.2/sig=0/cf=1,C_rfb,0.0,0.4,1.0,2.2,0.0,1.0,1.0,wiki_A,autorpa_233k,ours_cap_realized,4643199534.738,1.0,5.0,18.0,53.0,0.0,0.0,3846.6,37.0,0.012,0.0,0.0,always_compile_evict,1.0
h=0/q0=0.4/p=1/r=2.2/sig=0/cf=1,C_rfb,0.0,0.4,1.0,2.2,0.0,1.0,1.0,wiki_A,autorpa_233k,ours_pi_prior,4530473965.822,0.975722,2.0,11.0,42.0,0.0,0.0,11891.6,31.0,0.009,0.0,0.0,always_compile_evict,1.0
h=0/q0=0.4/p=1/r=2.2/sig=0/cf=1,C_rfb,0.0,0.4,1.0,2.2,0.0,1.0,1.0,wiki_A,autorpa_233k,breakeven,4641277339.857,0.999586,0.0,4.0,46.0,0.0,0.0,8681.0,30.0,0.006,0.0,0.0,always_compile_evict,1.0
h=0/q0=0.4/p=1/r=2.2/sig=0/cf=1,C_rfb,0.0,0.4,1.0,2.2,0.0,1.0,1.0,wiki_A,autorpa_233k,breakeven_cap_epoch,4641277339.857,0.999586,0.0,4.0,46.0,0.0,0.0,8681.0,30.0,0.006,0.0,0.0,always_compile_evict,1.0
h=0/q0=0.4/p=1/r=2.2/sig=0/cf=1,C_rfb,0.0,0.4,1.0,2.2,0.0,1.0,1.0,wiki_A,autorpa_233k,offline_taxblind,4285186595.779,0.922895,,,,,,,,,,,always_compile_evict,1.0
h=0/q0=0.4/p=1/r=2.2/sig=0/cf=1,C_rfb,0.0,0.4,1.0,2.2,0.0,1.0,1.0,wiki_A,autorpa_233k,offline_opt_tax,4315643184.799,0.929455,,,,,,,,,,,always_compile_evict,1.0
h=0/q0=0.4/p=1/r=2.2/sig=0/cf=1,C_rfb,0.0,0.4,1.0,2.2,0.0,1.0,1.0,wiki_A,native,always_reactive,4770469730.199,1.097556,0.0,0.0,0.0,0.0,0.0,0.0,0.0,0.005,0.0,0.0,ours_noinflate,0.998758
h=0/q0=0.4/p=1/r=2.2/sig=0/cf=1,C_rfb,0.0,0.4,1.0,2.2,0.0,1.0,1.0,wiki_A,native,always_compile_evict,4351852066.369,1.001244,7.0,34.0,315.0,0.0,0.0,25050.0,250.0,0.018,0.0,0.0,ours_noinflate,0.998758
h=0/q0=0.4/p=1/r=2.2/sig=0/cf=1,C_rfb,0.0,0.4,1.0,2.2,0.0,1.0,1.0,wiki_A,native,ours_noinflate,4346446455.126,1.0,6.0,27.0,113.0,0.0,0.0,22199.4,68.0,0.015,0.0,0.0,ours_noinflate,0.998758
h=0/q0=0.4/p=1/r=2.2/sig=0/cf=1,C_rfb,0.0,0.4,1.0,2.2,0.0,1.0,1.0,wiki_A,native,oracle_tax,4395549026.824,1.011297,13.0,13.0,13.0,0.0,0.0,20862.0,0.0,0.019,0.0,0.0,ours_noinflate,0.998758
h=0/q0=0.4/p=1/r=2.2/sig=0/cf=1,C_rfb,0.0,0.4,1.0,2.2,0.0,1.0,1.0,wiki_A,native,ours_spend_cap,4346446455.126,1.0,6.0,27.0,113.0,0.0,0.0,22199.4,68.0,0.015,0.0,0.0,ours_noinflate,0.998758
h=0/q0=0.4/p=1/r=2.2/sig=0/cf=1,C_rfb,0.0,0.4,1.0,2.2,0.0,1.0,1.0,wiki_A,native,ours_cap_epoch,4346446455.126,1.0,6.0,27.0,113.0,0.0,0.0,22199.4,68.0,0.015,0.0,0.0,ours_noinflate,0.998758
h=0/q0=0.4/p=1/r=2.2/sig=0/cf=1,C_rfb,0.0,0.4,1.0,2.2,0.0,1.0,1.0,wiki_A,native,ours_cap_realized,4346446455.126,1.0,6.0,27.0,113.0,0.0,0.0,22199.4,68.0,0.015,0.0,0.0,ours_noinflate,0.998758
h=0/q0=0.4/p=1/r=2.2/sig=0/cf=1,C_rfb,0.0,0.4,1.0,2.2,0.0,1.0,1.0,wiki_A,native,ours_pi_prior,4350061273.302,1.000832,6.0,24.0,101.0,0.0,0.0,21780.0,60.0,0.015,0.0,0.0,ours_noinflate,0.998758
h=0/q0=0.4/p=1/r=2.2/sig=0/cf=1,C_rfb,0.0,0.4,1.0,2.2,0.0,1.0,1.0,wiki_A,native,breakeven,4632081499.595,1.065717,0.0,5.0,73.0,0.0,0.0,8610.2,35.0,0.006,0.0,0.0,ours_noinflate,0.998758
h=0/q0=0.4/p=1/r=2.2/sig=0/cf=1,C_rfb,0.0,0.4,1.0,2.2,0.0,1.0,1.0,wiki_A,native,breakeven_cap_epoch,4632081499.595,1.065717,0.0,5.0,73.0,0.0,0.0,8610.2,35.0,0.006,0.0,0.0,ours_noinflate,0.998758
h=0/q0=0.4/p=1/r=2.2/sig=0/cf=1,C_rfb,0.0,0.4,1.0,2.2,0.0,1.0,1.0,wiki_A,native,offline_taxblind,4274104012.46,0.983356,,,,,,,,,,,ours_noinflate,0.998758
h=0/q0=0.4/p=1/r=2.2/sig=0/cf=1,C_rfb,0.0,0.4,1.0,2.2,0.0,1.0,1.0,wiki_A,native,offline_opt_tax,4302009741.129,0.989776,,,,,,,,,,,ours_noinflate,0.998758
h=0/q0=0.4/p=1/r=2.2/sig=0/cf=1,C_rfb,0.0,0.4,1.0,2.2,0.0,1.0,1.0,wiki_B,autorpa_233k,always_reactive,8991713899.193,0.994019,0.0,0.0,0.0,0.0,0.0,0.0,0.0,0.004,0.0,0.0,always_reactive,0.934826
h=0/q0=0.4/p=1/r=2.2/sig=0/cf=1,C_rfb,0.0,0.4,1.0,2.2,0.0,1.0,1.0,wiki_B,autorpa_233k,always_compile_evict,9618595092.605,1.06332,68.0,88.0,1734.0,0.0,0.0,11214.4,1694.0,0.057,0.0,0.0,always_reactive,0.934826
h=0/q0=0.4/p=1/r=2.2/sig=0/cf=1,C_rfb,0.0,0.4,1.0,2.2,0.0,1.0,1.0,wiki_B,autorpa_233k,ours_noinflate,9045816012.051,1.0,24.0,34.0,251.0,0.0,0.0,3015.3,227.0,0.019,0.0,0.0,always_reactive,0.934826
h=0/q0=0.4/p=1/r=2.2/sig=0/cf=1,C_rfb,0.0,0.4,1.0,2.2,0.0,1.0,1.0,wiki_B,autorpa_233k,oracle_tax,8954364898.77,0.98989,8.0,8.0,8.0,0.0,0.0,2570.8,0.0,0.009,0.0,0.0,always_reactive,0.934826
h=0/q0=0.4/p=1/r=2.2/sig=0/cf=1,C_rfb,0.0,0.4,1.0,2.2,0.0,1.0,1.0,wiki_B,autorpa_233k,ours_spend_cap,9045816012.051,1.0,24.0,34.0,251.0,0.0,0.0,3015.3,227.0,0.019,0.0,0.0,always_reactive,0.934826
h=0/q0=0.4/p=1/r=2.2/sig=0/cf=1,C_rfb,0.0,0.4,1.0,2.2,0.0,1.0,1.0,wiki_B,autorpa_233k,ours_cap_epoch,9045816012.051,1.0,24.0,34.0,251.0,0.0,0.0,3015.3,227.0,0.019,0.0,0.0,always_reactive,0.934826
h=0/q0=0.4/p=1/r=2.2/sig=0/cf=1,C_rfb,0.0,0.4,1.0,2.2,0.0,1.0,1.0,wiki_B,autorpa_233k,ours_cap_realized,9045816012.051,1.0,24.0,34.0,251.0,0.0,0.0,3015.3,227.0,0.019,0.0,0.0,always_reactive,0.934826
h=0/q0=0.4/p=1/r=2.2/sig=0/cf=1,C_rfb,0.0,0.4,1.0,2.2,0.0,1.0,1.0,wiki_B,autorpa_233k,ours_pi_prior,9025926889.07,0.997801,16.0,26.0,183.0,0.0,0.0,2348.2,168.0,0.015,0.0,0.0,always_reactive,0.934826
h=0/q0=0.4/p=1/r=2.2/sig=0/cf=1,C_rfb,0.0,0.4,1.0,2.2,0.0,1.0,1.0,wiki_B,autorpa_233k,breakeven,9006327934.891,0.995635,0.0,6.0,98.0,0.0,0.0,526.7,86.0,0.005,0.0,0.0,always_reactive,0.934826
h=0/q0=0.4/p=1/r=2.2/sig=0/cf=1,C_rfb,0.0,0.4,1.0,2.2,0.0,1.0,1.0,wiki_B,autorpa_233k,breakeven_cap_epoch,9006327934.891,0.995635,0.0,6.0,98.0,0.0,0.0,526.7,86.0,0.005,0.0,0.0,always_reactive,0.934826
h=0/q0=0.4/p=1/r=2.2/sig=0/cf=1,C_rfb,0.0,0.4,1.0,2.2,0.0,1.0,1.0,wiki_B,autorpa_233k,offline_taxblind,8804704555.613,0.973346,,,,,,,,,,,always_reactive,0.934826
h=0/q0=0.4/p=1/r=2.2/sig=0/cf=1,C_rfb,0.0,0.4,1.0,2.2,0.0,1.0,1.0,wiki_B,autorpa_233k,offline_opt_tax,8879500152.172,0.981614,,,,,,,,,,,always_reactive,0.934826
h=0/q0=0.4/p=1/r=2.2/sig=0/cf=1,C_rfb,0.0,0.4,1.0,2.2,0.0,1.0,1.0,wiki_B,native,always_reactive,8991713899.193,0.997446,0.0,0.0,0.0,0.0,0.0,0.0,0.0,0.004,0.0,0.0,always_reactive,0.981468
h=0/q0=0.4/p=1/r=2.2/sig=0/cf=1,C_rfb,0.0,0.4,1.0,2.2,0.0,1.0,1.0,wiki_B,native,always_compile_evict,9161497453.606,1.01628,36.0,54.0,1734.0,0.0,0.0,11214.4,1628.0,0.034,0.0,0.0,always_reactive,0.981468
h=0/q0=0.4/p=1/r=2.2/sig=0/cf=1,C_rfb,0.0,0.4,1.0,2.2,0.0,1.0,1.0,wiki_B,native,ours_noinflate,9014736766.929,1.0,27.0,43.0,557.0,0.0,0.0,7134.5,493.0,0.024,0.0,0.0,always_reactive,0.981468
h=0/q0=0.4/p=1/r=2.2/sig=0/cf=1,C_rfb,0.0,0.4,1.0,2.2,0.0,1.0,1.0,wiki_B,native,oracle_tax,8953478416.361,0.993205,9.0,9.0,9.0,0.0,0.0,2731.9,0.0,0.009,0.0,0.0,always_reactive,0.981468
h=0/q0=0.4/p=1/r=2.2/sig=0/cf=1,C_rfb,0.0,0.4,1.0,2.2,0.0,1.0,1.0,wiki_B,native,ours_spend_cap,9014736766.929,1.0,27.0,43.0,557.0,0.0,0.0,7134.5,493.0,0.024,0.0,0.0,always_reactive,0.981468
h=0/q0=0.4/p=1/r=2.2/sig=0/cf=1,C_rfb,0.0,0.4,1.0,2.2,0.0,1.0,1.0,wiki_B,native,ours_cap_epoch,9014736766.929,1.0,27.0,43.0,557.0,0.0,0.0,7134.5,493.0,0.024,0.0,0.0,always_reactive,0.981468
h=0/q0=0.4/p=1/r=2.2/sig=0/cf=1,C_rfb,0.0,0.4,1.0,2.2,0.0,1.0,1.0,wiki_B,native,ours_cap_realized,9014736766.929,1.0,27.0,43.0,557.0,0.0,0.0,7134.5,493.0,0.024,0.0,0.0,always_reactive,0.981468
h=0/q0=0.4/p=1/r=2.2/sig=0/cf=1,C_rfb,0.0,0.4,1.0,2.2,0.0,1.0,1.0,wiki_B,native,ours_pi_prior,9006225562.238,0.999056,23.0,40.0,507.0,0.0,0.0,6133.4,447.0,0.022,0.0,0.0,always_reactive,0.981468
h=0/q0=0.4/p=1/r=2.2/sig=0/cf=1,C_rfb,0.0,0.4,1.0,2.2,0.0,1.0,1.0,wiki_B,native,breakeven,8997950046.324,0.998138,1.0,5.0,202.0,0.0,0.0,625.3,177.0,0.005,0.0,0.0,always_reactive,0.981468
h=0/q0=0.4/p=1/r=2.2/sig=0/cf=1,C_rfb,0.0,0.4,1.0,2.2,0.0,1.0,1.0,wiki_B,native,breakeven_cap_epoch,8997950046.324,0.998138,1.0,5.0,202.0,0.0,0.0,625.3,177.0,0.005,0.0,0.0,always_reactive,0.981468
h=0/q0=0.4/p=1/r=2.2/sig=0/cf=1,C_rfb,0.0,0.4,1.0,2.2,0.0,1.0,1.0,wiki_B,native,offline_taxblind,8770433523.17,0.9729,,,,,,,,,,,always_reactive,0.981468
h=0/q0=0.4/p=1/r=2.2/sig=0/cf=1,C_rfb,0.0,0.4,1.0,2.2,0.0,1.0,1.0,wiki_B,native,offline_opt_tax,8831766357.733,0.979703,,,,,,,,,,,always_reactive,0.981468
