config,block,h,q0,p,r_fallback,sigma,silent_penalty,c_fail_mult,stream,price,policy,mean_tokens,rel_to_ours_noinflate,mean_final_library,mean_max_library,mean_n_compiles,mean_program_deaths,mean_silent_failures,mean_use_failures,mean_wasted_tax,mean_tax_share,mean_failed_attempts,mean_failed_tokens,cheapest_policy,best_vs_naive
h=0.02/q0=0.4/p=0.3/r=1/sig=0/cf=1,A_core,0.02,0.4,0.3,1.0,0.0,1.0,1.0,bpi2019,autorpa_233k,always_reactive,19497801224.0,1.234375,0.0,0.0,0.0,0.0,0.0,0.0,0.0,0.005,0.0,0.0,ours_noinflate,0.97577
h=0.02/q0=0.4/p=0.3/r=1/sig=0/cf=1,A_core,0.02,0.4,0.3,1.0,0.0,1.0,1.0,bpi2019,autorpa_233k,always_compile_evict,16187917554.8,1.024832,89.7,141.1,18980.6,4427.9,0.0,92083.9,18770.5,0.152,13277.9,3093750700.0,ours_noinflate,0.97577
h=0.02/q0=0.4/p=0.3/r=1/sig=0/cf=1,A_core,0.02,0.4,0.3,1.0,0.0,1.0,1.0,bpi2019,autorpa_233k,ours_noinflate,15795686301.6,1.0,73.2,110.2,14743.3,3821.8,0.0,79433.4,14619.1,0.117,10310.0,2402230000.0,ours_noinflate,0.97577
h=0.02/q0=0.4/p=0.3/r=1/sig=0/cf=1,A_core,0.02,0.4,0.3,1.0,0.0,1.0,1.0,bpi2019,autorpa_233k,oracle_tax,19199512251.0,1.215491,24.1,35.9,887.4,238.5,0.0,4911.0,749.7,0.007,624.8,145578400.0,ours_noinflate,0.97577
h=0.02/q0=0.4/p=0.3/r=1/sig=0/cf=1,A_core,0.02,0.4,0.3,1.0,0.0,1.0,1.0,bpi2019,autorpa_233k,ours_spend_cap,20411240111.0,1.292203,44.7,79.5,3484.7,509.3,0.0,10523.4,3336.1,0.064,2441.2,568799600.0,ours_noinflate,0.97577
h=0.02/q0=0.4/p=0.3/r=1/sig=0/cf=1,A_core,0.02,0.4,0.3,1.0,0.0,1.0,1.0,bpi2019,autorpa_233k,ours_pi_prior,16967231741.0,1.074169,68.7,97.4,11148.9,2803.7,0.0,58434.3,11041.0,0.097,7802.2,1817912600.0,ours_noinflate,0.97577
h=0.02/q0=0.4/p=0.3/r=1/sig=0/cf=1,A_core,0.02,0.4,0.3,1.0,0.0,1.0,1.0,bpi2019,autorpa_233k,ours_both,20323674383.3,1.28666,42.4,72.7,3085.0,443.2,0.0,9153.0,2964.3,0.058,2166.2,504724600.0,ours_noinflate,0.97577
h=0.02/q0=0.4/p=0.3/r=1/sig=0/cf=1,A_core,0.02,0.4,0.3,1.0,0.0,1.0,1.0,bpi2019,autorpa_233k,breakeven,19780169892.8,1.252251,1.2,11.5,1543.4,72.4,0.0,1498.5,1442.6,0.009,1083.8,252525400.0,ours_noinflate,0.97577
h=0.02/q0=0.4/p=0.3/r=1/sig=0/cf=1,A_core,0.02,0.4,0.3,1.0,0.0,1.0,1.0,bpi2019,autorpa_233k,breakeven_cap,19773490892.9,1.251829,0.8,11.0,1467.0,64.5,0.0,1334.9,1376.0,0.008,1030.8,240176400.0,ours_noinflate,0.97577
h=0.02/q0=0.4/p=0.3/r=1/sig=0/cf=1,A_core,0.02,0.4,0.3,1.0,0.0,1.0,1.0,bpi2019,autorpa_233k,offline_taxblind,12874218266.827,0.815046,,,,,,,,,,,ours_noinflate,0.97577
h=0.02/q0=0.4/p=0.3/r=1/sig=0/cf=1,A_core,0.02,0.4,0.3,1.0,0.0,1.0,1.0,bpi2019,autorpa_233k,offline_opt_tax,13415890457.269,0.849339,,,,,,,,,,,ours_noinflate,0.97577
h=0.02/q0=0.4/p=0.3/r=1/sig=0/cf=1,A_core,0.02,0.4,0.3,1.0,0.0,1.0,1.0,bpi2019,native,always_reactive,19497801224.0,1.962024,0.0,0.0,0.0,0.0,0.0,0.0,0.0,0.005,0.0,0.0,always_compile_evict,1.0
h=0.02/q0=0.4/p=0.3/r=1/sig=0/cf=1,A_core,0.02,0.4,0.3,1.0,0.0,1.0,1.0,bpi2019,native,always_compile_evict,9935035139.1,0.999742,7.6,26.7,18980.6,4427.9,0.0,92083.9,16722.0,0.035,13277.9,193180167.1,always_compile_evict,1.0
h=0.02/q0=0.4/p=0.3/r=1/sig=0/cf=1,A_core,0.02,0.4,0.3,1.0,0.0,1.0,1.0,bpi2019,native,ours_noinflate,9937597309.6,1.0,7.6,26.7,18918.3,4425.2,0.0,92037.0,16678.3,0.035,13234.4,192547285.6,always_compile_evict,1.0
h=0.02/q0=0.4/p=0.3/r=1/sig=0/cf=1,A_core,0.02,0.4,0.3,1.0,0.0,1.0,1.0,bpi2019,native,oracle_tax,18739550360.3,1.885722,53.8,55.3,1475.6,388.6,0.0,8038.2,1291.4,0.01,1033.2,15032026.8,always_compile_evict,1.0
h=0.02/q0=0.4/p=0.3/r=1/sig=0/cf=1,A_core,0.02,0.4,0.3,1.0,0.0,1.0,1.0,bpi2019,native,ours_spend_cap,14862417766.3,1.495575,4.7,23.2,11557.9,2228.6,0.0,46164.9,9225.4,0.019,8082.4,117590837.6,always_compile_evict,1.0
h=0.02/q0=0.4/p=0.3/r=1/sig=0/cf=1,A_core,0.02,0.4,0.3,1.0,0.0,1.0,1.0,bpi2019,native,ours_pi_prior,9944826691.1,1.000727,7.6,26.9,18812.0,4420.5,0.0,91947.9,16603.4,0.035,13160.3,191469204.7,always_compile_evict,1.0
h=0.02/q0=0.4/p=0.3/r=1/sig=0/cf=1,A_core,0.02,0.4,0.3,1.0,0.0,1.0,1.0,bpi2019,native,ours_both,14869275520.8,1.496265,4.7,23.2,11452.4,2224.7,0.0,46080.1,9152.2,0.019,8009.1,116524395.9,always_compile_evict,1.0
h=0.02/q0=0.4/p=0.3/r=1/sig=0/cf=1,A_core,0.02,0.4,0.3,1.0,0.0,1.0,1.0,bpi2019,native,breakeven,19379628655.8,1.950132,0.0,6.0,4677.7,86.1,0.0,1843.5,3274.6,0.005,3274.1,47634880.9,always_compile_evict,1.0
h=0.02/q0=0.4/p=0.3/r=1/sig=0/cf=1,A_core,0.02,0.4,0.3,1.0,0.0,1.0,1.0,bpi2019,native,breakeven_cap,19379666607.3,1.950136,0.0,6.0,4674.5,85.9,0.0,1841.7,3272.2,0.005,3271.7,47599963.3,always_compile_evict,1.0
h=0.02/q0=0.4/p=0.3/r=1/sig=0/cf=1,A_core,0.02,0.4,0.3,1.0,0.0,1.0,1.0,bpi2019,native,offline_taxblind,8913952581.231,0.896993,,,,,,,,,,,always_compile_evict,1.0
h=0.02/q0=0.4/p=0.3/r=1/sig=0/cf=1,A_core,0.02,0.4,0.3,1.0,0.0,1.0,1.0,bpi2019,native,offline_opt_tax,9132554987.148,0.91899,,,,,,,,,,,always_compile_evict,1.0
h=0.02/q0=0.4/p=0.3/r=1/sig=0/cf=1,A_core,0.02,0.4,0.3,1.0,0.0,1.0,1.0,sepsis,autorpa_233k,always_reactive,77101119.0,0.973643,0.0,0.0,0.0,0.0,0.0,0.0,0.0,0.005,0.0,0.0,always_reactive,0.881649
h=0.02/q0=0.4/p=0.3/r=1/sig=0/cf=1,A_core,0.02,0.4,0.3,1.0,0.0,1.0,1.0,sepsis,autorpa_233k,always_compile_evict,87451008.8,1.104342,12.7,13.2,60.3,2.3,0.0,39.7,55.6,0.011,44.2,10298600.0,always_reactive,0.881649
h=0.02/q0=0.4/p=0.3/r=1/sig=0/cf=1,A_core,0.02,0.4,0.3,1.0,0.0,1.0,1.0,sepsis,autorpa_233k,ours_noinflate,79188313.4,1.0,3.2,3.2,13.8,0.5,0.0,13.2,11.0,0.006,10.1,2353300.0,always_reactive,0.881649
h=0.02/q0=0.4/p=0.3/r=1/sig=0/cf=1,A_core,0.02,0.4,0.3,1.0,0.0,1.0,1.0,sepsis,autorpa_233k,oracle_tax,77234103.6,0.975322,1.5,1.8,7.7,0.7,0.0,18.1,5.7,0.007,5.5,1281500.0,always_reactive,0.881649
h=0.02/q0=0.4/p=0.3/r=1/sig=0/cf=1,A_core,0.02,0.4,0.3,1.0,0.0,1.0,1.0,sepsis,autorpa_233k,ours_spend_cap,79201305.0,1.000164,3.2,3.2,13.8,0.5,0.0,13.0,11.1,0.006,10.1,2353300.0,always_reactive,0.881649
h=0.02/q0=0.4/p=0.3/r=1/sig=0/cf=1,A_core,0.02,0.4,0.3,1.0,0.0,1.0,1.0,sepsis,autorpa_233k,ours_pi_prior,79342688.4,1.001949,2.8,2.9,14.5,0.6,0.0,14.0,12.0,0.006,11.1,2586300.0,always_reactive,0.881649
h=0.02/q0=0.4/p=0.3/r=1/sig=0/cf=1,A_core,0.02,0.4,0.3,1.0,0.0,1.0,1.0,sepsis,autorpa_233k,ours_both,79355680.0,1.002114,2.8,2.9,14.5,0.6,0.0,13.8,12.1,0.006,11.1,2586300.0,always_reactive,0.881649
h=0.02/q0=0.4/p=0.3/r=1/sig=0/cf=1,A_core,0.02,0.4,0.3,1.0,0.0,1.0,1.0,sepsis,autorpa_233k,breakeven,78745270.5,0.994405,1.9,2.4,9.7,0.5,0.0,7.4,8.7,0.006,7.1,1654300.0,always_reactive,0.881649
h=0.02/q0=0.4/p=0.3/r=1/sig=0/cf=1,A_core,0.02,0.4,0.3,1.0,0.0,1.0,1.0,sepsis,autorpa_233k,breakeven_cap,78745270.5,0.994405,1.9,2.4,9.7,0.5,0.0,7.4,8.7,0.006,7.1,1654300.0,always_reactive,0.881649
h=0.02/q0=0.4/p=0.3/r=1/sig=0/cf=1,A_core,0.02,0.4,0.3,1.0,0.0,1.0,1.0,sepsis,autorpa_233k,offline_taxblind,76605935.55,0.967389,,,,,,,,,,,always_reactive,0.881649
h=0.02/q0=0.4/p=0.3/r=1/sig=0/cf=1,A_core,0.02,0.4,0.3,1.0,0.0,1.0,1.0,sepsis,autorpa_233k,offline_opt_tax,76766289.472,0.969414,,,,,,,,,,,always_reactive,0.881649
h=0.02/q0=0.4/p=0.3/r=1/sig=0/cf=1,A_core,0.02,0.4,0.3,1.0,0.0,1.0,1.0,sepsis,native,always_reactive,77101119.0,1.039441,0.0,0.0,0.0,0.0,0.0,0.0,0.0,0.005,0.0,0.0,always_compile_evict,1.0
h=0.02/q0=0.4/p=0.3/r=1/sig=0/cf=1,A_core,0.02,0.4,0.3,1.0,0.0,1.0,1.0,sepsis,native,always_compile_evict,74175538.0,1.0,8.7,10.4,60.3,2.3,0.0,39.7,44.3,0.011,44.2,643065.8,always_compile_evict,1.0
h=0.02/q0=0.4/p=0.3/r=1/sig=0/cf=1,A_core,0.02,0.4,0.3,1.0,0.0,1.0,1.0,sepsis,native,ours_noinflate,74175538.0,1.0,8.7,10.4,60.3,2.3,0.0,39.7,44.3,0.011,44.2,643065.8,always_compile_evict,1.0
h=0.02/q0=0.4/p=0.3/r=1/sig=0/cf=1,A_core,0.02,0.4,0.3,1.0,0.0,1.0,1.0,sepsis,native,oracle_tax,74091428.8,0.998866,7.4,8.0,34.9,2.1,0.0,36.0,25.5,0.01,25.4,369544.6,always_compile_evict,1.0
h=0.02/q0=0.4/p=0.3/r=1/sig=0/cf=1,A_core,0.02,0.4,0.3,1.0,0.0,1.0,1.0,sepsis,native,ours_spend_cap,74175538.0,1.0,8.7,10.4,60.3,2.3,0.0,39.7,44.3,0.011,44.2,643065.8,always_compile_evict,1.0
h=0.02/q0=0.4/p=0.3/r=1/sig=0/cf=1,A_core,0.02,0.4,0.3,1.0,0.0,1.0,1.0,sepsis,native,ours_pi_prior,74177606.5,1.000028,8.6,10.0,59.9,2.2,0.0,39.2,44.1,0.011,44.0,640156.0,always_compile_evict,1.0
h=0.02/q0=0.4/p=0.3/r=1/sig=0/cf=1,A_core,0.02,0.4,0.3,1.0,0.0,1.0,1.0,sepsis,native,ours_both,74177606.5,1.000028,8.6,10.0,59.9,2.2,0.0,39.2,44.1,0.011,44.0,640156.0,always_compile_evict,1.0
h=0.02/q0=0.4/p=0.3/r=1/sig=0/cf=1,A_core,0.02,0.4,0.3,1.0,0.0,1.0,1.0,sepsis,native,breakeven,75980473.6,1.024333,5.5,7.0,57.8,1.4,0.0,19.4,42.7,0.009,42.6,619787.4,always_compile_evict,1.0
h=0.02/q0=0.4/p=0.3/r=1/sig=0/cf=1,A_core,0.02,0.4,0.3,1.0,0.0,1.0,1.0,sepsis,native,breakeven_cap,75980473.6,1.024333,5.5,7.0,57.8,1.4,0.0,19.4,42.7,0.009,42.6,619787.4,always_compile_evict,1.0
h=0.02/q0=0.4/p=0.3/r=1/sig=0/cf=1,A_core,0.02,0.4,0.3,1.0,0.0,1.0,1.0,sepsis,native,offline_taxblind,67243848.555,0.90655,,,,,,,,,,,always_compile_evict,1.0
h=0.02/q0=0.4/p=0.3/r=1/sig=0/cf=1,A_core,0.02,0.4,0.3,1.0,0.0,1.0,1.0,sepsis,native,offline_opt_tax,68638032.35,0.925346,,,,,,,,,,,always_compile_evict,1.0
h=0.02/q0=0.4/p=0.3/r=1/sig=0/cf=1,A_core,0.02,0.4,0.3,1.0,0.0,1.0,1.0,wiki_A,autorpa_233k,always_reactive,5261420180.0,1.385172,0.0,0.0,0.0,0.0,0.0,0.0,0.0,0.005,0.0,0.0,always_compile_evict,1.0
h=0.02/q0=0.4/p=0.3/r=1/sig=0/cf=1,A_core,0.02,0.4,0.3,1.0,0.0,1.0,1.0,wiki_A,autorpa_233k,always_compile_evict,3734579462.6,0.983202,28.4,64.1,4728.3,1203.4,0.0,24431.5,4196.3,0.046,3310.9,771439700.0,always_compile_evict,1.0
h=0.02/q0=0.4/p=0.3/r=1/sig=0/cf=1,A_core,0.02,0.4,0.3,1.0,0.0,1.0,1.0,wiki_A,autorpa_233k,ours_noinflate,3798386365.1,1.0,17.0,39.5,3920.7,1064.3,0.0,21628.3,3464.0,0.029,2746.6,639957800.0,always_compile_evict,1.0
h=0.02/q0=0.4/p=0.3/r=1/sig=0/cf=1,A_core,0.02,0.4,0.3,1.0,0.0,1.0,1.0,wiki_A,autorpa_233k,oracle_tax,4649799978.5,1.224151,6.9,9.4,1218.0,353.9,0.0,7180.5,1032.2,0.008,857.2,199727600.0,always_compile_evict,1.0
h=0.02/q0=0.4/p=0.3/r=1/sig=0/cf=1,A_core,0.02,0.4,0.3,1.0,0.0,1.0,1.0,wiki_A,autorpa_233k,ours_spend_cap,5236842045.7,1.378702,12.3,36.2,702.1,117.9,0.0,2340.4,599.7,0.018,492.6,114775800.0,always_compile_evict,1.0
h=0.02/q0=0.4/p=0.3/r=1/sig=0/cf=1,A_core,0.02,0.4,0.3,1.0,0.0,1.0,1.0,wiki_A,autorpa_233k,ours_pi_prior,3873456803.2,1.019764,15.5,35.6,3684.1,1001.5,0.0,20330.8,3261.3,0.026,2581.6,601512800.0,always_compile_evict,1.0
h=0.02/q0=0.4/p=0.3/r=1/sig=0/cf=1,A_core,0.02,0.4,0.3,1.0,0.0,1.0,1.0,wiki_A,autorpa_233k,ours_both,5249939161.3,1.38215,12.1,31.8,630.4,102.9,0.0,2009.7,541.5,0.016,442.3,103055900.0,always_compile_evict,1.0
h=0.02/q0=0.4/p=0.3/r=1/sig=0/cf=1,A_core,0.02,0.4,0.3,1.0,0.0,1.0,1.0,wiki_A,autorpa_233k,breakeven,4876893955.4,1.283938,0.6,7.8,1405.2,342.2,0.0,6914.9,1164.8,0.007,985.0,229505000.0,always_compile_evict,1.0
h=0.02/q0=0.4/p=0.3/r=1/sig=0/cf=1,A_core,0.02,0.4,0.3,1.0,0.0,1.0,1.0,wiki_A,autorpa_233k,breakeven_cap,5240251337.7,1.379599,0.4,7.1,427.5,60.1,0.0,1180.7,351.7,0.006,300.9,70109700.0,always_compile_evict,1.0
h=0.02/q0=0.4/p=0.3/r=1/sig=0/cf=1,A_core,0.02,0.4,0.3,1.0,0.0,1.0,1.0,wiki_A,autorpa_233k,offline_taxblind,3376375109.791,0.888897,,,,,,,,,,,always_compile_evict,1.0
h=0.02/q0=0.4/p=0.3/r=1/sig=0/cf=1,A_core,0.02,0.4,0.3,1.0,0.0,1.0,1.0,wiki_A,autorpa_233k,offline_opt_tax,3417586137.213,0.899747,,,,,,,,,,,always_compile_evict,1.0
h=0.02/q0=0.4/p=0.3/r=1/sig=0/cf=1,A_core,0.02,0.4,0.3,1.0,0.0,1.0,1.0,wiki_A,native,always_reactive,5261420180.0,2.034032,0.0,0.0,0.0,0.0,0.0,0.0,0.0,0.005,0.0,0.0,always_compile_evict,1.0
h=0.02/q0=0.4/p=0.3/r=1/sig=0/cf=1,A_core,0.02,0.4,0.3,1.0,0.0,1.0,1.0,wiki_A,native,always_compile_evict,2586437519.8,0.9999,3.8,20.1,4728.3,1203.4,0.0,24431.5,3924.8,0.021,3310.9,48170284.1,always_compile_evict,1.0
h=0.02/q0=0.4/p=0.3/r=1/sig=0/cf=1,A_core,0.02,0.4,0.3,1.0,0.0,1.0,1.0,wiki_A,native,ours_noinflate,2586694995.7,1.0,3.8,20.1,4726.2,1203.3,0.0,24428.1,3923.1,0.021,3309.2,48145550.8,always_compile_evict,1.0
h=0.02/q0=0.4/p=0.3/r=1/sig=0/cf=1,A_core,0.02,0.4,0.3,1.0,0.0,1.0,1.0,wiki_A,native,oracle_tax,4178554298.2,1.615403,17.3,17.9,1564.0,446.0,0.0,9073.5,1310.3,0.013,1100.7,16014084.3,always_compile_evict,1.0
h=0.02/q0=0.4/p=0.3/r=1/sig=0/cf=1,A_core,0.02,0.4,0.3,1.0,0.0,1.0,1.0,wiki_A,native,ours_spend_cap,4091694574.4,1.581823,2.0,20.1,2587.0,564.3,0.0,11305.0,1954.2,0.012,1811.3,26352603.7,always_compile_evict,1.0
h=0.02/q0=0.4/p=0.3/r=1/sig=0/cf=1,A_core,0.02,0.4,0.3,1.0,0.0,1.0,1.0,wiki_A,native,ours_pi_prior,2587418642.1,1.00028,3.8,20.2,4716.3,1202.8,0.0,24415.9,3916.0,0.021,3302.2,48043707.8,always_compile_evict,1.0
h=0.02/q0=0.4/p=0.3/r=1/sig=0/cf=1,A_core,0.02,0.4,0.3,1.0,0.0,1.0,1.0,wiki_A,native,ours_both,4092388337.5,1.582092,1.9,20.2,2577.3,563.8,0.0,11292.7,1947.3,0.012,1804.5,26253670.5,always_compile_evict,1.0
h=0.02/q0=0.4/p=0.3/r=1/sig=0/cf=1,A_core,0.02,0.4,0.3,1.0,0.0,1.0,1.0,wiki_A,native,breakeven,4557349608.6,1.761843,0.0,6.0,1912.7,352.4,0.0,7149.9,1465.1,0.006,1339.2,19484020.8,always_compile_evict,1.0
h=0.02/q0=0.4/p=0.3/r=1/sig=0/cf=1,A_core,0.02,0.4,0.3,1.0,0.0,1.0,1.0,wiki_A,native,breakeven_cap,4905243324.3,1.896336,0.0,6.0,1310.9,170.6,0.0,3460.5,936.7,0.006,920.2,13387989.8,always_compile_evict,1.0
h=0.02/q0=0.4/p=0.3/r=1/sig=0/cf=1,A_core,0.02,0.4,0.3,1.0,0.0,1.0,1.0,wiki_A,native,offline_taxblind,2371389641.891,0.916764,,,,,,,,,,,always_compile_evict,1.0
h=0.02/q0=0.4/p=0.3/r=1/sig=0/cf=1,A_core,0.02,0.4,0.3,1.0,0.0,1.0,1.0,wiki_A,native,offline_opt_tax,2394746466.872,0.925794,,,,,,,,,,,always_compile_evict,1.0
h=0.02/q0=0.4/p=0.3/r=1/sig=0/cf=1,A_core,0.02,0.4,0.3,1.0,0.0,1.0,1.0,wiki_B,autorpa_233k,always_reactive,7373315056.0,0.942586,0.0,0.0,0.0,0.0,0.0,0.0,0.0,0.005,0.0,0.0,always_reactive,0.869022
h=0.02/q0=0.4/p=0.3/r=1/sig=0/cf=1,A_core,0.02,0.4,0.3,1.0,0.0,1.0,1.0,wiki_B,autorpa_233k,always_compile_evict,8484608378.3,1.084651,136.2,152.6,5263.7,498.1,0.0,10039.6,5111.8,0.115,3688.1,859327300.0,always_reactive,0.869022
h=0.02/q0=0.4/p=0.3/r=1/sig=0/cf=1,A_core,0.02,0.4,0.3,1.0,0.0,1.0,1.0,wiki_B,autorpa_233k,ours_noinflate,7822432847.9,1.0,106.0,118.3,2900.1,358.6,0.0,7284.0,2800.0,0.077,2035.2,474201600.0,always_reactive,0.869022
h=0.02/q0=0.4/p=0.3/r=1/sig=0/cf=1,A_core,0.02,0.4,0.3,1.0,0.0,1.0,1.0,wiki_B,autorpa_233k,oracle_tax,7339272948.9,0.938234,8.5,11.7,149.5,35.9,0.0,715.0,121.2,0.007,105.1,24488300.0,always_reactive,0.869022
h=0.02/q0=0.4/p=0.3/r=1/sig=0/cf=1,A_core,0.02,0.4,0.3,1.0,0.0,1.0,1.0,wiki_B,autorpa_233k,ours_spend_cap,7942559746.5,1.015357,91.7,104.9,2377.4,225.7,0.0,4539.7,2291.4,0.068,1669.1,388900300.0,always_reactive,0.869022
h=0.02/q0=0.4/p=0.3/r=1/sig=0/cf=1,A_core,0.02,0.4,0.3,1.0,0.0,1.0,1.0,wiki_B,autorpa_233k,ours_pi_prior,7776073252.7,0.994074,95.4,105.6,2634.9,328.9,0.0,6696.9,2549.2,0.071,1850.9,431259700.0,always_reactive,0.869022
h=0.02/q0=0.4/p=0.3/r=1/sig=0/cf=1,A_core,0.02,0.4,0.3,1.0,0.0,1.0,1.0,wiki_B,autorpa_233k,ours_both,7884947629.9,1.007992,81.5,92.2,2141.2,204.3,0.0,4109.4,2065.1,0.062,1504.6,350571800.0,always_reactive,0.869022
h=0.02/q0=0.4/p=0.3/r=1/sig=0/cf=1,A_core,0.02,0.4,0.3,1.0,0.0,1.0,1.0,wiki_B,autorpa_233k,breakeven,7517698358.0,0.961044,3.9,11.6,896.1,49.1,0.0,971.0,831.3,0.01,629.5,146673500.0,always_reactive,0.869022
h=0.02/q0=0.4/p=0.3/r=1/sig=0/cf=1,A_core,0.02,0.4,0.3,1.0,0.0,1.0,1.0,wiki_B,autorpa_233k,breakeven_cap,7518814533.1,0.961186,3.7,11.7,860.0,44.2,0.0,865.8,800.5,0.01,605.5,141081500.0,always_reactive,0.869022
h=0.02/q0=0.4/p=0.3/r=1/sig=0/cf=1,A_core,0.02,0.4,0.3,1.0,0.0,1.0,1.0,wiki_B,autorpa_233k,offline_taxblind,6877646511.5,0.879221,,,,,,,,,,,always_reactive,0.869022
h=0.02/q0=0.4/p=0.3/r=1/sig=0/cf=1,A_core,0.02,0.4,0.3,1.0,0.0,1.0,1.0,wiki_B,autorpa_233k,offline_opt_tax,7056592364.72,0.902097,,,,,,,,,,,always_reactive,0.869022
h=0.02/q0=0.4/p=0.3/r=1/sig=0/cf=1,A_core,0.02,0.4,0.3,1.0,0.0,1.0,1.0,wiki_B,native,always_reactive,7373315056.0,1.13225,0.0,0.0,0.0,0.0,0.0,0.0,0.0,0.005,0.0,0.0,always_compile_evict,1.0
h=0.02/q0=0.4/p=0.3/r=1/sig=0/cf=1,A_core,0.02,0.4,0.3,1.0,0.0,1.0,1.0,wiki_B,native,always_compile_evict,6511828261.2,0.99996,14.8,28.5,5263.7,498.1,0.0,10039.6,3919.6,0.024,3688.1,53658166.9,always_compile_evict,1.0
h=0.02/q0=0.4/p=0.3/r=1/sig=0/cf=1,A_core,0.02,0.4,0.3,1.0,0.0,1.0,1.0,wiki_B,native,ours_noinflate,6512089849.9,1.0,14.8,28.6,5257.9,497.8,0.0,10035.2,3915.5,0.024,3684.1,53599970.9,always_compile_evict,1.0
h=0.02/q0=0.4/p=0.3/r=1/sig=0/cf=1,A_core,0.02,0.4,0.3,1.0,0.0,1.0,1.0,wiki_B,native,oracle_tax,7262300392.5,1.115203,44.0,44.3,403.4,75.7,0.0,1517.5,331.4,0.012,283.7,4127551.3,always_compile_evict,1.0
h=0.02/q0=0.4/p=0.3/r=1/sig=0/cf=1,A_core,0.02,0.4,0.3,1.0,0.0,1.0,1.0,wiki_B,native,ours_spend_cap,6513060328.8,1.000149,14.8,28.6,5256.5,497.4,0.0,10024.5,3914.6,0.024,3683.2,53586876.8,always_compile_evict,1.0
h=0.02/q0=0.4/p=0.3/r=1/sig=0/cf=1,A_core,0.02,0.4,0.3,1.0,0.0,1.0,1.0,wiki_B,native,ours_pi_prior,6514649092.8,1.000393,14.8,28.4,5190.5,495.7,0.0,9991.8,3868.2,0.023,3636.8,52911803.2,always_compile_evict,1.0
h=0.02/q0=0.4/p=0.3/r=1/sig=0/cf=1,A_core,0.02,0.4,0.3,1.0,0.0,1.0,1.0,wiki_B,native,ours_both,6515563104.0,1.000533,14.8,28.4,5189.0,495.3,0.0,9980.7,3867.1,0.023,3635.9,52898709.1,always_compile_evict,1.0
h=0.02/q0=0.4/p=0.3/r=1/sig=0/cf=1,A_core,0.02,0.4,0.3,1.0,0.0,1.0,1.0,wiki_B,native,breakeven,7335740674.4,1.12648,0.0,7.5,3903.9,53.5,0.0,1035.2,2734.4,0.006,2731.3,39737683.7,always_compile_evict,1.0
h=0.02/q0=0.4/p=0.3/r=1/sig=0/cf=1,A_core,0.02,0.4,0.3,1.0,0.0,1.0,1.0,wiki_B,native,breakeven_cap,7335751699.4,1.126482,0.0,7.6,3903.1,53.5,0.0,1035.2,2734.0,0.006,2730.9,39731864.1,always_compile_evict,1.0
h=0.02/q0=0.4/p=0.3/r=1/sig=0/cf=1,A_core,0.02,0.4,0.3,1.0,0.0,1.0,1.0,wiki_B,native,offline_taxblind,5923170256.269,0.909565,,,,,,,,,,,always_compile_evict,1.0
h=0.02/q0=0.4/p=0.3/r=1/sig=0/cf=1,A_core,0.02,0.4,0.3,1.0,0.0,1.0,1.0,wiki_B,native,offline_opt_tax,5974309308.19,0.917418,,,,,,,,,,,always_compile_evict,1.0
h=0.02/q0=0.4/p=0.3/r=1/sig=0/cf=2.08299,A_core,0.02,0.4,0.3,1.0,0.0,1.0,2.0829936590907905,bpi2019,autorpa_233k,always_reactive,19497801224.0,1.059819,0.0,0.0,0.0,0.0,0.0,0.0,0.0,0.005,0.0,0.0,ours_noinflate,0.941595
h=0.02/q0=0.4/p=0.3/r=1/sig=0/cf=2.08299,A_core,0.02,0.4,0.3,1.0,0.0,1.0,2.0829936590907905,bpi2019,autorpa_233k,always_compile_evict,19538429945.704,1.062028,89.7,141.1,18980.6,4427.9,0.0,92083.9,18770.5,0.126,13277.9,6444263090.908,ours_noinflate,0.941595
h=0.02/q0=0.4/p=0.3/r=1/sig=0/cf=2.08299,A_core,0.02,0.4,0.3,1.0,0.0,1.0,2.0829936590907905,bpi2019,autorpa_233k,ours_noinflate,18397286159.275,1.0,73.2,110.2,14743.3,3821.8,0.0,79433.4,14619.1,0.1,10310.0,5003829857.678,ours_noinflate,0.941595
h=0.02/q0=0.4/p=0.3/r=1/sig=0/cf=2.08299,A_core,0.02,0.4,0.3,1.0,0.0,1.0,2.0829936590907905,bpi2019,autorpa_233k,oracle_tax,19357172735.1,1.052175,24.1,35.9,887.4,238.5,0.0,4911.0,749.7,0.007,624.8,303238884.101,ours_noinflate,0.941595
h=0.02/q0=0.4/p=0.3/r=1/sig=0/cf=2.08299,A_core,0.02,0.4,0.3,1.0,0.0,1.0,2.0829936590907905,bpi2019,autorpa_233k,ours_spend_cap,20841019413.703,1.132831,37.2,64.2,2764.1,349.0,0.0,7146.4,2648.0,0.05,1934.3,938788369.904,ours_noinflate,0.941595
h=0.02/q0=0.4/p=0.3/r=1/sig=0/cf=2.08299,A_core,0.02,0.4,0.3,1.0,0.0,1.0,2.0829936590907905,bpi2019,autorpa_233k,ours_pi_prior,18936019559.579,1.029283,68.7,97.4,11148.9,2803.7,0.0,58434.3,11041.0,0.087,7802.2,3786700418.581,ours_noinflate,0.941595
h=0.02/q0=0.4/p=0.3/r=1/sig=0/cf=2.08299,A_core,0.02,0.4,0.3,1.0,0.0,1.0,2.0829936590907905,bpi2019,autorpa_233k,ours_both,20689270359.037,1.124583,35.4,58.0,2437.6,305.0,0.0,6277.6,2342.2,0.046,1707.6,828762353.537,ours_noinflate,0.941595
h=0.02/q0=0.4/p=0.3/r=1/sig=0/cf=2.08299,A_core,0.02,0.4,0.3,1.0,0.0,1.0,2.0829936590907905,bpi2019,autorpa_233k,breakeven,20053653299.759,1.090033,1.2,11.5,1543.4,72.4,0.0,1498.5,1442.6,0.009,1083.8,526008806.959,ours_noinflate,0.941595
h=0.02/q0=0.4/p=0.3/r=1/sig=0/cf=2.08299,A_core,0.02,0.4,0.3,1.0,0.0,1.0,2.0829936590907905,bpi2019,autorpa_233k,breakeven_cap,19983155723.306,1.086201,0.4,10.7,1303.7,52.5,0.0,1092.1,1229.1,0.008,915.3,444229434.407,ours_noinflate,0.941595
h=0.02/q0=0.4/p=0.3/r=1/sig=0/cf=2.08299,A_core,0.02,0.4,0.3,1.0,0.0,1.0,2.0829936590907905,bpi2019,autorpa_233k,offline_taxblind,12874218266.827,0.699789,,,,,,,,,,,ours_noinflate,0.941595
h=0.02/q0=0.4/p=0.3/r=1/sig=0/cf=2.08299,A_core,0.02,0.4,0.3,1.0,0.0,1.0,2.0829936590907905,bpi2019,autorpa_233k,offline_opt_tax,13415890457.269,0.729232,,,,,,,,,,,ours_noinflate,0.941595
h=0.02/q0=0.4/p=0.3/r=1/sig=0/cf=2.08299,A_core,0.02,0.4,0.3,1.0,0.0,1.0,2.0829936590907905,bpi2019,native,always_reactive,19497801224.0,1.921699,0.0,0.0,0.0,0.0,0.0,0.0,0.0,0.005,0.0,0.0,always_compile_evict,1.0
h=0.02/q0=0.4/p=0.3/r=1/sig=0/cf=2.08299,A_core,0.02,0.4,0.3,1.0,0.0,1.0,2.0829936590907905,bpi2019,native,always_compile_evict,10144248035.131,0.999815,7.6,26.7,18980.6,4427.9,0.0,92083.9,16722.0,0.034,13277.9,402393063.131,always_compile_evict,1.0
h=0.02/q0=0.4/p=0.3/r=1/sig=0/cf=2.08299,A_core,0.02,0.4,0.3,1.0,0.0,1.0,2.0829936590907905,bpi2019,native,ours_noinflate,10146124798.98,1.0,7.6,26.7,18918.3,4425.2,0.0,92037.0,16678.3,0.034,13234.4,401074774.98,always_compile_evict,1.0
h=0.02/q0=0.4/p=0.3/r=1/sig=0/cf=2.08299,A_core,0.02,0.4,0.3,1.0,0.0,1.0,2.0829936590907905,bpi2019,native,oracle_tax,18755829950.008,1.848571,53.8,55.3,1475.6,388.6,0.0,8038.2,1291.4,0.01,1033.2,31311616.508,always_compile_evict,1.0
h=0.02/q0=0.4/p=0.3/r=1/sig=0/cf=2.08299,A_core,0.02,0.4,0.3,1.0,0.0,1.0,2.0829936590907905,bpi2019,native,ours_spend_cap,16230529743.5,1.599678,3.8,22.3,9675.3,1665.4,0.0,34364.3,7446.8,0.015,6773.3,205268072.098,always_compile_evict,1.0
h=0.02/q0=0.4/p=0.3/r=1/sig=0/cf=2.08299,A_core,0.02,0.4,0.3,1.0,0.0,1.0,2.0829936590907905,bpi2019,native,ours_pi_prior,10152186625.701,1.000597,7.6,26.9,18812.0,4420.5,0.0,91947.9,16603.4,0.034,13160.3,398829139.301,always_compile_evict,1.0
h=0.02/q0=0.4/p=0.3/r=1/sig=0/cf=2.08299,A_core,0.02,0.4,0.3,1.0,0.0,1.0,2.0829936590907905,bpi2019,native,ours_both,16235669576.991,1.600184,3.8,22.4,9570.7,1661.3,0.0,34282.3,7373.9,0.015,6700.4,203058802.989,always_compile_evict,1.0
h=0.02/q0=0.4/p=0.3/r=1/sig=0/cf=2.08299,A_core,0.02,0.4,0.3,1.0,0.0,1.0,2.0829936590907905,bpi2019,native,breakeven,19431216929.767,1.915137,0.0,6.0,4677.7,86.1,0.0,1843.5,3274.6,0.005,3274.1,99223154.866,always_compile_evict,1.0
h=0.02/q0=0.4/p=0.3/r=1/sig=0/cf=2.08299,A_core,0.02,0.4,0.3,1.0,0.0,1.0,2.0829936590907905,bpi2019,native,breakeven_cap,19431210076.318,1.915136,0.0,5.9,4662.2,85.6,0.0,1837.8,3262.8,0.005,3262.2,98862519.717,always_compile_evict,1.0
h=0.02/q0=0.4/p=0.3/r=1/sig=0/cf=2.08299,A_core,0.02,0.4,0.3,1.0,0.0,1.0,2.0829936590907905,bpi2019,native,offline_taxblind,8913952581.231,0.878557,,,,,,,,,,,always_compile_evict,1.0
h=0.02/q0=0.4/p=0.3/r=1/sig=0/cf=2.08299,A_core,0.02,0.4,0.3,1.0,0.0,1.0,2.0829936590907905,bpi2019,native,offline_opt_tax,9132554987.148,0.900103,,,,,,,,,,,always_compile_evict,1.0
h=0.02/q0=0.4/p=0.3/r=1/sig=0/cf=2.08299,A_core,0.02,0.4,0.3,1.0,0.0,1.0,2.0829936590907905,sepsis,autorpa_233k,always_reactive,77101119.0,0.943284,0.0,0.0,0.0,0.0,0.0,0.0,0.0,0.005,0.0,0.0,always_reactive,0.781924
h=0.02/q0=0.4/p=0.3/r=1/sig=0/cf=2.08299,A_core,0.02,0.4,0.3,1.0,0.0,1.0,2.0829936590907905,sepsis,autorpa_233k,always_compile_evict,98604327.298,1.206362,12.7,13.2,60.3,2.3,0.0,39.7,55.6,0.01,44.2,21451918.498,always_reactive,0.781924
h=0.02/q0=0.4/p=0.3/r=1/sig=0/cf=2.08299,A_core,0.02,0.4,0.3,1.0,0.0,1.0,2.0829936590907905,sepsis,autorpa_233k,ours_noinflate,81736922.378,1.0,3.2,3.2,13.8,0.5,0.0,13.2,11.0,0.006,10.1,4901908.978,always_reactive,0.781924
h=0.02/q0=0.4/p=0.3/r=1/sig=0/cf=2.08299,A_core,0.02,0.4,0.3,1.0,0.0,1.0,2.0829936590907905,sepsis,autorpa_233k,oracle_tax,78621959.974,0.96189,1.5,1.8,7.7,0.7,0.0,18.1,5.7,0.007,5.5,2669356.374,always_reactive,0.781924
h=0.02/q0=0.4/p=0.3/r=1/sig=0/cf=2.08299,A_core,0.02,0.4,0.3,1.0,0.0,1.0,2.0829936590907905,sepsis,autorpa_233k,ours_spend_cap,81325006.455,0.99496,2.8,2.8,12.4,0.5,0.0,11.8,10.1,0.006,9.1,4416571.455,always_reactive,0.781924
h=0.02/q0=0.4/p=0.3/r=1/sig=0/cf=2.08299,A_core,0.02,0.4,0.3,1.0,0.0,1.0,2.0829936590907905,sepsis,autorpa_233k,ours_pi_prior,82143634.901,1.004976,2.8,2.9,14.5,0.6,0.0,14.0,12.0,0.006,11.1,5387246.501,always_reactive,0.781924
h=0.02/q0=0.4/p=0.3/r=1/sig=0/cf=2.08299,A_core,0.02,0.4,0.3,1.0,0.0,1.0,2.0829936590907905,sepsis,autorpa_233k,ours_both,81055101.794,0.991658,2.3,2.3,11.4,0.5,0.0,11.7,9.4,0.006,8.6,4173902.694,always_reactive,0.781924
h=0.02/q0=0.4/p=0.3/r=1/sig=0/cf=2.08299,A_core,0.02,0.4,0.3,1.0,0.0,1.0,2.0829936590907905,sepsis,autorpa_233k,breakeven,80536866.91,0.985318,1.9,2.4,9.7,0.5,0.0,7.4,8.7,0.006,7.1,3445896.41,always_reactive,0.781924
h=0.02/q0=0.4/p=0.3/r=1/sig=0/cf=2.08299,A_core,0.02,0.4,0.3,1.0,0.0,1.0,2.0829936590907905,sepsis,autorpa_233k,breakeven_cap,80388718.006,0.983506,1.6,2.2,9.2,0.5,0.0,7.3,8.2,0.006,6.9,3348828.906,always_reactive,0.781924
h=0.02/q0=0.4/p=0.3/r=1/sig=0/cf=2.08299,A_core,0.02,0.4,0.3,1.0,0.0,1.0,2.0829936590907905,sepsis,autorpa_233k,offline_taxblind,76605935.55,0.937226,,,,,,,,,,,always_reactive,0.781924
h=0.02/q0=0.4/p=0.3/r=1/sig=0/cf=2.08299,A_core,0.02,0.4,0.3,1.0,0.0,1.0,2.0829936590907905,sepsis,autorpa_233k,offline_opt_tax,76766289.472,0.939187,,,,,,,,,,,always_reactive,0.781924
h=0.02/q0=0.4/p=0.3/r=1/sig=0/cf=2.08299,A_core,0.02,0.4,0.3,1.0,0.0,1.0,2.0829936590907905,sepsis,native,always_reactive,77101119.0,1.029773,0.0,0.0,0.0,0.0,0.0,0.0,0.0,0.005,0.0,0.0,ours_pi_prior,0.999986
h=0.02/q0=0.4/p=0.3/r=1/sig=0/cf=2.08299,A_core,0.02,0.4,0.3,1.0,0.0,1.0,2.0829936590907905,sepsis,native,always_compile_evict,74871974.184,1.0,8.7,10.4,60.3,2.3,0.0,39.7,44.3,0.011,44.2,1339501.984,ours_pi_prior,0.999986
h=0.02/q0=0.4/p=0.3/r=1/sig=0/cf=2.08299,A_core,0.02,0.4,0.3,1.0,0.0,1.0,2.0829936590907905,sepsis,native,ours_noinflate,74871974.184,1.0,8.7,10.4,60.3,2.3,0.0,39.7,44.3,0.011,44.2,1339501.984,ours_pi_prior,0.999986
h=0.02/q0=0.4/p=0.3/r=1/sig=0/cf=2.08299,A_core,0.02,0.4,0.3,1.0,0.0,1.0,2.0829936590907905,sepsis,native,oracle_tax,74491643.259,0.99492,7.4,8.0,34.9,2.1,0.0,36.0,25.5,0.01,25.4,769759.059,ours_pi_prior,0.999986
h=0.02/q0=0.4/p=0.3/r=1/sig=0/cf=2.08299,A_core,0.02,0.4,0.3,1.0,0.0,1.0,2.0829936590907905,sepsis,native,ours_spend_cap,74880991.384,1.00012,8.6,10.4,60.2,2.3,0.0,39.6,44.3,0.011,44.2,1339501.984,ours_pi_prior,0.999986
h=0.02/q0=0.4/p=0.3/r=1/sig=0/cf=2.08299,A_core,0.02,0.4,0.3,1.0,0.0,1.0,2.0829936590907905,sepsis,native,ours_pi_prior,74870891.389,0.999986,8.6,10.0,59.9,2.2,0.0,39.2,44.1,0.011,44.0,1333440.889,ours_pi_prior,0.999986
h=0.02/q0=0.4/p=0.3/r=1/sig=0/cf=2.08299,A_core,0.02,0.4,0.3,1.0,0.0,1.0,2.0829936590907905,sepsis,native,ours_both,74879908.589,1.000106,8.5,9.9,59.8,2.2,0.0,39.1,44.1,0.011,44.0,1333440.889,ours_pi_prior,0.999986
h=0.02/q0=0.4/p=0.3/r=1/sig=0/cf=2.08299,A_core,0.02,0.4,0.3,1.0,0.0,1.0,2.0829936590907905,sepsis,native,breakeven,76651699.424,1.02377,5.5,7.0,57.8,1.4,0.0,19.4,42.7,0.009,42.6,1291013.224,ours_pi_prior,0.999986
h=0.02/q0=0.4/p=0.3/r=1/sig=0/cf=2.08299,A_core,0.02,0.4,0.3,1.0,0.0,1.0,2.0829936590907905,sepsis,native,breakeven_cap,76651699.424,1.02377,5.5,7.0,57.8,1.4,0.0,19.4,42.7,0.009,42.6,1291013.224,ours_pi_prior,0.999986
h=0.02/q0=0.4/p=0.3/r=1/sig=0/cf=2.08299,A_core,0.02,0.4,0.3,1.0,0.0,1.0,2.0829936590907905,sepsis,native,offline_taxblind,67243848.555,0.898118,,,,,,,,,,,ours_pi_prior,0.999986
h=0.02/q0=0.4/p=0.3/r=1/sig=0/cf=2.08299,A_core,0.02,0.4,0.3,1.0,0.0,1.0,2.0829936590907905,sepsis,native,offline_opt_tax,68638032.35,0.916739,,,,,,,,,,,ours_pi_prior,0.999986
h=0.02/q0=0.4/p=0.3/r=1/sig=0/cf=2.08299,A_core,0.02,0.4,0.3,1.0,0.0,1.0,2.0829936590907905,wiki_A,autorpa_233k,always_reactive,5261420180.0,1.171428,0.0,0.0,0.0,0.0,0.0,0.0,0.0,0.005,0.0,0.0,ours_noinflate,0.982804
h=0.02/q0=0.4/p=0.3/r=1/sig=0/cf=2.08299,A_core,0.02,0.4,0.3,1.0,0.0,1.0,2.0829936590907905,wiki_A,autorpa_233k,always_compile_evict,4570043766.071,1.017497,28.4,64.1,4728.3,1203.4,0.0,24431.5,4196.3,0.037,3310.9,1606904003.471,ours_noinflate,0.982804
h=0.02/q0=0.4/p=0.3/r=1/sig=0/cf=2.08299,A_core,0.02,0.4,0.3,1.0,0.0,1.0,2.0829936590907905,wiki_A,autorpa_233k,ours_noinflate,4491456604.586,1.0,17.0,39.5,3920.7,1064.3,0.0,21628.3,3464.0,0.025,2746.6,1333028039.486,ours_noinflate,0.982804
h=0.02/q0=0.4/p=0.3/r=1/sig=0/cf=2.08299,A_core,0.02,0.4,0.3,1.0,0.0,1.0,2.0829936590907905,wiki_A,autorpa_233k,oracle_tax,4866103702.845,1.083413,6.9,9.4,1218.0,353.9,0.0,7180.5,1032.2,0.008,857.2,416031324.345,ours_noinflate,0.982804
h=0.02/q0=0.4/p=0.3/r=1/sig=0/cf=2.08299,A_core,0.02,0.4,0.3,1.0,0.0,1.0,2.0829936590907905,wiki_A,autorpa_233k,ours_spend_cap,5370883913.009,1.1958,10.3,32.2,529.9,77.3,0.0,1535.8,461.8,0.015,372.6,180836760.909,ours_noinflate,0.982804
h=0.02/q0=0.4/p=0.3/r=1/sig=0/cf=2.08299,A_core,0.02,0.4,0.3,1.0,0.0,1.0,2.0829936590907905,wiki_A,autorpa_233k,ours_pi_prior,4524891351.462,1.007444,15.5,35.6,3684.1,1001.5,0.0,20330.8,3261.3,0.022,2581.6,1252947348.262,ours_noinflate,0.982804
h=0.02/q0=0.4/p=0.3/r=1/sig=0/cf=2.08299,A_core,0.02,0.4,0.3,1.0,0.0,1.0,2.0829936590907905,wiki_A,autorpa_233k,ours_both,5360305549.251,1.193445,9.8,27.6,478.3,69.2,0.0,1378.3,417.9,0.014,334.6,162393935.051,ours_noinflate,0.982804
h=0.02/q0=0.4/p=0.3/r=1/sig=0/cf=2.08299,A_core,0.02,0.4,0.3,1.0,0.0,1.0,2.0829936590907905,wiki_A,autorpa_233k,breakeven,5125446415.13,1.141155,0.6,7.8,1405.2,342.2,0.0,6914.9,1164.8,0.007,985.0,478057459.73,ours_noinflate,0.982804
h=0.02/q0=0.4/p=0.3/r=1/sig=0/cf=2.08299,A_core,0.02,0.4,0.3,1.0,0.0,1.0,2.0829936590907905,wiki_A,autorpa_233k,breakeven_cap,5318426501.227,1.184121,0.4,7.0,328.8,40.3,0.0,788.3,276.2,0.006,231.6,112404170.227,ours_noinflate,0.982804
h=0.02/q0=0.4/p=0.3/r=1/sig=0/cf=2.08299,A_core,0.02,0.4,0.3,1.0,0.0,1.0,2.0829936590907905,wiki_A,autorpa_233k,offline_taxblind,3376375109.791,0.751733,,,,,,,,,,,ours_noinflate,0.982804
h=0.02/q0=0.4/p=0.3/r=1/sig=0/cf=2.08299,A_core,0.02,0.4,0.3,1.0,0.0,1.0,2.0829936590907905,wiki_A,autorpa_233k,offline_opt_tax,3417586137.213,0.760908,,,,,,,,,,,ours_noinflate,0.982804
h=0.02/q0=0.4/p=0.3/r=1/sig=0/cf=2.08299,A_core,0.02,0.4,0.3,1.0,0.0,1.0,2.0829936590907905,wiki_A,native,always_reactive,5261420180.0,1.993841,0.0,0.0,0.0,0.0,0.0,0.0,0.0,0.005,0.0,0.0,always_compile_evict,1.0
h=0.02/q0=0.4/p=0.3/r=1/sig=0/cf=2.08299,A_core,0.02,0.4,0.3,1.0,0.0,1.0,2.0829936590907905,wiki_A,native,always_compile_evict,2638605632.037,0.999913,3.8,20.1,4728.3,1203.4,0.0,24431.5,3924.8,0.021,3310.9,100338396.337,always_compile_evict,1.0
h=0.02/q0=0.4/p=0.3/r=1/sig=0/cf=2.08299,A_core,0.02,0.4,0.3,1.0,0.0,1.0,2.0829936590907905,wiki_A,native,ours_noinflate,2638836321.93,1.0,3.8,20.1,4726.2,1203.3,0.0,24428.1,3923.1,0.021,3309.2,100286877.03,always_compile_evict,1.0
h=0.02/q0=0.4/p=0.3/r=1/sig=0/cf=2.08299,A_core,0.02,0.4,0.3,1.0,0.0,1.0,2.0829936590907905,wiki_A,native,oracle_tax,4195897449.953,1.590056,17.3,17.9,1564.0,446.0,0.0,9073.5,1310.3,0.013,1100.7,33357236.053,always_compile_evict,1.0
h=0.02/q0=0.4/p=0.3/r=1/sig=0/cf=2.08299,A_core,0.02,0.4,0.3,1.0,0.0,1.0,2.0829936590907905,wiki_A,native,ours_spend_cap,4405166074.265,1.669359,1.8,20.1,2128.6,432.8,0.0,8631.8,1582.6,0.011,1488.3,45103638.065,always_compile_evict,1.0
h=0.02/q0=0.4/p=0.3/r=1/sig=0/cf=2.08299,A_core,0.02,0.4,0.3,1.0,0.0,1.0,2.0829936590907905,wiki_A,native,ours_pi_prior,2639449673.007,1.000232,3.8,20.2,4716.3,1202.8,0.0,24415.9,3916.0,0.021,3302.2,100074738.707,always_compile_evict,1.0
h=0.02/q0=0.4/p=0.3/r=1/sig=0/cf=2.08299,A_core,0.02,0.4,0.3,1.0,0.0,1.0,2.0829936590907905,wiki_A,native,ours_both,4405628488.121,1.669535,1.9,20.3,2119.5,432.2,0.0,8620.4,1576.4,0.011,1482.1,44915744.121,always_compile_evict,1.0
h=0.02/q0=0.4/p=0.3/r=1/sig=0/cf=2.08299,A_core,0.02,0.4,0.3,1.0,0.0,1.0,2.0829936590907905,wiki_A,native,breakeven,4578450679.58,1.735026,0.0,6.0,1912.7,352.4,0.0,7149.9,1465.1,0.006,1339.2,40585091.78,always_compile_evict,1.0
h=0.02/q0=0.4/p=0.3/r=1/sig=0/cf=2.08299,A_core,0.02,0.4,0.3,1.0,0.0,1.0,2.0829936590907905,wiki_A,native,breakeven_cap,4983610960.427,1.888564,0.0,6.0,1196.7,138.7,0.0,2784.2,846.9,0.005,838.4,25408110.027,always_compile_evict,1.0
h=0.02/q0=0.4/p=0.3/r=1/sig=0/cf=2.08299,A_core,0.02,0.4,0.3,1.0,0.0,1.0,2.0829936590907905,wiki_A,native,offline_taxblind,2371389641.891,0.89865,,,,,,,,,,,always_compile_evict,1.0
h=0.02/q0=0.4/p=0.3/r=1/sig=0/cf=2.08299,A_core,0.02,0.4,0.3,1.0,0.0,1.0,2.0829936590907905,wiki_A,native,offline_opt_tax,2394746466.872,0.907501,,,,,,,,,,,always_compile_evict,1.0
h=0.02/q0=0.4/p=0.3/r=1/sig=0/cf=2.08299,A_core,0.02,0.4,0.3,1.0,0.0,1.0,2.0829936590907905,wiki_B,autorpa_233k,always_reactive,7373315056.0,0.884516,0.0,0.0,0.0,0.0,0.0,0.0,0.0,0.005,0.0,0.0,always_reactive,0.783124
h=0.02/q0=0.4/p=0.3/r=1/sig=0/cf=2.08299,A_core,0.02,0.4,0.3,1.0,0.0,1.0,2.0829936590907905,wiki_B,autorpa_233k,always_compile_evict,9415254395.283,1.12947,136.2,152.6,5263.7,498.1,0.0,10039.6,5111.8,0.104,3688.1,1789973316.984,always_reactive,0.783124
h=0.02/q0=0.4/p=0.3/r=1/sig=0/cf=2.08299,A_core,0.02,0.4,0.3,1.0,0.0,1.0,2.0829936590907905,wiki_B,autorpa_233k,ours_noinflate,8335990173.83,1.0,106.0,118.3,2900.1,358.6,0.0,7284.0,2800.0,0.072,2035.2,987758925.931,always_reactive,0.783124
h=0.02/q0=0.4/p=0.3/r=1/sig=0/cf=2.08299,A_core,0.02,0.4,0.3,1.0,0.0,1.0,2.0829936590907905,wiki_B,autorpa_233k,oracle_tax,7365793622.522,0.883614,8.5,11.7,149.5,35.9,0.0,715.0,121.2,0.007,105.1,51008973.622,always_reactive,0.783124
h=0.02/q0=0.4/p=0.3/r=1/sig=0/cf=2.08299,A_core,0.02,0.4,0.3,1.0,0.0,1.0,2.0829936590907905,wiki_B,autorpa_233k,ours_spend_cap,8282768400.212,0.993615,77.3,88.3,2065.9,169.0,0.0,3382.2,1991.7,0.055,1451.7,704564481.512,always_reactive,0.783124
h=0.02/q0=0.4/p=0.3/r=1/sig=0/cf=2.08299,A_core,0.02,0.4,0.3,1.0,0.0,1.0,2.0829936590907905,wiki_B,autorpa_233k,ours_pi_prior,8243124773.221,0.98886,95.4,105.6,2634.9,328.9,0.0,6696.9,2549.2,0.067,1850.9,898311220.521,always_reactive,0.783124
h=0.02/q0=0.4/p=0.3/r=1/sig=0/cf=2.08299,A_core,0.02,0.4,0.3,1.0,0.0,1.0,2.0829936590907905,wiki_B,autorpa_233k,ours_both,8181523562.013,0.98147,67.7,77.5,1849.0,152.5,0.0,3093.7,1783.6,0.051,1301.1,631472650.613,always_reactive,0.783124
h=0.02/q0=0.4/p=0.3/r=1/sig=0/cf=2.08299,A_core,0.02,0.4,0.3,1.0,0.0,1.0,2.0829936590907905,wiki_B,autorpa_233k,breakeven,7676544828.457,0.920892,3.9,11.6,896.1,49.1,0.0,971.0,831.3,0.01,629.5,305519970.457,always_reactive,0.783124
h=0.02/q0=0.4/p=0.3/r=1/sig=0/cf=2.08299,A_core,0.02,0.4,0.3,1.0,0.0,1.0,2.0829936590907905,wiki_B,autorpa_233k,breakeven_cap,7654966392.174,0.918303,3.5,11.5,780.4,34.2,0.0,690.4,732.4,0.009,550.5,267178306.174,always_reactive,0.783124
h=0.02/q0=0.4/p=0.3/r=1/sig=0/cf=2.08299,A_core,0.02,0.4,0.3,1.0,0.0,1.0,2.0829936590907905,wiki_B,autorpa_233k,offline_taxblind,6877646511.5,0.825055,,,,,,,,,,,always_reactive,0.783124
h=0.02/q0=0.4/p=0.3/r=1/sig=0/cf=2.08299,A_core,0.02,0.4,0.3,1.0,0.0,1.0,2.0829936590907905,wiki_B,autorpa_233k,offline_opt_tax,7056592364.72,0.846521,,,,,,,,,,,always_reactive,0.783124
h=0.02/q0=0.4/p=0.3/r=1/sig=0/cf=2.08299,A_core,0.02,0.4,0.3,1.0,0.0,1.0,2.0829936590907905,wiki_B,native,always_reactive,7373315056.0,1.122247,0.0,0.0,0.0,0.0,0.0,0.0,0.0,0.005,0.0,0.0,always_compile_evict,1.0
h=0.02/q0=0.4/p=0.3/r=1/sig=0/cf=2.08299,A_core,0.02,0.4,0.3,1.0,0.0,1.0,2.0829936590907905,wiki_B,native,always_compile_evict,6569939715.711,0.99997,14.8,28.5,5263.7,498.1,0.0,10039.6,3919.6,0.023,3688.1,111769621.411,always_compile_evict,1.0
h=0.02/q0=0.4/p=0.3/r=1/sig=0/cf=2.08299,A_core,0.02,0.4,0.3,1.0,0.0,1.0,2.0829936590907905,wiki_B,native,ours_noinflate,6570138278.512,1.0,14.8,28.6,5257.9,497.8,0.0,10035.2,3915.5,0.023,3684.1,111648399.512,always_compile_evict,1.0
h=0.02/q0=0.4/p=0.3/r=1/sig=0/cf=2.08299,A_core,0.02,0.4,0.3,1.0,0.0,1.0,2.0829936590907905,wiki_B,native,oracle_tax,7266770504.385,1.10603,44.0,44.3,403.4,75.7,0.0,1517.5,331.4,0.012,283.7,8597663.185,always_compile_evict,1.0
h=0.02/q0=0.4/p=0.3/r=1/sig=0/cf=2.08299,A_core,0.02,0.4,0.3,1.0,0.0,1.0,2.0829936590907905,wiki_B,native,ours_spend_cap,6589356331.113,1.002925,14.0,28.3,5210.1,487.6,0.0,9824.9,3875.4,0.023,3650.4,110627105.013,always_compile_evict,1.0
h=0.02/q0=0.4/p=0.3/r=1/sig=0/cf=2.08299,A_core,0.02,0.4,0.3,1.0,0.0,1.0,2.0829936590907905,wiki_B,native,ours_pi_prior,6571952240.156,1.000276,14.8,28.4,5190.5,495.7,0.0,9991.8,3868.2,0.023,3636.8,110214950.557,always_compile_evict,1.0
h=0.02/q0=0.4/p=0.3/r=1/sig=0/cf=2.08299,A_core,0.02,0.4,0.3,1.0,0.0,1.0,2.0829936590907905,wiki_B,native,ours_both,6591044189.475,1.003182,14.0,28.1,5144.6,485.7,0.0,9783.8,3829.1,0.023,3604.4,109233053.175,always_compile_evict,1.0
h=0.02/q0=0.4/p=0.3/r=1/sig=0/cf=2.08299,A_core,0.02,0.4,0.3,1.0,0.0,1.0,2.0829936590907905,wiki_B,native,breakeven,7378776333.874,1.123078,0.0,7.5,3903.9,53.5,0.0,1035.2,2734.4,0.006,2731.3,82773343.174,always_compile_evict,1.0
h=0.02/q0=0.4/p=0.3/r=1/sig=0/cf=2.08299,A_core,0.02,0.4,0.3,1.0,0.0,1.0,2.0829936590907905,wiki_B,native,breakeven_cap,7378672739.676,1.123062,0.0,7.6,3891.7,53.4,0.0,1033.3,2726.3,0.006,2723.3,82530899.376,always_compile_evict,1.0
h=0.02/q0=0.4/p=0.3/r=1/sig=0/cf=2.08299,A_core,0.02,0.4,0.3,1.0,0.0,1.0,2.0829936590907905,wiki_B,native,offline_taxblind,5923170256.269,0.901529,,,,,,,,,,,always_compile_evict,1.0
h=0.02/q0=0.4/p=0.3/r=1/sig=0/cf=2.08299,A_core,0.02,0.4,0.3,1.0,0.0,1.0,2.0829936590907905,wiki_B,native,offline_opt_tax,5974309308.19,0.909313,,,,,,,,,,,always_compile_evict,1.0
h=0.02/q0=0.4/p=0.5/r=1/sig=0/cf=1,A_core,0.02,0.4,0.5,1.0,0.0,1.0,1.0,bpi2019,autorpa_233k,always_reactive,19497801224.0,1.439904,0.0,0.0,0.0,0.0,0.0,0.0,0.0,0.005,0.0,0.0,ours_noinflate,0.987944
h=0.02/q0=0.4/p=0.5/r=1/sig=0/cf=1,A_core,0.02,0.4,0.5,1.0,0.0,1.0,1.0,bpi2019,autorpa_233k,always_compile_evict,13706280905.3,1.012203,78.0,111.9,12207.1,4571.9,0.0,95044.2,11920.6,0.137,6103.9,1422208700.0,ours_noinflate,0.987944
h=0.02/q0=0.4/p=0.5/r=1/sig=0/cf=1,A_core,0.02,0.4,0.5,1.0,0.0,1.0,1.0,bpi2019,autorpa_233k,ours_noinflate,13541039920.1,1.0,72.8,98.3,10124.2,4282.3,0.0,89007.0,9953.0,0.121,5069.3,1181146900.0,ours_noinflate,0.987944
h=0.02/q0=0.4/p=0.5/r=1/sig=0/cf=1,A_core,0.02,0.4,0.5,1.0,0.0,1.0,1.0,bpi2019,autorpa_233k,oracle_tax,19011897979.3,1.404021,35.6,46.2,703.2,315.6,0.0,6493.6,551.1,0.009,352.0,82016000.0,ours_noinflate,0.987944
h=0.02/q0=0.4/p=0.5/r=1/sig=0/cf=1,A_core,0.02,0.4,0.5,1.0,0.0,1.0,1.0,bpi2019,autorpa_233k,ours_spend_cap,19507411665.1,1.440614,48.6,78.0,3207.1,887.3,0.0,18269.8,2976.9,0.065,1605.5,374081500.0,ours_noinflate,0.987944
h=0.02/q0=0.4/p=0.5/r=1/sig=0/cf=1,A_core,0.02,0.4,0.5,1.0,0.0,1.0,1.0,bpi2019,autorpa_233k,ours_pi_prior,14470922025.0,1.068671,67.6,89.3,8526.0,3550.3,0.0,73752.3,8373.7,0.104,4275.1,996098300.0,ours_noinflate,0.987944
h=0.02/q0=0.4/p=0.5/r=1/sig=0/cf=1,A_core,0.02,0.4,0.5,1.0,0.0,1.0,1.0,bpi2019,autorpa_233k,ours_both,19496930105.6,1.43984,47.0,73.3,2925.1,809.1,0.0,16603.7,2725.9,0.06,1466.6,341717800.0,ours_noinflate,0.987944
h=0.02/q0=0.4/p=0.5/r=1/sig=0/cf=1,A_core,0.02,0.4,0.5,1.0,0.0,1.0,1.0,bpi2019,autorpa_233k,breakeven,19654965291.4,1.451511,0.8,9.6,1068.9,66.9,0.0,1413.4,962.0,0.007,538.9,125563700.0,ours_noinflate,0.987944
h=0.02/q0=0.4/p=0.5/r=1/sig=0/cf=1,A_core,0.02,0.4,0.5,1.0,0.0,1.0,1.0,bpi2019,autorpa_233k,breakeven_cap,19655882325.4,1.451578,0.8,9.5,1057.7,65.3,0.0,1382.8,953.9,0.007,532.9,124165700.0,ours_noinflate,0.987944
h=0.02/q0=0.4/p=0.5/r=1/sig=0/cf=1,A_core,0.02,0.4,0.5,1.0,0.0,1.0,1.0,bpi2019,autorpa_233k,offline_taxblind,11345409248.89,0.837854,,,,,,,,,,,ours_noinflate,0.987944
h=0.02/q0=0.4/p=0.5/r=1/sig=0/cf=1,A_core,0.02,0.4,0.5,1.0,0.0,1.0,1.0,bpi2019,autorpa_233k,offline_opt_tax,11925621594.356,0.880702,,,,,,,,,,,ours_noinflate,0.987944
h=0.02/q0=0.4/p=0.5/r=1/sig=0/cf=1,A_core,0.02,0.4,0.5,1.0,0.0,1.0,1.0,bpi2019,native,always_reactive,19497801224.0,2.066253,0.0,0.0,0.0,0.0,0.0,0.0,0.0,0.005,0.0,0.0,always_compile_evict,1.0
h=0.02/q0=0.4/p=0.5/r=1/sig=0/cf=1,A_core,0.02,0.4,0.5,1.0,0.0,1.0,1.0,bpi2019,native,always_compile_evict,9433267884.5,0.999678,5.9,21.9,12207.1,4571.9,0.0,95044.2,9384.9,0.028,6103.9,88805641.1,always_compile_evict,1.0
h=0.02/q0=0.4/p=0.5/r=1/sig=0/cf=1,A_core,0.02,0.4,0.5,1.0,0.0,1.0,1.0,bpi2019,native,ours_noinflate,9436310711.7,1.0,5.9,21.9,12161.9,4570.2,0.0,94995.5,9363.4,0.028,6082.4,88492837.6,always_compile_evict,1.0
h=0.02/q0=0.4/p=0.5/r=1/sig=0/cf=1,A_core,0.02,0.4,0.5,1.0,0.0,1.0,1.0,bpi2019,native,oracle_tax,18699713492.7,1.981676,61.5,61.9,923.6,404.3,0.0,8391.7,735.0,0.011,457.8,6660532.2,always_compile_evict,1.0
h=0.02/q0=0.4/p=0.5/r=1/sig=0/cf=1,A_core,0.02,0.4,0.5,1.0,0.0,1.0,1.0,bpi2019,native,ours_spend_cap,12783713324.2,1.354736,5.0,20.2,9163.6,3086.6,0.0,64118.8,6253.6,0.018,4573.1,66534031.9,always_compile_evict,1.0
h=0.02/q0=0.4/p=0.5/r=1/sig=0/cf=1,A_core,0.02,0.4,0.5,1.0,0.0,1.0,1.0,bpi2019,native,ours_pi_prior,9444022254.9,1.000817,5.9,21.9,12091.5,4565.7,0.0,94915.5,9327.0,0.028,6046.6,87971983.4,always_compile_evict,1.0
h=0.02/q0=0.4/p=0.5/r=1/sig=0/cf=1,A_core,0.02,0.4,0.5,1.0,0.0,1.0,1.0,bpi2019,native,ours_both,12791250850.5,1.355535,5.0,20.1,9093.3,3082.2,0.0,64040.5,6217.3,0.018,4537.4,66014632.6,always_compile_evict,1.0
h=0.02/q0=0.4/p=0.5/r=1/sig=0/cf=1,A_core,0.02,0.4,0.5,1.0,0.0,1.0,1.0,bpi2019,native,breakeven,19340236233.2,2.049555,0.0,6.4,3320.6,95.1,0.0,2041.3,1660.5,0.005,1660.2,24154249.8,always_compile_evict,1.0
h=0.02/q0=0.4/p=0.5/r=1/sig=0/cf=1,A_core,0.02,0.4,0.5,1.0,0.0,1.0,1.0,bpi2019,native,breakeven_cap,19340243503.7,2.049556,0.0,6.4,3320.3,95.1,0.0,2041.3,1660.3,0.005,1660.0,24151340.0,always_compile_evict,1.0
h=0.02/q0=0.4/p=0.5/r=1/sig=0/cf=1,A_core,0.02,0.4,0.5,1.0,0.0,1.0,1.0,bpi2019,native,offline_taxblind,8662838677.699,0.918032,,,,,,,,,,,always_compile_evict,1.0
h=0.02/q0=0.4/p=0.5/r=1/sig=0/cf=1,A_core,0.02,0.4,0.5,1.0,0.0,1.0,1.0,bpi2019,native,offline_opt_tax,8812302497.634,0.933872,,,,,,,,,,,always_compile_evict,1.0
h=0.02/q0=0.4/p=0.5/r=1/sig=0/cf=1,A_core,0.02,0.4,0.5,1.0,0.0,1.0,1.0,sepsis,autorpa_233k,always_reactive,77101119.0,0.993275,0.0,0.0,0.0,0.0,0.0,0.0,0.0,0.005,0.0,0.0,always_reactive,0.93118
h=0.02/q0=0.4/p=0.5/r=1/sig=0/cf=1,A_core,0.02,0.4,0.5,1.0,0.0,1.0,1.0,sepsis,autorpa_233k,always_compile_evict,82799412.0,1.066685,15.2,17.2,43.3,2.7,0.0,49.5,38.1,0.014,21.8,5079400.0,always_reactive,0.93118
h=0.02/q0=0.4/p=0.5/r=1/sig=0/cf=1,A_core,0.02,0.4,0.5,1.0,0.0,1.0,1.0,sepsis,autorpa_233k,ours_noinflate,77623108.0,1.0,3.3,4.2,9.9,0.7,0.0,18.6,6.1,0.007,5.1,1188300.0,always_reactive,0.93118
h=0.02/q0=0.4/p=0.5/r=1/sig=0/cf=1,A_core,0.02,0.4,0.5,1.0,0.0,1.0,1.0,sepsis,autorpa_233k,oracle_tax,75997682.2,0.97906,3.1,3.9,8.7,1.5,0.0,30.9,4.5,0.009,4.1,955300.0,always_reactive,0.93118
h=0.02/q0=0.4/p=0.5/r=1/sig=0/cf=1,A_core,0.02,0.4,0.5,1.0,0.0,1.0,1.0,sepsis,autorpa_233k,ours_spend_cap,77623108.0,1.0,3.3,4.2,9.9,0.7,0.0,18.6,6.1,0.007,5.1,1188300.0,always_reactive,0.93118
h=0.02/q0=0.4/p=0.5/r=1/sig=0/cf=1,A_core,0.02,0.4,0.5,1.0,0.0,1.0,1.0,sepsis,autorpa_233k,ours_pi_prior,77803332.5,1.002322,3.6,3.9,10.4,1.1,0.0,19.5,7.1,0.007,5.7,1328100.0,always_reactive,0.93118
h=0.02/q0=0.4/p=0.5/r=1/sig=0/cf=1,A_core,0.02,0.4,0.5,1.0,0.0,1.0,1.0,sepsis,autorpa_233k,ours_both,77803332.5,1.002322,3.6,3.9,10.4,1.1,0.0,19.5,7.1,0.007,5.7,1328100.0,always_reactive,0.93118
h=0.02/q0=0.4/p=0.5/r=1/sig=0/cf=1,A_core,0.02,0.4,0.5,1.0,0.0,1.0,1.0,sepsis,autorpa_233k,breakeven,77558465.4,0.999167,2.9,3.2,7.3,0.6,0.0,13.3,5.5,0.006,3.4,792200.0,always_reactive,0.93118
h=0.02/q0=0.4/p=0.5/r=1/sig=0/cf=1,A_core,0.02,0.4,0.5,1.0,0.0,1.0,1.0,sepsis,autorpa_233k,breakeven_cap,77558465.4,0.999167,2.9,3.2,7.3,0.6,0.0,13.3,5.5,0.006,3.4,792200.0,always_reactive,0.93118
h=0.02/q0=0.4/p=0.5/r=1/sig=0/cf=1,A_core,0.02,0.4,0.5,1.0,0.0,1.0,1.0,sepsis,autorpa_233k,offline_taxblind,75389775.794,0.971229,,,,,,,,,,,always_reactive,0.93118
h=0.02/q0=0.4/p=0.5/r=1/sig=0/cf=1,A_core,0.02,0.4,0.5,1.0,0.0,1.0,1.0,sepsis,autorpa_233k,offline_opt_tax,75792416.695,0.976416,,,,,,,,,,,always_reactive,0.93118
h=0.02/q0=0.4/p=0.5/r=1/sig=0/cf=1,A_core,0.02,0.4,0.5,1.0,0.0,1.0,1.0,sepsis,native,always_reactive,77101119.0,1.055162,0.0,0.0,0.0,0.0,0.0,0.0,0.0,0.005,0.0,0.0,always_compile_evict,1.0
h=0.02/q0=0.4/p=0.5/r=1/sig=0/cf=1,A_core,0.02,0.4,0.5,1.0,0.0,1.0,1.0,sepsis,native,always_compile_evict,73070377.5,1.0,7.8,10.7,43.3,2.7,0.0,49.5,22.0,0.012,21.8,317168.2,always_compile_evict,1.0
h=0.02/q0=0.4/p=0.5/r=1/sig=0/cf=1,A_core,0.02,0.4,0.5,1.0,0.0,1.0,1.0,sepsis,native,ours_noinflate,73070377.5,1.0,7.8,10.7,43.3,2.7,0.0,49.5,22.0,0.012,21.8,317168.2,always_compile_evict,1.0
h=0.02/q0=0.4/p=0.5/r=1/sig=0/cf=1,A_core,0.02,0.4,0.5,1.0,0.0,1.0,1.0,sepsis,native,oracle_tax,73288235.0,1.002981,11.2,11.6,27.3,2.4,0.0,44.7,14.1,0.013,13.7,199321.3,always_compile_evict,1.0
h=0.02/q0=0.4/p=0.5/r=1/sig=0/cf=1,A_core,0.02,0.4,0.5,1.0,0.0,1.0,1.0,sepsis,native,ours_spend_cap,73070377.5,1.0,7.8,10.7,43.3,2.7,0.0,49.5,22.0,0.012,21.8,317168.2,always_compile_evict,1.0
h=0.02/q0=0.4/p=0.5/r=1/sig=0/cf=1,A_core,0.02,0.4,0.5,1.0,0.0,1.0,1.0,sepsis,native,ours_pi_prior,73085533.4,1.000207,7.7,10.7,43.0,2.6,0.0,49.0,21.9,0.012,21.7,315713.3,always_compile_evict,1.0
h=0.02/q0=0.4/p=0.5/r=1/sig=0/cf=1,A_core,0.02,0.4,0.5,1.0,0.0,1.0,1.0,sepsis,native,ours_both,73085533.4,1.000207,7.7,10.7,43.0,2.6,0.0,49.0,21.9,0.012,21.7,315713.3,always_compile_evict,1.0
h=0.02/q0=0.4/p=0.5/r=1/sig=0/cf=1,A_core,0.02,0.4,0.5,1.0,0.0,1.0,1.0,sepsis,native,breakeven,75967305.3,1.039646,3.1,5.5,40.6,0.9,0.0,16.4,20.1,0.008,20.1,292434.9,always_compile_evict,1.0
h=0.02/q0=0.4/p=0.5/r=1/sig=0/cf=1,A_core,0.02,0.4,0.5,1.0,0.0,1.0,1.0,sepsis,native,breakeven_cap,75967305.3,1.039646,3.1,5.5,40.6,0.9,0.0,16.4,20.1,0.008,20.1,292434.9,always_compile_evict,1.0
h=0.02/q0=0.4/p=0.5/r=1/sig=0/cf=1,A_core,0.02,0.4,0.5,1.0,0.0,1.0,1.0,sepsis,native,offline_taxblind,57092842.068,0.78134,,,,,,,,,,,always_compile_evict,1.0
h=0.02/q0=0.4/p=0.5/r=1/sig=0/cf=1,A_core,0.02,0.4,0.5,1.0,0.0,1.0,1.0,sepsis,native,offline_opt_tax,57887386.58,0.792214,,,,,,,,,,,always_compile_evict,1.0
h=0.02/q0=0.4/p=0.5/r=1/sig=0/cf=1,A_core,0.02,0.4,0.5,1.0,0.0,1.0,1.0,wiki_A,autorpa_233k,always_reactive,5261420180.0,1.638994,0.0,0.0,0.0,0.0,0.0,0.0,0.0,0.005,0.0,0.0,ours_noinflate,0.99615
h=0.02/q0=0.4/p=0.5/r=1/sig=0/cf=1,A_core,0.02,0.4,0.5,1.0,0.0,1.0,1.0,wiki_A,autorpa_233k,always_compile_evict,3222558052.1,1.003865,17.8,53.9,2992.8,1239.6,0.0,25175.0,2445.1,0.046,1498.1,349057300.0,ours_noinflate,0.99615
h=0.02/q0=0.4/p=0.5/r=1/sig=0/cf=1,A_core,0.02,0.4,0.5,1.0,0.0,1.0,1.0,wiki_A,autorpa_233k,ours_noinflate,3210151557.1,1.0,14.6,41.8,2644.3,1184.2,0.0,24102.3,2132.7,0.035,1325.2,308771600.0,ours_noinflate,0.99615
h=0.02/q0=0.4/p=0.5/r=1/sig=0/cf=1,A_core,0.02,0.4,0.5,1.0,0.0,1.0,1.0,wiki_A,autorpa_233k,oracle_tax,4450813683.8,1.386481,11.3,13.9,840.6,404.6,0.0,8201.6,634.0,0.01,424.7,98955100.0,ours_noinflate,0.99615
h=0.02/q0=0.4/p=0.5/r=1/sig=0/cf=1,A_core,0.02,0.4,0.5,1.0,0.0,1.0,1.0,wiki_A,autorpa_233k,ours_spend_cap,5055088251.0,1.574719,10.6,38.4,652.5,203.5,0.0,4000.6,487.6,0.02,327.8,76377400.0,ours_noinflate,0.99615
h=0.02/q0=0.4/p=0.5/r=1/sig=0/cf=1,A_core,0.02,0.4,0.5,1.0,0.0,1.0,1.0,wiki_A,autorpa_233k,ours_pi_prior,3280854067.0,1.022025,13.4,38.1,2534.4,1138.4,0.0,23103.8,2055.7,0.032,1268.4,295537200.0,ours_noinflate,0.99615
h=0.02/q0=0.4/p=0.5/r=1/sig=0/cf=1,A_core,0.02,0.4,0.5,1.0,0.0,1.0,1.0,wiki_A,autorpa_233k,ours_both,5073753329.9,1.580534,9.5,35.2,601.2,184.5,0.0,3614.0,451.4,0.018,301.4,70226200.0,ours_noinflate,0.99615
h=0.02/q0=0.4/p=0.5/r=1/sig=0/cf=1,A_core,0.02,0.4,0.5,1.0,0.0,1.0,1.0,wiki_A,autorpa_233k,breakeven,4743186570.6,1.477558,0.6,6.9,900.4,356.2,0.0,7205.2,658.3,0.007,452.2,105362600.0,ours_noinflate,0.99615
h=0.02/q0=0.4/p=0.5/r=1/sig=0/cf=1,A_core,0.02,0.4,0.5,1.0,0.0,1.0,1.0,wiki_A,autorpa_233k,breakeven_cap,5162581563.6,1.608205,0.6,6.8,356.0,88.7,0.0,1742.0,248.7,0.006,181.3,42242900.0,ours_noinflate,0.99615
h=0.02/q0=0.4/p=0.5/r=1/sig=0/cf=1,A_core,0.02,0.4,0.5,1.0,0.0,1.0,1.0,wiki_A,autorpa_233k,offline_taxblind,2973324509.451,0.926226,,,,,,,,,,,ours_noinflate,0.99615
h=0.02/q0=0.4/p=0.5/r=1/sig=0/cf=1,A_core,0.02,0.4,0.5,1.0,0.0,1.0,1.0,wiki_A,autorpa_233k,offline_opt_tax,3025916032.796,0.942608,,,,,,,,,,,ours_noinflate,0.99615
h=0.02/q0=0.4/p=0.5/r=1/sig=0/cf=1,A_core,0.02,0.4,0.5,1.0,0.0,1.0,1.0,wiki_A,native,always_reactive,5261420180.0,2.128459,0.0,0.0,0.0,0.0,0.0,0.0,0.0,0.005,0.0,0.0,always_compile_evict,1.0
h=0.02/q0=0.4/p=0.5/r=1/sig=0/cf=1,A_core,0.02,0.4,0.5,1.0,0.0,1.0,1.0,wiki_A,native,always_compile_evict,2471808654.2,0.999947,4.0,16.5,2992.8,1239.6,0.0,25175.0,2129.3,0.02,1498.1,21795856.9,always_compile_evict,1.0
h=0.02/q0=0.4/p=0.5/r=1/sig=0/cf=1,A_core,0.02,0.4,0.5,1.0,0.0,1.0,1.0,wiki_A,native,ours_noinflate,2471939122.8,1.0,4.0,16.5,2991.0,1239.5,0.0,25173.7,2128.1,0.02,1496.9,21778398.1,always_compile_evict,1.0
h=0.02/q0=0.4/p=0.5/r=1/sig=0/cf=1,A_core,0.02,0.4,0.5,1.0,0.0,1.0,1.0,wiki_A,native,oracle_tax,4139738225.8,1.674693,19.8,20.1,965.3,458.9,0.0,9342.2,709.1,0.013,486.6,7079543.4,always_compile_evict,1.0
h=0.02/q0=0.4/p=0.5/r=1/sig=0/cf=1,A_core,0.02,0.4,0.5,1.0,0.0,1.0,1.0,wiki_A,native,ours_spend_cap,3560341856.8,1.440303,3.0,16.5,2091.6,789.4,0.0,15875.0,1298.3,0.013,1049.5,15269175.5,always_compile_evict,1.0
h=0.02/q0=0.4/p=0.5/r=1/sig=0/cf=1,A_core,0.02,0.4,0.5,1.0,0.0,1.0,1.0,wiki_A,native,ours_pi_prior,2472653076.5,1.000289,4.0,16.4,2984.4,1239.1,0.0,25163.0,2124.9,0.02,1493.6,21730386.4,always_compile_evict,1.0
h=0.02/q0=0.4/p=0.5/r=1/sig=0/cf=1,A_core,0.02,0.4,0.5,1.0,0.0,1.0,1.0,wiki_A,native,ours_both,3561071146.4,1.440598,3.0,16.4,2084.9,789.0,0.0,15864.7,1295.1,0.013,1046.2,15221163.8,always_compile_evict,1.0
h=0.02/q0=0.4/p=0.5/r=1/sig=0/cf=1,A_core,0.02,0.4,0.5,1.0,0.0,1.0,1.0,wiki_A,native,breakeven,4541677185.8,1.837293,0.0,6.3,1225.7,352.0,0.0,7215.8,742.6,0.006,612.4,8909807.6,always_compile_evict,1.0
h=0.02/q0=0.4/p=0.5/r=1/sig=0/cf=1,A_core,0.02,0.4,0.5,1.0,0.0,1.0,1.0,wiki_A,native,breakeven_cap,4762552877.4,1.926647,0.0,6.3,1007.6,241.0,0.0,4893.2,559.2,0.006,506.3,7366158.7,always_compile_evict,1.0
h=0.02/q0=0.4/p=0.5/r=1/sig=0/cf=1,A_core,0.02,0.4,0.5,1.0,0.0,1.0,1.0,wiki_A,native,offline_taxblind,2314915513.337,0.936478,,,,,,,,,,,always_compile_evict,1.0
h=0.02/q0=0.4/p=0.5/r=1/sig=0/cf=1,A_core,0.02,0.4,0.5,1.0,0.0,1.0,1.0,wiki_A,native,offline_opt_tax,2334346629.596,0.944338,,,,,,,,,,,always_compile_evict,1.0
h=0.02/q0=0.4/p=0.5/r=1/sig=0/cf=1,A_core,0.02,0.4,0.5,1.0,0.0,1.0,1.0,wiki_B,autorpa_233k,always_reactive,7373315056.0,0.981224,0.0,0.0,0.0,0.0,0.0,0.0,0.0,0.005,0.0,0.0,always_reactive,0.937371
h=0.02/q0=0.4/p=0.5/r=1/sig=0/cf=1,A_core,0.02,0.4,0.5,1.0,0.0,1.0,1.0,wiki_B,autorpa_233k,always_compile_evict,7865948015.0,1.046783,107.1,121.1,3756.5,536.2,0.0,10790.8,3573.9,0.1,1883.8,438925400.0,always_reactive,0.937371
h=0.02/q0=0.4/p=0.5/r=1/sig=0/cf=1,A_core,0.02,0.4,0.5,1.0,0.0,1.0,1.0,wiki_B,autorpa_233k,ours_noinflate,7514403930.3,1.0,96.0,106.7,2165.1,420.7,0.0,8559.0,2038.0,0.078,1087.2,253317600.0,always_reactive,0.937371
h=0.02/q0=0.4/p=0.5/r=1/sig=0/cf=1,A_core,0.02,0.4,0.5,1.0,0.0,1.0,1.0,wiki_B,autorpa_233k,oracle_tax,7316877007.0,0.973714,12.7,16.5,120.9,47.6,0.0,956.6,89.5,0.009,60.6,14119800.0,always_reactive,0.937371
h=0.02/q0=0.4/p=0.5/r=1/sig=0/cf=1,A_core,0.02,0.4,0.5,1.0,0.0,1.0,1.0,wiki_B,autorpa_233k,ours_spend_cap,7658277113.4,1.019146,88.8,100.9,1937.7,318.7,0.0,6479.7,1824.8,0.073,973.9,226918700.0,always_reactive,0.937371
h=0.02/q0=0.4/p=0.5/r=1/sig=0/cf=1,A_core,0.02,0.4,0.5,1.0,0.0,1.0,1.0,wiki_B,autorpa_233k,ours_pi_prior,7489366941.4,0.996668,86.9,99.5,2006.1,391.8,0.0,8004.8,1889.1,0.073,1012.4,235889200.0,always_reactive,0.937371
h=0.02/q0=0.4/p=0.5/r=1/sig=0/cf=1,A_core,0.02,0.4,0.5,1.0,0.0,1.0,1.0,wiki_B,autorpa_233k,ours_both,7625540709.9,1.01479,81.1,93.8,1793.1,296.5,0.0,6049.6,1687.8,0.068,905.6,211004800.0,always_reactive,0.937371
h=0.02/q0=0.4/p=0.5/r=1/sig=0/cf=1,A_core,0.02,0.4,0.5,1.0,0.0,1.0,1.0,wiki_B,autorpa_233k,breakeven,7456043385.8,0.992234,3.5,10.3,663.7,52.7,0.0,1014.0,591.3,0.009,333.8,77775400.0,always_reactive,0.937371
h=0.02/q0=0.4/p=0.5/r=1/sig=0/cf=1,A_core,0.02,0.4,0.5,1.0,0.0,1.0,1.0,wiki_B,autorpa_233k,breakeven_cap,7458952717.3,0.992621,3.5,10.5,655.0,50.1,0.0,966.0,584.8,0.009,329.9,76866700.0,always_reactive,0.937371
h=0.02/q0=0.4/p=0.5/r=1/sig=0/cf=1,A_core,0.02,0.4,0.5,1.0,0.0,1.0,1.0,wiki_B,autorpa_233k,offline_taxblind,6682438395.491,0.889284,,,,,,,,,,,always_reactive,0.937371
h=0.02/q0=0.4/p=0.5/r=1/sig=0/cf=1,A_core,0.02,0.4,0.5,1.0,0.0,1.0,1.0,wiki_B,autorpa_233k,offline_opt_tax,6916441998.206,0.920425,,,,,,,,,,,always_reactive,0.937371
h=0.02/q0=0.4/p=0.5/r=1/sig=0/cf=1,A_core,0.02,0.4,0.5,1.0,0.0,1.0,1.0,wiki_B,native,always_reactive,7373315056.0,1.156591,0.0,0.0,0.0,0.0,0.0,0.0,0.0,0.005,0.0,0.0,always_compile_evict,1.0
h=0.02/q0=0.4/p=0.5/r=1/sig=0/cf=1,A_core,0.02,0.4,0.5,1.0,0.0,1.0,1.0,wiki_B,native,always_compile_evict,6374930860.9,0.999983,9.8,21.5,3756.5,536.2,0.0,10790.8,2080.4,0.018,1883.8,27407406.2,always_compile_evict,1.0
h=0.02/q0=0.4/p=0.5/r=1/sig=0/cf=1,A_core,0.02,0.4,0.5,1.0,0.0,1.0,1.0,wiki_B,native,ours_noinflate,6375038371.9,1.0,9.8,21.5,3754.8,536.1,0.0,10788.7,2079.6,0.018,1883.0,27395767.0,always_compile_evict,1.0
h=0.02/q0=0.4/p=0.5/r=1/sig=0/cf=1,A_core,0.02,0.4,0.5,1.0,0.0,1.0,1.0,wiki_B,native,oracle_tax,7253812244.7,1.137846,61.5,61.7,289.4,82.0,0.0,1644.3,202.7,0.014,145.9,2122699.1,always_compile_evict,1.0
h=0.02/q0=0.4/p=0.5/r=1/sig=0/cf=1,A_core,0.02,0.4,0.5,1.0,0.0,1.0,1.0,wiki_B,native,ours_spend_cap,6375262065.1,1.000035,9.7,21.5,3754.5,536.0,0.0,10786.5,2079.2,0.018,1882.9,27394312.1,always_compile_evict,1.0
h=0.02/q0=0.4/p=0.5/r=1/sig=0/cf=1,A_core,0.02,0.4,0.5,1.0,0.0,1.0,1.0,wiki_B,native,ours_pi_prior,6377524764.5,1.00039,9.8,21.5,3717.9,534.4,0.0,10751.4,2061.4,0.018,1864.5,27126610.5,always_compile_evict,1.0
h=0.02/q0=0.4/p=0.5/r=1/sig=0/cf=1,A_core,0.02,0.4,0.5,1.0,0.0,1.0,1.0,wiki_B,native,ours_both,6377741843.6,1.000424,9.7,21.5,3717.6,534.3,0.0,10749.3,2061.0,0.018,1864.4,27125155.6,always_compile_evict,1.0
h=0.02/q0=0.4/p=0.5/r=1/sig=0/cf=1,A_core,0.02,0.4,0.5,1.0,0.0,1.0,1.0,wiki_B,native,breakeven,7317238193.5,1.147795,0.0,6.7,2864.4,53.6,0.0,1044.7,1441.1,0.006,1439.5,20943285.5,always_compile_evict,1.0
h=0.02/q0=0.4/p=0.5/r=1/sig=0/cf=1,A_core,0.02,0.4,0.5,1.0,0.0,1.0,1.0,wiki_B,native,breakeven_cap,7317238193.5,1.147795,0.0,6.7,2864.4,53.6,0.0,1044.7,1441.1,0.006,1439.5,20943285.5,always_compile_evict,1.0
h=0.02/q0=0.4/p=0.5/r=1/sig=0/cf=1,A_core,0.02,0.4,0.5,1.0,0.0,1.0,1.0,wiki_B,native,offline_taxblind,5113473821.991,0.802109,,,,,,,,,,,always_compile_evict,1.0
h=0.02/q0=0.4/p=0.5/r=1/sig=0/cf=1,A_core,0.02,0.4,0.5,1.0,0.0,1.0,1.0,wiki_B,native,offline_opt_tax,5151158201.274,0.80802,,,,,,,,,,,always_compile_evict,1.0
h=0.02/q0=0.4/p=0.5/r=1/sig=0/cf=2.08299,A_core,0.02,0.4,0.5,1.0,0.0,1.0,2.0829936590907905,bpi2019,autorpa_233k,always_reactive,19497801224.0,1.315622,0.0,0.0,0.0,0.0,0.0,0.0,0.0,0.005,0.0,0.0,ours_noinflate,0.972039
h=0.02/q0=0.4/p=0.5/r=1/sig=0/cf=2.08299,A_core,0.02,0.4,0.5,1.0,0.0,1.0,2.0829936590907905,bpi2019,autorpa_233k,always_compile_evict,15246523909.302,1.028765,78.0,111.9,12207.1,4571.9,0.0,95044.2,11920.6,0.123,6103.9,2962451704.004,ours_noinflate,0.972039
h=0.02/q0=0.4/p=0.5/r=1/sig=0/cf=2.08299,A_core,0.02,0.4,0.5,1.0,0.0,1.0,2.0829936590907905,bpi2019,autorpa_233k,ours_noinflate,14820214523.253,1.0,72.8,98.3,10124.2,4282.3,0.0,89007.0,9953.0,0.111,5069.3,2460321503.155,ours_noinflate,0.972039
h=0.02/q0=0.4/p=0.5/r=1/sig=0/cf=2.08299,A_core,0.02,0.4,0.5,1.0,0.0,1.0,2.0829936590907905,bpi2019,autorpa_233k,oracle_tax,19100720787.244,1.288829,35.6,46.2,703.2,315.6,0.0,6493.6,551.1,0.008,352.0,170838807.944,ours_noinflate,0.972039
h=0.02/q0=0.4/p=0.5/r=1/sig=0/cf=2.08299,A_core,0.02,0.4,0.5,1.0,0.0,1.0,2.0829936590907905,bpi2019,autorpa_233k,ours_spend_cap,20109804881.766,1.356917,40.8,67.6,2583.4,611.4,0.0,12538.0,2392.4,0.054,1296.8,629385699.266,ours_noinflate,0.972039
h=0.02/q0=0.4/p=0.5/r=1/sig=0/cf=2.08299,A_core,0.02,0.4,0.5,1.0,0.0,1.0,2.0829936590907905,bpi2019,autorpa_233k,ours_pi_prior,15549690167.73,1.049222,67.6,89.3,8526.0,3550.3,0.0,73752.3,8373.7,0.096,4275.1,2074866442.731,ours_noinflate,0.972039
h=0.02/q0=0.4/p=0.5/r=1/sig=0/cf=2.08299,A_core,0.02,0.4,0.5,1.0,0.0,1.0,2.0829936590907905,bpi2019,autorpa_233k,ours_both,20048474843.045,1.352779,40.1,63.9,2359.5,560.0,0.0,11465.4,2193.2,0.05,1187.3,576241240.545,ours_noinflate,0.972039
h=0.02/q0=0.4/p=0.5/r=1/sig=0/cf=2.08299,A_core,0.02,0.4,0.5,1.0,0.0,1.0,2.0829936590907905,bpi2019,autorpa_233k,breakeven,19790949982.312,1.335402,0.8,9.6,1068.9,66.9,0.0,1413.4,962.0,0.007,538.9,261548390.912,ours_noinflate,0.972039
h=0.02/q0=0.4/p=0.5/r=1/sig=0/cf=2.08299,A_core,0.02,0.4,0.5,1.0,0.0,1.0,2.0829936590907905,bpi2019,autorpa_233k,breakeven_cap,19786223914.404,1.335084,0.9,9.5,1019.0,58.8,0.0,1248.0,922.1,0.007,514.2,249560554.105,ours_noinflate,0.972039
h=0.02/q0=0.4/p=0.5/r=1/sig=0/cf=2.08299,A_core,0.02,0.4,0.5,1.0,0.0,1.0,2.0829936590907905,bpi2019,autorpa_233k,offline_taxblind,11345409248.89,0.765536,,,,,,,,,,,ours_noinflate,0.972039
h=0.02/q0=0.4/p=0.5/r=1/sig=0/cf=2.08299,A_core,0.02,0.4,0.5,1.0,0.0,1.0,2.0829936590907905,bpi2019,autorpa_233k,offline_opt_tax,11925621594.356,0.804686,,,,,,,,,,,ours_noinflate,0.972039
h=0.02/q0=0.4/p=0.5/r=1/sig=0/cf=2.08299,A_core,0.02,0.4,0.5,1.0,0.0,1.0,2.0829936590907905,bpi2019,native,always_reactive,19497801224.0,2.045478,0.0,0.0,0.0,0.0,0.0,0.0,0.0,0.005,0.0,0.0,always_compile_evict,1.0
h=0.02/q0=0.4/p=0.5/r=1/sig=0/cf=2.08299,A_core,0.02,0.4,0.5,1.0,0.0,1.0,2.0829936590907905,bpi2019,native,always_compile_evict,9529443830.702,0.999716,5.9,21.9,12207.1,4571.9,0.0,95044.2,9384.9,0.028,6103.9,184981587.303,always_compile_evict,1.0
h=0.02/q0=0.4/p=0.5/r=1/sig=0/cf=2.08299,A_core,0.02,0.4,0.5,1.0,0.0,1.0,2.0829936590907905,bpi2019,native,ours_noinflate,9532147893.695,1.0,5.9,21.9,12161.9,4570.2,0.0,94995.5,9363.4,0.028,6082.4,184330019.596,always_compile_evict,1.0
h=0.02/q0=0.4/p=0.5/r=1/sig=0/cf=2.08299,A_core,0.02,0.4,0.5,1.0,0.0,1.0,2.0829936590907905,bpi2019,native,oracle_tax,18706926806.839,1.962509,61.5,61.9,923.6,404.3,0.0,8391.7,735.0,0.011,457.8,13873846.339,always_compile_evict,1.0
h=0.02/q0=0.4/p=0.5/r=1/sig=0/cf=2.08299,A_core,0.02,0.4,0.5,1.0,0.0,1.0,2.0829936590907905,bpi2019,native,ours_spend_cap,14421646985.445,1.512948,3.4,19.7,7775.2,2395.6,0.0,49657.9,4886.7,0.014,3882.8,117670097.344,always_compile_evict,1.0
h=0.02/q0=0.4/p=0.5/r=1/sig=0/cf=2.08299,A_core,0.02,0.4,0.5,1.0,0.0,1.0,2.0829936590907905,bpi2019,native,ours_pi_prior,9539295355.099,1.00075,5.9,21.9,12091.5,4565.7,0.0,94915.5,9327.0,0.028,6046.6,183245083.6,always_compile_evict,1.0
h=0.02/q0=0.4/p=0.5/r=1/sig=0/cf=2.08299,A_core,0.02,0.4,0.5,1.0,0.0,1.0,2.0829936590907905,bpi2019,native,ours_both,14428332438.097,1.51365,3.4,19.7,7705.2,2391.3,0.0,49580.3,4850.8,0.014,3847.1,116588191.896,always_compile_evict,1.0
h=0.02/q0=0.4/p=0.5/r=1/sig=0/cf=2.08299,A_core,0.02,0.4,0.5,1.0,0.0,1.0,2.0829936590907905,bpi2019,native,breakeven,19366395132.574,2.031693,0.0,6.4,3320.6,95.1,0.0,2041.3,1660.5,0.005,1660.2,50313149.173,always_compile_evict,1.0
h=0.02/q0=0.4/p=0.5/r=1/sig=0/cf=2.08299,A_core,0.02,0.4,0.5,1.0,0.0,1.0,2.0829936590907905,bpi2019,native,breakeven_cap,19366346529.909,2.031688,0.0,6.4,3318.2,94.9,0.0,2040.3,1659.1,0.005,1658.8,50270721.509,always_compile_evict,1.0
h=0.02/q0=0.4/p=0.5/r=1/sig=0/cf=2.08299,A_core,0.02,0.4,0.5,1.0,0.0,1.0,2.0829936590907905,bpi2019,native,offline_taxblind,8662838677.699,0.908802,,,,,,,,,,,always_compile_evict,1.0
h=0.02/q0=0.4/p=0.5/r=1/sig=0/cf=2.08299,A_core,0.02,0.4,0.5,1.0,0.0,1.0,2.0829936590907905,bpi2019,native,offline_opt_tax,8812302497.634,0.924482,,,,,,,,,,,always_compile_evict,1.0
h=0.02/q0=0.4/p=0.5/r=1/sig=0/cf=2.08299,A_core,0.02,0.4,0.5,1.0,0.0,1.0,2.0829936590907905,sepsis,autorpa_233k,always_reactive,77101119.0,0.977076,0.0,0.0,0.0,0.0,0.0,0.0,0.0,0.005,0.0,0.0,always_reactive,0.873169
h=0.02/q0=0.4/p=0.5/r=1/sig=0/cf=2.08299,A_core,0.02,0.4,0.5,1.0,0.0,1.0,2.0829936590907905,sepsis,autorpa_233k,always_compile_evict,88300369.992,1.119001,15.2,17.2,43.3,2.7,0.0,49.5,38.1,0.013,21.8,10580357.992,always_reactive,0.873169
h=0.02/q0=0.4/p=0.5/r=1/sig=0/cf=2.08299,A_core,0.02,0.4,0.5,1.0,0.0,1.0,2.0829936590907905,sepsis,autorpa_233k,ours_noinflate,78910029.365,1.0,3.3,4.2,9.9,0.7,0.0,18.6,6.1,0.007,5.1,2475221.365,always_reactive,0.873169
h=0.02/q0=0.4/p=0.5/r=1/sig=0/cf=2.08299,A_core,0.02,0.4,0.5,1.0,0.0,1.0,2.0829936590907905,sepsis,autorpa_233k,oracle_tax,77032266.043,0.976204,3.1,3.9,8.7,1.5,0.0,30.9,4.5,0.009,4.1,1989883.843,always_reactive,0.873169
h=0.02/q0=0.4/p=0.5/r=1/sig=0/cf=2.08299,A_core,0.02,0.4,0.5,1.0,0.0,1.0,2.0829936590907905,sepsis,autorpa_233k,ours_spend_cap,78812455.661,0.998763,3.3,4.2,9.7,0.7,0.0,18.4,6.0,0.007,4.9,2378153.861,always_reactive,0.873169
h=0.02/q0=0.4/p=0.5/r=1/sig=0/cf=2.08299,A_core,0.02,0.4,0.5,1.0,0.0,1.0,2.0829936590907905,sepsis,autorpa_233k,ours_pi_prior,79241656.379,1.004203,3.6,3.9,10.4,1.1,0.0,19.5,7.1,0.007,5.7,2766423.879,always_reactive,0.873169
h=0.02/q0=0.4/p=0.5/r=1/sig=0/cf=2.08299,A_core,0.02,0.4,0.5,1.0,0.0,1.0,2.0829936590907905,sepsis,autorpa_233k,ours_both,78668267.008,0.996936,3.3,3.4,8.8,0.7,0.0,17.9,5.6,0.007,4.8,2329620.108,always_reactive,0.873169
h=0.02/q0=0.4/p=0.5/r=1/sig=0/cf=2.08299,A_core,0.02,0.4,0.5,1.0,0.0,1.0,2.0829936590907905,sepsis,autorpa_233k,breakeven,78416412.977,0.993745,2.9,3.2,7.3,0.6,0.0,13.3,5.5,0.006,3.4,1650147.577,always_reactive,0.873169
h=0.02/q0=0.4/p=0.5/r=1/sig=0/cf=2.08299,A_core,0.02,0.4,0.5,1.0,0.0,1.0,2.0829936590907905,sepsis,autorpa_233k,breakeven_cap,78402562.377,0.993569,2.8,3.1,7.2,0.6,0.0,13.3,5.4,0.006,3.4,1650147.577,always_reactive,0.873169
h=0.02/q0=0.4/p=0.5/r=1/sig=0/cf=2.08299,A_core,0.02,0.4,0.5,1.0,0.0,1.0,2.0829936590907905,sepsis,autorpa_233k,offline_taxblind,75389775.794,0.955389,,,,,,,,,,,always_reactive,0.873169
h=0.02/q0=0.4/p=0.5/r=1/sig=0/cf=2.08299,A_core,0.02,0.4,0.5,1.0,0.0,1.0,2.0829936590907905,sepsis,autorpa_233k,offline_opt_tax,75792416.695,0.960492,,,,,,,,,,,always_reactive,0.873169
h=0.02/q0=0.4/p=0.5/r=1/sig=0/cf=2.08299,A_core,0.02,0.4,0.5,1.0,0.0,1.0,2.0829936590907905,sepsis,native,always_reactive,77101119.0,1.050226,0.0,0.0,0.0,0.0,0.0,0.0,0.0,0.005,0.0,0.0,always_compile_evict,1.0
h=0.02/q0=0.4/p=0.5/r=1/sig=0/cf=2.08299,A_core,0.02,0.4,0.5,1.0,0.0,1.0,2.0829936590907905,sepsis,native,always_compile_evict,73413868.649,1.0,7.8,10.7,43.3,2.7,0.0,49.5,22.0,0.012,21.8,660659.349,always_compile_evict,1.0
h=0.02/q0=0.4/p=0.5/r=1/sig=0/cf=2.08299,A_core,0.02,0.4,0.5,1.0,0.0,1.0,2.0829936590907905,sepsis,native,ours_noinflate,73413868.649,1.0,7.8,10.7,43.3,2.7,0.0,49.5,22.0,0.012,21.8,660659.349,always_compile_evict,1.0
h=0.02/q0=0.4/p=0.5/r=1/sig=0/cf=2.08299,A_core,0.02,0.4,0.5,1.0,0.0,1.0,2.0829936590907905,sepsis,native,oracle_tax,73504098.704,1.001229,11.2,11.6,27.3,2.4,0.0,44.7,14.1,0.013,13.7,415185.004,always_compile_evict,1.0
h=0.02/q0=0.4/p=0.5/r=1/sig=0/cf=2.08299,A_core,0.02,0.4,0.5,1.0,0.0,1.0,2.0829936590907905,sepsis,native,ours_spend_cap,73413868.649,1.0,7.8,10.7,43.3,2.7,0.0,49.5,22.0,0.012,21.8,660659.349,always_compile_evict,1.0
h=0.02/q0=0.4/p=0.5/r=1/sig=0/cf=2.08299,A_core,0.02,0.4,0.5,1.0,0.0,1.0,2.0829936590907905,sepsis,native,ours_pi_prior,73427448.902,1.000185,7.7,10.7,43.0,2.6,0.0,49.0,21.9,0.012,21.7,657628.802,always_compile_evict,1.0
h=0.02/q0=0.4/p=0.5/r=1/sig=0/cf=2.08299,A_core,0.02,0.4,0.5,1.0,0.0,1.0,2.0829936590907905,sepsis,native,ours_both,73427448.902,1.000185,7.7,10.7,43.0,2.6,0.0,49.0,21.9,0.012,21.7,657628.802,always_compile_evict,1.0
h=0.02/q0=0.4/p=0.5/r=1/sig=0/cf=2.08299,A_core,0.02,0.4,0.5,1.0,0.0,1.0,2.0829936590907905,sepsis,native,breakeven,76284010.442,1.039095,3.1,5.5,40.6,0.9,0.0,16.4,20.1,0.008,20.1,609140.042,always_compile_evict,1.0
h=0.02/q0=0.4/p=0.5/r=1/sig=0/cf=2.08299,A_core,0.02,0.4,0.5,1.0,0.0,1.0,2.0829936590907905,sepsis,native,breakeven_cap,76284010.442,1.039095,3.1,5.5,40.6,0.9,0.0,16.4,20.1,0.008,20.1,609140.042,always_compile_evict,1.0
h=0.02/q0=0.4/p=0.5/r=1/sig=0/cf=2.08299,A_core,0.02,0.4,0.5,1.0,0.0,1.0,2.0829936590907905,sepsis,native,offline_taxblind,57092842.068,0.777685,,,,,,,,,,,always_compile_evict,1.0
h=0.02/q0=0.4/p=0.5/r=1/sig=0/cf=2.08299,A_core,0.02,0.4,0.5,1.0,0.0,1.0,2.0829936590907905,sepsis,native,offline_opt_tax,57887386.58,0.788508,,,,,,,,,,,always_compile_evict,1.0
h=0.02/q0=0.4/p=0.5/r=1/sig=0/cf=2.08299,A_core,0.02,0.4,0.5,1.0,0.0,1.0,2.0829936590907905,wiki_A,autorpa_233k,always_reactive,5261420180.0,1.484369,0.0,0.0,0.0,0.0,0.0,0.0,0.0,0.005,0.0,0.0,ours_noinflate,0.984437
h=0.02/q0=0.4/p=0.5/r=1/sig=0/cf=2.08299,A_core,0.02,0.4,0.5,1.0,0.0,1.0,2.0829936590907905,wiki_A,autorpa_233k,always_compile_evict,3600584894.659,1.015809,17.8,53.9,2992.8,1239.6,0.0,25175.0,2445.1,0.041,1498.1,727084142.559,ours_noinflate,0.984437
h=0.02/q0=0.4/p=0.5/r=1/sig=0/cf=2.08299,A_core,0.02,0.4,0.5,1.0,0.0,1.0,2.0829936590907905,wiki_A,autorpa_233k,ours_noinflate,3544549242.007,1.0,14.6,41.8,2644.3,1184.2,0.0,24102.3,2132.7,0.032,1325.2,643169284.907,ours_noinflate,0.984437
h=0.02/q0=0.4/p=0.5/r=1/sig=0/cf=2.08299,A_core,0.02,0.4,0.5,1.0,0.0,1.0,2.0829936590907905,wiki_A,autorpa_233k,oracle_tax,4557981429.635,1.285913,11.3,13.9,840.6,404.6,0.0,8201.6,634.0,0.01,424.7,206122845.835,ours_noinflate,0.984437
h=0.02/q0=0.4/p=0.5/r=1/sig=0/cf=2.08299,A_core,0.02,0.4,0.5,1.0,0.0,1.0,2.0829936590907905,wiki_A,autorpa_233k,ours_spend_cap,5208188927.985,1.469352,9.8,36.7,507.6,141.0,0.0,2807.2,386.7,0.018,254.1,123324264.485,ours_noinflate,0.984437
h=0.02/q0=0.4/p=0.5/r=1/sig=0/cf=2.08299,A_core,0.02,0.4,0.5,1.0,0.0,1.0,2.0829936590907905,wiki_A,autorpa_233k,ours_pi_prior,3600918980.626,1.015903,13.4,38.1,2534.4,1138.4,0.0,23103.8,2055.7,0.029,1268.4,615602113.625,ours_noinflate,0.984437
h=0.02/q0=0.4/p=0.5/r=1/sig=0/cf=2.08299,A_core,0.02,0.4,0.5,1.0,0.0,1.0,2.0829936590907905,wiki_A,autorpa_233k,ours_both,5216994791.049,1.471836,8.4,33.5,471.1,127.9,0.0,2526.4,361.9,0.017,237.0,115024992.849,ours_noinflate,0.984437
h=0.02/q0=0.4/p=0.5/r=1/sig=0/cf=2.08299,A_core,0.02,0.4,0.5,1.0,0.0,1.0,2.0829936590907905,wiki_A,autorpa_233k,breakeven,4857293598.305,1.370356,0.6,6.9,900.4,356.2,0.0,7205.2,658.3,0.007,452.2,219469627.705,ours_noinflate,0.984437
h=0.02/q0=0.4/p=0.5/r=1/sig=0/cf=2.08299,A_core,0.02,0.4,0.5,1.0,0.0,1.0,2.0829936590907905,wiki_A,autorpa_233k,breakeven_cap,5231931180.833,1.47605,0.6,6.8,295.6,66.7,0.0,1312.7,211.6,0.006,149.9,72752094.633,ours_noinflate,0.984437
h=0.02/q0=0.4/p=0.5/r=1/sig=0/cf=2.08299,A_core,0.02,0.4,0.5,1.0,0.0,1.0,2.0829936590907905,wiki_A,autorpa_233k,offline_taxblind,2973324509.451,0.838844,,,,,,,,,,,ours_noinflate,0.984437
h=0.02/q0=0.4/p=0.5/r=1/sig=0/cf=2.08299,A_core,0.02,0.4,0.5,1.0,0.0,1.0,2.0829936590907905,wiki_A,autorpa_233k,offline_opt_tax,3025916032.796,0.853681,,,,,,,,,,,ours_noinflate,0.984437
h=0.02/q0=0.4/p=0.5/r=1/sig=0/cf=2.08299,A_core,0.02,0.4,0.5,1.0,0.0,1.0,2.0829936590907905,wiki_A,native,always_reactive,5261420180.0,2.108342,0.0,0.0,0.0,0.0,0.0,0.0,0.0,0.005,0.0,0.0,always_compile_evict,1.0
h=0.02/q0=0.4/p=0.5/r=1/sig=0/cf=2.08299,A_core,0.02,0.4,0.5,1.0,0.0,1.0,2.0829936590907905,wiki_A,native,always_compile_evict,2495413429.017,0.999955,4.0,16.5,2992.8,1239.6,0.0,25175.0,2129.3,0.02,1498.1,45400631.717,always_compile_evict,1.0
h=0.02/q0=0.4/p=0.5/r=1/sig=0/cf=2.08299,A_core,0.02,0.4,0.5,1.0,0.0,1.0,2.0829936590907905,wiki_A,native,ours_noinflate,2495524989.848,1.0,4.0,16.5,2991.0,1239.5,0.0,25173.7,2128.1,0.02,1496.9,45364265.147,always_compile_evict,1.0
h=0.02/q0=0.4/p=0.5/r=1/sig=0/cf=2.08299,A_core,0.02,0.4,0.5,1.0,0.0,1.0,2.0829936590907905,wiki_A,native,oracle_tax,4147405326.412,1.661937,19.8,20.1,965.3,458.9,0.0,9342.2,709.1,0.013,486.6,14746644.011,always_compile_evict,1.0
h=0.02/q0=0.4/p=0.5/r=1/sig=0/cf=2.08299,A_core,0.02,0.4,0.5,1.0,0.0,1.0,2.0829936590907905,wiki_A,native,ours_spend_cap,4005687824.523,1.605148,2.0,16.5,1707.7,601.9,0.0,12065.9,1000.8,0.011,854.4,25892997.623,always_compile_evict,1.0
h=0.02/q0=0.4/p=0.5/r=1/sig=0/cf=2.08299,A_core,0.02,0.4,0.5,1.0,0.0,1.0,2.0829936590907905,wiki_A,native,ours_pi_prior,2496186947.181,1.000265,4.0,16.4,2984.4,1239.1,0.0,25163.0,2124.9,0.02,1493.6,45264257.081,always_compile_evict,1.0
h=0.02/q0=0.4/p=0.5/r=1/sig=0/cf=2.08299,A_core,0.02,0.4,0.5,1.0,0.0,1.0,2.0829936590907905,wiki_A,native,ours_both,4006266385.262,1.60538,2.0,16.4,1700.9,601.5,0.0,12054.8,997.5,0.011,850.9,25786928.461,always_compile_evict,1.0
h=0.02/q0=0.4/p=0.5/r=1/sig=0/cf=2.08299,A_core,0.02,0.4,0.5,1.0,0.0,1.0,2.0829936590907905,wiki_A,native,breakeven,4551326450.935,1.823795,0.0,6.3,1225.7,352.0,0.0,7215.8,742.6,0.006,612.4,18559072.735,always_compile_evict,1.0
h=0.02/q0=0.4/p=0.5/r=1/sig=0/cf=2.08299,A_core,0.02,0.4,0.5,1.0,0.0,1.0,2.0829936590907905,wiki_A,native,breakeven_cap,4899981224.257,1.963507,0.0,6.3,868.3,172.8,0.0,3524.1,454.2,0.005,435.3,13191973.157,always_compile_evict,1.0
h=0.02/q0=0.4/p=0.5/r=1/sig=0/cf=2.08299,A_core,0.02,0.4,0.5,1.0,0.0,1.0,2.0829936590907905,wiki_A,native,offline_taxblind,2314915513.337,0.927627,,,,,,,,,,,always_compile_evict,1.0
h=0.02/q0=0.4/p=0.5/r=1/sig=0/cf=2.08299,A_core,0.02,0.4,0.5,1.0,0.0,1.0,2.0829936590907905,wiki_A,native,offline_opt_tax,2334346629.596,0.935413,,,,,,,,,,,always_compile_evict,1.0
h=0.02/q0=0.4/p=0.5/r=1/sig=0/cf=2.08299,A_core,0.02,0.4,0.5,1.0,0.0,1.0,2.0829936590907905,wiki_B,autorpa_233k,always_reactive,7373315056.0,0.946663,0.0,0.0,0.0,0.0,0.0,0.0,0.0,0.005,0.0,0.0,always_reactive,0.883953
h=0.02/q0=0.4/p=0.5/r=1/sig=0/cf=2.08299,A_core,0.02,0.4,0.5,1.0,0.0,1.0,2.0829936590907905,wiki_B,autorpa_233k,always_compile_evict,8341301440.014,1.070943,107.1,121.1,3756.5,536.2,0.0,10790.8,3573.9,0.094,1883.8,914278825.014,always_reactive,0.883953
h=0.02/q0=0.4/p=0.5/r=1/sig=0/cf=2.08299,A_core,0.02,0.4,0.5,1.0,0.0,1.0,2.0829936590907905,wiki_B,autorpa_233k,ours_noinflate,7788745284.836,1.0,96.0,106.7,2165.1,420.7,0.0,8559.0,2038.0,0.075,1087.2,527658954.536,always_reactive,0.883953
h=0.02/q0=0.4/p=0.5/r=1/sig=0/cf=2.08299,A_core,0.02,0.4,0.5,1.0,0.0,1.0,2.0829936590907905,wiki_B,autorpa_233k,oracle_tax,7332168660.868,0.94138,12.7,16.5,120.9,47.6,0.0,956.6,89.5,0.009,60.6,29411453.868,always_reactive,0.883953
h=0.02/q0=0.4/p=0.5/r=1/sig=0/cf=2.08299,A_core,0.02,0.4,0.5,1.0,0.0,1.0,2.0829936590907905,wiki_B,autorpa_233k,ours_spend_cap,7917004821.133,1.016467,80.5,92.8,1782.4,263.6,0.0,5378.9,1676.9,0.064,894.3,434037346.433,always_reactive,0.883953
h=0.02/q0=0.4/p=0.5/r=1/sig=0/cf=2.08299,A_core,0.02,0.4,0.5,1.0,0.0,1.0,2.0829936590907905,wiki_B,autorpa_233k,ours_pi_prior,7744833449.248,0.994362,86.9,99.5,2006.1,391.8,0.0,8004.8,1889.1,0.07,1012.4,491355707.848,always_reactive,0.883953
h=0.02/q0=0.4/p=0.5/r=1/sig=0/cf=2.08299,A_core,0.02,0.4,0.5,1.0,0.0,1.0,2.0829936590907905,wiki_B,autorpa_233k,ours_both,7865870588.075,1.009902,73.4,86.3,1646.9,246.4,0.0,5051.2,1548.2,0.06,829.7,402684542.475,always_reactive,0.883953
h=0.02/q0=0.4/p=0.5/r=1/sig=0/cf=2.08299,A_core,0.02,0.4,0.5,1.0,0.0,1.0,2.0829936590907905,wiki_B,autorpa_233k,breakeven,7540273650.833,0.968099,3.5,10.3,663.7,52.7,0.0,1014.0,591.3,0.009,333.8,162005665.033,always_reactive,0.883953
h=0.02/q0=0.4/p=0.5/r=1/sig=0/cf=2.08299,A_core,0.02,0.4,0.5,1.0,0.0,1.0,2.0829936590907905,wiki_B,autorpa_233k,breakeven_cap,7544133986.288,0.968594,3.6,10.2,636.1,45.2,0.0,876.7,571.4,0.009,320.7,155647743.488,always_reactive,0.883953
h=0.02/q0=0.4/p=0.5/r=1/sig=0/cf=2.08299,A_core,0.02,0.4,0.5,1.0,0.0,1.0,2.0829936590907905,wiki_B,autorpa_233k,offline_taxblind,6682438395.491,0.857961,,,,,,,,,,,always_reactive,0.883953
h=0.02/q0=0.4/p=0.5/r=1/sig=0/cf=2.08299,A_core,0.02,0.4,0.5,1.0,0.0,1.0,2.0829936590907905,wiki_B,autorpa_233k,offline_opt_tax,6916441998.206,0.888005,,,,,,,,,,,always_reactive,0.883953
h=0.02/q0=0.4/p=0.5/r=1/sig=0/cf=2.08299,A_core,0.02,0.4,0.5,1.0,0.0,1.0,2.0829936590907905,wiki_B,native,always_reactive,7373315056.0,1.151234,0.0,0.0,0.0,0.0,0.0,0.0,0.0,0.005,0.0,0.0,always_compile_evict,1.0
h=0.02/q0=0.4/p=0.5/r=1/sig=0/cf=2.08299,A_core,0.02,0.4,0.5,1.0,0.0,1.0,2.0829936590907905,wiki_B,native,always_compile_evict,6404612908.027,0.999985,9.8,21.5,3756.5,536.2,0.0,10790.8,2080.4,0.018,1883.8,57089453.327,always_compile_evict,1.0
h=0.02/q0=0.4/p=0.5/r=1/sig=0/cf=2.08299,A_core,0.02,0.4,0.5,1.0,0.0,1.0,2.0829936590907905,wiki_B,native,ours_noinflate,6404707813.847,1.0,9.8,21.5,3754.8,536.1,0.0,10788.7,2079.6,0.018,1883.0,57065208.947,always_compile_evict,1.0
h=0.02/q0=0.4/p=0.5/r=1/sig=0/cf=2.08299,A_core,0.02,0.4,0.5,1.0,0.0,1.0,2.0829936590907905,wiki_B,native,oracle_tax,7256111114.365,1.132934,61.5,61.7,289.4,82.0,0.0,1644.3,202.7,0.014,145.9,4421568.765,always_compile_evict,1.0
h=0.02/q0=0.4/p=0.5/r=1/sig=0/cf=2.08299,A_core,0.02,0.4,0.5,1.0,0.0,1.0,2.0829936590907905,wiki_B,native,ours_spend_cap,6405954393.982,1.000195,9.8,21.5,3751.6,535.4,0.0,10774.1,2077.4,0.018,1881.6,57022781.282,always_compile_evict,1.0
h=0.02/q0=0.4/p=0.5/r=1/sig=0/cf=2.08299,A_core,0.02,0.4,0.5,1.0,0.0,1.0,2.0829936590907905,wiki_B,native,ours_pi_prior,6406902711.664,1.000343,9.8,21.5,3717.9,534.4,0.0,10751.4,2061.4,0.018,1864.5,56504557.664,always_compile_evict,1.0
h=0.02/q0=0.4/p=0.5/r=1/sig=0/cf=2.08299,A_core,0.02,0.4,0.5,1.0,0.0,1.0,2.0829936590907905,wiki_B,native,ours_both,6408040770.199,1.00052,9.8,21.5,3714.8,533.7,0.0,10737.4,2059.1,0.018,1863.1,56462129.999,always_compile_evict,1.0
h=0.02/q0=0.4/p=0.5/r=1/sig=0/cf=2.08299,A_core,0.02,0.4,0.5,1.0,0.0,1.0,2.0829936590907905,wiki_B,native,breakeven,7339919638.897,1.146019,0.0,6.7,2864.4,53.6,0.0,1044.7,1441.1,0.006,1439.5,43624730.897,always_compile_evict,1.0
h=0.02/q0=0.4/p=0.5/r=1/sig=0/cf=2.08299,A_core,0.02,0.4,0.5,1.0,0.0,1.0,2.0829936590907905,wiki_B,native,breakeven_cap,7339936716.56,1.146022,0.0,6.7,2862.7,53.6,0.0,1044.2,1440.6,0.006,1439.0,43609578.16,always_compile_evict,1.0
h=0.02/q0=0.4/p=0.5/r=1/sig=0/cf=2.08299,A_core,0.02,0.4,0.5,1.0,0.0,1.0,2.0829936590907905,wiki_B,native,offline_taxblind,5113473821.991,0.798393,,,,,,,,,,,always_compile_evict,1.0
h=0.02/q0=0.4/p=0.5/r=1/sig=0/cf=2.08299,A_core,0.02,0.4,0.5,1.0,0.0,1.0,2.0829936590907905,wiki_B,native,offline_opt_tax,5151158201.274,0.804277,,,,,,,,,,,always_compile_evict,1.0
h=0.02/q0=0.4/p=0/r=1/sig=0/cf=1,A_core,0.02,0.4,0.0,1.0,0.0,1.0,1.0,bpi2019,autorpa_233k,always_reactive,19497801224.0,0.953033,0.0,0.0,0.0,0.0,0.0,0.0,0.0,0.005,0.0,0.0,always_reactive,0.261097
h=0.02/q0=0.4/p=0/r=1/sig=0/cf=1,A_core,0.02,0.4,0.0,1.0,0.0,1.0,1.0,bpi2019,autorpa_233k,always_compile_evict,74676395224.0,3.650106,0.0,0.0,236818.0,0.0,0.0,0.0,236818.0,0.001,236818.0,55178594000.0,always_reactive,0.261097
h=0.02/q0=0.4/p=0/r=1/sig=0/cf=1,A_core,0.02,0.4,0.0,1.0,0.0,1.0,1.0,bpi2019,autorpa_233k,ours_noinflate,20458693224.0,1.0,0.0,0.0,4124.0,0.0,0.0,0.0,4124.0,0.005,4124.0,960892000.0,always_reactive,0.261097
h=0.02/q0=0.4/p=0/r=1/sig=0/cf=1,A_core,0.02,0.4,0.0,1.0,0.0,1.0,1.0,bpi2019,autorpa_233k,oracle_tax,19497801224.0,0.953033,0.0,0.0,0.0,0.0,0.0,0.0,0.0,0.005,0.0,0.0,always_reactive,0.261097
h=0.02/q0=0.4/p=0/r=1/sig=0/cf=1,A_core,0.02,0.4,0.0,1.0,0.0,1.0,1.0,bpi2019,autorpa_233k,ours_spend_cap,20458693224.0,1.0,0.0,0.0,4124.0,0.0,0.0,0.0,4124.0,0.005,4124.0,960892000.0,always_reactive,0.261097
h=0.02/q0=0.4/p=0/r=1/sig=0/cf=1,A_core,0.02,0.4,0.0,1.0,0.0,1.0,1.0,bpi2019,autorpa_233k,ours_pi_prior,20399977224.0,0.99713,0.0,0.0,3872.0,0.0,0.0,0.0,3872.0,0.005,3872.0,902176000.0,always_reactive,0.261097
h=0.02/q0=0.4/p=0/r=1/sig=0/cf=1,A_core,0.02,0.4,0.0,1.0,0.0,1.0,1.0,bpi2019,autorpa_233k,ours_both,20367590224.0,0.995547,0.0,0.0,3733.0,0.0,0.0,0.0,3733.0,0.005,3733.0,869789000.0,always_reactive,0.261097
h=0.02/q0=0.4/p=0/r=1/sig=0/cf=1,A_core,0.02,0.4,0.0,1.0,0.0,1.0,1.0,bpi2019,autorpa_233k,breakeven,29840671224.0,1.458581,0.0,0.0,44390.0,0.0,0.0,0.0,44390.0,0.003,44390.0,10342870000.0,always_reactive,0.261097
h=0.02/q0=0.4/p=0/r=1/sig=0/cf=1,A_core,0.02,0.4,0.0,1.0,0.0,1.0,1.0,bpi2019,autorpa_233k,breakeven_cap,20145075224.0,0.984671,0.0,0.0,2778.0,0.0,0.0,0.0,2778.0,0.005,2778.0,647274000.0,always_reactive,0.261097
h=0.02/q0=0.4/p=0/r=1/sig=0/cf=1,A_core,0.02,0.4,0.0,1.0,0.0,1.0,1.0,bpi2019,autorpa_233k,offline_taxblind,19497801224.0,0.953033,,,,,,,,,,,always_reactive,0.261097
h=0.02/q0=0.4/p=0/r=1/sig=0/cf=1,A_core,0.02,0.4,0.0,1.0,0.0,1.0,1.0,bpi2019,autorpa_233k,offline_opt_tax,19497801224.0,0.953033,,,,,,,,,,,always_reactive,0.261097
h=0.02/q0=0.4/p=0/r=1/sig=0/cf=1,A_core,0.02,0.4,0.0,1.0,0.0,1.0,1.0,bpi2019,native,always_reactive,19497801224.0,0.975937,0.0,0.0,0.0,0.0,0.0,0.0,0.0,0.005,0.0,0.0,always_reactive,0.849827
h=0.02/q0=0.4/p=0/r=1/sig=0/cf=1,A_core,0.02,0.4,0.0,1.0,0.0,1.0,1.0,bpi2019,native,always_compile_evict,22943266306.0,1.148395,0.0,0.0,236818.0,0.0,0.0,0.0,236818.0,0.004,236818.0,3445465082.0,always_reactive,0.849827
h=0.02/q0=0.4/p=0/r=1/sig=0/cf=1,A_core,0.02,0.4,0.0,1.0,0.0,1.0,1.0,bpi2019,native,ours_noinflate,19978543831.0,1.0,0.0,0.0,33043.0,0.0,0.0,0.0,33043.0,0.005,33043.0,480742607.0,always_reactive,0.849827
h=0.02/q0=0.4/p=0/r=1/sig=0/cf=1,A_core,0.02,0.4,0.0,1.0,0.0,1.0,1.0,bpi2019,native,oracle_tax,19497801224.0,0.975937,0.0,0.0,0.0,0.0,0.0,0.0,0.0,0.005,0.0,0.0,always_reactive,0.849827
h=0.02/q0=0.4/p=0/r=1/sig=0/cf=1,A_core,0.02,0.4,0.0,1.0,0.0,1.0,1.0,bpi2019,native,ours_spend_cap,19978543831.0,1.0,0.0,0.0,33043.0,0.0,0.0,0.0,33043.0,0.005,33043.0,480742607.0,always_reactive,0.849827
h=0.02/q0=0.4/p=0/r=1/sig=0/cf=1,A_core,0.02,0.4,0.0,1.0,0.0,1.0,1.0,bpi2019,native,ours_pi_prior,19952515670.0,0.998697,0.0,0.0,31254.0,0.0,0.0,0.0,31254.0,0.005,31254.0,454714446.0,always_reactive,0.849827
h=0.02/q0=0.4/p=0/r=1/sig=0/cf=1,A_core,0.02,0.4,0.0,1.0,0.0,1.0,1.0,bpi2019,native,ours_both,19923548611.0,0.997247,0.0,0.0,29263.0,0.0,0.0,0.0,29263.0,0.005,29263.0,425747387.0,always_reactive,0.849827
h=0.02/q0=0.4/p=0/r=1/sig=0/cf=1,A_core,0.02,0.4,0.0,1.0,0.0,1.0,1.0,bpi2019,native,breakeven,22943266306.0,1.148395,0.0,0.0,236818.0,0.0,0.0,0.0,236818.0,0.004,236818.0,3445465082.0,always_reactive,0.849827
h=0.02/q0=0.4/p=0/r=1/sig=0/cf=1,A_core,0.02,0.4,0.0,1.0,0.0,1.0,1.0,bpi2019,native,breakeven_cap,19989135503.0,1.00053,0.0,0.0,33771.0,0.0,0.0,0.0,33771.0,0.005,33771.0,491334279.0,always_reactive,0.849827
h=0.02/q0=0.4/p=0/r=1/sig=0/cf=1,A_core,0.02,0.4,0.0,1.0,0.0,1.0,1.0,bpi2019,native,offline_taxblind,19497801224.0,0.975937,,,,,,,,,,,always_reactive,0.849827
h=0.02/q0=0.4/p=0/r=1/sig=0/cf=1,A_core,0.02,0.4,0.0,1.0,0.0,1.0,1.0,bpi2019,native,offline_opt_tax,19497801224.0,0.975937,,,,,,,,,,,always_reactive,0.849827
h=0.02/q0=0.4/p=0/r=1/sig=0/cf=1,A_core,0.02,0.4,0.0,1.0,0.0,1.0,1.0,sepsis,autorpa_233k,always_reactive,77101119.0,0.943005,0.0,0.0,0.0,0.0,0.0,0.0,0.0,0.005,0.0,0.0,always_reactive,0.699729
h=0.02/q0=0.4/p=0/r=1/sig=0/cf=1,A_core,0.02,0.4,0.0,1.0,0.0,1.0,1.0,sepsis,autorpa_233k,always_compile_evict,110187119.0,1.347671,0.0,0.0,142.0,0.0,0.0,0.0,142.0,0.004,142.0,33086000.0,always_reactive,0.699729
h=0.02/q0=0.4/p=0/r=1/sig=0/cf=1,A_core,0.02,0.4,0.0,1.0,0.0,1.0,1.0,sepsis,autorpa_233k,ours_noinflate,81761119.0,1.0,0.0,0.0,20.0,0.0,0.0,0.0,20.0,0.005,20.0,4660000.0,always_reactive,0.699729
h=0.02/q0=0.4/p=0/r=1/sig=0/cf=1,A_core,0.02,0.4,0.0,1.0,0.0,1.0,1.0,sepsis,autorpa_233k,oracle_tax,77101119.0,0.943005,0.0,0.0,0.0,0.0,0.0,0.0,0.0,0.005,0.0,0.0,always_reactive,0.699729
h=0.02/q0=0.4/p=0/r=1/sig=0/cf=1,A_core,0.02,0.4,0.0,1.0,0.0,1.0,1.0,sepsis,autorpa_233k,ours_spend_cap,81761119.0,1.0,0.0,0.0,20.0,0.0,0.0,0.0,20.0,0.005,20.0,4660000.0,always_reactive,0.699729
h=0.02/q0=0.4/p=0/r=1/sig=0/cf=1,A_core,0.02,0.4,0.0,1.0,0.0,1.0,1.0,sepsis,autorpa_233k,ours_pi_prior,82460119.0,1.008549,0.0,0.0,23.0,0.0,0.0,0.0,23.0,0.005,23.0,5359000.0,always_reactive,0.699729
h=0.02/q0=0.4/p=0/r=1/sig=0/cf=1,A_core,0.02,0.4,0.0,1.0,0.0,1.0,1.0,sepsis,autorpa_233k,ours_both,82460119.0,1.008549,0.0,0.0,23.0,0.0,0.0,0.0,23.0,0.005,23.0,5359000.0,always_reactive,0.699729
h=0.02/q0=0.4/p=0/r=1/sig=0/cf=1,A_core,0.02,0.4,0.0,1.0,0.0,1.0,1.0,sepsis,autorpa_233k,breakeven,79897119.0,0.977202,0.0,0.0,12.0,0.0,0.0,0.0,12.0,0.005,12.0,2796000.0,always_reactive,0.699729
h=0.02/q0=0.4/p=0/r=1/sig=0/cf=1,A_core,0.02,0.4,0.0,1.0,0.0,1.0,1.0,sepsis,autorpa_233k,breakeven_cap,79897119.0,0.977202,0.0,0.0,12.0,0.0,0.0,0.0,12.0,0.005,12.0,2796000.0,always_reactive,0.699729
h=0.02/q0=0.4/p=0/r=1/sig=0/cf=1,A_core,0.02,0.4,0.0,1.0,0.0,1.0,1.0,sepsis,autorpa_233k,offline_taxblind,77101119.0,0.943005,,,,,,,,,,,always_reactive,0.699729
h=0.02/q0=0.4/p=0/r=1/sig=0/cf=1,A_core,0.02,0.4,0.0,1.0,0.0,1.0,1.0,sepsis,autorpa_233k,offline_opt_tax,77101119.0,0.943005,,,,,,,,,,,always_reactive,0.699729
h=0.02/q0=0.4/p=0/r=1/sig=0/cf=1,A_core,0.02,0.4,0.0,1.0,0.0,1.0,1.0,sepsis,native,always_reactive,77101119.0,0.973904,0.0,0.0,0.0,0.0,0.0,0.0,0.0,0.005,0.0,0.0,always_reactive,0.973904
h=0.02/q0=0.4/p=0/r=1/sig=0/cf=1,A_core,0.02,0.4,0.0,1.0,0.0,1.0,1.0,sepsis,native,always_compile_evict,79167077.0,1.0,0.0,0.0,142.0,0.0,0.0,0.0,142.0,0.005,142.0,2065958.0,always_reactive,0.973904
h=0.02/q0=0.4/p=0/r=1/sig=0/cf=1,A_core,0.02,0.4,0.0,1.0,0.0,1.0,1.0,sepsis,native,ours_noinflate,79167077.0,1.0,0.0,0.0,142.0,0.0,0.0,0.0,142.0,0.005,142.0,2065958.0,always_reactive,0.973904
h=0.02/q0=0.4/p=0/r=1/sig=0/cf=1,A_core,0.02,0.4,0.0,1.0,0.0,1.0,1.0,sepsis,native,oracle_tax,77101119.0,0.973904,0.0,0.0,0.0,0.0,0.0,0.0,0.0,0.005,0.0,0.0,always_reactive,0.973904
h=0.02/q0=0.4/p=0/r=1/sig=0/cf=1,A_core,0.02,0.4,0.0,1.0,0.0,1.0,1.0,sepsis,native,ours_spend_cap,79167077.0,1.0,0.0,0.0,142.0,0.0,0.0,0.0,142.0,0.005,142.0,2065958.0,always_reactive,0.973904
h=0.02/q0=0.4/p=0/r=1/sig=0/cf=1,A_core,0.02,0.4,0.0,1.0,0.0,1.0,1.0,sepsis,native,ours_pi_prior,79152528.0,0.999816,0.0,0.0,141.0,0.0,0.0,0.0,141.0,0.005,141.0,2051409.0,always_reactive,0.973904
h=0.02/q0=0.4/p=0/r=1/sig=0/cf=1,A_core,0.02,0.4,0.0,1.0,0.0,1.0,1.0,sepsis,native,ours_both,79152528.0,0.999816,0.0,0.0,141.0,0.0,0.0,0.0,141.0,0.005,141.0,2051409.0,always_reactive,0.973904
h=0.02/q0=0.4/p=0/r=1/sig=0/cf=1,A_core,0.02,0.4,0.0,1.0,0.0,1.0,1.0,sepsis,native,breakeven,79167077.0,1.0,0.0,0.0,142.0,0.0,0.0,0.0,142.0,0.005,142.0,2065958.0,always_reactive,0.973904
h=0.02/q0=0.4/p=0/r=1/sig=0/cf=1,A_core,0.02,0.4,0.0,1.0,0.0,1.0,1.0,sepsis,native,breakeven_cap,79167077.0,1.0,0.0,0.0,142.0,0.0,0.0,0.0,142.0,0.005,142.0,2065958.0,always_reactive,0.973904
h=0.02/q0=0.4/p=0/r=1/sig=0/cf=1,A_core,0.02,0.4,0.0,1.0,0.0,1.0,1.0,sepsis,native,offline_taxblind,77101119.0,0.973904,,,,,,,,,,,always_reactive,0.973904
h=0.02/q0=0.4/p=0/r=1/sig=0/cf=1,A_core,0.02,0.4,0.0,1.0,0.0,1.0,1.0,sepsis,native,offline_opt_tax,77101119.0,0.973904,,,,,,,,,,,always_reactive,0.973904
h=0.02/q0=0.4/p=0/r=1/sig=0/cf=1,A_core,0.02,0.4,0.0,1.0,0.0,1.0,1.0,wiki_A,autorpa_233k,always_reactive,5261420180.0,0.966239,0.0,0.0,0.0,0.0,0.0,0.0,0.0,0.005,0.0,0.0,always_reactive,0.265211
h=0.02/q0=0.4/p=0/r=1/sig=0/cf=1,A_core,0.02,0.4,0.0,1.0,0.0,1.0,1.0,wiki_A,autorpa_233k,always_compile_evict,19838599180.0,3.64328,0.0,0.0,62563.0,0.0,0.0,0.0,62563.0,0.001,62563.0,14577179000.0,always_reactive,0.265211
h=0.02/q0=0.4/p=0/r=1/sig=0/cf=1,A_core,0.02,0.4,0.0,1.0,0.0,1.0,1.0,wiki_A,autorpa_233k,ours_noinflate,5445257180.0,1.0,0.0,0.0,789.0,0.0,0.0,0.0,789.0,0.004,789.0,183837000.0,always_reactive,0.265211
h=0.02/q0=0.4/p=0/r=1/sig=0/cf=1,A_core,0.02,0.4,0.0,1.0,0.0,1.0,1.0,wiki_A,autorpa_233k,oracle_tax,5261420180.0,0.966239,0.0,0.0,0.0,0.0,0.0,0.0,0.0,0.005,0.0,0.0,always_reactive,0.265211
h=0.02/q0=0.4/p=0/r=1/sig=0/cf=1,A_core,0.02,0.4,0.0,1.0,0.0,1.0,1.0,wiki_A,autorpa_233k,ours_spend_cap,5445257180.0,1.0,0.0,0.0,789.0,0.0,0.0,0.0,789.0,0.004,789.0,183837000.0,always_reactive,0.265211
h=0.02/q0=0.4/p=0/r=1/sig=0/cf=1,A_core,0.02,0.4,0.0,1.0,0.0,1.0,1.0,wiki_A,autorpa_233k,ours_pi_prior,5446655180.0,1.000257,0.0,0.0,795.0,0.0,0.0,0.0,795.0,0.004,795.0,185235000.0,always_reactive,0.265211
h=0.02/q0=0.4/p=0/r=1/sig=0/cf=1,A_core,0.02,0.4,0.0,1.0,0.0,1.0,1.0,wiki_A,autorpa_233k,ours_both,5436403180.0,0.998374,0.0,0.0,751.0,0.0,0.0,0.0,751.0,0.004,751.0,174983000.0,always_reactive,0.265211
h=0.02/q0=0.4/p=0/r=1/sig=0/cf=1,A_core,0.02,0.4,0.0,1.0,0.0,1.0,1.0,wiki_A,autorpa_233k,breakeven,8130815180.0,1.493192,0.0,0.0,12315.0,0.0,0.0,0.0,12315.0,0.003,12315.0,2869395000.0,always_reactive,0.265211
h=0.02/q0=0.4/p=0/r=1/sig=0/cf=1,A_core,0.02,0.4,0.0,1.0,0.0,1.0,1.0,wiki_A,autorpa_233k,breakeven_cap,5410307180.0,0.993582,0.0,0.0,639.0,0.0,0.0,0.0,639.0,0.004,639.0,148887000.0,always_reactive,0.265211
h=0.02/q0=0.4/p=0/r=1/sig=0/cf=1,A_core,0.02,0.4,0.0,1.0,0.0,1.0,1.0,wiki_A,autorpa_233k,offline_taxblind,5261420180.0,0.966239,,,,,,,,,,,always_reactive,0.265211
h=0.02/q0=0.4/p=0/r=1/sig=0/cf=1,A_core,0.02,0.4,0.0,1.0,0.0,1.0,1.0,wiki_A,autorpa_233k,offline_opt_tax,5261420180.0,0.966239,,,,,,,,,,,always_reactive,0.265211
h=0.02/q0=0.4/p=0/r=1/sig=0/cf=1,A_core,0.02,0.4,0.0,1.0,0.0,1.0,1.0,wiki_A,native,always_reactive,5261420180.0,0.979557,0.0,0.0,0.0,0.0,0.0,0.0,0.0,0.005,0.0,0.0,always_reactive,0.852514
h=0.02/q0=0.4/p=0/r=1/sig=0/cf=1,A_core,0.02,0.4,0.0,1.0,0.0,1.0,1.0,wiki_A,native,always_compile_evict,6171649267.0,1.149022,0.0,0.0,62563.0,0.0,0.0,0.0,62563.0,0.004,62563.0,910229087.0,always_reactive,0.852514
h=0.02/q0=0.4/p=0/r=1/sig=0/cf=1,A_core,0.02,0.4,0.0,1.0,0.0,1.0,1.0,wiki_A,native,ours_noinflate,5371221483.0,1.0,0.0,0.0,7547.0,0.0,0.0,0.0,7547.0,0.004,7547.0,109801303.0,always_reactive,0.852514
h=0.02/q0=0.4/p=0/r=1/sig=0/cf=1,A_core,0.02,0.4,0.0,1.0,0.0,1.0,1.0,wiki_A,native,oracle_tax,5261420180.0,0.979557,0.0,0.0,0.0,0.0,0.0,0.0,0.0,0.005,0.0,0.0,always_reactive,0.852514
h=0.02/q0=0.4/p=0/r=1/sig=0/cf=1,A_core,0.02,0.4,0.0,1.0,0.0,1.0,1.0,wiki_A,native,ours_spend_cap,5371221483.0,1.0,0.0,0.0,7547.0,0.0,0.0,0.0,7547.0,0.004,7547.0,109801303.0,always_reactive,0.852514
h=0.02/q0=0.4/p=0/r=1/sig=0/cf=1,A_core,0.02,0.4,0.0,1.0,0.0,1.0,1.0,wiki_A,native,ours_pi_prior,5364849021.0,0.998814,0.0,0.0,7109.0,0.0,0.0,0.0,7109.0,0.004,7109.0,103428841.0,always_reactive,0.852514
h=0.02/q0=0.4/p=0/r=1/sig=0/cf=1,A_core,0.02,0.4,0.0,1.0,0.0,1.0,1.0,wiki_A,native,ours_both,5357123502.0,0.997375,0.0,0.0,6578.0,0.0,0.0,0.0,6578.0,0.005,6578.0,95703322.0,always_reactive,0.852514
h=0.02/q0=0.4/p=0/r=1/sig=0/cf=1,A_core,0.02,0.4,0.0,1.0,0.0,1.0,1.0,wiki_A,native,breakeven,6171649267.0,1.149022,0.0,0.0,62563.0,0.0,0.0,0.0,62563.0,0.004,62563.0,910229087.0,always_reactive,0.852514
h=0.02/q0=0.4/p=0/r=1/sig=0/cf=1,A_core,0.02,0.4,0.0,1.0,0.0,1.0,1.0,wiki_A,native,breakeven_cap,5372821873.0,1.000298,0.0,0.0,7657.0,0.0,0.0,0.0,7657.0,0.004,7657.0,111401693.0,always_reactive,0.852514
h=0.02/q0=0.4/p=0/r=1/sig=0/cf=1,A_core,0.02,0.4,0.0,1.0,0.0,1.0,1.0,wiki_A,native,offline_taxblind,5261420180.0,0.979557,,,,,,,,,,,always_reactive,0.852514
h=0.02/q0=0.4/p=0/r=1/sig=0/cf=1,A_core,0.02,0.4,0.0,1.0,0.0,1.0,1.0,wiki_A,native,offline_opt_tax,5261420180.0,0.979557,,,,,,,,,,,always_reactive,0.852514
h=0.02/q0=0.4/p=0/r=1/sig=0/cf=1,A_core,0.02,0.4,0.0,1.0,0.0,1.0,1.0,wiki_B,autorpa_233k,always_reactive,7373315056.0,0.90754,0.0,0.0,0.0,0.0,0.0,0.0,0.0,0.005,0.0,0.0,always_reactive,0.529607
h=0.02/q0=0.4/p=0/r=1/sig=0/cf=1,A_core,0.02,0.4,0.0,1.0,0.0,1.0,1.0,wiki_B,autorpa_233k,always_compile_evict,13922246056.0,1.713611,0.0,0.0,28107.0,0.0,0.0,0.0,28107.0,0.003,28107.0,6548931000.0,always_reactive,0.529607
h=0.02/q0=0.4/p=0/r=1/sig=0/cf=1,A_core,0.02,0.4,0.0,1.0,0.0,1.0,1.0,wiki_B,autorpa_233k,ours_noinflate,8124507056.0,1.0,0.0,0.0,3224.0,0.0,0.0,0.0,3224.0,0.005,3224.0,751192000.0,always_reactive,0.529607
h=0.02/q0=0.4/p=0/r=1/sig=0/cf=1,A_core,0.02,0.4,0.0,1.0,0.0,1.0,1.0,wiki_B,autorpa_233k,oracle_tax,7373315056.0,0.90754,0.0,0.0,0.0,0.0,0.0,0.0,0.0,0.005,0.0,0.0,always_reactive,0.529607
h=0.02/q0=0.4/p=0/r=1/sig=0/cf=1,A_core,0.02,0.4,0.0,1.0,0.0,1.0,1.0,wiki_B,autorpa_233k,ours_spend_cap,8124507056.0,1.0,0.0,0.0,3224.0,0.0,0.0,0.0,3224.0,0.005,3224.0,751192000.0,always_reactive,0.529607
h=0.02/q0=0.4/p=0/r=1/sig=0/cf=1,A_core,0.02,0.4,0.0,1.0,0.0,1.0,1.0,wiki_B,autorpa_233k,ours_pi_prior,8073946056.0,0.993777,0.0,0.0,3007.0,0.0,0.0,0.0,3007.0,0.005,3007.0,700631000.0,always_reactive,0.529607
h=0.02/q0=0.4/p=0/r=1/sig=0/cf=1,A_core,0.02,0.4,0.0,1.0,0.0,1.0,1.0,wiki_B,autorpa_233k,ours_both,8051578056.0,0.991024,0.0,0.0,2911.0,0.0,0.0,0.0,2911.0,0.005,2911.0,678263000.0,always_reactive,0.529607
h=0.02/q0=0.4/p=0/r=1/sig=0/cf=1,A_core,0.02,0.4,0.0,1.0,0.0,1.0,1.0,wiki_B,autorpa_233k,breakeven,8302286056.0,1.021882,0.0,0.0,3987.0,0.0,0.0,0.0,3987.0,0.004,3987.0,928971000.0,always_reactive,0.529607
h=0.02/q0=0.4/p=0/r=1/sig=0/cf=1,A_core,0.02,0.4,0.0,1.0,0.0,1.0,1.0,wiki_B,autorpa_233k,breakeven_cap,7723048056.0,0.950587,0.0,0.0,1501.0,0.0,0.0,0.0,1501.0,0.005,1501.0,349733000.0,always_reactive,0.529607
h=0.02/q0=0.4/p=0/r=1/sig=0/cf=1,A_core,0.02,0.4,0.0,1.0,0.0,1.0,1.0,wiki_B,autorpa_233k,offline_taxblind,7373315056.0,0.90754,,,,,,,,,,,always_reactive,0.529607
h=0.02/q0=0.4/p=0/r=1/sig=0/cf=1,A_core,0.02,0.4,0.0,1.0,0.0,1.0,1.0,wiki_B,autorpa_233k,offline_opt_tax,7373315056.0,0.90754,,,,,,,,,,,always_reactive,0.529607
h=0.02/q0=0.4/p=0/r=1/sig=0/cf=1,A_core,0.02,0.4,0.0,1.0,0.0,1.0,1.0,wiki_B,native,always_reactive,7373315056.0,0.964523,0.0,0.0,0.0,0.0,0.0,0.0,0.0,0.005,0.0,0.0,always_reactive,0.947454
h=0.02/q0=0.4/p=0/r=1/sig=0/cf=1,A_core,0.02,0.4,0.0,1.0,0.0,1.0,1.0,wiki_B,native,always_compile_evict,7782243799.0,1.018016,0.0,0.0,28107.0,0.0,0.0,0.0,28107.0,0.005,28107.0,408928743.0,always_reactive,0.947454
h=0.02/q0=0.4/p=0/r=1/sig=0/cf=1,A_core,0.02,0.4,0.0,1.0,0.0,1.0,1.0,wiki_B,native,ours_noinflate,7644522965.0,1.0,0.0,0.0,18641.0,0.0,0.0,0.0,18641.0,0.005,18641.0,271207909.0,always_reactive,0.947454
h=0.02/q0=0.4/p=0/r=1/sig=0/cf=1,A_core,0.02,0.4,0.0,1.0,0.0,1.0,1.0,wiki_B,native,oracle_tax,7373315056.0,0.964523,0.0,0.0,0.0,0.0,0.0,0.0,0.0,0.005,0.0,0.0,always_reactive,0.947454
h=0.02/q0=0.4/p=0/r=1/sig=0/cf=1,A_core,0.02,0.4,0.0,1.0,0.0,1.0,1.0,wiki_B,native,ours_spend_cap,7644522965.0,1.0,0.0,0.0,18641.0,0.0,0.0,0.0,18641.0,0.005,18641.0,271207909.0,always_reactive,0.947454
h=0.02/q0=0.4/p=0/r=1/sig=0/cf=1,A_core,0.02,0.4,0.0,1.0,0.0,1.0,1.0,wiki_B,native,ours_pi_prior,7630788709.0,0.998203,0.0,0.0,17697.0,0.0,0.0,0.0,17697.0,0.005,17697.0,257473653.0,always_reactive,0.947454
h=0.02/q0=0.4/p=0/r=1/sig=0/cf=1,A_core,0.02,0.4,0.0,1.0,0.0,1.0,1.0,wiki_B,native,ours_both,7624838168.0,0.997425,0.0,0.0,17288.0,0.0,0.0,0.0,17288.0,0.005,17288.0,251523112.0,always_reactive,0.947454
h=0.02/q0=0.4/p=0/r=1/sig=0/cf=1,A_core,0.02,0.4,0.0,1.0,0.0,1.0,1.0,wiki_B,native,breakeven,7782243799.0,1.018016,0.0,0.0,28107.0,0.0,0.0,0.0,28107.0,0.005,28107.0,408928743.0,always_reactive,0.947454
h=0.02/q0=0.4/p=0/r=1/sig=0/cf=1,A_core,0.02,0.4,0.0,1.0,0.0,1.0,1.0,wiki_B,native,breakeven_cap,7647985627.0,1.000453,0.0,0.0,18879.0,0.0,0.0,0.0,18879.0,0.005,18879.0,274670571.0,always_reactive,0.947454
h=0.02/q0=0.4/p=0/r=1/sig=0/cf=1,A_core,0.02,0.4,0.0,1.0,0.0,1.0,1.0,wiki_B,native,offline_taxblind,7373315056.0,0.964523,,,,,,,,,,,always_reactive,0.947454
h=0.02/q0=0.4/p=0/r=1/sig=0/cf=1,A_core,0.02,0.4,0.0,1.0,0.0,1.0,1.0,wiki_B,native,offline_opt_tax,7373315056.0,0.964523,,,,,,,,,,,always_reactive,0.947454
h=0.02/q0=0.4/p=0/r=1/sig=0/cf=2.08299,A_core,0.02,0.4,0.0,1.0,0.0,1.0,2.0829936590907905,bpi2019,autorpa_233k,always_reactive,19497801224.0,0.906903,0.0,0.0,0.0,0.0,0.0,0.0,0.0,0.005,0.0,0.0,always_reactive,0.145036
h=0.02/q0=0.4/p=0/r=1/sig=0/cf=2.08299,A_core,0.02,0.4,0.0,1.0,0.0,1.0,2.0829936590907905,bpi2019,autorpa_233k,always_compile_evict,134434462643.453,6.25296,0.0,0.0,236818.0,0.0,0.0,0.0,236818.0,0.001,236818.0,114936661419.52,always_reactive,0.145036
h=0.02/q0=0.4/p=0/r=1/sig=0/cf=2.08299,A_core,0.02,0.4,0.0,1.0,0.0,1.0,2.0829936590907905,bpi2019,autorpa_233k,ours_noinflate,21499333167.07,1.0,0.0,0.0,4124.0,0.0,0.0,0.0,4124.0,0.004,4124.0,2001531943.071,always_reactive,0.145036
h=0.02/q0=0.4/p=0/r=1/sig=0/cf=2.08299,A_core,0.02,0.4,0.0,1.0,0.0,1.0,2.0829936590907905,bpi2019,autorpa_233k,oracle_tax,19497801224.0,0.906903,0.0,0.0,0.0,0.0,0.0,0.0,0.0,0.005,0.0,0.0,always_reactive,0.145036
h=0.02/q0=0.4/p=0/r=1/sig=0/cf=2.08299,A_core,0.02,0.4,0.0,1.0,0.0,1.0,2.0829936590907905,bpi2019,autorpa_233k,ours_spend_cap,21081942897.662,0.980586,0.0,0.0,3264.0,0.0,0.0,0.0,3264.0,0.004,3264.0,1584141673.662,always_reactive,0.145036
h=0.02/q0=0.4/p=0/r=1/sig=0/cf=2.08299,A_core,0.02,0.4,0.0,1.0,0.0,1.0,2.0829936590907905,bpi2019,autorpa_233k,ours_pi_prior,21377028111.383,0.994311,0.0,0.0,3872.0,0.0,0.0,0.0,3872.0,0.004,3872.0,1879226887.384,always_reactive,0.145036
h=0.02/q0=0.4/p=0/r=1/sig=0/cf=2.08299,A_core,0.02,0.4,0.0,1.0,0.0,1.0,2.0829936590907905,bpi2019,autorpa_233k,ours_both,20810639222.546,0.967967,0.0,0.0,2705.0,0.0,0.0,0.0,2705.0,0.004,2705.0,1312837998.547,always_reactive,0.145036
h=0.02/q0=0.4/p=0/r=1/sig=0/cf=2.08299,A_core,0.02,0.4,0.0,1.0,0.0,1.0,2.0829936590907905,bpi2019,autorpa_233k,breakeven,41041933850.784,1.908986,0.0,0.0,44390.0,0.0,0.0,0.0,44390.0,0.002,44390.0,21544132626.8,always_reactive,0.145036
h=0.02/q0=0.4/p=0/r=1/sig=0/cf=2.08299,A_core,0.02,0.4,0.0,1.0,0.0,1.0,2.0829936590907905,bpi2019,autorpa_233k,breakeven_cap,20413147791.563,0.949478,0.0,0.0,1886.0,0.0,0.0,0.0,1886.0,0.005,1886.0,915346567.564,always_reactive,0.145036
h=0.02/q0=0.4/p=0/r=1/sig=0/cf=2.08299,A_core,0.02,0.4,0.0,1.0,0.0,1.0,2.0829936590907905,bpi2019,autorpa_233k,offline_taxblind,19497801224.0,0.906903,,,,,,,,,,,always_reactive,0.145036
h=0.02/q0=0.4/p=0/r=1/sig=0/cf=2.08299,A_core,0.02,0.4,0.0,1.0,0.0,1.0,2.0829936590907905,bpi2019,autorpa_233k,offline_opt_tax,19497801224.0,0.906903,,,,,,,,,,,always_reactive,0.145036
h=0.02/q0=0.4/p=0/r=1/sig=0/cf=2.08299,A_core,0.02,0.4,0.0,1.0,0.0,1.0,2.0829936590907905,bpi2019,native,always_reactive,19497801224.0,0.95115,0.0,0.0,0.0,0.0,0.0,0.0,0.0,0.005,0.0,0.0,always_reactive,0.730948
h=0.02/q0=0.4/p=0/r=1/sig=0/cf=2.08299,A_core,0.02,0.4,0.0,1.0,0.0,1.0,2.0829936590907905,bpi2019,native,always_compile_evict,26674683142.511,1.301256,0.0,0.0,236818.0,0.0,0.0,0.0,236818.0,0.003,236818.0,7176881918.426,always_reactive,0.730948
h=0.02/q0=0.4/p=0/r=1/sig=0/cf=2.08299,A_core,0.02,0.4,0.0,1.0,0.0,1.0,2.0829936590907905,bpi2019,native,ours_noinflate,20499185026.045,1.0,0.0,0.0,33043.0,0.0,0.0,0.0,33043.0,0.005,33043.0,1001383802.036,always_reactive,0.730948
h=0.02/q0=0.4/p=0/r=1/sig=0/cf=2.08299,A_core,0.02,0.4,0.0,1.0,0.0,1.0,2.0829936590907905,bpi2019,native,oracle_tax,19497801224.0,0.95115,0.0,0.0,0.0,0.0,0.0,0.0,0.0,0.005,0.0,0.0,always_reactive,0.730948
h=0.02/q0=0.4/p=0/r=1/sig=0/cf=2.08299,A_core,0.02,0.4,0.0,1.0,0.0,1.0,2.0829936590907905,bpi2019,native,ours_spend_cap,20228011638.014,0.986772,0.0,0.0,24095.0,0.0,0.0,0.0,24095.0,0.005,24095.0,730210414.008,always_reactive,0.730948
h=0.02/q0=0.4/p=0/r=1/sig=0/cf=2.08299,A_core,0.02,0.4,0.0,1.0,0.0,1.0,2.0829936590907905,bpi2019,native,ours_pi_prior,20444968531.724,0.997355,0.0,0.0,31254.0,0.0,0.0,0.0,31254.0,0.005,31254.0,947167307.715,always_reactive,0.730948
h=0.02/q0=0.4/p=0/r=1/sig=0/cf=2.08299,A_core,0.02,0.4,0.0,1.0,0.0,1.0,2.0829936590907905,bpi2019,native,ours_both,20190766209.551,0.984955,0.0,0.0,22866.0,0.0,0.0,0.0,22866.0,0.005,22866.0,692964985.545,always_reactive,0.730948
h=0.02/q0=0.4/p=0/r=1/sig=0/cf=2.08299,A_core,0.02,0.4,0.0,1.0,0.0,1.0,2.0829936590907905,bpi2019,native,breakeven,26674683142.511,1.301256,0.0,0.0,236818.0,0.0,0.0,0.0,236818.0,0.003,236818.0,7176881918.426,always_reactive,0.730948
h=0.02/q0=0.4/p=0/r=1/sig=0/cf=2.08299,A_core,0.02,0.4,0.0,1.0,0.0,1.0,2.0829936590907905,bpi2019,native,breakeven_cap,20230405770.519,0.986888,0.0,0.0,24174.0,0.0,0.0,0.0,24174.0,0.005,24174.0,732604546.513,always_reactive,0.730948
h=0.02/q0=0.4/p=0/r=1/sig=0/cf=2.08299,A_core,0.02,0.4,0.0,1.0,0.0,1.0,2.0829936590907905,bpi2019,native,offline_taxblind,19497801224.0,0.95115,,,,,,,,,,,always_reactive,0.730948
h=0.02/q0=0.4/p=0/r=1/sig=0/cf=2.08299,A_core,0.02,0.4,0.0,1.0,0.0,1.0,2.0829936590907905,bpi2019,native,offline_opt_tax,19497801224.0,0.95115,,,,,,,,,,,always_reactive,0.730948
h=0.02/q0=0.4/p=0/r=1/sig=0/cf=2.08299,A_core,0.02,0.4,0.0,1.0,0.0,1.0,2.0829936590907905,sepsis,autorpa_233k,always_reactive,77101119.0,0.888181,0.0,0.0,0.0,0.0,0.0,0.0,0.0,0.005,0.0,0.0,always_reactive,0.528021
h=0.02/q0=0.4/p=0/r=1/sig=0/cf=2.08299,A_core,0.02,0.4,0.0,1.0,0.0,1.0,2.0829936590907905,sepsis,autorpa_233k,always_compile_evict,146019047.205,1.682095,0.0,0.0,142.0,0.0,0.0,0.0,142.0,0.003,142.0,68917928.205,always_reactive,0.528021
h=0.02/q0=0.4/p=0/r=1/sig=0/cf=2.08299,A_core,0.02,0.4,0.0,1.0,0.0,1.0,2.0829936590907905,sepsis,autorpa_233k,ours_noinflate,86807869.451,1.0,0.0,0.0,20.0,0.0,0.0,0.0,20.0,0.004,20.0,9706750.451,always_reactive,0.528021
h=0.02/q0=0.4/p=0/r=1/sig=0/cf=2.08299,A_core,0.02,0.4,0.0,1.0,0.0,1.0,2.0829936590907905,sepsis,autorpa_233k,oracle_tax,77101119.0,0.888181,0.0,0.0,0.0,0.0,0.0,0.0,0.0,0.005,0.0,0.0,always_reactive,0.528021
h=0.02/q0=0.4/p=0/r=1/sig=0/cf=2.08299,A_core,0.02,0.4,0.0,1.0,0.0,1.0,2.0829936590907905,sepsis,autorpa_233k,ours_spend_cap,83895844.316,0.966454,0.0,0.0,14.0,0.0,0.0,0.0,14.0,0.005,14.0,6794725.316,always_reactive,0.528021
h=0.02/q0=0.4/p=0/r=1/sig=0/cf=2.08299,A_core,0.02,0.4,0.0,1.0,0.0,1.0,2.0829936590907905,sepsis,autorpa_233k,ours_pi_prior,88263882.019,1.016773,0.0,0.0,23.0,0.0,0.0,0.0,23.0,0.004,23.0,11162763.019,always_reactive,0.528021
h=0.02/q0=0.4/p=0/r=1/sig=0/cf=2.08299,A_core,0.02,0.4,0.0,1.0,0.0,1.0,2.0829936590907905,sepsis,autorpa_233k,ours_both,83410506.793,0.960863,0.0,0.0,13.0,0.0,0.0,0.0,13.0,0.005,13.0,6309387.793,always_reactive,0.528021
h=0.02/q0=0.4/p=0/r=1/sig=0/cf=2.08299,A_core,0.02,0.4,0.0,1.0,0.0,1.0,2.0829936590907905,sepsis,autorpa_233k,breakeven,82925169.271,0.955272,0.0,0.0,12.0,0.0,0.0,0.0,12.0,0.005,12.0,5824050.271,always_reactive,0.528021
h=0.02/q0=0.4/p=0/r=1/sig=0/cf=2.08299,A_core,0.02,0.4,0.0,1.0,0.0,1.0,2.0829936590907905,sepsis,autorpa_233k,breakeven_cap,82439831.748,0.949682,0.0,0.0,11.0,0.0,0.0,0.0,11.0,0.005,11.0,5338712.748,always_reactive,0.528021
h=0.02/q0=0.4/p=0/r=1/sig=0/cf=2.08299,A_core,0.02,0.4,0.0,1.0,0.0,1.0,2.0829936590907905,sepsis,autorpa_233k,offline_taxblind,77101119.0,0.888181,,,,,,,,,,,always_reactive,0.528021
h=0.02/q0=0.4/p=0/r=1/sig=0/cf=2.08299,A_core,0.02,0.4,0.0,1.0,0.0,1.0,2.0829936590907905,sepsis,autorpa_233k,offline_opt_tax,77101119.0,0.888181,,,,,,,,,,,always_reactive,0.528021
h=0.02/q0=0.4/p=0/r=1/sig=0/cf=2.08299,A_core,0.02,0.4,0.0,1.0,0.0,1.0,2.0829936590907905,sepsis,native,always_reactive,77101119.0,0.947136,0.0,0.0,0.0,0.0,0.0,0.0,0.0,0.005,0.0,0.0,always_reactive,0.947136
h=0.02/q0=0.4/p=0/r=1/sig=0/cf=2.08299,A_core,0.02,0.4,0.0,1.0,0.0,1.0,2.0829936590907905,sepsis,native,always_compile_evict,81404496.414,1.0,0.0,0.0,142.0,0.0,0.0,0.0,142.0,0.005,142.0,4303377.414,always_reactive,0.947136
h=0.02/q0=0.4/p=0/r=1/sig=0/cf=2.08299,A_core,0.02,0.4,0.0,1.0,0.0,1.0,2.0829936590907905,sepsis,native,ours_noinflate,81404496.414,1.0,0.0,0.0,142.0,0.0,0.0,0.0,142.0,0.005,142.0,4303377.414,always_reactive,0.947136
h=0.02/q0=0.4/p=0/r=1/sig=0/cf=2.08299,A_core,0.02,0.4,0.0,1.0,0.0,1.0,2.0829936590907905,sepsis,native,oracle_tax,77101119.0,0.947136,0.0,0.0,0.0,0.0,0.0,0.0,0.0,0.005,0.0,0.0,always_reactive,0.947136
h=0.02/q0=0.4/p=0/r=1/sig=0/cf=2.08299,A_core,0.02,0.4,0.0,1.0,0.0,1.0,2.0829936590907905,sepsis,native,ours_spend_cap,81313579.99,0.998883,0.0,0.0,139.0,0.0,0.0,0.0,139.0,0.005,139.0,4212460.99,always_reactive,0.947136
h=0.02/q0=0.4/p=0/r=1/sig=0/cf=2.08299,A_core,0.02,0.4,0.0,1.0,0.0,1.0,2.0829936590907905,sepsis,native,ours_pi_prior,81374190.939,0.999628,0.0,0.0,141.0,0.0,0.0,0.0,141.0,0.005,141.0,4273071.939,always_reactive,0.947136
h=0.02/q0=0.4/p=0/r=1/sig=0/cf=2.08299,A_core,0.02,0.4,0.0,1.0,0.0,1.0,2.0829936590907905,sepsis,native,ours_both,81283274.515,0.998511,0.0,0.0,138.0,0.0,0.0,0.0,138.0,0.005,138.0,4182155.515,always_reactive,0.947136
h=0.02/q0=0.4/p=0/r=1/sig=0/cf=2.08299,A_core,0.02,0.4,0.0,1.0,0.0,1.0,2.0829936590907905,sepsis,native,breakeven,81404496.414,1.0,0.0,0.0,142.0,0.0,0.0,0.0,142.0,0.005,142.0,4303377.414,always_reactive,0.947136
h=0.02/q0=0.4/p=0/r=1/sig=0/cf=2.08299,A_core,0.02,0.4,0.0,1.0,0.0,1.0,2.0829936590907905,sepsis,native,breakeven_cap,81313579.99,0.998883,0.0,0.0,139.0,0.0,0.0,0.0,139.0,0.005,139.0,4212460.99,always_reactive,0.947136
h=0.02/q0=0.4/p=0/r=1/sig=0/cf=2.08299,A_core,0.02,0.4,0.0,1.0,0.0,1.0,2.0829936590907905,sepsis,native,offline_taxblind,77101119.0,0.947136,,,,,,,,,,,always_reactive,0.947136
h=0.02/q0=0.4/p=0/r=1/sig=0/cf=2.08299,A_core,0.02,0.4,0.0,1.0,0.0,1.0,2.0829936590907905,sepsis,native,offline_opt_tax,77101119.0,0.947136,,,,,,,,,,,always_reactive,0.947136
h=0.02/q0=0.4/p=0/r=1/sig=0/cf=2.08299,A_core,0.02,0.4,0.0,1.0,0.0,1.0,2.0829936590907905,wiki_A,autorpa_233k,always_reactive,5261420180.0,0.932157,0.0,0.0,0.0,0.0,0.0,0.0,0.0,0.005,0.0,0.0,always_reactive,0.147687
h=0.02/q0=0.4/p=0/r=1/sig=0/cf=2.08299,A_core,0.02,0.4,0.0,1.0,0.0,1.0,2.0829936590907905,wiki_A,autorpa_233k,always_compile_evict,35625591604.41,6.311725,0.0,0.0,62563.0,0.0,0.0,0.0,62563.0,0.001,62563.0,30364171424.423,always_reactive,0.147687
h=0.02/q0=0.4/p=0/r=1/sig=0/cf=2.08299,A_core,0.02,0.4,0.0,1.0,0.0,1.0,2.0829936590907905,wiki_A,autorpa_233k,ours_noinflate,5644351485.306,1.0,0.0,0.0,789.0,0.0,0.0,0.0,789.0,0.004,789.0,382931305.306,always_reactive,0.147687
h=0.02/q0=0.4/p=0/r=1/sig=0/cf=2.08299,A_core,0.02,0.4,0.0,1.0,0.0,1.0,2.0829936590907905,wiki_A,autorpa_233k,oracle_tax,5261420180.0,0.932157,0.0,0.0,0.0,0.0,0.0,0.0,0.0,0.005,0.0,0.0,always_reactive,0.147687
h=0.02/q0=0.4/p=0/r=1/sig=0/cf=2.08299,A_core,0.02,0.4,0.0,1.0,0.0,1.0,2.0829936590907905,wiki_A,autorpa_233k,ours_spend_cap,5552137356.018,0.983663,0.0,0.0,599.0,0.0,0.0,0.0,599.0,0.004,599.0,290717176.018,always_reactive,0.147687
h=0.02/q0=0.4/p=0/r=1/sig=0/cf=2.08299,A_core,0.02,0.4,0.0,1.0,0.0,1.0,2.0829936590907905,wiki_A,autorpa_233k,ours_pi_prior,5647263510.442,1.000516,0.0,0.0,795.0,0.0,0.0,0.0,795.0,0.004,795.0,385843330.442,always_reactive,0.147687
h=0.02/q0=0.4/p=0/r=1/sig=0/cf=2.08299,A_core,0.02,0.4,0.0,1.0,0.0,1.0,2.0829936590907905,wiki_A,autorpa_233k,ours_both,5507971641.465,0.975838,0.0,0.0,508.0,0.0,0.0,0.0,508.0,0.004,508.0,246551461.465,always_reactive,0.147687
h=0.02/q0=0.4/p=0/r=1/sig=0/cf=2.08299,A_core,0.02,0.4,0.0,1.0,0.0,1.0,2.0829936590907905,wiki_A,autorpa_233k,breakeven,11238351770.424,1.991079,0.0,0.0,12315.0,0.0,0.0,0.0,12315.0,0.002,12315.0,5976931590.427,always_reactive,0.147687
h=0.02/q0=0.4/p=0/r=1/sig=0/cf=2.08299,A_core,0.02,0.4,0.0,1.0,0.0,1.0,2.0829936590907905,wiki_A,autorpa_233k,breakeven_cap,5459923226.73,0.967325,0.0,0.0,409.0,0.0,0.0,0.0,409.0,0.004,409.0,198503046.73,always_reactive,0.147687
h=0.02/q0=0.4/p=0/r=1/sig=0/cf=2.08299,A_core,0.02,0.4,0.0,1.0,0.0,1.0,2.0829936590907905,wiki_A,autorpa_233k,offline_taxblind,5261420180.0,0.932157,,,,,,,,,,,always_reactive,0.147687
h=0.02/q0=0.4/p=0/r=1/sig=0/cf=2.08299,A_core,0.02,0.4,0.0,1.0,0.0,1.0,2.0829936590907905,wiki_A,autorpa_233k,offline_opt_tax,5261420180.0,0.932157,,,,,,,,,,,always_reactive,0.147687
h=0.02/q0=0.4/p=0/r=1/sig=0/cf=2.08299,A_core,0.02,0.4,0.0,1.0,0.0,1.0,2.0829936590907905,wiki_A,native,always_reactive,5261420180.0,0.958341,0.0,0.0,0.0,0.0,0.0,0.0,0.0,0.005,0.0,0.0,always_reactive,0.7351
h=0.02/q0=0.4/p=0/r=1/sig=0/cf=2.08299,A_core,0.02,0.4,0.0,1.0,0.0,1.0,2.0829936590907905,wiki_A,native,always_compile_evict,7157421596.536,1.303688,0.0,0.0,62563.0,0.0,0.0,0.0,62563.0,0.003,62563.0,1896001416.541,always_reactive,0.7351
h=0.02/q0=0.4/p=0/r=1/sig=0/cf=2.08299,A_core,0.02,0.4,0.0,1.0,0.0,1.0,2.0829936590907905,wiki_A,native,ours_noinflate,5490135597.909,1.0,0.0,0.0,7547.0,0.0,0.0,0.0,7547.0,0.004,7547.0,228715417.909,always_reactive,0.7351
h=0.02/q0=0.4/p=0/r=1/sig=0/cf=2.08299,A_core,0.02,0.4,0.0,1.0,0.0,1.0,2.0829936590907905,wiki_A,native,oracle_tax,5261420180.0,0.958341,0.0,0.0,0.0,0.0,0.0,0.0,0.0,0.005,0.0,0.0,always_reactive,0.7351
h=0.02/q0=0.4/p=0/r=1/sig=0/cf=2.08299,A_core,0.02,0.4,0.0,1.0,0.0,1.0,2.0829936590907905,wiki_A,native,ours_spend_cap,5421281559.286,0.987459,0.0,0.0,5275.0,0.0,0.0,0.0,5275.0,0.004,5275.0,159861379.286,always_reactive,0.7351
h=0.02/q0=0.4/p=0/r=1/sig=0/cf=2.08299,A_core,0.02,0.4,0.0,1.0,0.0,1.0,2.0829936590907905,wiki_A,native,ours_pi_prior,5476861799.97,0.997582,0.0,0.0,7109.0,0.0,0.0,0.0,7109.0,0.004,7109.0,215441619.97,always_reactive,0.7351
h=0.02/q0=0.4/p=0/r=1/sig=0/cf=2.08299,A_core,0.02,0.4,0.0,1.0,0.0,1.0,2.0829936590907905,wiki_A,native,ours_both,5413250608.478,0.985996,0.0,0.0,5010.0,0.0,0.0,0.0,5010.0,0.004,5010.0,151830428.478,always_reactive,0.7351
h=0.02/q0=0.4/p=0/r=1/sig=0/cf=2.08299,A_core,0.02,0.4,0.0,1.0,0.0,1.0,2.0829936590907905,wiki_A,native,breakeven,7157421596.536,1.303688,0.0,0.0,62563.0,0.0,0.0,0.0,62563.0,0.003,62563.0,1896001416.541,always_reactive,0.7351
h=0.02/q0=0.4/p=0/r=1/sig=0/cf=2.08299,A_core,0.02,0.4,0.0,1.0,0.0,1.0,2.0829936590907905,wiki_A,native,breakeven_cap,5421342170.235,0.98747,0.0,0.0,5277.0,0.0,0.0,0.0,5277.0,0.004,5277.0,159921990.235,always_reactive,0.7351
h=0.02/q0=0.4/p=0/r=1/sig=0/cf=2.08299,A_core,0.02,0.4,0.0,1.0,0.0,1.0,2.0829936590907905,wiki_A,native,offline_taxblind,5261420180.0,0.958341,,,,,,,,,,,always_reactive,0.7351
h=0.02/q0=0.4/p=0/r=1/sig=0/cf=2.08299,A_core,0.02,0.4,0.0,1.0,0.0,1.0,2.0829936590907905,wiki_A,native,offline_opt_tax,5261420180.0,0.958341,,,,,,,,,,,always_reactive,0.7351
h=0.02/q0=0.4/p=0/r=1/sig=0/cf=2.08299,A_core,0.02,0.4,0.0,1.0,0.0,1.0,2.0829936590907905,wiki_B,autorpa_233k,always_reactive,7373315056.0,0.824936,0.0,0.0,0.0,0.0,0.0,0.0,0.0,0.005,0.0,0.0,always_reactive,0.350865
h=0.02/q0=0.4/p=0/r=1/sig=0/cf=2.08299,A_core,0.02,0.4,0.0,1.0,0.0,1.0,2.0829936590907905,wiki_B,autorpa_233k,always_compile_evict,21014696802.814,2.351152,0.0,0.0,28107.0,0.0,0.0,0.0,28107.0,0.002,28107.0,13641381746.823,always_reactive,0.350865
h=0.02/q0=0.4/p=0/r=1/sig=0/cf=2.08299,A_core,0.02,0.4,0.0,1.0,0.0,1.0,2.0829936590907905,wiki_B,autorpa_233k,ours_noinflate,8938043228.759,1.0,0.0,0.0,3224.0,0.0,0.0,0.0,3224.0,0.004,3224.0,1564728172.76,always_reactive,0.350865
h=0.02/q0=0.4/p=0/r=1/sig=0/cf=2.08299,A_core,0.02,0.4,0.0,1.0,0.0,1.0,2.0829936590907905,wiki_B,autorpa_233k,oracle_tax,7373315056.0,0.824936,0.0,0.0,0.0,0.0,0.0,0.0,0.0,0.005,0.0,0.0,always_reactive,0.350865
h=0.02/q0=0.4/p=0/r=1/sig=0/cf=2.08299,A_core,0.02,0.4,0.0,1.0,0.0,1.0,2.0829936590907905,wiki_B,autorpa_233k,ours_spend_cap,8642958015.038,0.966985,0.0,0.0,2616.0,0.0,0.0,0.0,2616.0,0.004,2616.0,1269642959.038,always_reactive,0.350865
h=0.02/q0=0.4/p=0/r=1/sig=0/cf=2.08299,A_core,0.02,0.4,0.0,1.0,0.0,1.0,2.0829936590907905,wiki_B,autorpa_233k,ours_pi_prior,8832724986.362,0.988217,0.0,0.0,3007.0,0.0,0.0,0.0,3007.0,0.004,3007.0,1459409930.362,always_reactive,0.350865
h=0.02/q0=0.4/p=0/r=1/sig=0/cf=2.08299,A_core,0.02,0.4,0.0,1.0,0.0,1.0,2.0829936590907905,wiki_B,autorpa_233k,ours_both,8442028280.695,0.944505,0.0,0.0,2202.0,0.0,0.0,0.0,2202.0,0.004,2202.0,1068713224.695,always_reactive,0.350865
h=0.02/q0=0.4/p=0/r=1/sig=0/cf=2.08299,A_core,0.02,0.4,0.0,1.0,0.0,1.0,2.0829936590907905,wiki_B,autorpa_233k,breakeven,9308355758.478,1.041431,0.0,0.0,3987.0,0.0,0.0,0.0,3987.0,0.004,3987.0,1935040702.479,always_reactive,0.350865
h=0.02/q0=0.4/p=0/r=1/sig=0/cf=2.08299,A_core,0.02,0.4,0.0,1.0,0.0,1.0,2.0829936590907905,wiki_B,autorpa_233k,breakeven_cap,7898450255.419,0.883689,0.0,0.0,1082.0,0.0,0.0,0.0,1082.0,0.005,1082.0,525135199.419,always_reactive,0.350865
h=0.02/q0=0.4/p=0/r=1/sig=0/cf=2.08299,A_core,0.02,0.4,0.0,1.0,0.0,1.0,2.0829936590907905,wiki_B,autorpa_233k,offline_taxblind,7373315056.0,0.824936,,,,,,,,,,,always_reactive,0.350865
h=0.02/q0=0.4/p=0/r=1/sig=0/cf=2.08299,A_core,0.02,0.4,0.0,1.0,0.0,1.0,2.0829936590907905,wiki_B,autorpa_233k,offline_opt_tax,7373315056.0,0.824936,,,,,,,,,,,always_reactive,0.350865
h=0.02/q0=0.4/p=0/r=1/sig=0/cf=2.08299,A_core,0.02,0.4,0.0,1.0,0.0,1.0,2.0829936590907905,wiki_B,native,always_reactive,7373315056.0,0.928835,0.0,0.0,0.0,0.0,0.0,0.0,0.0,0.005,0.0,0.0,always_reactive,0.89644
h=0.02/q0=0.4/p=0/r=1/sig=0/cf=2.08299,A_core,0.02,0.4,0.0,1.0,0.0,1.0,2.0829936590907905,wiki_B,native,always_compile_evict,8225111034.685,1.036138,0.0,0.0,28107.0,0.0,0.0,0.0,28107.0,0.004,28107.0,851795978.689,always_reactive,0.89644
h=0.02/q0=0.4/p=0/r=1/sig=0/cf=2.08299,A_core,0.02,0.4,0.0,1.0,0.0,1.0,2.0829936590907905,wiki_B,native,ours_noinflate,7938239410.74,1.0,0.0,0.0,18641.0,0.0,0.0,0.0,18641.0,0.005,18641.0,564924354.742,always_reactive,0.89644
h=0.02/q0=0.4/p=0/r=1/sig=0/cf=2.08299,A_core,0.02,0.4,0.0,1.0,0.0,1.0,2.0829936590907905,wiki_B,native,oracle_tax,7373315056.0,0.928835,0.0,0.0,0.0,0.0,0.0,0.0,0.0,0.005,0.0,0.0,always_reactive,0.89644
h=0.02/q0=0.4/p=0/r=1/sig=0/cf=2.08299,A_core,0.02,0.4,0.0,1.0,0.0,1.0,2.0829936590907905,wiki_B,native,ours_spend_cap,7835594767.776,0.98707,0.0,0.0,15254.0,0.0,0.0,0.0,15254.0,0.005,15254.0,462279711.777,always_reactive,0.89644
h=0.02/q0=0.4/p=0/r=1/sig=0/cf=2.08299,A_core,0.02,0.4,0.0,1.0,0.0,1.0,2.0829936590907905,wiki_B,native,ours_pi_prior,7909631042.58,0.996396,0.0,0.0,17697.0,0.0,0.0,0.0,17697.0,0.005,17697.0,536315986.582,always_reactive,0.89644
h=0.02/q0=0.4/p=0/r=1/sig=0/cf=2.08299,A_core,0.02,0.4,0.0,1.0,0.0,1.0,2.0829936590907905,wiki_B,native,ours_both,7818805534.766,0.984955,0.0,0.0,14700.0,0.0,0.0,0.0,14700.0,0.005,14700.0,445490478.768,always_reactive,0.89644
h=0.02/q0=0.4/p=0/r=1/sig=0/cf=2.08299,A_core,0.02,0.4,0.0,1.0,0.0,1.0,2.0829936590907905,wiki_B,native,breakeven,8225111034.685,1.036138,0.0,0.0,28107.0,0.0,0.0,0.0,28107.0,0.004,28107.0,851795978.689,always_reactive,0.89644
h=0.02/q0=0.4/p=0/r=1/sig=0/cf=2.08299,A_core,0.02,0.4,0.0,1.0,0.0,1.0,2.0829936590907905,wiki_B,native,breakeven_cap,7835685684.2,0.987081,0.0,0.0,15257.0,0.0,0.0,0.0,15257.0,0.005,15257.0,462370628.201,always_reactive,0.89644
h=0.02/q0=0.4/p=0/r=1/sig=0/cf=2.08299,A_core,0.02,0.4,0.0,1.0,0.0,1.0,2.0829936590907905,wiki_B,native,offline_taxblind,7373315056.0,0.928835,,,,,,,,,,,always_reactive,0.89644
h=0.02/q0=0.4/p=0/r=1/sig=0/cf=2.08299,A_core,0.02,0.4,0.0,1.0,0.0,1.0,2.0829936590907905,wiki_B,native,offline_opt_tax,7373315056.0,0.928835,,,,,,,,,,,always_reactive,0.89644
h=0.02/q0=0.4/p=1/r=1/sig=0/cf=1,A_core,0.02,0.4,1.0,1.0,0.0,1.0,1.0,bpi2019,autorpa_233k,always_reactive,19497801224.0,1.704379,0.0,0.0,0.0,0.0,0.0,0.0,0.0,0.005,0.0,0.0,always_compile_evict,1.0
h=0.02/q0=0.4/p=1/r=1/sig=0/cf=1,A_core,0.02,0.4,1.0,1.0,0.0,1.0,1.0,bpi2019,autorpa_233k,always_compile_evict,11435474325.1,0.999619,51.4,81.1,6554.8,4695.9,0.0,97568.5,5971.7,0.104,0.0,0.0,always_compile_evict,1.0
h=0.02/q0=0.4/p=1/r=1/sig=0/cf=1,A_core,0.02,0.4,1.0,1.0,0.0,1.0,1.0,bpi2019,autorpa_233k,ours_noinflate,11439827859.7,1.0,50.3,79.2,5516.1,4551.0,0.0,94591.7,5148.4,0.099,0.0,0.0,always_compile_evict,1.0
h=0.02/q0=0.4/p=1/r=1/sig=0/cf=1,A_core,0.02,0.4,1.0,1.0,0.0,1.0,1.0,bpi2019,autorpa_233k,oracle_tax,18843002532.8,1.64714,44.6,51.7,414.4,369.8,0.0,7659.3,256.4,0.01,0.0,0.0,always_compile_evict,1.0
h=0.02/q0=0.4/p=1/r=1/sig=0/cf=1,A_core,0.02,0.4,1.0,1.0,0.0,1.0,1.0,bpi2019,autorpa_233k,ours_spend_cap,11439827859.7,1.0,50.3,79.2,5516.1,4551.0,0.0,94591.7,5148.4,0.099,0.0,0.0,always_compile_evict,1.0
h=0.02/q0=0.4/p=1/r=1/sig=0/cf=1,A_core,0.02,0.4,1.0,1.0,0.0,1.0,1.0,bpi2019,autorpa_233k,ours_pi_prior,11448835876.3,1.000787,50.0,76.0,5462.2,4535.4,0.0,94281.2,5107.0,0.098,0.0,0.0,always_compile_evict,1.0
h=0.02/q0=0.4/p=1/r=1/sig=0/cf=1,A_core,0.02,0.4,1.0,1.0,0.0,1.0,1.0,bpi2019,autorpa_233k,ours_both,11448835876.3,1.000787,50.0,76.0,5462.2,4535.4,0.0,94281.2,5107.0,0.098,0.0,0.0,always_compile_evict,1.0
h=0.02/q0=0.4/p=1/r=1/sig=0/cf=1,A_core,0.02,0.4,1.0,1.0,0.0,1.0,1.0,bpi2019,autorpa_233k,breakeven,19530732344.3,1.707258,0.0,7.0,637.1,66.2,0.0,1337.4,520.2,0.006,0.0,0.0,always_compile_evict,1.0
h=0.02/q0=0.4/p=1/r=1/sig=0/cf=1,A_core,0.02,0.4,1.0,1.0,0.0,1.0,1.0,bpi2019,autorpa_233k,breakeven_cap,19530732344.3,1.707258,0.0,7.0,637.1,66.2,0.0,1337.4,520.2,0.006,0.0,0.0,always_compile_evict,1.0
h=0.02/q0=0.4/p=1/r=1/sig=0/cf=1,A_core,0.02,0.4,1.0,1.0,0.0,1.0,1.0,bpi2019,autorpa_233k,offline_taxblind,10111540588.676,0.883889,,,,,,,,,,,always_compile_evict,1.0
h=0.02/q0=0.4/p=1/r=1/sig=0/cf=1,A_core,0.02,0.4,1.0,1.0,0.0,1.0,1.0,bpi2019,autorpa_233k,offline_opt_tax,10632937132.477,0.929467,,,,,,,,,,,always_compile_evict,1.0
h=0.02/q0=0.4/p=1/r=1/sig=0/cf=1,A_core,0.02,0.4,1.0,1.0,0.0,1.0,1.0,bpi2019,native,always_reactive,19497801224.0,2.160635,0.0,0.0,0.0,0.0,0.0,0.0,0.0,0.005,0.0,0.0,always_compile_evict,1.0
h=0.02/q0=0.4/p=1/r=1/sig=0/cf=1,A_core,0.02,0.4,1.0,1.0,0.0,1.0,1.0,bpi2019,native,always_compile_evict,9020199101.9,0.999567,3.8,18.4,6554.8,4695.9,0.0,97568.5,3112.3,0.023,0.0,0.0,always_compile_evict,1.0
h=0.02/q0=0.4/p=1/r=1/sig=0/cf=1,A_core,0.02,0.4,1.0,1.0,0.0,1.0,1.0,bpi2019,native,ours_noinflate,9024107291.4,1.0,3.9,18.4,6523.7,4693.5,0.0,97513.2,3112.8,0.023,0.0,0.0,always_compile_evict,1.0
h=0.02/q0=0.4/p=1/r=1/sig=0/cf=1,A_core,0.02,0.4,1.0,1.0,0.0,1.0,1.0,bpi2019,native,oracle_tax,18664369079.3,2.068279,73.0,73.2,494.7,421.7,0.0,8729.0,298.0,0.011,0.0,0.0,always_compile_evict,1.0
h=0.02/q0=0.4/p=1/r=1/sig=0/cf=1,A_core,0.02,0.4,1.0,1.0,0.0,1.0,1.0,bpi2019,native,ours_spend_cap,9024107291.4,1.0,3.9,18.4,6523.7,4693.5,0.0,97513.2,3112.8,0.023,0.0,0.0,always_compile_evict,1.0
h=0.02/q0=0.4/p=1/r=1/sig=0/cf=1,A_core,0.02,0.4,1.0,1.0,0.0,1.0,1.0,bpi2019,native,ours_pi_prior,9031981656.4,1.000873,3.9,18.4,6486.4,4688.1,0.0,97431.9,3112.8,0.023,0.0,0.0,always_compile_evict,1.0
h=0.02/q0=0.4/p=1/r=1/sig=0/cf=1,A_core,0.02,0.4,1.0,1.0,0.0,1.0,1.0,bpi2019,native,ours_both,9031981656.4,1.000873,3.9,18.4,6486.4,4688.1,0.0,97431.9,3112.8,0.023,0.0,0.0,always_compile_evict,1.0
h=0.02/q0=0.4/p=1/r=1/sig=0/cf=1,A_core,0.02,0.4,1.0,1.0,0.0,1.0,1.0,bpi2019,native,breakeven,19303469999.4,2.1391,0.0,4.9,1987.9,104.9,0.0,2207.9,0.2,0.005,0.0,0.0,always_compile_evict,1.0
h=0.02/q0=0.4/p=1/r=1/sig=0/cf=1,A_core,0.02,0.4,1.0,1.0,0.0,1.0,1.0,bpi2019,native,breakeven_cap,19303469999.4,2.1391,0.0,4.9,1987.9,104.9,0.0,2207.9,0.2,0.005,0.0,0.0,always_compile_evict,1.0
h=0.02/q0=0.4/p=1/r=1/sig=0/cf=1,A_core,0.02,0.4,1.0,1.0,0.0,1.0,1.0,bpi2019,native,offline_taxblind,8418877844.918,0.932932,,,,,,,,,,,always_compile_evict,1.0
h=0.02/q0=0.4/p=1/r=1/sig=0/cf=1,A_core,0.02,0.4,1.0,1.0,0.0,1.0,1.0,bpi2019,native,offline_opt_tax,8515429128.259,0.943631,,,,,,,,,,,always_compile_evict,1.0
h=0.02/q0=0.4/p=1/r=1/sig=0/cf=1,A_core,0.02,0.4,1.0,1.0,0.0,1.0,1.0,sepsis,autorpa_233k,always_reactive,77101119.0,1.009416,0.0,0.0,0.0,0.0,0.0,0.0,0.0,0.005,0.0,0.0,ours_pi_prior,0.966682
h=0.02/q0=0.4/p=1/r=1/sig=0/cf=1,A_core,0.02,0.4,1.0,1.0,0.0,1.0,1.0,sepsis,autorpa_233k,always_compile_evict,78836112.6,1.03213,18.4,19.5,29.0,3.0,0.0,59.3,23.5,0.017,0.0,0.0,ours_pi_prior,0.966682
h=0.02/q0=0.4/p=1/r=1/sig=0/cf=1,A_core,0.02,0.4,1.0,1.0,0.0,1.0,1.0,sepsis,autorpa_233k,ours_noinflate,76381937.4,1.0,5.0,6.0,7.1,1.1,0.0,25.1,2.0,0.008,0.0,0.0,ours_pi_prior,0.966682
h=0.02/q0=0.4/p=1/r=1/sig=0/cf=1,A_core,0.02,0.4,1.0,1.0,0.0,1.0,1.0,sepsis,autorpa_233k,oracle_tax,74700214.3,0.977983,4.4,5.0,6.2,1.8,0.0,38.6,0.7,0.01,0.0,0.0,ours_pi_prior,0.966682
h=0.02/q0=0.4/p=1/r=1/sig=0/cf=1,A_core,0.02,0.4,1.0,1.0,0.0,1.0,1.0,sepsis,autorpa_233k,ours_spend_cap,76381937.4,1.0,5.0,6.0,7.1,1.1,0.0,25.1,2.0,0.008,0.0,0.0,ours_pi_prior,0.966682
h=0.02/q0=0.4/p=1/r=1/sig=0/cf=1,A_core,0.02,0.4,1.0,1.0,0.0,1.0,1.0,sepsis,autorpa_233k,ours_pi_prior,76209472.2,0.997742,5.0,5.0,6.2,1.2,0.0,25.4,2.0,0.008,0.0,0.0,ours_pi_prior,0.966682
h=0.02/q0=0.4/p=1/r=1/sig=0/cf=1,A_core,0.02,0.4,1.0,1.0,0.0,1.0,1.0,sepsis,autorpa_233k,ours_both,76209472.2,0.997742,5.0,5.0,6.2,1.2,0.0,25.4,2.0,0.008,0.0,0.0,ours_pi_prior,0.966682
h=0.02/q0=0.4/p=1/r=1/sig=0/cf=1,A_core,0.02,0.4,1.0,1.0,0.0,1.0,1.0,sepsis,autorpa_233k,breakeven,76718209.5,1.004403,3.6,4.0,5.4,1.0,0.0,18.0,3.4,0.007,0.0,0.0,ours_pi_prior,0.966682
h=0.02/q0=0.4/p=1/r=1/sig=0/cf=1,A_core,0.02,0.4,1.0,1.0,0.0,1.0,1.0,sepsis,autorpa_233k,breakeven_cap,76718209.5,1.004403,3.6,4.0,5.4,1.0,0.0,18.0,3.4,0.007,0.0,0.0,ours_pi_prior,0.966682
h=0.02/q0=0.4/p=1/r=1/sig=0/cf=1,A_core,0.02,0.4,1.0,1.0,0.0,1.0,1.0,sepsis,autorpa_233k,offline_taxblind,73838276.944,0.966698,,,,,,,,,,,ours_pi_prior,0.966682
h=0.02/q0=0.4/p=1/r=1/sig=0/cf=1,A_core,0.02,0.4,1.0,1.0,0.0,1.0,1.0,sepsis,autorpa_233k,offline_opt_tax,74362270.89,0.973558,,,,,,,,,,,ours_pi_prior,0.966682
h=0.02/q0=0.4/p=1/r=1/sig=0/cf=1,A_core,0.02,0.4,1.0,1.0,0.0,1.0,1.0,sepsis,native,always_reactive,77101119.0,1.072058,0.0,0.0,0.0,0.0,0.0,0.0,0.0,0.005,0.0,0.0,always_compile_evict,1.0
h=0.02/q0=0.4/p=1/r=1/sig=0/cf=1,A_core,0.02,0.4,1.0,1.0,0.0,1.0,1.0,sepsis,native,always_compile_evict,71918770.1,1.0,3.7,9.8,29.0,3.0,0.0,59.3,0.2,0.011,0.0,0.0,always_compile_evict,1.0
h=0.02/q0=0.4/p=1/r=1/sig=0/cf=1,A_core,0.02,0.4,1.0,1.0,0.0,1.0,1.0,sepsis,native,ours_noinflate,71918770.1,1.0,3.7,9.8,29.0,3.0,0.0,59.3,0.2,0.011,0.0,0.0,always_compile_evict,1.0
h=0.02/q0=0.4/p=1/r=1/sig=0/cf=1,A_core,0.02,0.4,1.0,1.0,0.0,1.0,1.0,sepsis,native,oracle_tax,72542361.5,1.008671,20.2,20.4,22.9,2.7,0.0,53.7,0.5,0.016,0.0,0.0,always_compile_evict,1.0
h=0.02/q0=0.4/p=1/r=1/sig=0/cf=1,A_core,0.02,0.4,1.0,1.0,0.0,1.0,1.0,sepsis,native,ours_spend_cap,71918770.1,1.0,3.7,9.8,29.0,3.0,0.0,59.3,0.2,0.011,0.0,0.0,always_compile_evict,1.0
h=0.02/q0=0.4/p=1/r=1/sig=0/cf=1,A_core,0.02,0.4,1.0,1.0,0.0,1.0,1.0,sepsis,native,ours_pi_prior,71944045.7,1.000351,3.7,9.8,28.9,2.9,0.0,58.8,0.2,0.011,0.0,0.0,always_compile_evict,1.0
h=0.02/q0=0.4/p=1/r=1/sig=0/cf=1,A_core,0.02,0.4,1.0,1.0,0.0,1.0,1.0,sepsis,native,ours_both,71944045.7,1.000351,3.7,9.8,28.9,2.9,0.0,58.8,0.2,0.011,0.0,0.0,always_compile_evict,1.0
h=0.02/q0=0.4/p=1/r=1/sig=0/cf=1,A_core,0.02,0.4,1.0,1.0,0.0,1.0,1.0,sepsis,native,breakeven,76075746.9,1.057801,0.0,4.8,27.8,1.1,0.0,15.7,0.0,0.006,0.0,0.0,always_compile_evict,1.0
h=0.02/q0=0.4/p=1/r=1/sig=0/cf=1,A_core,0.02,0.4,1.0,1.0,0.0,1.0,1.0,sepsis,native,breakeven_cap,76075746.9,1.057801,0.0,4.8,27.8,1.1,0.0,15.7,0.0,0.006,0.0,0.0,always_compile_evict,1.0
h=0.02/q0=0.4/p=1/r=1/sig=0/cf=1,A_core,0.02,0.4,1.0,1.0,0.0,1.0,1.0,sepsis,native,offline_taxblind,44725028.148,0.621883,,,,,,,,,,,always_compile_evict,1.0
h=0.02/q0=0.4/p=1/r=1/sig=0/cf=1,A_core,0.02,0.4,1.0,1.0,0.0,1.0,1.0,sepsis,native,offline_opt_tax,45131601.724,0.627536,,,,,,,,,,,always_compile_evict,1.0
h=0.02/q0=0.4/p=1/r=1/sig=0/cf=1,A_core,0.02,0.4,1.0,1.0,0.0,1.0,1.0,wiki_A,autorpa_233k,always_reactive,5261420180.0,1.878888,0.0,0.0,0.0,0.0,0.0,0.0,0.0,0.005,0.0,0.0,always_compile_evict,1.0
h=0.02/q0=0.4/p=1/r=1/sig=0/cf=1,A_core,0.02,0.4,1.0,1.0,0.0,1.0,1.0,wiki_A,autorpa_233k,always_compile_evict,2788182375.7,0.995679,9.8,45.4,1578.6,1270.3,0.0,25803.0,1000.1,0.04,0.0,0.0,always_compile_evict,1.0
h=0.02/q0=0.4/p=1/r=1/sig=0/cf=1,A_core,0.02,0.4,1.0,1.0,0.0,1.0,1.0,wiki_A,autorpa_233k,ours_noinflate,2800283698.0,1.0,9.0,38.9,1401.2,1237.3,0.0,25140.5,853.1,0.035,0.0,0.0,always_compile_evict,1.0
h=0.02/q0=0.4/p=1/r=1/sig=0/cf=1,A_core,0.02,0.4,1.0,1.0,0.0,1.0,1.0,wiki_A,autorpa_233k,oracle_tax,4240221344.9,1.514211,15.1,17.0,470.5,455.4,0.0,9259.2,244.3,0.012,0.0,0.0,always_compile_evict,1.0
h=0.02/q0=0.4/p=1/r=1/sig=0/cf=1,A_core,0.02,0.4,1.0,1.0,0.0,1.0,1.0,wiki_A,autorpa_233k,ours_spend_cap,2800283698.0,1.0,9.0,38.9,1401.2,1237.3,0.0,25140.5,853.1,0.035,0.0,0.0,always_compile_evict,1.0
h=0.02/q0=0.4/p=1/r=1/sig=0/cf=1,A_core,0.02,0.4,1.0,1.0,0.0,1.0,1.0,wiki_A,autorpa_233k,ours_pi_prior,2806873738.9,1.002353,8.8,37.2,1395.4,1232.7,0.0,25047.4,853.7,0.034,0.0,0.0,always_compile_evict,1.0
h=0.02/q0=0.4/p=1/r=1/sig=0/cf=1,A_core,0.02,0.4,1.0,1.0,0.0,1.0,1.0,wiki_A,autorpa_233k,ours_both,2806873738.9,1.002353,8.8,37.2,1395.4,1232.7,0.0,25047.4,853.7,0.034,0.0,0.0,always_compile_evict,1.0
h=0.02/q0=0.4/p=1/r=1/sig=0/cf=1,A_core,0.02,0.4,1.0,1.0,0.0,1.0,1.0,wiki_A,autorpa_233k,breakeven,4585808409.4,1.637623,0.0,6.5,487.0,381.7,0.0,7731.9,239.4,0.007,0.0,0.0,always_compile_evict,1.0
h=0.02/q0=0.4/p=1/r=1/sig=0/cf=1,A_core,0.02,0.4,1.0,1.0,0.0,1.0,1.0,wiki_A,autorpa_233k,breakeven_cap,4585808409.4,1.637623,0.0,6.5,487.0,381.7,0.0,7731.9,239.4,0.007,0.0,0.0,always_compile_evict,1.0
h=0.02/q0=0.4/p=1/r=1/sig=0/cf=1,A_core,0.02,0.4,1.0,1.0,0.0,1.0,1.0,wiki_A,autorpa_233k,offline_taxblind,2657689778.347,0.949079,,,,,,,,,,,always_compile_evict,1.0
h=0.02/q0=0.4/p=1/r=1/sig=0/cf=1,A_core,0.02,0.4,1.0,1.0,0.0,1.0,1.0,wiki_A,autorpa_233k,offline_opt_tax,2709441860.857,0.96756,,,,,,,,,,,always_compile_evict,1.0
h=0.02/q0=0.4/p=1/r=1/sig=0/cf=1,A_core,0.02,0.4,1.0,1.0,0.0,1.0,1.0,wiki_A,native,always_reactive,5261420180.0,2.212546,0.0,0.0,0.0,0.0,0.0,0.0,0.0,0.005,0.0,0.0,always_compile_evict,1.0
h=0.02/q0=0.4/p=1/r=1/sig=0/cf=1,A_core,0.02,0.4,1.0,1.0,0.0,1.0,1.0,wiki_A,native,always_compile_evict,2377846275.9,0.999938,4.0,12.8,1578.6,1270.3,0.0,25803.0,636.1,0.019,0.0,0.0,always_compile_evict,1.0
h=0.02/q0=0.4/p=1/r=1/sig=0/cf=1,A_core,0.02,0.4,1.0,1.0,0.0,1.0,1.0,wiki_A,native,ours_noinflate,2377993122.3,1.0,4.0,12.8,1577.5,1270.3,0.0,25801.0,636.0,0.019,0.0,0.0,always_compile_evict,1.0
h=0.02/q0=0.4/p=1/r=1/sig=0/cf=1,A_core,0.02,0.4,1.0,1.0,0.0,1.0,1.0,wiki_A,native,oracle_tax,4109337255.9,1.728069,23.7,23.8,494.5,470.8,0.0,9560.7,234.1,0.014,0.0,0.0,always_compile_evict,1.0
h=0.02/q0=0.4/p=1/r=1/sig=0/cf=1,A_core,0.02,0.4,1.0,1.0,0.0,1.0,1.0,wiki_A,native,ours_spend_cap,2377993122.3,1.0,4.0,12.8,1577.5,1270.3,0.0,25801.0,636.0,0.019,0.0,0.0,always_compile_evict,1.0
h=0.02/q0=0.4/p=1/r=1/sig=0/cf=1,A_core,0.02,0.4,1.0,1.0,0.0,1.0,1.0,wiki_A,native,ours_pi_prior,2378679872.2,1.000289,3.9,12.8,1574.3,1270.1,0.0,25794.1,636.3,0.019,0.0,0.0,always_compile_evict,1.0
h=0.02/q0=0.4/p=1/r=1/sig=0/cf=1,A_core,0.02,0.4,1.0,1.0,0.0,1.0,1.0,wiki_A,native,ours_both,2378679872.2,1.000289,3.9,12.8,1574.3,1270.1,0.0,25794.1,636.3,0.019,0.0,0.0,always_compile_evict,1.0
h=0.02/q0=0.4/p=1/r=1/sig=0/cf=1,A_core,0.02,0.4,1.0,1.0,0.0,1.0,1.0,wiki_A,native,breakeven,4543502391.3,1.910646,0.0,5.0,663.4,351.5,0.0,7158.6,135.3,0.006,0.0,0.0,always_compile_evict,1.0
h=0.02/q0=0.4/p=1/r=1/sig=0/cf=1,A_core,0.02,0.4,1.0,1.0,0.0,1.0,1.0,wiki_A,native,breakeven_cap,4543502391.3,1.910646,0.0,5.0,663.4,351.5,0.0,7158.6,135.3,0.006,0.0,0.0,always_compile_evict,1.0
h=0.02/q0=0.4/p=1/r=1/sig=0/cf=1,A_core,0.02,0.4,1.0,1.0,0.0,1.0,1.0,wiki_A,native,offline_taxblind,2259779168.036,0.950288,,,,,,,,,,,always_compile_evict,1.0
h=0.02/q0=0.4/p=1/r=1/sig=0/cf=1,A_core,0.02,0.4,1.0,1.0,0.0,1.0,1.0,wiki_A,native,offline_opt_tax,2276091083.91,0.957148,,,,,,,,,,,always_compile_evict,1.0
h=0.02/q0=0.4/p=1/r=1/sig=0/cf=1,A_core,0.02,0.4,1.0,1.0,0.0,1.0,1.0,wiki_B,autorpa_233k,always_reactive,7373315056.0,1.039176,0.0,0.0,0.0,0.0,0.0,0.0,0.0,0.005,0.0,0.0,ours_pi_prior,0.986575
h=0.02/q0=0.4/p=1/r=1/sig=0/cf=1,A_core,0.02,0.4,1.0,1.0,0.0,1.0,1.0,wiki_B,autorpa_233k,always_compile_evict,7188181933.4,1.013084,65.9,85.3,2271.3,574.7,0.0,11560.8,1981.9,0.074,0.0,0.0,ours_pi_prior,0.986575
h=0.02/q0=0.4/p=1/r=1/sig=0/cf=1,A_core,0.02,0.4,1.0,1.0,0.0,1.0,1.0,wiki_B,autorpa_233k,ours_noinflate,7095347632.2,1.0,61.2,79.9,1309.3,459.2,0.0,9354.2,1116.4,0.063,0.0,0.0,ours_pi_prior,0.986575
h=0.02/q0=0.4/p=1/r=1/sig=0/cf=1,A_core,0.02,0.4,1.0,1.0,0.0,1.0,1.0,wiki_B,autorpa_233k,oracle_tax,7290633468.4,1.027523,26.1,28.0,91.7,65.6,0.0,1293.8,46.3,0.011,0.0,0.0,ours_pi_prior,0.986575
h=0.02/q0=0.4/p=1/r=1/sig=0/cf=1,A_core,0.02,0.4,1.0,1.0,0.0,1.0,1.0,wiki_B,autorpa_233k,ours_spend_cap,7095347632.2,1.0,61.2,79.9,1309.3,459.2,0.0,9354.2,1116.4,0.063,0.0,0.0,ours_pi_prior,0.986575
h=0.02/q0=0.4/p=1/r=1/sig=0/cf=1,A_core,0.02,0.4,1.0,1.0,0.0,1.0,1.0,wiki_B,autorpa_233k,ours_pi_prior,7091681290.8,0.999483,59.9,79.1,1274.6,455.4,0.0,9243.7,1080.7,0.062,0.0,0.0,ours_pi_prior,0.986575
h=0.02/q0=0.4/p=1/r=1/sig=0/cf=1,A_core,0.02,0.4,1.0,1.0,0.0,1.0,1.0,wiki_B,autorpa_233k,ours_both,7091681290.8,0.999483,59.9,79.1,1274.6,455.4,0.0,9243.7,1080.7,0.062,0.0,0.0,ours_pi_prior,0.986575
h=0.02/q0=0.4/p=1/r=1/sig=0/cf=1,A_core,0.02,0.4,1.0,1.0,0.0,1.0,1.0,wiki_B,autorpa_233k,breakeven,7394881590.3,1.042216,4.5,10.3,413.9,48.9,0.0,946.2,345.4,0.008,0.0,0.0,ours_pi_prior,0.986575
h=0.02/q0=0.4/p=1/r=1/sig=0/cf=1,A_core,0.02,0.4,1.0,1.0,0.0,1.0,1.0,wiki_B,autorpa_233k,breakeven_cap,7394881590.3,1.042216,4.5,10.3,413.9,48.9,0.0,946.2,345.4,0.008,0.0,0.0,ours_pi_prior,0.986575
h=0.02/q0=0.4/p=1/r=1/sig=0/cf=1,A_core,0.02,0.4,1.0,1.0,0.0,1.0,1.0,wiki_B,autorpa_233k,offline_taxblind,6464149666.415,0.911041,,,,,,,,,,,ours_pi_prior,0.986575
h=0.02/q0=0.4/p=1/r=1/sig=0/cf=1,A_core,0.02,0.4,1.0,1.0,0.0,1.0,1.0,wiki_B,autorpa_233k,offline_opt_tax,6667610160.64,0.939716,,,,,,,,,,,ours_pi_prior,0.986575
h=0.02/q0=0.4/p=1/r=1/sig=0/cf=1,A_core,0.02,0.4,1.0,1.0,0.0,1.0,1.0,wiki_B,native,always_reactive,7373315056.0,1.181742,0.0,0.0,0.0,0.0,0.0,0.0,0.0,0.005,0.0,0.0,always_compile_evict,1.0
h=0.02/q0=0.4/p=1/r=1/sig=0/cf=1,A_core,0.02,0.4,1.0,1.0,0.0,1.0,1.0,wiki_B,native,always_compile_evict,6239244851.0,0.999981,4.9,14.5,2271.3,574.7,0.0,11560.8,137.3,0.013,0.0,0.0,always_compile_evict,1.0
h=0.02/q0=0.4/p=1/r=1/sig=0/cf=1,A_core,0.02,0.4,1.0,1.0,0.0,1.0,1.0,wiki_B,native,ours_noinflate,6239360315.8,1.0,4.9,14.5,2270.2,574.7,0.0,11559.2,137.3,0.013,0.0,0.0,always_compile_evict,1.0
h=0.02/q0=0.4/p=1/r=1/sig=0/cf=1,A_core,0.02,0.4,1.0,1.0,0.0,1.0,1.0,wiki_B,native,oracle_tax,7245172753.1,1.161204,90.0,90.3,177.5,87.5,0.0,1750.1,63.0,0.014,0.0,0.0,always_compile_evict,1.0
h=0.02/q0=0.4/p=1/r=1/sig=0/cf=1,A_core,0.02,0.4,1.0,1.0,0.0,1.0,1.0,wiki_B,native,ours_spend_cap,6239360315.8,1.0,4.9,14.5,2270.2,574.7,0.0,11559.2,137.3,0.013,0.0,0.0,always_compile_evict,1.0
h=0.02/q0=0.4/p=1/r=1/sig=0/cf=1,A_core,0.02,0.4,1.0,1.0,0.0,1.0,1.0,wiki_B,native,ours_pi_prior,6240828703.2,1.000235,4.9,14.5,2259.6,574.0,0.0,11539.4,137.6,0.013,0.0,0.0,always_compile_evict,1.0
h=0.02/q0=0.4/p=1/r=1/sig=0/cf=1,A_core,0.02,0.4,1.0,1.0,0.0,1.0,1.0,wiki_B,native,ours_both,6240828703.2,1.000235,4.9,14.5,2259.6,574.0,0.0,11539.4,137.6,0.013,0.0,0.0,always_compile_evict,1.0
h=0.02/q0=0.4/p=1/r=1/sig=0/cf=1,A_core,0.02,0.4,1.0,1.0,0.0,1.0,1.0,wiki_B,native,breakeven,7291280015.6,1.168594,0.0,5.0,1779.0,57.0,0.0,1107.1,1.1,0.006,0.0,0.0,always_compile_evict,1.0
h=0.02/q0=0.4/p=1/r=1/sig=0/cf=1,A_core,0.02,0.4,1.0,1.0,0.0,1.0,1.0,wiki_B,native,breakeven_cap,7291280015.6,1.168594,0.0,5.0,1779.0,57.0,0.0,1107.1,1.1,0.006,0.0,0.0,always_compile_evict,1.0
h=0.02/q0=0.4/p=1/r=1/sig=0/cf=1,A_core,0.02,0.4,1.0,1.0,0.0,1.0,1.0,wiki_B,native,offline_taxblind,4103809012.536,0.657729,,,,,,,,,,,always_compile_evict,1.0
h=0.02/q0=0.4/p=1/r=1/sig=0/cf=1,A_core,0.02,0.4,1.0,1.0,0.0,1.0,1.0,wiki_B,native,offline_opt_tax,4120531549.863,0.660409,,,,,,,,,,,always_compile_evict,1.0
h=0.1/q0=0.17/p=0.3/r=1/sig=0/cf=1,B_q0,0.1,0.17,0.3,1.0,0.0,1.0,1.0,bpi2019,autorpa_233k,always_reactive,19497801224.0,0.986192,0.0,0.0,0.0,0.0,0.0,0.0,0.0,0.005,0.0,0.0,always_reactive,0.752812
h=0.1/q0=0.17/p=0.3/r=1/sig=0/cf=1,B_q0,0.1,0.17,0.3,1.0,0.0,1.0,1.0,bpi2019,autorpa_233k,always_compile_evict,25899961058.3,1.310011,64.9,110.0,66813.4,19033.1,0.0,48030.4,66579.2,0.072,46733.0,10888789000.0,always_reactive,0.752812
h=0.1/q0=0.17/p=0.3/r=1/sig=0/cf=1,B_q0,0.1,0.17,0.3,1.0,0.0,1.0,1.0,bpi2019,autorpa_233k,ours_noinflate,19770791971.6,1.0,5.0,15.2,1345.3,270.8,0.0,686.4,1286.7,0.011,946.1,220441300.0,always_reactive,0.752812
h=0.1/q0=0.17/p=0.3/r=1/sig=0/cf=1,B_q0,0.1,0.17,0.3,1.0,0.0,1.0,1.0,bpi2019,autorpa_233k,oracle_tax,19497801224.0,0.986192,0.0,0.0,0.0,0.0,0.0,0.0,0.0,0.005,0.0,0.0,always_reactive,0.752812
h=0.1/q0=0.17/p=0.3/r=1/sig=0/cf=1,B_q0,0.1,0.17,0.3,1.0,0.0,1.0,1.0,bpi2019,autorpa_233k,ours_spend_cap,19751094489.0,0.999004,4.2,14.6,1051.8,186.3,0.0,477.4,1009.3,0.011,741.1,172676300.0,always_reactive,0.752812
h=0.1/q0=0.17/p=0.3/r=1/sig=0/cf=1,B_q0,0.1,0.17,0.3,1.0,0.0,1.0,1.0,bpi2019,autorpa_233k,ours_pi_prior,19829390377.1,1.002964,7.5,17.8,1457.0,289.3,0.0,735.4,1411.2,0.013,1017.7,237124100.0,always_reactive,0.752812
h=0.1/q0=0.17/p=0.3/r=1/sig=0/cf=1,B_q0,0.1,0.17,0.3,1.0,0.0,1.0,1.0,bpi2019,autorpa_233k,ours_both,19800465698.7,1.001501,6.3,16.7,1145.2,204.9,0.0,525.0,1110.0,0.013,796.9,185677700.0,always_reactive,0.752812
h=0.1/q0=0.17/p=0.3/r=1/sig=0/cf=1,B_q0,0.1,0.17,0.3,1.0,0.0,1.0,1.0,bpi2019,autorpa_233k,breakeven,19965674302.5,1.009857,0.9,12.2,2414.9,317.3,0.0,799.8,2267.2,0.008,1693.2,394515600.0,always_reactive,0.752812
h=0.1/q0=0.17/p=0.3/r=1/sig=0/cf=1,B_q0,0.1,0.17,0.3,1.0,0.0,1.0,1.0,bpi2019,autorpa_233k,breakeven_cap,19799066688.3,1.00143,0.3,9.2,1412.1,143.7,0.0,361.4,1347.2,0.007,991.7,231066100.0,always_reactive,0.752812
h=0.1/q0=0.17/p=0.3/r=1/sig=0/cf=1,B_q0,0.1,0.17,0.3,1.0,0.0,1.0,1.0,bpi2019,autorpa_233k,offline_taxblind,19497801224.0,0.986192,,,,,,,,,,,always_reactive,0.752812
h=0.1/q0=0.17/p=0.3/r=1/sig=0/cf=1,B_q0,0.1,0.17,0.3,1.0,0.0,1.0,1.0,bpi2019,autorpa_233k,offline_opt_tax,19497801224.0,0.986192,,,,,,,,,,,always_reactive,0.752812
h=0.1/q0=0.17/p=0.3/r=1/sig=0/cf=1,B_q0,0.1,0.17,0.3,1.0,0.0,1.0,1.0,bpi2019,native,always_reactive,19497801224.0,2.002111,0.0,0.0,0.0,0.0,0.0,0.0,0.0,0.005,0.0,0.0,always_compile_evict,1.0
h=0.1/q0=0.17/p=0.3/r=1/sig=0/cf=1,B_q0,0.1,0.17,0.3,1.0,0.0,1.0,1.0,bpi2019,native,always_compile_evict,9738327163.3,0.99997,4.7,22.7,66813.4,19033.1,0.0,48030.4,63275.0,0.029,46733.0,679918417.0,always_compile_evict,1.0
h=0.1/q0=0.17/p=0.3/r=1/sig=0/cf=1,B_q0,0.1,0.17,0.3,1.0,0.0,1.0,1.0,bpi2019,native,ours_noinflate,9738623080.1,1.0,4.7,22.7,66807.0,19032.0,0.0,48026.9,63270.0,0.029,46728.4,679851491.6,always_compile_evict,1.0
h=0.1/q0=0.17/p=0.3/r=1/sig=0/cf=1,B_q0,0.1,0.17,0.3,1.0,0.0,1.0,1.0,bpi2019,native,oracle_tax,19307432234.8,1.982563,33.1,37.5,1408.6,393.0,0.0,1002.3,1173.3,0.006,982.5,14294392.5,always_compile_evict,1.0
h=0.1/q0=0.17/p=0.3/r=1/sig=0/cf=1,B_q0,0.1,0.17,0.3,1.0,0.0,1.0,1.0,bpi2019,native,ours_spend_cap,18139753438.6,1.862661,1.9,14.7,13106.7,2940.6,0.0,7424.1,9964.8,0.008,9180.5,133567094.5,always_compile_evict,1.0
h=0.1/q0=0.17/p=0.3/r=1/sig=0/cf=1,B_q0,0.1,0.17,0.3,1.0,0.0,1.0,1.0,bpi2019,native,ours_pi_prior,9863366113.5,1.012809,4.8,22.4,65565.3,18679.5,0.0,47151.7,62080.2,0.029,45861.5,667238963.5,always_compile_evict,1.0
h=0.1/q0=0.17/p=0.3/r=1/sig=0/cf=1,B_q0,0.1,0.17,0.3,1.0,0.0,1.0,1.0,bpi2019,native,ours_both,18149566576.2,1.863669,1.9,14.5,12944.2,2911.8,0.0,7355.3,9849.3,0.008,9069.4,131950700.6,always_compile_evict,1.0
h=0.1/q0=0.17/p=0.3/r=1/sig=0/cf=1,B_q0,0.1,0.17,0.3,1.0,0.0,1.0,1.0,bpi2019,native,breakeven,19349841334.5,1.986918,0.0,6.2,5575.2,439.8,0.0,1098.0,3894.4,0.005,3893.6,56647986.4,always_compile_evict,1.0
h=0.1/q0=0.17/p=0.3/r=1/sig=0/cf=1,B_q0,0.1,0.17,0.3,1.0,0.0,1.0,1.0,bpi2019,native,breakeven_cap,19357864207.0,1.987741,0.0,6.2,5503.1,417.8,0.0,1041.7,3846.0,0.005,3845.7,55951089.3,always_compile_evict,1.0
h=0.1/q0=0.17/p=0.3/r=1/sig=0/cf=1,B_q0,0.1,0.17,0.3,1.0,0.0,1.0,1.0,bpi2019,native,offline_taxblind,6810730778.435,0.699353,,,,,,,,,,,always_compile_evict,1.0
h=0.1/q0=0.17/p=0.3/r=1/sig=0/cf=1,B_q0,0.1,0.17,0.3,1.0,0.0,1.0,1.0,bpi2019,native,offline_opt_tax,7011710296.223,0.71999,,,,,,,,,,,always_compile_evict,1.0
h=0.1/q0=0.17/p=0.3/r=1/sig=0/cf=1,B_q0,0.1,0.17,0.3,1.0,0.0,1.0,1.0,sepsis,autorpa_233k,always_reactive,77101119.0,0.991288,0.0,0.0,0.0,0.0,0.0,0.0,0.0,0.005,0.0,0.0,always_reactive,0.859424
h=0.1/q0=0.17/p=0.3/r=1/sig=0/cf=1,B_q0,0.1,0.17,0.3,1.0,0.0,1.0,1.0,sepsis,autorpa_233k,always_compile_evict,89712531.6,1.153432,11.4,12.0,73.6,8.2,0.0,20.6,67.8,0.01,52.9,12325700.0,always_reactive,0.859424
h=0.1/q0=0.17/p=0.3/r=1/sig=0/cf=1,B_q0,0.1,0.17,0.3,1.0,0.0,1.0,1.0,sepsis,autorpa_233k,ours_noinflate,77778746.1,1.0,0.5,1.2,5.8,1.0,0.0,2.6,4.6,0.006,4.3,1001900.0,always_reactive,0.859424
h=0.1/q0=0.17/p=0.3/r=1/sig=0/cf=1,B_q0,0.1,0.17,0.3,1.0,0.0,1.0,1.0,sepsis,autorpa_233k,oracle_tax,77101119.0,0.991288,0.0,0.0,0.0,0.0,0.0,0.0,0.0,0.005,0.0,0.0,always_reactive,0.859424
h=0.1/q0=0.17/p=0.3/r=1/sig=0/cf=1,B_q0,0.1,0.17,0.3,1.0,0.0,1.0,1.0,sepsis,autorpa_233k,ours_spend_cap,77778746.1,1.0,0.5,1.2,5.8,1.0,0.0,2.6,4.6,0.006,4.3,1001900.0,always_reactive,0.859424
h=0.1/q0=0.17/p=0.3/r=1/sig=0/cf=1,B_q0,0.1,0.17,0.3,1.0,0.0,1.0,1.0,sepsis,autorpa_233k,ours_pi_prior,78551719.0,1.009938,0.9,1.5,9.6,1.1,0.0,3.2,8.2,0.006,7.6,1770800.0,always_reactive,0.859424
h=0.1/q0=0.17/p=0.3/r=1/sig=0/cf=1,B_q0,0.1,0.17,0.3,1.0,0.0,1.0,1.0,sepsis,autorpa_233k,ours_both,78551719.0,1.009938,0.9,1.5,9.6,1.1,0.0,3.2,8.2,0.006,7.6,1770800.0,always_reactive,0.859424
h=0.1/q0=0.17/p=0.3/r=1/sig=0/cf=1,B_q0,0.1,0.17,0.3,1.0,0.0,1.0,1.0,sepsis,autorpa_233k,breakeven,79070583.4,1.016609,1.2,2.4,13.4,1.8,0.0,5.3,11.2,0.006,10.1,2353300.0,always_reactive,0.859424
h=0.1/q0=0.17/p=0.3/r=1/sig=0/cf=1,B_q0,0.1,0.17,0.3,1.0,0.0,1.0,1.0,sepsis,autorpa_233k,breakeven_cap,78706645.2,1.01193,1.2,2.2,11.5,1.5,0.0,4.5,9.5,0.006,8.5,1980500.0,always_reactive,0.859424
h=0.1/q0=0.17/p=0.3/r=1/sig=0/cf=1,B_q0,0.1,0.17,0.3,1.0,0.0,1.0,1.0,sepsis,autorpa_233k,offline_taxblind,77101119.0,0.991288,,,,,,,,,,,always_reactive,0.859424
h=0.1/q0=0.17/p=0.3/r=1/sig=0/cf=1,B_q0,0.1,0.17,0.3,1.0,0.0,1.0,1.0,sepsis,autorpa_233k,offline_opt_tax,77101119.0,0.991288,,,,,,,,,,,always_reactive,0.859424
h=0.1/q0=0.17/p=0.3/r=1/sig=0/cf=1,B_q0,0.1,0.17,0.3,1.0,0.0,1.0,1.0,sepsis,native,always_reactive,77101119.0,1.048496,0.0,0.0,0.0,0.0,0.0,0.0,0.0,0.005,0.0,0.0,always_compile_evict,1.0
h=0.1/q0=0.17/p=0.3/r=1/sig=0/cf=1,B_q0,0.1,0.17,0.3,1.0,0.0,1.0,1.0,sepsis,native,always_compile_evict,73534974.9,1.0,7.9,9.6,73.6,8.2,0.0,20.6,53.3,0.011,52.9,769642.1,always_compile_evict,1.0
h=0.1/q0=0.17/p=0.3/r=1/sig=0/cf=1,B_q0,0.1,0.17,0.3,1.0,0.0,1.0,1.0,sepsis,native,ours_noinflate,73534974.9,1.0,7.9,9.6,73.6,8.2,0.0,20.6,53.3,0.011,52.9,769642.1,always_compile_evict,1.0
h=0.1/q0=0.17/p=0.3/r=1/sig=0/cf=1,B_q0,0.1,0.17,0.3,1.0,0.0,1.0,1.0,sepsis,native,oracle_tax,73544202.4,1.000125,7.6,8.4,52.5,7.7,0.0,19.3,37.5,0.01,37.2,541222.8,always_compile_evict,1.0
h=0.1/q0=0.17/p=0.3/r=1/sig=0/cf=1,B_q0,0.1,0.17,0.3,1.0,0.0,1.0,1.0,sepsis,native,ours_spend_cap,73534974.9,1.0,7.9,9.6,73.6,8.2,0.0,20.6,53.3,0.011,52.9,769642.1,always_compile_evict,1.0
h=0.1/q0=0.17/p=0.3/r=1/sig=0/cf=1,B_q0,0.1,0.17,0.3,1.0,0.0,1.0,1.0,sepsis,native,ours_pi_prior,73552162.6,1.000234,7.7,9.3,73.1,8.1,0.0,20.4,53.1,0.011,52.7,766732.3,always_compile_evict,1.0
h=0.1/q0=0.17/p=0.3/r=1/sig=0/cf=1,B_q0,0.1,0.17,0.3,1.0,0.0,1.0,1.0,sepsis,native,ours_both,73552162.6,1.000234,7.7,9.3,73.1,8.1,0.0,20.4,53.1,0.011,52.7,766732.3,always_compile_evict,1.0
h=0.1/q0=0.17/p=0.3/r=1/sig=0/cf=1,B_q0,0.1,0.17,0.3,1.0,0.0,1.0,1.0,sepsis,native,breakeven,75690307.6,1.02931,4.7,6.8,63.3,4.5,0.0,10.1,46.1,0.009,46.1,670708.9,always_compile_evict,1.0
h=0.1/q0=0.17/p=0.3/r=1/sig=0/cf=1,B_q0,0.1,0.17,0.3,1.0,0.0,1.0,1.0,sepsis,native,breakeven_cap,75690307.6,1.02931,4.7,6.8,63.3,4.5,0.0,10.1,46.1,0.009,46.1,670708.9,always_compile_evict,1.0
h=0.1/q0=0.17/p=0.3/r=1/sig=0/cf=1,B_q0,0.1,0.17,0.3,1.0,0.0,1.0,1.0,sepsis,native,offline_taxblind,60336781.18,0.820518,,,,,,,,,,,always_compile_evict,1.0
h=0.1/q0=0.17/p=0.3/r=1/sig=0/cf=1,B_q0,0.1,0.17,0.3,1.0,0.0,1.0,1.0,sepsis,native,offline_opt_tax,61627082.544,0.838065,,,,,,,,,,,always_compile_evict,1.0
h=0.1/q0=0.17/p=0.3/r=1/sig=0/cf=1,B_q0,0.1,0.17,0.3,1.0,0.0,1.0,1.0,wiki_A,autorpa_233k,always_reactive,5261420180.0,0.994317,0.0,0.0,0.0,0.0,0.0,0.0,0.0,0.005,0.0,0.0,always_reactive,0.820178
h=0.1/q0=0.17/p=0.3/r=1/sig=0/cf=1,B_q0,0.1,0.17,0.3,1.0,0.0,1.0,1.0,wiki_A,autorpa_233k,always_compile_evict,6414972849.6,1.212319,22.2,53.2,17364.1,5043.7,0.0,12774.8,16810.4,0.021,12141.9,2829062700.0,always_reactive,0.820178
h=0.1/q0=0.17/p=0.3/r=1/sig=0/cf=1,B_q0,0.1,0.17,0.3,1.0,0.0,1.0,1.0,wiki_A,autorpa_233k,ours_noinflate,5291489711.2,1.0,1.1,7.6,300.1,71.0,0.0,176.2,264.0,0.006,211.8,49349400.0,always_reactive,0.820178
h=0.1/q0=0.17/p=0.3/r=1/sig=0/cf=1,B_q0,0.1,0.17,0.3,1.0,0.0,1.0,1.0,wiki_A,autorpa_233k,oracle_tax,5261420180.0,0.994317,0.0,0.0,0.0,0.0,0.0,0.0,0.0,0.005,0.0,0.0,always_reactive,0.820178
h=0.1/q0=0.17/p=0.3/r=1/sig=0/cf=1,B_q0,0.1,0.17,0.3,1.0,0.0,1.0,1.0,wiki_A,autorpa_233k,ours_spend_cap,5284160493.6,0.998615,1.0,7.0,203.3,44.9,0.0,117.5,176.0,0.006,142.7,33249100.0,always_reactive,0.820178
h=0.1/q0=0.17/p=0.3/r=1/sig=0/cf=1,B_q0,0.1,0.17,0.3,1.0,0.0,1.0,1.0,wiki_A,autorpa_233k,ours_pi_prior,5300593133.9,1.00172,1.4,8.0,301.1,69.5,0.0,172.6,267.6,0.007,210.8,49116400.0,always_reactive,0.820178
h=0.1/q0=0.17/p=0.3/r=1/sig=0/cf=1,B_q0,0.1,0.17,0.3,1.0,0.0,1.0,1.0,wiki_A,autorpa_233k,ours_both,5294710939.9,1.000609,1.4,7.2,221.8,47.6,0.0,124.0,198.0,0.007,154.9,36091700.0,always_reactive,0.820178
h=0.1/q0=0.17/p=0.3/r=1/sig=0/cf=1,B_q0,0.1,0.17,0.3,1.0,0.0,1.0,1.0,wiki_A,autorpa_233k,breakeven,5562108042.4,1.051142,1.0,7.9,3885.3,1097.0,0.0,2758.8,3502.0,0.006,2720.3,633829900.0,always_reactive,0.820178
h=0.1/q0=0.17/p=0.3/r=1/sig=0/cf=1,B_q0,0.1,0.17,0.3,1.0,0.0,1.0,1.0,wiki_A,autorpa_233k,breakeven_cap,5305524469.8,1.002652,0.6,5.4,325.4,64.5,0.0,156.1,283.6,0.005,225.1,52448300.0,always_reactive,0.820178
h=0.1/q0=0.17/p=0.3/r=1/sig=0/cf=1,B_q0,0.1,0.17,0.3,1.0,0.0,1.0,1.0,wiki_A,autorpa_233k,offline_taxblind,5261420180.0,0.994317,,,,,,,,,,,always_reactive,0.820178
h=0.1/q0=0.17/p=0.3/r=1/sig=0/cf=1,B_q0,0.1,0.17,0.3,1.0,0.0,1.0,1.0,wiki_A,autorpa_233k,offline_opt_tax,5261420180.0,0.994317,,,,,,,,,,,always_reactive,0.820178
h=0.1/q0=0.17/p=0.3/r=1/sig=0/cf=1,B_q0,0.1,0.17,0.3,1.0,0.0,1.0,1.0,wiki_A,native,always_reactive,5261420180.0,2.076481,0.0,0.0,0.0,0.0,0.0,0.0,0.0,0.005,0.0,0.0,always_compile_evict,1.0
h=0.1/q0=0.17/p=0.3/r=1/sig=0/cf=1,B_q0,0.1,0.17,0.3,1.0,0.0,1.0,1.0,wiki_A,native,always_compile_evict,2533745105.7,0.999972,2.9,17.3,17364.1,5043.7,0.0,12774.8,16145.2,0.019,12141.9,176652503.1,always_compile_evict,1.0
h=0.1/q0=0.17/p=0.3/r=1/sig=0/cf=1,B_q0,0.1,0.17,0.3,1.0,0.0,1.0,1.0,wiki_A,native,ours_noinflate,2533815785.6,1.0,2.9,17.4,17363.3,5043.6,0.0,12774.5,16144.5,0.019,12141.3,176643773.7,always_compile_evict,1.0
h=0.1/q0=0.17/p=0.3/r=1/sig=0/cf=1,B_q0,0.1,0.17,0.3,1.0,0.0,1.0,1.0,wiki_A,native,oracle_tax,4969003412.0,1.961075,8.1,9.2,1720.1,503.9,0.0,1259.0,1442.5,0.005,1208.1,17576646.9,always_compile_evict,1.0
h=0.1/q0=0.17/p=0.3/r=1/sig=0/cf=1,B_q0,0.1,0.17,0.3,1.0,0.0,1.0,1.0,wiki_A,native,ours_spend_cap,4938093750.6,1.948876,0.6,15.3,2775.8,679.6,0.0,1700.9,2065.6,0.007,1934.0,28137766.0,always_compile_evict,1.0
h=0.1/q0=0.17/p=0.3/r=1/sig=0/cf=1,B_q0,0.1,0.17,0.3,1.0,0.0,1.0,1.0,wiki_A,native,ours_pi_prior,2537777352.6,1.001563,2.9,17.2,17326.1,5032.6,0.0,12747.1,16113.8,0.019,12115.9,176274229.1,always_compile_evict,1.0
h=0.1/q0=0.17/p=0.3/r=1/sig=0/cf=1,B_q0,0.1,0.17,0.3,1.0,0.0,1.0,1.0,wiki_A,native,ours_both,4939201491.7,1.949314,0.6,15.3,2763.3,676.6,0.0,1693.9,2055.6,0.007,1925.2,28009734.8,always_compile_evict,1.0
h=0.1/q0=0.17/p=0.3/r=1/sig=0/cf=1,B_q0,0.1,0.17,0.3,1.0,0.0,1.0,1.0,wiki_A,native,breakeven,4517501748.0,1.782885,0.0,6.0,5824.5,1538.4,0.0,3875.6,5028.8,0.006,4076.5,59308998.5,always_compile_evict,1.0
h=0.1/q0=0.17/p=0.3/r=1/sig=0/cf=1,B_q0,0.1,0.17,0.3,1.0,0.0,1.0,1.0,wiki_A,native,breakeven_cap,5122006503.1,2.02146,0.0,6.0,1656.1,296.9,0.0,742.4,1163.8,0.005,1157.4,16839012.6,always_compile_evict,1.0
h=0.1/q0=0.17/p=0.3/r=1/sig=0/cf=1,B_q0,0.1,0.17,0.3,1.0,0.0,1.0,1.0,wiki_A,native,offline_taxblind,1795167016.887,0.708484,,,,,,,,,,,always_compile_evict,1.0
h=0.1/q0=0.17/p=0.3/r=1/sig=0/cf=1,B_q0,0.1,0.17,0.3,1.0,0.0,1.0,1.0,wiki_A,native,offline_opt_tax,1816661828.855,0.716967,,,,,,,,,,,always_compile_evict,1.0
h=0.1/q0=0.17/p=0.3/r=1/sig=0/cf=1,B_q0,0.1,0.17,0.3,1.0,0.0,1.0,1.0,wiki_B,autorpa_233k,always_reactive,7373315056.0,0.979121,0.0,0.0,0.0,0.0,0.0,0.0,0.0,0.005,0.0,0.0,always_reactive,0.792235
h=0.1/q0=0.17/p=0.3/r=1/sig=0/cf=1,B_q0,0.1,0.17,0.3,1.0,0.0,1.0,1.0,wiki_B,autorpa_233k,always_compile_evict,9306979683.2,1.235897,104.6,118.5,10149.8,2137.0,0.0,5340.1,9963.8,0.081,7119.2,1658773600.0,always_reactive,0.792235
h=0.1/q0=0.17/p=0.3/r=1/sig=0/cf=1,B_q0,0.1,0.17,0.3,1.0,0.0,1.0,1.0,wiki_B,autorpa_233k,ours_noinflate,7530546971.6,1.0,11.8,18.5,764.4,131.0,0.0,347.4,735.1,0.014,538.1,125377300.0,always_reactive,0.792235
h=0.1/q0=0.17/p=0.3/r=1/sig=0/cf=1,B_q0,0.1,0.17,0.3,1.0,0.0,1.0,1.0,wiki_B,autorpa_233k,oracle_tax,7373315056.0,0.979121,0.0,0.0,0.0,0.0,0.0,0.0,0.0,0.005,0.0,0.0,always_reactive,0.792235
h=0.1/q0=0.17/p=0.3/r=1/sig=0/cf=1,B_q0,0.1,0.17,0.3,1.0,0.0,1.0,1.0,wiki_B,autorpa_233k,ours_spend_cap,7520368706.4,0.998648,10.9,17.6,660.6,103.2,0.0,276.2,633.1,0.014,464.1,108135300.0,always_reactive,0.792235
h=0.1/q0=0.17/p=0.3/r=1/sig=0/cf=1,B_q0,0.1,0.17,0.3,1.0,0.0,1.0,1.0,wiki_B,autorpa_233k,ours_pi_prior,7591675216.5,1.008117,12.9,20.8,942.3,153.0,0.0,388.0,911.8,0.017,665.8,155131400.0,always_reactive,0.792235
h=0.1/q0=0.17/p=0.3/r=1/sig=0/cf=1,B_q0,0.1,0.17,0.3,1.0,0.0,1.0,1.0,wiki_B,autorpa_233k,ours_both,7577602937.9,1.006249,11.8,19.6,838.4,126.7,0.0,326.5,810.6,0.016,590.7,137633100.0,always_reactive,0.792235
h=0.1/q0=0.17/p=0.3/r=1/sig=0/cf=1,B_q0,0.1,0.17,0.3,1.0,0.0,1.0,1.0,wiki_B,autorpa_233k,breakeven,7644299510.7,1.015105,4.8,12.0,1475.6,209.6,0.0,534.6,1380.9,0.01,1035.3,241224900.0,always_reactive,0.792235
h=0.1/q0=0.17/p=0.3/r=1/sig=0/cf=1,B_q0,0.1,0.17,0.3,1.0,0.0,1.0,1.0,wiki_B,autorpa_233k,breakeven_cap,7561063502.9,1.004052,3.5,9.9,909.0,98.4,0.0,249.2,864.4,0.009,639.6,149026800.0,always_reactive,0.792235
h=0.1/q0=0.17/p=0.3/r=1/sig=0/cf=1,B_q0,0.1,0.17,0.3,1.0,0.0,1.0,1.0,wiki_B,autorpa_233k,offline_taxblind,7373315056.0,0.979121,,,,,,,,,,,always_reactive,0.792235
h=0.1/q0=0.17/p=0.3/r=1/sig=0/cf=1,B_q0,0.1,0.17,0.3,1.0,0.0,1.0,1.0,wiki_B,autorpa_233k,offline_opt_tax,7373315056.0,0.979121,,,,,,,,,,,always_reactive,0.792235
h=0.1/q0=0.17/p=0.3/r=1/sig=0/cf=1,B_q0,0.1,0.17,0.3,1.0,0.0,1.0,1.0,wiki_B,native,always_reactive,7373315056.0,1.140847,0.0,0.0,0.0,0.0,0.0,0.0,0.0,0.005,0.0,0.0,always_compile_evict,1.0
h=0.1/q0=0.17/p=0.3/r=1/sig=0/cf=1,B_q0,0.1,0.17,0.3,1.0,0.0,1.0,1.0,wiki_B,native,always_compile_evict,6462974341.8,0.999993,11.0,24.3,10149.8,2137.0,0.0,5340.1,8371.0,0.02,7119.2,103577240.8,always_compile_evict,1.0
h=0.1/q0=0.17/p=0.3/r=1/sig=0/cf=1,B_q0,0.1,0.17,0.3,1.0,0.0,1.0,1.0,wiki_B,native,ours_noinflate,6463017014.7,1.0,10.9,24.3,10147.4,2136.9,0.0,5339.6,8369.4,0.02,7117.4,103551052.6,always_compile_evict,1.0
h=0.1/q0=0.17/p=0.3/r=1/sig=0/cf=1,B_q0,0.1,0.17,0.3,1.0,0.0,1.0,1.0,wiki_B,native,oracle_tax,7333365634.8,1.134666,29.9,30.8,453.2,101.2,0.0,252.0,361.2,0.006,322.1,4686232.9,always_compile_evict,1.0
h=0.1/q0=0.17/p=0.3/r=1/sig=0/cf=1,B_q0,0.1,0.17,0.3,1.0,0.0,1.0,1.0,wiki_B,native,ours_spend_cap,6767845313.1,1.047165,6.0,19.4,7874.8,1478.3,0.0,3710.2,6110.3,0.016,5520.5,80317754.5,always_compile_evict,1.0
h=0.1/q0=0.17/p=0.3/r=1/sig=0/cf=1,B_q0,0.1,0.17,0.3,1.0,0.0,1.0,1.0,wiki_B,native,ours_pi_prior,6465951627.7,1.000454,10.9,24.1,10091.0,2127.0,0.0,5316.0,8327.2,0.02,7078.7,102988006.3,always_compile_evict,1.0
h=0.1/q0=0.17/p=0.3/r=1/sig=0/cf=1,B_q0,0.1,0.17,0.3,1.0,0.0,1.0,1.0,wiki_B,native,ours_both,6770071114.1,1.047509,5.9,19.3,7823.7,1470.3,0.0,3692.0,6073.5,0.016,5484.8,79798355.2,always_compile_evict,1.0
h=0.1/q0=0.17/p=0.3/r=1/sig=0/cf=1,B_q0,0.1,0.17,0.3,1.0,0.0,1.0,1.0,wiki_B,native,breakeven,7314352550.6,1.131724,0.0,7.2,4371.4,251.8,0.0,634.6,3071.6,0.006,3059.2,44508300.8,always_compile_evict,1.0
h=0.1/q0=0.17/p=0.3/r=1/sig=0/cf=1,B_q0,0.1,0.17,0.3,1.0,0.0,1.0,1.0,wiki_B,native,breakeven_cap,7315453587.9,1.131895,0.0,7.2,4354.8,247.9,0.0,626.6,3058.0,0.006,3048.0,44345352.0,always_compile_evict,1.0
h=0.1/q0=0.17/p=0.3/r=1/sig=0/cf=1,B_q0,0.1,0.17,0.3,1.0,0.0,1.0,1.0,wiki_B,native,offline_taxblind,5256780497.048,0.813363,,,,,,,,,,,always_compile_evict,1.0
h=0.1/q0=0.17/p=0.3/r=1/sig=0/cf=1,B_q0,0.1,0.17,0.3,1.0,0.0,1.0,1.0,wiki_B,native,offline_opt_tax,5305520277.916,0.820905,,,,,,,,,,,always_compile_evict,1.0
h=0.1/q0=0.17/p=0.3/r=1/sig=0/cf=2.08299,B_q0,0.1,0.17,0.3,1.0,0.0,1.0,2.0829936590907905,bpi2019,autorpa_233k,always_reactive,19497801224.0,0.974426,0.0,0.0,0.0,0.0,0.0,0.0,0.0,0.005,0.0,0.0,always_reactive,0.517287
h=0.1/q0=0.17/p=0.3/r=1/sig=0/cf=2.08299,B_q0,0.1,0.17,0.3,1.0,0.0,1.0,2.0829936590907905,bpi2019,autorpa_233k,always_compile_evict,37692450500.461,1.883725,64.9,110.0,66813.4,19033.1,0.0,48030.4,66579.2,0.049,46733.0,22681278442.178,always_reactive,0.517287
h=0.1/q0=0.17/p=0.3/r=1/sig=0/cf=2.08299,B_q0,0.1,0.17,0.3,1.0,0.0,1.0,2.0829936590907905,bpi2019,autorpa_233k,ours_noinflate,20009528501.701,1.0,5.0,15.2,1345.3,270.8,0.0,686.4,1286.7,0.011,946.1,459177830.102,always_reactive,0.517287
h=0.1/q0=0.17/p=0.3/r=1/sig=0/cf=2.08299,B_q0,0.1,0.17,0.3,1.0,0.0,1.0,2.0829936590907905,bpi2019,autorpa_233k,oracle_tax,19497801224.0,0.974426,0.0,0.0,0.0,0.0,0.0,0.0,0.0,0.005,0.0,0.0,always_reactive,0.517287
h=0.1/q0=0.17/p=0.3/r=1/sig=0/cf=2.08299,B_q0,0.1,0.17,0.3,1.0,0.0,1.0,2.0829936590907905,bpi2019,autorpa_233k,ours_spend_cap,19898029572.788,0.994428,4.1,13.9,942.2,162.8,0.0,417.7,904.1,0.011,661.9,321244906.188,always_reactive,0.517287
h=0.1/q0=0.17/p=0.3/r=1/sig=0/cf=2.08299,B_q0,0.1,0.17,0.3,1.0,0.0,1.0,2.0829936590907905,bpi2019,autorpa_233k,ours_pi_prior,20086194273.817,1.003831,7.5,17.8,1457.0,289.3,0.0,735.4,1411.2,0.013,1017.7,493927996.718,always_reactive,0.517287
h=0.1/q0=0.17/p=0.3/r=1/sig=0/cf=2.08299,B_q0,0.1,0.17,0.3,1.0,0.0,1.0,2.0829936590907905,bpi2019,autorpa_233k,ours_both,19947130983.07,0.996882,5.7,15.1,1006.5,175.8,0.0,447.2,975.2,0.012,698.8,339153860.771,always_reactive,0.517287
h=0.1/q0=0.17/p=0.3/r=1/sig=0/cf=2.08299,B_q0,0.1,0.17,0.3,1.0,0.0,1.0,2.0829936590907905,bpi2019,autorpa_233k,breakeven,20392932195.712,1.019161,0.9,12.2,2414.9,317.3,0.0,799.8,2267.2,0.008,1693.2,821773493.212,always_reactive,0.517287
h=0.1/q0=0.17/p=0.3/r=1/sig=0/cf=2.08299,B_q0,0.1,0.17,0.3,1.0,0.0,1.0,2.0829936590907905,bpi2019,autorpa_233k,breakeven_cap,19899084483.268,0.99448,0.1,7.7,1014.6,94.4,0.0,241.5,971.5,0.007,712.0,345560316.069,always_reactive,0.517287
h=0.1/q0=0.17/p=0.3/r=1/sig=0/cf=2.08299,B_q0,0.1,0.17,0.3,1.0,0.0,1.0,2.0829936590907905,bpi2019,autorpa_233k,offline_taxblind,19497801224.0,0.974426,,,,,,,,,,,always_reactive,0.517287
h=0.1/q0=0.17/p=0.3/r=1/sig=0/cf=2.08299,B_q0,0.1,0.17,0.3,1.0,0.0,1.0,2.0829936590907905,bpi2019,autorpa_233k,offline_opt_tax,19497801224.0,0.974426,,,,,,,,,,,always_reactive,0.517287
h=0.1/q0=0.17/p=0.3/r=1/sig=0/cf=2.08299,B_q0,0.1,0.17,0.3,1.0,0.0,1.0,2.0829936590907905,bpi2019,native,always_reactive,19497801224.0,1.861383,0.0,0.0,0.0,0.0,0.0,0.0,0.0,0.005,0.0,0.0,always_compile_evict,1.0
h=0.1/q0=0.17/p=0.3/r=1/sig=0/cf=2.08299,B_q0,0.1,0.17,0.3,1.0,0.0,1.0,2.0829936590907905,bpi2019,native,always_compile_evict,10474674497.61,0.999979,4.7,22.7,66813.4,19033.1,0.0,48030.4,63275.0,0.027,46733.0,1416265751.31,always_compile_evict,1.0
h=0.1/q0=0.17/p=0.3/r=1/sig=0/cf=2.08299,B_q0,0.1,0.17,0.3,1.0,0.0,1.0,2.0829936590907905,bpi2019,native,ours_noinflate,10474897934.626,1.0,4.7,22.7,66807.0,19032.0,0.0,48026.9,63270.0,0.027,46728.4,1416126346.126,always_compile_evict,1.0
h=0.1/q0=0.17/p=0.3/r=1/sig=0/cf=2.08299,B_q0,0.1,0.17,0.3,1.0,0.0,1.0,2.0829936590907905,bpi2019,native,oracle_tax,19322912971.239,1.844687,33.1,37.5,1408.6,393.0,0.0,1002.3,1173.3,0.006,982.5,29775128.938,always_compile_evict,1.0
h=0.1/q0=0.17/p=0.3/r=1/sig=0/cf=2.08299,B_q0,0.1,0.17,0.3,1.0,0.0,1.0,2.0829936590907905,bpi2019,native,ours_spend_cap,18647763329.379,1.780233,0.9,12.8,10073.5,2077.7,0.0,5242.1,7345.2,0.007,7051.3,213692994.077,always_compile_evict,1.0
h=0.1/q0=0.17/p=0.3/r=1/sig=0/cf=2.08299,B_q0,0.1,0.17,0.3,1.0,0.0,1.0,2.0829936590907905,bpi2019,native,ours_pi_prior,10585981680.069,1.010605,4.8,22.4,65565.3,18679.5,0.0,47151.7,62080.2,0.027,45861.5,1389854530.069,always_compile_evict,1.0
h=0.1/q0=0.17/p=0.3/r=1/sig=0/cf=2.08299,B_q0,0.1,0.17,0.3,1.0,0.0,1.0,2.0829936590907905,bpi2019,native,ours_both,18653229243.982,1.780755,0.9,12.6,9941.0,2058.6,0.0,5196.1,7252.4,0.007,6960.1,210929134.78,always_compile_evict,1.0
h=0.1/q0=0.17/p=0.3/r=1/sig=0/cf=2.08299,B_q0,0.1,0.17,0.3,1.0,0.0,1.0,2.0829936590907905,bpi2019,native,breakeven,19411190744.572,1.853115,0.0,6.2,5575.2,439.8,0.0,1098.0,3894.4,0.005,3893.6,117997396.471,always_compile_evict,1.0
h=0.1/q0=0.17/p=0.3/r=1/sig=0/cf=2.08299,B_q0,0.1,0.17,0.3,1.0,0.0,1.0,2.0829936590907905,bpi2019,native,breakeven_cap,19424952557.045,1.854429,0.0,6.2,5402.3,398.2,0.0,993.7,3774.2,0.005,3773.9,114369831.144,always_compile_evict,1.0
h=0.1/q0=0.17/p=0.3/r=1/sig=0/cf=2.08299,B_q0,0.1,0.17,0.3,1.0,0.0,1.0,2.0829936590907905,bpi2019,native,offline_taxblind,6810730778.435,0.650195,,,,,,,,,,,always_compile_evict,1.0
h=0.1/q0=0.17/p=0.3/r=1/sig=0/cf=2.08299,B_q0,0.1,0.17,0.3,1.0,0.0,1.0,2.0829936590907905,bpi2019,native,offline_opt_tax,7011710296.223,0.669382,,,,,,,,,,,always_compile_evict,1.0
h=0.1/q0=0.17/p=0.3/r=1/sig=0/cf=2.08299,B_q0,0.1,0.17,0.3,1.0,0.0,1.0,2.0829936590907905,sepsis,autorpa_233k,always_reactive,77101119.0,0.977649,0.0,0.0,0.0,0.0,0.0,0.0,0.0,0.005,0.0,0.0,always_reactive,0.74811
h=0.1/q0=0.17/p=0.3/r=1/sig=0/cf=2.08299,B_q0,0.1,0.17,0.3,1.0,0.0,1.0,2.0829936590907905,sepsis,autorpa_233k,always_compile_evict,103061186.544,1.306825,11.4,12.0,73.6,8.2,0.0,20.6,67.8,0.009,52.9,25674354.944,always_reactive,0.74811
h=0.1/q0=0.17/p=0.3/r=1/sig=0/cf=2.08299,B_q0,0.1,0.17,0.3,1.0,0.0,1.0,2.0829936590907905,sepsis,autorpa_233k,ours_noinflate,78863797.447,1.0,0.5,1.2,5.8,1.0,0.0,2.6,4.6,0.005,4.3,2086951.347,always_reactive,0.74811
h=0.1/q0=0.17/p=0.3/r=1/sig=0/cf=2.08299,B_q0,0.1,0.17,0.3,1.0,0.0,1.0,2.0829936590907905,sepsis,autorpa_233k,oracle_tax,77101119.0,0.977649,0.0,0.0,0.0,0.0,0.0,0.0,0.0,0.005,0.0,0.0,always_reactive,0.74811
h=0.1/q0=0.17/p=0.3/r=1/sig=0/cf=2.08299,B_q0,0.1,0.17,0.3,1.0,0.0,1.0,2.0829936590907905,sepsis,autorpa_233k,ours_spend_cap,78808159.795,0.999295,0.4,1.2,5.6,1.0,0.0,2.6,4.4,0.005,4.2,2038417.595,always_reactive,0.74811
h=0.1/q0=0.17/p=0.3/r=1/sig=0/cf=2.08299,B_q0,0.1,0.17,0.3,1.0,0.0,1.0,2.0829936590907905,sepsis,autorpa_233k,ours_pi_prior,80469484.172,1.02036,0.9,1.5,9.6,1.1,0.0,3.2,8.2,0.005,7.6,3688565.172,always_reactive,0.74811
h=0.1/q0=0.17/p=0.3/r=1/sig=0/cf=2.08299,B_q0,0.1,0.17,0.3,1.0,0.0,1.0,2.0829936590907905,sepsis,autorpa_233k,ours_both,80303233.815,1.018252,0.8,1.5,9.1,1.0,0.0,2.9,7.8,0.005,7.3,3542963.915,always_reactive,0.74811
h=0.1/q0=0.17/p=0.3/r=1/sig=0/cf=2.08299,B_q0,0.1,0.17,0.3,1.0,0.0,1.0,2.0829936590907905,sepsis,autorpa_233k,breakeven,81619192.378,1.034939,1.2,2.4,13.4,1.8,0.0,5.3,11.2,0.006,10.1,4901908.978,always_reactive,0.74811
h=0.1/q0=0.17/p=0.3/r=1/sig=0/cf=2.08299,B_q0,0.1,0.17,0.3,1.0,0.0,1.0,2.0829936590907905,sepsis,autorpa_233k,breakeven_cap,80041970.349,1.014939,0.7,1.8,8.7,1.2,0.0,2.9,7.2,0.005,6.6,3203227.649,always_reactive,0.74811
h=0.1/q0=0.17/p=0.3/r=1/sig=0/cf=2.08299,B_q0,0.1,0.17,0.3,1.0,0.0,1.0,2.0829936590907905,sepsis,autorpa_233k,offline_taxblind,77101119.0,0.977649,,,,,,,,,,,always_reactive,0.74811
h=0.1/q0=0.17/p=0.3/r=1/sig=0/cf=2.08299,B_q0,0.1,0.17,0.3,1.0,0.0,1.0,2.0829936590907905,sepsis,autorpa_233k,offline_opt_tax,77101119.0,0.977649,,,,,,,,,,,always_reactive,0.74811
h=0.1/q0=0.17/p=0.3/r=1/sig=0/cf=2.08299,B_q0,0.1,0.17,0.3,1.0,0.0,1.0,2.0829936590907905,sepsis,native,always_reactive,77101119.0,1.036744,0.0,0.0,0.0,0.0,0.0,0.0,0.0,0.005,0.0,0.0,ours_spend_cap,0.999815
h=0.1/q0=0.17/p=0.3/r=1/sig=0/cf=2.08299,B_q0,0.1,0.17,0.3,1.0,0.0,1.0,2.0829936590907905,sepsis,native,always_compile_evict,74368492.414,1.0,7.9,9.6,73.6,8.2,0.0,20.6,53.3,0.011,52.9,1603159.614,ours_spend_cap,0.999815
h=0.1/q0=0.17/p=0.3/r=1/sig=0/cf=2.08299,B_q0,0.1,0.17,0.3,1.0,0.0,1.0,2.0829936590907905,sepsis,native,ours_noinflate,74368492.414,1.0,7.9,9.6,73.6,8.2,0.0,20.6,53.3,0.011,52.9,1603159.614,ours_spend_cap,0.999815
h=0.1/q0=0.17/p=0.3/r=1/sig=0/cf=2.08299,B_q0,0.1,0.17,0.3,1.0,0.0,1.0,2.0829936590907905,sepsis,native,oracle_tax,74130343.261,0.996798,7.6,8.4,52.5,7.7,0.0,19.3,37.5,0.01,37.2,1127363.661,ours_spend_cap,0.999815
h=0.1/q0=0.17/p=0.3/r=1/sig=0/cf=2.08299,B_q0,0.1,0.17,0.3,1.0,0.0,1.0,2.0829936590907905,sepsis,native,ours_spend_cap,74354751.582,0.999815,7.8,9.6,72.7,8.1,0.0,20.4,52.6,0.011,52.2,1581945.782,ours_spend_cap,0.999815
h=0.1/q0=0.17/p=0.3/r=1/sig=0/cf=2.08299,B_q0,0.1,0.17,0.3,1.0,0.0,1.0,2.0829936590907905,sepsis,native,ours_pi_prior,74382528.819,1.000189,7.7,9.3,73.1,8.1,0.0,20.4,53.1,0.01,52.7,1597098.519,ours_spend_cap,0.999815
h=0.1/q0=0.17/p=0.3/r=1/sig=0/cf=2.08299,B_q0,0.1,0.17,0.3,1.0,0.0,1.0,2.0829936590907905,sepsis,native,ours_both,74368787.987,1.000004,7.6,9.2,72.2,8.0,0.0,20.2,52.4,0.01,52.0,1575884.687,ours_spend_cap,0.999815
h=0.1/q0=0.17/p=0.3/r=1/sig=0/cf=2.08299,B_q0,0.1,0.17,0.3,1.0,0.0,1.0,2.0829936590907905,sepsis,native,breakeven,76416681.086,1.027541,4.7,6.8,63.3,4.5,0.0,10.1,46.1,0.009,46.1,1397082.386,ours_spend_cap,0.999815
h=0.1/q0=0.17/p=0.3/r=1/sig=0/cf=2.08299,B_q0,0.1,0.17,0.3,1.0,0.0,1.0,2.0829936590907905,sepsis,native,breakeven_cap,76405901.343,1.027396,4.7,6.8,62.9,4.4,0.0,9.9,45.8,0.009,45.8,1387990.743,ours_spend_cap,0.999815
h=0.1/q0=0.17/p=0.3/r=1/sig=0/cf=2.08299,B_q0,0.1,0.17,0.3,1.0,0.0,1.0,2.0829936590907905,sepsis,native,offline_taxblind,60336781.18,0.811322,,,,,,,,,,,ours_spend_cap,0.999815
h=0.1/q0=0.17/p=0.3/r=1/sig=0/cf=2.08299,B_q0,0.1,0.17,0.3,1.0,0.0,1.0,2.0829936590907905,sepsis,native,offline_opt_tax,61627082.544,0.828672,,,,,,,,,,,ours_spend_cap,0.999815
h=0.1/q0=0.17/p=0.3/r=1/sig=0/cf=2.08299,B_q0,0.1,0.17,0.3,1.0,0.0,1.0,2.0829936590907905,wiki_A,autorpa_233k,always_reactive,5261420180.0,0.984375,0.0,0.0,0.0,0.0,0.0,0.0,0.0,0.005,0.0,0.0,always_reactive,0.555071
h=0.1/q0=0.17/p=0.3/r=1/sig=0/cf=2.08299,B_q0,0.1,0.17,0.3,1.0,0.0,1.0,2.0829936590907905,wiki_A,autorpa_233k,always_compile_evict,9478829814.868,1.773423,22.2,53.2,17364.1,5043.7,0.0,12774.8,16810.4,0.014,12141.9,5892919665.27,always_reactive,0.555071
h=0.1/q0=0.17/p=0.3/r=1/sig=0/cf=2.08299,B_q0,0.1,0.17,0.3,1.0,0.0,1.0,2.0829936590907905,wiki_A,autorpa_233k,ours_noinflate,5344934798.48,1.0,1.1,7.6,300.1,71.0,0.0,176.2,264.0,0.006,211.8,102794487.28,always_reactive,0.555071
h=0.1/q0=0.17/p=0.3/r=1/sig=0/cf=2.08299,B_q0,0.1,0.17,0.3,1.0,0.0,1.0,2.0829936590907905,wiki_A,autorpa_233k,oracle_tax,5261420180.0,0.984375,0.0,0.0,0.0,0.0,0.0,0.0,0.0,0.005,0.0,0.0,always_reactive,0.555071
h=0.1/q0=0.17/p=0.3/r=1/sig=0/cf=2.08299,B_q0,0.1,0.17,0.3,1.0,0.0,1.0,2.0829936590907905,wiki_A,autorpa_233k,ours_spend_cap,5312793791.865,0.993987,0.9,6.6,170.2,35.6,0.0,92.5,148.2,0.006,120.3,58386103.965,always_reactive,0.555071
h=0.1/q0=0.17/p=0.3/r=1/sig=0/cf=2.08299,B_q0,0.1,0.17,0.3,1.0,0.0,1.0,2.0829936590907905,wiki_A,autorpa_233k,ours_pi_prior,5353785883.657,1.001656,1.4,8.0,301.1,69.5,0.0,172.6,267.6,0.007,210.8,102309149.757,always_reactive,0.555071
h=0.1/q0=0.17/p=0.3/r=1/sig=0/cf=2.08299,B_q0,0.1,0.17,0.3,1.0,0.0,1.0,2.0829936590907905,wiki_A,autorpa_233k,ours_both,5325550340.149,0.996373,1.3,6.9,189.1,38.4,0.0,100.1,170.4,0.007,132.9,64501356.749,always_reactive,0.555071
h=0.1/q0=0.17/p=0.3/r=1/sig=0/cf=2.08299,B_q0,0.1,0.17,0.3,1.0,0.0,1.0,2.0829936590907905,wiki_A,autorpa_233k,breakeven,6248541805.042,1.169059,1.0,7.9,3885.3,1097.0,0.0,2758.8,3502.0,0.005,2720.3,1320263662.642,always_reactive,0.555071
h=0.1/q0=0.17/p=0.3/r=1/sig=0/cf=2.08299,B_q0,0.1,0.17,0.3,1.0,0.0,1.0,2.0829936590907905,wiki_A,autorpa_233k,breakeven_cap,5328251092.829,0.996879,0.3,4.1,207.8,36.6,0.0,89.4,183.2,0.005,145.3,70519542.029,always_reactive,0.555071
h=0.1/q0=0.17/p=0.3/r=1/sig=0/cf=2.08299,B_q0,0.1,0.17,0.3,1.0,0.0,1.0,2.0829936590907905,wiki_A,autorpa_233k,offline_taxblind,5261420180.0,0.984375,,,,,,,,,,,always_reactive,0.555071
h=0.1/q0=0.17/p=0.3/r=1/sig=0/cf=2.08299,B_q0,0.1,0.17,0.3,1.0,0.0,1.0,2.0829936590907905,wiki_A,autorpa_233k,offline_opt_tax,5261420180.0,0.984375,,,,,,,,,,,always_reactive,0.555071
h=0.1/q0=0.17/p=0.3/r=1/sig=0/cf=2.08299,B_q0,0.1,0.17,0.3,1.0,0.0,1.0,2.0829936590907905,wiki_A,native,always_reactive,5261420180.0,1.930711,0.0,0.0,0.0,0.0,0.0,0.0,0.0,0.005,0.0,0.0,always_compile_evict,1.0
h=0.1/q0=0.17/p=0.3/r=1/sig=0/cf=2.08299,B_q0,0.1,0.17,0.3,1.0,0.0,1.0,2.0829936590907905,wiki_A,native,always_compile_evict,2725058646.421,0.999978,2.9,17.3,17364.1,5043.7,0.0,12774.8,16145.2,0.018,12141.9,367966043.82,always_compile_evict,1.0
h=0.1/q0=0.17/p=0.3/r=1/sig=0/cf=2.08299,B_q0,0.1,0.17,0.3,1.0,0.0,1.0,2.0829936590907905,wiki_A,native,ours_noinflate,2725119872.436,1.0,2.9,17.4,17363.3,5043.6,0.0,12774.5,16144.5,0.018,12141.3,367947860.535,always_compile_evict,1.0
h=0.1/q0=0.17/p=0.3/r=1/sig=0/cf=2.08299,B_q0,0.1,0.17,0.3,1.0,0.0,1.0,2.0829936590907905,wiki_A,native,oracle_tax,4988038809.14,1.830392,8.1,9.2,1720.1,503.9,0.0,1259.0,1442.5,0.005,1208.1,36612044.041,always_compile_evict,1.0
h=0.1/q0=0.17/p=0.3/r=1/sig=0/cf=2.08299,B_q0,0.1,0.17,0.3,1.0,0.0,1.0,2.0829936590907905,wiki_A,native,ours_spend_cap,5064517334.501,1.858457,0.2,12.9,2026.5,461.1,0.0,1149.7,1474.0,0.007,1413.6,42839819.101,always_compile_evict,1.0
h=0.1/q0=0.17/p=0.3/r=1/sig=0/cf=2.08299,B_q0,0.1,0.17,0.3,1.0,0.0,1.0,2.0829936590907905,wiki_A,native,ours_pi_prior,2728681224.977,1.001307,2.9,17.2,17326.1,5032.6,0.0,12747.1,16113.8,0.018,12115.9,367178101.476,always_compile_evict,1.0
h=0.1/q0=0.17/p=0.3/r=1/sig=0/cf=2.08299,B_q0,0.1,0.17,0.3,1.0,0.0,1.0,2.0829936590907905,wiki_A,native,ours_both,5064914689.622,1.858603,0.2,12.9,2019.8,459.6,0.0,1146.0,1469.0,0.007,1408.8,42694352.822,always_compile_evict,1.0
h=0.1/q0=0.17/p=0.3/r=1/sig=0/cf=2.08299,B_q0,0.1,0.17,0.3,1.0,0.0,1.0,2.0829936590907905,wiki_A,native,breakeven,4581733017.303,1.681296,0.0,6.0,5824.5,1538.4,0.0,3875.6,5028.8,0.006,4076.5,123540267.803,always_compile_evict,1.0
h=0.1/q0=0.17/p=0.3/r=1/sig=0/cf=2.08299,B_q0,0.1,0.17,0.3,1.0,0.0,1.0,2.0829936590907905,wiki_A,native,breakeven_cap,5178384560.105,1.900241,0.0,6.0,1351.8,211.5,0.0,525.1,948.0,0.005,946.2,28675040.205,always_compile_evict,1.0
h=0.1/q0=0.17/p=0.3/r=1/sig=0/cf=2.08299,B_q0,0.1,0.17,0.3,1.0,0.0,1.0,2.0829936590907905,wiki_A,native,offline_taxblind,1795167016.887,0.658748,,,,,,,,,,,always_compile_evict,1.0
h=0.1/q0=0.17/p=0.3/r=1/sig=0/cf=2.08299,B_q0,0.1,0.17,0.3,1.0,0.0,1.0,2.0829936590907905,wiki_A,native,offline_opt_tax,1816661828.855,0.666636,,,,,,,,,,,always_compile_evict,1.0
h=0.1/q0=0.17/p=0.3/r=1/sig=0/cf=2.08299,B_q0,0.1,0.17,0.3,1.0,0.0,1.0,2.0829936590907905,wiki_B,autorpa_233k,always_reactive,7373315056.0,0.961779,0.0,0.0,0.0,0.0,0.0,0.0,0.0,0.005,0.0,0.0,always_reactive,0.664058
h=0.1/q0=0.17/p=0.3/r=1/sig=0/cf=2.08299,B_q0,0.1,0.17,0.3,1.0,0.0,1.0,2.0829936590907905,wiki_B,autorpa_233k,always_compile_evict,11103420973.866,1.448336,104.6,118.5,10149.8,2137.0,0.0,5340.1,9963.8,0.068,7119.2,3455214890.667,always_reactive,0.664058
h=0.1/q0=0.17/p=0.3/r=1/sig=0/cf=2.08299,B_q0,0.1,0.17,0.3,1.0,0.0,1.0,2.0829936590907905,wiki_B,autorpa_233k,ours_noinflate,7666329792.494,1.0,11.8,18.5,764.4,131.0,0.0,347.4,735.1,0.014,538.1,261160120.894,always_reactive,0.664058
h=0.1/q0=0.17/p=0.3/r=1/sig=0/cf=2.08299,B_q0,0.1,0.17,0.3,1.0,0.0,1.0,2.0829936590907905,wiki_B,autorpa_233k,oracle_tax,7373315056.0,0.961779,0.0,0.0,0.0,0.0,0.0,0.0,0.0,0.005,0.0,0.0,always_reactive,0.664058
h=0.1/q0=0.17/p=0.3/r=1/sig=0/cf=2.08299,B_q0,0.1,0.17,0.3,1.0,0.0,1.0,2.0829936590907905,wiki_B,autorpa_233k,ours_spend_cap,7621674895.909,0.994175,10.6,17.2,611.8,90.9,0.0,244.9,586.1,0.013,430.2,208792202.209,always_reactive,0.664058
h=0.1/q0=0.17/p=0.3/r=1/sig=0/cf=2.08299,B_q0,0.1,0.17,0.3,1.0,0.0,1.0,2.0829936590907905,wiki_B,autorpa_233k,ours_pi_prior,7759681539.026,1.012177,12.9,20.8,942.3,153.0,0.0,388.0,911.8,0.017,665.8,323137722.526,always_reactive,0.664058
h=0.1/q0=0.17/p=0.3/r=1/sig=0/cf=2.08299,B_q0,0.1,0.17,0.3,1.0,0.0,1.0,2.0829936590907905,wiki_B,autorpa_233k,ours_both,7702168814.402,1.004675,11.0,18.7,771.3,111.5,0.0,288.2,745.9,0.015,542.9,263489741.002,always_reactive,0.664058
h=0.1/q0=0.17/p=0.3/r=1/sig=0/cf=2.08299,B_q0,0.1,0.17,0.3,1.0,0.0,1.0,2.0829936590907905,wiki_B,autorpa_233k,breakeven,7905544547.815,1.031203,4.8,12.0,1475.6,209.6,0.0,534.6,1380.9,0.01,1035.3,502469937.115,always_reactive,0.664058
h=0.1/q0=0.17/p=0.3/r=1/sig=0/cf=2.08299,B_q0,0.1,0.17,0.3,1.0,0.0,1.0,2.0829936590907905,wiki_B,autorpa_233k,breakeven_cap,7637560957.664,0.996247,2.9,8.3,678.6,68.5,0.0,178.2,648.6,0.008,481.4,233641483.364,always_reactive,0.664058
h=0.1/q0=0.17/p=0.3/r=1/sig=0/cf=2.08299,B_q0,0.1,0.17,0.3,1.0,0.0,1.0,2.0829936590907905,wiki_B,autorpa_233k,offline_taxblind,7373315056.0,0.961779,,,,,,,,,,,always_reactive,0.664058
h=0.1/q0=0.17/p=0.3/r=1/sig=0/cf=2.08299,B_q0,0.1,0.17,0.3,1.0,0.0,1.0,2.0829936590907905,wiki_B,autorpa_233k,offline_opt_tax,7373315056.0,0.961779,,,,,,,,,,,always_reactive,0.664058
h=0.1/q0=0.17/p=0.3/r=1/sig=0/cf=2.08299,B_q0,0.1,0.17,0.3,1.0,0.0,1.0,2.0829936590907905,wiki_B,native,always_reactive,7373315056.0,1.121389,0.0,0.0,0.0,0.0,0.0,0.0,0.0,0.005,0.0,0.0,always_compile_evict,1.0
h=0.1/q0=0.17/p=0.3/r=1/sig=0/cf=2.08299,B_q0,0.1,0.17,0.3,1.0,0.0,1.0,2.0829936590907905,wiki_B,native,always_compile_evict,6575147836.812,0.999998,11.0,24.3,10149.8,2137.0,0.0,5340.1,8371.0,0.019,7119.2,215750735.813,always_compile_evict,1.0
h=0.1/q0=0.17/p=0.3/r=1/sig=0/cf=2.08299,B_q0,0.1,0.17,0.3,1.0,0.0,1.0,2.0829936590907905,wiki_B,native,ours_noinflate,6575162148.057,1.0,10.9,24.3,10147.4,2136.9,0.0,5339.6,8369.4,0.019,7117.4,215696185.958,always_compile_evict,1.0
h=0.1/q0=0.17/p=0.3/r=1/sig=0/cf=2.08299,B_q0,0.1,0.17,0.3,1.0,0.0,1.0,2.0829936590907905,wiki_B,native,oracle_tax,7338440795.316,1.116085,29.9,30.8,453.2,101.2,0.0,252.0,361.2,0.006,322.1,9761393.416,always_compile_evict,1.0
h=0.1/q0=0.17/p=0.3/r=1/sig=0/cf=2.08299,B_q0,0.1,0.17,0.3,1.0,0.0,1.0,2.0829936590907905,wiki_B,native,ours_spend_cap,6960834635.872,1.058656,3.8,17.2,6853.5,1197.6,0.0,3015.3,5139.1,0.013,4806.3,145657203.272,always_compile_evict,1.0
h=0.1/q0=0.17/p=0.3/r=1/sig=0/cf=2.08299,B_q0,0.1,0.17,0.3,1.0,0.0,1.0,2.0829936590907905,wiki_B,native,ours_pi_prior,6577486985.485,1.000354,10.9,24.1,10091.0,2127.0,0.0,5316.0,8327.2,0.019,7078.7,214523364.085,always_compile_evict,1.0
h=0.1/q0=0.17/p=0.3/r=1/sig=0/cf=2.08299,B_q0,0.1,0.17,0.3,1.0,0.0,1.0,2.0829936590907905,wiki_B,native,ours_both,6962040380.487,1.058839,3.8,17.1,6810.2,1191.8,0.0,3001.0,5107.9,0.013,4776.0,144738947.387,always_compile_evict,1.0
h=0.1/q0=0.17/p=0.3/r=1/sig=0/cf=2.08299,B_q0,0.1,0.17,0.3,1.0,0.0,1.0,2.0829936590907905,wiki_B,native,breakeven,7362554758.143,1.119753,0.0,7.2,4371.4,251.8,0.0,634.6,3071.6,0.006,3059.2,92710508.343,always_compile_evict,1.0
h=0.1/q0=0.17/p=0.3/r=1/sig=0/cf=2.08299,B_q0,0.1,0.17,0.3,1.0,0.0,1.0,2.0829936590907905,wiki_B,native,breakeven_cap,7367303752.656,1.120475,0.0,7.2,4296.5,235.2,0.0,596.9,3015.1,0.006,3007.2,91134623.657,always_compile_evict,1.0
h=0.1/q0=0.17/p=0.3/r=1/sig=0/cf=2.08299,B_q0,0.1,0.17,0.3,1.0,0.0,1.0,2.0829936590907905,wiki_B,native,offline_taxblind,5256780497.048,0.799491,,,,,,,,,,,always_compile_evict,1.0
h=0.1/q0=0.17/p=0.3/r=1/sig=0/cf=2.08299,B_q0,0.1,0.17,0.3,1.0,0.0,1.0,2.0829936590907905,wiki_B,native,offline_opt_tax,5305520277.916,0.806903,,,,,,,,,,,always_compile_evict,1.0
h=0.1/q0=0.17/p=0/r=1/sig=0/cf=1,B_q0,0.1,0.17,0.0,1.0,0.0,1.0,1.0,bpi2019,autorpa_233k,always_reactive,19497801224.0,0.990988,0.0,0.0,0.0,0.0,0.0,0.0,0.0,0.005,0.0,0.0,always_reactive,0.261097
h=0.1/q0=0.17/p=0/r=1/sig=0/cf=1,B_q0,0.1,0.17,0.0,1.0,0.0,1.0,1.0,bpi2019,autorpa_233k,always_compile_evict,74676395224.0,3.795475,0.0,0.0,236818.0,0.0,0.0,0.0,236818.0,0.001,236818.0,55178594000.0,always_reactive,0.261097
h=0.1/q0=0.17/p=0/r=1/sig=0/cf=1,B_q0,0.1,0.17,0.0,1.0,0.0,1.0,1.0,bpi2019,autorpa_233k,ours_noinflate,19675114224.0,1.0,0.0,0.0,761.0,0.0,0.0,0.0,761.0,0.005,761.0,177313000.0,always_reactive,0.261097
h=0.1/q0=0.17/p=0/r=1/sig=0/cf=1,B_q0,0.1,0.17,0.0,1.0,0.0,1.0,1.0,bpi2019,autorpa_233k,oracle_tax,19497801224.0,0.990988,0.0,0.0,0.0,0.0,0.0,0.0,0.0,0.005,0.0,0.0,always_reactive,0.261097
h=0.1/q0=0.17/p=0/r=1/sig=0/cf=1,B_q0,0.1,0.17,0.0,1.0,0.0,1.0,1.0,bpi2019,autorpa_233k,ours_spend_cap,19675114224.0,1.0,0.0,0.0,761.0,0.0,0.0,0.0,761.0,0.005,761.0,177313000.0,always_reactive,0.261097
h=0.1/q0=0.17/p=0/r=1/sig=0/cf=1,B_q0,0.1,0.17,0.0,1.0,0.0,1.0,1.0,bpi2019,autorpa_233k,ours_pi_prior,19694220224.0,1.000971,0.0,0.0,843.0,0.0,0.0,0.0,843.0,0.005,843.0,196419000.0,always_reactive,0.261097
h=0.1/q0=0.17/p=0/r=1/sig=0/cf=1,B_q0,0.1,0.17,0.0,1.0,0.0,1.0,1.0,bpi2019,autorpa_233k,ours_both,19694220224.0,1.000971,0.0,0.0,843.0,0.0,0.0,0.0,843.0,0.005,843.0,196419000.0,always_reactive,0.261097
h=0.1/q0=0.17/p=0/r=1/sig=0/cf=1,B_q0,0.1,0.17,0.0,1.0,0.0,1.0,1.0,bpi2019,autorpa_233k,breakeven,32726609224.0,1.66335,0.0,0.0,56776.0,0.0,0.0,0.0,56776.0,0.003,56776.0,13228808000.0,always_reactive,0.261097
h=0.1/q0=0.17/p=0/r=1/sig=0/cf=1,B_q0,0.1,0.17,0.0,1.0,0.0,1.0,1.0,bpi2019,autorpa_233k,breakeven_cap,19871766224.0,1.009995,0.0,0.0,1605.0,0.0,0.0,0.0,1605.0,0.005,1605.0,373965000.0,always_reactive,0.261097
h=0.1/q0=0.17/p=0/r=1/sig=0/cf=1,B_q0,0.1,0.17,0.0,1.0,0.0,1.0,1.0,bpi2019,autorpa_233k,offline_taxblind,19497801224.0,0.990988,,,,,,,,,,,always_reactive,0.261097
h=0.1/q0=0.17/p=0/r=1/sig=0/cf=1,B_q0,0.1,0.17,0.0,1.0,0.0,1.0,1.0,bpi2019,autorpa_233k,offline_opt_tax,19497801224.0,0.990988,,,,,,,,,,,always_reactive,0.261097
h=0.1/q0=0.17/p=0/r=1/sig=0/cf=1,B_q0,0.1,0.17,0.0,1.0,0.0,1.0,1.0,bpi2019,native,always_reactive,19497801224.0,0.986654,0.0,0.0,0.0,0.0,0.0,0.0,0.0,0.005,0.0,0.0,always_reactive,0.849827
h=0.1/q0=0.17/p=0/r=1/sig=0/cf=1,B_q0,0.1,0.17,0.0,1.0,0.0,1.0,1.0,bpi2019,native,always_compile_evict,22943266306.0,1.161007,0.0,0.0,236818.0,0.0,0.0,0.0,236818.0,0.004,236818.0,3445465082.0,always_reactive,0.849827
h=0.1/q0=0.17/p=0/r=1/sig=0/cf=1,B_q0,0.1,0.17,0.0,1.0,0.0,1.0,1.0,bpi2019,native,ours_noinflate,19761530947.0,1.0,0.0,0.0,18127.0,0.0,0.0,0.0,18127.0,0.005,18127.0,263729723.0,always_reactive,0.849827
h=0.1/q0=0.17/p=0/r=1/sig=0/cf=1,B_q0,0.1,0.17,0.0,1.0,0.0,1.0,1.0,bpi2019,native,oracle_tax,19497801224.0,0.986654,0.0,0.0,0.0,0.0,0.0,0.0,0.0,0.005,0.0,0.0,always_reactive,0.849827
h=0.1/q0=0.17/p=0/r=1/sig=0/cf=1,B_q0,0.1,0.17,0.0,1.0,0.0,1.0,1.0,bpi2019,native,ours_spend_cap,19761530947.0,1.0,0.0,0.0,18127.0,0.0,0.0,0.0,18127.0,0.005,18127.0,263729723.0,always_reactive,0.849827
h=0.1/q0=0.17/p=0/r=1/sig=0/cf=1,B_q0,0.1,0.17,0.0,1.0,0.0,1.0,1.0,bpi2019,native,ours_pi_prior,19742238973.0,0.999024,0.0,0.0,16801.0,0.0,0.0,0.0,16801.0,0.005,16801.0,244437749.0,always_reactive,0.849827
h=0.1/q0=0.17/p=0/r=1/sig=0/cf=1,B_q0,0.1,0.17,0.0,1.0,0.0,1.0,1.0,bpi2019,native,ours_both,19730468832.0,0.998428,0.0,0.0,15992.0,0.0,0.0,0.0,15992.0,0.005,15992.0,232667608.0,always_reactive,0.849827
h=0.1/q0=0.17/p=0/r=1/sig=0/cf=1,B_q0,0.1,0.17,0.0,1.0,0.0,1.0,1.0,bpi2019,native,breakeven,22943266306.0,1.161007,0.0,0.0,236818.0,0.0,0.0,0.0,236818.0,0.004,236818.0,3445465082.0,always_reactive,0.849827
h=0.1/q0=0.17/p=0/r=1/sig=0/cf=1,B_q0,0.1,0.17,0.0,1.0,0.0,1.0,1.0,bpi2019,native,breakeven_cap,19776327280.0,1.000749,0.0,0.0,19144.0,0.0,0.0,0.0,19144.0,0.005,19144.0,278526056.0,always_reactive,0.849827
h=0.1/q0=0.17/p=0/r=1/sig=0/cf=1,B_q0,0.1,0.17,0.0,1.0,0.0,1.0,1.0,bpi2019,native,offline_taxblind,19497801224.0,0.986654,,,,,,,,,,,always_reactive,0.849827
h=0.1/q0=0.17/p=0/r=1/sig=0/cf=1,B_q0,0.1,0.17,0.0,1.0,0.0,1.0,1.0,bpi2019,native,offline_opt_tax,19497801224.0,0.986654,,,,,,,,,,,always_reactive,0.849827
h=0.1/q0=0.17/p=0/r=1/sig=0/cf=1,B_q0,0.1,0.17,0.0,1.0,0.0,1.0,1.0,sepsis,autorpa_233k,always_reactive,77101119.0,0.988056,0.0,0.0,0.0,0.0,0.0,0.0,0.0,0.005,0.0,0.0,always_reactive,0.699729
h=0.1/q0=0.17/p=0/r=1/sig=0/cf=1,B_q0,0.1,0.17,0.0,1.0,0.0,1.0,1.0,sepsis,autorpa_233k,always_compile_evict,110187119.0,1.412056,0.0,0.0,142.0,0.0,0.0,0.0,142.0,0.004,142.0,33086000.0,always_reactive,0.699729
h=0.1/q0=0.17/p=0/r=1/sig=0/cf=1,B_q0,0.1,0.17,0.0,1.0,0.0,1.0,1.0,sepsis,autorpa_233k,ours_noinflate,78033119.0,1.0,0.0,0.0,4.0,0.0,0.0,0.0,4.0,0.005,4.0,932000.0,always_reactive,0.699729
h=0.1/q0=0.17/p=0/r=1/sig=0/cf=1,B_q0,0.1,0.17,0.0,1.0,0.0,1.0,1.0,sepsis,autorpa_233k,oracle_tax,77101119.0,0.988056,0.0,0.0,0.0,0.0,0.0,0.0,0.0,0.005,0.0,0.0,always_reactive,0.699729
h=0.1/q0=0.17/p=0/r=1/sig=0/cf=1,B_q0,0.1,0.17,0.0,1.0,0.0,1.0,1.0,sepsis,autorpa_233k,ours_spend_cap,78033119.0,1.0,0.0,0.0,4.0,0.0,0.0,0.0,4.0,0.005,4.0,932000.0,always_reactive,0.699729
h=0.1/q0=0.17/p=0/r=1/sig=0/cf=1,B_q0,0.1,0.17,0.0,1.0,0.0,1.0,1.0,sepsis,autorpa_233k,ours_pi_prior,78965119.0,1.011944,0.0,0.0,8.0,0.0,0.0,0.0,8.0,0.005,8.0,1864000.0,always_reactive,0.699729
h=0.1/q0=0.17/p=0/r=1/sig=0/cf=1,B_q0,0.1,0.17,0.0,1.0,0.0,1.0,1.0,sepsis,autorpa_233k,ours_both,78965119.0,1.011944,0.0,0.0,8.0,0.0,0.0,0.0,8.0,0.005,8.0,1864000.0,always_reactive,0.699729
h=0.1/q0=0.17/p=0/r=1/sig=0/cf=1,B_q0,0.1,0.17,0.0,1.0,0.0,1.0,1.0,sepsis,autorpa_233k,breakeven,81295119.0,1.041803,0.0,0.0,18.0,0.0,0.0,0.0,18.0,0.005,18.0,4194000.0,always_reactive,0.699729
h=0.1/q0=0.17/p=0/r=1/sig=0/cf=1,B_q0,0.1,0.17,0.0,1.0,0.0,1.0,1.0,sepsis,autorpa_233k,breakeven_cap,80130119.0,1.026873,0.0,0.0,13.0,0.0,0.0,0.0,13.0,0.005,13.0,3029000.0,always_reactive,0.699729
h=0.1/q0=0.17/p=0/r=1/sig=0/cf=1,B_q0,0.1,0.17,0.0,1.0,0.0,1.0,1.0,sepsis,autorpa_233k,offline_taxblind,77101119.0,0.988056,,,,,,,,,,,always_reactive,0.699729
h=0.1/q0=0.17/p=0/r=1/sig=0/cf=1,B_q0,0.1,0.17,0.0,1.0,0.0,1.0,1.0,sepsis,autorpa_233k,offline_opt_tax,77101119.0,0.988056,,,,,,,,,,,always_reactive,0.699729
h=0.1/q0=0.17/p=0/r=1/sig=0/cf=1,B_q0,0.1,0.17,0.0,1.0,0.0,1.0,1.0,sepsis,native,always_reactive,77101119.0,0.973904,0.0,0.0,0.0,0.0,0.0,0.0,0.0,0.005,0.0,0.0,always_reactive,0.973904
h=0.1/q0=0.17/p=0/r=1/sig=0/cf=1,B_q0,0.1,0.17,0.0,1.0,0.0,1.0,1.0,sepsis,native,always_compile_evict,79167077.0,1.0,0.0,0.0,142.0,0.0,0.0,0.0,142.0,0.005,142.0,2065958.0,always_reactive,0.973904
h=0.1/q0=0.17/p=0/r=1/sig=0/cf=1,B_q0,0.1,0.17,0.0,1.0,0.0,1.0,1.0,sepsis,native,ours_noinflate,79167077.0,1.0,0.0,0.0,142.0,0.0,0.0,0.0,142.0,0.005,142.0,2065958.0,always_reactive,0.973904
h=0.1/q0=0.17/p=0/r=1/sig=0/cf=1,B_q0,0.1,0.17,0.0,1.0,0.0,1.0,1.0,sepsis,native,oracle_tax,77101119.0,0.973904,0.0,0.0,0.0,0.0,0.0,0.0,0.0,0.005,0.0,0.0,always_reactive,0.973904
h=0.1/q0=0.17/p=0/r=1/sig=0/cf=1,B_q0,0.1,0.17,0.0,1.0,0.0,1.0,1.0,sepsis,native,ours_spend_cap,79167077.0,1.0,0.0,0.0,142.0,0.0,0.0,0.0,142.0,0.005,142.0,2065958.0,always_reactive,0.973904
h=0.1/q0=0.17/p=0/r=1/sig=0/cf=1,B_q0,0.1,0.17,0.0,1.0,0.0,1.0,1.0,sepsis,native,ours_pi_prior,79152528.0,0.999816,0.0,0.0,141.0,0.0,0.0,0.0,141.0,0.005,141.0,2051409.0,always_reactive,0.973904
h=0.1/q0=0.17/p=0/r=1/sig=0/cf=1,B_q0,0.1,0.17,0.0,1.0,0.0,1.0,1.0,sepsis,native,ours_both,79152528.0,0.999816,0.0,0.0,141.0,0.0,0.0,0.0,141.0,0.005,141.0,2051409.0,always_reactive,0.973904
h=0.1/q0=0.17/p=0/r=1/sig=0/cf=1,B_q0,0.1,0.17,0.0,1.0,0.0,1.0,1.0,sepsis,native,breakeven,79167077.0,1.0,0.0,0.0,142.0,0.0,0.0,0.0,142.0,0.005,142.0,2065958.0,always_reactive,0.973904
h=0.1/q0=0.17/p=0/r=1/sig=0/cf=1,B_q0,0.1,0.17,0.0,1.0,0.0,1.0,1.0,sepsis,native,breakeven_cap,79167077.0,1.0,0.0,0.0,142.0,0.0,0.0,0.0,142.0,0.005,142.0,2065958.0,always_reactive,0.973904
h=0.1/q0=0.17/p=0/r=1/sig=0/cf=1,B_q0,0.1,0.17,0.0,1.0,0.0,1.0,1.0,sepsis,native,offline_taxblind,77101119.0,0.973904,,,,,,,,,,,always_reactive,0.973904
h=0.1/q0=0.17/p=0/r=1/sig=0/cf=1,B_q0,0.1,0.17,0.0,1.0,0.0,1.0,1.0,sepsis,native,offline_opt_tax,77101119.0,0.973904,,,,,,,,,,,always_reactive,0.973904
h=0.1/q0=0.17/p=0/r=1/sig=0/cf=1,B_q0,0.1,0.17,0.0,1.0,0.0,1.0,1.0,wiki_A,autorpa_233k,always_reactive,5261420180.0,0.99432,0.0,0.0,0.0,0.0,0.0,0.0,0.0,0.005,0.0,0.0,always_reactive,0.265211
h=0.1/q0=0.17/p=0/r=1/sig=0/cf=1,B_q0,0.1,0.17,0.0,1.0,0.0,1.0,1.0,wiki_A,autorpa_233k,always_compile_evict,19838599180.0,3.749161,0.0,0.0,62563.0,0.0,0.0,0.0,62563.0,0.001,62563.0,14577179000.0,always_reactive,0.265211
h=0.1/q0=0.17/p=0/r=1/sig=0/cf=1,B_q0,0.1,0.17,0.0,1.0,0.0,1.0,1.0,wiki_A,autorpa_233k,ours_noinflate,5291477180.0,1.0,0.0,0.0,129.0,0.0,0.0,0.0,129.0,0.005,129.0,30057000.0,always_reactive,0.265211
h=0.1/q0=0.17/p=0/r=1/sig=0/cf=1,B_q0,0.1,0.17,0.0,1.0,0.0,1.0,1.0,wiki_A,autorpa_233k,oracle_tax,5261420180.0,0.99432,0.0,0.0,0.0,0.0,0.0,0.0,0.0,0.005,0.0,0.0,always_reactive,0.265211
h=0.1/q0=0.17/p=0/r=1/sig=0/cf=1,B_q0,0.1,0.17,0.0,1.0,0.0,1.0,1.0,wiki_A,autorpa_233k,ours_spend_cap,5291477180.0,1.0,0.0,0.0,129.0,0.0,0.0,0.0,129.0,0.005,129.0,30057000.0,always_reactive,0.265211
h=0.1/q0=0.17/p=0/r=1/sig=0/cf=1,B_q0,0.1,0.17,0.0,1.0,0.0,1.0,1.0,wiki_A,autorpa_233k,ours_pi_prior,5296137180.0,1.000881,0.0,0.0,149.0,0.0,0.0,0.0,149.0,0.005,149.0,34717000.0,always_reactive,0.265211
h=0.1/q0=0.17/p=0/r=1/sig=0/cf=1,B_q0,0.1,0.17,0.0,1.0,0.0,1.0,1.0,wiki_A,autorpa_233k,ours_both,5296137180.0,1.000881,0.0,0.0,149.0,0.0,0.0,0.0,149.0,0.005,149.0,34717000.0,always_reactive,0.265211
h=0.1/q0=0.17/p=0/r=1/sig=0/cf=1,B_q0,0.1,0.17,0.0,1.0,0.0,1.0,1.0,wiki_A,autorpa_233k,breakeven,8924646180.0,1.686608,0.0,0.0,15722.0,0.0,0.0,0.0,15722.0,0.003,15722.0,3663226000.0,always_reactive,0.265211
h=0.1/q0=0.17/p=0/r=1/sig=0/cf=1,B_q0,0.1,0.17,0.0,1.0,0.0,1.0,1.0,wiki_A,autorpa_233k,breakeven_cap,5335747180.0,1.008366,0.0,0.0,319.0,0.0,0.0,0.0,319.0,0.005,319.0,74327000.0,always_reactive,0.265211
h=0.1/q0=0.17/p=0/r=1/sig=0/cf=1,B_q0,0.1,0.17,0.0,1.0,0.0,1.0,1.0,wiki_A,autorpa_233k,offline_taxblind,5261420180.0,0.99432,,,,,,,,,,,always_reactive,0.265211
h=0.1/q0=0.17/p=0/r=1/sig=0/cf=1,B_q0,0.1,0.17,0.0,1.0,0.0,1.0,1.0,wiki_A,autorpa_233k,offline_opt_tax,5261420180.0,0.99432,,,,,,,,,,,always_reactive,0.265211
h=0.1/q0=0.17/p=0/r=1/sig=0/cf=1,B_q0,0.1,0.17,0.0,1.0,0.0,1.0,1.0,wiki_A,native,always_reactive,5261420180.0,0.990151,0.0,0.0,0.0,0.0,0.0,0.0,0.0,0.005,0.0,0.0,always_reactive,0.852514
h=0.1/q0=0.17/p=0/r=1/sig=0/cf=1,B_q0,0.1,0.17,0.0,1.0,0.0,1.0,1.0,wiki_A,native,always_compile_evict,6171649267.0,1.161448,0.0,0.0,62563.0,0.0,0.0,0.0,62563.0,0.004,62563.0,910229087.0,always_reactive,0.852514
h=0.1/q0=0.17/p=0/r=1/sig=0/cf=1,B_q0,0.1,0.17,0.0,1.0,0.0,1.0,1.0,wiki_A,native,ours_noinflate,5313752933.0,1.0,0.0,0.0,3597.0,0.0,0.0,0.0,3597.0,0.005,3597.0,52332753.0,always_reactive,0.852514
h=0.1/q0=0.17/p=0/r=1/sig=0/cf=1,B_q0,0.1,0.17,0.0,1.0,0.0,1.0,1.0,wiki_A,native,oracle_tax,5261420180.0,0.990151,0.0,0.0,0.0,0.0,0.0,0.0,0.0,0.005,0.0,0.0,always_reactive,0.852514
h=0.1/q0=0.17/p=0/r=1/sig=0/cf=1,B_q0,0.1,0.17,0.0,1.0,0.0,1.0,1.0,wiki_A,native,ours_spend_cap,5313752933.0,1.0,0.0,0.0,3597.0,0.0,0.0,0.0,3597.0,0.005,3597.0,52332753.0,always_reactive,0.852514
h=0.1/q0=0.17/p=0/r=1/sig=0/cf=1,B_q0,0.1,0.17,0.0,1.0,0.0,1.0,1.0,wiki_A,native,ours_pi_prior,5311861563.0,0.999644,0.0,0.0,3467.0,0.0,0.0,0.0,3467.0,0.005,3467.0,50441383.0,always_reactive,0.852514
h=0.1/q0=0.17/p=0/r=1/sig=0/cf=1,B_q0,0.1,0.17,0.0,1.0,0.0,1.0,1.0,wiki_A,native,ours_both,5308413450.0,0.998995,0.0,0.0,3230.0,0.0,0.0,0.0,3230.0,0.005,3230.0,46993270.0,always_reactive,0.852514
h=0.1/q0=0.17/p=0/r=1/sig=0/cf=1,B_q0,0.1,0.17,0.0,1.0,0.0,1.0,1.0,wiki_A,native,breakeven,6171649267.0,1.161448,0.0,0.0,62563.0,0.0,0.0,0.0,62563.0,0.004,62563.0,910229087.0,always_reactive,0.852514
h=0.1/q0=0.17/p=0/r=1/sig=0/cf=1,B_q0,0.1,0.17,0.0,1.0,0.0,1.0,1.0,wiki_A,native,breakeven_cap,5316910066.0,1.000594,0.0,0.0,3814.0,0.0,0.0,0.0,3814.0,0.005,3814.0,55489886.0,always_reactive,0.852514
h=0.1/q0=0.17/p=0/r=1/sig=0/cf=1,B_q0,0.1,0.17,0.0,1.0,0.0,1.0,1.0,wiki_A,native,offline_taxblind,5261420180.0,0.990151,,,,,,,,,,,always_reactive,0.852514
h=0.1/q0=0.17/p=0/r=1/sig=0/cf=1,B_q0,0.1,0.17,0.0,1.0,0.0,1.0,1.0,wiki_A,native,offline_opt_tax,5261420180.0,0.990151,,,,,,,,,,,always_reactive,0.852514
h=0.1/q0=0.17/p=0/r=1/sig=0/cf=1,B_q0,0.1,0.17,0.0,1.0,0.0,1.0,1.0,wiki_B,autorpa_233k,always_reactive,7373315056.0,0.984629,0.0,0.0,0.0,0.0,0.0,0.0,0.0,0.005,0.0,0.0,always_reactive,0.529607
h=0.1/q0=0.17/p=0/r=1/sig=0/cf=1,B_q0,0.1,0.17,0.0,1.0,0.0,1.0,1.0,wiki_B,autorpa_233k,always_compile_evict,13922246056.0,1.859171,0.0,0.0,28107.0,0.0,0.0,0.0,28107.0,0.003,28107.0,6548931000.0,always_reactive,0.529607
h=0.1/q0=0.17/p=0/r=1/sig=0/cf=1,B_q0,0.1,0.17,0.0,1.0,0.0,1.0,1.0,wiki_B,autorpa_233k,ours_noinflate,7488417056.0,1.0,0.0,0.0,494.0,0.0,0.0,0.0,494.0,0.005,494.0,115102000.0,always_reactive,0.529607
h=0.1/q0=0.17/p=0/r=1/sig=0/cf=1,B_q0,0.1,0.17,0.0,1.0,0.0,1.0,1.0,wiki_B,autorpa_233k,oracle_tax,7373315056.0,0.984629,0.0,0.0,0.0,0.0,0.0,0.0,0.0,0.005,0.0,0.0,always_reactive,0.529607
h=0.1/q0=0.17/p=0/r=1/sig=0/cf=1,B_q0,0.1,0.17,0.0,1.0,0.0,1.0,1.0,wiki_B,autorpa_233k,ours_spend_cap,7488417056.0,1.0,0.0,0.0,494.0,0.0,0.0,0.0,494.0,0.005,494.0,115102000.0,always_reactive,0.529607
h=0.1/q0=0.17/p=0/r=1/sig=0/cf=1,B_q0,0.1,0.17,0.0,1.0,0.0,1.0,1.0,wiki_B,autorpa_233k,ours_pi_prior,7531056056.0,1.005694,0.0,0.0,677.0,0.0,0.0,0.0,677.0,0.005,677.0,157741000.0,always_reactive,0.529607
h=0.1/q0=0.17/p=0/r=1/sig=0/cf=1,B_q0,0.1,0.17,0.0,1.0,0.0,1.0,1.0,wiki_B,autorpa_233k,ours_both,7531056056.0,1.005694,0.0,0.0,677.0,0.0,0.0,0.0,677.0,0.005,677.0,157741000.0,always_reactive,0.529607
h=0.1/q0=0.17/p=0/r=1/sig=0/cf=1,B_q0,0.1,0.17,0.0,1.0,0.0,1.0,1.0,wiki_B,autorpa_233k,breakeven,8604953056.0,1.149102,0.0,0.0,5286.0,0.0,0.0,0.0,5286.0,0.004,5286.0,1231638000.0,always_reactive,0.529607
h=0.1/q0=0.17/p=0/r=1/sig=0/cf=1,B_q0,0.1,0.17,0.0,1.0,0.0,1.0,1.0,wiki_B,autorpa_233k,breakeven_cap,7612606056.0,1.016584,0.0,0.0,1027.0,0.0,0.0,0.0,1027.0,0.005,1027.0,239291000.0,always_reactive,0.529607
h=0.1/q0=0.17/p=0/r=1/sig=0/cf=1,B_q0,0.1,0.17,0.0,1.0,0.0,1.0,1.0,wiki_B,autorpa_233k,offline_taxblind,7373315056.0,0.984629,,,,,,,,,,,always_reactive,0.529607
h=0.1/q0=0.17/p=0/r=1/sig=0/cf=1,B_q0,0.1,0.17,0.0,1.0,0.0,1.0,1.0,wiki_B,autorpa_233k,offline_opt_tax,7373315056.0,0.984629,,,,,,,,,,,always_reactive,0.529607
h=0.1/q0=0.17/p=0/r=1/sig=0/cf=1,B_q0,0.1,0.17,0.0,1.0,0.0,1.0,1.0,wiki_B,native,always_reactive,7373315056.0,0.97604,0.0,0.0,0.0,0.0,0.0,0.0,0.0,0.005,0.0,0.0,always_reactive,0.947454
h=0.1/q0=0.17/p=0/r=1/sig=0/cf=1,B_q0,0.1,0.17,0.0,1.0,0.0,1.0,1.0,wiki_B,native,always_compile_evict,7782243799.0,1.030171,0.0,0.0,28107.0,0.0,0.0,0.0,28107.0,0.005,28107.0,408928743.0,always_reactive,0.947454
h=0.1/q0=0.17/p=0/r=1/sig=0/cf=1,B_q0,0.1,0.17,0.0,1.0,0.0,1.0,1.0,wiki_B,native,ours_noinflate,7554319165.0,1.0,0.0,0.0,12441.0,0.0,0.0,0.0,12441.0,0.005,12441.0,181004109.0,always_reactive,0.947454
h=0.1/q0=0.17/p=0/r=1/sig=0/cf=1,B_q0,0.1,0.17,0.0,1.0,0.0,1.0,1.0,wiki_B,native,oracle_tax,7373315056.0,0.97604,0.0,0.0,0.0,0.0,0.0,0.0,0.0,0.005,0.0,0.0,always_reactive,0.947454
h=0.1/q0=0.17/p=0/r=1/sig=0/cf=1,B_q0,0.1,0.17,0.0,1.0,0.0,1.0,1.0,wiki_B,native,ours_spend_cap,7554319165.0,1.0,0.0,0.0,12441.0,0.0,0.0,0.0,12441.0,0.005,12441.0,181004109.0,always_reactive,0.947454
h=0.1/q0=0.17/p=0/r=1/sig=0/cf=1,B_q0,0.1,0.17,0.0,1.0,0.0,1.0,1.0,wiki_B,native,ours_pi_prior,7543683846.0,0.998592,0.0,0.0,11710.0,0.0,0.0,0.0,11710.0,0.005,11710.0,170368790.0,always_reactive,0.947454
h=0.1/q0=0.17/p=0/r=1/sig=0/cf=1,B_q0,0.1,0.17,0.0,1.0,0.0,1.0,1.0,wiki_B,native,ours_both,7537747854.0,0.997806,0.0,0.0,11302.0,0.0,0.0,0.0,11302.0,0.005,11302.0,164432798.0,always_reactive,0.947454
h=0.1/q0=0.17/p=0/r=1/sig=0/cf=1,B_q0,0.1,0.17,0.0,1.0,0.0,1.0,1.0,wiki_B,native,breakeven,7782243799.0,1.030171,0.0,0.0,28107.0,0.0,0.0,0.0,28107.0,0.005,28107.0,408928743.0,always_reactive,0.947454
h=0.1/q0=0.17/p=0/r=1/sig=0/cf=1,B_q0,0.1,0.17,0.0,1.0,0.0,1.0,1.0,wiki_B,native,breakeven_cap,7561520920.0,1.000953,0.0,0.0,12936.0,0.0,0.0,0.0,12936.0,0.005,12936.0,188205864.0,always_reactive,0.947454
h=0.1/q0=0.17/p=0/r=1/sig=0/cf=1,B_q0,0.1,0.17,0.0,1.0,0.0,1.0,1.0,wiki_B,native,offline_taxblind,7373315056.0,0.97604,,,,,,,,,,,always_reactive,0.947454
h=0.1/q0=0.17/p=0/r=1/sig=0/cf=1,B_q0,0.1,0.17,0.0,1.0,0.0,1.0,1.0,wiki_B,native,offline_opt_tax,7373315056.0,0.97604,,,,,,,,,,,always_reactive,0.947454
h=0.1/q0=0.17/p=0/r=1/sig=0/cf=2.08299,B_q0,0.1,0.17,0.0,1.0,0.0,1.0,2.0829936590907905,bpi2019,autorpa_233k,always_reactive,19497801224.0,0.981409,0.0,0.0,0.0,0.0,0.0,0.0,0.0,0.005,0.0,0.0,always_reactive,0.145036
h=0.1/q0=0.17/p=0/r=1/sig=0/cf=2.08299,B_q0,0.1,0.17,0.0,1.0,0.0,1.0,2.0829936590907905,bpi2019,autorpa_233k,always_compile_evict,134434462643.453,6.766673,0.0,0.0,236818.0,0.0,0.0,0.0,236818.0,0.001,236818.0,114936661419.52,always_reactive,0.145036
h=0.1/q0=0.17/p=0/r=1/sig=0/cf=2.08299,B_q0,0.1,0.17,0.0,1.0,0.0,1.0,2.0829936590907905,bpi2019,autorpa_233k,ours_noinflate,19867143078.674,1.0,0.0,0.0,761.0,0.0,0.0,0.0,761.0,0.005,761.0,369341854.674,always_reactive,0.145036
h=0.1/q0=0.17/p=0/r=1/sig=0/cf=2.08299,B_q0,0.1,0.17,0.0,1.0,0.0,1.0,2.0829936590907905,bpi2019,autorpa_233k,oracle_tax,19497801224.0,0.981409,0.0,0.0,0.0,0.0,0.0,0.0,0.0,0.005,0.0,0.0,always_reactive,0.145036
h=0.1/q0=0.17/p=0/r=1/sig=0/cf=2.08299,B_q0,0.1,0.17,0.0,1.0,0.0,1.0,2.0829936590907905,bpi2019,autorpa_233k,ours_spend_cap,19867143078.674,1.0,0.0,0.0,761.0,0.0,0.0,0.0,761.0,0.005,761.0,369341854.674,always_reactive,0.145036
h=0.1/q0=0.17/p=0/r=1/sig=0/cf=2.08299,B_q0,0.1,0.17,0.0,1.0,0.0,1.0,2.0829936590907905,bpi2019,autorpa_233k,ours_pi_prior,19906940755.525,1.002003,0.0,0.0,843.0,0.0,0.0,0.0,843.0,0.005,843.0,409139531.525,always_reactive,0.145036
h=0.1/q0=0.17/p=0/r=1/sig=0/cf=2.08299,B_q0,0.1,0.17,0.0,1.0,0.0,1.0,2.0829936590907905,bpi2019,autorpa_233k,ours_both,19906940755.525,1.002003,0.0,0.0,843.0,0.0,0.0,0.0,843.0,0.005,843.0,409139531.525,always_reactive,0.145036
h=0.1/q0=0.17/p=0/r=1/sig=0/cf=2.08299,B_q0,0.1,0.17,0.0,1.0,0.0,1.0,2.0829936590907905,bpi2019,autorpa_233k,breakeven,47053324405.309,2.368399,0.0,0.0,56776.0,0.0,0.0,0.0,56776.0,0.002,56776.0,27555523181.328,always_reactive,0.145036
h=0.1/q0=0.17/p=0/r=1/sig=0/cf=2.08299,B_q0,0.1,0.17,0.0,1.0,0.0,1.0,2.0829936590907905,bpi2019,autorpa_233k,breakeven_cap,19997213534.722,1.006547,0.0,0.0,1029.0,0.0,0.0,0.0,1029.0,0.005,1029.0,499412310.723,always_reactive,0.145036
h=0.1/q0=0.17/p=0/r=1/sig=0/cf=2.08299,B_q0,0.1,0.17,0.0,1.0,0.0,1.0,2.0829936590907905,bpi2019,autorpa_233k,offline_taxblind,19497801224.0,0.981409,,,,,,,,,,,always_reactive,0.145036
h=0.1/q0=0.17/p=0/r=1/sig=0/cf=2.08299,B_q0,0.1,0.17,0.0,1.0,0.0,1.0,2.0829936590907905,bpi2019,autorpa_233k,offline_opt_tax,19497801224.0,0.981409,,,,,,,,,,,always_reactive,0.145036
h=0.1/q0=0.17/p=0/r=1/sig=0/cf=2.08299,B_q0,0.1,0.17,0.0,1.0,0.0,1.0,2.0829936590907905,bpi2019,native,always_reactive,19497801224.0,0.972597,0.0,0.0,0.0,0.0,0.0,0.0,0.0,0.005,0.0,0.0,always_reactive,0.730948
h=0.1/q0=0.17/p=0/r=1/sig=0/cf=2.08299,B_q0,0.1,0.17,0.0,1.0,0.0,1.0,2.0829936590907905,bpi2019,native,always_compile_evict,26674683142.511,1.330597,0.0,0.0,236818.0,0.0,0.0,0.0,236818.0,0.003,236818.0,7176881918.426,always_reactive,0.730948
h=0.1/q0=0.17/p=0/r=1/sig=0/cf=2.08299,B_q0,0.1,0.17,0.0,1.0,0.0,1.0,2.0829936590907905,bpi2019,native,ours_noinflate,20047148564.728,1.0,0.0,0.0,18127.0,0.0,0.0,0.0,18127.0,0.005,18127.0,549347340.723,always_reactive,0.730948
h=0.1/q0=0.17/p=0/r=1/sig=0/cf=2.08299,B_q0,0.1,0.17,0.0,1.0,0.0,1.0,2.0829936590907905,bpi2019,native,oracle_tax,19497801224.0,0.972597,0.0,0.0,0.0,0.0,0.0,0.0,0.0,0.005,0.0,0.0,always_reactive,0.730948
h=0.1/q0=0.17/p=0/r=1/sig=0/cf=2.08299,B_q0,0.1,0.17,0.0,1.0,0.0,1.0,2.0829936590907905,bpi2019,native,ours_spend_cap,19905379553.864,0.992928,0.0,0.0,13449.0,0.0,0.0,0.0,13449.0,0.005,13449.0,407578329.86,always_reactive,0.730948
h=0.1/q0=0.17/p=0/r=1/sig=0/cf=2.08299,B_q0,0.1,0.17,0.0,1.0,0.0,1.0,2.0829936590907905,bpi2019,native,ours_pi_prior,20006963505.214,0.997995,0.0,0.0,16801.0,0.0,0.0,0.0,16801.0,0.005,16801.0,509162281.209,always_reactive,0.730948
h=0.1/q0=0.17/p=0/r=1/sig=0/cf=2.08299,B_q0,0.1,0.17,0.0,1.0,0.0,1.0,2.0829936590907905,bpi2019,native,ours_both,19873952776.552,0.991361,0.0,0.0,12412.0,0.0,0.0,0.0,12412.0,0.005,12412.0,376151552.549,always_reactive,0.730948
h=0.1/q0=0.17/p=0/r=1/sig=0/cf=2.08299,B_q0,0.1,0.17,0.0,1.0,0.0,1.0,2.0829936590907905,bpi2019,native,breakeven,26674683142.511,1.330597,0.0,0.0,236818.0,0.0,0.0,0.0,236818.0,0.003,236818.0,7176881918.426,always_reactive,0.730948
h=0.1/q0=0.17/p=0/r=1/sig=0/cf=2.08299,B_q0,0.1,0.17,0.0,1.0,0.0,1.0,2.0829936590907905,bpi2019,native,breakeven_cap,19905379553.864,0.992928,0.0,0.0,13449.0,0.0,0.0,0.0,13449.0,0.005,13449.0,407578329.86,always_reactive,0.730948
h=0.1/q0=0.17/p=0/r=1/sig=0/cf=2.08299,B_q0,0.1,0.17,0.0,1.0,0.0,1.0,2.0829936590907905,bpi2019,native,offline_taxblind,19497801224.0,0.972597,,,,,,,,,,,always_reactive,0.730948
h=0.1/q0=0.17/p=0/r=1/sig=0/cf=2.08299,B_q0,0.1,0.17,0.0,1.0,0.0,1.0,2.0829936590907905,bpi2019,native,offline_opt_tax,19497801224.0,0.972597,,,,,,,,,,,always_reactive,0.730948
h=0.1/q0=0.17/p=0/r=1/sig=0/cf=2.08299,B_q0,0.1,0.17,0.0,1.0,0.0,1.0,2.0829936590907905,sepsis,autorpa_233k,always_reactive,77101119.0,0.975439,0.0,0.0,0.0,0.0,0.0,0.0,0.0,0.005,0.0,0.0,always_reactive,0.528021
h=0.1/q0=0.17/p=0/r=1/sig=0/cf=2.08299,B_q0,0.1,0.17,0.0,1.0,0.0,1.0,2.0829936590907905,sepsis,autorpa_233k,always_compile_evict,146019047.205,1.847349,0.0,0.0,142.0,0.0,0.0,0.0,142.0,0.003,142.0,68917928.205,always_reactive,0.528021
h=0.1/q0=0.17/p=0/r=1/sig=0/cf=2.08299,B_q0,0.1,0.17,0.0,1.0,0.0,1.0,2.0829936590907905,sepsis,autorpa_233k,ours_noinflate,79042469.09,1.0,0.0,0.0,4.0,0.0,0.0,0.0,4.0,0.005,4.0,1941350.09,always_reactive,0.528021
h=0.1/q0=0.17/p=0/r=1/sig=0/cf=2.08299,B_q0,0.1,0.17,0.0,1.0,0.0,1.0,2.0829936590907905,sepsis,autorpa_233k,oracle_tax,77101119.0,0.975439,0.0,0.0,0.0,0.0,0.0,0.0,0.0,0.005,0.0,0.0,always_reactive,0.528021
h=0.1/q0=0.17/p=0/r=1/sig=0/cf=2.08299,B_q0,0.1,0.17,0.0,1.0,0.0,1.0,2.0829936590907905,sepsis,autorpa_233k,ours_spend_cap,79042469.09,1.0,0.0,0.0,4.0,0.0,0.0,0.0,4.0,0.005,4.0,1941350.09,always_reactive,0.528021
h=0.1/q0=0.17/p=0/r=1/sig=0/cf=2.08299,B_q0,0.1,0.17,0.0,1.0,0.0,1.0,2.0829936590907905,sepsis,autorpa_233k,ours_pi_prior,80983819.181,1.024561,0.0,0.0,8.0,0.0,0.0,0.0,8.0,0.005,8.0,3882700.181,always_reactive,0.528021
h=0.1/q0=0.17/p=0/r=1/sig=0/cf=2.08299,B_q0,0.1,0.17,0.0,1.0,0.0,1.0,2.0829936590907905,sepsis,autorpa_233k,ours_both,80983819.181,1.024561,0.0,0.0,8.0,0.0,0.0,0.0,8.0,0.005,8.0,3882700.181,always_reactive,0.528021
h=0.1/q0=0.17/p=0/r=1/sig=0/cf=2.08299,B_q0,0.1,0.17,0.0,1.0,0.0,1.0,2.0829936590907905,sepsis,autorpa_233k,breakeven,85837194.406,1.085963,0.0,0.0,18.0,0.0,0.0,0.0,18.0,0.005,18.0,8736075.406,always_reactive,0.528021
h=0.1/q0=0.17/p=0/r=1/sig=0/cf=2.08299,B_q0,0.1,0.17,0.0,1.0,0.0,1.0,2.0829936590907905,sepsis,autorpa_233k,breakeven_cap,81469156.703,1.030701,0.0,0.0,9.0,0.0,0.0,0.0,9.0,0.005,9.0,4368037.703,always_reactive,0.528021
h=0.1/q0=0.17/p=0/r=1/sig=0/cf=2.08299,B_q0,0.1,0.17,0.0,1.0,0.0,1.0,2.0829936590907905,sepsis,autorpa_233k,offline_taxblind,77101119.0,0.975439,,,,,,,,,,,always_reactive,0.528021
h=0.1/q0=0.17/p=0/r=1/sig=0/cf=2.08299,B_q0,0.1,0.17,0.0,1.0,0.0,1.0,2.0829936590907905,sepsis,autorpa_233k,offline_opt_tax,77101119.0,0.975439,,,,,,,,,,,always_reactive,0.528021
h=0.1/q0=0.17/p=0/r=1/sig=0/cf=2.08299,B_q0,0.1,0.17,0.0,1.0,0.0,1.0,2.0829936590907905,sepsis,native,always_reactive,77101119.0,0.947136,0.0,0.0,0.0,0.0,0.0,0.0,0.0,0.005,0.0,0.0,always_reactive,0.947136
h=0.1/q0=0.17/p=0/r=1/sig=0/cf=2.08299,B_q0,0.1,0.17,0.0,1.0,0.0,1.0,2.0829936590907905,sepsis,native,always_compile_evict,81404496.414,1.0,0.0,0.0,142.0,0.0,0.0,0.0,142.0,0.005,142.0,4303377.414,always_reactive,0.947136
h=0.1/q0=0.17/p=0/r=1/sig=0/cf=2.08299,B_q0,0.1,0.17,0.0,1.0,0.0,1.0,2.0829936590907905,sepsis,native,ours_noinflate,81404496.414,1.0,0.0,0.0,142.0,0.0,0.0,0.0,142.0,0.005,142.0,4303377.414,always_reactive,0.947136
h=0.1/q0=0.17/p=0/r=1/sig=0/cf=2.08299,B_q0,0.1,0.17,0.0,1.0,0.0,1.0,2.0829936590907905,sepsis,native,oracle_tax,77101119.0,0.947136,0.0,0.0,0.0,0.0,0.0,0.0,0.0,0.005,0.0,0.0,always_reactive,0.947136
h=0.1/q0=0.17/p=0/r=1/sig=0/cf=2.08299,B_q0,0.1,0.17,0.0,1.0,0.0,1.0,2.0829936590907905,sepsis,native,ours_spend_cap,80677165.02,0.991065,0.0,0.0,118.0,0.0,0.0,0.0,118.0,0.005,118.0,3576046.02,always_reactive,0.947136
h=0.1/q0=0.17/p=0/r=1/sig=0/cf=2.08299,B_q0,0.1,0.17,0.0,1.0,0.0,1.0,2.0829936590907905,sepsis,native,ours_pi_prior,81374190.939,0.999628,0.0,0.0,141.0,0.0,0.0,0.0,141.0,0.005,141.0,4273071.939,always_reactive,0.947136
h=0.1/q0=0.17/p=0/r=1/sig=0/cf=2.08299,B_q0,0.1,0.17,0.0,1.0,0.0,1.0,2.0829936590907905,sepsis,native,ours_both,80646859.545,0.990693,0.0,0.0,117.0,0.0,0.0,0.0,117.0,0.005,117.0,3545740.545,always_reactive,0.947136
h=0.1/q0=0.17/p=0/r=1/sig=0/cf=2.08299,B_q0,0.1,0.17,0.0,1.0,0.0,1.0,2.0829936590907905,sepsis,native,breakeven,81404496.414,1.0,0.0,0.0,142.0,0.0,0.0,0.0,142.0,0.005,142.0,4303377.414,always_reactive,0.947136
h=0.1/q0=0.17/p=0/r=1/sig=0/cf=2.08299,B_q0,0.1,0.17,0.0,1.0,0.0,1.0,2.0829936590907905,sepsis,native,breakeven_cap,80677165.02,0.991065,0.0,0.0,118.0,0.0,0.0,0.0,118.0,0.005,118.0,3576046.02,always_reactive,0.947136
h=0.1/q0=0.17/p=0/r=1/sig=0/cf=2.08299,B_q0,0.1,0.17,0.0,1.0,0.0,1.0,2.0829936590907905,sepsis,native,offline_taxblind,77101119.0,0.947136,,,,,,,,,,,always_reactive,0.947136
h=0.1/q0=0.17/p=0/r=1/sig=0/cf=2.08299,B_q0,0.1,0.17,0.0,1.0,0.0,1.0,2.0829936590907905,sepsis,native,offline_opt_tax,77101119.0,0.947136,,,,,,,,,,,always_reactive,0.947136
h=0.1/q0=0.17/p=0/r=1/sig=0/cf=2.08299,B_q0,0.1,0.17,0.0,1.0,0.0,1.0,2.0829936590907905,wiki_A,autorpa_233k,always_reactive,5261420180.0,0.98824,0.0,0.0,0.0,0.0,0.0,0.0,0.0,0.005,0.0,0.0,always_reactive,0.147687
h=0.1/q0=0.17/p=0/r=1/sig=0/cf=2.08299,B_q0,0.1,0.17,0.0,1.0,0.0,1.0,2.0829936590907905,wiki_A,autorpa_233k,always_compile_evict,35625591604.41,6.691472,0.0,0.0,62563.0,0.0,0.0,0.0,62563.0,0.001,62563.0,30364171424.423,always_reactive,0.147687
h=0.1/q0=0.17/p=0/r=1/sig=0/cf=2.08299,B_q0,0.1,0.17,0.0,1.0,0.0,1.0,2.0829936590907905,wiki_A,autorpa_233k,ours_noinflate,5324028720.411,1.0,0.0,0.0,129.0,0.0,0.0,0.0,129.0,0.005,129.0,62608540.411,always_reactive,0.147687
h=0.1/q0=0.17/p=0/r=1/sig=0/cf=2.08299,B_q0,0.1,0.17,0.0,1.0,0.0,1.0,2.0829936590907905,wiki_A,autorpa_233k,oracle_tax,5261420180.0,0.98824,0.0,0.0,0.0,0.0,0.0,0.0,0.0,0.005,0.0,0.0,always_reactive,0.147687
h=0.1/q0=0.17/p=0/r=1/sig=0/cf=2.08299,B_q0,0.1,0.17,0.0,1.0,0.0,1.0,2.0829936590907905,wiki_A,autorpa_233k,ours_spend_cap,5324028720.411,1.0,0.0,0.0,129.0,0.0,0.0,0.0,129.0,0.005,129.0,62608540.411,always_reactive,0.147687
h=0.1/q0=0.17/p=0/r=1/sig=0/cf=2.08299,B_q0,0.1,0.17,0.0,1.0,0.0,1.0,2.0829936590907905,wiki_A,autorpa_233k,ours_pi_prior,5333735470.863,1.001823,0.0,0.0,149.0,0.0,0.0,0.0,149.0,0.005,149.0,72315290.863,always_reactive,0.147687
h=0.1/q0=0.17/p=0/r=1/sig=0/cf=2.08299,B_q0,0.1,0.17,0.0,1.0,0.0,1.0,2.0829936590907905,wiki_A,autorpa_233k,ours_both,5333735470.863,1.001823,0.0,0.0,149.0,0.0,0.0,0.0,149.0,0.005,149.0,72315290.863,always_reactive,0.147687
h=0.1/q0=0.17/p=0/r=1/sig=0/cf=2.08299,B_q0,0.1,0.17,0.0,1.0,0.0,1.0,2.0829936590907905,wiki_A,autorpa_233k,breakeven,12891896709.813,2.421455,0.0,0.0,15722.0,0.0,0.0,0.0,15722.0,0.002,15722.0,7630476529.817,always_reactive,0.147687
h=0.1/q0=0.17/p=0/r=1/sig=0/cf=2.08299,B_q0,0.1,0.17,0.0,1.0,0.0,1.0,2.0829936590907905,wiki_A,autorpa_233k,breakeven_cap,5353148971.765,1.00547,0.0,0.0,189.0,0.0,0.0,0.0,189.0,0.005,189.0,91728791.765,always_reactive,0.147687
h=0.1/q0=0.17/p=0/r=1/sig=0/cf=2.08299,B_q0,0.1,0.17,0.0,1.0,0.0,1.0,2.0829936590907905,wiki_A,autorpa_233k,offline_taxblind,5261420180.0,0.98824,,,,,,,,,,,always_reactive,0.147687
h=0.1/q0=0.17/p=0/r=1/sig=0/cf=2.08299,B_q0,0.1,0.17,0.0,1.0,0.0,1.0,2.0829936590907905,wiki_A,autorpa_233k,offline_opt_tax,5261420180.0,0.98824,,,,,,,,,,,always_reactive,0.147687
h=0.1/q0=0.17/p=0/r=1/sig=0/cf=2.08299,B_q0,0.1,0.17,0.0,1.0,0.0,1.0,2.0829936590907905,wiki_A,native,always_reactive,5261420180.0,0.979702,0.0,0.0,0.0,0.0,0.0,0.0,0.0,0.005,0.0,0.0,always_reactive,0.7351
h=0.1/q0=0.17/p=0/r=1/sig=0/cf=2.08299,B_q0,0.1,0.17,0.0,1.0,0.0,1.0,2.0829936590907905,wiki_A,native,always_compile_evict,7157421596.536,1.332747,0.0,0.0,62563.0,0.0,0.0,0.0,62563.0,0.003,62563.0,1896001416.541,always_reactive,0.7351
h=0.1/q0=0.17/p=0/r=1/sig=0/cf=2.08299,B_q0,0.1,0.17,0.0,1.0,0.0,1.0,2.0829936590907905,wiki_A,native,ours_noinflate,5370428972.662,1.0,0.0,0.0,3597.0,0.0,0.0,0.0,3597.0,0.004,3597.0,109008792.662,always_reactive,0.7351
h=0.1/q0=0.17/p=0/r=1/sig=0/cf=2.08299,B_q0,0.1,0.17,0.0,1.0,0.0,1.0,2.0829936590907905,wiki_A,native,oracle_tax,5261420180.0,0.979702,0.0,0.0,0.0,0.0,0.0,0.0,0.0,0.005,0.0,0.0,always_reactive,0.7351
h=0.1/q0=0.17/p=0/r=1/sig=0/cf=2.08299,B_q0,0.1,0.17,0.0,1.0,0.0,1.0,2.0829936590907905,wiki_A,native,ours_spend_cap,5337214172.34,0.993815,0.0,0.0,2501.0,0.0,0.0,0.0,2501.0,0.005,2501.0,75793992.34,always_reactive,0.7351
h=0.1/q0=0.17/p=0/r=1/sig=0/cf=2.08299,B_q0,0.1,0.17,0.0,1.0,0.0,1.0,2.0829936590907905,wiki_A,native,ours_pi_prior,5366489260.945,0.999266,0.0,0.0,3467.0,0.0,0.0,0.0,3467.0,0.004,3467.0,105069080.945,always_reactive,0.7351
h=0.1/q0=0.17/p=0/r=1/sig=0/cf=2.08299,B_q0,0.1,0.17,0.0,1.0,0.0,1.0,2.0829936590907905,wiki_A,native,ours_both,5332516823.754,0.992941,0.0,0.0,2346.0,0.0,0.0,0.0,2346.0,0.005,2346.0,71096643.754,always_reactive,0.7351
h=0.1/q0=0.17/p=0/r=1/sig=0/cf=2.08299,B_q0,0.1,0.17,0.0,1.0,0.0,1.0,2.0829936590907905,wiki_A,native,breakeven,7157421596.536,1.332747,0.0,0.0,62563.0,0.0,0.0,0.0,62563.0,0.003,62563.0,1896001416.541,always_reactive,0.7351
h=0.1/q0=0.17/p=0/r=1/sig=0/cf=2.08299,B_q0,0.1,0.17,0.0,1.0,0.0,1.0,2.0829936590907905,wiki_A,native,breakeven_cap,5337214172.34,0.993815,0.0,0.0,2501.0,0.0,0.0,0.0,2501.0,0.005,2501.0,75793992.34,always_reactive,0.7351
h=0.1/q0=0.17/p=0/r=1/sig=0/cf=2.08299,B_q0,0.1,0.17,0.0,1.0,0.0,1.0,2.0829936590907905,wiki_A,native,offline_taxblind,5261420180.0,0.979702,,,,,,,,,,,always_reactive,0.7351
h=0.1/q0=0.17/p=0/r=1/sig=0/cf=2.08299,B_q0,0.1,0.17,0.0,1.0,0.0,1.0,2.0829936590907905,wiki_A,native,offline_opt_tax,5261420180.0,0.979702,,,,,,,,,,,always_reactive,0.7351
h=0.1/q0=0.17/p=0/r=1/sig=0/cf=2.08299,B_q0,0.1,0.17,0.0,1.0,0.0,1.0,2.0829936590907905,wiki_B,autorpa_233k,always_reactive,7373315056.0,0.968507,0.0,0.0,0.0,0.0,0.0,0.0,0.0,0.005,0.0,0.0,always_reactive,0.350865
h=0.1/q0=0.17/p=0/r=1/sig=0/cf=2.08299,B_q0,0.1,0.17,0.0,1.0,0.0,1.0,2.0829936590907905,wiki_B,autorpa_233k,always_compile_evict,21014696802.814,2.760344,0.0,0.0,28107.0,0.0,0.0,0.0,28107.0,0.002,28107.0,13641381746.823,always_reactive,0.350865
h=0.1/q0=0.17/p=0/r=1/sig=0/cf=2.08299,B_q0,0.1,0.17,0.0,1.0,0.0,1.0,2.0829936590907905,wiki_B,autorpa_233k,ours_noinflate,7613071792.149,1.0,0.0,0.0,494.0,0.0,0.0,0.0,494.0,0.005,494.0,239756736.149,always_reactive,0.350865
h=0.1/q0=0.17/p=0/r=1/sig=0/cf=2.08299,B_q0,0.1,0.17,0.0,1.0,0.0,1.0,2.0829936590907905,wiki_B,autorpa_233k,oracle_tax,7373315056.0,0.968507,0.0,0.0,0.0,0.0,0.0,0.0,0.0,0.005,0.0,0.0,always_reactive,0.350865
h=0.1/q0=0.17/p=0/r=1/sig=0/cf=2.08299,B_q0,0.1,0.17,0.0,1.0,0.0,1.0,2.0829936590907905,wiki_B,autorpa_233k,ours_spend_cap,7613071792.149,1.0,0.0,0.0,494.0,0.0,0.0,0.0,494.0,0.005,494.0,239756736.149,always_reactive,0.350865
h=0.1/q0=0.17/p=0/r=1/sig=0/cf=2.08299,B_q0,0.1,0.17,0.0,1.0,0.0,1.0,2.0829936590907905,wiki_B,autorpa_233k,ours_pi_prior,7701888558.779,1.011666,0.0,0.0,677.0,0.0,0.0,0.0,677.0,0.005,677.0,328573502.779,always_reactive,0.350865
h=0.1/q0=0.17/p=0/r=1/sig=0/cf=2.08299,B_q0,0.1,0.17,0.0,1.0,0.0,1.0,2.0829936590907905,wiki_B,autorpa_233k,ours_both,7701888558.779,1.011666,0.0,0.0,677.0,0.0,0.0,0.0,677.0,0.005,677.0,328573502.779,always_reactive,0.350865
h=0.1/q0=0.17/p=0/r=1/sig=0/cf=2.08299,B_q0,0.1,0.17,0.0,1.0,0.0,1.0,2.0829936590907905,wiki_B,autorpa_233k,breakeven,9938809200.294,1.305493,0.0,0.0,5286.0,0.0,0.0,0.0,5286.0,0.004,5286.0,2565494144.295,always_reactive,0.350865
h=0.1/q0=0.17/p=0/r=1/sig=0/cf=2.08299,B_q0,0.1,0.17,0.0,1.0,0.0,1.0,2.0829936590907905,wiki_B,autorpa_233k,breakeven_cap,7707227271.527,1.012368,0.0,0.0,688.0,0.0,0.0,0.0,688.0,0.005,688.0,333912215.527,always_reactive,0.350865
h=0.1/q0=0.17/p=0/r=1/sig=0/cf=2.08299,B_q0,0.1,0.17,0.0,1.0,0.0,1.0,2.0829936590907905,wiki_B,autorpa_233k,offline_taxblind,7373315056.0,0.968507,,,,,,,,,,,always_reactive,0.350865
h=0.1/q0=0.17/p=0/r=1/sig=0/cf=2.08299,B_q0,0.1,0.17,0.0,1.0,0.0,1.0,2.0829936590907905,wiki_B,autorpa_233k,offline_opt_tax,7373315056.0,0.968507,,,,,,,,,,,always_reactive,0.350865
h=0.1/q0=0.17/p=0/r=1/sig=0/cf=2.08299,B_q0,0.1,0.17,0.0,1.0,0.0,1.0,2.0829936590907905,wiki_B,native,always_reactive,7373315056.0,0.951353,0.0,0.0,0.0,0.0,0.0,0.0,0.0,0.005,0.0,0.0,always_reactive,0.89644
h=0.1/q0=0.17/p=0/r=1/sig=0/cf=2.08299,B_q0,0.1,0.17,0.0,1.0,0.0,1.0,2.0829936590907905,wiki_B,native,always_compile_evict,8225111034.685,1.061257,0.0,0.0,28107.0,0.0,0.0,0.0,28107.0,0.004,28107.0,851795978.689,always_reactive,0.89644
h=0.1/q0=0.17/p=0/r=1/sig=0/cf=2.08299,B_q0,0.1,0.17,0.0,1.0,0.0,1.0,2.0829936590907905,wiki_B,native,ours_noinflate,7750345467.315,1.0,0.0,0.0,12441.0,0.0,0.0,0.0,12441.0,0.005,12441.0,377030411.316,always_reactive,0.89644
h=0.1/q0=0.17/p=0/r=1/sig=0/cf=2.08299,B_q0,0.1,0.17,0.0,1.0,0.0,1.0,2.0829936590907905,wiki_B,native,oracle_tax,7373315056.0,0.951353,0.0,0.0,0.0,0.0,0.0,0.0,0.0,0.005,0.0,0.0,always_reactive,0.89644
h=0.1/q0=0.17/p=0/r=1/sig=0/cf=2.08299,B_q0,0.1,0.17,0.0,1.0,0.0,1.0,2.0829936590907905,wiki_B,native,ours_spend_cap,7675430333.743,0.990334,0.0,0.0,9969.0,0.0,0.0,0.0,9969.0,0.005,9969.0,302115277.744,always_reactive,0.89644
h=0.1/q0=0.17/p=0/r=1/sig=0/cf=2.08299,B_q0,0.1,0.17,0.0,1.0,0.0,1.0,2.0829936590907905,wiki_B,native,ours_pi_prior,7728192165.276,0.997142,0.0,0.0,11710.0,0.0,0.0,0.0,11710.0,0.005,11710.0,354877109.277,always_reactive,0.89644
h=0.1/q0=0.17/p=0/r=1/sig=0/cf=2.08299,B_q0,0.1,0.17,0.0,1.0,0.0,1.0,2.0829936590907905,wiki_B,native,ours_both,7656853077.724,0.987937,0.0,0.0,9356.0,0.0,0.0,0.0,9356.0,0.005,9356.0,283538021.725,always_reactive,0.89644
h=0.1/q0=0.17/p=0/r=1/sig=0/cf=2.08299,B_q0,0.1,0.17,0.0,1.0,0.0,1.0,2.0829936590907905,wiki_B,native,breakeven,8225111034.685,1.061257,0.0,0.0,28107.0,0.0,0.0,0.0,28107.0,0.004,28107.0,851795978.689,always_reactive,0.89644
h=0.1/q0=0.17/p=0/r=1/sig=0/cf=2.08299,B_q0,0.1,0.17,0.0,1.0,0.0,1.0,2.0829936590907905,wiki_B,native,breakeven_cap,7675430333.743,0.990334,0.0,0.0,9969.0,0.0,0.0,0.0,9969.0,0.005,9969.0,302115277.744,always_reactive,0.89644
h=0.1/q0=0.17/p=0/r=1/sig=0/cf=2.08299,B_q0,0.1,0.17,0.0,1.0,0.0,1.0,2.0829936590907905,wiki_B,native,offline_taxblind,7373315056.0,0.951353,,,,,,,,,,,always_reactive,0.89644
h=0.1/q0=0.17/p=0/r=1/sig=0/cf=2.08299,B_q0,0.1,0.17,0.0,1.0,0.0,1.0,2.0829936590907905,wiki_B,native,offline_opt_tax,7373315056.0,0.951353,,,,,,,,,,,always_reactive,0.89644
h=0.1/q0=0.17/p=1/r=1/sig=0/cf=1,B_q0,0.1,0.17,1.0,1.0,0.0,1.0,1.0,bpi2019,autorpa_233k,always_reactive,19497801224.0,1.431868,0.0,0.0,0.0,0.0,0.0,0.0,0.0,0.005,0.0,0.0,always_compile_evict,1.0
h=0.1/q0=0.17/p=1/r=1/sig=0/cf=1,B_q0,0.1,0.17,1.0,1.0,0.0,1.0,1.0,bpi2019,autorpa_233k,always_compile_evict,12761973070.7,0.937206,42.1,69.4,25427.8,23721.6,0.0,59871.3,24778.1,0.081,0.0,0.0,always_compile_evict,1.0
h=0.1/q0=0.17/p=1/r=1/sig=0/cf=1,B_q0,0.1,0.17,1.0,1.0,0.0,1.0,1.0,bpi2019,autorpa_233k,ours_noinflate,13617035242.0,1.0,28.3,44.9,16332.5,15763.8,0.0,39854.3,16009.9,0.047,0.0,0.0,always_compile_evict,1.0
h=0.1/q0=0.17/p=1/r=1/sig=0/cf=1,B_q0,0.1,0.17,1.0,1.0,0.0,1.0,1.0,bpi2019,autorpa_233k,oracle_tax,19397251051.8,1.424484,21.7,30.4,344.0,322.3,0.0,817.1,200.2,0.005,0.0,0.0,always_compile_evict,1.0
h=0.1/q0=0.17/p=1/r=1/sig=0/cf=1,B_q0,0.1,0.17,1.0,1.0,0.0,1.0,1.0,bpi2019,autorpa_233k,ours_spend_cap,13617035242.0,1.0,28.3,44.9,16332.5,15763.8,0.0,39854.3,16009.9,0.047,0.0,0.0,always_compile_evict,1.0
h=0.1/q0=0.17/p=1/r=1/sig=0/cf=1,B_q0,0.1,0.17,1.0,1.0,0.0,1.0,1.0,bpi2019,autorpa_233k,ours_pi_prior,17329933057.3,1.272666,32.1,43.2,7828.6,7229.2,0.0,18289.4,7551.3,0.035,0.0,0.0,always_compile_evict,1.0
h=0.1/q0=0.17/p=1/r=1/sig=0/cf=1,B_q0,0.1,0.17,1.0,1.0,0.0,1.0,1.0,bpi2019,autorpa_233k,ours_both,17329933057.3,1.272666,32.1,43.2,7828.6,7229.2,0.0,18289.4,7551.3,0.035,0.0,0.0,always_compile_evict,1.0
h=0.1/q0=0.17/p=1/r=1/sig=0/cf=1,B_q0,0.1,0.17,1.0,1.0,0.0,1.0,1.0,bpi2019,autorpa_233k,breakeven,19565326488.9,1.436827,0.1,7.6,919.1,319.9,0.0,793.8,738.3,0.006,0.0,0.0,always_compile_evict,1.0
h=0.1/q0=0.17/p=1/r=1/sig=0/cf=1,B_q0,0.1,0.17,1.0,1.0,0.0,1.0,1.0,bpi2019,autorpa_233k,breakeven_cap,19565326488.9,1.436827,0.1,7.6,919.1,319.9,0.0,793.8,738.3,0.006,0.0,0.0,always_compile_evict,1.0
h=0.1/q0=0.17/p=1/r=1/sig=0/cf=1,B_q0,0.1,0.17,1.0,1.0,0.0,1.0,1.0,bpi2019,autorpa_233k,offline_taxblind,11559080481.102,0.848869,,,,,,,,,,,always_compile_evict,1.0
h=0.1/q0=0.17/p=1/r=1/sig=0/cf=1,B_q0,0.1,0.17,1.0,1.0,0.0,1.0,1.0,bpi2019,autorpa_233k,offline_opt_tax,12000027494.232,0.881251,,,,,,,,,,,always_compile_evict,1.0
h=0.1/q0=0.17/p=1/r=1/sig=0/cf=1,B_q0,0.1,0.17,1.0,1.0,0.0,1.0,1.0,bpi2019,native,always_reactive,19497801224.0,3.06052,0.0,0.0,0.0,0.0,0.0,0.0,0.0,0.005,0.0,0.0,always_compile_evict,1.0
h=0.1/q0=0.17/p=1/r=1/sig=0/cf=1,B_q0,0.1,0.17,1.0,1.0,0.0,1.0,1.0,bpi2019,native,always_compile_evict,6370748017.3,1.0,3.8,17.3,25427.8,23721.6,0.0,59871.3,18639.0,0.031,0.0,0.0,always_compile_evict,1.0
h=0.1/q0=0.17/p=1/r=1/sig=0/cf=1,B_q0,0.1,0.17,1.0,1.0,0.0,1.0,1.0,bpi2019,native,ours_noinflate,6370748017.3,1.0,3.8,17.3,25427.8,23721.6,0.0,59871.3,18639.0,0.031,0.0,0.0,always_compile_evict,1.0
h=0.1/q0=0.17/p=1/r=1/sig=0/cf=1,B_q0,0.1,0.17,1.0,1.0,0.0,1.0,1.0,bpi2019,native,oracle_tax,19217424899.6,3.01651,60.8,61.6,603.1,542.3,0.0,1379.5,321.4,0.006,0.0,0.0,always_compile_evict,1.0
h=0.1/q0=0.17/p=1/r=1/sig=0/cf=1,B_q0,0.1,0.17,1.0,1.0,0.0,1.0,1.0,bpi2019,native,ours_spend_cap,6370748017.3,1.0,3.8,17.3,25427.8,23721.6,0.0,59871.3,18639.0,0.031,0.0,0.0,always_compile_evict,1.0
h=0.1/q0=0.17/p=1/r=1/sig=0/cf=1,B_q0,0.1,0.17,1.0,1.0,0.0,1.0,1.0,bpi2019,native,ours_pi_prior,6380579280.4,1.001543,3.8,17.3,25372.1,23698.0,0.0,59817.2,18638.0,0.031,0.0,0.0,always_compile_evict,1.0
h=0.1/q0=0.17/p=1/r=1/sig=0/cf=1,B_q0,0.1,0.17,1.0,1.0,0.0,1.0,1.0,bpi2019,native,ours_both,6380579280.4,1.001543,3.8,17.3,25372.1,23698.0,0.0,59817.2,18638.0,0.031,0.0,0.0,always_compile_evict,1.0
h=0.1/q0=0.17/p=1/r=1/sig=0/cf=1,B_q0,0.1,0.17,1.0,1.0,0.0,1.0,1.0,bpi2019,native,breakeven,19240941251.0,3.020201,0.0,5.1,2373.7,562.5,0.0,1403.6,3.2,0.005,0.0,0.0,always_compile_evict,1.0
h=0.1/q0=0.17/p=1/r=1/sig=0/cf=1,B_q0,0.1,0.17,1.0,1.0,0.0,1.0,1.0,bpi2019,native,breakeven_cap,19240941251.0,3.020201,0.0,5.1,2373.7,562.5,0.0,1403.6,3.2,0.005,0.0,0.0,always_compile_evict,1.0
h=0.1/q0=0.17/p=1/r=1/sig=0/cf=1,B_q0,0.1,0.17,1.0,1.0,0.0,1.0,1.0,bpi2019,native,offline_taxblind,5612519533.235,0.880983,,,,,,,,,,,always_compile_evict,1.0
h=0.1/q0=0.17/p=1/r=1/sig=0/cf=1,B_q0,0.1,0.17,1.0,1.0,0.0,1.0,1.0,bpi2019,native,offline_opt_tax,5701189079.16,0.894901,,,,,,,,,,,always_compile_evict,1.0
h=0.1/q0=0.17/p=1/r=1/sig=0/cf=1,B_q0,0.1,0.17,1.0,1.0,0.0,1.0,1.0,sepsis,autorpa_233k,always_reactive,77101119.0,1.015477,0.0,0.0,0.0,0.0,0.0,0.0,0.0,0.005,0.0,0.0,ours_noinflate,0.965169
h=0.1/q0=0.17/p=1/r=1/sig=0/cf=1,B_q0,0.1,0.17,1.0,1.0,0.0,1.0,1.0,sepsis,autorpa_233k,always_compile_evict,78666018.2,1.036088,16.9,18.5,36.6,12.8,0.0,33.5,28.7,0.016,0.0,0.0,ours_noinflate,0.965169
h=0.1/q0=0.17/p=1/r=1/sig=0/cf=1,B_q0,0.1,0.17,1.0,1.0,0.0,1.0,1.0,sepsis,autorpa_233k,ours_noinflate,75926026.0,1.0,3.1,4.0,8.6,5.0,0.0,13.1,3.1,0.007,0.0,0.0,ours_noinflate,0.965169
h=0.1/q0=0.17/p=1/r=1/sig=0/cf=1,B_q0,0.1,0.17,1.0,1.0,0.0,1.0,1.0,sepsis,autorpa_233k,oracle_tax,74718058.2,0.98409,3.5,5.8,12.2,8.7,0.0,23.4,4.2,0.01,0.0,0.0,ours_noinflate,0.965169
h=0.1/q0=0.17/p=1/r=1/sig=0/cf=1,B_q0,0.1,0.17,1.0,1.0,0.0,1.0,1.0,sepsis,autorpa_233k,ours_spend_cap,75926026.0,1.0,3.1,4.0,8.6,5.0,0.0,13.1,3.1,0.007,0.0,0.0,ours_noinflate,0.965169
h=0.1/q0=0.17/p=1/r=1/sig=0/cf=1,B_q0,0.1,0.17,1.0,1.0,0.0,1.0,1.0,sepsis,autorpa_233k,ours_pi_prior,76014518.6,1.001166,5.2,5.8,11.4,6.2,0.0,16.7,5.9,0.008,0.0,0.0,ours_noinflate,0.965169
h=0.1/q0=0.17/p=1/r=1/sig=0/cf=1,B_q0,0.1,0.17,1.0,1.0,0.0,1.0,1.0,sepsis,autorpa_233k,ours_both,76014518.6,1.001166,5.2,5.8,11.4,6.2,0.0,16.7,5.9,0.008,0.0,0.0,ours_noinflate,0.965169
h=0.1/q0=0.17/p=1/r=1/sig=0/cf=1,B_q0,0.1,0.17,1.0,1.0,0.0,1.0,1.0,sepsis,autorpa_233k,breakeven,76487921.2,1.007401,1.8,3.9,6.9,4.0,0.0,10.8,2.5,0.007,0.0,0.0,ours_noinflate,0.965169
h=0.1/q0=0.17/p=1/r=1/sig=0/cf=1,B_q0,0.1,0.17,1.0,1.0,0.0,1.0,1.0,sepsis,autorpa_233k,breakeven_cap,76487921.2,1.007401,1.8,3.9,6.9,4.0,0.0,10.8,2.5,0.007,0.0,0.0,ours_noinflate,0.965169
h=0.1/q0=0.17/p=1/r=1/sig=0/cf=1,B_q0,0.1,0.17,1.0,1.0,0.0,1.0,1.0,sepsis,autorpa_233k,offline_taxblind,74232374.824,0.977693,,,,,,,,,,,ours_noinflate,0.965169
h=0.1/q0=0.17/p=1/r=1/sig=0/cf=1,B_q0,0.1,0.17,1.0,1.0,0.0,1.0,1.0,sepsis,autorpa_233k,offline_opt_tax,74721583.345,0.984137,,,,,,,,,,,ours_noinflate,0.965169
h=0.1/q0=0.17/p=1/r=1/sig=0/cf=1,B_q0,0.1,0.17,1.0,1.0,0.0,1.0,1.0,sepsis,native,always_reactive,77101119.0,1.099347,0.0,0.0,0.0,0.0,0.0,0.0,0.0,0.005,0.0,0.0,always_compile_evict,1.0
h=0.1/q0=0.17/p=1/r=1/sig=0/cf=1,B_q0,0.1,0.17,1.0,1.0,0.0,1.0,1.0,sepsis,native,always_compile_evict,70133547.7,1.0,3.2,9.4,36.6,12.8,0.0,33.5,0.8,0.011,0.0,0.0,always_compile_evict,1.0
h=0.1/q0=0.17/p=1/r=1/sig=0/cf=1,B_q0,0.1,0.17,1.0,1.0,0.0,1.0,1.0,sepsis,native,ours_noinflate,70133547.7,1.0,3.2,9.4,36.6,12.8,0.0,33.5,0.8,0.011,0.0,0.0,always_compile_evict,1.0
h=0.1/q0=0.17/p=1/r=1/sig=0/cf=1,B_q0,0.1,0.17,1.0,1.0,0.0,1.0,1.0,sepsis,native,oracle_tax,70822137.0,1.009818,21.8,22.6,34.4,12.6,0.0,33.2,1.1,0.019,0.0,0.0,always_compile_evict,1.0
h=0.1/q0=0.17/p=1/r=1/sig=0/cf=1,B_q0,0.1,0.17,1.0,1.0,0.0,1.0,1.0,sepsis,native,ours_spend_cap,70133547.7,1.0,3.2,9.4,36.6,12.8,0.0,33.5,0.8,0.011,0.0,0.0,always_compile_evict,1.0
h=0.1/q0=0.17/p=1/r=1/sig=0/cf=1,B_q0,0.1,0.17,1.0,1.0,0.0,1.0,1.0,sepsis,native,ours_pi_prior,70172141.8,1.00055,3.2,9.4,36.3,12.7,0.0,33.3,0.8,0.011,0.0,0.0,always_compile_evict,1.0
h=0.1/q0=0.17/p=1/r=1/sig=0/cf=1,B_q0,0.1,0.17,1.0,1.0,0.0,1.0,1.0,sepsis,native,ours_both,70172141.8,1.00055,3.2,9.4,36.3,12.7,0.0,33.3,0.8,0.011,0.0,0.0,always_compile_evict,1.0
h=0.1/q0=0.17/p=1/r=1/sig=0/cf=1,B_q0,0.1,0.17,1.0,1.0,0.0,1.0,1.0,sepsis,native,breakeven,75441879.5,1.075689,0.0,4.7,29.4,3.4,0.0,8.2,0.0,0.006,0.0,0.0,always_compile_evict,1.0
h=0.1/q0=0.17/p=1/r=1/sig=0/cf=1,B_q0,0.1,0.17,1.0,1.0,0.0,1.0,1.0,sepsis,native,breakeven_cap,75441879.5,1.075689,0.0,4.7,29.4,3.4,0.0,8.2,0.0,0.006,0.0,0.0,always_compile_evict,1.0
h=0.1/q0=0.17/p=1/r=1/sig=0/cf=1,B_q0,0.1,0.17,1.0,1.0,0.0,1.0,1.0,sepsis,native,offline_taxblind,32764827.507,0.467178,,,,,,,,,,,always_compile_evict,1.0
h=0.1/q0=0.17/p=1/r=1/sig=0/cf=1,B_q0,0.1,0.17,1.0,1.0,0.0,1.0,1.0,sepsis,native,offline_opt_tax,33138211.403,0.472502,,,,,,,,,,,always_compile_evict,1.0
h=0.1/q0=0.17/p=1/r=1/sig=0/cf=1,B_q0,0.1,0.17,1.0,1.0,0.0,1.0,1.0,wiki_A,autorpa_233k,always_reactive,5261420180.0,1.618642,0.0,0.0,0.0,0.0,0.0,0.0,0.0,0.005,0.0,0.0,always_compile_evict,1.0
h=0.1/q0=0.17/p=1/r=1/sig=0/cf=1,B_q0,0.1,0.17,1.0,1.0,0.0,1.0,1.0,wiki_A,autorpa_233k,always_compile_evict,3139643855.8,0.965891,9.1,41.6,6543.9,6259.2,0.0,15868.4,5925.7,0.032,0.0,0.0,always_compile_evict,1.0
h=0.1/q0=0.17/p=1/r=1/sig=0/cf=1,B_q0,0.1,0.17,1.0,1.0,0.0,1.0,1.0,wiki_A,autorpa_233k,ours_noinflate,3250514156.1,1.0,5.0,19.7,5355.2,5257.2,0.0,13314.3,4915.2,0.019,0.0,0.0,always_compile_evict,1.0
h=0.1/q0=0.17/p=1/r=1/sig=0/cf=1,B_q0,0.1,0.17,1.0,1.0,0.0,1.0,1.0,wiki_A,autorpa_233k,oracle_tax,5107268115.6,1.571219,3.1,5.0,370.8,367.7,0.0,919.4,223.2,0.005,0.0,0.0,always_compile_evict,1.0
h=0.1/q0=0.17/p=1/r=1/sig=0/cf=1,B_q0,0.1,0.17,1.0,1.0,0.0,1.0,1.0,wiki_A,autorpa_233k,ours_spend_cap,3250514156.1,1.0,5.0,19.7,5355.2,5257.2,0.0,13314.3,4915.2,0.019,0.0,0.0,always_compile_evict,1.0
h=0.1/q0=0.17/p=1/r=1/sig=0/cf=1,B_q0,0.1,0.17,1.0,1.0,0.0,1.0,1.0,wiki_A,autorpa_233k,ours_pi_prior,3444118680.9,1.059561,3.6,21.2,5268.8,5158.6,0.0,13090.4,4874.2,0.017,0.0,0.0,always_compile_evict,1.0
h=0.1/q0=0.17/p=1/r=1/sig=0/cf=1,B_q0,0.1,0.17,1.0,1.0,0.0,1.0,1.0,wiki_A,autorpa_233k,ours_both,3444118680.9,1.059561,3.6,21.2,5268.8,5158.6,0.0,13090.4,4874.2,0.017,0.0,0.0,always_compile_evict,1.0
h=0.1/q0=0.17/p=1/r=1/sig=0/cf=1,B_q0,0.1,0.17,1.0,1.0,0.0,1.0,1.0,wiki_A,autorpa_233k,breakeven,4840227242.8,1.489065,0.0,6.0,1594.4,1492.7,0.0,3753.9,1217.9,0.006,0.0,0.0,always_compile_evict,1.0
h=0.1/q0=0.17/p=1/r=1/sig=0/cf=1,B_q0,0.1,0.17,1.0,1.0,0.0,1.0,1.0,wiki_A,autorpa_233k,breakeven_cap,4840227242.8,1.489065,0.0,6.0,1594.4,1492.7,0.0,3753.9,1217.9,0.006,0.0,0.0,always_compile_evict,1.0
h=0.1/q0=0.17/p=1/r=1/sig=0/cf=1,B_q0,0.1,0.17,1.0,1.0,0.0,1.0,1.0,wiki_A,autorpa_233k,offline_taxblind,3016768890.508,0.92809,,,,,,,,,,,always_compile_evict,1.0
h=0.1/q0=0.17/p=1/r=1/sig=0/cf=1,B_q0,0.1,0.17,1.0,1.0,0.0,1.0,1.0,wiki_A,autorpa_233k,offline_opt_tax,3060236760.849,0.941462,,,,,,,,,,,always_compile_evict,1.0
h=0.1/q0=0.17/p=1/r=1/sig=0/cf=1,B_q0,0.1,0.17,1.0,1.0,0.0,1.0,1.0,wiki_A,native,always_reactive,5261420180.0,3.184838,0.0,0.0,0.0,0.0,0.0,0.0,0.0,0.005,0.0,0.0,always_compile_evict,1.0
h=0.1/q0=0.17/p=1/r=1/sig=0/cf=1,B_q0,0.1,0.17,1.0,1.0,0.0,1.0,1.0,wiki_A,native,always_compile_evict,1652021532.3,1.0,3.8,12.4,6543.9,6259.2,0.0,15868.4,5046.4,0.026,0.0,0.0,always_compile_evict,1.0
h=0.1/q0=0.17/p=1/r=1/sig=0/cf=1,B_q0,0.1,0.17,1.0,1.0,0.0,1.0,1.0,wiki_A,native,ours_noinflate,1652021532.3,1.0,3.8,12.4,6543.9,6259.2,0.0,15868.4,5046.4,0.026,0.0,0.0,always_compile_evict,1.0
h=0.1/q0=0.17/p=1/r=1/sig=0/cf=1,B_q0,0.1,0.17,1.0,1.0,0.0,1.0,1.0,wiki_A,native,oracle_tax,4855378944.8,2.939053,14.5,15.0,673.9,659.4,0.0,1651.4,383.5,0.006,0.0,0.0,always_compile_evict,1.0
h=0.1/q0=0.17/p=1/r=1/sig=0/cf=1,B_q0,0.1,0.17,1.0,1.0,0.0,1.0,1.0,wiki_A,native,ours_spend_cap,1652021532.3,1.0,3.8,12.4,6543.9,6259.2,0.0,15868.4,5046.4,0.026,0.0,0.0,always_compile_evict,1.0
h=0.1/q0=0.17/p=1/r=1/sig=0/cf=1,B_q0,0.1,0.17,1.0,1.0,0.0,1.0,1.0,wiki_A,native,ours_pi_prior,1652287468.2,1.000161,3.8,12.4,6542.5,6258.9,0.0,15867.7,5046.2,0.026,0.0,0.0,always_compile_evict,1.0
h=0.1/q0=0.17/p=1/r=1/sig=0/cf=1,B_q0,0.1,0.17,1.0,1.0,0.0,1.0,1.0,wiki_A,native,ours_both,1652287468.2,1.000161,3.8,12.4,6542.5,6258.9,0.0,15867.7,5046.2,0.026,0.0,0.0,always_compile_evict,1.0
h=0.1/q0=0.17/p=1/r=1/sig=0/cf=1,B_q0,0.1,0.17,1.0,1.0,0.0,1.0,1.0,wiki_A,native,breakeven,4397828028.1,2.662089,0.0,5.0,1982.7,1681.5,0.0,4245.2,1157.2,0.006,0.0,0.0,always_compile_evict,1.0
h=0.1/q0=0.17/p=1/r=1/sig=0/cf=1,B_q0,0.1,0.17,1.0,1.0,0.0,1.0,1.0,wiki_A,native,breakeven_cap,4397828028.1,2.662089,0.0,5.0,1982.7,1681.5,0.0,4245.2,1157.2,0.006,0.0,0.0,always_compile_evict,1.0
h=0.1/q0=0.17/p=1/r=1/sig=0/cf=1,B_q0,0.1,0.17,1.0,1.0,0.0,1.0,1.0,wiki_A,native,offline_taxblind,1500417337.384,0.908231,,,,,,,,,,,always_compile_evict,1.0
h=0.1/q0=0.17/p=1/r=1/sig=0/cf=1,B_q0,0.1,0.17,1.0,1.0,0.0,1.0,1.0,wiki_A,native,offline_opt_tax,1515397668.289,0.917299,,,,,,,,,,,always_compile_evict,1.0
h=0.1/q0=0.17/p=1/r=1/sig=0/cf=1,B_q0,0.1,0.17,1.0,1.0,0.0,1.0,1.0,wiki_B,autorpa_233k,always_reactive,7373315056.0,1.037136,0.0,0.0,0.0,0.0,0.0,0.0,0.0,0.005,0.0,0.0,ours_noinflate,0.972708
h=0.1/q0=0.17/p=1/r=1/sig=0/cf=1,B_q0,0.1,0.17,1.0,1.0,0.0,1.0,1.0,wiki_B,autorpa_233k,always_compile_evict,7308770351.4,1.028057,58.5,76.8,4417.2,2859.2,0.0,7150.4,4060.3,0.065,0.0,0.0,ours_noinflate,0.972708
h=0.1/q0=0.17/p=1/r=1/sig=0/cf=1,B_q0,0.1,0.17,1.0,1.0,0.0,1.0,1.0,wiki_B,autorpa_233k,ours_noinflate,7109302868.4,1.0,28.2,43.8,1950.4,1520.8,0.0,3814.5,1766.0,0.036,0.0,0.0,ours_noinflate,0.972708
h=0.1/q0=0.17/p=1/r=1/sig=0/cf=1,B_q0,0.1,0.17,1.0,1.0,0.0,1.0,1.0,wiki_B,autorpa_233k,oracle_tax,7353842184.3,1.034397,12.9,18.1,97.7,84.8,0.0,216.8,55.1,0.006,0.0,0.0,ours_noinflate,0.972708
h=0.1/q0=0.17/p=1/r=1/sig=0/cf=1,B_q0,0.1,0.17,1.0,1.0,0.0,1.0,1.0,wiki_B,autorpa_233k,ours_spend_cap,7109302868.4,1.0,28.2,43.8,1950.4,1520.8,0.0,3814.5,1766.0,0.036,0.0,0.0,ours_noinflate,0.972708
h=0.1/q0=0.17/p=1/r=1/sig=0/cf=1,B_q0,0.1,0.17,1.0,1.0,0.0,1.0,1.0,wiki_B,autorpa_233k,ours_pi_prior,7211508538.6,1.014376,36.0,50.5,2072.6,1574.0,0.0,3978.4,1907.1,0.037,0.0,0.0,ours_noinflate,0.972708
h=0.1/q0=0.17/p=1/r=1/sig=0/cf=1,B_q0,0.1,0.17,1.0,1.0,0.0,1.0,1.0,wiki_B,autorpa_233k,ours_both,7211508538.6,1.014376,36.0,50.5,2072.6,1574.0,0.0,3978.4,1907.1,0.037,0.0,0.0,ours_noinflate,0.972708
h=0.1/q0=0.17/p=1/r=1/sig=0/cf=1,B_q0,0.1,0.17,1.0,1.0,0.0,1.0,1.0,wiki_B,autorpa_233k,breakeven,7423853900.9,1.044245,2.7,11.1,609.6,214.4,0.0,537.8,510.1,0.008,0.0,0.0,ours_noinflate,0.972708
h=0.1/q0=0.17/p=1/r=1/sig=0/cf=1,B_q0,0.1,0.17,1.0,1.0,0.0,1.0,1.0,wiki_B,autorpa_233k,breakeven_cap,7423853900.9,1.044245,2.7,11.1,609.6,214.4,0.0,537.8,510.1,0.008,0.0,0.0,ours_noinflate,0.972708
h=0.1/q0=0.17/p=1/r=1/sig=0/cf=1,B_q0,0.1,0.17,1.0,1.0,0.0,1.0,1.0,wiki_B,autorpa_233k,offline_taxblind,6612070842.681,0.930059,,,,,,,,,,,ours_noinflate,0.972708
h=0.1/q0=0.17/p=1/r=1/sig=0/cf=1,B_q0,0.1,0.17,1.0,1.0,0.0,1.0,1.0,wiki_B,autorpa_233k,offline_opt_tax,6784122643.727,0.95426,,,,,,,,,,,ours_noinflate,0.972708
h=0.1/q0=0.17/p=1/r=1/sig=0/cf=1,B_q0,0.1,0.17,1.0,1.0,0.0,1.0,1.0,wiki_B,native,always_reactive,7373315056.0,1.241056,0.0,0.0,0.0,0.0,0.0,0.0,0.0,0.005,0.0,0.0,always_compile_evict,1.0
h=0.1/q0=0.17/p=1/r=1/sig=0/cf=1,B_q0,0.1,0.17,1.0,1.0,0.0,1.0,1.0,wiki_B,native,always_compile_evict,5941163394.9,1.0,3.7,14.0,4417.2,2859.2,0.0,7150.4,1178.7,0.013,0.0,0.0,always_compile_evict,1.0
h=0.1/q0=0.17/p=1/r=1/sig=0/cf=1,B_q0,0.1,0.17,1.0,1.0,0.0,1.0,1.0,wiki_B,native,ours_noinflate,5941163394.9,1.0,3.7,14.0,4417.2,2859.2,0.0,7150.4,1178.7,0.013,0.0,0.0,always_compile_evict,1.0
h=0.1/q0=0.17/p=1/r=1/sig=0/cf=1,B_q0,0.1,0.17,1.0,1.0,0.0,1.0,1.0,wiki_B,native,oracle_tax,7311253673.4,1.23061,78.0,78.8,224.3,146.3,0.0,367.4,78.5,0.007,0.0,0.0,always_compile_evict,1.0
h=0.1/q0=0.17/p=1/r=1/sig=0/cf=1,B_q0,0.1,0.17,1.0,1.0,0.0,1.0,1.0,wiki_B,native,ours_spend_cap,5941163394.9,1.0,3.7,14.0,4417.2,2859.2,0.0,7150.4,1178.7,0.013,0.0,0.0,always_compile_evict,1.0
h=0.1/q0=0.17/p=1/r=1/sig=0/cf=1,B_q0,0.1,0.17,1.0,1.0,0.0,1.0,1.0,wiki_B,native,ours_pi_prior,5941646942.5,1.000081,3.7,14.0,4413.9,2857.6,0.0,7146.1,1178.6,0.013,0.0,0.0,always_compile_evict,1.0
h=0.1/q0=0.17/p=1/r=1/sig=0/cf=1,B_q0,0.1,0.17,1.0,1.0,0.0,1.0,1.0,wiki_B,native,ours_both,5941646942.5,1.000081,3.7,14.0,4413.9,2857.6,0.0,7146.1,1178.6,0.013,0.0,0.0,always_compile_evict,1.0
h=0.1/q0=0.17/p=1/r=1/sig=0/cf=1,B_q0,0.1,0.17,1.0,1.0,0.0,1.0,1.0,wiki_B,native,breakeven,7257440682.4,1.221552,0.0,4.8,1956.8,282.1,0.0,705.7,3.9,0.006,0.0,0.0,always_compile_evict,1.0
h=0.1/q0=0.17/p=1/r=1/sig=0/cf=1,B_q0,0.1,0.17,1.0,1.0,0.0,1.0,1.0,wiki_B,native,breakeven_cap,7257440682.4,1.221552,0.0,4.8,1956.8,282.1,0.0,705.7,3.9,0.006,0.0,0.0,always_compile_evict,1.0
h=0.1/q0=0.17/p=1/r=1/sig=0/cf=1,B_q0,0.1,0.17,1.0,1.0,0.0,1.0,1.0,wiki_B,native,offline_taxblind,2973648848.469,0.500516,,,,,,,,,,,always_compile_evict,1.0
h=0.1/q0=0.17/p=1/r=1/sig=0/cf=1,B_q0,0.1,0.17,1.0,1.0,0.0,1.0,1.0,wiki_B,native,offline_opt_tax,2989006280.713,0.503101,,,,,,,,,,,always_compile_evict,1.0
h=0.1/q0=0.4/p=0.3/r=1/sig=0.3/cf=1,D_sigma,0.1,0.4,0.3,1.0,0.3,3.0,1.0,bpi2019,autorpa_233k,always_reactive,19497801224.0,1.0,0.0,0.0,0.0,0.0,0.0,0.0,0.0,0.005,0.0,0.0,always_reactive,0.667047
h=0.1/q0=0.4/p=0.3/r=1/sig=0.3/cf=1,D_sigma,0.1,0.4,0.3,1.0,0.3,3.0,1.0,bpi2019,autorpa_233k,always_compile_evict,29230035714.0,1.499145,74.6,119.9,50753.3,14096.3,27785.5,92624.1,50713.4,0.07,35531.2,8278769600.0,always_reactive,0.667047
h=0.1/q0=0.4/p=0.3/r=1/sig=0.3/cf=1,D_sigma,0.1,0.4,0.3,1.0,0.3,3.0,1.0,bpi2019,autorpa_233k,ours_noinflate,19497801224.0,1.0,0.0,0.0,0.0,0.0,0.0,0.0,0.0,0.005,0.0,0.0,always_reactive,0.667047
h=0.1/q0=0.4/p=0.3/r=1/sig=0.3/cf=1,D_sigma,0.1,0.4,0.3,1.0,0.3,3.0,1.0,bpi2019,autorpa_233k,oracle_tax,19497801224.0,1.0,0.0,0.0,0.0,0.0,0.0,0.0,0.0,0.005,0.0,0.0,always_reactive,0.667047
h=0.1/q0=0.4/p=0.3/r=1/sig=0.3/cf=1,D_sigma,0.1,0.4,0.3,1.0,0.3,3.0,1.0,bpi2019,autorpa_233k,ours_spend_cap,19497801224.0,1.0,0.0,0.0,0.0,0.0,0.0,0.0,0.0,0.005,0.0,0.0,always_reactive,0.667047
h=0.1/q0=0.4/p=0.3/r=1/sig=0.3/cf=1,D_sigma,0.1,0.4,0.3,1.0,0.3,3.0,1.0,bpi2019,autorpa_233k,ours_pi_prior,19497801224.0,1.0,0.0,0.0,0.0,0.0,0.0,0.0,0.0,0.005,0.0,0.0,always_reactive,0.667047
h=0.1/q0=0.4/p=0.3/r=1/sig=0.3/cf=1,D_sigma,0.1,0.4,0.3,1.0,0.3,3.0,1.0,bpi2019,autorpa_233k,ours_both,19497801224.0,1.0,0.0,0.0,0.0,0.0,0.0,0.0,0.0,0.005,0.0,0.0,always_reactive,0.667047
h=0.1/q0=0.4/p=0.3/r=1/sig=0.3/cf=1,D_sigma,0.1,0.4,0.3,1.0,0.3,3.0,1.0,bpi2019,autorpa_233k,breakeven,19768671413.4,1.013892,0.9,6.7,1183.0,154.1,302.6,983.4,1154.8,0.006,833.2,194135600.0,always_reactive,0.667047
h=0.1/q0=0.4/p=0.3/r=1/sig=0.3/cf=1,D_sigma,0.1,0.4,0.3,1.0,0.3,3.0,1.0,bpi2019,autorpa_233k,breakeven_cap,19606518019.0,1.005576,0.1,4.6,446.0,46.5,96.8,313.2,436.5,0.006,314.1,73185300.0,always_reactive,0.667047
h=0.1/q0=0.4/p=0.3/r=1/sig=0.3/cf=1,D_sigma,0.1,0.4,0.3,1.0,0.3,3.0,1.0,bpi2019,autorpa_233k,offline_taxblind,19497801224.0,1.0,,,,,,,,,,,always_reactive,0.667047
h=0.1/q0=0.4/p=0.3/r=1/sig=0.3/cf=1,D_sigma,0.1,0.4,0.3,1.0,0.3,3.0,1.0,bpi2019,autorpa_233k,offline_opt_tax,19497801224.0,1.0,,,,,,,,,,,always_reactive,0.667047
h=0.1/q0=0.4/p=0.3/r=1/sig=0.3/cf=1,D_sigma,0.1,0.4,0.3,1.0,0.3,3.0,1.0,bpi2019,native,always_reactive,19497801224.0,1.183251,0.0,0.0,0.0,0.0,0.0,0.0,0.0,0.005,0.0,0.0,always_compile_evict,1.0
h=0.1/q0=0.4/p=0.3/r=1/sig=0.3/cf=1,D_sigma,0.1,0.4,0.3,1.0,0.3,3.0,1.0,bpi2019,native,always_compile_evict,16411116859.7,0.995932,7.1,24.6,50753.3,14096.3,27785.5,92624.1,48745.4,0.019,35531.2,516943428.8,always_compile_evict,1.0
h=0.1/q0=0.4/p=0.3/r=1/sig=0.3/cf=1,D_sigma,0.1,0.4,0.3,1.0,0.3,3.0,1.0,bpi2019,native,ours_noinflate,16478155838.6,1.0,6.9,23.7,48829.2,13620.2,26859.6,89521.9,46962.1,0.018,34186.4,497377933.6,always_compile_evict,1.0
h=0.1/q0=0.4/p=0.3/r=1/sig=0.3/cf=1,D_sigma,0.1,0.4,0.3,1.0,0.3,3.0,1.0,bpi2019,native,oracle_tax,19475744617.3,1.181913,12.7,17.5,361.7,97.7,176.8,613.9,284.2,0.005,251.3,3656163.7,always_compile_evict,1.0
h=0.1/q0=0.4/p=0.3/r=1/sig=0.3/cf=1,D_sigma,0.1,0.4,0.3,1.0,0.3,3.0,1.0,bpi2019,native,ours_spend_cap,19249854159.5,1.168204,0.9,12.9,7932.3,1469.4,2880.8,9593.5,6122.7,0.007,5556.5,80841518.5,always_compile_evict,1.0
h=0.1/q0=0.4/p=0.3/r=1/sig=0.3/cf=1,D_sigma,0.1,0.4,0.3,1.0,0.3,3.0,1.0,bpi2019,native,ours_pi_prior,16972304545.3,1.029988,6.5,21.2,39282.9,10856.2,21452.4,71460.2,37611.9,0.016,27510.9,400256084.1,always_compile_evict,1.0
h=0.1/q0=0.4/p=0.3/r=1/sig=0.3/cf=1,D_sigma,0.1,0.4,0.3,1.0,0.3,3.0,1.0,bpi2019,native,ours_both,19271604042.8,1.169524,0.9,12.5,7125.5,1323.7,2594.7,8629.4,5509.8,0.007,4988.4,72576231.6,always_compile_evict,1.0
h=0.1/q0=0.4/p=0.3/r=1/sig=0.3/cf=1,D_sigma,0.1,0.4,0.3,1.0,0.3,3.0,1.0,bpi2019,native,breakeven,19494848458.4,1.183072,0.1,6.0,4891.9,297.3,575.5,1893.0,3739.8,0.005,3422.7,49796862.3,always_compile_evict,1.0
h=0.1/q0=0.4/p=0.3/r=1/sig=0.3/cf=1,D_sigma,0.1,0.4,0.3,1.0,0.3,3.0,1.0,bpi2019,native,breakeven_cap,19499641514.0,1.183363,0.1,5.9,4734.1,265.8,510.4,1678.5,3620.1,0.005,3313.3,48205201.7,always_compile_evict,1.0
h=0.1/q0=0.4/p=0.3/r=1/sig=0.3/cf=1,D_sigma,0.1,0.4,0.3,1.0,0.3,3.0,1.0,bpi2019,native,offline_taxblind,15568791354.128,0.944814,,,,,,,,,,,always_compile_evict,1.0
h=0.1/q0=0.4/p=0.3/r=1/sig=0.3/cf=1,D_sigma,0.1,0.4,0.3,1.0,0.3,3.0,1.0,bpi2019,native,offline_opt_tax,15771303696.318,0.957104,,,,,,,,,,,always_compile_evict,1.0
h=0.1/q0=0.4/p=0.3/r=1/sig=0.3/cf=1,D_sigma,0.1,0.4,0.3,1.0,0.3,3.0,1.0,sepsis,autorpa_233k,always_reactive,77101119.0,1.0,0.0,0.0,0.0,0.0,0.0,0.0,0.0,0.005,0.0,0.0,always_reactive,0.838576
h=0.1/q0=0.4/p=0.3/r=1/sig=0.3/cf=1,D_sigma,0.1,0.4,0.3,1.0,0.3,3.0,1.0,sepsis,autorpa_233k,always_compile_evict,91942939.5,1.192498,12.1,12.8,69.4,5.7,12.4,40.7,68.3,0.01,50.5,11766500.0,always_reactive,0.838576
h=0.1/q0=0.4/p=0.3/r=1/sig=0.3/cf=1,D_sigma,0.1,0.4,0.3,1.0,0.3,3.0,1.0,sepsis,autorpa_233k,ours_noinflate,77101119.0,1.0,0.0,0.0,0.0,0.0,0.0,0.0,0.0,0.005,0.0,0.0,always_reactive,0.838576
h=0.1/q0=0.4/p=0.3/r=1/sig=0.3/cf=1,D_sigma,0.1,0.4,0.3,1.0,0.3,3.0,1.0,sepsis,autorpa_233k,oracle_tax,77101119.0,1.0,0.0,0.0,0.0,0.0,0.0,0.0,0.0,0.005,0.0,0.0,always_reactive,0.838576
h=0.1/q0=0.4/p=0.3/r=1/sig=0.3/cf=1,D_sigma,0.1,0.4,0.3,1.0,0.3,3.0,1.0,sepsis,autorpa_233k,ours_spend_cap,77101119.0,1.0,0.0,0.0,0.0,0.0,0.0,0.0,0.0,0.005,0.0,0.0,always_reactive,0.838576
h=0.1/q0=0.4/p=0.3/r=1/sig=0.3/cf=1,D_sigma,0.1,0.4,0.3,1.0,0.3,3.0,1.0,sepsis,autorpa_233k,ours_pi_prior,77101119.0,1.0,0.0,0.0,0.0,0.0,0.0,0.0,0.0,0.005,0.0,0.0,always_reactive,0.838576
h=0.1/q0=0.4/p=0.3/r=1/sig=0.3/cf=1,D_sigma,0.1,0.4,0.3,1.0,0.3,3.0,1.0,sepsis,autorpa_233k,ours_both,77101119.0,1.0,0.0,0.0,0.0,0.0,0.0,0.0,0.0,0.005,0.0,0.0,always_reactive,0.838576
h=0.1/q0=0.4/p=0.3/r=1/sig=0.3/cf=1,D_sigma,0.1,0.4,0.3,1.0,0.3,3.0,1.0,sepsis,autorpa_233k,breakeven,77518694.7,1.005416,0.6,0.6,2.0,0.0,0.6,1.4,2.0,0.005,1.4,326200.0,always_reactive,0.838576
h=0.1/q0=0.4/p=0.3/r=1/sig=0.3/cf=1,D_sigma,0.1,0.4,0.3,1.0,0.3,3.0,1.0,sepsis,autorpa_233k,breakeven_cap,77518694.7,1.005416,0.6,0.6,2.0,0.0,0.6,1.4,2.0,0.005,1.4,326200.0,always_reactive,0.838576
h=0.1/q0=0.4/p=0.3/r=1/sig=0.3/cf=1,D_sigma,0.1,0.4,0.3,1.0,0.3,3.0,1.0,sepsis,autorpa_233k,offline_taxblind,77101119.0,1.0,,,,,,,,,,,always_reactive,0.838576
h=0.1/q0=0.4/p=0.3/r=1/sig=0.3/cf=1,D_sigma,0.1,0.4,0.3,1.0,0.3,3.0,1.0,sepsis,autorpa_233k,offline_opt_tax,77101119.0,1.0,,,,,,,,,,,always_reactive,0.838576
h=0.1/q0=0.4/p=0.3/r=1/sig=0.3/cf=1,D_sigma,0.1,0.4,0.3,1.0,0.3,3.0,1.0,sepsis,native,always_reactive,77101119.0,1.006379,0.0,0.0,0.0,0.0,0.0,0.0,0.0,0.005,0.0,0.0,ours_pi_prior,0.99862
h=0.1/q0=0.4/p=0.3/r=1/sig=0.3/cf=1,D_sigma,0.1,0.4,0.3,1.0,0.3,3.0,1.0,sepsis,native,always_compile_evict,76679282.5,1.000873,8.2,10.1,69.4,5.7,12.4,40.7,58.2,0.011,50.5,734724.5,ours_pi_prior,0.99862
h=0.1/q0=0.4/p=0.3/r=1/sig=0.3/cf=1,D_sigma,0.1,0.4,0.3,1.0,0.3,3.0,1.0,sepsis,native,ours_noinflate,76612420.3,1.0,7.6,9.1,63.3,5.4,11.2,38.0,52.6,0.01,45.7,664889.3,ours_pi_prior,0.99862
h=0.1/q0=0.4/p=0.3/r=1/sig=0.3/cf=1,D_sigma,0.1,0.4,0.3,1.0,0.3,3.0,1.0,sepsis,native,oracle_tax,76410497.0,0.997364,4.1,5.5,33.9,4.8,10.4,33.4,25.9,0.009,25.0,363725.0,ours_pi_prior,0.99862
h=0.1/q0=0.4/p=0.3/r=1/sig=0.3/cf=1,D_sigma,0.1,0.4,0.3,1.0,0.3,3.0,1.0,sepsis,native,ours_spend_cap,76651164.7,1.000506,7.5,8.9,62.8,5.3,11.2,37.7,52.2,0.01,45.4,660524.6,ours_pi_prior,0.99862
h=0.1/q0=0.4/p=0.3/r=1/sig=0.3/cf=1,D_sigma,0.1,0.4,0.3,1.0,0.3,3.0,1.0,sepsis,native,ours_pi_prior,76573439.8,0.999491,7.1,8.8,59.4,5.0,11.0,36.7,49.7,0.01,43.2,628516.8,ours_pi_prior,0.99862
h=0.1/q0=0.4/p=0.3/r=1/sig=0.3/cf=1,D_sigma,0.1,0.4,0.3,1.0,0.3,3.0,1.0,sepsis,native,ours_both,76610110.8,0.99997,6.9,8.5,58.6,4.9,10.8,36.0,49.1,0.01,42.7,621242.3,ours_pi_prior,0.99862
h=0.1/q0=0.4/p=0.3/r=1/sig=0.3/cf=1,D_sigma,0.1,0.4,0.3,1.0,0.3,3.0,1.0,sepsis,native,breakeven,77204969.3,1.007734,3.9,5.1,47.8,2.0,5.2,17.0,40.0,0.008,34.4,500485.6,ours_pi_prior,0.99862
h=0.1/q0=0.4/p=0.3/r=1/sig=0.3/cf=1,D_sigma,0.1,0.4,0.3,1.0,0.3,3.0,1.0,sepsis,native,breakeven_cap,77183414.0,1.007453,3.9,5.0,47.0,1.9,4.9,16.2,39.5,0.008,33.9,493211.1,ours_pi_prior,0.99862
h=0.1/q0=0.4/p=0.3/r=1/sig=0.3/cf=1,D_sigma,0.1,0.4,0.3,1.0,0.3,3.0,1.0,sepsis,native,offline_taxblind,75195443.73,0.981505,,,,,,,,,,,ours_pi_prior,0.99862
h=0.1/q0=0.4/p=0.3/r=1/sig=0.3/cf=1,D_sigma,0.1,0.4,0.3,1.0,0.3,3.0,1.0,sepsis,native,offline_opt_tax,75891085.08,0.990585,,,,,,,,,,,ours_pi_prior,0.99862
h=0.1/q0=0.4/p=0.3/r=1/sig=0.3/cf=1,D_sigma,0.1,0.4,0.3,1.0,0.3,3.0,1.0,wiki_A,autorpa_233k,always_reactive,5261420180.0,1.0,0.0,0.0,0.0,0.0,0.0,0.0,0.0,0.005,0.0,0.0,always_reactive,0.719658
h=0.1/q0=0.4/p=0.3/r=1/sig=0.3/cf=1,D_sigma,0.1,0.4,0.3,1.0,0.3,3.0,1.0,wiki_A,autorpa_233k,always_compile_evict,7310999545.3,1.389549,24.5,56.6,13084.4,3746.6,7324.1,24566.2,12971.2,0.02,9145.0,2130785000.0,always_reactive,0.719658
h=0.1/q0=0.4/p=0.3/r=1/sig=0.3/cf=1,D_sigma,0.1,0.4,0.3,1.0,0.3,3.0,1.0,wiki_A,autorpa_233k,ours_noinflate,5261420180.0,1.0,0.0,0.0,0.0,0.0,0.0,0.0,0.0,0.005,0.0,0.0,always_reactive,0.719658
h=0.1/q0=0.4/p=0.3/r=1/sig=0.3/cf=1,D_sigma,0.1,0.4,0.3,1.0,0.3,3.0,1.0,wiki_A,autorpa_233k,oracle_tax,5261420180.0,1.0,0.0,0.0,0.0,0.0,0.0,0.0,0.0,0.005,0.0,0.0,always_reactive,0.719658
h=0.1/q0=0.4/p=0.3/r=1/sig=0.3/cf=1,D_sigma,0.1,0.4,0.3,1.0,0.3,3.0,1.0,wiki_A,autorpa_233k,ours_spend_cap,5261420180.0,1.0,0.0,0.0,0.0,0.0,0.0,0.0,0.0,0.005,0.0,0.0,always_reactive,0.719658
h=0.1/q0=0.4/p=0.3/r=1/sig=0.3/cf=1,D_sigma,0.1,0.4,0.3,1.0,0.3,3.0,1.0,wiki_A,autorpa_233k,ours_pi_prior,5261420180.0,1.0,0.0,0.0,0.0,0.0,0.0,0.0,0.0,0.005,0.0,0.0,always_reactive,0.719658
h=0.1/q0=0.4/p=0.3/r=1/sig=0.3/cf=1,D_sigma,0.1,0.4,0.3,1.0,0.3,3.0,1.0,wiki_A,autorpa_233k,ours_both,5261420180.0,1.0,0.0,0.0,0.0,0.0,0.0,0.0,0.0,0.005,0.0,0.0,always_reactive,0.719658
h=0.1/q0=0.4/p=0.3/r=1/sig=0.3/cf=1,D_sigma,0.1,0.4,0.3,1.0,0.3,3.0,1.0,wiki_A,autorpa_233k,breakeven,5593330440.6,1.063084,0.3,5.0,2189.4,619.4,1195.6,4017.7,2091.6,0.005,1533.4,357282200.0,always_reactive,0.719658
h=0.1/q0=0.4/p=0.3/r=1/sig=0.3/cf=1,D_sigma,0.1,0.4,0.3,1.0,0.3,3.0,1.0,wiki_A,autorpa_233k,breakeven_cap,5283863664.1,1.004266,0.0,2.5,114.4,19.6,41.4,129.6,106.8,0.005,80.0,18640000.0,always_reactive,0.719658
h=0.1/q0=0.4/p=0.3/r=1/sig=0.3/cf=1,D_sigma,0.1,0.4,0.3,1.0,0.3,3.0,1.0,wiki_A,autorpa_233k,offline_taxblind,5261420180.0,1.0,,,,,,,,,,,always_reactive,0.719658
h=0.1/q0=0.4/p=0.3/r=1/sig=0.3/cf=1,D_sigma,0.1,0.4,0.3,1.0,0.3,3.0,1.0,wiki_A,autorpa_233k,offline_opt_tax,5261420180.0,1.0,,,,,,,,,,,always_reactive,0.719658
h=0.1/q0=0.4/p=0.3/r=1/sig=0.3/cf=1,D_sigma,0.1,0.4,0.3,1.0,0.3,3.0,1.0,wiki_A,native,always_reactive,5261420180.0,1.192277,0.0,0.0,0.0,0.0,0.0,0.0,0.0,0.005,0.0,0.0,always_compile_evict,1.0
h=0.1/q0=0.4/p=0.3/r=1/sig=0.3/cf=1,D_sigma,0.1,0.4,0.3,1.0,0.3,3.0,1.0,wiki_A,native,always_compile_evict,4355913846.7,0.987082,3.5,18.0,13084.4,3746.6,7324.1,24566.2,12546.2,0.012,9145.0,133050605.0,always_compile_evict,1.0
h=0.1/q0=0.4/p=0.3/r=1/sig=0.3/cf=1,D_sigma,0.1,0.4,0.3,1.0,0.3,3.0,1.0,wiki_A,native,ours_noinflate,4412919027.9,1.0,2.9,17.4,12313.4,3527.9,6888.2,23119.0,11797.3,0.011,8600.1,125122854.9,always_compile_evict,1.0
h=0.1/q0=0.4/p=0.3/r=1/sig=0.3/cf=1,D_sigma,0.1,0.4,0.3,1.0,0.3,3.0,1.0,wiki_A,native,oracle_tax,5231726605.2,1.185548,2.5,3.4,330.7,100.5,199.6,659.5,265.3,0.005,227.7,3312807.3,always_compile_evict,1.0
h=0.1/q0=0.4/p=0.3/r=1/sig=0.3/cf=1,D_sigma,0.1,0.4,0.3,1.0,0.3,3.0,1.0,wiki_A,native,ours_spend_cap,5199065904.4,1.178147,0.0,12.9,1588.7,323.1,629.1,2090.9,1231.9,0.006,1109.2,16137750.8,always_compile_evict,1.0
h=0.1/q0=0.4/p=0.3/r=1/sig=0.3/cf=1,D_sigma,0.1,0.4,0.3,1.0,0.3,3.0,1.0,wiki_A,native,ours_pi_prior,4400521637.3,0.997191,2.9,15.5,12248.4,3526.1,6902.3,23145.4,11778.2,0.011,8556.9,124494338.1,always_compile_evict,1.0
h=0.1/q0=0.4/p=0.3/r=1/sig=0.3/cf=1,D_sigma,0.1,0.4,0.3,1.0,0.3,3.0,1.0,wiki_A,native,ours_both,5203564256.8,1.179166,0.0,11.8,1448.1,295.5,575.1,1914.5,1121.3,0.006,1012.2,14726497.8,always_compile_evict,1.0
h=0.1/q0=0.4/p=0.3/r=1/sig=0.3/cf=1,D_sigma,0.1,0.4,0.3,1.0,0.3,3.0,1.0,wiki_A,native,breakeven,5042336538.3,1.142631,0.0,5.9,4086.2,1029.9,1970.5,6656.2,3689.1,0.005,2855.9,41550489.1,always_compile_evict,1.0
h=0.1/q0=0.4/p=0.3/r=1/sig=0.3/cf=1,D_sigma,0.1,0.4,0.3,1.0,0.3,3.0,1.0,wiki_A,native,breakeven_cap,5235750509.1,1.18646,0.0,5.8,1095.2,143.7,279.8,928.2,840.4,0.005,766.7,11154718.3,always_compile_evict,1.0
h=0.1/q0=0.4/p=0.3/r=1/sig=0.3/cf=1,D_sigma,0.1,0.4,0.3,1.0,0.3,3.0,1.0,wiki_A,native,offline_taxblind,4174145101.599,0.945892,,,,,,,,,,,always_compile_evict,1.0
h=0.1/q0=0.4/p=0.3/r=1/sig=0.3/cf=1,D_sigma,0.1,0.4,0.3,1.0,0.3,3.0,1.0,wiki_A,native,offline_opt_tax,4196103988.875,0.950868,,,,,,,,,,,always_compile_evict,1.0
h=0.1/q0=0.4/p=0.3/r=1/sig=0.3/cf=1,D_sigma,0.1,0.4,0.3,1.0,0.3,3.0,1.0,wiki_B,autorpa_233k,always_reactive,7373315056.0,1.0,0.0,0.0,0.0,0.0,0.0,0.0,0.0,0.005,0.0,0.0,always_reactive,0.758548
h=0.1/q0=0.4/p=0.3/r=1/sig=0.3/cf=1,D_sigma,0.1,0.4,0.3,1.0,0.3,3.0,1.0,wiki_B,autorpa_233k,always_compile_evict,9720294894.5,1.318307,113.7,128.8,8515.1,1583.2,3044.0,10182.4,8488.4,0.085,5976.2,1392454600.0,always_reactive,0.758548
h=0.1/q0=0.4/p=0.3/r=1/sig=0.3/cf=1,D_sigma,0.1,0.4,0.3,1.0,0.3,3.0,1.0,wiki_B,autorpa_233k,ours_noinflate,7373315056.0,1.0,0.0,0.0,0.0,0.0,0.0,0.0,0.0,0.005,0.0,0.0,always_reactive,0.758548
h=0.1/q0=0.4/p=0.3/r=1/sig=0.3/cf=1,D_sigma,0.1,0.4,0.3,1.0,0.3,3.0,1.0,wiki_B,autorpa_233k,oracle_tax,7373315056.0,1.0,0.0,0.0,0.0,0.0,0.0,0.0,0.0,0.005,0.0,0.0,always_reactive,0.758548
h=0.1/q0=0.4/p=0.3/r=1/sig=0.3/cf=1,D_sigma,0.1,0.4,0.3,1.0,0.3,3.0,1.0,wiki_B,autorpa_233k,ours_spend_cap,7373315056.0,1.0,0.0,0.0,0.0,0.0,0.0,0.0,0.0,0.005,0.0,0.0,always_reactive,0.758548
h=0.1/q0=0.4/p=0.3/r=1/sig=0.3/cf=1,D_sigma,0.1,0.4,0.3,1.0,0.3,3.0,1.0,wiki_B,autorpa_233k,ours_pi_prior,7373315056.0,1.0,0.0,0.0,0.0,0.0,0.0,0.0,0.0,0.005,0.0,0.0,always_reactive,0.758548
h=0.1/q0=0.4/p=0.3/r=1/sig=0.3/cf=1,D_sigma,0.1,0.4,0.3,1.0,0.3,3.0,1.0,wiki_B,autorpa_233k,ours_both,7373315056.0,1.0,0.0,0.0,0.0,0.0,0.0,0.0,0.0,0.005,0.0,0.0,always_reactive,0.758548
h=0.1/q0=0.4/p=0.3/r=1/sig=0.3/cf=1,D_sigma,0.1,0.4,0.3,1.0,0.3,3.0,1.0,wiki_B,autorpa_233k,breakeven,7495007793.5,1.016504,1.9,6.1,559.7,88.5,167.7,566.0,544.9,0.007,389.4,90730200.0,always_reactive,0.758548
h=0.1/q0=0.4/p=0.3/r=1/sig=0.3/cf=1,D_sigma,0.1,0.4,0.3,1.0,0.3,3.0,1.0,wiki_B,autorpa_233k,breakeven_cap,7423965548.0,1.006869,0.7,3.9,215.7,25.2,47.1,157.6,211.0,0.006,152.3,35485900.0,always_reactive,0.758548
h=0.1/q0=0.4/p=0.3/r=1/sig=0.3/cf=1,D_sigma,0.1,0.4,0.3,1.0,0.3,3.0,1.0,wiki_B,autorpa_233k,offline_taxblind,7373315056.0,1.0,,,,,,,,,,,always_reactive,0.758548
h=0.1/q0=0.4/p=0.3/r=1/sig=0.3/cf=1,D_sigma,0.1,0.4,0.3,1.0,0.3,3.0,1.0,wiki_B,autorpa_233k,offline_opt_tax,7373315056.0,1.0,,,,,,,,,,,always_reactive,0.758548
h=0.1/q0=0.4/p=0.3/r=1/sig=0.3/cf=1,D_sigma,0.1,0.4,0.3,1.0,0.3,3.0,1.0,wiki_B,native,always_reactive,7373315056.0,1.027705,0.0,0.0,0.0,0.0,0.0,0.0,0.0,0.005,0.0,0.0,always_compile_evict,1.0
h=0.1/q0=0.4/p=0.3/r=1/sig=0.3/cf=1,D_sigma,0.1,0.4,0.3,1.0,0.3,3.0,1.0,wiki_B,native,always_compile_evict,7170590655.7,0.999449,12.5,25.6,8515.1,1583.2,3044.0,10182.4,7391.3,0.019,5976.2,86947733.8,always_compile_evict,1.0
h=0.1/q0=0.4/p=0.3/r=1/sig=0.3/cf=1,D_sigma,0.1,0.4,0.3,1.0,0.3,3.0,1.0,wiki_B,native,ours_noinflate,7174546606.3,1.0,11.5,24.3,8192.1,1529.6,2930.4,9804.6,7112.9,0.019,5747.8,83624742.2,always_compile_evict,1.0
h=0.1/q0=0.4/p=0.3/r=1/sig=0.3/cf=1,D_sigma,0.1,0.4,0.3,1.0,0.3,3.0,1.0,wiki_B,native,oracle_tax,7369292545.8,1.027144,3.6,5.4,85.4,21.2,40.4,136.1,66.9,0.005,60.6,881669.4,always_compile_evict,1.0
h=0.1/q0=0.4/p=0.3/r=1/sig=0.3/cf=1,D_sigma,0.1,0.4,0.3,1.0,0.3,3.0,1.0,wiki_B,native,ours_spend_cap,7283832013.8,1.015232,4.1,17.3,5751.0,849.6,1624.9,5460.8,4668.3,0.013,4033.1,58677571.9,always_compile_evict,1.0
h=0.1/q0=0.4/p=0.3/r=1/sig=0.3/cf=1,D_sigma,0.1,0.4,0.3,1.0,0.3,3.0,1.0,wiki_B,native,ours_pi_prior,7190344542.0,1.002202,9.4,23.0,7313.6,1379.3,2655.0,8895.4,6362.8,0.017,5136.6,74732393.4,always_compile_evict,1.0
h=0.1/q0=0.4/p=0.3/r=1/sig=0.3/cf=1,D_sigma,0.1,0.4,0.3,1.0,0.3,3.0,1.0,wiki_B,native,ours_both,7290532247.1,1.016166,3.2,16.7,5110.2,766.4,1472.3,4951.0,4155.2,0.012,3588.2,52204721.8,always_compile_evict,1.0
h=0.1/q0=0.4/p=0.3/r=1/sig=0.3/cf=1,D_sigma,0.1,0.4,0.3,1.0,0.3,3.0,1.0,wiki_B,native,breakeven,7393279701.9,1.030487,0.3,7.2,3877.4,171.6,326.9,1100.6,3167.7,0.006,2708.2,39401601.8,always_compile_evict,1.0
h=0.1/q0=0.4/p=0.3/r=1/sig=0.3/cf=1,D_sigma,0.1,0.4,0.3,1.0,0.3,3.0,1.0,wiki_B,native,breakeven_cap,7395112522.6,1.030743,0.3,7.2,3800.5,158.4,301.5,1019.4,3105.5,0.006,2655.3,38631959.7,always_compile_evict,1.0
h=0.1/q0=0.4/p=0.3/r=1/sig=0.3/cf=1,D_sigma,0.1,0.4,0.3,1.0,0.3,3.0,1.0,wiki_B,native,offline_taxblind,6949677702.816,0.968657,,,,,,,,,,,always_compile_evict,1.0
h=0.1/q0=0.4/p=0.3/r=1/sig=0.3/cf=1,D_sigma,0.1,0.4,0.3,1.0,0.3,3.0,1.0,wiki_B,native,offline_opt_tax,6994814051.615,0.974949,,,,,,,,,,,always_compile_evict,1.0
h=0.1/q0=0.4/p=0.3/r=1/sig=0.3/cf=2.08299,D_sigma,0.1,0.4,0.3,1.0,0.3,3.0,2.0829936590907905,bpi2019,autorpa_233k,always_reactive,19497801224.0,1.0,0.0,0.0,0.0,0.0,0.0,0.0,0.0,0.005,0.0,0.0,always_reactive,0.510469
h=0.1/q0=0.4/p=0.3/r=1/sig=0.3/cf=2.08299,D_sigma,0.1,0.4,0.3,1.0,0.3,3.0,2.0829936590907905,bpi2019,autorpa_233k,always_compile_evict,38195890695.861,1.958985,74.6,119.9,50753.3,14096.3,27785.5,92624.1,50713.4,0.053,35531.2,17244624581.874,always_reactive,0.510469
h=0.1/q0=0.4/p=0.3/r=1/sig=0.3/cf=2.08299,D_sigma,0.1,0.4,0.3,1.0,0.3,3.0,2.0829936590907905,bpi2019,autorpa_233k,ours_noinflate,19497801224.0,1.0,0.0,0.0,0.0,0.0,0.0,0.0,0.0,0.005,0.0,0.0,always_reactive,0.510469
h=0.1/q0=0.4/p=0.3/r=1/sig=0.3/cf=2.08299,D_sigma,0.1,0.4,0.3,1.0,0.3,3.0,2.0829936590907905,bpi2019,autorpa_233k,oracle_tax,19497801224.0,1.0,0.0,0.0,0.0,0.0,0.0,0.0,0.0,0.005,0.0,0.0,always_reactive,0.510469
h=0.1/q0=0.4/p=0.3/r=1/sig=0.3/cf=2.08299,D_sigma,0.1,0.4,0.3,1.0,0.3,3.0,2.0829936590907905,bpi2019,autorpa_233k,ours_spend_cap,19497801224.0,1.0,0.0,0.0,0.0,0.0,0.0,0.0,0.0,0.005,0.0,0.0,always_reactive,0.510469
h=0.1/q0=0.4/p=0.3/r=1/sig=0.3/cf=2.08299,D_sigma,0.1,0.4,0.3,1.0,0.3,3.0,2.0829936590907905,bpi2019,autorpa_233k,ours_pi_prior,19497801224.0,1.0,0.0,0.0,0.0,0.0,0.0,0.0,0.0,0.005,0.0,0.0,always_reactive,0.510469
h=0.1/q0=0.4/p=0.3/r=1/sig=0.3/cf=2.08299,D_sigma,0.1,0.4,0.3,1.0,0.3,3.0,2.0829936590907905,bpi2019,autorpa_233k,ours_both,19497801224.0,1.0,0.0,0.0,0.0,0.0,0.0,0.0,0.0,0.005,0.0,0.0,always_reactive,0.510469
h=0.1/q0=0.4/p=0.3/r=1/sig=0.3/cf=2.08299,D_sigma,0.1,0.4,0.3,1.0,0.3,3.0,2.0829936590907905,bpi2019,autorpa_233k,breakeven,19978919037.204,1.024675,0.9,6.7,1183.0,154.1,302.6,983.4,1154.8,0.006,833.2,404383223.804,always_reactive,0.510469
h=0.1/q0=0.4/p=0.3/r=1/sig=0.3/cf=2.08299,D_sigma,0.1,0.4,0.3,1.0,0.3,3.0,2.0829936590907905,bpi2019,autorpa_233k,breakeven_cap,19653887617.161,1.008005,0.1,4.1,366.7,37.2,77.8,253.5,360.6,0.005,257.5,124974412.061,always_reactive,0.510469
h=0.1/q0=0.4/p=0.3/r=1/sig=0.3/cf=2.08299,D_sigma,0.1,0.4,0.3,1.0,0.3,3.0,2.0829936590907905,bpi2019,autorpa_233k,offline_taxblind,19497801224.0,1.0,,,,,,,,,,,always_reactive,0.510469
h=0.1/q0=0.4/p=0.3/r=1/sig=0.3/cf=2.08299,D_sigma,0.1,0.4,0.3,1.0,0.3,3.0,2.0829936590907905,bpi2019,autorpa_233k,offline_opt_tax,19497801224.0,1.0,,,,,,,,,,,always_reactive,0.510469
h=0.1/q0=0.4/p=0.3/r=1/sig=0.3/cf=2.08299,D_sigma,0.1,0.4,0.3,1.0,0.3,3.0,2.0829936590907905,bpi2019,native,always_reactive,19497801224.0,1.145796,0.0,0.0,0.0,0.0,0.0,0.0,0.0,0.005,0.0,0.0,always_compile_evict,1.0
h=0.1/q0=0.4/p=0.3/r=1/sig=0.3/cf=2.08299,D_sigma,0.1,0.4,0.3,1.0,0.3,3.0,2.0829936590907905,bpi2019,native,always_compile_evict,16970963315.207,0.997306,7.1,24.6,50753.3,14096.3,27785.5,92624.1,48745.4,0.018,35531.2,1076789884.299,always_compile_evict,1.0
h=0.1/q0=0.4/p=0.3/r=1/sig=0.3/cf=2.08299,D_sigma,0.1,0.4,0.3,1.0,0.3,3.0,2.0829936590907905,bpi2019,native,ours_noinflate,17016812986.868,1.0,6.9,23.7,48829.2,13620.2,26859.6,89521.9,46962.1,0.018,34186.4,1036035081.86,always_compile_evict,1.0
h=0.1/q0=0.4/p=0.3/r=1/sig=0.3/cf=2.08299,D_sigma,0.1,0.4,0.3,1.0,0.3,3.0,2.0829936590907905,bpi2019,native,oracle_tax,19479704219.404,1.144733,12.7,17.5,361.7,97.7,176.8,613.9,284.2,0.005,251.3,7615765.804,always_compile_evict,1.0
h=0.1/q0=0.4/p=0.3/r=1/sig=0.3/cf=2.08299,D_sigma,0.1,0.4,0.3,1.0,0.3,3.0,2.0829936590907905,bpi2019,native,ours_spend_cap,19403296159.355,1.140243,0.5,10.4,5990.8,987.5,1939.5,6455.1,4480.2,0.006,4189.3,126958725.354,always_compile_evict,1.0
h=0.1/q0=0.4/p=0.3/r=1/sig=0.3/cf=2.08299,D_sigma,0.1,0.4,0.3,1.0,0.3,3.0,2.0829936590907905,bpi2019,native,ours_pi_prior,17405779346.4,1.022858,6.5,21.2,39282.9,10856.2,21452.4,71460.2,37611.9,0.016,27510.9,833730885.193,always_compile_evict,1.0
h=0.1/q0=0.4/p=0.3/r=1/sig=0.3/cf=2.08299,D_sigma,0.1,0.4,0.3,1.0,0.3,3.0,2.0829936590907905,bpi2019,native,ours_both,19408514484.955,1.140549,0.5,10.2,5440.5,904.8,1776.8,5907.5,4073.6,0.006,3803.2,115257781.554,always_compile_evict,1.0
h=0.1/q0=0.4/p=0.3/r=1/sig=0.3/cf=2.08299,D_sigma,0.1,0.4,0.3,1.0,0.3,3.0,2.0829936590907905,bpi2019,native,breakeven,19548778144.514,1.148792,0.1,6.0,4891.9,297.3,575.5,1893.0,3739.8,0.005,3422.7,103726548.414,always_compile_evict,1.0
h=0.1/q0=0.4/p=0.3/r=1/sig=0.3/cf=2.08299,D_sigma,0.1,0.4,0.3,1.0,0.3,3.0,2.0829936590907905,bpi2019,native,breakeven_cap,19550637146.693,1.148901,0.1,5.7,4252.8,221.2,430.7,1410.5,3249.0,0.005,2976.1,90192123.392,always_compile_evict,1.0
h=0.1/q0=0.4/p=0.3/r=1/sig=0.3/cf=2.08299,D_sigma,0.1,0.4,0.3,1.0,0.3,3.0,2.0829936590907905,bpi2019,native,offline_taxblind,15568791354.128,0.914906,,,,,,,,,,,always_compile_evict,1.0
h=0.1/q0=0.4/p=0.3/r=1/sig=0.3/cf=2.08299,D_sigma,0.1,0.4,0.3,1.0,0.3,3.0,2.0829936590907905,bpi2019,native,offline_opt_tax,15771303696.318,0.926807,,,,,,,,,,,always_compile_evict,1.0
h=0.1/q0=0.4/p=0.3/r=1/sig=0.3/cf=2.08299,D_sigma,0.1,0.4,0.3,1.0,0.3,3.0,2.0829936590907905,sepsis,autorpa_233k,always_reactive,77101119.0,1.0,0.0,0.0,0.0,0.0,0.0,0.0,0.0,0.005,0.0,0.0,always_reactive,0.736499
h=0.1/q0=0.4/p=0.3/r=1/sig=0.3/cf=2.08299,D_sigma,0.1,0.4,0.3,1.0,0.3,3.0,2.0829936590907905,sepsis,autorpa_233k,always_compile_evict,104685984.39,1.357775,12.1,12.8,69.4,5.7,12.4,40.7,68.3,0.009,50.5,24509544.89,always_reactive,0.736499
h=0.1/q0=0.4/p=0.3/r=1/sig=0.3/cf=2.08299,D_sigma,0.1,0.4,0.3,1.0,0.3,3.0,2.0829936590907905,sepsis,autorpa_233k,ours_noinflate,77101119.0,1.0,0.0,0.0,0.0,0.0,0.0,0.0,0.0,0.005,0.0,0.0,always_reactive,0.736499
h=0.1/q0=0.4/p=0.3/r=1/sig=0.3/cf=2.08299,D_sigma,0.1,0.4,0.3,1.0,0.3,3.0,2.0829936590907905,sepsis,autorpa_233k,oracle_tax,77101119.0,1.0,0.0,0.0,0.0,0.0,0.0,0.0,0.0,0.005,0.0,0.0,always_reactive,0.736499
h=0.1/q0=0.4/p=0.3/r=1/sig=0.3/cf=2.08299,D_sigma,0.1,0.4,0.3,1.0,0.3,3.0,2.0829936590907905,sepsis,autorpa_233k,ours_spend_cap,77101119.0,1.0,0.0,0.0,0.0,0.0,0.0,0.0,0.0,0.005,0.0,0.0,always_reactive,0.736499
h=0.1/q0=0.4/p=0.3/r=1/sig=0.3/cf=2.08299,D_sigma,0.1,0.4,0.3,1.0,0.3,3.0,2.0829936590907905,sepsis,autorpa_233k,ours_pi_prior,77101119.0,1.0,0.0,0.0,0.0,0.0,0.0,0.0,0.0,0.005,0.0,0.0,always_reactive,0.736499
h=0.1/q0=0.4/p=0.3/r=1/sig=0.3/cf=2.08299,D_sigma,0.1,0.4,0.3,1.0,0.3,3.0,2.0829936590907905,sepsis,autorpa_233k,ours_both,77101119.0,1.0,0.0,0.0,0.0,0.0,0.0,0.0,0.0,0.005,0.0,0.0,always_reactive,0.736499
h=0.1/q0=0.4/p=0.3/r=1/sig=0.3/cf=2.08299,D_sigma,0.1,0.4,0.3,1.0,0.3,3.0,2.0829936590907905,sepsis,autorpa_233k,breakeven,77871967.232,1.009998,0.6,0.6,2.0,0.0,0.6,1.4,2.0,0.005,1.4,679472.532,always_reactive,0.736499
h=0.1/q0=0.4/p=0.3/r=1/sig=0.3/cf=2.08299,D_sigma,0.1,0.4,0.3,1.0,0.3,3.0,2.0829936590907905,sepsis,autorpa_233k,breakeven_cap,77871967.232,1.009998,0.6,0.6,2.0,0.0,0.6,1.4,2.0,0.005,1.4,679472.532,always_reactive,0.736499
h=0.1/q0=0.4/p=0.3/r=1/sig=0.3/cf=2.08299,D_sigma,0.1,0.4,0.3,1.0,0.3,3.0,2.0829936590907905,sepsis,autorpa_233k,offline_taxblind,77101119.0,1.0,,,,,,,,,,,always_reactive,0.736499
h=0.1/q0=0.4/p=0.3/r=1/sig=0.3/cf=2.08299,D_sigma,0.1,0.4,0.3,1.0,0.3,3.0,2.0829936590907905,sepsis,autorpa_233k,offline_opt_tax,77101119.0,1.0,,,,,,,,,,,always_reactive,0.736499
h=0.1/q0=0.4/p=0.3/r=1/sig=0.3/cf=2.08299,D_sigma,0.1,0.4,0.3,1.0,0.3,3.0,2.0829936590907905,sepsis,native,always_reactive,77101119.0,0.997008,0.0,0.0,0.0,0.0,0.0,0.0,0.0,0.005,0.0,0.0,always_reactive,0.995174
h=0.1/q0=0.4/p=0.3/r=1/sig=0.3/cf=2.08299,D_sigma,0.1,0.4,0.3,1.0,0.3,3.0,2.0829936590907905,sepsis,native,always_compile_evict,77474984.475,1.001843,8.2,10.1,69.4,5.7,12.4,40.7,58.2,0.01,50.5,1530426.475,always_reactive,0.995174
h=0.1/q0=0.4/p=0.3/r=1/sig=0.3/cf=2.08299,D_sigma,0.1,0.4,0.3,1.0,0.3,3.0,2.0829936590907905,sepsis,native,ours_noinflate,77332491.196,1.0,7.6,9.1,63.3,5.4,11.2,38.0,52.6,0.01,45.7,1384960.196,always_reactive,0.995174
h=0.1/q0=0.4/p=0.3/r=1/sig=0.3/cf=2.08299,D_sigma,0.1,0.4,0.3,1.0,0.3,3.0,2.0829936590907905,sepsis,native,oracle_tax,76804408.869,0.993171,4.1,5.5,33.9,4.8,10.4,33.4,25.9,0.009,25.0,757636.869,always_reactive,0.995174
h=0.1/q0=0.4/p=0.3/r=1/sig=0.3/cf=2.08299,D_sigma,0.1,0.4,0.3,1.0,0.3,3.0,2.0829936590907905,sepsis,native,ours_spend_cap,77288814.549,0.999435,6.8,8.4,57.7,4.7,10.3,35.4,47.7,0.01,41.6,1260707.749,always_reactive,0.995174
h=0.1/q0=0.4/p=0.3/r=1/sig=0.3/cf=2.08299,D_sigma,0.1,0.4,0.3,1.0,0.3,3.0,2.0829936590907905,sepsis,native,ours_pi_prior,77254119.509,0.998987,7.1,8.8,59.4,5.0,11.0,36.7,49.7,0.01,43.2,1309196.509,always_reactive,0.995174
h=0.1/q0=0.4/p=0.3/r=1/sig=0.3/cf=2.08299,D_sigma,0.1,0.4,0.3,1.0,0.3,3.0,2.0829936590907905,sepsis,native,ours_both,77204543.64,0.998345,6.1,8.0,52.3,4.3,9.7,33.2,43.5,0.009,38.0,1151608.04,always_reactive,0.995174
h=0.1/q0=0.4/p=0.3/r=1/sig=0.3/cf=2.08299,D_sigma,0.1,0.4,0.3,1.0,0.3,3.0,2.0829936590907905,sepsis,native,breakeven,77746992.031,1.00536,3.9,5.1,47.8,2.0,5.2,17.0,40.0,0.008,34.4,1042508.331,always_reactive,0.995174
h=0.1/q0=0.4/p=0.3/r=1/sig=0.3/cf=2.08299,D_sigma,0.1,0.4,0.3,1.0,0.3,3.0,2.0829936590907905,sepsis,native,breakeven_cap,77647382.049,1.004072,3.8,5.0,44.4,1.8,4.8,15.8,37.0,0.008,31.7,960683.549,always_reactive,0.995174
h=0.1/q0=0.4/p=0.3/r=1/sig=0.3/cf=2.08299,D_sigma,0.1,0.4,0.3,1.0,0.3,3.0,2.0829936590907905,sepsis,native,offline_taxblind,75195443.73,0.972365,,,,,,,,,,,always_reactive,0.995174
h=0.1/q0=0.4/p=0.3/r=1/sig=0.3/cf=2.08299,D_sigma,0.1,0.4,0.3,1.0,0.3,3.0,2.0829936590907905,sepsis,native,offline_opt_tax,75891085.08,0.981361,,,,,,,,,,,always_reactive,0.995174
h=0.1/q0=0.4/p=0.3/r=1/sig=0.3/cf=2.08299,D_sigma,0.1,0.4,0.3,1.0,0.3,3.0,2.0829936590907905,wiki_A,autorpa_233k,always_reactive,5261420180.0,1.0,0.0,0.0,0.0,0.0,0.0,0.0,0.0,0.005,0.0,0.0,always_reactive,0.547003
h=0.1/q0=0.4/p=0.3/r=1/sig=0.3/cf=2.08299,D_sigma,0.1,0.4,0.3,1.0,0.3,3.0,2.0829936590907905,wiki_A,autorpa_233k,always_compile_evict,9618626189.184,1.828143,24.5,56.6,13084.4,3746.6,7324.1,24566.2,12971.2,0.015,9145.0,4438411643.886,always_reactive,0.547003
h=0.1/q0=0.4/p=0.3/r=1/sig=0.3/cf=2.08299,D_sigma,0.1,0.4,0.3,1.0,0.3,3.0,2.0829936590907905,wiki_A,autorpa_233k,ours_noinflate,5261420180.0,1.0,0.0,0.0,0.0,0.0,0.0,0.0,0.0,0.005,0.0,0.0,always_reactive,0.547003
h=0.1/q0=0.4/p=0.3/r=1/sig=0.3/cf=2.08299,D_sigma,0.1,0.4,0.3,1.0,0.3,3.0,2.0829936590907905,wiki_A,autorpa_233k,oracle_tax,5261420180.0,1.0,0.0,0.0,0.0,0.0,0.0,0.0,0.0,0.005,0.0,0.0,always_reactive,0.547003
h=0.1/q0=0.4/p=0.3/r=1/sig=0.3/cf=2.08299,D_sigma,0.1,0.4,0.3,1.0,0.3,3.0,2.0829936590907905,wiki_A,autorpa_233k,ours_spend_cap,5261420180.0,1.0,0.0,0.0,0.0,0.0,0.0,0.0,0.0,0.005,0.0,0.0,always_reactive,0.547003
h=0.1/q0=0.4/p=0.3/r=1/sig=0.3/cf=2.08299,D_sigma,0.1,0.4,0.3,1.0,0.3,3.0,2.0829936590907905,wiki_A,autorpa_233k,ours_pi_prior,5261420180.0,1.0,0.0,0.0,0.0,0.0,0.0,0.0,0.0,0.005,0.0,0.0,always_reactive,0.547003
h=0.1/q0=0.4/p=0.3/r=1/sig=0.3/cf=2.08299,D_sigma,0.1,0.4,0.3,1.0,0.3,3.0,2.0829936590907905,wiki_A,autorpa_233k,ours_both,5261420180.0,1.0,0.0,0.0,0.0,0.0,0.0,0.0,0.0,0.005,0.0,0.0,always_reactive,0.547003
h=0.1/q0=0.4/p=0.3/r=1/sig=0.3/cf=2.08299,D_sigma,0.1,0.4,0.3,1.0,0.3,3.0,2.0829936590907905,wiki_A,autorpa_233k,breakeven,5980264797.706,1.136626,0.3,5.0,2189.4,619.4,1195.6,4017.7,2091.6,0.005,1533.4,744216557.106,always_reactive,0.547003
h=0.1/q0=0.4/p=0.3/r=1/sig=0.3/cf=2.08299,D_sigma,0.1,0.4,0.3,1.0,0.3,3.0,2.0829936590907905,wiki_A,autorpa_233k,breakeven_cap,5295800907.631,1.006534,0.0,2.4,90.3,13.9,29.0,92.9,85.6,0.005,63.4,30770398.931,always_reactive,0.547003
h=0.1/q0=0.4/p=0.3/r=1/sig=0.3/cf=2.08299,D_sigma,0.1,0.4,0.3,1.0,0.3,3.0,2.0829936590907905,wiki_A,autorpa_233k,offline_taxblind,5261420180.0,1.0,,,,,,,,,,,always_reactive,0.547003
h=0.1/q0=0.4/p=0.3/r=1/sig=0.3/cf=2.08299,D_sigma,0.1,0.4,0.3,1.0,0.3,3.0,2.0829936590907905,wiki_A,autorpa_233k,offline_opt_tax,5261420180.0,1.0,,,,,,,,,,,always_reactive,0.547003
h=0.1/q0=0.4/p=0.3/r=1/sig=0.3/cf=2.08299,D_sigma,0.1,0.4,0.3,1.0,0.3,3.0,2.0829936590907905,wiki_A,native,always_reactive,5261420180.0,1.156756,0.0,0.0,0.0,0.0,0.0,0.0,0.0,0.005,0.0,0.0,always_compile_evict,1.0
h=0.1/q0=0.4/p=0.3/r=1/sig=0.3/cf=2.08299,D_sigma,0.1,0.4,0.3,1.0,0.3,3.0,2.0829936590907905,wiki_A,native,always_compile_evict,4500006808.254,0.989355,3.5,18.0,13084.4,3746.6,7324.1,24566.2,12546.2,0.011,9145.0,277143566.553,always_compile_evict,1.0
h=0.1/q0=0.4/p=0.3/r=1/sig=0.3/cf=2.08299,D_sigma,0.1,0.4,0.3,1.0,0.3,3.0,2.0829936590907905,wiki_A,native,ours_noinflate,4548426286.365,1.0,2.9,17.4,12313.4,3527.9,6888.2,23119.0,11797.3,0.011,8600.1,260630113.364,always_compile_evict,1.0
h=0.1/q0=0.4/p=0.3/r=1/sig=0.3/cf=2.08299,D_sigma,0.1,0.4,0.3,1.0,0.3,3.0,2.0829936590907905,wiki_A,native,oracle_tax,5235314354.5,1.151017,2.5,3.4,330.7,100.5,199.6,659.5,265.3,0.005,227.7,6900556.6,always_compile_evict,1.0
h=0.1/q0=0.4/p=0.3/r=1/sig=0.3/cf=2.08299,D_sigma,0.1,0.4,0.3,1.0,0.3,3.0,2.0829936590907905,wiki_A,native,ours_spend_cap,5233775491.568,1.150678,0.0,10.0,1143.5,209.1,419.6,1382.1,868.0,0.006,797.2,24159524.468,always_compile_evict,1.0
h=0.1/q0=0.4/p=0.3/r=1/sig=0.3/cf=2.08299,D_sigma,0.1,0.4,0.3,1.0,0.3,3.0,2.0829936590907905,wiki_A,native,ours_pi_prior,4535348216.056,0.997125,2.9,15.5,12248.4,3526.1,6902.3,23145.4,11778.2,0.01,8556.9,259320916.855,always_compile_evict,1.0
h=0.1/q0=0.4/p=0.3/r=1/sig=0.3/cf=2.08299,D_sigma,0.1,0.4,0.3,1.0,0.3,3.0,2.0829936590907905,wiki_A,native,ours_both,5234869658.741,1.150919,0.0,9.1,1050.8,196.0,390.8,1291.1,797.1,0.006,732.9,22210882.441,always_compile_evict,1.0
h=0.1/q0=0.4/p=0.3/r=1/sig=0.3/cf=2.08299,D_sigma,0.1,0.4,0.3,1.0,0.3,3.0,2.0829936590907905,wiki_A,native,breakeven,5087335454.528,1.118483,0.0,5.9,4086.2,1029.9,1970.5,6656.2,3689.1,0.005,2855.9,86549405.327,always_compile_evict,1.0
h=0.1/q0=0.4/p=0.3/r=1/sig=0.3/cf=2.08299,D_sigma,0.1,0.4,0.3,1.0,0.3,3.0,2.0829936590907905,wiki_A,native,breakeven_cap,5254903765.522,1.155323,0.0,5.3,873.7,96.7,189.8,631.6,672.4,0.005,610.9,18513614.522,always_compile_evict,1.0
h=0.1/q0=0.4/p=0.3/r=1/sig=0.3/cf=2.08299,D_sigma,0.1,0.4,0.3,1.0,0.3,3.0,2.0829936590907905,wiki_A,native,offline_taxblind,4174145101.599,0.917712,,,,,,,,,,,always_compile_evict,1.0
h=0.1/q0=0.4/p=0.3/r=1/sig=0.3/cf=2.08299,D_sigma,0.1,0.4,0.3,1.0,0.3,3.0,2.0829936590907905,wiki_A,native,offline_opt_tax,4196103988.875,0.92254,,,,,,,,,,,always_compile_evict,1.0
h=0.1/q0=0.4/p=0.3/r=1/sig=0.3/cf=2.08299,D_sigma,0.1,0.4,0.3,1.0,0.3,3.0,2.0829936590907905,wiki_B,autorpa_233k,always_reactive,7373315056.0,1.0,0.0,0.0,0.0,0.0,0.0,0.0,0.0,0.005,0.0,0.0,always_reactive,0.656672
h=0.1/q0=0.4/p=0.3/r=1/sig=0.3/cf=2.08299,D_sigma,0.1,0.4,0.3,1.0,0.3,3.0,2.0829936590907905,wiki_B,autorpa_233k,always_compile_evict,11228314396.87,1.522831,113.7,128.8,8515.1,1583.2,3044.0,10182.4,8488.4,0.074,5976.2,2900474102.372,always_reactive,0.656672
h=0.1/q0=0.4/p=0.3/r=1/sig=0.3/cf=2.08299,D_sigma,0.1,0.4,0.3,1.0,0.3,3.0,2.0829936590907905,wiki_B,autorpa_233k,ours_noinflate,7373315056.0,1.0,0.0,0.0,0.0,0.0,0.0,0.0,0.0,0.005,0.0,0.0,always_reactive,0.656672
h=0.1/q0=0.4/p=0.3/r=1/sig=0.3/cf=2.08299,D_sigma,0.1,0.4,0.3,1.0,0.3,3.0,2.0829936590907905,wiki_B,autorpa_233k,oracle_tax,7373315056.0,1.0,0.0,0.0,0.0,0.0,0.0,0.0,0.0,0.005,0.0,0.0,always_reactive,0.656672
h=0.1/q0=0.4/p=0.3/r=1/sig=0.3/cf=2.08299,D_sigma,0.1,0.4,0.3,1.0,0.3,3.0,2.0829936590907905,wiki_B,autorpa_233k,ours_spend_cap,7373315056.0,1.0,0.0,0.0,0.0,0.0,0.0,0.0,0.0,0.005,0.0,0.0,always_reactive,0.656672
h=0.1/q0=0.4/p=0.3/r=1/sig=0.3/cf=2.08299,D_sigma,0.1,0.4,0.3,1.0,0.3,3.0,2.0829936590907905,wiki_B,autorpa_233k,ours_pi_prior,7373315056.0,1.0,0.0,0.0,0.0,0.0,0.0,0.0,0.0,0.005,0.0,0.0,always_reactive,0.656672
h=0.1/q0=0.4/p=0.3/r=1/sig=0.3/cf=2.08299,D_sigma,0.1,0.4,0.3,1.0,0.3,3.0,2.0829936590907905,wiki_B,autorpa_233k,ours_both,7373315056.0,1.0,0.0,0.0,0.0,0.0,0.0,0.0,0.0,0.005,0.0,0.0,always_reactive,0.656672
h=0.1/q0=0.4/p=0.3/r=1/sig=0.3/cf=2.08299,D_sigma,0.1,0.4,0.3,1.0,0.3,3.0,2.0829936590907905,wiki_B,autorpa_233k,breakeven,7593268024.788,1.029831,1.9,6.1,559.7,88.5,167.7,566.0,544.9,0.007,389.4,188990431.288,always_reactive,0.656672
h=0.1/q0=0.4/p=0.3/r=1/sig=0.3/cf=2.08299,D_sigma,0.1,0.4,0.3,1.0,0.3,3.0,2.0829936590907905,wiki_B,autorpa_233k,breakeven_cap,7448500710.455,1.010197,0.7,3.7,180.7,20.5,38.4,129.1,177.2,0.006,128.7,62462939.155,always_reactive,0.656672
h=0.1/q0=0.4/p=0.3/r=1/sig=0.3/cf=2.08299,D_sigma,0.1,0.4,0.3,1.0,0.3,3.0,2.0829936590907905,wiki_B,autorpa_233k,offline_taxblind,7373315056.0,1.0,,,,,,,,,,,always_reactive,0.656672
h=0.1/q0=0.4/p=0.3/r=1/sig=0.3/cf=2.08299,D_sigma,0.1,0.4,0.3,1.0,0.3,3.0,2.0829936590907905,wiki_B,autorpa_233k,offline_opt_tax,7373315056.0,1.0,,,,,,,,,,,always_reactive,0.656672
h=0.1/q0=0.4/p=0.3/r=1/sig=0.3/cf=2.08299,D_sigma,0.1,0.4,0.3,1.0,0.3,3.0,2.0829936590907905,wiki_B,native,always_reactive,7373315056.0,1.014894,0.0,0.0,0.0,0.0,0.0,0.0,0.0,0.005,0.0,0.0,always_compile_evict,1.0
h=0.1/q0=0.4/p=0.3/r=1/sig=0.3/cf=2.08299,D_sigma,0.1,0.4,0.3,1.0,0.3,3.0,2.0829936590907905,wiki_B,native,always_compile_evict,7264754500.077,0.999951,12.5,25.6,8515.1,1583.2,3044.0,10182.4,7391.3,0.019,5976.2,181111578.178,always_compile_evict,1.0
h=0.1/q0=0.4/p=0.3/r=1/sig=0.3/cf=2.08299,D_sigma,0.1,0.4,0.3,1.0,0.3,3.0,2.0829936590907905,wiki_B,native,ours_noinflate,7265111671.845,1.0,11.5,24.3,8192.1,1529.6,2930.4,9804.6,7112.9,0.018,5747.8,174189807.746,always_compile_evict,1.0
h=0.1/q0=0.4/p=0.3/r=1/sig=0.3/cf=2.08299,D_sigma,0.1,0.4,0.3,1.0,0.3,3.0,2.0829936590907905,wiki_B,native,oracle_tax,7370247388.17,1.014471,3.6,5.4,85.4,21.2,40.4,136.1,66.9,0.005,60.6,1836511.77,always_compile_evict,1.0
h=0.1/q0=0.4/p=0.3/r=1/sig=0.3/cf=2.08299,D_sigma,0.1,0.4,0.3,1.0,0.3,3.0,2.0829936590907905,wiki_B,native,ours_spend_cap,7366235163.689,1.013919,3.0,14.6,4802.4,634.9,1212.1,4074.3,3791.5,0.011,3370.2,102135510.989,always_compile_evict,1.0
h=0.1/q0=0.4/p=0.3/r=1/sig=0.3/cf=2.08299,D_sigma,0.1,0.4,0.3,1.0,0.3,3.0,2.0829936590907905,wiki_B,native,ours_pi_prior,7271279250.18,1.000849,9.4,23.0,7313.6,1379.3,2655.0,8895.4,6362.8,0.017,5136.6,155667101.581,always_compile_evict,1.0
h=0.1/q0=0.4/p=0.3/r=1/sig=0.3/cf=2.08299,D_sigma,0.1,0.4,0.3,1.0,0.3,3.0,2.0829936590907905,wiki_B,native,ours_both,7363970159.033,1.013607,2.0,14.4,4273.0,577.7,1107.0,3717.7,3375.4,0.01,3000.2,90922485.333,always_compile_evict,1.0
h=0.1/q0=0.4/p=0.3/r=1/sig=0.3/cf=2.08299,D_sigma,0.1,0.4,0.3,1.0,0.3,3.0,2.0829936590907905,wiki_B,native,breakeven,7435951386.807,1.023515,0.3,7.2,3877.4,171.6,326.9,1100.6,3167.7,0.006,2708.2,82073286.707,always_compile_evict,1.0
h=0.1/q0=0.4/p=0.3/r=1/sig=0.3/cf=2.08299,D_sigma,0.1,0.4,0.3,1.0,0.3,3.0,2.0829936590907905,wiki_B,native,breakeven_cap,7435031219.458,1.023388,0.2,6.9,3545.9,139.0,264.2,888.1,2891.7,0.006,2478.5,75112119.158,always_compile_evict,1.0
h=0.1/q0=0.4/p=0.3/r=1/sig=0.3/cf=2.08299,D_sigma,0.1,0.4,0.3,1.0,0.3,3.0,2.0829936590907905,wiki_B,native,offline_taxblind,6949677702.816,0.956582,,,,,,,,,,,always_compile_evict,1.0
h=0.1/q0=0.4/p=0.3/r=1/sig=0.3/cf=2.08299,D_sigma,0.1,0.4,0.3,1.0,0.3,3.0,2.0829936590907905,wiki_B,native,offline_opt_tax,6994814051.615,0.962795,,,,,,,,,,,always_compile_evict,1.0
h=0.1/q0=0.4/p=0.3/r=1/sig=0/cf=1,A_core,0.1,0.4,0.3,1.0,0.0,1.0,1.0,bpi2019,autorpa_233k,always_reactive,19497801224.0,0.995634,0.0,0.0,0.0,0.0,0.0,0.0,0.0,0.005,0.0,0.0,always_reactive,0.673485
h=0.1/q0=0.4/p=0.3/r=1/sig=0/cf=1,A_core,0.1,0.4,0.3,1.0,0.0,1.0,1.0,bpi2019,autorpa_233k,always_compile_evict,28950610711.1,1.478332,64.9,110.0,66813.4,19033.1,0.0,87459.7,66679.7,0.064,46733.0,10888789000.0,always_reactive,0.673485
h=0.1/q0=0.4/p=0.3/r=1/sig=0/cf=1,A_core,0.1,0.4,0.3,1.0,0.0,1.0,1.0,bpi2019,autorpa_233k,ours_noinflate,19583300028.5,1.0,1.9,7.5,340.7,62.2,0.0,285.2,327.0,0.007,239.6,55826800.0,always_reactive,0.673485
h=0.1/q0=0.4/p=0.3/r=1/sig=0/cf=1,A_core,0.1,0.4,0.3,1.0,0.0,1.0,1.0,bpi2019,autorpa_233k,oracle_tax,19497801224.0,0.995634,0.0,0.0,0.0,0.0,0.0,0.0,0.0,0.005,0.0,0.0,always_reactive,0.673485
h=0.1/q0=0.4/p=0.3/r=1/sig=0/cf=1,A_core,0.1,0.4,0.3,1.0,0.0,1.0,1.0,bpi2019,autorpa_233k,ours_spend_cap,19581662849.4,0.999916,1.9,7.4,330.4,60.0,0.0,277.0,316.7,0.007,231.6,53962800.0,always_reactive,0.673485
h=0.1/q0=0.4/p=0.3/r=1/sig=0/cf=1,A_core,0.1,0.4,0.3,1.0,0.0,1.0,1.0,bpi2019,autorpa_233k,ours_pi_prior,19644863944.3,1.003144,3.1,9.8,528.5,93.3,0.0,423.2,515.5,0.008,367.7,85674100.0,always_reactive,0.673485
h=0.1/q0=0.4/p=0.3/r=1/sig=0/cf=1,A_core,0.1,0.4,0.3,1.0,0.0,1.0,1.0,bpi2019,autorpa_233k,ours_both,19641567384.0,1.002975,3.1,9.8,508.4,89.0,0.0,403.3,496.0,0.008,353.1,82272300.0,always_reactive,0.673485
h=0.1/q0=0.4/p=0.3/r=1/sig=0/cf=1,A_core,0.1,0.4,0.3,1.0,0.0,1.0,1.0,bpi2019,autorpa_233k,breakeven,19926819219.0,1.017541,2.3,9.5,2059.2,290.7,0.0,1333.0,1962.9,0.008,1447.2,337197600.0,always_reactive,0.673485
h=0.1/q0=0.4/p=0.3/r=1/sig=0/cf=1,A_core,0.1,0.4,0.3,1.0,0.0,1.0,1.0,bpi2019,autorpa_233k,breakeven_cap,19732774375.8,1.007633,1.3,6.9,1032.1,113.7,0.0,532.9,995.5,0.007,724.1,168715300.0,always_reactive,0.673485
h=0.1/q0=0.4/p=0.3/r=1/sig=0/cf=1,A_core,0.1,0.4,0.3,1.0,0.0,1.0,1.0,bpi2019,autorpa_233k,offline_taxblind,19497801224.0,0.995634,,,,,,,,,,,always_reactive,0.673485
h=0.1/q0=0.4/p=0.3/r=1/sig=0/cf=1,A_core,0.1,0.4,0.3,1.0,0.0,1.0,1.0,bpi2019,autorpa_233k,offline_opt_tax,19497801224.0,0.995634,,,,,,,,,,,always_reactive,0.673485
h=0.1/q0=0.4/p=0.3/r=1/sig=0/cf=1,A_core,0.1,0.4,0.3,1.0,0.0,1.0,1.0,bpi2019,native,always_reactive,19497801224.0,1.524305,0.0,0.0,0.0,0.0,0.0,0.0,0.0,0.005,0.0,0.0,always_compile_evict,1.0
h=0.1/q0=0.4/p=0.3/r=1/sig=0/cf=1,A_core,0.1,0.4,0.3,1.0,0.0,1.0,1.0,bpi2019,native,always_compile_evict,12788976816.1,0.99982,4.7,22.7,66813.4,19033.1,0.0,87459.7,63786.4,0.022,46733.0,679918417.0,always_compile_evict,1.0
h=0.1/q0=0.4/p=0.3/r=1/sig=0/cf=1,A_core,0.1,0.4,0.3,1.0,0.0,1.0,1.0,bpi2019,native,ours_noinflate,12791276390.8,1.0,4.6,22.7,66721.8,19018.8,0.0,87401.3,63718.6,0.022,46668.0,678972732.0,always_compile_evict,1.0
h=0.1/q0=0.4/p=0.3/r=1/sig=0/cf=1,A_core,0.1,0.4,0.3,1.0,0.0,1.0,1.0,bpi2019,native,oracle_tax,19405032505.6,1.517052,24.2,28.8,998.4,279.8,0.0,1260.4,825.3,0.005,694.4,10102825.6,always_compile_evict,1.0
h=0.1/q0=0.4/p=0.3/r=1/sig=0/cf=1,A_core,0.1,0.4,0.3,1.0,0.0,1.0,1.0,bpi2019,native,ours_spend_cap,18718055741.5,1.463345,1.3,13.9,11618.7,2520.9,0.0,11567.5,8827.5,0.007,8141.4,118449228.6,always_compile_evict,1.0
h=0.1/q0=0.4/p=0.3/r=1/sig=0/cf=1,A_core,0.1,0.4,0.3,1.0,0.0,1.0,1.0,bpi2019,native,ours_pi_prior,13031500800.1,1.01878,4.7,22.1,63308.4,18025.2,0.0,82867.3,60376.4,0.022,44280.6,644238449.4,always_compile_evict,1.0
h=0.1/q0=0.4/p=0.3/r=1/sig=0/cf=1,A_core,0.1,0.4,0.3,1.0,0.0,1.0,1.0,bpi2019,native,ours_both,18729348782.9,1.464228,1.3,13.6,11353.8,2473.2,0.0,11345.3,8632.7,0.007,7956.2,115754753.8,always_compile_evict,1.0
h=0.1/q0=0.4/p=0.3/r=1/sig=0/cf=1,A_core,0.1,0.4,0.3,1.0,0.0,1.0,1.0,bpi2019,native,breakeven,19414350748.3,1.517781,0.0,6.1,5559.7,438.1,0.0,1973.2,3892.9,0.005,3881.0,56464669.0,always_compile_evict,1.0
h=0.1/q0=0.4/p=0.3/r=1/sig=0/cf=1,A_core,0.1,0.4,0.3,1.0,0.0,1.0,1.0,bpi2019,native,breakeven_cap,19421607348.2,1.518348,0.0,6.1,5466.7,411.2,0.0,1848.1,3828.2,0.005,3819.2,55565540.8,always_compile_evict,1.0
h=0.1/q0=0.4/p=0.3/r=1/sig=0/cf=1,A_core,0.1,0.4,0.3,1.0,0.0,1.0,1.0,bpi2019,native,offline_taxblind,10755097226.048,0.840815,,,,,,,,,,,always_compile_evict,1.0
h=0.1/q0=0.4/p=0.3/r=1/sig=0/cf=1,A_core,0.1,0.4,0.3,1.0,0.0,1.0,1.0,bpi2019,native,offline_opt_tax,10955795863.172,0.856505,,,,,,,,,,,always_compile_evict,1.0
h=0.1/q0=0.4/p=0.3/r=1/sig=0/cf=1,A_core,0.1,0.4,0.3,1.0,0.0,1.0,1.0,sepsis,autorpa_233k,always_reactive,77101119.0,0.992622,0.0,0.0,0.0,0.0,0.0,0.0,0.0,0.005,0.0,0.0,always_reactive,0.846061
h=0.1/q0=0.4/p=0.3/r=1/sig=0/cf=1,A_core,0.1,0.4,0.3,1.0,0.0,1.0,1.0,sepsis,autorpa_233k,always_compile_evict,91129549.6,1.173228,11.4,12.0,73.6,8.2,0.0,39.8,69.7,0.01,52.9,12325700.0,always_reactive,0.846061
h=0.1/q0=0.4/p=0.3/r=1/sig=0/cf=1,A_core,0.1,0.4,0.3,1.0,0.0,1.0,1.0,sepsis,autorpa_233k,ours_noinflate,77674187.7,1.0,0.6,0.9,3.7,0.5,0.0,2.8,3.2,0.005,2.6,605800.0,always_reactive,0.846061
h=0.1/q0=0.4/p=0.3/r=1/sig=0/cf=1,A_core,0.1,0.4,0.3,1.0,0.0,1.0,1.0,sepsis,autorpa_233k,oracle_tax,77101119.0,0.992622,0.0,0.0,0.0,0.0,0.0,0.0,0.0,0.005,0.0,0.0,always_reactive,0.846061
h=0.1/q0=0.4/p=0.3/r=1/sig=0/cf=1,A_core,0.1,0.4,0.3,1.0,0.0,1.0,1.0,sepsis,autorpa_233k,ours_spend_cap,77674187.7,1.0,0.6,0.9,3.7,0.5,0.0,2.8,3.2,0.005,2.6,605800.0,always_reactive,0.846061
h=0.1/q0=0.4/p=0.3/r=1/sig=0/cf=1,A_core,0.1,0.4,0.3,1.0,0.0,1.0,1.0,sepsis,autorpa_233k,ours_pi_prior,77521540.8,0.998035,0.2,0.4,2.6,0.3,0.0,2.1,2.1,0.005,2.1,489300.0,always_reactive,0.846061
h=0.1/q0=0.4/p=0.3/r=1/sig=0/cf=1,A_core,0.1,0.4,0.3,1.0,0.0,1.0,1.0,sepsis,autorpa_233k,ours_both,77521540.8,0.998035,0.2,0.4,2.6,0.3,0.0,2.1,2.1,0.005,2.1,489300.0,always_reactive,0.846061
h=0.1/q0=0.4/p=0.3/r=1/sig=0/cf=1,A_core,0.1,0.4,0.3,1.0,0.0,1.0,1.0,sepsis,autorpa_233k,breakeven,78570789.0,1.011543,1.1,1.9,8.3,0.9,0.0,6.0,7.5,0.006,6.1,1421300.0,always_reactive,0.846061
h=0.1/q0=0.4/p=0.3/r=1/sig=0/cf=1,A_core,0.1,0.4,0.3,1.0,0.0,1.0,1.0,sepsis,autorpa_233k,breakeven_cap,78437346.0,1.009825,0.7,1.5,7.4,0.9,0.0,4.8,6.8,0.005,5.6,1304800.0,always_reactive,0.846061
h=0.1/q0=0.4/p=0.3/r=1/sig=0/cf=1,A_core,0.1,0.4,0.3,1.0,0.0,1.0,1.0,sepsis,autorpa_233k,offline_taxblind,77101119.0,0.992622,,,,,,,,,,,always_reactive,0.846061
h=0.1/q0=0.4/p=0.3/r=1/sig=0/cf=1,A_core,0.1,0.4,0.3,1.0,0.0,1.0,1.0,sepsis,autorpa_233k,offline_opt_tax,77101119.0,0.992622,,,,,,,,,,,always_reactive,0.846061
h=0.1/q0=0.4/p=0.3/r=1/sig=0/cf=1,A_core,0.1,0.4,0.3,1.0,0.0,1.0,1.0,sepsis,native,always_reactive,77101119.0,1.028673,0.0,0.0,0.0,0.0,0.0,0.0,0.0,0.005,0.0,0.0,always_compile_evict,1.0
h=0.1/q0=0.4/p=0.3/r=1/sig=0/cf=1,A_core,0.1,0.4,0.3,1.0,0.0,1.0,1.0,sepsis,native,always_compile_evict,74951992.9,1.0,7.9,9.6,73.6,8.2,0.0,39.8,54.6,0.01,52.9,769642.1,always_compile_evict,1.0
h=0.1/q0=0.4/p=0.3/r=1/sig=0/cf=1,A_core,0.1,0.4,0.3,1.0,0.0,1.0,1.0,sepsis,native,ours_noinflate,74951992.9,1.0,7.9,9.6,73.6,8.2,0.0,39.8,54.6,0.01,52.9,769642.1,always_compile_evict,1.0
h=0.1/q0=0.4/p=0.3/r=1/sig=0/cf=1,A_core,0.1,0.4,0.3,1.0,0.0,1.0,1.0,sepsis,native,oracle_tax,74851838.2,0.998664,6.0,7.2,47.0,7.4,0.0,35.4,34.3,0.009,33.6,488846.4,always_compile_evict,1.0
h=0.1/q0=0.4/p=0.3/r=1/sig=0/cf=1,A_core,0.1,0.4,0.3,1.0,0.0,1.0,1.0,sepsis,native,ours_spend_cap,74951992.9,1.0,7.9,9.6,73.6,8.2,0.0,39.8,54.6,0.01,52.9,769642.1,always_compile_evict,1.0
h=0.1/q0=0.4/p=0.3/r=1/sig=0/cf=1,A_core,0.1,0.4,0.3,1.0,0.0,1.0,1.0,sepsis,native,ours_pi_prior,74952442.7,1.000006,7.7,9.3,73.1,8.1,0.0,39.3,54.2,0.01,52.7,766732.3,always_compile_evict,1.0
h=0.1/q0=0.4/p=0.3/r=1/sig=0/cf=1,A_core,0.1,0.4,0.3,1.0,0.0,1.0,1.0,sepsis,native,ours_both,74952442.7,1.000006,7.7,9.3,73.1,8.1,0.0,39.3,54.2,0.01,52.7,766732.3,always_compile_evict,1.0
h=0.1/q0=0.4/p=0.3/r=1/sig=0/cf=1,A_core,0.1,0.4,0.3,1.0,0.0,1.0,1.0,sepsis,native,breakeven,76347365.6,1.018617,4.7,6.7,63.0,4.5,0.0,19.2,46.8,0.009,45.8,666344.2,always_compile_evict,1.0
h=0.1/q0=0.4/p=0.3/r=1/sig=0/cf=1,A_core,0.1,0.4,0.3,1.0,0.0,1.0,1.0,sepsis,native,breakeven_cap,76347365.6,1.018617,4.7,6.7,63.0,4.5,0.0,19.2,46.8,0.009,45.8,666344.2,always_compile_evict,1.0
h=0.1/q0=0.4/p=0.3/r=1/sig=0/cf=1,A_core,0.1,0.4,0.3,1.0,0.0,1.0,1.0,sepsis,native,offline_taxblind,70101262.956,0.935282,,,,,,,,,,,always_compile_evict,1.0
h=0.1/q0=0.4/p=0.3/r=1/sig=0/cf=1,A_core,0.1,0.4,0.3,1.0,0.0,1.0,1.0,sepsis,native,offline_opt_tax,71344569.758,0.95187,,,,,,,,,,,always_compile_evict,1.0
h=0.1/q0=0.4/p=0.3/r=1/sig=0/cf=1,A_core,0.1,0.4,0.3,1.0,0.0,1.0,1.0,wiki_A,autorpa_233k,always_reactive,5261420180.0,0.998818,0.0,0.0,0.0,0.0,0.0,0.0,0.0,0.005,0.0,0.0,always_reactive,0.725664
h=0.1/q0=0.4/p=0.3/r=1/sig=0/cf=1,A_core,0.1,0.4,0.3,1.0,0.0,1.0,1.0,wiki_A,autorpa_233k,always_compile_evict,7250488641.1,1.376419,22.2,53.2,17364.1,5043.7,0.0,23192.4,17032.6,0.019,12141.9,2829062700.0,always_reactive,0.725664
h=0.1/q0=0.4/p=0.3/r=1/sig=0/cf=1,A_core,0.1,0.4,0.3,1.0,0.0,1.0,1.0,wiki_A,autorpa_233k,ours_noinflate,5267644685.5,1.0,0.4,2.3,65.8,15.8,0.0,80.8,55.5,0.005,45.4,10578200.0,always_reactive,0.725664
h=0.1/q0=0.4/p=0.3/r=1/sig=0/cf=1,A_core,0.1,0.4,0.3,1.0,0.0,1.0,1.0,wiki_A,autorpa_233k,oracle_tax,5261420180.0,0.998818,0.0,0.0,0.0,0.0,0.0,0.0,0.0,0.005,0.0,0.0,always_reactive,0.725664
h=0.1/q0=0.4/p=0.3/r=1/sig=0/cf=1,A_core,0.1,0.4,0.3,1.0,0.0,1.0,1.0,wiki_A,autorpa_233k,ours_spend_cap,5266997666.9,0.999877,0.4,2.3,61.0,14.7,0.0,75.1,50.4,0.005,41.8,9739400.0,always_reactive,0.725664
h=0.1/q0=0.4/p=0.3/r=1/sig=0/cf=1,A_core,0.1,0.4,0.3,1.0,0.0,1.0,1.0,wiki_A,autorpa_233k,ours_pi_prior,5275323717.3,1.001458,0.9,3.9,89.4,18.8,0.0,90.6,80.0,0.005,63.1,14702300.0,always_reactive,0.725664
h=0.1/q0=0.4/p=0.3/r=1/sig=0/cf=1,A_core,0.1,0.4,0.3,1.0,0.0,1.0,1.0,wiki_A,autorpa_233k,ours_both,5274757990.4,1.00135,0.9,3.9,83.7,17.4,0.0,82.5,74.5,0.005,58.9,13723700.0,always_reactive,0.725664
h=0.1/q0=0.4/p=0.3/r=1/sig=0/cf=1,A_core,0.1,0.4,0.3,1.0,0.0,1.0,1.0,wiki_A,autorpa_233k,breakeven,5654323122.1,1.073406,0.4,7.5,3166.2,895.4,0.0,4103.3,2930.0,0.006,2215.2,516141600.0,always_reactive,0.725664
h=0.1/q0=0.4/p=0.3/r=1/sig=0/cf=1,A_core,0.1,0.4,0.3,1.0,0.0,1.0,1.0,wiki_A,autorpa_233k,breakeven_cap,5302660516.0,1.006647,0.0,4.8,240.1,43.9,0.0,202.6,216.9,0.005,169.0,39377000.0,always_reactive,0.725664
h=0.1/q0=0.4/p=0.3/r=1/sig=0/cf=1,A_core,0.1,0.4,0.3,1.0,0.0,1.0,1.0,wiki_A,autorpa_233k,offline_taxblind,5261420180.0,0.998818,,,,,,,,,,,always_reactive,0.725664
h=0.1/q0=0.4/p=0.3/r=1/sig=0/cf=1,A_core,0.1,0.4,0.3,1.0,0.0,1.0,1.0,wiki_A,autorpa_233k,offline_opt_tax,5261420180.0,0.998818,,,,,,,,,,,always_reactive,0.725664
h=0.1/q0=0.4/p=0.3/r=1/sig=0/cf=1,A_core,0.1,0.4,0.3,1.0,0.0,1.0,1.0,wiki_A,native,always_reactive,5261420180.0,1.561496,0.0,0.0,0.0,0.0,0.0,0.0,0.0,0.005,0.0,0.0,always_compile_evict,1.0
h=0.1/q0=0.4/p=0.3/r=1/sig=0/cf=1,A_core,0.1,0.4,0.3,1.0,0.0,1.0,1.0,wiki_A,native,always_compile_evict,3369260897.2,0.999937,2.9,17.3,17364.1,5043.7,0.0,23192.4,16407.3,0.014,12141.9,176652503.1,always_compile_evict,1.0
h=0.1/q0=0.4/p=0.3/r=1/sig=0/cf=1,A_core,0.1,0.4,0.3,1.0,0.0,1.0,1.0,wiki_A,native,ours_noinflate,3369473821.9,1.0,2.9,17.4,17357.0,5042.5,0.0,23187.5,16401.9,0.014,12136.6,176575393.4,always_compile_evict,1.0
h=0.1/q0=0.4/p=0.3/r=1/sig=0/cf=1,A_core,0.1,0.4,0.3,1.0,0.0,1.0,1.0,wiki_A,native,oracle_tax,5131224085.8,1.522856,4.7,6.2,1089.5,318.3,0.0,1442.9,917.2,0.005,766.5,11151808.5,always_compile_evict,1.0
h=0.1/q0=0.4/p=0.3/r=1/sig=0/cf=1,A_core,0.1,0.4,0.3,1.0,0.0,1.0,1.0,wiki_A,native,ours_spend_cap,5076069042.9,1.506487,0.5,14.7,2425.7,574.2,0.0,2586.7,1825.1,0.007,1693.9,24644551.1,always_compile_evict,1.0
h=0.1/q0=0.4/p=0.3/r=1/sig=0/cf=1,A_core,0.1,0.4,0.3,1.0,0.0,1.0,1.0,wiki_A,native,ours_pi_prior,3390115937.8,1.006126,2.8,16.8,17132.8,4978.6,0.0,22900.6,16205.8,0.014,11980.0,174297020.0,always_compile_evict,1.0
h=0.1/q0=0.4/p=0.3/r=1/sig=0/cf=1,A_core,0.1,0.4,0.3,1.0,0.0,1.0,1.0,wiki_A,native,ours_both,5079731518.7,1.507574,0.3,14.0,2371.4,560.1,0.0,2520.0,1784.1,0.007,1656.8,24104783.2,always_compile_evict,1.0
h=0.1/q0=0.4/p=0.3/r=1/sig=0/cf=1,A_core,0.1,0.4,0.3,1.0,0.0,1.0,1.0,wiki_A,native,breakeven,4776244242.4,1.417504,0.0,6.0,5544.3,1451.3,0.0,6635.1,4858.6,0.006,3884.0,56508316.0,always_compile_evict,1.0
h=0.1/q0=0.4/p=0.3/r=1/sig=0/cf=1,A_core,0.1,0.4,0.3,1.0,0.0,1.0,1.0,wiki_A,native,breakeven_cap,5180848096.0,1.537584,0.0,6.0,1515.7,256.8,0.0,1145.1,1071.9,0.005,1061.0,15436489.0,always_compile_evict,1.0
h=0.1/q0=0.4/p=0.3/r=1/sig=0/cf=1,A_core,0.1,0.4,0.3,1.0,0.0,1.0,1.0,wiki_A,native,offline_taxblind,2862830216.628,0.849637,,,,,,,,,,,always_compile_evict,1.0
h=0.1/q0=0.4/p=0.3/r=1/sig=0/cf=1,A_core,0.1,0.4,0.3,1.0,0.0,1.0,1.0,wiki_A,native,offline_opt_tax,2884256842.064,0.855996,,,,,,,,,,,always_compile_evict,1.0
h=0.1/q0=0.4/p=0.3/r=1/sig=0/cf=1,A_core,0.1,0.4,0.3,1.0,0.0,1.0,1.0,wiki_B,autorpa_233k,always_reactive,7373315056.0,0.994416,0.0,0.0,0.0,0.0,0.0,0.0,0.0,0.005,0.0,0.0,always_reactive,0.766053
h=0.1/q0=0.4/p=0.3/r=1/sig=0/cf=1,A_core,0.1,0.4,0.3,1.0,0.0,1.0,1.0,wiki_B,autorpa_233k,always_compile_evict,9625070641.8,1.298103,104.6,118.5,10149.8,2137.0,0.0,9645.5,10042.3,0.078,7119.2,1658773600.0,always_reactive,0.766053
h=0.1/q0=0.4/p=0.3/r=1/sig=0/cf=1,A_core,0.1,0.4,0.3,1.0,0.0,1.0,1.0,wiki_B,autorpa_233k,ours_noinflate,7414719844.7,1.0,3.2,7.4,193.2,36.5,0.0,184.7,185.2,0.007,131.2,30569600.0,always_reactive,0.766053
h=0.1/q0=0.4/p=0.3/r=1/sig=0/cf=1,A_core,0.1,0.4,0.3,1.0,0.0,1.0,1.0,wiki_B,autorpa_233k,oracle_tax,7373315056.0,0.994416,0.0,0.0,0.0,0.0,0.0,0.0,0.0,0.005,0.0,0.0,always_reactive,0.766053
h=0.1/q0=0.4/p=0.3/r=1/sig=0/cf=1,A_core,0.1,0.4,0.3,1.0,0.0,1.0,1.0,wiki_B,autorpa_233k,ours_spend_cap,7412577941.3,0.999711,3.0,7.3,181.9,34.0,0.0,176.3,174.0,0.007,122.8,28612400.0,always_reactive,0.766053
h=0.1/q0=0.4/p=0.3/r=1/sig=0/cf=1,A_core,0.1,0.4,0.3,1.0,0.0,1.0,1.0,wiki_B,autorpa_233k,ours_pi_prior,7451700685.9,1.004987,3.5,9.9,300.2,45.3,0.0,229.4,292.1,0.009,211.4,49256200.0,always_reactive,0.766053
h=0.1/q0=0.4/p=0.3/r=1/sig=0/cf=1,A_core,0.1,0.4,0.3,1.0,0.0,1.0,1.0,wiki_B,autorpa_233k,ours_both,7449577265.4,1.004701,3.5,9.8,287.5,42.2,0.0,217.9,280.0,0.009,202.0,47066000.0,always_reactive,0.766053
h=0.1/q0=0.4/p=0.3/r=1/sig=0/cf=1,A_core,0.1,0.4,0.3,1.0,0.0,1.0,1.0,wiki_B,autorpa_233k,breakeven,7605401385.0,1.025717,4.2,10.0,1164.6,178.7,0.0,818.8,1110.5,0.009,819.5,190943500.0,always_reactive,0.766053
h=0.1/q0=0.4/p=0.3/r=1/sig=0/cf=1,A_core,0.1,0.4,0.3,1.0,0.0,1.0,1.0,wiki_B,autorpa_233k,breakeven_cap,7509587493.5,1.012795,3.5,7.4,616.3,70.6,0.0,319.3,594.6,0.008,435.9,101564700.0,always_reactive,0.766053
h=0.1/q0=0.4/p=0.3/r=1/sig=0/cf=1,A_core,0.1,0.4,0.3,1.0,0.0,1.0,1.0,wiki_B,autorpa_233k,offline_taxblind,7373315056.0,0.994416,,,,,,,,,,,always_reactive,0.766053
h=0.1/q0=0.4/p=0.3/r=1/sig=0/cf=1,A_core,0.1,0.4,0.3,1.0,0.0,1.0,1.0,wiki_B,autorpa_233k,offline_opt_tax,7373315056.0,0.994416,,,,,,,,,,,always_reactive,0.766053
h=0.1/q0=0.4/p=0.3/r=1/sig=0/cf=1,A_core,0.1,0.4,0.3,1.0,0.0,1.0,1.0,wiki_B,native,always_reactive,7373315056.0,1.087313,0.0,0.0,0.0,0.0,0.0,0.0,0.0,0.005,0.0,0.0,always_compile_evict,1.0
h=0.1/q0=0.4/p=0.3/r=1/sig=0/cf=1,A_core,0.1,0.4,0.3,1.0,0.0,1.0,1.0,wiki_B,native,always_compile_evict,6781065300.4,0.999976,11.0,24.3,10149.8,2137.0,0.0,9645.5,8521.9,0.019,7119.2,103577240.8,always_compile_evict,1.0
h=0.1/q0=0.4/p=0.3/r=1/sig=0/cf=1,A_core,0.1,0.4,0.3,1.0,0.0,1.0,1.0,wiki_B,native,ours_noinflate,6781225935.1,1.0,10.9,24.1,10138.2,2135.7,0.0,9638.9,8513.2,0.019,7111.0,103457939.0,always_compile_evict,1.0
h=0.1/q0=0.4/p=0.3/r=1/sig=0/cf=1,A_core,0.1,0.4,0.3,1.0,0.0,1.0,1.0,wiki_B,native,oracle_tax,7353520769.7,1.084394,18.5,20.8,325.8,74.9,0.0,330.5,264.3,0.006,232.4,3381187.6,always_compile_evict,1.0
h=0.1/q0=0.4/p=0.3/r=1/sig=0/cf=1,A_core,0.1,0.4,0.3,1.0,0.0,1.0,1.0,wiki_B,native,ours_spend_cap,7021029196.4,1.035363,4.6,18.3,7448.5,1360.3,0.0,6159.7,5824.5,0.014,5223.1,75990881.9,always_compile_evict,1.0
h=0.1/q0=0.4/p=0.3/r=1/sig=0/cf=1,A_core,0.1,0.4,0.3,1.0,0.0,1.0,1.0,wiki_B,native,ours_pi_prior,6788674156.1,1.001098,10.3,24.2,9929.6,2099.5,0.0,9479.5,8342.6,0.019,6962.5,101297412.5,always_compile_evict,1.0
h=0.1/q0=0.4/p=0.3/r=1/sig=0/cf=1,A_core,0.1,0.4,0.3,1.0,0.0,1.0,1.0,wiki_B,native,ours_both,7025836293.4,1.036072,4.6,17.7,7288.0,1336.0,0.0,6051.4,5703.2,0.014,5109.7,74341025.3,always_compile_evict,1.0
h=0.1/q0=0.4/p=0.3/r=1/sig=0/cf=1,A_core,0.1,0.4,0.3,1.0,0.0,1.0,1.0,wiki_B,native,breakeven,7349564136.3,1.083811,0.1,7.1,4382.5,256.4,0.0,1173.4,3124.7,0.006,3067.1,44623237.9,always_compile_evict,1.0
h=0.1/q0=0.4/p=0.3/r=1/sig=0/cf=1,A_core,0.1,0.4,0.3,1.0,0.0,1.0,1.0,wiki_B,native,breakeven_cap,7352523942.9,1.084247,0.1,7.1,4334.6,244.2,0.0,1122.1,3087.2,0.006,3034.4,44147485.6,always_compile_evict,1.0
h=0.1/q0=0.4/p=0.3/r=1/sig=0/cf=1,A_core,0.1,0.4,0.3,1.0,0.0,1.0,1.0,wiki_B,native,offline_taxblind,6263195826.51,0.923608,,,,,,,,,,,always_compile_evict,1.0
h=0.1/q0=0.4/p=0.3/r=1/sig=0/cf=1,A_core,0.1,0.4,0.3,1.0,0.0,1.0,1.0,wiki_B,native,offline_opt_tax,6310127631.553,0.930529,,,,,,,,,,,always_compile_evict,1.0
h=0.1/q0=0.4/p=0.3/r=1/sig=0/cf=2.08299,A_core,0.1,0.4,0.3,1.0,0.0,1.0,2.0829936590907905,bpi2019,autorpa_233k,always_reactive,19497801224.0,0.99257,0.0,0.0,0.0,0.0,0.0,0.0,0.0,0.005,0.0,0.0,always_reactive,0.478555
h=0.1/q0=0.4/p=0.3/r=1/sig=0/cf=2.08299,A_core,0.1,0.4,0.3,1.0,0.0,1.0,2.0829936590907905,bpi2019,autorpa_233k,always_compile_evict,40743100153.261,2.074099,64.9,110.0,66813.4,19033.1,0.0,87459.7,66679.7,0.045,46733.0,22681278442.178,always_reactive,0.478555
h=0.1/q0=0.4/p=0.3/r=1/sig=0/cf=2.08299,A_core,0.1,0.4,0.3,1.0,0.0,1.0,2.0829936590907905,bpi2019,autorpa_233k,ours_noinflate,19643760098.907,1.0,1.9,7.5,340.7,62.2,0.0,285.2,327.0,0.007,239.6,116286870.407,always_reactive,0.478555
h=0.1/q0=0.4/p=0.3/r=1/sig=0/cf=2.08299,A_core,0.1,0.4,0.3,1.0,0.0,1.0,2.0829936590907905,bpi2019,autorpa_233k,oracle_tax,19497801224.0,0.99257,0.0,0.0,0.0,0.0,0.0,0.0,0.0,0.005,0.0,0.0,always_reactive,0.478555
h=0.1/q0=0.4/p=0.3/r=1/sig=0/cf=2.08299,A_core,0.1,0.4,0.3,1.0,0.0,1.0,2.0829936590907905,bpi2019,autorpa_233k,ours_spend_cap,19636128405.894,0.999611,1.8,7.4,318.9,57.2,0.0,265.9,306.0,0.007,223.5,108472936.294,always_reactive,0.478555
h=0.1/q0=0.4/p=0.3/r=1/sig=0/cf=2.08299,A_core,0.1,0.4,0.3,1.0,0.0,1.0,2.0829936590907905,bpi2019,autorpa_233k,ours_pi_prior,19737648451.348,1.00478,3.1,9.8,528.5,93.3,0.0,423.2,515.5,0.008,367.7,178458607.048,always_reactive,0.478555
h=0.1/q0=0.4/p=0.3/r=1/sig=0/cf=2.08299,A_core,0.1,0.4,0.3,1.0,0.0,1.0,2.0829936590907905,bpi2019,autorpa_233k,ours_both,19719573005.833,1.003859,3.0,9.2,480.9,83.9,0.0,375.5,468.8,0.008,333.8,162005665.033,always_reactive,0.478555
h=0.1/q0=0.4/p=0.3/r=1/sig=0/cf=2.08299,A_core,0.1,0.4,0.3,1.0,0.0,1.0,2.0829936590907905,bpi2019,autorpa_233k,breakeven,20292002081.66,1.033,2.3,9.5,2059.2,290.7,0.0,1333.0,1962.9,0.008,1447.2,702380462.661,always_reactive,0.478555
h=0.1/q0=0.4/p=0.3/r=1/sig=0/cf=2.08299,A_core,0.1,0.4,0.3,1.0,0.0,1.0,2.0829936590907905,bpi2019,autorpa_233k,breakeven_cap,19796204109.904,1.00776,1.3,6.1,728.5,74.3,0.0,350.6,705.2,0.006,514.2,249560554.105,always_reactive,0.478555
h=0.1/q0=0.4/p=0.3/r=1/sig=0/cf=2.08299,A_core,0.1,0.4,0.3,1.0,0.0,1.0,2.0829936590907905,bpi2019,autorpa_233k,offline_taxblind,19497801224.0,0.99257,,,,,,,,,,,always_reactive,0.478555
h=0.1/q0=0.4/p=0.3/r=1/sig=0/cf=2.08299,A_core,0.1,0.4,0.3,1.0,0.0,1.0,2.0829936590907905,bpi2019,autorpa_233k,offline_opt_tax,19497801224.0,0.99257,,,,,,,,,,,always_reactive,0.478555
h=0.1/q0=0.4/p=0.3/r=1/sig=0/cf=2.08299,A_core,0.1,0.4,0.3,1.0,0.0,1.0,2.0829936590907905,bpi2019,native,always_reactive,19497801224.0,1.441441,0.0,0.0,0.0,0.0,0.0,0.0,0.0,0.005,0.0,0.0,always_compile_evict,1.0
h=0.1/q0=0.4/p=0.3/r=1/sig=0/cf=2.08299,A_core,0.1,0.4,0.3,1.0,0.0,1.0,2.0829936590907905,bpi2019,native,always_compile_evict,13525324150.416,0.999906,4.7,22.7,66813.4,19033.1,0.0,87459.7,63786.4,0.021,46733.0,1416265751.31,always_compile_evict,1.0
h=0.1/q0=0.4/p=0.3/r=1/sig=0/cf=2.08299,A_core,0.1,0.4,0.3,1.0,0.0,1.0,2.0829936590907905,bpi2019,native,ours_noinflate,13526599554.258,1.0,4.6,22.7,66721.8,19018.8,0.0,87401.3,63718.6,0.021,46668.0,1414295895.452,always_compile_evict,1.0
h=0.1/q0=0.4/p=0.3/r=1/sig=0/cf=2.08299,A_core,0.1,0.4,0.3,1.0,0.0,1.0,2.0829936590907905,bpi2019,native,oracle_tax,19415973801.664,1.435392,24.2,28.8,998.4,279.8,0.0,1260.4,825.3,0.005,694.4,21044121.664,always_compile_evict,1.0
h=0.1/q0=0.4/p=0.3/r=1/sig=0/cf=2.08299,A_core,0.1,0.4,0.3,1.0,0.0,1.0,2.0829936590907905,bpi2019,native,ours_spend_cap,19052528124.238,1.408523,0.5,11.5,8898.0,1767.3,0.0,8120.1,6490.1,0.006,6229.3,188781893.836,always_compile_evict,1.0
h=0.1/q0=0.4/p=0.3/r=1/sig=0/cf=2.08299,A_core,0.1,0.4,0.3,1.0,0.0,1.0,2.0829936590907905,bpi2019,native,ours_pi_prior,13729206955.749,1.014978,4.7,22.1,63308.4,18025.2,0.0,82867.3,60376.4,0.02,44280.6,1341944605.043,always_compile_evict,1.0
h=0.1/q0=0.4/p=0.3/r=1/sig=0/cf=2.08299,A_core,0.1,0.4,0.3,1.0,0.0,1.0,2.0829936590907905,bpi2019,native,ours_both,19056778839.718,1.408837,0.5,11.6,8711.7,1740.4,0.0,7999.6,6356.4,0.006,6097.4,184784601.717,always_compile_evict,1.0
h=0.1/q0=0.4/p=0.3/r=1/sig=0/cf=2.08299,A_core,0.1,0.4,0.3,1.0,0.0,1.0,2.0829936590907905,bpi2019,native,breakeven,19475501626.791,1.439793,0.0,6.1,5559.7,438.1,0.0,1973.2,3892.9,0.005,3881.0,117615547.49,always_compile_evict,1.0
h=0.1/q0=0.4/p=0.3/r=1/sig=0/cf=2.08299,A_core,0.1,0.4,0.3,1.0,0.0,1.0,2.0829936590907905,bpi2019,native,breakeven_cap,19487971002.082,1.440715,0.0,5.8,5295.4,380.8,0.0,1710.3,3707.0,0.005,3699.2,112106012.181,always_compile_evict,1.0
h=0.1/q0=0.4/p=0.3/r=1/sig=0/cf=2.08299,A_core,0.1,0.4,0.3,1.0,0.0,1.0,2.0829936590907905,bpi2019,native,offline_taxblind,10755097226.048,0.795107,,,,,,,,,,,always_compile_evict,1.0
h=0.1/q0=0.4/p=0.3/r=1/sig=0/cf=2.08299,A_core,0.1,0.4,0.3,1.0,0.0,1.0,2.0829936590907905,bpi2019,native,offline_opt_tax,10955795863.172,0.809945,,,,,,,,,,,always_compile_evict,1.0
h=0.1/q0=0.4/p=0.3/r=1/sig=0/cf=2.08299,A_core,0.1,0.4,0.3,1.0,0.0,1.0,2.0829936590907905,sepsis,autorpa_233k,always_reactive,77101119.0,0.984308,0.0,0.0,0.0,0.0,0.0,0.0,0.0,0.005,0.0,0.0,always_reactive,0.737964
h=0.1/q0=0.4/p=0.3/r=1/sig=0/cf=2.08299,A_core,0.1,0.4,0.3,1.0,0.0,1.0,2.0829936590907905,sepsis,autorpa_233k,always_compile_evict,104478204.544,1.333817,11.4,12.0,73.6,8.2,0.0,39.8,69.7,0.009,52.9,25674354.944,always_reactive,0.737964
h=0.1/q0=0.4/p=0.3/r=1/sig=0/cf=2.08299,A_core,0.1,0.4,0.3,1.0,0.0,1.0,2.0829936590907905,sepsis,autorpa_233k,ours_noinflate,78330265.259,1.0,0.6,0.9,3.7,0.5,0.0,2.8,3.2,0.005,2.6,1261877.559,always_reactive,0.737964
h=0.1/q0=0.4/p=0.3/r=1/sig=0/cf=2.08299,A_core,0.1,0.4,0.3,1.0,0.0,1.0,2.0829936590907905,sepsis,autorpa_233k,oracle_tax,77101119.0,0.984308,0.0,0.0,0.0,0.0,0.0,0.0,0.0,0.005,0.0,0.0,always_reactive,0.737964
h=0.1/q0=0.4/p=0.3/r=1/sig=0/cf=2.08299,A_core,0.1,0.4,0.3,1.0,0.0,1.0,2.0829936590907905,sepsis,autorpa_233k,ours_spend_cap,78330265.259,1.0,0.6,0.9,3.7,0.5,0.0,2.8,3.2,0.005,2.6,1261877.559,always_reactive,0.737964
h=0.1/q0=0.4/p=0.3/r=1/sig=0/cf=2.08299,A_core,0.1,0.4,0.3,1.0,0.0,1.0,2.0829936590907905,sepsis,autorpa_233k,ours_pi_prior,78051449.597,0.996441,0.2,0.4,2.6,0.3,0.0,2.1,2.1,0.005,2.1,1019208.797,always_reactive,0.737964
h=0.1/q0=0.4/p=0.3/r=1/sig=0/cf=2.08299,A_core,0.1,0.4,0.3,1.0,0.0,1.0,2.0829936590907905,sepsis,autorpa_233k,ours_both,78051449.597,0.996441,0.2,0.4,2.6,0.3,0.0,2.1,2.1,0.005,2.1,1019208.797,always_reactive,0.737964
h=0.1/q0=0.4/p=0.3/r=1/sig=0/cf=2.08299,A_core,0.1,0.4,0.3,1.0,0.0,1.0,2.0829936590907905,sepsis,autorpa_233k,breakeven,80110047.888,1.022722,1.1,1.9,8.3,0.9,0.0,6.0,7.5,0.005,6.1,2960558.888,always_reactive,0.737964
h=0.1/q0=0.4/p=0.3/r=1/sig=0/cf=2.08299,A_core,0.1,0.4,0.3,1.0,0.0,1.0,2.0829936590907905,sepsis,autorpa_233k,breakeven_cap,79232527.999,1.011519,0.6,1.3,5.9,0.7,0.0,4.3,5.3,0.005,4.4,2135485.099,always_reactive,0.737964
h=0.1/q0=0.4/p=0.3/r=1/sig=0/cf=2.08299,A_core,0.1,0.4,0.3,1.0,0.0,1.0,2.0829936590907905,sepsis,autorpa_233k,offline_taxblind,77101119.0,0.984308,,,,,,,,,,,always_reactive,0.737964
h=0.1/q0=0.4/p=0.3/r=1/sig=0/cf=2.08299,A_core,0.1,0.4,0.3,1.0,0.0,1.0,2.0829936590907905,sepsis,autorpa_233k,offline_opt_tax,77101119.0,0.984308,,,,,,,,,,,always_reactive,0.737964
h=0.1/q0=0.4/p=0.3/r=1/sig=0/cf=2.08299,A_core,0.1,0.4,0.3,1.0,0.0,1.0,2.0829936590907905,sepsis,native,always_reactive,77101119.0,1.01736,0.0,0.0,0.0,0.0,0.0,0.0,0.0,0.005,0.0,0.0,ours_pi_prior,0.999964
h=0.1/q0=0.4/p=0.3/r=1/sig=0/cf=2.08299,A_core,0.1,0.4,0.3,1.0,0.0,1.0,2.0829936590907905,sepsis,native,always_compile_evict,75785510.414,1.0,7.9,9.6,73.6,8.2,0.0,39.8,54.6,0.01,52.9,1603159.614,ours_pi_prior,0.999964
h=0.1/q0=0.4/p=0.3/r=1/sig=0/cf=2.08299,A_core,0.1,0.4,0.3,1.0,0.0,1.0,2.0829936590907905,sepsis,native,ours_noinflate,75785510.414,1.0,7.9,9.6,73.6,8.2,0.0,39.8,54.6,0.01,52.9,1603159.614,ours_pi_prior,0.999964
h=0.1/q0=0.4/p=0.3/r=1/sig=0/cf=2.08299,A_core,0.1,0.4,0.3,1.0,0.0,1.0,2.0829936590907905,sepsis,native,oracle_tax,75381255.751,0.994666,6.0,7.2,47.0,7.4,0.0,35.4,34.3,0.009,33.6,1018263.951,ours_pi_prior,0.999964
h=0.1/q0=0.4/p=0.3/r=1/sig=0/cf=2.08299,A_core,0.1,0.4,0.3,1.0,0.0,1.0,2.0829936590907905,sepsis,native,ours_spend_cap,75811608.912,1.000344,7.6,9.4,71.0,7.8,0.0,38.4,52.7,0.01,51.0,1545579.212,ours_pi_prior,0.999964
h=0.1/q0=0.4/p=0.3/r=1/sig=0/cf=2.08299,A_core,0.1,0.4,0.3,1.0,0.0,1.0,2.0829936590907905,sepsis,native,ours_pi_prior,75782808.919,0.999964,7.7,9.3,73.1,8.1,0.0,39.3,54.2,0.01,52.7,1597098.519,ours_pi_prior,0.999964
h=0.1/q0=0.4/p=0.3/r=1/sig=0/cf=2.08299,A_core,0.1,0.4,0.3,1.0,0.0,1.0,2.0829936590907905,sepsis,native,ours_both,75808907.417,1.000309,7.4,9.0,70.5,7.7,0.0,37.9,52.3,0.01,50.8,1539518.117,ours_pi_prior,0.999964
h=0.1/q0=0.4/p=0.3/r=1/sig=0/cf=2.08299,A_core,0.1,0.4,0.3,1.0,0.0,1.0,2.0829936590907905,sepsis,native,breakeven,77069012.143,1.016936,4.7,6.7,63.0,4.5,0.0,19.2,46.8,0.008,45.8,1387990.743,ours_pi_prior,0.999964
h=0.1/q0=0.4/p=0.3/r=1/sig=0/cf=2.08299,A_core,0.1,0.4,0.3,1.0,0.0,1.0,2.0829936590907905,sepsis,native,breakeven_cap,77083773.064,1.017131,4.6,6.7,61.7,4.2,0.0,18.3,46.0,0.008,45.0,1363746.364,ours_pi_prior,0.999964
h=0.1/q0=0.4/p=0.3/r=1/sig=0/cf=2.08299,A_core,0.1,0.4,0.3,1.0,0.0,1.0,2.0829936590907905,sepsis,native,offline_taxblind,70101262.956,0.924996,,,,,,,,,,,ours_pi_prior,0.999964
h=0.1/q0=0.4/p=0.3/r=1/sig=0/cf=2.08299,A_core,0.1,0.4,0.3,1.0,0.0,1.0,2.0829936590907905,sepsis,native,offline_opt_tax,71344569.758,0.941401,,,,,,,,,,,ours_pi_prior,0.999964
h=0.1/q0=0.4/p=0.3/r=1/sig=0/cf=2.08299,A_core,0.1,0.4,0.3,1.0,0.0,1.0,2.0829936590907905,wiki_A,autorpa_233k,always_reactive,5261420180.0,0.996651,0.0,0.0,0.0,0.0,0.0,0.0,0.0,0.005,0.0,0.0,always_reactive,0.510107
h=0.1/q0=0.4/p=0.3/r=1/sig=0/cf=2.08299,A_core,0.1,0.4,0.3,1.0,0.0,1.0,2.0829936590907905,wiki_A,autorpa_233k,always_compile_evict,10314345606.368,1.953807,22.2,53.2,17364.1,5043.7,0.0,23192.4,17032.6,0.013,12141.9,5892919665.27,always_reactive,0.510107
h=0.1/q0=0.4/p=0.3/r=1/sig=0/cf=2.08299,A_core,0.1,0.4,0.3,1.0,0.0,1.0,2.0829936590907905,wiki_A,autorpa_233k,ours_noinflate,5279100809.025,1.0,0.4,2.3,65.8,15.8,0.0,80.8,55.5,0.005,45.4,22034323.525,always_reactive,0.510107
h=0.1/q0=0.4/p=0.3/r=1/sig=0/cf=2.08299,A_core,0.1,0.4,0.3,1.0,0.0,1.0,2.0829936590907905,wiki_A,autorpa_233k,oracle_tax,5261420180.0,0.996651,0.0,0.0,0.0,0.0,0.0,0.0,0.0,0.005,0.0,0.0,always_reactive,0.510107
h=0.1/q0=0.4/p=0.3/r=1/sig=0/cf=2.08299,A_core,0.1,0.4,0.3,1.0,0.0,1.0,2.0829936590907905,wiki_A,autorpa_233k,ours_spend_cap,5276841336.632,0.999572,0.4,2.3,57.4,13.9,0.0,68.2,47.5,0.005,39.1,18976697.132,always_reactive,0.510107
h=0.1/q0=0.4/p=0.3/r=1/sig=0/cf=2.08299,A_core,0.1,0.4,0.3,1.0,0.0,1.0,2.0829936590907905,wiki_A,autorpa_233k,ours_pi_prior,5291246214.974,1.002301,0.9,3.9,89.4,18.8,0.0,90.6,80.0,0.005,63.1,30624797.674,always_reactive,0.510107
h=0.1/q0=0.4/p=0.3/r=1/sig=0/cf=2.08299,A_core,0.1,0.4,0.3,1.0,0.0,1.0,2.0829936590907905,wiki_A,autorpa_233k,ours_both,5288274818.05,1.001738,0.9,3.8,78.7,16.2,0.0,76.0,70.4,0.005,55.4,26887698.75,always_reactive,0.510107
h=0.1/q0=0.4/p=0.3/r=1/sig=0/cf=2.08299,A_core,0.1,0.4,0.3,1.0,0.0,1.0,2.0829936590907905,wiki_A,autorpa_233k,breakeven,6213301202.093,1.176962,0.4,7.5,3166.2,895.4,0.0,4103.3,2930.0,0.005,2215.2,1075119679.993,always_reactive,0.510107
h=0.1/q0=0.4/p=0.3/r=1/sig=0/cf=2.08299,A_core,0.1,0.4,0.3,1.0,0.0,1.0,2.0829936590907905,wiki_A,autorpa_233k,breakeven_cap,5316438709.062,1.007073,0.0,4.3,160.0,28.3,0.0,135.5,143.7,0.005,111.3,54018066.262,always_reactive,0.510107
h=0.1/q0=0.4/p=0.3/r=1/sig=0/cf=2.08299,A_core,0.1,0.4,0.3,1.0,0.0,1.0,2.0829936590907905,wiki_A,autorpa_233k,offline_taxblind,5261420180.0,0.996651,,,,,,,,,,,always_reactive,0.510107
h=0.1/q0=0.4/p=0.3/r=1/sig=0/cf=2.08299,A_core,0.1,0.4,0.3,1.0,0.0,1.0,2.0829936590907905,wiki_A,autorpa_233k,offline_opt_tax,5261420180.0,0.996651,,,,,,,,,,,always_reactive,0.510107
h=0.1/q0=0.4/p=0.3/r=1/sig=0/cf=2.08299,A_core,0.1,0.4,0.3,1.0,0.0,1.0,2.0829936590907905,wiki_A,native,always_reactive,5261420180.0,1.477635,0.0,0.0,0.0,0.0,0.0,0.0,0.0,0.005,0.0,0.0,always_compile_evict,1.0
h=0.1/q0=0.4/p=0.3/r=1/sig=0/cf=2.08299,A_core,0.1,0.4,0.3,1.0,0.0,1.0,2.0829936590907905,wiki_A,native,always_compile_evict,3560574437.921,0.999964,2.9,17.3,17364.1,5043.7,0.0,23192.4,16407.3,0.014,12141.9,367966043.82,always_compile_evict,1.0
h=0.1/q0=0.4/p=0.3/r=1/sig=0/cf=2.08299,A_core,0.1,0.4,0.3,1.0,0.0,1.0,2.0829936590907905,wiki_A,native,ours_noinflate,3560703853.305,1.0,2.9,17.4,17357.0,5042.5,0.0,23187.5,16401.9,0.014,12136.6,367805424.804,always_compile_evict,1.0
h=0.1/q0=0.4/p=0.3/r=1/sig=0/cf=2.08299,A_core,0.1,0.4,0.3,1.0,0.0,1.0,2.0829936590907905,wiki_A,native,oracle_tax,5143301423.693,1.444462,4.7,6.2,1089.5,318.3,0.0,1442.9,917.2,0.005,766.5,23229146.393,always_compile_evict,1.0
h=0.1/q0=0.4/p=0.3/r=1/sig=0/cf=2.08299,A_core,0.1,0.4,0.3,1.0,0.0,1.0,2.0829936590907905,wiki_A,native,ours_spend_cap,5156609511.834,1.448199,0.0,11.5,1744.1,383.3,0.0,1724.1,1277.7,0.006,1216.3,36860548.934,always_compile_evict,1.0
h=0.1/q0=0.4/p=0.3/r=1/sig=0/cf=2.08299,A_core,0.1,0.4,0.3,1.0,0.0,1.0,2.0829936590907905,wiki_A,native,ours_pi_prior,3578878505.259,1.005104,2.8,16.8,17132.8,4978.6,0.0,22900.6,16205.8,0.013,11980.0,363059587.458,always_compile_evict,1.0
h=0.1/q0=0.4/p=0.3/r=1/sig=0/cf=2.08299,A_core,0.1,0.4,0.3,1.0,0.0,1.0,2.0829936590907905,wiki_A,native,ours_both,5157724369.316,1.448513,0.0,11.6,1718.6,377.7,0.0,1696.2,1261.0,0.006,1199.2,36342325.316,always_compile_evict,1.0
h=0.1/q0=0.4/p=0.3/r=1/sig=0/cf=2.08299,A_core,0.1,0.4,0.3,1.0,0.0,1.0,2.0829936590907905,wiki_A,native,breakeven,4837442390.314,1.358564,0.0,6.0,5544.3,1451.3,0.0,6635.1,4858.6,0.006,3884.0,117706463.914,always_compile_evict,1.0
h=0.1/q0=0.4/p=0.3/r=1/sig=0/cf=2.08299,A_core,0.1,0.4,0.3,1.0,0.0,1.0,2.0829936590907905,wiki_A,native,breakeven_cap,5219251045.424,1.465792,0.0,5.8,1228.5,179.3,0.0,801.6,866.1,0.005,860.3,26071799.924,always_compile_evict,1.0
h=0.1/q0=0.4/p=0.3/r=1/sig=0/cf=2.08299,A_core,0.1,0.4,0.3,1.0,0.0,1.0,2.0829936590907905,wiki_A,native,offline_taxblind,2862830216.628,0.804007,,,,,,,,,,,always_compile_evict,1.0
h=0.1/q0=0.4/p=0.3/r=1/sig=0/cf=2.08299,A_core,0.1,0.4,0.3,1.0,0.0,1.0,2.0829936590907905,wiki_A,native,offline_opt_tax,2884256842.064,0.810024,,,,,,,,,,,always_compile_evict,1.0
h=0.1/q0=0.4/p=0.3/r=1/sig=0/cf=2.08299,A_core,0.1,0.4,0.3,1.0,0.0,1.0,2.0829936590907905,wiki_B,autorpa_233k,always_reactive,7373315056.0,0.989996,0.0,0.0,0.0,0.0,0.0,0.0,0.0,0.005,0.0,0.0,always_reactive,0.645564
h=0.1/q0=0.4/p=0.3/r=1/sig=0/cf=2.08299,A_core,0.1,0.4,0.3,1.0,0.0,1.0,2.0829936590907905,wiki_B,autorpa_233k,always_compile_evict,11421511932.466,1.533536,104.6,118.5,10149.8,2137.0,0.0,9645.5,10042.3,0.066,7119.2,3455214890.667,always_reactive,0.645564
h=0.1/q0=0.4/p=0.3/r=1/sig=0/cf=2.08299,A_core,0.1,0.4,0.3,1.0,0.0,1.0,2.0829936590907905,wiki_B,autorpa_233k,ours_noinflate,7447826527.661,1.0,3.2,7.4,193.2,36.5,0.0,184.7,185.2,0.007,131.2,63676282.961,always_reactive,0.645564
h=0.1/q0=0.4/p=0.3/r=1/sig=0/cf=2.08299,A_core,0.1,0.4,0.3,1.0,0.0,1.0,2.0829936590907905,wiki_B,autorpa_233k,oracle_tax,7373315056.0,0.989996,0.0,0.0,0.0,0.0,0.0,0.0,0.0,0.005,0.0,0.0,always_reactive,0.645564
h=0.1/q0=0.4/p=0.3/r=1/sig=0/cf=2.08299,A_core,0.1,0.4,0.3,1.0,0.0,1.0,2.0829936590907905,wiki_B,autorpa_233k,ours_spend_cap,7440969649.602,0.999079,3.0,7.0,173.4,31.0,0.0,164.7,165.8,0.007,117.5,57027158.902,always_reactive,0.645564
h=0.1/q0=0.4/p=0.3/r=1/sig=0/cf=2.08299,A_core,0.1,0.4,0.3,1.0,0.0,1.0,2.0829936590907905,wiki_B,autorpa_233k,ours_pi_prior,7505044838.171,1.007683,3.5,9.9,300.2,45.3,0.0,229.4,292.1,0.009,211.4,102600352.271,always_reactive,0.645564
h=0.1/q0=0.4/p=0.3/r=1/sig=0/cf=2.08299,A_core,0.1,0.4,0.3,1.0,0.0,1.0,2.0829936590907905,wiki_B,autorpa_233k,ours_both,7497233329.58,1.006634,3.4,9.8,279.5,40.0,0.0,210.2,272.1,0.009,196.3,95271755.68,always_reactive,0.645564
h=0.1/q0=0.4/p=0.3/r=1/sig=0/cf=2.08299,A_core,0.1,0.4,0.3,1.0,0.0,1.0,2.0829936590907905,wiki_B,autorpa_233k,breakeven,7812191984.744,1.048922,4.2,10.0,1164.6,178.7,0.0,818.8,1110.5,0.009,819.5,397734099.745,always_reactive,0.645564
h=0.1/q0=0.4/p=0.3/r=1/sig=0/cf=2.08299,A_core,0.1,0.4,0.3,1.0,0.0,1.0,2.0829936590907905,wiki_B,autorpa_233k,breakeven_cap,7552754221.963,1.014088,2.4,6.3,448.0,47.5,0.0,218.2,433.1,0.007,317.4,154046129.663,always_reactive,0.645564
h=0.1/q0=0.4/p=0.3/r=1/sig=0/cf=2.08299,A_core,0.1,0.4,0.3,1.0,0.0,1.0,2.0829936590907905,wiki_B,autorpa_233k,offline_taxblind,7373315056.0,0.989996,,,,,,,,,,,always_reactive,0.645564
h=0.1/q0=0.4/p=0.3/r=1/sig=0/cf=2.08299,A_core,0.1,0.4,0.3,1.0,0.0,1.0,2.0829936590907905,wiki_B,autorpa_233k,offline_opt_tax,7373315056.0,0.989996,,,,,,,,,,,always_reactive,0.645564
h=0.1/q0=0.4/p=0.3/r=1/sig=0/cf=2.08299,A_core,0.1,0.4,0.3,1.0,0.0,1.0,2.0829936590907905,wiki_B,native,always_reactive,7373315056.0,1.06964,0.0,0.0,0.0,0.0,0.0,0.0,0.0,0.005,0.0,0.0,always_compile_evict,1.0
h=0.1/q0=0.4/p=0.3/r=1/sig=0/cf=2.08299,A_core,0.1,0.4,0.3,1.0,0.0,1.0,2.0829936590907905,wiki_B,native,always_compile_evict,6893238795.412,0.999995,11.0,24.3,10149.8,2137.0,0.0,9645.5,8521.9,0.019,7119.2,215750735.813,always_compile_evict,1.0
h=0.1/q0=0.4/p=0.3/r=1/sig=0/cf=2.08299,A_core,0.1,0.4,0.3,1.0,0.0,1.0,2.0829936590907905,wiki_B,native,ours_noinflate,6893270227.019,1.0,10.9,24.1,10138.2,2135.7,0.0,9638.9,8513.2,0.019,7111.0,215502230.92,always_compile_evict,1.0
h=0.1/q0=0.4/p=0.3/r=1/sig=0/cf=2.08299,A_core,0.1,0.4,0.3,1.0,0.0,1.0,2.0829936590907905,wiki_B,native,oracle_tax,7357182574.431,1.067299,18.5,20.8,325.8,74.9,0.0,330.5,264.3,0.006,232.4,7042992.331,always_compile_evict,1.0
h=0.1/q0=0.4/p=0.3/r=1/sig=0/cf=2.08299,A_core,0.1,0.4,0.3,1.0,0.0,1.0,2.0829936590907905,wiki_B,native,ours_spend_cap,7169237023.452,1.040034,3.5,16.3,6359.1,1070.1,0.0,4852.7,4796.2,0.012,4460.6,135180600.653,always_compile_evict,1.0
h=0.1/q0=0.4/p=0.3/r=1/sig=0/cf=2.08299,A_core,0.1,0.4,0.3,1.0,0.0,1.0,2.0829936590907905,wiki_B,native,ours_pi_prior,6898378611.519,1.000741,10.3,24.2,9929.6,2099.5,0.0,9479.5,8342.6,0.018,6962.5,211001867.92,always_compile_evict,1.0
h=0.1/q0=0.4/p=0.3/r=1/sig=0/cf=2.08299,A_core,0.1,0.4,0.3,1.0,0.0,1.0,2.0829936590907905,wiki_B,native,ours_both,7170374027.945,1.040199,3.4,16.0,6232.7,1055.0,0.0,4785.4,4702.3,0.012,4369.8,132428863.546,always_compile_evict,1.0
h=0.1/q0=0.4/p=0.3/r=1/sig=0/cf=2.08299,A_core,0.1,0.4,0.3,1.0,0.0,1.0,2.0829936590907905,wiki_B,native,breakeven,7397890819.994,1.073205,0.1,7.1,4382.5,256.4,0.0,1173.4,3124.7,0.006,3067.1,92949921.594,always_compile_evict,1.0
h=0.1/q0=0.4/p=0.3/r=1/sig=0/cf=2.08299,A_core,0.1,0.4,0.3,1.0,0.0,1.0,2.0829936590907905,wiki_B,native,breakeven_cap,7403262440.361,1.073984,0.1,7.1,4236.7,226.3,0.0,1044.4,3015.1,0.006,2967.4,89928465.762,always_compile_evict,1.0
h=0.1/q0=0.4/p=0.3/r=1/sig=0/cf=2.08299,A_core,0.1,0.4,0.3,1.0,0.0,1.0,2.0829936590907905,wiki_B,native,offline_taxblind,6263195826.51,0.908596,,,,,,,,,,,always_compile_evict,1.0
h=0.1/q0=0.4/p=0.3/r=1/sig=0/cf=2.08299,A_core,0.1,0.4,0.3,1.0,0.0,1.0,2.0829936590907905,wiki_B,native,offline_opt_tax,6310127631.553,0.915404,,,,,,,,,,,always_compile_evict,1.0
h=0.1/q0=0.4/p=0.3/r=2.2/sig=0/cf=1,C_rfb,0.1,0.4,0.3,2.2,0.0,1.0,1.0,bpi2019,autorpa_233k,always_reactive,19497801224.0,1.0,0.0,0.0,0.0,0.0,0.0,0.0,0.0,0.005,0.0,0.0,always_reactive,0.525962
h=0.1/q0=0.4/p=0.3/r=2.2/sig=0/cf=1,C_rfb,0.1,0.4,0.3,2.2,0.0,1.0,1.0,bpi2019,autorpa_233k,always_compile_evict,37070754560.535,1.901279,64.9,110.0,66813.4,19033.1,0.0,87459.7,66813.4,0.05,46733.0,10888789000.0,always_reactive,0.525962
h=0.1/q0=0.4/p=0.3/r=2.2/sig=0/cf=1,C_rfb,0.1,0.4,0.3,2.2,0.0,1.0,1.0,bpi2019,autorpa_233k,ours_noinflate,19497801224.0,1.0,0.0,0.0,0.0,0.0,0.0,0.0,0.0,0.005,0.0,0.0,always_reactive,0.525962
h=0.1/q0=0.4/p=0.3/r=2.2/sig=0/cf=1,C_rfb,0.1,0.4,0.3,2.2,0.0,1.0,1.0,bpi2019,autorpa_233k,oracle_tax,19497801224.0,1.0,0.0,0.0,0.0,0.0,0.0,0.0,0.0,0.005,0.0,0.0,always_reactive,0.525962
h=0.1/q0=0.4/p=0.3/r=2.2/sig=0/cf=1,C_rfb,0.1,0.4,0.3,2.2,0.0,1.0,1.0,bpi2019,autorpa_233k,ours_spend_cap,19497801224.0,1.0,0.0,0.0,0.0,0.0,0.0,0.0,0.0,0.005,0.0,0.0,always_reactive,0.525962
h=0.1/q0=0.4/p=0.3/r=2.2/sig=0/cf=1,C_rfb,0.1,0.4,0.3,2.2,0.0,1.0,1.0,bpi2019,autorpa_233k,ours_pi_prior,19497801224.0,1.0,0.0,0.0,0.0,0.0,0.0,0.0,0.0,0.005,0.0,0.0,always_reactive,0.525962
h=0.1/q0=0.4/p=0.3/r=2.2/sig=0/cf=1,C_rfb,0.1,0.4,0.3,2.2,0.0,1.0,1.0,bpi2019,autorpa_233k,ours_both,19497801224.0,1.0,0.0,0.0,0.0,0.0,0.0,0.0,0.0,0.005,0.0,0.0,always_reactive,0.525962
h=0.1/q0=0.4/p=0.3/r=2.2/sig=0/cf=1,C_rfb,0.1,0.4,0.3,2.2,0.0,1.0,1.0,bpi2019,autorpa_233k,breakeven,19497801224.0,1.0,0.0,0.0,0.0,0.0,0.0,0.0,0.0,0.005,0.0,0.0,always_reactive,0.525962
h=0.1/q0=0.4/p=0.3/r=2.2/sig=0/cf=1,C_rfb,0.1,0.4,0.3,2.2,0.0,1.0,1.0,bpi2019,autorpa_233k,breakeven_cap,19497801224.0,1.0,0.0,0.0,0.0,0.0,0.0,0.0,0.0,0.005,0.0,0.0,always_reactive,0.525962
h=0.1/q0=0.4/p=0.3/r=2.2/sig=0/cf=1,C_rfb,0.1,0.4,0.3,2.2,0.0,1.0,1.0,bpi2019,autorpa_233k,offline_taxblind,19497801224.0,1.0,,,,,,,,,,,always_reactive,0.525962
h=0.1/q0=0.4/p=0.3/r=2.2/sig=0/cf=1,C_rfb,0.1,0.4,0.3,2.2,0.0,1.0,1.0,bpi2019,autorpa_233k,offline_opt_tax,19497801224.0,1.0,,,,,,,,,,,always_reactive,0.525962
h=0.1/q0=0.4/p=0.3/r=2.2/sig=0/cf=1,C_rfb,0.1,0.4,0.3,2.2,0.0,1.0,1.0,bpi2019,native,always_reactive,19497801224.0,1.0,0.0,0.0,0.0,0.0,0.0,0.0,0.0,0.005,0.0,0.0,always_reactive,0.932502
h=0.1/q0=0.4/p=0.3/r=2.2/sig=0/cf=1,C_rfb,0.1,0.4,0.3,2.2,0.0,1.0,1.0,bpi2019,native,always_compile_evict,20909120665.553,1.072384,4.7,22.7,66813.4,19033.1,0.0,87459.7,66813.4,0.014,46733.0,679918417.0,always_reactive,0.932502
h=0.1/q0=0.4/p=0.3/r=2.2/sig=0/cf=1,C_rfb,0.1,0.4,0.3,2.2,0.0,1.0,1.0,bpi2019,native,ours_noinflate,19497801224.0,1.0,0.0,0.0,0.0,0.0,0.0,0.0,0.0,0.005,0.0,0.0,always_reactive,0.932502
h=0.1/q0=0.4/p=0.3/r=2.2/sig=0/cf=1,C_rfb,0.1,0.4,0.3,2.2,0.0,1.0,1.0,bpi2019,native,oracle_tax,19497801224.0,1.0,0.0,0.0,0.0,0.0,0.0,0.0,0.0,0.005,0.0,0.0,always_reactive,0.932502
h=0.1/q0=0.4/p=0.3/r=2.2/sig=0/cf=1,C_rfb,0.1,0.4,0.3,2.2,0.0,1.0,1.0,bpi2019,native,ours_spend_cap,19497801224.0,1.0,0.0,0.0,0.0,0.0,0.0,0.0,0.0,0.005,0.0,0.0,always_reactive,0.932502
h=0.1/q0=0.4/p=0.3/r=2.2/sig=0/cf=1,C_rfb,0.1,0.4,0.3,2.2,0.0,1.0,1.0,bpi2019,native,ours_pi_prior,19497801224.0,1.0,0.0,0.0,0.0,0.0,0.0,0.0,0.0,0.005,0.0,0.0,always_reactive,0.932502
h=0.1/q0=0.4/p=0.3/r=2.2/sig=0/cf=1,C_rfb,0.1,0.4,0.3,2.2,0.0,1.0,1.0,bpi2019,native,ours_both,19497801224.0,1.0,0.0,0.0,0.0,0.0,0.0,0.0,0.0,0.005,0.0,0.0,always_reactive,0.932502
h=0.1/q0=0.4/p=0.3/r=2.2/sig=0/cf=1,C_rfb,0.1,0.4,0.3,2.2,0.0,1.0,1.0,bpi2019,native,breakeven,19497801224.0,1.0,0.0,0.0,0.0,0.0,0.0,0.0,0.0,0.005,0.0,0.0,always_reactive,0.932502
h=0.1/q0=0.4/p=0.3/r=2.2/sig=0/cf=1,C_rfb,0.1,0.4,0.3,2.2,0.0,1.0,1.0,bpi2019,native,breakeven_cap,19497801224.0,1.0,0.0,0.0,0.0,0.0,0.0,0.0,0.0,0.005,0.0,0.0,always_reactive,0.932502
h=0.1/q0=0.4/p=0.3/r=2.2/sig=0/cf=1,C_rfb,0.1,0.4,0.3,2.2,0.0,1.0,1.0,bpi2019,native,offline_taxblind,19497801224.0,1.0,,,,,,,,,,,always_reactive,0.932502
h=0.1/q0=0.4/p=0.3/r=2.2/sig=0/cf=1,C_rfb,0.1,0.4,0.3,2.2,0.0,1.0,1.0,bpi2019,native,offline_opt_tax,19497801224.0,1.0,,,,,,,,,,,always_reactive,0.932502
h=0.1/q0=0.4/p=0.3/r=2.2/sig=0/cf=1,C_rfb,0.1,0.4,0.3,2.2,0.0,1.0,1.0,sepsis,autorpa_233k,always_reactive,77101119.0,1.0,0.0,0.0,0.0,0.0,0.0,0.0,0.0,0.005,0.0,0.0,always_reactive,0.814114
h=0.1/q0=0.4/p=0.3/r=2.2/sig=0/cf=1,C_rfb,0.1,0.4,0.3,2.2,0.0,1.0,1.0,sepsis,autorpa_233k,always_compile_evict,94705594.36,1.22833,11.4,12.0,73.6,8.2,0.0,39.8,73.6,0.009,52.9,12325700.0,always_reactive,0.814114
h=0.1/q0=0.4/p=0.3/r=2.2/sig=0/cf=1,C_rfb,0.1,0.4,0.3,2.2,0.0,1.0,1.0,sepsis,autorpa_233k,ours_noinflate,77101119.0,1.0,0.0,0.0,0.0,0.0,0.0,0.0,0.0,0.005,0.0,0.0,always_reactive,0.814114
h=0.1/q0=0.4/p=0.3/r=2.2/sig=0/cf=1,C_rfb,0.1,0.4,0.3,2.2,0.0,1.0,1.0,sepsis,autorpa_233k,oracle_tax,77101119.0,1.0,0.0,0.0,0.0,0.0,0.0,0.0,0.0,0.005,0.0,0.0,always_reactive,0.814114
h=0.1/q0=0.4/p=0.3/r=2.2/sig=0/cf=1,C_rfb,0.1,0.4,0.3,2.2,0.0,1.0,1.0,sepsis,autorpa_233k,ours_spend_cap,77101119.0,1.0,0.0,0.0,0.0,0.0,0.0,0.0,0.0,0.005,0.0,0.0,always_reactive,0.814114
h=0.1/q0=0.4/p=0.3/r=2.2/sig=0/cf=1,C_rfb,0.1,0.4,0.3,2.2,0.0,1.0,1.0,sepsis,autorpa_233k,ours_pi_prior,77101119.0,1.0,0.0,0.0,0.0,0.0,0.0,0.0,0.0,0.005,0.0,0.0,always_reactive,0.814114
h=0.1/q0=0.4/p=0.3/r=2.2/sig=0/cf=1,C_rfb,0.1,0.4,0.3,2.2,0.0,1.0,1.0,sepsis,autorpa_233k,ours_both,77101119.0,1.0,0.0,0.0,0.0,0.0,0.0,0.0,0.0,0.005,0.0,0.0,always_reactive,0.814114
h=0.1/q0=0.4/p=0.3/r=2.2/sig=0/cf=1,C_rfb,0.1,0.4,0.3,2.2,0.0,1.0,1.0,sepsis,autorpa_233k,breakeven,77101119.0,1.0,0.0,0.0,0.0,0.0,0.0,0.0,0.0,0.005,0.0,0.0,always_reactive,0.814114
h=0.1/q0=0.4/p=0.3/r=2.2/sig=0/cf=1,C_rfb,0.1,0.4,0.3,2.2,0.0,1.0,1.0,sepsis,autorpa_233k,breakeven_cap,77101119.0,1.0,0.0,0.0,0.0,0.0,0.0,0.0,0.0,0.005,0.0,0.0,always_reactive,0.814114
h=0.1/q0=0.4/p=0.3/r=2.2/sig=0/cf=1,C_rfb,0.1,0.4,0.3,2.2,0.0,1.0,1.0,sepsis,autorpa_233k,offline_taxblind,77101119.0,1.0,,,,,,,,,,,always_reactive,0.814114
h=0.1/q0=0.4/p=0.3/r=2.2/sig=0/cf=1,C_rfb,0.1,0.4,0.3,2.2,0.0,1.0,1.0,sepsis,autorpa_233k,offline_opt_tax,77101119.0,1.0,,,,,,,,,,,always_reactive,0.814114
h=0.1/q0=0.4/p=0.3/r=2.2/sig=0/cf=1,C_rfb,0.1,0.4,0.3,2.2,0.0,1.0,1.0,sepsis,native,always_reactive,77101119.0,1.0,0.0,0.0,0.0,0.0,0.0,0.0,0.0,0.005,0.0,0.0,always_reactive,0.981829
h=0.1/q0=0.4/p=0.3/r=2.2/sig=0/cf=1,C_rfb,0.1,0.4,0.3,2.2,0.0,1.0,1.0,sepsis,native,always_compile_evict,78528037.66,1.018507,7.9,9.6,73.6,8.2,0.0,39.8,73.6,0.01,52.9,769642.1,always_reactive,0.981829
h=0.1/q0=0.4/p=0.3/r=2.2/sig=0/cf=1,C_rfb,0.1,0.4,0.3,2.2,0.0,1.0,1.0,sepsis,native,ours_noinflate,77101119.0,1.0,0.0,0.0,0.0,0.0,0.0,0.0,0.0,0.005,0.0,0.0,always_reactive,0.981829
h=0.1/q0=0.4/p=0.3/r=2.2/sig=0/cf=1,C_rfb,0.1,0.4,0.3,2.2,0.0,1.0,1.0,sepsis,native,oracle_tax,77101119.0,1.0,0.0,0.0,0.0,0.0,0.0,0.0,0.0,0.005,0.0,0.0,always_reactive,0.981829
h=0.1/q0=0.4/p=0.3/r=2.2/sig=0/cf=1,C_rfb,0.1,0.4,0.3,2.2,0.0,1.0,1.0,sepsis,native,ours_spend_cap,77101119.0,1.0,0.0,0.0,0.0,0.0,0.0,0.0,0.0,0.005,0.0,0.0,always_reactive,0.981829
h=0.1/q0=0.4/p=0.3/r=2.2/sig=0/cf=1,C_rfb,0.1,0.4,0.3,2.2,0.0,1.0,1.0,sepsis,native,ours_pi_prior,77101119.0,1.0,0.0,0.0,0.0,0.0,0.0,0.0,0.0,0.005,0.0,0.0,always_reactive,0.981829
h=0.1/q0=0.4/p=0.3/r=2.2/sig=0/cf=1,C_rfb,0.1,0.4,0.3,2.2,0.0,1.0,1.0,sepsis,native,ours_both,77101119.0,1.0,0.0,0.0,0.0,0.0,0.0,0.0,0.0,0.005,0.0,0.0,always_reactive,0.981829
h=0.1/q0=0.4/p=0.3/r=2.2/sig=0/cf=1,C_rfb,0.1,0.4,0.3,2.2,0.0,1.0,1.0,sepsis,native,breakeven,77101119.0,1.0,0.0,0.0,0.0,0.0,0.0,0.0,0.0,0.005,0.0,0.0,always_reactive,0.981829
h=0.1/q0=0.4/p=0.3/r=2.2/sig=0/cf=1,C_rfb,0.1,0.4,0.3,2.2,0.0,1.0,1.0,sepsis,native,breakeven_cap,77101119.0,1.0,0.0,0.0,0.0,0.0,0.0,0.0,0.0,0.005,0.0,0.0,always_reactive,0.981829
h=0.1/q0=0.4/p=0.3/r=2.2/sig=0/cf=1,C_rfb,0.1,0.4,0.3,2.2,0.0,1.0,1.0,sepsis,native,offline_taxblind,77101119.0,1.0,,,,,,,,,,,always_reactive,0.981829
h=0.1/q0=0.4/p=0.3/r=2.2/sig=0/cf=1,C_rfb,0.1,0.4,0.3,2.2,0.0,1.0,1.0,sepsis,native,offline_opt_tax,77101119.0,1.0,,,,,,,,,,,always_reactive,0.981829
h=0.1/q0=0.4/p=0.3/r=2.2/sig=0/cf=1,C_rfb,0.1,0.4,0.3,2.2,0.0,1.0,1.0,wiki_A,autorpa_233k,always_reactive,5261420180.0,1.0,0.0,0.0,0.0,0.0,0.0,0.0,0.0,0.005,0.0,0.0,always_reactive,0.554855
h=0.1/q0=0.4/p=0.3/r=2.2/sig=0/cf=1,C_rfb,0.1,0.4,0.3,2.2,0.0,1.0,1.0,wiki_A,autorpa_233k,always_compile_evict,9482508168.221,1.802272,22.2,53.2,17364.1,5043.7,0.0,23192.4,17364.1,0.014,12141.9,2829062700.0,always_reactive,0.554855
h=0.1/q0=0.4/p=0.3/r=2.2/sig=0/cf=1,C_rfb,0.1,0.4,0.3,2.2,0.0,1.0,1.0,wiki_A,autorpa_233k,ours_noinflate,5261420180.0,1.0,0.0,0.0,0.0,0.0,0.0,0.0,0.0,0.005,0.0,0.0,always_reactive,0.554855
h=0.1/q0=0.4/p=0.3/r=2.2/sig=0/cf=1,C_rfb,0.1,0.4,0.3,2.2,0.0,1.0,1.0,wiki_A,autorpa_233k,oracle_tax,5261420180.0,1.0,0.0,0.0,0.0,0.0,0.0,0.0,0.0,0.005,0.0,0.0,always_reactive,0.554855
h=0.1/q0=0.4/p=0.3/r=2.2/sig=0/cf=1,C_rfb,0.1,0.4,0.3,2.2,0.0,1.0,1.0,wiki_A,autorpa_233k,ours_spend_cap,5261420180.0,1.0,0.0,0.0,0.0,0.0,0.0,0.0,0.0,0.005,0.0,0.0,always_reactive,0.554855
h=0.1/q0=0.4/p=0.3/r=2.2/sig=0/cf=1,C_rfb,0.1,0.4,0.3,2.2,0.0,1.0,1.0,wiki_A,autorpa_233k,ours_pi_prior,5261420180.0,1.0,0.0,0.0,0.0,0.0,0.0,0.0,0.0,0.005,0.0,0.0,always_reactive,0.554855
h=0.1/q0=0.4/p=0.3/r=2.2/sig=0/cf=1,C_rfb,0.1,0.4,0.3,2.2,0.0,1.0,1.0,wiki_A,autorpa_233k,ours_both,5261420180.0,1.0,0.0,0.0,0.0,0.0,0.0,0.0,0.0,0.005,0.0,0.0,always_reactive,0.554855
h=0.1/q0=0.4/p=0.3/r=2.2/sig=0/cf=1,C_rfb,0.1,0.4,0.3,2.2,0.0,1.0,1.0,wiki_A,autorpa_233k,breakeven,5261420180.0,1.0,0.0,0.0,0.0,0.0,0.0,0.0,0.0,0.005,0.0,0.0,always_reactive,0.554855
h=0.1/q0=0.4/p=0.3/r=2.2/sig=0/cf=1,C_rfb,0.1,0.4,0.3,2.2,0.0,1.0,1.0,wiki_A,autorpa_233k,breakeven_cap,5261420180.0,1.0,0.0,0.0,0.0,0.0,0.0,0.0,0.0,0.005,0.0,0.0,always_reactive,0.554855
h=0.1/q0=0.4/p=0.3/r=2.2/sig=0/cf=1,C_rfb,0.1,0.4,0.3,2.2,0.0,1.0,1.0,wiki_A,autorpa_233k,offline_taxblind,5261420180.0,1.0,,,,,,,,,,,always_reactive,0.554855
h=0.1/q0=0.4/p=0.3/r=2.2/sig=0/cf=1,C_rfb,0.1,0.4,0.3,2.2,0.0,1.0,1.0,wiki_A,autorpa_233k,offline_opt_tax,5261420180.0,1.0,,,,,,,,,,,always_reactive,0.554855
h=0.1/q0=0.4/p=0.3/r=2.2/sig=0/cf=1,C_rfb,0.1,0.4,0.3,2.2,0.0,1.0,1.0,wiki_A,native,always_reactive,5261420180.0,1.0,0.0,0.0,0.0,0.0,0.0,0.0,0.0,0.005,0.0,0.0,always_reactive,0.939325
h=0.1/q0=0.4/p=0.3/r=2.2/sig=0/cf=1,C_rfb,0.1,0.4,0.3,2.2,0.0,1.0,1.0,wiki_A,native,always_compile_evict,5601280424.319,1.064595,2.9,17.3,17364.1,5043.7,0.0,23192.4,17364.1,0.009,12141.9,176652503.1,always_reactive,0.939325
h=0.1/q0=0.4/p=0.3/r=2.2/sig=0/cf=1,C_rfb,0.1,0.4,0.3,2.2,0.0,1.0,1.0,wiki_A,native,ours_noinflate,5261420180.0,1.0,0.0,0.0,0.0,0.0,0.0,0.0,0.0,0.005,0.0,0.0,always_reactive,0.939325
h=0.1/q0=0.4/p=0.3/r=2.2/sig=0/cf=1,C_rfb,0.1,0.4,0.3,2.2,0.0,1.0,1.0,wiki_A,native,oracle_tax,5261420180.0,1.0,0.0,0.0,0.0,0.0,0.0,0.0,0.0,0.005,0.0,0.0,always_reactive,0.939325
h=0.1/q0=0.4/p=0.3/r=2.2/sig=0/cf=1,C_rfb,0.1,0.4,0.3,2.2,0.0,1.0,1.0,wiki_A,native,ours_spend_cap,5261420180.0,1.0,0.0,0.0,0.0,0.0,0.0,0.0,0.0,0.005,0.0,0.0,always_reactive,0.939325
h=0.1/q0=0.4/p=0.3/r=2.2/sig=0/cf=1,C_rfb,0.1,0.4,0.3,2.2,0.0,1.0,1.0,wiki_A,native,ours_pi_prior,5261420180.0,1.0,0.0,0.0,0.0,0.0,0.0,0.0,0.0,0.005,0.0,0.0,always_reactive,0.939325
h=0.1/q0=0.4/p=0.3/r=2.2/sig=0/cf=1,C_rfb,0.1,0.4,0.3,2.2,0.0,1.0,1.0,wiki_A,native,ours_both,5261420180.0,1.0,0.0,0.0,0.0,0.0,0.0,0.0,0.0,0.005,0.0,0.0,always_reactive,0.939325
h=0.1/q0=0.4/p=0.3/r=2.2/sig=0/cf=1,C_rfb,0.1,0.4,0.3,2.2,0.0,1.0,1.0,wiki_A,native,breakeven,5261420180.0,1.0,0.0,0.0,0.0,0.0,0.0,0.0,0.0,0.005,0.0,0.0,always_reactive,0.939325
h=0.1/q0=0.4/p=0.3/r=2.2/sig=0/cf=1,C_rfb,0.1,0.4,0.3,2.2,0.0,1.0,1.0,wiki_A,native,breakeven_cap,5261420180.0,1.0,0.0,0.0,0.0,0.0,0.0,0.0,0.0,0.005,0.0,0.0,always_reactive,0.939325
h=0.1/q0=0.4/p=0.3/r=2.2/sig=0/cf=1,C_rfb,0.1,0.4,0.3,2.2,0.0,1.0,1.0,wiki_A,native,offline_taxblind,5261420180.0,1.0,,,,,,,,,,,always_reactive,0.939325
h=0.1/q0=0.4/p=0.3/r=2.2/sig=0/cf=1,C_rfb,0.1,0.4,0.3,2.2,0.0,1.0,1.0,wiki_A,native,offline_opt_tax,5261420180.0,1.0,,,,,,,,,,,always_reactive,0.939325
h=0.1/q0=0.4/p=0.3/r=2.2/sig=0/cf=1,C_rfb,0.1,0.4,0.3,2.2,0.0,1.0,1.0,wiki_B,autorpa_233k,always_reactive,7373315056.0,1.0,0.0,0.0,0.0,0.0,0.0,0.0,0.0,0.005,0.0,0.0,always_reactive,0.703593
h=0.1/q0=0.4/p=0.3/r=2.2/sig=0/cf=1,C_rfb,0.1,0.4,0.3,2.2,0.0,1.0,1.0,wiki_B,autorpa_233k,always_compile_evict,10479511453.201,1.421275,104.6,118.5,10149.8,2137.0,0.0,9645.5,10149.8,0.072,7119.2,1658773600.0,always_reactive,0.703593
h=0.1/q0=0.4/p=0.3/r=2.2/sig=0/cf=1,C_rfb,0.1,0.4,0.3,2.2,0.0,1.0,1.0,wiki_B,autorpa_233k,ours_noinflate,7373315056.0,1.0,0.0,0.0,0.0,0.0,0.0,0.0,0.0,0.005,0.0,0.0,always_reactive,0.703593
h=0.1/q0=0.4/p=0.3/r=2.2/sig=0/cf=1,C_rfb,0.1,0.4,0.3,2.2,0.0,1.0,1.0,wiki_B,autorpa_233k,oracle_tax,7373315056.0,1.0,0.0,0.0,0.0,0.0,0.0,0.0,0.0,0.005,0.0,0.0,always_reactive,0.703593
h=0.1/q0=0.4/p=0.3/r=2.2/sig=0/cf=1,C_rfb,0.1,0.4,0.3,2.2,0.0,1.0,1.0,wiki_B,autorpa_233k,ours_spend_cap,7373315056.0,1.0,0.0,0.0,0.0,0.0,0.0,0.0,0.0,0.005,0.0,0.0,always_reactive,0.703593
h=0.1/q0=0.4/p=0.3/r=2.2/sig=0/cf=1,C_rfb,0.1,0.4,0.3,2.2,0.0,1.0,1.0,wiki_B,autorpa_233k,ours_pi_prior,7373315056.0,1.0,0.0,0.0,0.0,0.0,0.0,0.0,0.0,0.005,0.0,0.0,always_reactive,0.703593
h=0.1/q0=0.4/p=0.3/r=2.2/sig=0/cf=1,C_rfb,0.1,0.4,0.3,2.2,0.0,1.0,1.0,wiki_B,autorpa_233k,ours_both,7373315056.0,1.0,0.0,0.0,0.0,0.0,0.0,0.0,0.0,0.005,0.0,0.0,always_reactive,0.703593
h=0.1/q0=0.4/p=0.3/r=2.2/sig=0/cf=1,C_rfb,0.1,0.4,0.3,2.2,0.0,1.0,1.0,wiki_B,autorpa_233k,breakeven,7373315056.0,1.0,0.0,0.0,0.0,0.0,0.0,0.0,0.0,0.005,0.0,0.0,always_reactive,0.703593
h=0.1/q0=0.4/p=0.3/r=2.2/sig=0/cf=1,C_rfb,0.1,0.4,0.3,2.2,0.0,1.0,1.0,wiki_B,autorpa_233k,breakeven_cap,7373315056.0,1.0,0.0,0.0,0.0,0.0,0.0,0.0,0.0,0.005,0.0,0.0,always_reactive,0.703593
h=0.1/q0=0.4/p=0.3/r=2.2/sig=0/cf=1,C_rfb,0.1,0.4,0.3,2.2,0.0,1.0,1.0,wiki_B,autorpa_233k,offline_taxblind,7373315056.0,1.0,,,,,,,,,,,always_reactive,0.703593
h=0.1/q0=0.4/p=0.3/r=2.2/sig=0/cf=1,C_rfb,0.1,0.4,0.3,2.2,0.0,1.0,1.0,wiki_B,autorpa_233k,offline_opt_tax,7373315056.0,1.0,,,,,,,,,,,always_reactive,0.703593
h=0.1/q0=0.4/p=0.3/r=2.2/sig=0/cf=1,C_rfb,0.1,0.4,0.3,2.2,0.0,1.0,1.0,wiki_B,native,always_reactive,7373315056.0,1.0,0.0,0.0,0.0,0.0,0.0,0.0,0.0,0.005,0.0,0.0,always_reactive,0.965662
h=0.1/q0=0.4/p=0.3/r=2.2/sig=0/cf=1,C_rfb,0.1,0.4,0.3,2.2,0.0,1.0,1.0,wiki_B,native,always_compile_evict,7635506111.8,1.035559,11.0,24.3,10149.8,2137.0,0.0,9645.5,10149.8,0.017,7119.2,103577240.8,always_reactive,0.965662
h=0.1/q0=0.4/p=0.3/r=2.2/sig=0/cf=1,C_rfb,0.1,0.4,0.3,2.2,0.0,1.0,1.0,wiki_B,native,ours_noinflate,7373315056.0,1.0,0.0,0.0,0.0,0.0,0.0,0.0,0.0,0.005,0.0,0.0,always_reactive,0.965662
h=0.1/q0=0.4/p=0.3/r=2.2/sig=0/cf=1,C_rfb,0.1,0.4,0.3,2.2,0.0,1.0,1.0,wiki_B,native,oracle_tax,7373315056.0,1.0,0.0,0.0,0.0,0.0,0.0,0.0,0.0,0.005,0.0,0.0,always_reactive,0.965662
h=0.1/q0=0.4/p=0.3/r=2.2/sig=0/cf=1,C_rfb,0.1,0.4,0.3,2.2,0.0,1.0,1.0,wiki_B,native,ours_spend_cap,7373315056.0,1.0,0.0,0.0,0.0,0.0,0.0,0.0,0.0,0.005,0.0,0.0,always_reactive,0.965662
h=0.1/q0=0.4/p=0.3/r=2.2/sig=0/cf=1,C_rfb,0.1,0.4,0.3,2.2,0.0,1.0,1.0,wiki_B,native,ours_pi_prior,7373315056.0,1.0,0.0,0.0,0.0,0.0,0.0,0.0,0.0,0.005,0.0,0.0,always_reactive,0.965662
h=0.1/q0=0.4/p=0.3/r=2.2/sig=0/cf=1,C_rfb,0.1,0.4,0.3,2.2,0.0,1.0,1.0,wiki_B,native,ours_both,7373315056.0,1.0,0.0,0.0,0.0,0.0,0.0,0.0,0.0,0.005,0.0,0.0,always_reactive,0.965662
h=0.1/q0=0.4/p=0.3/r=2.2/sig=0/cf=1,C_rfb,0.1,0.4,0.3,2.2,0.0,1.0,1.0,wiki_B,native,breakeven,7373315056.0,1.0,0.0,0.0,0.0,0.0,0.0,0.0,0.0,0.005,0.0,0.0,always_reactive,0.965662
h=0.1/q0=0.4/p=0.3/r=2.2/sig=0/cf=1,C_rfb,0.1,0.4,0.3,2.2,0.0,1.0,1.0,wiki_B,native,breakeven_cap,7373315056.0,1.0,0.0,0.0,0.0,0.0,0.0,0.0,0.0,0.005,0.0,0.0,always_reactive,0.965662
h=0.1/q0=0.4/p=0.3/r=2.2/sig=0/cf=1,C_rfb,0.1,0.4,0.3,2.2,0.0,1.0,1.0,wiki_B,native,offline_taxblind,7373315056.0,1.0,,,,,,,,,,,always_reactive,0.965662
h=0.1/q0=0.4/p=0.3/r=2.2/sig=0/cf=1,C_rfb,0.1,0.4,0.3,2.2,0.0,1.0,1.0,wiki_B,native,offline_opt_tax,7373315056.0,1.0,,,,,,,,,,,always_reactive,0.965662
h=0.1/q0=0.4/p=0.3/r=2.2/sig=0/cf=2.08299,C_rfb,0.1,0.4,0.3,2.2,0.0,1.0,2.0829936590907905,bpi2019,autorpa_233k,always_reactive,19497801224.0,1.0,0.0,0.0,0.0,0.0,0.0,0.0,0.0,0.005,0.0,0.0,always_reactive,0.399028
h=0.1/q0=0.4/p=0.3/r=2.2/sig=0/cf=2.08299,C_rfb,0.1,0.4,0.3,2.2,0.0,1.0,2.0829936590907905,bpi2019,autorpa_233k,always_compile_evict,48863244002.661,2.50609,64.9,110.0,66813.4,19033.1,0.0,87459.7,66813.4,0.038,46733.0,22681278442.178,always_reactive,0.399028
h=0.1/q0=0.4/p=0.3/r=2.2/sig=0/cf=2.08299,C_rfb,0.1,0.4,0.3,2.2,0.0,1.0,2.0829936590907905,bpi2019,autorpa_233k,ours_noinflate,19497801224.0,1.0,0.0,0.0,0.0,0.0,0.0,0.0,0.0,0.005,0.0,0.0,always_reactive,0.399028
h=0.1/q0=0.4/p=0.3/r=2.2/sig=0/cf=2.08299,C_rfb,0.1,0.4,0.3,2.2,0.0,1.0,2.0829936590907905,bpi2019,autorpa_233k,oracle_tax,19497801224.0,1.0,0.0,0.0,0.0,0.0,0.0,0.0,0.0,0.005,0.0,0.0,always_reactive,0.399028
h=0.1/q0=0.4/p=0.3/r=2.2/sig=0/cf=2.08299,C_rfb,0.1,0.4,0.3,2.2,0.0,1.0,2.0829936590907905,bpi2019,autorpa_233k,ours_spend_cap,19497801224.0,1.0,0.0,0.0,0.0,0.0,0.0,0.0,0.0,0.005,0.0,0.0,always_reactive,0.399028
h=0.1/q0=0.4/p=0.3/r=2.2/sig=0/cf=2.08299,C_rfb,0.1,0.4,0.3,2.2,0.0,1.0,2.0829936590907905,bpi2019,autorpa_233k,ours_pi_prior,19497801224.0,1.0,0.0,0.0,0.0,0.0,0.0,0.0,0.0,0.005,0.0,0.0,always_reactive,0.399028
h=0.1/q0=0.4/p=0.3/r=2.2/sig=0/cf=2.08299,C_rfb,0.1,0.4,0.3,2.2,0.0,1.0,2.0829936590907905,bpi2019,autorpa_233k,ours_both,19497801224.0,1.0,0.0,0.0,0.0,0.0,0.0,0.0,0.0,0.005,0.0,0.0,always_reactive,0.399028
h=0.1/q0=0.4/p=0.3/r=2.2/sig=0/cf=2.08299,C_rfb,0.1,0.4,0.3,2.2,0.0,1.0,2.0829936590907905,bpi2019,autorpa_233k,breakeven,19497801224.0,1.0,0.0,0.0,0.0,0.0,0.0,0.0,0.0,0.005,0.0,0.0,always_reactive,0.399028
h=0.1/q0=0.4/p=0.3/r=2.2/sig=0/cf=2.08299,C_rfb,0.1,0.4,0.3,2.2,0.0,1.0,2.0829936590907905,bpi2019,autorpa_233k,breakeven_cap,19497801224.0,1.0,0.0,0.0,0.0,0.0,0.0,0.0,0.0,0.005,0.0,0.0,always_reactive,0.399028
h=0.1/q0=0.4/p=0.3/r=2.2/sig=0/cf=2.08299,C_rfb,0.1,0.4,0.3,2.2,0.0,1.0,2.0829936590907905,bpi2019,autorpa_233k,offline_taxblind,19497801224.0,1.0,,,,,,,,,,,always_reactive,0.399028
h=0.1/q0=0.4/p=0.3/r=2.2/sig=0/cf=2.08299,C_rfb,0.1,0.4,0.3,2.2,0.0,1.0,2.0829936590907905,bpi2019,autorpa_233k,offline_opt_tax,19497801224.0,1.0,,,,,,,,,,,always_reactive,0.399028
h=0.1/q0=0.4/p=0.3/r=2.2/sig=0/cf=2.08299,C_rfb,0.1,0.4,0.3,2.2,0.0,1.0,2.0829936590907905,bpi2019,native,always_reactive,19497801224.0,1.0,0.0,0.0,0.0,0.0,0.0,0.0,0.0,0.005,0.0,0.0,always_reactive,0.90078
h=0.1/q0=0.4/p=0.3/r=2.2/sig=0/cf=2.08299,C_rfb,0.1,0.4,0.3,2.2,0.0,1.0,2.0829936590907905,bpi2019,native,always_compile_evict,21645467999.876,1.110149,4.7,22.7,66813.4,19033.1,0.0,87459.7,66813.4,0.013,46733.0,1416265751.31,always_reactive,0.90078
h=0.1/q0=0.4/p=0.3/r=2.2/sig=0/cf=2.08299,C_rfb,0.1,0.4,0.3,2.2,0.0,1.0,2.0829936590907905,bpi2019,native,ours_noinflate,19497801224.0,1.0,0.0,0.0,0.0,0.0,0.0,0.0,0.0,0.005,0.0,0.0,always_reactive,0.90078
h=0.1/q0=0.4/p=0.3/r=2.2/sig=0/cf=2.08299,C_rfb,0.1,0.4,0.3,2.2,0.0,1.0,2.0829936590907905,bpi2019,native,oracle_tax,19497801224.0,1.0,0.0,0.0,0.0,0.0,0.0,0.0,0.0,0.005,0.0,0.0,always_reactive,0.90078
h=0.1/q0=0.4/p=0.3/r=2.2/sig=0/cf=2.08299,C_rfb,0.1,0.4,0.3,2.2,0.0,1.0,2.0829936590907905,bpi2019,native,ours_spend_cap,19497801224.0,1.0,0.0,0.0,0.0,0.0,0.0,0.0,0.0,0.005,0.0,0.0,always_reactive,0.90078
h=0.1/q0=0.4/p=0.3/r=2.2/sig=0/cf=2.08299,C_rfb,0.1,0.4,0.3,2.2,0.0,1.0,2.0829936590907905,bpi2019,native,ours_pi_prior,19497801224.0,1.0,0.0,0.0,0.0,0.0,0.0,0.0,0.0,0.005,0.0,0.0,always_reactive,0.90078
h=0.1/q0=0.4/p=0.3/r=2.2/sig=0/cf=2.08299,C_rfb,0.1,0.4,0.3,2.2,0.0,1.0,2.0829936590907905,bpi2019,native,ours_both,19497801224.0,1.0,0.0,0.0,0.0,0.0,0.0,0.0,0.0,0.005,0.0,0.0,always_reactive,0.90078
h=0.1/q0=0.4/p=0.3/r=2.2/sig=0/cf=2.08299,C_rfb,0.1,0.4,0.3,2.2,0.0,1.0,2.0829936590907905,bpi2019,native,breakeven,19497801224.0,1.0,0.0,0.0,0.0,0.0,0.0,0.0,0.0,0.005,0.0,0.0,always_reactive,0.90078
h=0.1/q0=0.4/p=0.3/r=2.2/sig=0/cf=2.08299,C_rfb,0.1,0.4,0.3,2.2,0.0,1.0,2.0829936590907905,bpi2019,native,breakeven_cap,19497801224.0,1.0,0.0,0.0,0.0,0.0,0.0,0.0,0.0,0.005,0.0,0.0,always_reactive,0.90078
h=0.1/q0=0.4/p=0.3/r=2.2/sig=0/cf=2.08299,C_rfb,0.1,0.4,0.3,2.2,0.0,1.0,2.0829936590907905,bpi2019,native,offline_taxblind,19497801224.0,1.0,,,,,,,,,,,always_reactive,0.90078
h=0.1/q0=0.4/p=0.3/r=2.2/sig=0/cf=2.08299,C_rfb,0.1,0.4,0.3,2.2,0.0,1.0,2.0829936590907905,bpi2019,native,offline_opt_tax,19497801224.0,1.0,,,,,,,,,,,always_reactive,0.90078
h=0.1/q0=0.4/p=0.3/r=2.2/sig=0/cf=2.08299,C_rfb,0.1,0.4,0.3,2.2,0.0,1.0,2.0829936590907905,sepsis,autorpa_233k,always_reactive,77101119.0,1.0,0.0,0.0,0.0,0.0,0.0,0.0,0.0,0.005,0.0,0.0,always_reactive,0.713541
h=0.1/q0=0.4/p=0.3/r=2.2/sig=0/cf=2.08299,C_rfb,0.1,0.4,0.3,2.2,0.0,1.0,2.0829936590907905,sepsis,autorpa_233k,always_compile_evict,108054249.304,1.401461,11.4,12.0,73.6,8.2,0.0,39.8,73.6,0.008,52.9,25674354.944,always_reactive,0.713541
h=0.1/q0=0.4/p=0.3/r=2.2/sig=0/cf=2.08299,C_rfb,0.1,0.4,0.3,2.2,0.0,1.0,2.0829936590907905,sepsis,autorpa_233k,ours_noinflate,77101119.0,1.0,0.0,0.0,0.0,0.0,0.0,0.0,0.0,0.005,0.0,0.0,always_reactive,0.713541
h=0.1/q0=0.4/p=0.3/r=2.2/sig=0/cf=2.08299,C_rfb,0.1,0.4,0.3,2.2,0.0,1.0,2.0829936590907905,sepsis,autorpa_233k,oracle_tax,77101119.0,1.0,0.0,0.0,0.0,0.0,0.0,0.0,0.0,0.005,0.0,0.0,always_reactive,0.713541
h=0.1/q0=0.4/p=0.3/r=2.2/sig=0/cf=2.08299,C_rfb,0.1,0.4,0.3,2.2,0.0,1.0,2.0829936590907905,sepsis,autorpa_233k,ours_spend_cap,77101119.0,1.0,0.0,0.0,0.0,0.0,0.0,0.0,0.0,0.005,0.0,0.0,always_reactive,0.713541
h=0.1/q0=0.4/p=0.3/r=2.2/sig=0/cf=2.08299,C_rfb,0.1,0.4,0.3,2.2,0.0,1.0,2.0829936590907905,sepsis,autorpa_233k,ours_pi_prior,77101119.0,1.0,0.0,0.0,0.0,0.0,0.0,0.0,0.0,0.005,0.0,0.0,always_reactive,0.713541
h=0.1/q0=0.4/p=0.3/r=2.2/sig=0/cf=2.08299,C_rfb,0.1,0.4,0.3,2.2,0.0,1.0,2.0829936590907905,sepsis,autorpa_233k,ours_both,77101119.0,1.0,0.0,0.0,0.0,0.0,0.0,0.0,0.0,0.005,0.0,0.0,always_reactive,0.713541
h=0.1/q0=0.4/p=0.3/r=2.2/sig=0/cf=2.08299,C_rfb,0.1,0.4,0.3,2.2,0.0,1.0,2.0829936590907905,sepsis,autorpa_233k,breakeven,77101119.0,1.0,0.0,0.0,0.0,0.0,0.0,0.0,0.0,0.005,0.0,0.0,always_reactive,0.713541
h=0.1/q0=0.4/p=0.3/r=2.2/sig=0/cf=2.08299,C_rfb,0.1,0.4,0.3,2.2,0.0,1.0,2.0829936590907905,sepsis,autorpa_233k,breakeven_cap,77101119.0,1.0,0.0,0.0,0.0,0.0,0.0,0.0,0.0,0.005,0.0,0.0,always_reactive,0.713541
h=0.1/q0=0.4/p=0.3/r=2.2/sig=0/cf=2.08299,C_rfb,0.1,0.4,0.3,2.2,0.0,1.0,2.0829936590907905,sepsis,autorpa_233k,offline_taxblind,77101119.0,1.0,,,,,,,,,,,always_reactive,0.713541
h=0.1/q0=0.4/p=0.3/r=2.2/sig=0/cf=2.08299,C_rfb,0.1,0.4,0.3,2.2,0.0,1.0,2.0829936590907905,sepsis,autorpa_233k,offline_opt_tax,77101119.0,1.0,,,,,,,,,,,always_reactive,0.713541
h=0.1/q0=0.4/p=0.3/r=2.2/sig=0/cf=2.08299,C_rfb,0.1,0.4,0.3,2.2,0.0,1.0,2.0829936590907905,sepsis,native,always_reactive,77101119.0,1.0,0.0,0.0,0.0,0.0,0.0,0.0,0.0,0.005,0.0,0.0,always_reactive,0.971517
h=0.1/q0=0.4/p=0.3/r=2.2/sig=0/cf=2.08299,C_rfb,0.1,0.4,0.3,2.2,0.0,1.0,2.0829936590907905,sepsis,native,always_compile_evict,79361555.174,1.029318,7.9,9.6,73.6,8.2,0.0,39.8,73.6,0.01,52.9,1603159.614,always_reactive,0.971517
h=0.1/q0=0.4/p=0.3/r=2.2/sig=0/cf=2.08299,C_rfb,0.1,0.4,0.3,2.2,0.0,1.0,2.0829936590907905,sepsis,native,ours_noinflate,77101119.0,1.0,0.0,0.0,0.0,0.0,0.0,0.0,0.0,0.005,0.0,0.0,always_reactive,0.971517
h=0.1/q0=0.4/p=0.3/r=2.2/sig=0/cf=2.08299,C_rfb,0.1,0.4,0.3,2.2,0.0,1.0,2.0829936590907905,sepsis,native,oracle_tax,77101119.0,1.0,0.0,0.0,0.0,0.0,0.0,0.0,0.0,0.005,0.0,0.0,always_reactive,0.971517
h=0.1/q0=0.4/p=0.3/r=2.2/sig=0/cf=2.08299,C_rfb,0.1,0.4,0.3,2.2,0.0,1.0,2.0829936590907905,sepsis,native,ours_spend_cap,77101119.0,1.0,0.0,0.0,0.0,0.0,0.0,0.0,0.0,0.005,0.0,0.0,always_reactive,0.971517
h=0.1/q0=0.4/p=0.3/r=2.2/sig=0/cf=2.08299,C_rfb,0.1,0.4,0.3,2.2,0.0,1.0,2.0829936590907905,sepsis,native,ours_pi_prior,77101119.0,1.0,0.0,0.0,0.0,0.0,0.0,0.0,0.0,0.005,0.0,0.0,always_reactive,0.971517
h=0.1/q0=0.4/p=0.3/r=2.2/sig=0/cf=2.08299,C_rfb,0.1,0.4,0.3,2.2,0.0,1.0,2.0829936590907905,sepsis,native,ours_both,77101119.0,1.0,0.0,0.0,0.0,0.0,0.0,0.0,0.0,0.005,0.0,0.0,always_reactive,0.971517
h=0.1/q0=0.4/p=0.3/r=2.2/sig=0/cf=2.08299,C_rfb,0.1,0.4,0.3,2.2,0.0,1.0,2.0829936590907905,sepsis,native,breakeven,77101119.0,1.0,0.0,0.0,0.0,0.0,0.0,0.0,0.0,0.005,0.0,0.0,always_reactive,0.971517
h=0.1/q0=0.4/p=0.3/r=2.2/sig=0/cf=2.08299,C_rfb,0.1,0.4,0.3,2.2,0.0,1.0,2.0829936590907905,sepsis,native,breakeven_cap,77101119.0,1.0,0.0,0.0,0.0,0.0,0.0,0.0,0.0,0.005,0.0,0.0,always_reactive,0.971517
h=0.1/q0=0.4/p=0.3/r=2.2/sig=0/cf=2.08299,C_rfb,0.1,0.4,0.3,2.2,0.0,1.0,2.0829936590907905,sepsis,native,offline_taxblind,77101119.0,1.0,,,,,,,,,,,always_reactive,0.971517
h=0.1/q0=0.4/p=0.3/r=2.2/sig=0/cf=2.08299,C_rfb,0.1,0.4,0.3,2.2,0.0,1.0,2.0829936590907905,sepsis,native,offline_opt_tax,77101119.0,1.0,,,,,,,,,,,always_reactive,0.971517
h=0.1/q0=0.4/p=0.3/r=2.2/sig=0/cf=2.08299,C_rfb,0.1,0.4,0.3,2.2,0.0,1.0,2.0829936590907905,wiki_A,autorpa_233k,always_reactive,5261420180.0,1.0,0.0,0.0,0.0,0.0,0.0,0.0,0.0,0.005,0.0,0.0,always_reactive,0.419358
h=0.1/q0=0.4/p=0.3/r=2.2/sig=0/cf=2.08299,C_rfb,0.1,0.4,0.3,2.2,0.0,1.0,2.0829936590907905,wiki_A,autorpa_233k,always_compile_evict,12546365133.491,2.384597,22.2,53.2,17364.1,5043.7,0.0,23192.4,17364.1,0.011,12141.9,5892919665.27,always_reactive,0.419358
h=0.1/q0=0.4/p=0.3/r=2.2/sig=0/cf=2.08299,C_rfb,0.1,0.4,0.3,2.2,0.0,1.0,2.0829936590907905,wiki_A,autorpa_233k,ours_noinflate,5261420180.0,1.0,0.0,0.0,0.0,0.0,0.0,0.0,0.0,0.005,0.0,0.0,always_reactive,0.419358
h=0.1/q0=0.4/p=0.3/r=2.2/sig=0/cf=2.08299,C_rfb,0.1,0.4,0.3,2.2,0.0,1.0,2.0829936590907905,wiki_A,autorpa_233k,oracle_tax,5261420180.0,1.0,0.0,0.0,0.0,0.0,0.0,0.0,0.0,0.005,0.0,0.0,always_reactive,0.419358
h=0.1/q0=0.4/p=0.3/r=2.2/sig=0/cf=2.08299,C_rfb,0.1,0.4,0.3,2.2,0.0,1.0,2.0829936590907905,wiki_A,autorpa_233k,ours_spend_cap,5261420180.0,1.0,0.0,0.0,0.0,0.0,0.0,0.0,0.0,0.005,0.0,0.0,always_reactive,0.419358
h=0.1/q0=0.4/p=0.3/r=2.2/sig=0/cf=2.08299,C_rfb,0.1,0.4,0.3,2.2,0.0,1.0,2.0829936590907905,wiki_A,autorpa_233k,ours_pi_prior,5261420180.0,1.0,0.0,0.0,0.0,0.0,0.0,0.0,0.0,0.005,0.0,0.0,always_reactive,0.419358
h=0.1/q0=0.4/p=0.3/r=2.2/sig=0/cf=2.08299,C_rfb,0.1,0.4,0.3,2.2,0.0,1.0,2.0829936590907905,wiki_A,autorpa_233k,ours_both,5261420180.0,1.0,0.0,0.0,0.0,0.0,0.0,0.0,0.0,0.005,0.0,0.0,always_reactive,0.419358
h=0.1/q0=0.4/p=0.3/r=2.2/sig=0/cf=2.08299,C_rfb,0.1,0.4,0.3,2.2,0.0,1.0,2.0829936590907905,wiki_A,autorpa_233k,breakeven,5261420180.0,1.0,0.0,0.0,0.0,0.0,0.0,0.0,0.0,0.005,0.0,0.0,always_reactive,0.419358
h=0.1/q0=0.4/p=0.3/r=2.2/sig=0/cf=2.08299,C_rfb,0.1,0.4,0.3,2.2,0.0,1.0,2.0829936590907905,wiki_A,autorpa_233k,breakeven_cap,5261420180.0,1.0,0.0,0.0,0.0,0.0,0.0,0.0,0.0,0.005,0.0,0.0,always_reactive,0.419358
h=0.1/q0=0.4/p=0.3/r=2.2/sig=0/cf=2.08299,C_rfb,0.1,0.4,0.3,2.2,0.0,1.0,2.0829936590907905,wiki_A,autorpa_233k,offline_taxblind,5261420180.0,1.0,,,,,,,,,,,always_reactive,0.419358
h=0.1/q0=0.4/p=0.3/r=2.2/sig=0/cf=2.08299,C_rfb,0.1,0.4,0.3,2.2,0.0,1.0,2.0829936590907905,wiki_A,autorpa_233k,offline_opt_tax,5261420180.0,1.0,,,,,,,,,,,always_reactive,0.419358
h=0.1/q0=0.4/p=0.3/r=2.2/sig=0/cf=2.08299,C_rfb,0.1,0.4,0.3,2.2,0.0,1.0,2.0829936590907905,wiki_A,native,always_reactive,5261420180.0,1.0,0.0,0.0,0.0,0.0,0.0,0.0,0.0,0.005,0.0,0.0,always_reactive,0.908301
h=0.1/q0=0.4/p=0.3/r=2.2/sig=0/cf=2.08299,C_rfb,0.1,0.4,0.3,2.2,0.0,1.0,2.0829936590907905,wiki_A,native,always_compile_evict,5792593965.039,1.100956,2.9,17.3,17364.1,5043.7,0.0,23192.4,17364.1,0.008,12141.9,367966043.82,always_reactive,0.908301
h=0.1/q0=0.4/p=0.3/r=2.2/sig=0/cf=2.08299,C_rfb,0.1,0.4,0.3,2.2,0.0,1.0,2.0829936590907905,wiki_A,native,ours_noinflate,5261420180.0,1.0,0.0,0.0,0.0,0.0,0.0,0.0,0.0,0.005,0.0,0.0,always_reactive,0.908301
h=0.1/q0=0.4/p=0.3/r=2.2/sig=0/cf=2.08299,C_rfb,0.1,0.4,0.3,2.2,0.0,1.0,2.0829936590907905,wiki_A,native,oracle_tax,5261420180.0,1.0,0.0,0.0,0.0,0.0,0.0,0.0,0.0,0.005,0.0,0.0,always_reactive,0.908301
h=0.1/q0=0.4/p=0.3/r=2.2/sig=0/cf=2.08299,C_rfb,0.1,0.4,0.3,2.2,0.0,1.0,2.0829936590907905,wiki_A,native,ours_spend_cap,5261420180.0,1.0,0.0,0.0,0.0,0.0,0.0,0.0,0.0,0.005,0.0,0.0,always_reactive,0.908301
h=0.1/q0=0.4/p=0.3/r=2.2/sig=0/cf=2.08299,C_rfb,0.1,0.4,0.3,2.2,0.0,1.0,2.0829936590907905,wiki_A,native,ours_pi_prior,5261420180.0,1.0,0.0,0.0,0.0,0.0,0.0,0.0,0.0,0.005,0.0,0.0,always_reactive,0.908301
h=0.1/q0=0.4/p=0.3/r=2.2/sig=0/cf=2.08299,C_rfb,0.1,0.4,0.3,2.2,0.0,1.0,2.0829936590907905,wiki_A,native,ours_both,5261420180.0,1.0,0.0,0.0,0.0,0.0,0.0,0.0,0.0,0.005,0.0,0.0,always_reactive,0.908301
h=0.1/q0=0.4/p=0.3/r=2.2/sig=0/cf=2.08299,C_rfb,0.1,0.4,0.3,2.2,0.0,1.0,2.0829936590907905,wiki_A,native,breakeven,5261420180.0,1.0,0.0,0.0,0.0,0.0,0.0,0.0,0.0,0.005,0.0,0.0,always_reactive,0.908301
h=0.1/q0=0.4/p=0.3/r=2.2/sig=0/cf=2.08299,C_rfb,0.1,0.4,0.3,2.2,0.0,1.0,2.0829936590907905,wiki_A,native,breakeven_cap,5261420180.0,1.0,0.0,0.0,0.0,0.0,0.0,0.0,0.0,0.005,0.0,0.0,always_reactive,0.908301
h=0.1/q0=0.4/p=0.3/r=2.2/sig=0/cf=2.08299,C_rfb,0.1,0.4,0.3,2.2,0.0,1.0,2.0829936590907905,wiki_A,native,offline_taxblind,5261420180.0,1.0,,,,,,,,,,,always_reactive,0.908301
h=0.1/q0=0.4/p=0.3/r=2.2/sig=0/cf=2.08299,C_rfb,0.1,0.4,0.3,2.2,0.0,1.0,2.0829936590907905,wiki_A,native,offline_opt_tax,5261420180.0,1.0,,,,,,,,,,,always_reactive,0.908301
h=0.1/q0=0.4/p=0.3/r=2.2/sig=0/cf=2.08299,C_rfb,0.1,0.4,0.3,2.2,0.0,1.0,2.0829936590907905,wiki_B,autorpa_233k,always_reactive,7373315056.0,1.0,0.0,0.0,0.0,0.0,0.0,0.0,0.0,0.005,0.0,0.0,always_reactive,0.600631
h=0.1/q0=0.4/p=0.3/r=2.2/sig=0/cf=2.08299,C_rfb,0.1,0.4,0.3,2.2,0.0,1.0,2.0829936590907905,wiki_B,autorpa_233k,always_compile_evict,12275952743.867,1.664916,104.6,118.5,10149.8,2137.0,0.0,9645.5,10149.8,0.061,7119.2,3455214890.667,always_reactive,0.600631
h=0.1/q0=0.4/p=0.3/r=2.2/sig=0/cf=2.08299,C_rfb,0.1,0.4,0.3,2.2,0.0,1.0,2.0829936590907905,wiki_B,autorpa_233k,ours_noinflate,7373315056.0,1.0,0.0,0.0,0.0,0.0,0.0,0.0,0.0,0.005,0.0,0.0,always_reactive,0.600631
h=0.1/q0=0.4/p=0.3/r=2.2/sig=0/cf=2.08299,C_rfb,0.1,0.4,0.3,2.2,0.0,1.0,2.0829936590907905,wiki_B,autorpa_233k,oracle_tax,7373315056.0,1.0,0.0,0.0,0.0,0.0,0.0,0.0,0.0,0.005,0.0,0.0,always_reactive,0.600631
h=0.1/q0=0.4/p=0.3/r=2.2/sig=0/cf=2.08299,C_rfb,0.1,0.4,0.3,2.2,0.0,1.0,2.0829936590907905,wiki_B,autorpa_233k,ours_spend_cap,7373315056.0,1.0,0.0,0.0,0.0,0.0,0.0,0.0,0.0,0.005,0.0,0.0,always_reactive,0.600631
h=0.1/q0=0.4/p=0.3/r=2.2/sig=0/cf=2.08299,C_rfb,0.1,0.4,0.3,2.2,0.0,1.0,2.0829936590907905,wiki_B,autorpa_233k,ours_pi_prior,7373315056.0,1.0,0.0,0.0,0.0,0.0,0.0,0.0,0.0,0.005,0.0,0.0,always_reactive,0.600631
h=0.1/q0=0.4/p=0.3/r=2.2/sig=0/cf=2.08299,C_rfb,0.1,0.4,0.3,2.2,0.0,1.0,2.0829936590907905,wiki_B,autorpa_233k,ours_both,7373315056.0,1.0,0.0,0.0,0.0,0.0,0.0,0.0,0.0,0.005,0.0,0.0,always_reactive,0.600631
h=0.1/q0=0.4/p=0.3/r=2.2/sig=0/cf=2.08299,C_rfb,0.1,0.4,0.3,2.2,0.0,1.0,2.0829936590907905,wiki_B,autorpa_233k,breakeven,7373315056.0,1.0,0.0,0.0,0.0,0.0,0.0,0.0,0.0,0.005,0.0,0.0,always_reactive,0.600631
h=0.1/q0=0.4/p=0.3/r=2.2/sig=0/cf=2.08299,C_rfb,0.1,0.4,0.3,2.2,0.0,1.0,2.0829936590907905,wiki_B,autorpa_233k,breakeven_cap,7373315056.0,1.0,0.0,0.0,0.0,0.0,0.0,0.0,0.0,0.005,0.0,0.0,always_reactive,0.600631
h=0.1/q0=0.4/p=0.3/r=2.2/sig=0/cf=2.08299,C_rfb,0.1,0.4,0.3,2.2,0.0,1.0,2.0829936590907905,wiki_B,autorpa_233k,offline_taxblind,7373315056.0,1.0,,,,,,,,,,,always_reactive,0.600631
h=0.1/q0=0.4/p=0.3/r=2.2/sig=0/cf=2.08299,C_rfb,0.1,0.4,0.3,2.2,0.0,1.0,2.0829936590907905,wiki_B,autorpa_233k,offline_opt_tax,7373315056.0,1.0,,,,,,,,,,,always_reactive,0.600631
h=0.1/q0=0.4/p=0.3/r=2.2/sig=0/cf=2.08299,C_rfb,0.1,0.4,0.3,2.2,0.0,1.0,2.0829936590907905,wiki_B,native,always_reactive,7373315056.0,1.0,0.0,0.0,0.0,0.0,0.0,0.0,0.0,0.005,0.0,0.0,always_reactive,0.95168
h=0.1/q0=0.4/p=0.3/r=2.2/sig=0/cf=2.08299,C_rfb,0.1,0.4,0.3,2.2,0.0,1.0,2.0829936590907905,wiki_B,native,always_compile_evict,7747679606.812,1.050773,11.0,24.3,10149.8,2137.0,0.0,9645.5,10149.8,0.016,7119.2,215750735.813,always_reactive,0.95168
h=0.1/q0=0.4/p=0.3/r=2.2/sig=0/cf=2.08299,C_rfb,0.1,0.4,0.3,2.2,0.0,1.0,2.0829936590907905,wiki_B,native,ours_noinflate,7373315056.0,1.0,0.0,0.0,0.0,0.0,0.0,0.0,0.0,0.005,0.0,0.0,always_reactive,0.95168
h=0.1/q0=0.4/p=0.3/r=2.2/sig=0/cf=2.08299,C_rfb,0.1,0.4,0.3,2.2,0.0,1.0,2.0829936590907905,wiki_B,native,oracle_tax,7373315056.0,1.0,0.0,0.0,0.0,0.0,0.0,0.0,0.0,0.005,0.0,0.0,always_reactive,0.95168
h=0.1/q0=0.4/p=0.3/r=2.2/sig=0/cf=2.08299,C_rfb,0.1,0.4,0.3,2.2,0.0,1.0,2.0829936590907905,wiki_B,native,ours_spend_cap,7373315056.0,1.0,0.0,0.0,0.0,0.0,0.0,0.0,0.0,0.005,0.0,0.0,always_reactive,0.95168
h=0.1/q0=0.4/p=0.3/r=2.2/sig=0/cf=2.08299,C_rfb,0.1,0.4,0.3,2.2,0.0,1.0,2.0829936590907905,wiki_B,native,ours_pi_prior,7373315056.0,1.0,0.0,0.0,0.0,0.0,0.0,0.0,0.0,0.005,0.0,0.0,always_reactive,0.95168
h=0.1/q0=0.4/p=0.3/r=2.2/sig=0/cf=2.08299,C_rfb,0.1,0.4,0.3,2.2,0.0,1.0,2.0829936590907905,wiki_B,native,ours_both,7373315056.0,1.0,0.0,0.0,0.0,0.0,0.0,0.0,0.0,0.005,0.0,0.0,always_reactive,0.95168
h=0.1/q0=0.4/p=0.3/r=2.2/sig=0/cf=2.08299,C_rfb,0.1,0.4,0.3,2.2,0.0,1.0,2.0829936590907905,wiki_B,native,breakeven,7373315056.0,1.0,0.0,0.0,0.0,0.0,0.0,0.0,0.0,0.005,0.0,0.0,always_reactive,0.95168
h=0.1/q0=0.4/p=0.3/r=2.2/sig=0/cf=2.08299,C_rfb,0.1,0.4,0.3,2.2,0.0,1.0,2.0829936590907905,wiki_B,native,breakeven_cap,7373315056.0,1.0,0.0,0.0,0.0,0.0,0.0,0.0,0.0,0.005,0.0,0.0,always_reactive,0.95168
h=0.1/q0=0.4/p=0.3/r=2.2/sig=0/cf=2.08299,C_rfb,0.1,0.4,0.3,2.2,0.0,1.0,2.0829936590907905,wiki_B,native,offline_taxblind,7373315056.0,1.0,,,,,,,,,,,always_reactive,0.95168
h=0.1/q0=0.4/p=0.3/r=2.2/sig=0/cf=2.08299,C_rfb,0.1,0.4,0.3,2.2,0.0,1.0,2.0829936590907905,wiki_B,native,offline_opt_tax,7373315056.0,1.0,,,,,,,,,,,always_reactive,0.95168
h=0.1/q0=0.4/p=0.5/r=1/sig=0/cf=1,A_core,0.1,0.4,0.5,1.0,0.0,1.0,1.0,bpi2019,autorpa_233k,always_reactive,19497801224.0,0.998162,0.0,0.0,0.0,0.0,0.0,0.0,0.0,0.005,0.0,0.0,always_reactive,0.859494
h=0.1/q0=0.4/p=0.5/r=1/sig=0/cf=1,A_core,0.1,0.4,0.5,1.0,0.0,1.0,1.0,bpi2019,autorpa_233k,always_compile_evict,22685216821.2,1.161337,58.9,94.0,45577.8,21432.0,0.0,98481.2,45390.2,0.067,22817.0,5316361000.0,always_reactive,0.859494
h=0.1/q0=0.4/p=0.5/r=1/sig=0/cf=1,A_core,0.1,0.4,0.5,1.0,0.0,1.0,1.0,bpi2019,autorpa_233k,ours_noinflate,19533712967.8,1.0,3.2,10.2,2886.6,1375.8,0.0,6333.1,2855.4,0.008,1430.6,333329800.0,always_reactive,0.859494
h=0.1/q0=0.4/p=0.5/r=1/sig=0/cf=1,A_core,0.1,0.4,0.5,1.0,0.0,1.0,1.0,bpi2019,autorpa_233k,oracle_tax,19497788171.5,0.998161,0.9,3.1,20.4,9.4,0.0,45.0,14.3,0.005,10.1,2353300.0,always_reactive,0.859494
h=0.1/q0=0.4/p=0.5/r=1/sig=0/cf=1,A_core,0.1,0.4,0.5,1.0,0.0,1.0,1.0,bpi2019,autorpa_233k,ours_spend_cap,19569442794.8,1.001829,2.3,8.9,429.2,138.0,0.0,632.0,397.5,0.007,216.2,50374600.0,always_reactive,0.859494
h=0.1/q0=0.4/p=0.5/r=1/sig=0/cf=1,A_core,0.1,0.4,0.5,1.0,0.0,1.0,1.0,bpi2019,autorpa_233k,ours_pi_prior,19606938945.2,1.003749,6.2,12.0,2225.5,990.4,0.0,4586.9,2188.5,0.009,1103.2,257045600.0,always_reactive,0.859494
h=0.1/q0=0.4/p=0.5/r=1/sig=0/cf=1,A_core,0.1,0.4,0.5,1.0,0.0,1.0,1.0,bpi2019,autorpa_233k,ours_both,19624105444.1,1.004628,4.8,10.2,636.2,196.1,0.0,909.6,604.4,0.008,315.7,73558100.0,always_reactive,0.859494
h=0.1/q0=0.4/p=0.5/r=1/sig=0/cf=1,A_core,0.1,0.4,0.5,1.0,0.0,1.0,1.0,bpi2019,autorpa_233k,breakeven,19754743830.8,1.011315,1.1,8.8,1413.8,298.9,0.0,1371.5,1307.7,0.007,716.6,166967800.0,always_reactive,0.859494
h=0.1/q0=0.4/p=0.5/r=1/sig=0/cf=1,A_core,0.1,0.4,0.5,1.0,0.0,1.0,1.0,bpi2019,autorpa_233k,breakeven_cap,19692025612.7,1.008105,0.8,7.6,981.8,174.3,0.0,801.8,922.0,0.007,496.2,115614600.0,always_reactive,0.859494
h=0.1/q0=0.4/p=0.5/r=1/sig=0/cf=1,A_core,0.1,0.4,0.5,1.0,0.0,1.0,1.0,bpi2019,autorpa_233k,offline_taxblind,19013220215.239,0.973354,,,,,,,,,,,always_reactive,0.859494
h=0.1/q0=0.4/p=0.5/r=1/sig=0/cf=1,A_core,0.1,0.4,0.5,1.0,0.0,1.0,1.0,bpi2019,autorpa_233k,offline_opt_tax,19079003981.066,0.976722,,,,,,,,,,,always_reactive,0.859494
h=0.1/q0=0.4/p=0.5/r=1/sig=0/cf=1,A_core,0.1,0.4,0.5,1.0,0.0,1.0,1.0,bpi2019,native,always_reactive,19497801224.0,1.703231,0.0,0.0,0.0,0.0,0.0,0.0,0.0,0.005,0.0,0.0,always_compile_evict,1.0
h=0.1/q0=0.4/p=0.5/r=1/sig=0/cf=1,A_core,0.1,0.4,0.5,1.0,0.0,1.0,1.0,bpi2019,native,always_compile_evict,11445202289.8,0.999796,4.9,20.6,45577.8,21432.0,0.0,98481.2,41181.7,0.021,22817.0,331964533.0,always_compile_evict,1.0
h=0.1/q0=0.4/p=0.5/r=1/sig=0/cf=1,A_core,0.1,0.4,0.5,1.0,0.0,1.0,1.0,bpi2019,native,ours_noinflate,11447536924.4,1.0,4.8,20.6,45518.4,21419.3,0.0,98430.2,41150.2,0.021,22787.6,331536792.4,always_compile_evict,1.0
h=0.1/q0=0.4/p=0.5/r=1/sig=0/cf=1,A_core,0.1,0.4,0.5,1.0,0.0,1.0,1.0,bpi2019,native,oracle_tax,19383027079.5,1.693205,33.3,35.3,710.7,322.8,0.0,1475.6,523.1,0.005,354.6,5159075.4,always_compile_evict,1.0
h=0.1/q0=0.4/p=0.5/r=1/sig=0/cf=1,A_core,0.1,0.4,0.5,1.0,0.0,1.0,1.0,bpi2019,native,ours_spend_cap,18091377160.8,1.580373,1.2,14.4,10674.7,4070.2,0.0,18690.4,6542.5,0.007,5350.5,77844424.5,always_compile_evict,1.0
h=0.1/q0=0.4/p=0.5/r=1/sig=0/cf=1,A_core,0.1,0.4,0.5,1.0,0.0,1.0,1.0,bpi2019,native,ours_pi_prior,11530202820.7,1.007221,4.8,20.5,44821.3,21104.8,0.0,97005.7,40511.3,0.021,22435.1,326408269.9,always_compile_evict,1.0
h=0.1/q0=0.4/p=0.5/r=1/sig=0/cf=1,A_core,0.1,0.4,0.5,1.0,0.0,1.0,1.0,bpi2019,native,ours_both,18099219485.3,1.581058,1.2,13.9,10556.6,4041.0,0.0,18566.6,6483.7,0.007,5290.6,76972939.4,always_compile_evict,1.0
h=0.1/q0=0.4/p=0.5/r=1/sig=0/cf=1,A_core,0.1,0.4,0.5,1.0,0.0,1.0,1.0,bpi2019,native,breakeven,19369583313.8,1.692031,0.0,6.3,3972.6,497.7,0.0,2245.2,1994.0,0.005,1990.1,28953964.9,always_compile_evict,1.0
h=0.1/q0=0.4/p=0.5/r=1/sig=0/cf=1,A_core,0.1,0.4,0.5,1.0,0.0,1.0,1.0,bpi2019,native,breakeven_cap,19374802462.1,1.692487,0.0,6.3,3937.9,480.2,0.0,2154.1,1976.2,0.005,1974.1,28721180.9,always_compile_evict,1.0
h=0.1/q0=0.4/p=0.5/r=1/sig=0/cf=1,A_core,0.1,0.4,0.5,1.0,0.0,1.0,1.0,bpi2019,native,offline_taxblind,10152411753.325,0.886864,,,,,,,,,,,always_compile_evict,1.0
h=0.1/q0=0.4/p=0.5/r=1/sig=0/cf=1,A_core,0.1,0.4,0.5,1.0,0.0,1.0,1.0,bpi2019,native,offline_opt_tax,10289669595.092,0.898854,,,,,,,,,,,always_compile_evict,1.0
h=0.1/q0=0.4/p=0.5/r=1/sig=0/cf=1,A_core,0.1,0.4,0.5,1.0,0.0,1.0,1.0,sepsis,autorpa_233k,always_reactive,77101119.0,0.992862,0.0,0.0,0.0,0.0,0.0,0.0,0.0,0.005,0.0,0.0,always_reactive,0.89436
h=0.1/q0=0.4/p=0.5/r=1/sig=0/cf=1,A_core,0.1,0.4,0.5,1.0,0.0,1.0,1.0,sepsis,autorpa_233k,always_compile_evict,86208138.8,1.110137,14.4,15.8,55.7,10.0,0.0,51.2,50.9,0.013,28.2,6570600.0,always_reactive,0.89436
h=0.1/q0=0.4/p=0.5/r=1/sig=0/cf=1,A_core,0.1,0.4,0.5,1.0,0.0,1.0,1.0,sepsis,autorpa_233k,ours_noinflate,77655414.1,1.0,1.0,1.6,4.4,1.0,0.0,4.3,3.7,0.006,2.4,559200.0,always_reactive,0.89436
h=0.1/q0=0.4/p=0.5/r=1/sig=0/cf=1,A_core,0.1,0.4,0.5,1.0,0.0,1.0,1.0,sepsis,autorpa_233k,oracle_tax,77164225.2,0.993675,0.3,1.0,1.9,0.7,0.0,4.6,1.0,0.005,0.9,209700.0,always_reactive,0.89436
h=0.1/q0=0.4/p=0.5/r=1/sig=0/cf=1,A_core,0.1,0.4,0.5,1.0,0.0,1.0,1.0,sepsis,autorpa_233k,ours_spend_cap,77655414.1,1.0,1.0,1.6,4.4,1.0,0.0,4.3,3.7,0.006,2.4,559200.0,always_reactive,0.89436
h=0.1/q0=0.4/p=0.5/r=1/sig=0/cf=1,A_core,0.1,0.4,0.5,1.0,0.0,1.0,1.0,sepsis,autorpa_233k,ours_pi_prior,77505546.6,0.99807,0.4,0.8,3.1,0.6,0.0,3.1,2.4,0.005,2.1,489300.0,always_reactive,0.89436
h=0.1/q0=0.4/p=0.5/r=1/sig=0/cf=1,A_core,0.1,0.4,0.5,1.0,0.0,1.0,1.0,sepsis,autorpa_233k,ours_both,77505546.6,0.99807,0.4,0.8,3.1,0.6,0.0,3.1,2.4,0.005,2.1,489300.0,always_reactive,0.89436
h=0.1/q0=0.4/p=0.5/r=1/sig=0/cf=1,A_core,0.1,0.4,0.5,1.0,0.0,1.0,1.0,sepsis,autorpa_233k,breakeven,77937555.2,1.003633,1.6,2.7,6.9,1.8,0.0,10.2,5.6,0.006,3.1,722300.0,always_reactive,0.89436
h=0.1/q0=0.4/p=0.5/r=1/sig=0/cf=1,A_core,0.1,0.4,0.5,1.0,0.0,1.0,1.0,sepsis,autorpa_233k,breakeven_cap,77937555.2,1.003633,1.6,2.7,6.9,1.8,0.0,10.2,5.6,0.006,3.1,722300.0,always_reactive,0.89436
h=0.1/q0=0.4/p=0.5/r=1/sig=0/cf=1,A_core,0.1,0.4,0.5,1.0,0.0,1.0,1.0,sepsis,autorpa_233k,offline_taxblind,77101119.0,0.992862,,,,,,,,,,,always_reactive,0.89436
h=0.1/q0=0.4/p=0.5/r=1/sig=0/cf=1,A_core,0.1,0.4,0.5,1.0,0.0,1.0,1.0,sepsis,autorpa_233k,offline_opt_tax,77101119.0,0.992862,,,,,,,,,,,always_reactive,0.89436
h=0.1/q0=0.4/p=0.5/r=1/sig=0/cf=1,A_core,0.1,0.4,0.5,1.0,0.0,1.0,1.0,sepsis,native,always_reactive,77101119.0,1.044852,0.0,0.0,0.0,0.0,0.0,0.0,0.0,0.005,0.0,0.0,always_compile_evict,1.0
h=0.1/q0=0.4/p=0.5/r=1/sig=0/cf=1,A_core,0.1,0.4,0.5,1.0,0.0,1.0,1.0,sepsis,native,always_compile_evict,73791396.6,1.0,7.6,9.9,55.7,10.0,0.0,51.2,29.4,0.011,28.2,410281.8,always_compile_evict,1.0
h=0.1/q0=0.4/p=0.5/r=1/sig=0/cf=1,A_core,0.1,0.4,0.5,1.0,0.0,1.0,1.0,sepsis,native,ours_noinflate,73791396.6,1.0,7.6,9.9,55.7,10.0,0.0,51.2,29.4,0.011,28.2,410281.8,always_compile_evict,1.0
h=0.1/q0=0.4/p=0.5/r=1/sig=0/cf=1,A_core,0.1,0.4,0.5,1.0,0.0,1.0,1.0,sepsis,native,oracle_tax,73981061.0,1.00257,10.1,10.8,38.5,8.8,0.0,45.8,21.0,0.012,19.6,285160.4,always_compile_evict,1.0
h=0.1/q0=0.4/p=0.5/r=1/sig=0/cf=1,A_core,0.1,0.4,0.5,1.0,0.0,1.0,1.0,sepsis,native,ours_spend_cap,73791396.6,1.0,7.6,9.9,55.7,10.0,0.0,51.2,29.4,0.011,28.2,410281.8,always_compile_evict,1.0
h=0.1/q0=0.4/p=0.5/r=1/sig=0/cf=1,A_core,0.1,0.4,0.5,1.0,0.0,1.0,1.0,sepsis,native,ours_pi_prior,73804933.8,1.000183,7.4,10.0,55.3,9.9,0.0,50.7,29.3,0.011,28.1,408826.9,always_compile_evict,1.0
h=0.1/q0=0.4/p=0.5/r=1/sig=0/cf=1,A_core,0.1,0.4,0.5,1.0,0.0,1.0,1.0,sepsis,native,ours_both,73804933.8,1.000183,7.4,10.0,55.3,9.9,0.0,50.7,29.3,0.011,28.1,408826.9,always_compile_evict,1.0
h=0.1/q0=0.4/p=0.5/r=1/sig=0/cf=1,A_core,0.1,0.4,0.5,1.0,0.0,1.0,1.0,sepsis,native,breakeven,76058496.2,1.030723,3.3,5.7,45.4,4.4,0.0,20.9,22.7,0.008,22.5,327352.5,always_compile_evict,1.0
h=0.1/q0=0.4/p=0.5/r=1/sig=0/cf=1,A_core,0.1,0.4,0.5,1.0,0.0,1.0,1.0,sepsis,native,breakeven_cap,76058496.2,1.030723,3.3,5.7,45.4,4.4,0.0,20.9,22.7,0.008,22.5,327352.5,always_compile_evict,1.0
h=0.1/q0=0.4/p=0.5/r=1/sig=0/cf=1,A_core,0.1,0.4,0.5,1.0,0.0,1.0,1.0,sepsis,native,offline_taxblind,61250027.94,0.830043,,,,,,,,,,,always_compile_evict,1.0
h=0.1/q0=0.4/p=0.5/r=1/sig=0/cf=1,A_core,0.1,0.4,0.5,1.0,0.0,1.0,1.0,sepsis,native,offline_opt_tax,61976565.273,0.839889,,,,,,,,,,,always_compile_evict,1.0
h=0.1/q0=0.4/p=0.5/r=1/sig=0/cf=1,A_core,0.1,0.4,0.5,1.0,0.0,1.0,1.0,wiki_A,autorpa_233k,always_reactive,5261420180.0,0.999751,0.0,0.0,0.0,0.0,0.0,0.0,0.0,0.005,0.0,0.0,always_reactive,0.927898
h=0.1/q0=0.4/p=0.5/r=1/sig=0/cf=1,A_core,0.1,0.4,0.5,1.0,0.0,1.0,1.0,wiki_A,autorpa_233k,always_compile_evict,5670254419.3,1.077435,15.8,45.7,11780.3,5676.4,0.0,26059.9,11431.5,0.022,5880.4,1370133200.0,always_reactive,0.927898
h=0.1/q0=0.4/p=0.5/r=1/sig=0/cf=1,A_core,0.1,0.4,0.5,1.0,0.0,1.0,1.0,wiki_A,autorpa_233k,ours_noinflate,5262732519.3,1.0,0.3,3.5,273.3,124.6,0.0,582.7,237.7,0.005,138.4,32247200.0,always_reactive,0.927898
h=0.1/q0=0.4/p=0.5/r=1/sig=0/cf=1,A_core,0.1,0.4,0.5,1.0,0.0,1.0,1.0,wiki_A,autorpa_233k,oracle_tax,5260845153.8,0.999641,0.4,1.0,62.5,29.2,0.0,134.5,45.0,0.005,32.9,7665700.0,always_reactive,0.927898
h=0.1/q0=0.4/p=0.5/r=1/sig=0/cf=1,A_core,0.1,0.4,0.5,1.0,0.0,1.0,1.0,wiki_A,autorpa_233k,ours_spend_cap,5264063175.2,1.000253,0.0,3.0,87.9,34.7,0.0,164.4,66.0,0.005,45.1,10508300.0,always_reactive,0.927898
h=0.1/q0=0.4/p=0.5/r=1/sig=0/cf=1,A_core,0.1,0.4,0.5,1.0,0.0,1.0,1.0,wiki_A,autorpa_233k,ours_pi_prior,5272627022.2,1.00188,0.1,5.8,163.5,64.5,0.0,297.4,133.3,0.006,82.9,19315700.0,always_reactive,0.927898
h=0.1/q0=0.4/p=0.5/r=1/sig=0/cf=1,A_core,0.1,0.4,0.5,1.0,0.0,1.0,1.0,wiki_A,autorpa_233k,ours_both,5272491862.4,1.001854,0.0,5.7,115.0,42.3,0.0,189.9,93.6,0.005,58.4,13607200.0,always_reactive,0.927898
h=0.1/q0=0.4/p=0.5/r=1/sig=0/cf=1,A_core,0.1,0.4,0.5,1.0,0.0,1.0,1.0,wiki_A,autorpa_233k,breakeven,5373427744.3,1.021034,0.1,6.8,2496.3,1186.3,0.0,5428.9,2221.2,0.006,1240.8,289106400.0,always_reactive,0.927898
h=0.1/q0=0.4/p=0.5/r=1/sig=0/cf=1,A_core,0.1,0.4,0.5,1.0,0.0,1.0,1.0,wiki_A,autorpa_233k,breakeven_cap,5291886341.4,1.00554,0.0,5.4,260.2,85.1,0.0,374.1,216.7,0.005,131.4,30616200.0,always_reactive,0.927898
h=0.1/q0=0.4/p=0.5/r=1/sig=0/cf=1,A_core,0.1,0.4,0.5,1.0,0.0,1.0,1.0,wiki_A,autorpa_233k,offline_taxblind,5124080601.471,0.973654,,,,,,,,,,,always_reactive,0.927898
h=0.1/q0=0.4/p=0.5/r=1/sig=0/cf=1,A_core,0.1,0.4,0.5,1.0,0.0,1.0,1.0,wiki_A,autorpa_233k,offline_opt_tax,5135353683.179,0.975796,,,,,,,,,,,always_reactive,0.927898
h=0.1/q0=0.4/p=0.5/r=1/sig=0/cf=1,A_core,0.1,0.4,0.5,1.0,0.0,1.0,1.0,wiki_A,native,always_reactive,5261420180.0,1.744031,0.0,0.0,0.0,0.0,0.0,0.0,0.0,0.005,0.0,0.0,always_compile_evict,1.0
h=0.1/q0=0.4/p=0.5/r=1/sig=0/cf=1,A_core,0.1,0.4,0.5,1.0,0.0,1.0,1.0,wiki_A,native,always_compile_evict,3016694588.0,0.99996,3.6,14.8,11780.3,5676.4,0.0,26059.9,10691.4,0.015,5880.4,85553939.6,always_compile_evict,1.0
h=0.1/q0=0.4/p=0.5/r=1/sig=0/cf=1,A_core,0.1,0.4,0.5,1.0,0.0,1.0,1.0,wiki_A,native,ours_noinflate,3016816472.3,1.0,3.6,14.7,11777.9,5676.2,0.0,26058.3,10690.0,0.015,5879.1,85535025.9,always_compile_evict,1.0
h=0.1/q0=0.4/p=0.5/r=1/sig=0/cf=1,A_core,0.1,0.4,0.5,1.0,0.0,1.0,1.0,wiki_A,native,oracle_tax,5094049639.6,1.688551,6.7,7.4,818.0,399.5,0.0,1805.3,618.4,0.005,411.8,5991278.2,always_compile_evict,1.0
h=0.1/q0=0.4/p=0.5/r=1/sig=0/cf=1,A_core,0.1,0.4,0.5,1.0,0.0,1.0,1.0,wiki_A,native,ours_spend_cap,4932792998.4,1.635099,0.9,13.1,2271.3,923.8,0.0,4188.9,1396.1,0.007,1138.3,16561126.7,always_compile_evict,1.0
h=0.1/q0=0.4/p=0.5/r=1/sig=0/cf=1,A_core,0.1,0.4,0.5,1.0,0.0,1.0,1.0,wiki_A,native,ours_pi_prior,3017667464.7,1.000282,3.5,14.7,11766.5,5673.4,0.0,26044.8,10682.0,0.015,5874.4,85466645.6,always_compile_evict,1.0
h=0.1/q0=0.4/p=0.5/r=1/sig=0/cf=1,A_core,0.1,0.4,0.5,1.0,0.0,1.0,1.0,wiki_A,native,ours_both,4933499070.6,1.635333,0.9,13.0,2261.4,921.1,0.0,4177.5,1391.2,0.007,1134.1,16500020.9,always_compile_evict,1.0
h=0.1/q0=0.4/p=0.5/r=1/sig=0/cf=1,A_core,0.1,0.4,0.5,1.0,0.0,1.0,1.0,wiki_A,native,breakeven,4703322132.6,1.559035,0.0,6.2,3654.6,1587.8,0.0,7275.6,2957.1,0.006,1817.9,26448627.1,always_compile_evict,1.0
h=0.1/q0=0.4/p=0.5/r=1/sig=0/cf=1,A_core,0.1,0.4,0.5,1.0,0.0,1.0,1.0,wiki_A,native,breakeven_cap,5142136531.8,1.704491,0.0,6.2,1166.2,339.1,0.0,1520.7,604.1,0.005,582.5,8474792.5,always_compile_evict,1.0
h=0.1/q0=0.4/p=0.5/r=1/sig=0/cf=1,A_core,0.1,0.4,0.5,1.0,0.0,1.0,1.0,wiki_A,native,offline_taxblind,2713040953.88,0.899306,,,,,,,,,,,always_compile_evict,1.0
h=0.1/q0=0.4/p=0.5/r=1/sig=0/cf=1,A_core,0.1,0.4,0.5,1.0,0.0,1.0,1.0,wiki_A,native,offline_opt_tax,2730883143.293,0.90522,,,,,,,,,,,always_compile_evict,1.0
h=0.1/q0=0.4/p=0.5/r=1/sig=0/cf=1,A_core,0.1,0.4,0.5,1.0,0.0,1.0,1.0,wiki_B,autorpa_233k,always_reactive,7373315056.0,0.994555,0.0,0.0,0.0,0.0,0.0,0.0,0.0,0.005,0.0,0.0,always_reactive,0.845157
h=0.1/q0=0.4/p=0.5/r=1/sig=0/cf=1,A_core,0.1,0.4,0.5,1.0,0.0,1.0,1.0,wiki_B,autorpa_233k,always_compile_evict,8724197688.4,1.17677,88.9,101.3,7297.9,2488.1,0.0,11251.9,7174.2,0.075,3643.5,848935500.0,always_reactive,0.845157
h=0.1/q0=0.4/p=0.5/r=1/sig=0/cf=1,A_core,0.1,0.4,0.5,1.0,0.0,1.0,1.0,wiki_B,autorpa_233k,ours_noinflate,7413683084.5,1.0,4.0,9.4,380.0,146.4,0.0,685.0,363.7,0.009,186.3,43407900.0,always_reactive,0.845157
h=0.1/q0=0.4/p=0.5/r=1/sig=0/cf=1,A_core,0.1,0.4,0.5,1.0,0.0,1.0,1.0,wiki_B,autorpa_233k,oracle_tax,7373315056.0,0.994555,0.0,0.0,0.0,0.0,0.0,0.0,0.0,0.005,0.0,0.0,always_reactive,0.845157
h=0.1/q0=0.4/p=0.5/r=1/sig=0/cf=1,A_core,0.1,0.4,0.5,1.0,0.0,1.0,1.0,wiki_B,autorpa_233k,ours_spend_cap,7408620192.2,0.999317,2.8,8.2,238.0,79.4,0.0,384.2,221.7,0.008,114.8,26748400.0,always_reactive,0.845157
h=0.1/q0=0.4/p=0.5/r=1/sig=0/cf=1,A_core,0.1,0.4,0.5,1.0,0.0,1.0,1.0,wiki_B,autorpa_233k,ours_pi_prior,7452033658.7,1.005173,7.3,12.1,467.2,149.4,0.0,698.5,449.4,0.011,234.9,54731700.0,always_reactive,0.845157
h=0.1/q0=0.4/p=0.5/r=1/sig=0/cf=1,A_core,0.1,0.4,0.5,1.0,0.0,1.0,1.0,wiki_B,autorpa_233k,ours_both,7445878035.8,1.004343,5.7,10.9,352.7,97.0,0.0,464.8,336.4,0.01,177.0,41241000.0,always_reactive,0.845157
h=0.1/q0=0.4/p=0.5/r=1/sig=0/cf=1,A_core,0.1,0.4,0.5,1.0,0.0,1.0,1.0,wiki_B,autorpa_233k,breakeven,7517988112.3,1.014069,4.1,9.6,813.1,182.8,0.0,829.8,756.0,0.008,408.8,95250400.0,always_reactive,0.845157
h=0.1/q0=0.4/p=0.5/r=1/sig=0/cf=1,A_core,0.1,0.4,0.5,1.0,0.0,1.0,1.0,wiki_B,autorpa_233k,breakeven_cap,7488560341.5,1.0101,4.0,8.3,587.2,109.6,0.0,498.4,553.0,0.008,295.2,68781600.0,always_reactive,0.845157
h=0.1/q0=0.4/p=0.5/r=1/sig=0/cf=1,A_core,0.1,0.4,0.5,1.0,0.0,1.0,1.0,wiki_B,autorpa_233k,offline_taxblind,7344017216.433,0.990603,,,,,,,,,,,always_reactive,0.845157
h=0.1/q0=0.4/p=0.5/r=1/sig=0/cf=1,A_core,0.1,0.4,0.5,1.0,0.0,1.0,1.0,wiki_B,autorpa_233k,offline_opt_tax,7363316964.565,0.993206,,,,,,,,,,,always_reactive,0.845157
h=0.1/q0=0.4/p=0.5/r=1/sig=0/cf=1,A_core,0.1,0.4,0.5,1.0,0.0,1.0,1.0,wiki_B,native,always_reactive,7373315056.0,1.120902,0.0,0.0,0.0,0.0,0.0,0.0,0.0,0.005,0.0,0.0,always_compile_evict,1.0
h=0.1/q0=0.4/p=0.5/r=1/sig=0/cf=1,A_core,0.1,0.4,0.5,1.0,0.0,1.0,1.0,wiki_B,native,always_compile_evict,6577931226.8,0.999986,8.6,19.2,7297.9,2488.1,0.0,11251.9,5092.8,0.016,3643.5,53009281.5,always_compile_evict,1.0
h=0.1/q0=0.4/p=0.5/r=1/sig=0/cf=1,A_core,0.1,0.4,0.5,1.0,0.0,1.0,1.0,wiki_B,native,ours_noinflate,6578020416.5,1.0,8.6,19.2,7295.4,2487.7,0.0,11249.8,5091.0,0.016,3642.0,52987458.0,always_compile_evict,1.0
h=0.1/q0=0.4/p=0.5/r=1/sig=0/cf=1,A_core,0.1,0.4,0.5,1.0,0.0,1.0,1.0,wiki_B,native,oracle_tax,7347153167.8,1.116925,33.5,34.1,253.3,93.0,0.0,416.2,177.2,0.006,126.8,1844813.2,always_compile_evict,1.0
h=0.1/q0=0.4/p=0.5/r=1/sig=0/cf=1,A_core,0.1,0.4,0.5,1.0,0.0,1.0,1.0,wiki_B,native,ours_spend_cap,6781125008.9,1.030876,6.0,15.8,6094.8,1895.9,0.0,8603.4,3874.3,0.013,3046.6,44324983.4,always_compile_evict,1.0
h=0.1/q0=0.4/p=0.5/r=1/sig=0/cf=1,A_core,0.1,0.4,0.5,1.0,0.0,1.0,1.0,wiki_B,native,ours_pi_prior,6580617977.8,1.000395,8.8,19.4,7227.3,2474.2,0.0,11194.9,5055.2,0.015,3606.8,52475333.2,always_compile_evict,1.0
h=0.1/q0=0.4/p=0.5/r=1/sig=0/cf=1,A_core,0.1,0.4,0.5,1.0,0.0,1.0,1.0,wiki_B,native,ours_both,6783703349.7,1.031268,6.4,15.9,6027.4,1882.6,0.0,8549.3,3839.3,0.013,3011.7,43817223.3,always_compile_evict,1.0
h=0.1/q0=0.4/p=0.5/r=1/sig=0/cf=1,A_core,0.1,0.4,0.5,1.0,0.0,1.0,1.0,wiki_B,native,breakeven,7325400385.1,1.113618,0.0,6.2,3166.4,265.3,0.0,1211.9,1598.9,0.006,1585.8,23071804.2,always_compile_evict,1.0
h=0.1/q0=0.4/p=0.5/r=1/sig=0/cf=1,A_core,0.1,0.4,0.5,1.0,0.0,1.0,1.0,wiki_B,native,breakeven_cap,7325881874.1,1.113691,0.0,6.2,3163.5,264.0,0.0,1204.7,1596.9,0.006,1584.6,23054345.4,always_compile_evict,1.0
h=0.1/q0=0.4/p=0.5/r=1/sig=0/cf=1,A_core,0.1,0.4,0.5,1.0,0.0,1.0,1.0,wiki_B,native,offline_taxblind,5538318004.361,0.841943,,,,,,,,,,,always_compile_evict,1.0
h=0.1/q0=0.4/p=0.5/r=1/sig=0/cf=1,A_core,0.1,0.4,0.5,1.0,0.0,1.0,1.0,wiki_B,native,offline_opt_tax,5572923958.891,0.847204,,,,,,,,,,,always_compile_evict,1.0
h=0.1/q0=0.4/p=0.5/r=1/sig=0/cf=2.08299,A_core,0.1,0.4,0.5,1.0,0.0,1.0,2.0829936590907905,bpi2019,autorpa_233k,always_reactive,19497801224.0,0.98005,0.0,0.0,0.0,0.0,0.0,0.0,0.0,0.005,0.0,0.0,always_reactive,0.685509
h=0.1/q0=0.4/p=0.5/r=1/sig=0/cf=2.08299,A_core,0.1,0.4,0.5,1.0,0.0,1.0,2.0829936590907905,bpi2019,autorpa_233k,always_compile_evict,28442802073.63,1.429667,58.9,94.0,45577.8,21432.0,0.0,98481.2,45390.2,0.054,22817.0,11073946252.438,always_reactive,0.685509
h=0.1/q0=0.4/p=0.5/r=1/sig=0/cf=2.08299,A_core,0.1,0.4,0.5,1.0,0.0,1.0,2.0829936590907905,bpi2019,autorpa_233k,ours_noinflate,19894707027.586,1.0,3.2,10.2,2886.6,1375.8,0.0,6333.1,2855.4,0.008,1430.6,694323859.786,always_reactive,0.685509
h=0.1/q0=0.4/p=0.5/r=1/sig=0/cf=2.08299,A_core,0.1,0.4,0.5,1.0,0.0,1.0,2.0829936590907905,bpi2019,autorpa_233k,oracle_tax,19500336780.478,0.980177,0.9,3.1,20.4,9.4,0.0,45.0,14.3,0.005,10.1,4901908.978,always_reactive,0.685509
h=0.1/q0=0.4/p=0.5/r=1/sig=0/cf=2.08299,A_core,0.1,0.4,0.5,1.0,0.0,1.0,2.0829936590907905,bpi2019,autorpa_233k,ours_spend_cap,19616948478.691,0.986039,2.0,8.7,398.0,125.8,0.0,574.5,368.4,0.007,199.0,96582166.991,always_reactive,0.685509
h=0.1/q0=0.4/p=0.5/r=1/sig=0/cf=2.08299,A_core,0.1,0.4,0.5,1.0,0.0,1.0,2.0829936590907905,bpi2019,autorpa_233k,ours_pi_prior,19885317700.097,0.999528,6.2,12.0,2225.5,990.4,0.0,4586.9,2188.5,0.009,1103.2,535424354.897,always_reactive,0.685509
h=0.1/q0=0.4/p=0.5/r=1/sig=0/cf=2.08299,A_core,0.1,0.4,0.5,1.0,0.0,1.0,2.0829936590907905,bpi2019,autorpa_233k,ours_both,19690357122.168,0.989728,4.4,9.8,581.0,176.3,0.0,812.9,551.6,0.008,286.6,139097733.968,always_reactive,0.685509
h=0.1/q0=0.4/p=0.5/r=1/sig=0/cf=2.08299,A_core,0.1,0.4,0.5,1.0,0.0,1.0,2.0829936590907905,bpi2019,autorpa_233k,breakeven,19935568899.472,1.002054,1.1,8.8,1413.8,298.9,0.0,1371.5,1307.7,0.007,716.6,347792868.672,always_reactive,0.685509
h=0.1/q0=0.4/p=0.5/r=1/sig=0/cf=2.08299,A_core,0.1,0.4,0.5,1.0,0.0,1.0,2.0829936590907905,bpi2019,autorpa_233k,breakeven_cap,19743188930.36,0.992384,0.8,6.2,740.6,122.5,0.0,564.1,698.0,0.006,377.1,183020779.76,always_reactive,0.685509
h=0.1/q0=0.4/p=0.5/r=1/sig=0/cf=2.08299,A_core,0.1,0.4,0.5,1.0,0.0,1.0,2.0829936590907905,bpi2019,autorpa_233k,offline_taxblind,19013220215.239,0.955692,,,,,,,,,,,always_reactive,0.685509
h=0.1/q0=0.4/p=0.5/r=1/sig=0/cf=2.08299,A_core,0.1,0.4,0.5,1.0,0.0,1.0,2.0829936590907905,bpi2019,autorpa_233k,offline_opt_tax,19079003981.066,0.958999,,,,,,,,,,,always_reactive,0.685509
h=0.1/q0=0.4/p=0.5/r=1/sig=0/cf=2.08299,A_core,0.1,0.4,0.5,1.0,0.0,1.0,2.0829936590907905,bpi2019,native,always_reactive,19497801224.0,1.651434,0.0,0.0,0.0,0.0,0.0,0.0,0.0,0.005,0.0,0.0,always_compile_evict,1.0
h=0.1/q0=0.4/p=0.5/r=1/sig=0/cf=2.08299,A_core,0.1,0.4,0.5,1.0,0.0,1.0,2.0829936590907905,bpi2019,native,always_compile_evict,11804717774.084,0.999841,4.9,20.6,45577.8,21432.0,0.0,98481.2,41181.7,0.02,22817.0,691480017.282,always_compile_evict,1.0
h=0.1/q0=0.4/p=0.5/r=1/sig=0/cf=2.08299,A_core,0.1,0.4,0.5,1.0,0.0,1.0,2.0829936590907905,bpi2019,native,ours_noinflate,11806589168.326,1.0,4.8,20.6,45518.4,21419.3,0.0,98430.2,41150.2,0.02,22787.6,690589036.324,always_compile_evict,1.0
h=0.1/q0=0.4/p=0.5/r=1/sig=0/cf=2.08299,A_core,0.1,0.4,0.5,1.0,0.0,1.0,2.0829936590907905,bpi2019,native,oracle_tax,19388614325.445,1.642186,33.3,35.3,710.7,322.8,0.0,1475.6,523.1,0.005,354.6,10746321.345,always_compile_evict,1.0
h=0.1/q0=0.4/p=0.5/r=1/sig=0/cf=2.08299,A_core,0.1,0.4,0.5,1.0,0.0,1.0,2.0829936590907905,bpi2019,native,ours_spend_cap,18566945574.136,1.572592,0.0,12.5,8275.1,2909.1,0.0,13355.1,4604.6,0.006,4146.5,125661651.035,always_compile_evict,1.0
h=0.1/q0=0.4/p=0.5/r=1/sig=0/cf=2.08299,A_core,0.1,0.4,0.5,1.0,0.0,1.0,2.0829936590907905,bpi2019,native,ours_pi_prior,11883700907.278,1.006531,4.8,20.5,44821.3,21104.8,0.0,97005.7,40511.3,0.02,22435.1,679906356.476,always_compile_evict,1.0
h=0.1/q0=0.4/p=0.5/r=1/sig=0/cf=2.08299,A_core,0.1,0.4,0.5,1.0,0.0,1.0,2.0829936590907905,bpi2019,native,ours_both,18572806230.24,1.573088,0.0,12.5,8166.9,2885.5,0.0,13255.1,4550.2,0.006,4090.9,123976666.639,always_compile_evict,1.0
h=0.1/q0=0.4/p=0.5/r=1/sig=0/cf=2.08299,A_core,0.1,0.4,0.5,1.0,0.0,1.0,2.0829936590907905,bpi2019,native,breakeven,19400940274.193,1.64323,0.0,6.3,3972.6,497.7,0.0,2245.2,1994.0,0.005,1990.1,60310925.292,always_compile_evict,1.0
h=0.1/q0=0.4/p=0.5/r=1/sig=0/cf=2.08299,A_core,0.1,0.4,0.5,1.0,0.0,1.0,2.0829936590907905,bpi2019,native,breakeven_cap,19409645685.098,1.643967,0.0,6.2,3894.3,465.6,0.0,2096.9,1951.0,0.005,1950.3,59104767.397,always_compile_evict,1.0
h=0.1/q0=0.4/p=0.5/r=1/sig=0/cf=2.08299,A_core,0.1,0.4,0.5,1.0,0.0,1.0,2.0829936590907905,bpi2019,native,offline_taxblind,10152411753.325,0.859894,,,,,,,,,,,always_compile_evict,1.0
h=0.1/q0=0.4/p=0.5/r=1/sig=0/cf=2.08299,A_core,0.1,0.4,0.5,1.0,0.0,1.0,2.0829936590907905,bpi2019,native,offline_opt_tax,10289669595.092,0.871519,,,,,,,,,,,always_compile_evict,1.0
h=0.1/q0=0.4/p=0.5/r=1/sig=0/cf=2.08299,A_core,0.1,0.4,0.5,1.0,0.0,1.0,2.0829936590907905,sepsis,autorpa_233k,always_reactive,77101119.0,0.985179,0.0,0.0,0.0,0.0,0.0,0.0,0.0,0.005,0.0,0.0,always_reactive,0.826166
h=0.1/q0=0.4/p=0.5/r=1/sig=0/cf=2.08299,A_core,0.1,0.4,0.5,1.0,0.0,1.0,2.0829936590907905,sepsis,autorpa_233k,always_compile_evict,93324056.936,1.192472,14.4,15.8,55.7,10.0,0.0,51.2,50.9,0.012,28.2,13686518.136,always_reactive,0.826166
h=0.1/q0=0.4/p=0.5/r=1/sig=0/cf=2.08299,A_core,0.1,0.4,0.5,1.0,0.0,1.0,2.0829936590907905,sepsis,autorpa_233k,ours_noinflate,78261024.154,1.0,1.0,1.6,4.4,1.0,0.0,4.3,3.7,0.006,2.4,1164810.054,always_reactive,0.826166
h=0.1/q0=0.4/p=0.5/r=1/sig=0/cf=2.08299,A_core,0.1,0.4,0.5,1.0,0.0,1.0,2.0829936590907905,sepsis,autorpa_233k,oracle_tax,77391328.97,0.988887,0.3,1.0,1.9,0.7,0.0,4.6,1.0,0.005,0.9,436803.77,always_reactive,0.826166
h=0.1/q0=0.4/p=0.5/r=1/sig=0/cf=2.08299,A_core,0.1,0.4,0.5,1.0,0.0,1.0,2.0829936590907905,sepsis,autorpa_233k,ours_spend_cap,78261024.154,1.0,1.0,1.6,4.4,1.0,0.0,4.3,3.7,0.006,2.4,1164810.054,always_reactive,0.826166
h=0.1/q0=0.4/p=0.5/r=1/sig=0/cf=2.08299,A_core,0.1,0.4,0.5,1.0,0.0,1.0,2.0829936590907905,sepsis,autorpa_233k,ours_pi_prior,78035455.397,0.997118,0.4,0.8,3.1,0.6,0.0,3.1,2.4,0.005,2.1,1019208.797,always_reactive,0.826166
h=0.1/q0=0.4/p=0.5/r=1/sig=0/cf=2.08299,A_core,0.1,0.4,0.5,1.0,0.0,1.0,2.0829936590907905,sepsis,autorpa_233k,ours_both,78035455.397,0.997118,0.4,0.8,3.1,0.6,0.0,3.1,2.4,0.005,2.1,1019208.797,always_reactive,0.826166
h=0.1/q0=0.4/p=0.5/r=1/sig=0/cf=2.08299,A_core,0.1,0.4,0.5,1.0,0.0,1.0,2.0829936590907905,sepsis,autorpa_233k,breakeven,78719801.52,1.005862,1.6,2.7,6.9,1.8,0.0,10.2,5.6,0.006,3.1,1504546.32,always_reactive,0.826166
h=0.1/q0=0.4/p=0.5/r=1/sig=0/cf=2.08299,A_core,0.1,0.4,0.5,1.0,0.0,1.0,2.0829936590907905,sepsis,autorpa_233k,breakeven_cap,78556634.815,1.003777,1.3,2.2,6.0,1.4,0.0,8.0,4.9,0.006,2.9,1407478.815,always_reactive,0.826166
h=0.1/q0=0.4/p=0.5/r=1/sig=0/cf=2.08299,A_core,0.1,0.4,0.5,1.0,0.0,1.0,2.0829936590907905,sepsis,autorpa_233k,offline_taxblind,77101119.0,0.985179,,,,,,,,,,,always_reactive,0.826166
h=0.1/q0=0.4/p=0.5/r=1/sig=0/cf=2.08299,A_core,0.1,0.4,0.5,1.0,0.0,1.0,2.0829936590907905,sepsis,autorpa_233k,offline_opt_tax,77101119.0,0.985179,,,,,,,,,,,always_reactive,0.826166
h=0.1/q0=0.4/p=0.5/r=1/sig=0/cf=2.08299,A_core,0.1,0.4,0.5,1.0,0.0,1.0,2.0829936590907905,sepsis,native,always_reactive,77101119.0,1.038599,0.0,0.0,0.0,0.0,0.0,0.0,0.0,0.005,0.0,0.0,always_compile_evict,1.0
h=0.1/q0=0.4/p=0.5/r=1/sig=0/cf=2.08299,A_core,0.1,0.4,0.5,1.0,0.0,1.0,2.0829936590907905,sepsis,native,always_compile_evict,74235729.188,1.0,7.6,9.9,55.7,10.0,0.0,51.2,29.4,0.011,28.2,854614.388,always_compile_evict,1.0
h=0.1/q0=0.4/p=0.5/r=1/sig=0/cf=2.08299,A_core,0.1,0.4,0.5,1.0,0.0,1.0,2.0829936590907905,sepsis,native,ours_noinflate,74235729.188,1.0,7.6,9.9,55.7,10.0,0.0,51.2,29.4,0.011,28.2,854614.388,always_compile_evict,1.0
h=0.1/q0=0.4/p=0.5/r=1/sig=0/cf=2.08299,A_core,0.1,0.4,0.5,1.0,0.0,1.0,2.0829936590907905,sepsis,native,oracle_tax,74289887.905,1.00073,10.1,10.8,38.5,8.8,0.0,45.8,21.0,0.012,19.6,593987.305,always_compile_evict,1.0
h=0.1/q0=0.4/p=0.5/r=1/sig=0/cf=2.08299,A_core,0.1,0.4,0.5,1.0,0.0,1.0,2.0829936590907905,sepsis,native,ours_spend_cap,74235729.188,1.0,7.6,9.9,55.7,10.0,0.0,51.2,29.4,0.011,28.2,854614.388,always_compile_evict,1.0
h=0.1/q0=0.4/p=0.5/r=1/sig=0/cf=2.08299,A_core,0.1,0.4,0.5,1.0,0.0,1.0,2.0829936590907905,sepsis,native,ours_pi_prior,74247690.74,1.000161,7.4,10.0,55.3,9.9,0.0,50.7,29.3,0.011,28.1,851583.84,always_compile_evict,1.0
h=0.1/q0=0.4/p=0.5/r=1/sig=0/cf=2.08299,A_core,0.1,0.4,0.5,1.0,0.0,1.0,2.0829936590907905,sepsis,native,ours_both,74247690.74,1.000161,7.4,10.0,55.3,9.9,0.0,50.7,29.3,0.011,28.1,851583.84,always_compile_evict,1.0
h=0.1/q0=0.4/p=0.5/r=1/sig=0/cf=2.08299,A_core,0.1,0.4,0.5,1.0,0.0,1.0,2.0829936590907905,sepsis,native,breakeven,76413016.882,1.029329,3.3,5.7,45.4,4.4,0.0,20.9,22.7,0.008,22.5,681873.182,always_compile_evict,1.0
h=0.1/q0=0.4/p=0.5/r=1/sig=0/cf=2.08299,A_core,0.1,0.4,0.5,1.0,0.0,1.0,2.0829936590907905,sepsis,native,breakeven_cap,76413016.882,1.029329,3.3,5.7,45.4,4.4,0.0,20.9,22.7,0.008,22.5,681873.182,always_compile_evict,1.0
h=0.1/q0=0.4/p=0.5/r=1/sig=0/cf=2.08299,A_core,0.1,0.4,0.5,1.0,0.0,1.0,2.0829936590907905,sepsis,native,offline_taxblind,61250027.94,0.825075,,,,,,,,,,,always_compile_evict,1.0
h=0.1/q0=0.4/p=0.5/r=1/sig=0/cf=2.08299,A_core,0.1,0.4,0.5,1.0,0.0,1.0,2.0829936590907905,sepsis,native,offline_opt_tax,61976565.273,0.834862,,,,,,,,,,,always_compile_evict,1.0
h=0.1/q0=0.4/p=0.5/r=1/sig=0/cf=2.08299,A_core,0.1,0.4,0.5,1.0,0.0,1.0,2.0829936590907905,wiki_A,autorpa_233k,always_reactive,5261420180.0,0.99316,0.0,0.0,0.0,0.0,0.0,0.0,0.0,0.005,0.0,0.0,always_reactive,0.735441
h=0.1/q0=0.4/p=0.5/r=1/sig=0/cf=2.08299,A_core,0.1,0.4,0.5,1.0,0.0,1.0,2.0829936590907905,wiki_A,autorpa_233k,always_compile_evict,7154099987.009,1.350427,15.8,45.7,11780.3,5676.4,0.0,26059.9,11431.5,0.018,5880.4,2853978767.71,always_reactive,0.735441
h=0.1/q0=0.4/p=0.5/r=1/sig=0/cf=2.08299,A_core,0.1,0.4,0.5,1.0,0.0,1.0,2.0829936590907905,wiki_A,autorpa_233k,ours_noinflate,5297656032.423,1.0,0.3,3.5,273.3,124.6,0.0,582.7,237.7,0.005,138.4,67170713.123,always_reactive,0.735441
h=0.1/q0=0.4/p=0.5/r=1/sig=0/cf=2.08299,A_core,0.1,0.4,0.5,1.0,0.0,1.0,2.0829936590907905,wiki_A,autorpa_233k,oracle_tax,5269147058.292,0.994619,0.4,1.0,62.5,29.2,0.0,134.5,45.0,0.005,32.9,15967604.492,always_reactive,0.735441
h=0.1/q0=0.4/p=0.5/r=1/sig=0/cf=2.08299,A_core,0.1,0.4,0.5,1.0,0.0,1.0,2.0829936590907905,wiki_A,autorpa_233k,ours_spend_cap,5273254761.998,0.995394,0.0,2.9,77.4,30.3,0.0,148.0,57.2,0.005,39.8,19316433.398,always_reactive,0.735441
h=0.1/q0=0.4/p=0.5/r=1/sig=0/cf=2.08299,A_core,0.1,0.4,0.5,1.0,0.0,1.0,2.0829936590907905,wiki_A,autorpa_233k,ours_pi_prior,5293545802.821,0.999224,0.1,5.8,163.5,64.5,0.0,297.4,133.3,0.006,82.9,40234480.621,always_reactive,0.735441
h=0.1/q0=0.4/p=0.5/r=1/sig=0/cf=2.08299,A_core,0.1,0.4,0.5,1.0,0.0,1.0,2.0829936590907905,wiki_A,autorpa_233k,ours_both,5284916008.665,0.997595,0.0,5.3,100.3,35.5,0.0,159.8,82.3,0.005,51.6,25043416.165,always_reactive,0.735441
h=0.1/q0=0.4/p=0.5/r=1/sig=0/cf=2.08299,A_core,0.1,0.4,0.5,1.0,0.0,1.0,2.0829936590907905,wiki_A,autorpa_233k,breakeven,5686528142.303,1.073405,0.1,6.8,2496.3,1186.3,0.0,5428.9,2221.2,0.006,1240.8,602206798.003,always_reactive,0.735441
h=0.1/q0=0.4/p=0.5/r=1/sig=0/cf=2.08299,A_core,0.1,0.4,0.5,1.0,0.0,1.0,2.0829936590907905,wiki_A,autorpa_233k,breakeven_cap,5305896612.183,1.001556,0.0,4.9,175.7,52.8,0.0,237.6,146.6,0.005,90.1,43728910.783,always_reactive,0.735441
h=0.1/q0=0.4/p=0.5/r=1/sig=0/cf=2.08299,A_core,0.1,0.4,0.5,1.0,0.0,1.0,2.0829936590907905,wiki_A,autorpa_233k,offline_taxblind,5124080601.471,0.967235,,,,,,,,,,,always_reactive,0.735441
h=0.1/q0=0.4/p=0.5/r=1/sig=0/cf=2.08299,A_core,0.1,0.4,0.5,1.0,0.0,1.0,2.0829936590907905,wiki_A,autorpa_233k,offline_opt_tax,5135353683.179,0.969363,,,,,,,,,,,always_reactive,0.735441
h=0.1/q0=0.4/p=0.5/r=1/sig=0/cf=2.08299,A_core,0.1,0.4,0.5,1.0,0.0,1.0,2.0829936590907905,wiki_A,native,always_reactive,5261420180.0,1.692074,0.0,0.0,0.0,0.0,0.0,0.0,0.0,0.005,0.0,0.0,always_compile_evict,1.0
h=0.1/q0=0.4/p=0.5/r=1/sig=0/cf=2.08299,A_core,0.1,0.4,0.5,1.0,0.0,1.0,2.0829936590907905,wiki_A,native,always_compile_evict,3109348962.097,0.999967,3.6,14.8,11780.3,5676.4,0.0,26059.9,10691.4,0.015,5880.4,178208313.697,always_compile_evict,1.0
h=0.1/q0=0.4/p=0.5/r=1/sig=0/cf=2.08299,A_core,0.1,0.4,0.5,1.0,0.0,1.0,2.0829936590907905,wiki_A,native,ours_noinflate,3109450362.98,1.0,3.6,14.7,11777.9,5676.2,0.0,26058.3,10690.0,0.015,5879.1,178168916.58,always_compile_evict,1.0
h=0.1/q0=0.4/p=0.5/r=1/sig=0/cf=2.08299,A_core,0.1,0.4,0.5,1.0,0.0,1.0,2.0829936590907905,wiki_A,native,oracle_tax,5100538155.9,1.640334,6.7,7.4,818.0,399.5,0.0,1805.3,618.4,0.005,411.8,12479794.5,always_compile_evict,1.0
h=0.1/q0=0.4/p=0.5/r=1/sig=0/cf=2.08299,A_core,0.1,0.4,0.5,1.0,0.0,1.0,2.0829936590907905,wiki_A,native,ours_spend_cap,5044538926.701,1.622325,0.7,11.8,1702.5,649.5,0.0,2939.7,976.0,0.006,853.3,25859661.601,always_compile_evict,1.0
h=0.1/q0=0.4/p=0.5/r=1/sig=0/cf=2.08299,A_core,0.1,0.4,0.5,1.0,0.0,1.0,2.0829936590907905,wiki_A,native,ours_pi_prior,3110227299.949,1.00025,3.5,14.7,11766.5,5673.4,0.0,26044.8,10682.0,0.015,5874.4,178026480.849,always_compile_evict,1.0
h=0.1/q0=0.4/p=0.5/r=1/sig=0/cf=2.08299,A_core,0.1,0.4,0.5,1.0,0.0,1.0,2.0829936590907905,wiki_A,native,ours_both,5045048017.207,1.622489,0.5,11.8,1692.6,647.2,0.0,2929.2,971.1,0.006,849.1,25732378.607,always_compile_evict,1.0
h=0.1/q0=0.4/p=0.5/r=1/sig=0/cf=2.08299,A_core,0.1,0.4,0.5,1.0,0.0,1.0,2.0829936590907905,wiki_A,native,breakeven,4731965828.041,1.521801,0.0,6.2,3654.6,1587.8,0.0,7275.6,2957.1,0.006,1817.9,55092322.541,always_compile_evict,1.0
h=0.1/q0=0.4/p=0.5/r=1/sig=0/cf=2.08299,A_core,0.1,0.4,0.5,1.0,0.0,1.0,2.0829936590907905,wiki_A,native,breakeven_cap,5178320811.355,1.665349,0.0,6.2,1006.4,263.7,0.0,1167.0,510.0,0.005,502.7,15234562.155,always_compile_evict,1.0
h=0.1/q0=0.4/p=0.5/r=1/sig=0/cf=2.08299,A_core,0.1,0.4,0.5,1.0,0.0,1.0,2.0829936590907905,wiki_A,native,offline_taxblind,2713040953.88,0.872515,,,,,,,,,,,always_compile_evict,1.0
h=0.1/q0=0.4/p=0.5/r=1/sig=0/cf=2.08299,A_core,0.1,0.4,0.5,1.0,0.0,1.0,2.0829936590907905,wiki_A,native,offline_opt_tax,2730883143.293,0.878253,,,,,,,,,,,always_compile_evict,1.0
h=0.1/q0=0.4/p=0.5/r=1/sig=0/cf=2.08299,A_core,0.1,0.4,0.5,1.0,0.0,1.0,2.0829936590907905,wiki_B,autorpa_233k,always_reactive,7373315056.0,0.988288,0.0,0.0,0.0,0.0,0.0,0.0,0.0,0.005,0.0,0.0,always_reactive,0.764582
h=0.1/q0=0.4/p=0.5/r=1/sig=0/cf=2.08299,A_core,0.1,0.4,0.5,1.0,0.0,1.0,2.0829936590907905,wiki_B,autorpa_233k,always_compile_evict,9643589451.876,1.292586,88.9,101.3,7297.9,2488.1,0.0,11251.9,7174.2,0.068,3643.5,1768327263.477,always_reactive,0.764582
h=0.1/q0=0.4/p=0.5/r=1/sig=0/cf=2.08299,A_core,0.1,0.4,0.5,1.0,0.0,1.0,2.0829936590907905,wiki_B,autorpa_233k,ours_noinflate,7460693564.954,1.0,4.0,9.4,380.0,146.4,0.0,685.0,363.7,0.009,186.3,90418380.454,always_reactive,0.764582
h=0.1/q0=0.4/p=0.5/r=1/sig=0/cf=2.08299,A_core,0.1,0.4,0.5,1.0,0.0,1.0,2.0829936590907905,wiki_B,autorpa_233k,oracle_tax,7373315056.0,0.988288,0.0,0.0,0.0,0.0,0.0,0.0,0.0,0.005,0.0,0.0,always_reactive,0.764582
h=0.1/q0=0.4/p=0.5/r=1/sig=0/cf=2.08299,A_core,0.1,0.4,0.5,1.0,0.0,1.0,2.0829936590907905,wiki_B,autorpa_233k,ours_spend_cap,7432805205.847,0.996262,2.8,7.8,215.7,68.7,0.0,337.6,200.0,0.008,104.0,50475102.347,always_reactive,0.764582
h=0.1/q0=0.4/p=0.5/r=1/sig=0/cf=2.08299,A_core,0.1,0.4,0.5,1.0,0.0,1.0,2.0829936590907905,wiki_B,autorpa_233k,ours_pi_prior,7511307742.751,1.006784,7.3,12.1,467.2,149.4,0.0,698.5,449.4,0.011,234.9,114005784.051,always_reactive,0.764582
h=0.1/q0=0.4/p=0.5/r=1/sig=0/cf=2.08299,A_core,0.1,0.4,0.5,1.0,0.0,1.0,2.0829936590907905,wiki_B,autorpa_233k,ours_both,7483575136.519,1.003067,5.4,10.4,327.9,86.3,0.0,418.0,312.0,0.01,164.8,79983623.719,always_reactive,0.764582
h=0.1/q0=0.4/p=0.5/r=1/sig=0/cf=2.08299,A_core,0.1,0.4,0.5,1.0,0.0,1.0,2.0829936590907905,wiki_B,autorpa_233k,breakeven,7621143691.526,1.021506,4.1,9.6,813.1,182.8,0.0,829.8,756.0,0.008,408.8,198405979.226,always_reactive,0.764582
h=0.1/q0=0.4/p=0.5/r=1/sig=0/cf=2.08299,A_core,0.1,0.4,0.5,1.0,0.0,1.0,2.0829936590907905,wiki_B,autorpa_233k,breakeven_cap,7521724974.916,1.00818,2.9,7.6,453.9,78.6,0.0,364.6,429.8,0.007,228.9,111093758.916,always_reactive,0.764582
h=0.1/q0=0.4/p=0.5/r=1/sig=0/cf=2.08299,A_core,0.1,0.4,0.5,1.0,0.0,1.0,2.0829936590907905,wiki_B,autorpa_233k,offline_taxblind,7344017216.433,0.984361,,,,,,,,,,,always_reactive,0.764582
h=0.1/q0=0.4/p=0.5/r=1/sig=0/cf=2.08299,A_core,0.1,0.4,0.5,1.0,0.0,1.0,2.0829936590907905,wiki_B,autorpa_233k,offline_opt_tax,7363316964.565,0.986948,,,,,,,,,,,always_reactive,0.764582
h=0.1/q0=0.4/p=0.5/r=1/sig=0/cf=2.08299,A_core,0.1,0.4,0.5,1.0,0.0,1.0,2.0829936590907905,wiki_B,native,always_reactive,7373315056.0,1.111208,0.0,0.0,0.0,0.0,0.0,0.0,0.0,0.005,0.0,0.0,always_compile_evict,1.0
h=0.1/q0=0.4/p=0.5/r=1/sig=0/cf=2.08299,A_core,0.1,0.4,0.5,1.0,0.0,1.0,2.0829936590907905,wiki_B,native,always_compile_evict,6635339942.537,0.99999,8.6,19.2,7297.9,2488.1,0.0,11251.9,5092.8,0.015,3643.5,110417997.237,always_compile_evict,1.0
h=0.1/q0=0.4/p=0.5/r=1/sig=0/cf=2.08299,A_core,0.1,0.4,0.5,1.0,0.0,1.0,2.0829936590907905,wiki_B,native,ours_noinflate,6635405497.525,1.0,8.6,19.2,7295.4,2487.7,0.0,11249.8,5091.0,0.015,3642.0,110372539.025,always_compile_evict,1.0
h=0.1/q0=0.4/p=0.5/r=1/sig=0/cf=2.08299,A_core,0.1,0.4,0.5,1.0,0.0,1.0,2.0829936590907905,wiki_B,native,oracle_tax,7349151088.798,1.107566,33.5,34.1,253.3,93.0,0.0,416.2,177.2,0.006,126.8,3842734.198,always_compile_evict,1.0
h=0.1/q0=0.4/p=0.5/r=1/sig=0/cf=2.08299,A_core,0.1,0.4,0.5,1.0,0.0,1.0,2.0829936590907905,wiki_B,native,ours_spend_cap,6921409658.661,1.043103,4.0,14.7,5454.2,1588.4,0.0,7210.4,3258.9,0.011,2733.8,82849106.861,always_compile_evict,1.0
h=0.1/q0=0.4/p=0.5/r=1/sig=0/cf=2.08299,A_core,0.1,0.4,0.5,1.0,0.0,1.0,2.0829936590907905,wiki_B,native,ours_pi_prior,6637448430.914,1.000308,8.8,19.4,7227.3,2474.2,0.0,11194.9,5055.2,0.015,3606.8,109305786.314,always_compile_evict,1.0
h=0.1/q0=0.4/p=0.5/r=1/sig=0/cf=2.08299,A_core,0.1,0.4,0.5,1.0,0.0,1.0,2.0829936590907905,wiki_B,native,ours_both,6923222033.119,1.043376,4.0,14.7,5389.0,1576.4,0.0,7159.3,3225.0,0.011,2699.8,81818720.72,always_compile_evict,1.0
h=0.1/q0=0.4/p=0.5/r=1/sig=0/cf=2.08299,A_core,0.1,0.4,0.5,1.0,0.0,1.0,2.0829936590907905,wiki_B,native,breakeven,7350387002.752,1.107752,0.0,6.2,3166.4,265.3,0.0,1211.9,1598.9,0.006,1585.8,48058421.852,always_compile_evict,1.0
h=0.1/q0=0.4/p=0.5/r=1/sig=0/cf=2.08299,A_core,0.1,0.4,0.5,1.0,0.0,1.0,2.0829936590907905,wiki_B,native,breakeven_cap,7353855839.513,1.108275,0.0,6.2,3138.8,253.4,0.0,1155.8,1582.7,0.006,1573.5,47685664.513,always_compile_evict,1.0
h=0.1/q0=0.4/p=0.5/r=1/sig=0/cf=2.08299,A_core,0.1,0.4,0.5,1.0,0.0,1.0,2.0829936590907905,wiki_B,native,offline_taxblind,5538318004.361,0.834662,,,,,,,,,,,always_compile_evict,1.0
h=0.1/q0=0.4/p=0.5/r=1/sig=0/cf=2.08299,A_core,0.1,0.4,0.5,1.0,0.0,1.0,2.0829936590907905,wiki_B,native,offline_opt_tax,5572923958.891,0.839877,,,,,,,,,,,always_compile_evict,1.0
h=0.1/q0=0.4/p=0/r=1/sig=0.3/cf=1,D_sigma,0.1,0.4,0.0,1.0,0.3,3.0,1.0,bpi2019,autorpa_233k,always_reactive,19497801224.0,1.0,0.0,0.0,0.0,0.0,0.0,0.0,0.0,0.005,0.0,0.0,always_reactive,0.261097
h=0.1/q0=0.4/p=0/r=1/sig=0.3/cf=1,D_sigma,0.1,0.4,0.0,1.0,0.3,3.0,1.0,bpi2019,autorpa_233k,always_compile_evict,74676395224.0,3.829991,0.0,0.0,236818.0,0.0,0.0,0.0,236818.0,0.001,236818.0,55178594000.0,always_reactive,0.261097
h=0.1/q0=0.4/p=0/r=1/sig=0.3/cf=1,D_sigma,0.1,0.4,0.0,1.0,0.3,3.0,1.0,bpi2019,autorpa_233k,ours_noinflate,19497801224.0,1.0,0.0,0.0,0.0,0.0,0.0,0.0,0.0,0.005,0.0,0.0,always_reactive,0.261097
h=0.1/q0=0.4/p=0/r=1/sig=0.3/cf=1,D_sigma,0.1,0.4,0.0,1.0,0.3,3.0,1.0,bpi2019,autorpa_233k,oracle_tax,19497801224.0,1.0,0.0,0.0,0.0,0.0,0.0,0.0,0.0,0.005,0.0,0.0,always_reactive,0.261097
h=0.1/q0=0.4/p=0/r=1/sig=0.3/cf=1,D_sigma,0.1,0.4,0.0,1.0,0.3,3.0,1.0,bpi2019,autorpa_233k,ours_spend_cap,19497801224.0,1.0,0.0,0.0,0.0,0.0,0.0,0.0,0.0,0.005,0.0,0.0,always_reactive,0.261097
h=0.1/q0=0.4/p=0/r=1/sig=0.3/cf=1,D_sigma,0.1,0.4,0.0,1.0,0.3,3.0,1.0,bpi2019,autorpa_233k,ours_pi_prior,19497801224.0,1.0,0.0,0.0,0.0,0.0,0.0,0.0,0.0,0.005,0.0,0.0,always_reactive,0.261097
h=0.1/q0=0.4/p=0/r=1/sig=0.3/cf=1,D_sigma,0.1,0.4,0.0,1.0,0.3,3.0,1.0,bpi2019,autorpa_233k,ours_both,19497801224.0,1.0,0.0,0.0,0.0,0.0,0.0,0.0,0.0,0.005,0.0,0.0,always_reactive,0.261097
h=0.1/q0=0.4/p=0/r=1/sig=0.3/cf=1,D_sigma,0.1,0.4,0.0,1.0,0.3,3.0,1.0,bpi2019,autorpa_233k,breakeven,23998429224.0,1.230827,0.0,0.0,19316.0,0.0,0.0,0.0,19316.0,0.004,19316.0,4500628000.0,always_reactive,0.261097
h=0.1/q0=0.4/p=0/r=1/sig=0.3/cf=1,D_sigma,0.1,0.4,0.0,1.0,0.3,3.0,1.0,bpi2019,autorpa_233k,breakeven_cap,19597758224.0,1.005127,0.0,0.0,429.0,0.0,0.0,0.0,429.0,0.005,429.0,99957000.0,always_reactive,0.261097
h=0.1/q0=0.4/p=0/r=1/sig=0.3/cf=1,D_sigma,0.1,0.4,0.0,1.0,0.3,3.0,1.0,bpi2019,autorpa_233k,offline_taxblind,19497801224.0,1.0,,,,,,,,,,,always_reactive,0.261097
h=0.1/q0=0.4/p=0/r=1/sig=0.3/cf=1,D_sigma,0.1,0.4,0.0,1.0,0.3,3.0,1.0,bpi2019,autorpa_233k,offline_opt_tax,19497801224.0,1.0,,,,,,,,,,,always_reactive,0.261097
h=0.1/q0=0.4/p=0/r=1/sig=0.3/cf=1,D_sigma,0.1,0.4,0.0,1.0,0.3,3.0,1.0,bpi2019,native,always_reactive,19497801224.0,0.992882,0.0,0.0,0.0,0.0,0.0,0.0,0.0,0.005,0.0,0.0,always_reactive,0.849827
h=0.1/q0=0.4/p=0/r=1/sig=0.3/cf=1,D_sigma,0.1,0.4,0.0,1.0,0.3,3.0,1.0,bpi2019,native,always_compile_evict,22943266306.0,1.168334,0.0,0.0,236818.0,0.0,0.0,0.0,236818.0,0.004,236818.0,3445465082.0,always_reactive,0.849827
h=0.1/q0=0.4/p=0/r=1/sig=0.3/cf=1,D_sigma,0.1,0.4,0.0,1.0,0.3,3.0,1.0,bpi2019,native,ours_noinflate,19637588016.0,1.0,0.0,0.0,9608.0,0.0,0.0,0.0,9608.0,0.005,9608.0,139786792.0,always_reactive,0.849827
h=0.1/q0=0.4/p=0/r=1/sig=0.3/cf=1,D_sigma,0.1,0.4,0.0,1.0,0.3,3.0,1.0,bpi2019,native,oracle_tax,19497801224.0,0.992882,0.0,0.0,0.0,0.0,0.0,0.0,0.0,0.005,0.0,0.0,always_reactive,0.849827
h=0.1/q0=0.4/p=0/r=1/sig=0.3/cf=1,D_sigma,0.1,0.4,0.0,1.0,0.3,3.0,1.0,bpi2019,native,ours_spend_cap,19637588016.0,1.0,0.0,0.0,9608.0,0.0,0.0,0.0,9608.0,0.005,9608.0,139786792.0,always_reactive,0.849827
h=0.1/q0=0.4/p=0/r=1/sig=0.3/cf=1,D_sigma,0.1,0.4,0.0,1.0,0.3,3.0,1.0,bpi2019,native,ours_pi_prior,19623490035.0,0.999282,0.0,0.0,8639.0,0.0,0.0,0.0,8639.0,0.005,8639.0,125688811.0,always_reactive,0.849827
h=0.1/q0=0.4/p=0/r=1/sig=0.3/cf=1,D_sigma,0.1,0.4,0.0,1.0,0.3,3.0,1.0,bpi2019,native,ours_both,19618136003.0,0.999009,0.0,0.0,8271.0,0.0,0.0,0.0,8271.0,0.005,8271.0,120334779.0,always_reactive,0.849827
h=0.1/q0=0.4/p=0/r=1/sig=0.3/cf=1,D_sigma,0.1,0.4,0.0,1.0,0.3,3.0,1.0,bpi2019,native,breakeven,22923086843.0,1.167307,0.0,0.0,235431.0,0.0,0.0,0.0,235431.0,0.004,235431.0,3425285619.0,always_reactive,0.849827
h=0.1/q0=0.4/p=0/r=1/sig=0.3/cf=1,D_sigma,0.1,0.4,0.0,1.0,0.3,3.0,1.0,bpi2019,native,breakeven_cap,19658174851.0,1.001048,0.0,0.0,11023.0,0.0,0.0,0.0,11023.0,0.005,11023.0,160373627.0,always_reactive,0.849827
h=0.1/q0=0.4/p=0/r=1/sig=0.3/cf=1,D_sigma,0.1,0.4,0.0,1.0,0.3,3.0,1.0,bpi2019,native,offline_taxblind,19497801224.0,0.992882,,,,,,,,,,,always_reactive,0.849827
h=0.1/q0=0.4/p=0/r=1/sig=0.3/cf=1,D_sigma,0.1,0.4,0.0,1.0,0.3,3.0,1.0,bpi2019,native,offline_opt_tax,19497801224.0,0.992882,,,,,,,,,,,always_reactive,0.849827
h=0.1/q0=0.4/p=0/r=1/sig=0.3/cf=1,D_sigma,0.1,0.4,0.0,1.0,0.3,3.0,1.0,sepsis,autorpa_233k,always_reactive,77101119.0,1.0,0.0,0.0,0.0,0.0,0.0,0.0,0.0,0.005,0.0,0.0,always_reactive,0.699729
h=0.1/q0=0.4/p=0/r=1/sig=0.3/cf=1,D_sigma,0.1,0.4,0.0,1.0,0.3,3.0,1.0,sepsis,autorpa_233k,always_compile_evict,110187119.0,1.429125,0.0,0.0,142.0,0.0,0.0,0.0,142.0,0.004,142.0,33086000.0,always_reactive,0.699729
h=0.1/q0=0.4/p=0/r=1/sig=0.3/cf=1,D_sigma,0.1,0.4,0.0,1.0,0.3,3.0,1.0,sepsis,autorpa_233k,ours_noinflate,77101119.0,1.0,0.0,0.0,0.0,0.0,0.0,0.0,0.0,0.005,0.0,0.0,always_reactive,0.699729
h=0.1/q0=0.4/p=0/r=1/sig=0.3/cf=1,D_sigma,0.1,0.4,0.0,1.0,0.3,3.0,1.0,sepsis,autorpa_233k,oracle_tax,77101119.0,1.0,0.0,0.0,0.0,0.0,0.0,0.0,0.0,0.005,0.0,0.0,always_reactive,0.699729
h=0.1/q0=0.4/p=0/r=1/sig=0.3/cf=1,D_sigma,0.1,0.4,0.0,1.0,0.3,3.0,1.0,sepsis,autorpa_233k,ours_spend_cap,77101119.0,1.0,0.0,0.0,0.0,0.0,0.0,0.0,0.0,0.005,0.0,0.0,always_reactive,0.699729
h=0.1/q0=0.4/p=0/r=1/sig=0.3/cf=1,D_sigma,0.1,0.4,0.0,1.0,0.3,3.0,1.0,sepsis,autorpa_233k,ours_pi_prior,77101119.0,1.0,0.0,0.0,0.0,0.0,0.0,0.0,0.0,0.005,0.0,0.0,always_reactive,0.699729
h=0.1/q0=0.4/p=0/r=1/sig=0.3/cf=1,D_sigma,0.1,0.4,0.0,1.0,0.3,3.0,1.0,sepsis,autorpa_233k,ours_both,77101119.0,1.0,0.0,0.0,0.0,0.0,0.0,0.0,0.0,0.005,0.0,0.0,always_reactive,0.699729
h=0.1/q0=0.4/p=0/r=1/sig=0.3/cf=1,D_sigma,0.1,0.4,0.0,1.0,0.3,3.0,1.0,sepsis,autorpa_233k,breakeven,77567119.0,1.006044,0.0,0.0,2.0,0.0,0.0,0.0,2.0,0.005,2.0,466000.0,always_reactive,0.699729
h=0.1/q0=0.4/p=0/r=1/sig=0.3/cf=1,D_sigma,0.1,0.4,0.0,1.0,0.3,3.0,1.0,sepsis,autorpa_233k,breakeven_cap,77567119.0,1.006044,0.0,0.0,2.0,0.0,0.0,0.0,2.0,0.005,2.0,466000.0,always_reactive,0.699729
h=0.1/q0=0.4/p=0/r=1/sig=0.3/cf=1,D_sigma,0.1,0.4,0.0,1.0,0.3,3.0,1.0,sepsis,autorpa_233k,offline_taxblind,77101119.0,1.0,,,,,,,,,,,always_reactive,0.699729
h=0.1/q0=0.4/p=0/r=1/sig=0.3/cf=1,D_sigma,0.1,0.4,0.0,1.0,0.3,3.0,1.0,sepsis,autorpa_233k,offline_opt_tax,77101119.0,1.0,,,,,,,,,,,always_reactive,0.699729
h=0.1/q0=0.4/p=0/r=1/sig=0.3/cf=1,D_sigma,0.1,0.4,0.0,1.0,0.3,3.0,1.0,sepsis,native,always_reactive,77101119.0,0.982571,0.0,0.0,0.0,0.0,0.0,0.0,0.0,0.005,0.0,0.0,always_reactive,0.973904
h=0.1/q0=0.4/p=0/r=1/sig=0.3/cf=1,D_sigma,0.1,0.4,0.0,1.0,0.3,3.0,1.0,sepsis,native,always_compile_evict,79167077.0,1.0089,0.0,0.0,142.0,0.0,0.0,0.0,142.0,0.005,142.0,2065958.0,always_reactive,0.973904
h=0.1/q0=0.4/p=0/r=1/sig=0.3/cf=1,D_sigma,0.1,0.4,0.0,1.0,0.3,3.0,1.0,sepsis,native,ours_noinflate,78468725.0,1.0,0.0,0.0,94.0,0.0,0.0,0.0,94.0,0.005,94.0,1367606.0,always_reactive,0.973904
h=0.1/q0=0.4/p=0/r=1/sig=0.3/cf=1,D_sigma,0.1,0.4,0.0,1.0,0.3,3.0,1.0,sepsis,native,oracle_tax,77101119.0,0.982571,0.0,0.0,0.0,0.0,0.0,0.0,0.0,0.005,0.0,0.0,always_reactive,0.973904
h=0.1/q0=0.4/p=0/r=1/sig=0.3/cf=1,D_sigma,0.1,0.4,0.0,1.0,0.3,3.0,1.0,sepsis,native,ours_spend_cap,78468725.0,1.0,0.0,0.0,94.0,0.0,0.0,0.0,94.0,0.005,94.0,1367606.0,always_reactive,0.973904
h=0.1/q0=0.4/p=0/r=1/sig=0.3/cf=1,D_sigma,0.1,0.4,0.0,1.0,0.3,3.0,1.0,sepsis,native,ours_pi_prior,78425078.0,0.999444,0.0,0.0,91.0,0.0,0.0,0.0,91.0,0.005,91.0,1323959.0,always_reactive,0.973904
h=0.1/q0=0.4/p=0/r=1/sig=0.3/cf=1,D_sigma,0.1,0.4,0.0,1.0,0.3,3.0,1.0,sepsis,native,ours_both,78381431.0,0.998888,0.0,0.0,88.0,0.0,0.0,0.0,88.0,0.005,88.0,1280312.0,always_reactive,0.973904
h=0.1/q0=0.4/p=0/r=1/sig=0.3/cf=1,D_sigma,0.1,0.4,0.0,1.0,0.3,3.0,1.0,sepsis,native,breakeven,78977940.0,1.006489,0.0,0.0,129.0,0.0,0.0,0.0,129.0,0.005,129.0,1876821.0,always_reactive,0.973904
h=0.1/q0=0.4/p=0/r=1/sig=0.3/cf=1,D_sigma,0.1,0.4,0.0,1.0,0.3,3.0,1.0,sepsis,native,breakeven_cap,78497823.0,1.000371,0.0,0.0,96.0,0.0,0.0,0.0,96.0,0.005,96.0,1396704.0,always_reactive,0.973904
h=0.1/q0=0.4/p=0/r=1/sig=0.3/cf=1,D_sigma,0.1,0.4,0.0,1.0,0.3,3.0,1.0,sepsis,native,offline_taxblind,77101119.0,0.982571,,,,,,,,,,,always_reactive,0.973904
h=0.1/q0=0.4/p=0/r=1/sig=0.3/cf=1,D_sigma,0.1,0.4,0.0,1.0,0.3,3.0,1.0,sepsis,native,offline_opt_tax,77101119.0,0.982571,,,,,,,,,,,always_reactive,0.973904
h=0.1/q0=0.4/p=0/r=1/sig=0.3/cf=1,D_sigma,0.1,0.4,0.0,1.0,0.3,3.0,1.0,wiki_A,autorpa_233k,always_reactive,5261420180.0,1.0,0.0,0.0,0.0,0.0,0.0,0.0,0.0,0.005,0.0,0.0,always_reactive,0.265211
h=0.1/q0=0.4/p=0/r=1/sig=0.3/cf=1,D_sigma,0.1,0.4,0.0,1.0,0.3,3.0,1.0,wiki_A,autorpa_233k,always_compile_evict,19838599180.0,3.770579,0.0,0.0,62563.0,0.0,0.0,0.0,62563.0,0.001,62563.0,14577179000.0,always_reactive,0.265211
h=0.1/q0=0.4/p=0/r=1/sig=0.3/cf=1,D_sigma,0.1,0.4,0.0,1.0,0.3,3.0,1.0,wiki_A,autorpa_233k,ours_noinflate,5261420180.0,1.0,0.0,0.0,0.0,0.0,0.0,0.0,0.0,0.005,0.0,0.0,always_reactive,0.265211
h=0.1/q0=0.4/p=0/r=1/sig=0.3/cf=1,D_sigma,0.1,0.4,0.0,1.0,0.3,3.0,1.0,wiki_A,autorpa_233k,oracle_tax,5261420180.0,1.0,0.0,0.0,0.0,0.0,0.0,0.0,0.0,0.005,0.0,0.0,always_reactive,0.265211
h=0.1/q0=0.4/p=0/r=1/sig=0.3/cf=1,D_sigma,0.1,0.4,0.0,1.0,0.3,3.0,1.0,wiki_A,autorpa_233k,ours_spend_cap,5261420180.0,1.0,0.0,0.0,0.0,0.0,0.0,0.0,0.0,0.005,0.0,0.0,always_reactive,0.265211
h=0.1/q0=0.4/p=0/r=1/sig=0.3/cf=1,D_sigma,0.1,0.4,0.0,1.0,0.3,3.0,1.0,wiki_A,autorpa_233k,ours_pi_prior,5261420180.0,1.0,0.0,0.0,0.0,0.0,0.0,0.0,0.0,0.005,0.0,0.0,always_reactive,0.265211
h=0.1/q0=0.4/p=0/r=1/sig=0.3/cf=1,D_sigma,0.1,0.4,0.0,1.0,0.3,3.0,1.0,wiki_A,autorpa_233k,ours_both,5261420180.0,1.0,0.0,0.0,0.0,0.0,0.0,0.0,0.0,0.005,0.0,0.0,always_reactive,0.265211
h=0.1/q0=0.4/p=0/r=1/sig=0.3/cf=1,D_sigma,0.1,0.4,0.0,1.0,0.3,3.0,1.0,wiki_A,autorpa_233k,breakeven,6517290180.0,1.238694,0.0,0.0,5390.0,0.0,0.0,0.0,5390.0,0.004,5390.0,1255870000.0,always_reactive,0.265211
h=0.1/q0=0.4/p=0/r=1/sig=0.3/cf=1,D_sigma,0.1,0.4,0.0,1.0,0.3,3.0,1.0,wiki_A,autorpa_233k,breakeven_cap,5285186180.0,1.004517,0.0,0.0,102.0,0.0,0.0,0.0,102.0,0.005,102.0,23766000.0,always_reactive,0.265211
h=0.1/q0=0.4/p=0/r=1/sig=0.3/cf=1,D_sigma,0.1,0.4,0.0,1.0,0.3,3.0,1.0,wiki_A,autorpa_233k,offline_taxblind,5261420180.0,1.0,,,,,,,,,,,always_reactive,0.265211
h=0.1/q0=0.4/p=0/r=1/sig=0.3/cf=1,D_sigma,0.1,0.4,0.0,1.0,0.3,3.0,1.0,wiki_A,autorpa_233k,offline_opt_tax,5261420180.0,1.0,,,,,,,,,,,always_reactive,0.265211
h=0.1/q0=0.4/p=0/r=1/sig=0.3/cf=1,D_sigma,0.1,0.4,0.0,1.0,0.3,3.0,1.0,wiki_A,native,always_reactive,5261420180.0,0.995135,0.0,0.0,0.0,0.0,0.0,0.0,0.0,0.005,0.0,0.0,always_reactive,0.852514
h=0.1/q0=0.4/p=0/r=1/sig=0.3/cf=1,D_sigma,0.1,0.4,0.0,1.0,0.3,3.0,1.0,wiki_A,native,always_compile_evict,6171649267.0,1.167294,0.0,0.0,62563.0,0.0,0.0,0.0,62563.0,0.004,62563.0,910229087.0,always_reactive,0.852514
h=0.1/q0=0.4/p=0/r=1/sig=0.3/cf=1,D_sigma,0.1,0.4,0.0,1.0,0.3,3.0,1.0,wiki_A,native,ours_noinflate,5287142812.0,1.0,0.0,0.0,1768.0,0.0,0.0,0.0,1768.0,0.005,1768.0,25722632.0,always_reactive,0.852514
h=0.1/q0=0.4/p=0/r=1/sig=0.3/cf=1,D_sigma,0.1,0.4,0.0,1.0,0.3,3.0,1.0,wiki_A,native,oracle_tax,5261420180.0,0.995135,0.0,0.0,0.0,0.0,0.0,0.0,0.0,0.005,0.0,0.0,always_reactive,0.852514
h=0.1/q0=0.4/p=0/r=1/sig=0.3/cf=1,D_sigma,0.1,0.4,0.0,1.0,0.3,3.0,1.0,wiki_A,native,ours_spend_cap,5287142812.0,1.0,0.0,0.0,1768.0,0.0,0.0,0.0,1768.0,0.005,1768.0,25722632.0,always_reactive,0.852514
h=0.1/q0=0.4/p=0/r=1/sig=0.3/cf=1,D_sigma,0.1,0.4,0.0,1.0,0.3,3.0,1.0,wiki_A,native,ours_pi_prior,5285571520.0,0.999703,0.0,0.0,1660.0,0.0,0.0,0.0,1660.0,0.005,1660.0,24151340.0,always_reactive,0.852514
h=0.1/q0=0.4/p=0/r=1/sig=0.3/cf=1,D_sigma,0.1,0.4,0.0,1.0,0.3,3.0,1.0,wiki_A,native,ours_both,5284494894.0,0.999499,0.0,0.0,1586.0,0.0,0.0,0.0,1586.0,0.005,1586.0,23074714.0,always_reactive,0.852514
h=0.1/q0=0.4/p=0/r=1/sig=0.3/cf=1,D_sigma,0.1,0.4,0.0,1.0,0.3,3.0,1.0,wiki_A,native,breakeven,6168870408.0,1.166768,0.0,0.0,62372.0,0.0,0.0,0.0,62372.0,0.004,62372.0,907450228.0,always_reactive,0.852514
h=0.1/q0=0.4/p=0/r=1/sig=0.3/cf=1,D_sigma,0.1,0.4,0.0,1.0,0.3,3.0,1.0,wiki_A,native,breakeven_cap,5290692768.0,1.000671,0.0,0.0,2012.0,0.0,0.0,0.0,2012.0,0.005,2012.0,29272588.0,always_reactive,0.852514
h=0.1/q0=0.4/p=0/r=1/sig=0.3/cf=1,D_sigma,0.1,0.4,0.0,1.0,0.3,3.0,1.0,wiki_A,native,offline_taxblind,5261420180.0,0.995135,,,,,,,,,,,always_reactive,0.852514
h=0.1/q0=0.4/p=0/r=1/sig=0.3/cf=1,D_sigma,0.1,0.4,0.0,1.0,0.3,3.0,1.0,wiki_A,native,offline_opt_tax,5261420180.0,0.995135,,,,,,,,,,,always_reactive,0.852514
h=0.1/q0=0.4/p=0/r=1/sig=0.3/cf=1,D_sigma,0.1,0.4,0.0,1.0,0.3,3.0,1.0,wiki_B,autorpa_233k,always_reactive,7373315056.0,1.0,0.0,0.0,0.0,0.0,0.0,0.0,0.0,0.005,0.0,0.0,always_reactive,0.529607
h=0.1/q0=0.4/p=0/r=1/sig=0.3/cf=1,D_sigma,0.1,0.4,0.0,1.0,0.3,3.0,1.0,wiki_B,autorpa_233k,always_compile_evict,13922246056.0,1.888194,0.0,0.0,28107.0,0.0,0.0,0.0,28107.0,0.003,28107.0,6548931000.0,always_reactive,0.529607
h=0.1/q0=0.4/p=0/r=1/sig=0.3/cf=1,D_sigma,0.1,0.4,0.0,1.0,0.3,3.0,1.0,wiki_B,autorpa_233k,ours_noinflate,7373315056.0,1.0,0.0,0.0,0.0,0.0,0.0,0.0,0.0,0.005,0.0,0.0,always_reactive,0.529607
h=0.1/q0=0.4/p=0/r=1/sig=0.3/cf=1,D_sigma,0.1,0.4,0.0,1.0,0.3,3.0,1.0,wiki_B,autorpa_233k,oracle_tax,7373315056.0,1.0,0.0,0.0,0.0,0.0,0.0,0.0,0.0,0.005,0.0,0.0,always_reactive,0.529607
h=0.1/q0=0.4/p=0/r=1/sig=0.3/cf=1,D_sigma,0.1,0.4,0.0,1.0,0.3,3.0,1.0,wiki_B,autorpa_233k,ours_spend_cap,7373315056.0,1.0,0.0,0.0,0.0,0.0,0.0,0.0,0.0,0.005,0.0,0.0,always_reactive,0.529607
h=0.1/q0=0.4/p=0/r=1/sig=0.3/cf=1,D_sigma,0.1,0.4,0.0,1.0,0.3,3.0,1.0,wiki_B,autorpa_233k,ours_pi_prior,7373315056.0,1.0,0.0,0.0,0.0,0.0,0.0,0.0,0.0,0.005,0.0,0.0,always_reactive,0.529607
h=0.1/q0=0.4/p=0/r=1/sig=0.3/cf=1,D_sigma,0.1,0.4,0.0,1.0,0.3,3.0,1.0,wiki_B,autorpa_233k,ours_both,7373315056.0,1.0,0.0,0.0,0.0,0.0,0.0,0.0,0.0,0.005,0.0,0.0,always_reactive,0.529607
h=0.1/q0=0.4/p=0/r=1/sig=0.3/cf=1,D_sigma,0.1,0.4,0.0,1.0,0.3,3.0,1.0,wiki_B,autorpa_233k,breakeven,7723048056.0,1.047432,0.0,0.0,1501.0,0.0,0.0,0.0,1501.0,0.005,1501.0,349733000.0,always_reactive,0.529607
h=0.1/q0=0.4/p=0/r=1/sig=0.3/cf=1,D_sigma,0.1,0.4,0.0,1.0,0.3,3.0,1.0,wiki_B,autorpa_233k,breakeven_cap,7422012056.0,1.006604,0.0,0.0,209.0,0.0,0.0,0.0,209.0,0.005,209.0,48697000.0,always_reactive,0.529607
h=0.1/q0=0.4/p=0/r=1/sig=0.3/cf=1,D_sigma,0.1,0.4,0.0,1.0,0.3,3.0,1.0,wiki_B,autorpa_233k,offline_taxblind,7373315056.0,1.0,,,,,,,,,,,always_reactive,0.529607
h=0.1/q0=0.4/p=0/r=1/sig=0.3/cf=1,D_sigma,0.1,0.4,0.0,1.0,0.3,3.0,1.0,wiki_B,autorpa_233k,offline_opt_tax,7373315056.0,1.0,,,,,,,,,,,always_reactive,0.529607
h=0.1/q0=0.4/p=0/r=1/sig=0.3/cf=1,D_sigma,0.1,0.4,0.0,1.0,0.3,3.0,1.0,wiki_B,native,always_reactive,7373315056.0,0.98539,0.0,0.0,0.0,0.0,0.0,0.0,0.0,0.005,0.0,0.0,always_reactive,0.947454
h=0.1/q0=0.4/p=0/r=1/sig=0.3/cf=1,D_sigma,0.1,0.4,0.0,1.0,0.3,3.0,1.0,wiki_B,native,always_compile_evict,7782243799.0,1.04004,0.0,0.0,28107.0,0.0,0.0,0.0,28107.0,0.005,28107.0,408928743.0,always_reactive,0.947454
h=0.1/q0=0.4/p=0/r=1/sig=0.3/cf=1,D_sigma,0.1,0.4,0.0,1.0,0.3,3.0,1.0,wiki_B,native,ours_noinflate,7482636242.0,1.0,0.0,0.0,7514.0,0.0,0.0,0.0,7514.0,0.005,7514.0,109321186.0,always_reactive,0.947454
h=0.1/q0=0.4/p=0/r=1/sig=0.3/cf=1,D_sigma,0.1,0.4,0.0,1.0,0.3,3.0,1.0,wiki_B,native,oracle_tax,7373315056.0,0.98539,0.0,0.0,0.0,0.0,0.0,0.0,0.0,0.005,0.0,0.0,always_reactive,0.947454
h=0.1/q0=0.4/p=0/r=1/sig=0.3/cf=1,D_sigma,0.1,0.4,0.0,1.0,0.3,3.0,1.0,wiki_B,native,ours_spend_cap,7482636242.0,1.0,0.0,0.0,7514.0,0.0,0.0,0.0,7514.0,0.005,7514.0,109321186.0,always_reactive,0.947454
h=0.1/q0=0.4/p=0/r=1/sig=0.3/cf=1,D_sigma,0.1,0.4,0.0,1.0,0.3,3.0,1.0,wiki_B,native,ours_pi_prior,7469716730.0,0.998273,0.0,0.0,6626.0,0.0,0.0,0.0,6626.0,0.005,6626.0,96401674.0,always_reactive,0.947454
h=0.1/q0=0.4/p=0/r=1/sig=0.3/cf=1,D_sigma,0.1,0.4,0.0,1.0,0.3,3.0,1.0,wiki_B,native,ours_both,7467519831.0,0.99798,0.0,0.0,6475.0,0.0,0.0,0.0,6475.0,0.005,6475.0,94204775.0,always_reactive,0.947454
h=0.1/q0=0.4/p=0/r=1/sig=0.3/cf=1,D_sigma,0.1,0.4,0.0,1.0,0.3,3.0,1.0,wiki_B,native,breakeven,7773136125.0,1.038823,0.0,0.0,27481.0,0.0,0.0,0.0,27481.0,0.005,27481.0,399821069.0,always_reactive,0.947454
h=0.1/q0=0.4/p=0/r=1/sig=0.3/cf=1,D_sigma,0.1,0.4,0.0,1.0,0.3,3.0,1.0,wiki_B,native,breakeven_cap,7494188148.0,1.001544,0.0,0.0,8308.0,0.0,0.0,0.0,8308.0,0.005,8308.0,120873092.0,always_reactive,0.947454
h=0.1/q0=0.4/p=0/r=1/sig=0.3/cf=1,D_sigma,0.1,0.4,0.0,1.0,0.3,3.0,1.0,wiki_B,native,offline_taxblind,7373315056.0,0.98539,,,,,,,,,,,always_reactive,0.947454
h=0.1/q0=0.4/p=0/r=1/sig=0.3/cf=1,D_sigma,0.1,0.4,0.0,1.0,0.3,3.0,1.0,wiki_B,native,offline_opt_tax,7373315056.0,0.98539,,,,,,,,,,,always_reactive,0.947454
h=0.1/q0=0.4/p=0/r=1/sig=0.3/cf=2.08299,D_sigma,0.1,0.4,0.0,1.0,0.3,3.0,2.0829936590907905,bpi2019,autorpa_233k,always_reactive,19497801224.0,1.0,0.0,0.0,0.0,0.0,0.0,0.0,0.0,0.005,0.0,0.0,always_reactive,0.145036
h=0.1/q0=0.4/p=0/r=1/sig=0.3/cf=2.08299,D_sigma,0.1,0.4,0.0,1.0,0.3,3.0,2.0829936590907905,bpi2019,autorpa_233k,always_compile_evict,134434462643.453,6.894852,0.0,0.0,236818.0,0.0,0.0,0.0,236818.0,0.001,236818.0,114936661419.52,always_reactive,0.145036
h=0.1/q0=0.4/p=0/r=1/sig=0.3/cf=2.08299,D_sigma,0.1,0.4,0.0,1.0,0.3,3.0,2.0829936590907905,bpi2019,autorpa_233k,ours_noinflate,19497801224.0,1.0,0.0,0.0,0.0,0.0,0.0,0.0,0.0,0.005,0.0,0.0,always_reactive,0.145036
h=0.1/q0=0.4/p=0/r=1/sig=0.3/cf=2.08299,D_sigma,0.1,0.4,0.0,1.0,0.3,3.0,2.0829936590907905,bpi2019,autorpa_233k,oracle_tax,19497801224.0,1.0,0.0,0.0,0.0,0.0,0.0,0.0,0.0,0.005,0.0,0.0,always_reactive,0.145036
h=0.1/q0=0.4/p=0/r=1/sig=0.3/cf=2.08299,D_sigma,0.1,0.4,0.0,1.0,0.3,3.0,2.0829936590907905,bpi2019,autorpa_233k,ours_spend_cap,19497801224.0,1.0,0.0,0.0,0.0,0.0,0.0,0.0,0.0,0.005,0.0,0.0,always_reactive,0.145036
h=0.1/q0=0.4/p=0/r=1/sig=0.3/cf=2.08299,D_sigma,0.1,0.4,0.0,1.0,0.3,3.0,2.0829936590907905,bpi2019,autorpa_233k,ours_pi_prior,19497801224.0,1.0,0.0,0.0,0.0,0.0,0.0,0.0,0.0,0.005,0.0,0.0,always_reactive,0.145036
h=0.1/q0=0.4/p=0/r=1/sig=0.3/cf=2.08299,D_sigma,0.1,0.4,0.0,1.0,0.3,3.0,2.0829936590907905,bpi2019,autorpa_233k,ours_both,19497801224.0,1.0,0.0,0.0,0.0,0.0,0.0,0.0,0.0,0.005,0.0,0.0,always_reactive,0.145036
h=0.1/q0=0.4/p=0/r=1/sig=0.3/cf=2.08299,D_sigma,0.1,0.4,0.0,1.0,0.3,3.0,2.0829936590907905,bpi2019,autorpa_233k,breakeven,28872580809.92,1.480812,0.0,0.0,19316.0,0.0,0.0,0.0,19316.0,0.003,19316.0,9374779585.927,always_reactive,0.145036
h=0.1/q0=0.4/p=0/r=1/sig=0.3/cf=2.08299,D_sigma,0.1,0.4,0.0,1.0,0.3,3.0,2.0829936590907905,bpi2019,autorpa_233k,breakeven_cap,19661359969.105,1.008389,0.0,0.0,337.0,0.0,0.0,0.0,337.0,0.005,337.0,163558745.105,always_reactive,0.145036
h=0.1/q0=0.4/p=0/r=1/sig=0.3/cf=2.08299,D_sigma,0.1,0.4,0.0,1.0,0.3,3.0,2.0829936590907905,bpi2019,autorpa_233k,offline_taxblind,19497801224.0,1.0,,,,,,,,,,,always_reactive,0.145036
h=0.1/q0=0.4/p=0/r=1/sig=0.3/cf=2.08299,D_sigma,0.1,0.4,0.0,1.0,0.3,3.0,2.0829936590907905,bpi2019,autorpa_233k,offline_opt_tax,19497801224.0,1.0,,,,,,,,,,,always_reactive,0.145036
h=0.1/q0=0.4/p=0/r=1/sig=0.3/cf=2.08299,D_sigma,0.1,0.4,0.0,1.0,0.3,3.0,2.0829936590907905,bpi2019,native,always_reactive,19497801224.0,0.985286,0.0,0.0,0.0,0.0,0.0,0.0,0.0,0.005,0.0,0.0,always_reactive,0.730948
h=0.1/q0=0.4/p=0/r=1/sig=0.3/cf=2.08299,D_sigma,0.1,0.4,0.0,1.0,0.3,3.0,2.0829936590907905,bpi2019,native,always_compile_evict,26674683142.511,1.347957,0.0,0.0,236818.0,0.0,0.0,0.0,236818.0,0.003,236818.0,7176881918.426,always_reactive,0.730948
h=0.1/q0=0.4/p=0/r=1/sig=0.3/cf=2.08299,D_sigma,0.1,0.4,0.0,1.0,0.3,3.0,2.0829936590907905,bpi2019,native,ours_noinflate,19788976225.363,1.0,0.0,0.0,9608.0,0.0,0.0,0.0,9608.0,0.005,9608.0,291175001.361,always_reactive,0.730948
h=0.1/q0=0.4/p=0/r=1/sig=0.3/cf=2.08299,D_sigma,0.1,0.4,0.0,1.0,0.3,3.0,2.0829936590907905,bpi2019,native,oracle_tax,19497801224.0,0.985286,0.0,0.0,0.0,0.0,0.0,0.0,0.0,0.005,0.0,0.0,always_reactive,0.730948
h=0.1/q0=0.4/p=0/r=1/sig=0.3/cf=2.08299,D_sigma,0.1,0.4,0.0,1.0,0.3,3.0,2.0829936590907905,bpi2019,native,ours_spend_cap,19709394048.679,0.995978,0.0,0.0,6982.0,0.0,0.0,0.0,6982.0,0.005,6982.0,211592824.677,always_reactive,0.730948
h=0.1/q0=0.4/p=0/r=1/sig=0.3/cf=2.08299,D_sigma,0.1,0.4,0.0,1.0,0.3,3.0,2.0829936590907905,bpi2019,native,ours_pi_prior,19759610220.334,0.998516,0.0,0.0,8639.0,0.0,0.0,0.0,8639.0,0.005,8639.0,261808996.332,always_reactive,0.730948
h=0.1/q0=0.4/p=0/r=1/sig=0.3/cf=2.08299,D_sigma,0.1,0.4,0.0,1.0,0.3,3.0,2.0829936590907905,bpi2019,native,ours_both,19675179167.69,0.994249,0.0,0.0,5853.0,0.0,0.0,0.0,5853.0,0.005,5853.0,177377943.689,always_reactive,0.730948
h=0.1/q0=0.4/p=0/r=1/sig=0.3/cf=2.08299,D_sigma,0.1,0.4,0.0,1.0,0.3,3.0,2.0829936590907905,bpi2019,native,breakeven,26632649449.037,1.345833,0.0,0.0,235431.0,0.0,0.0,0.0,235431.0,0.003,235431.0,7134848224.953,always_reactive,0.730948
h=0.1/q0=0.4/p=0/r=1/sig=0.3/cf=2.08299,D_sigma,0.1,0.4,0.0,1.0,0.3,3.0,2.0829936590907905,bpi2019,native,breakeven_cap,19707696942.093,0.995893,0.0,0.0,6926.0,0.0,0.0,0.0,6926.0,0.005,6926.0,209895718.092,always_reactive,0.730948
h=0.1/q0=0.4/p=0/r=1/sig=0.3/cf=2.08299,D_sigma,0.1,0.4,0.0,1.0,0.3,3.0,2.0829936590907905,bpi2019,native,offline_taxblind,19497801224.0,0.985286,,,,,,,,,,,always_reactive,0.730948
h=0.1/q0=0.4/p=0/r=1/sig=0.3/cf=2.08299,D_sigma,0.1,0.4,0.0,1.0,0.3,3.0,2.0829936590907905,bpi2019,native,offline_opt_tax,19497801224.0,0.985286,,,,,,,,,,,always_reactive,0.730948
h=0.1/q0=0.4/p=0/r=1/sig=0.3/cf=2.08299,D_sigma,0.1,0.4,0.0,1.0,0.3,3.0,2.0829936590907905,sepsis,autorpa_233k,always_reactive,77101119.0,1.0,0.0,0.0,0.0,0.0,0.0,0.0,0.0,0.005,0.0,0.0,always_reactive,0.528021
h=0.1/q0=0.4/p=0/r=1/sig=0.3/cf=2.08299,D_sigma,0.1,0.4,0.0,1.0,0.3,3.0,2.0829936590907905,sepsis,autorpa_233k,always_compile_evict,146019047.205,1.893864,0.0,0.0,142.0,0.0,0.0,0.0,142.0,0.003,142.0,68917928.205,always_reactive,0.528021
h=0.1/q0=0.4/p=0/r=1/sig=0.3/cf=2.08299,D_sigma,0.1,0.4,0.0,1.0,0.3,3.0,2.0829936590907905,sepsis,autorpa_233k,ours_noinflate,77101119.0,1.0,0.0,0.0,0.0,0.0,0.0,0.0,0.0,0.005,0.0,0.0,always_reactive,0.528021
h=0.1/q0=0.4/p=0/r=1/sig=0.3/cf=2.08299,D_sigma,0.1,0.4,0.0,1.0,0.3,3.0,2.0829936590907905,sepsis,autorpa_233k,oracle_tax,77101119.0,1.0,0.0,0.0,0.0,0.0,0.0,0.0,0.0,0.005,0.0,0.0,always_reactive,0.528021
h=0.1/q0=0.4/p=0/r=1/sig=0.3/cf=2.08299,D_sigma,0.1,0.4,0.0,1.0,0.3,3.0,2.0829936590907905,sepsis,autorpa_233k,ours_spend_cap,77101119.0,1.0,0.0,0.0,0.0,0.0,0.0,0.0,0.0,0.005,0.0,0.0,always_reactive,0.528021
h=0.1/q0=0.4/p=0/r=1/sig=0.3/cf=2.08299,D_sigma,0.1,0.4,0.0,1.0,0.3,3.0,2.0829936590907905,sepsis,autorpa_233k,ours_pi_prior,77101119.0,1.0,0.0,0.0,0.0,0.0,0.0,0.0,0.0,0.005,0.0,0.0,always_reactive,0.528021
h=0.1/q0=0.4/p=0/r=1/sig=0.3/cf=2.08299,D_sigma,0.1,0.4,0.0,1.0,0.3,3.0,2.0829936590907905,sepsis,autorpa_233k,ours_both,77101119.0,1.0,0.0,0.0,0.0,0.0,0.0,0.0,0.0,0.005,0.0,0.0,always_reactive,0.528021
h=0.1/q0=0.4/p=0/r=1/sig=0.3/cf=2.08299,D_sigma,0.1,0.4,0.0,1.0,0.3,3.0,2.0829936590907905,sepsis,autorpa_233k,breakeven,78071794.045,1.01259,0.0,0.0,2.0,0.0,0.0,0.0,2.0,0.005,2.0,970675.045,always_reactive,0.528021
h=0.1/q0=0.4/p=0/r=1/sig=0.3/cf=2.08299,D_sigma,0.1,0.4,0.0,1.0,0.3,3.0,2.0829936590907905,sepsis,autorpa_233k,breakeven_cap,78071794.045,1.01259,0.0,0.0,2.0,0.0,0.0,0.0,2.0,0.005,2.0,970675.045,always_reactive,0.528021
h=0.1/q0=0.4/p=0/r=1/sig=0.3/cf=2.08299,D_sigma,0.1,0.4,0.0,1.0,0.3,3.0,2.0829936590907905,sepsis,autorpa_233k,offline_taxblind,77101119.0,1.0,,,,,,,,,,,always_reactive,0.528021
h=0.1/q0=0.4/p=0/r=1/sig=0.3/cf=2.08299,D_sigma,0.1,0.4,0.0,1.0,0.3,3.0,2.0829936590907905,sepsis,autorpa_233k,offline_opt_tax,77101119.0,1.0,,,,,,,,,,,always_reactive,0.528021
h=0.1/q0=0.4/p=0/r=1/sig=0.3/cf=2.08299,D_sigma,0.1,0.4,0.0,1.0,0.3,3.0,2.0829936590907905,sepsis,native,always_reactive,77101119.0,0.964369,0.0,0.0,0.0,0.0,0.0,0.0,0.0,0.005,0.0,0.0,always_reactive,0.947136
h=0.1/q0=0.4/p=0/r=1/sig=0.3/cf=2.08299,D_sigma,0.1,0.4,0.0,1.0,0.3,3.0,2.0829936590907905,sepsis,native,always_compile_evict,81404496.414,1.018195,0.0,0.0,142.0,0.0,0.0,0.0,142.0,0.005,142.0,4303377.414,always_reactive,0.947136
h=0.1/q0=0.4/p=0/r=1/sig=0.3/cf=2.08299,D_sigma,0.1,0.4,0.0,1.0,0.3,3.0,2.0829936590907905,sepsis,native,ours_noinflate,79949833.626,1.0,0.0,0.0,94.0,0.0,0.0,0.0,94.0,0.005,94.0,2848714.626,always_reactive,0.947136
h=0.1/q0=0.4/p=0/r=1/sig=0.3/cf=2.08299,D_sigma,0.1,0.4,0.0,1.0,0.3,3.0,2.0829936590907905,sepsis,native,oracle_tax,77101119.0,0.964369,0.0,0.0,0.0,0.0,0.0,0.0,0.0,0.005,0.0,0.0,always_reactive,0.947136
h=0.1/q0=0.4/p=0/r=1/sig=0.3/cf=2.08299,D_sigma,0.1,0.4,0.0,1.0,0.3,3.0,2.0829936590907905,sepsis,native,ours_spend_cap,79434640.555,0.993556,0.0,0.0,77.0,0.0,0.0,0.0,77.0,0.005,77.0,2333521.555,always_reactive,0.947136
h=0.1/q0=0.4/p=0/r=1/sig=0.3/cf=2.08299,D_sigma,0.1,0.4,0.0,1.0,0.3,3.0,2.0829936590907905,sepsis,native,ours_pi_prior,79858917.202,0.998863,0.0,0.0,91.0,0.0,0.0,0.0,91.0,0.005,91.0,2757798.202,always_reactive,0.947136
h=0.1/q0=0.4/p=0/r=1/sig=0.3/cf=2.08299,D_sigma,0.1,0.4,0.0,1.0,0.3,3.0,2.0829936590907905,sepsis,native,ours_both,79131585.808,0.989765,0.0,0.0,67.0,0.0,0.0,0.0,67.0,0.005,67.0,2030466.808,always_reactive,0.947136
h=0.1/q0=0.4/p=0/r=1/sig=0.3/cf=2.08299,D_sigma,0.1,0.4,0.0,1.0,0.3,3.0,2.0829936590907905,sepsis,native,breakeven,81010525.242,1.013267,0.0,0.0,129.0,0.0,0.0,0.0,129.0,0.005,129.0,3909406.242,always_reactive,0.947136
h=0.1/q0=0.4/p=0/r=1/sig=0.3/cf=2.08299,D_sigma,0.1,0.4,0.0,1.0,0.3,3.0,2.0829936590907905,sepsis,native,breakeven_cap,79283113.182,0.991661,0.0,0.0,72.0,0.0,0.0,0.0,72.0,0.005,72.0,2181994.182,always_reactive,0.947136
h=0.1/q0=0.4/p=0/r=1/sig=0.3/cf=2.08299,D_sigma,0.1,0.4,0.0,1.0,0.3,3.0,2.0829936590907905,sepsis,native,offline_taxblind,77101119.0,0.964369,,,,,,,,,,,always_reactive,0.947136
h=0.1/q0=0.4/p=0/r=1/sig=0.3/cf=2.08299,D_sigma,0.1,0.4,0.0,1.0,0.3,3.0,2.0829936590907905,sepsis,native,offline_opt_tax,77101119.0,0.964369,,,,,,,,,,,always_reactive,0.947136
h=0.1/q0=0.4/p=0/r=1/sig=0.3/cf=2.08299,D_sigma,0.1,0.4,0.0,1.0,0.3,3.0,2.0829936590907905,wiki_A,autorpa_233k,always_reactive,5261420180.0,1.0,0.0,0.0,0.0,0.0,0.0,0.0,0.0,0.005,0.0,0.0,always_reactive,0.147687
h=0.1/q0=0.4/p=0/r=1/sig=0.3/cf=2.08299,D_sigma,0.1,0.4,0.0,1.0,0.3,3.0,2.0829936590907905,wiki_A,autorpa_233k,always_compile_evict,35625591604.41,6.771098,0.0,0.0,62563.0,0.0,0.0,0.0,62563.0,0.001,62563.0,30364171424.423,always_reactive,0.147687
h=0.1/q0=0.4/p=0/r=1/sig=0.3/cf=2.08299,D_sigma,0.1,0.4,0.0,1.0,0.3,3.0,2.0829936590907905,wiki_A,autorpa_233k,ours_noinflate,5261420180.0,1.0,0.0,0.0,0.0,0.0,0.0,0.0,0.0,0.005,0.0,0.0,always_reactive,0.147687
h=0.1/q0=0.4/p=0/r=1/sig=0.3/cf=2.08299,D_sigma,0.1,0.4,0.0,1.0,0.3,3.0,2.0829936590907905,wiki_A,autorpa_233k,oracle_tax,5261420180.0,1.0,0.0,0.0,0.0,0.0,0.0,0.0,0.0,0.005,0.0,0.0,always_reactive,0.147687
h=0.1/q0=0.4/p=0/r=1/sig=0.3/cf=2.08299,D_sigma,0.1,0.4,0.0,1.0,0.3,3.0,2.0829936590907905,wiki_A,autorpa_233k,ours_spend_cap,5261420180.0,1.0,0.0,0.0,0.0,0.0,0.0,0.0,0.0,0.005,0.0,0.0,always_reactive,0.147687
h=0.1/q0=0.4/p=0/r=1/sig=0.3/cf=2.08299,D_sigma,0.1,0.4,0.0,1.0,0.3,3.0,2.0829936590907905,wiki_A,autorpa_233k,ours_pi_prior,5261420180.0,1.0,0.0,0.0,0.0,0.0,0.0,0.0,0.0,0.005,0.0,0.0,always_reactive,0.147687
h=0.1/q0=0.4/p=0/r=1/sig=0.3/cf=2.08299,D_sigma,0.1,0.4,0.0,1.0,0.3,3.0,2.0829936590907905,wiki_A,autorpa_233k,ours_both,5261420180.0,1.0,0.0,0.0,0.0,0.0,0.0,0.0,0.0,0.005,0.0,0.0,always_reactive,0.147687
h=0.1/q0=0.4/p=0/r=1/sig=0.3/cf=2.08299,D_sigma,0.1,0.4,0.0,1.0,0.3,3.0,2.0829936590907905,wiki_A,autorpa_233k,breakeven,7877389426.642,1.497198,0.0,0.0,5390.0,0.0,0.0,0.0,5390.0,0.003,5390.0,2615969246.642,always_reactive,0.147687
h=0.1/q0=0.4/p=0/r=1/sig=0.3/cf=2.08299,D_sigma,0.1,0.4,0.0,1.0,0.3,3.0,2.0829936590907905,wiki_A,autorpa_233k,breakeven_cap,5299761844.283,1.007287,0.0,0.0,79.0,0.0,0.0,0.0,79.0,0.005,79.0,38341664.283,always_reactive,0.147687
h=0.1/q0=0.4/p=0/r=1/sig=0.3/cf=2.08299,D_sigma,0.1,0.4,0.0,1.0,0.3,3.0,2.0829936590907905,wiki_A,autorpa_233k,offline_taxblind,5261420180.0,1.0,,,,,,,,,,,always_reactive,0.147687
h=0.1/q0=0.4/p=0/r=1/sig=0.3/cf=2.08299,D_sigma,0.1,0.4,0.0,1.0,0.3,3.0,2.0829936590907905,wiki_A,autorpa_233k,offline_opt_tax,5261420180.0,1.0,,,,,,,,,,,always_reactive,0.147687
h=0.1/q0=0.4/p=0/r=1/sig=0.3/cf=2.08299,D_sigma,0.1,0.4,0.0,1.0,0.3,3.0,2.0829936590907905,wiki_A,native,always_reactive,5261420180.0,0.989919,0.0,0.0,0.0,0.0,0.0,0.0,0.0,0.005,0.0,0.0,always_reactive,0.7351
h=0.1/q0=0.4/p=0/r=1/sig=0.3/cf=2.08299,D_sigma,0.1,0.4,0.0,1.0,0.3,3.0,2.0829936590907905,wiki_A,native,always_compile_evict,7157421596.536,1.346646,0.0,0.0,62563.0,0.0,0.0,0.0,62563.0,0.003,62563.0,1896001416.541,always_reactive,0.7351
h=0.1/q0=0.4/p=0/r=1/sig=0.3/cf=2.08299,D_sigma,0.1,0.4,0.0,1.0,0.3,3.0,2.0829936590907905,wiki_A,native,ours_noinflate,5315000259.351,1.0,0.0,0.0,1768.0,0.0,0.0,0.0,1768.0,0.005,1768.0,53580079.351,always_reactive,0.7351
h=0.1/q0=0.4/p=0/r=1/sig=0.3/cf=2.08299,D_sigma,0.1,0.4,0.0,1.0,0.3,3.0,2.0829936590907905,wiki_A,native,oracle_tax,5261420180.0,0.989919,0.0,0.0,0.0,0.0,0.0,0.0,0.0,0.005,0.0,0.0,always_reactive,0.7351
h=0.1/q0=0.4/p=0/r=1/sig=0.3/cf=2.08299,D_sigma,0.1,0.4,0.0,1.0,0.3,3.0,2.0829936590907905,wiki_A,native,ours_spend_cap,5299999049.352,0.997178,0.0,0.0,1273.0,0.0,0.0,0.0,1273.0,0.005,1273.0,38578869.352,always_reactive,0.7351
h=0.1/q0=0.4/p=0/r=1/sig=0.3/cf=2.08299,D_sigma,0.1,0.4,0.0,1.0,0.3,3.0,2.0829936590907905,wiki_A,native,ours_pi_prior,5311727268.079,0.999384,0.0,0.0,1660.0,0.0,0.0,0.0,1660.0,0.005,1660.0,50307088.079,always_reactive,0.7351
h=0.1/q0=0.4/p=0/r=1/sig=0.3/cf=2.08299,D_sigma,0.1,0.4,0.0,1.0,0.3,3.0,2.0829936590907905,wiki_A,native,ours_both,5294180398.201,0.996083,0.0,0.0,1081.0,0.0,0.0,0.0,1081.0,0.005,1081.0,32760218.201,always_reactive,0.7351
h=0.1/q0=0.4/p=0/r=1/sig=0.3/cf=2.08299,D_sigma,0.1,0.4,0.0,1.0,0.3,3.0,2.0829936590907905,wiki_A,native,breakeven,7151633250.859,1.345557,0.0,0.0,62372.0,0.0,0.0,0.0,62372.0,0.003,62372.0,1890213070.864,always_reactive,0.7351
h=0.1/q0=0.4/p=0/r=1/sig=0.3/cf=2.08299,D_sigma,0.1,0.4,0.0,1.0,0.3,3.0,2.0829936590907905,wiki_A,native,breakeven_cap,5299241412.483,0.997035,0.0,0.0,1248.0,0.0,0.0,0.0,1248.0,0.005,1248.0,37821232.483,always_reactive,0.7351
h=0.1/q0=0.4/p=0/r=1/sig=0.3/cf=2.08299,D_sigma,0.1,0.4,0.0,1.0,0.3,3.0,2.0829936590907905,wiki_A,native,offline_taxblind,5261420180.0,0.989919,,,,,,,,,,,always_reactive,0.7351
h=0.1/q0=0.4/p=0/r=1/sig=0.3/cf=2.08299,D_sigma,0.1,0.4,0.0,1.0,0.3,3.0,2.0829936590907905,wiki_A,native,offline_opt_tax,5261420180.0,0.989919,,,,,,,,,,,always_reactive,0.7351
h=0.1/q0=0.4/p=0/r=1/sig=0.3/cf=2.08299,D_sigma,0.1,0.4,0.0,1.0,0.3,3.0,2.0829936590907905,wiki_B,autorpa_233k,always_reactive,7373315056.0,1.0,0.0,0.0,0.0,0.0,0.0,0.0,0.0,0.005,0.0,0.0,always_reactive,0.350865
h=0.1/q0=0.4/p=0/r=1/sig=0.3/cf=2.08299,D_sigma,0.1,0.4,0.0,1.0,0.3,3.0,2.0829936590907905,wiki_B,autorpa_233k,always_compile_evict,21014696802.814,2.850102,0.0,0.0,28107.0,0.0,0.0,0.0,28107.0,0.002,28107.0,13641381746.823,always_reactive,0.350865
h=0.1/q0=0.4/p=0/r=1/sig=0.3/cf=2.08299,D_sigma,0.1,0.4,0.0,1.0,0.3,3.0,2.0829936590907905,wiki_B,autorpa_233k,ours_noinflate,7373315056.0,1.0,0.0,0.0,0.0,0.0,0.0,0.0,0.0,0.005,0.0,0.0,always_reactive,0.350865
h=0.1/q0=0.4/p=0/r=1/sig=0.3/cf=2.08299,D_sigma,0.1,0.4,0.0,1.0,0.3,3.0,2.0829936590907905,wiki_B,autorpa_233k,oracle_tax,7373315056.0,1.0,0.0,0.0,0.0,0.0,0.0,0.0,0.0,0.005,0.0,0.0,always_reactive,0.350865
h=0.1/q0=0.4/p=0/r=1/sig=0.3/cf=2.08299,D_sigma,0.1,0.4,0.0,1.0,0.3,3.0,2.0829936590907905,wiki_B,autorpa_233k,ours_spend_cap,7373315056.0,1.0,0.0,0.0,0.0,0.0,0.0,0.0,0.0,0.005,0.0,0.0,always_reactive,0.350865
h=0.1/q0=0.4/p=0/r=1/sig=0.3/cf=2.08299,D_sigma,0.1,0.4,0.0,1.0,0.3,3.0,2.0829936590907905,wiki_B,autorpa_233k,ours_pi_prior,7373315056.0,1.0,0.0,0.0,0.0,0.0,0.0,0.0,0.0,0.005,0.0,0.0,always_reactive,0.350865
h=0.1/q0=0.4/p=0/r=1/sig=0.3/cf=2.08299,D_sigma,0.1,0.4,0.0,1.0,0.3,3.0,2.0829936590907905,wiki_B,autorpa_233k,ours_both,7373315056.0,1.0,0.0,0.0,0.0,0.0,0.0,0.0,0.0,0.005,0.0,0.0,always_reactive,0.350865
h=0.1/q0=0.4/p=0/r=1/sig=0.3/cf=2.08299,D_sigma,0.1,0.4,0.0,1.0,0.3,3.0,2.0829936590907905,wiki_B,autorpa_233k,breakeven,8101806677.375,1.098801,0.0,0.0,1501.0,0.0,0.0,0.0,1501.0,0.005,1501.0,728491621.375,always_reactive,0.350865
h=0.1/q0=0.4/p=0/r=1/sig=0.3/cf=2.08299,D_sigma,0.1,0.4,0.0,1.0,0.3,3.0,2.0829936590907905,wiki_B,autorpa_233k,breakeven_cap,7454366422.269,1.010993,0.0,0.0,167.0,0.0,0.0,0.0,167.0,0.005,167.0,81051366.269,always_reactive,0.350865
h=0.1/q0=0.4/p=0/r=1/sig=0.3/cf=2.08299,D_sigma,0.1,0.4,0.0,1.0,0.3,3.0,2.0829936590907905,wiki_B,autorpa_233k,offline_taxblind,7373315056.0,1.0,,,,,,,,,,,always_reactive,0.350865
h=0.1/q0=0.4/p=0/r=1/sig=0.3/cf=2.08299,D_sigma,0.1,0.4,0.0,1.0,0.3,3.0,2.0829936590907905,wiki_B,autorpa_233k,offline_opt_tax,7373315056.0,1.0,,,,,,,,,,,always_reactive,0.350865
h=0.1/q0=0.4/p=0/r=1/sig=0.3/cf=2.08299,D_sigma,0.1,0.4,0.0,1.0,0.3,3.0,2.0829936590907905,wiki_B,native,always_reactive,7373315056.0,0.970042,0.0,0.0,0.0,0.0,0.0,0.0,0.0,0.005,0.0,0.0,always_reactive,0.89644
h=0.1/q0=0.4/p=0/r=1/sig=0.3/cf=2.08299,D_sigma,0.1,0.4,0.0,1.0,0.3,3.0,2.0829936590907905,wiki_B,native,always_compile_evict,8225111034.685,1.082105,0.0,0.0,28107.0,0.0,0.0,0.0,28107.0,0.004,28107.0,851795978.689,always_reactive,0.89644
h=0.1/q0=0.4/p=0/r=1/sig=0.3/cf=2.08299,D_sigma,0.1,0.4,0.0,1.0,0.3,3.0,2.0829936590907905,wiki_B,native,ours_noinflate,7601030393.242,1.0,0.0,0.0,7514.0,0.0,0.0,0.0,7514.0,0.005,7514.0,227715337.242,always_reactive,0.89644
h=0.1/q0=0.4/p=0/r=1/sig=0.3/cf=2.08299,D_sigma,0.1,0.4,0.0,1.0,0.3,3.0,2.0829936590907905,wiki_B,native,oracle_tax,7373315056.0,0.970042,0.0,0.0,0.0,0.0,0.0,0.0,0.0,0.005,0.0,0.0,always_reactive,0.89644
h=0.1/q0=0.4/p=0/r=1/sig=0.3/cf=2.08299,D_sigma,0.1,0.4,0.0,1.0,0.3,3.0,2.0829936590907905,wiki_B,native,ours_spend_cap,7551844607.729,0.993529,0.0,0.0,5891.0,0.0,0.0,0.0,5891.0,0.005,5891.0,178529551.729,always_reactive,0.89644
h=0.1/q0=0.4/p=0/r=1/sig=0.3/cf=2.08299,D_sigma,0.1,0.4,0.0,1.0,0.3,3.0,2.0829936590907905,wiki_B,native,ours_pi_prior,7574119131.667,0.99646,0.0,0.0,6626.0,0.0,0.0,0.0,6626.0,0.005,6626.0,200804075.668,always_reactive,0.89644
h=0.1/q0=0.4/p=0/r=1/sig=0.3/cf=2.08299,D_sigma,0.1,0.4,0.0,1.0,0.3,3.0,2.0829936590907905,wiki_B,native,ours_both,7521569438.458,0.989546,0.0,0.0,4892.0,0.0,0.0,0.0,4892.0,0.005,4892.0,148254382.458,always_reactive,0.89644
h=0.1/q0=0.4/p=0/r=1/sig=0.3/cf=2.08299,D_sigma,0.1,0.4,0.0,1.0,0.3,3.0,2.0829936590907905,wiki_B,native,breakeven,8206139807.494,1.079609,0.0,0.0,27481.0,0.0,0.0,0.0,27481.0,0.004,27481.0,832824751.498,always_reactive,0.89644
h=0.1/q0=0.4/p=0/r=1/sig=0.3/cf=2.08299,D_sigma,0.1,0.4,0.0,1.0,0.3,3.0,2.0829936590907905,wiki_B,native,breakeven_cap,7544813737.588,0.992604,0.0,0.0,5659.0,0.0,0.0,0.0,5659.0,0.005,5659.0,171498681.588,always_reactive,0.89644
h=0.1/q0=0.4/p=0/r=1/sig=0.3/cf=2.08299,D_sigma,0.1,0.4,0.0,1.0,0.3,3.0,2.0829936590907905,wiki_B,native,offline_taxblind,7373315056.0,0.970042,,,,,,,,,,,always_reactive,0.89644
h=0.1/q0=0.4/p=0/r=1/sig=0.3/cf=2.08299,D_sigma,0.1,0.4,0.0,1.0,0.3,3.0,2.0829936590907905,wiki_B,native,offline_opt_tax,7373315056.0,0.970042,,,,,,,,,,,always_reactive,0.89644
h=0.1/q0=0.4/p=0/r=1/sig=0/cf=1,A_core,0.1,0.4,0.0,1.0,0.0,1.0,1.0,bpi2019,autorpa_233k,always_reactive,19497801224.0,0.99714,0.0,0.0,0.0,0.0,0.0,0.0,0.0,0.005,0.0,0.0,always_reactive,0.261097
h=0.1/q0=0.4/p=0/r=1/sig=0/cf=1,A_core,0.1,0.4,0.0,1.0,0.0,1.0,1.0,bpi2019,autorpa_233k,always_compile_evict,74676395224.0,3.819038,0.0,0.0,236818.0,0.0,0.0,0.0,236818.0,0.001,236818.0,55178594000.0,always_reactive,0.261097
h=0.1/q0=0.4/p=0/r=1/sig=0/cf=1,A_core,0.1,0.4,0.0,1.0,0.0,1.0,1.0,bpi2019,autorpa_233k,ours_noinflate,19553721224.0,1.0,0.0,0.0,240.0,0.0,0.0,0.0,240.0,0.005,240.0,55920000.0,always_reactive,0.261097
h=0.1/q0=0.4/p=0/r=1/sig=0/cf=1,A_core,0.1,0.4,0.0,1.0,0.0,1.0,1.0,bpi2019,autorpa_233k,oracle_tax,19497801224.0,0.99714,0.0,0.0,0.0,0.0,0.0,0.0,0.0,0.005,0.0,0.0,always_reactive,0.261097
h=0.1/q0=0.4/p=0/r=1/sig=0/cf=1,A_core,0.1,0.4,0.0,1.0,0.0,1.0,1.0,bpi2019,autorpa_233k,ours_spend_cap,19553721224.0,1.0,0.0,0.0,240.0,0.0,0.0,0.0,240.0,0.005,240.0,55920000.0,always_reactive,0.261097
h=0.1/q0=0.4/p=0/r=1/sig=0/cf=1,A_core,0.1,0.4,0.0,1.0,0.0,1.0,1.0,bpi2019,autorpa_233k,ours_pi_prior,19585409224.0,1.001621,0.0,0.0,376.0,0.0,0.0,0.0,376.0,0.005,376.0,87608000.0,always_reactive,0.261097
h=0.1/q0=0.4/p=0/r=1/sig=0/cf=1,A_core,0.1,0.4,0.0,1.0,0.0,1.0,1.0,bpi2019,autorpa_233k,ours_both,19585409224.0,1.001621,0.0,0.0,376.0,0.0,0.0,0.0,376.0,0.005,376.0,87608000.0,always_reactive,0.261097
h=0.1/q0=0.4/p=0/r=1/sig=0/cf=1,A_core,0.1,0.4,0.0,1.0,0.0,1.0,1.0,bpi2019,autorpa_233k,breakeven,28970882224.0,1.481605,0.0,0.0,40657.0,0.0,0.0,0.0,40657.0,0.003,40657.0,9473081000.0,always_reactive,0.261097
h=0.1/q0=0.4/p=0/r=1/sig=0/cf=1,A_core,0.1,0.4,0.0,1.0,0.0,1.0,1.0,bpi2019,autorpa_233k,breakeven_cap,19747810224.0,1.009926,0.0,0.0,1073.0,0.0,0.0,0.0,1073.0,0.005,1073.0,250009000.0,always_reactive,0.261097
h=0.1/q0=0.4/p=0/r=1/sig=0/cf=1,A_core,0.1,0.4,0.0,1.0,0.0,1.0,1.0,bpi2019,autorpa_233k,offline_taxblind,19497801224.0,0.99714,,,,,,,,,,,always_reactive,0.261097
h=0.1/q0=0.4/p=0/r=1/sig=0/cf=1,A_core,0.1,0.4,0.0,1.0,0.0,1.0,1.0,bpi2019,autorpa_233k,offline_opt_tax,19497801224.0,0.99714,,,,,,,,,,,always_reactive,0.261097
h=0.1/q0=0.4/p=0/r=1/sig=0/cf=1,A_core,0.1,0.4,0.0,1.0,0.0,1.0,1.0,bpi2019,native,always_reactive,19497801224.0,0.988693,0.0,0.0,0.0,0.0,0.0,0.0,0.0,0.005,0.0,0.0,always_reactive,0.849827
h=0.1/q0=0.4/p=0/r=1/sig=0/cf=1,A_core,0.1,0.4,0.0,1.0,0.0,1.0,1.0,bpi2019,native,always_compile_evict,22943266306.0,1.163405,0.0,0.0,236818.0,0.0,0.0,0.0,236818.0,0.004,236818.0,3445465082.0,always_reactive,0.849827
h=0.1/q0=0.4/p=0/r=1/sig=0/cf=1,A_core,0.1,0.4,0.0,1.0,0.0,1.0,1.0,bpi2019,native,ours_noinflate,19720793747.0,1.0,0.0,0.0,15327.0,0.0,0.0,0.0,15327.0,0.005,15327.0,222992523.0,always_reactive,0.849827
h=0.1/q0=0.4/p=0/r=1/sig=0/cf=1,A_core,0.1,0.4,0.0,1.0,0.0,1.0,1.0,bpi2019,native,oracle_tax,19497801224.0,0.988693,0.0,0.0,0.0,0.0,0.0,0.0,0.0,0.005,0.0,0.0,always_reactive,0.849827
h=0.1/q0=0.4/p=0/r=1/sig=0/cf=1,A_core,0.1,0.4,0.0,1.0,0.0,1.0,1.0,bpi2019,native,ours_spend_cap,19720793747.0,1.0,0.0,0.0,15327.0,0.0,0.0,0.0,15327.0,0.005,15327.0,222992523.0,always_reactive,0.849827
h=0.1/q0=0.4/p=0/r=1/sig=0/cf=1,A_core,0.1,0.4,0.0,1.0,0.0,1.0,1.0,bpi2019,native,ours_pi_prior,19703611378.0,0.999129,0.0,0.0,14146.0,0.0,0.0,0.0,14146.0,0.005,14146.0,205810154.0,always_reactive,0.849827
h=0.1/q0=0.4/p=0/r=1/sig=0/cf=1,A_core,0.1,0.4,0.0,1.0,0.0,1.0,1.0,bpi2019,native,ours_both,19694270920.0,0.998655,0.0,0.0,13504.0,0.0,0.0,0.0,13504.0,0.005,13504.0,196469696.0,always_reactive,0.849827
h=0.1/q0=0.4/p=0/r=1/sig=0/cf=1,A_core,0.1,0.4,0.0,1.0,0.0,1.0,1.0,bpi2019,native,breakeven,22943266306.0,1.163405,0.0,0.0,236818.0,0.0,0.0,0.0,236818.0,0.004,236818.0,3445465082.0,always_reactive,0.849827
h=0.1/q0=0.4/p=0/r=1/sig=0/cf=1,A_core,0.1,0.4,0.0,1.0,0.0,1.0,1.0,bpi2019,native,breakeven_cap,19737917920.0,1.000868,0.0,0.0,16504.0,0.0,0.0,0.0,16504.0,0.005,16504.0,240116696.0,always_reactive,0.849827
h=0.1/q0=0.4/p=0/r=1/sig=0/cf=1,A_core,0.1,0.4,0.0,1.0,0.0,1.0,1.0,bpi2019,native,offline_taxblind,19497801224.0,0.988693,,,,,,,,,,,always_reactive,0.849827
h=0.1/q0=0.4/p=0/r=1/sig=0/cf=1,A_core,0.1,0.4,0.0,1.0,0.0,1.0,1.0,bpi2019,native,offline_opt_tax,19497801224.0,0.988693,,,,,,,,,,,always_reactive,0.849827
h=0.1/q0=0.4/p=0/r=1/sig=0/cf=1,A_core,0.1,0.4,0.0,1.0,0.0,1.0,1.0,sepsis,autorpa_233k,always_reactive,77101119.0,0.991015,0.0,0.0,0.0,0.0,0.0,0.0,0.0,0.005,0.0,0.0,always_reactive,0.699729
h=0.1/q0=0.4/p=0/r=1/sig=0/cf=1,A_core,0.1,0.4,0.0,1.0,0.0,1.0,1.0,sepsis,autorpa_233k,always_compile_evict,110187119.0,1.416285,0.0,0.0,142.0,0.0,0.0,0.0,142.0,0.004,142.0,33086000.0,always_reactive,0.699729
h=0.1/q0=0.4/p=0/r=1/sig=0/cf=1,A_core,0.1,0.4,0.0,1.0,0.0,1.0,1.0,sepsis,autorpa_233k,ours_noinflate,77800119.0,1.0,0.0,0.0,3.0,0.0,0.0,0.0,3.0,0.005,3.0,699000.0,always_reactive,0.699729
h=0.1/q0=0.4/p=0/r=1/sig=0/cf=1,A_core,0.1,0.4,0.0,1.0,0.0,1.0,1.0,sepsis,autorpa_233k,oracle_tax,77101119.0,0.991015,0.0,0.0,0.0,0.0,0.0,0.0,0.0,0.005,0.0,0.0,always_reactive,0.699729
h=0.1/q0=0.4/p=0/r=1/sig=0/cf=1,A_core,0.1,0.4,0.0,1.0,0.0,1.0,1.0,sepsis,autorpa_233k,ours_spend_cap,77800119.0,1.0,0.0,0.0,3.0,0.0,0.0,0.0,3.0,0.005,3.0,699000.0,always_reactive,0.699729
h=0.1/q0=0.4/p=0/r=1/sig=0/cf=1,A_core,0.1,0.4,0.0,1.0,0.0,1.0,1.0,sepsis,autorpa_233k,ours_pi_prior,77567119.0,0.997005,0.0,0.0,2.0,0.0,0.0,0.0,2.0,0.005,2.0,466000.0,always_reactive,0.699729
h=0.1/q0=0.4/p=0/r=1/sig=0/cf=1,A_core,0.1,0.4,0.0,1.0,0.0,1.0,1.0,sepsis,autorpa_233k,ours_both,77567119.0,0.997005,0.0,0.0,2.0,0.0,0.0,0.0,2.0,0.005,2.0,466000.0,always_reactive,0.699729
h=0.1/q0=0.4/p=0/r=1/sig=0/cf=1,A_core,0.1,0.4,0.0,1.0,0.0,1.0,1.0,sepsis,autorpa_233k,breakeven,79431119.0,1.020964,0.0,0.0,10.0,0.0,0.0,0.0,10.0,0.005,10.0,2330000.0,always_reactive,0.699729
h=0.1/q0=0.4/p=0/r=1/sig=0/cf=1,A_core,0.1,0.4,0.0,1.0,0.0,1.0,1.0,sepsis,autorpa_233k,breakeven_cap,78965119.0,1.014974,0.0,0.0,8.0,0.0,0.0,0.0,8.0,0.005,8.0,1864000.0,always_reactive,0.699729
h=0.1/q0=0.4/p=0/r=1/sig=0/cf=1,A_core,0.1,0.4,0.0,1.0,0.0,1.0,1.0,sepsis,autorpa_233k,offline_taxblind,77101119.0,0.991015,,,,,,,,,,,always_reactive,0.699729
h=0.1/q0=0.4/p=0/r=1/sig=0/cf=1,A_core,0.1,0.4,0.0,1.0,0.0,1.0,1.0,sepsis,autorpa_233k,offline_opt_tax,77101119.0,0.991015,,,,,,,,,,,always_reactive,0.699729
h=0.1/q0=0.4/p=0/r=1/sig=0/cf=1,A_core,0.1,0.4,0.0,1.0,0.0,1.0,1.0,sepsis,native,always_reactive,77101119.0,0.976416,0.0,0.0,0.0,0.0,0.0,0.0,0.0,0.005,0.0,0.0,always_reactive,0.973904
h=0.1/q0=0.4/p=0/r=1/sig=0/cf=1,A_core,0.1,0.4,0.0,1.0,0.0,1.0,1.0,sepsis,native,always_compile_evict,79167077.0,1.002579,0.0,0.0,142.0,0.0,0.0,0.0,142.0,0.005,142.0,2065958.0,always_reactive,0.973904
h=0.1/q0=0.4/p=0/r=1/sig=0/cf=1,A_core,0.1,0.4,0.0,1.0,0.0,1.0,1.0,sepsis,native,ours_noinflate,78963391.0,1.0,0.0,0.0,128.0,0.0,0.0,0.0,128.0,0.005,128.0,1862272.0,always_reactive,0.973904
h=0.1/q0=0.4/p=0/r=1/sig=0/cf=1,A_core,0.1,0.4,0.0,1.0,0.0,1.0,1.0,sepsis,native,oracle_tax,77101119.0,0.976416,0.0,0.0,0.0,0.0,0.0,0.0,0.0,0.005,0.0,0.0,always_reactive,0.973904
h=0.1/q0=0.4/p=0/r=1/sig=0/cf=1,A_core,0.1,0.4,0.0,1.0,0.0,1.0,1.0,sepsis,native,ours_spend_cap,78963391.0,1.0,0.0,0.0,128.0,0.0,0.0,0.0,128.0,0.005,128.0,1862272.0,always_reactive,0.973904
h=0.1/q0=0.4/p=0/r=1/sig=0/cf=1,A_core,0.1,0.4,0.0,1.0,0.0,1.0,1.0,sepsis,native,ours_pi_prior,79007038.0,1.000553,0.0,0.0,131.0,0.0,0.0,0.0,131.0,0.005,131.0,1905919.0,always_reactive,0.973904
h=0.1/q0=0.4/p=0/r=1/sig=0/cf=1,A_core,0.1,0.4,0.0,1.0,0.0,1.0,1.0,sepsis,native,ours_both,78992489.0,1.000368,0.0,0.0,130.0,0.0,0.0,0.0,130.0,0.005,130.0,1891370.0,always_reactive,0.973904
h=0.1/q0=0.4/p=0/r=1/sig=0/cf=1,A_core,0.1,0.4,0.0,1.0,0.0,1.0,1.0,sepsis,native,breakeven,79167077.0,1.002579,0.0,0.0,142.0,0.0,0.0,0.0,142.0,0.005,142.0,2065958.0,always_reactive,0.973904
h=0.1/q0=0.4/p=0/r=1/sig=0/cf=1,A_core,0.1,0.4,0.0,1.0,0.0,1.0,1.0,sepsis,native,breakeven_cap,79050685.0,1.001105,0.0,0.0,134.0,0.0,0.0,0.0,134.0,0.005,134.0,1949566.0,always_reactive,0.973904
h=0.1/q0=0.4/p=0/r=1/sig=0/cf=1,A_core,0.1,0.4,0.0,1.0,0.0,1.0,1.0,sepsis,native,offline_taxblind,77101119.0,0.976416,,,,,,,,,,,always_reactive,0.973904
h=0.1/q0=0.4/p=0/r=1/sig=0/cf=1,A_core,0.1,0.4,0.0,1.0,0.0,1.0,1.0,sepsis,native,offline_opt_tax,77101119.0,0.976416,,,,,,,,,,,always_reactive,0.973904
h=0.1/q0=0.4/p=0/r=1/sig=0/cf=1,A_core,0.1,0.4,0.0,1.0,0.0,1.0,1.0,wiki_A,autorpa_233k,always_reactive,5261420180.0,0.998364,0.0,0.0,0.0,0.0,0.0,0.0,0.0,0.005,0.0,0.0,always_reactive,0.265211
h=0.1/q0=0.4/p=0/r=1/sig=0/cf=1,A_core,0.1,0.4,0.0,1.0,0.0,1.0,1.0,wiki_A,autorpa_233k,always_compile_evict,19838599180.0,3.764411,0.0,0.0,62563.0,0.0,0.0,0.0,62563.0,0.001,62563.0,14577179000.0,always_reactive,0.265211
h=0.1/q0=0.4/p=0/r=1/sig=0/cf=1,A_core,0.1,0.4,0.0,1.0,0.0,1.0,1.0,wiki_A,autorpa_233k,ours_noinflate,5270041180.0,1.0,0.0,0.0,37.0,0.0,0.0,0.0,37.0,0.005,37.0,8621000.0,always_reactive,0.265211
h=0.1/q0=0.4/p=0/r=1/sig=0/cf=1,A_core,0.1,0.4,0.0,1.0,0.0,1.0,1.0,wiki_A,autorpa_233k,oracle_tax,5261420180.0,0.998364,0.0,0.0,0.0,0.0,0.0,0.0,0.0,0.005,0.0,0.0,always_reactive,0.265211
h=0.1/q0=0.4/p=0/r=1/sig=0/cf=1,A_core,0.1,0.4,0.0,1.0,0.0,1.0,1.0,wiki_A,autorpa_233k,ours_spend_cap,5270041180.0,1.0,0.0,0.0,37.0,0.0,0.0,0.0,37.0,0.005,37.0,8621000.0,always_reactive,0.265211
h=0.1/q0=0.4/p=0/r=1/sig=0/cf=1,A_core,0.1,0.4,0.0,1.0,0.0,1.0,1.0,wiki_A,autorpa_233k,ours_pi_prior,5274701180.0,1.000884,0.0,0.0,57.0,0.0,0.0,0.0,57.0,0.005,57.0,13281000.0,always_reactive,0.265211
h=0.1/q0=0.4/p=0/r=1/sig=0/cf=1,A_core,0.1,0.4,0.0,1.0,0.0,1.0,1.0,wiki_A,autorpa_233k,ours_both,5274701180.0,1.000884,0.0,0.0,57.0,0.0,0.0,0.0,57.0,0.005,57.0,13281000.0,always_reactive,0.265211
h=0.1/q0=0.4/p=0/r=1/sig=0/cf=1,A_core,0.1,0.4,0.0,1.0,0.0,1.0,1.0,wiki_A,autorpa_233k,breakeven,7890126180.0,1.497166,0.0,0.0,11282.0,0.0,0.0,0.0,11282.0,0.003,11282.0,2628706000.0,always_reactive,0.265211
h=0.1/q0=0.4/p=0/r=1/sig=0/cf=1,A_core,0.1,0.4,0.0,1.0,0.0,1.0,1.0,wiki_A,autorpa_233k,breakeven_cap,5314078180.0,1.008356,0.0,0.0,226.0,0.0,0.0,0.0,226.0,0.005,226.0,52658000.0,always_reactive,0.265211
h=0.1/q0=0.4/p=0/r=1/sig=0/cf=1,A_core,0.1,0.4,0.0,1.0,0.0,1.0,1.0,wiki_A,autorpa_233k,offline_taxblind,5261420180.0,0.998364,,,,,,,,,,,always_reactive,0.265211
h=0.1/q0=0.4/p=0/r=1/sig=0/cf=1,A_core,0.1,0.4,0.0,1.0,0.0,1.0,1.0,wiki_A,autorpa_233k,offline_opt_tax,5261420180.0,0.998364,,,,,,,,,,,always_reactive,0.265211
h=0.1/q0=0.4/p=0/r=1/sig=0/cf=1,A_core,0.1,0.4,0.0,1.0,0.0,1.0,1.0,wiki_A,native,always_reactive,5261420180.0,0.991928,0.0,0.0,0.0,0.0,0.0,0.0,0.0,0.005,0.0,0.0,always_reactive,0.852514
h=0.1/q0=0.4/p=0/r=1/sig=0/cf=1,A_core,0.1,0.4,0.0,1.0,0.0,1.0,1.0,wiki_A,native,always_compile_evict,6171649267.0,1.163532,0.0,0.0,62563.0,0.0,0.0,0.0,62563.0,0.004,62563.0,910229087.0,always_reactive,0.852514
h=0.1/q0=0.4/p=0/r=1/sig=0/cf=1,A_core,0.1,0.4,0.0,1.0,0.0,1.0,1.0,wiki_A,native,ours_noinflate,5304237887.0,1.0,0.0,0.0,2943.0,0.0,0.0,0.0,2943.0,0.005,2943.0,42817707.0,always_reactive,0.852514
h=0.1/q0=0.4/p=0/r=1/sig=0/cf=1,A_core,0.1,0.4,0.0,1.0,0.0,1.0,1.0,wiki_A,native,oracle_tax,5261420180.0,0.991928,0.0,0.0,0.0,0.0,0.0,0.0,0.0,0.005,0.0,0.0,always_reactive,0.852514
h=0.1/q0=0.4/p=0/r=1/sig=0/cf=1,A_core,0.1,0.4,0.0,1.0,0.0,1.0,1.0,wiki_A,native,ours_spend_cap,5304237887.0,1.0,0.0,0.0,2943.0,0.0,0.0,0.0,2943.0,0.005,2943.0,42817707.0,always_reactive,0.852514
h=0.1/q0=0.4/p=0/r=1/sig=0/cf=1,A_core,0.1,0.4,0.0,1.0,0.0,1.0,1.0,wiki_A,native,ours_pi_prior,5302506556.0,0.999674,0.0,0.0,2824.0,0.0,0.0,0.0,2824.0,0.005,2824.0,41086376.0,always_reactive,0.852514
h=0.1/q0=0.4/p=0/r=1/sig=0/cf=1,A_core,0.1,0.4,0.0,1.0,0.0,1.0,1.0,wiki_A,native,ours_both,5300004128.0,0.999202,0.0,0.0,2652.0,0.0,0.0,0.0,2652.0,0.005,2652.0,38583948.0,always_reactive,0.852514
h=0.1/q0=0.4/p=0/r=1/sig=0/cf=1,A_core,0.1,0.4,0.0,1.0,0.0,1.0,1.0,wiki_A,native,breakeven,6171649267.0,1.163532,0.0,0.0,62563.0,0.0,0.0,0.0,62563.0,0.004,62563.0,910229087.0,always_reactive,0.852514
h=0.1/q0=0.4/p=0/r=1/sig=0/cf=1,A_core,0.1,0.4,0.0,1.0,0.0,1.0,1.0,wiki_A,native,breakeven_cap,5307613255.0,1.000636,0.0,0.0,3175.0,0.0,0.0,0.0,3175.0,0.005,3175.0,46193075.0,always_reactive,0.852514
h=0.1/q0=0.4/p=0/r=1/sig=0/cf=1,A_core,0.1,0.4,0.0,1.0,0.0,1.0,1.0,wiki_A,native,offline_taxblind,5261420180.0,0.991928,,,,,,,,,,,always_reactive,0.852514
h=0.1/q0=0.4/p=0/r=1/sig=0/cf=1,A_core,0.1,0.4,0.0,1.0,0.0,1.0,1.0,wiki_A,native,offline_opt_tax,5261420180.0,0.991928,,,,,,,,,,,always_reactive,0.852514
h=0.1/q0=0.4/p=0/r=1/sig=0/cf=1,A_core,0.1,0.4,0.0,1.0,0.0,1.0,1.0,wiki_B,autorpa_233k,always_reactive,7373315056.0,0.995846,0.0,0.0,0.0,0.0,0.0,0.0,0.0,0.005,0.0,0.0,always_reactive,0.529607
h=0.1/q0=0.4/p=0/r=1/sig=0/cf=1,A_core,0.1,0.4,0.0,1.0,0.0,1.0,1.0,wiki_B,autorpa_233k,always_compile_evict,13922246056.0,1.88035,0.0,0.0,28107.0,0.0,0.0,0.0,28107.0,0.003,28107.0,6548931000.0,always_reactive,0.529607
h=0.1/q0=0.4/p=0/r=1/sig=0/cf=1,A_core,0.1,0.4,0.0,1.0,0.0,1.0,1.0,wiki_B,autorpa_233k,ours_noinflate,7404071056.0,1.0,0.0,0.0,132.0,0.0,0.0,0.0,132.0,0.005,132.0,30756000.0,always_reactive,0.529607
h=0.1/q0=0.4/p=0/r=1/sig=0/cf=1,A_core,0.1,0.4,0.0,1.0,0.0,1.0,1.0,wiki_B,autorpa_233k,oracle_tax,7373315056.0,0.995846,0.0,0.0,0.0,0.0,0.0,0.0,0.0,0.005,0.0,0.0,always_reactive,0.529607
h=0.1/q0=0.4/p=0/r=1/sig=0/cf=1,A_core,0.1,0.4,0.0,1.0,0.0,1.0,1.0,wiki_B,autorpa_233k,ours_spend_cap,7404071056.0,1.0,0.0,0.0,132.0,0.0,0.0,0.0,132.0,0.005,132.0,30756000.0,always_reactive,0.529607
h=0.1/q0=0.4/p=0/r=1/sig=0/cf=1,A_core,0.1,0.4,0.0,1.0,0.0,1.0,1.0,wiki_B,autorpa_233k,ours_pi_prior,7426905056.0,1.003084,0.0,0.0,230.0,0.0,0.0,0.0,230.0,0.005,230.0,53590000.0,always_reactive,0.529607
h=0.1/q0=0.4/p=0/r=1/sig=0/cf=1,A_core,0.1,0.4,0.0,1.0,0.0,1.0,1.0,wiki_B,autorpa_233k,ours_both,7426905056.0,1.003084,0.0,0.0,230.0,0.0,0.0,0.0,230.0,0.005,230.0,53590000.0,always_reactive,0.529607
h=0.1/q0=0.4/p=0/r=1/sig=0/cf=1,A_core,0.1,0.4,0.0,1.0,0.0,1.0,1.0,wiki_B,autorpa_233k,breakeven,8213047056.0,1.109261,0.0,0.0,3604.0,0.0,0.0,0.0,3604.0,0.004,3604.0,839732000.0,always_reactive,0.529607
h=0.1/q0=0.4/p=0/r=1/sig=0/cf=1,A_core,0.1,0.4,0.0,1.0,0.0,1.0,1.0,wiki_B,autorpa_233k,breakeven_cap,7522668056.0,1.016018,0.0,0.0,641.0,0.0,0.0,0.0,641.0,0.005,641.0,149353000.0,always_reactive,0.529607
h=0.1/q0=0.4/p=0/r=1/sig=0/cf=1,A_core,0.1,0.4,0.0,1.0,0.0,1.0,1.0,wiki_B,autorpa_233k,offline_taxblind,7373315056.0,0.995846,,,,,,,,,,,always_reactive,0.529607
h=0.1/q0=0.4/p=0/r=1/sig=0/cf=1,A_core,0.1,0.4,0.0,1.0,0.0,1.0,1.0,wiki_B,autorpa_233k,offline_opt_tax,7373315056.0,0.995846,,,,,,,,,,,always_reactive,0.529607
h=0.1/q0=0.4/p=0/r=1/sig=0/cf=1,A_core,0.1,0.4,0.0,1.0,0.0,1.0,1.0,wiki_B,native,always_reactive,7373315056.0,0.978854,0.0,0.0,0.0,0.0,0.0,0.0,0.0,0.005,0.0,0.0,always_reactive,0.947454
h=0.1/q0=0.4/p=0/r=1/sig=0/cf=1,A_core,0.1,0.4,0.0,1.0,0.0,1.0,1.0,wiki_B,native,always_compile_evict,7782243799.0,1.033142,0.0,0.0,28107.0,0.0,0.0,0.0,28107.0,0.005,28107.0,408928743.0,always_reactive,0.947454
h=0.1/q0=0.4/p=0/r=1/sig=0/cf=1,A_core,0.1,0.4,0.0,1.0,0.0,1.0,1.0,wiki_B,native,ours_noinflate,7532597508.0,1.0,0.0,0.0,10948.0,0.0,0.0,0.0,10948.0,0.005,10948.0,159282452.0,always_reactive,0.947454
h=0.1/q0=0.4/p=0/r=1/sig=0/cf=1,A_core,0.1,0.4,0.0,1.0,0.0,1.0,1.0,wiki_B,native,oracle_tax,7373315056.0,0.978854,0.0,0.0,0.0,0.0,0.0,0.0,0.0,0.005,0.0,0.0,always_reactive,0.947454
h=0.1/q0=0.4/p=0/r=1/sig=0/cf=1,A_core,0.1,0.4,0.0,1.0,0.0,1.0,1.0,wiki_B,native,ours_spend_cap,7532597508.0,1.0,0.0,0.0,10948.0,0.0,0.0,0.0,10948.0,0.005,10948.0,159282452.0,always_reactive,0.947454
h=0.1/q0=0.4/p=0/r=1/sig=0/cf=1,A_core,0.1,0.4,0.0,1.0,0.0,1.0,1.0,wiki_B,native,ours_pi_prior,7520419995.0,0.998383,0.0,0.0,10111.0,0.0,0.0,0.0,10111.0,0.005,10111.0,147104939.0,always_reactive,0.947454
h=0.1/q0=0.4/p=0/r=1/sig=0/cf=1,A_core,0.1,0.4,0.0,1.0,0.0,1.0,1.0,wiki_B,native,ours_both,7516098942.0,0.99781,0.0,0.0,9814.0,0.0,0.0,0.0,9814.0,0.005,9814.0,142783886.0,always_reactive,0.947454
h=0.1/q0=0.4/p=0/r=1/sig=0/cf=1,A_core,0.1,0.4,0.0,1.0,0.0,1.0,1.0,wiki_B,native,breakeven,7782243799.0,1.033142,0.0,0.0,28107.0,0.0,0.0,0.0,28107.0,0.005,28107.0,408928743.0,always_reactive,0.947454
h=0.1/q0=0.4/p=0/r=1/sig=0/cf=1,A_core,0.1,0.4,0.0,1.0,0.0,1.0,1.0,wiki_B,native,breakeven_cap,7542636318.0,1.001333,0.0,0.0,11638.0,0.0,0.0,0.0,11638.0,0.005,11638.0,169321262.0,always_reactive,0.947454
h=0.1/q0=0.4/p=0/r=1/sig=0/cf=1,A_core,0.1,0.4,0.0,1.0,0.0,1.0,1.0,wiki_B,native,offline_taxblind,7373315056.0,0.978854,,,,,,,,,,,always_reactive,0.947454
h=0.1/q0=0.4/p=0/r=1/sig=0/cf=1,A_core,0.1,0.4,0.0,1.0,0.0,1.0,1.0,wiki_B,native,offline_opt_tax,7373315056.0,0.978854,,,,,,,,,,,always_reactive,0.947454
h=0.1/q0=0.4/p=0/r=1/sig=0/cf=2.08299,A_core,0.1,0.4,0.0,1.0,0.0,1.0,2.0829936590907905,bpi2019,autorpa_233k,always_reactive,19497801224.0,0.994061,0.0,0.0,0.0,0.0,0.0,0.0,0.0,0.005,0.0,0.0,always_reactive,0.145036
h=0.1/q0=0.4/p=0/r=1/sig=0/cf=2.08299,A_core,0.1,0.4,0.0,1.0,0.0,1.0,2.0829936590907905,bpi2019,autorpa_233k,always_compile_evict,134434462643.453,6.853907,0.0,0.0,236818.0,0.0,0.0,0.0,236818.0,0.001,236818.0,114936661419.52,always_reactive,0.145036
h=0.1/q0=0.4/p=0/r=1/sig=0/cf=2.08299,A_core,0.1,0.4,0.0,1.0,0.0,1.0,2.0829936590907905,bpi2019,autorpa_233k,ours_noinflate,19614282229.416,1.0,0.0,0.0,240.0,0.0,0.0,0.0,240.0,0.005,240.0,116481005.416,always_reactive,0.145036
h=0.1/q0=0.4/p=0/r=1/sig=0/cf=2.08299,A_core,0.1,0.4,0.0,1.0,0.0,1.0,2.0829936590907905,bpi2019,autorpa_233k,oracle_tax,19497801224.0,0.994061,0.0,0.0,0.0,0.0,0.0,0.0,0.0,0.005,0.0,0.0,always_reactive,0.145036
h=0.1/q0=0.4/p=0/r=1/sig=0/cf=2.08299,A_core,0.1,0.4,0.0,1.0,0.0,1.0,2.0829936590907905,bpi2019,autorpa_233k,ours_spend_cap,19614282229.416,1.0,0.0,0.0,240.0,0.0,0.0,0.0,240.0,0.005,240.0,116481005.416,always_reactive,0.145036
h=0.1/q0=0.4/p=0/r=1/sig=0/cf=2.08299,A_core,0.1,0.4,0.0,1.0,0.0,1.0,2.0829936590907905,bpi2019,autorpa_233k,ours_pi_prior,19680288132.486,1.003365,0.0,0.0,376.0,0.0,0.0,0.0,376.0,0.005,376.0,182486908.486,always_reactive,0.145036
h=0.1/q0=0.4/p=0/r=1/sig=0/cf=2.08299,A_core,0.1,0.4,0.0,1.0,0.0,1.0,2.0829936590907905,bpi2019,autorpa_233k,ours_both,19680288132.486,1.003365,0.0,0.0,376.0,0.0,0.0,0.0,376.0,0.005,376.0,182486908.486,always_reactive,0.145036
h=0.1/q0=0.4/p=0/r=1/sig=0/cf=2.08299,A_core,0.1,0.4,0.0,1.0,0.0,1.0,2.0829936590907905,bpi2019,autorpa_233k,breakeven,39230168879.039,2.000082,0.0,0.0,40657.0,0.0,0.0,0.0,40657.0,0.002,40657.0,19732367655.053,always_reactive,0.145036
h=0.1/q0=0.4/p=0/r=1/sig=0/cf=2.08299,A_core,0.1,0.4,0.0,1.0,0.0,1.0,2.0829936590907905,bpi2019,autorpa_233k,breakeven_cap,19839964177.41,1.011506,0.0,0.0,705.0,0.0,0.0,0.0,705.0,0.005,705.0,342162953.411,always_reactive,0.145036
h=0.1/q0=0.4/p=0/r=1/sig=0/cf=2.08299,A_core,0.1,0.4,0.0,1.0,0.0,1.0,2.0829936590907905,bpi2019,autorpa_233k,offline_taxblind,19497801224.0,0.994061,,,,,,,,,,,always_reactive,0.145036
h=0.1/q0=0.4/p=0/r=1/sig=0/cf=2.08299,A_core,0.1,0.4,0.0,1.0,0.0,1.0,2.0829936590907905,bpi2019,autorpa_233k,offline_opt_tax,19497801224.0,0.994061,,,,,,,,,,,always_reactive,0.145036
h=0.1/q0=0.4/p=0/r=1/sig=0/cf=2.08299,A_core,0.1,0.4,0.0,1.0,0.0,1.0,2.0829936590907905,bpi2019,native,always_reactive,19497801224.0,0.976732,0.0,0.0,0.0,0.0,0.0,0.0,0.0,0.005,0.0,0.0,always_reactive,0.730948
h=0.1/q0=0.4/p=0/r=1/sig=0/cf=2.08299,A_core,0.1,0.4,0.0,1.0,0.0,1.0,2.0829936590907905,bpi2019,native,always_compile_evict,26674683142.511,1.336253,0.0,0.0,236818.0,0.0,0.0,0.0,236818.0,0.003,236818.0,7176881918.426,always_reactive,0.730948
h=0.1/q0=0.4/p=0/r=1/sig=0/cf=2.08299,A_core,0.1,0.4,0.0,1.0,0.0,1.0,2.0829936590907905,bpi2019,native,ours_noinflate,19962293235.438,1.0,0.0,0.0,15327.0,0.0,0.0,0.0,15327.0,0.005,15327.0,464492011.434,always_reactive,0.730948
h=0.1/q0=0.4/p=0/r=1/sig=0/cf=2.08299,A_core,0.1,0.4,0.0,1.0,0.0,1.0,2.0829936590907905,bpi2019,native,oracle_tax,19497801224.0,0.976732,0.0,0.0,0.0,0.0,0.0,0.0,0.0,0.005,0.0,0.0,always_reactive,0.730948
h=0.1/q0=0.4/p=0/r=1/sig=0/cf=2.08299,A_core,0.1,0.4,0.0,1.0,0.0,1.0,2.0829936590907905,bpi2019,native,ours_spend_cap,19838343843.725,0.993791,0.0,0.0,11237.0,0.0,0.0,0.0,11237.0,0.005,11237.0,340542619.722,always_reactive,0.730948
h=0.1/q0=0.4/p=0/r=1/sig=0/cf=2.08299,A_core,0.1,0.4,0.0,1.0,0.0,1.0,2.0829936590907905,bpi2019,native,ours_pi_prior,19926502469.762,0.998207,0.0,0.0,14146.0,0.0,0.0,0.0,14146.0,0.005,14146.0,428701245.758,always_reactive,0.730948
h=0.1/q0=0.4/p=0/r=1/sig=0/cf=2.08299,A_core,0.1,0.4,0.0,1.0,0.0,1.0,2.0829936590907905,bpi2019,native,ours_both,19808159590.878,0.992279,0.0,0.0,10241.0,0.0,0.0,0.0,10241.0,0.005,10241.0,310358366.875,always_reactive,0.730948
h=0.1/q0=0.4/p=0/r=1/sig=0/cf=2.08299,A_core,0.1,0.4,0.0,1.0,0.0,1.0,2.0829936590907905,bpi2019,native,breakeven,26674683142.511,1.336253,0.0,0.0,236818.0,0.0,0.0,0.0,236818.0,0.003,236818.0,7176881918.426,always_reactive,0.730948
h=0.1/q0=0.4/p=0/r=1/sig=0/cf=2.08299,A_core,0.1,0.4,0.0,1.0,0.0,1.0,2.0829936590907905,bpi2019,native,breakeven_cap,19840192477.685,0.993883,0.0,0.0,11298.0,0.0,0.0,0.0,11298.0,0.005,11298.0,342391253.682,always_reactive,0.730948
h=0.1/q0=0.4/p=0/r=1/sig=0/cf=2.08299,A_core,0.1,0.4,0.0,1.0,0.0,1.0,2.0829936590907905,bpi2019,native,offline_taxblind,19497801224.0,0.976732,,,,,,,,,,,always_reactive,0.730948
h=0.1/q0=0.4/p=0/r=1/sig=0/cf=2.08299,A_core,0.1,0.4,0.0,1.0,0.0,1.0,2.0829936590907905,bpi2019,native,offline_opt_tax,19497801224.0,0.976732,,,,,,,,,,,always_reactive,0.730948
h=0.1/q0=0.4/p=0/r=1/sig=0/cf=2.08299,A_core,0.1,0.4,0.0,1.0,0.0,1.0,2.0829936590907905,sepsis,autorpa_233k,always_reactive,77101119.0,0.981466,0.0,0.0,0.0,0.0,0.0,0.0,0.0,0.005,0.0,0.0,always_reactive,0.528021
h=0.1/q0=0.4/p=0/r=1/sig=0/cf=2.08299,A_core,0.1,0.4,0.0,1.0,0.0,1.0,2.0829936590907905,sepsis,autorpa_233k,always_compile_evict,146019047.205,1.858762,0.0,0.0,142.0,0.0,0.0,0.0,142.0,0.003,142.0,68917928.205,always_reactive,0.528021
h=0.1/q0=0.4/p=0/r=1/sig=0/cf=2.08299,A_core,0.1,0.4,0.0,1.0,0.0,1.0,2.0829936590907905,sepsis,autorpa_233k,ours_noinflate,78557131.568,1.0,0.0,0.0,3.0,0.0,0.0,0.0,3.0,0.005,3.0,1456012.568,always_reactive,0.528021
h=0.1/q0=0.4/p=0/r=1/sig=0/cf=2.08299,A_core,0.1,0.4,0.0,1.0,0.0,1.0,2.0829936590907905,sepsis,autorpa_233k,oracle_tax,77101119.0,0.981466,0.0,0.0,0.0,0.0,0.0,0.0,0.0,0.005,0.0,0.0,always_reactive,0.528021
h=0.1/q0=0.4/p=0/r=1/sig=0/cf=2.08299,A_core,0.1,0.4,0.0,1.0,0.0,1.0,2.0829936590907905,sepsis,autorpa_233k,ours_spend_cap,78557131.568,1.0,0.0,0.0,3.0,0.0,0.0,0.0,3.0,0.005,3.0,1456012.568,always_reactive,0.528021
h=0.1/q0=0.4/p=0/r=1/sig=0/cf=2.08299,A_core,0.1,0.4,0.0,1.0,0.0,1.0,2.0829936590907905,sepsis,autorpa_233k,ours_pi_prior,78071794.045,0.993822,0.0,0.0,2.0,0.0,0.0,0.0,2.0,0.005,2.0,970675.045,always_reactive,0.528021
h=0.1/q0=0.4/p=0/r=1/sig=0/cf=2.08299,A_core,0.1,0.4,0.0,1.0,0.0,1.0,2.0829936590907905,sepsis,autorpa_233k,ours_both,78071794.045,0.993822,0.0,0.0,2.0,0.0,0.0,0.0,2.0,0.005,2.0,970675.045,always_reactive,0.528021
h=0.1/q0=0.4/p=0/r=1/sig=0/cf=2.08299,A_core,0.1,0.4,0.0,1.0,0.0,1.0,2.0829936590907905,sepsis,autorpa_233k,breakeven,81954494.226,1.043247,0.0,0.0,10.0,0.0,0.0,0.0,10.0,0.005,10.0,4853375.226,always_reactive,0.528021
h=0.1/q0=0.4/p=0/r=1/sig=0/cf=2.08299,A_core,0.1,0.4,0.0,1.0,0.0,1.0,2.0829936590907905,sepsis,autorpa_233k,breakeven_cap,80013144.135,1.018534,0.0,0.0,6.0,0.0,0.0,0.0,6.0,0.005,6.0,2912025.135,always_reactive,0.528021
h=0.1/q0=0.4/p=0/r=1/sig=0/cf=2.08299,A_core,0.1,0.4,0.0,1.0,0.0,1.0,2.0829936590907905,sepsis,autorpa_233k,offline_taxblind,77101119.0,0.981466,,,,,,,,,,,always_reactive,0.528021
h=0.1/q0=0.4/p=0/r=1/sig=0/cf=2.08299,A_core,0.1,0.4,0.0,1.0,0.0,1.0,2.0829936590907905,sepsis,autorpa_233k,offline_opt_tax,77101119.0,0.981466,,,,,,,,,,,always_reactive,0.528021
h=0.1/q0=0.4/p=0/r=1/sig=0/cf=2.08299,A_core,0.1,0.4,0.0,1.0,0.0,1.0,2.0829936590907905,sepsis,native,always_reactive,77101119.0,0.952098,0.0,0.0,0.0,0.0,0.0,0.0,0.0,0.005,0.0,0.0,always_reactive,0.947136
h=0.1/q0=0.4/p=0/r=1/sig=0/cf=2.08299,A_core,0.1,0.4,0.0,1.0,0.0,1.0,2.0829936590907905,sepsis,native,always_compile_evict,81404496.414,1.005239,0.0,0.0,142.0,0.0,0.0,0.0,142.0,0.005,142.0,4303377.414,always_reactive,0.947136
h=0.1/q0=0.4/p=0/r=1/sig=0/cf=2.08299,A_core,0.1,0.4,0.0,1.0,0.0,1.0,2.0829936590907905,sepsis,native,ours_noinflate,80980219.768,1.0,0.0,0.0,128.0,0.0,0.0,0.0,128.0,0.005,128.0,3879100.768,always_reactive,0.947136
h=0.1/q0=0.4/p=0/r=1/sig=0/cf=2.08299,A_core,0.1,0.4,0.0,1.0,0.0,1.0,2.0829936590907905,sepsis,native,oracle_tax,77101119.0,0.952098,0.0,0.0,0.0,0.0,0.0,0.0,0.0,0.005,0.0,0.0,always_reactive,0.947136
h=0.1/q0=0.4/p=0/r=1/sig=0/cf=2.08299,A_core,0.1,0.4,0.0,1.0,0.0,1.0,2.0829936590907905,sepsis,native,ours_spend_cap,80343804.798,0.992141,0.0,0.0,107.0,0.0,0.0,0.0,107.0,0.005,107.0,3242685.798,always_reactive,0.947136
h=0.1/q0=0.4/p=0/r=1/sig=0/cf=2.08299,A_core,0.1,0.4,0.0,1.0,0.0,1.0,2.0829936590907905,sepsis,native,ours_pi_prior,81071136.192,1.001123,0.0,0.0,131.0,0.0,0.0,0.0,131.0,0.005,131.0,3970017.192,always_reactive,0.947136
h=0.1/q0=0.4/p=0/r=1/sig=0/cf=2.08299,A_core,0.1,0.4,0.0,1.0,0.0,1.0,2.0829936590907905,sepsis,native,ours_both,80313499.323,0.991767,0.0,0.0,106.0,0.0,0.0,0.0,106.0,0.005,106.0,3212380.323,always_reactive,0.947136
h=0.1/q0=0.4/p=0/r=1/sig=0/cf=2.08299,A_core,0.1,0.4,0.0,1.0,0.0,1.0,2.0829936590907905,sepsis,native,breakeven,81404496.414,1.005239,0.0,0.0,142.0,0.0,0.0,0.0,142.0,0.005,142.0,4303377.414,always_reactive,0.947136
h=0.1/q0=0.4/p=0/r=1/sig=0/cf=2.08299,A_core,0.1,0.4,0.0,1.0,0.0,1.0,2.0829936590907905,sepsis,native,breakeven_cap,80343804.798,0.992141,0.0,0.0,107.0,0.0,0.0,0.0,107.0,0.005,107.0,3242685.798,always_reactive,0.947136
h=0.1/q0=0.4/p=0/r=1/sig=0/cf=2.08299,A_core,0.1,0.4,0.0,1.0,0.0,1.0,2.0829936590907905,sepsis,native,offline_taxblind,77101119.0,0.952098,,,,,,,,,,,always_reactive,0.947136
h=0.1/q0=0.4/p=0/r=1/sig=0/cf=2.08299,A_core,0.1,0.4,0.0,1.0,0.0,1.0,2.0829936590907905,sepsis,native,offline_opt_tax,77101119.0,0.952098,,,,,,,,,,,always_reactive,0.947136
h=0.1/q0=0.4/p=0/r=1/sig=0/cf=2.08299,A_core,0.1,0.4,0.0,1.0,0.0,1.0,2.0829936590907905,wiki_A,autorpa_233k,always_reactive,5261420180.0,0.996599,0.0,0.0,0.0,0.0,0.0,0.0,0.0,0.005,0.0,0.0,always_reactive,0.147687
h=0.1/q0=0.4/p=0/r=1/sig=0/cf=2.08299,A_core,0.1,0.4,0.0,1.0,0.0,1.0,2.0829936590907905,wiki_A,autorpa_233k,always_compile_evict,35625591604.41,6.748067,0.0,0.0,62563.0,0.0,0.0,0.0,62563.0,0.001,62563.0,30364171424.423,always_reactive,0.147687
h=0.1/q0=0.4/p=0/r=1/sig=0/cf=2.08299,A_core,0.1,0.4,0.0,1.0,0.0,1.0,2.0829936590907905,wiki_A,autorpa_233k,ours_noinflate,5279377668.335,1.0,0.0,0.0,37.0,0.0,0.0,0.0,37.0,0.005,37.0,17957488.335,always_reactive,0.147687
h=0.1/q0=0.4/p=0/r=1/sig=0/cf=2.08299,A_core,0.1,0.4,0.0,1.0,0.0,1.0,2.0829936590907905,wiki_A,autorpa_233k,oracle_tax,5261420180.0,0.996599,0.0,0.0,0.0,0.0,0.0,0.0,0.0,0.005,0.0,0.0,always_reactive,0.147687
h=0.1/q0=0.4/p=0/r=1/sig=0/cf=2.08299,A_core,0.1,0.4,0.0,1.0,0.0,1.0,2.0829936590907905,wiki_A,autorpa_233k,ours_spend_cap,5279377668.335,1.0,0.0,0.0,37.0,0.0,0.0,0.0,37.0,0.005,37.0,17957488.335,always_reactive,0.147687
h=0.1/q0=0.4/p=0/r=1/sig=0/cf=2.08299,A_core,0.1,0.4,0.0,1.0,0.0,1.0,2.0829936590907905,wiki_A,autorpa_233k,ours_pi_prior,5289084418.786,1.001839,0.0,0.0,57.0,0.0,0.0,0.0,57.0,0.005,57.0,27664238.786,always_reactive,0.147687
h=0.1/q0=0.4/p=0/r=1/sig=0/cf=2.08299,A_core,0.1,0.4,0.0,1.0,0.0,1.0,2.0829936590907905,wiki_A,autorpa_233k,ours_both,5289084418.786,1.001839,0.0,0.0,57.0,0.0,0.0,0.0,57.0,0.005,57.0,27664238.786,always_reactive,0.147687
h=0.1/q0=0.4/p=0/r=1/sig=0/cf=2.08299,A_core,0.1,0.4,0.0,1.0,0.0,1.0,2.0829936590907905,wiki_A,autorpa_233k,breakeven,10736998109.611,2.033762,0.0,0.0,11282.0,0.0,0.0,0.0,11282.0,0.002,11282.0,5475577929.614,always_reactive,0.147687
h=0.1/q0=0.4/p=0/r=1/sig=0/cf=2.08299,A_core,0.1,0.4,0.0,1.0,0.0,1.0,2.0829936590907905,wiki_A,autorpa_233k,breakeven_cap,5330338108.205,1.009653,0.0,0.0,142.0,0.0,0.0,0.0,142.0,0.005,142.0,68917928.205,always_reactive,0.147687
h=0.1/q0=0.4/p=0/r=1/sig=0/cf=2.08299,A_core,0.1,0.4,0.0,1.0,0.0,1.0,2.0829936590907905,wiki_A,autorpa_233k,offline_taxblind,5261420180.0,0.996599,,,,,,,,,,,always_reactive,0.147687
h=0.1/q0=0.4/p=0/r=1/sig=0/cf=2.08299,A_core,0.1,0.4,0.0,1.0,0.0,1.0,2.0829936590907905,wiki_A,autorpa_233k,offline_opt_tax,5261420180.0,0.996599,,,,,,,,,,,always_reactive,0.147687
h=0.1/q0=0.4/p=0/r=1/sig=0/cf=2.08299,A_core,0.1,0.4,0.0,1.0,0.0,1.0,2.0829936590907905,wiki_A,native,always_reactive,5261420180.0,0.983331,0.0,0.0,0.0,0.0,0.0,0.0,0.0,0.005,0.0,0.0,always_reactive,0.7351
h=0.1/q0=0.4/p=0/r=1/sig=0/cf=2.08299,A_core,0.1,0.4,0.0,1.0,0.0,1.0,2.0829936590907905,wiki_A,native,always_compile_evict,7157421596.536,1.337683,0.0,0.0,62563.0,0.0,0.0,0.0,62563.0,0.003,62563.0,1896001416.541,always_reactive,0.7351
h=0.1/q0=0.4/p=0/r=1/sig=0/cf=2.08299,A_core,0.1,0.4,0.0,1.0,0.0,1.0,2.0829936590907905,wiki_A,native,ours_noinflate,5350609192.178,1.0,0.0,0.0,2943.0,0.0,0.0,0.0,2943.0,0.005,2943.0,89189012.178,always_reactive,0.7351
h=0.1/q0=0.4/p=0/r=1/sig=0/cf=2.08299,A_core,0.1,0.4,0.0,1.0,0.0,1.0,2.0829936590907905,wiki_A,native,oracle_tax,5261420180.0,0.983331,0.0,0.0,0.0,0.0,0.0,0.0,0.0,0.005,0.0,0.0,always_reactive,0.7351
h=0.1/q0=0.4/p=0/r=1/sig=0/cf=2.08299,A_core,0.1,0.4,0.0,1.0,0.0,1.0,2.0829936590907905,wiki_A,native,ours_spend_cap,5323213043.007,0.99488,0.0,0.0,2039.0,0.0,0.0,0.0,2039.0,0.005,2039.0,61792863.007,always_reactive,0.7351
h=0.1/q0=0.4/p=0/r=1/sig=0/cf=2.08299,A_core,0.1,0.4,0.0,1.0,0.0,1.0,2.0829936590907905,wiki_A,native,ours_pi_prior,5347002840.683,0.999326,0.0,0.0,2824.0,0.0,0.0,0.0,2824.0,0.005,2824.0,85582660.683,always_reactive,0.7351
h=0.1/q0=0.4/p=0/r=1/sig=0/cf=2.08299,A_core,0.1,0.4,0.0,1.0,0.0,1.0,2.0829936590907905,wiki_A,native,ours_both,5318515694.422,0.994002,0.0,0.0,1884.0,0.0,0.0,0.0,1884.0,0.005,1884.0,57095514.422,always_reactive,0.7351
h=0.1/q0=0.4/p=0/r=1/sig=0/cf=2.08299,A_core,0.1,0.4,0.0,1.0,0.0,1.0,2.0829936590907905,wiki_A,native,breakeven,7157421596.536,1.337683,0.0,0.0,62563.0,0.0,0.0,0.0,62563.0,0.003,62563.0,1896001416.541,always_reactive,0.7351
h=0.1/q0=0.4/p=0/r=1/sig=0/cf=2.08299,A_core,0.1,0.4,0.0,1.0,0.0,1.0,2.0829936590907905,wiki_A,native,breakeven_cap,5323273653.957,0.994891,0.0,0.0,2041.0,0.0,0.0,0.0,2041.0,0.005,2041.0,61853473.957,always_reactive,0.7351
h=0.1/q0=0.4/p=0/r=1/sig=0/cf=2.08299,A_core,0.1,0.4,0.0,1.0,0.0,1.0,2.0829936590907905,wiki_A,native,offline_taxblind,5261420180.0,0.983331,,,,,,,,,,,always_reactive,0.7351
h=0.1/q0=0.4/p=0/r=1/sig=0/cf=2.08299,A_core,0.1,0.4,0.0,1.0,0.0,1.0,2.0829936590907905,wiki_A,native,offline_opt_tax,5261420180.0,0.983331,,,,,,,,,,,always_reactive,0.7351
h=0.1/q0=0.4/p=0/r=1/sig=0/cf=2.08299,A_core,0.1,0.4,0.0,1.0,0.0,1.0,2.0829936590907905,wiki_B,autorpa_233k,always_reactive,7373315056.0,0.991386,0.0,0.0,0.0,0.0,0.0,0.0,0.0,0.005,0.0,0.0,always_reactive,0.350865
h=0.1/q0=0.4/p=0/r=1/sig=0/cf=2.08299,A_core,0.1,0.4,0.0,1.0,0.0,1.0,2.0829936590907905,wiki_B,autorpa_233k,always_compile_evict,21014696802.814,2.825551,0.0,0.0,28107.0,0.0,0.0,0.0,28107.0,0.002,28107.0,13641381746.823,always_reactive,0.350865
h=0.1/q0=0.4/p=0/r=1/sig=0/cf=2.08299,A_core,0.1,0.4,0.0,1.0,0.0,1.0,2.0829936590907905,wiki_B,autorpa_233k,ours_noinflate,7437379608.979,1.0,0.0,0.0,132.0,0.0,0.0,0.0,132.0,0.005,132.0,64064552.979,always_reactive,0.350865
h=0.1/q0=0.4/p=0/r=1/sig=0/cf=2.08299,A_core,0.1,0.4,0.0,1.0,0.0,1.0,2.0829936590907905,wiki_B,autorpa_233k,oracle_tax,7373315056.0,0.991386,0.0,0.0,0.0,0.0,0.0,0.0,0.0,0.005,0.0,0.0,always_reactive,0.350865
h=0.1/q0=0.4/p=0/r=1/sig=0/cf=2.08299,A_core,0.1,0.4,0.0,1.0,0.0,1.0,2.0829936590907905,wiki_B,autorpa_233k,ours_spend_cap,7437379608.979,1.0,0.0,0.0,132.0,0.0,0.0,0.0,132.0,0.005,132.0,64064552.979,always_reactive,0.350865
h=0.1/q0=0.4/p=0/r=1/sig=0/cf=2.08299,A_core,0.1,0.4,0.0,1.0,0.0,1.0,2.0829936590907905,wiki_B,autorpa_233k,ours_pi_prior,7484942686.191,1.006395,0.0,0.0,230.0,0.0,0.0,0.0,230.0,0.005,230.0,111627630.191,always_reactive,0.350865
h=0.1/q0=0.4/p=0/r=1/sig=0/cf=2.08299,A_core,0.1,0.4,0.0,1.0,0.0,1.0,2.0829936590907905,wiki_B,autorpa_233k,ours_both,7484942686.191,1.006395,0.0,0.0,230.0,0.0,0.0,0.0,230.0,0.005,230.0,111627630.191,always_reactive,0.350865
h=0.1/q0=0.4/p=0/r=1/sig=0/cf=2.08299,A_core,0.1,0.4,0.0,1.0,0.0,1.0,2.0829936590907905,wiki_B,autorpa_233k,breakeven,9122471487.335,1.226571,0.0,0.0,3604.0,0.0,0.0,0.0,3604.0,0.004,3604.0,1749156431.336,always_reactive,0.350865
h=0.1/q0=0.4/p=0/r=1/sig=0/cf=2.08299,A_core,0.1,0.4,0.0,1.0,0.0,1.0,2.0829936590907905,wiki_B,autorpa_233k,breakeven_cap,7583951540.795,1.019707,0.0,0.0,434.0,0.0,0.0,0.0,434.0,0.005,434.0,210636484.795,always_reactive,0.350865
h=0.1/q0=0.4/p=0/r=1/sig=0/cf=2.08299,A_core,0.1,0.4,0.0,1.0,0.0,1.0,2.0829936590907905,wiki_B,autorpa_233k,offline_taxblind,7373315056.0,0.991386,,,,,,,,,,,always_reactive,0.350865
h=0.1/q0=0.4/p=0/r=1/sig=0/cf=2.08299,A_core,0.1,0.4,0.0,1.0,0.0,1.0,2.0829936590907905,wiki_B,autorpa_233k,offline_opt_tax,7373315056.0,0.991386,,,,,,,,,,,always_reactive,0.350865
h=0.1/q0=0.4/p=0/r=1/sig=0/cf=2.08299,A_core,0.1,0.4,0.0,1.0,0.0,1.0,2.0829936590907905,wiki_B,native,always_reactive,7373315056.0,0.95694,0.0,0.0,0.0,0.0,0.0,0.0,0.0,0.005,0.0,0.0,always_reactive,0.89644
h=0.1/q0=0.4/p=0/r=1/sig=0/cf=2.08299,A_core,0.1,0.4,0.0,1.0,0.0,1.0,2.0829936590907905,wiki_B,native,always_compile_evict,8225111034.685,1.067489,0.0,0.0,28107.0,0.0,0.0,0.0,28107.0,0.004,28107.0,851795978.689,always_reactive,0.89644
h=0.1/q0=0.4/p=0/r=1/sig=0/cf=2.08299,A_core,0.1,0.4,0.0,1.0,0.0,1.0,2.0829936590907905,wiki_B,native,ours_noinflate,7705099393.519,1.0,0.0,0.0,10948.0,0.0,0.0,0.0,10948.0,0.005,10948.0,331784337.52,always_reactive,0.89644
h=0.1/q0=0.4/p=0/r=1/sig=0/cf=2.08299,A_core,0.1,0.4,0.0,1.0,0.0,1.0,2.0829936590907905,wiki_B,native,oracle_tax,7373315056.0,0.95694,0.0,0.0,0.0,0.0,0.0,0.0,0.0,0.005,0.0,0.0,always_reactive,0.89644
h=0.1/q0=0.4/p=0/r=1/sig=0/cf=2.08299,A_core,0.1,0.4,0.0,1.0,0.0,1.0,2.0829936590907905,wiki_B,native,ours_spend_cap,7635760467.3,0.991001,0.0,0.0,8660.0,0.0,0.0,0.0,8660.0,0.005,8660.0,262445411.301,always_reactive,0.89644
h=0.1/q0=0.4/p=0/r=1/sig=0/cf=2.08299,A_core,0.1,0.4,0.0,1.0,0.0,1.0,2.0829936590907905,wiki_B,native,ours_pi_prior,7679733711.157,0.996708,0.0,0.0,10111.0,0.0,0.0,0.0,10111.0,0.005,10111.0,306418655.158,always_reactive,0.89644
h=0.1/q0=0.4/p=0/r=1/sig=0/cf=2.08299,A_core,0.1,0.4,0.0,1.0,0.0,1.0,2.0829936590907905,wiki_B,native,ours_both,7614122358.332,0.988193,0.0,0.0,7946.0,0.0,0.0,0.0,7946.0,0.005,7946.0,240807302.333,always_reactive,0.89644
h=0.1/q0=0.4/p=0/r=1/sig=0/cf=2.08299,A_core,0.1,0.4,0.0,1.0,0.0,1.0,2.0829936590907905,wiki_B,native,breakeven,8225111034.685,1.067489,0.0,0.0,28107.0,0.0,0.0,0.0,28107.0,0.004,28107.0,851795978.689,always_reactive,0.89644
h=0.1/q0=0.4/p=0/r=1/sig=0/cf=2.08299,A_core,0.1,0.4,0.0,1.0,0.0,1.0,2.0829936590907905,wiki_B,native,breakeven_cap,7635851383.725,0.991013,0.0,0.0,8663.0,0.0,0.0,0.0,8663.0,0.005,8663.0,262536327.726,always_reactive,0.89644
h=0.1/q0=0.4/p=0/r=1/sig=0/cf=2.08299,A_core,0.1,0.4,0.0,1.0,0.0,1.0,2.0829936590907905,wiki_B,native,offline_taxblind,7373315056.0,0.95694,,,,,,,,,,,always_reactive,0.89644
h=0.1/q0=0.4/p=0/r=1/sig=0/cf=2.08299,A_core,0.1,0.4,0.0,1.0,0.0,1.0,2.0829936590907905,wiki_B,native,offline_opt_tax,7373315056.0,0.95694,,,,,,,,,,,always_reactive,0.89644
h=0.1/q0=0.4/p=0/r=2.2/sig=0/cf=1,C_rfb,0.1,0.4,0.0,2.2,0.0,1.0,1.0,bpi2019,autorpa_233k,always_reactive,19497801224.0,1.0,0.0,0.0,0.0,0.0,0.0,0.0,0.0,0.005,0.0,0.0,always_reactive,0.261097
h=0.1/q0=0.4/p=0/r=2.2/sig=0/cf=1,C_rfb,0.1,0.4,0.0,2.2,0.0,1.0,1.0,bpi2019,autorpa_233k,always_compile_evict,74676395224.0,3.829991,0.0,0.0,236818.0,0.0,0.0,0.0,236818.0,0.001,236818.0,55178594000.0,always_reactive,0.261097
h=0.1/q0=0.4/p=0/r=2.2/sig=0/cf=1,C_rfb,0.1,0.4,0.0,2.2,0.0,1.0,1.0,bpi2019,autorpa_233k,ours_noinflate,19497801224.0,1.0,0.0,0.0,0.0,0.0,0.0,0.0,0.0,0.005,0.0,0.0,always_reactive,0.261097
h=0.1/q0=0.4/p=0/r=2.2/sig=0/cf=1,C_rfb,0.1,0.4,0.0,2.2,0.0,1.0,1.0,bpi2019,autorpa_233k,oracle_tax,19497801224.0,1.0,0.0,0.0,0.0,0.0,0.0,0.0,0.0,0.005,0.0,0.0,always_reactive,0.261097
h=0.1/q0=0.4/p=0/r=2.2/sig=0/cf=1,C_rfb,0.1,0.4,0.0,2.2,0.0,1.0,1.0,bpi2019,autorpa_233k,ours_spend_cap,19497801224.0,1.0,0.0,0.0,0.0,0.0,0.0,0.0,0.0,0.005,0.0,0.0,always_reactive,0.261097
h=0.1/q0=0.4/p=0/r=2.2/sig=0/cf=1,C_rfb,0.1,0.4,0.0,2.2,0.0,1.0,1.0,bpi2019,autorpa_233k,ours_pi_prior,19497801224.0,1.0,0.0,0.0,0.0,0.0,0.0,0.0,0.0,0.005,0.0,0.0,always_reactive,0.261097
h=0.1/q0=0.4/p=0/r=2.2/sig=0/cf=1,C_rfb,0.1,0.4,0.0,2.2,0.0,1.0,1.0,bpi2019,autorpa_233k,ours_both,19497801224.0,1.0,0.0,0.0,0.0,0.0,0.0,0.0,0.0,0.005,0.0,0.0,always_reactive,0.261097
h=0.1/q0=0.4/p=0/r=2.2/sig=0/cf=1,C_rfb,0.1,0.4,0.0,2.2,0.0,1.0,1.0,bpi2019,autorpa_233k,breakeven,19497801224.0,1.0,0.0,0.0,0.0,0.0,0.0,0.0,0.0,0.005,0.0,0.0,always_reactive,0.261097
h=0.1/q0=0.4/p=0/r=2.2/sig=0/cf=1,C_rfb,0.1,0.4,0.0,2.2,0.0,1.0,1.0,bpi2019,autorpa_233k,breakeven_cap,19497801224.0,1.0,0.0,0.0,0.0,0.0,0.0,0.0,0.0,0.005,0.0,0.0,always_reactive,0.261097
h=0.1/q0=0.4/p=0/r=2.2/sig=0/cf=1,C_rfb,0.1,0.4,0.0,2.2,0.0,1.0,1.0,bpi2019,autorpa_233k,offline_taxblind,19497801224.0,1.0,,,,,,,,,,,always_reactive,0.261097
h=0.1/q0=0.4/p=0/r=2.2/sig=0/cf=1,C_rfb,0.1,0.4,0.0,2.2,0.0,1.0,1.0,bpi2019,autorpa_233k,offline_opt_tax,19497801224.0,1.0,,,,,,,,,,,always_reactive,0.261097
h=0.1/q0=0.4/p=0/r=2.2/sig=0/cf=1,C_rfb,0.1,0.4,0.0,2.2,0.0,1.0,1.0,bpi2019,native,always_reactive,19497801224.0,1.0,0.0,0.0,0.0,0.0,0.0,0.0,0.0,0.005,0.0,0.0,always_reactive,0.849827
h=0.1/q0=0.4/p=0/r=2.2/sig=0/cf=1,C_rfb,0.1,0.4,0.0,2.2,0.0,1.0,1.0,bpi2019,native,always_compile_evict,22943266306.0,1.17671,0.0,0.0,236818.0,0.0,0.0,0.0,236818.0,0.004,236818.0,3445465082.0,always_reactive,0.849827
h=0.1/q0=0.4/p=0/r=2.2/sig=0/cf=1,C_rfb,0.1,0.4,0.0,2.2,0.0,1.0,1.0,bpi2019,native,ours_noinflate,19497801224.0,1.0,0.0,0.0,0.0,0.0,0.0,0.0,0.0,0.005,0.0,0.0,always_reactive,0.849827
h=0.1/q0=0.4/p=0/r=2.2/sig=0/cf=1,C_rfb,0.1,0.4,0.0,2.2,0.0,1.0,1.0,bpi2019,native,oracle_tax,19497801224.0,1.0,0.0,0.0,0.0,0.0,0.0,0.0,0.0,0.005,0.0,0.0,always_reactive,0.849827
h=0.1/q0=0.4/p=0/r=2.2/sig=0/cf=1,C_rfb,0.1,0.4,0.0,2.2,0.0,1.0,1.0,bpi2019,native,ours_spend_cap,19497801224.0,1.0,0.0,0.0,0.0,0.0,0.0,0.0,0.0,0.005,0.0,0.0,always_reactive,0.849827
h=0.1/q0=0.4/p=0/r=2.2/sig=0/cf=1,C_rfb,0.1,0.4,0.0,2.2,0.0,1.0,1.0,bpi2019,native,ours_pi_prior,19497801224.0,1.0,0.0,0.0,0.0,0.0,0.0,0.0,0.0,0.005,0.0,0.0,always_reactive,0.849827
h=0.1/q0=0.4/p=0/r=2.2/sig=0/cf=1,C_rfb,0.1,0.4,0.0,2.2,0.0,1.0,1.0,bpi2019,native,ours_both,19497801224.0,1.0,0.0,0.0,0.0,0.0,0.0,0.0,0.0,0.005,0.0,0.0,always_reactive,0.849827
h=0.1/q0=0.4/p=0/r=2.2/sig=0/cf=1,C_rfb,0.1,0.4,0.0,2.2,0.0,1.0,1.0,bpi2019,native,breakeven,19497801224.0,1.0,0.0,0.0,0.0,0.0,0.0,0.0,0.0,0.005,0.0,0.0,always_reactive,0.849827
h=0.1/q0=0.4/p=0/r=2.2/sig=0/cf=1,C_rfb,0.1,0.4,0.0,2.2,0.0,1.0,1.0,bpi2019,native,breakeven_cap,19497801224.0,1.0,0.0,0.0,0.0,0.0,0.0,0.0,0.0,0.005,0.0,0.0,always_reactive,0.849827
h=0.1/q0=0.4/p=0/r=2.2/sig=0/cf=1,C_rfb,0.1,0.4,0.0,2.2,0.0,1.0,1.0,bpi2019,native,offline_taxblind,19497801224.0,1.0,,,,,,,,,,,always_reactive,0.849827
h=0.1/q0=0.4/p=0/r=2.2/sig=0/cf=1,C_rfb,0.1,0.4,0.0,2.2,0.0,1.0,1.0,bpi2019,native,offline_opt_tax,19497801224.0,1.0,,,,,,,,,,,always_reactive,0.849827
h=0.1/q0=0.4/p=0/r=2.2/sig=0/cf=1,C_rfb,0.1,0.4,0.0,2.2,0.0,1.0,1.0,sepsis,autorpa_233k,always_reactive,77101119.0,1.0,0.0,0.0,0.0,0.0,0.0,0.0,0.0,0.005,0.0,0.0,always_reactive,0.699729
h=0.1/q0=0.4/p=0/r=2.2/sig=0/cf=1,C_rfb,0.1,0.4,0.0,2.2,0.0,1.0,1.0,sepsis,autorpa_233k,always_compile_evict,110187119.0,1.429125,0.0,0.0,142.0,0.0,0.0,0.0,142.0,0.004,142.0,33086000.0,always_reactive,0.699729
h=0.1/q0=0.4/p=0/r=2.2/sig=0/cf=1,C_rfb,0.1,0.4,0.0,2.2,0.0,1.0,1.0,sepsis,autorpa_233k,ours_noinflate,77101119.0,1.0,0.0,0.0,0.0,0.0,0.0,0.0,0.0,0.005,0.0,0.0,always_reactive,0.699729
h=0.1/q0=0.4/p=0/r=2.2/sig=0/cf=1,C_rfb,0.1,0.4,0.0,2.2,0.0,1.0,1.0,sepsis,autorpa_233k,oracle_tax,77101119.0,1.0,0.0,0.0,0.0,0.0,0.0,0.0,0.0,0.005,0.0,0.0,always_reactive,0.699729
h=0.1/q0=0.4/p=0/r=2.2/sig=0/cf=1,C_rfb,0.1,0.4,0.0,2.2,0.0,1.0,1.0,sepsis,autorpa_233k,ours_spend_cap,77101119.0,1.0,0.0,0.0,0.0,0.0,0.0,0.0,0.0,0.005,0.0,0.0,always_reactive,0.699729
h=0.1/q0=0.4/p=0/r=2.2/sig=0/cf=1,C_rfb,0.1,0.4,0.0,2.2,0.0,1.0,1.0,sepsis,autorpa_233k,ours_pi_prior,77101119.0,1.0,0.0,0.0,0.0,0.0,0.0,0.0,0.0,0.005,0.0,0.0,always_reactive,0.699729
h=0.1/q0=0.4/p=0/r=2.2/sig=0/cf=1,C_rfb,0.1,0.4,0.0,2.2,0.0,1.0,1.0,sepsis,autorpa_233k,ours_both,77101119.0,1.0,0.0,0.0,0.0,0.0,0.0,0.0,0.0,0.005,0.0,0.0,always_reactive,0.699729
h=0.1/q0=0.4/p=0/r=2.2/sig=0/cf=1,C_rfb,0.1,0.4,0.0,2.2,0.0,1.0,1.0,sepsis,autorpa_233k,breakeven,77101119.0,1.0,0.0,0.0,0.0,0.0,0.0,0.0,0.0,0.005,0.0,0.0,always_reactive,0.699729
h=0.1/q0=0.4/p=0/r=2.2/sig=0/cf=1,C_rfb,0.1,0.4,0.0,2.2,0.0,1.0,1.0,sepsis,autorpa_233k,breakeven_cap,77101119.0,1.0,0.0,0.0,0.0,0.0,0.0,0.0,0.0,0.005,0.0,0.0,always_reactive,0.699729
h=0.1/q0=0.4/p=0/r=2.2/sig=0/cf=1,C_rfb,0.1,0.4,0.0,2.2,0.0,1.0,1.0,sepsis,autorpa_233k,offline_taxblind,77101119.0,1.0,,,,,,,,,,,always_reactive,0.699729
h=0.1/q0=0.4/p=0/r=2.2/sig=0/cf=1,C_rfb,0.1,0.4,0.0,2.2,0.0,1.0,1.0,sepsis,autorpa_233k,offline_opt_tax,77101119.0,1.0,,,,,,,,,,,always_reactive,0.699729
h=0.1/q0=0.4/p=0/r=2.2/sig=0/cf=1,C_rfb,0.1,0.4,0.0,2.2,0.0,1.0,1.0,sepsis,native,always_reactive,77101119.0,1.0,0.0,0.0,0.0,0.0,0.0,0.0,0.0,0.005,0.0,0.0,always_reactive,0.973904
h=0.1/q0=0.4/p=0/r=2.2/sig=0/cf=1,C_rfb,0.1,0.4,0.0,2.2,0.0,1.0,1.0,sepsis,native,always_compile_evict,79167077.0,1.026795,0.0,0.0,142.0,0.0,0.0,0.0,142.0,0.005,142.0,2065958.0,always_reactive,0.973904
h=0.1/q0=0.4/p=0/r=2.2/sig=0/cf=1,C_rfb,0.1,0.4,0.0,2.2,0.0,1.0,1.0,sepsis,native,ours_noinflate,77101119.0,1.0,0.0,0.0,0.0,0.0,0.0,0.0,0.0,0.005,0.0,0.0,always_reactive,0.973904
h=0.1/q0=0.4/p=0/r=2.2/sig=0/cf=1,C_rfb,0.1,0.4,0.0,2.2,0.0,1.0,1.0,sepsis,native,oracle_tax,77101119.0,1.0,0.0,0.0,0.0,0.0,0.0,0.0,0.0,0.005,0.0,0.0,always_reactive,0.973904
h=0.1/q0=0.4/p=0/r=2.2/sig=0/cf=1,C_rfb,0.1,0.4,0.0,2.2,0.0,1.0,1.0,sepsis,native,ours_spend_cap,77101119.0,1.0,0.0,0.0,0.0,0.0,0.0,0.0,0.0,0.005,0.0,0.0,always_reactive,0.973904
h=0.1/q0=0.4/p=0/r=2.2/sig=0/cf=1,C_rfb,0.1,0.4,0.0,2.2,0.0,1.0,1.0,sepsis,native,ours_pi_prior,77101119.0,1.0,0.0,0.0,0.0,0.0,0.0,0.0,0.0,0.005,0.0,0.0,always_reactive,0.973904
h=0.1/q0=0.4/p=0/r=2.2/sig=0/cf=1,C_rfb,0.1,0.4,0.0,2.2,0.0,1.0,1.0,sepsis,native,ours_both,77101119.0,1.0,0.0,0.0,0.0,0.0,0.0,0.0,0.0,0.005,0.0,0.0,always_reactive,0.973904
h=0.1/q0=0.4/p=0/r=2.2/sig=0/cf=1,C_rfb,0.1,0.4,0.0,2.2,0.0,1.0,1.0,sepsis,native,breakeven,77101119.0,1.0,0.0,0.0,0.0,0.0,0.0,0.0,0.0,0.005,0.0,0.0,always_reactive,0.973904
h=0.1/q0=0.4/p=0/r=2.2/sig=0/cf=1,C_rfb,0.1,0.4,0.0,2.2,0.0,1.0,1.0,sepsis,native,breakeven_cap,77101119.0,1.0,0.0,0.0,0.0,0.0,0.0,0.0,0.0,0.005,0.0,0.0,always_reactive,0.973904
h=0.1/q0=0.4/p=0/r=2.2/sig=0/cf=1,C_rfb,0.1,0.4,0.0,2.2,0.0,1.0,1.0,sepsis,native,offline_taxblind,77101119.0,1.0,,,,,,,,,,,always_reactive,0.973904
h=0.1/q0=0.4/p=0/r=2.2/sig=0/cf=1,C_rfb,0.1,0.4,0.0,2.2,0.0,1.0,1.0,sepsis,native,offline_opt_tax,77101119.0,1.0,,,,,,,,,,,always_reactive,0.973904
h=0.1/q0=0.4/p=0/r=2.2/sig=0/cf=1,C_rfb,0.1,0.4,0.0,2.2,0.0,1.0,1.0,wiki_A,autorpa_233k,always_reactive,5261420180.0,1.0,0.0,0.0,0.0,0.0,0.0,0.0,0.0,0.005,0.0,0.0,always_reactive,0.265211
h=0.1/q0=0.4/p=0/r=2.2/sig=0/cf=1,C_rfb,0.1,0.4,0.0,2.2,0.0,1.0,1.0,wiki_A,autorpa_233k,always_compile_evict,19838599180.0,3.770579,0.0,0.0,62563.0,0.0,0.0,0.0,62563.0,0.001,62563.0,14577179000.0,always_reactive,0.265211
h=0.1/q0=0.4/p=0/r=2.2/sig=0/cf=1,C_rfb,0.1,0.4,0.0,2.2,0.0,1.0,1.0,wiki_A,autorpa_233k,ours_noinflate,5261420180.0,1.0,0.0,0.0,0.0,0.0,0.0,0.0,0.0,0.005,0.0,0.0,always_reactive,0.265211
h=0.1/q0=0.4/p=0/r=2.2/sig=0/cf=1,C_rfb,0.1,0.4,0.0,2.2,0.0,1.0,1.0,wiki_A,autorpa_233k,oracle_tax,5261420180.0,1.0,0.0,0.0,0.0,0.0,0.0,0.0,0.0,0.005,0.0,0.0,always_reactive,0.265211
h=0.1/q0=0.4/p=0/r=2.2/sig=0/cf=1,C_rfb,0.1,0.4,0.0,2.2,0.0,1.0,1.0,wiki_A,autorpa_233k,ours_spend_cap,5261420180.0,1.0,0.0,0.0,0.0,0.0,0.0,0.0,0.0,0.005,0.0,0.0,always_reactive,0.265211
h=0.1/q0=0.4/p=0/r=2.2/sig=0/cf=1,C_rfb,0.1,0.4,0.0,2.2,0.0,1.0,1.0,wiki_A,autorpa_233k,ours_pi_prior,5261420180.0,1.0,0.0,0.0,0.0,0.0,0.0,0.0,0.0,0.005,0.0,0.0,always_reactive,0.265211
h=0.1/q0=0.4/p=0/r=2.2/sig=0/cf=1,C_rfb,0.1,0.4,0.0,2.2,0.0,1.0,1.0,wiki_A,autorpa_233k,ours_both,5261420180.0,1.0,0.0,0.0,0.0,0.0,0.0,0.0,0.0,0.005,0.0,0.0,always_reactive,0.265211
h=0.1/q0=0.4/p=0/r=2.2/sig=0/cf=1,C_rfb,0.1,0.4,0.0,2.2,0.0,1.0,1.0,wiki_A,autorpa_233k,breakeven,5261420180.0,1.0,0.0,0.0,0.0,0.0,0.0,0.0,0.0,0.005,0.0,0.0,always_reactive,0.265211
h=0.1/q0=0.4/p=0/r=2.2/sig=0/cf=1,C_rfb,0.1,0.4,0.0,2.2,0.0,1.0,1.0,wiki_A,autorpa_233k,breakeven_cap,5261420180.0,1.0,0.0,0.0,0.0,0.0,0.0,0.0,0.0,0.005,0.0,0.0,always_reactive,0.265211
h=0.1/q0=0.4/p=0/r=2.2/sig=0/cf=1,C_rfb,0.1,0.4,0.0,2.2,0.0,1.0,1.0,wiki_A,autorpa_233k,offline_taxblind,5261420180.0,1.0,,,,,,,,,,,always_reactive,0.265211
h=0.1/q0=0.4/p=0/r=2.2/sig=0/cf=1,C_rfb,0.1,0.4,0.0,2.2,0.0,1.0,1.0,wiki_A,autorpa_233k,offline_opt_tax,5261420180.0,1.0,,,,,,,,,,,always_reactive,0.265211
h=0.1/q0=0.4/p=0/r=2.2/sig=0/cf=1,C_rfb,0.1,0.4,0.0,2.2,0.0,1.0,1.0,wiki_A,native,always_reactive,5261420180.0,1.0,0.0,0.0,0.0,0.0,0.0,0.0,0.0,0.005,0.0,0.0,always_reactive,0.852514
h=0.1/q0=0.4/p=0/r=2.2/sig=0/cf=1,C_rfb,0.1,0.4,0.0,2.2,0.0,1.0,1.0,wiki_A,native,always_compile_evict,6171649267.0,1.173001,0.0,0.0,62563.0,0.0,0.0,0.0,62563.0,0.004,62563.0,910229087.0,always_reactive,0.852514
h=0.1/q0=0.4/p=0/r=2.2/sig=0/cf=1,C_rfb,0.1,0.4,0.0,2.2,0.0,1.0,1.0,wiki_A,native,ours_noinflate,5261420180.0,1.0,0.0,0.0,0.0,0.0,0.0,0.0,0.0,0.005,0.0,0.0,always_reactive,0.852514
h=0.1/q0=0.4/p=0/r=2.2/sig=0/cf=1,C_rfb,0.1,0.4,0.0,2.2,0.0,1.0,1.0,wiki_A,native,oracle_tax,5261420180.0,1.0,0.0,0.0,0.0,0.0,0.0,0.0,0.0,0.005,0.0,0.0,always_reactive,0.852514
h=0.1/q0=0.4/p=0/r=2.2/sig=0/cf=1,C_rfb,0.1,0.4,0.0,2.2,0.0,1.0,1.0,wiki_A,native,ours_spend_cap,5261420180.0,1.0,0.0,0.0,0.0,0.0,0.0,0.0,0.0,0.005,0.0,0.0,always_reactive,0.852514
h=0.1/q0=0.4/p=0/r=2.2/sig=0/cf=1,C_rfb,0.1,0.4,0.0,2.2,0.0,1.0,1.0,wiki_A,native,ours_pi_prior,5261420180.0,1.0,0.0,0.0,0.0,0.0,0.0,0.0,0.0,0.005,0.0,0.0,always_reactive,0.852514
h=0.1/q0=0.4/p=0/r=2.2/sig=0/cf=1,C_rfb,0.1,0.4,0.0,2.2,0.0,1.0,1.0,wiki_A,native,ours_both,5261420180.0,1.0,0.0,0.0,0.0,0.0,0.0,0.0,0.0,0.005,0.0,0.0,always_reactive,0.852514
h=0.1/q0=0.4/p=0/r=2.2/sig=0/cf=1,C_rfb,0.1,0.4,0.0,2.2,0.0,1.0,1.0,wiki_A,native,breakeven,5261420180.0,1.0,0.0,0.0,0.0,0.0,0.0,0.0,0.0,0.005,0.0,0.0,always_reactive,0.852514
h=0.1/q0=0.4/p=0/r=2.2/sig=0/cf=1,C_rfb,0.1,0.4,0.0,2.2,0.0,1.0,1.0,wiki_A,native,breakeven_cap,5261420180.0,1.0,0.0,0.0,0.0,0.0,0.0,0.0,0.0,0.005,0.0,0.0,always_reactive,0.852514
h=0.1/q0=0.4/p=0/r=2.2/sig=0/cf=1,C_rfb,0.1,0.4,0.0,2.2,0.0,1.0,1.0,wiki_A,native,offline_taxblind,5261420180.0,1.0,,,,,,,,,,,always_reactive,0.852514
h=0.1/q0=0.4/p=0/r=2.2/sig=0/cf=1,C_rfb,0.1,0.4,0.0,2.2,0.0,1.0,1.0,wiki_A,native,offline_opt_tax,5261420180.0,1.0,,,,,,,,,,,always_reactive,0.852514
h=0.1/q0=0.4/p=0/r=2.2/sig=0/cf=1,C_rfb,0.1,0.4,0.0,2.2,0.0,1.0,1.0,wiki_B,autorpa_233k,always_reactive,7373315056.0,1.0,0.0,0.0,0.0,0.0,0.0,0.0,0.0,0.005,0.0,0.0,always_reactive,0.529607
h=0.1/q0=0.4/p=0/r=2.2/sig=0/cf=1,C_rfb,0.1,0.4,0.0,2.2,0.0,1.0,1.0,wiki_B,autorpa_233k,always_compile_evict,13922246056.0,1.888194,0.0,0.0,28107.0,0.0,0.0,0.0,28107.0,0.003,28107.0,6548931000.0,always_reactive,0.529607
h=0.1/q0=0.4/p=0/r=2.2/sig=0/cf=1,C_rfb,0.1,0.4,0.0,2.2,0.0,1.0,1.0,wiki_B,autorpa_233k,ours_noinflate,7373315056.0,1.0,0.0,0.0,0.0,0.0,0.0,0.0,0.0,0.005,0.0,0.0,always_reactive,0.529607
h=0.1/q0=0.4/p=0/r=2.2/sig=0/cf=1,C_rfb,0.1,0.4,0.0,2.2,0.0,1.0,1.0,wiki_B,autorpa_233k,oracle_tax,7373315056.0,1.0,0.0,0.0,0.0,0.0,0.0,0.0,0.0,0.005,0.0,0.0,always_reactive,0.529607
h=0.1/q0=0.4/p=0/r=2.2/sig=0/cf=1,C_rfb,0.1,0.4,0.0,2.2,0.0,1.0,1.0,wiki_B,autorpa_233k,ours_spend_cap,7373315056.0,1.0,0.0,0.0,0.0,0.0,0.0,0.0,0.0,0.005,0.0,0.0,always_reactive,0.529607
h=0.1/q0=0.4/p=0/r=2.2/sig=0/cf=1,C_rfb,0.1,0.4,0.0,2.2,0.0,1.0,1.0,wiki_B,autorpa_233k,ours_pi_prior,7373315056.0,1.0,0.0,0.0,0.0,0.0,0.0,0.0,0.0,0.005,0.0,0.0,always_reactive,0.529607
h=0.1/q0=0.4/p=0/r=2.2/sig=0/cf=1,C_rfb,0.1,0.4,0.0,2.2,0.0,1.0,1.0,wiki_B,autorpa_233k,ours_both,7373315056.0,1.0,0.0,0.0,0.0,0.0,0.0,0.0,0.0,0.005,0.0,0.0,always_reactive,0.529607
h=0.1/q0=0.4/p=0/r=2.2/sig=0/cf=1,C_rfb,0.1,0.4,0.0,2.2,0.0,1.0,1.0,wiki_B,autorpa_233k,breakeven,7373315056.0,1.0,0.0,0.0,0.0,0.0,0.0,0.0,0.0,0.005,0.0,0.0,always_reactive,0.529607
h=0.1/q0=0.4/p=0/r=2.2/sig=0/cf=1,C_rfb,0.1,0.4,0.0,2.2,0.0,1.0,1.0,wiki_B,autorpa_233k,breakeven_cap,7373315056.0,1.0,0.0,0.0,0.0,0.0,0.0,0.0,0.0,0.005,0.0,0.0,always_reactive,0.529607
h=0.1/q0=0.4/p=0/r=2.2/sig=0/cf=1,C_rfb,0.1,0.4,0.0,2.2,0.0,1.0,1.0,wiki_B,autorpa_233k,offline_taxblind,7373315056.0,1.0,,,,,,,,,,,always_reactive,0.529607
h=0.1/q0=0.4/p=0/r=2.2/sig=0/cf=1,C_rfb,0.1,0.4,0.0,2.2,0.0,1.0,1.0,wiki_B,autorpa_233k,offline_opt_tax,7373315056.0,1.0,,,,,,,,,,,always_reactive,0.529607
h=0.1/q0=0.4/p=0/r=2.2/sig=0/cf=1,C_rfb,0.1,0.4,0.0,2.2,0.0,1.0,1.0,wiki_B,native,always_reactive,7373315056.0,1.0,0.0,0.0,0.0,0.0,0.0,0.0,0.0,0.005,0.0,0.0,always_reactive,0.947454
h=0.1/q0=0.4/p=0/r=2.2/sig=0/cf=1,C_rfb,0.1,0.4,0.0,2.2,0.0,1.0,1.0,wiki_B,native,always_compile_evict,7782243799.0,1.055461,0.0,0.0,28107.0,0.0,0.0,0.0,28107.0,0.005,28107.0,408928743.0,always_reactive,0.947454
h=0.1/q0=0.4/p=0/r=2.2/sig=0/cf=1,C_rfb,0.1,0.4,0.0,2.2,0.0,1.0,1.0,wiki_B,native,ours_noinflate,7373315056.0,1.0,0.0,0.0,0.0,0.0,0.0,0.0,0.0,0.005,0.0,0.0,always_reactive,0.947454
h=0.1/q0=0.4/p=0/r=2.2/sig=0/cf=1,C_rfb,0.1,0.4,0.0,2.2,0.0,1.0,1.0,wiki_B,native,oracle_tax,7373315056.0,1.0,0.0,0.0,0.0,0.0,0.0,0.0,0.0,0.005,0.0,0.0,always_reactive,0.947454
h=0.1/q0=0.4/p=0/r=2.2/sig=0/cf=1,C_rfb,0.1,0.4,0.0,2.2,0.0,1.0,1.0,wiki_B,native,ours_spend_cap,7373315056.0,1.0,0.0,0.0,0.0,0.0,0.0,0.0,0.0,0.005,0.0,0.0,always_reactive,0.947454
h=0.1/q0=0.4/p=0/r=2.2/sig=0/cf=1,C_rfb,0.1,0.4,0.0,2.2,0.0,1.0,1.0,wiki_B,native,ours_pi_prior,7373315056.0,1.0,0.0,0.0,0.0,0.0,0.0,0.0,0.0,0.005,0.0,0.0,always_reactive,0.947454
h=0.1/q0=0.4/p=0/r=2.2/sig=0/cf=1,C_rfb,0.1,0.4,0.0,2.2,0.0,1.0,1.0,wiki_B,native,ours_both,7373315056.0,1.0,0.0,0.0,0.0,0.0,0.0,0.0,0.0,0.005,0.0,0.0,always_reactive,0.947454
h=0.1/q0=0.4/p=0/r=2.2/sig=0/cf=1,C_rfb,0.1,0.4,0.0,2.2,0.0,1.0,1.0,wiki_B,native,breakeven,7373315056.0,1.0,0.0,0.0,0.0,0.0,0.0,0.0,0.0,0.005,0.0,0.0,always_reactive,0.947454
h=0.1/q0=0.4/p=0/r=2.2/sig=0/cf=1,C_rfb,0.1,0.4,0.0,2.2,0.0,1.0,1.0,wiki_B,native,breakeven_cap,7373315056.0,1.0,0.0,0.0,0.0,0.0,0.0,0.0,0.0,0.005,0.0,0.0,always_reactive,0.947454
h=0.1/q0=0.4/p=0/r=2.2/sig=0/cf=1,C_rfb,0.1,0.4,0.0,2.2,0.0,1.0,1.0,wiki_B,native,offline_taxblind,7373315056.0,1.0,,,,,,,,,,,always_reactive,0.947454
h=0.1/q0=0.4/p=0/r=2.2/sig=0/cf=1,C_rfb,0.1,0.4,0.0,2.2,0.0,1.0,1.0,wiki_B,native,offline_opt_tax,7373315056.0,1.0,,,,,,,,,,,always_reactive,0.947454
h=0.1/q0=0.4/p=0/r=2.2/sig=0/cf=2.08299,C_rfb,0.1,0.4,0.0,2.2,0.0,1.0,2.0829936590907905,bpi2019,autorpa_233k,always_reactive,19497801224.0,1.0,0.0,0.0,0.0,0.0,0.0,0.0,0.0,0.005,0.0,0.0,always_reactive,0.145036
h=0.1/q0=0.4/p=0/r=2.2/sig=0/cf=2.08299,C_rfb,0.1,0.4,0.0,2.2,0.0,1.0,2.0829936590907905,bpi2019,autorpa_233k,always_compile_evict,134434462643.453,6.894852,0.0,0.0,236818.0,0.0,0.0,0.0,236818.0,0.001,236818.0,114936661419.52,always_reactive,0.145036
h=0.1/q0=0.4/p=0/r=2.2/sig=0/cf=2.08299,C_rfb,0.1,0.4,0.0,2.2,0.0,1.0,2.0829936590907905,bpi2019,autorpa_233k,ours_noinflate,19497801224.0,1.0,0.0,0.0,0.0,0.0,0.0,0.0,0.0,0.005,0.0,0.0,always_reactive,0.145036
h=0.1/q0=0.4/p=0/r=2.2/sig=0/cf=2.08299,C_rfb,0.1,0.4,0.0,2.2,0.0,1.0,2.0829936590907905,bpi2019,autorpa_233k,oracle_tax,19497801224.0,1.0,0.0,0.0,0.0,0.0,0.0,0.0,0.0,0.005,0.0,0.0,always_reactive,0.145036
h=0.1/q0=0.4/p=0/r=2.2/sig=0/cf=2.08299,C_rfb,0.1,0.4,0.0,2.2,0.0,1.0,2.0829936590907905,bpi2019,autorpa_233k,ours_spend_cap,19497801224.0,1.0,0.0,0.0,0.0,0.0,0.0,0.0,0.0,0.005,0.0,0.0,always_reactive,0.145036
h=0.1/q0=0.4/p=0/r=2.2/sig=0/cf=2.08299,C_rfb,0.1,0.4,0.0,2.2,0.0,1.0,2.0829936590907905,bpi2019,autorpa_233k,ours_pi_prior,19497801224.0,1.0,0.0,0.0,0.0,0.0,0.0,0.0,0.0,0.005,0.0,0.0,always_reactive,0.145036
h=0.1/q0=0.4/p=0/r=2.2/sig=0/cf=2.08299,C_rfb,0.1,0.4,0.0,2.2,0.0,1.0,2.0829936590907905,bpi2019,autorpa_233k,ours_both,19497801224.0,1.0,0.0,0.0,0.0,0.0,0.0,0.0,0.0,0.005,0.0,0.0,always_reactive,0.145036
h=0.1/q0=0.4/p=0/r=2.2/sig=0/cf=2.08299,C_rfb,0.1,0.4,0.0,2.2,0.0,1.0,2.0829936590907905,bpi2019,autorpa_233k,breakeven,19497801224.0,1.0,0.0,0.0,0.0,0.0,0.0,0.0,0.0,0.005,0.0,0.0,always_reactive,0.145036
h=0.1/q0=0.4/p=0/r=2.2/sig=0/cf=2.08299,C_rfb,0.1,0.4,0.0,2.2,0.0,1.0,2.0829936590907905,bpi2019,autorpa_233k,breakeven_cap,19497801224.0,1.0,0.0,0.0,0.0,0.0,0.0,0.0,0.0,0.005,0.0,0.0,always_reactive,0.145036
h=0.1/q0=0.4/p=0/r=2.2/sig=0/cf=2.08299,C_rfb,0.1,0.4,0.0,2.2,0.0,1.0,2.0829936590907905,bpi2019,autorpa_233k,offline_taxblind,19497801224.0,1.0,,,,,,,,,,,always_reactive,0.145036
h=0.1/q0=0.4/p=0/r=2.2/sig=0/cf=2.08299,C_rfb,0.1,0.4,0.0,2.2,0.0,1.0,2.0829936590907905,bpi2019,autorpa_233k,offline_opt_tax,19497801224.0,1.0,,,,,,,,,,,always_reactive,0.145036
h=0.1/q0=0.4/p=0/r=2.2/sig=0/cf=2.08299,C_rfb,0.1,0.4,0.0,2.2,0.0,1.0,2.0829936590907905,bpi2019,native,always_reactive,19497801224.0,1.0,0.0,0.0,0.0,0.0,0.0,0.0,0.0,0.005,0.0,0.0,always_reactive,0.730948
h=0.1/q0=0.4/p=0/r=2.2/sig=0/cf=2.08299,C_rfb,0.1,0.4,0.0,2.2,0.0,1.0,2.0829936590907905,bpi2019,native,always_compile_evict,26674683142.511,1.368087,0.0,0.0,236818.0,0.0,0.0,0.0,236818.0,0.003,236818.0,7176881918.426,always_reactive,0.730948
h=0.1/q0=0.4/p=0/r=2.2/sig=0/cf=2.08299,C_rfb,0.1,0.4,0.0,2.2,0.0,1.0,2.0829936590907905,bpi2019,native,ours_noinflate,19497801224.0,1.0,0.0,0.0,0.0,0.0,0.0,0.0,0.0,0.005,0.0,0.0,always_reactive,0.730948
h=0.1/q0=0.4/p=0/r=2.2/sig=0/cf=2.08299,C_rfb,0.1,0.4,0.0,2.2,0.0,1.0,2.0829936590907905,bpi2019,native,oracle_tax,19497801224.0,1.0,0.0,0.0,0.0,0.0,0.0,0.0,0.0,0.005,0.0,0.0,always_reactive,0.730948
h=0.1/q0=0.4/p=0/r=2.2/sig=0/cf=2.08299,C_rfb,0.1,0.4,0.0,2.2,0.0,1.0,2.0829936590907905,bpi2019,native,ours_spend_cap,19497801224.0,1.0,0.0,0.0,0.0,0.0,0.0,0.0,0.0,0.005,0.0,0.0,always_reactive,0.730948
h=0.1/q0=0.4/p=0/r=2.2/sig=0/cf=2.08299,C_rfb,0.1,0.4,0.0,2.2,0.0,1.0,2.0829936590907905,bpi2019,native,ours_pi_prior,19497801224.0,1.0,0.0,0.0,0.0,0.0,0.0,0.0,0.0,0.005,0.0,0.0,always_reactive,0.730948
h=0.1/q0=0.4/p=0/r=2.2/sig=0/cf=2.08299,C_rfb,0.1,0.4,0.0,2.2,0.0,1.0,2.0829936590907905,bpi2019,native,ours_both,19497801224.0,1.0,0.0,0.0,0.0,0.0,0.0,0.0,0.0,0.005,0.0,0.0,always_reactive,0.730948
h=0.1/q0=0.4/p=0/r=2.2/sig=0/cf=2.08299,C_rfb,0.1,0.4,0.0,2.2,0.0,1.0,2.0829936590907905,bpi2019,native,breakeven,19497801224.0,1.0,0.0,0.0,0.0,0.0,0.0,0.0,0.0,0.005,0.0,0.0,always_reactive,0.730948
h=0.1/q0=0.4/p=0/r=2.2/sig=0/cf=2.08299,C_rfb,0.1,0.4,0.0,2.2,0.0,1.0,2.0829936590907905,bpi2019,native,breakeven_cap,19497801224.0,1.0,0.0,0.0,0.0,0.0,0.0,0.0,0.0,0.005,0.0,0.0,always_reactive,0.730948
h=0.1/q0=0.4/p=0/r=2.2/sig=0/cf=2.08299,C_rfb,0.1,0.4,0.0,2.2,0.0,1.0,2.0829936590907905,bpi2019,native,offline_taxblind,19497801224.0,1.0,,,,,,,,,,,always_reactive,0.730948
h=0.1/q0=0.4/p=0/r=2.2/sig=0/cf=2.08299,C_rfb,0.1,0.4,0.0,2.2,0.0,1.0,2.0829936590907905,bpi2019,native,offline_opt_tax,19497801224.0,1.0,,,,,,,,,,,always_reactive,0.730948
h=0.1/q0=0.4/p=0/r=2.2/sig=0/cf=2.08299,C_rfb,0.1,0.4,0.0,2.2,0.0,1.0,2.0829936590907905,sepsis,autorpa_233k,always_reactive,77101119.0,1.0,0.0,0.0,0.0,0.0,0.0,0.0,0.0,0.005,0.0,0.0,always_reactive,0.528021
h=0.1/q0=0.4/p=0/r=2.2/sig=0/cf=2.08299,C_rfb,0.1,0.4,0.0,2.2,0.0,1.0,2.0829936590907905,sepsis,autorpa_233k,always_compile_evict,146019047.205,1.893864,0.0,0.0,142.0,0.0,0.0,0.0,142.0,0.003,142.0,68917928.205,always_reactive,0.528021
h=0.1/q0=0.4/p=0/r=2.2/sig=0/cf=2.08299,C_rfb,0.1,0.4,0.0,2.2,0.0,1.0,2.0829936590907905,sepsis,autorpa_233k,ours_noinflate,77101119.0,1.0,0.0,0.0,0.0,0.0,0.0,0.0,0.0,0.005,0.0,0.0,always_reactive,0.528021
h=0.1/q0=0.4/p=0/r=2.2/sig=0/cf=2.08299,C_rfb,0.1,0.4,0.0,2.2,0.0,1.0,2.0829936590907905,sepsis,autorpa_233k,oracle_tax,77101119.0,1.0,0.0,0.0,0.0,0.0,0.0,0.0,0.0,0.005,0.0,0.0,always_reactive,0.528021
h=0.1/q0=0.4/p=0/r=2.2/sig=0/cf=2.08299,C_rfb,0.1,0.4,0.0,2.2,0.0,1.0,2.0829936590907905,sepsis,autorpa_233k,ours_spend_cap,77101119.0,1.0,0.0,0.0,0.0,0.0,0.0,0.0,0.0,0.005,0.0,0.0,always_reactive,0.528021
h=0.1/q0=0.4/p=0/r=2.2/sig=0/cf=2.08299,C_rfb,0.1,0.4,0.0,2.2,0.0,1.0,2.0829936590907905,sepsis,autorpa_233k,ours_pi_prior,77101119.0,1.0,0.0,0.0,0.0,0.0,0.0,0.0,0.0,0.005,0.0,0.0,always_reactive,0.528021
h=0.1/q0=0.4/p=0/r=2.2/sig=0/cf=2.08299,C_rfb,0.1,0.4,0.0,2.2,0.0,1.0,2.0829936590907905,sepsis,autorpa_233k,ours_both,77101119.0,1.0,0.0,0.0,0.0,0.0,0.0,0.0,0.0,0.005,0.0,0.0,always_reactive,0.528021
h=0.1/q0=0.4/p=0/r=2.2/sig=0/cf=2.08299,C_rfb,0.1,0.4,0.0,2.2,0.0,1.0,2.0829936590907905,sepsis,autorpa_233k,breakeven,77101119.0,1.0,0.0,0.0,0.0,0.0,0.0,0.0,0.0,0.005,0.0,0.0,always_reactive,0.528021
h=0.1/q0=0.4/p=0/r=2.2/sig=0/cf=2.08299,C_rfb,0.1,0.4,0.0,2.2,0.0,1.0,2.0829936590907905,sepsis,autorpa_233k,breakeven_cap,77101119.0,1.0,0.0,0.0,0.0,0.0,0.0,0.0,0.0,0.005,0.0,0.0,always_reactive,0.528021
h=0.1/q0=0.4/p=0/r=2.2/sig=0/cf=2.08299,C_rfb,0.1,0.4,0.0,2.2,0.0,1.0,2.0829936590907905,sepsis,autorpa_233k,offline_taxblind,77101119.0,1.0,,,,,,,,,,,always_reactive,0.528021
h=0.1/q0=0.4/p=0/r=2.2/sig=0/cf=2.08299,C_rfb,0.1,0.4,0.0,2.2,0.0,1.0,2.0829936590907905,sepsis,autorpa_233k,offline_opt_tax,77101119.0,1.0,,,,,,,,,,,always_reactive,0.528021
h=0.1/q0=0.4/p=0/r=2.2/sig=0/cf=2.08299,C_rfb,0.1,0.4,0.0,2.2,0.0,1.0,2.0829936590907905,sepsis,native,always_reactive,77101119.0,1.0,0.0,0.0,0.0,0.0,0.0,0.0,0.0,0.005,0.0,0.0,always_reactive,0.947136
h=0.1/q0=0.4/p=0/r=2.2/sig=0/cf=2.08299,C_rfb,0.1,0.4,0.0,2.2,0.0,1.0,2.0829936590907905,sepsis,native,always_compile_evict,81404496.414,1.055815,0.0,0.0,142.0,0.0,0.0,0.0,142.0,0.005,142.0,4303377.414,always_reactive,0.947136
h=0.1/q0=0.4/p=0/r=2.2/sig=0/cf=2.08299,C_rfb,0.1,0.4,0.0,2.2,0.0,1.0,2.0829936590907905,sepsis,native,ours_noinflate,77101119.0,1.0,0.0,0.0,0.0,0.0,0.0,0.0,0.0,0.005,0.0,0.0,always_reactive,0.947136
h=0.1/q0=0.4/p=0/r=2.2/sig=0/cf=2.08299,C_rfb,0.1,0.4,0.0,2.2,0.0,1.0,2.0829936590907905,sepsis,native,oracle_tax,77101119.0,1.0,0.0,0.0,0.0,0.0,0.0,0.0,0.0,0.005,0.0,0.0,always_reactive,0.947136
h=0.1/q0=0.4/p=0/r=2.2/sig=0/cf=2.08299,C_rfb,0.1,0.4,0.0,2.2,0.0,1.0,2.0829936590907905,sepsis,native,ours_spend_cap,77101119.0,1.0,0.0,0.0,0.0,0.0,0.0,0.0,0.0,0.005,0.0,0.0,always_reactive,0.947136
h=0.1/q0=0.4/p=0/r=2.2/sig=0/cf=2.08299,C_rfb,0.1,0.4,0.0,2.2,0.0,1.0,2.0829936590907905,sepsis,native,ours_pi_prior,77101119.0,1.0,0.0,0.0,0.0,0.0,0.0,0.0,0.0,0.005,0.0,0.0,always_reactive,0.947136
h=0.1/q0=0.4/p=0/r=2.2/sig=0/cf=2.08299,C_rfb,0.1,0.4,0.0,2.2,0.0,1.0,2.0829936590907905,sepsis,native,ours_both,77101119.0,1.0,0.0,0.0,0.0,0.0,0.0,0.0,0.0,0.005,0.0,0.0,always_reactive,0.947136
h=0.1/q0=0.4/p=0/r=2.2/sig=0/cf=2.08299,C_rfb,0.1,0.4,0.0,2.2,0.0,1.0,2.0829936590907905,sepsis,native,breakeven,77101119.0,1.0,0.0,0.0,0.0,0.0,0.0,0.0,0.0,0.005,0.0,0.0,always_reactive,0.947136
h=0.1/q0=0.4/p=0/r=2.2/sig=0/cf=2.08299,C_rfb,0.1,0.4,0.0,2.2,0.0,1.0,2.0829936590907905,sepsis,native,breakeven_cap,77101119.0,1.0,0.0,0.0,0.0,0.0,0.0,0.0,0.0,0.005,0.0,0.0,always_reactive,0.947136
h=0.1/q0=0.4/p=0/r=2.2/sig=0/cf=2.08299,C_rfb,0.1,0.4,0.0,2.2,0.0,1.0,2.0829936590907905,sepsis,native,offline_taxblind,77101119.0,1.0,,,,,,,,,,,always_reactive,0.947136
h=0.1/q0=0.4/p=0/r=2.2/sig=0/cf=2.08299,C_rfb,0.1,0.4,0.0,2.2,0.0,1.0,2.0829936590907905,sepsis,native,offline_opt_tax,77101119.0,1.0,,,,,,,,,,,always_reactive,0.947136
h=0.1/q0=0.4/p=0/r=2.2/sig=0/cf=2.08299,C_rfb,0.1,0.4,0.0,2.2,0.0,1.0,2.0829936590907905,wiki_A,autorpa_233k,always_reactive,5261420180.0,1.0,0.0,0.0,0.0,0.0,0.0,0.0,0.0,0.005,0.0,0.0,always_reactive,0.147687
h=0.1/q0=0.4/p=0/r=2.2/sig=0/cf=2.08299,C_rfb,0.1,0.4,0.0,2.2,0.0,1.0,2.0829936590907905,wiki_A,autorpa_233k,always_compile_evict,35625591604.41,6.771098,0.0,0.0,62563.0,0.0,0.0,0.0,62563.0,0.001,62563.0,30364171424.423,always_reactive,0.147687
h=0.1/q0=0.4/p=0/r=2.2/sig=0/cf=2.08299,C_rfb,0.1,0.4,0.0,2.2,0.0,1.0,2.0829936590907905,wiki_A,autorpa_233k,ours_noinflate,5261420180.0,1.0,0.0,0.0,0.0,0.0,0.0,0.0,0.0,0.005,0.0,0.0,always_reactive,0.147687
h=0.1/q0=0.4/p=0/r=2.2/sig=0/cf=2.08299,C_rfb,0.1,0.4,0.0,2.2,0.0,1.0,2.0829936590907905,wiki_A,autorpa_233k,oracle_tax,5261420180.0,1.0,0.0,0.0,0.0,0.0,0.0,0.0,0.0,0.005,0.0,0.0,always_reactive,0.147687
h=0.1/q0=0.4/p=0/r=2.2/sig=0/cf=2.08299,C_rfb,0.1,0.4,0.0,2.2,0.0,1.0,2.0829936590907905,wiki_A,autorpa_233k,ours_spend_cap,5261420180.0,1.0,0.0,0.0,0.0,0.0,0.0,0.0,0.0,0.005,0.0,0.0,always_reactive,0.147687
h=0.1/q0=0.4/p=0/r=2.2/sig=0/cf=2.08299,C_rfb,0.1,0.4,0.0,2.2,0.0,1.0,2.0829936590907905,wiki_A,autorpa_233k,ours_pi_prior,5261420180.0,1.0,0.0,0.0,0.0,0.0,0.0,0.0,0.0,0.005,0.0,0.0,always_reactive,0.147687
h=0.1/q0=0.4/p=0/r=2.2/sig=0/cf=2.08299,C_rfb,0.1,0.4,0.0,2.2,0.0,1.0,2.0829936590907905,wiki_A,autorpa_233k,ours_both,5261420180.0,1.0,0.0,0.0,0.0,0.0,0.0,0.0,0.0,0.005,0.0,0.0,always_reactive,0.147687
h=0.1/q0=0.4/p=0/r=2.2/sig=0/cf=2.08299,C_rfb,0.1,0.4,0.0,2.2,0.0,1.0,2.0829936590907905,wiki_A,autorpa_233k,breakeven,5261420180.0,1.0,0.0,0.0,0.0,0.0,0.0,0.0,0.0,0.005,0.0,0.0,always_reactive,0.147687
h=0.1/q0=0.4/p=0/r=2.2/sig=0/cf=2.08299,C_rfb,0.1,0.4,0.0,2.2,0.0,1.0,2.0829936590907905,wiki_A,autorpa_233k,breakeven_cap,5261420180.0,1.0,0.0,0.0,0.0,0.0,0.0,0.0,0.0,0.005,0.0,0.0,always_reactive,0.147687
h=0.1/q0=0.4/p=0/r=2.2/sig=0/cf=2.08299,C_rfb,0.1,0.4,0.0,2.2,0.0,1.0,2.0829936590907905,wiki_A,autorpa_233k,offline_taxblind,5261420180.0,1.0,,,,,,,,,,,always_reactive,0.147687
h=0.1/q0=0.4/p=0/r=2.2/sig=0/cf=2.08299,C_rfb,0.1,0.4,0.0,2.2,0.0,1.0,2.0829936590907905,wiki_A,autorpa_233k,offline_opt_tax,5261420180.0,1.0,,,,,,,,,,,always_reactive,0.147687
h=0.1/q0=0.4/p=0/r=2.2/sig=0/cf=2.08299,C_rfb,0.1,0.4,0.0,2.2,0.0,1.0,2.0829936590907905,wiki_A,native,always_reactive,5261420180.0,1.0,0.0,0.0,0.0,0.0,0.0,0.0,0.0,0.005,0.0,0.0,always_reactive,0.7351
h=0.1/q0=0.4/p=0/r=2.2/sig=0/cf=2.08299,C_rfb,0.1,0.4,0.0,2.2,0.0,1.0,2.0829936590907905,wiki_A,native,always_compile_evict,7157421596.536,1.360359,0.0,0.0,62563.0,0.0,0.0,0.0,62563.0,0.003,62563.0,1896001416.541,always_reactive,0.7351
h=0.1/q0=0.4/p=0/r=2.2/sig=0/cf=2.08299,C_rfb,0.1,0.4,0.0,2.2,0.0,1.0,2.0829936590907905,wiki_A,native,ours_noinflate,5261420180.0,1.0,0.0,0.0,0.0,0.0,0.0,0.0,0.0,0.005,0.0,0.0,always_reactive,0.7351
h=0.1/q0=0.4/p=0/r=2.2/sig=0/cf=2.08299,C_rfb,0.1,0.4,0.0,2.2,0.0,1.0,2.0829936590907905,wiki_A,native,oracle_tax,5261420180.0,1.0,0.0,0.0,0.0,0.0,0.0,0.0,0.0,0.005,0.0,0.0,always_reactive,0.7351
h=0.1/q0=0.4/p=0/r=2.2/sig=0/cf=2.08299,C_rfb,0.1,0.4,0.0,2.2,0.0,1.0,2.0829936590907905,wiki_A,native,ours_spend_cap,5261420180.0,1.0,0.0,0.0,0.0,0.0,0.0,0.0,0.0,0.005,0.0,0.0,always_reactive,0.7351
h=0.1/q0=0.4/p=0/r=2.2/sig=0/cf=2.08299,C_rfb,0.1,0.4,0.0,2.2,0.0,1.0,2.0829936590907905,wiki_A,native,ours_pi_prior,5261420180.0,1.0,0.0,0.0,0.0,0.0,0.0,0.0,0.0,0.005,0.0,0.0,always_reactive,0.7351
h=0.1/q0=0.4/p=0/r=2.2/sig=0/cf=2.08299,C_rfb,0.1,0.4,0.0,2.2,0.0,1.0,2.0829936590907905,wiki_A,native,ours_both,5261420180.0,1.0,0.0,0.0,0.0,0.0,0.0,0.0,0.0,0.005,0.0,0.0,always_reactive,0.7351
h=0.1/q0=0.4/p=0/r=2.2/sig=0/cf=2.08299,C_rfb,0.1,0.4,0.0,2.2,0.0,1.0,2.0829936590907905,wiki_A,native,breakeven,5261420180.0,1.0,0.0,0.0,0.0,0.0,0.0,0.0,0.0,0.005,0.0,0.0,always_reactive,0.7351
h=0.1/q0=0.4/p=0/r=2.2/sig=0/cf=2.08299,C_rfb,0.1,0.4,0.0,2.2,0.0,1.0,2.0829936590907905,wiki_A,native,breakeven_cap,5261420180.0,1.0,0.0,0.0,0.0,0.0,0.0,0.0,0.0,0.005,0.0,0.0,always_reactive,0.7351
h=0.1/q0=0.4/p=0/r=2.2/sig=0/cf=2.08299,C_rfb,0.1,0.4,0.0,2.2,0.0,1.0,2.0829936590907905,wiki_A,native,offline_taxblind,5261420180.0,1.0,,,,,,,,,,,always_reactive,0.7351
h=0.1/q0=0.4/p=0/r=2.2/sig=0/cf=2.08299,C_rfb,0.1,0.4,0.0,2.2,0.0,1.0,2.0829936590907905,wiki_A,native,offline_opt_tax,5261420180.0,1.0,,,,,,,,,,,always_reactive,0.7351
h=0.1/q0=0.4/p=0/r=2.2/sig=0/cf=2.08299,C_rfb,0.1,0.4,0.0,2.2,0.0,1.0,2.0829936590907905,wiki_B,autorpa_233k,always_reactive,7373315056.0,1.0,0.0,0.0,0.0,0.0,0.0,0.0,0.0,0.005,0.0,0.0,always_reactive,0.350865
h=0.1/q0=0.4/p=0/r=2.2/sig=0/cf=2.08299,C_rfb,0.1,0.4,0.0,2.2,0.0,1.0,2.0829936590907905,wiki_B,autorpa_233k,always_compile_evict,21014696802.814,2.850102,0.0,0.0,28107.0,0.0,0.0,0.0,28107.0,0.002,28107.0,13641381746.823,always_reactive,0.350865
h=0.1/q0=0.4/p=0/r=2.2/sig=0/cf=2.08299,C_rfb,0.1,0.4,0.0,2.2,0.0,1.0,2.0829936590907905,wiki_B,autorpa_233k,ours_noinflate,7373315056.0,1.0,0.0,0.0,0.0,0.0,0.0,0.0,0.0,0.005,0.0,0.0,always_reactive,0.350865
h=0.1/q0=0.4/p=0/r=2.2/sig=0/cf=2.08299,C_rfb,0.1,0.4,0.0,2.2,0.0,1.0,2.0829936590907905,wiki_B,autorpa_233k,oracle_tax,7373315056.0,1.0,0.0,0.0,0.0,0.0,0.0,0.0,0.0,0.005,0.0,0.0,always_reactive,0.350865
h=0.1/q0=0.4/p=0/r=2.2/sig=0/cf=2.08299,C_rfb,0.1,0.4,0.0,2.2,0.0,1.0,2.0829936590907905,wiki_B,autorpa_233k,ours_spend_cap,7373315056.0,1.0,0.0,0.0,0.0,0.0,0.0,0.0,0.0,0.005,0.0,0.0,always_reactive,0.350865
h=0.1/q0=0.4/p=0/r=2.2/sig=0/cf=2.08299,C_rfb,0.1,0.4,0.0,2.2,0.0,1.0,2.0829936590907905,wiki_B,autorpa_233k,ours_pi_prior,7373315056.0,1.0,0.0,0.0,0.0,0.0,0.0,0.0,0.0,0.005,0.0,0.0,always_reactive,0.350865
h=0.1/q0=0.4/p=0/r=2.2/sig=0/cf=2.08299,C_rfb,0.1,0.4,0.0,2.2,0.0,1.0,2.0829936590907905,wiki_B,autorpa_233k,ours_both,7373315056.0,1.0,0.0,0.0,0.0,0.0,0.0,0.0,0.0,0.005,0.0,0.0,always_reactive,0.350865
h=0.1/q0=0.4/p=0/r=2.2/sig=0/cf=2.08299,C_rfb,0.1,0.4,0.0,2.2,0.0,1.0,2.0829936590907905,wiki_B,autorpa_233k,breakeven,7373315056.0,1.0,0.0,0.0,0.0,0.0,0.0,0.0,0.0,0.005,0.0,0.0,always_reactive,0.350865
h=0.1/q0=0.4/p=0/r=2.2/sig=0/cf=2.08299,C_rfb,0.1,0.4,0.0,2.2,0.0,1.0,2.0829936590907905,wiki_B,autorpa_233k,breakeven_cap,7373315056.0,1.0,0.0,0.0,0.0,0.0,0.0,0.0,0.0,0.005,0.0,0.0,always_reactive,0.350865
h=0.1/q0=0.4/p=0/r=2.2/sig=0/cf=2.08299,C_rfb,0.1,0.4,0.0,2.2,0.0,1.0,2.0829936590907905,wiki_B,autorpa_233k,offline_taxblind,7373315056.0,1.0,,,,,,,,,,,always_reactive,0.350865
h=0.1/q0=0.4/p=0/r=2.2/sig=0/cf=2.08299,C_rfb,0.1,0.4,0.0,2.2,0.0,1.0,2.0829936590907905,wiki_B,autorpa_233k,offline_opt_tax,7373315056.0,1.0,,,,,,,,,,,always_reactive,0.350865
h=0.1/q0=0.4/p=0/r=2.2/sig=0/cf=2.08299,C_rfb,0.1,0.4,0.0,2.2,0.0,1.0,2.0829936590907905,wiki_B,native,always_reactive,7373315056.0,1.0,0.0,0.0,0.0,0.0,0.0,0.0,0.0,0.005,0.0,0.0,always_reactive,0.89644
h=0.1/q0=0.4/p=0/r=2.2/sig=0/cf=2.08299,C_rfb,0.1,0.4,0.0,2.2,0.0,1.0,2.0829936590907905,wiki_B,native,always_compile_evict,8225111034.685,1.115524,0.0,0.0,28107.0,0.0,0.0,0.0,28107.0,0.004,28107.0,851795978.689,always_reactive,0.89644
h=0.1/q0=0.4/p=0/r=2.2/sig=0/cf=2.08299,C_rfb,0.1,0.4,0.0,2.2,0.0,1.0,2.0829936590907905,wiki_B,native,ours_noinflate,7373315056.0,1.0,0.0,0.0,0.0,0.0,0.0,0.0,0.0,0.005,0.0,0.0,always_reactive,0.89644
h=0.1/q0=0.4/p=0/r=2.2/sig=0/cf=2.08299,C_rfb,0.1,0.4,0.0,2.2,0.0,1.0,2.0829936590907905,wiki_B,native,oracle_tax,7373315056.0,1.0,0.0,0.0,0.0,0.0,0.0,0.0,0.0,0.005,0.0,0.0,always_reactive,0.89644
h=0.1/q0=0.4/p=0/r=2.2/sig=0/cf=2.08299,C_rfb,0.1,0.4,0.0,2.2,0.0,1.0,2.0829936590907905,wiki_B,native,ours_spend_cap,7373315056.0,1.0,0.0,0.0,0.0,0.0,0.0,0.0,0.0,0.005,0.0,0.0,always_reactive,0.89644
h=0.1/q0=0.4/p=0/r=2.2/sig=0/cf=2.08299,C_rfb,0.1,0.4,0.0,2.2,0.0,1.0,2.0829936590907905,wiki_B,native,ours_pi_prior,7373315056.0,1.0,0.0,0.0,0.0,0.0,0.0,0.0,0.0,0.005,0.0,0.0,always_reactive,0.89644
h=0.1/q0=0.4/p=0/r=2.2/sig=0/cf=2.08299,C_rfb,0.1,0.4,0.0,2.2,0.0,1.0,2.0829936590907905,wiki_B,native,ours_both,7373315056.0,1.0,0.0,0.0,0.0,0.0,0.0,0.0,0.0,0.005,0.0,0.0,always_reactive,0.89644
h=0.1/q0=0.4/p=0/r=2.2/sig=0/cf=2.08299,C_rfb,0.1,0.4,0.0,2.2,0.0,1.0,2.0829936590907905,wiki_B,native,breakeven,7373315056.0,1.0,0.0,0.0,0.0,0.0,0.0,0.0,0.0,0.005,0.0,0.0,always_reactive,0.89644
h=0.1/q0=0.4/p=0/r=2.2/sig=0/cf=2.08299,C_rfb,0.1,0.4,0.0,2.2,0.0,1.0,2.0829936590907905,wiki_B,native,breakeven_cap,7373315056.0,1.0,0.0,0.0,0.0,0.0,0.0,0.0,0.0,0.005,0.0,0.0,always_reactive,0.89644
h=0.1/q0=0.4/p=0/r=2.2/sig=0/cf=2.08299,C_rfb,0.1,0.4,0.0,2.2,0.0,1.0,2.0829936590907905,wiki_B,native,offline_taxblind,7373315056.0,1.0,,,,,,,,,,,always_reactive,0.89644
h=0.1/q0=0.4/p=0/r=2.2/sig=0/cf=2.08299,C_rfb,0.1,0.4,0.0,2.2,0.0,1.0,2.0829936590907905,wiki_B,native,offline_opt_tax,7373315056.0,1.0,,,,,,,,,,,always_reactive,0.89644
h=0.1/q0=0.4/p=1/r=1/sig=0.3/cf=1,D_sigma,0.1,0.4,1.0,1.0,0.3,3.0,1.0,bpi2019,autorpa_233k,always_reactive,19497801224.0,1.0,0.0,0.0,0.0,0.0,0.0,0.0,0.0,0.005,0.0,0.0,always_reactive,0.974117
h=0.1/q0=0.4/p=1/r=1/sig=0.3/cf=1,D_sigma,0.1,0.4,1.0,1.0,0.3,3.0,1.0,bpi2019,autorpa_233k,always_compile_evict,20015869681.1,1.026571,44.6,73.5,18354.2,16589.5,32696.9,109003.5,18269.2,0.054,0.0,0.0,always_reactive,0.974117
h=0.1/q0=0.4/p=1/r=1/sig=0.3/cf=1,D_sigma,0.1,0.4,1.0,1.0,0.3,3.0,1.0,bpi2019,autorpa_233k,ours_noinflate,19497801224.0,1.0,0.0,0.0,0.0,0.0,0.0,0.0,0.0,0.005,0.0,0.0,always_reactive,0.974117
h=0.1/q0=0.4/p=1/r=1/sig=0.3/cf=1,D_sigma,0.1,0.4,1.0,1.0,0.3,3.0,1.0,bpi2019,autorpa_233k,oracle_tax,19497572690.2,0.999988,0.5,1.0,1.4,0.9,2.7,9.6,0.3,0.005,0.0,0.0,always_reactive,0.974117
h=0.1/q0=0.4/p=1/r=1/sig=0.3/cf=1,D_sigma,0.1,0.4,1.0,1.0,0.3,3.0,1.0,bpi2019,autorpa_233k,ours_spend_cap,19497801224.0,1.0,0.0,0.0,0.0,0.0,0.0,0.0,0.0,0.005,0.0,0.0,always_reactive,0.974117
h=0.1/q0=0.4/p=1/r=1/sig=0.3/cf=1,D_sigma,0.1,0.4,1.0,1.0,0.3,3.0,1.0,bpi2019,autorpa_233k,ours_pi_prior,19497801224.0,1.0,0.0,0.0,0.0,0.0,0.0,0.0,0.0,0.005,0.0,0.0,always_reactive,0.974117
h=0.1/q0=0.4/p=1/r=1/sig=0.3/cf=1,D_sigma,0.1,0.4,1.0,1.0,0.3,3.0,1.0,bpi2019,autorpa_233k,ours_both,19497801224.0,1.0,0.0,0.0,0.0,0.0,0.0,0.0,0.0,0.005,0.0,0.0,always_reactive,0.974117
h=0.1/q0=0.4/p=1/r=1/sig=0.3/cf=1,D_sigma,0.1,0.4,1.0,1.0,0.3,3.0,1.0,bpi2019,autorpa_233k,breakeven,19580132009.3,1.004223,0.1,5.2,476.0,171.9,342.1,1116.5,436.2,0.006,0.0,0.0,always_reactive,0.974117
h=0.1/q0=0.4/p=1/r=1/sig=0.3/cf=1,D_sigma,0.1,0.4,1.0,1.0,0.3,3.0,1.0,bpi2019,autorpa_233k,breakeven_cap,19580132009.3,1.004223,0.1,5.2,476.0,171.9,342.1,1116.5,436.2,0.006,0.0,0.0,always_reactive,0.974117
h=0.1/q0=0.4/p=1/r=1/sig=0.3/cf=1,D_sigma,0.1,0.4,1.0,1.0,0.3,3.0,1.0,bpi2019,autorpa_233k,offline_taxblind,18508649631.107,0.949269,,,,,,,,,,,always_reactive,0.974117
h=0.1/q0=0.4/p=1/r=1/sig=0.3/cf=1,D_sigma,0.1,0.4,1.0,1.0,0.3,3.0,1.0,bpi2019,autorpa_233k,offline_opt_tax,18618981014.811,0.954927,,,,,,,,,,,always_reactive,0.974117
h=0.1/q0=0.4/p=1/r=1/sig=0.3/cf=1,D_sigma,0.1,0.4,1.0,1.0,0.3,3.0,1.0,bpi2019,native,always_reactive,19497801224.0,1.288272,0.0,0.0,0.0,0.0,0.0,0.0,0.0,0.005,0.0,0.0,always_compile_evict,1.0
h=0.1/q0=0.4/p=1/r=1/sig=0.3/cf=1,D_sigma,0.1,0.4,1.0,1.0,0.3,3.0,1.0,bpi2019,native,always_compile_evict,15125885098.0,0.999407,3.9,17.5,18354.2,16589.5,32696.9,109003.5,14417.2,0.013,0.0,0.0,always_compile_evict,1.0
h=0.1/q0=0.4/p=1/r=1/sig=0.3/cf=1,D_sigma,0.1,0.4,1.0,1.0,0.3,3.0,1.0,bpi2019,native,ours_noinflate,15134853023.5,1.0,4.0,17.2,18171.7,16537.3,32593.8,108676.2,14376.2,0.013,0.0,0.0,always_compile_evict,1.0
h=0.1/q0=0.4/p=1/r=1/sig=0.3/cf=1,D_sigma,0.1,0.4,1.0,1.0,0.3,3.0,1.0,bpi2019,native,oracle_tax,19463927540.6,1.286033,26.5,28.7,168.2,141.7,263.3,898.1,70.2,0.005,0.0,0.0,always_compile_evict,1.0
h=0.1/q0=0.4/p=1/r=1/sig=0.3/cf=1,D_sigma,0.1,0.4,1.0,1.0,0.3,3.0,1.0,bpi2019,native,ours_spend_cap,15134853023.5,1.0,4.0,17.2,18171.7,16537.3,32593.8,108676.2,14376.2,0.013,0.0,0.0,always_compile_evict,1.0
h=0.1/q0=0.4/p=1/r=1/sig=0.3/cf=1,D_sigma,0.1,0.4,1.0,1.0,0.3,3.0,1.0,bpi2019,native,ours_pi_prior,15144652624.1,1.000647,4.0,17.0,18035.0,16493.1,32517.6,108404.0,14359.6,0.013,0.0,0.0,always_compile_evict,1.0
h=0.1/q0=0.4/p=1/r=1/sig=0.3/cf=1,D_sigma,0.1,0.4,1.0,1.0,0.3,3.0,1.0,bpi2019,native,ours_both,15144652624.1,1.000647,4.0,17.0,18035.0,16493.1,32517.6,108404.0,14359.6,0.013,0.0,0.0,always_compile_evict,1.0
h=0.1/q0=0.4/p=1/r=1/sig=0.3/cf=1,D_sigma,0.1,0.4,1.0,1.0,0.3,3.0,1.0,bpi2019,native,breakeven,19433873509.6,1.284048,0.0,4.5,2039.9,369.1,708.7,2361.1,368.4,0.005,0.0,0.0,always_compile_evict,1.0
h=0.1/q0=0.4/p=1/r=1/sig=0.3/cf=1,D_sigma,0.1,0.4,1.0,1.0,0.3,3.0,1.0,bpi2019,native,breakeven_cap,19433873509.6,1.284048,0.0,4.5,2039.9,369.1,708.7,2361.1,368.4,0.005,0.0,0.0,always_compile_evict,1.0
h=0.1/q0=0.4/p=1/r=1/sig=0.3/cf=1,D_sigma,0.1,0.4,1.0,1.0,0.3,3.0,1.0,bpi2019,native,offline_taxblind,14880054103.21,0.983165,,,,,,,,,,,always_compile_evict,1.0
h=0.1/q0=0.4/p=1/r=1/sig=0.3/cf=1,D_sigma,0.1,0.4,1.0,1.0,0.3,3.0,1.0,bpi2019,native,offline_opt_tax,14971418091.987,0.989201,,,,,,,,,,,always_compile_evict,1.0
h=0.1/q0=0.4/p=1/r=1/sig=0.3/cf=1,D_sigma,0.1,0.4,1.0,1.0,0.3,3.0,1.0,sepsis,autorpa_233k,always_reactive,77101119.0,1.0,0.0,0.0,0.0,0.0,0.0,0.0,0.0,0.005,0.0,0.0,always_reactive,0.927794
h=0.1/q0=0.4/p=1/r=1/sig=0.3/cf=1,D_sigma,0.1,0.4,1.0,1.0,0.3,3.0,1.0,sepsis,autorpa_233k,always_compile_evict,83101508.9,1.077825,17.7,19.2,33.9,8.8,19.1,64.2,32.2,0.016,0.0,0.0,always_reactive,0.927794
h=0.1/q0=0.4/p=1/r=1/sig=0.3/cf=1,D_sigma,0.1,0.4,1.0,1.0,0.3,3.0,1.0,sepsis,autorpa_233k,ours_noinflate,77101119.0,1.0,0.0,0.0,0.0,0.0,0.0,0.0,0.0,0.005,0.0,0.0,always_reactive,0.927794
h=0.1/q0=0.4/p=1/r=1/sig=0.3/cf=1,D_sigma,0.1,0.4,1.0,1.0,0.3,3.0,1.0,sepsis,autorpa_233k,oracle_tax,77101119.0,1.0,0.0,0.0,0.0,0.0,0.0,0.0,0.0,0.005,0.0,0.0,always_reactive,0.927794
h=0.1/q0=0.4/p=1/r=1/sig=0.3/cf=1,D_sigma,0.1,0.4,1.0,1.0,0.3,3.0,1.0,sepsis,autorpa_233k,ours_spend_cap,77101119.0,1.0,0.0,0.0,0.0,0.0,0.0,0.0,0.0,0.005,0.0,0.0,always_reactive,0.927794
h=0.1/q0=0.4/p=1/r=1/sig=0.3/cf=1,D_sigma,0.1,0.4,1.0,1.0,0.3,3.0,1.0,sepsis,autorpa_233k,ours_pi_prior,77101119.0,1.0,0.0,0.0,0.0,0.0,0.0,0.0,0.0,0.005,0.0,0.0,always_reactive,0.927794
h=0.1/q0=0.4/p=1/r=1/sig=0.3/cf=1,D_sigma,0.1,0.4,1.0,1.0,0.3,3.0,1.0,sepsis,autorpa_233k,ours_both,77101119.0,1.0,0.0,0.0,0.0,0.0,0.0,0.0,0.0,0.005,0.0,0.0,always_reactive,0.927794
h=0.1/q0=0.4/p=1/r=1/sig=0.3/cf=1,D_sigma,0.1,0.4,1.0,1.0,0.3,3.0,1.0,sepsis,autorpa_233k,breakeven,77314302.1,1.002765,1.7,1.9,2.0,0.3,1.3,4.1,2.0,0.005,0.0,0.0,always_reactive,0.927794
h=0.1/q0=0.4/p=1/r=1/sig=0.3/cf=1,D_sigma,0.1,0.4,1.0,1.0,0.3,3.0,1.0,sepsis,autorpa_233k,breakeven_cap,77314302.1,1.002765,1.7,1.9,2.0,0.3,1.3,4.1,2.0,0.005,0.0,0.0,always_reactive,0.927794
h=0.1/q0=0.4/p=1/r=1/sig=0.3/cf=1,D_sigma,0.1,0.4,1.0,1.0,0.3,3.0,1.0,sepsis,autorpa_233k,offline_taxblind,77038567.938,0.999189,,,,,,,,,,,always_reactive,0.927794
h=0.1/q0=0.4/p=1/r=1/sig=0.3/cf=1,D_sigma,0.1,0.4,1.0,1.0,0.3,3.0,1.0,sepsis,autorpa_233k,offline_opt_tax,77098980.22,0.999972,,,,,,,,,,,always_reactive,0.927794
h=0.1/q0=0.4/p=1/r=1/sig=0.3/cf=1,D_sigma,0.1,0.4,1.0,1.0,0.3,3.0,1.0,sepsis,native,always_reactive,77101119.0,1.025587,0.0,0.0,0.0,0.0,0.0,0.0,0.0,0.005,0.0,0.0,always_compile_evict,1.0
h=0.1/q0=0.4/p=1/r=1/sig=0.3/cf=1,D_sigma,0.1,0.4,1.0,1.0,0.3,3.0,1.0,sepsis,native,always_compile_evict,75136888.7,0.999459,3.4,9.7,33.9,8.8,19.1,64.2,8.0,0.01,0.0,0.0,always_compile_evict,1.0
h=0.1/q0=0.4/p=1/r=1/sig=0.3/cf=1,D_sigma,0.1,0.4,1.0,1.0,0.3,3.0,1.0,sepsis,native,ours_noinflate,75177557.1,1.0,3.4,9.7,33.5,8.6,18.5,62.4,10.4,0.01,0.0,0.0,always_compile_evict,1.0
h=0.1/q0=0.4/p=1/r=1/sig=0.3/cf=1,D_sigma,0.1,0.4,1.0,1.0,0.3,3.0,1.0,sepsis,native,oracle_tax,75538028.7,1.004795,9.2,10.0,16.5,7.3,15.9,51.5,3.0,0.011,0.0,0.0,always_compile_evict,1.0
h=0.1/q0=0.4/p=1/r=1/sig=0.3/cf=1,D_sigma,0.1,0.4,1.0,1.0,0.3,3.0,1.0,sepsis,native,ours_spend_cap,75177557.1,1.0,3.4,9.7,33.5,8.6,18.5,62.4,10.4,0.01,0.0,0.0,always_compile_evict,1.0
h=0.1/q0=0.4/p=1/r=1/sig=0.3/cf=1,D_sigma,0.1,0.4,1.0,1.0,0.3,3.0,1.0,sepsis,native,ours_pi_prior,75233896.6,1.000749,3.4,9.7,29.5,7.8,17.6,58.0,9.5,0.01,0.0,0.0,always_compile_evict,1.0
h=0.1/q0=0.4/p=1/r=1/sig=0.3/cf=1,D_sigma,0.1,0.4,1.0,1.0,0.3,3.0,1.0,sepsis,native,ours_both,75233896.6,1.000749,3.4,9.7,29.5,7.8,17.6,58.0,9.5,0.01,0.0,0.0,always_compile_evict,1.0
h=0.1/q0=0.4/p=1/r=1/sig=0.3/cf=1,D_sigma,0.1,0.4,1.0,1.0,0.3,3.0,1.0,sepsis,native,breakeven,76813576.5,1.021762,0.0,4.8,23.1,2.3,3.8,14.0,9.3,0.006,0.0,0.0,always_compile_evict,1.0
h=0.1/q0=0.4/p=1/r=1/sig=0.3/cf=1,D_sigma,0.1,0.4,1.0,1.0,0.3,3.0,1.0,sepsis,native,breakeven_cap,76813576.5,1.021762,0.0,4.8,23.1,2.3,3.8,14.0,9.3,0.006,0.0,0.0,always_compile_evict,1.0
h=0.1/q0=0.4/p=1/r=1/sig=0.3/cf=1,D_sigma,0.1,0.4,1.0,1.0,0.3,3.0,1.0,sepsis,native,offline_taxblind,69686341.682,0.926957,,,,,,,,,,,always_compile_evict,1.0
h=0.1/q0=0.4/p=1/r=1/sig=0.3/cf=1,D_sigma,0.1,0.4,1.0,1.0,0.3,3.0,1.0,sepsis,native,offline_opt_tax,70050168.538,0.931796,,,,,,,,,,,always_compile_evict,1.0
h=0.1/q0=0.4/p=1/r=1/sig=0.3/cf=1,D_sigma,0.1,0.4,1.0,1.0,0.3,3.0,1.0,wiki_A,autorpa_233k,always_reactive,5261420180.0,1.0,0.0,0.0,0.0,0.0,0.0,0.0,0.0,0.005,0.0,0.0,always_compile_evict,1.0
h=0.1/q0=0.4/p=1/r=1/sig=0.3/cf=1,D_sigma,0.1,0.4,1.0,1.0,0.3,3.0,1.0,wiki_A,autorpa_233k,always_compile_evict,5121115690.3,0.973333,9.4,42.4,4674.4,4381.4,8589.1,28790.1,4538.9,0.02,0.0,0.0,always_compile_evict,1.0
h=0.1/q0=0.4/p=1/r=1/sig=0.3/cf=1,D_sigma,0.1,0.4,1.0,1.0,0.3,3.0,1.0,wiki_A,autorpa_233k,ours_noinflate,5261420180.0,1.0,0.0,0.0,0.0,0.0,0.0,0.0,0.0,0.005,0.0,0.0,always_compile_evict,1.0
h=0.1/q0=0.4/p=1/r=1/sig=0.3/cf=1,D_sigma,0.1,0.4,1.0,1.0,0.3,3.0,1.0,wiki_A,autorpa_233k,oracle_tax,5260422109.8,0.99981,0.3,1.0,8.7,8.4,15.2,50.7,3.8,0.005,0.0,0.0,always_compile_evict,1.0
h=0.1/q0=0.4/p=1/r=1/sig=0.3/cf=1,D_sigma,0.1,0.4,1.0,1.0,0.3,3.0,1.0,wiki_A,autorpa_233k,ours_spend_cap,5261420180.0,1.0,0.0,0.0,0.0,0.0,0.0,0.0,0.0,0.005,0.0,0.0,always_compile_evict,1.0
h=0.1/q0=0.4/p=1/r=1/sig=0.3/cf=1,D_sigma,0.1,0.4,1.0,1.0,0.3,3.0,1.0,wiki_A,autorpa_233k,ours_pi_prior,5261420180.0,1.0,0.0,0.0,0.0,0.0,0.0,0.0,0.0,0.005,0.0,0.0,always_compile_evict,1.0
h=0.1/q0=0.4/p=1/r=1/sig=0.3/cf=1,D_sigma,0.1,0.4,1.0,1.0,0.3,3.0,1.0,wiki_A,autorpa_233k,ours_both,5261420180.0,1.0,0.0,0.0,0.0,0.0,0.0,0.0,0.0,0.005,0.0,0.0,always_compile_evict,1.0
h=0.1/q0=0.4/p=1/r=1/sig=0.3/cf=1,D_sigma,0.1,0.4,1.0,1.0,0.3,3.0,1.0,wiki_A,autorpa_233k,breakeven,5246128880.7,0.997094,0.1,5.3,905.1,838.8,1625.2,5472.8,805.2,0.005,0.0,0.0,always_compile_evict,1.0
h=0.1/q0=0.4/p=1/r=1/sig=0.3/cf=1,D_sigma,0.1,0.4,1.0,1.0,0.3,3.0,1.0,wiki_A,autorpa_233k,breakeven_cap,5246128880.7,0.997094,0.1,5.3,905.1,838.8,1625.2,5472.8,805.2,0.005,0.0,0.0,always_compile_evict,1.0
h=0.1/q0=0.4/p=1/r=1/sig=0.3/cf=1,D_sigma,0.1,0.4,1.0,1.0,0.3,3.0,1.0,wiki_A,autorpa_233k,offline_taxblind,4969402952.146,0.944498,,,,,,,,,,,always_compile_evict,1.0
h=0.1/q0=0.4/p=1/r=1/sig=0.3/cf=1,D_sigma,0.1,0.4,1.0,1.0,0.3,3.0,1.0,wiki_A,autorpa_233k,offline_opt_tax,4987701725.057,0.947976,,,,,,,,,,,always_compile_evict,1.0
h=0.1/q0=0.4/p=1/r=1/sig=0.3/cf=1,D_sigma,0.1,0.4,1.0,1.0,0.3,3.0,1.0,wiki_A,native,always_reactive,5261420180.0,1.302221,0.0,0.0,0.0,0.0,0.0,0.0,0.0,0.005,0.0,0.0,always_compile_evict,1.0
h=0.1/q0=0.4/p=1/r=1/sig=0.3/cf=1,D_sigma,0.1,0.4,1.0,1.0,0.3,3.0,1.0,wiki_A,native,always_compile_evict,4039659876.8,0.999831,3.9,12.6,4674.4,4381.4,8589.1,28790.1,3920.6,0.011,0.0,0.0,always_compile_evict,1.0
h=0.1/q0=0.4/p=1/r=1/sig=0.3/cf=1,D_sigma,0.1,0.4,1.0,1.0,0.3,3.0,1.0,wiki_A,native,ours_noinflate,4040343624.1,1.0,3.7,12.6,4662.7,4377.8,8580.4,28763.4,3914.2,0.011,0.0,0.0,always_compile_evict,1.0
h=0.1/q0=0.4/p=1/r=1/sig=0.3/cf=1,D_sigma,0.1,0.4,1.0,1.0,0.3,3.0,1.0,wiki_A,native,oracle_tax,5214509560.0,1.29061,6.0,6.3,150.2,144.2,287.5,956.3,68.7,0.005,0.0,0.0,always_compile_evict,1.0
h=0.1/q0=0.4/p=1/r=1/sig=0.3/cf=1,D_sigma,0.1,0.4,1.0,1.0,0.3,3.0,1.0,wiki_A,native,ours_spend_cap,4040343624.1,1.0,3.7,12.6,4662.7,4377.8,8580.4,28763.4,3914.2,0.011,0.0,0.0,always_compile_evict,1.0
h=0.1/q0=0.4/p=1/r=1/sig=0.3/cf=1,D_sigma,0.1,0.4,1.0,1.0,0.3,3.0,1.0,wiki_A,native,ours_pi_prior,4042073272.0,1.000428,3.7,12.5,4634.2,4368.9,8562.7,28704.5,3905.4,0.011,0.0,0.0,always_compile_evict,1.0
h=0.1/q0=0.4/p=1/r=1/sig=0.3/cf=1,D_sigma,0.1,0.4,1.0,1.0,0.3,3.0,1.0,wiki_A,native,ours_both,4042073272.0,1.000428,3.7,12.5,4634.2,4368.9,8562.7,28704.5,3905.4,0.011,0.0,0.0,always_compile_evict,1.0
h=0.1/q0=0.4/p=1/r=1/sig=0.3/cf=1,D_sigma,0.1,0.4,1.0,1.0,0.3,3.0,1.0,wiki_A,native,breakeven,4962619728.2,1.228267,0.0,5.1,1485.5,1204.9,2319.5,7811.5,1022.2,0.005,0.0,0.0,always_compile_evict,1.0
h=0.1/q0=0.4/p=1/r=1/sig=0.3/cf=1,D_sigma,0.1,0.4,1.0,1.0,0.3,3.0,1.0,wiki_A,native,breakeven_cap,4962619728.2,1.228267,0.0,5.1,1485.5,1204.9,2319.5,7811.5,1022.2,0.005,0.0,0.0,always_compile_evict,1.0
h=0.1/q0=0.4/p=1/r=1/sig=0.3/cf=1,D_sigma,0.1,0.4,1.0,1.0,0.3,3.0,1.0,wiki_A,native,offline_taxblind,4002399088.443,0.990609,,,,,,,,,,,always_compile_evict,1.0
h=0.1/q0=0.4/p=1/r=1/sig=0.3/cf=1,D_sigma,0.1,0.4,1.0,1.0,0.3,3.0,1.0,wiki_A,native,offline_opt_tax,4017817826.743,0.994425,,,,,,,,,,,always_compile_evict,1.0
h=0.1/q0=0.4/p=1/r=1/sig=0.3/cf=1,D_sigma,0.1,0.4,1.0,1.0,0.3,3.0,1.0,wiki_B,autorpa_233k,always_reactive,7373315056.0,1.0,0.0,0.0,0.0,0.0,0.0,0.0,0.0,0.005,0.0,0.0,always_reactive,0.90619
h=0.1/q0=0.4/p=1/r=1/sig=0.3/cf=1,D_sigma,0.1,0.4,1.0,1.0,0.3,3.0,1.0,wiki_B,autorpa_233k,always_compile_evict,8136613620.7,1.103522,61.1,78.7,3620.7,2012.7,3858.7,12928.8,3582.6,0.061,0.0,0.0,always_reactive,0.90619
h=0.1/q0=0.4/p=1/r=1/sig=0.3/cf=1,D_sigma,0.1,0.4,1.0,1.0,0.3,3.0,1.0,wiki_B,autorpa_233k,ours_noinflate,7373315056.0,1.0,0.0,0.0,0.0,0.0,0.0,0.0,0.0,0.005,0.0,0.0,always_reactive,0.90619
h=0.1/q0=0.4/p=1/r=1/sig=0.3/cf=1,D_sigma,0.1,0.4,1.0,1.0,0.3,3.0,1.0,wiki_B,autorpa_233k,oracle_tax,7373315056.0,1.0,0.0,0.0,0.0,0.0,0.0,0.0,0.0,0.005,0.0,0.0,always_reactive,0.90619
h=0.1/q0=0.4/p=1/r=1/sig=0.3/cf=1,D_sigma,0.1,0.4,1.0,1.0,0.3,3.0,1.0,wiki_B,autorpa_233k,ours_spend_cap,7373315056.0,1.0,0.0,0.0,0.0,0.0,0.0,0.0,0.0,0.005,0.0,0.0,always_reactive,0.90619
h=0.1/q0=0.4/p=1/r=1/sig=0.3/cf=1,D_sigma,0.1,0.4,1.0,1.0,0.3,3.0,1.0,wiki_B,autorpa_233k,ours_pi_prior,7373315056.0,1.0,0.0,0.0,0.0,0.0,0.0,0.0,0.0,0.005,0.0,0.0,always_reactive,0.90619
h=0.1/q0=0.4/p=1/r=1/sig=0.3/cf=1,D_sigma,0.1,0.4,1.0,1.0,0.3,3.0,1.0,wiki_B,autorpa_233k,ours_both,7373315056.0,1.0,0.0,0.0,0.0,0.0,0.0,0.0,0.0,0.005,0.0,0.0,always_reactive,0.90619
h=0.1/q0=0.4/p=1/r=1/sig=0.3/cf=1,D_sigma,0.1,0.4,1.0,1.0,0.3,3.0,1.0,wiki_B,autorpa_233k,breakeven,7416241789.2,1.005822,0.4,5.2,252.8,105.1,206.6,682.6,232.3,0.006,0.0,0.0,always_reactive,0.90619
h=0.1/q0=0.4/p=1/r=1/sig=0.3/cf=1,D_sigma,0.1,0.4,1.0,1.0,0.3,3.0,1.0,wiki_B,autorpa_233k,breakeven_cap,7416241789.2,1.005822,0.4,5.2,252.8,105.1,206.6,682.6,232.3,0.006,0.0,0.0,always_reactive,0.90619
h=0.1/q0=0.4/p=1/r=1/sig=0.3/cf=1,D_sigma,0.1,0.4,1.0,1.0,0.3,3.0,1.0,wiki_B,autorpa_233k,offline_taxblind,7305672161.848,0.990826,,,,,,,,,,,always_reactive,0.90619
h=0.1/q0=0.4/p=1/r=1/sig=0.3/cf=1,D_sigma,0.1,0.4,1.0,1.0,0.3,3.0,1.0,wiki_B,autorpa_233k,offline_opt_tax,7341894495.074,0.995739,,,,,,,,,,,always_reactive,0.90619
h=0.1/q0=0.4/p=1/r=1/sig=0.3/cf=1,D_sigma,0.1,0.4,1.0,1.0,0.3,3.0,1.0,wiki_B,native,always_reactive,7373315056.0,1.06451,0.0,0.0,0.0,0.0,0.0,0.0,0.0,0.005,0.0,0.0,always_compile_evict,1.0
h=0.1/q0=0.4/p=1/r=1/sig=0.3/cf=1,D_sigma,0.1,0.4,1.0,1.0,0.3,3.0,1.0,wiki_B,native,always_compile_evict,6925825671.1,0.999904,4.2,14.1,3620.7,2012.7,3858.7,12928.8,1414.9,0.011,0.0,0.0,always_compile_evict,1.0
h=0.1/q0=0.4/p=1/r=1/sig=0.3/cf=1,D_sigma,0.1,0.4,1.0,1.0,0.3,3.0,1.0,wiki_B,native,ours_noinflate,6926490349.0,1.0,4.2,14.1,3603.7,2007.2,3846.1,12890.6,1406.2,0.011,0.0,0.0,always_compile_evict,1.0
h=0.1/q0=0.4/p=1/r=1/sig=0.3/cf=1,D_sigma,0.1,0.4,1.0,1.0,0.3,3.0,1.0,wiki_B,native,oracle_tax,7365714799.3,1.063412,26.8,27.1,65.4,38.6,75.2,253.7,19.1,0.005,0.0,0.0,always_compile_evict,1.0
h=0.1/q0=0.4/p=1/r=1/sig=0.3/cf=1,D_sigma,0.1,0.4,1.0,1.0,0.3,3.0,1.0,wiki_B,native,ours_spend_cap,6926490349.0,1.0,4.2,14.1,3603.7,2007.2,3846.1,12890.6,1406.2,0.011,0.0,0.0,always_compile_evict,1.0
h=0.1/q0=0.4/p=1/r=1/sig=0.3/cf=1,D_sigma,0.1,0.4,1.0,1.0,0.3,3.0,1.0,wiki_B,native,ours_pi_prior,6933821057.0,1.001058,4.2,13.3,3419.7,1961.0,3762.4,12611.8,1371.2,0.011,0.0,0.0,always_compile_evict,1.0
h=0.1/q0=0.4/p=1/r=1/sig=0.3/cf=1,D_sigma,0.1,0.4,1.0,1.0,0.3,3.0,1.0,wiki_B,native,ours_both,6933821057.0,1.001058,4.2,13.3,3419.7,1961.0,3762.4,12611.8,1371.2,0.011,0.0,0.0,always_compile_evict,1.0
h=0.1/q0=0.4/p=1/r=1/sig=0.3/cf=1,D_sigma,0.1,0.4,1.0,1.0,0.3,3.0,1.0,wiki_B,native,breakeven,7353984009.6,1.061719,0.0,4.0,1696.2,175.1,345.6,1144.8,489.9,0.005,0.0,0.0,always_compile_evict,1.0
h=0.1/q0=0.4/p=1/r=1/sig=0.3/cf=1,D_sigma,0.1,0.4,1.0,1.0,0.3,3.0,1.0,wiki_B,native,breakeven_cap,7353984009.6,1.061719,0.0,4.0,1696.2,175.1,345.6,1144.8,489.9,0.005,0.0,0.0,always_compile_evict,1.0
h=0.1/q0=0.4/p=1/r=1/sig=0.3/cf=1,D_sigma,0.1,0.4,1.0,1.0,0.3,3.0,1.0,wiki_B,native,offline_taxblind,6499897224.982,0.938411,,,,,,,,,,,always_compile_evict,1.0
h=0.1/q0=0.4/p=1/r=1/sig=0.3/cf=1,D_sigma,0.1,0.4,1.0,1.0,0.3,3.0,1.0,wiki_B,native,offline_opt_tax,6513908068.788,0.940434,,,,,,,,,,,always_compile_evict,1.0
h=0.1/q0=0.4/p=1/r=1/sig=0/cf=1,A_core,0.1,0.4,1.0,1.0,0.0,1.0,1.0,bpi2019,autorpa_233k,always_reactive,19497801224.0,1.163073,0.0,0.0,0.0,0.0,0.0,0.0,0.0,0.005,0.0,0.0,always_compile_evict,1.0
h=0.1/q0=0.4/p=1/r=1/sig=0/cf=1,A_core,0.1,0.4,1.0,1.0,0.0,1.0,1.0,bpi2019,autorpa_233k,always_compile_evict,16560714319.4,0.987871,42.1,69.4,25427.8,23721.6,0.0,109003.5,25075.4,0.062,0.0,0.0,always_compile_evict,1.0
h=0.1/q0=0.4/p=1/r=1/sig=0/cf=1,A_core,0.1,0.4,1.0,1.0,0.0,1.0,1.0,bpi2019,autorpa_233k,ours_noinflate,16764038273.8,1.0,11.6,22.9,10997.2,10781.2,0.0,49651.4,10883.6,0.019,0.0,0.0,always_compile_evict,1.0
h=0.1/q0=0.4/p=1/r=1/sig=0/cf=1,A_core,0.1,0.4,1.0,1.0,0.0,1.0,1.0,bpi2019,autorpa_233k,oracle_tax,19469005526.7,1.161355,11.5,18.1,186.4,174.9,0.0,780.4,109.8,0.005,0.0,0.0,always_compile_evict,1.0
h=0.1/q0=0.4/p=1/r=1/sig=0/cf=1,A_core,0.1,0.4,1.0,1.0,0.0,1.0,1.0,bpi2019,autorpa_233k,ours_spend_cap,16764038273.8,1.0,11.6,22.9,10997.2,10781.2,0.0,49651.4,10883.6,0.019,0.0,0.0,always_compile_evict,1.0
h=0.1/q0=0.4/p=1/r=1/sig=0/cf=1,A_core,0.1,0.4,1.0,1.0,0.0,1.0,1.0,bpi2019,autorpa_233k,ours_pi_prior,18472480704.5,1.101911,15.3,24.0,5890.4,5553.1,0.0,25556.2,5772.8,0.02,0.0,0.0,always_compile_evict,1.0
h=0.1/q0=0.4/p=1/r=1/sig=0/cf=1,A_core,0.1,0.4,1.0,1.0,0.0,1.0,1.0,bpi2019,autorpa_233k,ours_both,18472480704.5,1.101911,15.3,24.0,5890.4,5553.1,0.0,25556.2,5772.8,0.02,0.0,0.0,always_compile_evict,1.0
h=0.1/q0=0.4/p=1/r=1/sig=0/cf=1,A_core,0.1,0.4,1.0,1.0,0.0,1.0,1.0,bpi2019,autorpa_233k,breakeven,19590589364.3,1.168608,0.0,6.4,800.9,303.6,0.0,1347.4,684.9,0.006,0.0,0.0,always_compile_evict,1.0
h=0.1/q0=0.4/p=1/r=1/sig=0/cf=1,A_core,0.1,0.4,1.0,1.0,0.0,1.0,1.0,bpi2019,autorpa_233k,breakeven_cap,19590589364.3,1.168608,0.0,6.4,800.9,303.6,0.0,1347.4,684.9,0.006,0.0,0.0,always_compile_evict,1.0
h=0.1/q0=0.4/p=1/r=1/sig=0/cf=1,A_core,0.1,0.4,1.0,1.0,0.0,1.0,1.0,bpi2019,autorpa_233k,offline_taxblind,15319929420.942,0.913857,,,,,,,,,,,always_compile_evict,1.0
h=0.1/q0=0.4/p=1/r=1/sig=0/cf=1,A_core,0.1,0.4,1.0,1.0,0.0,1.0,1.0,bpi2019,autorpa_233k,offline_opt_tax,15624599416.847,0.932031,,,,,,,,,,,always_compile_evict,1.0
h=0.1/q0=0.4/p=1/r=1/sig=0/cf=1,A_core,0.1,0.4,1.0,1.0,0.0,1.0,1.0,bpi2019,native,always_reactive,19497801224.0,1.916636,0.0,0.0,0.0,0.0,0.0,0.0,0.0,0.005,0.0,0.0,always_compile_evict,1.0
h=0.1/q0=0.4/p=1/r=1/sig=0/cf=1,A_core,0.1,0.4,1.0,1.0,0.0,1.0,1.0,bpi2019,native,always_compile_evict,10169489266.0,0.999662,3.8,17.3,25427.8,23721.6,0.0,109003.5,19396.2,0.019,0.0,0.0,always_compile_evict,1.0
h=0.1/q0=0.4/p=1/r=1/sig=0/cf=1,A_core,0.1,0.4,1.0,1.0,0.0,1.0,1.0,bpi2019,native,ours_noinflate,10172928444.6,1.0,3.9,17.4,25388.3,23707.3,0.0,108942.0,19396.9,0.019,0.0,0.0,always_compile_evict,1.0
h=0.1/q0=0.4/p=1/r=1/sig=0/cf=1,A_core,0.1,0.4,1.0,1.0,0.0,1.0,1.0,bpi2019,native,oracle_tax,19357140499.9,1.902809,49.2,49.5,432.6,383.4,0.0,1753.8,232.6,0.005,0.0,0.0,always_compile_evict,1.0
h=0.1/q0=0.4/p=1/r=1/sig=0/cf=1,A_core,0.1,0.4,1.0,1.0,0.0,1.0,1.0,bpi2019,native,ours_spend_cap,10172928444.6,1.0,3.9,17.4,25388.3,23707.3,0.0,108942.0,19396.9,0.019,0.0,0.0,always_compile_evict,1.0
h=0.1/q0=0.4/p=1/r=1/sig=0/cf=1,A_core,0.1,0.4,1.0,1.0,0.0,1.0,1.0,bpi2019,native,ours_pi_prior,10180036901.9,1.000699,3.9,17.3,25335.4,23683.0,0.0,108845.5,19394.1,0.019,0.0,0.0,always_compile_evict,1.0
h=0.1/q0=0.4/p=1/r=1/sig=0/cf=1,A_core,0.1,0.4,1.0,1.0,0.0,1.0,1.0,bpi2019,native,ours_both,10180036901.9,1.000699,3.9,17.3,25335.4,23683.0,0.0,108845.5,19394.1,0.019,0.0,0.0,always_compile_evict,1.0
h=0.1/q0=0.4/p=1/r=1/sig=0/cf=1,A_core,0.1,0.4,1.0,1.0,0.0,1.0,1.0,bpi2019,native,breakeven,19322715389.3,1.899425,0.0,5.1,2373.7,562.5,0.0,2535.7,3.2,0.005,0.0,0.0,always_compile_evict,1.0
h=0.1/q0=0.4/p=1/r=1/sig=0/cf=1,A_core,0.1,0.4,1.0,1.0,0.0,1.0,1.0,bpi2019,native,breakeven_cap,19322715389.3,1.899425,0.0,5.1,2373.7,562.5,0.0,2535.7,3.2,0.005,0.0,0.0,always_compile_evict,1.0
h=0.1/q0=0.4/p=1/r=1/sig=0/cf=1,A_core,0.1,0.4,1.0,1.0,0.0,1.0,1.0,bpi2019,native,offline_taxblind,9629388297.423,0.94657,,,,,,,,,,,always_compile_evict,1.0
h=0.1/q0=0.4/p=1/r=1/sig=0/cf=1,A_core,0.1,0.4,1.0,1.0,0.0,1.0,1.0,bpi2019,native,offline_opt_tax,9718057843.347,0.955286,,,,,,,,,,,always_compile_evict,1.0
h=0.1/q0=0.4/p=1/r=1/sig=0/cf=1,A_core,0.1,0.4,1.0,1.0,0.0,1.0,1.0,sepsis,autorpa_233k,always_reactive,77101119.0,0.998821,0.0,0.0,0.0,0.0,0.0,0.0,0.0,0.005,0.0,0.0,ours_pi_prior,0.952852
h=0.1/q0=0.4/p=1/r=1/sig=0/cf=1,A_core,0.1,0.4,1.0,1.0,0.0,1.0,1.0,sepsis,autorpa_233k,always_compile_evict,80889743.0,1.047901,16.9,18.5,36.6,12.8,0.0,64.2,31.0,0.016,0.0,0.0,ours_pi_prior,0.952852
h=0.1/q0=0.4/p=1/r=1/sig=0/cf=1,A_core,0.1,0.4,1.0,1.0,0.0,1.0,1.0,sepsis,autorpa_233k,ours_noinflate,77192167.1,1.0,2.1,2.8,4.8,2.1,0.0,11.1,3.2,0.006,0.0,0.0,ours_pi_prior,0.952852
h=0.1/q0=0.4/p=1/r=1/sig=0/cf=1,A_core,0.1,0.4,1.0,1.0,0.0,1.0,1.0,sepsis,autorpa_233k,oracle_tax,76214256.5,0.987331,2.4,4.9,10.0,7.6,0.0,37.0,4.5,0.009,0.0,0.0,ours_pi_prior,0.952852
h=0.1/q0=0.4/p=1/r=1/sig=0/cf=1,A_core,0.1,0.4,1.0,1.0,0.0,1.0,1.0,sepsis,autorpa_233k,ours_spend_cap,77192167.1,1.0,2.1,2.8,4.8,2.1,0.0,11.1,3.2,0.006,0.0,0.0,ours_pi_prior,0.952852
h=0.1/q0=0.4/p=1/r=1/sig=0/cf=1,A_core,0.1,0.4,1.0,1.0,0.0,1.0,1.0,sepsis,autorpa_233k,ours_pi_prior,77075975.2,0.998495,1.9,2.0,3.7,1.8,0.0,10.9,1.9,0.006,0.0,0.0,ours_pi_prior,0.952852
h=0.1/q0=0.4/p=1/r=1/sig=0/cf=1,A_core,0.1,0.4,1.0,1.0,0.0,1.0,1.0,sepsis,autorpa_233k,ours_both,77075975.2,0.998495,1.9,2.0,3.7,1.8,0.0,10.9,1.9,0.006,0.0,0.0,ours_pi_prior,0.952852
h=0.1/q0=0.4/p=1/r=1/sig=0/cf=1,A_core,0.1,0.4,1.0,1.0,0.0,1.0,1.0,sepsis,autorpa_233k,breakeven,77426388.5,1.003034,1.7,3.7,5.8,2.5,0.0,14.0,4.3,0.006,0.0,0.0,ours_pi_prior,0.952852
h=0.1/q0=0.4/p=1/r=1/sig=0/cf=1,A_core,0.1,0.4,1.0,1.0,0.0,1.0,1.0,sepsis,autorpa_233k,breakeven_cap,77426388.5,1.003034,1.7,3.7,5.8,2.5,0.0,14.0,4.3,0.006,0.0,0.0,ours_pi_prior,0.952852
h=0.1/q0=0.4/p=1/r=1/sig=0/cf=1,A_core,0.1,0.4,1.0,1.0,0.0,1.0,1.0,sepsis,autorpa_233k,offline_taxblind,75899175.34,0.98325,,,,,,,,,,,ours_pi_prior,0.952852
h=0.1/q0=0.4/p=1/r=1/sig=0/cf=1,A_core,0.1,0.4,1.0,1.0,0.0,1.0,1.0,sepsis,autorpa_233k,offline_opt_tax,76226139.046,0.987485,,,,,,,,,,,ours_pi_prior,0.952852
h=0.1/q0=0.4/p=1/r=1/sig=0/cf=1,A_core,0.1,0.4,1.0,1.0,0.0,1.0,1.0,sepsis,native,always_reactive,77101119.0,1.065561,0.0,0.0,0.0,0.0,0.0,0.0,0.0,0.005,0.0,0.0,always_compile_evict,1.0
h=0.1/q0=0.4/p=1/r=1/sig=0/cf=1,A_core,0.1,0.4,1.0,1.0,0.0,1.0,1.0,sepsis,native,always_compile_evict,72357272.5,1.0,3.2,9.4,36.6,12.8,0.0,64.2,1.3,0.01,0.0,0.0,always_compile_evict,1.0
h=0.1/q0=0.4/p=1/r=1/sig=0/cf=1,A_core,0.1,0.4,1.0,1.0,0.0,1.0,1.0,sepsis,native,ours_noinflate,72357272.5,1.0,3.2,9.4,36.6,12.8,0.0,64.2,1.3,0.01,0.0,0.0,always_compile_evict,1.0
h=0.1/q0=0.4/p=1/r=1/sig=0/cf=1,A_core,0.1,0.4,1.0,1.0,0.0,1.0,1.0,sepsis,native,oracle_tax,72936920.2,1.008011,18.0,18.7,30.0,12.0,0.0,58.4,2.4,0.015,0.0,0.0,always_compile_evict,1.0
h=0.1/q0=0.4/p=1/r=1/sig=0/cf=1,A_core,0.1,0.4,1.0,1.0,0.0,1.0,1.0,sepsis,native,ours_spend_cap,72357272.5,1.0,3.2,9.4,36.6,12.8,0.0,64.2,1.3,0.01,0.0,0.0,always_compile_evict,1.0
h=0.1/q0=0.4/p=1/r=1/sig=0/cf=1,A_core,0.1,0.4,1.0,1.0,0.0,1.0,1.0,sepsis,native,ours_pi_prior,72379128.7,1.000302,3.2,9.4,36.3,12.7,0.0,63.7,1.3,0.01,0.0,0.0,always_compile_evict,1.0
h=0.1/q0=0.4/p=1/r=1/sig=0/cf=1,A_core,0.1,0.4,1.0,1.0,0.0,1.0,1.0,sepsis,native,ours_both,72379128.7,1.000302,3.2,9.4,36.3,12.7,0.0,63.7,1.3,0.01,0.0,0.0,always_compile_evict,1.0
h=0.1/q0=0.4/p=1/r=1/sig=0/cf=1,A_core,0.1,0.4,1.0,1.0,0.0,1.0,1.0,sepsis,native,breakeven,76080661.0,1.051458,0.0,4.7,29.4,3.4,0.0,17.8,0.0,0.006,0.0,0.0,always_compile_evict,1.0
h=0.1/q0=0.4/p=1/r=1/sig=0/cf=1,A_core,0.1,0.4,1.0,1.0,0.0,1.0,1.0,sepsis,native,breakeven_cap,76080661.0,1.051458,0.0,4.7,29.4,3.4,0.0,17.8,0.0,0.006,0.0,0.0,always_compile_evict,1.0
h=0.1/q0=0.4/p=1/r=1/sig=0/cf=1,A_core,0.1,0.4,1.0,1.0,0.0,1.0,1.0,sepsis,native,offline_taxblind,48644774.34,0.672286,,,,,,,,,,,always_compile_evict,1.0
h=0.1/q0=0.4/p=1/r=1/sig=0/cf=1,A_core,0.1,0.4,1.0,1.0,0.0,1.0,1.0,sepsis,native,offline_opt_tax,49018158.236,0.677446,,,,,,,,,,,always_compile_evict,1.0
h=0.1/q0=0.4/p=1/r=1/sig=0/cf=1,A_core,0.1,0.4,1.0,1.0,0.0,1.0,1.0,wiki_A,autorpa_233k,always_reactive,5261420180.0,1.187323,0.0,0.0,0.0,0.0,0.0,0.0,0.0,0.005,0.0,0.0,always_compile_evict,1.0
h=0.1/q0=0.4/p=1/r=1/sig=0/cf=1,A_core,0.1,0.4,1.0,1.0,0.0,1.0,1.0,wiki_A,autorpa_233k,always_compile_evict,4175676705.5,0.942308,9.1,41.6,6543.9,6259.2,0.0,28790.1,6170.2,0.024,0.0,0.0,always_compile_evict,1.0
h=0.1/q0=0.4/p=1/r=1/sig=0/cf=1,A_core,0.1,0.4,1.0,1.0,0.0,1.0,1.0,wiki_A,autorpa_233k,ours_noinflate,4431331126.0,1.0,3.8,8.7,3102.0,3068.2,0.0,14132.0,2969.0,0.01,0.0,0.0,always_compile_evict,1.0
h=0.1/q0=0.4/p=1/r=1/sig=0/cf=1,A_core,0.1,0.4,1.0,1.0,0.0,1.0,1.0,wiki_A,autorpa_233k,oracle_tax,5207244649.1,1.175097,1.5,3.5,207.0,205.5,0.0,942.6,124.6,0.005,0.0,0.0,always_compile_evict,1.0
h=0.1/q0=0.4/p=1/r=1/sig=0/cf=1,A_core,0.1,0.4,1.0,1.0,0.0,1.0,1.0,wiki_A,autorpa_233k,ours_spend_cap,4431331126.0,1.0,3.8,8.7,3102.0,3068.2,0.0,14132.0,2969.0,0.01,0.0,0.0,always_compile_evict,1.0
h=0.1/q0=0.4/p=1/r=1/sig=0/cf=1,A_core,0.1,0.4,1.0,1.0,0.0,1.0,1.0,wiki_A,autorpa_233k,ours_pi_prior,4313128223.2,0.973326,1.9,9.4,4626.1,4575.0,0.0,21049.6,4444.4,0.009,0.0,0.0,always_compile_evict,1.0
h=0.1/q0=0.4/p=1/r=1/sig=0/cf=1,A_core,0.1,0.4,1.0,1.0,0.0,1.0,1.0,wiki_A,autorpa_233k,ours_both,4313128223.2,0.973326,1.9,9.4,4626.1,4575.0,0.0,21049.6,4444.4,0.009,0.0,0.0,always_compile_evict,1.0
h=0.1/q0=0.4/p=1/r=1/sig=0/cf=1,A_core,0.1,0.4,1.0,1.0,0.0,1.0,1.0,wiki_A,autorpa_233k,breakeven,5068692122.1,1.143831,0.0,6.6,1498.4,1408.7,0.0,6411.7,1240.7,0.006,0.0,0.0,always_compile_evict,1.0
h=0.1/q0=0.4/p=1/r=1/sig=0/cf=1,A_core,0.1,0.4,1.0,1.0,0.0,1.0,1.0,wiki_A,autorpa_233k,breakeven_cap,5068692122.1,1.143831,0.0,6.6,1498.4,1408.7,0.0,6411.7,1240.7,0.006,0.0,0.0,always_compile_evict,1.0
h=0.1/q0=0.4/p=1/r=1/sig=0/cf=1,A_core,0.1,0.4,1.0,1.0,0.0,1.0,1.0,wiki_A,autorpa_233k,offline_taxblind,4050889367.914,0.914147,,,,,,,,,,,always_compile_evict,1.0
h=0.1/q0=0.4/p=1/r=1/sig=0/cf=1,A_core,0.1,0.4,1.0,1.0,0.0,1.0,1.0,wiki_A,autorpa_233k,offline_opt_tax,4083753358.453,0.921564,,,,,,,,,,,always_compile_evict,1.0
h=0.1/q0=0.4/p=1/r=1/sig=0/cf=1,A_core,0.1,0.4,1.0,1.0,0.0,1.0,1.0,wiki_A,native,always_reactive,5261420180.0,1.957242,0.0,0.0,0.0,0.0,0.0,0.0,0.0,0.005,0.0,0.0,always_compile_evict,1.0
h=0.1/q0=0.4/p=1/r=1/sig=0/cf=1,A_core,0.1,0.4,1.0,1.0,0.0,1.0,1.0,wiki_A,native,always_compile_evict,2688054382.0,0.999953,3.8,12.4,6543.9,6259.2,0.0,28790.1,5302.6,0.016,0.0,0.0,always_compile_evict,1.0
h=0.1/q0=0.4/p=1/r=1/sig=0/cf=1,A_core,0.1,0.4,1.0,1.0,0.0,1.0,1.0,wiki_A,native,ours_noinflate,2688181270.2,1.0,3.8,12.4,6542.7,6258.6,0.0,28787.8,5302.4,0.016,0.0,0.0,always_compile_evict,1.0
h=0.1/q0=0.4/p=1/r=1/sig=0/cf=1,A_core,0.1,0.4,1.0,1.0,0.0,1.0,1.0,wiki_A,native,oracle_tax,5060443542.5,1.882479,10.9,11.4,479.5,468.6,0.0,2118.1,260.2,0.005,0.0,0.0,always_compile_evict,1.0
h=0.1/q0=0.4/p=1/r=1/sig=0/cf=1,A_core,0.1,0.4,1.0,1.0,0.0,1.0,1.0,wiki_A,native,ours_spend_cap,2688181270.2,1.0,3.8,12.4,6542.7,6258.6,0.0,28787.8,5302.4,0.016,0.0,0.0,always_compile_evict,1.0
h=0.1/q0=0.4/p=1/r=1/sig=0/cf=1,A_core,0.1,0.4,1.0,1.0,0.0,1.0,1.0,wiki_A,native,ours_pi_prior,2688918769.2,1.000274,3.6,12.4,6537.3,6257.1,0.0,28777.2,5301.3,0.016,0.0,0.0,always_compile_evict,1.0
h=0.1/q0=0.4/p=1/r=1/sig=0/cf=1,A_core,0.1,0.4,1.0,1.0,0.0,1.0,1.0,wiki_A,native,ours_both,2688918769.2,1.000274,3.6,12.4,6537.3,6257.1,0.0,28777.2,5301.3,0.016,0.0,0.0,always_compile_evict,1.0
h=0.1/q0=0.4/p=1/r=1/sig=0/cf=1,A_core,0.1,0.4,1.0,1.0,0.0,1.0,1.0,wiki_A,native,breakeven,4646079778.7,1.728336,0.0,5.0,1982.7,1681.5,0.0,7691.0,1237.1,0.006,0.0,0.0,always_compile_evict,1.0
h=0.1/q0=0.4/p=1/r=1/sig=0/cf=1,A_core,0.1,0.4,1.0,1.0,0.0,1.0,1.0,wiki_A,native,breakeven_cap,4646079778.7,1.728336,0.0,5.0,1982.7,1681.5,0.0,7691.0,1237.1,0.006,0.0,0.0,always_compile_evict,1.0
h=0.1/q0=0.4/p=1/r=1/sig=0/cf=1,A_core,0.1,0.4,1.0,1.0,0.0,1.0,1.0,wiki_A,native,offline_taxblind,2584536911.381,0.961444,,,,,,,,,,,always_compile_evict,1.0
h=0.1/q0=0.4/p=1/r=1/sig=0/cf=1,A_core,0.1,0.4,1.0,1.0,0.0,1.0,1.0,wiki_A,native,offline_opt_tax,2599517242.285,0.967017,,,,,,,,,,,always_compile_evict,1.0
h=0.1/q0=0.4/p=1/r=1/sig=0/cf=1,A_core,0.1,0.4,1.0,1.0,0.0,1.0,1.0,wiki_B,autorpa_233k,always_reactive,7373315056.0,1.011246,0.0,0.0,0.0,0.0,0.0,0.0,0.0,0.005,0.0,0.0,ours_noinflate,0.942629
h=0.1/q0=0.4/p=1/r=1/sig=0/cf=1,A_core,0.1,0.4,1.0,1.0,0.0,1.0,1.0,wiki_B,autorpa_233k,always_compile_evict,7735089381.7,1.060863,58.5,76.8,4417.2,2859.2,0.0,12928.8,4241.3,0.062,0.0,0.0,ours_noinflate,0.942629
h=0.1/q0=0.4/p=1/r=1/sig=0/cf=1,A_core,0.1,0.4,1.0,1.0,0.0,1.0,1.0,wiki_B,autorpa_233k,ours_noinflate,7291318328.2,1.0,14.3,20.4,826.0,705.9,0.0,3213.5,785.9,0.017,0.0,0.0,ours_noinflate,0.942629
h=0.1/q0=0.4/p=1/r=1/sig=0/cf=1,A_core,0.1,0.4,1.0,1.0,0.0,1.0,1.0,wiki_B,autorpa_233k,oracle_tax,7369080729.5,1.010665,3.8,6.0,43.2,39.4,0.0,178.0,25.5,0.005,0.0,0.0,ours_noinflate,0.942629
h=0.1/q0=0.4/p=1/r=1/sig=0/cf=1,A_core,0.1,0.4,1.0,1.0,0.0,1.0,1.0,wiki_B,autorpa_233k,ours_spend_cap,7291318328.2,1.0,14.3,20.4,826.0,705.9,0.0,3213.5,785.9,0.017,0.0,0.0,ours_noinflate,0.942629
h=0.1/q0=0.4/p=1/r=1/sig=0/cf=1,A_core,0.1,0.4,1.0,1.0,0.0,1.0,1.0,wiki_B,autorpa_233k,ours_pi_prior,7339327745.9,1.006584,16.6,23.0,995.0,789.6,0.0,3589.0,951.6,0.019,0.0,0.0,ours_noinflate,0.942629
h=0.1/q0=0.4/p=1/r=1/sig=0/cf=1,A_core,0.1,0.4,1.0,1.0,0.0,1.0,1.0,wiki_B,autorpa_233k,ours_both,7339327745.9,1.006584,16.6,23.0,995.0,789.6,0.0,3589.0,951.6,0.019,0.0,0.0,ours_noinflate,0.942629
h=0.1/q0=0.4/p=1/r=1/sig=0/cf=1,A_core,0.1,0.4,1.0,1.0,0.0,1.0,1.0,wiki_B,autorpa_233k,breakeven,7432407561.7,1.01935,1.3,7.9,497.6,195.2,0.0,889.0,438.6,0.007,0.0,0.0,ours_noinflate,0.942629
h=0.1/q0=0.4/p=1/r=1/sig=0/cf=1,A_core,0.1,0.4,1.0,1.0,0.0,1.0,1.0,wiki_B,autorpa_233k,breakeven_cap,7432407561.7,1.01935,1.3,7.9,497.6,195.2,0.0,889.0,438.6,0.007,0.0,0.0,ours_noinflate,0.942629
h=0.1/q0=0.4/p=1/r=1/sig=0/cf=1,A_core,0.1,0.4,1.0,1.0,0.0,1.0,1.0,wiki_B,autorpa_233k,offline_taxblind,7009525478.997,0.961352,,,,,,,,,,,ours_noinflate,0.942629
h=0.1/q0=0.4/p=1/r=1/sig=0/cf=1,A_core,0.1,0.4,1.0,1.0,0.0,1.0,1.0,wiki_B,autorpa_233k,offline_opt_tax,7124970864.764,0.977186,,,,,,,,,,,ours_noinflate,0.942629
h=0.1/q0=0.4/p=1/r=1/sig=0/cf=1,A_core,0.1,0.4,1.0,1.0,0.0,1.0,1.0,wiki_B,native,always_reactive,7373315056.0,1.157948,0.0,0.0,0.0,0.0,0.0,0.0,0.0,0.005,0.0,0.0,always_compile_evict,1.0
h=0.1/q0=0.4/p=1/r=1/sig=0/cf=1,A_core,0.1,0.4,1.0,1.0,0.0,1.0,1.0,wiki_B,native,always_compile_evict,6367482425.2,0.999986,3.7,14.0,4417.2,2859.2,0.0,12928.8,1345.0,0.012,0.0,0.0,always_compile_evict,1.0
h=0.1/q0=0.4/p=1/r=1/sig=0/cf=1,A_core,0.1,0.4,1.0,1.0,0.0,1.0,1.0,wiki_B,native,ours_noinflate,6367572641.1,1.0,3.7,14.0,4415.5,2858.8,0.0,12926.9,1344.4,0.012,0.0,0.0,always_compile_evict,1.0
h=0.1/q0=0.4/p=1/r=1/sig=0/cf=1,A_core,0.1,0.4,1.0,1.0,0.0,1.0,1.0,wiki_B,native,oracle_tax,7340775610.3,1.152837,61.3,61.9,174.7,113.4,0.0,509.0,68.3,0.006,0.0,0.0,always_compile_evict,1.0
h=0.1/q0=0.4/p=1/r=1/sig=0/cf=1,A_core,0.1,0.4,1.0,1.0,0.0,1.0,1.0,wiki_B,native,ours_spend_cap,6367572641.1,1.0,3.7,14.0,4415.5,2858.8,0.0,12926.9,1344.4,0.012,0.0,0.0,always_compile_evict,1.0
h=0.1/q0=0.4/p=1/r=1/sig=0/cf=1,A_core,0.1,0.4,1.0,1.0,0.0,1.0,1.0,wiki_B,native,ours_pi_prior,6369475965.8,1.000299,3.7,14.0,4392.6,2849.6,0.0,12889.8,1344.2,0.012,0.0,0.0,always_compile_evict,1.0
h=0.1/q0=0.4/p=1/r=1/sig=0/cf=1,A_core,0.1,0.4,1.0,1.0,0.0,1.0,1.0,wiki_B,native,ours_both,6369475965.8,1.000299,3.7,14.0,4392.6,2849.6,0.0,12889.8,1344.2,0.012,0.0,0.0,always_compile_evict,1.0
h=0.1/q0=0.4/p=1/r=1/sig=0/cf=1,A_core,0.1,0.4,1.0,1.0,0.0,1.0,1.0,wiki_B,native,breakeven,7298271372.7,1.146162,0.0,4.8,1956.8,282.1,0.0,1282.0,8.7,0.006,0.0,0.0,always_compile_evict,1.0
h=0.1/q0=0.4/p=1/r=1/sig=0/cf=1,A_core,0.1,0.4,1.0,1.0,0.0,1.0,1.0,wiki_B,native,breakeven_cap,7298271372.7,1.146162,0.0,4.8,1956.8,282.1,0.0,1282.0,8.7,0.006,0.0,0.0,always_compile_evict,1.0
h=0.1/q0=0.4/p=1/r=1/sig=0/cf=1,A_core,0.1,0.4,1.0,1.0,0.0,1.0,1.0,wiki_B,native,offline_taxblind,4492307465.063,0.705498,,,,,,,,,,,always_compile_evict,1.0
h=0.1/q0=0.4/p=1/r=1/sig=0/cf=1,A_core,0.1,0.4,1.0,1.0,0.0,1.0,1.0,wiki_B,native,offline_opt_tax,4507664897.301,0.707909,,,,,,,,,,,always_compile_evict,1.0
h=0.1/q0=0.4/p=1/r=2.2/sig=0/cf=1,C_rfb,0.1,0.4,1.0,2.2,0.0,1.0,1.0,bpi2019,autorpa_233k,always_reactive,19497801224.0,1.0,0.0,0.0,0.0,0.0,0.0,0.0,0.0,0.005,0.0,0.0,always_reactive,0.73099
h=0.1/q0=0.4/p=1/r=2.2/sig=0/cf=1,C_rfb,0.1,0.4,1.0,2.2,0.0,1.0,1.0,bpi2019,autorpa_233k,always_compile_evict,26673134953.291,1.368007,42.1,69.4,25427.8,23721.6,0.0,109003.5,25427.8,0.039,0.0,0.0,always_reactive,0.73099
h=0.1/q0=0.4/p=1/r=2.2/sig=0/cf=1,C_rfb,0.1,0.4,1.0,2.2,0.0,1.0,1.0,bpi2019,autorpa_233k,ours_noinflate,19497801224.0,1.0,0.0,0.0,0.0,0.0,0.0,0.0,0.0,0.005,0.0,0.0,always_reactive,0.73099
h=0.1/q0=0.4/p=1/r=2.2/sig=0/cf=1,C_rfb,0.1,0.4,1.0,2.2,0.0,1.0,1.0,bpi2019,autorpa_233k,oracle_tax,19497801224.0,1.0,0.0,0.0,0.0,0.0,0.0,0.0,0.0,0.005,0.0,0.0,always_reactive,0.73099
h=0.1/q0=0.4/p=1/r=2.2/sig=0/cf=1,C_rfb,0.1,0.4,1.0,2.2,0.0,1.0,1.0,bpi2019,autorpa_233k,ours_spend_cap,19497801224.0,1.0,0.0,0.0,0.0,0.0,0.0,0.0,0.0,0.005,0.0,0.0,always_reactive,0.73099
h=0.1/q0=0.4/p=1/r=2.2/sig=0/cf=1,C_rfb,0.1,0.4,1.0,2.2,0.0,1.0,1.0,bpi2019,autorpa_233k,ours_pi_prior,19497801224.0,1.0,0.0,0.0,0.0,0.0,0.0,0.0,0.0,0.005,0.0,0.0,always_reactive,0.73099
h=0.1/q0=0.4/p=1/r=2.2/sig=0/cf=1,C_rfb,0.1,0.4,1.0,2.2,0.0,1.0,1.0,bpi2019,autorpa_233k,ours_both,19497801224.0,1.0,0.0,0.0,0.0,0.0,0.0,0.0,0.0,0.005,0.0,0.0,always_reactive,0.73099
h=0.1/q0=0.4/p=1/r=2.2/sig=0/cf=1,C_rfb,0.1,0.4,1.0,2.2,0.0,1.0,1.0,bpi2019,autorpa_233k,breakeven,19497801224.0,1.0,0.0,0.0,0.0,0.0,0.0,0.0,0.0,0.005,0.0,0.0,always_reactive,0.73099
h=0.1/q0=0.4/p=1/r=2.2/sig=0/cf=1,C_rfb,0.1,0.4,1.0,2.2,0.0,1.0,1.0,bpi2019,autorpa_233k,breakeven_cap,19497801224.0,1.0,0.0,0.0,0.0,0.0,0.0,0.0,0.0,0.005,0.0,0.0,always_reactive,0.73099
h=0.1/q0=0.4/p=1/r=2.2/sig=0/cf=1,C_rfb,0.1,0.4,1.0,2.2,0.0,1.0,1.0,bpi2019,autorpa_233k,offline_taxblind,19497801224.0,1.0,,,,,,,,,,,always_reactive,0.73099
h=0.1/q0=0.4/p=1/r=2.2/sig=0/cf=1,C_rfb,0.1,0.4,1.0,2.2,0.0,1.0,1.0,bpi2019,autorpa_233k,offline_opt_tax,19497801224.0,1.0,,,,,,,,,,,always_reactive,0.73099
h=0.1/q0=0.4/p=1/r=2.2/sig=0/cf=1,C_rfb,0.1,0.4,1.0,2.2,0.0,1.0,1.0,bpi2019,native,always_reactive,19497801224.0,1.0,0.0,0.0,0.0,0.0,0.0,0.0,0.0,0.005,0.0,0.0,always_reactive,0.96134
h=0.1/q0=0.4/p=1/r=2.2/sig=0/cf=1,C_rfb,0.1,0.4,1.0,2.2,0.0,1.0,1.0,bpi2019,native,always_compile_evict,20281909899.896,1.040215,3.8,17.3,25427.8,23721.6,0.0,109003.5,25427.8,0.01,0.0,0.0,always_reactive,0.96134
h=0.1/q0=0.4/p=1/r=2.2/sig=0/cf=1,C_rfb,0.1,0.4,1.0,2.2,0.0,1.0,1.0,bpi2019,native,ours_noinflate,19497801224.0,1.0,0.0,0.0,0.0,0.0,0.0,0.0,0.0,0.005,0.0,0.0,always_reactive,0.96134
h=0.1/q0=0.4/p=1/r=2.2/sig=0/cf=1,C_rfb,0.1,0.4,1.0,2.2,0.0,1.0,1.0,bpi2019,native,oracle_tax,19497801224.0,1.0,0.0,0.0,0.0,0.0,0.0,0.0,0.0,0.005,0.0,0.0,always_reactive,0.96134
h=0.1/q0=0.4/p=1/r=2.2/sig=0/cf=1,C_rfb,0.1,0.4,1.0,2.2,0.0,1.0,1.0,bpi2019,native,ours_spend_cap,19497801224.0,1.0,0.0,0.0,0.0,0.0,0.0,0.0,0.0,0.005,0.0,0.0,always_reactive,0.96134
h=0.1/q0=0.4/p=1/r=2.2/sig=0/cf=1,C_rfb,0.1,0.4,1.0,2.2,0.0,1.0,1.0,bpi2019,native,ours_pi_prior,19497801224.0,1.0,0.0,0.0,0.0,0.0,0.0,0.0,0.0,0.005,0.0,0.0,always_reactive,0.96134
h=0.1/q0=0.4/p=1/r=2.2/sig=0/cf=1,C_rfb,0.1,0.4,1.0,2.2,0.0,1.0,1.0,bpi2019,native,ours_both,19497801224.0,1.0,0.0,0.0,0.0,0.0,0.0,0.0,0.0,0.005,0.0,0.0,always_reactive,0.96134
h=0.1/q0=0.4/p=1/r=2.2/sig=0/cf=1,C_rfb,0.1,0.4,1.0,2.2,0.0,1.0,1.0,bpi2019,native,breakeven,19497801224.0,1.0,0.0,0.0,0.0,0.0,0.0,0.0,0.0,0.005,0.0,0.0,always_reactive,0.96134
h=0.1/q0=0.4/p=1/r=2.2/sig=0/cf=1,C_rfb,0.1,0.4,1.0,2.2,0.0,1.0,1.0,bpi2019,native,breakeven_cap,19497801224.0,1.0,0.0,0.0,0.0,0.0,0.0,0.0,0.0,0.005,0.0,0.0,always_reactive,0.96134
h=0.1/q0=0.4/p=1/r=2.2/sig=0/cf=1,C_rfb,0.1,0.4,1.0,2.2,0.0,1.0,1.0,bpi2019,native,offline_taxblind,19497801224.0,1.0,,,,,,,,,,,always_reactive,0.96134
h=0.1/q0=0.4/p=1/r=2.2/sig=0/cf=1,C_rfb,0.1,0.4,1.0,2.2,0.0,1.0,1.0,bpi2019,native,offline_opt_tax,19497801224.0,1.0,,,,,,,,,,,always_reactive,0.96134
h=0.1/q0=0.4/p=1/r=2.2/sig=0/cf=1,C_rfb,0.1,0.4,1.0,2.2,0.0,1.0,1.0,sepsis,autorpa_233k,always_reactive,77101119.0,1.0,0.0,0.0,0.0,0.0,0.0,0.0,0.0,0.005,0.0,0.0,always_reactive,0.891263
h=0.1/q0=0.4/p=1/r=2.2/sig=0/cf=1,C_rfb,0.1,0.4,1.0,2.2,0.0,1.0,1.0,sepsis,autorpa_233k,always_compile_evict,86507743.76,1.122004,16.9,18.5,36.6,12.8,0.0,64.2,36.6,0.015,0.0,0.0,always_reactive,0.891263
h=0.1/q0=0.4/p=1/r=2.2/sig=0/cf=1,C_rfb,0.1,0.4,1.0,2.2,0.0,1.0,1.0,sepsis,autorpa_233k,ours_noinflate,77101119.0,1.0,0.0,0.0,0.0,0.0,0.0,0.0,0.0,0.005,0.0,0.0,always_reactive,0.891263
h=0.1/q0=0.4/p=1/r=2.2/sig=0/cf=1,C_rfb,0.1,0.4,1.0,2.2,0.0,1.0,1.0,sepsis,autorpa_233k,oracle_tax,77101119.0,1.0,0.0,0.0,0.0,0.0,0.0,0.0,0.0,0.005,0.0,0.0,always_reactive,0.891263
h=0.1/q0=0.4/p=1/r=2.2/sig=0/cf=1,C_rfb,0.1,0.4,1.0,2.2,0.0,1.0,1.0,sepsis,autorpa_233k,ours_spend_cap,77101119.0,1.0,0.0,0.0,0.0,0.0,0.0,0.0,0.0,0.005,0.0,0.0,always_reactive,0.891263
h=0.1/q0=0.4/p=1/r=2.2/sig=0/cf=1,C_rfb,0.1,0.4,1.0,2.2,0.0,1.0,1.0,sepsis,autorpa_233k,ours_pi_prior,77101119.0,1.0,0.0,0.0,0.0,0.0,0.0,0.0,0.0,0.005,0.0,0.0,always_reactive,0.891263
h=0.1/q0=0.4/p=1/r=2.2/sig=0/cf=1,C_rfb,0.1,0.4,1.0,2.2,0.0,1.0,1.0,sepsis,autorpa_233k,ours_both,77101119.0,1.0,0.0,0.0,0.0,0.0,0.0,0.0,0.0,0.005,0.0,0.0,always_reactive,0.891263
h=0.1/q0=0.4/p=1/r=2.2/sig=0/cf=1,C_rfb,0.1,0.4,1.0,2.2,0.0,1.0,1.0,sepsis,autorpa_233k,breakeven,77101119.0,1.0,0.0,0.0,0.0,0.0,0.0,0.0,0.0,0.005,0.0,0.0,always_reactive,0.891263
h=0.1/q0=0.4/p=1/r=2.2/sig=0/cf=1,C_rfb,0.1,0.4,1.0,2.2,0.0,1.0,1.0,sepsis,autorpa_233k,breakeven_cap,77101119.0,1.0,0.0,0.0,0.0,0.0,0.0,0.0,0.0,0.005,0.0,0.0,always_reactive,0.891263
h=0.1/q0=0.4/p=1/r=2.2/sig=0/cf=1,C_rfb,0.1,0.4,1.0,2.2,0.0,1.0,1.0,sepsis,autorpa_233k,offline_taxblind,77101119.0,1.0,,,,,,,,,,,always_reactive,0.891263
h=0.1/q0=0.4/p=1/r=2.2/sig=0/cf=1,C_rfb,0.1,0.4,1.0,2.2,0.0,1.0,1.0,sepsis,autorpa_233k,offline_opt_tax,77101119.0,1.0,,,,,,,,,,,always_reactive,0.891263
h=0.1/q0=0.4/p=1/r=2.2/sig=0/cf=1,C_rfb,0.1,0.4,1.0,2.2,0.0,1.0,1.0,sepsis,native,always_reactive,77101119.0,1.0,0.0,0.0,0.0,0.0,0.0,0.0,0.0,0.005,0.0,0.0,always_reactive,0.988789
h=0.1/q0=0.4/p=1/r=2.2/sig=0/cf=1,C_rfb,0.1,0.4,1.0,2.2,0.0,1.0,1.0,sepsis,native,always_compile_evict,77975273.26,1.011338,3.2,9.4,36.6,12.8,0.0,64.2,36.6,0.01,0.0,0.0,always_reactive,0.988789
h=0.1/q0=0.4/p=1/r=2.2/sig=0/cf=1,C_rfb,0.1,0.4,1.0,2.2,0.0,1.0,1.0,sepsis,native,ours_noinflate,77101119.0,1.0,0.0,0.0,0.0,0.0,0.0,0.0,0.0,0.005,0.0,0.0,always_reactive,0.988789
h=0.1/q0=0.4/p=1/r=2.2/sig=0/cf=1,C_rfb,0.1,0.4,1.0,2.2,0.0,1.0,1.0,sepsis,native,oracle_tax,77101119.0,1.0,0.0,0.0,0.0,0.0,0.0,0.0,0.0,0.005,0.0,0.0,always_reactive,0.988789
h=0.1/q0=0.4/p=1/r=2.2/sig=0/cf=1,C_rfb,0.1,0.4,1.0,2.2,0.0,1.0,1.0,sepsis,native,ours_spend_cap,77101119.0,1.0,0.0,0.0,0.0,0.0,0.0,0.0,0.0,0.005,0.0,0.0,always_reactive,0.988789
h=0.1/q0=0.4/p=1/r=2.2/sig=0/cf=1,C_rfb,0.1,0.4,1.0,2.2,0.0,1.0,1.0,sepsis,native,ours_pi_prior,77101119.0,1.0,0.0,0.0,0.0,0.0,0.0,0.0,0.0,0.005,0.0,0.0,always_reactive,0.988789
h=0.1/q0=0.4/p=1/r=2.2/sig=0/cf=1,C_rfb,0.1,0.4,1.0,2.2,0.0,1.0,1.0,sepsis,native,ours_both,77101119.0,1.0,0.0,0.0,0.0,0.0,0.0,0.0,0.0,0.005,0.0,0.0,always_reactive,0.988789
h=0.1/q0=0.4/p=1/r=2.2/sig=0/cf=1,C_rfb,0.1,0.4,1.0,2.2,0.0,1.0,1.0,sepsis,native,breakeven,77101119.0,1.0,0.0,0.0,0.0,0.0,0.0,0.0,0.0,0.005,0.0,0.0,always_reactive,0.988789
h=0.1/q0=0.4/p=1/r=2.2/sig=0/cf=1,C_rfb,0.1,0.4,1.0,2.2,0.0,1.0,1.0,sepsis,native,breakeven_cap,77101119.0,1.0,0.0,0.0,0.0,0.0,0.0,0.0,0.0,0.005,0.0,0.0,always_reactive,0.988789
h=0.1/q0=0.4/p=1/r=2.2/sig=0/cf=1,C_rfb,0.1,0.4,1.0,2.2,0.0,1.0,1.0,sepsis,native,offline_taxblind,77101119.0,1.0,,,,,,,,,,,always_reactive,0.988789
h=0.1/q0=0.4/p=1/r=2.2/sig=0/cf=1,C_rfb,0.1,0.4,1.0,2.2,0.0,1.0,1.0,sepsis,native,offline_opt_tax,77101119.0,1.0,,,,,,,,,,,always_reactive,0.988789
h=0.1/q0=0.4/p=1/r=2.2/sig=0/cf=1,C_rfb,0.1,0.4,1.0,2.2,0.0,1.0,1.0,wiki_A,autorpa_233k,always_reactive,5261420180.0,1.0,0.0,0.0,0.0,0.0,0.0,0.0,0.0,0.005,0.0,0.0,always_reactive,0.75756
h=0.1/q0=0.4/p=1/r=2.2/sig=0/cf=1,C_rfb,0.1,0.4,1.0,2.2,0.0,1.0,1.0,wiki_A,autorpa_233k,always_compile_evict,6945215148.379,1.320027,9.1,41.6,6543.9,6259.2,0.0,28790.1,6543.9,0.015,0.0,0.0,always_reactive,0.75756
h=0.1/q0=0.4/p=1/r=2.2/sig=0/cf=1,C_rfb,0.1,0.4,1.0,2.2,0.0,1.0,1.0,wiki_A,autorpa_233k,ours_noinflate,5261420180.0,1.0,0.0,0.0,0.0,0.0,0.0,0.0,0.0,0.005,0.0,0.0,always_reactive,0.75756
h=0.1/q0=0.4/p=1/r=2.2/sig=0/cf=1,C_rfb,0.1,0.4,1.0,2.2,0.0,1.0,1.0,wiki_A,autorpa_233k,oracle_tax,5261420180.0,1.0,0.0,0.0,0.0,0.0,0.0,0.0,0.0,0.005,0.0,0.0,always_reactive,0.75756
h=0.1/q0=0.4/p=1/r=2.2/sig=0/cf=1,C_rfb,0.1,0.4,1.0,2.2,0.0,1.0,1.0,wiki_A,autorpa_233k,ours_spend_cap,5261420180.0,1.0,0.0,0.0,0.0,0.0,0.0,0.0,0.0,0.005,0.0,0.0,always_reactive,0.75756
h=0.1/q0=0.4/p=1/r=2.2/sig=0/cf=1,C_rfb,0.1,0.4,1.0,2.2,0.0,1.0,1.0,wiki_A,autorpa_233k,ours_pi_prior,5261420180.0,1.0,0.0,0.0,0.0,0.0,0.0,0.0,0.0,0.005,0.0,0.0,always_reactive,0.75756
h=0.1/q0=0.4/p=1/r=2.2/sig=0/cf=1,C_rfb,0.1,0.4,1.0,2.2,0.0,1.0,1.0,wiki_A,autorpa_233k,ours_both,5261420180.0,1.0,0.0,0.0,0.0,0.0,0.0,0.0,0.0,0.005,0.0,0.0,always_reactive,0.75756
h=0.1/q0=0.4/p=1/r=2.2/sig=0/cf=1,C_rfb,0.1,0.4,1.0,2.2,0.0,1.0,1.0,wiki_A,autorpa_233k,breakeven,5261420180.0,1.0,0.0,0.0,0.0,0.0,0.0,0.0,0.0,0.005,0.0,0.0,always_reactive,0.75756
h=0.1/q0=0.4/p=1/r=2.2/sig=0/cf=1,C_rfb,0.1,0.4,1.0,2.2,0.0,1.0,1.0,wiki_A,autorpa_233k,breakeven_cap,5261420180.0,1.0,0.0,0.0,0.0,0.0,0.0,0.0,0.0,0.005,0.0,0.0,always_reactive,0.75756
h=0.1/q0=0.4/p=1/r=2.2/sig=0/cf=1,C_rfb,0.1,0.4,1.0,2.2,0.0,1.0,1.0,wiki_A,autorpa_233k,offline_taxblind,5261420180.0,1.0,,,,,,,,,,,always_reactive,0.75756
h=0.1/q0=0.4/p=1/r=2.2/sig=0/cf=1,C_rfb,0.1,0.4,1.0,2.2,0.0,1.0,1.0,wiki_A,autorpa_233k,offline_opt_tax,5261420180.0,1.0,,,,,,,,,,,always_reactive,0.75756
h=0.1/q0=0.4/p=1/r=2.2/sig=0/cf=1,C_rfb,0.1,0.4,1.0,2.2,0.0,1.0,1.0,wiki_A,native,always_reactive,5261420180.0,1.0,0.0,0.0,0.0,0.0,0.0,0.0,0.0,0.005,0.0,0.0,always_reactive,0.964055
h=0.1/q0=0.4/p=1/r=2.2/sig=0/cf=1,C_rfb,0.1,0.4,1.0,2.2,0.0,1.0,1.0,wiki_A,native,always_compile_evict,5457592824.879,1.037285,3.8,12.4,6543.9,6259.2,0.0,28790.1,6543.9,0.008,0.0,0.0,always_reactive,0.964055
h=0.1/q0=0.4/p=1/r=2.2/sig=0/cf=1,C_rfb,0.1,0.4,1.0,2.2,0.0,1.0,1.0,wiki_A,native,ours_noinflate,5261420180.0,1.0,0.0,0.0,0.0,0.0,0.0,0.0,0.0,0.005,0.0,0.0,always_reactive,0.964055
h=0.1/q0=0.4/p=1/r=2.2/sig=0/cf=1,C_rfb,0.1,0.4,1.0,2.2,0.0,1.0,1.0,wiki_A,native,oracle_tax,5261420180.0,1.0,0.0,0.0,0.0,0.0,0.0,0.0,0.0,0.005,0.0,0.0,always_reactive,0.964055
h=0.1/q0=0.4/p=1/r=2.2/sig=0/cf=1,C_rfb,0.1,0.4,1.0,2.2,0.0,1.0,1.0,wiki_A,native,ours_spend_cap,5261420180.0,1.0,0.0,0.0,0.0,0.0,0.0,0.0,0.0,0.005,0.0,0.0,always_reactive,0.964055
h=0.1/q0=0.4/p=1/r=2.2/sig=0/cf=1,C_rfb,0.1,0.4,1.0,2.2,0.0,1.0,1.0,wiki_A,native,ours_pi_prior,5261420180.0,1.0,0.0,0.0,0.0,0.0,0.0,0.0,0.0,0.005,0.0,0.0,always_reactive,0.964055
h=0.1/q0=0.4/p=1/r=2.2/sig=0/cf=1,C_rfb,0.1,0.4,1.0,2.2,0.0,1.0,1.0,wiki_A,native,ours_both,5261420180.0,1.0,0.0,0.0,0.0,0.0,0.0,0.0,0.0,0.005,0.0,0.0,always_reactive,0.964055
h=0.1/q0=0.4/p=1/r=2.2/sig=0/cf=1,C_rfb,0.1,0.4,1.0,2.2,0.0,1.0,1.0,wiki_A,native,breakeven,5261420180.0,1.0,0.0,0.0,0.0,0.0,0.0,0.0,0.0,0.005,0.0,0.0,always_reactive,0.964055
h=0.1/q0=0.4/p=1/r=2.2/sig=0/cf=1,C_rfb,0.1,0.4,1.0,2.2,0.0,1.0,1.0,wiki_A,native,breakeven_cap,5261420180.0,1.0,0.0,0.0,0.0,0.0,0.0,0.0,0.0,0.005,0.0,0.0,always_reactive,0.964055
h=0.1/q0=0.4/p=1/r=2.2/sig=0/cf=1,C_rfb,0.1,0.4,1.0,2.2,0.0,1.0,1.0,wiki_A,native,offline_taxblind,5261420180.0,1.0,,,,,,,,,,,always_reactive,0.964055
h=0.1/q0=0.4/p=1/r=2.2/sig=0/cf=1,C_rfb,0.1,0.4,1.0,2.2,0.0,1.0,1.0,wiki_A,native,offline_opt_tax,5261420180.0,1.0,,,,,,,,,,,always_reactive,0.964055
h=0.1/q0=0.4/p=1/r=2.2/sig=0/cf=1,C_rfb,0.1,0.4,1.0,2.2,0.0,1.0,1.0,wiki_B,autorpa_233k,always_reactive,7373315056.0,1.0,0.0,0.0,0.0,0.0,0.0,0.0,0.0,0.005,0.0,0.0,always_reactive,0.83049
h=0.1/q0=0.4/p=1/r=2.2/sig=0/cf=1,C_rfb,0.1,0.4,1.0,2.2,0.0,1.0,1.0,wiki_B,autorpa_233k,always_compile_evict,8878272798.46,1.204109,58.5,76.8,4417.2,2859.2,0.0,12928.8,4417.2,0.054,0.0,0.0,always_reactive,0.83049
h=0.1/q0=0.4/p=1/r=2.2/sig=0/cf=1,C_rfb,0.1,0.4,1.0,2.2,0.0,1.0,1.0,wiki_B,autorpa_233k,ours_noinflate,7373315056.0,1.0,0.0,0.0,0.0,0.0,0.0,0.0,0.0,0.005,0.0,0.0,always_reactive,0.83049
h=0.1/q0=0.4/p=1/r=2.2/sig=0/cf=1,C_rfb,0.1,0.4,1.0,2.2,0.0,1.0,1.0,wiki_B,autorpa_233k,oracle_tax,7373315056.0,1.0,0.0,0.0,0.0,0.0,0.0,0.0,0.0,0.005,0.0,0.0,always_reactive,0.83049
h=0.1/q0=0.4/p=1/r=2.2/sig=0/cf=1,C_rfb,0.1,0.4,1.0,2.2,0.0,1.0,1.0,wiki_B,autorpa_233k,ours_spend_cap,7373315056.0,1.0,0.0,0.0,0.0,0.0,0.0,0.0,0.0,0.005,0.0,0.0,always_reactive,0.83049
h=0.1/q0=0.4/p=1/r=2.2/sig=0/cf=1,C_rfb,0.1,0.4,1.0,2.2,0.0,1.0,1.0,wiki_B,autorpa_233k,ours_pi_prior,7373315056.0,1.0,0.0,0.0,0.0,0.0,0.0,0.0,0.0,0.005,0.0,0.0,always_reactive,0.83049
h=0.1/q0=0.4/p=1/r=2.2/sig=0/cf=1,C_rfb,0.1,0.4,1.0,2.2,0.0,1.0,1.0,wiki_B,autorpa_233k,ours_both,7373315056.0,1.0,0.0,0.0,0.0,0.0,0.0,0.0,0.0,0.005,0.0,0.0,always_reactive,0.83049
h=0.1/q0=0.4/p=1/r=2.2/sig=0/cf=1,C_rfb,0.1,0.4,1.0,2.2,0.0,1.0,1.0,wiki_B,autorpa_233k,breakeven,7373315056.0,1.0,0.0,0.0,0.0,0.0,0.0,0.0,0.0,0.005,0.0,0.0,always_reactive,0.83049
h=0.1/q0=0.4/p=1/r=2.2/sig=0/cf=1,C_rfb,0.1,0.4,1.0,2.2,0.0,1.0,1.0,wiki_B,autorpa_233k,breakeven_cap,7373315056.0,1.0,0.0,0.0,0.0,0.0,0.0,0.0,0.0,0.005,0.0,0.0,always_reactive,0.83049
h=0.1/q0=0.4/p=1/r=2.2/sig=0/cf=1,C_rfb,0.1,0.4,1.0,2.2,0.0,1.0,1.0,wiki_B,autorpa_233k,offline_taxblind,7373315056.0,1.0,,,,,,,,,,,always_reactive,0.83049
h=0.1/q0=0.4/p=1/r=2.2/sig=0/cf=1,C_rfb,0.1,0.4,1.0,2.2,0.0,1.0,1.0,wiki_B,autorpa_233k,offline_opt_tax,7373315056.0,1.0,,,,,,,,,,,always_reactive,0.83049
h=0.1/q0=0.4/p=1/r=2.2/sig=0/cf=1,C_rfb,0.1,0.4,1.0,2.2,0.0,1.0,1.0,wiki_B,native,always_reactive,7373315056.0,1.0,0.0,0.0,0.0,0.0,0.0,0.0,0.0,0.005,0.0,0.0,always_reactive,0.981713
h=0.1/q0=0.4/p=1/r=2.2/sig=0/cf=1,C_rfb,0.1,0.4,1.0,2.2,0.0,1.0,1.0,wiki_B,native,always_compile_evict,7510665841.96,1.018628,3.7,14.0,4417.2,2859.2,0.0,12928.8,4417.2,0.01,0.0,0.0,always_reactive,0.981713
h=0.1/q0=0.4/p=1/r=2.2/sig=0/cf=1,C_rfb,0.1,0.4,1.0,2.2,0.0,1.0,1.0,wiki_B,native,ours_noinflate,7373315056.0,1.0,0.0,0.0,0.0,0.0,0.0,0.0,0.0,0.005,0.0,0.0,always_reactive,0.981713
h=0.1/q0=0.4/p=1/r=2.2/sig=0/cf=1,C_rfb,0.1,0.4,1.0,2.2,0.0,1.0,1.0,wiki_B,native,oracle_tax,7373315056.0,1.0,0.0,0.0,0.0,0.0,0.0,0.0,0.0,0.005,0.0,0.0,always_reactive,0.981713
h=0.1/q0=0.4/p=1/r=2.2/sig=0/cf=1,C_rfb,0.1,0.4,1.0,2.2,0.0,1.0,1.0,wiki_B,native,ours_spend_cap,7373315056.0,1.0,0.0,0.0,0.0,0.0,0.0,0.0,0.0,0.005,0.0,0.0,always_reactive,0.981713
h=0.1/q0=0.4/p=1/r=2.2/sig=0/cf=1,C_rfb,0.1,0.4,1.0,2.2,0.0,1.0,1.0,wiki_B,native,ours_pi_prior,7373315056.0,1.0,0.0,0.0,0.0,0.0,0.0,0.0,0.0,0.005,0.0,0.0,always_reactive,0.981713
h=0.1/q0=0.4/p=1/r=2.2/sig=0/cf=1,C_rfb,0.1,0.4,1.0,2.2,0.0,1.0,1.0,wiki_B,native,ours_both,7373315056.0,1.0,0.0,0.0,0.0,0.0,0.0,0.0,0.0,0.005,0.0,0.0,always_reactive,0.981713
h=0.1/q0=0.4/p=1/r=2.2/sig=0/cf=1,C_rfb,0.1,0.4,1.0,2.2,0.0,1.0,1.0,wiki_B,native,breakeven,7373315056.0,1.0,0.0,0.0,0.0,0.0,0.0,0.0,0.0,0.005,0.0,0.0,always_reactive,0.981713
h=0.1/q0=0.4/p=1/r=2.2/sig=0/cf=1,C_rfb,0.1,0.4,1.0,2.2,0.0,1.0,1.0,wiki_B,native,breakeven_cap,7373315056.0,1.0,0.0,0.0,0.0,0.0,0.0,0.0,0.0,0.005,0.0,0.0,always_reactive,0.981713
h=0.1/q0=0.4/p=1/r=2.2/sig=0/cf=1,C_rfb,0.1,0.4,1.0,2.2,0.0,1.0,1.0,wiki_B,native,offline_taxblind,7373315056.0,1.0,,,,,,,,,,,always_reactive,0.981713
h=0.1/q0=0.4/p=1/r=2.2/sig=0/cf=1,C_rfb,0.1,0.4,1.0,2.2,0.0,1.0,1.0,wiki_B,native,offline_opt_tax,7373315056.0,1.0,,,,,,,,,,,always_reactive,0.981713
h=0.1/q0=0.6/p=0.3/r=1/sig=0/cf=1,B_q0,0.1,0.6,0.3,1.0,0.0,1.0,1.0,bpi2019,autorpa_233k,always_reactive,19497801224.0,1.0,0.0,0.0,0.0,0.0,0.0,0.0,0.0,0.005,0.0,0.0,always_reactive,0.617011
h=0.1/q0=0.6/p=0.3/r=1/sig=0/cf=1,B_q0,0.1,0.6,0.3,1.0,0.0,1.0,1.0,bpi2019,autorpa_233k,always_compile_evict,31600406898.3,1.620716,64.9,110.0,66813.4,19033.1,0.0,121702.1,66751.0,0.059,46733.0,10888789000.0,always_reactive,0.617011
h=0.1/q0=0.6/p=0.3/r=1/sig=0/cf=1,B_q0,0.1,0.6,0.3,1.0,0.0,1.0,1.0,bpi2019,autorpa_233k,ours_noinflate,19497801224.0,1.0,0.0,0.0,0.0,0.0,0.0,0.0,0.0,0.005,0.0,0.0,always_reactive,0.617011
h=0.1/q0=0.6/p=0.3/r=1/sig=0/cf=1,B_q0,0.1,0.6,0.3,1.0,0.0,1.0,1.0,bpi2019,autorpa_233k,oracle_tax,19497801224.0,1.0,0.0,0.0,0.0,0.0,0.0,0.0,0.0,0.005,0.0,0.0,always_reactive,0.617011
h=0.1/q0=0.6/p=0.3/r=1/sig=0/cf=1,B_q0,0.1,0.6,0.3,1.0,0.0,1.0,1.0,bpi2019,autorpa_233k,ours_spend_cap,19497801224.0,1.0,0.0,0.0,0.0,0.0,0.0,0.0,0.0,0.005,0.0,0.0,always_reactive,0.617011
h=0.1/q0=0.6/p=0.3/r=1/sig=0/cf=1,B_q0,0.1,0.6,0.3,1.0,0.0,1.0,1.0,bpi2019,autorpa_233k,ours_pi_prior,19497801224.0,1.0,0.0,0.0,0.0,0.0,0.0,0.0,0.0,0.005,0.0,0.0,always_reactive,0.617011
h=0.1/q0=0.6/p=0.3/r=1/sig=0/cf=1,B_q0,0.1,0.6,0.3,1.0,0.0,1.0,1.0,bpi2019,autorpa_233k,ours_both,19497801224.0,1.0,0.0,0.0,0.0,0.0,0.0,0.0,0.0,0.005,0.0,0.0,always_reactive,0.617011
h=0.1/q0=0.6/p=0.3/r=1/sig=0/cf=1,B_q0,0.1,0.6,0.3,1.0,0.0,1.0,1.0,bpi2019,autorpa_233k,breakeven,19848814063.8,1.018003,1.8,6.9,1581.8,236.6,0.0,1475.3,1537.2,0.007,1112.6,259235800.0,always_reactive,0.617011
h=0.1/q0=0.6/p=0.3/r=1/sig=0/cf=1,B_q0,0.1,0.6,0.3,1.0,0.0,1.0,1.0,bpi2019,autorpa_233k,breakeven_cap,19647839222.0,1.007695,1.0,4.9,627.0,71.9,0.0,476.7,612.1,0.006,441.3,102822900.0,always_reactive,0.617011
h=0.1/q0=0.6/p=0.3/r=1/sig=0/cf=1,B_q0,0.1,0.6,0.3,1.0,0.0,1.0,1.0,bpi2019,autorpa_233k,offline_taxblind,19497801224.0,1.0,,,,,,,,,,,always_reactive,0.617011
h=0.1/q0=0.6/p=0.3/r=1/sig=0/cf=1,B_q0,0.1,0.6,0.3,1.0,0.0,1.0,1.0,bpi2019,autorpa_233k,offline_opt_tax,19497801224.0,1.0,,,,,,,,,,,always_reactive,0.617011
h=0.1/q0=0.6/p=0.3/r=1/sig=0/cf=1,B_q0,0.1,0.6,0.3,1.0,0.0,1.0,1.0,bpi2019,native,always_reactive,19497801224.0,1.262025,0.0,0.0,0.0,0.0,0.0,0.0,0.0,0.005,0.0,0.0,always_compile_evict,1.0
h=0.1/q0=0.6/p=0.3/r=1/sig=0/cf=1,B_q0,0.1,0.6,0.3,1.0,0.0,1.0,1.0,bpi2019,native,always_compile_evict,15438773003.3,0.999298,4.7,22.7,66813.4,19033.1,0.0,121702.1,64290.6,0.019,46733.0,679918417.0,always_compile_evict,1.0
h=0.1/q0=0.6/p=0.3/r=1/sig=0/cf=1,B_q0,0.1,0.6,0.3,1.0,0.0,1.0,1.0,bpi2019,native,ours_noinflate,15449616146.3,1.0,4.7,22.7,66317.7,18943.1,0.0,121151.0,63895.0,0.019,46385.1,674856819.9,always_compile_evict,1.0
h=0.1/q0=0.6/p=0.3/r=1/sig=0/cf=1,B_q0,0.1,0.6,0.3,1.0,0.0,1.0,1.0,bpi2019,native,oracle_tax,19462729749.6,1.259755,14.7,21.1,621.4,175.1,0.0,1075.8,504.8,0.005,431.6,6279348.4,always_compile_evict,1.0
h=0.1/q0=0.6/p=0.3/r=1/sig=0/cf=1,B_q0,0.1,0.6,0.3,1.0,0.0,1.0,1.0,bpi2019,native,ours_spend_cap,19134508033.8,1.23851,0.9,12.7,9780.3,2043.0,0.0,13046.6,7440.1,0.007,6847.7,99627187.3,always_compile_evict,1.0
h=0.1/q0=0.6/p=0.3/r=1/sig=0/cf=1,B_q0,0.1,0.6,0.3,1.0,0.0,1.0,1.0,bpi2019,native,ours_pi_prior,15858227354.8,1.026448,4.6,21.8,58390.9,16633.6,0.0,106458.3,56117.9,0.017,40832.4,594070587.6,always_compile_evict,1.0
h=0.1/q0=0.6/p=0.3/r=1/sig=0/cf=1,B_q0,0.1,0.6,0.3,1.0,0.0,1.0,1.0,bpi2019,native,ours_both,19151297389.6,1.239597,0.9,12.6,9246.3,1939.6,0.0,12368.5,7048.7,0.007,6476.0,94219324.0,always_compile_evict,1.0
h=0.1/q0=0.6/p=0.3/r=1/sig=0/cf=1,B_q0,0.1,0.6,0.3,1.0,0.0,1.0,1.0,bpi2019,native,breakeven,19471175713.1,1.260302,0.0,6.0,5515.4,435.5,0.0,2720.9,3904.6,0.005,3851.0,56028199.0,always_compile_evict,1.0
h=0.1/q0=0.6/p=0.3/r=1/sig=0/cf=1,B_q0,0.1,0.6,0.3,1.0,0.0,1.0,1.0,bpi2019,native,breakeven_cap,19477418661.9,1.260706,0.0,5.9,5357.4,395.8,0.0,2465.6,3789.9,0.005,3743.6,54465636.4,always_compile_evict,1.0
h=0.1/q0=0.6/p=0.3/r=1/sig=0/cf=1,B_q0,0.1,0.6,0.3,1.0,0.0,1.0,1.0,bpi2019,native,offline_taxblind,14127656440.401,0.914434,,,,,,,,,,,always_compile_evict,1.0
h=0.1/q0=0.6/p=0.3/r=1/sig=0/cf=1,B_q0,0.1,0.6,0.3,1.0,0.0,1.0,1.0,bpi2019,native,offline_opt_tax,14327823607.298,0.92739,,,,,,,,,,,always_compile_evict,1.0
h=0.1/q0=0.6/p=0.3/r=1/sig=0/cf=1,B_q0,0.1,0.6,0.3,1.0,0.0,1.0,1.0,sepsis,autorpa_233k,always_reactive,77101119.0,1.0,0.0,0.0,0.0,0.0,0.0,0.0,0.0,0.005,0.0,0.0,always_reactive,0.834223
h=0.1/q0=0.6/p=0.3/r=1/sig=0/cf=1,B_q0,0.1,0.6,0.3,1.0,0.0,1.0,1.0,sepsis,autorpa_233k,always_compile_evict,92422689.5,1.19872,11.4,12.0,73.6,8.2,0.0,57.3,71.5,0.01,52.9,12325700.0,always_reactive,0.834223
h=0.1/q0=0.6/p=0.3/r=1/sig=0/cf=1,B_q0,0.1,0.6,0.3,1.0,0.0,1.0,1.0,sepsis,autorpa_233k,ours_noinflate,77101119.0,1.0,0.0,0.0,0.0,0.0,0.0,0.0,0.0,0.005,0.0,0.0,always_reactive,0.834223
h=0.1/q0=0.6/p=0.3/r=1/sig=0/cf=1,B_q0,0.1,0.6,0.3,1.0,0.0,1.0,1.0,sepsis,autorpa_233k,oracle_tax,77101119.0,1.0,0.0,0.0,0.0,0.0,0.0,0.0,0.0,0.005,0.0,0.0,always_reactive,0.834223
h=0.1/q0=0.6/p=0.3/r=1/sig=0/cf=1,B_q0,0.1,0.6,0.3,1.0,0.0,1.0,1.0,sepsis,autorpa_233k,ours_spend_cap,77101119.0,1.0,0.0,0.0,0.0,0.0,0.0,0.0,0.0,0.005,0.0,0.0,always_reactive,0.834223
h=0.1/q0=0.6/p=0.3/r=1/sig=0/cf=1,B_q0,0.1,0.6,0.3,1.0,0.0,1.0,1.0,sepsis,autorpa_233k,ours_pi_prior,77101119.0,1.0,0.0,0.0,0.0,0.0,0.0,0.0,0.0,0.005,0.0,0.0,always_reactive,0.834223
h=0.1/q0=0.6/p=0.3/r=1/sig=0/cf=1,B_q0,0.1,0.6,0.3,1.0,0.0,1.0,1.0,sepsis,autorpa_233k,ours_both,77101119.0,1.0,0.0,0.0,0.0,0.0,0.0,0.0,0.0,0.005,0.0,0.0,always_reactive,0.834223
h=0.1/q0=0.6/p=0.3/r=1/sig=0/cf=1,B_q0,0.1,0.6,0.3,1.0,0.0,1.0,1.0,sepsis,autorpa_233k,breakeven,77766959.3,1.008636,0.4,0.9,3.4,0.5,0.0,4.1,3.1,0.005,2.5,582500.0,always_reactive,0.834223
h=0.1/q0=0.6/p=0.3/r=1/sig=0/cf=1,B_q0,0.1,0.6,0.3,1.0,0.0,1.0,1.0,sepsis,autorpa_233k,breakeven_cap,77766959.3,1.008636,0.4,0.9,3.4,0.5,0.0,4.1,3.1,0.005,2.5,582500.0,always_reactive,0.834223
h=0.1/q0=0.6/p=0.3/r=1/sig=0/cf=1,B_q0,0.1,0.6,0.3,1.0,0.0,1.0,1.0,sepsis,autorpa_233k,offline_taxblind,77101119.0,1.0,,,,,,,,,,,always_reactive,0.834223
h=0.1/q0=0.6/p=0.3/r=1/sig=0/cf=1,B_q0,0.1,0.6,0.3,1.0,0.0,1.0,1.0,sepsis,autorpa_233k,offline_opt_tax,77101119.0,1.0,,,,,,,,,,,always_reactive,0.834223
h=0.1/q0=0.6/p=0.3/r=1/sig=0/cf=1,B_q0,0.1,0.6,0.3,1.0,0.0,1.0,1.0,sepsis,native,always_reactive,77101119.0,1.011202,0.0,0.0,0.0,0.0,0.0,0.0,0.0,0.005,0.0,0.0,ours_both,0.99957
h=0.1/q0=0.6/p=0.3/r=1/sig=0/cf=1,B_q0,0.1,0.6,0.3,1.0,0.0,1.0,1.0,sepsis,native,always_compile_evict,76245132.8,0.999976,7.9,9.6,73.6,8.2,0.0,57.3,57.7,0.01,52.9,769642.1,ours_both,0.99957
h=0.1/q0=0.6/p=0.3/r=1/sig=0/cf=1,B_q0,0.1,0.6,0.3,1.0,0.0,1.0,1.0,sepsis,native,ours_noinflate,76246985.3,1.0,7.7,9.5,72.5,8.0,0.0,56.2,57.0,0.01,52.2,759457.8,ours_both,0.99957
h=0.1/q0=0.6/p=0.3/r=1/sig=0/cf=1,B_q0,0.1,0.6,0.3,1.0,0.0,1.0,1.0,sepsis,native,oracle_tax,76055729.9,0.997492,4.3,5.7,40.6,6.7,0.0,48.3,30.4,0.009,29.6,430650.4,ours_both,0.99957
h=0.1/q0=0.6/p=0.3/r=1/sig=0/cf=1,B_q0,0.1,0.6,0.3,1.0,0.0,1.0,1.0,sepsis,native,ours_spend_cap,76242620.6,0.999943,7.7,9.5,72.2,8.0,0.0,56.2,56.7,0.01,51.9,755093.1,ours_both,0.99957
h=0.1/q0=0.6/p=0.3/r=1/sig=0/cf=1,B_q0,0.1,0.6,0.3,1.0,0.0,1.0,1.0,sepsis,native,ours_pi_prior,76226238.1,0.999728,7.0,8.4,68.8,7.9,0.0,55.5,53.6,0.01,49.7,723085.3,ours_both,0.99957
h=0.1/q0=0.6/p=0.3/r=1/sig=0/cf=1,B_q0,0.1,0.6,0.3,1.0,0.0,1.0,1.0,sepsis,native,ours_both,76212368.2,0.999546,6.9,8.3,67.9,7.8,0.0,55.1,52.9,0.01,49.0,712901.0,ours_both,0.99957
h=0.1/q0=0.6/p=0.3/r=1/sig=0/cf=1,B_q0,0.1,0.6,0.3,1.0,0.0,1.0,1.0,sepsis,native,breakeven,77046975.3,1.010492,4.5,6.7,62.0,4.5,0.0,28.3,49.8,0.008,45.3,659069.7,ours_both,0.99957
h=0.1/q0=0.6/p=0.3/r=1/sig=0/cf=1,B_q0,0.1,0.6,0.3,1.0,0.0,1.0,1.0,sepsis,native,breakeven_cap,77045287.2,1.01047,4.5,6.7,61.9,4.4,0.0,28.1,49.8,0.008,45.3,659069.7,ours_both,0.99957
h=0.1/q0=0.6/p=0.3/r=1/sig=0/cf=1,B_q0,0.1,0.6,0.3,1.0,0.0,1.0,1.0,sepsis,native,offline_taxblind,73959504.128,0.969999,,,,,,,,,,,ours_both,0.99957
h=0.1/q0=0.6/p=0.3/r=1/sig=0/cf=1,B_q0,0.1,0.6,0.3,1.0,0.0,1.0,1.0,sepsis,native,offline_opt_tax,74901996.233,0.98236,,,,,,,,,,,ours_both,0.99957
h=0.1/q0=0.6/p=0.3/r=1/sig=0/cf=1,B_q0,0.1,0.6,0.3,1.0,0.0,1.0,1.0,wiki_A,autorpa_233k,always_reactive,5261420180.0,1.0,0.0,0.0,0.0,0.0,0.0,0.0,0.0,0.005,0.0,0.0,always_reactive,0.659427
h=0.1/q0=0.6/p=0.3/r=1/sig=0/cf=1,B_q0,0.1,0.6,0.3,1.0,0.0,1.0,1.0,wiki_A,autorpa_233k,always_compile_evict,7978773085.6,1.516468,22.2,53.2,17364.1,5043.7,0.0,32269.0,17206.6,0.017,12141.9,2829062700.0,always_reactive,0.659427
h=0.1/q0=0.6/p=0.3/r=1/sig=0/cf=1,B_q0,0.1,0.6,0.3,1.0,0.0,1.0,1.0,wiki_A,autorpa_233k,ours_noinflate,5261420180.0,1.0,0.0,0.0,0.0,0.0,0.0,0.0,0.0,0.005,0.0,0.0,always_reactive,0.659427
h=0.1/q0=0.6/p=0.3/r=1/sig=0/cf=1,B_q0,0.1,0.6,0.3,1.0,0.0,1.0,1.0,wiki_A,autorpa_233k,oracle_tax,5261420180.0,1.0,0.0,0.0,0.0,0.0,0.0,0.0,0.0,0.005,0.0,0.0,always_reactive,0.659427
h=0.1/q0=0.6/p=0.3/r=1/sig=0/cf=1,B_q0,0.1,0.6,0.3,1.0,0.0,1.0,1.0,wiki_A,autorpa_233k,ours_spend_cap,5261420180.0,1.0,0.0,0.0,0.0,0.0,0.0,0.0,0.0,0.005,0.0,0.0,always_reactive,0.659427
h=0.1/q0=0.6/p=0.3/r=1/sig=0/cf=1,B_q0,0.1,0.6,0.3,1.0,0.0,1.0,1.0,wiki_A,autorpa_233k,ours_pi_prior,5261420180.0,1.0,0.0,0.0,0.0,0.0,0.0,0.0,0.0,0.005,0.0,0.0,always_reactive,0.659427
h=0.1/q0=0.6/p=0.3/r=1/sig=0/cf=1,B_q0,0.1,0.6,0.3,1.0,0.0,1.0,1.0,wiki_A,autorpa_233k,ours_both,5261420180.0,1.0,0.0,0.0,0.0,0.0,0.0,0.0,0.0,0.005,0.0,0.0,always_reactive,0.659427
h=0.1/q0=0.6/p=0.3/r=1/sig=0/cf=1,B_q0,0.1,0.6,0.3,1.0,0.0,1.0,1.0,wiki_A,autorpa_233k,breakeven,5699430771.7,1.083249,0.8,6.1,2814.2,805.9,0.0,5149.4,2677.4,0.005,1969.3,458846900.0,always_reactive,0.659427
h=0.1/q0=0.6/p=0.3/r=1/sig=0/cf=1,B_q0,0.1,0.6,0.3,1.0,0.0,1.0,1.0,wiki_A,autorpa_233k,breakeven_cap,5291939942.6,1.005801,0.3,3.5,159.1,31.1,0.0,198.2,146.9,0.005,112.5,26212500.0,always_reactive,0.659427
h=0.1/q0=0.6/p=0.3/r=1/sig=0/cf=1,B_q0,0.1,0.6,0.3,1.0,0.0,1.0,1.0,wiki_A,autorpa_233k,offline_taxblind,5261420180.0,1.0,,,,,,,,,,,always_reactive,0.659427
h=0.1/q0=0.6/p=0.3/r=1/sig=0/cf=1,B_q0,0.1,0.6,0.3,1.0,0.0,1.0,1.0,wiki_A,autorpa_233k,offline_opt_tax,5261420180.0,1.0,,,,,,,,,,,always_reactive,0.659427
h=0.1/q0=0.6/p=0.3/r=1/sig=0/cf=1,B_q0,0.1,0.6,0.3,1.0,0.0,1.0,1.0,wiki_A,native,always_reactive,5261420180.0,1.283297,0.0,0.0,0.0,0.0,0.0,0.0,0.0,0.005,0.0,0.0,always_compile_evict,1.0
h=0.1/q0=0.6/p=0.3/r=1/sig=0/cf=1,B_q0,0.1,0.6,0.3,1.0,0.0,1.0,1.0,wiki_A,native,always_compile_evict,4097545341.7,0.99942,2.9,17.3,17364.1,5043.7,0.0,32269.0,16647.5,0.012,12141.9,176652503.1,always_compile_evict,1.0
h=0.1/q0=0.6/p=0.3/r=1/sig=0/cf=1,B_q0,0.1,0.6,0.3,1.0,0.0,1.0,1.0,wiki_A,native,ours_noinflate,4099923775.9,1.0,2.9,17.3,17295.1,5025.4,0.0,32153.6,16590.8,0.012,12093.0,175941057.0,always_compile_evict,1.0
h=0.1/q0=0.6/p=0.3/r=1/sig=0/cf=1,B_q0,0.1,0.6,0.3,1.0,0.0,1.0,1.0,wiki_A,native,oracle_tax,5207316672.2,1.270101,2.8,4.9,690.8,200.6,0.0,1293.7,581.2,0.005,487.4,7091182.6,always_compile_evict,1.0
h=0.1/q0=0.6/p=0.3/r=1/sig=0/cf=1,B_q0,0.1,0.6,0.3,1.0,0.0,1.0,1.0,wiki_A,native,ours_spend_cap,5175797671.5,1.262413,0.2,13.0,2014.1,458.8,0.0,2892.2,1541.7,0.006,1404.2,20429705.8,always_compile_evict,1.0
h=0.1/q0=0.6/p=0.3/r=1/sig=0/cf=1,B_q0,0.1,0.6,0.3,1.0,0.0,1.0,1.0,wiki_A,native,ours_pi_prior,4129605622.6,1.00724,2.6,16.3,16719.9,4866.0,0.0,31128.3,16063.2,0.011,11689.8,170074900.2,always_compile_evict,1.0
h=0.1/q0=0.6/p=0.3/r=1/sig=0/cf=1,B_q0,0.1,0.6,0.3,1.0,0.0,1.0,1.0,wiki_A,native,ours_both,5178151636.2,1.262987,0.1,12.1,1912.0,438.6,0.0,2762.4,1465.4,0.006,1333.5,19401091.5,always_compile_evict,1.0
h=0.1/q0=0.6/p=0.3/r=1/sig=0/cf=1,B_q0,0.1,0.6,0.3,1.0,0.0,1.0,1.0,wiki_A,native,breakeven,4971213292.9,1.212514,0.0,5.8,5431.2,1417.9,0.0,9046.8,4862.3,0.005,3806.2,55376403.8,always_compile_evict,1.0
h=0.1/q0=0.6/p=0.3/r=1/sig=0/cf=1,B_q0,0.1,0.6,0.3,1.0,0.0,1.0,1.0,wiki_A,native,breakeven_cap,5225539429.1,1.274546,0.0,5.8,1336.0,209.9,0.0,1305.8,971.5,0.005,933.8,13585856.2,always_compile_evict,1.0
h=0.1/q0=0.6/p=0.3/r=1/sig=0/cf=1,B_q0,0.1,0.6,0.3,1.0,0.0,1.0,1.0,wiki_A,native,offline_taxblind,3778923028.356,0.921706,,,,,,,,,,,always_compile_evict,1.0
h=0.1/q0=0.6/p=0.3/r=1/sig=0/cf=1,B_q0,0.1,0.6,0.3,1.0,0.0,1.0,1.0,wiki_A,native,offline_opt_tax,3800245896.076,0.926906,,,,,,,,,,,always_compile_evict,1.0
h=0.1/q0=0.6/p=0.3/r=1/sig=0/cf=1,B_q0,0.1,0.6,0.3,1.0,0.0,1.0,1.0,wiki_B,autorpa_233k,always_reactive,7373315056.0,1.0,0.0,0.0,0.0,0.0,0.0,0.0,0.0,0.005,0.0,0.0,always_reactive,0.744353
h=0.1/q0=0.6/p=0.3/r=1/sig=0/cf=1,B_q0,0.1,0.6,0.3,1.0,0.0,1.0,1.0,wiki_B,autorpa_233k,always_compile_evict,9905671240.3,1.343449,104.6,118.5,10149.8,2137.0,0.0,13439.5,10107.1,0.076,7119.2,1658773600.0,always_reactive,0.744353
h=0.1/q0=0.6/p=0.3/r=1/sig=0/cf=1,B_q0,0.1,0.6,0.3,1.0,0.0,1.0,1.0,wiki_B,autorpa_233k,ours_noinflate,7373315056.0,1.0,0.0,0.0,0.0,0.0,0.0,0.0,0.0,0.005,0.0,0.0,always_reactive,0.744353
h=0.1/q0=0.6/p=0.3/r=1/sig=0/cf=1,B_q0,0.1,0.6,0.3,1.0,0.0,1.0,1.0,wiki_B,autorpa_233k,oracle_tax,7373315056.0,1.0,0.0,0.0,0.0,0.0,0.0,0.0,0.0,0.005,0.0,0.0,always_reactive,0.744353
h=0.1/q0=0.6/p=0.3/r=1/sig=0/cf=1,B_q0,0.1,0.6,0.3,1.0,0.0,1.0,1.0,wiki_B,autorpa_233k,ours_spend_cap,7373315056.0,1.0,0.0,0.0,0.0,0.0,0.0,0.0,0.0,0.005,0.0,0.0,always_reactive,0.744353
h=0.1/q0=0.6/p=0.3/r=1/sig=0/cf=1,B_q0,0.1,0.6,0.3,1.0,0.0,1.0,1.0,wiki_B,autorpa_233k,ours_pi_prior,7373315056.0,1.0,0.0,0.0,0.0,0.0,0.0,0.0,0.0,0.005,0.0,0.0,always_reactive,0.744353
h=0.1/q0=0.6/p=0.3/r=1/sig=0/cf=1,B_q0,0.1,0.6,0.3,1.0,0.0,1.0,1.0,wiki_B,autorpa_233k,ours_both,7373315056.0,1.0,0.0,0.0,0.0,0.0,0.0,0.0,0.0,0.005,0.0,0.0,always_reactive,0.744353
h=0.1/q0=0.6/p=0.3/r=1/sig=0/cf=1,B_q0,0.1,0.6,0.3,1.0,0.0,1.0,1.0,wiki_B,autorpa_233k,breakeven,7549583907.0,1.023906,2.0,7.8,838.3,144.1,0.0,939.6,813.7,0.007,588.6,137143800.0,always_reactive,0.744353
h=0.1/q0=0.6/p=0.3/r=1/sig=0/cf=1,B_q0,0.1,0.6,0.3,1.0,0.0,1.0,1.0,wiki_B,autorpa_233k,breakeven_cap,7452724246.0,1.01077,1.0,5.8,342.2,41.0,0.0,276.0,334.9,0.006,240.8,56106400.0,always_reactive,0.744353
h=0.1/q0=0.6/p=0.3/r=1/sig=0/cf=1,B_q0,0.1,0.6,0.3,1.0,0.0,1.0,1.0,wiki_B,autorpa_233k,offline_taxblind,7373315056.0,1.0,,,,,,,,,,,always_reactive,0.744353
h=0.1/q0=0.6/p=0.3/r=1/sig=0/cf=1,B_q0,0.1,0.6,0.3,1.0,0.0,1.0,1.0,wiki_B,autorpa_233k,offline_opt_tax,7373315056.0,1.0,,,,,,,,,,,always_reactive,0.744353
h=0.1/q0=0.6/p=0.3/r=1/sig=0/cf=1,B_q0,0.1,0.6,0.3,1.0,0.0,1.0,1.0,wiki_B,native,always_reactive,7373315056.0,1.04396,0.0,0.0,0.0,0.0,0.0,0.0,0.0,0.005,0.0,0.0,always_compile_evict,1.0
h=0.1/q0=0.6/p=0.3/r=1/sig=0/cf=1,B_q0,0.1,0.6,0.3,1.0,0.0,1.0,1.0,wiki_B,native,always_compile_evict,7061665898.9,0.999834,11.0,24.3,10149.8,2137.0,0.0,13439.5,8735.9,0.018,7119.2,103577240.8,always_compile_evict,1.0
h=0.1/q0=0.6/p=0.3/r=1/sig=0/cf=1,B_q0,0.1,0.6,0.3,1.0,0.0,1.0,1.0,wiki_B,native,ours_noinflate,7062835737.3,1.0,10.7,23.9,10066.6,2123.6,0.0,13349.0,8670.1,0.018,7061.8,102742128.2,always_compile_evict,1.0
h=0.1/q0=0.6/p=0.3/r=1/sig=0/cf=1,B_q0,0.1,0.6,0.3,1.0,0.0,1.0,1.0,wiki_B,native,oracle_tax,7365986510.0,1.042922,8.8,11.4,191.7,47.4,0.0,291.1,153.2,0.005,135.5,1971389.5,always_compile_evict,1.0
h=0.1/q0=0.6/p=0.3/r=1/sig=0/cf=1,B_q0,0.1,0.6,0.3,1.0,0.0,1.0,1.0,wiki_B,native,ours_spend_cap,7220819314.3,1.022368,3.8,17.2,6800.1,1190.9,0.0,7520.9,5399.0,0.013,4769.2,69387090.8,always_compile_evict,1.0
h=0.1/q0=0.6/p=0.3/r=1/sig=0/cf=1,B_q0,0.1,0.6,0.3,1.0,0.0,1.0,1.0,wiki_B,native,ours_pi_prior,7078842882.5,1.002266,8.6,23.1,9344.9,1981.2,0.0,12516.6,8054.7,0.017,6555.9,95381789.1,always_compile_evict,1.0
h=0.1/q0=0.6/p=0.3/r=1/sig=0/cf=1,B_q0,0.1,0.6,0.3,1.0,0.0,1.0,1.0,wiki_B,native,ours_both,7225943002.5,1.023094,3.4,16.2,6332.9,1121.9,0.0,7114.1,5035.2,0.012,4439.5,64590285.5,always_compile_evict,1.0
h=0.1/q0=0.6/p=0.3/r=1/sig=0/cf=1,B_q0,0.1,0.6,0.3,1.0,0.0,1.0,1.0,wiki_B,native,breakeven,7381765191.0,1.045156,0.1,7.3,4344.8,253.6,0.0,1624.8,3234.1,0.006,3040.3,44233324.7,always_compile_evict,1.0
h=0.1/q0=0.6/p=0.3/r=1/sig=0/cf=1,B_q0,0.1,0.6,0.3,1.0,0.0,1.0,1.0,wiki_B,native,breakeven_cap,7384693294.1,1.045571,0.1,7.3,4260.0,233.3,0.0,1503.7,3164.7,0.006,2981.5,43377843.5,always_compile_evict,1.0
h=0.1/q0=0.6/p=0.3/r=1/sig=0/cf=1,B_q0,0.1,0.6,0.3,1.0,0.0,1.0,1.0,wiki_B,native,offline_taxblind,6764588622.998,0.957772,,,,,,,,,,,always_compile_evict,1.0
h=0.1/q0=0.6/p=0.3/r=1/sig=0/cf=1,B_q0,0.1,0.6,0.3,1.0,0.0,1.0,1.0,wiki_B,native,offline_opt_tax,6809494242.559,0.96413,,,,,,,,,,,always_compile_evict,1.0
h=0.1/q0=0.6/p=0.3/r=1/sig=0/cf=2.08299,B_q0,0.1,0.6,0.3,1.0,0.0,1.0,2.0829936590907905,bpi2019,autorpa_233k,always_reactive,19497801224.0,1.0,0.0,0.0,0.0,0.0,0.0,0.0,0.0,0.005,0.0,0.0,always_reactive,0.449332
h=0.1/q0=0.6/p=0.3/r=1/sig=0/cf=2.08299,B_q0,0.1,0.6,0.3,1.0,0.0,1.0,2.0829936590907905,bpi2019,autorpa_233k,always_compile_evict,43392896340.461,2.225528,64.9,110.0,66813.4,19033.1,0.0,121702.1,66751.0,0.043,46733.0,22681278442.178,always_reactive,0.449332
h=0.1/q0=0.6/p=0.3/r=1/sig=0/cf=2.08299,B_q0,0.1,0.6,0.3,1.0,0.0,1.0,2.0829936590907905,bpi2019,autorpa_233k,ours_noinflate,19497801224.0,1.0,0.0,0.0,0.0,0.0,0.0,0.0,0.0,0.005,0.0,0.0,always_reactive,0.449332
h=0.1/q0=0.6/p=0.3/r=1/sig=0/cf=2.08299,B_q0,0.1,0.6,0.3,1.0,0.0,1.0,2.0829936590907905,bpi2019,autorpa_233k,oracle_tax,19497801224.0,1.0,0.0,0.0,0.0,0.0,0.0,0.0,0.0,0.005,0.0,0.0,always_reactive,0.449332
h=0.1/q0=0.6/p=0.3/r=1/sig=0/cf=2.08299,B_q0,0.1,0.6,0.3,1.0,0.0,1.0,2.0829936590907905,bpi2019,autorpa_233k,ours_spend_cap,19497801224.0,1.0,0.0,0.0,0.0,0.0,0.0,0.0,0.0,0.005,0.0,0.0,always_reactive,0.449332
h=0.1/q0=0.6/p=0.3/r=1/sig=0/cf=2.08299,B_q0,0.1,0.6,0.3,1.0,0.0,1.0,2.0829936590907905,bpi2019,autorpa_233k,ours_pi_prior,19497801224.0,1.0,0.0,0.0,0.0,0.0,0.0,0.0,0.0,0.005,0.0,0.0,always_reactive,0.449332
h=0.1/q0=0.6/p=0.3/r=1/sig=0/cf=2.08299,B_q0,0.1,0.6,0.3,1.0,0.0,1.0,2.0829936590907905,bpi2019,autorpa_233k,ours_both,19497801224.0,1.0,0.0,0.0,0.0,0.0,0.0,0.0,0.0,0.005,0.0,0.0,always_reactive,0.449332
h=0.1/q0=0.6/p=0.3/r=1/sig=0/cf=2.08299,B_q0,0.1,0.6,0.3,1.0,0.0,1.0,2.0829936590907905,bpi2019,autorpa_233k,breakeven,20129564791.409,1.032402,1.8,6.9,1581.8,236.6,0.0,1475.3,1537.2,0.007,1112.6,539986527.609,always_reactive,0.449332
h=0.1/q0=0.6/p=0.3/r=1/sig=0/cf=2.08299,B_q0,0.1,0.6,0.3,1.0,0.0,1.0,2.0829936590907905,bpi2019,autorpa_233k,breakeven_cap,19680604332.172,1.009376,0.8,4.2,436.4,48.0,0.0,329.4,426.8,0.006,306.7,148853018.172,always_reactive,0.449332
h=0.1/q0=0.6/p=0.3/r=1/sig=0/cf=2.08299,B_q0,0.1,0.6,0.3,1.0,0.0,1.0,2.0829936590907905,bpi2019,autorpa_233k,offline_taxblind,19497801224.0,1.0,,,,,,,,,,,always_reactive,0.449332
h=0.1/q0=0.6/p=0.3/r=1/sig=0/cf=2.08299,B_q0,0.1,0.6,0.3,1.0,0.0,1.0,2.0829936590907905,bpi2019,autorpa_233k,offline_opt_tax,19497801224.0,1.0,,,,,,,,,,,always_reactive,0.449332
h=0.1/q0=0.6/p=0.3/r=1/sig=0/cf=2.08299,B_q0,0.1,0.6,0.3,1.0,0.0,1.0,2.0829936590907905,bpi2019,native,always_reactive,19497801224.0,1.20502,0.0,0.0,0.0,0.0,0.0,0.0,0.0,0.005,0.0,0.0,always_compile_evict,1.0
h=0.1/q0=0.6/p=0.3/r=1/sig=0/cf=2.08299,B_q0,0.1,0.6,0.3,1.0,0.0,1.0,2.0829936590907905,bpi2019,native,always_compile_evict,16175120337.62,0.999669,4.7,22.7,66813.4,19033.1,0.0,121702.1,64290.6,0.018,46733.0,1416265751.31,always_compile_evict,1.0
h=0.1/q0=0.6/p=0.3/r=1/sig=0/cf=2.08299,B_q0,0.1,0.6,0.3,1.0,0.0,1.0,2.0829936590907905,bpi2019,native,ours_noinflate,16180481803.056,1.0,4.7,22.7,66317.7,18943.1,0.0,121151.0,63895.0,0.018,46385.1,1405722476.646,always_compile_evict,1.0
h=0.1/q0=0.6/p=0.3/r=1/sig=0/cf=2.08299,B_q0,0.1,0.6,0.3,1.0,0.0,1.0,2.0829936590907905,bpi2019,native,oracle_tax,19469530244.101,1.203273,14.7,21.1,621.4,175.1,0.0,1075.8,504.8,0.005,431.6,13079842.9,always_compile_evict,1.0
h=0.1/q0=0.6/p=0.3/r=1/sig=0/cf=2.08299,B_q0,0.1,0.6,0.3,1.0,0.0,1.0,2.0829936590907905,bpi2019,native,ours_spend_cap,19332065448.023,1.194777,0.2,10.7,7506.7,1432.6,0.0,9139.5,5505.3,0.006,5259.7,159397705.522,always_compile_evict,1.0
h=0.1/q0=0.6/p=0.3/r=1/sig=0/cf=2.08299,B_q0,0.1,0.6,0.3,1.0,0.0,1.0,2.0829936590907905,bpi2019,native,ours_pi_prior,16501602034.232,1.019846,4.6,21.8,58390.9,16633.6,0.0,106458.3,56117.9,0.016,40832.4,1237445267.023,always_compile_evict,1.0
h=0.1/q0=0.6/p=0.3/r=1/sig=0/cf=2.08299,B_q0,0.1,0.6,0.3,1.0,0.0,1.0,2.0829936590907905,bpi2019,native,ours_both,19336833910.536,1.195072,0.2,10.3,7154.7,1376.4,0.0,8780.5,5257.2,0.006,5013.7,151942558.735,always_compile_evict,1.0
h=0.1/q0=0.6/p=0.3/r=1/sig=0/cf=2.08299,B_q0,0.1,0.6,0.3,1.0,0.0,1.0,2.0829936590907905,bpi2019,native,breakeven,19531853897.348,1.207124,0.0,6.0,5515.4,435.5,0.0,2720.9,3904.6,0.005,3851.0,116706383.247,always_compile_evict,1.0
h=0.1/q0=0.6/p=0.3/r=1/sig=0/cf=2.08299,B_q0,0.1,0.6,0.3,1.0,0.0,1.0,2.0829936590907905,bpi2019,native,breakeven_cap,19539805932.9,1.207616,0.0,5.8,5012.0,341.3,0.0,2156.9,3549.7,0.005,3508.4,106323727.599,always_compile_evict,1.0
h=0.1/q0=0.6/p=0.3/r=1/sig=0/cf=2.08299,B_q0,0.1,0.6,0.3,1.0,0.0,1.0,2.0829936590907905,bpi2019,native,offline_taxblind,14127656440.401,0.87313,,,,,,,,,,,always_compile_evict,1.0
h=0.1/q0=0.6/p=0.3/r=1/sig=0/cf=2.08299,B_q0,0.1,0.6,0.3,1.0,0.0,1.0,2.0829936590907905,bpi2019,native,offline_opt_tax,14327823607.298,0.8855,,,,,,,,,,,always_compile_evict,1.0
h=0.1/q0=0.6/p=0.3/r=1/sig=0/cf=2.08299,B_q0,0.1,0.6,0.3,1.0,0.0,1.0,2.0829936590907905,sepsis,autorpa_233k,always_reactive,77101119.0,1.0,0.0,0.0,0.0,0.0,0.0,0.0,0.0,0.005,0.0,0.0,always_reactive,0.728941
h=0.1/q0=0.6/p=0.3/r=1/sig=0/cf=2.08299,B_q0,0.1,0.6,0.3,1.0,0.0,1.0,2.0829936590907905,sepsis,autorpa_233k,always_compile_evict,105771344.444,1.371852,11.4,12.0,73.6,8.2,0.0,57.3,71.5,0.008,52.9,25674354.944,always_reactive,0.728941
h=0.1/q0=0.6/p=0.3/r=1/sig=0/cf=2.08299,B_q0,0.1,0.6,0.3,1.0,0.0,1.0,2.0829936590907905,sepsis,autorpa_233k,ours_noinflate,77101119.0,1.0,0.0,0.0,0.0,0.0,0.0,0.0,0.0,0.005,0.0,0.0,always_reactive,0.728941
h=0.1/q0=0.6/p=0.3/r=1/sig=0/cf=2.08299,B_q0,0.1,0.6,0.3,1.0,0.0,1.0,2.0829936590907905,sepsis,autorpa_233k,oracle_tax,77101119.0,1.0,0.0,0.0,0.0,0.0,0.0,0.0,0.0,0.005,0.0,0.0,always_reactive,0.728941
h=0.1/q0=0.6/p=0.3/r=1/sig=0/cf=2.08299,B_q0,0.1,0.6,0.3,1.0,0.0,1.0,2.0829936590907905,sepsis,autorpa_233k,ours_spend_cap,77101119.0,1.0,0.0,0.0,0.0,0.0,0.0,0.0,0.0,0.005,0.0,0.0,always_reactive,0.728941
h=0.1/q0=0.6/p=0.3/r=1/sig=0/cf=2.08299,B_q0,0.1,0.6,0.3,1.0,0.0,1.0,2.0829936590907905,sepsis,autorpa_233k,ours_pi_prior,77101119.0,1.0,0.0,0.0,0.0,0.0,0.0,0.0,0.0,0.005,0.0,0.0,always_reactive,0.728941
h=0.1/q0=0.6/p=0.3/r=1/sig=0/cf=2.08299,B_q0,0.1,0.6,0.3,1.0,0.0,1.0,2.0829936590907905,sepsis,autorpa_233k,ours_both,77101119.0,1.0,0.0,0.0,0.0,0.0,0.0,0.0,0.0,0.005,0.0,0.0,always_reactive,0.728941
h=0.1/q0=0.6/p=0.3/r=1/sig=0/cf=2.08299,B_q0,0.1,0.6,0.3,1.0,0.0,1.0,2.0829936590907905,sepsis,autorpa_233k,breakeven,78397803.106,1.016818,0.4,0.9,3.4,0.5,0.0,4.1,3.1,0.005,2.5,1213343.806,always_reactive,0.728941
h=0.1/q0=0.6/p=0.3/r=1/sig=0/cf=2.08299,B_q0,0.1,0.6,0.3,1.0,0.0,1.0,2.0829936590907905,sepsis,autorpa_233k,breakeven_cap,77813213.232,1.009236,0.3,0.6,2.0,0.3,0.0,3.6,1.7,0.005,1.4,679472.532,always_reactive,0.728941
h=0.1/q0=0.6/p=0.3/r=1/sig=0/cf=2.08299,B_q0,0.1,0.6,0.3,1.0,0.0,1.0,2.0829936590907905,sepsis,autorpa_233k,offline_taxblind,77101119.0,1.0,,,,,,,,,,,always_reactive,0.728941
h=0.1/q0=0.6/p=0.3/r=1/sig=0/cf=2.08299,B_q0,0.1,0.6,0.3,1.0,0.0,1.0,2.0829936590907905,sepsis,autorpa_233k,offline_opt_tax,77101119.0,1.0,,,,,,,,,,,always_reactive,0.728941
h=0.1/q0=0.6/p=0.3/r=1/sig=0/cf=2.08299,B_q0,0.1,0.6,0.3,1.0,0.0,1.0,2.0829936590907905,sepsis,native,always_reactive,77101119.0,1.000411,0.0,0.0,0.0,0.0,0.0,0.0,0.0,0.005,0.0,0.0,ours_both,0.998929
h=0.1/q0=0.6/p=0.3/r=1/sig=0/cf=2.08299,B_q0,0.1,0.6,0.3,1.0,0.0,1.0,2.0829936590907905,sepsis,native,always_compile_evict,77078650.314,1.000119,7.9,9.6,73.6,8.2,0.0,57.3,57.7,0.01,52.9,1603159.614,ours_both,0.998929
h=0.1/q0=0.6/p=0.3/r=1/sig=0/cf=2.08299,B_q0,0.1,0.6,0.3,1.0,0.0,1.0,2.0829936590907905,sepsis,native,ours_noinflate,77069473.282,1.0,7.7,9.5,72.5,8.0,0.0,56.2,57.0,0.01,52.2,1581945.782,ours_both,0.998929
h=0.1/q0=0.6/p=0.3/r=1/sig=0/cf=2.08299,B_q0,0.1,0.6,0.3,1.0,0.0,1.0,2.0829936590907905,sepsis,native,oracle_tax,76522121.552,0.992898,4.3,5.7,40.6,6.7,0.0,48.3,30.4,0.009,29.6,897042.052,ours_both,0.998929
h=0.1/q0=0.6/p=0.3/r=1/sig=0/cf=2.08299,B_q0,0.1,0.6,0.3,1.0,0.0,1.0,2.0829936590907905,sepsis,native,ours_spend_cap,77065422.115,0.999947,7.2,9.1,68.3,7.6,0.0,52.8,53.4,0.01,48.9,1481937.715,ours_both,0.998929
h=0.1/q0=0.6/p=0.3/r=1/sig=0/cf=2.08299,B_q0,0.1,0.6,0.3,1.0,0.0,1.0,2.0829936590907905,sepsis,native,ours_pi_prior,77009334.895,0.99922,7.0,8.4,68.8,7.9,0.0,55.5,53.6,0.01,49.7,1506182.095,ours_both,0.998929
h=0.1/q0=0.6/p=0.3/r=1/sig=0/cf=2.08299,B_q0,0.1,0.6,0.3,1.0,0.0,1.0,2.0829936590907905,sepsis,native,ours_both,76996106.696,0.999048,6.3,7.7,63.5,7.3,0.0,51.0,49.3,0.01,45.7,1384960.196,ours_both,0.998929
h=0.1/q0=0.6/p=0.3/r=1/sig=0/cf=2.08299,B_q0,0.1,0.6,0.3,1.0,0.0,1.0,2.0829936590907905,sepsis,native,breakeven,77760743.606,1.008969,4.5,6.7,62.0,4.5,0.0,28.3,49.8,0.008,45.3,1372838.006,ours_both,0.998929
h=0.1/q0=0.6/p=0.3/r=1/sig=0/cf=2.08299,B_q0,0.1,0.6,0.3,1.0,0.0,1.0,2.0829936590907905,sepsis,native,breakeven_cap,77734087.162,1.008624,4.3,6.5,59.0,4.1,0.0,26.5,47.5,0.008,43.1,1306165.962,ours_both,0.998929
h=0.1/q0=0.6/p=0.3/r=1/sig=0/cf=2.08299,B_q0,0.1,0.6,0.3,1.0,0.0,1.0,2.0829936590907905,sepsis,native,offline_taxblind,73959504.128,0.959647,,,,,,,,,,,ours_both,0.998929
h=0.1/q0=0.6/p=0.3/r=1/sig=0/cf=2.08299,B_q0,0.1,0.6,0.3,1.0,0.0,1.0,2.0829936590907905,sepsis,native,offline_opt_tax,74901996.233,0.971876,,,,,,,,,,,ours_both,0.998929
h=0.1/q0=0.6/p=0.3/r=1/sig=0/cf=2.08299,B_q0,0.1,0.6,0.3,1.0,0.0,1.0,2.0829936590907905,wiki_A,autorpa_233k,always_reactive,5261420180.0,1.0,0.0,0.0,0.0,0.0,0.0,0.0,0.0,0.005,0.0,0.0,always_reactive,0.476464
h=0.1/q0=0.6/p=0.3/r=1/sig=0/cf=2.08299,B_q0,0.1,0.6,0.3,1.0,0.0,1.0,2.0829936590907905,wiki_A,autorpa_233k,always_compile_evict,11042630050.868,2.098793,22.2,53.2,17364.1,5043.7,0.0,32269.0,17206.6,0.012,12141.9,5892919665.27,always_reactive,0.476464
h=0.1/q0=0.6/p=0.3/r=1/sig=0/cf=2.08299,B_q0,0.1,0.6,0.3,1.0,0.0,1.0,2.0829936590907905,wiki_A,autorpa_233k,ours_noinflate,5261420180.0,1.0,0.0,0.0,0.0,0.0,0.0,0.0,0.0,0.005,0.0,0.0,always_reactive,0.476464
h=0.1/q0=0.6/p=0.3/r=1/sig=0/cf=2.08299,B_q0,0.1,0.6,0.3,1.0,0.0,1.0,2.0829936590907905,wiki_A,autorpa_233k,oracle_tax,5261420180.0,1.0,0.0,0.0,0.0,0.0,0.0,0.0,0.0,0.005,0.0,0.0,always_reactive,0.476464
h=0.1/q0=0.6/p=0.3/r=1/sig=0/cf=2.08299,B_q0,0.1,0.6,0.3,1.0,0.0,1.0,2.0829936590907905,wiki_A,autorpa_233k,ours_spend_cap,5261420180.0,1.0,0.0,0.0,0.0,0.0,0.0,0.0,0.0,0.005,0.0,0.0,always_reactive,0.476464
h=0.1/q0=0.6/p=0.3/r=1/sig=0/cf=2.08299,B_q0,0.1,0.6,0.3,1.0,0.0,1.0,2.0829936590907905,wiki_A,autorpa_233k,ours_pi_prior,5261420180.0,1.0,0.0,0.0,0.0,0.0,0.0,0.0,0.0,0.005,0.0,0.0,always_reactive,0.476464
h=0.1/q0=0.6/p=0.3/r=1/sig=0/cf=2.08299,B_q0,0.1,0.6,0.3,1.0,0.0,1.0,2.0829936590907905,wiki_A,autorpa_233k,ours_both,5261420180.0,1.0,0.0,0.0,0.0,0.0,0.0,0.0,0.0,0.005,0.0,0.0,always_reactive,0.476464
h=0.1/q0=0.6/p=0.3/r=1/sig=0/cf=2.08299,B_q0,0.1,0.6,0.3,1.0,0.0,1.0,2.0829936590907905,wiki_A,autorpa_233k,breakeven,6196359054.893,1.177697,0.8,6.1,2814.2,805.9,0.0,5149.4,2677.4,0.005,1969.3,955775183.193,always_reactive,0.476464
h=0.1/q0=0.6/p=0.3/r=1/sig=0/cf=2.08299,B_q0,0.1,0.6,0.3,1.0,0.0,1.0,2.0829936590907905,wiki_A,autorpa_233k,breakeven_cap,5299829041.673,1.0073,0.1,2.9,102.1,19.4,0.0,120.6,95.1,0.005,71.9,34895767.873,always_reactive,0.476464
h=0.1/q0=0.6/p=0.3/r=1/sig=0/cf=2.08299,B_q0,0.1,0.6,0.3,1.0,0.0,1.0,2.0829936590907905,wiki_A,autorpa_233k,offline_taxblind,5261420180.0,1.0,,,,,,,,,,,always_reactive,0.476464
h=0.1/q0=0.6/p=0.3/r=1/sig=0/cf=2.08299,B_q0,0.1,0.6,0.3,1.0,0.0,1.0,2.0829936590907905,wiki_A,autorpa_233k,offline_opt_tax,5261420180.0,1.0,,,,,,,,,,,always_reactive,0.476464
h=0.1/q0=0.6/p=0.3/r=1/sig=0/cf=2.08299,B_q0,0.1,0.6,0.3,1.0,0.0,1.0,2.0829936590907905,wiki_A,native,always_reactive,5261420180.0,1.226305,0.0,0.0,0.0,0.0,0.0,0.0,0.0,0.005,0.0,0.0,always_compile_evict,1.0
h=0.1/q0=0.6/p=0.3/r=1/sig=0/cf=2.08299,B_q0,0.1,0.6,0.3,1.0,0.0,1.0,2.0829936590907905,wiki_A,native,always_compile_evict,4288858882.421,0.999625,2.9,17.3,17364.1,5043.7,0.0,32269.0,16647.5,0.011,12141.9,367966043.82,always_compile_evict,1.0
h=0.1/q0=0.6/p=0.3/r=1/sig=0/cf=2.08299,B_q0,0.1,0.6,0.3,1.0,0.0,1.0,2.0829936590907905,wiki_A,native,ours_noinflate,4290466825.006,1.0,2.9,17.3,17295.1,5025.4,0.0,32153.6,16590.8,0.011,12093.0,366484106.105,always_compile_evict,1.0
h=0.1/q0=0.6/p=0.3/r=1/sig=0/cf=2.08299,B_q0,0.1,0.6,0.3,1.0,0.0,1.0,2.0829936590907905,wiki_A,native,oracle_tax,5214996377.991,1.215485,2.8,4.9,690.8,200.6,0.0,1293.7,581.2,0.005,487.4,14770888.391,always_compile_evict,1.0
h=0.1/q0=0.6/p=0.3/r=1/sig=0/cf=2.08299,B_q0,0.1,0.6,0.3,1.0,0.0,1.0,2.0829936590907905,wiki_A,native,ours_spend_cap,5220614965.4,1.216794,0.0,10.0,1461.2,309.2,0.0,1969.6,1087.5,0.006,1015.7,30781270.7,always_compile_evict,1.0
h=0.1/q0=0.6/p=0.3/r=1/sig=0/cf=2.08299,B_q0,0.1,0.6,0.3,1.0,0.0,1.0,2.0829936590907905,wiki_A,native,ours_pi_prior,4313795661.088,1.005437,2.6,16.3,16719.9,4866.0,0.0,31128.3,16063.2,0.011,11689.8,354264938.687,always_compile_evict,1.0
h=0.1/q0=0.6/p=0.3/r=1/sig=0/cf=2.08299,B_q0,0.1,0.6,0.3,1.0,0.0,1.0,2.0829936590907905,wiki_A,native,ours_both,5221139447.178,1.216916,0.0,10.1,1396.6,299.4,0.0,1904.1,1041.4,0.006,971.0,29426615.978,always_compile_evict,1.0
h=0.1/q0=0.6/p=0.3/r=1/sig=0/cf=2.08299,B_q0,0.1,0.6,0.3,1.0,0.0,1.0,2.0829936590907905,wiki_A,native,breakeven,5031185587.079,1.172643,0.0,5.8,5431.2,1417.9,0.0,9046.8,4862.3,0.005,3806.2,115348697.979,always_compile_evict,1.0
h=0.1/q0=0.6/p=0.3/r=1/sig=0/cf=2.08299,B_q0,0.1,0.6,0.3,1.0,0.0,1.0,2.0829936590907905,wiki_A,native,breakeven_cap,5249891161.687,1.223618,0.0,5.5,1087.9,147.8,0.0,930.3,790.8,0.005,760.8,23056405.187,always_compile_evict,1.0
h=0.1/q0=0.6/p=0.3/r=1/sig=0/cf=2.08299,B_q0,0.1,0.6,0.3,1.0,0.0,1.0,2.0829936590907905,wiki_A,native,offline_taxblind,3778923028.356,0.880772,,,,,,,,,,,always_compile_evict,1.0
h=0.1/q0=0.6/p=0.3/r=1/sig=0/cf=2.08299,B_q0,0.1,0.6,0.3,1.0,0.0,1.0,2.0829936590907905,wiki_A,native,offline_opt_tax,3800245896.076,0.885742,,,,,,,,,,,always_compile_evict,1.0
h=0.1/q0=0.6/p=0.3/r=1/sig=0/cf=2.08299,B_q0,0.1,0.6,0.3,1.0,0.0,1.0,2.0829936590907905,wiki_B,autorpa_233k,always_reactive,7373315056.0,1.0,0.0,0.0,0.0,0.0,0.0,0.0,0.0,0.005,0.0,0.0,always_reactive,0.630084
h=0.1/q0=0.6/p=0.3/r=1/sig=0/cf=2.08299,B_q0,0.1,0.6,0.3,1.0,0.0,1.0,2.0829936590907905,wiki_B,autorpa_233k,always_compile_evict,11702112530.966,1.58709,104.6,118.5,10149.8,2137.0,0.0,13439.5,10107.1,0.064,7119.2,3455214890.667,always_reactive,0.630084
h=0.1/q0=0.6/p=0.3/r=1/sig=0/cf=2.08299,B_q0,0.1,0.6,0.3,1.0,0.0,1.0,2.0829936590907905,wiki_B,autorpa_233k,ours_noinflate,7373315056.0,1.0,0.0,0.0,0.0,0.0,0.0,0.0,0.0,0.005,0.0,0.0,always_reactive,0.630084
h=0.1/q0=0.6/p=0.3/r=1/sig=0/cf=2.08299,B_q0,0.1,0.6,0.3,1.0,0.0,1.0,2.0829936590907905,wiki_B,autorpa_233k,oracle_tax,7373315056.0,1.0,0.0,0.0,0.0,0.0,0.0,0.0,0.0,0.005,0.0,0.0,always_reactive,0.630084
h=0.1/q0=0.6/p=0.3/r=1/sig=0/cf=2.08299,B_q0,0.1,0.6,0.3,1.0,0.0,1.0,2.0829936590907905,wiki_B,autorpa_233k,ours_spend_cap,7373315056.0,1.0,0.0,0.0,0.0,0.0,0.0,0.0,0.0,0.005,0.0,0.0,always_reactive,0.630084
h=0.1/q0=0.6/p=0.3/r=1/sig=0/cf=2.08299,B_q0,0.1,0.6,0.3,1.0,0.0,1.0,2.0829936590907905,wiki_B,autorpa_233k,ours_pi_prior,7373315056.0,1.0,0.0,0.0,0.0,0.0,0.0,0.0,0.0,0.005,0.0,0.0,always_reactive,0.630084
h=0.1/q0=0.6/p=0.3/r=1/sig=0/cf=2.08299,B_q0,0.1,0.6,0.3,1.0,0.0,1.0,2.0829936590907905,wiki_B,autorpa_233k,ours_both,7373315056.0,1.0,0.0,0.0,0.0,0.0,0.0,0.0,0.0,0.005,0.0,0.0,always_reactive,0.630084
h=0.1/q0=0.6/p=0.3/r=1/sig=0/cf=2.08299,B_q0,0.1,0.6,0.3,1.0,0.0,1.0,2.0829936590907905,wiki_B,autorpa_233k,breakeven,7698109772.784,1.04405,2.0,7.8,838.3,144.1,0.0,939.6,813.7,0.007,588.6,285669665.784,always_reactive,0.630084
h=0.1/q0=0.6/p=0.3/r=1/sig=0/cf=2.08299,B_q0,0.1,0.6,0.3,1.0,0.0,1.0,2.0829936590907905,wiki_B,autorpa_233k,breakeven_cap,7474203399.886,1.013683,0.7,4.9,243.1,27.5,0.0,191.1,238.8,0.006,172.2,83575121.386,always_reactive,0.630084
h=0.1/q0=0.6/p=0.3/r=1/sig=0/cf=2.08299,B_q0,0.1,0.6,0.3,1.0,0.0,1.0,2.0829936590907905,wiki_B,autorpa_233k,offline_taxblind,7373315056.0,1.0,,,,,,,,,,,always_reactive,0.630084
h=0.1/q0=0.6/p=0.3/r=1/sig=0/cf=2.08299,B_q0,0.1,0.6,0.3,1.0,0.0,1.0,2.0829936590907905,wiki_B,autorpa_233k,offline_opt_tax,7373315056.0,1.0,,,,,,,,,,,always_reactive,0.630084
h=0.1/q0=0.6/p=0.3/r=1/sig=0/cf=2.08299,B_q0,0.1,0.6,0.3,1.0,0.0,1.0,2.0829936590907905,wiki_B,native,always_reactive,7373315056.0,1.027768,0.0,0.0,0.0,0.0,0.0,0.0,0.0,0.005,0.0,0.0,always_compile_evict,1.0
h=0.1/q0=0.6/p=0.3/r=1/sig=0/cf=2.08299,B_q0,0.1,0.6,0.3,1.0,0.0,1.0,2.0829936590907905,wiki_B,native,always_compile_evict,7173839393.912,0.999963,11.0,24.3,10149.8,2137.0,0.0,13439.5,8735.9,0.018,7119.2,215750735.813,always_compile_evict,1.0
h=0.1/q0=0.6/p=0.3/r=1/sig=0/cf=2.08299,B_q0,0.1,0.6,0.3,1.0,0.0,1.0,2.0829936590907905,wiki_B,native,ours_noinflate,7174104810.661,1.0,10.7,23.9,10066.6,2123.6,0.0,13349.0,8670.1,0.018,7061.8,214011201.562,always_compile_evict,1.0
h=0.1/q0=0.6/p=0.3/r=1/sig=0/cf=2.08299,B_q0,0.1,0.6,0.3,1.0,0.0,1.0,2.0829936590907905,wiki_B,native,oracle_tax,7368121512.328,1.027044,8.8,11.4,191.7,47.4,0.0,291.1,153.2,0.005,135.5,4106391.828,always_compile_evict,1.0
h=0.1/q0=0.6/p=0.3/r=1/sig=0/cf=2.08299,B_q0,0.1,0.6,0.3,1.0,0.0,1.0,2.0829936590907905,wiki_B,native,ours_spend_cap,7322913322.11,1.020742,3.1,15.3,5743.8,924.3,0.0,5836.2,4406.6,0.011,4024.7,121970444.211,always_compile_evict,1.0
h=0.1/q0=0.6/p=0.3/r=1/sig=0/cf=2.08299,B_q0,0.1,0.6,0.3,1.0,0.0,1.0,2.0829936590907905,wiki_B,native,ours_pi_prior,7182140755.287,1.00112,8.6,23.1,9344.9,1981.2,0.0,12516.6,8054.7,0.017,6555.9,198679661.888,always_compile_evict,1.0
h=0.1/q0=0.6/p=0.3/r=1/sig=0/cf=2.08299,B_q0,0.1,0.6,0.3,1.0,0.0,1.0,2.0829936590907905,wiki_B,native,ours_both,7321737619.677,1.020579,2.7,14.4,5366.4,875.3,0.0,5541.4,4122.3,0.01,3760.7,113969798.878,always_compile_evict,1.0
h=0.1/q0=0.6/p=0.3/r=1/sig=0/cf=2.08299,B_q0,0.1,0.6,0.3,1.0,0.0,1.0,2.0829936590907905,wiki_B,native,breakeven,7429669601.17,1.035623,0.1,7.3,4344.8,253.6,0.0,1624.8,3234.1,0.006,3040.3,92137734.871,always_compile_evict,1.0
h=0.1/q0=0.6/p=0.3/r=1/sig=0/cf=2.08299,B_q0,0.1,0.6,0.3,1.0,0.0,1.0,2.0829936590907905,wiki_B,native,breakeven_cap,7431861827.227,1.035929,0.1,7.1,4095.1,213.1,0.0,1366.3,3038.7,0.006,2865.8,86849429.527,always_compile_evict,1.0
h=0.1/q0=0.6/p=0.3/r=1/sig=0/cf=2.08299,B_q0,0.1,0.6,0.3,1.0,0.0,1.0,2.0829936590907905,wiki_B,native,offline_taxblind,6764588622.998,0.942917,,,,,,,,,,,always_compile_evict,1.0
h=0.1/q0=0.6/p=0.3/r=1/sig=0/cf=2.08299,B_q0,0.1,0.6,0.3,1.0,0.0,1.0,2.0829936590907905,wiki_B,native,offline_opt_tax,6809494242.559,0.949177,,,,,,,,,,,always_compile_evict,1.0
h=0.1/q0=0.6/p=0/r=1/sig=0/cf=1,B_q0,0.1,0.6,0.0,1.0,0.0,1.0,1.0,bpi2019,autorpa_233k,always_reactive,19497801224.0,1.0,0.0,0.0,0.0,0.0,0.0,0.0,0.0,0.005,0.0,0.0,always_reactive,0.261097
h=0.1/q0=0.6/p=0/r=1/sig=0/cf=1,B_q0,0.1,0.6,0.0,1.0,0.0,1.0,1.0,bpi2019,autorpa_233k,always_compile_evict,74676395224.0,3.829991,0.0,0.0,236818.0,0.0,0.0,0.0,236818.0,0.001,236818.0,55178594000.0,always_reactive,0.261097
h=0.1/q0=0.6/p=0/r=1/sig=0/cf=1,B_q0,0.1,0.6,0.0,1.0,0.0,1.0,1.0,bpi2019,autorpa_233k,ours_noinflate,19497801224.0,1.0,0.0,0.0,0.0,0.0,0.0,0.0,0.0,0.005,0.0,0.0,always_reactive,0.261097
h=0.1/q0=0.6/p=0/r=1/sig=0/cf=1,B_q0,0.1,0.6,0.0,1.0,0.0,1.0,1.0,bpi2019,autorpa_233k,oracle_tax,19497801224.0,1.0,0.0,0.0,0.0,0.0,0.0,0.0,0.0,0.005,0.0,0.0,always_reactive,0.261097
h=0.1/q0=0.6/p=0/r=1/sig=0/cf=1,B_q0,0.1,0.6,0.0,1.0,0.0,1.0,1.0,bpi2019,autorpa_233k,ours_spend_cap,19497801224.0,1.0,0.0,0.0,0.0,0.0,0.0,0.0,0.0,0.005,0.0,0.0,always_reactive,0.261097
h=0.1/q0=0.6/p=0/r=1/sig=0/cf=1,B_q0,0.1,0.6,0.0,1.0,0.0,1.0,1.0,bpi2019,autorpa_233k,ours_pi_prior,19497801224.0,1.0,0.0,0.0,0.0,0.0,0.0,0.0,0.0,0.005,0.0,0.0,always_reactive,0.261097
h=0.1/q0=0.6/p=0/r=1/sig=0/cf=1,B_q0,0.1,0.6,0.0,1.0,0.0,1.0,1.0,bpi2019,autorpa_233k,ours_both,19497801224.0,1.0,0.0,0.0,0.0,0.0,0.0,0.0,0.0,0.005,0.0,0.0,always_reactive,0.261097
h=0.1/q0=0.6/p=0/r=1/sig=0/cf=1,B_q0,0.1,0.6,0.0,1.0,0.0,1.0,1.0,bpi2019,autorpa_233k,breakeven,25717736224.0,1.319007,0.0,0.0,26695.0,0.0,0.0,0.0,26695.0,0.004,26695.0,6219935000.0,always_reactive,0.261097
h=0.1/q0=0.6/p=0/r=1/sig=0/cf=1,B_q0,0.1,0.6,0.0,1.0,0.0,1.0,1.0,bpi2019,autorpa_233k,breakeven_cap,19641795224.0,1.007385,0.0,0.0,618.0,0.0,0.0,0.0,618.0,0.005,618.0,143994000.0,always_reactive,0.261097
h=0.1/q0=0.6/p=0/r=1/sig=0/cf=1,B_q0,0.1,0.6,0.0,1.0,0.0,1.0,1.0,bpi2019,autorpa_233k,offline_taxblind,19497801224.0,1.0,,,,,,,,,,,always_reactive,0.261097
h=0.1/q0=0.6/p=0/r=1/sig=0/cf=1,B_q0,0.1,0.6,0.0,1.0,0.0,1.0,1.0,bpi2019,autorpa_233k,offline_opt_tax,19497801224.0,1.0,,,,,,,,,,,always_reactive,0.261097
h=0.1/q0=0.6/p=0/r=1/sig=0/cf=1,B_q0,0.1,0.6,0.0,1.0,0.0,1.0,1.0,bpi2019,native,always_reactive,19497801224.0,0.991191,0.0,0.0,0.0,0.0,0.0,0.0,0.0,0.005,0.0,0.0,always_reactive,0.849827
h=0.1/q0=0.6/p=0/r=1/sig=0/cf=1,B_q0,0.1,0.6,0.0,1.0,0.0,1.0,1.0,bpi2019,native,always_compile_evict,22943266306.0,1.166345,0.0,0.0,236818.0,0.0,0.0,0.0,236818.0,0.004,236818.0,3445465082.0,always_reactive,0.849827
h=0.1/q0=0.6/p=0/r=1/sig=0/cf=1,B_q0,0.1,0.6,0.0,1.0,0.0,1.0,1.0,bpi2019,native,ours_noinflate,19671079814.0,1.0,0.0,0.0,11910.0,0.0,0.0,0.0,11910.0,0.005,11910.0,173278590.0,always_reactive,0.849827
h=0.1/q0=0.6/p=0/r=1/sig=0/cf=1,B_q0,0.1,0.6,0.0,1.0,0.0,1.0,1.0,bpi2019,native,oracle_tax,19497801224.0,0.991191,0.0,0.0,0.0,0.0,0.0,0.0,0.0,0.005,0.0,0.0,always_reactive,0.849827
h=0.1/q0=0.6/p=0/r=1/sig=0/cf=1,B_q0,0.1,0.6,0.0,1.0,0.0,1.0,1.0,bpi2019,native,ours_spend_cap,19671079814.0,1.0,0.0,0.0,11910.0,0.0,0.0,0.0,11910.0,0.005,11910.0,173278590.0,always_reactive,0.849827
h=0.1/q0=0.6/p=0/r=1/sig=0/cf=1,B_q0,0.1,0.6,0.0,1.0,0.0,1.0,1.0,bpi2019,native,ours_pi_prior,19656763598.0,0.999272,0.0,0.0,10926.0,0.0,0.0,0.0,10926.0,0.005,10926.0,158962374.0,always_reactive,0.849827
h=0.1/q0=0.6/p=0/r=1/sig=0/cf=1,B_q0,0.1,0.6,0.0,1.0,0.0,1.0,1.0,bpi2019,native,ours_both,19648790746.0,0.998867,0.0,0.0,10378.0,0.0,0.0,0.0,10378.0,0.005,10378.0,150989522.0,always_reactive,0.849827
h=0.1/q0=0.6/p=0/r=1/sig=0/cf=1,B_q0,0.1,0.6,0.0,1.0,0.0,1.0,1.0,bpi2019,native,breakeven,22943266306.0,1.166345,0.0,0.0,236818.0,0.0,0.0,0.0,236818.0,0.004,236818.0,3445465082.0,always_reactive,0.849827
h=0.1/q0=0.6/p=0/r=1/sig=0/cf=1,B_q0,0.1,0.6,0.0,1.0,0.0,1.0,1.0,bpi2019,native,breakeven_cap,19693470725.0,1.001138,0.0,0.0,13449.0,0.0,0.0,0.0,13449.0,0.005,13449.0,195669501.0,always_reactive,0.849827
h=0.1/q0=0.6/p=0/r=1/sig=0/cf=1,B_q0,0.1,0.6,0.0,1.0,0.0,1.0,1.0,bpi2019,native,offline_taxblind,19497801224.0,0.991191,,,,,,,,,,,always_reactive,0.849827
h=0.1/q0=0.6/p=0/r=1/sig=0/cf=1,B_q0,0.1,0.6,0.0,1.0,0.0,1.0,1.0,bpi2019,native,offline_opt_tax,19497801224.0,0.991191,,,,,,,,,,,always_reactive,0.849827
h=0.1/q0=0.6/p=0/r=1/sig=0/cf=1,B_q0,0.1,0.6,0.0,1.0,0.0,1.0,1.0,sepsis,autorpa_233k,always_reactive,77101119.0,1.0,0.0,0.0,0.0,0.0,0.0,0.0,0.0,0.005,0.0,0.0,always_reactive,0.699729
h=0.1/q0=0.6/p=0/r=1/sig=0/cf=1,B_q0,0.1,0.6,0.0,1.0,0.0,1.0,1.0,sepsis,autorpa_233k,always_compile_evict,110187119.0,1.429125,0.0,0.0,142.0,0.0,0.0,0.0,142.0,0.004,142.0,33086000.0,always_reactive,0.699729
h=0.1/q0=0.6/p=0/r=1/sig=0/cf=1,B_q0,0.1,0.6,0.0,1.0,0.0,1.0,1.0,sepsis,autorpa_233k,ours_noinflate,77101119.0,1.0,0.0,0.0,0.0,0.0,0.0,0.0,0.0,0.005,0.0,0.0,always_reactive,0.699729
h=0.1/q0=0.6/p=0/r=1/sig=0/cf=1,B_q0,0.1,0.6,0.0,1.0,0.0,1.0,1.0,sepsis,autorpa_233k,oracle_tax,77101119.0,1.0,0.0,0.0,0.0,0.0,0.0,0.0,0.0,0.005,0.0,0.0,always_reactive,0.699729
h=0.1/q0=0.6/p=0/r=1/sig=0/cf=1,B_q0,0.1,0.6,0.0,1.0,0.0,1.0,1.0,sepsis,autorpa_233k,ours_spend_cap,77101119.0,1.0,0.0,0.0,0.0,0.0,0.0,0.0,0.0,0.005,0.0,0.0,always_reactive,0.699729
h=0.1/q0=0.6/p=0/r=1/sig=0/cf=1,B_q0,0.1,0.6,0.0,1.0,0.0,1.0,1.0,sepsis,autorpa_233k,ours_pi_prior,77101119.0,1.0,0.0,0.0,0.0,0.0,0.0,0.0,0.0,0.005,0.0,0.0,always_reactive,0.699729
h=0.1/q0=0.6/p=0/r=1/sig=0/cf=1,B_q0,0.1,0.6,0.0,1.0,0.0,1.0,1.0,sepsis,autorpa_233k,ours_both,77101119.0,1.0,0.0,0.0,0.0,0.0,0.0,0.0,0.0,0.005,0.0,0.0,always_reactive,0.699729
h=0.1/q0=0.6/p=0/r=1/sig=0/cf=1,B_q0,0.1,0.6,0.0,1.0,0.0,1.0,1.0,sepsis,autorpa_233k,breakeven,78033119.0,1.012088,0.0,0.0,4.0,0.0,0.0,0.0,4.0,0.005,4.0,932000.0,always_reactive,0.699729
h=0.1/q0=0.6/p=0/r=1/sig=0/cf=1,B_q0,0.1,0.6,0.0,1.0,0.0,1.0,1.0,sepsis,autorpa_233k,breakeven_cap,78033119.0,1.012088,0.0,0.0,4.0,0.0,0.0,0.0,4.0,0.005,4.0,932000.0,always_reactive,0.699729
h=0.1/q0=0.6/p=0/r=1/sig=0/cf=1,B_q0,0.1,0.6,0.0,1.0,0.0,1.0,1.0,sepsis,autorpa_233k,offline_taxblind,77101119.0,1.0,,,,,,,,,,,always_reactive,0.699729
h=0.1/q0=0.6/p=0/r=1/sig=0/cf=1,B_q0,0.1,0.6,0.0,1.0,0.0,1.0,1.0,sepsis,autorpa_233k,offline_opt_tax,77101119.0,1.0,,,,,,,,,,,always_reactive,0.699729
h=0.1/q0=0.6/p=0/r=1/sig=0/cf=1,B_q0,0.1,0.6,0.0,1.0,0.0,1.0,1.0,sepsis,native,always_reactive,77101119.0,0.979122,0.0,0.0,0.0,0.0,0.0,0.0,0.0,0.005,0.0,0.0,always_reactive,0.973904
h=0.1/q0=0.6/p=0/r=1/sig=0/cf=1,B_q0,0.1,0.6,0.0,1.0,0.0,1.0,1.0,sepsis,native,always_compile_evict,79167077.0,1.005358,0.0,0.0,142.0,0.0,0.0,0.0,142.0,0.005,142.0,2065958.0,always_reactive,0.973904
h=0.1/q0=0.6/p=0/r=1/sig=0/cf=1,B_q0,0.1,0.6,0.0,1.0,0.0,1.0,1.0,sepsis,native,ours_noinflate,78745156.0,1.0,0.0,0.0,113.0,0.0,0.0,0.0,113.0,0.005,113.0,1644037.0,always_reactive,0.973904
h=0.1/q0=0.6/p=0/r=1/sig=0/cf=1,B_q0,0.1,0.6,0.0,1.0,0.0,1.0,1.0,sepsis,native,oracle_tax,77101119.0,0.979122,0.0,0.0,0.0,0.0,0.0,0.0,0.0,0.005,0.0,0.0,always_reactive,0.973904
h=0.1/q0=0.6/p=0/r=1/sig=0/cf=1,B_q0,0.1,0.6,0.0,1.0,0.0,1.0,1.0,sepsis,native,ours_spend_cap,78745156.0,1.0,0.0,0.0,113.0,0.0,0.0,0.0,113.0,0.005,113.0,1644037.0,always_reactive,0.973904
h=0.1/q0=0.6/p=0/r=1/sig=0/cf=1,B_q0,0.1,0.6,0.0,1.0,0.0,1.0,1.0,sepsis,native,ours_pi_prior,78657862.0,0.998891,0.0,0.0,107.0,0.0,0.0,0.0,107.0,0.005,107.0,1556743.0,always_reactive,0.973904
h=0.1/q0=0.6/p=0/r=1/sig=0/cf=1,B_q0,0.1,0.6,0.0,1.0,0.0,1.0,1.0,sepsis,native,ours_both,78643313.0,0.998707,0.0,0.0,106.0,0.0,0.0,0.0,106.0,0.005,106.0,1542194.0,always_reactive,0.973904
h=0.1/q0=0.6/p=0/r=1/sig=0/cf=1,B_q0,0.1,0.6,0.0,1.0,0.0,1.0,1.0,sepsis,native,breakeven,79167077.0,1.005358,0.0,0.0,142.0,0.0,0.0,0.0,142.0,0.005,142.0,2065958.0,always_reactive,0.973904
h=0.1/q0=0.6/p=0/r=1/sig=0/cf=1,B_q0,0.1,0.6,0.0,1.0,0.0,1.0,1.0,sepsis,native,breakeven_cap,78817901.0,1.000924,0.0,0.0,118.0,0.0,0.0,0.0,118.0,0.005,118.0,1716782.0,always_reactive,0.973904
h=0.1/q0=0.6/p=0/r=1/sig=0/cf=1,B_q0,0.1,0.6,0.0,1.0,0.0,1.0,1.0,sepsis,native,offline_taxblind,77101119.0,0.979122,,,,,,,,,,,always_reactive,0.973904
h=0.1/q0=0.6/p=0/r=1/sig=0/cf=1,B_q0,0.1,0.6,0.0,1.0,0.0,1.0,1.0,sepsis,native,offline_opt_tax,77101119.0,0.979122,,,,,,,,,,,always_reactive,0.973904
h=0.1/q0=0.6/p=0/r=1/sig=0/cf=1,B_q0,0.1,0.6,0.0,1.0,0.0,1.0,1.0,wiki_A,autorpa_233k,always_reactive,5261420180.0,1.0,0.0,0.0,0.0,0.0,0.0,0.0,0.0,0.005,0.0,0.0,always_reactive,0.265211
h=0.1/q0=0.6/p=0/r=1/sig=0/cf=1,B_q0,0.1,0.6,0.0,1.0,0.0,1.0,1.0,wiki_A,autorpa_233k,always_compile_evict,19838599180.0,3.770579,0.0,0.0,62563.0,0.0,0.0,0.0,62563.0,0.001,62563.0,14577179000.0,always_reactive,0.265211
h=0.1/q0=0.6/p=0/r=1/sig=0/cf=1,B_q0,0.1,0.6,0.0,1.0,0.0,1.0,1.0,wiki_A,autorpa_233k,ours_noinflate,5261420180.0,1.0,0.0,0.0,0.0,0.0,0.0,0.0,0.0,0.005,0.0,0.0,always_reactive,0.265211
h=0.1/q0=0.6/p=0/r=1/sig=0/cf=1,B_q0,0.1,0.6,0.0,1.0,0.0,1.0,1.0,wiki_A,autorpa_233k,oracle_tax,5261420180.0,1.0,0.0,0.0,0.0,0.0,0.0,0.0,0.0,0.005,0.0,0.0,always_reactive,0.265211
h=0.1/q0=0.6/p=0/r=1/sig=0/cf=1,B_q0,0.1,0.6,0.0,1.0,0.0,1.0,1.0,wiki_A,autorpa_233k,ours_spend_cap,5261420180.0,1.0,0.0,0.0,0.0,0.0,0.0,0.0,0.0,0.005,0.0,0.0,always_reactive,0.265211
h=0.1/q0=0.6/p=0/r=1/sig=0/cf=1,B_q0,0.1,0.6,0.0,1.0,0.0,1.0,1.0,wiki_A,autorpa_233k,ours_pi_prior,5261420180.0,1.0,0.0,0.0,0.0,0.0,0.0,0.0,0.0,0.005,0.0,0.0,always_reactive,0.265211
h=0.1/q0=0.6/p=0/r=1/sig=0/cf=1,B_q0,0.1,0.6,0.0,1.0,0.0,1.0,1.0,wiki_A,autorpa_233k,ours_both,5261420180.0,1.0,0.0,0.0,0.0,0.0,0.0,0.0,0.0,0.005,0.0,0.0,always_reactive,0.265211
h=0.1/q0=0.6/p=0/r=1/sig=0/cf=1,B_q0,0.1,0.6,0.0,1.0,0.0,1.0,1.0,wiki_A,autorpa_233k,breakeven,6993775180.0,1.329256,0.0,0.0,7435.0,0.0,0.0,0.0,7435.0,0.003,7435.0,1732355000.0,always_reactive,0.265211
h=0.1/q0=0.6/p=0/r=1/sig=0/cf=1,B_q0,0.1,0.6,0.0,1.0,0.0,1.0,1.0,wiki_A,autorpa_233k,breakeven_cap,5294506180.0,1.006288,0.0,0.0,142.0,0.0,0.0,0.0,142.0,0.005,142.0,33086000.0,always_reactive,0.265211
h=0.1/q0=0.6/p=0/r=1/sig=0/cf=1,B_q0,0.1,0.6,0.0,1.0,0.0,1.0,1.0,wiki_A,autorpa_233k,offline_taxblind,5261420180.0,1.0,,,,,,,,,,,always_reactive,0.265211
h=0.1/q0=0.6/p=0/r=1/sig=0/cf=1,B_q0,0.1,0.6,0.0,1.0,0.0,1.0,1.0,wiki_A,autorpa_233k,offline_opt_tax,5261420180.0,1.0,,,,,,,,,,,always_reactive,0.265211
h=0.1/q0=0.6/p=0/r=1/sig=0/cf=1,B_q0,0.1,0.6,0.0,1.0,0.0,1.0,1.0,wiki_A,native,always_reactive,5261420180.0,0.9938,0.0,0.0,0.0,0.0,0.0,0.0,0.0,0.005,0.0,0.0,always_reactive,0.852514
h=0.1/q0=0.6/p=0/r=1/sig=0/cf=1,B_q0,0.1,0.6,0.0,1.0,0.0,1.0,1.0,wiki_A,native,always_compile_evict,6171649267.0,1.165728,0.0,0.0,62563.0,0.0,0.0,0.0,62563.0,0.004,62563.0,910229087.0,always_reactive,0.852514
h=0.1/q0=0.6/p=0/r=1/sig=0/cf=1,B_q0,0.1,0.6,0.0,1.0,0.0,1.0,1.0,wiki_A,native,ours_noinflate,5294242724.0,1.0,0.0,0.0,2256.0,0.0,0.0,0.0,2256.0,0.005,2256.0,32822544.0,always_reactive,0.852514
h=0.1/q0=0.6/p=0/r=1/sig=0/cf=1,B_q0,0.1,0.6,0.0,1.0,0.0,1.0,1.0,wiki_A,native,oracle_tax,5261420180.0,0.9938,0.0,0.0,0.0,0.0,0.0,0.0,0.0,0.005,0.0,0.0,always_reactive,0.852514
h=0.1/q0=0.6/p=0/r=1/sig=0/cf=1,B_q0,0.1,0.6,0.0,1.0,0.0,1.0,1.0,wiki_A,native,ours_spend_cap,5294242724.0,1.0,0.0,0.0,2256.0,0.0,0.0,0.0,2256.0,0.005,2256.0,32822544.0,always_reactive,0.852514
h=0.1/q0=0.6/p=0/r=1/sig=0/cf=1,B_q0,0.1,0.6,0.0,1.0,0.0,1.0,1.0,wiki_A,native,ours_pi_prior,5292496844.0,0.99967,0.0,0.0,2136.0,0.0,0.0,0.0,2136.0,0.005,2136.0,31076664.0,always_reactive,0.852514
h=0.1/q0=0.6/p=0/r=1/sig=0/cf=1,B_q0,0.1,0.6,0.0,1.0,0.0,1.0,1.0,wiki_A,native,ours_both,5290823709.0,0.999354,0.0,0.0,2021.0,0.0,0.0,0.0,2021.0,0.005,2021.0,29403529.0,always_reactive,0.852514
h=0.1/q0=0.6/p=0/r=1/sig=0/cf=1,B_q0,0.1,0.6,0.0,1.0,0.0,1.0,1.0,wiki_A,native,breakeven,6171649267.0,1.165728,0.0,0.0,62563.0,0.0,0.0,0.0,62563.0,0.004,62563.0,910229087.0,always_reactive,0.852514
h=0.1/q0=0.6/p=0/r=1/sig=0/cf=1,B_q0,0.1,0.6,0.0,1.0,0.0,1.0,1.0,wiki_A,native,breakeven_cap,5297807229.0,1.000673,0.0,0.0,2501.0,0.0,0.0,0.0,2501.0,0.005,2501.0,36387049.0,always_reactive,0.852514
h=0.1/q0=0.6/p=0/r=1/sig=0/cf=1,B_q0,0.1,0.6,0.0,1.0,0.0,1.0,1.0,wiki_A,native,offline_taxblind,5261420180.0,0.9938,,,,,,,,,,,always_reactive,0.852514
h=0.1/q0=0.6/p=0/r=1/sig=0/cf=1,B_q0,0.1,0.6,0.0,1.0,0.0,1.0,1.0,wiki_A,native,offline_opt_tax,5261420180.0,0.9938,,,,,,,,,,,always_reactive,0.852514
h=0.1/q0=0.6/p=0/r=1/sig=0/cf=1,B_q0,0.1,0.6,0.0,1.0,0.0,1.0,1.0,wiki_B,autorpa_233k,always_reactive,7373315056.0,1.0,0.0,0.0,0.0,0.0,0.0,0.0,0.0,0.005,0.0,0.0,always_reactive,0.529607
h=0.1/q0=0.6/p=0/r=1/sig=0/cf=1,B_q0,0.1,0.6,0.0,1.0,0.0,1.0,1.0,wiki_B,autorpa_233k,always_compile_evict,13922246056.0,1.888194,0.0,0.0,28107.0,0.0,0.0,0.0,28107.0,0.003,28107.0,6548931000.0,always_reactive,0.529607
h=0.1/q0=0.6/p=0/r=1/sig=0/cf=1,B_q0,0.1,0.6,0.0,1.0,0.0,1.0,1.0,wiki_B,autorpa_233k,ours_noinflate,7373315056.0,1.0,0.0,0.0,0.0,0.0,0.0,0.0,0.0,0.005,0.0,0.0,always_reactive,0.529607
h=0.1/q0=0.6/p=0/r=1/sig=0/cf=1,B_q0,0.1,0.6,0.0,1.0,0.0,1.0,1.0,wiki_B,autorpa_233k,oracle_tax,7373315056.0,1.0,0.0,0.0,0.0,0.0,0.0,0.0,0.0,0.005,0.0,0.0,always_reactive,0.529607
h=0.1/q0=0.6/p=0/r=1/sig=0/cf=1,B_q0,0.1,0.6,0.0,1.0,0.0,1.0,1.0,wiki_B,autorpa_233k,ours_spend_cap,7373315056.0,1.0,0.0,0.0,0.0,0.0,0.0,0.0,0.0,0.005,0.0,0.0,always_reactive,0.529607
h=0.1/q0=0.6/p=0/r=1/sig=0/cf=1,B_q0,0.1,0.6,0.0,1.0,0.0,1.0,1.0,wiki_B,autorpa_233k,ours_pi_prior,7373315056.0,1.0,0.0,0.0,0.0,0.0,0.0,0.0,0.0,0.005,0.0,0.0,always_reactive,0.529607
h=0.1/q0=0.6/p=0/r=1/sig=0/cf=1,B_q0,0.1,0.6,0.0,1.0,0.0,1.0,1.0,wiki_B,autorpa_233k,ours_both,7373315056.0,1.0,0.0,0.0,0.0,0.0,0.0,0.0,0.0,0.005,0.0,0.0,always_reactive,0.529607
h=0.1/q0=0.6/p=0/r=1/sig=0/cf=1,B_q0,0.1,0.6,0.0,1.0,0.0,1.0,1.0,wiki_B,autorpa_233k,breakeven,7885216056.0,1.069426,0.0,0.0,2197.0,0.0,0.0,0.0,2197.0,0.005,2197.0,511901000.0,always_reactive,0.529607
h=0.1/q0=0.6/p=0/r=1/sig=0/cf=1,B_q0,0.1,0.6,0.0,1.0,0.0,1.0,1.0,wiki_B,autorpa_233k,breakeven_cap,7451370056.0,1.010586,0.0,0.0,335.0,0.0,0.0,0.0,335.0,0.005,335.0,78055000.0,always_reactive,0.529607
h=0.1/q0=0.6/p=0/r=1/sig=0/cf=1,B_q0,0.1,0.6,0.0,1.0,0.0,1.0,1.0,wiki_B,autorpa_233k,offline_taxblind,7373315056.0,1.0,,,,,,,,,,,always_reactive,0.529607
h=0.1/q0=0.6/p=0/r=1/sig=0/cf=1,B_q0,0.1,0.6,0.0,1.0,0.0,1.0,1.0,wiki_B,autorpa_233k,offline_opt_tax,7373315056.0,1.0,,,,,,,,,,,always_reactive,0.529607
h=0.1/q0=0.6/p=0/r=1/sig=0/cf=1,B_q0,0.1,0.6,0.0,1.0,0.0,1.0,1.0,wiki_B,native,always_reactive,7373315056.0,0.982448,0.0,0.0,0.0,0.0,0.0,0.0,0.0,0.005,0.0,0.0,always_reactive,0.947454
h=0.1/q0=0.6/p=0/r=1/sig=0/cf=1,B_q0,0.1,0.6,0.0,1.0,0.0,1.0,1.0,wiki_B,native,always_compile_evict,7782243799.0,1.036935,0.0,0.0,28107.0,0.0,0.0,0.0,28107.0,0.005,28107.0,408928743.0,always_reactive,0.947454
h=0.1/q0=0.6/p=0/r=1/sig=0/cf=1,B_q0,0.1,0.6,0.0,1.0,0.0,1.0,1.0,wiki_B,native,ours_noinflate,7505041702.0,1.0,0.0,0.0,9054.0,0.0,0.0,0.0,9054.0,0.005,9054.0,131726646.0,always_reactive,0.947454
h=0.1/q0=0.6/p=0/r=1/sig=0/cf=1,B_q0,0.1,0.6,0.0,1.0,0.0,1.0,1.0,wiki_B,native,oracle_tax,7373315056.0,0.982448,0.0,0.0,0.0,0.0,0.0,0.0,0.0,0.005,0.0,0.0,always_reactive,0.947454
h=0.1/q0=0.6/p=0/r=1/sig=0/cf=1,B_q0,0.1,0.6,0.0,1.0,0.0,1.0,1.0,wiki_B,native,ours_spend_cap,7505041702.0,1.0,0.0,0.0,9054.0,0.0,0.0,0.0,9054.0,0.005,9054.0,131726646.0,always_reactive,0.947454
h=0.1/q0=0.6/p=0/r=1/sig=0/cf=1,B_q0,0.1,0.6,0.0,1.0,0.0,1.0,1.0,wiki_B,native,ours_pi_prior,7491714818.0,0.998224,0.0,0.0,8138.0,0.0,0.0,0.0,8138.0,0.005,8138.0,118399762.0,always_reactive,0.947454
h=0.1/q0=0.6/p=0/r=1/sig=0/cf=1,B_q0,0.1,0.6,0.0,1.0,0.0,1.0,1.0,wiki_B,native,ours_both,7488441293.0,0.997788,0.0,0.0,7913.0,0.0,0.0,0.0,7913.0,0.005,7913.0,115126237.0,always_reactive,0.947454
h=0.1/q0=0.6/p=0/r=1/sig=0/cf=1,B_q0,0.1,0.6,0.0,1.0,0.0,1.0,1.0,wiki_B,native,breakeven,7782243799.0,1.036935,0.0,0.0,28107.0,0.0,0.0,0.0,28107.0,0.005,28107.0,408928743.0,always_reactive,0.947454
h=0.1/q0=0.6/p=0/r=1/sig=0/cf=1,B_q0,0.1,0.6,0.0,1.0,0.0,1.0,1.0,wiki_B,native,breakeven_cap,7518354037.0,1.001774,0.0,0.0,9969.0,0.0,0.0,0.0,9969.0,0.005,9969.0,145038981.0,always_reactive,0.947454
h=0.1/q0=0.6/p=0/r=1/sig=0/cf=1,B_q0,0.1,0.6,0.0,1.0,0.0,1.0,1.0,wiki_B,native,offline_taxblind,7373315056.0,0.982448,,,,,,,,,,,always_reactive,0.947454
h=0.1/q0=0.6/p=0/r=1/sig=0/cf=1,B_q0,0.1,0.6,0.0,1.0,0.0,1.0,1.0,wiki_B,native,offline_opt_tax,7373315056.0,0.982448,,,,,,,,,,,always_reactive,0.947454
h=0.1/q0=0.6/p=0/r=1/sig=0/cf=2.08299,B_q0,0.1,0.6,0.0,1.0,0.0,1.0,2.0829936590907905,bpi2019,autorpa_233k,always_reactive,19497801224.0,1.0,0.0,0.0,0.0,0.0,0.0,0.0,0.0,0.005,0.0,0.0,always_reactive,0.145036
h=0.1/q0=0.6/p=0/r=1/sig=0/cf=2.08299,B_q0,0.1,0.6,0.0,1.0,0.0,1.0,2.0829936590907905,bpi2019,autorpa_233k,always_compile_evict,134434462643.453,6.894852,0.0,0.0,236818.0,0.0,0.0,0.0,236818.0,0.001,236818.0,114936661419.52,always_reactive,0.145036
h=0.1/q0=0.6/p=0/r=1/sig=0/cf=2.08299,B_q0,0.1,0.6,0.0,1.0,0.0,1.0,2.0829936590907905,bpi2019,autorpa_233k,ours_noinflate,19497801224.0,1.0,0.0,0.0,0.0,0.0,0.0,0.0,0.0,0.005,0.0,0.0,always_reactive,0.145036
h=0.1/q0=0.6/p=0/r=1/sig=0/cf=2.08299,B_q0,0.1,0.6,0.0,1.0,0.0,1.0,2.0829936590907905,bpi2019,autorpa_233k,oracle_tax,19497801224.0,1.0,0.0,0.0,0.0,0.0,0.0,0.0,0.0,0.005,0.0,0.0,always_reactive,0.145036
h=0.1/q0=0.6/p=0/r=1/sig=0/cf=2.08299,B_q0,0.1,0.6,0.0,1.0,0.0,1.0,2.0829936590907905,bpi2019,autorpa_233k,ours_spend_cap,19497801224.0,1.0,0.0,0.0,0.0,0.0,0.0,0.0,0.0,0.005,0.0,0.0,always_reactive,0.145036
h=0.1/q0=0.6/p=0/r=1/sig=0/cf=2.08299,B_q0,0.1,0.6,0.0,1.0,0.0,1.0,2.0829936590907905,bpi2019,autorpa_233k,ours_pi_prior,19497801224.0,1.0,0.0,0.0,0.0,0.0,0.0,0.0,0.0,0.005,0.0,0.0,always_reactive,0.145036
h=0.1/q0=0.6/p=0/r=1/sig=0/cf=2.08299,B_q0,0.1,0.6,0.0,1.0,0.0,1.0,2.0829936590907905,bpi2019,autorpa_233k,ours_both,19497801224.0,1.0,0.0,0.0,0.0,0.0,0.0,0.0,0.0,0.005,0.0,0.0,always_reactive,0.145036
h=0.1/q0=0.6/p=0/r=1/sig=0/cf=2.08299,B_q0,0.1,0.6,0.0,1.0,0.0,1.0,2.0829936590907905,bpi2019,autorpa_233k,breakeven,32453886388.948,1.66449,0.0,0.0,26695.0,0.0,0.0,0.0,26695.0,0.003,26695.0,12956085164.957,always_reactive,0.145036
h=0.1/q0=0.6/p=0/r=1/sig=0/cf=2.08299,B_q0,0.1,0.6,0.0,1.0,0.0,1.0,2.0829936590907905,bpi2019,autorpa_233k,breakeven_cap,19690965557.982,1.009907,0.0,0.0,398.0,0.0,0.0,0.0,398.0,0.005,398.0,193164333.982,always_reactive,0.145036
h=0.1/q0=0.6/p=0/r=1/sig=0/cf=2.08299,B_q0,0.1,0.6,0.0,1.0,0.0,1.0,2.0829936590907905,bpi2019,autorpa_233k,offline_taxblind,19497801224.0,1.0,,,,,,,,,,,always_reactive,0.145036
h=0.1/q0=0.6/p=0/r=1/sig=0/cf=2.08299,B_q0,0.1,0.6,0.0,1.0,0.0,1.0,2.0829936590907905,bpi2019,autorpa_233k,offline_opt_tax,19497801224.0,1.0,,,,,,,,,,,always_reactive,0.145036
h=0.1/q0=0.6/p=0/r=1/sig=0/cf=2.08299,B_q0,0.1,0.6,0.0,1.0,0.0,1.0,2.0829936590907905,bpi2019,native,always_reactive,19497801224.0,0.981825,0.0,0.0,0.0,0.0,0.0,0.0,0.0,0.005,0.0,0.0,always_reactive,0.730948
h=0.1/q0=0.6/p=0/r=1/sig=0/cf=2.08299,B_q0,0.1,0.6,0.0,1.0,0.0,1.0,2.0829936590907905,bpi2019,native,always_compile_evict,26674683142.511,1.343221,0.0,0.0,236818.0,0.0,0.0,0.0,236818.0,0.003,236818.0,7176881918.426,always_reactive,0.730948
h=0.1/q0=0.6/p=0/r=1/sig=0/cf=2.08299,B_q0,0.1,0.6,0.0,1.0,0.0,1.0,2.0829936590907905,bpi2019,native,ours_noinflate,19858739428.229,1.0,0.0,0.0,11910.0,0.0,0.0,0.0,11910.0,0.005,11910.0,360938204.226,always_reactive,0.730948
h=0.1/q0=0.6/p=0/r=1/sig=0/cf=2.08299,B_q0,0.1,0.6,0.0,1.0,0.0,1.0,2.0829936590907905,bpi2019,native,oracle_tax,19497801224.0,0.981825,0.0,0.0,0.0,0.0,0.0,0.0,0.0,0.005,0.0,0.0,always_reactive,0.730948
h=0.1/q0=0.6/p=0/r=1/sig=0/cf=2.08299,B_q0,0.1,0.6,0.0,1.0,0.0,1.0,2.0829936590907905,bpi2019,native,ours_spend_cap,19765216733.162,0.995291,0.0,0.0,8824.0,0.0,0.0,0.0,8824.0,0.005,8824.0,267415509.16,always_reactive,0.730948
h=0.1/q0=0.6/p=0/r=1/sig=0/cf=2.08299,B_q0,0.1,0.6,0.0,1.0,0.0,1.0,2.0829936590907905,bpi2019,native,ours_pi_prior,19828918841.079,0.998498,0.0,0.0,10926.0,0.0,0.0,0.0,10926.0,0.005,10926.0,331117617.076,always_reactive,0.730948
h=0.1/q0=0.6/p=0/r=1/sig=0/cf=2.08299,B_q0,0.1,0.6,0.0,1.0,0.0,1.0,2.0829936590907905,bpi2019,native,ours_both,19732608042.335,0.993649,0.0,0.0,7748.0,0.0,0.0,0.0,7748.0,0.005,7748.0,234806818.333,always_reactive,0.730948
h=0.1/q0=0.6/p=0/r=1/sig=0/cf=2.08299,B_q0,0.1,0.6,0.0,1.0,0.0,1.0,2.0829936590907905,bpi2019,native,breakeven,26674683142.511,1.343221,0.0,0.0,236818.0,0.0,0.0,0.0,236818.0,0.003,236818.0,7176881918.426,always_reactive,0.730948
h=0.1/q0=0.6/p=0/r=1/sig=0/cf=2.08299,B_q0,0.1,0.6,0.0,1.0,0.0,1.0,2.0829936590907905,bpi2019,native,breakeven_cap,19772611269.0,0.995663,0.0,0.0,9068.0,0.0,0.0,0.0,9068.0,0.005,9068.0,274810044.998,always_reactive,0.730948
h=0.1/q0=0.6/p=0/r=1/sig=0/cf=2.08299,B_q0,0.1,0.6,0.0,1.0,0.0,1.0,2.0829936590907905,bpi2019,native,offline_taxblind,19497801224.0,0.981825,,,,,,,,,,,always_reactive,0.730948
h=0.1/q0=0.6/p=0/r=1/sig=0/cf=2.08299,B_q0,0.1,0.6,0.0,1.0,0.0,1.0,2.0829936590907905,bpi2019,native,offline_opt_tax,19497801224.0,0.981825,,,,,,,,,,,always_reactive,0.730948
h=0.1/q0=0.6/p=0/r=1/sig=0/cf=2.08299,B_q0,0.1,0.6,0.0,1.0,0.0,1.0,2.0829936590907905,sepsis,autorpa_233k,always_reactive,77101119.0,1.0,0.0,0.0,0.0,0.0,0.0,0.0,0.0,0.005,0.0,0.0,always_reactive,0.528021
h=0.1/q0=0.6/p=0/r=1/sig=0/cf=2.08299,B_q0,0.1,0.6,0.0,1.0,0.0,1.0,2.0829936590907905,sepsis,autorpa_233k,always_compile_evict,146019047.205,1.893864,0.0,0.0,142.0,0.0,0.0,0.0,142.0,0.003,142.0,68917928.205,always_reactive,0.528021
h=0.1/q0=0.6/p=0/r=1/sig=0/cf=2.08299,B_q0,0.1,0.6,0.0,1.0,0.0,1.0,2.0829936590907905,sepsis,autorpa_233k,ours_noinflate,77101119.0,1.0,0.0,0.0,0.0,0.0,0.0,0.0,0.0,0.005,0.0,0.0,always_reactive,0.528021
h=0.1/q0=0.6/p=0/r=1/sig=0/cf=2.08299,B_q0,0.1,0.6,0.0,1.0,0.0,1.0,2.0829936590907905,sepsis,autorpa_233k,oracle_tax,77101119.0,1.0,0.0,0.0,0.0,0.0,0.0,0.0,0.0,0.005,0.0,0.0,always_reactive,0.528021
h=0.1/q0=0.6/p=0/r=1/sig=0/cf=2.08299,B_q0,0.1,0.6,0.0,1.0,0.0,1.0,2.0829936590907905,sepsis,autorpa_233k,ours_spend_cap,77101119.0,1.0,0.0,0.0,0.0,0.0,0.0,0.0,0.0,0.005,0.0,0.0,always_reactive,0.528021
h=0.1/q0=0.6/p=0/r=1/sig=0/cf=2.08299,B_q0,0.1,0.6,0.0,1.0,0.0,1.0,2.0829936590907905,sepsis,autorpa_233k,ours_pi_prior,77101119.0,1.0,0.0,0.0,0.0,0.0,0.0,0.0,0.0,0.005,0.0,0.0,always_reactive,0.528021
h=0.1/q0=0.6/p=0/r=1/sig=0/cf=2.08299,B_q0,0.1,0.6,0.0,1.0,0.0,1.0,2.0829936590907905,sepsis,autorpa_233k,ours_both,77101119.0,1.0,0.0,0.0,0.0,0.0,0.0,0.0,0.0,0.005,0.0,0.0,always_reactive,0.528021
h=0.1/q0=0.6/p=0/r=1/sig=0/cf=2.08299,B_q0,0.1,0.6,0.0,1.0,0.0,1.0,2.0829936590907905,sepsis,autorpa_233k,breakeven,79042469.09,1.025179,0.0,0.0,4.0,0.0,0.0,0.0,4.0,0.005,4.0,1941350.09,always_reactive,0.528021
h=0.1/q0=0.6/p=0/r=1/sig=0/cf=2.08299,B_q0,0.1,0.6,0.0,1.0,0.0,1.0,2.0829936590907905,sepsis,autorpa_233k,breakeven_cap,78071794.045,1.01259,0.0,0.0,2.0,0.0,0.0,0.0,2.0,0.005,2.0,970675.045,always_reactive,0.528021
h=0.1/q0=0.6/p=0/r=1/sig=0/cf=2.08299,B_q0,0.1,0.6,0.0,1.0,0.0,1.0,2.0829936590907905,sepsis,autorpa_233k,offline_taxblind,77101119.0,1.0,,,,,,,,,,,always_reactive,0.528021
h=0.1/q0=0.6/p=0/r=1/sig=0/cf=2.08299,B_q0,0.1,0.6,0.0,1.0,0.0,1.0,2.0829936590907905,sepsis,autorpa_233k,offline_opt_tax,77101119.0,1.0,,,,,,,,,,,always_reactive,0.528021
h=0.1/q0=0.6/p=0/r=1/sig=0/cf=2.08299,B_q0,0.1,0.6,0.0,1.0,0.0,1.0,2.0829936590907905,sepsis,native,always_reactive,77101119.0,0.957473,0.0,0.0,0.0,0.0,0.0,0.0,0.0,0.005,0.0,0.0,always_reactive,0.947136
h=0.1/q0=0.6/p=0/r=1/sig=0/cf=2.08299,B_q0,0.1,0.6,0.0,1.0,0.0,1.0,2.0829936590907905,sepsis,native,always_compile_evict,81404496.414,1.010914,0.0,0.0,142.0,0.0,0.0,0.0,142.0,0.005,142.0,4303377.414,always_reactive,0.947136
h=0.1/q0=0.6/p=0/r=1/sig=0/cf=2.08299,B_q0,0.1,0.6,0.0,1.0,0.0,1.0,2.0829936590907905,sepsis,native,ours_noinflate,80525637.646,1.0,0.0,0.0,113.0,0.0,0.0,0.0,113.0,0.005,113.0,3424518.646,always_reactive,0.947136
h=0.1/q0=0.6/p=0/r=1/sig=0/cf=2.08299,B_q0,0.1,0.6,0.0,1.0,0.0,1.0,2.0829936590907905,sepsis,native,oracle_tax,77101119.0,0.957473,0.0,0.0,0.0,0.0,0.0,0.0,0.0,0.005,0.0,0.0,always_reactive,0.947136
h=0.1/q0=0.6/p=0/r=1/sig=0/cf=2.08299,B_q0,0.1,0.6,0.0,1.0,0.0,1.0,2.0829936590907905,sepsis,native,ours_spend_cap,79980139.101,0.993226,0.0,0.0,95.0,0.0,0.0,0.0,95.0,0.005,95.0,2879020.101,always_reactive,0.947136
h=0.1/q0=0.6/p=0/r=1/sig=0/cf=2.08299,B_q0,0.1,0.6,0.0,1.0,0.0,1.0,2.0829936590907905,sepsis,native,ours_pi_prior,80343804.798,0.997742,0.0,0.0,107.0,0.0,0.0,0.0,107.0,0.005,107.0,3242685.798,always_reactive,0.947136
h=0.1/q0=0.6/p=0/r=1/sig=0/cf=2.08299,B_q0,0.1,0.6,0.0,1.0,0.0,1.0,2.0829936590907905,sepsis,native,ours_both,79677084.353,0.989462,0.0,0.0,85.0,0.0,0.0,0.0,85.0,0.005,85.0,2575965.353,always_reactive,0.947136
h=0.1/q0=0.6/p=0/r=1/sig=0/cf=2.08299,B_q0,0.1,0.6,0.0,1.0,0.0,1.0,2.0829936590907905,sepsis,native,breakeven,81404496.414,1.010914,0.0,0.0,142.0,0.0,0.0,0.0,142.0,0.005,142.0,4303377.414,always_reactive,0.947136
h=0.1/q0=0.6/p=0/r=1/sig=0/cf=2.08299,B_q0,0.1,0.6,0.0,1.0,0.0,1.0,2.0829936590907905,sepsis,native,breakeven_cap,79980139.101,0.993226,0.0,0.0,95.0,0.0,0.0,0.0,95.0,0.005,95.0,2879020.101,always_reactive,0.947136
h=0.1/q0=0.6/p=0/r=1/sig=0/cf=2.08299,B_q0,0.1,0.6,0.0,1.0,0.0,1.0,2.0829936590907905,sepsis,native,offline_taxblind,77101119.0,0.957473,,,,,,,,,,,always_reactive,0.947136
h=0.1/q0=0.6/p=0/r=1/sig=0/cf=2.08299,B_q0,0.1,0.6,0.0,1.0,0.0,1.0,2.0829936590907905,sepsis,native,offline_opt_tax,77101119.0,0.957473,,,,,,,,,,,always_reactive,0.947136
h=0.1/q0=0.6/p=0/r=1/sig=0/cf=2.08299,B_q0,0.1,0.6,0.0,1.0,0.0,1.0,2.0829936590907905,wiki_A,autorpa_233k,always_reactive,5261420180.0,1.0,0.0,0.0,0.0,0.0,0.0,0.0,0.0,0.005,0.0,0.0,always_reactive,0.147687
h=0.1/q0=0.6/p=0/r=1/sig=0/cf=2.08299,B_q0,0.1,0.6,0.0,1.0,0.0,1.0,2.0829936590907905,wiki_A,autorpa_233k,always_compile_evict,35625591604.41,6.771098,0.0,0.0,62563.0,0.0,0.0,0.0,62563.0,0.001,62563.0,30364171424.423,always_reactive,0.147687
h=0.1/q0=0.6/p=0/r=1/sig=0/cf=2.08299,B_q0,0.1,0.6,0.0,1.0,0.0,1.0,2.0829936590907905,wiki_A,autorpa_233k,ours_noinflate,5261420180.0,1.0,0.0,0.0,0.0,0.0,0.0,0.0,0.0,0.005,0.0,0.0,always_reactive,0.147687
h=0.1/q0=0.6/p=0/r=1/sig=0/cf=2.08299,B_q0,0.1,0.6,0.0,1.0,0.0,1.0,2.0829936590907905,wiki_A,autorpa_233k,oracle_tax,5261420180.0,1.0,0.0,0.0,0.0,0.0,0.0,0.0,0.0,0.005,0.0,0.0,always_reactive,0.147687
h=0.1/q0=0.6/p=0/r=1/sig=0/cf=2.08299,B_q0,0.1,0.6,0.0,1.0,0.0,1.0,2.0829936590907905,wiki_A,autorpa_233k,ours_spend_cap,5261420180.0,1.0,0.0,0.0,0.0,0.0,0.0,0.0,0.0,0.005,0.0,0.0,always_reactive,0.147687
h=0.1/q0=0.6/p=0/r=1/sig=0/cf=2.08299,B_q0,0.1,0.6,0.0,1.0,0.0,1.0,2.0829936590907905,wiki_A,autorpa_233k,ours_pi_prior,5261420180.0,1.0,0.0,0.0,0.0,0.0,0.0,0.0,0.0,0.005,0.0,0.0,always_reactive,0.147687
h=0.1/q0=0.6/p=0/r=1/sig=0/cf=2.08299,B_q0,0.1,0.6,0.0,1.0,0.0,1.0,2.0829936590907905,wiki_A,autorpa_233k,ours_both,5261420180.0,1.0,0.0,0.0,0.0,0.0,0.0,0.0,0.0,0.005,0.0,0.0,always_reactive,0.147687
h=0.1/q0=0.6/p=0/r=1/sig=0/cf=2.08299,B_q0,0.1,0.6,0.0,1.0,0.0,1.0,2.0829936590907905,wiki_A,autorpa_233k,breakeven,8869904660.293,1.685838,0.0,0.0,7435.0,0.0,0.0,0.0,7435.0,0.003,7435.0,3608484480.294,always_reactive,0.147687
h=0.1/q0=0.6/p=0/r=1/sig=0/cf=2.08299,B_q0,0.1,0.6,0.0,1.0,0.0,1.0,2.0829936590907905,wiki_A,autorpa_233k,breakeven_cap,5303644544.463,1.008025,0.0,0.0,87.0,0.0,0.0,0.0,87.0,0.005,87.0,42224364.463,always_reactive,0.147687
h=0.1/q0=0.6/p=0/r=1/sig=0/cf=2.08299,B_q0,0.1,0.6,0.0,1.0,0.0,1.0,2.0829936590907905,wiki_A,autorpa_233k,offline_taxblind,5261420180.0,1.0,,,,,,,,,,,always_reactive,0.147687
h=0.1/q0=0.6/p=0/r=1/sig=0/cf=2.08299,B_q0,0.1,0.6,0.0,1.0,0.0,1.0,2.0829936590907905,wiki_A,autorpa_233k,offline_opt_tax,5261420180.0,1.0,,,,,,,,,,,always_reactive,0.147687
h=0.1/q0=0.6/p=0/r=1/sig=0/cf=2.08299,B_q0,0.1,0.6,0.0,1.0,0.0,1.0,2.0829936590907905,wiki_A,native,always_reactive,5261420180.0,0.987172,0.0,0.0,0.0,0.0,0.0,0.0,0.0,0.005,0.0,0.0,always_reactive,0.7351
h=0.1/q0=0.6/p=0/r=1/sig=0/cf=2.08299,B_q0,0.1,0.6,0.0,1.0,0.0,1.0,2.0829936590907905,wiki_A,native,always_compile_evict,7157421596.536,1.342909,0.0,0.0,62563.0,0.0,0.0,0.0,62563.0,0.003,62563.0,1896001416.541,always_reactive,0.7351
h=0.1/q0=0.6/p=0/r=1/sig=0/cf=2.08299,B_q0,0.1,0.6,0.0,1.0,0.0,1.0,2.0829936590907905,wiki_A,native,ours_noinflate,5329789331.027,1.0,0.0,0.0,2256.0,0.0,0.0,0.0,2256.0,0.005,2256.0,68369151.027,always_reactive,0.7351
h=0.1/q0=0.6/p=0/r=1/sig=0/cf=2.08299,B_q0,0.1,0.6,0.0,1.0,0.0,1.0,2.0829936590907905,wiki_A,native,oracle_tax,5261420180.0,0.987172,0.0,0.0,0.0,0.0,0.0,0.0,0.0,0.005,0.0,0.0,always_reactive,0.7351
h=0.1/q0=0.6/p=0/r=1/sig=0/cf=2.08299,B_q0,0.1,0.6,0.0,1.0,0.0,1.0,2.0829936590907905,wiki_A,native,ours_spend_cap,5310333216.24,0.99635,0.0,0.0,1614.0,0.0,0.0,0.0,1614.0,0.005,1614.0,48913036.24,always_reactive,0.7351
h=0.1/q0=0.6/p=0/r=1/sig=0/cf=2.08299,B_q0,0.1,0.6,0.0,1.0,0.0,1.0,2.0829936590907905,wiki_A,native,ours_pi_prior,5326152674.058,0.999318,0.0,0.0,2136.0,0.0,0.0,0.0,2136.0,0.005,2136.0,64732494.058,always_reactive,0.7351
h=0.1/q0=0.6/p=0/r=1/sig=0/cf=2.08299,B_q0,0.1,0.6,0.0,1.0,0.0,1.0,2.0829936590907905,wiki_A,native,ours_both,5304666092.463,0.995286,0.0,0.0,1427.0,0.0,0.0,0.0,1427.0,0.005,1427.0,43245912.463,always_reactive,0.7351
h=0.1/q0=0.6/p=0/r=1/sig=0/cf=2.08299,B_q0,0.1,0.6,0.0,1.0,0.0,1.0,2.0829936590907905,wiki_A,native,breakeven,7157421596.536,1.342909,0.0,0.0,62563.0,0.0,0.0,0.0,62563.0,0.003,62563.0,1896001416.541,always_reactive,0.7351
h=0.1/q0=0.6/p=0/r=1/sig=0/cf=2.08299,B_q0,0.1,0.6,0.0,1.0,0.0,1.0,2.0829936590907905,wiki_A,native,breakeven_cap,5310515049.089,0.996384,0.0,0.0,1620.0,0.0,0.0,0.0,1620.0,0.005,1620.0,49094869.089,always_reactive,0.7351
h=0.1/q0=0.6/p=0/r=1/sig=0/cf=2.08299,B_q0,0.1,0.6,0.0,1.0,0.0,1.0,2.0829936590907905,wiki_A,native,offline_taxblind,5261420180.0,0.987172,,,,,,,,,,,always_reactive,0.7351
h=0.1/q0=0.6/p=0/r=1/sig=0/cf=2.08299,B_q0,0.1,0.6,0.0,1.0,0.0,1.0,2.0829936590907905,wiki_A,native,offline_opt_tax,5261420180.0,0.987172,,,,,,,,,,,always_reactive,0.7351
h=0.1/q0=0.6/p=0/r=1/sig=0/cf=2.08299,B_q0,0.1,0.6,0.0,1.0,0.0,1.0,2.0829936590907905,wiki_B,autorpa_233k,always_reactive,7373315056.0,1.0,0.0,0.0,0.0,0.0,0.0,0.0,0.0,0.005,0.0,0.0,always_reactive,0.350865
h=0.1/q0=0.6/p=0/r=1/sig=0/cf=2.08299,B_q0,0.1,0.6,0.0,1.0,0.0,1.0,2.0829936590907905,wiki_B,autorpa_233k,always_compile_evict,21014696802.814,2.850102,0.0,0.0,28107.0,0.0,0.0,0.0,28107.0,0.002,28107.0,13641381746.823,always_reactive,0.350865
h=0.1/q0=0.6/p=0/r=1/sig=0/cf=2.08299,B_q0,0.1,0.6,0.0,1.0,0.0,1.0,2.0829936590907905,wiki_B,autorpa_233k,ours_noinflate,7373315056.0,1.0,0.0,0.0,0.0,0.0,0.0,0.0,0.0,0.005,0.0,0.0,always_reactive,0.350865
h=0.1/q0=0.6/p=0/r=1/sig=0/cf=2.08299,B_q0,0.1,0.6,0.0,1.0,0.0,1.0,2.0829936590907905,wiki_B,autorpa_233k,oracle_tax,7373315056.0,1.0,0.0,0.0,0.0,0.0,0.0,0.0,0.0,0.005,0.0,0.0,always_reactive,0.350865
h=0.1/q0=0.6/p=0/r=1/sig=0/cf=2.08299,B_q0,0.1,0.6,0.0,1.0,0.0,1.0,2.0829936590907905,wiki_B,autorpa_233k,ours_spend_cap,7373315056.0,1.0,0.0,0.0,0.0,0.0,0.0,0.0,0.0,0.005,0.0,0.0,always_reactive,0.350865
h=0.1/q0=0.6/p=0/r=1/sig=0/cf=2.08299,B_q0,0.1,0.6,0.0,1.0,0.0,1.0,2.0829936590907905,wiki_B,autorpa_233k,ours_pi_prior,7373315056.0,1.0,0.0,0.0,0.0,0.0,0.0,0.0,0.0,0.005,0.0,0.0,always_reactive,0.350865
h=0.1/q0=0.6/p=0/r=1/sig=0/cf=2.08299,B_q0,0.1,0.6,0.0,1.0,0.0,1.0,2.0829936590907905,wiki_B,autorpa_233k,ours_both,7373315056.0,1.0,0.0,0.0,0.0,0.0,0.0,0.0,0.0,0.005,0.0,0.0,always_reactive,0.350865
h=0.1/q0=0.6/p=0/r=1/sig=0/cf=2.08299,B_q0,0.1,0.6,0.0,1.0,0.0,1.0,2.0829936590907905,wiki_B,autorpa_233k,breakeven,8439601593.082,1.144614,0.0,0.0,2197.0,0.0,0.0,0.0,2197.0,0.004,2197.0,1066286537.082,always_reactive,0.350865
h=0.1/q0=0.6/p=0/r=1/sig=0/cf=2.08299,B_q0,0.1,0.6,0.0,1.0,0.0,1.0,2.0829936590907905,wiki_B,autorpa_233k,breakeven_cap,7482030661.055,1.014744,0.0,0.0,224.0,0.0,0.0,0.0,224.0,0.005,224.0,108715605.055,always_reactive,0.350865
h=0.1/q0=0.6/p=0/r=1/sig=0/cf=2.08299,B_q0,0.1,0.6,0.0,1.0,0.0,1.0,2.0829936590907905,wiki_B,autorpa_233k,offline_taxblind,7373315056.0,1.0,,,,,,,,,,,always_reactive,0.350865
h=0.1/q0=0.6/p=0/r=1/sig=0/cf=2.08299,B_q0,0.1,0.6,0.0,1.0,0.0,1.0,2.0829936590907905,wiki_B,autorpa_233k,offline_opt_tax,7373315056.0,1.0,,,,,,,,,,,always_reactive,0.350865
h=0.1/q0=0.6/p=0/r=1/sig=0/cf=2.08299,B_q0,0.1,0.6,0.0,1.0,0.0,1.0,2.0829936590907905,wiki_B,native,always_reactive,7373315056.0,0.964122,0.0,0.0,0.0,0.0,0.0,0.0,0.0,0.005,0.0,0.0,always_reactive,0.89644
h=0.1/q0=0.6/p=0/r=1/sig=0/cf=2.08299,B_q0,0.1,0.6,0.0,1.0,0.0,1.0,2.0829936590907905,wiki_B,native,always_compile_evict,8225111034.685,1.075501,0.0,0.0,28107.0,0.0,0.0,0.0,28107.0,0.004,28107.0,851795978.689,always_reactive,0.89644
h=0.1/q0=0.6/p=0/r=1/sig=0/cf=2.08299,B_q0,0.1,0.6,0.0,1.0,0.0,1.0,2.0829936590907905,wiki_B,native,ours_noinflate,7647700824.35,1.0,0.0,0.0,9054.0,0.0,0.0,0.0,9054.0,0.005,9054.0,274385768.351,always_reactive,0.89644
h=0.1/q0=0.6/p=0/r=1/sig=0/cf=2.08299,B_q0,0.1,0.6,0.0,1.0,0.0,1.0,2.0829936590907905,wiki_B,native,oracle_tax,7373315056.0,0.964122,0.0,0.0,0.0,0.0,0.0,0.0,0.0,0.005,0.0,0.0,always_reactive,0.89644
h=0.1/q0=0.6/p=0/r=1/sig=0/cf=2.08299,B_q0,0.1,0.6,0.0,1.0,0.0,1.0,2.0829936590907905,wiki_B,native,ours_spend_cap,7591575085.121,0.992661,0.0,0.0,7202.0,0.0,0.0,0.0,7202.0,0.005,7202.0,218260029.121,always_reactive,0.89644
h=0.1/q0=0.6/p=0/r=1/sig=0/cf=2.08299,B_q0,0.1,0.6,0.0,1.0,0.0,1.0,2.0829936590907905,wiki_B,native,ours_pi_prior,7619941009.483,0.99637,0.0,0.0,8138.0,0.0,0.0,0.0,8138.0,0.005,8138.0,246625953.484,always_reactive,0.89644
h=0.1/q0=0.6/p=0/r=1/sig=0/cf=2.08299,B_q0,0.1,0.6,0.0,1.0,0.0,1.0,2.0829936590907905,wiki_B,native,ours_both,7562875800.536,0.988908,0.0,0.0,6255.0,0.0,0.0,0.0,6255.0,0.005,6255.0,189560744.537,always_reactive,0.89644
h=0.1/q0=0.6/p=0/r=1/sig=0/cf=2.08299,B_q0,0.1,0.6,0.0,1.0,0.0,1.0,2.0829936590907905,wiki_B,native,breakeven,8225111034.685,1.075501,0.0,0.0,28107.0,0.0,0.0,0.0,28107.0,0.004,28107.0,851795978.689,always_reactive,0.89644
h=0.1/q0=0.6/p=0/r=1/sig=0/cf=2.08299,B_q0,0.1,0.6,0.0,1.0,0.0,1.0,2.0829936590907905,wiki_B,native,breakeven_cap,7592393332.939,0.992768,0.0,0.0,7229.0,0.0,0.0,0.0,7229.0,0.005,7229.0,219078276.94,always_reactive,0.89644
h=0.1/q0=0.6/p=0/r=1/sig=0/cf=2.08299,B_q0,0.1,0.6,0.0,1.0,0.0,1.0,2.0829936590907905,wiki_B,native,offline_taxblind,7373315056.0,0.964122,,,,,,,,,,,always_reactive,0.89644
h=0.1/q0=0.6/p=0/r=1/sig=0/cf=2.08299,B_q0,0.1,0.6,0.0,1.0,0.0,1.0,2.0829936590907905,wiki_B,native,offline_opt_tax,7373315056.0,0.964122,,,,,,,,,,,always_reactive,0.89644
h=0.1/q0=0.6/p=1/r=1/sig=0/cf=1,B_q0,0.1,0.6,1.0,1.0,0.0,1.0,1.0,bpi2019,autorpa_233k,always_reactive,19497801224.0,1.0,0.0,0.0,0.0,0.0,0.0,0.0,0.0,0.005,0.0,0.0,always_reactive,0.98181
h=0.1/q0=0.6/p=1/r=1/sig=0/cf=1,B_q0,0.1,0.6,1.0,1.0,0.0,1.0,1.0,bpi2019,autorpa_233k,always_compile_evict,19859031815.2,1.018527,42.1,69.4,25427.8,23721.6,0.0,151647.2,25285.1,0.052,0.0,0.0,always_reactive,0.98181
h=0.1/q0=0.6/p=1/r=1/sig=0/cf=1,B_q0,0.1,0.6,1.0,1.0,0.0,1.0,1.0,bpi2019,autorpa_233k,ours_noinflate,19497801224.0,1.0,0.0,0.0,0.0,0.0,0.0,0.0,0.0,0.005,0.0,0.0,always_reactive,0.98181
h=0.1/q0=0.6/p=1/r=1/sig=0/cf=1,B_q0,0.1,0.6,1.0,1.0,0.0,1.0,1.0,bpi2019,autorpa_233k,oracle_tax,19495437382.0,0.999879,3.1,5.3,31.7,28.6,0.0,195.3,17.2,0.005,0.0,0.0,always_reactive,0.98181
h=0.1/q0=0.6/p=1/r=1/sig=0/cf=1,B_q0,0.1,0.6,1.0,1.0,0.0,1.0,1.0,bpi2019,autorpa_233k,ours_spend_cap,19497801224.0,1.0,0.0,0.0,0.0,0.0,0.0,0.0,0.0,0.005,0.0,0.0,always_reactive,0.98181
h=0.1/q0=0.6/p=1/r=1/sig=0/cf=1,B_q0,0.1,0.6,1.0,1.0,0.0,1.0,1.0,bpi2019,autorpa_233k,ours_pi_prior,19497801224.0,1.0,0.0,0.0,0.0,0.0,0.0,0.0,0.0,0.005,0.0,0.0,always_reactive,0.98181
h=0.1/q0=0.6/p=1/r=1/sig=0/cf=1,B_q0,0.1,0.6,1.0,1.0,0.0,1.0,1.0,bpi2019,autorpa_233k,ours_both,19497801224.0,1.0,0.0,0.0,0.0,0.0,0.0,0.0,0.0,0.005,0.0,0.0,always_reactive,0.98181
h=0.1/q0=0.6/p=1/r=1/sig=0/cf=1,B_q0,0.1,0.6,1.0,1.0,0.0,1.0,1.0,bpi2019,autorpa_233k,breakeven,19595567885.0,1.005014,2.3,5.6,627.5,271.5,0.0,1675.2,567.5,0.006,0.0,0.0,always_reactive,0.98181
h=0.1/q0=0.6/p=1/r=1/sig=0/cf=1,B_q0,0.1,0.6,1.0,1.0,0.0,1.0,1.0,bpi2019,autorpa_233k,breakeven_cap,19595567885.0,1.005014,2.3,5.6,627.5,271.5,0.0,1675.2,567.5,0.006,0.0,0.0,always_reactive,0.98181
h=0.1/q0=0.6/p=1/r=1/sig=0/cf=1,B_q0,0.1,0.6,1.0,1.0,0.0,1.0,1.0,bpi2019,autorpa_233k,offline_taxblind,18285202908.715,0.937808,,,,,,,,,,,always_reactive,0.98181
h=0.1/q0=0.6/p=1/r=1/sig=0/cf=1,B_q0,0.1,0.6,1.0,1.0,0.0,1.0,1.0,bpi2019,autorpa_233k,offline_opt_tax,18400510064.037,0.943722,,,,,,,,,,,always_reactive,0.98181
h=0.1/q0=0.6/p=1/r=1/sig=0/cf=1,B_q0,0.1,0.6,1.0,1.0,0.0,1.0,1.0,bpi2019,native,always_reactive,19497801224.0,1.446557,0.0,0.0,0.0,0.0,0.0,0.0,0.0,0.005,0.0,0.0,always_compile_evict,1.0
h=0.1/q0=0.6/p=1/r=1/sig=0/cf=1,B_q0,0.1,0.6,1.0,1.0,0.0,1.0,1.0,bpi2019,native,always_compile_evict,13467806761.8,0.999187,3.8,17.3,25427.8,23721.6,0.0,151647.2,20309.3,0.015,0.0,0.0,always_compile_evict,1.0
h=0.1/q0=0.6/p=1/r=1/sig=0/cf=1,B_q0,0.1,0.6,1.0,1.0,0.0,1.0,1.0,bpi2019,native,ours_noinflate,13478762392.6,1.0,3.9,17.3,25283.2,23665.4,0.0,151307.9,20308.7,0.015,0.0,0.0,always_compile_evict,1.0
h=0.1/q0=0.6/p=1/r=1/sig=0/cf=1,B_q0,0.1,0.6,1.0,1.0,0.0,1.0,1.0,bpi2019,native,oracle_tax,19437284570.7,1.442067,32.5,32.8,292.4,259.9,0.0,1611.7,148.9,0.005,0.0,0.0,always_compile_evict,1.0
h=0.1/q0=0.6/p=1/r=1/sig=0/cf=1,B_q0,0.1,0.6,1.0,1.0,0.0,1.0,1.0,bpi2019,native,ours_spend_cap,13478762392.6,1.0,3.9,17.3,25283.2,23665.4,0.0,151307.9,20308.7,0.015,0.0,0.0,always_compile_evict,1.0
h=0.1/q0=0.6/p=1/r=1/sig=0/cf=1,B_q0,0.1,0.6,1.0,1.0,0.0,1.0,1.0,bpi2019,native,ours_pi_prior,13484238014.0,1.000406,4.0,17.0,25188.9,23632.8,0.0,151103.6,20302.1,0.015,0.0,0.0,always_compile_evict,1.0
h=0.1/q0=0.6/p=1/r=1/sig=0/cf=1,B_q0,0.1,0.6,1.0,1.0,0.0,1.0,1.0,bpi2019,native,ours_both,13484238014.0,1.000406,4.0,17.0,25188.9,23632.8,0.0,151103.6,20302.1,0.015,0.0,0.0,always_compile_evict,1.0
h=0.1/q0=0.6/p=1/r=1/sig=0/cf=1,B_q0,0.1,0.6,1.0,1.0,0.0,1.0,1.0,bpi2019,native,breakeven,19394508499.8,1.438894,0.0,5.0,2360.3,560.6,0.0,3499.7,14.6,0.005,0.0,0.0,always_compile_evict,1.0
h=0.1/q0=0.6/p=1/r=1/sig=0/cf=1,B_q0,0.1,0.6,1.0,1.0,0.0,1.0,1.0,bpi2019,native,breakeven_cap,19394508499.8,1.438894,0.0,5.0,2360.3,560.6,0.0,3499.7,14.6,0.005,0.0,0.0,always_compile_evict,1.0
h=0.1/q0=0.6/p=1/r=1/sig=0/cf=1,B_q0,0.1,0.6,1.0,1.0,0.0,1.0,1.0,bpi2019,native,offline_taxblind,13122317657.592,0.973555,,,,,,,,,,,always_compile_evict,1.0
h=0.1/q0=0.6/p=1/r=1/sig=0/cf=1,B_q0,0.1,0.6,1.0,1.0,0.0,1.0,1.0,bpi2019,native,offline_opt_tax,13210987203.51,0.980134,,,,,,,,,,,always_compile_evict,1.0
h=0.1/q0=0.6/p=1/r=1/sig=0/cf=1,B_q0,0.1,0.6,1.0,1.0,0.0,1.0,1.0,sepsis,autorpa_233k,always_reactive,77101119.0,1.0,0.0,0.0,0.0,0.0,0.0,0.0,0.0,0.005,0.0,0.0,always_reactive,0.92992
h=0.1/q0=0.6/p=1/r=1/sig=0/cf=1,B_q0,0.1,0.6,1.0,1.0,0.0,1.0,1.0,sepsis,autorpa_233k,always_compile_evict,82911571.2,1.075361,16.9,18.5,36.6,12.8,0.0,91.8,33.2,0.016,0.0,0.0,always_reactive,0.92992
h=0.1/q0=0.6/p=1/r=1/sig=0/cf=1,B_q0,0.1,0.6,1.0,1.0,0.0,1.0,1.0,sepsis,autorpa_233k,ours_noinflate,77101119.0,1.0,0.0,0.0,0.0,0.0,0.0,0.0,0.0,0.005,0.0,0.0,always_reactive,0.92992
h=0.1/q0=0.6/p=1/r=1/sig=0/cf=1,B_q0,0.1,0.6,1.0,1.0,0.0,1.0,1.0,sepsis,autorpa_233k,oracle_tax,77180538.5,1.00103,1.1,2.4,4.0,2.9,0.0,21.0,2.2,0.007,0.0,0.0,always_reactive,0.92992
h=0.1/q0=0.6/p=1/r=1/sig=0/cf=1,B_q0,0.1,0.6,1.0,1.0,0.0,1.0,1.0,sepsis,autorpa_233k,ours_spend_cap,77101119.0,1.0,0.0,0.0,0.0,0.0,0.0,0.0,0.0,0.005,0.0,0.0,always_reactive,0.92992
h=0.1/q0=0.6/p=1/r=1/sig=0/cf=1,B_q0,0.1,0.6,1.0,1.0,0.0,1.0,1.0,sepsis,autorpa_233k,ours_pi_prior,77101119.0,1.0,0.0,0.0,0.0,0.0,0.0,0.0,0.0,0.005,0.0,0.0,always_reactive,0.92992
h=0.1/q0=0.6/p=1/r=1/sig=0/cf=1,B_q0,0.1,0.6,1.0,1.0,0.0,1.0,1.0,sepsis,autorpa_233k,ours_both,77101119.0,1.0,0.0,0.0,0.0,0.0,0.0,0.0,0.0,0.005,0.0,0.0,always_reactive,0.92992
h=0.1/q0=0.6/p=1/r=1/sig=0/cf=1,B_q0,0.1,0.6,1.0,1.0,0.0,1.0,1.0,sepsis,autorpa_233k,breakeven,77181217.3,1.001039,0.8,1.6,2.0,1.2,0.0,10.6,1.0,0.005,0.0,0.0,always_reactive,0.92992
h=0.1/q0=0.6/p=1/r=1/sig=0/cf=1,B_q0,0.1,0.6,1.0,1.0,0.0,1.0,1.0,sepsis,autorpa_233k,breakeven_cap,77181217.3,1.001039,0.8,1.6,2.0,1.2,0.0,10.6,1.0,0.005,0.0,0.0,always_reactive,0.92992
h=0.1/q0=0.6/p=1/r=1/sig=0/cf=1,B_q0,0.1,0.6,1.0,1.0,0.0,1.0,1.0,sepsis,autorpa_233k,offline_taxblind,76956762.23,0.998128,,,,,,,,,,,always_reactive,0.92992
h=0.1/q0=0.6/p=1/r=1/sig=0/cf=1,B_q0,0.1,0.6,1.0,1.0,0.0,1.0,1.0,sepsis,autorpa_233k,offline_opt_tax,77051831.293,0.999361,,,,,,,,,,,always_reactive,0.92992
h=0.1/q0=0.6/p=1/r=1/sig=0/cf=1,B_q0,0.1,0.6,1.0,1.0,0.0,1.0,1.0,sepsis,native,always_reactive,77101119.0,1.036597,0.0,0.0,0.0,0.0,0.0,0.0,0.0,0.005,0.0,0.0,always_compile_evict,1.0
h=0.1/q0=0.6/p=1/r=1/sig=0/cf=1,B_q0,0.1,0.6,1.0,1.0,0.0,1.0,1.0,sepsis,native,always_compile_evict,74379100.7,1.0,3.2,9.4,36.6,12.8,0.0,91.8,2.9,0.01,0.0,0.0,always_compile_evict,1.0
h=0.1/q0=0.6/p=1/r=1/sig=0/cf=1,B_q0,0.1,0.6,1.0,1.0,0.0,1.0,1.0,sepsis,native,ours_noinflate,74379100.7,1.0,3.2,9.4,36.6,12.8,0.0,91.8,2.9,0.01,0.0,0.0,always_compile_evict,1.0
h=0.1/q0=0.6/p=1/r=1/sig=0/cf=1,B_q0,0.1,0.6,1.0,1.0,0.0,1.0,1.0,sepsis,native,oracle_tax,74789643.7,1.00552,11.2,11.9,21.9,10.7,0.0,76.5,3.8,0.012,0.0,0.0,always_compile_evict,1.0
h=0.1/q0=0.6/p=1/r=1/sig=0/cf=1,B_q0,0.1,0.6,1.0,1.0,0.0,1.0,1.0,sepsis,native,ours_spend_cap,74379100.7,1.0,3.2,9.4,36.6,12.8,0.0,91.8,2.9,0.01,0.0,0.0,always_compile_evict,1.0
h=0.1/q0=0.6/p=1/r=1/sig=0/cf=1,B_q0,0.1,0.6,1.0,1.0,0.0,1.0,1.0,sepsis,native,ours_pi_prior,74459692.1,1.001084,3.2,9.4,33.3,12.2,0.0,88.2,2.9,0.01,0.0,0.0,always_compile_evict,1.0
h=0.1/q0=0.6/p=1/r=1/sig=0/cf=1,B_q0,0.1,0.6,1.0,1.0,0.0,1.0,1.0,sepsis,native,ours_both,74459692.1,1.001084,3.2,9.4,33.3,12.2,0.0,88.2,2.9,0.01,0.0,0.0,always_compile_evict,1.0
h=0.1/q0=0.6/p=1/r=1/sig=0/cf=1,B_q0,0.1,0.6,1.0,1.0,0.0,1.0,1.0,sepsis,native,breakeven,76649308.2,1.030522,0.0,4.7,29.2,3.4,0.0,25.5,0.3,0.006,0.0,0.0,always_compile_evict,1.0
h=0.1/q0=0.6/p=1/r=1/sig=0/cf=1,B_q0,0.1,0.6,1.0,1.0,0.0,1.0,1.0,sepsis,native,breakeven_cap,76649308.2,1.030522,0.0,4.7,29.2,3.4,0.0,25.5,0.3,0.006,0.0,0.0,always_compile_evict,1.0
h=0.1/q0=0.6/p=1/r=1/sig=0/cf=1,B_q0,0.1,0.6,1.0,1.0,0.0,1.0,1.0,sepsis,native,offline_taxblind,62453423.76,0.839664,,,,,,,,,,,always_compile_evict,1.0
h=0.1/q0=0.6/p=1/r=1/sig=0/cf=1,B_q0,0.1,0.6,1.0,1.0,0.0,1.0,1.0,sepsis,native,offline_opt_tax,62826807.656,0.844684,,,,,,,,,,,always_compile_evict,1.0
h=0.1/q0=0.6/p=1/r=1/sig=0/cf=1,B_q0,0.1,0.6,1.0,1.0,0.0,1.0,1.0,wiki_A,autorpa_233k,always_reactive,5261420180.0,1.0,0.0,0.0,0.0,0.0,0.0,0.0,0.0,0.005,0.0,0.0,always_compile_evict,1.0
h=0.1/q0=0.6/p=1/r=1/sig=0/cf=1,B_q0,0.1,0.6,1.0,1.0,0.0,1.0,1.0,wiki_A,autorpa_233k,always_compile_evict,5078013979.5,0.965141,9.1,41.6,6543.9,6259.2,0.0,40049.1,6357.5,0.02,0.0,0.0,always_compile_evict,1.0
h=0.1/q0=0.6/p=1/r=1/sig=0/cf=1,B_q0,0.1,0.6,1.0,1.0,0.0,1.0,1.0,wiki_A,autorpa_233k,ours_noinflate,5261420180.0,1.0,0.0,0.0,0.0,0.0,0.0,0.0,0.0,0.005,0.0,0.0,always_compile_evict,1.0
h=0.1/q0=0.6/p=1/r=1/sig=0/cf=1,B_q0,0.1,0.6,1.0,1.0,0.0,1.0,1.0,wiki_A,autorpa_233k,oracle_tax,5252278913.7,0.998263,0.8,2.0,72.2,71.4,0.0,472.5,41.0,0.005,0.0,0.0,always_compile_evict,1.0
h=0.1/q0=0.6/p=1/r=1/sig=0/cf=1,B_q0,0.1,0.6,1.0,1.0,0.0,1.0,1.0,wiki_A,autorpa_233k,ours_spend_cap,5261420180.0,1.0,0.0,0.0,0.0,0.0,0.0,0.0,0.0,0.005,0.0,0.0,always_compile_evict,1.0
h=0.1/q0=0.6/p=1/r=1/sig=0/cf=1,B_q0,0.1,0.6,1.0,1.0,0.0,1.0,1.0,wiki_A,autorpa_233k,ours_pi_prior,5261420180.0,1.0,0.0,0.0,0.0,0.0,0.0,0.0,0.0,0.005,0.0,0.0,always_compile_evict,1.0
h=0.1/q0=0.6/p=1/r=1/sig=0/cf=1,B_q0,0.1,0.6,1.0,1.0,0.0,1.0,1.0,wiki_A,autorpa_233k,ours_both,5261420180.0,1.0,0.0,0.0,0.0,0.0,0.0,0.0,0.0,0.005,0.0,0.0,always_compile_evict,1.0
h=0.1/q0=0.6/p=1/r=1/sig=0/cf=1,B_q0,0.1,0.6,1.0,1.0,0.0,1.0,1.0,wiki_A,autorpa_233k,breakeven,5238564393.0,0.995656,0.0,5.3,1363.3,1294.5,0.0,8231.8,1221.3,0.006,0.0,0.0,always_compile_evict,1.0
h=0.1/q0=0.6/p=1/r=1/sig=0/cf=1,B_q0,0.1,0.6,1.0,1.0,0.0,1.0,1.0,wiki_A,autorpa_233k,breakeven_cap,5238564393.0,0.995656,0.0,5.3,1363.3,1294.5,0.0,8231.8,1221.3,0.006,0.0,0.0,always_compile_evict,1.0
h=0.1/q0=0.6/p=1/r=1/sig=0/cf=1,B_q0,0.1,0.6,1.0,1.0,0.0,1.0,1.0,wiki_A,autorpa_233k,offline_taxblind,4909874369.846,0.933184,,,,,,,,,,,always_compile_evict,1.0
h=0.1/q0=0.6/p=1/r=1/sig=0/cf=1,B_q0,0.1,0.6,1.0,1.0,0.0,1.0,1.0,wiki_A,autorpa_233k,offline_opt_tax,4928613262.801,0.936746,,,,,,,,,,,always_compile_evict,1.0
h=0.1/q0=0.6/p=1/r=1/sig=0/cf=1,B_q0,0.1,0.6,1.0,1.0,0.0,1.0,1.0,wiki_A,native,always_reactive,5261420180.0,1.465227,0.0,0.0,0.0,0.0,0.0,0.0,0.0,0.005,0.0,0.0,always_compile_evict,1.0
h=0.1/q0=0.6/p=1/r=1/sig=0/cf=1,B_q0,0.1,0.6,1.0,1.0,0.0,1.0,1.0,wiki_A,native,always_compile_evict,3590391656.0,0.99987,3.8,12.4,6543.9,6259.2,0.0,40049.1,5536.1,0.012,0.0,0.0,always_compile_evict,1.0
h=0.1/q0=0.6/p=1/r=1/sig=0/cf=1,B_q0,0.1,0.6,1.0,1.0,0.0,1.0,1.0,wiki_A,native,ours_noinflate,3590856689.8,1.0,3.8,12.4,6539.4,6257.7,0.0,40035.6,5534.7,0.012,0.0,0.0,always_compile_evict,1.0
h=0.1/q0=0.6/p=1/r=1/sig=0/cf=1,B_q0,0.1,0.6,1.0,1.0,0.0,1.0,1.0,wiki_A,native,oracle_tax,5180171360.6,1.4426,6.0,6.7,280.2,274.2,0.0,1746.4,160.0,0.005,0.0,0.0,always_compile_evict,1.0
h=0.1/q0=0.6/p=1/r=1/sig=0/cf=1,B_q0,0.1,0.6,1.0,1.0,0.0,1.0,1.0,wiki_A,native,ours_spend_cap,3590856689.8,1.0,3.8,12.4,6539.4,6257.7,0.0,40035.6,5534.7,0.012,0.0,0.0,always_compile_evict,1.0
h=0.1/q0=0.6/p=1/r=1/sig=0/cf=1,B_q0,0.1,0.6,1.0,1.0,0.0,1.0,1.0,wiki_A,native,ours_pi_prior,3592452127.9,1.000444,3.6,12.3,6518.9,6249.2,0.0,39984.7,5530.7,0.012,0.0,0.0,always_compile_evict,1.0
h=0.1/q0=0.6/p=1/r=1/sig=0/cf=1,B_q0,0.1,0.6,1.0,1.0,0.0,1.0,1.0,wiki_A,native,ours_both,3592452127.9,1.000444,3.6,12.3,6518.9,6249.2,0.0,39984.7,5530.7,0.012,0.0,0.0,always_compile_evict,1.0
h=0.1/q0=0.6/p=1/r=1/sig=0/cf=1,B_q0,0.1,0.6,1.0,1.0,0.0,1.0,1.0,wiki_A,native,breakeven,4861988971.3,1.353991,0.0,5.0,1986.1,1686.8,0.0,10726.3,1316.9,0.005,0.0,0.0,always_compile_evict,1.0
h=0.1/q0=0.6/p=1/r=1/sig=0/cf=1,B_q0,0.1,0.6,1.0,1.0,0.0,1.0,1.0,wiki_A,native,breakeven_cap,4861988971.3,1.353991,0.0,5.0,1986.1,1686.8,0.0,10726.3,1316.9,0.005,0.0,0.0,always_compile_evict,1.0
h=0.1/q0=0.6/p=1/r=1/sig=0/cf=1,B_q0,0.1,0.6,1.0,1.0,0.0,1.0,1.0,wiki_A,native,offline_taxblind,3527249584.422,0.982286,,,,,,,,,,,always_compile_evict,1.0
h=0.1/q0=0.6/p=1/r=1/sig=0/cf=1,B_q0,0.1,0.6,1.0,1.0,0.0,1.0,1.0,wiki_A,native,offline_opt_tax,3542229915.326,0.986458,,,,,,,,,,,always_compile_evict,1.0
h=0.1/q0=0.6/p=1/r=1/sig=0/cf=1,B_q0,0.1,0.6,1.0,1.0,0.0,1.0,1.0,wiki_B,autorpa_233k,always_reactive,7373315056.0,1.0,0.0,0.0,0.0,0.0,0.0,0.0,0.0,0.005,0.0,0.0,always_reactive,0.90919
h=0.1/q0=0.6/p=1/r=1/sig=0/cf=1,B_q0,0.1,0.6,1.0,1.0,0.0,1.0,1.0,wiki_B,autorpa_233k,always_compile_evict,8109761960.4,1.09988,58.5,76.8,4417.2,2859.2,0.0,18009.6,4354.5,0.059,0.0,0.0,always_reactive,0.90919
h=0.1/q0=0.6/p=1/r=1/sig=0/cf=1,B_q0,0.1,0.6,1.0,1.0,0.0,1.0,1.0,wiki_B,autorpa_233k,ours_noinflate,7373315056.0,1.0,0.0,0.0,0.0,0.0,0.0,0.0,0.0,0.005,0.0,0.0,always_reactive,0.90919
h=0.1/q0=0.6/p=1/r=1/sig=0/cf=1,B_q0,0.1,0.6,1.0,1.0,0.0,1.0,1.0,wiki_B,autorpa_233k,oracle_tax,7373432019.3,1.000016,0.5,1.2,3.2,2.7,0.0,15.1,2.0,0.005,0.0,0.0,always_reactive,0.90919
h=0.1/q0=0.6/p=1/r=1/sig=0/cf=1,B_q0,0.1,0.6,1.0,1.0,0.0,1.0,1.0,wiki_B,autorpa_233k,ours_spend_cap,7373315056.0,1.0,0.0,0.0,0.0,0.0,0.0,0.0,0.0,0.005,0.0,0.0,always_reactive,0.90919
h=0.1/q0=0.6/p=1/r=1/sig=0/cf=1,B_q0,0.1,0.6,1.0,1.0,0.0,1.0,1.0,wiki_B,autorpa_233k,ours_pi_prior,7373315056.0,1.0,0.0,0.0,0.0,0.0,0.0,0.0,0.0,0.005,0.0,0.0,always_reactive,0.90919
h=0.1/q0=0.6/p=1/r=1/sig=0/cf=1,B_q0,0.1,0.6,1.0,1.0,0.0,1.0,1.0,wiki_B,autorpa_233k,ours_both,7373315056.0,1.0,0.0,0.0,0.0,0.0,0.0,0.0,0.0,0.005,0.0,0.0,always_reactive,0.90919
h=0.1/q0=0.6/p=1/r=1/sig=0/cf=1,B_q0,0.1,0.6,1.0,1.0,0.0,1.0,1.0,wiki_B,autorpa_233k,breakeven,7427262319.1,1.007317,0.9,6.4,334.2,144.4,0.0,930.2,310.2,0.007,0.0,0.0,always_reactive,0.90919
h=0.1/q0=0.6/p=1/r=1/sig=0/cf=1,B_q0,0.1,0.6,1.0,1.0,0.0,1.0,1.0,wiki_B,autorpa_233k,breakeven_cap,7427262319.1,1.007317,0.9,6.4,334.2,144.4,0.0,930.2,310.2,0.007,0.0,0.0,always_reactive,0.90919
h=0.1/q0=0.6/p=1/r=1/sig=0/cf=1,B_q0,0.1,0.6,1.0,1.0,0.0,1.0,1.0,wiki_B,autorpa_233k,offline_taxblind,7288045501.283,0.988435,,,,,,,,,,,always_reactive,0.90919
h=0.1/q0=0.6/p=1/r=1/sig=0/cf=1,B_q0,0.1,0.6,1.0,1.0,0.0,1.0,1.0,wiki_B,autorpa_233k,offline_opt_tax,7327946780.173,0.993847,,,,,,,,,,,always_reactive,0.90919
h=0.1/q0=0.6/p=1/r=1/sig=0/cf=1,B_q0,0.1,0.6,1.0,1.0,0.0,1.0,1.0,wiki_B,native,always_reactive,7373315056.0,1.093542,0.0,0.0,0.0,0.0,0.0,0.0,0.0,0.005,0.0,0.0,always_compile_evict,1.0
h=0.1/q0=0.6/p=1/r=1/sig=0/cf=1,B_q0,0.1,0.6,1.0,1.0,0.0,1.0,1.0,wiki_B,native,always_compile_evict,6742155003.9,0.999934,3.7,14.0,4417.2,2859.2,0.0,18009.6,1609.5,0.011,0.0,0.0,always_compile_evict,1.0
h=0.1/q0=0.6/p=1/r=1/sig=0/cf=1,B_q0,0.1,0.6,1.0,1.0,0.0,1.0,1.0,wiki_B,native,ours_noinflate,6742601306.9,1.0,3.7,14.0,4412.7,2856.2,0.0,17994.1,1608.5,0.011,0.0,0.0,always_compile_evict,1.0
h=0.1/q0=0.6/p=1/r=1/sig=0/cf=1,B_q0,0.1,0.6,1.0,1.0,0.0,1.0,1.0,wiki_B,native,oracle_tax,7359204965.1,1.091449,36.7,37.5,115.8,79.1,0.0,491.4,49.5,0.006,0.0,0.0,always_compile_evict,1.0
h=0.1/q0=0.6/p=1/r=1/sig=0/cf=1,B_q0,0.1,0.6,1.0,1.0,0.0,1.0,1.0,wiki_B,native,ours_spend_cap,6742601306.9,1.0,3.7,14.0,4412.7,2856.2,0.0,17994.1,1608.5,0.011,0.0,0.0,always_compile_evict,1.0
h=0.1/q0=0.6/p=1/r=1/sig=0/cf=1,B_q0,0.1,0.6,1.0,1.0,0.0,1.0,1.0,wiki_B,native,ours_pi_prior,6748801030.8,1.000919,3.7,13.7,4289.1,2816.6,0.0,17758.8,1603.1,0.011,0.0,0.0,always_compile_evict,1.0
h=0.1/q0=0.6/p=1/r=1/sig=0/cf=1,B_q0,0.1,0.6,1.0,1.0,0.0,1.0,1.0,wiki_B,native,ours_both,6748801030.8,1.000919,3.7,13.7,4289.1,2816.6,0.0,17758.8,1603.1,0.011,0.0,0.0,always_compile_evict,1.0
h=0.1/q0=0.6/p=1/r=1/sig=0/cf=1,B_q0,0.1,0.6,1.0,1.0,0.0,1.0,1.0,wiki_B,native,breakeven,7335402785.4,1.087919,0.0,4.8,1945.0,277.6,0.0,1771.4,26.3,0.005,0.0,0.0,always_compile_evict,1.0
h=0.1/q0=0.6/p=1/r=1/sig=0/cf=1,B_q0,0.1,0.6,1.0,1.0,0.0,1.0,1.0,wiki_B,native,breakeven_cap,7335402785.4,1.087919,0.0,4.8,1945.0,277.6,0.0,1771.4,26.3,0.005,0.0,0.0,always_compile_evict,1.0
h=0.1/q0=0.6/p=1/r=1/sig=0/cf=1,B_q0,0.1,0.6,1.0,1.0,0.0,1.0,1.0,wiki_B,native,offline_taxblind,5812880175.138,0.862112,,,,,,,,,,,always_compile_evict,1.0
h=0.1/q0=0.6/p=1/r=1/sig=0/cf=1,B_q0,0.1,0.6,1.0,1.0,0.0,1.0,1.0,wiki_B,native,offline_opt_tax,5828237607.391,0.86439,,,,,,,,,,,always_compile_evict,1.0
h=0.3/q0=0.4/p=0.3/r=1/sig=0/cf=1,A_core,0.3,0.4,0.3,1.0,0.0,1.0,1.0,bpi2019,autorpa_233k,always_reactive,19497801224.0,1.0,0.0,0.0,0.0,0.0,0.0,0.0,0.0,0.005,0.0,0.0,always_reactive,0.399419
h=0.3/q0=0.4/p=0.3/r=1/sig=0/cf=1,A_core,0.3,0.4,0.3,1.0,0.0,1.0,1.0,bpi2019,autorpa_233k,always_compile_evict,48815389516.6,2.503636,35.8,67.3,140759.0,41520.0,0.0,80182.7,140732.8,0.022,98590.8,22971656400.0,always_reactive,0.399419
h=0.3/q0=0.4/p=0.3/r=1/sig=0/cf=1,A_core,0.3,0.4,0.3,1.0,0.0,1.0,1.0,bpi2019,autorpa_233k,ours_noinflate,19497801224.0,1.0,0.0,0.0,0.0,0.0,0.0,0.0,0.0,0.005,0.0,0.0,always_reactive,0.399419
h=0.3/q0=0.4/p=0.3/r=1/sig=0/cf=1,A_core,0.3,0.4,0.3,1.0,0.0,1.0,1.0,bpi2019,autorpa_233k,oracle_tax,19497801224.0,1.0,0.0,0.0,0.0,0.0,0.0,0.0,0.0,0.005,0.0,0.0,always_reactive,0.399419
h=0.3/q0=0.4/p=0.3/r=1/sig=0/cf=1,A_core,0.3,0.4,0.3,1.0,0.0,1.0,1.0,bpi2019,autorpa_233k,ours_spend_cap,19497801224.0,1.0,0.0,0.0,0.0,0.0,0.0,0.0,0.0,0.005,0.0,0.0,always_reactive,0.399419
h=0.3/q0=0.4/p=0.3/r=1/sig=0/cf=1,A_core,0.3,0.4,0.3,1.0,0.0,1.0,1.0,bpi2019,autorpa_233k,ours_pi_prior,19497801224.0,1.0,0.0,0.0,0.0,0.0,0.0,0.0,0.0,0.005,0.0,0.0,always_reactive,0.399419
h=0.3/q0=0.4/p=0.3/r=1/sig=0/cf=1,A_core,0.3,0.4,0.3,1.0,0.0,1.0,1.0,bpi2019,autorpa_233k,ours_both,19497801224.0,1.0,0.0,0.0,0.0,0.0,0.0,0.0,0.0,0.005,0.0,0.0,always_reactive,0.399419
h=0.3/q0=0.4/p=0.3/r=1/sig=0/cf=1,A_core,0.3,0.4,0.3,1.0,0.0,1.0,1.0,bpi2019,autorpa_233k,breakeven,20138650347.1,1.032868,1.2,7.9,2890.7,658.3,0.0,1282.5,2870.7,0.006,2025.6,471964800.0,always_reactive,0.399419
h=0.3/q0=0.4/p=0.3/r=1/sig=0/cf=1,A_core,0.3,0.4,0.3,1.0,0.0,1.0,1.0,bpi2019,autorpa_233k,breakeven_cap,19620978967.0,1.006318,0.7,4.2,516.7,94.9,0.0,186.5,514.3,0.005,362.5,84462500.0,always_reactive,0.399419
h=0.3/q0=0.4/p=0.3/r=1/sig=0/cf=1,A_core,0.3,0.4,0.3,1.0,0.0,1.0,1.0,bpi2019,autorpa_233k,offline_taxblind,19497801224.0,1.0,,,,,,,,,,,always_reactive,0.399419
h=0.3/q0=0.4/p=0.3/r=1/sig=0/cf=1,A_core,0.3,0.4,0.3,1.0,0.0,1.0,1.0,bpi2019,autorpa_233k,offline_opt_tax,19497801224.0,1.0,,,,,,,,,,,always_reactive,0.399419
h=0.3/q0=0.4/p=0.3/r=1/sig=0/cf=1,A_core,0.3,0.4,0.3,1.0,0.0,1.0,1.0,bpi2019,native,always_reactive,19497801224.0,1.111367,0.0,0.0,0.0,0.0,0.0,0.0,0.0,0.005,0.0,0.0,always_compile_evict,1.0
h=0.3/q0=0.4/p=0.3/r=1/sig=0/cf=1,A_core,0.3,0.4,0.3,1.0,0.0,1.0,1.0,bpi2019,native,always_compile_evict,17212509734.3,0.981106,2.8,16.4,140759.0,41520.0,0.0,80182.7,137307.0,0.012,98590.8,1434397549.2,always_compile_evict,1.0
h=0.3/q0=0.4/p=0.3/r=1/sig=0/cf=1,A_core,0.3,0.4,0.3,1.0,0.0,1.0,1.0,bpi2019,native,ours_noinflate,17543988093.3,1.0,2.5,14.7,112977.6,33314.1,0.0,64332.0,110023.5,0.01,79092.8,1150721147.2,always_compile_evict,1.0
h=0.3/q0=0.4/p=0.3/r=1/sig=0/cf=1,A_core,0.3,0.4,0.3,1.0,0.0,1.0,1.0,bpi2019,native,oracle_tax,19492348291.6,1.111056,3.0,6.5,283.1,85.1,0.0,166.5,203.9,0.005,195.0,2837055.0,always_compile_evict,1.0
h=0.3/q0=0.4/p=0.3/r=1/sig=0/cf=1,A_core,0.3,0.4,0.3,1.0,0.0,1.0,1.0,bpi2019,native,ours_spend_cap,19414683230.4,1.106629,0.1,6.9,8182.0,1992.1,0.0,3841.5,5880.5,0.005,5733.5,83416691.5,always_compile_evict,1.0
h=0.3/q0=0.4/p=0.3/r=1/sig=0/cf=1,A_core,0.3,0.4,0.3,1.0,0.0,1.0,1.0,bpi2019,native,ours_pi_prior,18086017697.5,1.030895,2.4,12.8,80268.9,23529.1,0.0,45468.1,77760.2,0.009,56255.0,818453995.0,always_compile_evict,1.0
h=0.3/q0=0.4/p=0.3/r=1/sig=0/cf=1,A_core,0.3,0.4,0.3,1.0,0.0,1.0,1.0,bpi2019,native,ours_both,19427146951.7,1.107339,0.1,6.0,6939.1,1680.8,0.0,3247.1,4992.1,0.005,4868.6,70833261.4,always_compile_evict,1.0
h=0.3/q0=0.4/p=0.3/r=1/sig=0/cf=1,A_core,0.3,0.4,0.3,1.0,0.0,1.0,1.0,bpi2019,native,breakeven,19484381003.2,1.110602,0.2,5.3,7652.8,1256.0,0.0,2416.4,5457.6,0.005,5347.9,77806597.1,always_compile_evict,1.0
h=0.3/q0=0.4/p=0.3/r=1/sig=0/cf=1,A_core,0.3,0.4,0.3,1.0,0.0,1.0,1.0,bpi2019,native,breakeven_cap,19497269023.3,1.111336,0.2,4.9,5954.7,859.0,0.0,1659.1,4197.0,0.005,4165.4,60602404.6,always_compile_evict,1.0
h=0.3/q0=0.4/p=0.3/r=1/sig=0/cf=1,A_core,0.3,0.4,0.3,1.0,0.0,1.0,1.0,bpi2019,native,offline_taxblind,15319589510.351,0.87321,,,,,,,,,,,always_compile_evict,1.0
h=0.3/q0=0.4/p=0.3/r=1/sig=0/cf=1,A_core,0.3,0.4,0.3,1.0,0.0,1.0,1.0,bpi2019,native,offline_opt_tax,15473775826.061,0.881999,,,,,,,,,,,always_compile_evict,1.0
h=0.3/q0=0.4/p=0.3/r=1/sig=0/cf=1,A_core,0.3,0.4,0.3,1.0,0.0,1.0,1.0,sepsis,autorpa_233k,always_reactive,77101119.0,1.0,0.0,0.0,0.0,0.0,0.0,0.0,0.0,0.005,0.0,0.0,always_reactive,0.774723
h=0.3/q0=0.4/p=0.3/r=1/sig=0/cf=1,A_core,0.3,0.4,0.3,1.0,0.0,1.0,1.0,sepsis,autorpa_233k,always_compile_evict,99520875.2,1.290784,8.0,9.0,103.6,20.8,0.0,40.2,103.4,0.007,74.0,17242000.0,always_reactive,0.774723
h=0.3/q0=0.4/p=0.3/r=1/sig=0/cf=1,A_core,0.3,0.4,0.3,1.0,0.0,1.0,1.0,sepsis,autorpa_233k,ours_noinflate,77101119.0,1.0,0.0,0.0,0.0,0.0,0.0,0.0,0.0,0.005,0.0,0.0,always_reactive,0.774723
h=0.3/q0=0.4/p=0.3/r=1/sig=0/cf=1,A_core,0.3,0.4,0.3,1.0,0.0,1.0,1.0,sepsis,autorpa_233k,oracle_tax,77101119.0,1.0,0.0,0.0,0.0,0.0,0.0,0.0,0.0,0.005,0.0,0.0,always_reactive,0.774723
h=0.3/q0=0.4/p=0.3/r=1/sig=0/cf=1,A_core,0.3,0.4,0.3,1.0,0.0,1.0,1.0,sepsis,autorpa_233k,ours_spend_cap,77101119.0,1.0,0.0,0.0,0.0,0.0,0.0,0.0,0.0,0.005,0.0,0.0,always_reactive,0.774723
h=0.3/q0=0.4/p=0.3/r=1/sig=0/cf=1,A_core,0.3,0.4,0.3,1.0,0.0,1.0,1.0,sepsis,autorpa_233k,ours_pi_prior,77101119.0,1.0,0.0,0.0,0.0,0.0,0.0,0.0,0.0,0.005,0.0,0.0,always_reactive,0.774723
h=0.3/q0=0.4/p=0.3/r=1/sig=0/cf=1,A_core,0.3,0.4,0.3,1.0,0.0,1.0,1.0,sepsis,autorpa_233k,ours_both,77101119.0,1.0,0.0,0.0,0.0,0.0,0.0,0.0,0.0,0.005,0.0,0.0,always_reactive,0.774723
h=0.3/q0=0.4/p=0.3/r=1/sig=0/cf=1,A_core,0.3,0.4,0.3,1.0,0.0,1.0,1.0,sepsis,autorpa_233k,breakeven,78378071.3,1.016562,0.5,1.3,6.1,1.3,0.0,2.3,6.1,0.005,4.3,1001900.0,always_reactive,0.774723
h=0.3/q0=0.4/p=0.3/r=1/sig=0/cf=1,A_core,0.3,0.4,0.3,1.0,0.0,1.0,1.0,sepsis,autorpa_233k,breakeven_cap,77972734.3,1.011305,0.4,1.0,4.2,0.9,0.0,1.7,4.2,0.005,2.9,675700.0,always_reactive,0.774723
h=0.3/q0=0.4/p=0.3/r=1/sig=0/cf=1,A_core,0.3,0.4,0.3,1.0,0.0,1.0,1.0,sepsis,autorpa_233k,offline_taxblind,77101119.0,1.0,,,,,,,,,,,always_reactive,0.774723
h=0.3/q0=0.4/p=0.3/r=1/sig=0/cf=1,A_core,0.3,0.4,0.3,1.0,0.0,1.0,1.0,sepsis,autorpa_233k,offline_opt_tax,77101119.0,1.0,,,,,,,,,,,always_reactive,0.774723
h=0.3/q0=0.4/p=0.3/r=1/sig=0/cf=1,A_core,0.3,0.4,0.3,1.0,0.0,1.0,1.0,sepsis,native,always_reactive,77101119.0,1.003135,0.0,0.0,0.0,0.0,0.0,0.0,0.0,0.005,0.0,0.0,ours_pi_prior,0.999697
h=0.3/q0=0.4/p=0.3/r=1/sig=0/cf=1,A_core,0.3,0.4,0.3,1.0,0.0,1.0,1.0,sepsis,native,always_compile_evict,76821356.4,0.999495,5.3,7.2,103.6,20.8,0.0,40.2,81.7,0.008,74.0,1076626.0,ours_pi_prior,0.999697
h=0.3/q0=0.4/p=0.3/r=1/sig=0/cf=1,A_core,0.3,0.4,0.3,1.0,0.0,1.0,1.0,sepsis,native,ours_noinflate,76860176.7,1.0,4.6,6.4,88.1,17.9,0.0,34.9,68.9,0.008,62.1,903492.9,ours_pi_prior,0.999697
h=0.3/q0=0.4/p=0.3/r=1/sig=0/cf=1,A_core,0.3,0.4,0.3,1.0,0.0,1.0,1.0,sepsis,native,oracle_tax,76776495.1,0.998911,1.8,4.3,46.4,11.5,0.0,21.8,34.2,0.006,33.1,481571.9,ours_pi_prior,0.999697
h=0.3/q0=0.4/p=0.3/r=1/sig=0/cf=1,A_core,0.3,0.4,0.3,1.0,0.0,1.0,1.0,sepsis,native,ours_spend_cap,76924335.4,1.000835,3.9,6.0,77.5,14.6,0.0,28.0,60.2,0.008,55.5,807469.5,ours_pi_prior,0.999697
h=0.3/q0=0.4/p=0.3/r=1/sig=0/cf=1,A_core,0.3,0.4,0.3,1.0,0.0,1.0,1.0,sepsis,native,ours_pi_prior,76798051.8,0.999192,3.5,5.4,82.3,17.5,0.0,33.4,64.3,0.007,58.7,854026.3,ours_pi_prior,0.999697
h=0.3/q0=0.4/p=0.3/r=1/sig=0/cf=1,A_core,0.3,0.4,0.3,1.0,0.0,1.0,1.0,sepsis,native,ours_both,76846896.8,0.999827,2.6,4.9,69.6,13.9,0.0,26.1,53.9,0.007,50.5,734724.5,ours_pi_prior,0.999697
h=0.3/q0=0.4/p=0.3/r=1/sig=0/cf=1,A_core,0.3,0.4,0.3,1.0,0.0,1.0,1.0,sepsis,native,breakeven,77154447.4,1.003829,3.4,5.7,79.2,13.4,0.0,24.0,61.3,0.007,57.0,829293.0,ours_pi_prior,0.999697
h=0.3/q0=0.4/p=0.3/r=1/sig=0/cf=1,A_core,0.3,0.4,0.3,1.0,0.0,1.0,1.0,sepsis,native,breakeven_cap,77139038.4,1.003628,3.0,5.3,69.5,11.1,0.0,19.0,53.4,0.007,50.1,728904.9,ours_pi_prior,0.999697
h=0.3/q0=0.4/p=0.3/r=1/sig=0/cf=1,A_core,0.3,0.4,0.3,1.0,0.0,1.0,1.0,sepsis,native,offline_taxblind,74603893.54,0.970644,,,,,,,,,,,ours_pi_prior,0.999697
h=0.3/q0=0.4/p=0.3/r=1/sig=0/cf=1,A_core,0.3,0.4,0.3,1.0,0.0,1.0,1.0,sepsis,native,offline_opt_tax,75258092.703,0.979156,,,,,,,,,,,ours_pi_prior,0.999697
h=0.3/q0=0.4/p=0.3/r=1/sig=0/cf=1,A_core,0.3,0.4,0.3,1.0,0.0,1.0,1.0,wiki_A,autorpa_233k,always_reactive,5261420180.0,1.0,0.0,0.0,0.0,0.0,0.0,0.0,0.0,0.005,0.0,0.0,always_reactive,0.413809
h=0.3/q0=0.4/p=0.3/r=1/sig=0/cf=1,A_core,0.3,0.4,0.3,1.0,0.0,1.0,1.0,wiki_A,autorpa_233k,always_compile_evict,12714595702.6,2.416571,11.6,33.0,36979.3,11028.5,0.0,21295.9,36931.7,0.007,25842.5,6021302500.0,always_reactive,0.413809
h=0.3/q0=0.4/p=0.3/r=1/sig=0/cf=1,A_core,0.3,0.4,0.3,1.0,0.0,1.0,1.0,wiki_A,autorpa_233k,ours_noinflate,5261420180.0,1.0,0.0,0.0,0.0,0.0,0.0,0.0,0.0,0.005,0.0,0.0,always_reactive,0.413809
h=0.3/q0=0.4/p=0.3/r=1/sig=0/cf=1,A_core,0.3,0.4,0.3,1.0,0.0,1.0,1.0,wiki_A,autorpa_233k,oracle_tax,5261420180.0,1.0,0.0,0.0,0.0,0.0,0.0,0.0,0.0,0.005,0.0,0.0,always_reactive,0.413809
h=0.3/q0=0.4/p=0.3/r=1/sig=0/cf=1,A_core,0.3,0.4,0.3,1.0,0.0,1.0,1.0,wiki_A,autorpa_233k,ours_spend_cap,5261420180.0,1.0,0.0,0.0,0.0,0.0,0.0,0.0,0.0,0.005,0.0,0.0,always_reactive,0.413809
h=0.3/q0=0.4/p=0.3/r=1/sig=0/cf=1,A_core,0.3,0.4,0.3,1.0,0.0,1.0,1.0,wiki_A,autorpa_233k,ours_pi_prior,5261420180.0,1.0,0.0,0.0,0.0,0.0,0.0,0.0,0.0,0.005,0.0,0.0,always_reactive,0.413809
h=0.3/q0=0.4/p=0.3/r=1/sig=0/cf=1,A_core,0.3,0.4,0.3,1.0,0.0,1.0,1.0,wiki_A,autorpa_233k,ours_both,5261420180.0,1.0,0.0,0.0,0.0,0.0,0.0,0.0,0.0,0.005,0.0,0.0,always_reactive,0.413809
h=0.3/q0=0.4/p=0.3/r=1/sig=0/cf=1,A_core,0.3,0.4,0.3,1.0,0.0,1.0,1.0,wiki_A,autorpa_233k,breakeven,6255572501.4,1.188951,0.8,4.5,4930.3,1454.6,0.0,2781.5,4885.8,0.004,3451.6,804222800.0,always_reactive,0.413809
h=0.3/q0=0.4/p=0.3/r=1/sig=0/cf=1,A_core,0.3,0.4,0.3,1.0,0.0,1.0,1.0,wiki_A,autorpa_233k,breakeven_cap,5287259376.3,1.004911,0.3,2.3,118.4,30.4,0.0,54.5,117.2,0.005,82.6,19245800.0,always_reactive,0.413809
h=0.3/q0=0.4/p=0.3/r=1/sig=0/cf=1,A_core,0.3,0.4,0.3,1.0,0.0,1.0,1.0,wiki_A,autorpa_233k,offline_taxblind,5261420180.0,1.0,,,,,,,,,,,always_reactive,0.413809
h=0.3/q0=0.4/p=0.3/r=1/sig=0/cf=1,A_core,0.3,0.4,0.3,1.0,0.0,1.0,1.0,wiki_A,autorpa_233k,offline_opt_tax,5261420180.0,1.0,,,,,,,,,,,always_reactive,0.413809
h=0.3/q0=0.4/p=0.3/r=1/sig=0/cf=1,A_core,0.3,0.4,0.3,1.0,0.0,1.0,1.0,wiki_A,native,always_reactive,5261420180.0,1.107122,0.0,0.0,0.0,0.0,0.0,0.0,0.0,0.005,0.0,0.0,always_compile_evict,1.0
h=0.3/q0=0.4/p=0.3/r=1/sig=0/cf=1,A_core,0.3,0.4,0.3,1.0,0.0,1.0,1.0,wiki_A,native,always_compile_evict,4586763821.1,0.965159,1.6,13.1,36979.3,11028.5,0.0,21295.9,35946.2,0.008,25842.5,375982532.5,always_compile_evict,1.0
h=0.3/q0=0.4/p=0.3/r=1/sig=0/cf=1,A_core,0.3,0.4,0.3,1.0,0.0,1.0,1.0,wiki_A,native,ours_noinflate,4752341605.3,1.0,1.0,10.9,27703.1,8276.2,0.0,16008.6,26853.4,0.007,19329.7,281227805.3,always_compile_evict,1.0
h=0.3/q0=0.4/p=0.3/r=1/sig=0/cf=1,A_core,0.3,0.4,0.3,1.0,0.0,1.0,1.0,wiki_A,native,oracle_tax,5252508472.3,1.105246,0.6,2.6,397.3,119.7,0.0,223.7,312.9,0.005,277.0,4030073.0,always_compile_evict,1.0
h=0.3/q0=0.4/p=0.3/r=1/sig=0/cf=1,A_core,0.3,0.4,0.3,1.0,0.0,1.0,1.0,wiki_A,native,ours_spend_cap,5244130203.6,1.103483,0.0,6.1,1526.9,390.2,0.0,737.5,1121.6,0.005,1065.1,15496139.9,always_compile_evict,1.0
h=0.3/q0=0.4/p=0.3/r=1/sig=0/cf=1,A_core,0.3,0.4,0.3,1.0,0.0,1.0,1.0,wiki_A,native,ours_pi_prior,4693627021.0,0.987645,0.7,8.9,30406.5,9101.3,0.0,17572.0,29614.6,0.007,21222.6,308767607.4,always_compile_evict,1.0
h=0.3/q0=0.4/p=0.3/r=1/sig=0/cf=1,A_core,0.3,0.4,0.3,1.0,0.0,1.0,1.0,wiki_A,native,ours_both,5246757797.4,1.104036,0.0,5.3,1335.4,341.5,0.0,640.4,982.5,0.005,933.9,13587311.1,always_compile_evict,1.0
h=0.3/q0=0.4/p=0.3/r=1/sig=0/cf=1,A_core,0.3,0.4,0.3,1.0,0.0,1.0,1.0,wiki_A,native,breakeven,5073358615.6,1.067549,0.0,5.2,12582.4,3621.1,0.0,6943.6,11639.9,0.005,8792.6,127923537.4,always_compile_evict,1.0
h=0.3/q0=0.4/p=0.3/r=1/sig=0/cf=1,A_core,0.3,0.4,0.3,1.0,0.0,1.0,1.0,wiki_A,native,breakeven_cap,5254731313.0,1.105714,0.0,4.3,1252.1,247.2,0.0,462.8,899.0,0.005,874.0,12715826.0,always_compile_evict,1.0
h=0.3/q0=0.4/p=0.3/r=1/sig=0/cf=1,A_core,0.3,0.4,0.3,1.0,0.0,1.0,1.0,wiki_A,native,offline_taxblind,4083682756.582,0.859299,,,,,,,,,,,always_compile_evict,1.0
h=0.3/q0=0.4/p=0.3/r=1/sig=0/cf=1,A_core,0.3,0.4,0.3,1.0,0.0,1.0,1.0,wiki_A,native,offline_opt_tax,4100181312.579,0.862771,,,,,,,,,,,always_compile_evict,1.0
h=0.3/q0=0.4/p=0.3/r=1/sig=0/cf=1,A_core,0.3,0.4,0.3,1.0,0.0,1.0,1.0,wiki_B,autorpa_233k,always_reactive,7373315056.0,1.0,0.0,0.0,0.0,0.0,0.0,0.0,0.0,0.005,0.0,0.0,always_reactive,0.645192
h=0.3/q0=0.4/p=0.3/r=1/sig=0/cf=1,A_core,0.3,0.4,0.3,1.0,0.0,1.0,1.0,wiki_B,autorpa_233k,always_compile_evict,11428097783.2,1.549927,56.6,73.5,17722.8,4722.0,0.0,9083.0,17710.4,0.039,12431.4,2896516200.0,always_reactive,0.645192
h=0.3/q0=0.4/p=0.3/r=1/sig=0/cf=1,A_core,0.3,0.4,0.3,1.0,0.0,1.0,1.0,wiki_B,autorpa_233k,ours_noinflate,7373315056.0,1.0,0.0,0.0,0.0,0.0,0.0,0.0,0.0,0.005,0.0,0.0,always_reactive,0.645192
h=0.3/q0=0.4/p=0.3/r=1/sig=0/cf=1,A_core,0.3,0.4,0.3,1.0,0.0,1.0,1.0,wiki_B,autorpa_233k,oracle_tax,7373315056.0,1.0,0.0,0.0,0.0,0.0,0.0,0.0,0.0,0.005,0.0,0.0,always_reactive,0.645192
h=0.3/q0=0.4/p=0.3/r=1/sig=0/cf=1,A_core,0.3,0.4,0.3,1.0,0.0,1.0,1.0,wiki_B,autorpa_233k,ours_spend_cap,7373315056.0,1.0,0.0,0.0,0.0,0.0,0.0,0.0,0.0,0.005,0.0,0.0,always_reactive,0.645192
h=0.3/q0=0.4/p=0.3/r=1/sig=0/cf=1,A_core,0.3,0.4,0.3,1.0,0.0,1.0,1.0,wiki_B,autorpa_233k,ours_pi_prior,7373315056.0,1.0,0.0,0.0,0.0,0.0,0.0,0.0,0.0,0.005,0.0,0.0,always_reactive,0.645192
h=0.3/q0=0.4/p=0.3/r=1/sig=0/cf=1,A_core,0.3,0.4,0.3,1.0,0.0,1.0,1.0,wiki_B,autorpa_233k,ours_both,7373315056.0,1.0,0.0,0.0,0.0,0.0,0.0,0.0,0.0,0.005,0.0,0.0,always_reactive,0.645192
h=0.3/q0=0.4/p=0.3/r=1/sig=0/cf=1,A_core,0.3,0.4,0.3,1.0,0.0,1.0,1.0,wiki_B,autorpa_233k,breakeven,7683511910.3,1.04207,1.6,6.9,1412.6,340.5,0.0,653.5,1407.1,0.007,987.3,230040900.0,always_reactive,0.645192
h=0.3/q0=0.4/p=0.3/r=1/sig=0/cf=1,A_core,0.3,0.4,0.3,1.0,0.0,1.0,1.0,wiki_B,autorpa_233k,breakeven_cap,7445304276.2,1.009763,0.6,3.7,309.3,61.4,0.0,119.7,308.4,0.006,218.8,50980400.0,always_reactive,0.645192
h=0.3/q0=0.4/p=0.3/r=1/sig=0/cf=1,A_core,0.3,0.4,0.3,1.0,0.0,1.0,1.0,wiki_B,autorpa_233k,offline_taxblind,7373315056.0,1.0,,,,,,,,,,,always_reactive,0.645192
h=0.3/q0=0.4/p=0.3/r=1/sig=0/cf=1,A_core,0.3,0.4,0.3,1.0,0.0,1.0,1.0,wiki_B,autorpa_233k,offline_opt_tax,7373315056.0,1.0,,,,,,,,,,,always_reactive,0.645192
h=0.3/q0=0.4/p=0.3/r=1/sig=0/cf=1,A_core,0.3,0.4,0.3,1.0,0.0,1.0,1.0,wiki_B,native,always_reactive,7373315056.0,1.019933,0.0,0.0,0.0,0.0,0.0,0.0,0.0,0.005,0.0,0.0,always_compile_evict,1.0
h=0.3/q0=0.4/p=0.3/r=1/sig=0/cf=1,A_core,0.3,0.4,0.3,1.0,0.0,1.0,1.0,wiki_B,native,always_compile_evict,7202002295.2,0.996235,6.5,17.4,17722.8,4722.0,0.0,9083.0,15868.2,0.012,12431.4,180864438.6,always_compile_evict,1.0
h=0.3/q0=0.4/p=0.3/r=1/sig=0/cf=1,A_core,0.3,0.4,0.3,1.0,0.0,1.0,1.0,wiki_B,native,ours_noinflate,7229217419.8,1.0,4.4,14.6,14062.1,3687.0,0.0,7081.8,12398.2,0.011,9862.4,143488057.6,always_compile_evict,1.0
h=0.3/q0=0.4/p=0.3/r=1/sig=0/cf=1,A_core,0.3,0.4,0.3,1.0,0.0,1.0,1.0,wiki_B,native,oracle_tax,7372355169.0,1.0198,2.1,4.7,77.1,20.6,0.0,41.2,57.3,0.005,54.4,791465.6,always_compile_evict,1.0
h=0.3/q0=0.4/p=0.3/r=1/sig=0/cf=1,A_core,0.3,0.4,0.3,1.0,0.0,1.0,1.0,wiki_B,native,ours_spend_cap,7336559325.3,1.014848,1.6,8.6,6306.6,1438.4,0.0,2754.1,4753.2,0.007,4421.9,64334223.1,always_compile_evict,1.0
h=0.3/q0=0.4/p=0.3/r=1/sig=0/cf=1,A_core,0.3,0.4,0.3,1.0,0.0,1.0,1.0,wiki_B,native,ours_pi_prior,7240299526.4,1.001533,4.0,13.8,12665.7,3352.5,0.0,6452.5,11264.7,0.01,8879.6,129189300.4,always_compile_evict,1.0
h=0.3/q0=0.4/p=0.3/r=1/sig=0/cf=1,A_core,0.3,0.4,0.3,1.0,0.0,1.0,1.0,wiki_B,native,ours_both,7340633304.4,1.015412,1.1,8.1,5322.4,1216.4,0.0,2335.8,4010.1,0.007,3730.6,54276499.4,always_compile_evict,1.0
h=0.3/q0=0.4/p=0.3/r=1/sig=0/cf=1,A_core,0.3,0.4,0.3,1.0,0.0,1.0,1.0,wiki_B,native,breakeven,7385613971.1,1.021634,0.1,6.7,5582.7,782.8,0.0,1500.7,4153.8,0.006,3905.9,56826939.1,always_compile_evict,1.0
h=0.3/q0=0.4/p=0.3/r=1/sig=0/cf=1,A_core,0.3,0.4,0.3,1.0,0.0,1.0,1.0,wiki_B,native,breakeven_cap,7390323582.9,1.022285,0.0,6.3,4717.4,589.1,0.0,1126.3,3443.8,0.006,3300.4,48017519.6,always_compile_evict,1.0
h=0.3/q0=0.4/p=0.3/r=1/sig=0/cf=1,A_core,0.3,0.4,0.3,1.0,0.0,1.0,1.0,wiki_B,native,offline_taxblind,6906804598.755,0.955401,,,,,,,,,,,always_compile_evict,1.0
h=0.3/q0=0.4/p=0.3/r=1/sig=0/cf=1,A_core,0.3,0.4,0.3,1.0,0.0,1.0,1.0,wiki_B,native,offline_opt_tax,6941398838.176,0.960187,,,,,,,,,,,always_compile_evict,1.0
h=0.3/q0=0.4/p=0.3/r=1/sig=0/cf=2.08299,A_core,0.3,0.4,0.3,1.0,0.0,1.0,2.0829936590907905,bpi2019,autorpa_233k,always_reactive,19497801224.0,1.0,0.0,0.0,0.0,0.0,0.0,0.0,0.0,0.005,0.0,0.0,always_reactive,0.264579
h=0.3/q0=0.4/p=0.3/r=1/sig=0/cf=2.08299,A_core,0.3,0.4,0.3,1.0,0.0,1.0,2.0829936590907905,bpi2019,autorpa_233k,always_compile_evict,73693547736.575,3.779582,35.8,67.3,140759.0,41520.0,0.0,80182.7,140732.8,0.014,98590.8,47849814620.007,always_reactive,0.264579
h=0.3/q0=0.4/p=0.3/r=1/sig=0/cf=2.08299,A_core,0.3,0.4,0.3,1.0,0.0,1.0,2.0829936590907905,bpi2019,autorpa_233k,ours_noinflate,19497801224.0,1.0,0.0,0.0,0.0,0.0,0.0,0.0,0.0,0.005,0.0,0.0,always_reactive,0.264579
h=0.3/q0=0.4/p=0.3/r=1/sig=0/cf=2.08299,A_core,0.3,0.4,0.3,1.0,0.0,1.0,2.0829936590907905,bpi2019,autorpa_233k,oracle_tax,19497801224.0,1.0,0.0,0.0,0.0,0.0,0.0,0.0,0.0,0.005,0.0,0.0,always_reactive,0.264579
h=0.3/q0=0.4/p=0.3/r=1/sig=0/cf=2.08299,A_core,0.3,0.4,0.3,1.0,0.0,1.0,2.0829936590907905,bpi2019,autorpa_233k,ours_spend_cap,19497801224.0,1.0,0.0,0.0,0.0,0.0,0.0,0.0,0.0,0.005,0.0,0.0,always_reactive,0.264579
h=0.3/q0=0.4/p=0.3/r=1/sig=0/cf=2.08299,A_core,0.3,0.4,0.3,1.0,0.0,1.0,2.0829936590907905,bpi2019,autorpa_233k,ours_pi_prior,19497801224.0,1.0,0.0,0.0,0.0,0.0,0.0,0.0,0.0,0.005,0.0,0.0,always_reactive,0.264579
h=0.3/q0=0.4/p=0.3/r=1/sig=0/cf=2.08299,A_core,0.3,0.4,0.3,1.0,0.0,1.0,2.0829936590907905,bpi2019,autorpa_233k,ours_both,19497801224.0,1.0,0.0,0.0,0.0,0.0,0.0,0.0,0.0,0.005,0.0,0.0,always_reactive,0.264579
h=0.3/q0=0.4/p=0.3/r=1/sig=0/cf=2.08299,A_core,0.3,0.4,0.3,1.0,0.0,1.0,2.0829936590907905,bpi2019,autorpa_233k,breakeven,20649785232.813,1.059083,1.2,7.9,2890.7,658.3,0.0,1282.5,2870.7,0.006,2025.6,983099685.714,always_reactive,0.264579
h=0.3/q0=0.4/p=0.3/r=1/sig=0/cf=2.08299,A_core,0.3,0.4,0.3,1.0,0.0,1.0,2.0829936590907905,bpi2019,autorpa_233k,breakeven_cap,19712451318.931,1.011009,0.7,4.2,516.7,94.9,0.0,186.5,514.3,0.005,362.5,175934851.931,always_reactive,0.264579
h=0.3/q0=0.4/p=0.3/r=1/sig=0/cf=2.08299,A_core,0.3,0.4,0.3,1.0,0.0,1.0,2.0829936590907905,bpi2019,autorpa_233k,offline_taxblind,19497801224.0,1.0,,,,,,,,,,,always_reactive,0.264579
h=0.3/q0=0.4/p=0.3/r=1/sig=0/cf=2.08299,A_core,0.3,0.4,0.3,1.0,0.0,1.0,2.0829936590907905,bpi2019,autorpa_233k,offline_opt_tax,19497801224.0,1.0,,,,,,,,,,,always_reactive,0.264579
h=0.3/q0=0.4/p=0.3/r=1/sig=0/cf=2.08299,A_core,0.3,0.4,0.3,1.0,0.0,1.0,2.0829936590907905,bpi2019,native,always_reactive,19497801224.0,1.037657,0.0,0.0,0.0,0.0,0.0,0.0,0.0,0.005,0.0,0.0,always_compile_evict,1.0
h=0.3/q0=0.4/p=0.3/r=1/sig=0/cf=2.08299,A_core,0.3,0.4,0.3,1.0,0.0,1.0,2.0829936590907905,bpi2019,native,always_compile_evict,18765953184.725,0.998709,2.8,16.4,140759.0,41520.0,0.0,80182.7,137307.0,0.011,98590.8,2987840999.599,always_compile_evict,1.0
h=0.3/q0=0.4/p=0.3/r=1/sig=0/cf=2.08299,A_core,0.3,0.4,0.3,1.0,0.0,1.0,2.0829936590907905,bpi2019,native,ours_noinflate,18790211799.12,1.0,2.5,14.7,112977.6,33314.1,0.0,64332.0,110023.5,0.01,79092.8,2396944852.999,always_compile_evict,1.0
h=0.3/q0=0.4/p=0.3/r=1/sig=0/cf=2.08299,A_core,0.3,0.4,0.3,1.0,0.0,1.0,2.0829936590907905,bpi2019,native,oracle_tax,19495420804.176,1.037531,3.0,6.5,283.1,85.1,0.0,166.5,203.9,0.005,195.0,5909567.575,always_compile_evict,1.0
h=0.3/q0=0.4/p=0.3/r=1/sig=0/cf=2.08299,A_core,0.3,0.4,0.3,1.0,0.0,1.0,2.0829936590907905,bpi2019,native,ours_spend_cap,19507583821.72,1.038178,0.1,5.7,5946.1,1396.4,0.0,2699.8,4212.6,0.005,4161.0,126101080.419,always_compile_evict,1.0
h=0.3/q0=0.4/p=0.3/r=1/sig=0/cf=2.08299,A_core,0.3,0.4,0.3,1.0,0.0,1.0,2.0829936590907905,bpi2019,native,ours_pi_prior,18972398184.359,1.009696,2.4,12.8,80268.9,23529.1,0.0,45468.1,77760.2,0.009,56255.0,1704834481.842,always_compile_evict,1.0
h=0.3/q0=0.4/p=0.3/r=1/sig=0/cf=2.08299,A_core,0.3,0.4,0.3,1.0,0.0,1.0,2.0829936590907905,bpi2019,native,ours_both,19506078240.354,1.038098,0.1,5.7,5060.4,1181.8,0.0,2288.9,3586.6,0.005,3543.9,107399571.953,always_compile_evict,1.0
h=0.3/q0=0.4/p=0.3/r=1/sig=0/cf=2.08299,A_core,0.3,0.4,0.3,1.0,0.0,1.0,2.0829936590907905,bpi2019,native,breakeven,19568645054.496,1.041428,0.2,5.3,7652.8,1256.0,0.0,2416.4,5457.6,0.005,5347.9,162070648.395,always_compile_evict,1.0
h=0.3/q0=0.4/p=0.3/r=1/sig=0/cf=2.08299,A_core,0.3,0.4,0.3,1.0,0.0,1.0,2.0829936590907905,bpi2019,native,breakeven_cap,19553100182.012,1.0406,0.1,4.1,4773.6,654.3,0.0,1265.3,3361.0,0.005,3341.6,101268774.412,always_compile_evict,1.0
h=0.3/q0=0.4/p=0.3/r=1/sig=0/cf=2.08299,A_core,0.3,0.4,0.3,1.0,0.0,1.0,2.0829936590907905,bpi2019,native,offline_taxblind,15319589510.351,0.815296,,,,,,,,,,,always_compile_evict,1.0
h=0.3/q0=0.4/p=0.3/r=1/sig=0/cf=2.08299,A_core,0.3,0.4,0.3,1.0,0.0,1.0,2.0829936590907905,bpi2019,native,offline_opt_tax,15473775826.061,0.823502,,,,,,,,,,,always_compile_evict,1.0
h=0.3/q0=0.4/p=0.3/r=1/sig=0/cf=2.08299,A_core,0.3,0.4,0.3,1.0,0.0,1.0,2.0829936590907905,sepsis,autorpa_233k,always_reactive,77101119.0,1.0,0.0,0.0,0.0,0.0,0.0,0.0,0.0,0.005,0.0,0.0,always_reactive,0.652328
h=0.3/q0=0.4/p=0.3/r=1/sig=0/cf=2.08299,A_core,0.3,0.4,0.3,1.0,0.0,1.0,2.0829936590907905,sepsis,autorpa_233k,always_compile_evict,118193851.87,1.532972,8.0,9.0,103.6,20.8,0.0,40.2,103.4,0.006,74.0,35914976.67,always_reactive,0.652328
h=0.3/q0=0.4/p=0.3/r=1/sig=0/cf=2.08299,A_core,0.3,0.4,0.3,1.0,0.0,1.0,2.0829936590907905,sepsis,autorpa_233k,ours_noinflate,77101119.0,1.0,0.0,0.0,0.0,0.0,0.0,0.0,0.0,0.005,0.0,0.0,always_reactive,0.652328
h=0.3/q0=0.4/p=0.3/r=1/sig=0/cf=2.08299,A_core,0.3,0.4,0.3,1.0,0.0,1.0,2.0829936590907905,sepsis,autorpa_233k,oracle_tax,77101119.0,1.0,0.0,0.0,0.0,0.0,0.0,0.0,0.0,0.005,0.0,0.0,always_reactive,0.652328
h=0.3/q0=0.4/p=0.3/r=1/sig=0/cf=2.08299,A_core,0.3,0.4,0.3,1.0,0.0,1.0,2.0829936590907905,sepsis,autorpa_233k,ours_spend_cap,77101119.0,1.0,0.0,0.0,0.0,0.0,0.0,0.0,0.0,0.005,0.0,0.0,always_reactive,0.652328
h=0.3/q0=0.4/p=0.3/r=1/sig=0/cf=2.08299,A_core,0.3,0.4,0.3,1.0,0.0,1.0,2.0829936590907905,sepsis,autorpa_233k,ours_pi_prior,77101119.0,1.0,0.0,0.0,0.0,0.0,0.0,0.0,0.0,0.005,0.0,0.0,always_reactive,0.652328
h=0.3/q0=0.4/p=0.3/r=1/sig=0/cf=2.08299,A_core,0.3,0.4,0.3,1.0,0.0,1.0,2.0829936590907905,sepsis,autorpa_233k,ours_both,77101119.0,1.0,0.0,0.0,0.0,0.0,0.0,0.0,0.0,0.005,0.0,0.0,always_reactive,0.652328
h=0.3/q0=0.4/p=0.3/r=1/sig=0/cf=2.08299,A_core,0.3,0.4,0.3,1.0,0.0,1.0,2.0829936590907905,sepsis,autorpa_233k,breakeven,79463122.647,1.030635,0.5,1.3,6.1,1.3,0.0,2.3,6.1,0.005,4.3,2086951.347,always_reactive,0.652328
h=0.3/q0=0.4/p=0.3/r=1/sig=0/cf=2.08299,A_core,0.3,0.4,0.3,1.0,0.0,1.0,2.0829936590907905,sepsis,autorpa_233k,breakeven_cap,78704513.115,1.020796,0.4,1.0,4.2,0.9,0.0,1.7,4.2,0.005,2.9,1407478.815,always_reactive,0.652328
h=0.3/q0=0.4/p=0.3/r=1/sig=0/cf=2.08299,A_core,0.3,0.4,0.3,1.0,0.0,1.0,2.0829936590907905,sepsis,autorpa_233k,offline_taxblind,77101119.0,1.0,,,,,,,,,,,always_reactive,0.652328
h=0.3/q0=0.4/p=0.3/r=1/sig=0/cf=2.08299,A_core,0.3,0.4,0.3,1.0,0.0,1.0,2.0829936590907905,sepsis,autorpa_233k,offline_opt_tax,77101119.0,1.0,,,,,,,,,,,always_reactive,0.652328
h=0.3/q0=0.4/p=0.3/r=1/sig=0/cf=2.08299,A_core,0.3,0.4,0.3,1.0,0.0,1.0,2.0829936590907905,sepsis,native,always_reactive,77101119.0,0.990525,0.0,0.0,0.0,0.0,0.0,0.0,0.0,0.005,0.0,0.0,always_reactive,0.988636
h=0.3/q0=0.4/p=0.3/r=1/sig=0/cf=2.08299,A_core,0.3,0.4,0.3,1.0,0.0,1.0,2.0829936590907905,sepsis,native,always_compile_evict,77987335.531,1.00191,5.3,7.2,103.6,20.8,0.0,40.2,81.7,0.008,74.0,2242605.131,always_reactive,0.988636
h=0.3/q0=0.4/p=0.3/r=1/sig=0/cf=2.08299,A_core,0.3,0.4,0.3,1.0,0.0,1.0,2.0829936590907905,sepsis,native,ours_noinflate,77838653.782,1.0,4.6,6.4,88.1,17.9,0.0,34.9,68.9,0.008,62.1,1881969.982,always_reactive,0.988636
h=0.3/q0=0.4/p=0.3/r=1/sig=0/cf=2.08299,A_core,0.3,0.4,0.3,1.0,0.0,1.0,2.0829936590907905,sepsis,native,oracle_tax,77298034.414,0.993055,1.8,4.3,46.4,11.5,0.0,21.8,34.2,0.006,33.1,1003111.214,always_reactive,0.988636
h=0.3/q0=0.4/p=0.3/r=1/sig=0/cf=2.08299,A_core,0.3,0.4,0.3,1.0,0.0,1.0,2.0829936590907905,sepsis,native,ours_spend_cap,77807801.888,0.999604,3.4,5.3,67.0,12.2,0.0,22.8,52.1,0.007,48.0,1454662.788,always_reactive,0.988636
h=0.3/q0=0.4/p=0.3/r=1/sig=0/cf=2.08299,A_core,0.3,0.4,0.3,1.0,0.0,1.0,2.0829936590907905,sepsis,native,ours_pi_prior,77722956.868,0.998514,3.5,5.4,82.3,17.5,0.0,33.4,64.3,0.007,58.7,1778931.368,always_reactive,0.988636
h=0.3/q0=0.4/p=0.3/r=1/sig=0/cf=2.08299,A_core,0.3,0.4,0.3,1.0,0.0,1.0,2.0829936590907905,sepsis,native,ours_both,77669767.817,0.99783,2.1,4.4,56.1,10.6,0.0,19.4,43.5,0.007,40.9,1239493.917,always_reactive,0.988636
h=0.3/q0=0.4/p=0.3/r=1/sig=0/cf=2.08299,A_core,0.3,0.4,0.3,1.0,0.0,1.0,2.0829936590907905,sepsis,native,breakeven,78052566.461,1.002748,3.4,5.7,79.2,13.4,0.0,24.0,61.3,0.007,57.0,1727412.061,always_reactive,0.988636
h=0.3/q0=0.4/p=0.3/r=1/sig=0/cf=2.08299,A_core,0.3,0.4,0.3,1.0,0.0,1.0,2.0829936590907905,sepsis,native,breakeven_cap,77846367.519,1.000099,2.9,4.9,59.6,9.0,0.0,15.7,45.9,0.007,42.8,1297074.319,always_reactive,0.988636
h=0.3/q0=0.4/p=0.3/r=1/sig=0/cf=2.08299,A_core,0.3,0.4,0.3,1.0,0.0,1.0,2.0829936590907905,sepsis,native,offline_taxblind,74603893.54,0.958443,,,,,,,,,,,always_reactive,0.988636
h=0.3/q0=0.4/p=0.3/r=1/sig=0/cf=2.08299,A_core,0.3,0.4,0.3,1.0,0.0,1.0,2.0829936590907905,sepsis,native,offline_opt_tax,75258092.703,0.966847,,,,,,,,,,,always_reactive,0.988636
h=0.3/q0=0.4/p=0.3/r=1/sig=0/cf=2.08299,A_core,0.3,0.4,0.3,1.0,0.0,1.0,2.0829936590907905,wiki_A,autorpa_233k,always_reactive,5261420180.0,1.0,0.0,0.0,0.0,0.0,0.0,0.0,0.0,0.005,0.0,0.0,always_reactive,0.273525
h=0.3/q0=0.4/p=0.3/r=1/sig=0/cf=2.08299,A_core,0.3,0.4,0.3,1.0,0.0,1.0,2.0829936590907905,wiki_A,autorpa_233k,always_compile_evict,19235628129.56,3.655976,11.6,33.0,36979.3,11028.5,0.0,21295.9,36931.7,0.005,25842.5,12542334926.968,always_reactive,0.273525
h=0.3/q0=0.4/p=0.3/r=1/sig=0/cf=2.08299,A_core,0.3,0.4,0.3,1.0,0.0,1.0,2.0829936590907905,wiki_A,autorpa_233k,ours_noinflate,5261420180.0,1.0,0.0,0.0,0.0,0.0,0.0,0.0,0.0,0.005,0.0,0.0,always_reactive,0.273525
h=0.3/q0=0.4/p=0.3/r=1/sig=0/cf=2.08299,A_core,0.3,0.4,0.3,1.0,0.0,1.0,2.0829936590907905,wiki_A,autorpa_233k,oracle_tax,5261420180.0,1.0,0.0,0.0,0.0,0.0,0.0,0.0,0.0,0.005,0.0,0.0,always_reactive,0.273525
h=0.3/q0=0.4/p=0.3/r=1/sig=0/cf=2.08299,A_core,0.3,0.4,0.3,1.0,0.0,1.0,2.0829936590907905,wiki_A,autorpa_233k,ours_spend_cap,5261420180.0,1.0,0.0,0.0,0.0,0.0,0.0,0.0,0.0,0.005,0.0,0.0,always_reactive,0.273525
h=0.3/q0=0.4/p=0.3/r=1/sig=0/cf=2.08299,A_core,0.3,0.4,0.3,1.0,0.0,1.0,2.0829936590907905,wiki_A,autorpa_233k,ours_pi_prior,5261420180.0,1.0,0.0,0.0,0.0,0.0,0.0,0.0,0.0,0.005,0.0,0.0,always_reactive,0.273525
h=0.3/q0=0.4/p=0.3/r=1/sig=0/cf=2.08299,A_core,0.3,0.4,0.3,1.0,0.0,1.0,2.0829936590907905,wiki_A,autorpa_233k,ours_both,5261420180.0,1.0,0.0,0.0,0.0,0.0,0.0,0.0,0.0,0.005,0.0,0.0,always_reactive,0.273525
h=0.3/q0=0.4/p=0.3/r=1/sig=0/cf=2.08299,A_core,0.3,0.4,0.3,1.0,0.0,1.0,2.0829936590907905,wiki_A,autorpa_233k,breakeven,7126540694.296,1.35449,0.8,4.5,4930.3,1454.6,0.0,2781.5,4885.8,0.004,3451.6,1675190992.896,always_reactive,0.273525
h=0.3/q0=0.4/p=0.3/r=1/sig=0/cf=2.08299,A_core,0.3,0.4,0.3,1.0,0.0,1.0,2.0829936590907905,wiki_A,autorpa_233k,breakeven_cap,5308102455.664,1.008873,0.3,2.3,118.4,30.4,0.0,54.5,117.2,0.005,82.6,40088879.364,always_reactive,0.273525
h=0.3/q0=0.4/p=0.3/r=1/sig=0/cf=2.08299,A_core,0.3,0.4,0.3,1.0,0.0,1.0,2.0829936590907905,wiki_A,autorpa_233k,offline_taxblind,5261420180.0,1.0,,,,,,,,,,,always_reactive,0.273525
h=0.3/q0=0.4/p=0.3/r=1/sig=0/cf=2.08299,A_core,0.3,0.4,0.3,1.0,0.0,1.0,2.0829936590907905,wiki_A,autorpa_233k,offline_opt_tax,5261420180.0,1.0,,,,,,,,,,,always_reactive,0.273525
h=0.3/q0=0.4/p=0.3/r=1/sig=0/cf=2.08299,A_core,0.3,0.4,0.3,1.0,0.0,1.0,2.0829936590907905,wiki_A,native,always_reactive,5261420180.0,1.040442,0.0,0.0,0.0,0.0,0.0,0.0,0.0,0.005,0.0,0.0,always_compile_evict,1.0
h=0.3/q0=0.4/p=0.3/r=1/sig=0/cf=2.08299,A_core,0.3,0.4,0.3,1.0,0.0,1.0,2.0829936590907905,wiki_A,native,always_compile_evict,4993950519.727,0.98755,1.6,13.1,36979.3,11028.5,0.0,21295.9,35946.2,0.008,25842.5,783169231.126,always_compile_evict,1.0
h=0.3/q0=0.4/p=0.3/r=1/sig=0/cf=2.08299,A_core,0.3,0.4,0.3,1.0,0.0,1.0,2.0829936590907905,wiki_A,native,ours_noinflate,5056909535.2,1.0,1.0,10.9,27703.1,8276.2,0.0,16008.6,26853.4,0.007,19329.7,585795735.2,always_compile_evict,1.0
h=0.3/q0=0.4/p=0.3/r=1/sig=0/cf=2.08299,A_core,0.3,0.4,0.3,1.0,0.0,1.0,2.0829936590907905,wiki_A,native,oracle_tax,5256873015.805,1.039543,0.6,2.6,397.3,119.7,0.0,223.7,312.9,0.005,277.0,8394616.505,always_compile_evict,1.0
h=0.3/q0=0.4/p=0.3/r=1/sig=0/cf=2.08299,A_core,0.3,0.4,0.3,1.0,0.0,1.0,2.0829936590907905,wiki_A,native,ours_spend_cap,5262473089.272,1.04065,0.0,5.3,1066.4,262.9,0.0,493.4,769.0,0.005,741.6,22474540.072,always_compile_evict,1.0
h=0.3/q0=0.4/p=0.3/r=1/sig=0/cf=2.08299,A_core,0.3,0.4,0.3,1.0,0.0,1.0,2.0829936590907905,wiki_A,native,ours_pi_prior,5028020381.947,0.994287,0.7,8.9,30406.5,9101.3,0.0,17572.0,29614.6,0.007,21222.6,643160968.347,always_compile_evict,1.0
h=0.3/q0=0.4/p=0.3/r=1/sig=0/cf=2.08299,A_core,0.3,0.4,0.3,1.0,0.0,1.0,2.0829936590907905,wiki_A,native,ours_both,5262119112.635,1.04058,0.0,4.5,932.9,232.8,0.0,433.8,671.1,0.005,648.0,19637947.635,always_compile_evict,1.0
h=0.3/q0=0.4/p=0.3/r=1/sig=0/cf=2.08299,A_core,0.3,0.4,0.3,1.0,0.0,1.0,2.0829936590907905,wiki_A,native,breakeven,5211898995.453,1.030649,0.0,5.2,12582.4,3621.1,0.0,6943.6,11639.9,0.005,8792.6,266463917.253,always_compile_evict,1.0
h=0.3/q0=0.4/p=0.3/r=1/sig=0/cf=2.08299,A_core,0.3,0.4,0.3,1.0,0.0,1.0,2.0829936590907905,wiki_A,native,breakeven_cap,5267714834.519,1.041687,0.0,3.6,910.9,166.4,0.0,312.8,650.4,0.005,632.8,19177304.419,always_compile_evict,1.0
h=0.3/q0=0.4/p=0.3/r=1/sig=0/cf=2.08299,A_core,0.3,0.4,0.3,1.0,0.0,1.0,2.0829936590907905,wiki_A,native,offline_taxblind,4083682756.582,0.807545,,,,,,,,,,,always_compile_evict,1.0
h=0.3/q0=0.4/p=0.3/r=1/sig=0/cf=2.08299,A_core,0.3,0.4,0.3,1.0,0.0,1.0,2.0829936590907905,wiki_A,native,offline_opt_tax,4100181312.579,0.810808,,,,,,,,,,,always_compile_evict,1.0
h=0.3/q0=0.4/p=0.3/r=1/sig=0/cf=2.08299,A_core,0.3,0.4,0.3,1.0,0.0,1.0,2.0829936590907905,wiki_B,autorpa_233k,always_reactive,7373315056.0,1.0,0.0,0.0,0.0,0.0,0.0,0.0,0.0,0.005,0.0,0.0,always_reactive,0.506235
h=0.3/q0=0.4/p=0.3/r=1/sig=0/cf=2.08299,A_core,0.3,0.4,0.3,1.0,0.0,1.0,2.0829936590907905,wiki_B,autorpa_233k,always_compile_evict,14565006461.25,1.975367,56.6,73.5,17722.8,4722.0,0.0,9083.0,17710.4,0.03,12431.4,6033424878.054,always_reactive,0.506235
h=0.3/q0=0.4/p=0.3/r=1/sig=0/cf=2.08299,A_core,0.3,0.4,0.3,1.0,0.0,1.0,2.0829936590907905,wiki_B,autorpa_233k,ours_noinflate,7373315056.0,1.0,0.0,0.0,0.0,0.0,0.0,0.0,0.0,0.005,0.0,0.0,always_reactive,0.506235
h=0.3/q0=0.4/p=0.3/r=1/sig=0/cf=2.08299,A_core,0.3,0.4,0.3,1.0,0.0,1.0,2.0829936590907905,wiki_B,autorpa_233k,oracle_tax,7373315056.0,1.0,0.0,0.0,0.0,0.0,0.0,0.0,0.0,0.005,0.0,0.0,always_reactive,0.506235
h=0.3/q0=0.4/p=0.3/r=1/sig=0/cf=2.08299,A_core,0.3,0.4,0.3,1.0,0.0,1.0,2.0829936590907905,wiki_B,autorpa_233k,ours_spend_cap,7373315056.0,1.0,0.0,0.0,0.0,0.0,0.0,0.0,0.0,0.005,0.0,0.0,always_reactive,0.506235
h=0.3/q0=0.4/p=0.3/r=1/sig=0/cf=2.08299,A_core,0.3,0.4,0.3,1.0,0.0,1.0,2.0829936590907905,wiki_B,autorpa_233k,ours_pi_prior,7373315056.0,1.0,0.0,0.0,0.0,0.0,0.0,0.0,0.0,0.005,0.0,0.0,always_reactive,0.506235
h=0.3/q0=0.4/p=0.3/r=1/sig=0/cf=2.08299,A_core,0.3,0.4,0.3,1.0,0.0,1.0,2.0829936590907905,wiki_B,autorpa_233k,ours_both,7373315056.0,1.0,0.0,0.0,0.0,0.0,0.0,0.0,0.0,0.005,0.0,0.0,always_reactive,0.506235
h=0.3/q0=0.4/p=0.3/r=1/sig=0/cf=2.08299,A_core,0.3,0.4,0.3,1.0,0.0,1.0,2.0829936590907905,wiki_B,autorpa_233k,breakeven,7932644746.331,1.075859,1.6,6.9,1412.6,340.5,0.0,653.5,1407.1,0.007,987.3,479173736.032,always_reactive,0.506235
h=0.3/q0=0.4/p=0.3/r=1/sig=0/cf=2.08299,A_core,0.3,0.4,0.3,1.0,0.0,1.0,2.0829936590907905,wiki_B,autorpa_233k,breakeven_cap,7500515726.138,1.017251,0.6,3.7,309.3,61.4,0.0,119.7,308.4,0.006,218.8,106191849.938,always_reactive,0.506235
h=0.3/q0=0.4/p=0.3/r=1/sig=0/cf=2.08299,A_core,0.3,0.4,0.3,1.0,0.0,1.0,2.0829936590907905,wiki_B,autorpa_233k,offline_taxblind,7373315056.0,1.0,,,,,,,,,,,always_reactive,0.506235
h=0.3/q0=0.4/p=0.3/r=1/sig=0/cf=2.08299,A_core,0.3,0.4,0.3,1.0,0.0,1.0,2.0829936590907905,wiki_B,autorpa_233k,offline_opt_tax,7373315056.0,1.0,,,,,,,,,,,always_reactive,0.506235
h=0.3/q0=0.4/p=0.3/r=1/sig=0/cf=2.08299,A_core,0.3,0.4,0.3,1.0,0.0,1.0,2.0829936590907905,wiki_B,native,always_reactive,7373315056.0,0.99847,0.0,0.0,0.0,0.0,0.0,0.0,0.0,0.005,0.0,0.0,always_reactive,0.99668
h=0.3/q0=0.4/p=0.3/r=1/sig=0/cf=2.08299,A_core,0.3,0.4,0.3,1.0,0.0,1.0,2.0829936590907905,wiki_B,native,always_compile_evict,7397877335.358,1.001796,6.5,17.4,17722.8,4722.0,0.0,9083.0,15868.2,0.012,12431.4,376739478.759,always_reactive,0.99668
h=0.3/q0=0.4/p=0.3/r=1/sig=0/cf=2.08299,A_core,0.3,0.4,0.3,1.0,0.0,1.0,2.0829936590907905,wiki_B,native,ours_noinflate,7384614076.335,1.0,4.4,14.6,14062.1,3687.0,0.0,7081.8,12398.2,0.011,9862.4,298884714.136,always_reactive,0.99668
h=0.3/q0=0.4/p=0.3/r=1/sig=0/cf=2.08299,A_core,0.3,0.4,0.3,1.0,0.0,1.0,2.0829936590907905,wiki_B,native,oracle_tax,7373212321.226,0.998456,2.1,4.7,77.1,20.6,0.0,41.2,57.3,0.005,54.4,1648617.826,always_reactive,0.99668
h=0.3/q0=0.4/p=0.3/r=1/sig=0/cf=2.08299,A_core,0.3,0.4,0.3,1.0,0.0,1.0,2.0829936590907905,wiki_B,native,ours_spend_cap,7402438649.305,1.002414,1.0,7.7,4914.0,1075.4,0.0,2062.7,3610.8,0.006,3444.8,104396299.405,always_reactive,0.99668
h=0.3/q0=0.4/p=0.3/r=1/sig=0/cf=2.08299,A_core,0.3,0.4,0.3,1.0,0.0,1.0,2.0829936590907905,wiki_B,native,ours_pi_prior,7380210719.555,0.999404,4.0,13.8,12665.7,3352.5,0.0,6452.5,11264.7,0.01,8879.6,269100493.556,always_reactive,0.99668
h=0.3/q0=0.4/p=0.3/r=1/sig=0/cf=2.08299,A_core,0.3,0.4,0.3,1.0,0.0,1.0,2.0829936590907905,wiki_B,native,ours_both,7396419814.002,1.001599,0.8,6.9,4119.6,906.8,0.0,1733.8,3021.9,0.006,2886.6,87479783.402,always_reactive,0.99668
h=0.3/q0=0.4/p=0.3/r=1/sig=0/cf=2.08299,A_core,0.3,0.4,0.3,1.0,0.0,1.0,2.0829936590907905,wiki_B,native,breakeven,7447157185.811,1.008469,0.1,6.7,5582.7,782.8,0.0,1500.7,4153.8,0.006,3905.9,118370153.811,always_reactive,0.99668
h=0.3/q0=0.4/p=0.3/r=1/sig=0/cf=2.08299,A_core,0.3,0.4,0.3,1.0,0.0,1.0,2.0829936590907905,wiki_B,native,breakeven_cap,7432561275.513,1.006493,0.0,5.7,3961.5,473.4,0.0,905.3,2875.2,0.006,2773.3,84046173.113,always_reactive,0.99668
h=0.3/q0=0.4/p=0.3/r=1/sig=0/cf=2.08299,A_core,0.3,0.4,0.3,1.0,0.0,1.0,2.0829936590907905,wiki_B,native,offline_taxblind,6906804598.755,0.935297,,,,,,,,,,,always_reactive,0.99668
h=0.3/q0=0.4/p=0.3/r=1/sig=0/cf=2.08299,A_core,0.3,0.4,0.3,1.0,0.0,1.0,2.0829936590907905,wiki_B,native,offline_opt_tax,6941398838.176,0.939981,,,,,,,,,,,always_reactive,0.99668
h=0.3/q0=0.4/p=0.5/r=1/sig=0/cf=1,A_core,0.3,0.4,0.5,1.0,0.0,1.0,1.0,bpi2019,autorpa_233k,always_reactive,19497801224.0,1.0,0.0,0.0,0.0,0.0,0.0,0.0,0.0,0.005,0.0,0.0,always_reactive,0.482895
h=0.3/q0=0.4/p=0.5/r=1/sig=0/cf=1,A_core,0.3,0.4,0.5,1.0,0.0,1.0,1.0,bpi2019,autorpa_233k,always_compile_evict,40376910863.6,2.070844,38.8,64.3,110763.0,54364.3,0.0,105132.6,110728.4,0.025,55485.2,12928051600.0,always_reactive,0.482895
h=0.3/q0=0.4/p=0.5/r=1/sig=0/cf=1,A_core,0.3,0.4,0.5,1.0,0.0,1.0,1.0,bpi2019,autorpa_233k,ours_noinflate,19497801224.0,1.0,0.0,0.0,0.0,0.0,0.0,0.0,0.0,0.005,0.0,0.0,always_reactive,0.482895
h=0.3/q0=0.4/p=0.5/r=1/sig=0/cf=1,A_core,0.3,0.4,0.5,1.0,0.0,1.0,1.0,bpi2019,autorpa_233k,oracle_tax,19497801224.0,1.0,0.0,0.0,0.0,0.0,0.0,0.0,0.0,0.005,0.0,0.0,always_reactive,0.482895
h=0.3/q0=0.4/p=0.5/r=1/sig=0/cf=1,A_core,0.3,0.4,0.5,1.0,0.0,1.0,1.0,bpi2019,autorpa_233k,ours_spend_cap,19497801224.0,1.0,0.0,0.0,0.0,0.0,0.0,0.0,0.0,0.005,0.0,0.0,always_reactive,0.482895
h=0.3/q0=0.4/p=0.5/r=1/sig=0/cf=1,A_core,0.3,0.4,0.5,1.0,0.0,1.0,1.0,bpi2019,autorpa_233k,ours_pi_prior,19497801224.0,1.0,0.0,0.0,0.0,0.0,0.0,0.0,0.0,0.005,0.0,0.0,always_reactive,0.482895
h=0.3/q0=0.4/p=0.5/r=1/sig=0/cf=1,A_core,0.3,0.4,0.5,1.0,0.0,1.0,1.0,bpi2019,autorpa_233k,ours_both,19497801224.0,1.0,0.0,0.0,0.0,0.0,0.0,0.0,0.0,0.005,0.0,0.0,always_reactive,0.482895
h=0.3/q0=0.4/p=0.5/r=1/sig=0/cf=1,A_core,0.3,0.4,0.5,1.0,0.0,1.0,1.0,bpi2019,autorpa_233k,breakeven,19923680318.7,1.021842,0.5,6.7,2034.3,745.2,0.0,1450.7,2008.6,0.006,1025.7,238988100.0,always_reactive,0.482895
h=0.3/q0=0.4/p=0.5/r=1/sig=0/cf=1,A_core,0.3,0.4,0.5,1.0,0.0,1.0,1.0,bpi2019,autorpa_233k,breakeven_cap,19628356467.1,1.006696,0.3,4.6,580.3,174.5,0.0,346.3,574.7,0.005,293.0,68269000.0,always_reactive,0.482895
h=0.3/q0=0.4/p=0.5/r=1/sig=0/cf=1,A_core,0.3,0.4,0.5,1.0,0.0,1.0,1.0,bpi2019,autorpa_233k,offline_taxblind,19497801224.0,1.0,,,,,,,,,,,always_reactive,0.482895
h=0.3/q0=0.4/p=0.5/r=1/sig=0/cf=1,A_core,0.3,0.4,0.5,1.0,0.0,1.0,1.0,bpi2019,autorpa_233k,offline_opt_tax,19497801224.0,1.0,,,,,,,,,,,always_reactive,0.482895
h=0.3/q0=0.4/p=0.5/r=1/sig=0/cf=1,A_core,0.3,0.4,0.5,1.0,0.0,1.0,1.0,bpi2019,native,always_reactive,19497801224.0,1.254453,0.0,0.0,0.0,0.0,0.0,0.0,0.0,0.005,0.0,0.0,always_compile_evict,1.0
h=0.3/q0=0.4/p=0.5/r=1/sig=0/cf=1,A_core,0.3,0.4,0.5,1.0,0.0,1.0,1.0,bpi2019,native,always_compile_evict,15376677426.6,0.989308,3.1,15.8,110763.0,54364.3,0.0,105132.6,105402.7,0.012,55485.2,807254174.8,always_compile_evict,1.0
h=0.3/q0=0.4/p=0.5/r=1/sig=0/cf=1,A_core,0.3,0.4,0.5,1.0,0.0,1.0,1.0,bpi2019,native,ours_noinflate,15542868176.0,1.0,3.2,15.8,103820.6,50931.0,0.0,98512.3,98690.0,0.012,52018.1,756811336.9,always_compile_evict,1.0
h=0.3/q0=0.4/p=0.5/r=1/sig=0/cf=1,A_core,0.3,0.4,0.5,1.0,0.0,1.0,1.0,bpi2019,native,oracle_tax,19486177768.1,1.253705,9.5,12.4,333.9,158.0,0.0,308.6,203.2,0.005,166.4,2420953.6,always_compile_evict,1.0
h=0.3/q0=0.4/p=0.5/r=1/sig=0/cf=1,A_core,0.3,0.4,0.5,1.0,0.0,1.0,1.0,bpi2019,native,ours_spend_cap,19248611976.1,1.238421,0.0,7.6,8986.8,3759.1,0.0,7245.7,4816.0,0.005,4499.3,65460315.7,always_compile_evict,1.0
h=0.3/q0=0.4/p=0.5/r=1/sig=0/cf=1,A_core,0.3,0.4,0.5,1.0,0.0,1.0,1.0,bpi2019,native,ours_pi_prior,16511934060.4,1.062348,2.8,14.3,77756.6,38037.3,0.0,73562.8,73257.6,0.01,38960.4,566834859.6,always_compile_evict,1.0
h=0.3/q0=0.4/p=0.5/r=1/sig=0/cf=1,A_core,0.3,0.4,0.5,1.0,0.0,1.0,1.0,bpi2019,native,ours_both,19276102070.1,1.24019,0.0,7.1,7890.3,3299.2,0.0,6369.6,4237.4,0.005,3953.8,57523836.2,always_compile_evict,1.0
h=0.3/q0=0.4/p=0.5/r=1/sig=0/cf=1,A_core,0.3,0.4,0.5,1.0,0.0,1.0,1.0,bpi2019,native,breakeven,19433787039.5,1.250335,0.0,5.2,5432.0,1436.1,0.0,2770.5,2766.0,0.005,2711.9,39455433.1,always_compile_evict,1.0
h=0.3/q0=0.4/p=0.5/r=1/sig=0/cf=1,A_core,0.3,0.4,0.5,1.0,0.0,1.0,1.0,bpi2019,native,breakeven_cap,19447116333.8,1.251192,0.0,5.0,4900.1,1204.8,0.0,2324.9,2462.6,0.005,2448.9,35629046.1,always_compile_evict,1.0
h=0.3/q0=0.4/p=0.5/r=1/sig=0/cf=1,A_core,0.3,0.4,0.5,1.0,0.0,1.0,1.0,bpi2019,native,offline_taxblind,13854519764.004,0.891375,,,,,,,,,,,always_compile_evict,1.0
h=0.3/q0=0.4/p=0.5/r=1/sig=0/cf=1,A_core,0.3,0.4,0.5,1.0,0.0,1.0,1.0,bpi2019,native,offline_opt_tax,13960828833.55,0.898214,,,,,,,,,,,always_compile_evict,1.0
h=0.3/q0=0.4/p=0.5/r=1/sig=0/cf=1,A_core,0.3,0.4,0.5,1.0,0.0,1.0,1.0,sepsis,autorpa_233k,always_reactive,77101119.0,1.0,0.0,0.0,0.0,0.0,0.0,0.0,0.0,0.005,0.0,0.0,always_reactive,0.812399
h=0.3/q0=0.4/p=0.5/r=1/sig=0/cf=1,A_core,0.3,0.4,0.5,1.0,0.0,1.0,1.0,sepsis,autorpa_233k,always_compile_evict,94905445.6,1.230922,11.1,12.4,86.9,29.6,0.0,57.7,86.2,0.009,44.3,10321900.0,always_reactive,0.812399
h=0.3/q0=0.4/p=0.5/r=1/sig=0/cf=1,A_core,0.3,0.4,0.5,1.0,0.0,1.0,1.0,sepsis,autorpa_233k,ours_noinflate,77101119.0,1.0,0.0,0.0,0.0,0.0,0.0,0.0,0.0,0.005,0.0,0.0,always_reactive,0.812399
h=0.3/q0=0.4/p=0.5/r=1/sig=0/cf=1,A_core,0.3,0.4,0.5,1.0,0.0,1.0,1.0,sepsis,autorpa_233k,oracle_tax,77101119.0,1.0,0.0,0.0,0.0,0.0,0.0,0.0,0.0,0.005,0.0,0.0,always_reactive,0.812399
h=0.3/q0=0.4/p=0.5/r=1/sig=0/cf=1,A_core,0.3,0.4,0.5,1.0,0.0,1.0,1.0,sepsis,autorpa_233k,ours_spend_cap,77101119.0,1.0,0.0,0.0,0.0,0.0,0.0,0.0,0.0,0.005,0.0,0.0,always_reactive,0.812399
h=0.3/q0=0.4/p=0.5/r=1/sig=0/cf=1,A_core,0.3,0.4,0.5,1.0,0.0,1.0,1.0,sepsis,autorpa_233k,ours_pi_prior,77101119.0,1.0,0.0,0.0,0.0,0.0,0.0,0.0,0.0,0.005,0.0,0.0,always_reactive,0.812399
h=0.3/q0=0.4/p=0.5/r=1/sig=0/cf=1,A_core,0.3,0.4,0.5,1.0,0.0,1.0,1.0,sepsis,autorpa_233k,ours_both,77101119.0,1.0,0.0,0.0,0.0,0.0,0.0,0.0,0.0,0.005,0.0,0.0,always_reactive,0.812399
h=0.3/q0=0.4/p=0.5/r=1/sig=0/cf=1,A_core,0.3,0.4,0.5,1.0,0.0,1.0,1.0,sepsis,autorpa_233k,breakeven,78146710.8,1.013561,1.0,2.0,5.6,2.3,0.0,4.5,5.5,0.005,2.3,535900.0,always_reactive,0.812399
h=0.3/q0=0.4/p=0.5/r=1/sig=0/cf=1,A_core,0.3,0.4,0.5,1.0,0.0,1.0,1.0,sepsis,autorpa_233k,breakeven_cap,77957674.1,1.01111,0.8,1.6,4.5,1.7,0.0,3.0,4.5,0.005,2.0,466000.0,always_reactive,0.812399
h=0.3/q0=0.4/p=0.5/r=1/sig=0/cf=1,A_core,0.3,0.4,0.5,1.0,0.0,1.0,1.0,sepsis,autorpa_233k,offline_taxblind,77101119.0,1.0,,,,,,,,,,,always_reactive,0.812399
h=0.3/q0=0.4/p=0.5/r=1/sig=0/cf=1,A_core,0.3,0.4,0.5,1.0,0.0,1.0,1.0,sepsis,autorpa_233k,offline_opt_tax,77101119.0,1.0,,,,,,,,,,,always_reactive,0.812399
h=0.3/q0=0.4/p=0.5/r=1/sig=0/cf=1,A_core,0.3,0.4,0.5,1.0,0.0,1.0,1.0,sepsis,native,always_reactive,77101119.0,1.017141,0.0,0.0,0.0,0.0,0.0,0.0,0.0,0.005,0.0,0.0,always_compile_evict,1.0
h=0.3/q0=0.4/p=0.5/r=1/sig=0/cf=1,A_core,0.3,0.4,0.5,1.0,0.0,1.0,1.0,sepsis,native,always_compile_evict,75741054.7,0.999199,5.5,7.8,86.9,29.6,0.0,57.7,54.6,0.009,44.3,644520.7,always_compile_evict,1.0
h=0.3/q0=0.4/p=0.5/r=1/sig=0/cf=1,A_core,0.3,0.4,0.5,1.0,0.0,1.0,1.0,sepsis,native,ours_noinflate,75801807.4,1.0,5.3,7.6,84.9,28.9,0.0,55.9,53.1,0.009,43.3,629971.7,always_compile_evict,1.0
h=0.3/q0=0.4/p=0.5/r=1/sig=0/cf=1,A_core,0.3,0.4,0.5,1.0,0.0,1.0,1.0,sepsis,native,oracle_tax,75971805.7,1.002243,4.2,6.0,52.2,21.6,0.0,40.8,31.7,0.008,26.4,384093.6,always_compile_evict,1.0
h=0.3/q0=0.4/p=0.5/r=1/sig=0/cf=1,A_core,0.3,0.4,0.5,1.0,0.0,1.0,1.0,sepsis,native,ours_spend_cap,75907358.4,1.001392,4.6,7.2,77.0,25.9,0.0,50.6,46.8,0.009,39.1,568865.9,always_compile_evict,1.0
h=0.3/q0=0.4/p=0.5/r=1/sig=0/cf=1,A_core,0.3,0.4,0.5,1.0,0.0,1.0,1.0,sepsis,native,ours_pi_prior,75789255.9,0.999834,3.6,6.8,77.3,27.3,0.0,52.1,48.5,0.008,40.0,581960.0,always_compile_evict,1.0
h=0.3/q0=0.4/p=0.5/r=1/sig=0/cf=1,A_core,0.3,0.4,0.5,1.0,0.0,1.0,1.0,sepsis,native,ours_both,75916159.2,1.001509,2.9,6.4,69.1,24.2,0.0,46.5,42.0,0.008,35.6,517944.4,always_compile_evict,1.0
h=0.3/q0=0.4/p=0.5/r=1/sig=0/cf=1,A_core,0.3,0.4,0.5,1.0,0.0,1.0,1.0,sepsis,native,breakeven,76474401.0,1.008873,2.9,5.7,60.4,14.9,0.0,28.8,37.0,0.007,30.0,436470.0,always_compile_evict,1.0
h=0.3/q0=0.4/p=0.5/r=1/sig=0/cf=1,A_core,0.3,0.4,0.5,1.0,0.0,1.0,1.0,sepsis,native,breakeven_cap,76504622.7,1.009272,2.7,5.6,58.6,14.3,0.0,28.0,35.4,0.007,29.1,423375.9,always_compile_evict,1.0
h=0.3/q0=0.4/p=0.5/r=1/sig=0/cf=1,A_core,0.3,0.4,0.5,1.0,0.0,1.0,1.0,sepsis,native,offline_taxblind,69900298.644,0.922146,,,,,,,,,,,always_compile_evict,1.0
h=0.3/q0=0.4/p=0.5/r=1/sig=0/cf=1,A_core,0.3,0.4,0.5,1.0,0.0,1.0,1.0,sepsis,native,offline_opt_tax,70419893.436,0.929,,,,,,,,,,,always_compile_evict,1.0
h=0.3/q0=0.4/p=0.5/r=1/sig=0/cf=1,A_core,0.3,0.4,0.5,1.0,0.0,1.0,1.0,wiki_A,autorpa_233k,always_reactive,5261420180.0,1.0,0.0,0.0,0.0,0.0,0.0,0.0,0.0,0.005,0.0,0.0,always_reactive,0.500592
h=0.3/q0=0.4/p=0.5/r=1/sig=0/cf=1,A_core,0.3,0.4,0.5,1.0,0.0,1.0,1.0,wiki_A,autorpa_233k,always_compile_evict,10510391556.9,1.997634,9.7,33.7,29118.1,14423.3,0.0,27871.3,29066.4,0.008,14543.0,3388519000.0,always_reactive,0.500592
h=0.3/q0=0.4/p=0.5/r=1/sig=0/cf=1,A_core,0.3,0.4,0.5,1.0,0.0,1.0,1.0,wiki_A,autorpa_233k,ours_noinflate,5261420180.0,1.0,0.0,0.0,0.0,0.0,0.0,0.0,0.0,0.005,0.0,0.0,always_reactive,0.500592
h=0.3/q0=0.4/p=0.5/r=1/sig=0/cf=1,A_core,0.3,0.4,0.5,1.0,0.0,1.0,1.0,wiki_A,autorpa_233k,oracle_tax,5261420180.0,1.0,0.0,0.0,0.0,0.0,0.0,0.0,0.0,0.005,0.0,0.0,always_reactive,0.500592
h=0.3/q0=0.4/p=0.5/r=1/sig=0/cf=1,A_core,0.3,0.4,0.5,1.0,0.0,1.0,1.0,wiki_A,autorpa_233k,ours_spend_cap,5261420180.0,1.0,0.0,0.0,0.0,0.0,0.0,0.0,0.0,0.005,0.0,0.0,always_reactive,0.500592
h=0.3/q0=0.4/p=0.5/r=1/sig=0/cf=1,A_core,0.3,0.4,0.5,1.0,0.0,1.0,1.0,wiki_A,autorpa_233k,ours_pi_prior,5261420180.0,1.0,0.0,0.0,0.0,0.0,0.0,0.0,0.0,0.005,0.0,0.0,always_reactive,0.500592
h=0.3/q0=0.4/p=0.5/r=1/sig=0/cf=1,A_core,0.3,0.4,0.5,1.0,0.0,1.0,1.0,wiki_A,autorpa_233k,ours_both,5261420180.0,1.0,0.0,0.0,0.0,0.0,0.0,0.0,0.0,0.005,0.0,0.0,always_reactive,0.500592
h=0.3/q0=0.4/p=0.5/r=1/sig=0/cf=1,A_core,0.3,0.4,0.5,1.0,0.0,1.0,1.0,wiki_A,autorpa_233k,breakeven,5993149527.8,1.139074,0.6,5.4,4045.1,1988.1,0.0,3822.1,3995.8,0.005,2023.4,471452200.0,always_reactive,0.500592
h=0.3/q0=0.4/p=0.5/r=1/sig=0/cf=1,A_core,0.3,0.4,0.5,1.0,0.0,1.0,1.0,wiki_A,autorpa_233k,breakeven_cap,5290137337.5,1.005458,0.3,2.6,139.5,56.7,0.0,103.8,137.3,0.005,72.0,16776000.0,always_reactive,0.500592
h=0.3/q0=0.4/p=0.5/r=1/sig=0/cf=1,A_core,0.3,0.4,0.5,1.0,0.0,1.0,1.0,wiki_A,autorpa_233k,offline_taxblind,5261420180.0,1.0,,,,,,,,,,,always_reactive,0.500592
h=0.3/q0=0.4/p=0.5/r=1/sig=0/cf=1,A_core,0.3,0.4,0.5,1.0,0.0,1.0,1.0,wiki_A,autorpa_233k,offline_opt_tax,5261420180.0,1.0,,,,,,,,,,,always_reactive,0.500592
h=0.3/q0=0.4/p=0.5/r=1/sig=0/cf=1,A_core,0.3,0.4,0.5,1.0,0.0,1.0,1.0,wiki_A,native,always_reactive,5261420180.0,1.275597,0.0,0.0,0.0,0.0,0.0,0.0,0.0,0.005,0.0,0.0,always_compile_evict,1.0
h=0.3/q0=0.4/p=0.5/r=1/sig=0/cf=1,A_core,0.3,0.4,0.5,1.0,0.0,1.0,1.0,wiki_A,native,always_compile_evict,4098899712.4,0.993751,2.1,11.9,29118.1,14423.3,0.0,27871.3,27833.8,0.009,14543.0,211586107.0,always_compile_evict,1.0
h=0.3/q0=0.4/p=0.5/r=1/sig=0/cf=1,A_core,0.3,0.4,0.5,1.0,0.0,1.0,1.0,wiki_A,native,ours_noinflate,4124674230.9,1.0,1.9,11.5,28230.7,13984.0,0.0,27027.9,26998.1,0.009,14098.5,205119076.5,always_compile_evict,1.0
h=0.3/q0=0.4/p=0.5/r=1/sig=0/cf=1,A_core,0.3,0.4,0.5,1.0,0.0,1.0,1.0,wiki_A,native,oracle_tax,5242196294.0,1.270936,2.5,4.5,418.3,206.1,0.0,394.3,271.2,0.005,209.7,3050925.3,always_compile_evict,1.0
h=0.3/q0=0.4/p=0.5/r=1/sig=0/cf=1,A_core,0.3,0.4,0.5,1.0,0.0,1.0,1.0,wiki_A,native,ours_spend_cap,5209605183.2,1.263034,0.0,7.3,1739.5,756.0,0.0,1426.3,979.0,0.005,868.9,12641626.1,always_compile_evict,1.0
h=0.3/q0=0.4/p=0.5/r=1/sig=0/cf=1,A_core,0.3,0.4,0.5,1.0,0.0,1.0,1.0,wiki_A,native,ours_pi_prior,4170024660.1,1.010995,1.6,9.9,26798.4,13292.2,0.0,25677.4,25652.5,0.009,13375.5,194600149.5,always_compile_evict,1.0
h=0.3/q0=0.4/p=0.5/r=1/sig=0/cf=1,A_core,0.3,0.4,0.5,1.0,0.0,1.0,1.0,wiki_A,native,ours_both,5213809011.0,1.264054,0.0,6.7,1572.4,684.9,0.0,1291.5,886.4,0.005,786.6,11444243.4,always_compile_evict,1.0
h=0.3/q0=0.4/p=0.5/r=1/sig=0/cf=1,A_core,0.3,0.4,0.5,1.0,0.0,1.0,1.0,wiki_A,native,breakeven,4977172464.1,1.206683,0.0,5.7,8489.8,4044.0,0.0,7774.0,7414.8,0.005,4233.8,61597556.2,always_compile_evict,1.0
h=0.3/q0=0.4/p=0.5/r=1/sig=0/cf=1,A_core,0.3,0.4,0.5,1.0,0.0,1.0,1.0,wiki_A,native,breakeven_cap,5236666608.6,1.269595,0.0,5.4,1183.2,405.6,0.0,758.9,608.1,0.005,590.2,8586819.8,always_compile_evict,1.0
h=0.3/q0=0.4/p=0.5/r=1/sig=0/cf=1,A_core,0.3,0.4,0.5,1.0,0.0,1.0,1.0,wiki_A,native,offline_taxblind,3703458427.684,0.897879,,,,,,,,,,,always_compile_evict,1.0
h=0.3/q0=0.4/p=0.5/r=1/sig=0/cf=1,A_core,0.3,0.4,0.5,1.0,0.0,1.0,1.0,wiki_A,native,offline_opt_tax,3717228185.712,0.901217,,,,,,,,,,,always_compile_evict,1.0
h=0.3/q0=0.4/p=0.5/r=1/sig=0/cf=1,A_core,0.3,0.4,0.5,1.0,0.0,1.0,1.0,wiki_B,autorpa_233k,always_reactive,7373315056.0,1.0,0.0,0.0,0.0,0.0,0.0,0.0,0.0,0.005,0.0,0.0,always_reactive,0.705313
h=0.3/q0=0.4/p=0.5/r=1/sig=0/cf=1,A_core,0.3,0.4,0.5,1.0,0.0,1.0,1.0,wiki_B,autorpa_233k,always_compile_evict,10453961620.5,1.41781,57.7,69.6,14273.4,6323.2,0.0,12148.5,14259.3,0.042,7142.9,1664295700.0,always_reactive,0.705313
h=0.3/q0=0.4/p=0.5/r=1/sig=0/cf=1,A_core,0.3,0.4,0.5,1.0,0.0,1.0,1.0,wiki_B,autorpa_233k,ours_noinflate,7373315056.0,1.0,0.0,0.0,0.0,0.0,0.0,0.0,0.0,0.005,0.0,0.0,always_reactive,0.705313
h=0.3/q0=0.4/p=0.5/r=1/sig=0/cf=1,A_core,0.3,0.4,0.5,1.0,0.0,1.0,1.0,wiki_B,autorpa_233k,oracle_tax,7373315056.0,1.0,0.0,0.0,0.0,0.0,0.0,0.0,0.0,0.005,0.0,0.0,always_reactive,0.705313
h=0.3/q0=0.4/p=0.5/r=1/sig=0/cf=1,A_core,0.3,0.4,0.5,1.0,0.0,1.0,1.0,wiki_B,autorpa_233k,ours_spend_cap,7373315056.0,1.0,0.0,0.0,0.0,0.0,0.0,0.0,0.0,0.005,0.0,0.0,always_reactive,0.705313
h=0.3/q0=0.4/p=0.5/r=1/sig=0/cf=1,A_core,0.3,0.4,0.5,1.0,0.0,1.0,1.0,wiki_B,autorpa_233k,ours_pi_prior,7373315056.0,1.0,0.0,0.0,0.0,0.0,0.0,0.0,0.0,0.005,0.0,0.0,always_reactive,0.705313
h=0.3/q0=0.4/p=0.5/r=1/sig=0/cf=1,A_core,0.3,0.4,0.5,1.0,0.0,1.0,1.0,wiki_B,autorpa_233k,ours_both,7373315056.0,1.0,0.0,0.0,0.0,0.0,0.0,0.0,0.0,0.005,0.0,0.0,always_reactive,0.705313
h=0.3/q0=0.4/p=0.5/r=1/sig=0/cf=1,A_core,0.3,0.4,0.5,1.0,0.0,1.0,1.0,wiki_B,autorpa_233k,breakeven,7587640730.8,1.029068,1.4,6.8,1020.5,388.5,0.0,738.7,1013.9,0.007,509.3,118666900.0,always_reactive,0.705313
h=0.3/q0=0.4/p=0.5/r=1/sig=0/cf=1,A_core,0.3,0.4,0.5,1.0,0.0,1.0,1.0,wiki_B,autorpa_233k,breakeven_cap,7450336662.9,1.010446,0.2,4.6,347.4,113.5,0.0,214.6,345.8,0.006,175.6,40914800.0,always_reactive,0.705313
h=0.3/q0=0.4/p=0.5/r=1/sig=0/cf=1,A_core,0.3,0.4,0.5,1.0,0.0,1.0,1.0,wiki_B,autorpa_233k,offline_taxblind,7373315056.0,1.0,,,,,,,,,,,always_reactive,0.705313
h=0.3/q0=0.4/p=0.5/r=1/sig=0/cf=1,A_core,0.3,0.4,0.5,1.0,0.0,1.0,1.0,wiki_B,autorpa_233k,offline_opt_tax,7373315056.0,1.0,,,,,,,,,,,always_reactive,0.705313
h=0.3/q0=0.4/p=0.5/r=1/sig=0/cf=1,A_core,0.3,0.4,0.5,1.0,0.0,1.0,1.0,wiki_B,native,always_reactive,7373315056.0,1.054517,0.0,0.0,0.0,0.0,0.0,0.0,0.0,0.005,0.0,0.0,always_compile_evict,1.0
h=0.3/q0=0.4/p=0.5/r=1/sig=0/cf=1,A_core,0.3,0.4,0.5,1.0,0.0,1.0,1.0,wiki_B,native,always_compile_evict,6981242745.6,0.998443,5.1,15.2,14273.4,6323.2,0.0,12148.5,11508.0,0.012,7142.9,103922052.1,always_compile_evict,1.0
h=0.3/q0=0.4/p=0.5/r=1/sig=0/cf=1,A_core,0.3,0.4,0.5,1.0,0.0,1.0,1.0,wiki_B,native,ours_noinflate,6992128170.3,1.0,4.7,14.8,13743.4,6075.7,0.0,11670.7,11044.3,0.011,6878.8,100079661.2,always_compile_evict,1.0
h=0.3/q0=0.4/p=0.5/r=1/sig=0/cf=1,A_core,0.3,0.4,0.5,1.0,0.0,1.0,1.0,wiki_B,native,oracle_tax,7370490954.4,1.054113,9.5,12.2,128.7,54.5,0.0,104.3,76.6,0.005,64.7,941320.3,always_compile_evict,1.0
h=0.3/q0=0.4/p=0.5/r=1/sig=0/cf=1,A_core,0.3,0.4,0.5,1.0,0.0,1.0,1.0,wiki_B,native,ours_spend_cap,7225185121.9,1.033331,0.6,9.2,6598.6,2583.6,0.0,4958.9,3951.8,0.007,3303.2,48058256.8,always_compile_evict,1.0
h=0.3/q0=0.4/p=0.5/r=1/sig=0/cf=1,A_core,0.3,0.4,0.5,1.0,0.0,1.0,1.0,wiki_B,native,ours_pi_prior,7030056164.4,1.005424,3.7,14.1,12183.8,5408.3,0.0,10402.5,9861.7,0.011,6097.4,88711072.6,always_compile_evict,1.0
h=0.3/q0=0.4/p=0.5/r=1/sig=0/cf=1,A_core,0.3,0.4,0.5,1.0,0.0,1.0,1.0,wiki_B,native,ours_both,7240904079.0,1.035579,0.6,8.6,5733.4,2253.5,0.0,4337.1,3445.2,0.007,2867.3,41716347.7,always_compile_evict,1.0
h=0.3/q0=0.4/p=0.5/r=1/sig=0/cf=1,A_core,0.3,0.4,0.5,1.0,0.0,1.0,1.0,wiki_B,native,breakeven,7352611664.9,1.051556,0.0,5.8,4039.6,869.4,0.0,1661.0,2169.3,0.006,2018.9,29372976.1,always_compile_evict,1.0
h=0.3/q0=0.4/p=0.5/r=1/sig=0/cf=1,A_core,0.3,0.4,0.5,1.0,0.0,1.0,1.0,wiki_B,native,breakeven_cap,7359076029.0,1.05248,0.0,5.8,3758.7,748.0,0.0,1426.3,1959.2,0.006,1878.5,27330296.5,always_compile_evict,1.0
h=0.3/q0=0.4/p=0.5/r=1/sig=0/cf=1,A_core,0.3,0.4,0.5,1.0,0.0,1.0,1.0,wiki_B,native,offline_taxblind,6453477728.208,0.922963,,,,,,,,,,,always_compile_evict,1.0
h=0.3/q0=0.4/p=0.5/r=1/sig=0/cf=1,A_core,0.3,0.4,0.5,1.0,0.0,1.0,1.0,wiki_B,native,offline_opt_tax,6477558046.095,0.926407,,,,,,,,,,,always_compile_evict,1.0
h=0.3/q0=0.4/p=0.5/r=1/sig=0/cf=2.08299,A_core,0.3,0.4,0.5,1.0,0.0,1.0,2.0829936590907905,bpi2019,autorpa_233k,always_reactive,19497801224.0,1.0,0.0,0.0,0.0,0.0,0.0,0.0,0.0,0.005,0.0,0.0,always_reactive,0.358561
h=0.3/q0=0.4/p=0.5/r=1/sig=0/cf=2.08299,A_core,0.3,0.4,0.5,1.0,0.0,1.0,2.0829936590907905,bpi2019,autorpa_233k,always_compile_evict,54377908770.778,2.788925,38.8,64.3,110763.0,54364.3,0.0,105132.6,110728.4,0.018,55485.2,26929049507.198,always_reactive,0.358561
h=0.3/q0=0.4/p=0.5/r=1/sig=0/cf=2.08299,A_core,0.3,0.4,0.5,1.0,0.0,1.0,2.0829936590907905,bpi2019,autorpa_233k,ours_noinflate,19497801224.0,1.0,0.0,0.0,0.0,0.0,0.0,0.0,0.0,0.005,0.0,0.0,always_reactive,0.358561
h=0.3/q0=0.4/p=0.5/r=1/sig=0/cf=2.08299,A_core,0.3,0.4,0.5,1.0,0.0,1.0,2.0829936590907905,bpi2019,autorpa_233k,oracle_tax,19497801224.0,1.0,0.0,0.0,0.0,0.0,0.0,0.0,0.0,0.005,0.0,0.0,always_reactive,0.358561
h=0.3/q0=0.4/p=0.5/r=1/sig=0/cf=2.08299,A_core,0.3,0.4,0.5,1.0,0.0,1.0,2.0829936590907905,bpi2019,autorpa_233k,ours_spend_cap,19497801224.0,1.0,0.0,0.0,0.0,0.0,0.0,0.0,0.0,0.005,0.0,0.0,always_reactive,0.358561
h=0.3/q0=0.4/p=0.5/r=1/sig=0/cf=2.08299,A_core,0.3,0.4,0.5,1.0,0.0,1.0,2.0829936590907905,bpi2019,autorpa_233k,ours_pi_prior,19497801224.0,1.0,0.0,0.0,0.0,0.0,0.0,0.0,0.0,0.005,0.0,0.0,always_reactive,0.358561
h=0.3/q0=0.4/p=0.5/r=1/sig=0/cf=2.08299,A_core,0.3,0.4,0.5,1.0,0.0,1.0,2.0829936590907905,bpi2019,autorpa_233k,ours_both,19497801224.0,1.0,0.0,0.0,0.0,0.0,0.0,0.0,0.0,0.005,0.0,0.0,always_reactive,0.358561
h=0.3/q0=0.4/p=0.5/r=1/sig=0/cf=2.08299,A_core,0.3,0.4,0.5,1.0,0.0,1.0,2.0829936590907905,bpi2019,autorpa_233k,breakeven,20182502915.598,1.035117,0.5,6.7,2034.3,745.2,0.0,1450.7,2008.6,0.006,1025.7,497810696.898,always_reactive,0.358561
h=0.3/q0=0.4/p=0.5/r=1/sig=0/cf=2.08299,A_core,0.3,0.4,0.5,1.0,0.0,1.0,2.0829936590907905,bpi2019,autorpa_233k,breakeven_cap,19702291361.212,1.010488,0.3,4.6,580.3,174.5,0.0,346.3,574.7,0.005,293.0,142203894.112,always_reactive,0.358561
h=0.3/q0=0.4/p=0.5/r=1/sig=0/cf=2.08299,A_core,0.3,0.4,0.5,1.0,0.0,1.0,2.0829936590907905,bpi2019,autorpa_233k,offline_taxblind,19497801224.0,1.0,,,,,,,,,,,always_reactive,0.358561
h=0.3/q0=0.4/p=0.5/r=1/sig=0/cf=2.08299,A_core,0.3,0.4,0.5,1.0,0.0,1.0,2.0829936590907905,bpi2019,autorpa_233k,offline_opt_tax,19497801224.0,1.0,,,,,,,,,,,always_reactive,0.358561
h=0.3/q0=0.4/p=0.5/r=1/sig=0/cf=2.08299,A_core,0.3,0.4,0.5,1.0,0.0,1.0,2.0829936590907905,bpi2019,native,always_reactive,19497801224.0,1.191616,0.0,0.0,0.0,0.0,0.0,0.0,0.0,0.005,0.0,0.0,always_compile_evict,1.0
h=0.3/q0=0.4/p=0.5/r=1/sig=0/cf=2.08299,A_core,0.3,0.4,0.5,1.0,0.0,1.0,2.0829936590907905,bpi2019,native,always_compile_evict,16250928579.195,0.993182,3.1,15.8,110763.0,54364.3,0.0,105132.6,105402.7,0.012,55485.2,1681505327.383,always_compile_evict,1.0
h=0.3/q0=0.4/p=0.5/r=1/sig=0/cf=2.08299,A_core,0.3,0.4,0.5,1.0,0.0,1.0,2.0829936590907905,bpi2019,native,ours_noinflate,16362490055.002,1.0,3.2,15.8,103820.6,50931.0,0.0,98512.3,98690.0,0.011,52018.1,1576433215.891,always_compile_evict,1.0
h=0.3/q0=0.4/p=0.5/r=1/sig=0/cf=2.08299,A_core,0.3,0.4,0.5,1.0,0.0,1.0,2.0829936590907905,bpi2019,native,oracle_tax,19488799645.498,1.191066,9.5,12.4,333.9,158.0,0.0,308.6,203.2,0.005,166.4,5042830.998,always_compile_evict,1.0
h=0.3/q0=0.4/p=0.5/r=1/sig=0/cf=2.08299,A_core,0.3,0.4,0.5,1.0,0.0,1.0,2.0829936590907905,bpi2019,native,ours_spend_cap,19375955368.209,1.184169,0.0,6.8,6567.1,2639.8,0.0,5097.0,3387.7,0.005,3284.3,99532270.709,always_compile_evict,1.0
h=0.3/q0=0.4/p=0.5/r=1/sig=0/cf=2.08299,A_core,0.3,0.4,0.5,1.0,0.0,1.0,2.0829936590907905,bpi2019,native,ours_pi_prior,17125812619.108,1.046651,2.8,14.3,77756.6,38037.3,0.0,73562.8,73257.6,0.01,38960.4,1180713418.298,always_compile_evict,1.0
h=0.3/q0=0.4/p=0.5/r=1/sig=0/cf=2.08299,A_core,0.3,0.4,0.5,1.0,0.0,1.0,2.0829936590907905,bpi2019,native,ours_both,19387363196.125,1.184866,0.0,6.3,5828.6,2341.5,0.0,4527.7,3010.2,0.005,2917.4,88413192.024,always_compile_evict,1.0
h=0.3/q0=0.4/p=0.5/r=1/sig=0/cf=2.08299,A_core,0.3,0.4,0.5,1.0,0.0,1.0,2.0829936590907905,bpi2019,native,breakeven,19476517023.365,1.190315,0.0,5.2,5432.0,1436.1,0.0,2770.5,2766.0,0.005,2711.9,82185416.964,always_compile_evict,1.0
h=0.3/q0=0.4/p=0.5/r=1/sig=0/cf=2.08299,A_core,0.3,0.4,0.5,1.0,0.0,1.0,2.0829936590907905,bpi2019,native,breakeven_cap,19491562413.761,1.191234,0.0,4.7,4322.4,1013.1,0.0,1959.9,2170.2,0.005,2163.6,65568925.161,always_compile_evict,1.0
h=0.3/q0=0.4/p=0.5/r=1/sig=0/cf=2.08299,A_core,0.3,0.4,0.5,1.0,0.0,1.0,2.0829936590907905,bpi2019,native,offline_taxblind,13854519764.004,0.846724,,,,,,,,,,,always_compile_evict,1.0
h=0.3/q0=0.4/p=0.5/r=1/sig=0/cf=2.08299,A_core,0.3,0.4,0.5,1.0,0.0,1.0,2.0829936590907905,bpi2019,native,offline_opt_tax,13960828833.55,0.853222,,,,,,,,,,,always_compile_evict,1.0
h=0.3/q0=0.4/p=0.5/r=1/sig=0/cf=2.08299,A_core,0.3,0.4,0.5,1.0,0.0,1.0,2.0829936590907905,sepsis,autorpa_233k,always_reactive,77101119.0,1.0,0.0,0.0,0.0,0.0,0.0,0.0,0.0,0.005,0.0,0.0,always_reactive,0.726793
h=0.3/q0=0.4/p=0.5/r=1/sig=0/cf=2.08299,A_core,0.3,0.4,0.5,1.0,0.0,1.0,2.0829936590907905,sepsis,autorpa_233k,always_compile_evict,106083997.85,1.375907,11.1,12.4,86.9,29.6,0.0,57.7,86.2,0.008,44.3,21500452.25,always_reactive,0.726793
h=0.3/q0=0.4/p=0.5/r=1/sig=0/cf=2.08299,A_core,0.3,0.4,0.5,1.0,0.0,1.0,2.0829936590907905,sepsis,autorpa_233k,ours_noinflate,77101119.0,1.0,0.0,0.0,0.0,0.0,0.0,0.0,0.0,0.005,0.0,0.0,always_reactive,0.726793
h=0.3/q0=0.4/p=0.5/r=1/sig=0/cf=2.08299,A_core,0.3,0.4,0.5,1.0,0.0,1.0,2.0829936590907905,sepsis,autorpa_233k,oracle_tax,77101119.0,1.0,0.0,0.0,0.0,0.0,0.0,0.0,0.0,0.005,0.0,0.0,always_reactive,0.726793
h=0.3/q0=0.4/p=0.5/r=1/sig=0/cf=2.08299,A_core,0.3,0.4,0.5,1.0,0.0,1.0,2.0829936590907905,sepsis,autorpa_233k,ours_spend_cap,77101119.0,1.0,0.0,0.0,0.0,0.0,0.0,0.0,0.0,0.005,0.0,0.0,always_reactive,0.726793
h=0.3/q0=0.4/p=0.5/r=1/sig=0/cf=2.08299,A_core,0.3,0.4,0.5,1.0,0.0,1.0,2.0829936590907905,sepsis,autorpa_233k,ours_pi_prior,77101119.0,1.0,0.0,0.0,0.0,0.0,0.0,0.0,0.0,0.005,0.0,0.0,always_reactive,0.726793
h=0.3/q0=0.4/p=0.5/r=1/sig=0/cf=2.08299,A_core,0.3,0.4,0.5,1.0,0.0,1.0,2.0829936590907905,sepsis,autorpa_233k,ours_both,77101119.0,1.0,0.0,0.0,0.0,0.0,0.0,0.0,0.0,0.005,0.0,0.0,always_reactive,0.726793
h=0.3/q0=0.4/p=0.5/r=1/sig=0/cf=2.08299,A_core,0.3,0.4,0.5,1.0,0.0,1.0,2.0829936590907905,sepsis,autorpa_233k,breakeven,78727087.102,1.021089,1.0,2.0,5.6,2.3,0.0,4.5,5.5,0.005,2.3,1116276.302,always_reactive,0.726793
h=0.3/q0=0.4/p=0.5/r=1/sig=0/cf=2.08299,A_core,0.3,0.4,0.5,1.0,0.0,1.0,2.0829936590907905,sepsis,autorpa_233k,breakeven_cap,78462349.145,1.017655,0.8,1.6,4.5,1.7,0.0,3.0,4.5,0.005,2.0,970675.045,always_reactive,0.726793
h=0.3/q0=0.4/p=0.5/r=1/sig=0/cf=2.08299,A_core,0.3,0.4,0.5,1.0,0.0,1.0,2.0829936590907905,sepsis,autorpa_233k,offline_taxblind,77101119.0,1.0,,,,,,,,,,,always_reactive,0.726793
h=0.3/q0=0.4/p=0.5/r=1/sig=0/cf=2.08299,A_core,0.3,0.4,0.5,1.0,0.0,1.0,2.0829936590907905,sepsis,autorpa_233k,offline_opt_tax,77101119.0,1.0,,,,,,,,,,,always_reactive,0.726793
h=0.3/q0=0.4/p=0.5/r=1/sig=0/cf=2.08299,A_core,0.3,0.4,0.5,1.0,0.0,1.0,2.0829936590907905,sepsis,native,always_reactive,77101119.0,1.008068,0.0,0.0,0.0,0.0,0.0,0.0,0.0,0.005,0.0,0.0,ours_pi_prior,0.999744
h=0.3/q0=0.4/p=0.5/r=1/sig=0/cf=2.08299,A_core,0.3,0.4,0.5,1.0,0.0,1.0,2.0829936590907905,sepsis,native,always_compile_evict,76439066.531,0.999412,5.5,7.8,86.9,29.6,0.0,57.7,54.6,0.009,44.3,1342532.531,ours_pi_prior,0.999744
h=0.3/q0=0.4/p=0.5/r=1/sig=0/cf=2.08299,A_core,0.3,0.4,0.5,1.0,0.0,1.0,2.0829936590907905,sepsis,native,ours_noinflate,76484062.757,1.0,5.3,7.6,84.9,28.9,0.0,55.9,53.1,0.009,43.3,1312227.057,ours_pi_prior,0.999744
h=0.3/q0=0.4/p=0.5/r=1/sig=0/cf=2.08299,A_core,0.3,0.4,0.5,1.0,0.0,1.0,2.0829936590907905,sepsis,native,oracle_tax,76387776.633,0.998741,4.2,6.0,52.2,21.6,0.0,40.8,31.7,0.008,26.4,800064.533,ours_pi_prior,0.999744
h=0.3/q0=0.4/p=0.5/r=1/sig=0/cf=2.08299,A_core,0.3,0.4,0.5,1.0,0.0,1.0,2.0829936590907905,sepsis,native,ours_spend_cap,76531059.941,1.000614,4.0,6.8,68.5,23.3,0.0,44.9,40.5,0.008,34.0,1030386.141,ours_pi_prior,0.999744
h=0.3/q0=0.4/p=0.5/r=1/sig=0/cf=2.08299,A_core,0.3,0.4,0.5,1.0,0.0,1.0,2.0829936590907905,sepsis,native,ours_pi_prior,76419514.89,0.999156,3.6,6.8,77.3,27.3,0.0,52.1,48.5,0.008,40.0,1212218.99,ours_pi_prior,0.999744
h=0.3/q0=0.4/p=0.5/r=1/sig=0/cf=2.08299,A_core,0.3,0.4,0.5,1.0,0.0,1.0,2.0829936590907905,sepsis,native,ours_both,76470447.847,0.999822,2.3,6.1,59.7,21.4,0.0,40.4,34.9,0.008,29.8,903103.147,ours_pi_prior,0.999744
h=0.3/q0=0.4/p=0.5/r=1/sig=0/cf=2.08299,A_core,0.3,0.4,0.5,1.0,0.0,1.0,2.0829936590907905,sepsis,native,breakeven,76947095.242,1.006054,2.9,5.7,60.4,14.9,0.0,28.8,37.0,0.007,30.0,909164.242,ours_pi_prior,0.999744
h=0.3/q0=0.4/p=0.5/r=1/sig=0/cf=2.08299,A_core,0.3,0.4,0.5,1.0,0.0,1.0,2.0829936590907905,sepsis,native,breakeven_cap,76933111.761,1.005871,2.6,5.4,55.4,13.4,0.0,25.9,33.4,0.007,27.3,827339.461,ours_pi_prior,0.999744
h=0.3/q0=0.4/p=0.5/r=1/sig=0/cf=2.08299,A_core,0.3,0.4,0.5,1.0,0.0,1.0,2.0829936590907905,sepsis,native,offline_taxblind,69900298.644,0.91392,,,,,,,,,,,ours_pi_prior,0.999744
h=0.3/q0=0.4/p=0.5/r=1/sig=0/cf=2.08299,A_core,0.3,0.4,0.5,1.0,0.0,1.0,2.0829936590907905,sepsis,native,offline_opt_tax,70419893.436,0.920713,,,,,,,,,,,ours_pi_prior,0.999744
h=0.3/q0=0.4/p=0.5/r=1/sig=0/cf=2.08299,A_core,0.3,0.4,0.5,1.0,0.0,1.0,2.0829936590907905,wiki_A,autorpa_233k,always_reactive,5261420180.0,1.0,0.0,0.0,0.0,0.0,0.0,0.0,0.0,0.005,0.0,0.0,always_reactive,0.371042
h=0.3/q0=0.4/p=0.5/r=1/sig=0/cf=2.08299,A_core,0.3,0.4,0.5,1.0,0.0,1.0,2.0829936590907905,wiki_A,autorpa_233k,always_compile_evict,14180136147.605,2.695116,9.7,33.7,29118.1,14423.3,0.0,27871.3,29066.4,0.006,14543.0,7058263590.709,always_reactive,0.371042
h=0.3/q0=0.4/p=0.5/r=1/sig=0/cf=2.08299,A_core,0.3,0.4,0.5,1.0,0.0,1.0,2.0829936590907905,wiki_A,autorpa_233k,ours_noinflate,5261420180.0,1.0,0.0,0.0,0.0,0.0,0.0,0.0,0.0,0.005,0.0,0.0,always_reactive,0.371042
h=0.3/q0=0.4/p=0.5/r=1/sig=0/cf=2.08299,A_core,0.3,0.4,0.5,1.0,0.0,1.0,2.0829936590907905,wiki_A,autorpa_233k,oracle_tax,5261420180.0,1.0,0.0,0.0,0.0,0.0,0.0,0.0,0.0,0.005,0.0,0.0,always_reactive,0.371042
h=0.3/q0=0.4/p=0.5/r=1/sig=0/cf=2.08299,A_core,0.3,0.4,0.5,1.0,0.0,1.0,2.0829936590907905,wiki_A,autorpa_233k,ours_spend_cap,5261420180.0,1.0,0.0,0.0,0.0,0.0,0.0,0.0,0.0,0.005,0.0,0.0,always_reactive,0.371042
h=0.3/q0=0.4/p=0.5/r=1/sig=0/cf=2.08299,A_core,0.3,0.4,0.5,1.0,0.0,1.0,2.0829936590907905,wiki_A,autorpa_233k,ours_pi_prior,5261420180.0,1.0,0.0,0.0,0.0,0.0,0.0,0.0,0.0,0.005,0.0,0.0,always_reactive,0.371042
h=0.3/q0=0.4/p=0.5/r=1/sig=0/cf=2.08299,A_core,0.3,0.4,0.5,1.0,0.0,1.0,2.0829936590907905,wiki_A,autorpa_233k,ours_both,5261420180.0,1.0,0.0,0.0,0.0,0.0,0.0,0.0,0.0,0.005,0.0,0.0,always_reactive,0.371042
h=0.3/q0=0.4/p=0.5/r=1/sig=0/cf=2.08299,A_core,0.3,0.4,0.5,1.0,0.0,1.0,2.0829936590907905,wiki_A,autorpa_233k,breakeven,6503729270.964,1.236117,0.6,5.4,4045.1,1988.1,0.0,3822.1,3995.8,0.004,2023.4,982031943.164,always_reactive,0.371042
h=0.3/q0=0.4/p=0.5/r=1/sig=0/cf=2.08299,A_core,0.3,0.4,0.5,1.0,0.0,1.0,2.0829936590907905,wiki_A,autorpa_233k,breakeven_cap,5308305639.125,1.008911,0.3,2.6,139.5,56.7,0.0,103.8,137.3,0.005,72.0,34944301.625,always_reactive,0.371042
h=0.3/q0=0.4/p=0.5/r=1/sig=0/cf=2.08299,A_core,0.3,0.4,0.5,1.0,0.0,1.0,2.0829936590907905,wiki_A,autorpa_233k,offline_taxblind,5261420180.0,1.0,,,,,,,,,,,always_reactive,0.371042
h=0.3/q0=0.4/p=0.5/r=1/sig=0/cf=2.08299,A_core,0.3,0.4,0.5,1.0,0.0,1.0,2.0829936590907905,wiki_A,autorpa_233k,offline_opt_tax,5261420180.0,1.0,,,,,,,,,,,always_reactive,0.371042
h=0.3/q0=0.4/p=0.5/r=1/sig=0/cf=2.08299,A_core,0.3,0.4,0.5,1.0,0.0,1.0,2.0829936590907905,wiki_A,native,always_reactive,5261420180.0,1.210408,0.0,0.0,0.0,0.0,0.0,0.0,0.0,0.005,0.0,0.0,always_compile_evict,1.0
h=0.3/q0=0.4/p=0.5/r=1/sig=0/cf=2.08299,A_core,0.3,0.4,0.5,1.0,0.0,1.0,2.0829936590907905,wiki_A,native,always_compile_evict,4328046124.634,0.995682,2.1,11.9,29118.1,14423.3,0.0,27871.3,27833.8,0.009,14543.0,440732519.233,always_compile_evict,1.0
h=0.3/q0=0.4/p=0.5/r=1/sig=0/cf=2.08299,A_core,0.3,0.4,0.5,1.0,0.0,1.0,2.0829936590907905,wiki_A,native,ours_noinflate,4346816890.109,1.0,1.9,11.5,28230.7,13984.0,0.0,27027.9,26998.1,0.009,14098.5,427261735.708,always_compile_evict,1.0
h=0.3/q0=0.4/p=0.5/r=1/sig=0/cf=2.08299,A_core,0.3,0.4,0.5,1.0,0.0,1.0,2.0829936590907905,wiki_A,native,oracle_tax,5245500426.754,1.206745,2.5,4.5,418.3,206.1,0.0,394.3,271.2,0.005,209.7,6355058.054,always_compile_evict,1.0
h=0.3/q0=0.4/p=0.5/r=1/sig=0/cf=2.08299,A_core,0.3,0.4,0.5,1.0,0.0,1.0,2.0829936590907905,wiki_A,native,ours_spend_cap,5236445854.314,1.204662,0.0,6.1,1216.2,512.2,0.0,963.5,647.8,0.005,603.3,18283292.914,always_compile_evict,1.0
h=0.3/q0=0.4/p=0.5/r=1/sig=0/cf=2.08299,A_core,0.3,0.4,0.5,1.0,0.0,1.0,2.0829936590907905,wiki_A,native,ours_pi_prior,4380775388.068,1.007812,1.6,9.9,26798.4,13292.2,0.0,25677.4,25652.5,0.008,13375.5,405350877.467,always_compile_evict,1.0
h=0.3/q0=0.4/p=0.5/r=1/sig=0/cf=2.08299,A_core,0.3,0.4,0.5,1.0,0.0,1.0,2.0829936590907905,wiki_A,native,ours_both,5238324638.538,1.205094,0.0,5.9,1107.7,468.3,0.0,877.4,592.4,0.005,550.9,16695286.038,always_compile_evict,1.0
h=0.3/q0=0.4/p=0.5/r=1/sig=0/cf=2.08299,A_core,0.3,0.4,0.5,1.0,0.0,1.0,2.0829936590907905,wiki_A,native,breakeven,5043882226.88,1.160362,0.0,5.7,8489.8,4044.0,0.0,7774.0,7414.8,0.005,4233.8,128307318.98,always_compile_evict,1.0
h=0.3/q0=0.4/p=0.5/r=1/sig=0/cf=2.08299,A_core,0.3,0.4,0.5,1.0,0.0,1.0,2.0829936590907905,wiki_A,native,breakeven_cap,5252121459.028,1.208268,0.0,4.7,910.5,288.6,0.0,540.5,462.9,0.005,452.3,13707166.228,always_compile_evict,1.0
h=0.3/q0=0.4/p=0.5/r=1/sig=0/cf=2.08299,A_core,0.3,0.4,0.5,1.0,0.0,1.0,2.0829936590907905,wiki_A,native,offline_taxblind,3703458427.684,0.851993,,,,,,,,,,,always_compile_evict,1.0
h=0.3/q0=0.4/p=0.5/r=1/sig=0/cf=2.08299,A_core,0.3,0.4,0.5,1.0,0.0,1.0,2.0829936590907905,wiki_A,native,offline_opt_tax,3717228185.712,0.855161,,,,,,,,,,,always_compile_evict,1.0
h=0.3/q0=0.4/p=0.5/r=1/sig=0/cf=2.08299,A_core,0.3,0.4,0.5,1.0,0.0,1.0,2.0829936590907905,wiki_B,autorpa_233k,always_reactive,7373315056.0,1.0,0.0,0.0,0.0,0.0,0.0,0.0,0.0,0.005,0.0,0.0,always_reactive,0.60159
h=0.3/q0=0.4/p=0.5/r=1/sig=0/cf=2.08299,A_core,0.3,0.4,0.5,1.0,0.0,1.0,2.0829936590907905,wiki_B,autorpa_233k,always_compile_evict,12256383310.45,1.662262,57.7,69.6,14273.4,6323.2,0.0,12148.5,14259.3,0.036,7142.9,3466717389.952,always_reactive,0.60159
h=0.3/q0=0.4/p=0.5/r=1/sig=0/cf=2.08299,A_core,0.3,0.4,0.5,1.0,0.0,1.0,2.0829936590907905,wiki_B,autorpa_233k,ours_noinflate,7373315056.0,1.0,0.0,0.0,0.0,0.0,0.0,0.0,0.0,0.005,0.0,0.0,always_reactive,0.60159
h=0.3/q0=0.4/p=0.5/r=1/sig=0/cf=2.08299,A_core,0.3,0.4,0.5,1.0,0.0,1.0,2.0829936590907905,wiki_B,autorpa_233k,oracle_tax,7373315056.0,1.0,0.0,0.0,0.0,0.0,0.0,0.0,0.0,0.005,0.0,0.0,always_reactive,0.60159
h=0.3/q0=0.4/p=0.5/r=1/sig=0/cf=2.08299,A_core,0.3,0.4,0.5,1.0,0.0,1.0,2.0829936590907905,wiki_B,autorpa_233k,ours_spend_cap,7373315056.0,1.0,0.0,0.0,0.0,0.0,0.0,0.0,0.0,0.005,0.0,0.0,always_reactive,0.60159
h=0.3/q0=0.4/p=0.5/r=1/sig=0/cf=2.08299,A_core,0.3,0.4,0.5,1.0,0.0,1.0,2.0829936590907905,wiki_B,autorpa_233k,ours_pi_prior,7373315056.0,1.0,0.0,0.0,0.0,0.0,0.0,0.0,0.0,0.005,0.0,0.0,always_reactive,0.60159
h=0.3/q0=0.4/p=0.5/r=1/sig=0/cf=2.08299,A_core,0.3,0.4,0.5,1.0,0.0,1.0,2.0829936590907905,wiki_B,autorpa_233k,ours_both,7373315056.0,1.0,0.0,0.0,0.0,0.0,0.0,0.0,0.0,0.005,0.0,0.0,always_reactive,0.60159
h=0.3/q0=0.4/p=0.5/r=1/sig=0/cf=2.08299,A_core,0.3,0.4,0.5,1.0,0.0,1.0,2.0829936590907905,wiki_B,autorpa_233k,breakeven,7716156231.044,1.046498,1.4,6.8,1020.5,388.5,0.0,738.7,1013.9,0.007,509.3,247182400.244,always_reactive,0.60159
h=0.3/q0=0.4/p=0.5/r=1/sig=0/cf=2.08299,A_core,0.3,0.4,0.5,1.0,0.0,1.0,2.0829936590907905,wiki_B,autorpa_233k,breakeven_cap,7494647131.863,1.016456,0.2,4.6,347.4,113.5,0.0,214.6,345.8,0.006,175.6,85225268.963,always_reactive,0.60159
h=0.3/q0=0.4/p=0.5/r=1/sig=0/cf=2.08299,A_core,0.3,0.4,0.5,1.0,0.0,1.0,2.0829936590907905,wiki_B,autorpa_233k,offline_taxblind,7373315056.0,1.0,,,,,,,,,,,always_reactive,0.60159
h=0.3/q0=0.4/p=0.5/r=1/sig=0/cf=2.08299,A_core,0.3,0.4,0.5,1.0,0.0,1.0,2.0829936590907905,wiki_B,autorpa_233k,offline_opt_tax,7373315056.0,1.0,,,,,,,,,,,always_reactive,0.60159
h=0.3/q0=0.4/p=0.5/r=1/sig=0/cf=2.08299,A_core,0.3,0.4,0.5,1.0,0.0,1.0,2.0829936590907905,wiki_B,native,always_reactive,7373315056.0,1.03842,0.0,0.0,0.0,0.0,0.0,0.0,0.0,0.005,0.0,0.0,always_compile_evict,1.0
h=0.3/q0=0.4/p=0.5/r=1/sig=0/cf=2.08299,A_core,0.3,0.4,0.5,1.0,0.0,1.0,2.0829936590907905,wiki_B,native,always_compile_evict,7093789669.063,0.999053,5.1,15.2,14273.4,6323.2,0.0,12148.5,11508.0,0.011,7142.9,216468975.564,always_compile_evict,1.0
h=0.3/q0=0.4/p=0.5/r=1/sig=0/cf=2.08299,A_core,0.3,0.4,0.5,1.0,0.0,1.0,2.0829936590907905,wiki_B,native,ours_noinflate,7100513808.783,1.0,4.7,14.8,13743.4,6075.7,0.0,11670.7,11044.3,0.011,6878.8,208465299.684,always_compile_evict,1.0
h=0.3/q0=0.4/p=0.5/r=1/sig=0/cf=2.08299,A_core,0.3,0.4,0.5,1.0,0.0,1.0,2.0829936590907905,wiki_B,native,oracle_tax,7371510398.316,1.038166,9.5,12.2,128.7,54.5,0.0,104.3,76.6,0.005,64.7,1960764.216,always_compile_evict,1.0
h=0.3/q0=0.4/p=0.5/r=1/sig=0/cf=2.08299,A_core,0.3,0.4,0.5,1.0,0.0,1.0,2.0829936590907905,wiki_B,native,ours_spend_cap,7305219930.891,1.02883,0.4,8.4,5195.6,1946.9,0.0,3731.3,2909.7,0.007,2603.9,78912425.691,always_compile_evict,1.0
h=0.3/q0=0.4/p=0.5/r=1/sig=0/cf=2.08299,A_core,0.3,0.4,0.5,1.0,0.0,1.0,2.0829936590907905,wiki_B,native,ours_pi_prior,7126129693.516,1.003608,3.7,14.1,12183.8,5408.3,0.0,10402.5,9861.7,0.01,6097.4,184784601.717,always_compile_evict,1.0
h=0.3/q0=0.4/p=0.5/r=1/sig=0/cf=2.08299,A_core,0.3,0.4,0.5,1.0,0.0,1.0,2.0829936590907905,wiki_B,native,ours_both,7310815998.597,1.029618,0.4,7.8,4531.1,1707.6,0.0,3278.1,2536.5,0.006,2267.1,68705541.797,always_compile_evict,1.0
h=0.3/q0=0.4/p=0.5/r=1/sig=0/cf=2.08299,A_core,0.3,0.4,0.5,1.0,0.0,1.0,2.0829936590907905,wiki_B,native,breakeven,7384422411.765,1.039984,0.0,5.8,4039.6,869.4,0.0,1661.0,2169.3,0.006,2018.9,61183722.965,always_compile_evict,1.0
h=0.3/q0=0.4/p=0.5/r=1/sig=0/cf=2.08299,A_core,0.3,0.4,0.5,1.0,0.0,1.0,2.0829936590907905,wiki_B,native,breakeven_cap,7388800485.834,1.040601,0.0,5.6,3452.8,662.1,0.0,1261.0,1786.7,0.006,1727.1,52340585.434,always_compile_evict,1.0
h=0.3/q0=0.4/p=0.5/r=1/sig=0/cf=2.08299,A_core,0.3,0.4,0.5,1.0,0.0,1.0,2.0829936590907905,wiki_B,native,offline_taxblind,6453477728.208,0.908875,,,,,,,,,,,always_compile_evict,1.0
h=0.3/q0=0.4/p=0.5/r=1/sig=0/cf=2.08299,A_core,0.3,0.4,0.5,1.0,0.0,1.0,2.0829936590907905,wiki_B,native,offline_opt_tax,6477558046.095,0.912266,,,,,,,,,,,always_compile_evict,1.0
h=0.3/q0=0.4/p=0/r=1/sig=0/cf=1,A_core,0.3,0.4,0.0,1.0,0.0,1.0,1.0,bpi2019,autorpa_233k,always_reactive,19497801224.0,1.0,0.0,0.0,0.0,0.0,0.0,0.0,0.0,0.005,0.0,0.0,always_reactive,0.261097
h=0.3/q0=0.4/p=0/r=1/sig=0/cf=1,A_core,0.3,0.4,0.0,1.0,0.0,1.0,1.0,bpi2019,autorpa_233k,always_compile_evict,74676395224.0,3.829991,0.0,0.0,236818.0,0.0,0.0,0.0,236818.0,0.001,236818.0,55178594000.0,always_reactive,0.261097
h=0.3/q0=0.4/p=0/r=1/sig=0/cf=1,A_core,0.3,0.4,0.0,1.0,0.0,1.0,1.0,bpi2019,autorpa_233k,ours_noinflate,19497801224.0,1.0,0.0,0.0,0.0,0.0,0.0,0.0,0.0,0.005,0.0,0.0,always_reactive,0.261097
h=0.3/q0=0.4/p=0/r=1/sig=0/cf=1,A_core,0.3,0.4,0.0,1.0,0.0,1.0,1.0,bpi2019,autorpa_233k,oracle_tax,19497801224.0,1.0,0.0,0.0,0.0,0.0,0.0,0.0,0.0,0.005,0.0,0.0,always_reactive,0.261097
h=0.3/q0=0.4/p=0/r=1/sig=0/cf=1,A_core,0.3,0.4,0.0,1.0,0.0,1.0,1.0,bpi2019,autorpa_233k,ours_spend_cap,19497801224.0,1.0,0.0,0.0,0.0,0.0,0.0,0.0,0.0,0.005,0.0,0.0,always_reactive,0.261097
h=0.3/q0=0.4/p=0/r=1/sig=0/cf=1,A_core,0.3,0.4,0.0,1.0,0.0,1.0,1.0,bpi2019,autorpa_233k,ours_pi_prior,19497801224.0,1.0,0.0,0.0,0.0,0.0,0.0,0.0,0.0,0.005,0.0,0.0,always_reactive,0.261097
h=0.3/q0=0.4/p=0/r=1/sig=0/cf=1,A_core,0.3,0.4,0.0,1.0,0.0,1.0,1.0,bpi2019,autorpa_233k,ours_both,19497801224.0,1.0,0.0,0.0,0.0,0.0,0.0,0.0,0.0,0.005,0.0,0.0,always_reactive,0.261097
h=0.3/q0=0.4/p=0/r=1/sig=0/cf=1,A_core,0.3,0.4,0.0,1.0,0.0,1.0,1.0,bpi2019,autorpa_233k,breakeven,26796526224.0,1.374336,0.0,0.0,31325.0,0.0,0.0,0.0,31325.0,0.003,31325.0,7298725000.0,always_reactive,0.261097
h=0.3/q0=0.4/p=0/r=1/sig=0/cf=1,A_core,0.3,0.4,0.0,1.0,0.0,1.0,1.0,bpi2019,autorpa_233k,breakeven_cap,19601486224.0,1.005318,0.0,0.0,445.0,0.0,0.0,0.0,445.0,0.005,445.0,103685000.0,always_reactive,0.261097
h=0.3/q0=0.4/p=0/r=1/sig=0/cf=1,A_core,0.3,0.4,0.0,1.0,0.0,1.0,1.0,bpi2019,autorpa_233k,offline_taxblind,19497801224.0,1.0,,,,,,,,,,,always_reactive,0.261097
h=0.3/q0=0.4/p=0/r=1/sig=0/cf=1,A_core,0.3,0.4,0.0,1.0,0.0,1.0,1.0,bpi2019,autorpa_233k,offline_opt_tax,19497801224.0,1.0,,,,,,,,,,,always_reactive,0.261097
h=0.3/q0=0.4/p=0/r=1/sig=0/cf=1,A_core,0.3,0.4,0.0,1.0,0.0,1.0,1.0,bpi2019,native,always_reactive,19497801224.0,0.995043,0.0,0.0,0.0,0.0,0.0,0.0,0.0,0.005,0.0,0.0,always_reactive,0.849827
h=0.3/q0=0.4/p=0/r=1/sig=0/cf=1,A_core,0.3,0.4,0.0,1.0,0.0,1.0,1.0,bpi2019,native,always_compile_evict,22943266306.0,1.170878,0.0,0.0,236818.0,0.0,0.0,0.0,236818.0,0.004,236818.0,3445465082.0,always_reactive,0.849827
h=0.3/q0=0.4/p=0/r=1/sig=0/cf=1,A_core,0.3,0.4,0.0,1.0,0.0,1.0,1.0,bpi2019,native,ours_noinflate,19594930348.0,1.0,0.0,0.0,6676.0,0.0,0.0,0.0,6676.0,0.005,6676.0,97129124.0,always_reactive,0.849827
h=0.3/q0=0.4/p=0/r=1/sig=0/cf=1,A_core,0.3,0.4,0.0,1.0,0.0,1.0,1.0,bpi2019,native,oracle_tax,19497801224.0,0.995043,0.0,0.0,0.0,0.0,0.0,0.0,0.0,0.005,0.0,0.0,always_reactive,0.849827
h=0.3/q0=0.4/p=0/r=1/sig=0/cf=1,A_core,0.3,0.4,0.0,1.0,0.0,1.0,1.0,bpi2019,native,ours_spend_cap,19594930348.0,1.0,0.0,0.0,6676.0,0.0,0.0,0.0,6676.0,0.005,6676.0,97129124.0,always_reactive,0.849827
h=0.3/q0=0.4/p=0/r=1/sig=0/cf=1,A_core,0.3,0.4,0.0,1.0,0.0,1.0,1.0,bpi2019,native,ours_pi_prior,19582098130.0,0.999345,0.0,0.0,5794.0,0.0,0.0,0.0,5794.0,0.005,5794.0,84296906.0,always_reactive,0.849827
h=0.3/q0=0.4/p=0/r=1/sig=0/cf=1,A_core,0.3,0.4,0.0,1.0,0.0,1.0,1.0,bpi2019,native,ours_both,19582098130.0,0.999345,0.0,0.0,5794.0,0.0,0.0,0.0,5794.0,0.005,5794.0,84296906.0,always_reactive,0.849827
h=0.3/q0=0.4/p=0/r=1/sig=0/cf=1,A_core,0.3,0.4,0.0,1.0,0.0,1.0,1.0,bpi2019,native,breakeven,22943266306.0,1.170878,0.0,0.0,236818.0,0.0,0.0,0.0,236818.0,0.004,236818.0,3445465082.0,always_reactive,0.849827
h=0.3/q0=0.4/p=0/r=1/sig=0/cf=1,A_core,0.3,0.4,0.0,1.0,0.0,1.0,1.0,bpi2019,native,breakeven_cap,19619634550.0,1.001261,0.0,0.0,8374.0,0.0,0.0,0.0,8374.0,0.005,8374.0,121833326.0,always_reactive,0.849827
h=0.3/q0=0.4/p=0/r=1/sig=0/cf=1,A_core,0.3,0.4,0.0,1.0,0.0,1.0,1.0,bpi2019,native,offline_taxblind,19497801224.0,0.995043,,,,,,,,,,,always_reactive,0.849827
h=0.3/q0=0.4/p=0/r=1/sig=0/cf=1,A_core,0.3,0.4,0.0,1.0,0.0,1.0,1.0,bpi2019,native,offline_opt_tax,19497801224.0,0.995043,,,,,,,,,,,always_reactive,0.849827
h=0.3/q0=0.4/p=0/r=1/sig=0/cf=1,A_core,0.3,0.4,0.0,1.0,0.0,1.0,1.0,sepsis,autorpa_233k,always_reactive,77101119.0,1.0,0.0,0.0,0.0,0.0,0.0,0.0,0.0,0.005,0.0,0.0,always_reactive,0.699729
h=0.3/q0=0.4/p=0/r=1/sig=0/cf=1,A_core,0.3,0.4,0.0,1.0,0.0,1.0,1.0,sepsis,autorpa_233k,always_compile_evict,110187119.0,1.429125,0.0,0.0,142.0,0.0,0.0,0.0,142.0,0.004,142.0,33086000.0,always_reactive,0.699729
h=0.3/q0=0.4/p=0/r=1/sig=0/cf=1,A_core,0.3,0.4,0.0,1.0,0.0,1.0,1.0,sepsis,autorpa_233k,ours_noinflate,77101119.0,1.0,0.0,0.0,0.0,0.0,0.0,0.0,0.0,0.005,0.0,0.0,always_reactive,0.699729
h=0.3/q0=0.4/p=0/r=1/sig=0/cf=1,A_core,0.3,0.4,0.0,1.0,0.0,1.0,1.0,sepsis,autorpa_233k,oracle_tax,77101119.0,1.0,0.0,0.0,0.0,0.0,0.0,0.0,0.0,0.005,0.0,0.0,always_reactive,0.699729
h=0.3/q0=0.4/p=0/r=1/sig=0/cf=1,A_core,0.3,0.4,0.0,1.0,0.0,1.0,1.0,sepsis,autorpa_233k,ours_spend_cap,77101119.0,1.0,0.0,0.0,0.0,0.0,0.0,0.0,0.0,0.005,0.0,0.0,always_reactive,0.699729
h=0.3/q0=0.4/p=0/r=1/sig=0/cf=1,A_core,0.3,0.4,0.0,1.0,0.0,1.0,1.0,sepsis,autorpa_233k,ours_pi_prior,77101119.0,1.0,0.0,0.0,0.0,0.0,0.0,0.0,0.0,0.005,0.0,0.0,always_reactive,0.699729
h=0.3/q0=0.4/p=0/r=1/sig=0/cf=1,A_core,0.3,0.4,0.0,1.0,0.0,1.0,1.0,sepsis,autorpa_233k,ours_both,77101119.0,1.0,0.0,0.0,0.0,0.0,0.0,0.0,0.0,0.005,0.0,0.0,always_reactive,0.699729
h=0.3/q0=0.4/p=0/r=1/sig=0/cf=1,A_core,0.3,0.4,0.0,1.0,0.0,1.0,1.0,sepsis,autorpa_233k,breakeven,78732119.0,1.021154,0.0,0.0,7.0,0.0,0.0,0.0,7.0,0.005,7.0,1631000.0,always_reactive,0.699729
h=0.3/q0=0.4/p=0/r=1/sig=0/cf=1,A_core,0.3,0.4,0.0,1.0,0.0,1.0,1.0,sepsis,autorpa_233k,breakeven_cap,78033119.0,1.012088,0.0,0.0,4.0,0.0,0.0,0.0,4.0,0.005,4.0,932000.0,always_reactive,0.699729
h=0.3/q0=0.4/p=0/r=1/sig=0/cf=1,A_core,0.3,0.4,0.0,1.0,0.0,1.0,1.0,sepsis,autorpa_233k,offline_taxblind,77101119.0,1.0,,,,,,,,,,,always_reactive,0.699729
h=0.3/q0=0.4/p=0/r=1/sig=0/cf=1,A_core,0.3,0.4,0.0,1.0,0.0,1.0,1.0,sepsis,autorpa_233k,offline_opt_tax,77101119.0,1.0,,,,,,,,,,,always_reactive,0.699729
h=0.3/q0=0.4/p=0/r=1/sig=0/cf=1,A_core,0.3,0.4,0.0,1.0,0.0,1.0,1.0,sepsis,native,always_reactive,77101119.0,0.986779,0.0,0.0,0.0,0.0,0.0,0.0,0.0,0.005,0.0,0.0,always_reactive,0.973904
h=0.3/q0=0.4/p=0/r=1/sig=0/cf=1,A_core,0.3,0.4,0.0,1.0,0.0,1.0,1.0,sepsis,native,always_compile_evict,79167077.0,1.013221,0.0,0.0,142.0,0.0,0.0,0.0,142.0,0.005,142.0,2065958.0,always_reactive,0.973904
h=0.3/q0=0.4/p=0/r=1/sig=0/cf=1,A_core,0.3,0.4,0.0,1.0,0.0,1.0,1.0,sepsis,native,ours_noinflate,78134098.0,1.0,0.0,0.0,71.0,0.0,0.0,0.0,71.0,0.005,71.0,1032979.0,always_reactive,0.973904
h=0.3/q0=0.4/p=0/r=1/sig=0/cf=1,A_core,0.3,0.4,0.0,1.0,0.0,1.0,1.0,sepsis,native,oracle_tax,77101119.0,0.986779,0.0,0.0,0.0,0.0,0.0,0.0,0.0,0.005,0.0,0.0,always_reactive,0.973904
h=0.3/q0=0.4/p=0/r=1/sig=0/cf=1,A_core,0.3,0.4,0.0,1.0,0.0,1.0,1.0,sepsis,native,ours_spend_cap,78134098.0,1.0,0.0,0.0,71.0,0.0,0.0,0.0,71.0,0.005,71.0,1032979.0,always_reactive,0.973904
h=0.3/q0=0.4/p=0/r=1/sig=0/cf=1,A_core,0.3,0.4,0.0,1.0,0.0,1.0,1.0,sepsis,native,ours_pi_prior,78032255.0,0.998697,0.0,0.0,64.0,0.0,0.0,0.0,64.0,0.005,64.0,931136.0,always_reactive,0.973904
h=0.3/q0=0.4/p=0/r=1/sig=0/cf=1,A_core,0.3,0.4,0.0,1.0,0.0,1.0,1.0,sepsis,native,ours_both,78032255.0,0.998697,0.0,0.0,64.0,0.0,0.0,0.0,64.0,0.005,64.0,931136.0,always_reactive,0.973904
h=0.3/q0=0.4/p=0/r=1/sig=0/cf=1,A_core,0.3,0.4,0.0,1.0,0.0,1.0,1.0,sepsis,native,breakeven,79167077.0,1.013221,0.0,0.0,142.0,0.0,0.0,0.0,142.0,0.005,142.0,2065958.0,always_reactive,0.973904
h=0.3/q0=0.4/p=0/r=1/sig=0/cf=1,A_core,0.3,0.4,0.0,1.0,0.0,1.0,1.0,sepsis,native,breakeven_cap,78381431.0,1.003165,0.0,0.0,88.0,0.0,0.0,0.0,88.0,0.005,88.0,1280312.0,always_reactive,0.973904
h=0.3/q0=0.4/p=0/r=1/sig=0/cf=1,A_core,0.3,0.4,0.0,1.0,0.0,1.0,1.0,sepsis,native,offline_taxblind,77101119.0,0.986779,,,,,,,,,,,always_reactive,0.973904
h=0.3/q0=0.4/p=0/r=1/sig=0/cf=1,A_core,0.3,0.4,0.0,1.0,0.0,1.0,1.0,sepsis,native,offline_opt_tax,77101119.0,0.986779,,,,,,,,,,,always_reactive,0.973904
h=0.3/q0=0.4/p=0/r=1/sig=0/cf=1,A_core,0.3,0.4,0.0,1.0,0.0,1.0,1.0,wiki_A,autorpa_233k,always_reactive,5261420180.0,1.0,0.0,0.0,0.0,0.0,0.0,0.0,0.0,0.005,0.0,0.0,always_reactive,0.265211
h=0.3/q0=0.4/p=0/r=1/sig=0/cf=1,A_core,0.3,0.4,0.0,1.0,0.0,1.0,1.0,wiki_A,autorpa_233k,always_compile_evict,19838599180.0,3.770579,0.0,0.0,62563.0,0.0,0.0,0.0,62563.0,0.001,62563.0,14577179000.0,always_reactive,0.265211
h=0.3/q0=0.4/p=0/r=1/sig=0/cf=1,A_core,0.3,0.4,0.0,1.0,0.0,1.0,1.0,wiki_A,autorpa_233k,ours_noinflate,5261420180.0,1.0,0.0,0.0,0.0,0.0,0.0,0.0,0.0,0.005,0.0,0.0,always_reactive,0.265211
h=0.3/q0=0.4/p=0/r=1/sig=0/cf=1,A_core,0.3,0.4,0.0,1.0,0.0,1.0,1.0,wiki_A,autorpa_233k,oracle_tax,5261420180.0,1.0,0.0,0.0,0.0,0.0,0.0,0.0,0.0,0.005,0.0,0.0,always_reactive,0.265211
h=0.3/q0=0.4/p=0/r=1/sig=0/cf=1,A_core,0.3,0.4,0.0,1.0,0.0,1.0,1.0,wiki_A,autorpa_233k,ours_spend_cap,5261420180.0,1.0,0.0,0.0,0.0,0.0,0.0,0.0,0.0,0.005,0.0,0.0,always_reactive,0.265211
h=0.3/q0=0.4/p=0/r=1/sig=0/cf=1,A_core,0.3,0.4,0.0,1.0,0.0,1.0,1.0,wiki_A,autorpa_233k,ours_pi_prior,5261420180.0,1.0,0.0,0.0,0.0,0.0,0.0,0.0,0.0,0.005,0.0,0.0,always_reactive,0.265211
h=0.3/q0=0.4/p=0/r=1/sig=0/cf=1,A_core,0.3,0.4,0.0,1.0,0.0,1.0,1.0,wiki_A,autorpa_233k,ours_both,5261420180.0,1.0,0.0,0.0,0.0,0.0,0.0,0.0,0.0,0.005,0.0,0.0,always_reactive,0.265211
h=0.3/q0=0.4/p=0/r=1/sig=0/cf=1,A_core,0.3,0.4,0.0,1.0,0.0,1.0,1.0,wiki_A,autorpa_233k,breakeven,7292947180.0,1.386118,0.0,0.0,8719.0,0.0,0.0,0.0,8719.0,0.003,8719.0,2031527000.0,always_reactive,0.265211
h=0.3/q0=0.4/p=0/r=1/sig=0/cf=1,A_core,0.3,0.4,0.0,1.0,0.0,1.0,1.0,wiki_A,autorpa_233k,breakeven_cap,5283555180.0,1.004207,0.0,0.0,95.0,0.0,0.0,0.0,95.0,0.005,95.0,22135000.0,always_reactive,0.265211
h=0.3/q0=0.4/p=0/r=1/sig=0/cf=1,A_core,0.3,0.4,0.0,1.0,0.0,1.0,1.0,wiki_A,autorpa_233k,offline_taxblind,5261420180.0,1.0,,,,,,,,,,,always_reactive,0.265211
h=0.3/q0=0.4/p=0/r=1/sig=0/cf=1,A_core,0.3,0.4,0.0,1.0,0.0,1.0,1.0,wiki_A,autorpa_233k,offline_opt_tax,5261420180.0,1.0,,,,,,,,,,,always_reactive,0.265211
h=0.3/q0=0.4/p=0/r=1/sig=0/cf=1,A_core,0.3,0.4,0.0,1.0,0.0,1.0,1.0,wiki_A,native,always_reactive,5261420180.0,0.996849,0.0,0.0,0.0,0.0,0.0,0.0,0.0,0.005,0.0,0.0,always_reactive,0.852514
h=0.3/q0=0.4/p=0/r=1/sig=0/cf=1,A_core,0.3,0.4,0.0,1.0,0.0,1.0,1.0,wiki_A,native,always_compile_evict,6171649267.0,1.169305,0.0,0.0,62563.0,0.0,0.0,0.0,62563.0,0.004,62563.0,910229087.0,always_reactive,0.852514
h=0.3/q0=0.4/p=0/r=1/sig=0/cf=1,A_core,0.3,0.4,0.0,1.0,0.0,1.0,1.0,wiki_A,native,ours_noinflate,5278049687.0,1.0,0.0,0.0,1143.0,0.0,0.0,0.0,1143.0,0.005,1143.0,16629507.0,always_reactive,0.852514
h=0.3/q0=0.4/p=0/r=1/sig=0/cf=1,A_core,0.3,0.4,0.0,1.0,0.0,1.0,1.0,wiki_A,native,oracle_tax,5261420180.0,0.996849,0.0,0.0,0.0,0.0,0.0,0.0,0.0,0.005,0.0,0.0,always_reactive,0.852514
h=0.3/q0=0.4/p=0/r=1/sig=0/cf=1,A_core,0.3,0.4,0.0,1.0,0.0,1.0,1.0,wiki_A,native,ours_spend_cap,5278049687.0,1.0,0.0,0.0,1143.0,0.0,0.0,0.0,1143.0,0.005,1143.0,16629507.0,always_reactive,0.852514
h=0.3/q0=0.4/p=0/r=1/sig=0/cf=1,A_core,0.3,0.4,0.0,1.0,0.0,1.0,1.0,wiki_A,native,ours_pi_prior,5276463846.0,0.9997,0.0,0.0,1034.0,0.0,0.0,0.0,1034.0,0.005,1034.0,15043666.0,always_reactive,0.852514
h=0.3/q0=0.4/p=0/r=1/sig=0/cf=1,A_core,0.3,0.4,0.0,1.0,0.0,1.0,1.0,wiki_A,native,ours_both,5276463846.0,0.9997,0.0,0.0,1034.0,0.0,0.0,0.0,1034.0,0.005,1034.0,15043666.0,always_reactive,0.852514
h=0.3/q0=0.4/p=0/r=1/sig=0/cf=1,A_core,0.3,0.4,0.0,1.0,0.0,1.0,1.0,wiki_A,native,breakeven,6171649267.0,1.169305,0.0,0.0,62563.0,0.0,0.0,0.0,62563.0,0.004,62563.0,910229087.0,always_reactive,0.852514
h=0.3/q0=0.4/p=0/r=1/sig=0/cf=1,A_core,0.3,0.4,0.0,1.0,0.0,1.0,1.0,wiki_A,native,breakeven_cap,5282516230.0,1.000846,0.0,0.0,1450.0,0.0,0.0,0.0,1450.0,0.005,1450.0,21096050.0,always_reactive,0.852514
h=0.3/q0=0.4/p=0/r=1/sig=0/cf=1,A_core,0.3,0.4,0.0,1.0,0.0,1.0,1.0,wiki_A,native,offline_taxblind,5261420180.0,0.996849,,,,,,,,,,,always_reactive,0.852514
h=0.3/q0=0.4/p=0/r=1/sig=0/cf=1,A_core,0.3,0.4,0.0,1.0,0.0,1.0,1.0,wiki_A,native,offline_opt_tax,5261420180.0,0.996849,,,,,,,,,,,always_reactive,0.852514
h=0.3/q0=0.4/p=0/r=1/sig=0/cf=1,A_core,0.3,0.4,0.0,1.0,0.0,1.0,1.0,wiki_B,autorpa_233k,always_reactive,7373315056.0,1.0,0.0,0.0,0.0,0.0,0.0,0.0,0.0,0.005,0.0,0.0,always_reactive,0.529607
h=0.3/q0=0.4/p=0/r=1/sig=0/cf=1,A_core,0.3,0.4,0.0,1.0,0.0,1.0,1.0,wiki_B,autorpa_233k,always_compile_evict,13922246056.0,1.888194,0.0,0.0,28107.0,0.0,0.0,0.0,28107.0,0.003,28107.0,6548931000.0,always_reactive,0.529607
h=0.3/q0=0.4/p=0/r=1/sig=0/cf=1,A_core,0.3,0.4,0.0,1.0,0.0,1.0,1.0,wiki_B,autorpa_233k,ours_noinflate,7373315056.0,1.0,0.0,0.0,0.0,0.0,0.0,0.0,0.0,0.005,0.0,0.0,always_reactive,0.529607
h=0.3/q0=0.4/p=0/r=1/sig=0/cf=1,A_core,0.3,0.4,0.0,1.0,0.0,1.0,1.0,wiki_B,autorpa_233k,oracle_tax,7373315056.0,1.0,0.0,0.0,0.0,0.0,0.0,0.0,0.0,0.005,0.0,0.0,always_reactive,0.529607
h=0.3/q0=0.4/p=0/r=1/sig=0/cf=1,A_core,0.3,0.4,0.0,1.0,0.0,1.0,1.0,wiki_B,autorpa_233k,ours_spend_cap,7373315056.0,1.0,0.0,0.0,0.0,0.0,0.0,0.0,0.0,0.005,0.0,0.0,always_reactive,0.529607
h=0.3/q0=0.4/p=0/r=1/sig=0/cf=1,A_core,0.3,0.4,0.0,1.0,0.0,1.0,1.0,wiki_B,autorpa_233k,ours_pi_prior,7373315056.0,1.0,0.0,0.0,0.0,0.0,0.0,0.0,0.0,0.005,0.0,0.0,always_reactive,0.529607
h=0.3/q0=0.4/p=0/r=1/sig=0/cf=1,A_core,0.3,0.4,0.0,1.0,0.0,1.0,1.0,wiki_B,autorpa_233k,ours_both,7373315056.0,1.0,0.0,0.0,0.0,0.0,0.0,0.0,0.0,0.005,0.0,0.0,always_reactive,0.529607
h=0.3/q0=0.4/p=0/r=1/sig=0/cf=1,A_core,0.3,0.4,0.0,1.0,0.0,1.0,1.0,wiki_B,autorpa_233k,breakeven,7994260056.0,1.084215,0.0,0.0,2665.0,0.0,0.0,0.0,2665.0,0.005,2665.0,620945000.0,always_reactive,0.529607
h=0.3/q0=0.4/p=0/r=1/sig=0/cf=1,A_core,0.3,0.4,0.0,1.0,0.0,1.0,1.0,wiki_B,autorpa_233k,breakeven_cap,7435992056.0,1.008501,0.0,0.0,269.0,0.0,0.0,0.0,269.0,0.005,269.0,62677000.0,always_reactive,0.529607
h=0.3/q0=0.4/p=0/r=1/sig=0/cf=1,A_core,0.3,0.4,0.0,1.0,0.0,1.0,1.0,wiki_B,autorpa_233k,offline_taxblind,7373315056.0,1.0,,,,,,,,,,,always_reactive,0.529607
h=0.3/q0=0.4/p=0/r=1/sig=0/cf=1,A_core,0.3,0.4,0.0,1.0,0.0,1.0,1.0,wiki_B,autorpa_233k,offline_opt_tax,7373315056.0,1.0,,,,,,,,,,,always_reactive,0.529607
h=0.3/q0=0.4/p=0/r=1/sig=0/cf=1,A_core,0.3,0.4,0.0,1.0,0.0,1.0,1.0,wiki_B,native,always_reactive,7373315056.0,0.989513,0.0,0.0,0.0,0.0,0.0,0.0,0.0,0.005,0.0,0.0,always_reactive,0.947454
h=0.3/q0=0.4/p=0/r=1/sig=0/cf=1,A_core,0.3,0.4,0.0,1.0,0.0,1.0,1.0,wiki_B,native,always_compile_evict,7782243799.0,1.044392,0.0,0.0,28107.0,0.0,0.0,0.0,28107.0,0.005,28107.0,408928743.0,always_reactive,0.947454
h=0.3/q0=0.4/p=0/r=1/sig=0/cf=1,A_core,0.3,0.4,0.0,1.0,0.0,1.0,1.0,wiki_B,native,ours_noinflate,7451457735.0,1.0,0.0,0.0,5371.0,0.0,0.0,0.0,5371.0,0.005,5371.0,78142679.0,always_reactive,0.947454
h=0.3/q0=0.4/p=0/r=1/sig=0/cf=1,A_core,0.3,0.4,0.0,1.0,0.0,1.0,1.0,wiki_B,native,oracle_tax,7373315056.0,0.989513,0.0,0.0,0.0,0.0,0.0,0.0,0.0,0.005,0.0,0.0,always_reactive,0.947454
h=0.3/q0=0.4/p=0/r=1/sig=0/cf=1,A_core,0.3,0.4,0.0,1.0,0.0,1.0,1.0,wiki_B,native,ours_spend_cap,7451457735.0,1.0,0.0,0.0,5371.0,0.0,0.0,0.0,5371.0,0.005,5371.0,78142679.0,always_reactive,0.947454
h=0.3/q0=0.4/p=0/r=1/sig=0/cf=1,A_core,0.3,0.4,0.0,1.0,0.0,1.0,1.0,wiki_B,native,ours_pi_prior,7440647828.0,0.998549,0.0,0.0,4628.0,0.0,0.0,0.0,4628.0,0.005,4628.0,67332772.0,always_reactive,0.947454
h=0.3/q0=0.4/p=0/r=1/sig=0/cf=1,A_core,0.3,0.4,0.0,1.0,0.0,1.0,1.0,wiki_B,native,ours_both,7440633279.0,0.998547,0.0,0.0,4627.0,0.0,0.0,0.0,4627.0,0.005,4627.0,67318223.0,always_reactive,0.947454
h=0.3/q0=0.4/p=0/r=1/sig=0/cf=1,A_core,0.3,0.4,0.0,1.0,0.0,1.0,1.0,wiki_B,native,breakeven,7782243799.0,1.044392,0.0,0.0,28107.0,0.0,0.0,0.0,28107.0,0.005,28107.0,408928743.0,always_reactive,0.947454
h=0.3/q0=0.4/p=0/r=1/sig=0/cf=1,A_core,0.3,0.4,0.0,1.0,0.0,1.0,1.0,wiki_B,native,breakeven_cap,7470618768.0,1.002571,0.0,0.0,6688.0,0.0,0.0,0.0,6688.0,0.005,6688.0,97303712.0,always_reactive,0.947454
h=0.3/q0=0.4/p=0/r=1/sig=0/cf=1,A_core,0.3,0.4,0.0,1.0,0.0,1.0,1.0,wiki_B,native,offline_taxblind,7373315056.0,0.989513,,,,,,,,,,,always_reactive,0.947454
h=0.3/q0=0.4/p=0/r=1/sig=0/cf=1,A_core,0.3,0.4,0.0,1.0,0.0,1.0,1.0,wiki_B,native,offline_opt_tax,7373315056.0,0.989513,,,,,,,,,,,always_reactive,0.947454
h=0.3/q0=0.4/p=0/r=1/sig=0/cf=2.08299,A_core,0.3,0.4,0.0,1.0,0.0,1.0,2.0829936590907905,bpi2019,autorpa_233k,always_reactive,19497801224.0,1.0,0.0,0.0,0.0,0.0,0.0,0.0,0.0,0.005,0.0,0.0,always_reactive,0.145036
h=0.3/q0=0.4/p=0/r=1/sig=0/cf=2.08299,A_core,0.3,0.4,0.0,1.0,0.0,1.0,2.0829936590907905,bpi2019,autorpa_233k,always_compile_evict,134434462643.453,6.894852,0.0,0.0,236818.0,0.0,0.0,0.0,236818.0,0.001,236818.0,114936661419.52,always_reactive,0.145036
h=0.3/q0=0.4/p=0/r=1/sig=0/cf=2.08299,A_core,0.3,0.4,0.0,1.0,0.0,1.0,2.0829936590907905,bpi2019,autorpa_233k,ours_noinflate,19497801224.0,1.0,0.0,0.0,0.0,0.0,0.0,0.0,0.0,0.005,0.0,0.0,always_reactive,0.145036
h=0.3/q0=0.4/p=0/r=1/sig=0/cf=2.08299,A_core,0.3,0.4,0.0,1.0,0.0,1.0,2.0829936590907905,bpi2019,autorpa_233k,oracle_tax,19497801224.0,1.0,0.0,0.0,0.0,0.0,0.0,0.0,0.0,0.005,0.0,0.0,always_reactive,0.145036
h=0.3/q0=0.4/p=0/r=1/sig=0/cf=2.08299,A_core,0.3,0.4,0.0,1.0,0.0,1.0,2.0829936590907905,bpi2019,autorpa_233k,ours_spend_cap,19497801224.0,1.0,0.0,0.0,0.0,0.0,0.0,0.0,0.0,0.005,0.0,0.0,always_reactive,0.145036
h=0.3/q0=0.4/p=0/r=1/sig=0/cf=2.08299,A_core,0.3,0.4,0.0,1.0,0.0,1.0,2.0829936590907905,bpi2019,autorpa_233k,ours_pi_prior,19497801224.0,1.0,0.0,0.0,0.0,0.0,0.0,0.0,0.0,0.005,0.0,0.0,always_reactive,0.145036
h=0.3/q0=0.4/p=0/r=1/sig=0/cf=2.08299,A_core,0.3,0.4,0.0,1.0,0.0,1.0,2.0829936590907905,bpi2019,autorpa_233k,ours_both,19497801224.0,1.0,0.0,0.0,0.0,0.0,0.0,0.0,0.0,0.005,0.0,0.0,always_reactive,0.145036
h=0.3/q0=0.4/p=0/r=1/sig=0/cf=2.08299,A_core,0.3,0.4,0.0,1.0,0.0,1.0,2.0829936590907905,bpi2019,autorpa_233k,breakeven,34700999118.436,1.779739,0.0,0.0,31325.0,0.0,0.0,0.0,31325.0,0.003,31325.0,15203197894.448,always_reactive,0.145036
h=0.3/q0=0.4/p=0/r=1/sig=0/cf=2.08299,A_core,0.3,0.4,0.0,1.0,0.0,1.0,2.0829936590907905,bpi2019,autorpa_233k,breakeven_cap,19713776421.543,1.011077,0.0,0.0,445.0,0.0,0.0,0.0,445.0,0.005,445.0,215975197.543,always_reactive,0.145036
h=0.3/q0=0.4/p=0/r=1/sig=0/cf=2.08299,A_core,0.3,0.4,0.0,1.0,0.0,1.0,2.0829936590907905,bpi2019,autorpa_233k,offline_taxblind,19497801224.0,1.0,,,,,,,,,,,always_reactive,0.145036
h=0.3/q0=0.4/p=0/r=1/sig=0/cf=2.08299,A_core,0.3,0.4,0.0,1.0,0.0,1.0,2.0829936590907905,bpi2019,autorpa_233k,offline_opt_tax,19497801224.0,1.0,,,,,,,,,,,always_reactive,0.145036
h=0.3/q0=0.4/p=0/r=1/sig=0/cf=2.08299,A_core,0.3,0.4,0.0,1.0,0.0,1.0,2.0829936590907905,bpi2019,native,always_reactive,19497801224.0,0.98973,0.0,0.0,0.0,0.0,0.0,0.0,0.0,0.005,0.0,0.0,always_reactive,0.730948
h=0.3/q0=0.4/p=0/r=1/sig=0/cf=2.08299,A_core,0.3,0.4,0.0,1.0,0.0,1.0,2.0829936590907905,bpi2019,native,always_compile_evict,26674683142.511,1.354037,0.0,0.0,236818.0,0.0,0.0,0.0,236818.0,0.003,236818.0,7176881918.426,always_reactive,0.730948
h=0.3/q0=0.4/p=0/r=1/sig=0/cf=2.08299,A_core,0.3,0.4,0.0,1.0,0.0,1.0,2.0829936590907905,bpi2019,native,ours_noinflate,19700120573.407,1.0,0.0,0.0,6676.0,0.0,0.0,0.0,6676.0,0.005,6676.0,202319349.405,always_reactive,0.730948
h=0.3/q0=0.4/p=0/r=1/sig=0/cf=2.08299,A_core,0.3,0.4,0.0,1.0,0.0,1.0,2.0829936590907905,bpi2019,native,oracle_tax,19497801224.0,0.98973,0.0,0.0,0.0,0.0,0.0,0.0,0.0,0.005,0.0,0.0,always_reactive,0.730948
h=0.3/q0=0.4/p=0/r=1/sig=0/cf=2.08299,A_core,0.3,0.4,0.0,1.0,0.0,1.0,2.0829936590907905,bpi2019,native,ours_spend_cap,19660693150.762,0.997999,0.0,0.0,5375.0,0.0,0.0,0.0,5375.0,0.005,5375.0,162891926.76,always_reactive,0.730948
h=0.3/q0=0.4/p=0/r=1/sig=0/cf=2.08299,A_core,0.3,0.4,0.0,1.0,0.0,1.0,2.0829936590907905,bpi2019,native,ours_pi_prior,19673391144.68,0.998643,0.0,0.0,5794.0,0.0,0.0,0.0,5794.0,0.005,5794.0,175589920.679,always_reactive,0.730948
h=0.3/q0=0.4/p=0/r=1/sig=0/cf=2.08299,A_core,0.3,0.4,0.0,1.0,0.0,1.0,2.0829936590907905,bpi2019,native,ours_both,19627599572.339,0.996319,0.0,0.0,4283.0,0.0,0.0,0.0,4283.0,0.005,4283.0,129798348.338,always_reactive,0.730948
h=0.3/q0=0.4/p=0/r=1/sig=0/cf=2.08299,A_core,0.3,0.4,0.0,1.0,0.0,1.0,2.0829936590907905,bpi2019,native,breakeven,26674683142.511,1.354037,0.0,0.0,236818.0,0.0,0.0,0.0,236818.0,0.003,236818.0,7176881918.426,always_reactive,0.730948
h=0.3/q0=0.4/p=0/r=1/sig=0/cf=2.08299,A_core,0.3,0.4,0.0,1.0,0.0,1.0,2.0829936590907905,bpi2019,native,breakeven_cap,19664269196.782,0.99818,0.0,0.0,5493.0,0.0,0.0,0.0,5493.0,0.005,5493.0,166467972.78,always_reactive,0.730948
h=0.3/q0=0.4/p=0/r=1/sig=0/cf=2.08299,A_core,0.3,0.4,0.0,1.0,0.0,1.0,2.0829936590907905,bpi2019,native,offline_taxblind,19497801224.0,0.98973,,,,,,,,,,,always_reactive,0.730948
h=0.3/q0=0.4/p=0/r=1/sig=0/cf=2.08299,A_core,0.3,0.4,0.0,1.0,0.0,1.0,2.0829936590907905,bpi2019,native,offline_opt_tax,19497801224.0,0.98973,,,,,,,,,,,always_reactive,0.730948
h=0.3/q0=0.4/p=0/r=1/sig=0/cf=2.08299,A_core,0.3,0.4,0.0,1.0,0.0,1.0,2.0829936590907905,sepsis,autorpa_233k,always_reactive,77101119.0,1.0,0.0,0.0,0.0,0.0,0.0,0.0,0.0,0.005,0.0,0.0,always_reactive,0.528021
h=0.3/q0=0.4/p=0/r=1/sig=0/cf=2.08299,A_core,0.3,0.4,0.0,1.0,0.0,1.0,2.0829936590907905,sepsis,autorpa_233k,always_compile_evict,146019047.205,1.893864,0.0,0.0,142.0,0.0,0.0,0.0,142.0,0.003,142.0,68917928.205,always_reactive,0.528021
h=0.3/q0=0.4/p=0/r=1/sig=0/cf=2.08299,A_core,0.3,0.4,0.0,1.0,0.0,1.0,2.0829936590907905,sepsis,autorpa_233k,ours_noinflate,77101119.0,1.0,0.0,0.0,0.0,0.0,0.0,0.0,0.0,0.005,0.0,0.0,always_reactive,0.528021
h=0.3/q0=0.4/p=0/r=1/sig=0/cf=2.08299,A_core,0.3,0.4,0.0,1.0,0.0,1.0,2.0829936590907905,sepsis,autorpa_233k,oracle_tax,77101119.0,1.0,0.0,0.0,0.0,0.0,0.0,0.0,0.0,0.005,0.0,0.0,always_reactive,0.528021
h=0.3/q0=0.4/p=0/r=1/sig=0/cf=2.08299,A_core,0.3,0.4,0.0,1.0,0.0,1.0,2.0829936590907905,sepsis,autorpa_233k,ours_spend_cap,77101119.0,1.0,0.0,0.0,0.0,0.0,0.0,0.0,0.0,0.005,0.0,0.0,always_reactive,0.528021
h=0.3/q0=0.4/p=0/r=1/sig=0/cf=2.08299,A_core,0.3,0.4,0.0,1.0,0.0,1.0,2.0829936590907905,sepsis,autorpa_233k,ours_pi_prior,77101119.0,1.0,0.0,0.0,0.0,0.0,0.0,0.0,0.0,0.005,0.0,0.0,always_reactive,0.528021
h=0.3/q0=0.4/p=0/r=1/sig=0/cf=2.08299,A_core,0.3,0.4,0.0,1.0,0.0,1.0,2.0829936590907905,sepsis,autorpa_233k,ours_both,77101119.0,1.0,0.0,0.0,0.0,0.0,0.0,0.0,0.0,0.005,0.0,0.0,always_reactive,0.528021
h=0.3/q0=0.4/p=0/r=1/sig=0/cf=2.08299,A_core,0.3,0.4,0.0,1.0,0.0,1.0,2.0829936590907905,sepsis,autorpa_233k,breakeven,80498481.658,1.044064,0.0,0.0,7.0,0.0,0.0,0.0,7.0,0.005,7.0,3397362.658,always_reactive,0.528021
h=0.3/q0=0.4/p=0/r=1/sig=0/cf=2.08299,A_core,0.3,0.4,0.0,1.0,0.0,1.0,2.0829936590907905,sepsis,autorpa_233k,breakeven_cap,79042469.09,1.025179,0.0,0.0,4.0,0.0,0.0,0.0,4.0,0.005,4.0,1941350.09,always_reactive,0.528021
h=0.3/q0=0.4/p=0/r=1/sig=0/cf=2.08299,A_core,0.3,0.4,0.0,1.0,0.0,1.0,2.0829936590907905,sepsis,autorpa_233k,offline_taxblind,77101119.0,1.0,,,,,,,,,,,always_reactive,0.528021
h=0.3/q0=0.4/p=0/r=1/sig=0/cf=2.08299,A_core,0.3,0.4,0.0,1.0,0.0,1.0,2.0829936590907905,sepsis,autorpa_233k,offline_opt_tax,77101119.0,1.0,,,,,,,,,,,always_reactive,0.528021
h=0.3/q0=0.4/p=0/r=1/sig=0/cf=2.08299,A_core,0.3,0.4,0.0,1.0,0.0,1.0,2.0829936590907905,sepsis,native,always_reactive,77101119.0,0.97285,0.0,0.0,0.0,0.0,0.0,0.0,0.0,0.005,0.0,0.0,always_reactive,0.947136
h=0.3/q0=0.4/p=0/r=1/sig=0/cf=2.08299,A_core,0.3,0.4,0.0,1.0,0.0,1.0,2.0829936590907905,sepsis,native,always_compile_evict,81404496.414,1.02715,0.0,0.0,142.0,0.0,0.0,0.0,142.0,0.005,142.0,4303377.414,always_reactive,0.947136
h=0.3/q0=0.4/p=0/r=1/sig=0/cf=2.08299,A_core,0.3,0.4,0.0,1.0,0.0,1.0,2.0829936590907905,sepsis,native,ours_noinflate,79252807.707,1.0,0.0,0.0,71.0,0.0,0.0,0.0,71.0,0.005,71.0,2151688.707,always_reactive,0.947136
h=0.3/q0=0.4/p=0/r=1/sig=0/cf=2.08299,A_core,0.3,0.4,0.0,1.0,0.0,1.0,2.0829936590907905,sepsis,native,oracle_tax,77101119.0,0.97285,0.0,0.0,0.0,0.0,0.0,0.0,0.0,0.005,0.0,0.0,always_reactive,0.947136
h=0.3/q0=0.4/p=0/r=1/sig=0/cf=2.08299,A_core,0.3,0.4,0.0,1.0,0.0,1.0,2.0829936590907905,sepsis,native,ours_spend_cap,79040669.384,0.997323,0.0,0.0,64.0,0.0,0.0,0.0,64.0,0.005,64.0,1939550.384,always_reactive,0.947136
h=0.3/q0=0.4/p=0/r=1/sig=0/cf=2.08299,A_core,0.3,0.4,0.0,1.0,0.0,1.0,2.0829936590907905,sepsis,native,ours_pi_prior,79040669.384,0.997323,0.0,0.0,64.0,0.0,0.0,0.0,64.0,0.005,64.0,1939550.384,always_reactive,0.947136
h=0.3/q0=0.4/p=0/r=1/sig=0/cf=2.08299,A_core,0.3,0.4,0.0,1.0,0.0,1.0,2.0829936590907905,sepsis,native,ours_both,78616392.737,0.99197,0.0,0.0,50.0,0.0,0.0,0.0,50.0,0.005,50.0,1515273.737,always_reactive,0.947136
h=0.3/q0=0.4/p=0/r=1/sig=0/cf=2.08299,A_core,0.3,0.4,0.0,1.0,0.0,1.0,2.0829936590907905,sepsis,native,breakeven,81404496.414,1.02715,0.0,0.0,142.0,0.0,0.0,0.0,142.0,0.005,142.0,4303377.414,always_reactive,0.947136
h=0.3/q0=0.4/p=0/r=1/sig=0/cf=2.08299,A_core,0.3,0.4,0.0,1.0,0.0,1.0,2.0829936590907905,sepsis,native,breakeven_cap,79040669.384,0.997323,0.0,0.0,64.0,0.0,0.0,0.0,64.0,0.005,64.0,1939550.384,always_reactive,0.947136
h=0.3/q0=0.4/p=0/r=1/sig=0/cf=2.08299,A_core,0.3,0.4,0.0,1.0,0.0,1.0,2.0829936590907905,sepsis,native,offline_taxblind,77101119.0,0.97285,,,,,,,,,,,always_reactive,0.947136
h=0.3/q0=0.4/p=0/r=1/sig=0/cf=2.08299,A_core,0.3,0.4,0.0,1.0,0.0,1.0,2.0829936590907905,sepsis,native,offline_opt_tax,77101119.0,0.97285,,,,,,,,,,,always_reactive,0.947136
h=0.3/q0=0.4/p=0/r=1/sig=0/cf=2.08299,A_core,0.3,0.4,0.0,1.0,0.0,1.0,2.0829936590907905,wiki_A,autorpa_233k,always_reactive,5261420180.0,1.0,0.0,0.0,0.0,0.0,0.0,0.0,0.0,0.005,0.0,0.0,always_reactive,0.147687
h=0.3/q0=0.4/p=0/r=1/sig=0/cf=2.08299,A_core,0.3,0.4,0.0,1.0,0.0,1.0,2.0829936590907905,wiki_A,autorpa_233k,always_compile_evict,35625591604.41,6.771098,0.0,0.0,62563.0,0.0,0.0,0.0,62563.0,0.001,62563.0,30364171424.423,always_reactive,0.147687
h=0.3/q0=0.4/p=0/r=1/sig=0/cf=2.08299,A_core,0.3,0.4,0.0,1.0,0.0,1.0,2.0829936590907905,wiki_A,autorpa_233k,ours_noinflate,5261420180.0,1.0,0.0,0.0,0.0,0.0,0.0,0.0,0.0,0.005,0.0,0.0,always_reactive,0.147687
h=0.3/q0=0.4/p=0/r=1/sig=0/cf=2.08299,A_core,0.3,0.4,0.0,1.0,0.0,1.0,2.0829936590907905,wiki_A,autorpa_233k,oracle_tax,5261420180.0,1.0,0.0,0.0,0.0,0.0,0.0,0.0,0.0,0.005,0.0,0.0,always_reactive,0.147687
h=0.3/q0=0.4/p=0/r=1/sig=0/cf=2.08299,A_core,0.3,0.4,0.0,1.0,0.0,1.0,2.0829936590907905,wiki_A,autorpa_233k,ours_spend_cap,5261420180.0,1.0,0.0,0.0,0.0,0.0,0.0,0.0,0.0,0.005,0.0,0.0,always_reactive,0.147687
h=0.3/q0=0.4/p=0/r=1/sig=0/cf=2.08299,A_core,0.3,0.4,0.0,1.0,0.0,1.0,2.0829936590907905,wiki_A,autorpa_233k,ours_pi_prior,5261420180.0,1.0,0.0,0.0,0.0,0.0,0.0,0.0,0.0,0.005,0.0,0.0,always_reactive,0.147687
h=0.3/q0=0.4/p=0/r=1/sig=0/cf=2.08299,A_core,0.3,0.4,0.0,1.0,0.0,1.0,2.0829936590907905,wiki_A,autorpa_233k,ours_both,5261420180.0,1.0,0.0,0.0,0.0,0.0,0.0,0.0,0.0,0.005,0.0,0.0,always_reactive,0.147687
h=0.3/q0=0.4/p=0/r=1/sig=0/cf=2.08299,A_core,0.3,0.4,0.0,1.0,0.0,1.0,2.0829936590907905,wiki_A,autorpa_233k,breakeven,9493078039.27,1.804281,0.0,0.0,8719.0,0.0,0.0,0.0,8719.0,0.003,8719.0,4231657859.272,always_reactive,0.147687
h=0.3/q0=0.4/p=0/r=1/sig=0/cf=2.08299,A_core,0.3,0.4,0.0,1.0,0.0,1.0,2.0829936590907905,wiki_A,autorpa_233k,breakeven_cap,5307527244.644,1.008763,0.0,0.0,95.0,0.0,0.0,0.0,95.0,0.005,95.0,46107064.644,always_reactive,0.147687
h=0.3/q0=0.4/p=0/r=1/sig=0/cf=2.08299,A_core,0.3,0.4,0.0,1.0,0.0,1.0,2.0829936590907905,wiki_A,autorpa_233k,offline_taxblind,5261420180.0,1.0,,,,,,,,,,,always_reactive,0.147687
h=0.3/q0=0.4/p=0/r=1/sig=0/cf=2.08299,A_core,0.3,0.4,0.0,1.0,0.0,1.0,2.0829936590907905,wiki_A,autorpa_233k,offline_opt_tax,5261420180.0,1.0,,,,,,,,,,,always_reactive,0.147687
h=0.3/q0=0.4/p=0/r=1/sig=0/cf=2.08299,A_core,0.3,0.4,0.0,1.0,0.0,1.0,2.0829936590907905,wiki_A,native,always_reactive,5261420180.0,0.993459,0.0,0.0,0.0,0.0,0.0,0.0,0.0,0.005,0.0,0.0,always_reactive,0.7351
h=0.3/q0=0.4/p=0/r=1/sig=0/cf=2.08299,A_core,0.3,0.4,0.0,1.0,0.0,1.0,2.0829936590907905,wiki_A,native,always_compile_evict,7157421596.536,1.351462,0.0,0.0,62563.0,0.0,0.0,0.0,62563.0,0.003,62563.0,1896001416.541,always_reactive,0.7351
h=0.3/q0=0.4/p=0/r=1/sig=0/cf=2.08299,A_core,0.3,0.4,0.0,1.0,0.0,1.0,2.0829936590907905,wiki_A,native,ours_noinflate,5296059337.635,1.0,0.0,0.0,1143.0,0.0,0.0,0.0,1143.0,0.005,1143.0,34639157.635,always_reactive,0.7351
h=0.3/q0=0.4/p=0/r=1/sig=0/cf=2.08299,A_core,0.3,0.4,0.0,1.0,0.0,1.0,2.0829936590907905,wiki_A,native,oracle_tax,5261420180.0,0.993459,0.0,0.0,0.0,0.0,0.0,0.0,0.0,0.005,0.0,0.0,always_reactive,0.7351
h=0.3/q0=0.4/p=0/r=1/sig=0/cf=2.08299,A_core,0.3,0.4,0.0,1.0,0.0,1.0,2.0829936590907905,wiki_A,native,ours_spend_cap,5289483049.615,0.998758,0.0,0.0,926.0,0.0,0.0,0.0,926.0,0.005,926.0,28062869.615,always_reactive,0.7351
h=0.3/q0=0.4/p=0/r=1/sig=0/cf=2.08299,A_core,0.3,0.4,0.0,1.0,0.0,1.0,2.0829936590907905,wiki_A,native,ours_pi_prior,5292756040.887,0.999376,0.0,0.0,1034.0,0.0,0.0,0.0,1034.0,0.005,1034.0,31335860.887,always_reactive,0.7351
h=0.3/q0=0.4/p=0/r=1/sig=0/cf=2.08299,A_core,0.3,0.4,0.0,1.0,0.0,1.0,2.0829936590907905,wiki_A,native,ours_both,5284240202.484,0.997768,0.0,0.0,753.0,0.0,0.0,0.0,753.0,0.005,753.0,22820022.484,always_reactive,0.7351
h=0.3/q0=0.4/p=0/r=1/sig=0/cf=2.08299,A_core,0.3,0.4,0.0,1.0,0.0,1.0,2.0829936590907905,wiki_A,native,breakeven,7157421596.536,1.351462,0.0,0.0,62563.0,0.0,0.0,0.0,62563.0,0.003,62563.0,1896001416.541,always_reactive,0.7351
h=0.3/q0=0.4/p=0/r=1/sig=0/cf=2.08299,A_core,0.3,0.4,0.0,1.0,0.0,1.0,2.0829936590907905,wiki_A,native,breakeven_cap,5289664882.463,0.998793,0.0,0.0,932.0,0.0,0.0,0.0,932.0,0.005,932.0,28244702.463,always_reactive,0.7351
h=0.3/q0=0.4/p=0/r=1/sig=0/cf=2.08299,A_core,0.3,0.4,0.0,1.0,0.0,1.0,2.0829936590907905,wiki_A,native,offline_taxblind,5261420180.0,0.993459,,,,,,,,,,,always_reactive,0.7351
h=0.3/q0=0.4/p=0/r=1/sig=0/cf=2.08299,A_core,0.3,0.4,0.0,1.0,0.0,1.0,2.0829936590907905,wiki_A,native,offline_opt_tax,5261420180.0,0.993459,,,,,,,,,,,always_reactive,0.7351
h=0.3/q0=0.4/p=0/r=1/sig=0/cf=2.08299,A_core,0.3,0.4,0.0,1.0,0.0,1.0,2.0829936590907905,wiki_B,autorpa_233k,always_reactive,7373315056.0,1.0,0.0,0.0,0.0,0.0,0.0,0.0,0.0,0.005,0.0,0.0,always_reactive,0.350865
h=0.3/q0=0.4/p=0/r=1/sig=0/cf=2.08299,A_core,0.3,0.4,0.0,1.0,0.0,1.0,2.0829936590907905,wiki_B,autorpa_233k,always_compile_evict,21014696802.814,2.850102,0.0,0.0,28107.0,0.0,0.0,0.0,28107.0,0.002,28107.0,13641381746.823,always_reactive,0.350865
h=0.3/q0=0.4/p=0/r=1/sig=0/cf=2.08299,A_core,0.3,0.4,0.0,1.0,0.0,1.0,2.0829936590907905,wiki_B,autorpa_233k,ours_noinflate,7373315056.0,1.0,0.0,0.0,0.0,0.0,0.0,0.0,0.0,0.005,0.0,0.0,always_reactive,0.350865
h=0.3/q0=0.4/p=0/r=1/sig=0/cf=2.08299,A_core,0.3,0.4,0.0,1.0,0.0,1.0,2.0829936590907905,wiki_B,autorpa_233k,oracle_tax,7373315056.0,1.0,0.0,0.0,0.0,0.0,0.0,0.0,0.0,0.005,0.0,0.0,always_reactive,0.350865
h=0.3/q0=0.4/p=0/r=1/sig=0/cf=2.08299,A_core,0.3,0.4,0.0,1.0,0.0,1.0,2.0829936590907905,wiki_B,autorpa_233k,ours_spend_cap,7373315056.0,1.0,0.0,0.0,0.0,0.0,0.0,0.0,0.0,0.005,0.0,0.0,always_reactive,0.350865
h=0.3/q0=0.4/p=0/r=1/sig=0/cf=2.08299,A_core,0.3,0.4,0.0,1.0,0.0,1.0,2.0829936590907905,wiki_B,autorpa_233k,ours_pi_prior,7373315056.0,1.0,0.0,0.0,0.0,0.0,0.0,0.0,0.0,0.005,0.0,0.0,always_reactive,0.350865
h=0.3/q0=0.4/p=0/r=1/sig=0/cf=2.08299,A_core,0.3,0.4,0.0,1.0,0.0,1.0,2.0829936590907905,wiki_B,autorpa_233k,ours_both,7373315056.0,1.0,0.0,0.0,0.0,0.0,0.0,0.0,0.0,0.005,0.0,0.0,always_reactive,0.350865
h=0.3/q0=0.4/p=0/r=1/sig=0/cf=2.08299,A_core,0.3,0.4,0.0,1.0,0.0,1.0,2.0829936590907905,wiki_B,autorpa_233k,breakeven,8666739553.644,1.17542,0.0,0.0,2665.0,0.0,0.0,0.0,2665.0,0.004,2665.0,1293424497.644,always_reactive,0.350865
h=0.3/q0=0.4/p=0/r=1/sig=0/cf=2.08299,A_core,0.3,0.4,0.0,1.0,0.0,1.0,2.0829936590907905,wiki_B,autorpa_233k,breakeven_cap,7503870849.571,1.017707,0.0,0.0,269.0,0.0,0.0,0.0,269.0,0.005,269.0,130555793.571,always_reactive,0.350865
h=0.3/q0=0.4/p=0/r=1/sig=0/cf=2.08299,A_core,0.3,0.4,0.0,1.0,0.0,1.0,2.0829936590907905,wiki_B,autorpa_233k,offline_taxblind,7373315056.0,1.0,,,,,,,,,,,always_reactive,0.350865
h=0.3/q0=0.4/p=0/r=1/sig=0/cf=2.08299,A_core,0.3,0.4,0.0,1.0,0.0,1.0,2.0829936590907905,wiki_B,autorpa_233k,offline_opt_tax,7373315056.0,1.0,,,,,,,,,,,always_reactive,0.350865
h=0.3/q0=0.4/p=0/r=1/sig=0/cf=2.08299,A_core,0.3,0.4,0.0,1.0,0.0,1.0,2.0829936590907905,wiki_B,native,always_reactive,7373315056.0,0.978401,0.0,0.0,0.0,0.0,0.0,0.0,0.0,0.005,0.0,0.0,always_reactive,0.89644
h=0.3/q0=0.4/p=0/r=1/sig=0/cf=2.08299,A_core,0.3,0.4,0.0,1.0,0.0,1.0,2.0829936590907905,wiki_B,native,always_compile_evict,8225111034.685,1.09143,0.0,0.0,28107.0,0.0,0.0,0.0,28107.0,0.004,28107.0,851795978.689,always_reactive,0.89644
h=0.3/q0=0.4/p=0/r=1/sig=0/cf=2.08299,A_core,0.3,0.4,0.0,1.0,0.0,1.0,2.0829936590907905,wiki_B,native,ours_noinflate,7536085760.861,1.0,0.0,0.0,5371.0,0.0,0.0,0.0,5371.0,0.005,5371.0,162770704.861,always_reactive,0.89644
h=0.3/q0=0.4/p=0/r=1/sig=0/cf=2.08299,A_core,0.3,0.4,0.0,1.0,0.0,1.0,2.0829936590907905,wiki_B,native,oracle_tax,7373315056.0,0.978401,0.0,0.0,0.0,0.0,0.0,0.0,0.0,0.005,0.0,0.0,always_reactive,0.89644
h=0.3/q0=0.4/p=0/r=1/sig=0/cf=2.08299,A_core,0.3,0.4,0.0,1.0,0.0,1.0,2.0829936590907905,wiki_B,native,ours_spend_cap,7513447571.226,0.996996,0.0,0.0,4624.0,0.0,0.0,0.0,4624.0,0.005,4624.0,140132515.226,always_reactive,0.89644
h=0.3/q0=0.4/p=0/r=1/sig=0/cf=2.08299,A_core,0.3,0.4,0.0,1.0,0.0,1.0,2.0829936590907905,wiki_B,native,ours_pi_prior,7513568793.125,0.997012,0.0,0.0,4628.0,0.0,0.0,0.0,4628.0,0.005,4628.0,140253737.125,always_reactive,0.89644
h=0.3/q0=0.4/p=0/r=1/sig=0/cf=2.08299,A_core,0.3,0.4,0.0,1.0,0.0,1.0,2.0829936590907905,wiki_B,native,ours_both,7483657289.55,0.993043,0.0,0.0,3641.0,0.0,0.0,0.0,3641.0,0.005,3641.0,110342233.551,always_reactive,0.89644
h=0.3/q0=0.4/p=0/r=1/sig=0/cf=2.08299,A_core,0.3,0.4,0.0,1.0,0.0,1.0,2.0829936590907905,wiki_B,native,breakeven,8225111034.685,1.09143,0.0,0.0,28107.0,0.0,0.0,0.0,28107.0,0.004,28107.0,851795978.689,always_reactive,0.89644
h=0.3/q0=0.4/p=0/r=1/sig=0/cf=2.08299,A_core,0.3,0.4,0.0,1.0,0.0,1.0,2.0829936590907905,wiki_B,native,breakeven_cap,7514447651.892,0.997129,0.0,0.0,4657.0,0.0,0.0,0.0,4657.0,0.005,4657.0,141132595.893,always_reactive,0.89644
h=0.3/q0=0.4/p=0/r=1/sig=0/cf=2.08299,A_core,0.3,0.4,0.0,1.0,0.0,1.0,2.0829936590907905,wiki_B,native,offline_taxblind,7373315056.0,0.978401,,,,,,,,,,,always_reactive,0.89644
h=0.3/q0=0.4/p=0/r=1/sig=0/cf=2.08299,A_core,0.3,0.4,0.0,1.0,0.0,1.0,2.0829936590907905,wiki_B,native,offline_opt_tax,7373315056.0,0.978401,,,,,,,,,,,always_reactive,0.89644
h=0.3/q0=0.4/p=1/r=1/sig=0/cf=1,A_core,0.3,0.4,1.0,1.0,0.0,1.0,1.0,bpi2019,autorpa_233k,always_reactive,19497801224.0,1.0,0.0,0.0,0.0,0.0,0.0,0.0,0.0,0.005,0.0,0.0,always_reactive,0.661991
h=0.3/q0=0.4/p=1/r=1/sig=0/cf=1,A_core,0.3,0.4,1.0,1.0,0.0,1.0,1.0,bpi2019,autorpa_233k,always_compile_evict,29453282318.6,1.510595,29.4,53.6,72376.9,71052.9,0.0,137410.5,72318.8,0.027,0.0,0.0,always_reactive,0.661991
h=0.3/q0=0.4/p=1/r=1/sig=0/cf=1,A_core,0.3,0.4,1.0,1.0,0.0,1.0,1.0,bpi2019,autorpa_233k,ours_noinflate,19497801224.0,1.0,0.0,0.0,0.0,0.0,0.0,0.0,0.0,0.005,0.0,0.0,always_reactive,0.661991
h=0.3/q0=0.4/p=1/r=1/sig=0/cf=1,A_core,0.3,0.4,1.0,1.0,0.0,1.0,1.0,bpi2019,autorpa_233k,oracle_tax,19497801224.0,1.0,0.0,0.0,0.0,0.0,0.0,0.0,0.0,0.005,0.0,0.0,always_reactive,0.661991
h=0.3/q0=0.4/p=1/r=1/sig=0/cf=1,A_core,0.3,0.4,1.0,1.0,0.0,1.0,1.0,bpi2019,autorpa_233k,ours_spend_cap,19497801224.0,1.0,0.0,0.0,0.0,0.0,0.0,0.0,0.0,0.005,0.0,0.0,always_reactive,0.661991
h=0.3/q0=0.4/p=1/r=1/sig=0/cf=1,A_core,0.3,0.4,1.0,1.0,0.0,1.0,1.0,bpi2019,autorpa_233k,ours_pi_prior,19497801224.0,1.0,0.0,0.0,0.0,0.0,0.0,0.0,0.0,0.005,0.0,0.0,always_reactive,0.661991
h=0.3/q0=0.4/p=1/r=1/sig=0/cf=1,A_core,0.3,0.4,1.0,1.0,0.0,1.0,1.0,bpi2019,autorpa_233k,ours_both,19497801224.0,1.0,0.0,0.0,0.0,0.0,0.0,0.0,0.0,0.005,0.0,0.0,always_reactive,0.661991
h=0.3/q0=0.4/p=1/r=1/sig=0/cf=1,A_core,0.3,0.4,1.0,1.0,0.0,1.0,1.0,bpi2019,autorpa_233k,breakeven,19693640301.3,1.010044,0.2,5.8,1107.5,765.1,0.0,1490.0,1081.1,0.006,0.0,0.0,always_reactive,0.661991
h=0.3/q0=0.4/p=1/r=1/sig=0/cf=1,A_core,0.3,0.4,1.0,1.0,0.0,1.0,1.0,bpi2019,autorpa_233k,breakeven_cap,19693640301.3,1.010044,0.2,5.8,1107.5,765.1,0.0,1490.0,1081.1,0.006,0.0,0.0,always_reactive,0.661991
h=0.3/q0=0.4/p=1/r=1/sig=0/cf=1,A_core,0.3,0.4,1.0,1.0,0.0,1.0,1.0,bpi2019,autorpa_233k,offline_taxblind,19497801224.0,1.0,,,,,,,,,,,always_reactive,0.661991
h=0.3/q0=0.4/p=1/r=1/sig=0/cf=1,A_core,0.3,0.4,1.0,1.0,0.0,1.0,1.0,bpi2019,autorpa_233k,offline_opt_tax,19497801224.0,1.0,,,,,,,,,,,always_reactive,0.661991
h=0.3/q0=0.4/p=1/r=1/sig=0/cf=1,A_core,0.3,0.4,1.0,1.0,0.0,1.0,1.0,bpi2019,native,always_reactive,19497801224.0,1.496003,0.0,0.0,0.0,0.0,0.0,0.0,0.0,0.005,0.0,0.0,always_compile_evict,1.0
h=0.3/q0=0.4/p=1/r=1/sig=0/cf=1,A_core,0.3,0.4,1.0,1.0,0.0,1.0,1.0,bpi2019,native,always_compile_evict,13027814962.3,0.999582,3.6,15.2,72376.9,71052.9,0.0,137410.5,64204.7,0.013,0.0,0.0,always_compile_evict,1.0
h=0.3/q0=0.4/p=1/r=1/sig=0/cf=1,A_core,0.3,0.4,1.0,1.0,0.0,1.0,1.0,bpi2019,native,ours_noinflate,13033261561.2,1.0,3.5,15.2,72249.2,70965.8,0.0,137246.9,64212.7,0.013,0.0,0.0,always_compile_evict,1.0
h=0.3/q0=0.4/p=1/r=1/sig=0/cf=1,A_core,0.3,0.4,1.0,1.0,0.0,1.0,1.0,bpi2019,native,oracle_tax,19476195192.5,1.494345,20.5,22.2,279.9,259.4,0.0,505.0,110.7,0.005,0.0,0.0,always_compile_evict,1.0
h=0.3/q0=0.4/p=1/r=1/sig=0/cf=1,A_core,0.3,0.4,1.0,1.0,0.0,1.0,1.0,bpi2019,native,ours_spend_cap,13033261561.2,1.0,3.5,15.2,72249.2,70965.8,0.0,137246.9,64212.7,0.013,0.0,0.0,always_compile_evict,1.0
h=0.3/q0=0.4/p=1/r=1/sig=0/cf=1,A_core,0.3,0.4,1.0,1.0,0.0,1.0,1.0,bpi2019,native,ours_pi_prior,13047080730.8,1.00106,3.4,14.9,71993.2,70762.6,0.0,136849.3,64150.8,0.013,0.0,0.0,always_compile_evict,1.0
h=0.3/q0=0.4/p=1/r=1/sig=0/cf=1,A_core,0.3,0.4,1.0,1.0,0.0,1.0,1.0,bpi2019,native,ours_both,13047080730.8,1.00106,3.4,14.9,71993.2,70762.6,0.0,136849.3,64150.8,0.013,0.0,0.0,always_compile_evict,1.0
h=0.3/q0=0.4/p=1/r=1/sig=0/cf=1,A_core,0.3,0.4,1.0,1.0,0.0,1.0,1.0,bpi2019,native,breakeven,19371766752.2,1.486333,0.0,4.6,3404.0,1774.1,0.0,3431.8,46.1,0.005,0.0,0.0,always_compile_evict,1.0
h=0.3/q0=0.4/p=1/r=1/sig=0/cf=1,A_core,0.3,0.4,1.0,1.0,0.0,1.0,1.0,bpi2019,native,breakeven_cap,19371766752.2,1.486333,0.0,4.6,3404.0,1774.1,0.0,3431.8,46.1,0.005,0.0,0.0,always_compile_evict,1.0
h=0.3/q0=0.4/p=1/r=1/sig=0/cf=1,A_core,0.3,0.4,1.0,1.0,0.0,1.0,1.0,bpi2019,native,offline_taxblind,12655664428.66,0.971028,,,,,,,,,,,always_compile_evict,1.0
h=0.3/q0=0.4/p=1/r=1/sig=0/cf=1,A_core,0.3,0.4,1.0,1.0,0.0,1.0,1.0,bpi2019,native,offline_opt_tax,12724629631.035,0.97632,,,,,,,,,,,always_compile_evict,1.0
h=0.3/q0=0.4/p=1/r=1/sig=0/cf=1,A_core,0.3,0.4,1.0,1.0,0.0,1.0,1.0,sepsis,autorpa_233k,always_reactive,77101119.0,1.0,0.0,0.0,0.0,0.0,0.0,0.0,0.0,0.005,0.0,0.0,always_reactive,0.875793
h=0.3/q0=0.4/p=1/r=1/sig=0/cf=1,A_core,0.3,0.4,1.0,1.0,0.0,1.0,1.0,sepsis,autorpa_233k,always_compile_evict,88035795.0,1.141823,14.2,15.8,62.4,43.2,0.0,82.5,61.3,0.012,0.0,0.0,always_reactive,0.875793
h=0.3/q0=0.4/p=1/r=1/sig=0/cf=1,A_core,0.3,0.4,1.0,1.0,0.0,1.0,1.0,sepsis,autorpa_233k,ours_noinflate,77101119.0,1.0,0.0,0.0,0.0,0.0,0.0,0.0,0.0,0.005,0.0,0.0,always_reactive,0.875793
h=0.3/q0=0.4/p=1/r=1/sig=0/cf=1,A_core,0.3,0.4,1.0,1.0,0.0,1.0,1.0,sepsis,autorpa_233k,oracle_tax,77101119.0,1.0,0.0,0.0,0.0,0.0,0.0,0.0,0.0,0.005,0.0,0.0,always_reactive,0.875793
h=0.3/q0=0.4/p=1/r=1/sig=0/cf=1,A_core,0.3,0.4,1.0,1.0,0.0,1.0,1.0,sepsis,autorpa_233k,ours_spend_cap,77101119.0,1.0,0.0,0.0,0.0,0.0,0.0,0.0,0.0,0.005,0.0,0.0,always_reactive,0.875793
h=0.3/q0=0.4/p=1/r=1/sig=0/cf=1,A_core,0.3,0.4,1.0,1.0,0.0,1.0,1.0,sepsis,autorpa_233k,ours_pi_prior,77101119.0,1.0,0.0,0.0,0.0,0.0,0.0,0.0,0.0,0.005,0.0,0.0,always_reactive,0.875793
h=0.3/q0=0.4/p=1/r=1/sig=0/cf=1,A_core,0.3,0.4,1.0,1.0,0.0,1.0,1.0,sepsis,autorpa_233k,ours_both,77101119.0,1.0,0.0,0.0,0.0,0.0,0.0,0.0,0.0,0.005,0.0,0.0,always_reactive,0.875793
h=0.3/q0=0.4/p=1/r=1/sig=0/cf=1,A_core,0.3,0.4,1.0,1.0,0.0,1.0,1.0,sepsis,autorpa_233k,breakeven,77896011.4,1.01031,1.5,2.6,4.9,3.4,0.0,7.1,4.7,0.005,0.0,0.0,always_reactive,0.875793
h=0.3/q0=0.4/p=1/r=1/sig=0/cf=1,A_core,0.3,0.4,1.0,1.0,0.0,1.0,1.0,sepsis,autorpa_233k,breakeven_cap,77896011.4,1.01031,1.5,2.6,4.9,3.4,0.0,7.1,4.7,0.005,0.0,0.0,always_reactive,0.875793
h=0.3/q0=0.4/p=1/r=1/sig=0/cf=1,A_core,0.3,0.4,1.0,1.0,0.0,1.0,1.0,sepsis,autorpa_233k,offline_taxblind,77101119.0,1.0,,,,,,,,,,,always_reactive,0.875793
h=0.3/q0=0.4/p=1/r=1/sig=0/cf=1,A_core,0.3,0.4,1.0,1.0,0.0,1.0,1.0,sepsis,autorpa_233k,offline_opt_tax,77101119.0,1.0,,,,,,,,,,,always_reactive,0.875793
h=0.3/q0=0.4/p=1/r=1/sig=0/cf=1,A_core,0.3,0.4,1.0,1.0,0.0,1.0,1.0,sepsis,native,always_reactive,77101119.0,1.042093,0.0,0.0,0.0,0.0,0.0,0.0,0.0,0.005,0.0,0.0,always_compile_evict,1.0
h=0.3/q0=0.4/p=1/r=1/sig=0/cf=1,A_core,0.3,0.4,1.0,1.0,0.0,1.0,1.0,sepsis,native,always_compile_evict,73986826.3,1.0,2.4,7.9,62.4,43.2,0.0,82.5,12.7,0.009,0.0,0.0,always_compile_evict,1.0
h=0.3/q0=0.4/p=1/r=1/sig=0/cf=1,A_core,0.3,0.4,1.0,1.0,0.0,1.0,1.0,sepsis,native,ours_noinflate,73986826.3,1.0,2.4,7.9,62.4,43.2,0.0,82.5,12.7,0.009,0.0,0.0,always_compile_evict,1.0
h=0.3/q0=0.4/p=1/r=1/sig=0/cf=1,A_core,0.3,0.4,1.0,1.0,0.0,1.0,1.0,sepsis,native,oracle_tax,74637277.1,1.008791,10.9,12.0,44.5,33.6,0.0,63.7,14.8,0.011,0.0,0.0,always_compile_evict,1.0
h=0.3/q0=0.4/p=1/r=1/sig=0/cf=1,A_core,0.3,0.4,1.0,1.0,0.0,1.0,1.0,sepsis,native,ours_spend_cap,73986826.3,1.0,2.4,7.9,62.4,43.2,0.0,82.5,12.7,0.009,0.0,0.0,always_compile_evict,1.0
h=0.3/q0=0.4/p=1/r=1/sig=0/cf=1,A_core,0.3,0.4,1.0,1.0,0.0,1.0,1.0,sepsis,native,ours_pi_prior,74077270.4,1.001222,2.4,7.6,55.4,40.3,0.0,76.2,12.5,0.009,0.0,0.0,always_compile_evict,1.0
h=0.3/q0=0.4/p=1/r=1/sig=0/cf=1,A_core,0.3,0.4,1.0,1.0,0.0,1.0,1.0,sepsis,native,ours_both,74077270.4,1.001222,2.4,7.6,55.4,40.3,0.0,76.2,12.5,0.009,0.0,0.0,always_compile_evict,1.0
h=0.3/q0=0.4/p=1/r=1/sig=0/cf=1,A_core,0.3,0.4,1.0,1.0,0.0,1.0,1.0,sepsis,native,breakeven,76208130.7,1.030023,0.0,4.4,40.1,16.0,0.0,30.8,2.1,0.006,0.0,0.0,always_compile_evict,1.0
h=0.3/q0=0.4/p=1/r=1/sig=0/cf=1,A_core,0.3,0.4,1.0,1.0,0.0,1.0,1.0,sepsis,native,breakeven_cap,76208130.7,1.030023,0.0,4.4,40.1,16.0,0.0,30.8,2.1,0.006,0.0,0.0,always_compile_evict,1.0
h=0.3/q0=0.4/p=1/r=1/sig=0/cf=1,A_core,0.3,0.4,1.0,1.0,0.0,1.0,1.0,sepsis,native,offline_taxblind,58444139.82,0.789926,,,,,,,,,,,always_compile_evict,1.0
h=0.3/q0=0.4/p=1/r=1/sig=0/cf=1,A_core,0.3,0.4,1.0,1.0,0.0,1.0,1.0,sepsis,native,offline_opt_tax,58734549.517,0.793851,,,,,,,,,,,always_compile_evict,1.0
h=0.3/q0=0.4/p=1/r=1/sig=0/cf=1,A_core,0.3,0.4,1.0,1.0,0.0,1.0,1.0,wiki_A,autorpa_233k,always_reactive,5261420180.0,1.0,0.0,0.0,0.0,0.0,0.0,0.0,0.0,0.005,0.0,0.0,always_reactive,0.686484
h=0.3/q0=0.4/p=1/r=1/sig=0/cf=1,A_core,0.3,0.4,1.0,1.0,0.0,1.0,1.0,wiki_A,autorpa_233k,always_compile_evict,7664300114.3,1.456698,6.7,34.8,19004.8,18779.9,0.0,36319.0,18948.5,0.011,0.0,0.0,always_reactive,0.686484
h=0.3/q0=0.4/p=1/r=1/sig=0/cf=1,A_core,0.3,0.4,1.0,1.0,0.0,1.0,1.0,wiki_A,autorpa_233k,ours_noinflate,5261420180.0,1.0,0.0,0.0,0.0,0.0,0.0,0.0,0.0,0.005,0.0,0.0,always_reactive,0.686484
h=0.3/q0=0.4/p=1/r=1/sig=0/cf=1,A_core,0.3,0.4,1.0,1.0,0.0,1.0,1.0,wiki_A,autorpa_233k,oracle_tax,5261420180.0,1.0,0.0,0.0,0.0,0.0,0.0,0.0,0.0,0.005,0.0,0.0,always_reactive,0.686484
h=0.3/q0=0.4/p=1/r=1/sig=0/cf=1,A_core,0.3,0.4,1.0,1.0,0.0,1.0,1.0,wiki_A,autorpa_233k,ours_spend_cap,5261420180.0,1.0,0.0,0.0,0.0,0.0,0.0,0.0,0.0,0.005,0.0,0.0,always_reactive,0.686484
h=0.3/q0=0.4/p=1/r=1/sig=0/cf=1,A_core,0.3,0.4,1.0,1.0,0.0,1.0,1.0,wiki_A,autorpa_233k,ours_pi_prior,5261420180.0,1.0,0.0,0.0,0.0,0.0,0.0,0.0,0.0,0.005,0.0,0.0,always_reactive,0.686484
h=0.3/q0=0.4/p=1/r=1/sig=0/cf=1,A_core,0.3,0.4,1.0,1.0,0.0,1.0,1.0,wiki_A,autorpa_233k,ours_both,5261420180.0,1.0,0.0,0.0,0.0,0.0,0.0,0.0,0.0,0.005,0.0,0.0,always_reactive,0.686484
h=0.3/q0=0.4/p=1/r=1/sig=0/cf=1,A_core,0.3,0.4,1.0,1.0,0.0,1.0,1.0,wiki_A,autorpa_233k,breakeven,5619198006.2,1.068,0.3,5.7,2689.3,2636.9,0.0,5062.7,2632.1,0.005,0.0,0.0,always_reactive,0.686484
h=0.3/q0=0.4/p=1/r=1/sig=0/cf=1,A_core,0.3,0.4,1.0,1.0,0.0,1.0,1.0,wiki_A,autorpa_233k,breakeven_cap,5619198006.2,1.068,0.3,5.7,2689.3,2636.9,0.0,5062.7,2632.1,0.005,0.0,0.0,always_reactive,0.686484
h=0.3/q0=0.4/p=1/r=1/sig=0/cf=1,A_core,0.3,0.4,1.0,1.0,0.0,1.0,1.0,wiki_A,autorpa_233k,offline_taxblind,5261420180.0,1.0,,,,,,,,,,,always_reactive,0.686484
h=0.3/q0=0.4/p=1/r=1/sig=0/cf=1,A_core,0.3,0.4,1.0,1.0,0.0,1.0,1.0,wiki_A,autorpa_233k,offline_opt_tax,5261420180.0,1.0,,,,,,,,,,,always_reactive,0.686484
h=0.3/q0=0.4/p=1/r=1/sig=0/cf=1,A_core,0.3,0.4,1.0,1.0,0.0,1.0,1.0,wiki_A,native,always_reactive,5261420180.0,1.516669,0.0,0.0,0.0,0.0,0.0,0.0,0.0,0.005,0.0,0.0,always_compile_evict,1.0
h=0.3/q0=0.4/p=1/r=1/sig=0/cf=1,A_core,0.3,0.4,1.0,1.0,0.0,1.0,1.0,wiki_A,native,always_compile_evict,3468865831.1,0.999943,3.0,11.1,19004.8,18779.9,0.0,36319.0,17380.7,0.011,0.0,0.0,always_compile_evict,1.0
h=0.3/q0=0.4/p=1/r=1/sig=0/cf=1,A_core,0.3,0.4,1.0,1.0,0.0,1.0,1.0,wiki_A,native,ours_noinflate,3469063089.8,1.0,3.0,11.1,19001.7,18777.4,0.0,36314.4,17378.5,0.011,0.0,0.0,always_compile_evict,1.0
h=0.3/q0=0.4/p=1/r=1/sig=0/cf=1,A_core,0.3,0.4,1.0,1.0,0.0,1.0,1.0,wiki_A,native,oracle_tax,5228724805.7,1.507244,5.3,6.8,312.0,306.7,0.0,594.8,156.6,0.005,0.0,0.0,always_compile_evict,1.0
h=0.3/q0=0.4/p=1/r=1/sig=0/cf=1,A_core,0.3,0.4,1.0,1.0,0.0,1.0,1.0,wiki_A,native,ours_spend_cap,3469063089.8,1.0,3.0,11.1,19001.7,18777.4,0.0,36314.4,17378.5,0.011,0.0,0.0,always_compile_evict,1.0
h=0.3/q0=0.4/p=1/r=1/sig=0/cf=1,A_core,0.3,0.4,1.0,1.0,0.0,1.0,1.0,wiki_A,native,ours_pi_prior,3471926811.6,1.000826,3.0,10.8,18950.3,18736.1,0.0,36236.2,17348.4,0.011,0.0,0.0,always_compile_evict,1.0
h=0.3/q0=0.4/p=1/r=1/sig=0/cf=1,A_core,0.3,0.4,1.0,1.0,0.0,1.0,1.0,wiki_A,native,ours_both,3471926811.6,1.000826,3.0,10.8,18950.3,18736.1,0.0,36236.2,17348.4,0.011,0.0,0.0,always_compile_evict,1.0
h=0.3/q0=0.4/p=1/r=1/sig=0/cf=1,A_core,0.3,0.4,1.0,1.0,0.0,1.0,1.0,wiki_A,native,breakeven,4856866819.7,1.400051,0.0,5.5,5125.0,4850.2,0.0,9368.2,3926.9,0.005,0.0,0.0,always_compile_evict,1.0
h=0.3/q0=0.4/p=1/r=1/sig=0/cf=1,A_core,0.3,0.4,1.0,1.0,0.0,1.0,1.0,wiki_A,native,breakeven_cap,4856866819.7,1.400051,0.0,5.5,5125.0,4850.2,0.0,9368.2,3926.9,0.005,0.0,0.0,always_compile_evict,1.0
h=0.3/q0=0.4/p=1/r=1/sig=0/cf=1,A_core,0.3,0.4,1.0,1.0,0.0,1.0,1.0,wiki_A,native,offline_taxblind,3396431269.738,0.979063,,,,,,,,,,,always_compile_evict,1.0
h=0.3/q0=0.4/p=1/r=1/sig=0/cf=1,A_core,0.3,0.4,1.0,1.0,0.0,1.0,1.0,wiki_A,native,offline_opt_tax,3408082638.22,0.982422,,,,,,,,,,,always_compile_evict,1.0
h=0.3/q0=0.4/p=1/r=1/sig=0/cf=1,A_core,0.3,0.4,1.0,1.0,0.0,1.0,1.0,wiki_B,autorpa_233k,always_reactive,7373315056.0,1.0,0.0,0.0,0.0,0.0,0.0,0.0,0.0,0.005,0.0,0.0,always_reactive,0.810297
h=0.3/q0=0.4/p=1/r=1/sig=0/cf=1,A_core,0.3,0.4,1.0,1.0,0.0,1.0,1.0,wiki_B,autorpa_233k,always_compile_evict,9099524583.0,1.234116,46.8,61.4,9680.3,8467.1,0.0,16289.7,9659.3,0.041,0.0,0.0,always_reactive,0.810297
h=0.3/q0=0.4/p=1/r=1/sig=0/cf=1,A_core,0.3,0.4,1.0,1.0,0.0,1.0,1.0,wiki_B,autorpa_233k,ours_noinflate,7373315056.0,1.0,0.0,0.0,0.0,0.0,0.0,0.0,0.0,0.005,0.0,0.0,always_reactive,0.810297
h=0.3/q0=0.4/p=1/r=1/sig=0/cf=1,A_core,0.3,0.4,1.0,1.0,0.0,1.0,1.0,wiki_B,autorpa_233k,oracle_tax,7373315056.0,1.0,0.0,0.0,0.0,0.0,0.0,0.0,0.0,0.005,0.0,0.0,always_reactive,0.810297
h=0.3/q0=0.4/p=1/r=1/sig=0/cf=1,A_core,0.3,0.4,1.0,1.0,0.0,1.0,1.0,wiki_B,autorpa_233k,ours_spend_cap,7373315056.0,1.0,0.0,0.0,0.0,0.0,0.0,0.0,0.0,0.005,0.0,0.0,always_reactive,0.810297
h=0.3/q0=0.4/p=1/r=1/sig=0/cf=1,A_core,0.3,0.4,1.0,1.0,0.0,1.0,1.0,wiki_B,autorpa_233k,ours_pi_prior,7373315056.0,1.0,0.0,0.0,0.0,0.0,0.0,0.0,0.0,0.005,0.0,0.0,always_reactive,0.810297
h=0.3/q0=0.4/p=1/r=1/sig=0/cf=1,A_core,0.3,0.4,1.0,1.0,0.0,1.0,1.0,wiki_B,autorpa_233k,ours_both,7373315056.0,1.0,0.0,0.0,0.0,0.0,0.0,0.0,0.0,0.005,0.0,0.0,always_reactive,0.810297
h=0.3/q0=0.4/p=1/r=1/sig=0/cf=1,A_core,0.3,0.4,1.0,1.0,0.0,1.0,1.0,wiki_B,autorpa_233k,breakeven,7487319844.8,1.015462,0.4,6.2,633.1,454.3,0.0,873.0,622.6,0.006,0.0,0.0,always_reactive,0.810297
h=0.3/q0=0.4/p=1/r=1/sig=0/cf=1,A_core,0.3,0.4,1.0,1.0,0.0,1.0,1.0,wiki_B,autorpa_233k,breakeven_cap,7487319844.8,1.015462,0.4,6.2,633.1,454.3,0.0,873.0,622.6,0.006,0.0,0.0,always_reactive,0.810297
h=0.3/q0=0.4/p=1/r=1/sig=0/cf=1,A_core,0.3,0.4,1.0,1.0,0.0,1.0,1.0,wiki_B,autorpa_233k,offline_taxblind,7373315056.0,1.0,,,,,,,,,,,always_reactive,0.810297
h=0.3/q0=0.4/p=1/r=1/sig=0/cf=1,A_core,0.3,0.4,1.0,1.0,0.0,1.0,1.0,wiki_B,autorpa_233k,offline_opt_tax,7373315056.0,1.0,,,,,,,,,,,always_reactive,0.810297
h=0.3/q0=0.4/p=1/r=1/sig=0/cf=1,A_core,0.3,0.4,1.0,1.0,0.0,1.0,1.0,wiki_B,native,always_reactive,7373315056.0,1.103264,0.0,0.0,0.0,0.0,0.0,0.0,0.0,0.005,0.0,0.0,always_compile_evict,1.0
h=0.3/q0=0.4/p=1/r=1/sig=0/cf=1,A_core,0.3,0.4,1.0,1.0,0.0,1.0,1.0,wiki_B,native,always_compile_evict,6682992171.7,0.999971,2.9,12.3,9680.3,8467.1,0.0,16289.7,5265.9,0.01,0.0,0.0,always_compile_evict,1.0
h=0.3/q0=0.4/p=1/r=1/sig=0/cf=1,A_core,0.3,0.4,1.0,1.0,0.0,1.0,1.0,wiki_B,native,ours_noinflate,6683185882.2,1.0,2.9,12.3,9676.6,8463.0,0.0,16281.8,5260.3,0.01,0.0,0.0,always_compile_evict,1.0
h=0.3/q0=0.4/p=1/r=1/sig=0/cf=1,A_core,0.3,0.4,1.0,1.0,0.0,1.0,1.0,wiki_B,native,oracle_tax,7365670851.4,1.10212,29.3,30.4,142.8,113.5,0.0,216.7,46.1,0.005,0.0,0.0,always_compile_evict,1.0
h=0.3/q0=0.4/p=1/r=1/sig=0/cf=1,A_core,0.3,0.4,1.0,1.0,0.0,1.0,1.0,wiki_B,native,ours_spend_cap,6683185882.2,1.0,2.9,12.3,9676.6,8463.0,0.0,16281.8,5260.3,0.01,0.0,0.0,always_compile_evict,1.0
h=0.3/q0=0.4/p=1/r=1/sig=0/cf=1,A_core,0.3,0.4,1.0,1.0,0.0,1.0,1.0,wiki_B,native,ours_pi_prior,6693285224.5,1.001511,2.5,11.9,9419.7,8283.3,0.0,15938.2,5196.6,0.01,0.0,0.0,always_compile_evict,1.0
h=0.3/q0=0.4/p=1/r=1/sig=0/cf=1,A_core,0.3,0.4,1.0,1.0,0.0,1.0,1.0,wiki_B,native,ours_both,6693285224.5,1.001511,2.5,11.9,9419.7,8283.3,0.0,15938.2,5196.6,0.01,0.0,0.0,always_compile_evict,1.0
h=0.3/q0=0.4/p=1/r=1/sig=0/cf=1,A_core,0.3,0.4,1.0,1.0,0.0,1.0,1.0,wiki_B,native,breakeven,7316764826.6,1.094802,0.0,4.8,2504.7,966.4,0.0,1858.1,69.4,0.005,0.0,0.0,always_compile_evict,1.0
h=0.3/q0=0.4/p=1/r=1/sig=0/cf=1,A_core,0.3,0.4,1.0,1.0,0.0,1.0,1.0,wiki_B,native,breakeven_cap,7316764826.6,1.094802,0.0,4.8,2504.7,966.4,0.0,1858.1,69.4,0.005,0.0,0.0,always_compile_evict,1.0
h=0.3/q0=0.4/p=1/r=1/sig=0/cf=1,A_core,0.3,0.4,1.0,1.0,0.0,1.0,1.0,wiki_B,native,offline_taxblind,5463553596.378,0.817507,,,,,,,,,,,always_compile_evict,1.0
h=0.3/q0=0.4/p=1/r=1/sig=0/cf=1,A_core,0.3,0.4,1.0,1.0,0.0,1.0,1.0,wiki_B,native,offline_opt_tax,5475498265.909,0.819295,,,,,,,,,,,always_compile_evict,1.0
h=0/q0=0.4/p=0.3/r=1/sig=0/cf=1,A_core,0.0,0.4,0.3,1.0,0.0,1.0,1.0,bpi2019,autorpa_233k,always_reactive,19497801224.0,1.609935,0.0,0.0,0.0,0.0,0.0,0.0,0.0,0.005,0.0,0.0,ours_noinflate,0.978496
h=0/q0=0.4/p=0.3/r=1/sig=0/cf=1,A_core,0.0,0.4,0.3,1.0,0.0,1.0,1.0,bpi2019,autorpa_233k,always_compile_evict,12377073828.2,1.021976,99.5,153.4,4453.6,0.0,0.0,0.0,4246.9,0.219,3117.5,726377500.0,ours_noinflate,0.978496
h=0/q0=0.4/p=0.3/r=1/sig=0/cf=1,A_core,0.0,0.4,0.3,1.0,0.0,1.0,1.0,bpi2019,autorpa_233k,ours_noinflate,12110922216.4,1.0,83.4,120.8,2191.6,0.0,0.0,0.0,2073.5,0.172,1534.4,357515200.0,ours_noinflate,0.978496
h=0/q0=0.4/p=0.3/r=1/sig=0/cf=1,A_core,0.0,0.4,0.3,1.0,0.0,1.0,1.0,bpi2019,autorpa_233k,oracle_tax,10791431808.4,0.89105,81.4,81.4,271.8,0.0,0.0,0.0,190.4,0.098,190.4,44363200.0,ours_noinflate,0.978496
h=0/q0=0.4/p=0.3/r=1/sig=0/cf=1,A_core,0.0,0.4,0.3,1.0,0.0,1.0,1.0,bpi2019,autorpa_233k,ours_spend_cap,12111020420.9,1.000008,83.3,120.8,2191.6,0.0,0.0,0.0,2073.5,0.172,1534.4,357515200.0,ours_noinflate,0.978496
h=0/q0=0.4/p=0.3/r=1/sig=0/cf=1,A_core,0.0,0.4,0.3,1.0,0.0,1.0,1.0,bpi2019,autorpa_233k,ours_pi_prior,14472303991.7,1.19498,77.6,106.5,1934.6,0.0,0.0,0.0,1835.4,0.13,1353.7,315412100.0,ours_noinflate,0.978496
h=0/q0=0.4/p=0.3/r=1/sig=0/cf=1,A_core,0.0,0.4,0.3,1.0,0.0,1.0,1.0,bpi2019,autorpa_233k,ours_both,14471756000.6,1.194934,77.4,106.3,1933.0,0.0,0.0,0.0,1833.8,0.129,1352.5,315132500.0,ours_noinflate,0.978496
h=0/q0=0.4/p=0.3/r=1/sig=0/cf=1,A_core,0.0,0.4,0.3,1.0,0.0,1.0,1.0,bpi2019,autorpa_233k,breakeven,19593521664.5,1.617839,1.1,13.0,1345.2,0.0,0.0,0.0,1258.7,0.009,944.2,219998600.0,ours_noinflate,0.978496
h=0/q0=0.4/p=0.3/r=1/sig=0/cf=1,A_core,0.0,0.4,0.3,1.0,0.0,1.0,1.0,bpi2019,autorpa_233k,breakeven_cap,19597878021.7,1.618199,1.3,12.4,1320.5,0.0,0.0,0.0,1237.6,0.009,926.9,215967700.0,ours_noinflate,0.978496
h=0/q0=0.4/p=0.3/r=1/sig=0/cf=1,A_core,0.0,0.4,0.3,1.0,0.0,1.0,1.0,bpi2019,autorpa_233k,offline_taxblind,9140652667.468,0.754745,,,,,,,,,,,ours_noinflate,0.978496
h=0/q0=0.4/p=0.3/r=1/sig=0/cf=1,A_core,0.0,0.4,0.3,1.0,0.0,1.0,1.0,bpi2019,autorpa_233k,offline_opt_tax,10267947289.283,0.847825,,,,,,,,,,,ours_noinflate,0.978496
h=0/q0=0.4/p=0.3/r=1/sig=0/cf=1,A_core,0.0,0.4,0.3,1.0,0.0,1.0,1.0,bpi2019,native,always_reactive,19497801224.0,2.147712,0.0,0.0,0.0,0.0,0.0,0.0,0.0,0.005,0.0,0.0,always_compile_evict,1.0
h=0/q0=0.4/p=0.3/r=1/sig=0/cf=1,A_core,0.0,0.4,0.3,1.0,0.0,1.0,1.0,bpi2019,native,always_compile_evict,9075575457.7,0.999688,8.0,28.2,4453.6,0.0,0.0,0.0,3117.5,0.041,3117.5,45356507.5,always_compile_evict,1.0
h=0/q0=0.4/p=0.3/r=1/sig=0/cf=1,A_core,0.0,0.4,0.3,1.0,0.0,1.0,1.0,bpi2019,native,ours_noinflate,9078405223.3,1.0,8.0,28.2,4397.8,0.0,0.0,0.0,3078.3,0.041,3078.3,44786186.7,always_compile_evict,1.0
h=0/q0=0.4/p=0.3/r=1/sig=0/cf=1,A_core,0.0,0.4,0.3,1.0,0.0,1.0,1.0,bpi2019,native,oracle_tax,10734658778.5,1.182439,98.1,98.1,322.6,0.0,0.0,0.0,224.5,0.102,224.5,3266250.5,always_compile_evict,1.0
h=0/q0=0.4/p=0.3/r=1/sig=0/cf=1,A_core,0.0,0.4,0.3,1.0,0.0,1.0,1.0,bpi2019,native,ours_spend_cap,9078668753.1,1.000029,8.0,28.2,4397.8,0.0,0.0,0.0,3078.3,0.041,3078.3,44786186.7,always_compile_evict,1.0
h=0/q0=0.4/p=0.3/r=1/sig=0/cf=1,A_core,0.0,0.4,0.3,1.0,0.0,1.0,1.0,bpi2019,native,ours_pi_prior,9086102558.1,1.000848,8.0,28.2,4303.6,0.0,0.0,0.0,3012.6,0.041,3012.6,43830317.4,always_compile_evict,1.0
h=0/q0=0.4/p=0.3/r=1/sig=0/cf=1,A_core,0.0,0.4,0.3,1.0,0.0,1.0,1.0,bpi2019,native,ours_both,9086319972.0,1.000872,8.0,28.2,4303.0,0.0,0.0,0.0,3012.1,0.041,3012.1,43823042.9,always_compile_evict,1.0
h=0/q0=0.4/p=0.3/r=1/sig=0/cf=1,A_core,0.0,0.4,0.3,1.0,0.0,1.0,1.0,bpi2019,native,breakeven,19370753447.4,2.133718,0.0,6.4,4453.6,0.0,0.0,0.0,3117.5,0.005,3117.5,45356507.5,always_compile_evict,1.0
h=0/q0=0.4/p=0.3/r=1/sig=0/cf=1,A_core,0.0,0.4,0.3,1.0,0.0,1.0,1.0,bpi2019,native,breakeven_cap,19370761078.5,2.133718,0.0,6.4,4451.1,0.0,0.0,0.0,3115.6,0.005,3115.6,45328864.4,always_compile_evict,1.0
h=0/q0=0.4/p=0.3/r=1/sig=0/cf=1,A_core,0.0,0.4,0.3,1.0,0.0,1.0,1.0,bpi2019,native,offline_taxblind,8453520316.135,0.931168,,,,,,,,,,,always_compile_evict,1.0
h=0/q0=0.4/p=0.3/r=1/sig=0/cf=1,A_core,0.0,0.4,0.3,1.0,0.0,1.0,1.0,bpi2019,native,offline_opt_tax,8676596894.2,0.95574,,,,,,,,,,,always_compile_evict,1.0
h=0/q0=0.4/p=0.3/r=1/sig=0/cf=1,A_core,0.0,0.4,0.3,1.0,0.0,1.0,1.0,sepsis,autorpa_233k,always_reactive,77101119.0,0.980779,0.0,0.0,0.0,0.0,0.0,0.0,0.0,0.005,0.0,0.0,always_reactive,0.895861
h=0/q0=0.4/p=0.3/r=1/sig=0/cf=1,A_core,0.0,0.4,0.3,1.0,0.0,1.0,1.0,sepsis,autorpa_233k,always_compile_evict,86063661.7,1.094788,13.5,13.8,55.3,0.0,0.0,0.0,50.7,0.011,40.6,9459800.0,always_reactive,0.895861
h=0/q0=0.4/p=0.3/r=1/sig=0/cf=1,A_core,0.0,0.4,0.3,1.0,0.0,1.0,1.0,sepsis,autorpa_233k,ours_noinflate,78612139.1,1.0,3.2,3.2,11.9,0.0,0.0,0.0,9.4,0.006,8.7,2027100.0,always_reactive,0.895861
h=0/q0=0.4/p=0.3/r=1/sig=0/cf=1,A_core,0.0,0.4,0.3,1.0,0.0,1.0,1.0,sepsis,autorpa_233k,oracle_tax,76629037.0,0.974774,1.8,1.8,6.0,0.0,0.0,0.0,4.2,0.007,4.2,978600.0,always_reactive,0.895861
h=0/q0=0.4/p=0.3/r=1/sig=0/cf=1,A_core,0.0,0.4,0.3,1.0,0.0,1.0,1.0,sepsis,autorpa_233k,ours_spend_cap,78612139.1,1.0,3.2,3.2,11.9,0.0,0.0,0.0,9.4,0.006,8.7,2027100.0,always_reactive,0.895861
h=0/q0=0.4/p=0.3/r=1/sig=0/cf=1,A_core,0.0,0.4,0.3,1.0,0.0,1.0,1.0,sepsis,autorpa_233k,ours_pi_prior,78867132.8,1.003244,3.3,3.3,13.2,0.0,0.0,0.0,11.0,0.006,9.9,2306700.0,always_reactive,0.895861
h=0/q0=0.4/p=0.3/r=1/sig=0/cf=1,A_core,0.0,0.4,0.3,1.0,0.0,1.0,1.0,sepsis,autorpa_233k,ours_both,78867132.8,1.003244,3.3,3.3,13.2,0.0,0.0,0.0,11.0,0.006,9.9,2306700.0,always_reactive,0.895861
h=0/q0=0.4/p=0.3/r=1/sig=0/cf=1,A_core,0.0,0.4,0.3,1.0,0.0,1.0,1.0,sepsis,autorpa_233k,breakeven,78300833.6,0.99604,2.4,2.5,9.1,0.0,0.0,0.0,7.9,0.006,6.5,1514500.0,always_reactive,0.895861
h=0/q0=0.4/p=0.3/r=1/sig=0/cf=1,A_core,0.0,0.4,0.3,1.0,0.0,1.0,1.0,sepsis,autorpa_233k,breakeven_cap,78300833.6,0.99604,2.4,2.5,9.1,0.0,0.0,0.0,7.9,0.006,6.5,1514500.0,always_reactive,0.895861
h=0/q0=0.4/p=0.3/r=1/sig=0/cf=1,A_core,0.0,0.4,0.3,1.0,0.0,1.0,1.0,sepsis,autorpa_233k,offline_taxblind,75956144.6,0.966214,,,,,,,,,,,always_reactive,0.895861
h=0/q0=0.4/p=0.3/r=1/sig=0/cf=1,A_core,0.0,0.4,0.3,1.0,0.0,1.0,1.0,sepsis,autorpa_233k,offline_opt_tax,76159208.133,0.968797,,,,,,,,,,,always_reactive,0.895861
h=0/q0=0.4/p=0.3/r=1/sig=0/cf=1,A_core,0.0,0.4,0.3,1.0,0.0,1.0,1.0,sepsis,native,always_reactive,77101119.0,1.043682,0.0,0.0,0.0,0.0,0.0,0.0,0.0,0.005,0.0,0.0,always_compile_evict,1.0
h=0/q0=0.4/p=0.3/r=1/sig=0/cf=1,A_core,0.0,0.4,0.3,1.0,0.0,1.0,1.0,sepsis,native,always_compile_evict,73874157.8,1.0,9.2,11.0,55.3,0.0,0.0,0.0,40.6,0.012,40.6,590689.4,always_compile_evict,1.0
h=0/q0=0.4/p=0.3/r=1/sig=0/cf=1,A_core,0.0,0.4,0.3,1.0,0.0,1.0,1.0,sepsis,native,ours_noinflate,73874157.8,1.0,9.2,11.0,55.3,0.0,0.0,0.0,40.6,0.012,40.6,590689.4,always_compile_evict,1.0
h=0/q0=0.4/p=0.3/r=1/sig=0/cf=1,A_core,0.0,0.4,0.3,1.0,0.0,1.0,1.0,sepsis,native,oracle_tax,73812279.5,0.999162,8.2,8.2,30.4,0.0,0.0,0.0,22.2,0.011,22.2,322987.8,always_compile_evict,1.0
h=0/q0=0.4/p=0.3/r=1/sig=0/cf=1,A_core,0.0,0.4,0.3,1.0,0.0,1.0,1.0,sepsis,native,ours_spend_cap,73874157.8,1.0,9.2,11.0,55.3,0.0,0.0,0.0,40.6,0.012,40.6,590689.4,always_compile_evict,1.0
h=0/q0=0.4/p=0.3/r=1/sig=0/cf=1,A_core,0.0,0.4,0.3,1.0,0.0,1.0,1.0,sepsis,native,ours_pi_prior,73877462.8,1.000045,9.1,10.5,55.0,0.0,0.0,0.0,40.4,0.012,40.4,587779.6,always_compile_evict,1.0
h=0/q0=0.4/p=0.3/r=1/sig=0/cf=1,A_core,0.0,0.4,0.3,1.0,0.0,1.0,1.0,sepsis,native,ours_both,73877462.8,1.000045,9.1,10.5,55.0,0.0,0.0,0.0,40.4,0.012,40.4,587779.6,always_compile_evict,1.0
h=0/q0=0.4/p=0.3/r=1/sig=0/cf=1,A_core,0.0,0.4,0.3,1.0,0.0,1.0,1.0,sepsis,native,breakeven,75903035.6,1.027464,5.9,7.2,55.3,0.0,0.0,0.0,40.6,0.009,40.6,590689.4,always_compile_evict,1.0
h=0/q0=0.4/p=0.3/r=1/sig=0/cf=1,A_core,0.0,0.4,0.3,1.0,0.0,1.0,1.0,sepsis,native,breakeven_cap,75903035.6,1.027464,5.9,7.2,55.3,0.0,0.0,0.0,40.6,0.009,40.6,590689.4,always_compile_evict,1.0
h=0/q0=0.4/p=0.3/r=1/sig=0/cf=1,A_core,0.0,0.4,0.3,1.0,0.0,1.0,1.0,sepsis,native,offline_taxblind,66526302.133,0.900536,,,,,,,,,,,always_compile_evict,1.0
h=0/q0=0.4/p=0.3/r=1/sig=0/cf=1,A_core,0.0,0.4,0.3,1.0,0.0,1.0,1.0,sepsis,native,offline_opt_tax,67956290.578,0.919893,,,,,,,,,,,always_compile_evict,1.0
h=0/q0=0.4/p=0.3/r=1/sig=0/cf=1,A_core,0.0,0.4,0.3,1.0,0.0,1.0,1.0,wiki_A,autorpa_233k,always_reactive,5261420180.0,1.883288,0.0,0.0,0.0,0.0,0.0,0.0,0.0,0.005,0.0,0.0,always_compile_evict,1.0
h=0/q0=0.4/p=0.3/r=1/sig=0/cf=1,A_core,0.0,0.4,0.3,1.0,0.0,1.0,1.0,wiki_A,autorpa_233k,always_compile_evict,2637646793.2,0.944127,30.6,72.5,755.3,0.0,0.0,0.0,682.0,0.071,529.9,123466700.0,always_compile_evict,1.0
h=0/q0=0.4/p=0.3/r=1/sig=0/cf=1,A_core,0.0,0.4,0.3,1.0,0.0,1.0,1.0,wiki_A,autorpa_233k,ours_noinflate,2793741908.9,1.0,19.2,46.9,400.5,0.0,0.0,0.0,349.6,0.045,282.3,65775900.0,always_compile_evict,1.0
h=0/q0=0.4/p=0.3/r=1/sig=0/cf=1,A_core,0.0,0.4,0.3,1.0,0.0,1.0,1.0,wiki_A,autorpa_233k,oracle_tax,2594530659.7,0.928694,33.7,33.7,118.6,0.0,0.0,0.0,84.9,0.063,84.9,19781700.0,always_compile_evict,1.0
h=0/q0=0.4/p=0.3/r=1/sig=0/cf=1,A_core,0.0,0.4,0.3,1.0,0.0,1.0,1.0,wiki_A,autorpa_233k,ours_spend_cap,2794189325.3,1.00016,19.2,46.8,400.5,0.0,0.0,0.0,349.6,0.045,282.3,65775900.0,always_compile_evict,1.0
h=0/q0=0.4/p=0.3/r=1/sig=0/cf=1,A_core,0.0,0.4,0.3,1.0,0.0,1.0,1.0,wiki_A,autorpa_233k,ours_pi_prior,2941146856.3,1.052763,17.2,41.7,363.7,0.0,0.0,0.0,318.3,0.038,254.6,59321800.0,always_compile_evict,1.0
h=0/q0=0.4/p=0.3/r=1/sig=0/cf=1,A_core,0.0,0.4,0.3,1.0,0.0,1.0,1.0,wiki_A,autorpa_233k,ours_both,2941421985.7,1.052861,17.1,41.6,362.8,0.0,0.0,0.0,317.4,0.038,253.9,59158700.0,always_compile_evict,1.0
h=0/q0=0.4/p=0.3/r=1/sig=0/cf=1,A_core,0.0,0.4,0.3,1.0,0.0,1.0,1.0,wiki_A,autorpa_233k,breakeven,4322069420.5,1.547054,0.6,8.2,293.7,0.0,0.0,0.0,244.8,0.009,208.2,48510600.0,always_compile_evict,1.0
h=0/q0=0.4/p=0.3/r=1/sig=0/cf=1,A_core,0.0,0.4,0.3,1.0,0.0,1.0,1.0,wiki_A,autorpa_233k,breakeven_cap,4351042937.0,1.557425,0.3,7.8,283.9,0.0,0.0,0.0,237.4,0.008,201.6,46972800.0,always_compile_evict,1.0
h=0/q0=0.4/p=0.3/r=1/sig=0/cf=1,A_core,0.0,0.4,0.3,1.0,0.0,1.0,1.0,wiki_A,autorpa_233k,offline_taxblind,2372169828.0,0.849101,,,,,,,,,,,always_compile_evict,1.0
h=0/q0=0.4/p=0.3/r=1/sig=0/cf=1,A_core,0.0,0.4,0.3,1.0,0.0,1.0,1.0,wiki_A,autorpa_233k,offline_opt_tax,2445034333.558,0.875183,,,,,,,,,,,always_compile_evict,1.0
h=0/q0=0.4/p=0.3/r=1/sig=0/cf=1,A_core,0.0,0.4,0.3,1.0,0.0,1.0,1.0,wiki_A,native,always_reactive,5261420180.0,2.246224,0.0,0.0,0.0,0.0,0.0,0.0,0.0,0.005,0.0,0.0,always_compile_evict,1.0
h=0/q0=0.4/p=0.3/r=1/sig=0/cf=1,A_core,0.0,0.4,0.3,1.0,0.0,1.0,1.0,wiki_A,native,always_compile_evict,2342056470.9,0.999879,4.0,21.2,755.3,0.0,0.0,0.0,529.9,0.025,529.9,7709515.1,always_compile_evict,1.0
h=0/q0=0.4/p=0.3/r=1/sig=0/cf=1,A_core,0.0,0.4,0.3,1.0,0.0,1.0,1.0,wiki_A,native,ours_noinflate,2342339978.6,1.0,4.0,21.2,753.4,0.0,0.0,0.0,528.3,0.025,528.3,7686236.7,always_compile_evict,1.0
h=0/q0=0.4/p=0.3/r=1/sig=0/cf=1,A_core,0.0,0.4,0.3,1.0,0.0,1.0,1.0,wiki_A,native,oracle_tax,2567255802.6,1.096022,41.3,41.3,143.7,0.0,0.0,0.0,102.4,0.073,102.4,1489817.6,always_compile_evict,1.0
h=0/q0=0.4/p=0.3/r=1/sig=0/cf=1,A_core,0.0,0.4,0.3,1.0,0.0,1.0,1.0,wiki_A,native,ours_spend_cap,2342483629.5,1.000061,4.0,21.2,753.4,0.0,0.0,0.0,528.3,0.025,528.3,7686236.7,always_compile_evict,1.0
h=0/q0=0.4/p=0.3/r=1/sig=0/cf=1,A_core,0.0,0.4,0.3,1.0,0.0,1.0,1.0,wiki_A,native,ours_pi_prior,2343105817.3,1.000327,4.0,21.2,746.9,0.0,0.0,0.0,524.0,0.025,524.0,7623676.0,always_compile_evict,1.0
h=0/q0=0.4/p=0.3/r=1/sig=0/cf=1,A_core,0.0,0.4,0.3,1.0,0.0,1.0,1.0,wiki_A,native,ours_both,2343224544.0,1.000378,4.0,21.2,746.9,0.0,0.0,0.0,524.0,0.025,524.0,7623676.0,always_compile_evict,1.0
h=0/q0=0.4/p=0.3/r=1/sig=0/cf=1,A_core,0.0,0.4,0.3,1.0,0.0,1.0,1.0,wiki_A,native,breakeven,4335675237.3,1.851002,0.0,6.4,755.3,0.0,0.0,0.0,529.9,0.007,529.9,7709515.1,always_compile_evict,1.0
h=0/q0=0.4/p=0.3/r=1/sig=0/cf=1,A_core,0.0,0.4,0.3,1.0,0.0,1.0,1.0,wiki_A,native,breakeven_cap,4335663672.6,1.850997,0.0,6.4,755.2,0.0,0.0,0.0,529.8,0.007,529.8,7708060.2,always_compile_evict,1.0
h=0/q0=0.4/p=0.3/r=1/sig=0/cf=1,A_core,0.0,0.4,0.3,1.0,0.0,1.0,1.0,wiki_A,native,offline_taxblind,2248506639.333,0.95994,,,,,,,,,,,always_compile_evict,1.0
h=0/q0=0.4/p=0.3/r=1/sig=0/cf=1,A_core,0.0,0.4,0.3,1.0,0.0,1.0,1.0,wiki_A,native,offline_opt_tax,2272345397.918,0.970118,,,,,,,,,,,always_compile_evict,1.0
h=0/q0=0.4/p=0.3/r=1/sig=0/cf=1,A_core,0.0,0.4,0.3,1.0,0.0,1.0,1.0,wiki_B,autorpa_233k,always_reactive,7373315056.0,0.975169,0.0,0.0,0.0,0.0,0.0,0.0,0.0,0.005,0.0,0.0,always_reactive,0.90454
h=0/q0=0.4/p=0.3/r=1/sig=0/cf=1,A_core,0.0,0.4,0.3,1.0,0.0,1.0,1.0,wiki_B,autorpa_233k,always_compile_evict,8151453534.1,1.078083,147.1,165.3,3781.9,0.0,0.0,0.0,3656.4,0.129,2647.6,616890800.0,always_reactive,0.90454
h=0/q0=0.4/p=0.3/r=1/sig=0/cf=1,A_core,0.0,0.4,0.3,1.0,0.0,1.0,1.0,wiki_B,autorpa_233k,ours_noinflate,7561062925.8,1.0,115.7,129.8,1825.8,0.0,0.0,0.0,1744.6,0.088,1283.7,299102100.0,always_reactive,0.90454
h=0/q0=0.4/p=0.3/r=1/sig=0/cf=1,A_core,0.0,0.4,0.3,1.0,0.0,1.0,1.0,wiki_B,autorpa_233k,oracle_tax,7013308216.0,0.927556,26.0,26.0,86.5,0.0,0.0,0.0,60.5,0.028,60.5,14096500.0,always_reactive,0.90454
h=0/q0=0.4/p=0.3/r=1/sig=0/cf=1,A_core,0.0,0.4,0.3,1.0,0.0,1.0,1.0,wiki_B,autorpa_233k,ours_spend_cap,7560933023.9,0.999983,115.7,129.6,1825.8,0.0,0.0,0.0,1744.7,0.087,1283.7,299102100.0,always_reactive,0.90454
h=0/q0=0.4/p=0.3/r=1/sig=0/cf=1,A_core,0.0,0.4,0.3,1.0,0.0,1.0,1.0,wiki_B,autorpa_233k,ours_pi_prior,7534124960.6,0.996437,103.6,114.7,1636.3,0.0,0.0,0.0,1565.2,0.08,1152.1,268439300.0,always_reactive,0.90454
h=0/q0=0.4/p=0.3/r=1/sig=0/cf=1,A_core,0.0,0.4,0.3,1.0,0.0,1.0,1.0,wiki_B,autorpa_233k,ours_both,7532955000.9,0.996283,103.3,114.2,1635.0,0.0,0.0,0.0,1563.9,0.08,1151.3,268252900.0,always_reactive,0.90454
h=0/q0=0.4/p=0.3/r=1/sig=0/cf=1,A_core,0.0,0.4,0.3,1.0,0.0,1.0,1.0,wiki_B,autorpa_233k,breakeven,7470191242.2,0.987982,3.7,12.2,778.4,0.0,0.0,0.0,722.3,0.011,546.7,127381100.0,always_reactive,0.90454
h=0/q0=0.4/p=0.3/r=1/sig=0/cf=1,A_core,0.0,0.4,0.3,1.0,0.0,1.0,1.0,wiki_B,autorpa_233k,breakeven_cap,7469028124.4,0.987828,3.6,12.5,771.3,0.0,0.0,0.0,715.6,0.011,542.2,126332600.0,always_reactive,0.90454
h=0/q0=0.4/p=0.3/r=1/sig=0/cf=1,A_core,0.0,0.4,0.3,1.0,0.0,1.0,1.0,wiki_B,autorpa_233k,offline_taxblind,6550545006.133,0.866352,,,,,,,,,,,always_reactive,0.90454
h=0/q0=0.4/p=0.3/r=1/sig=0/cf=1,A_core,0.0,0.4,0.3,1.0,0.0,1.0,1.0,wiki_B,autorpa_233k,offline_opt_tax,6898912580.425,0.912426,,,,,,,,,,,always_reactive,0.90454
h=0/q0=0.4/p=0.3/r=1/sig=0/cf=1,A_core,0.0,0.4,0.3,1.0,0.0,1.0,1.0,wiki_B,native,always_reactive,7373315056.0,1.146463,0.0,0.0,0.0,0.0,0.0,0.0,0.0,0.005,0.0,0.0,always_compile_evict,1.0
h=0/q0=0.4/p=0.3/r=1/sig=0/cf=1,A_core,0.0,0.4,0.3,1.0,0.0,1.0,1.0,wiki_B,native,always_compile_evict,6431101935.1,0.99996,15.4,30.4,3781.9,0.0,0.0,0.0,2647.6,0.025,2647.6,38519932.4,always_compile_evict,1.0
h=0/q0=0.4/p=0.3/r=1/sig=0/cf=1,A_core,0.0,0.4,0.3,1.0,0.0,1.0,1.0,wiki_B,native,ours_noinflate,6431359635.6,1.0,15.4,30.3,3777.3,0.0,0.0,0.0,2644.2,0.025,2644.2,38470465.8,always_compile_evict,1.0
h=0/q0=0.4/p=0.3/r=1/sig=0/cf=1,A_core,0.0,0.4,0.3,1.0,0.0,1.0,1.0,wiki_B,native,oracle_tax,6992474857.1,1.087247,63.7,63.7,211.8,0.0,0.0,0.0,148.1,0.038,148.1,2154706.9,always_compile_evict,1.0
h=0/q0=0.4/p=0.3/r=1/sig=0/cf=1,A_core,0.0,0.4,0.3,1.0,0.0,1.0,1.0,wiki_B,native,ours_spend_cap,6431515029.2,1.000024,15.4,30.3,3777.3,0.0,0.0,0.0,2644.2,0.025,2644.2,38470465.8,always_compile_evict,1.0
h=0/q0=0.4/p=0.3/r=1/sig=0/cf=1,A_core,0.0,0.4,0.3,1.0,0.0,1.0,1.0,wiki_B,native,ours_pi_prior,6434121167.0,1.000429,15.4,30.3,3718.2,0.0,0.0,0.0,2603.2,0.025,2603.2,37873956.8,always_compile_evict,1.0
h=0/q0=0.4/p=0.3/r=1/sig=0/cf=1,A_core,0.0,0.4,0.3,1.0,0.0,1.0,1.0,wiki_B,native,ours_both,6434232580.7,1.000447,15.4,30.3,3718.2,0.0,0.0,0.0,2603.2,0.025,2603.2,37873956.8,always_compile_evict,1.0
h=0/q0=0.4/p=0.3/r=1/sig=0/cf=1,A_core,0.0,0.4,0.3,1.0,0.0,1.0,1.0,wiki_B,native,breakeven,7326858124.1,1.139239,0.0,7.6,3781.9,0.0,0.0,0.0,2647.6,0.006,2647.6,38519932.4,always_compile_evict,1.0
h=0/q0=0.4/p=0.3/r=1/sig=0/cf=1,A_core,0.0,0.4,0.3,1.0,0.0,1.0,1.0,wiki_B,native,breakeven_cap,7326862651.4,1.13924,0.0,7.6,3781.3,0.0,0.0,0.0,2647.2,0.006,2647.2,38514112.8,always_compile_evict,1.0
h=0/q0=0.4/p=0.3/r=1/sig=0/cf=1,A_core,0.0,0.4,0.3,1.0,0.0,1.0,1.0,wiki_B,native,offline_taxblind,5838004711.332,0.90774,,,,,,,,,,,always_compile_evict,1.0
h=0/q0=0.4/p=0.3/r=1/sig=0/cf=1,A_core,0.0,0.4,0.3,1.0,0.0,1.0,1.0,wiki_B,native,offline_opt_tax,5890194886.259,0.915855,,,,,,,,,,,always_compile_evict,1.0
h=0/q0=0.4/p=0.3/r=1/sig=0/cf=2.08299,A_core,0.0,0.4,0.3,1.0,0.0,1.0,2.0829936590907905,bpi2019,autorpa_233k,always_reactive,19497801224.0,1.56006,0.0,0.0,0.0,0.0,0.0,0.0,0.0,0.005,0.0,0.0,ours_noinflate,0.949435
h=0/q0=0.4/p=0.3/r=1/sig=0/cf=2.08299,A_core,0.0,0.4,0.3,1.0,0.0,1.0,2.0829936590907905,bpi2019,autorpa_233k,always_compile_evict,13163736054.806,1.053258,99.5,153.4,4453.6,0.0,0.0,0.0,4246.9,0.205,3117.5,1513039726.606,ours_noinflate,0.949435
h=0/q0=0.4/p=0.3/r=1/sig=0/cf=2.08299,A_core,0.0,0.4,0.3,1.0,0.0,1.0,2.0829936590907905,bpi2019,autorpa_233k,ours_noinflate,12498108911.028,1.0,83.4,120.8,2191.6,0.0,0.0,0.0,2073.5,0.167,1534.4,744701894.629,ours_noinflate,0.949435
h=0/q0=0.4/p=0.3/r=1/sig=0/cf=2.08299,A_core,0.0,0.4,0.3,1.0,0.0,1.0,2.0829936590907905,bpi2019,autorpa_233k,oracle_tax,10839476872.697,0.867289,81.4,81.4,271.8,0.0,0.0,0.0,190.4,0.098,190.4,92408264.297,ours_noinflate,0.949435
h=0/q0=0.4/p=0.3/r=1/sig=0/cf=2.08299,A_core,0.0,0.4,0.3,1.0,0.0,1.0,2.0829936590907905,bpi2019,autorpa_233k,ours_spend_cap,13281290422.811,1.062664,74.8,109.9,2064.6,0.0,0.0,0.0,1958.1,0.144,1445.0,701312720.111,ours_noinflate,0.949435
h=0/q0=0.4/p=0.3/r=1/sig=0/cf=2.08299,A_core,0.0,0.4,0.3,1.0,0.0,1.0,2.0829936590907905,bpi2019,autorpa_233k,ours_pi_prior,14813893296.0,1.185291,77.6,106.5,1934.6,0.0,0.0,0.0,1835.4,0.127,1353.7,657001404.301,ours_noinflate,0.949435
h=0/q0=0.4/p=0.3/r=1/sig=0/cf=2.08299,A_core,0.0,0.4,0.3,1.0,0.0,1.0,2.0829936590907905,bpi2019,autorpa_233k,ours_both,14980091047.695,1.198589,68.8,97.8,1800.6,0.0,0.0,0.0,1713.2,0.114,1258.2,610651670.895,ours_noinflate,0.949435
h=0/q0=0.4/p=0.3/r=1/sig=0/cf=2.08299,A_core,0.0,0.4,0.3,1.0,0.0,1.0,2.0829936590907905,bpi2019,autorpa_233k,breakeven,19831778753.309,1.586782,1.1,13.0,1345.2,0.0,0.0,0.0,1258.7,0.009,944.2,458255688.809,ours_noinflate,0.949435
h=0/q0=0.4/p=0.3/r=1/sig=0/cf=2.08299,A_core,0.0,0.4,0.3,1.0,0.0,1.0,2.0829936590907905,bpi2019,autorpa_233k,breakeven_cap,19817298317.77,1.585624,1.1,11.7,1203.2,0.0,0.0,0.0,1132.9,0.009,845.0,410110206.57,ours_noinflate,0.949435
h=0/q0=0.4/p=0.3/r=1/sig=0/cf=2.08299,A_core,0.0,0.4,0.3,1.0,0.0,1.0,2.0829936590907905,bpi2019,autorpa_233k,offline_taxblind,9140652667.468,0.731363,,,,,,,,,,,ours_noinflate,0.949435
h=0/q0=0.4/p=0.3/r=1/sig=0/cf=2.08299,A_core,0.0,0.4,0.3,1.0,0.0,1.0,2.0829936590907905,bpi2019,autorpa_233k,offline_opt_tax,10267947289.283,0.82156,,,,,,,,,,,ours_noinflate,0.949435
h=0/q0=0.4/p=0.3/r=1/sig=0/cf=2.08299,A_core,0.0,0.4,0.3,1.0,0.0,1.0,2.0829936590907905,bpi2019,native,always_reactive,19497801224.0,2.136299,0.0,0.0,0.0,0.0,0.0,0.0,0.0,0.005,0.0,0.0,always_compile_evict,1.0
h=0/q0=0.4/p=0.3/r=1/sig=0/cf=2.08299,A_core,0.0,0.4,0.3,1.0,0.0,1.0,2.0829936590907905,bpi2019,native,always_compile_evict,9124696267.721,0.999758,8.0,28.2,4453.6,0.0,0.0,0.0,3117.5,0.041,3117.5,94477317.521,always_compile_evict,1.0
h=0/q0=0.4/p=0.3/r=1/sig=0/cf=2.08299,A_core,0.0,0.4,0.3,1.0,0.0,1.0,2.0829936590907905,bpi2019,native,ours_noinflate,9126908379.511,1.0,8.0,28.2,4397.8,0.0,0.0,0.0,3078.3,0.041,3078.3,93289342.911,always_compile_evict,1.0
h=0/q0=0.4/p=0.3/r=1/sig=0/cf=2.08299,A_core,0.0,0.4,0.3,1.0,0.0,1.0,2.0829936590907905,bpi2019,native,oracle_tax,10738196107.081,1.176543,98.1,98.1,322.6,0.0,0.0,0.0,224.5,0.102,224.5,6803579.081,always_compile_evict,1.0
h=0/q0=0.4/p=0.3/r=1/sig=0/cf=2.08299,A_core,0.0,0.4,0.3,1.0,0.0,1.0,2.0829936590907905,bpi2019,native,ours_spend_cap,9129900603.264,1.000328,8.0,28.2,4392.4,0.0,0.0,0.0,3074.2,0.041,3074.2,93165090.464,always_compile_evict,1.0
h=0/q0=0.4/p=0.3/r=1/sig=0/cf=2.08299,A_core,0.0,0.4,0.3,1.0,0.0,1.0,2.0829936590907905,bpi2019,native,ours_pi_prior,9133570513.92,1.00073,8.0,28.2,4303.6,0.0,0.0,0.0,3012.6,0.041,3012.6,91298273.22,always_compile_evict,1.0
h=0/q0=0.4/p=0.3/r=1/sig=0/cf=2.08299,A_core,0.0,0.4,0.3,1.0,0.0,1.0,2.0829936590907905,bpi2019,native,ours_both,9136049367.721,1.001002,8.0,28.2,4298.5,0.0,0.0,0.0,3008.6,0.041,3008.6,91177051.321,always_compile_evict,1.0
h=0/q0=0.4/p=0.3/r=1/sig=0/cf=2.08299,A_core,0.0,0.4,0.3,1.0,0.0,1.0,2.0829936590907905,bpi2019,native,breakeven,19419874257.422,2.12776,0.0,6.4,4453.6,0.0,0.0,0.0,3117.5,0.005,3117.5,94477317.521,always_compile_evict,1.0
h=0/q0=0.4/p=0.3/r=1/sig=0/cf=2.08299,A_core,0.0,0.4,0.3,1.0,0.0,1.0,2.0829936590907905,bpi2019,native,breakeven_cap,19419737735.802,2.127745,0.0,6.3,4441.6,0.0,0.0,0.0,3108.4,0.005,3108.4,94201537.701,always_compile_evict,1.0
h=0/q0=0.4/p=0.3/r=1/sig=0/cf=2.08299,A_core,0.0,0.4,0.3,1.0,0.0,1.0,2.0829936590907905,bpi2019,native,offline_taxblind,8453520316.135,0.926219,,,,,,,,,,,always_compile_evict,1.0
h=0/q0=0.4/p=0.3/r=1/sig=0/cf=2.08299,A_core,0.0,0.4,0.3,1.0,0.0,1.0,2.0829936590907905,bpi2019,native,offline_opt_tax,8676596894.2,0.950661,,,,,,,,,,,always_compile_evict,1.0
h=0/q0=0.4/p=0.3/r=1/sig=0/cf=2.08299,A_core,0.0,0.4,0.3,1.0,0.0,1.0,2.0829936590907905,sepsis,autorpa_233k,always_reactive,77101119.0,0.954133,0.0,0.0,0.0,0.0,0.0,0.0,0.0,0.005,0.0,0.0,always_reactive,0.800563
h=0/q0=0.4/p=0.3/r=1/sig=0/cf=2.08299,A_core,0.0,0.4,0.3,1.0,0.0,1.0,2.0829936590907905,sepsis,autorpa_233k,always_compile_evict,96308565.116,1.191827,13.5,13.8,55.3,0.0,0.0,0.0,50.7,0.01,40.6,19704703.416,always_reactive,0.800563
h=0/q0=0.4/p=0.3/r=1/sig=0/cf=2.08299,A_core,0.0,0.4,0.3,1.0,0.0,1.0,2.0829936590907905,sepsis,autorpa_233k,ours_noinflate,80807475.546,1.0,3.2,3.2,11.9,0.0,0.0,0.0,9.4,0.006,8.7,4222436.446,always_reactive,0.800563
h=0/q0=0.4/p=0.3/r=1/sig=0/cf=2.08299,A_core,0.0,0.4,0.3,1.0,0.0,1.0,2.0829936590907905,sepsis,autorpa_233k,oracle_tax,77688854.595,0.961407,1.8,1.8,6.0,0.0,0.0,0.0,4.2,0.007,4.2,2038417.595,always_reactive,0.800563
h=0/q0=0.4/p=0.3/r=1/sig=0/cf=2.08299,A_core,0.0,0.4,0.3,1.0,0.0,1.0,2.0829936590907905,sepsis,autorpa_233k,ours_spend_cap,80524858.133,0.996503,3.0,3.0,11.1,0.0,0.0,0.0,8.9,0.006,8.1,3931233.933,always_reactive,0.800563
h=0/q0=0.4/p=0.3/r=1/sig=0/cf=2.08299,A_core,0.0,0.4,0.3,1.0,0.0,1.0,2.0829936590907905,sepsis,autorpa_233k,ours_pi_prior,81365274.273,1.006903,3.3,3.3,13.2,0.0,0.0,0.0,11.0,0.006,9.9,4804841.473,always_reactive,0.800563
h=0/q0=0.4/p=0.3/r=1/sig=0/cf=2.08299,A_core,0.0,0.4,0.3,1.0,0.0,1.0,2.0829936590907905,sepsis,autorpa_233k,ours_both,80529853.781,0.996564,2.9,2.9,10.9,0.0,0.0,0.0,9.0,0.006,8.0,3882700.181,always_reactive,0.800563
h=0/q0=0.4/p=0.3/r=1/sig=0/cf=2.08299,A_core,0.0,0.4,0.3,1.0,0.0,1.0,2.0829936590907905,sepsis,autorpa_233k,breakeven,79941027.497,0.989278,2.4,2.5,9.1,0.0,0.0,0.0,7.9,0.006,6.5,3154693.897,always_reactive,0.800563
h=0/q0=0.4/p=0.3/r=1/sig=0/cf=2.08299,A_core,0.0,0.4,0.3,1.0,0.0,1.0,2.0829936590907905,sepsis,autorpa_233k,breakeven_cap,79792878.592,0.987444,2.1,2.2,8.6,0.0,0.0,0.0,7.4,0.006,6.3,3057626.392,always_reactive,0.800563
h=0/q0=0.4/p=0.3/r=1/sig=0/cf=2.08299,A_core,0.0,0.4,0.3,1.0,0.0,1.0,2.0829936590907905,sepsis,autorpa_233k,offline_taxblind,75956144.6,0.939964,,,,,,,,,,,always_reactive,0.800563
h=0/q0=0.4/p=0.3/r=1/sig=0/cf=2.08299,A_core,0.0,0.4,0.3,1.0,0.0,1.0,2.0829936590907905,sepsis,autorpa_233k,offline_opt_tax,76159208.133,0.942477,,,,,,,,,,,always_reactive,0.800563
h=0/q0=0.4/p=0.3/r=1/sig=0/cf=2.08299,A_core,0.0,0.4,0.3,1.0,0.0,1.0,2.0829936590907905,sepsis,native,always_reactive,77101119.0,1.034722,0.0,0.0,0.0,0.0,0.0,0.0,0.0,0.005,0.0,0.0,always_compile_evict,1.0
h=0/q0=0.4/p=0.3/r=1/sig=0/cf=2.08299,A_core,0.0,0.4,0.3,1.0,0.0,1.0,2.0829936590907905,sepsis,native,always_compile_evict,74513870.675,1.0,9.2,11.0,55.3,0.0,0.0,0.0,40.6,0.012,40.6,1230402.275,always_compile_evict,1.0
h=0/q0=0.4/p=0.3/r=1/sig=0/cf=2.08299,A_core,0.0,0.4,0.3,1.0,0.0,1.0,2.0829936590907905,sepsis,native,ours_noinflate,74513870.675,1.0,9.2,11.0,55.3,0.0,0.0,0.0,40.6,0.012,40.6,1230402.275,always_compile_evict,1.0
h=0/q0=0.4/p=0.3/r=1/sig=0/cf=2.08299,A_core,0.0,0.4,0.3,1.0,0.0,1.0,2.0829936590907905,sepsis,native,oracle_tax,74162073.239,0.995279,8.2,8.2,30.4,0.0,0.0,0.0,22.2,0.011,22.2,672781.539,always_compile_evict,1.0
h=0/q0=0.4/p=0.3/r=1/sig=0/cf=2.08299,A_core,0.0,0.4,0.3,1.0,0.0,1.0,2.0829936590907905,sepsis,native,ours_spend_cap,74519162.175,1.000071,9.2,11.0,55.3,0.0,0.0,0.0,40.6,0.012,40.6,1230402.275,always_compile_evict,1.0
h=0/q0=0.4/p=0.3/r=1/sig=0/cf=2.08299,A_core,0.0,0.4,0.3,1.0,0.0,1.0,2.0829936590907905,sepsis,native,ours_pi_prior,74514024.38,1.000002,9.1,10.5,55.0,0.0,0.0,0.0,40.4,0.011,40.4,1224341.18,always_compile_evict,1.0
h=0/q0=0.4/p=0.3/r=1/sig=0/cf=2.08299,A_core,0.0,0.4,0.3,1.0,0.0,1.0,2.0829936590907905,sepsis,native,ours_both,74519315.88,1.000073,9.1,10.5,55.0,0.0,0.0,0.0,40.4,0.011,40.4,1224341.18,always_compile_evict,1.0
h=0/q0=0.4/p=0.3/r=1/sig=0/cf=2.08299,A_core,0.0,0.4,0.3,1.0,0.0,1.0,2.0829936590907905,sepsis,native,breakeven,76542748.475,1.027228,5.9,7.2,55.3,0.0,0.0,0.0,40.6,0.009,40.6,1230402.275,always_compile_evict,1.0
h=0/q0=0.4/p=0.3/r=1/sig=0/cf=2.08299,A_core,0.0,0.4,0.3,1.0,0.0,1.0,2.0829936590907905,sepsis,native,breakeven_cap,76542748.475,1.027228,5.9,7.2,55.3,0.0,0.0,0.0,40.6,0.009,40.6,1230402.275,always_compile_evict,1.0
h=0/q0=0.4/p=0.3/r=1/sig=0/cf=2.08299,A_core,0.0,0.4,0.3,1.0,0.0,1.0,2.0829936590907905,sepsis,native,offline_taxblind,66526302.133,0.892804,,,,,,,,,,,always_compile_evict,1.0
h=0/q0=0.4/p=0.3/r=1/sig=0/cf=2.08299,A_core,0.0,0.4,0.3,1.0,0.0,1.0,2.0829936590907905,sepsis,native,offline_opt_tax,67956290.578,0.911995,,,,,,,,,,,always_compile_evict,1.0
h=0/q0=0.4/p=0.3/r=1/sig=0/cf=2.08299,A_core,0.0,0.4,0.3,1.0,0.0,1.0,2.0829936590907905,wiki_A,autorpa_233k,always_reactive,5261420180.0,1.836462,0.0,0.0,0.0,0.0,0.0,0.0,0.0,0.005,0.0,0.0,always_compile_evict,1.0
h=0/q0=0.4/p=0.3/r=1/sig=0/cf=2.08299,A_core,0.0,0.4,0.3,1.0,0.0,1.0,2.0829936590907905,wiki_A,autorpa_233k,always_compile_evict,2771360446.409,0.967324,30.6,72.5,755.3,0.0,0.0,0.0,682.0,0.068,529.9,257180353.209,always_compile_evict,1.0
h=0/q0=0.4/p=0.3/r=1/sig=0/cf=2.08299,A_core,0.0,0.4,0.3,1.0,0.0,1.0,2.0829936590907905,wiki_A,autorpa_233k,ours_noinflate,2864976791.521,1.0,19.2,46.9,400.5,0.0,0.0,0.0,349.6,0.044,282.3,137010782.621,always_compile_evict,1.0
h=0/q0=0.4/p=0.3/r=1/sig=0/cf=2.08299,A_core,0.0,0.4,0.3,1.0,0.0,1.0,2.0829936590907905,wiki_A,autorpa_233k,oracle_tax,2615954115.366,0.91308,33.7,33.7,118.6,0.0,0.0,0.0,84.9,0.062,84.9,41205155.666,always_compile_evict,1.0
h=0/q0=0.4/p=0.3/r=1/sig=0/cf=2.08299,A_core,0.0,0.4,0.3,1.0,0.0,1.0,2.0829936590907905,wiki_A,autorpa_233k,ours_spend_cap,3466861354.759,1.210084,17.4,43.0,369.7,0.0,0.0,0.0,324.1,0.034,259.6,125993620.859,always_compile_evict,1.0
h=0/q0=0.4/p=0.3/r=1/sig=0/cf=2.08299,A_core,0.0,0.4,0.3,1.0,0.0,1.0,2.0829936590907905,wiki_A,autorpa_233k,ours_pi_prior,3005391989.546,1.049011,17.2,41.7,363.7,0.0,0.0,0.0,318.3,0.037,254.6,123566933.246,always_compile_evict,1.0
h=0/q0=0.4/p=0.3/r=1/sig=0/cf=2.08299,A_core,0.0,0.4,0.3,1.0,0.0,1.0,2.0829936590907905,wiki_A,autorpa_233k,ours_both,3562833896.786,1.243582,15.3,37.2,329.7,0.0,0.0,0.0,289.4,0.03,229.8,111530562.686,always_compile_evict,1.0
h=0/q0=0.4/p=0.3/r=1/sig=0/cf=2.08299,A_core,0.0,0.4,0.3,1.0,0.0,1.0,2.0829936590907905,wiki_A,autorpa_233k,breakeven,4374606092.699,1.526925,0.6,8.2,293.7,0.0,0.0,0.0,244.8,0.008,208.2,101047272.199,always_compile_evict,1.0
h=0/q0=0.4/p=0.3/r=1/sig=0/cf=2.08299,A_core,0.0,0.4,0.3,1.0,0.0,1.0,2.0829936590907905,wiki_A,autorpa_233k,breakeven_cap,4578033550.342,1.59793,0.3,7.6,250.5,0.0,0.0,0.0,210.5,0.008,176.9,85856207.742,always_compile_evict,1.0
h=0/q0=0.4/p=0.3/r=1/sig=0/cf=2.08299,A_core,0.0,0.4,0.3,1.0,0.0,1.0,2.0829936590907905,wiki_A,autorpa_233k,offline_taxblind,2372169828.0,0.827989,,,,,,,,,,,always_compile_evict,1.0
h=0/q0=0.4/p=0.3/r=1/sig=0/cf=2.08299,A_core,0.0,0.4,0.3,1.0,0.0,1.0,2.0829936590907905,wiki_A,autorpa_233k,offline_opt_tax,2445034333.558,0.853422,,,,,,,,,,,always_compile_evict,1.0
h=0/q0=0.4/p=0.3/r=1/sig=0/cf=2.08299,A_core,0.0,0.4,0.3,1.0,0.0,1.0,2.0829936590907905,wiki_A,native,always_reactive,5261420180.0,2.23827,0.0,0.0,0.0,0.0,0.0,0.0,0.0,0.005,0.0,0.0,always_compile_evict,1.0
h=0/q0=0.4/p=0.3/r=1/sig=0/cf=2.08299,A_core,0.0,0.4,0.3,1.0,0.0,1.0,2.0829936590907905,wiki_A,native,always_compile_evict,2350405826.868,0.99989,4.0,21.2,755.3,0.0,0.0,0.0,529.9,0.025,529.9,16058871.068,always_compile_evict,1.0
h=0/q0=0.4/p=0.3/r=1/sig=0/cf=2.08299,A_core,0.0,0.4,0.3,1.0,0.0,1.0,2.0829936590907905,wiki_A,native,ours_noinflate,2350664124.208,1.0,4.0,21.2,753.4,0.0,0.0,0.0,528.3,0.025,528.3,16010382.308,always_compile_evict,1.0
h=0/q0=0.4/p=0.3/r=1/sig=0/cf=2.08299,A_core,0.0,0.4,0.3,1.0,0.0,1.0,2.0829936590907905,wiki_A,native,oracle_tax,2568869265.614,1.092827,41.3,41.3,143.7,0.0,0.0,0.0,102.4,0.073,102.4,3103280.614,always_compile_evict,1.0
h=0/q0=0.4/p=0.3/r=1/sig=0/cf=2.08299,A_core,0.0,0.4,0.3,1.0,0.0,1.0,2.0829936590907905,wiki_A,native,ours_spend_cap,2351926528.771,1.000537,4.0,21.2,752.7,0.0,0.0,0.0,527.8,0.024,527.8,15995229.571,always_compile_evict,1.0
h=0/q0=0.4/p=0.3/r=1/sig=0/cf=2.08299,A_core,0.0,0.4,0.3,1.0,0.0,1.0,2.0829936590907905,wiki_A,native,ours_pi_prior,2351362210.067,1.000297,4.0,21.2,746.9,0.0,0.0,0.0,524.0,0.024,524.0,15880068.767,always_compile_evict,1.0
h=0/q0=0.4/p=0.3/r=1/sig=0/cf=2.08299,A_core,0.0,0.4,0.3,1.0,0.0,1.0,2.0829936590907905,wiki_A,native,ours_both,2352523501.277,1.000791,4.0,21.2,746.3,0.0,0.0,0.0,523.6,0.024,523.6,15867946.577,always_compile_evict,1.0
h=0/q0=0.4/p=0.3/r=1/sig=0/cf=2.08299,A_core,0.0,0.4,0.3,1.0,0.0,1.0,2.0829936590907905,wiki_A,native,breakeven,4344024593.268,1.847999,0.0,6.4,755.3,0.0,0.0,0.0,529.9,0.007,529.9,16058871.068,always_compile_evict,1.0
h=0/q0=0.4/p=0.3/r=1/sig=0/cf=2.08299,A_core,0.0,0.4,0.3,1.0,0.0,1.0,2.0829936590907905,wiki_A,native,breakeven_cap,4343977052.936,1.847979,0.0,6.4,754.4,0.0,0.0,0.0,529.2,0.007,529.2,16037657.236,always_compile_evict,1.0
h=0/q0=0.4/p=0.3/r=1/sig=0/cf=2.08299,A_core,0.0,0.4,0.3,1.0,0.0,1.0,2.0829936590907905,wiki_A,native,offline_taxblind,2248506639.333,0.956541,,,,,,,,,,,always_compile_evict,1.0
h=0/q0=0.4/p=0.3/r=1/sig=0/cf=2.08299,A_core,0.0,0.4,0.3,1.0,0.0,1.0,2.0829936590907905,wiki_A,native,offline_opt_tax,2272345397.918,0.966682,,,,,,,,,,,always_compile_evict,1.0
h=0/q0=0.4/p=0.3/r=1/sig=0/cf=2.08299,A_core,0.0,0.4,0.3,1.0,0.0,1.0,2.0829936590907905,wiki_B,autorpa_233k,always_reactive,7373315056.0,0.935108,0.0,0.0,0.0,0.0,0.0,0.0,0.0,0.005,0.0,0.0,always_reactive,0.83602
h=0/q0=0.4/p=0.3/r=1/sig=0/cf=2.08299,A_core,0.0,0.4,0.3,1.0,0.0,1.0,2.0829936590907905,wiki_B,autorpa_233k,always_compile_evict,8819542358.851,1.118523,147.1,165.3,3781.9,0.0,0.0,0.0,3656.4,0.12,2647.6,1284979624.751,always_reactive,0.83602
h=0/q0=0.4/p=0.3/r=1/sig=0/cf=2.08299,A_core,0.0,0.4,0.3,1.0,0.0,1.0,2.0829936590907905,wiki_B,autorpa_233k,ours_noinflate,7884988603.521,1.0,115.7,129.8,1825.8,0.0,0.0,0.0,1744.6,0.084,1283.7,623027777.721,always_reactive,0.83602
h=0/q0=0.4/p=0.3/r=1/sig=0/cf=2.08299,A_core,0.0,0.4,0.3,1.0,0.0,1.0,2.0829936590907905,wiki_B,autorpa_233k,oracle_tax,7028574636.115,0.891387,26.0,26.0,86.5,0.0,0.0,0.0,60.5,0.028,60.5,29362920.115,always_reactive,0.83602
h=0/q0=0.4/p=0.3/r=1/sig=0/cf=2.08299,A_core,0.0,0.4,0.3,1.0,0.0,1.0,2.0829936590907905,wiki_B,autorpa_233k,ours_spend_cap,7889952376.998,1.00063,107.1,120.0,1741.5,0.0,0.0,0.0,1668.3,0.077,1225.1,594586998.898,always_reactive,0.83602
h=0/q0=0.4/p=0.3/r=1/sig=0/cf=2.08299,A_core,0.0,0.4,0.3,1.0,0.0,1.0,2.0829936590907905,wiki_B,autorpa_233k,ours_pi_prior,7824843020.351,0.992372,103.6,114.7,1636.3,0.0,0.0,0.0,1565.2,0.077,1152.1,559157359.751,always_reactive,0.83602
h=0/q0=0.4/p=0.3/r=1/sig=0/cf=2.08299,A_core,0.0,0.4,0.3,1.0,0.0,1.0,2.0829936590907905,wiki_B,autorpa_233k,ours_both,7813363466.497,0.990916,94.4,104.6,1543.6,0.0,0.0,0.0,1480.6,0.071,1087.7,527901623.297,always_reactive,0.83602
h=0/q0=0.4/p=0.3/r=1/sig=0/cf=2.08299,A_core,0.0,0.4,0.3,1.0,0.0,1.0,2.0829936590907905,wiki_B,autorpa_233k,breakeven,7608144165.788,0.96489,3.7,12.2,778.4,0.0,0.0,0.0,722.3,0.01,546.7,265334023.588,always_reactive,0.83602
h=0/q0=0.4/p=0.3/r=1/sig=0/cf=2.08299,A_core,0.0,0.4,0.3,1.0,0.0,1.0,2.0829936590907905,wiki_B,autorpa_233k,breakeven_cap,7601795437.405,0.964085,3.5,11.9,723.7,0.0,0.0,0.0,676.0,0.01,509.8,247425069.005,always_reactive,0.83602
h=0/q0=0.4/p=0.3/r=1/sig=0/cf=2.08299,A_core,0.0,0.4,0.3,1.0,0.0,1.0,2.0829936590907905,wiki_B,autorpa_233k,offline_taxblind,6550545006.133,0.830762,,,,,,,,,,,always_reactive,0.83602
h=0/q0=0.4/p=0.3/r=1/sig=0/cf=2.08299,A_core,0.0,0.4,0.3,1.0,0.0,1.0,2.0829936590907905,wiki_B,autorpa_233k,offline_opt_tax,6898912580.425,0.874943,,,,,,,,,,,always_reactive,0.83602
h=0/q0=0.4/p=0.3/r=1/sig=0/cf=2.08299,A_core,0.0,0.4,0.3,1.0,0.0,1.0,2.0829936590907905,wiki_B,native,always_reactive,7373315056.0,1.139084,0.0,0.0,0.0,0.0,0.0,0.0,0.0,0.005,0.0,0.0,always_compile_evict,1.0
h=0/q0=0.4/p=0.3/r=1/sig=0/cf=2.08299,A_core,0.0,0.4,0.3,1.0,0.0,1.0,2.0829936590907905,wiki_B,native,always_compile_evict,6472818777.638,0.999968,15.4,30.4,3781.9,0.0,0.0,0.0,2647.6,0.025,2647.6,80236774.938,always_compile_evict,1.0
h=0/q0=0.4/p=0.3/r=1/sig=0/cf=2.08299,A_core,0.0,0.4,0.3,1.0,0.0,1.0,2.0829936590907905,wiki_B,native,ours_noinflate,6473022906.124,1.0,15.4,30.3,3777.3,0.0,0.0,0.0,2644.2,0.025,2644.2,80133736.324,always_compile_evict,1.0
h=0/q0=0.4/p=0.3/r=1/sig=0/cf=2.08299,A_core,0.0,0.4,0.3,1.0,0.0,1.0,2.0829936590907905,wiki_B,native,oracle_tax,6994808391.01,1.080609,63.7,63.7,211.8,0.0,0.0,0.0,148.1,0.038,148.1,4488240.81,always_compile_evict,1.0
h=0/q0=0.4/p=0.3/r=1/sig=0/cf=2.08299,A_core,0.0,0.4,0.3,1.0,0.0,1.0,2.0829936590907905,wiki_B,native,ours_spend_cap,6474644392.03,1.00025,15.4,30.3,3770.4,0.0,0.0,0.0,2640.0,0.025,2640.0,80006453.33,always_compile_evict,1.0
h=0/q0=0.4/p=0.3/r=1/sig=0/cf=2.08299,A_core,0.0,0.4,0.3,1.0,0.0,1.0,2.0829936590907905,wiki_B,native,ours_pi_prior,6475138422.059,1.000327,15.4,30.3,3718.2,0.0,0.0,0.0,2603.2,0.025,2603.2,78891211.859,always_compile_evict,1.0
h=0/q0=0.4/p=0.3/r=1/sig=0/cf=2.08299,A_core,0.0,0.4,0.3,1.0,0.0,1.0,2.0829936590907905,wiki_B,native,ours_both,6476574195.807,1.000549,15.4,30.3,3712.5,0.0,0.0,0.0,2599.3,0.025,2599.3,78773020.508,always_compile_evict,1.0
h=0/q0=0.4/p=0.3/r=1/sig=0/cf=2.08299,A_core,0.0,0.4,0.3,1.0,0.0,1.0,2.0829936590907905,wiki_B,native,breakeven,7368574966.638,1.138351,0.0,7.6,3781.9,0.0,0.0,0.0,2647.6,0.006,2647.6,80236774.938,always_compile_evict,1.0
h=0/q0=0.4/p=0.3/r=1/sig=0/cf=2.08299,A_core,0.0,0.4,0.3,1.0,0.0,1.0,2.0829936590907905,wiki_B,native,breakeven_cap,7368498746.057,1.13834,0.0,7.6,3771.5,0.0,0.0,0.0,2640.9,0.006,2640.9,80033728.257,always_compile_evict,1.0
h=0/q0=0.4/p=0.3/r=1/sig=0/cf=2.08299,A_core,0.0,0.4,0.3,1.0,0.0,1.0,2.0829936590907905,wiki_B,native,offline_taxblind,5838004711.332,0.901898,,,,,,,,,,,always_compile_evict,1.0
h=0/q0=0.4/p=0.3/r=1/sig=0/cf=2.08299,A_core,0.0,0.4,0.3,1.0,0.0,1.0,2.0829936590907905,wiki_B,native,offline_opt_tax,5890194886.259,0.90996,,,,,,,,,,,always_compile_evict,1.0
h=0/q0=0.4/p=0.5/r=1/sig=0/cf=1,A_core,0.0,0.4,0.5,1.0,0.0,1.0,1.0,bpi2019,autorpa_233k,always_reactive,19497801224.0,1.7416,0.0,0.0,0.0,0.0,0.0,0.0,0.0,0.005,0.0,0.0,ours_noinflate,0.987758
h=0/q0=0.4/p=0.5/r=1/sig=0/cf=1,A_core,0.0,0.4,0.5,1.0,0.0,1.0,1.0,bpi2019,autorpa_233k,always_compile_evict,11334088624.5,1.012393,85.5,122.7,3163.6,0.0,0.0,0.0,2883.6,0.179,1580.2,368186600.0,ours_noinflate,0.987758
h=0/q0=0.4/p=0.5/r=1/sig=0/cf=1,A_core,0.0,0.4,0.5,1.0,0.0,1.0,1.0,bpi2019,autorpa_233k,ours_noinflate,11195339737.9,1.0,79.9,107.9,1612.1,0.0,0.0,0.0,1447.5,0.16,804.9,187541700.0,ours_noinflate,0.987758
h=0/q0=0.4/p=0.5/r=1/sig=0/cf=1,A_core,0.0,0.4,0.5,1.0,0.0,1.0,1.0,bpi2019,autorpa_233k,oracle_tax,10777089771.8,0.962641,86.9,86.9,176.8,0.0,0.0,0.0,89.9,0.1,89.9,20946700.0,ours_noinflate,0.987758
h=0/q0=0.4/p=0.5/r=1/sig=0/cf=1,A_core,0.0,0.4,0.5,1.0,0.0,1.0,1.0,bpi2019,autorpa_233k,ours_spend_cap,11195400965.1,1.000005,79.9,107.9,1612.1,0.0,0.0,0.0,1447.5,0.16,804.9,187541700.0,ours_noinflate,0.987758
h=0/q0=0.4/p=0.5/r=1/sig=0/cf=1,A_core,0.0,0.4,0.5,1.0,0.0,1.0,1.0,bpi2019,autorpa_233k,ours_pi_prior,12588190984.7,1.124413,73.4,96.6,1457.9,0.0,0.0,0.0,1313.4,0.13,728.4,169717200.0,ours_noinflate,0.987758
h=0/q0=0.4/p=0.5/r=1/sig=0/cf=1,A_core,0.0,0.4,0.5,1.0,0.0,1.0,1.0,bpi2019,autorpa_233k,ours_both,12593911905.5,1.124924,73.4,96.6,1457.8,0.0,0.0,0.0,1313.7,0.13,728.4,169717200.0,ours_noinflate,0.987758
h=0/q0=0.4/p=0.5/r=1/sig=0/cf=1,A_core,0.0,0.4,0.5,1.0,0.0,1.0,1.0,bpi2019,autorpa_233k,breakeven,19592566688.8,1.750065,1.3,9.6,958.9,0.0,0.0,0.0,866.5,0.008,483.3,112608900.0,ours_noinflate,0.987758
h=0/q0=0.4/p=0.5/r=1/sig=0/cf=1,A_core,0.0,0.4,0.5,1.0,0.0,1.0,1.0,bpi2019,autorpa_233k,breakeven_cap,19592524403.0,1.750061,1.3,9.5,954.1,0.0,0.0,0.0,863.7,0.008,480.1,111863300.0,ours_noinflate,0.987758
h=0/q0=0.4/p=0.5/r=1/sig=0/cf=1,A_core,0.0,0.4,0.5,1.0,0.0,1.0,1.0,bpi2019,autorpa_233k,offline_taxblind,8982995979.402,0.802387,,,,,,,,,,,ours_noinflate,0.987758
h=0/q0=0.4/p=0.5/r=1/sig=0/cf=1,A_core,0.0,0.4,0.5,1.0,0.0,1.0,1.0,bpi2019,autorpa_233k,offline_opt_tax,9978863989.106,0.891341,,,,,,,,,,,ours_noinflate,0.987758
h=0/q0=0.4/p=0.5/r=1/sig=0/cf=1,A_core,0.0,0.4,0.5,1.0,0.0,1.0,1.0,bpi2019,native,always_reactive,19497801224.0,2.192569,0.0,0.0,0.0,0.0,0.0,0.0,0.0,0.005,0.0,0.0,always_compile_evict,1.0
h=0/q0=0.4/p=0.5/r=1/sig=0/cf=1,A_core,0.0,0.4,0.5,1.0,0.0,1.0,1.0,bpi2019,native,always_compile_evict,8889454532.0,0.999638,6.0,22.0,3163.6,0.0,0.0,0.0,1580.2,0.031,1580.2,22990329.8,always_compile_evict,1.0
h=0/q0=0.4/p=0.5/r=1/sig=0/cf=1,A_core,0.0,0.4,0.5,1.0,0.0,1.0,1.0,bpi2019,native,ours_noinflate,8892673754.6,1.0,6.0,22.0,3122.9,0.0,0.0,0.0,1561.0,0.031,1561.0,22710989.0,always_compile_evict,1.0
h=0/q0=0.4/p=0.5/r=1/sig=0/cf=1,A_core,0.0,0.4,0.5,1.0,0.0,1.0,1.0,bpi2019,native,oracle_tax,10741959213.6,1.207956,103.6,103.6,207.6,0.0,0.0,0.0,104.0,0.103,104.0,1513096.0,always_compile_evict,1.0
h=0/q0=0.4/p=0.5/r=1/sig=0/cf=1,A_core,0.0,0.4,0.5,1.0,0.0,1.0,1.0,bpi2019,native,ours_spend_cap,8892693770.5,1.000002,6.0,22.0,3122.9,0.0,0.0,0.0,1561.0,0.031,1561.0,22710989.0,always_compile_evict,1.0
h=0/q0=0.4/p=0.5/r=1/sig=0/cf=1,A_core,0.0,0.4,0.5,1.0,0.0,1.0,1.0,bpi2019,native,ours_pi_prior,8900387877.8,1.000867,6.0,22.0,3057.7,0.0,0.0,0.0,1527.3,0.031,1527.3,22220687.7,always_compile_evict,1.0
h=0/q0=0.4/p=0.5/r=1/sig=0/cf=1,A_core,0.0,0.4,0.5,1.0,0.0,1.0,1.0,bpi2019,native,ours_both,8900395405.9,1.000868,6.0,22.0,3057.6,0.0,0.0,0.0,1527.2,0.031,1527.2,22219232.8,always_compile_evict,1.0
h=0/q0=0.4/p=0.5/r=1/sig=0/cf=1,A_core,0.0,0.4,0.5,1.0,0.0,1.0,1.0,bpi2019,native,breakeven,19333909873.9,2.174139,0.0,6.5,3163.6,0.0,0.0,0.0,1580.2,0.005,1580.2,22990329.8,always_compile_evict,1.0
h=0/q0=0.4/p=0.5/r=1/sig=0/cf=1,A_core,0.0,0.4,0.5,1.0,0.0,1.0,1.0,bpi2019,native,breakeven_cap,19333922052.0,2.17414,0.0,6.5,3163.3,0.0,0.0,0.0,1580.0,0.005,1580.0,22987420.0,always_compile_evict,1.0
h=0/q0=0.4/p=0.5/r=1/sig=0/cf=1,A_core,0.0,0.4,0.5,1.0,0.0,1.0,1.0,bpi2019,native,offline_taxblind,8290445408.8,0.932278,,,,,,,,,,,always_compile_evict,1.0
h=0/q0=0.4/p=0.5/r=1/sig=0/cf=1,A_core,0.0,0.4,0.5,1.0,0.0,1.0,1.0,bpi2019,native,offline_opt_tax,8442960039.922,0.949429,,,,,,,,,,,always_compile_evict,1.0
h=0/q0=0.4/p=0.5/r=1/sig=0/cf=1,A_core,0.0,0.4,0.5,1.0,0.0,1.0,1.0,sepsis,autorpa_233k,always_reactive,77101119.0,0.998963,0.0,0.0,0.0,0.0,0.0,0.0,0.0,0.005,0.0,0.0,always_reactive,0.943719
h=0/q0=0.4/p=0.5/r=1/sig=0/cf=1,A_core,0.0,0.4,0.5,1.0,0.0,1.0,1.0,sepsis,autorpa_233k,always_compile_evict,81699275.0,1.058539,15.7,17.5,39.4,0.0,0.0,0.0,34.4,0.015,19.7,4590100.0,always_reactive,0.943719
h=0/q0=0.4/p=0.5/r=1/sig=0/cf=1,A_core,0.0,0.4,0.5,1.0,0.0,1.0,1.0,sepsis,autorpa_233k,ours_noinflate,77181140.8,1.0,3.5,4.3,8.5,0.0,0.0,0.0,5.0,0.007,4.2,978600.0,always_reactive,0.943719
h=0/q0=0.4/p=0.5/r=1/sig=0/cf=1,A_core,0.0,0.4,0.5,1.0,0.0,1.0,1.0,sepsis,autorpa_233k,oracle_tax,75361735.5,0.976427,3.9,3.9,7.0,0.0,0.0,0.0,3.1,0.009,3.1,722300.0,always_reactive,0.943719
h=0/q0=0.4/p=0.5/r=1/sig=0/cf=1,A_core,0.0,0.4,0.5,1.0,0.0,1.0,1.0,sepsis,autorpa_233k,ours_spend_cap,77181140.8,1.0,3.5,4.3,8.5,0.0,0.0,0.0,5.0,0.007,4.2,978600.0,always_reactive,0.943719
h=0/q0=0.4/p=0.5/r=1/sig=0/cf=1,A_core,0.0,0.4,0.5,1.0,0.0,1.0,1.0,sepsis,autorpa_233k,ours_pi_prior,77314948.5,1.001734,4.2,4.2,9.0,0.0,0.0,0.0,6.0,0.007,4.8,1118400.0,always_reactive,0.943719
h=0/q0=0.4/p=0.5/r=1/sig=0/cf=1,A_core,0.0,0.4,0.5,1.0,0.0,1.0,1.0,sepsis,autorpa_233k,ours_both,77314948.5,1.001734,4.2,4.2,9.0,0.0,0.0,0.0,6.0,0.007,4.8,1118400.0,always_reactive,0.943719
h=0/q0=0.4/p=0.5/r=1/sig=0/cf=1,A_core,0.0,0.4,0.5,1.0,0.0,1.0,1.0,sepsis,autorpa_233k,breakeven,77167007.4,0.999817,3.1,3.2,6.8,0.0,0.0,0.0,4.9,0.007,3.3,768900.0,always_reactive,0.943719
h=0/q0=0.4/p=0.5/r=1/sig=0/cf=1,A_core,0.0,0.4,0.5,1.0,0.0,1.0,1.0,sepsis,autorpa_233k,breakeven_cap,77167007.4,0.999817,3.1,3.2,6.8,0.0,0.0,0.0,4.9,0.007,3.3,768900.0,always_reactive,0.943719
h=0/q0=0.4/p=0.5/r=1/sig=0/cf=1,A_core,0.0,0.4,0.5,1.0,0.0,1.0,1.0,sepsis,autorpa_233k,offline_taxblind,74592210.2,0.966456,,,,,,,,,,,always_reactive,0.943719
h=0/q0=0.4/p=0.5/r=1/sig=0/cf=1,A_core,0.0,0.4,0.5,1.0,0.0,1.0,1.0,sepsis,autorpa_233k,offline_opt_tax,75033775.261,0.972178,,,,,,,,,,,always_reactive,0.943719
h=0/q0=0.4/p=0.5/r=1/sig=0/cf=1,A_core,0.0,0.4,0.5,1.0,0.0,1.0,1.0,sepsis,native,always_reactive,77101119.0,1.058884,0.0,0.0,0.0,0.0,0.0,0.0,0.0,0.005,0.0,0.0,always_compile_evict,1.0
h=0/q0=0.4/p=0.5/r=1/sig=0/cf=1,A_core,0.0,0.4,0.5,1.0,0.0,1.0,1.0,sepsis,native,always_compile_evict,72813563.5,1.0,8.2,11.1,39.4,0.0,0.0,0.0,19.7,0.013,19.7,286615.3,always_compile_evict,1.0
h=0/q0=0.4/p=0.5/r=1/sig=0/cf=1,A_core,0.0,0.4,0.5,1.0,0.0,1.0,1.0,sepsis,native,ours_noinflate,72813563.5,1.0,8.2,11.1,39.4,0.0,0.0,0.0,19.7,0.013,19.7,286615.3,always_compile_evict,1.0
h=0/q0=0.4/p=0.5/r=1/sig=0/cf=1,A_core,0.0,0.4,0.5,1.0,0.0,1.0,1.0,sepsis,native,oracle_tax,73043583.0,1.003159,12.1,12.1,23.8,0.0,0.0,0.0,11.7,0.013,11.7,170223.3,always_compile_evict,1.0
h=0/q0=0.4/p=0.5/r=1/sig=0/cf=1,A_core,0.0,0.4,0.5,1.0,0.0,1.0,1.0,sepsis,native,ours_spend_cap,72813563.5,1.0,8.2,11.1,39.4,0.0,0.0,0.0,19.7,0.013,19.7,286615.3,always_compile_evict,1.0
h=0/q0=0.4/p=0.5/r=1/sig=0/cf=1,A_core,0.0,0.4,0.5,1.0,0.0,1.0,1.0,sepsis,native,ours_pi_prior,72829955.9,1.000225,8.1,11.1,39.2,0.0,0.0,0.0,19.6,0.012,19.6,285160.4,always_compile_evict,1.0
h=0/q0=0.4/p=0.5/r=1/sig=0/cf=1,A_core,0.0,0.4,0.5,1.0,0.0,1.0,1.0,sepsis,native,ours_both,72829955.9,1.000225,8.1,11.1,39.2,0.0,0.0,0.0,19.6,0.012,19.6,285160.4,always_compile_evict,1.0
h=0/q0=0.4/p=0.5/r=1/sig=0/cf=1,A_core,0.0,0.4,0.5,1.0,0.0,1.0,1.0,sepsis,native,breakeven,75921059.8,1.042677,3.0,5.6,39.4,0.0,0.0,0.0,19.7,0.008,19.7,286615.3,always_compile_evict,1.0
h=0/q0=0.4/p=0.5/r=1/sig=0/cf=1,A_core,0.0,0.4,0.5,1.0,0.0,1.0,1.0,sepsis,native,breakeven_cap,75921059.8,1.042677,3.0,5.6,39.4,0.0,0.0,0.0,19.7,0.008,19.7,286615.3,always_compile_evict,1.0
h=0/q0=0.4/p=0.5/r=1/sig=0/cf=1,A_core,0.0,0.4,0.5,1.0,0.0,1.0,1.0,sepsis,native,offline_taxblind,56053545.6,0.769823,,,,,,,,,,,always_compile_evict,1.0
h=0/q0=0.4/p=0.5/r=1/sig=0/cf=1,A_core,0.0,0.4,0.5,1.0,0.0,1.0,1.0,sepsis,native,offline_opt_tax,56864689.955,0.780963,,,,,,,,,,,always_compile_evict,1.0
h=0/q0=0.4/p=0.5/r=1/sig=0/cf=1,A_core,0.0,0.4,0.5,1.0,0.0,1.0,1.0,wiki_A,autorpa_233k,always_reactive,5261420180.0,2.05974,0.0,0.0,0.0,0.0,0.0,0.0,0.0,0.005,0.0,0.0,always_compile_evict,1.0
h=0/q0=0.4/p=0.5/r=1/sig=0/cf=1,A_core,0.0,0.4,0.5,1.0,0.0,1.0,1.0,wiki_A,autorpa_233k,always_compile_evict,2542139486.5,0.995197,18.5,57.8,529.3,0.0,0.0,0.0,450.7,0.062,264.5,61628500.0,always_compile_evict,1.0
h=0/q0=0.4/p=0.5/r=1/sig=0/cf=1,A_core,0.0,0.4,0.5,1.0,0.0,1.0,1.0,wiki_A,autorpa_233k,ours_noinflate,2554409356.3,1.0,15.5,45.8,286.2,0.0,0.0,0.0,227.5,0.048,144.2,33598600.0,always_compile_evict,1.0
h=0/q0=0.4/p=0.5/r=1/sig=0/cf=1,A_core,0.0,0.4,0.5,1.0,0.0,1.0,1.0,wiki_A,autorpa_233k,oracle_tax,2581727371.4,1.010694,38.8,38.8,80.7,0.0,0.0,0.0,41.9,0.071,41.9,9762700.0,always_compile_evict,1.0
h=0/q0=0.4/p=0.5/r=1/sig=0/cf=1,A_core,0.0,0.4,0.5,1.0,0.0,1.0,1.0,wiki_A,autorpa_233k,ours_spend_cap,2554531309.9,1.000048,15.5,45.8,286.2,0.0,0.0,0.0,227.5,0.048,144.2,33598600.0,always_compile_evict,1.0
h=0/q0=0.4/p=0.5/r=1/sig=0/cf=1,A_core,0.0,0.4,0.5,1.0,0.0,1.0,1.0,wiki_A,autorpa_233k,ours_pi_prior,2649006492.8,1.037033,14.0,42.7,268.6,0.0,0.0,0.0,216.0,0.042,135.9,31664700.0,always_compile_evict,1.0
h=0/q0=0.4/p=0.5/r=1/sig=0/cf=1,A_core,0.0,0.4,0.5,1.0,0.0,1.0,1.0,wiki_A,autorpa_233k,ours_both,2649166624.9,1.037096,13.9,42.7,268.6,0.0,0.0,0.0,216.0,0.042,135.9,31664700.0,always_compile_evict,1.0
h=0/q0=0.4/p=0.5/r=1/sig=0/cf=1,A_core,0.0,0.4,0.5,1.0,0.0,1.0,1.0,wiki_A,autorpa_233k,breakeven,4315333834.8,1.689367,0.6,7.5,195.9,0.0,0.0,0.0,144.5,0.008,100.2,23346600.0,always_compile_evict,1.0
h=0/q0=0.4/p=0.5/r=1/sig=0/cf=1,A_core,0.0,0.4,0.5,1.0,0.0,1.0,1.0,wiki_A,autorpa_233k,breakeven_cap,4315190315.3,1.68931,0.5,7.6,195.8,0.0,0.0,0.0,144.3,0.008,100.2,23346600.0,always_compile_evict,1.0
h=0/q0=0.4/p=0.5/r=1/sig=0/cf=1,A_core,0.0,0.4,0.5,1.0,0.0,1.0,1.0,wiki_A,autorpa_233k,offline_taxblind,2340766704.0,0.916363,,,,,,,,,,,always_compile_evict,1.0
h=0/q0=0.4/p=0.5/r=1/sig=0/cf=1,A_core,0.0,0.4,0.5,1.0,0.0,1.0,1.0,wiki_A,autorpa_233k,offline_opt_tax,2420116774.354,0.947427,,,,,,,,,,,always_compile_evict,1.0
h=0/q0=0.4/p=0.5/r=1/sig=0/cf=1,A_core,0.0,0.4,0.5,1.0,0.0,1.0,1.0,wiki_A,native,always_reactive,5261420180.0,2.267149,0.0,0.0,0.0,0.0,0.0,0.0,0.0,0.005,0.0,0.0,always_compile_evict,1.0
h=0/q0=0.4/p=0.5/r=1/sig=0/cf=1,A_core,0.0,0.4,0.5,1.0,0.0,1.0,1.0,wiki_A,native,always_compile_evict,2320580763.6,0.99994,4.0,16.6,529.3,0.0,0.0,0.0,264.5,0.022,264.5,3848210.5,always_compile_evict,1.0
h=0/q0=0.4/p=0.5/r=1/sig=0/cf=1,A_core,0.0,0.4,0.5,1.0,0.0,1.0,1.0,wiki_A,native,ours_noinflate,2320720998.1,1.0,4.0,16.6,527.6,0.0,0.0,0.0,263.4,0.022,263.4,3832206.6,always_compile_evict,1.0
h=0/q0=0.4/p=0.5/r=1/sig=0/cf=1,A_core,0.0,0.4,0.5,1.0,0.0,1.0,1.0,wiki_A,native,oracle_tax,2564024792.8,1.10484,43.3,43.3,89.5,0.0,0.0,0.0,46.2,0.074,46.2,672163.8,always_compile_evict,1.0
h=0/q0=0.4/p=0.5/r=1/sig=0/cf=1,A_core,0.0,0.4,0.5,1.0,0.0,1.0,1.0,wiki_A,native,ours_spend_cap,2320735840.8,1.000006,4.0,16.6,527.6,0.0,0.0,0.0,263.4,0.022,263.4,3832206.6,always_compile_evict,1.0
h=0/q0=0.4/p=0.5/r=1/sig=0/cf=1,A_core,0.0,0.4,0.5,1.0,0.0,1.0,1.0,wiki_A,native,ours_pi_prior,2321353077.9,1.000272,4.0,16.6,523.3,0.0,0.0,0.0,261.3,0.022,261.3,3801653.7,always_compile_evict,1.0
h=0/q0=0.4/p=0.5/r=1/sig=0/cf=1,A_core,0.0,0.4,0.5,1.0,0.0,1.0,1.0,wiki_A,native,ours_both,2321368046.3,1.000279,4.0,16.6,523.3,0.0,0.0,0.0,261.3,0.022,261.3,3801653.7,always_compile_evict,1.0
h=0/q0=0.4/p=0.5/r=1/sig=0/cf=1,A_core,0.0,0.4,0.5,1.0,0.0,1.0,1.0,wiki_A,native,breakeven,4339460842.2,1.869876,0.0,6.3,529.3,0.0,0.0,0.0,264.5,0.006,264.5,3848210.5,always_compile_evict,1.0
h=0/q0=0.4/p=0.5/r=1/sig=0/cf=1,A_core,0.0,0.4,0.5,1.0,0.0,1.0,1.0,wiki_A,native,breakeven_cap,4339455376.1,1.869874,0.0,6.3,529.3,0.0,0.0,0.0,264.5,0.006,264.5,3848210.5,always_compile_evict,1.0
h=0/q0=0.4/p=0.5/r=1/sig=0/cf=1,A_core,0.0,0.4,0.5,1.0,0.0,1.0,1.0,wiki_A,native,offline_taxblind,2215384153.2,0.95461,,,,,,,,,,,always_compile_evict,1.0
h=0/q0=0.4/p=0.5/r=1/sig=0/cf=1,A_core,0.0,0.4,0.5,1.0,0.0,1.0,1.0,wiki_A,native,offline_opt_tax,2235212258.69,0.963154,,,,,,,,,,,always_compile_evict,1.0
h=0/q0=0.4/p=0.5/r=1/sig=0/cf=1,A_core,0.0,0.4,0.5,1.0,0.0,1.0,1.0,wiki_B,autorpa_233k,always_reactive,7373315056.0,1.005829,0.0,0.0,0.0,0.0,0.0,0.0,0.0,0.005,0.0,0.0,ours_both,0.957775
h=0/q0=0.4/p=0.5/r=1/sig=0/cf=1,A_core,0.0,0.4,0.5,1.0,0.0,1.0,1.0,wiki_B,autorpa_233k,always_compile_evict,7638428951.1,1.041994,112.1,129.4,2787.8,0.0,0.0,0.0,2632.5,0.108,1402.3,326735900.0,ours_both,0.957775
h=0/q0=0.4/p=0.5/r=1/sig=0/cf=1,A_core,0.0,0.4,0.5,1.0,0.0,1.0,1.0,wiki_B,autorpa_233k,ours_noinflate,7330588100.2,1.0,100.0,113.2,1391.5,0.0,0.0,0.0,1290.7,0.085,704.2,164078600.0,ours_both,0.957775
h=0/q0=0.4/p=0.5/r=1/sig=0/cf=1,A_core,0.0,0.4,0.5,1.0,0.0,1.0,1.0,wiki_B,autorpa_233k,oracle_tax,7005693700.7,0.95568,30.5,30.5,61.2,0.0,0.0,0.0,30.7,0.031,30.7,7153100.0,ours_both,0.957775
h=0/q0=0.4/p=0.5/r=1/sig=0/cf=1,A_core,0.0,0.4,0.5,1.0,0.0,1.0,1.0,wiki_B,autorpa_233k,ours_spend_cap,7330614839.4,1.000004,100.0,113.2,1391.5,0.0,0.0,0.0,1290.7,0.085,704.2,164078600.0,ours_both,0.957775
h=0/q0=0.4/p=0.5/r=1/sig=0/cf=1,A_core,0.0,0.4,0.5,1.0,0.0,1.0,1.0,wiki_B,autorpa_233k,ours_pi_prior,7315956287.6,0.998004,91.8,104.8,1278.5,0.0,0.0,0.0,1185.4,0.079,652.0,151916000.0,ours_both,0.957775
h=0/q0=0.4/p=0.5/r=1/sig=0/cf=1,A_core,0.0,0.4,0.5,1.0,0.0,1.0,1.0,wiki_B,autorpa_233k,ours_both,7315899339.9,0.997996,91.8,104.8,1278.4,0.0,0.0,0.0,1185.3,0.079,651.9,151892700.0,ours_both,0.957775
h=0/q0=0.4/p=0.5/r=1/sig=0/cf=1,A_core,0.0,0.4,0.5,1.0,0.0,1.0,1.0,wiki_B,autorpa_233k,breakeven,7424082685.7,1.012754,3.8,10.7,587.3,0.0,0.0,0.0,525.6,0.01,297.1,69224300.0,ours_both,0.957775
h=0/q0=0.4/p=0.5/r=1/sig=0/cf=1,A_core,0.0,0.4,0.5,1.0,0.0,1.0,1.0,wiki_B,autorpa_233k,breakeven_cap,7422913445.6,1.012595,3.8,11.0,585.8,0.0,0.0,0.0,523.8,0.01,296.5,69084500.0,ours_both,0.957775
h=0/q0=0.4/p=0.5/r=1/sig=0/cf=1,A_core,0.0,0.4,0.5,1.0,0.0,1.0,1.0,wiki_B,autorpa_233k,offline_taxblind,6451689780.8,0.880105,,,,,,,,,,,ours_both,0.957775
h=0/q0=0.4/p=0.5/r=1/sig=0/cf=1,A_core,0.0,0.4,0.5,1.0,0.0,1.0,1.0,wiki_B,autorpa_233k,offline_opt_tax,6821869290.046,0.930603,,,,,,,,,,,ours_both,0.957775
h=0/q0=0.4/p=0.5/r=1/sig=0/cf=1,A_core,0.0,0.4,0.5,1.0,0.0,1.0,1.0,wiki_B,native,always_reactive,7373315056.0,1.166771,0.0,0.0,0.0,0.0,0.0,0.0,0.0,0.005,0.0,0.0,always_compile_evict,1.0
h=0/q0=0.4/p=0.5/r=1/sig=0/cf=1,A_core,0.0,0.4,0.5,1.0,0.0,1.0,1.0,wiki_B,native,always_compile_evict,6319297064.9,0.999981,10.0,22.0,2787.8,0.0,0.0,0.0,1402.3,0.019,1402.3,20402062.7,always_compile_evict,1.0
h=0/q0=0.4/p=0.5/r=1/sig=0/cf=1,A_core,0.0,0.4,0.5,1.0,0.0,1.0,1.0,wiki_B,native,ours_noinflate,6319417388.1,1.0,10.0,22.0,2786.4,0.0,0.0,0.0,1401.7,0.019,1401.7,20393333.3,always_compile_evict,1.0
h=0/q0=0.4/p=0.5/r=1/sig=0/cf=1,A_core,0.0,0.4,0.5,1.0,0.0,1.0,1.0,wiki_B,native,oracle_tax,6992901136.3,1.106574,80.4,80.4,161.3,0.0,0.0,0.0,80.9,0.039,80.9,1177014.1,always_compile_evict,1.0
h=0/q0=0.4/p=0.5/r=1/sig=0/cf=1,A_core,0.0,0.4,0.5,1.0,0.0,1.0,1.0,wiki_B,native,ours_spend_cap,6319435000.4,1.000003,10.0,22.0,2786.4,0.0,0.0,0.0,1401.7,0.019,1401.7,20393333.3,always_compile_evict,1.0
h=0/q0=0.4/p=0.5/r=1/sig=0/cf=1,A_core,0.0,0.4,0.5,1.0,0.0,1.0,1.0,wiki_B,native,ours_pi_prior,6321891687.0,1.000392,10.0,22.0,2753.4,0.0,0.0,0.0,1385.5,0.018,1385.5,20157639.5,always_compile_evict,1.0
h=0/q0=0.4/p=0.5/r=1/sig=0/cf=1,A_core,0.0,0.4,0.5,1.0,0.0,1.0,1.0,wiki_B,native,ours_both,6321902559.5,1.000393,10.0,22.0,2753.4,0.0,0.0,0.0,1385.5,0.018,1385.5,20157639.5,always_compile_evict,1.0
h=0/q0=0.4/p=0.5/r=1/sig=0/cf=1,A_core,0.0,0.4,0.5,1.0,0.0,1.0,1.0,wiki_B,native,breakeven,7308107938.0,1.156453,0.0,6.8,2787.8,0.0,0.0,0.0,1402.3,0.006,1402.3,20402062.7,always_compile_evict,1.0
h=0/q0=0.4/p=0.5/r=1/sig=0/cf=1,A_core,0.0,0.4,0.5,1.0,0.0,1.0,1.0,wiki_B,native,breakeven_cap,7308107938.0,1.156453,0.0,6.8,2787.8,0.0,0.0,0.0,1402.3,0.006,1402.3,20402062.7,always_compile_evict,1.0
h=0/q0=0.4/p=0.5/r=1/sig=0/cf=1,A_core,0.0,0.4,0.5,1.0,0.0,1.0,1.0,wiki_B,native,offline_taxblind,5007262776.397,0.792361,,,,,,,,,,,always_compile_evict,1.0
h=0/q0=0.4/p=0.5/r=1/sig=0/cf=1,A_core,0.0,0.4,0.5,1.0,0.0,1.0,1.0,wiki_B,native,offline_opt_tax,5045716540.771,0.798446,,,,,,,,,,,always_compile_evict,1.0
h=0/q0=0.4/p=0.5/r=1/sig=0/cf=2.08299,A_core,0.0,0.4,0.5,1.0,0.0,1.0,2.0829936590907905,bpi2019,autorpa_233k,always_reactive,19497801224.0,1.710567,0.0,0.0,0.0,0.0,0.0,0.0,0.0,0.005,0.0,0.0,ours_noinflate,0.9715
h=0/q0=0.4/p=0.5/r=1/sig=0/cf=2.08299,A_core,0.0,0.4,0.5,1.0,0.0,1.0,2.0829936590907905,bpi2019,autorpa_233k,always_compile_evict,11732832377.662,1.029336,85.5,122.7,3163.6,0.0,0.0,0.0,2883.6,0.173,1580.2,766930353.162,ours_noinflate,0.9715
h=0/q0=0.4/p=0.5/r=1/sig=0/cf=2.08299,A_core,0.0,0.4,0.5,1.0,0.0,1.0,2.0829936590907905,bpi2019,autorpa_233k,ours_noinflate,11398446209.815,1.0,79.9,107.9,1612.1,0.0,0.0,0.0,1447.5,0.157,804.9,390648171.915,ours_noinflate,0.9715
h=0/q0=0.4/p=0.5/r=1/sig=0/cf=2.08299,A_core,0.0,0.4,0.5,1.0,0.0,1.0,2.0829936590907905,bpi2019,autorpa_233k,oracle_tax,10799774915.079,0.947478,86.9,86.9,176.8,0.0,0.0,0.0,89.9,0.1,89.9,43631843.279,ours_noinflate,0.9715
h=0/q0=0.4/p=0.5/r=1/sig=0/cf=2.08299,A_core,0.0,0.4,0.5,1.0,0.0,1.0,2.0829936590907905,bpi2019,autorpa_233k,ours_spend_cap,11681746655.028,1.024854,77.4,105.6,1590.8,0.0,0.0,0.0,1431.6,0.15,794.4,385552127.928,ours_noinflate,0.9715
h=0/q0=0.4/p=0.5/r=1/sig=0/cf=2.08299,A_core,0.0,0.4,0.5,1.0,0.0,1.0,2.0829936590907905,bpi2019,autorpa_233k,ours_pi_prior,12771993636.138,1.120503,73.4,96.6,1457.9,0.0,0.0,0.0,1313.4,0.128,728.4,353519851.439,ours_noinflate,0.9715
h=0/q0=0.4/p=0.5/r=1/sig=0/cf=2.08299,A_core,0.0,0.4,0.5,1.0,0.0,1.0,2.0829936590907905,bpi2019,autorpa_233k,ours_both,12804710667.195,1.123373,71.6,94.7,1435.9,0.0,0.0,0.0,1296.9,0.125,717.6,348278206.195,ours_noinflate,0.9715
h=0/q0=0.4/p=0.5/r=1/sig=0/cf=2.08299,A_core,0.0,0.4,0.5,1.0,0.0,1.0,2.0829936590907905,bpi2019,autorpa_233k,breakeven,19714521413.457,1.72958,1.3,9.6,958.9,0.0,0.0,0.0,866.5,0.008,483.3,234563624.657,ours_noinflate,0.9715
h=0/q0=0.4/p=0.5/r=1/sig=0/cf=2.08299,A_core,0.0,0.4,0.5,1.0,0.0,1.0,2.0829936590907905,bpi2019,autorpa_233k,breakeven_cap,19719486286.464,1.730015,1.2,9.6,933.0,0.0,0.0,0.0,847.4,0.007,470.3,228254236.864,ours_noinflate,0.9715
h=0/q0=0.4/p=0.5/r=1/sig=0/cf=2.08299,A_core,0.0,0.4,0.5,1.0,0.0,1.0,2.0829936590907905,bpi2019,autorpa_233k,offline_taxblind,8982995979.402,0.78809,,,,,,,,,,,ours_noinflate,0.9715
h=0/q0=0.4/p=0.5/r=1/sig=0/cf=2.08299,A_core,0.0,0.4,0.5,1.0,0.0,1.0,2.0829936590907905,bpi2019,autorpa_233k,offline_opt_tax,9978863989.106,0.875458,,,,,,,,,,,ours_noinflate,0.9715
h=0/q0=0.4/p=0.5/r=1/sig=0/cf=2.08299,A_core,0.0,0.4,0.5,1.0,0.0,1.0,2.0829936590907905,bpi2019,native,always_reactive,19497801224.0,2.186521,0.0,0.0,0.0,0.0,0.0,0.0,0.0,0.005,0.0,0.0,always_compile_evict,1.0
h=0/q0=0.4/p=0.5/r=1/sig=0/cf=2.08299,A_core,0.0,0.4,0.5,1.0,0.0,1.0,2.0829936590907905,bpi2019,native,always_compile_evict,8914352913.394,0.999673,6.0,22.0,3163.6,0.0,0.0,0.0,1580.2,0.031,1580.2,47888711.194,always_compile_evict,1.0
h=0/q0=0.4/p=0.5/r=1/sig=0/cf=2.08299,A_core,0.0,0.4,0.5,1.0,0.0,1.0,2.0829936590907905,bpi2019,native,ours_noinflate,8917269611.679,1.0,6.0,22.0,3122.9,0.0,0.0,0.0,1561.0,0.031,1561.0,47306846.079,always_compile_evict,1.0
h=0/q0=0.4/p=0.5/r=1/sig=0/cf=2.08299,A_core,0.0,0.4,0.5,1.0,0.0,1.0,2.0829936590907905,bpi2019,native,oracle_tax,10743597886.974,1.204808,103.6,103.6,207.6,0.0,0.0,0.0,104.0,0.103,104.0,3151769.374,always_compile_evict,1.0
h=0/q0=0.4/p=0.5/r=1/sig=0/cf=2.08299,A_core,0.0,0.4,0.5,1.0,0.0,1.0,2.0829936590907905,bpi2019,native,ours_spend_cap,8917847181.641,1.000065,6.0,22.0,3122.3,0.0,0.0,0.0,1560.5,0.031,1560.5,47291693.341,always_compile_evict,1.0
h=0/q0=0.4/p=0.5/r=1/sig=0/cf=2.08299,A_core,0.0,0.4,0.5,1.0,0.0,1.0,2.0829936590907905,bpi2019,native,ours_pi_prior,8924452741.68,1.000806,6.0,22.0,3057.7,0.0,0.0,0.0,1527.3,0.031,1527.3,46285551.58,always_compile_evict,1.0
h=0/q0=0.4/p=0.5/r=1/sig=0/cf=2.08299,A_core,0.0,0.4,0.5,1.0,0.0,1.0,2.0829936590907905,bpi2019,native,ours_both,8924925277.19,1.000859,6.0,22.0,3057.3,0.0,0.0,0.0,1526.9,0.031,1526.9,46273429.39,always_compile_evict,1.0
h=0/q0=0.4/p=0.5/r=1/sig=0/cf=2.08299,A_core,0.0,0.4,0.5,1.0,0.0,1.0,2.0829936590907905,bpi2019,native,breakeven,19358808255.294,2.170935,0.0,6.5,3163.6,0.0,0.0,0.0,1580.2,0.005,1580.2,47888711.194,always_compile_evict,1.0
h=0/q0=0.4/p=0.5/r=1/sig=0/cf=2.08299,A_core,0.0,0.4,0.5,1.0,0.0,1.0,2.0829936590907905,bpi2019,native,breakeven_cap,19358763612.119,2.170929,0.0,6.5,3161.8,0.0,0.0,0.0,1579.2,0.005,1579.2,47858405.719,always_compile_evict,1.0
h=0/q0=0.4/p=0.5/r=1/sig=0/cf=2.08299,A_core,0.0,0.4,0.5,1.0,0.0,1.0,2.0829936590907905,bpi2019,native,offline_taxblind,8290445408.8,0.929707,,,,,,,,,,,always_compile_evict,1.0
h=0/q0=0.4/p=0.5/r=1/sig=0/cf=2.08299,A_core,0.0,0.4,0.5,1.0,0.0,1.0,2.0829936590907905,bpi2019,native,offline_opt_tax,8442960039.922,0.94681,,,,,,,,,,,always_compile_evict,1.0
h=0/q0=0.4/p=0.5/r=1/sig=0/cf=2.08299,A_core,0.0,0.4,0.5,1.0,0.0,1.0,2.0829936590907905,sepsis,autorpa_233k,always_reactive,77101119.0,0.985432,0.0,0.0,0.0,0.0,0.0,0.0,0.0,0.005,0.0,0.0,always_reactive,0.889591
h=0/q0=0.4/p=0.5/r=1/sig=0/cf=2.08299,A_core,0.0,0.4,0.5,1.0,0.0,1.0,2.0829936590907905,sepsis,autorpa_233k,always_compile_evict,86670324.195,1.107736,15.7,17.5,39.4,0.0,0.0,0.0,34.4,0.014,19.7,9561149.195,always_reactive,0.889591
h=0/q0=0.4/p=0.5/r=1/sig=0/cf=2.08299,A_core,0.0,0.4,0.5,1.0,0.0,1.0,2.0829936590907905,sepsis,autorpa_233k,ours_noinflate,78240958.395,1.0,3.5,4.3,8.5,0.0,0.0,0.0,5.0,0.007,4.2,2038417.595,always_reactive,0.889591
h=0/q0=0.4/p=0.5/r=1/sig=0/cf=2.08299,A_core,0.0,0.4,0.5,1.0,0.0,1.0,2.0829936590907905,sepsis,autorpa_233k,oracle_tax,76143981.82,0.973198,3.9,3.9,7.0,0.0,0.0,0.0,3.1,0.009,3.1,1504546.32,always_reactive,0.889591
h=0/q0=0.4/p=0.5/r=1/sig=0/cf=2.08299,A_core,0.0,0.4,0.5,1.0,0.0,1.0,2.0829936590907905,sepsis,autorpa_233k,ours_spend_cap,78240244.595,0.999991,3.5,4.3,8.5,0.0,0.0,0.0,5.1,0.007,4.2,2038417.595,always_reactive,0.889591
h=0/q0=0.4/p=0.5/r=1/sig=0/cf=2.08299,A_core,0.0,0.4,0.5,1.0,0.0,1.0,2.0829936590907905,sepsis,autorpa_233k,ours_pi_prior,78526168.608,1.003645,4.2,4.2,9.0,0.0,0.0,0.0,6.0,0.007,4.8,2329620.108,always_reactive,0.889591
h=0/q0=0.4/p=0.5/r=1/sig=0/cf=2.08299,A_core,0.0,0.4,0.5,1.0,0.0,1.0,2.0829936590907905,sepsis,autorpa_233k,ours_both,78230636.847,0.999868,3.7,3.7,8.0,0.0,0.0,0.0,5.1,0.007,4.3,2086951.347,always_reactive,0.889591
h=0/q0=0.4/p=0.5/r=1/sig=0/cf=2.08299,A_core,0.0,0.4,0.5,1.0,0.0,1.0,2.0829936590907905,sepsis,autorpa_233k,breakeven,77999721.224,0.996917,3.1,3.2,6.8,0.0,0.0,0.0,4.9,0.007,3.3,1601613.824,always_reactive,0.889591
h=0/q0=0.4/p=0.5/r=1/sig=0/cf=2.08299,A_core,0.0,0.4,0.5,1.0,0.0,1.0,2.0829936590907905,sepsis,autorpa_233k,breakeven_cap,77985870.624,0.99674,3.0,3.1,6.7,0.0,0.0,0.0,4.8,0.007,3.3,1601613.824,always_reactive,0.889591
h=0/q0=0.4/p=0.5/r=1/sig=0/cf=2.08299,A_core,0.0,0.4,0.5,1.0,0.0,1.0,2.0829936590907905,sepsis,autorpa_233k,offline_taxblind,74592210.2,0.953365,,,,,,,,,,,always_reactive,0.889591
h=0/q0=0.4/p=0.5/r=1/sig=0/cf=2.08299,A_core,0.0,0.4,0.5,1.0,0.0,1.0,2.0829936590907905,sepsis,autorpa_233k,offline_opt_tax,75033775.261,0.959009,,,,,,,,,,,always_reactive,0.889591
h=0/q0=0.4/p=0.5/r=1/sig=0/cf=2.08299,A_core,0.0,0.4,0.5,1.0,0.0,1.0,2.0829936590907905,sepsis,native,always_reactive,77101119.0,1.054389,0.0,0.0,0.0,0.0,0.0,0.0,0.0,0.005,0.0,0.0,always_compile_evict,1.0
h=0/q0=0.4/p=0.5/r=1/sig=0/cf=2.08299,A_core,0.0,0.4,0.5,1.0,0.0,1.0,2.0829936590907905,sepsis,native,always_compile_evict,73123966.052,1.0,8.2,11.1,39.4,0.0,0.0,0.0,19.7,0.012,19.7,597017.852,always_compile_evict,1.0
h=0/q0=0.4/p=0.5/r=1/sig=0/cf=2.08299,A_core,0.0,0.4,0.5,1.0,0.0,1.0,2.0829936590907905,sepsis,native,ours_noinflate,73123966.052,1.0,8.2,11.1,39.4,0.0,0.0,0.0,19.7,0.012,19.7,597017.852,always_compile_evict,1.0
h=0/q0=0.4/p=0.5/r=1/sig=0/cf=2.08299,A_core,0.0,0.4,0.5,1.0,0.0,1.0,2.0829936590907905,sepsis,native,oracle_tax,73227933.755,1.001422,12.1,12.1,23.8,0.0,0.0,0.0,11.7,0.013,11.7,354574.055,always_compile_evict,1.0
h=0/q0=0.4/p=0.5/r=1/sig=0/cf=2.08299,A_core,0.0,0.4,0.5,1.0,0.0,1.0,2.0829936590907905,sepsis,native,ours_spend_cap,73123966.052,1.0,8.2,11.1,39.4,0.0,0.0,0.0,19.7,0.012,19.7,597017.852,always_compile_evict,1.0
h=0/q0=0.4/p=0.5/r=1/sig=0/cf=2.08299,A_core,0.0,0.4,0.5,1.0,0.0,1.0,2.0829936590907905,sepsis,native,ours_pi_prior,73138782.805,1.000203,8.1,11.1,39.2,0.0,0.0,0.0,19.6,0.012,19.6,593987.305,always_compile_evict,1.0
h=0/q0=0.4/p=0.5/r=1/sig=0/cf=2.08299,A_core,0.0,0.4,0.5,1.0,0.0,1.0,2.0829936590907905,sepsis,native,ours_both,73138782.805,1.000203,8.1,11.1,39.2,0.0,0.0,0.0,19.6,0.012,19.6,593987.305,always_compile_evict,1.0
h=0/q0=0.4/p=0.5/r=1/sig=0/cf=2.08299,A_core,0.0,0.4,0.5,1.0,0.0,1.0,2.0829936590907905,sepsis,native,breakeven,76231462.352,1.042496,3.0,5.6,39.4,0.0,0.0,0.0,19.7,0.008,19.7,597017.852,always_compile_evict,1.0
h=0/q0=0.4/p=0.5/r=1/sig=0/cf=2.08299,A_core,0.0,0.4,0.5,1.0,0.0,1.0,2.0829936590907905,sepsis,native,breakeven_cap,76231462.352,1.042496,3.0,5.6,39.4,0.0,0.0,0.0,19.7,0.008,19.7,597017.852,always_compile_evict,1.0
h=0/q0=0.4/p=0.5/r=1/sig=0/cf=2.08299,A_core,0.0,0.4,0.5,1.0,0.0,1.0,2.0829936590907905,sepsis,native,offline_taxblind,56053545.6,0.766555,,,,,,,,,,,always_compile_evict,1.0
h=0/q0=0.4/p=0.5/r=1/sig=0/cf=2.08299,A_core,0.0,0.4,0.5,1.0,0.0,1.0,2.0829936590907905,sepsis,native,offline_opt_tax,56864689.955,0.777648,,,,,,,,,,,always_compile_evict,1.0
h=0/q0=0.4/p=0.5/r=1/sig=0/cf=2.08299,A_core,0.0,0.4,0.5,1.0,0.0,1.0,2.0829936590907905,wiki_A,autorpa_233k,always_reactive,5261420180.0,2.030812,0.0,0.0,0.0,0.0,0.0,0.0,0.0,0.005,0.0,0.0,ours_noinflate,0.993067
h=0/q0=0.4/p=0.5/r=1/sig=0/cf=2.08299,A_core,0.0,0.4,0.5,1.0,0.0,1.0,2.0829936590907905,wiki_A,autorpa_233k,always_compile_evict,2608882761.219,1.006981,18.5,57.8,529.3,0.0,0.0,0.0,450.7,0.06,264.5,128371774.719,ours_noinflate,0.993067
h=0/q0=0.4/p=0.5/r=1/sig=0/cf=2.08299,A_core,0.0,0.4,0.5,1.0,0.0,1.0,2.0829936590907905,wiki_A,autorpa_233k,ours_noinflate,2590796427.054,1.0,15.5,45.8,286.2,0.0,0.0,0.0,227.5,0.047,144.2,69985670.754,ours_noinflate,0.993067
h=0/q0=0.4/p=0.5/r=1/sig=0/cf=2.08299,A_core,0.0,0.4,0.5,1.0,0.0,1.0,2.0829936590907905,wiki_A,autorpa_233k,oracle_tax,2592300313.596,1.00058,38.8,38.8,80.7,0.0,0.0,0.0,41.9,0.071,41.9,20335642.196,ours_noinflate,0.993067
h=0/q0=0.4/p=0.5/r=1/sig=0/cf=2.08299,A_core,0.0,0.4,0.5,1.0,0.0,1.0,2.0829936590907905,wiki_A,autorpa_233k,ours_spend_cap,2630009864.764,1.015136,15.2,45.2,279.6,0.0,0.0,0.0,222.6,0.045,140.2,68044320.664,ours_noinflate,0.993067
h=0/q0=0.4/p=0.5/r=1/sig=0/cf=2.08299,A_core,0.0,0.4,0.5,1.0,0.0,1.0,2.0829936590907905,wiki_A,autorpa_233k,ours_pi_prior,2683299162.117,1.035704,14.0,42.7,268.6,0.0,0.0,0.0,216.0,0.042,135.9,65957369.317,ours_noinflate,0.993067
h=0/q0=0.4/p=0.5/r=1/sig=0/cf=2.08299,A_core,0.0,0.4,0.5,1.0,0.0,1.0,2.0829936590907905,wiki_A,autorpa_233k,ours_both,2715562438.827,1.048157,13.1,41.4,260.9,0.0,0.0,0.0,210.2,0.04,131.9,64016019.227,ours_noinflate,0.993067
h=0/q0=0.4/p=0.5/r=1/sig=0/cf=2.08299,A_core,0.0,0.4,0.5,1.0,0.0,1.0,2.0829936590907905,wiki_A,autorpa_233k,breakeven,4340618054.561,1.675399,0.6,7.5,195.9,0.0,0.0,0.0,144.5,0.008,100.2,48630819.761,ours_noinflate,0.993067
h=0/q0=0.4/p=0.5/r=1/sig=0/cf=2.08299,A_core,0.0,0.4,0.5,1.0,0.0,1.0,2.0829936590907905,wiki_A,autorpa_233k,breakeven_cap,4357739049.08,1.682008,0.5,7.6,188.5,0.0,0.0,0.0,138.9,0.008,96.6,46883604.68,ours_noinflate,0.993067
h=0/q0=0.4/p=0.5/r=1/sig=0/cf=2.08299,A_core,0.0,0.4,0.5,1.0,0.0,1.0,2.0829936590907905,wiki_A,autorpa_233k,offline_taxblind,2340766704.0,0.903493,,,,,,,,,,,ours_noinflate,0.993067
h=0/q0=0.4/p=0.5/r=1/sig=0/cf=2.08299,A_core,0.0,0.4,0.5,1.0,0.0,1.0,2.0829936590907905,wiki_A,autorpa_233k,offline_opt_tax,2420116774.354,0.934121,,,,,,,,,,,ours_noinflate,0.993067
h=0/q0=0.4/p=0.5/r=1/sig=0/cf=2.08299,A_core,0.0,0.4,0.5,1.0,0.0,1.0,2.0829936590907905,wiki_A,native,always_reactive,5261420180.0,2.263102,0.0,0.0,0.0,0.0,0.0,0.0,0.0,0.005,0.0,0.0,always_compile_evict,1.0
h=0/q0=0.4/p=0.5/r=1/sig=0/cf=2.08299,A_core,0.0,0.4,0.5,1.0,0.0,1.0,2.0829936590907905,wiki_A,native,always_compile_evict,2324748351.17,0.999947,4.0,16.6,529.3,0.0,0.0,0.0,264.5,0.022,264.5,8015798.07,always_compile_evict,1.0
h=0/q0=0.4/p=0.5/r=1/sig=0/cf=2.08299,A_core,0.0,0.4,0.5,1.0,0.0,1.0,2.0829936590907905,wiki_A,native,ours_noinflate,2324871253.548,1.0,4.0,16.6,527.6,0.0,0.0,0.0,263.4,0.022,263.4,7982462.048,always_compile_evict,1.0
h=0/q0=0.4/p=0.5/r=1/sig=0/cf=2.08299,A_core,0.0,0.4,0.5,1.0,0.0,1.0,2.0829936590907905,wiki_A,native,oracle_tax,2564752741.933,1.103181,43.3,43.3,89.5,0.0,0.0,0.0,46.2,0.073,46.2,1400112.933,always_compile_evict,1.0
h=0/q0=0.4/p=0.5/r=1/sig=0/cf=2.08299,A_core,0.0,0.4,0.5,1.0,0.0,1.0,2.0829936590907905,wiki_A,native,ours_spend_cap,2325125614.748,1.000109,4.0,16.6,527.5,0.0,0.0,0.0,263.4,0.022,263.4,7982462.048,always_compile_evict,1.0
h=0/q0=0.4/p=0.5/r=1/sig=0/cf=2.08299,A_core,0.0,0.4,0.5,1.0,0.0,1.0,2.0829936590907905,wiki_A,native,ours_pi_prior,2325470244.751,1.000258,4.0,16.6,523.3,0.0,0.0,0.0,261.3,0.022,261.3,7918820.551,always_compile_evict,1.0
h=0/q0=0.4/p=0.5/r=1/sig=0/cf=2.08299,A_core,0.0,0.4,0.5,1.0,0.0,1.0,2.0829936590907905,wiki_A,native,ours_both,2325692754.551,1.000353,4.0,16.6,523.2,0.0,0.0,0.0,261.3,0.022,261.3,7918820.551,always_compile_evict,1.0
h=0/q0=0.4/p=0.5/r=1/sig=0/cf=2.08299,A_core,0.0,0.4,0.5,1.0,0.0,1.0,2.0829936590907905,wiki_A,native,breakeven,4343628429.77,1.868331,0.0,6.3,529.3,0.0,0.0,0.0,264.5,0.006,264.5,8015798.07,always_compile_evict,1.0
h=0/q0=0.4/p=0.5/r=1/sig=0/cf=2.08299,A_core,0.0,0.4,0.5,1.0,0.0,1.0,2.0829936590907905,wiki_A,native,breakeven_cap,4343638382.57,1.868335,0.0,6.3,529.2,0.0,0.0,0.0,264.5,0.006,264.5,8015798.07,always_compile_evict,1.0
h=0/q0=0.4/p=0.5/r=1/sig=0/cf=2.08299,A_core,0.0,0.4,0.5,1.0,0.0,1.0,2.0829936590907905,wiki_A,native,offline_taxblind,2215384153.2,0.952906,,,,,,,,,,,always_compile_evict,1.0
h=0/q0=0.4/p=0.5/r=1/sig=0/cf=2.08299,A_core,0.0,0.4,0.5,1.0,0.0,1.0,2.0829936590907905,wiki_A,native,offline_opt_tax,2235212258.69,0.961435,,,,,,,,,,,always_compile_evict,1.0
h=0/q0=0.4/p=0.5/r=1/sig=0/cf=2.08299,A_core,0.0,0.4,0.5,1.0,0.0,1.0,2.0829936590907905,wiki_B,autorpa_233k,always_reactive,7373315056.0,0.982024,0.0,0.0,0.0,0.0,0.0,0.0,0.0,0.005,0.0,0.0,always_reactive,0.922554
h=0/q0=0.4/p=0.5/r=1/sig=0/cf=2.08299,A_core,0.0,0.4,0.5,1.0,0.0,1.0,2.0829936590907905,wiki_B,autorpa_233k,always_compile_evict,7992281858.997,1.064462,112.1,129.4,2787.8,0.0,0.0,0.0,2632.5,0.103,1402.3,680588807.897,always_reactive,0.922554
h=0/q0=0.4/p=0.5/r=1/sig=0/cf=2.08299,A_core,0.0,0.4,0.5,1.0,0.0,1.0,2.0829936590907905,wiki_B,autorpa_233k,ours_noinflate,7508284183.592,1.0,100.0,113.2,1391.5,0.0,0.0,0.0,1290.7,0.083,704.2,341774683.392,always_reactive,0.922554
h=0/q0=0.4/p=0.5/r=1/sig=0/cf=2.08299,A_core,0.0,0.4,0.5,1.0,0.0,1.0,2.0829936590907905,wiki_B,autorpa_233k,oracle_tax,7013440462.643,0.934094,30.5,30.5,61.2,0.0,0.0,0.0,30.7,0.031,30.7,14899861.943,always_reactive,0.922554
h=0/q0=0.4/p=0.5/r=1/sig=0/cf=2.08299,A_core,0.0,0.4,0.5,1.0,0.0,1.0,2.0829936590907905,wiki_B,autorpa_233k,ours_spend_cap,7527898087.03,1.002612,98.6,110.5,1377.2,0.0,0.0,0.0,1279.2,0.081,697.0,338280253.23,always_reactive,0.922554
h=0/q0=0.4/p=0.5/r=1/sig=0/cf=2.08299,A_core,0.0,0.4,0.5,1.0,0.0,1.0,2.0829936590907905,wiki_B,autorpa_233k,ours_pi_prior,7480480352.314,0.996297,91.8,104.8,1278.5,0.0,0.0,0.0,1185.4,0.077,652.0,316440064.714,always_reactive,0.922554
h=0/q0=0.4/p=0.5/r=1/sig=0/cf=2.08299,A_core,0.0,0.4,0.5,1.0,0.0,1.0,2.0829936590907905,wiki_B,autorpa_233k,ours_both,7494102633.141,0.998111,90.6,102.2,1259.9,0.0,0.0,0.0,1169.5,0.075,642.1,311635223.241,always_reactive,0.922554
h=0/q0=0.4/p=0.5/r=1/sig=0/cf=2.08299,A_core,0.0,0.4,0.5,1.0,0.0,1.0,2.0829936590907905,wiki_B,autorpa_233k,breakeven,7499052163.655,0.99877,3.8,10.7,587.3,0.0,0.0,0.0,525.6,0.01,297.1,144193777.955,always_reactive,0.922554
h=0/q0=0.4/p=0.5/r=1/sig=0/cf=2.08299,A_core,0.0,0.4,0.5,1.0,0.0,1.0,2.0829936590907905,wiki_B,autorpa_233k,breakeven_cap,7501042842.408,0.999036,3.9,10.8,578.6,0.0,0.0,0.0,519.5,0.01,292.8,142106826.608,always_reactive,0.922554
h=0/q0=0.4/p=0.5/r=1/sig=0/cf=2.08299,A_core,0.0,0.4,0.5,1.0,0.0,1.0,2.0829936590907905,wiki_B,autorpa_233k,offline_taxblind,6451689780.8,0.859276,,,,,,,,,,,always_reactive,0.922554
h=0/q0=0.4/p=0.5/r=1/sig=0/cf=2.08299,A_core,0.0,0.4,0.5,1.0,0.0,1.0,2.0829936590907905,wiki_B,autorpa_233k,offline_opt_tax,6821869290.046,0.908579,,,,,,,,,,,always_reactive,0.922554
h=0/q0=0.4/p=0.5/r=1/sig=0/cf=2.08299,A_core,0.0,0.4,0.5,1.0,0.0,1.0,2.0829936590907905,wiki_B,native,always_reactive,7373315056.0,1.162708,0.0,0.0,0.0,0.0,0.0,0.0,0.0,0.005,0.0,0.0,always_compile_evict,1.0
h=0/q0=0.4/p=0.5/r=1/sig=0/cf=2.08299,A_core,0.0,0.4,0.5,1.0,0.0,1.0,2.0829936590907905,wiki_B,native,always_compile_evict,6341392369.436,0.999983,10.0,22.0,2787.8,0.0,0.0,0.0,1402.3,0.018,1402.3,42497367.236,always_compile_evict,1.0
h=0/q0=0.4/p=0.5/r=1/sig=0/cf=2.08299,A_core,0.0,0.4,0.5,1.0,0.0,1.0,2.0829936590907905,wiki_B,native,ours_noinflate,6341503238.752,1.0,10.0,22.0,2786.4,0.0,0.0,0.0,1401.7,0.018,1401.7,42479183.952,always_compile_evict,1.0
h=0/q0=0.4/p=0.5/r=1/sig=0/cf=2.08299,A_core,0.0,0.4,0.5,1.0,0.0,1.0,2.0829936590907905,wiki_B,native,oracle_tax,6994175835.107,1.102921,80.4,80.4,161.3,0.0,0.0,0.0,80.9,0.039,80.9,2451712.907,always_compile_evict,1.0
h=0/q0=0.4/p=0.5/r=1/sig=0/cf=2.08299,A_core,0.0,0.4,0.5,1.0,0.0,1.0,2.0829936590907905,wiki_B,native,ours_spend_cap,6341999652.962,1.000078,10.0,22.0,2785.2,0.0,0.0,0.0,1401.3,0.018,1401.3,42467061.762,always_compile_evict,1.0
h=0/q0=0.4/p=0.5/r=1/sig=0/cf=2.08299,A_core,0.0,0.4,0.5,1.0,0.0,1.0,2.0829936590907905,wiki_B,native,ours_pi_prior,6343722282.761,1.00035,10.0,22.0,2753.4,0.0,0.0,0.0,1385.5,0.018,1385.5,41988235.261,always_compile_evict,1.0
h=0/q0=0.4/p=0.5/r=1/sig=0/cf=2.08299,A_core,0.0,0.4,0.5,1.0,0.0,1.0,2.0829936590907905,wiki_B,native,ours_both,6344110203.071,1.000411,10.0,22.0,2752.4,0.0,0.0,0.0,1385.1,0.018,1385.1,41976113.071,always_compile_evict,1.0
h=0/q0=0.4/p=0.5/r=1/sig=0/cf=2.08299,A_core,0.0,0.4,0.5,1.0,0.0,1.0,2.0829936590907905,wiki_B,native,breakeven,7330203242.536,1.155909,0.0,6.8,2787.8,0.0,0.0,0.0,1402.3,0.006,1402.3,42497367.236,always_compile_evict,1.0
h=0/q0=0.4/p=0.5/r=1/sig=0/cf=2.08299,A_core,0.0,0.4,0.5,1.0,0.0,1.0,2.0829936590907905,wiki_B,native,breakeven_cap,7330215453.899,1.155911,0.0,6.8,2786.2,0.0,0.0,0.0,1401.8,0.006,1401.8,42482214.499,always_compile_evict,1.0
h=0/q0=0.4/p=0.5/r=1/sig=0/cf=2.08299,A_core,0.0,0.4,0.5,1.0,0.0,1.0,2.0829936590907905,wiki_B,native,offline_taxblind,5007262776.397,0.789602,,,,,,,,,,,always_compile_evict,1.0
h=0/q0=0.4/p=0.5/r=1/sig=0/cf=2.08299,A_core,0.0,0.4,0.5,1.0,0.0,1.0,2.0829936590907905,wiki_B,native,offline_opt_tax,5045716540.771,0.795666,,,,,,,,,,,always_compile_evict,1.0
h=0/q0=0.4/p=0/r=1/sig=0/cf=1,A_core,0.0,0.4,0.0,1.0,0.0,1.0,1.0,bpi2019,autorpa_233k,always_reactive,19497801224.0,0.951678,0.0,0.0,0.0,0.0,0.0,0.0,0.0,0.005,0.0,0.0,always_reactive,0.261097
h=0/q0=0.4/p=0/r=1/sig=0/cf=1,A_core,0.0,0.4,0.0,1.0,0.0,1.0,1.0,bpi2019,autorpa_233k,always_compile_evict,74676395224.0,3.644917,0.0,0.0,236818.0,0.0,0.0,0.0,236818.0,0.001,236818.0,55178594000.0,always_reactive,0.261097
h=0/q0=0.4/p=0/r=1/sig=0/cf=1,A_core,0.0,0.4,0.0,1.0,0.0,1.0,1.0,bpi2019,autorpa_233k,ours_noinflate,20487818224.0,1.0,0.0,0.0,4249.0,0.0,0.0,0.0,4249.0,0.005,4249.0,990017000.0,always_reactive,0.261097
h=0/q0=0.4/p=0/r=1/sig=0/cf=1,A_core,0.0,0.4,0.0,1.0,0.0,1.0,1.0,bpi2019,autorpa_233k,oracle_tax,19497801224.0,0.951678,0.0,0.0,0.0,0.0,0.0,0.0,0.0,0.005,0.0,0.0,always_reactive,0.261097
h=0/q0=0.4/p=0/r=1/sig=0/cf=1,A_core,0.0,0.4,0.0,1.0,0.0,1.0,1.0,bpi2019,autorpa_233k,ours_spend_cap,20487818224.0,1.0,0.0,0.0,4249.0,0.0,0.0,0.0,4249.0,0.005,4249.0,990017000.0,always_reactive,0.261097
h=0/q0=0.4/p=0/r=1/sig=0/cf=1,A_core,0.0,0.4,0.0,1.0,0.0,1.0,1.0,bpi2019,autorpa_233k,ours_pi_prior,20416986224.0,0.996543,0.0,0.0,3945.0,0.0,0.0,0.0,3945.0,0.005,3945.0,919185000.0,always_reactive,0.261097
h=0/q0=0.4/p=0/r=1/sig=0/cf=1,A_core,0.0,0.4,0.0,1.0,0.0,1.0,1.0,bpi2019,autorpa_233k,ours_both,20395317224.0,0.995485,0.0,0.0,3852.0,0.0,0.0,0.0,3852.0,0.005,3852.0,897516000.0,always_reactive,0.261097
h=0/q0=0.4/p=0/r=1/sig=0/cf=1,A_core,0.0,0.4,0.0,1.0,0.0,1.0,1.0,bpi2019,autorpa_233k,breakeven,30055497224.0,1.466994,0.0,0.0,45312.0,0.0,0.0,0.0,45312.0,0.003,45312.0,10557696000.0,always_reactive,0.261097
h=0/q0=0.4/p=0/r=1/sig=0/cf=1,A_core,0.0,0.4,0.0,1.0,0.0,1.0,1.0,bpi2019,autorpa_233k,breakeven_cap,20177695224.0,0.984863,0.0,0.0,2918.0,0.0,0.0,0.0,2918.0,0.005,2918.0,679894000.0,always_reactive,0.261097
h=0/q0=0.4/p=0/r=1/sig=0/cf=1,A_core,0.0,0.4,0.0,1.0,0.0,1.0,1.0,bpi2019,autorpa_233k,offline_taxblind,19497801224.0,0.951678,,,,,,,,,,,always_reactive,0.261097
h=0/q0=0.4/p=0/r=1/sig=0/cf=1,A_core,0.0,0.4,0.0,1.0,0.0,1.0,1.0,bpi2019,autorpa_233k,offline_opt_tax,19497801224.0,0.951678,,,,,,,,,,,always_reactive,0.261097
h=0/q0=0.4/p=0/r=1/sig=0/cf=1,A_core,0.0,0.4,0.0,1.0,0.0,1.0,1.0,bpi2019,native,always_reactive,19497801224.0,0.97571,0.0,0.0,0.0,0.0,0.0,0.0,0.0,0.005,0.0,0.0,always_reactive,0.849827
h=0/q0=0.4/p=0/r=1/sig=0/cf=1,A_core,0.0,0.4,0.0,1.0,0.0,1.0,1.0,bpi2019,native,always_compile_evict,22943266306.0,1.148128,0.0,0.0,236818.0,0.0,0.0,0.0,236818.0,0.004,236818.0,3445465082.0,always_reactive,0.849827
h=0/q0=0.4/p=0/r=1/sig=0/cf=1,A_core,0.0,0.4,0.0,1.0,0.0,1.0,1.0,bpi2019,native,ours_noinflate,19983199511.0,1.0,0.0,0.0,33363.0,0.0,0.0,0.0,33363.0,0.005,33363.0,485398287.0,always_reactive,0.849827
h=0/q0=0.4/p=0/r=1/sig=0/cf=1,A_core,0.0,0.4,0.0,1.0,0.0,1.0,1.0,bpi2019,native,oracle_tax,19497801224.0,0.97571,0.0,0.0,0.0,0.0,0.0,0.0,0.0,0.005,0.0,0.0,always_reactive,0.849827
h=0/q0=0.4/p=0/r=1/sig=0/cf=1,A_core,0.0,0.4,0.0,1.0,0.0,1.0,1.0,bpi2019,native,ours_spend_cap,19983199511.0,1.0,0.0,0.0,33363.0,0.0,0.0,0.0,33363.0,0.005,33363.0,485398287.0,always_reactive,0.849827
h=0/q0=0.4/p=0/r=1/sig=0/cf=1,A_core,0.0,0.4,0.0,1.0,0.0,1.0,1.0,bpi2019,native,ours_pi_prior,19957127703.0,0.998695,0.0,0.0,31571.0,0.0,0.0,0.0,31571.0,0.005,31571.0,459326479.0,always_reactive,0.849827
h=0/q0=0.4/p=0/r=1/sig=0/cf=1,A_core,0.0,0.4,0.0,1.0,0.0,1.0,1.0,bpi2019,native,ours_both,19928029703.0,0.997239,0.0,0.0,29571.0,0.0,0.0,0.0,29571.0,0.005,29571.0,430228479.0,always_reactive,0.849827
h=0/q0=0.4/p=0/r=1/sig=0/cf=1,A_core,0.0,0.4,0.0,1.0,0.0,1.0,1.0,bpi2019,native,breakeven,22943266306.0,1.148128,0.0,0.0,236818.0,0.0,0.0,0.0,236818.0,0.004,236818.0,3445465082.0,always_reactive,0.849827
h=0/q0=0.4/p=0/r=1/sig=0/cf=1,A_core,0.0,0.4,0.0,1.0,0.0,1.0,1.0,bpi2019,native,breakeven_cap,19993645693.0,1.000523,0.0,0.0,34081.0,0.0,0.0,0.0,34081.0,0.005,34081.0,495844469.0,always_reactive,0.849827
h=0/q0=0.4/p=0/r=1/sig=0/cf=1,A_core,0.0,0.4,0.0,1.0,0.0,1.0,1.0,bpi2019,native,offline_taxblind,19497801224.0,0.97571,,,,,,,,,,,always_reactive,0.849827
h=0/q0=0.4/p=0/r=1/sig=0/cf=1,A_core,0.0,0.4,0.0,1.0,0.0,1.0,1.0,bpi2019,native,offline_opt_tax,19497801224.0,0.97571,,,,,,,,,,,always_reactive,0.849827
h=0/q0=0.4/p=0/r=1/sig=0/cf=1,A_core,0.0,0.4,0.0,1.0,0.0,1.0,1.0,sepsis,autorpa_233k,always_reactive,77101119.0,0.943005,0.0,0.0,0.0,0.0,0.0,0.0,0.0,0.005,0.0,0.0,always_reactive,0.699729
h=0/q0=0.4/p=0/r=1/sig=0/cf=1,A_core,0.0,0.4,0.0,1.0,0.0,1.0,1.0,sepsis,autorpa_233k,always_compile_evict,110187119.0,1.347671,0.0,0.0,142.0,0.0,0.0,0.0,142.0,0.004,142.0,33086000.0,always_reactive,0.699729
h=0/q0=0.4/p=0/r=1/sig=0/cf=1,A_core,0.0,0.4,0.0,1.0,0.0,1.0,1.0,sepsis,autorpa_233k,ours_noinflate,81761119.0,1.0,0.0,0.0,20.0,0.0,0.0,0.0,20.0,0.005,20.0,4660000.0,always_reactive,0.699729
h=0/q0=0.4/p=0/r=1/sig=0/cf=1,A_core,0.0,0.4,0.0,1.0,0.0,1.0,1.0,sepsis,autorpa_233k,oracle_tax,77101119.0,0.943005,0.0,0.0,0.0,0.0,0.0,0.0,0.0,0.005,0.0,0.0,always_reactive,0.699729
h=0/q0=0.4/p=0/r=1/sig=0/cf=1,A_core,0.0,0.4,0.0,1.0,0.0,1.0,1.0,sepsis,autorpa_233k,ours_spend_cap,81761119.0,1.0,0.0,0.0,20.0,0.0,0.0,0.0,20.0,0.005,20.0,4660000.0,always_reactive,0.699729
h=0/q0=0.4/p=0/r=1/sig=0/cf=1,A_core,0.0,0.4,0.0,1.0,0.0,1.0,1.0,sepsis,autorpa_233k,ours_pi_prior,82693119.0,1.011399,0.0,0.0,24.0,0.0,0.0,0.0,24.0,0.005,24.0,5592000.0,always_reactive,0.699729
h=0/q0=0.4/p=0/r=1/sig=0/cf=1,A_core,0.0,0.4,0.0,1.0,0.0,1.0,1.0,sepsis,autorpa_233k,ours_both,82693119.0,1.011399,0.0,0.0,24.0,0.0,0.0,0.0,24.0,0.005,24.0,5592000.0,always_reactive,0.699729
h=0/q0=0.4/p=0/r=1/sig=0/cf=1,A_core,0.0,0.4,0.0,1.0,0.0,1.0,1.0,sepsis,autorpa_233k,breakeven,79897119.0,0.977202,0.0,0.0,12.0,0.0,0.0,0.0,12.0,0.005,12.0,2796000.0,always_reactive,0.699729
h=0/q0=0.4/p=0/r=1/sig=0/cf=1,A_core,0.0,0.4,0.0,1.0,0.0,1.0,1.0,sepsis,autorpa_233k,breakeven_cap,79897119.0,0.977202,0.0,0.0,12.0,0.0,0.0,0.0,12.0,0.005,12.0,2796000.0,always_reactive,0.699729
h=0/q0=0.4/p=0/r=1/sig=0/cf=1,A_core,0.0,0.4,0.0,1.0,0.0,1.0,1.0,sepsis,autorpa_233k,offline_taxblind,77101119.0,0.943005,,,,,,,,,,,always_reactive,0.699729
h=0/q0=0.4/p=0/r=1/sig=0/cf=1,A_core,0.0,0.4,0.0,1.0,0.0,1.0,1.0,sepsis,autorpa_233k,offline_opt_tax,77101119.0,0.943005,,,,,,,,,,,always_reactive,0.699729
h=0/q0=0.4/p=0/r=1/sig=0/cf=1,A_core,0.0,0.4,0.0,1.0,0.0,1.0,1.0,sepsis,native,always_reactive,77101119.0,0.973904,0.0,0.0,0.0,0.0,0.0,0.0,0.0,0.005,0.0,0.0,always_reactive,0.973904
h=0/q0=0.4/p=0/r=1/sig=0/cf=1,A_core,0.0,0.4,0.0,1.0,0.0,1.0,1.0,sepsis,native,always_compile_evict,79167077.0,1.0,0.0,0.0,142.0,0.0,0.0,0.0,142.0,0.005,142.0,2065958.0,always_reactive,0.973904
h=0/q0=0.4/p=0/r=1/sig=0/cf=1,A_core,0.0,0.4,0.0,1.0,0.0,1.0,1.0,sepsis,native,ours_noinflate,79167077.0,1.0,0.0,0.0,142.0,0.0,0.0,0.0,142.0,0.005,142.0,2065958.0,always_reactive,0.973904
h=0/q0=0.4/p=0/r=1/sig=0/cf=1,A_core,0.0,0.4,0.0,1.0,0.0,1.0,1.0,sepsis,native,oracle_tax,77101119.0,0.973904,0.0,0.0,0.0,0.0,0.0,0.0,0.0,0.005,0.0,0.0,always_reactive,0.973904
h=0/q0=0.4/p=0/r=1/sig=0/cf=1,A_core,0.0,0.4,0.0,1.0,0.0,1.0,1.0,sepsis,native,ours_spend_cap,79167077.0,1.0,0.0,0.0,142.0,0.0,0.0,0.0,142.0,0.005,142.0,2065958.0,always_reactive,0.973904
h=0/q0=0.4/p=0/r=1/sig=0/cf=1,A_core,0.0,0.4,0.0,1.0,0.0,1.0,1.0,sepsis,native,ours_pi_prior,79152528.0,0.999816,0.0,0.0,141.0,0.0,0.0,0.0,141.0,0.005,141.0,2051409.0,always_reactive,0.973904
h=0/q0=0.4/p=0/r=1/sig=0/cf=1,A_core,0.0,0.4,0.0,1.0,0.0,1.0,1.0,sepsis,native,ours_both,79152528.0,0.999816,0.0,0.0,141.0,0.0,0.0,0.0,141.0,0.005,141.0,2051409.0,always_reactive,0.973904
h=0/q0=0.4/p=0/r=1/sig=0/cf=1,A_core,0.0,0.4,0.0,1.0,0.0,1.0,1.0,sepsis,native,breakeven,79167077.0,1.0,0.0,0.0,142.0,0.0,0.0,0.0,142.0,0.005,142.0,2065958.0,always_reactive,0.973904
h=0/q0=0.4/p=0/r=1/sig=0/cf=1,A_core,0.0,0.4,0.0,1.0,0.0,1.0,1.0,sepsis,native,breakeven_cap,79167077.0,1.0,0.0,0.0,142.0,0.0,0.0,0.0,142.0,0.005,142.0,2065958.0,always_reactive,0.973904
h=0/q0=0.4/p=0/r=1/sig=0/cf=1,A_core,0.0,0.4,0.0,1.0,0.0,1.0,1.0,sepsis,native,offline_taxblind,77101119.0,0.973904,,,,,,,,,,,always_reactive,0.973904
h=0/q0=0.4/p=0/r=1/sig=0/cf=1,A_core,0.0,0.4,0.0,1.0,0.0,1.0,1.0,sepsis,native,offline_opt_tax,77101119.0,0.973904,,,,,,,,,,,always_reactive,0.973904
h=0/q0=0.4/p=0/r=1/sig=0/cf=1,A_core,0.0,0.4,0.0,1.0,0.0,1.0,1.0,wiki_A,autorpa_233k,always_reactive,5261420180.0,0.964588,0.0,0.0,0.0,0.0,0.0,0.0,0.0,0.005,0.0,0.0,always_reactive,0.265211
h=0/q0=0.4/p=0/r=1/sig=0/cf=1,A_core,0.0,0.4,0.0,1.0,0.0,1.0,1.0,wiki_A,autorpa_233k,always_compile_evict,19838599180.0,3.637055,0.0,0.0,62563.0,0.0,0.0,0.0,62563.0,0.001,62563.0,14577179000.0,always_reactive,0.265211
h=0/q0=0.4/p=0/r=1/sig=0/cf=1,A_core,0.0,0.4,0.0,1.0,0.0,1.0,1.0,wiki_A,autorpa_233k,ours_noinflate,5454577180.0,1.0,0.0,0.0,829.0,0.0,0.0,0.0,829.0,0.004,829.0,193157000.0,always_reactive,0.265211
h=0/q0=0.4/p=0/r=1/sig=0/cf=1,A_core,0.0,0.4,0.0,1.0,0.0,1.0,1.0,wiki_A,autorpa_233k,oracle_tax,5261420180.0,0.964588,0.0,0.0,0.0,0.0,0.0,0.0,0.0,0.005,0.0,0.0,always_reactive,0.265211
h=0/q0=0.4/p=0/r=1/sig=0/cf=1,A_core,0.0,0.4,0.0,1.0,0.0,1.0,1.0,wiki_A,autorpa_233k,ours_spend_cap,5454577180.0,1.0,0.0,0.0,829.0,0.0,0.0,0.0,829.0,0.004,829.0,193157000.0,always_reactive,0.265211
h=0/q0=0.4/p=0/r=1/sig=0/cf=1,A_core,0.0,0.4,0.0,1.0,0.0,1.0,1.0,wiki_A,autorpa_233k,ours_pi_prior,5452247180.0,0.999573,0.0,0.0,819.0,0.0,0.0,0.0,819.0,0.004,819.0,190827000.0,always_reactive,0.265211
h=0/q0=0.4/p=0/r=1/sig=0/cf=1,A_core,0.0,0.4,0.0,1.0,0.0,1.0,1.0,wiki_A,autorpa_233k,ours_both,5444558180.0,0.998163,0.0,0.0,786.0,0.0,0.0,0.0,786.0,0.004,786.0,183138000.0,always_reactive,0.265211
h=0/q0=0.4/p=0/r=1/sig=0/cf=1,A_core,0.0,0.4,0.0,1.0,0.0,1.0,1.0,wiki_A,autorpa_233k,breakeven,8190929180.0,1.501662,0.0,0.0,12573.0,0.0,0.0,0.0,12573.0,0.003,12573.0,2929509000.0,always_reactive,0.265211
h=0/q0=0.4/p=0/r=1/sig=0/cf=1,A_core,0.0,0.4,0.0,1.0,0.0,1.0,1.0,wiki_A,autorpa_233k,breakeven_cap,5418229180.0,0.993336,0.0,0.0,673.0,0.0,0.0,0.0,673.0,0.004,673.0,156809000.0,always_reactive,0.265211
h=0/q0=0.4/p=0/r=1/sig=0/cf=1,A_core,0.0,0.4,0.0,1.0,0.0,1.0,1.0,wiki_A,autorpa_233k,offline_taxblind,5261420180.0,0.964588,,,,,,,,,,,always_reactive,0.265211
h=0/q0=0.4/p=0/r=1/sig=0/cf=1,A_core,0.0,0.4,0.0,1.0,0.0,1.0,1.0,wiki_A,autorpa_233k,offline_opt_tax,5261420180.0,0.964588,,,,,,,,,,,always_reactive,0.265211
h=0/q0=0.4/p=0/r=1/sig=0/cf=1,A_core,0.0,0.4,0.0,1.0,0.0,1.0,1.0,wiki_A,native,always_reactive,5261420180.0,0.979366,0.0,0.0,0.0,0.0,0.0,0.0,0.0,0.005,0.0,0.0,always_reactive,0.852514
h=0/q0=0.4/p=0/r=1/sig=0/cf=1,A_core,0.0,0.4,0.0,1.0,0.0,1.0,1.0,wiki_A,native,always_compile_evict,6171649267.0,1.148798,0.0,0.0,62563.0,0.0,0.0,0.0,62563.0,0.004,62563.0,910229087.0,always_reactive,0.852514
h=0/q0=0.4/p=0/r=1/sig=0/cf=1,A_core,0.0,0.4,0.0,1.0,0.0,1.0,1.0,wiki_A,native,ours_noinflate,5372269011.0,1.0,0.0,0.0,7619.0,0.0,0.0,0.0,7619.0,0.004,7619.0,110848831.0,always_reactive,0.852514
h=0/q0=0.4/p=0/r=1/sig=0/cf=1,A_core,0.0,0.4,0.0,1.0,0.0,1.0,1.0,wiki_A,native,oracle_tax,5261420180.0,0.979366,0.0,0.0,0.0,0.0,0.0,0.0,0.0,0.005,0.0,0.0,always_reactive,0.852514
h=0/q0=0.4/p=0/r=1/sig=0/cf=1,A_core,0.0,0.4,0.0,1.0,0.0,1.0,1.0,wiki_A,native,ours_spend_cap,5372269011.0,1.0,0.0,0.0,7619.0,0.0,0.0,0.0,7619.0,0.004,7619.0,110848831.0,always_reactive,0.852514
h=0/q0=0.4/p=0/r=1/sig=0/cf=1,A_core,0.0,0.4,0.0,1.0,0.0,1.0,1.0,wiki_A,native,ours_pi_prior,5365940196.0,0.998822,0.0,0.0,7184.0,0.0,0.0,0.0,7184.0,0.004,7184.0,104520016.0,always_reactive,0.852514
h=0/q0=0.4/p=0/r=1/sig=0/cf=1,A_core,0.0,0.4,0.0,1.0,0.0,1.0,1.0,wiki_A,native,ours_both,5358141932.0,0.99737,0.0,0.0,6648.0,0.0,0.0,0.0,6648.0,0.005,6648.0,96721752.0,always_reactive,0.852514
h=0/q0=0.4/p=0/r=1/sig=0/cf=1,A_core,0.0,0.4,0.0,1.0,0.0,1.0,1.0,wiki_A,native,breakeven,6171649267.0,1.148798,0.0,0.0,62563.0,0.0,0.0,0.0,62563.0,0.004,62563.0,910229087.0,always_reactive,0.852514
h=0/q0=0.4/p=0/r=1/sig=0/cf=1,A_core,0.0,0.4,0.0,1.0,0.0,1.0,1.0,wiki_A,native,breakeven_cap,5373811205.0,1.000287,0.0,0.0,7725.0,0.0,0.0,0.0,7725.0,0.004,7725.0,112391025.0,always_reactive,0.852514
h=0/q0=0.4/p=0/r=1/sig=0/cf=1,A_core,0.0,0.4,0.0,1.0,0.0,1.0,1.0,wiki_A,native,offline_taxblind,5261420180.0,0.979366,,,,,,,,,,,always_reactive,0.852514
h=0/q0=0.4/p=0/r=1/sig=0/cf=1,A_core,0.0,0.4,0.0,1.0,0.0,1.0,1.0,wiki_A,native,offline_opt_tax,5261420180.0,0.979366,,,,,,,,,,,always_reactive,0.852514
h=0/q0=0.4/p=0/r=1/sig=0/cf=1,A_core,0.0,0.4,0.0,1.0,0.0,1.0,1.0,wiki_B,autorpa_233k,always_reactive,7373315056.0,0.905489,0.0,0.0,0.0,0.0,0.0,0.0,0.0,0.005,0.0,0.0,always_reactive,0.529607
h=0/q0=0.4/p=0/r=1/sig=0/cf=1,A_core,0.0,0.4,0.0,1.0,0.0,1.0,1.0,wiki_B,autorpa_233k,always_compile_evict,13922246056.0,1.709738,0.0,0.0,28107.0,0.0,0.0,0.0,28107.0,0.003,28107.0,6548931000.0,always_reactive,0.529607
h=0/q0=0.4/p=0/r=1/sig=0/cf=1,A_core,0.0,0.4,0.0,1.0,0.0,1.0,1.0,wiki_B,autorpa_233k,ours_noinflate,8142914056.0,1.0,0.0,0.0,3303.0,0.0,0.0,0.0,3303.0,0.005,3303.0,769599000.0,always_reactive,0.529607
h=0/q0=0.4/p=0/r=1/sig=0/cf=1,A_core,0.0,0.4,0.0,1.0,0.0,1.0,1.0,wiki_B,autorpa_233k,oracle_tax,7373315056.0,0.905489,0.0,0.0,0.0,0.0,0.0,0.0,0.0,0.005,0.0,0.0,always_reactive,0.529607
h=0/q0=0.4/p=0/r=1/sig=0/cf=1,A_core,0.0,0.4,0.0,1.0,0.0,1.0,1.0,wiki_B,autorpa_233k,ours_spend_cap,8142914056.0,1.0,0.0,0.0,3303.0,0.0,0.0,0.0,3303.0,0.005,3303.0,769599000.0,always_reactive,0.529607
h=0/q0=0.4/p=0/r=1/sig=0/cf=1,A_core,0.0,0.4,0.0,1.0,0.0,1.0,1.0,wiki_B,autorpa_233k,ours_pi_prior,8085596056.0,0.992961,0.0,0.0,3057.0,0.0,0.0,0.0,3057.0,0.005,3057.0,712281000.0,always_reactive,0.529607
h=0/q0=0.4/p=0/r=1/sig=0/cf=1,A_core,0.0,0.4,0.0,1.0,0.0,1.0,1.0,wiki_B,autorpa_233k,ours_both,8071150056.0,0.991187,0.0,0.0,2995.0,0.0,0.0,0.0,2995.0,0.005,2995.0,697835000.0,always_reactive,0.529607
h=0/q0=0.4/p=0/r=1/sig=0/cf=1,A_core,0.0,0.4,0.0,1.0,0.0,1.0,1.0,wiki_B,autorpa_233k,breakeven,8321159056.0,1.02189,0.0,0.0,4068.0,0.0,0.0,0.0,4068.0,0.004,4068.0,947844000.0,always_reactive,0.529607
h=0/q0=0.4/p=0/r=1/sig=0/cf=1,A_core,0.0,0.4,0.0,1.0,0.0,1.0,1.0,wiki_B,autorpa_233k,breakeven_cap,7737494056.0,0.950212,0.0,0.0,1563.0,0.0,0.0,0.0,1563.0,0.005,1563.0,364179000.0,always_reactive,0.529607
h=0/q0=0.4/p=0/r=1/sig=0/cf=1,A_core,0.0,0.4,0.0,1.0,0.0,1.0,1.0,wiki_B,autorpa_233k,offline_taxblind,7373315056.0,0.905489,,,,,,,,,,,always_reactive,0.529607
h=0/q0=0.4/p=0/r=1/sig=0/cf=1,A_core,0.0,0.4,0.0,1.0,0.0,1.0,1.0,wiki_B,autorpa_233k,offline_opt_tax,7373315056.0,0.905489,,,,,,,,,,,always_reactive,0.529607
h=0/q0=0.4/p=0/r=1/sig=0/cf=1,A_core,0.0,0.4,0.0,1.0,0.0,1.0,1.0,wiki_B,native,always_reactive,7373315056.0,0.964339,0.0,0.0,0.0,0.0,0.0,0.0,0.0,0.005,0.0,0.0,always_reactive,0.947454
h=0/q0=0.4/p=0/r=1/sig=0/cf=1,A_core,0.0,0.4,0.0,1.0,0.0,1.0,1.0,wiki_B,native,always_compile_evict,7782243799.0,1.017822,0.0,0.0,28107.0,0.0,0.0,0.0,28107.0,0.005,28107.0,408928743.0,always_reactive,0.947454
h=0/q0=0.4/p=0/r=1/sig=0/cf=1,A_core,0.0,0.4,0.0,1.0,0.0,1.0,1.0,wiki_B,native,ours_noinflate,7645977865.0,1.0,0.0,0.0,18741.0,0.0,0.0,0.0,18741.0,0.005,18741.0,272662809.0,always_reactive,0.947454
h=0/q0=0.4/p=0/r=1/sig=0/cf=1,A_core,0.0,0.4,0.0,1.0,0.0,1.0,1.0,wiki_B,native,oracle_tax,7373315056.0,0.964339,0.0,0.0,0.0,0.0,0.0,0.0,0.0,0.005,0.0,0.0,always_reactive,0.947454
h=0/q0=0.4/p=0/r=1/sig=0/cf=1,A_core,0.0,0.4,0.0,1.0,0.0,1.0,1.0,wiki_B,native,ours_spend_cap,7645977865.0,1.0,0.0,0.0,18741.0,0.0,0.0,0.0,18741.0,0.005,18741.0,272662809.0,always_reactive,0.947454
h=0/q0=0.4/p=0/r=1/sig=0/cf=1,A_core,0.0,0.4,0.0,1.0,0.0,1.0,1.0,wiki_B,native,ours_pi_prior,7632185413.0,0.998196,0.0,0.0,17793.0,0.0,0.0,0.0,17793.0,0.005,17793.0,258870357.0,always_reactive,0.947454
h=0/q0=0.4/p=0/r=1/sig=0/cf=1,A_core,0.0,0.4,0.0,1.0,0.0,1.0,1.0,wiki_B,native,ours_both,7626191225.0,0.997412,0.0,0.0,17381.0,0.0,0.0,0.0,17381.0,0.005,17381.0,252876169.0,always_reactive,0.947454
h=0/q0=0.4/p=0/r=1/sig=0/cf=1,A_core,0.0,0.4,0.0,1.0,0.0,1.0,1.0,wiki_B,native,breakeven,7782243799.0,1.017822,0.0,0.0,28107.0,0.0,0.0,0.0,28107.0,0.005,28107.0,408928743.0,always_reactive,0.947454
h=0/q0=0.4/p=0/r=1/sig=0/cf=1,A_core,0.0,0.4,0.0,1.0,0.0,1.0,1.0,wiki_B,native,breakeven_cap,7649178645.0,1.000419,0.0,0.0,18961.0,0.0,0.0,0.0,18961.0,0.005,18961.0,275863589.0,always_reactive,0.947454
h=0/q0=0.4/p=0/r=1/sig=0/cf=1,A_core,0.0,0.4,0.0,1.0,0.0,1.0,1.0,wiki_B,native,offline_taxblind,7373315056.0,0.964339,,,,,,,,,,,always_reactive,0.947454
h=0/q0=0.4/p=0/r=1/sig=0/cf=1,A_core,0.0,0.4,0.0,1.0,0.0,1.0,1.0,wiki_B,native,offline_opt_tax,7373315056.0,0.964339,,,,,,,,,,,always_reactive,0.947454
h=0/q0=0.4/p=0/r=1/sig=0/cf=2.08299,A_core,0.0,0.4,0.0,1.0,0.0,1.0,2.0829936590907905,bpi2019,autorpa_233k,always_reactive,19497801224.0,0.904351,0.0,0.0,0.0,0.0,0.0,0.0,0.0,0.005,0.0,0.0,always_reactive,0.145036
h=0/q0=0.4/p=0/r=1/sig=0/cf=2.08299,A_core,0.0,0.4,0.0,1.0,0.0,1.0,2.0829936590907905,bpi2019,autorpa_233k,always_compile_evict,134434462643.453,6.235365,0.0,0.0,236818.0,0.0,0.0,0.0,236818.0,0.001,236818.0,114936661419.52,always_reactive,0.145036
h=0/q0=0.4/p=0/r=1/sig=0/cf=2.08299,A_core,0.0,0.4,0.0,1.0,0.0,1.0,2.0829936590907905,bpi2019,autorpa_233k,ours_noinflate,21560000357.391,1.0,0.0,0.0,4249.0,0.0,0.0,0.0,4249.0,0.004,4249.0,2062199133.392,always_reactive,0.145036
h=0/q0=0.4/p=0/r=1/sig=0/cf=2.08299,A_core,0.0,0.4,0.0,1.0,0.0,1.0,2.0829936590907905,bpi2019,autorpa_233k,oracle_tax,19497801224.0,0.904351,0.0,0.0,0.0,0.0,0.0,0.0,0.0,0.005,0.0,0.0,always_reactive,0.145036
h=0/q0=0.4/p=0/r=1/sig=0/cf=2.08299,A_core,0.0,0.4,0.0,1.0,0.0,1.0,2.0829936590907905,bpi2019,autorpa_233k,ours_spend_cap,21092134985.635,0.978299,0.0,0.0,3285.0,0.0,0.0,0.0,3285.0,0.004,3285.0,1594333761.636,always_reactive,0.145036
h=0/q0=0.4/p=0/r=1/sig=0/cf=2.08299,A_core,0.0,0.4,0.0,1.0,0.0,1.0,2.0829936590907905,bpi2019,autorpa_233k,ours_pi_prior,21412457750.53,0.993157,0.0,0.0,3945.0,0.0,0.0,0.0,3945.0,0.004,3945.0,1914656526.531,always_reactive,0.145036
h=0/q0=0.4/p=0/r=1/sig=0/cf=2.08299,A_core,0.0,0.4,0.0,1.0,0.0,1.0,2.0829936590907905,bpi2019,autorpa_233k,ours_both,20816948610.339,0.965536,0.0,0.0,2718.0,0.0,0.0,0.0,2718.0,0.004,2718.0,1319147386.34,always_reactive,0.145036
h=0/q0=0.4/p=0/r=1/sig=0/cf=2.08299,A_core,0.0,0.4,0.0,1.0,0.0,1.0,2.0829936590907905,bpi2019,autorpa_233k,breakeven,41489415046.592,1.92437,0.0,0.0,45312.0,0.0,0.0,0.0,45312.0,0.002,45312.0,21991613822.607,always_reactive,0.145036
h=0/q0=0.4/p=0/r=1/sig=0/cf=2.08299,A_core,0.0,0.4,0.0,1.0,0.0,1.0,2.0829936590907905,bpi2019,autorpa_233k,breakeven_cap,20416545154.221,0.946964,0.0,0.0,1893.0,0.0,0.0,0.0,1893.0,0.005,1893.0,918743930.222,always_reactive,0.145036
h=0/q0=0.4/p=0/r=1/sig=0/cf=2.08299,A_core,0.0,0.4,0.0,1.0,0.0,1.0,2.0829936590907905,bpi2019,autorpa_233k,offline_taxblind,19497801224.0,0.904351,,,,,,,,,,,always_reactive,0.145036
h=0/q0=0.4/p=0/r=1/sig=0/cf=2.08299,A_core,0.0,0.4,0.0,1.0,0.0,1.0,2.0829936590907905,bpi2019,autorpa_233k,offline_opt_tax,19497801224.0,0.904351,,,,,,,,,,,always_reactive,0.145036
h=0/q0=0.4/p=0/r=1/sig=0/cf=2.08299,A_core,0.0,0.4,0.0,1.0,0.0,1.0,2.0829936590907905,bpi2019,native,always_reactive,19497801224.0,0.9507,0.0,0.0,0.0,0.0,0.0,0.0,0.0,0.005,0.0,0.0,always_reactive,0.730948
h=0/q0=0.4/p=0/r=1/sig=0/cf=2.08299,A_core,0.0,0.4,0.0,1.0,0.0,1.0,2.0829936590907905,bpi2019,native,always_compile_evict,26674683142.511,1.30064,0.0,0.0,236818.0,0.0,0.0,0.0,236818.0,0.003,236818.0,7176881918.426,always_reactive,0.730948
h=0/q0=0.4/p=0/r=1/sig=0/cf=2.08299,A_core,0.0,0.4,0.0,1.0,0.0,1.0,2.0829936590907905,bpi2019,native,ours_noinflate,20508882777.964,1.0,0.0,0.0,33363.0,0.0,0.0,0.0,33363.0,0.005,33363.0,1011081553.955,always_reactive,0.730948
h=0/q0=0.4/p=0/r=1/sig=0/cf=2.08299,A_core,0.0,0.4,0.0,1.0,0.0,1.0,2.0829936590907905,bpi2019,native,oracle_tax,19497801224.0,0.9507,0.0,0.0,0.0,0.0,0.0,0.0,0.0,0.005,0.0,0.0,always_reactive,0.730948
h=0/q0=0.4/p=0/r=1/sig=0/cf=2.08299,A_core,0.0,0.4,0.0,1.0,0.0,1.0,2.0829936590907905,bpi2019,native,ours_spend_cap,20234254565.812,0.986609,0.0,0.0,24301.0,0.0,0.0,0.0,24301.0,0.005,24301.0,736453341.805,always_reactive,0.730948
h=0/q0=0.4/p=0/r=1/sig=0/cf=2.08299,A_core,0.0,0.4,0.0,1.0,0.0,1.0,2.0829936590907905,bpi2019,native,ours_pi_prior,20454575367.218,0.997352,0.0,0.0,31571.0,0.0,0.0,0.0,31571.0,0.005,31571.0,956774143.209,always_reactive,0.730948
h=0/q0=0.4/p=0/r=1/sig=0/cf=2.08299,A_core,0.0,0.4,0.0,1.0,0.0,1.0,2.0829936590907905,bpi2019,native,ours_both,20197918301.591,0.984838,0.0,0.0,23102.0,0.0,0.0,0.0,23102.0,0.005,23102.0,700117077.585,always_reactive,0.730948
h=0/q0=0.4/p=0/r=1/sig=0/cf=2.08299,A_core,0.0,0.4,0.0,1.0,0.0,1.0,2.0829936590907905,bpi2019,native,breakeven,26674683142.511,1.30064,0.0,0.0,236818.0,0.0,0.0,0.0,236818.0,0.003,236818.0,7176881918.426,always_reactive,0.730948
h=0/q0=0.4/p=0/r=1/sig=0/cf=2.08299,A_core,0.0,0.4,0.0,1.0,0.0,1.0,2.0829936590907905,bpi2019,native,breakeven_cap,20236921447.59,0.986739,0.0,0.0,24389.0,0.0,0.0,0.0,24389.0,0.005,24389.0,739120223.583,always_reactive,0.730948
h=0/q0=0.4/p=0/r=1/sig=0/cf=2.08299,A_core,0.0,0.4,0.0,1.0,0.0,1.0,2.0829936590907905,bpi2019,native,offline_taxblind,19497801224.0,0.9507,,,,,,,,,,,always_reactive,0.730948
h=0/q0=0.4/p=0/r=1/sig=0/cf=2.08299,A_core,0.0,0.4,0.0,1.0,0.0,1.0,2.0829936590907905,bpi2019,native,offline_opt_tax,19497801224.0,0.9507,,,,,,,,,,,always_reactive,0.730948
h=0/q0=0.4/p=0/r=1/sig=0/cf=2.08299,A_core,0.0,0.4,0.0,1.0,0.0,1.0,2.0829936590907905,sepsis,autorpa_233k,always_reactive,77101119.0,0.888181,0.0,0.0,0.0,0.0,0.0,0.0,0.0,0.005,0.0,0.0,always_reactive,0.528021
h=0/q0=0.4/p=0/r=1/sig=0/cf=2.08299,A_core,0.0,0.4,0.0,1.0,0.0,1.0,2.0829936590907905,sepsis,autorpa_233k,always_compile_evict,146019047.205,1.682095,0.0,0.0,142.0,0.0,0.0,0.0,142.0,0.003,142.0,68917928.205,always_reactive,0.528021
h=0/q0=0.4/p=0/r=1/sig=0/cf=2.08299,A_core,0.0,0.4,0.0,1.0,0.0,1.0,2.0829936590907905,sepsis,autorpa_233k,ours_noinflate,86807869.451,1.0,0.0,0.0,20.0,0.0,0.0,0.0,20.0,0.004,20.0,9706750.451,always_reactive,0.528021
h=0/q0=0.4/p=0/r=1/sig=0/cf=2.08299,A_core,0.0,0.4,0.0,1.0,0.0,1.0,2.0829936590907905,sepsis,autorpa_233k,oracle_tax,77101119.0,0.888181,0.0,0.0,0.0,0.0,0.0,0.0,0.0,0.005,0.0,0.0,always_reactive,0.528021
h=0/q0=0.4/p=0/r=1/sig=0/cf=2.08299,A_core,0.0,0.4,0.0,1.0,0.0,1.0,2.0829936590907905,sepsis,autorpa_233k,ours_spend_cap,84381181.839,0.972045,0.0,0.0,15.0,0.0,0.0,0.0,15.0,0.005,15.0,7280062.839,always_reactive,0.528021
h=0/q0=0.4/p=0/r=1/sig=0/cf=2.08299,A_core,0.0,0.4,0.0,1.0,0.0,1.0,2.0829936590907905,sepsis,autorpa_233k,ours_pi_prior,88749219.542,1.022364,0.0,0.0,24.0,0.0,0.0,0.0,24.0,0.004,24.0,11648100.542,always_reactive,0.528021
h=0/q0=0.4/p=0/r=1/sig=0/cf=2.08299,A_core,0.0,0.4,0.0,1.0,0.0,1.0,2.0829936590907905,sepsis,autorpa_233k,ours_both,84381181.839,0.972045,0.0,0.0,15.0,0.0,0.0,0.0,15.0,0.005,15.0,7280062.839,always_reactive,0.528021
h=0/q0=0.4/p=0/r=1/sig=0/cf=2.08299,A_core,0.0,0.4,0.0,1.0,0.0,1.0,2.0829936590907905,sepsis,autorpa_233k,breakeven,82925169.271,0.955272,0.0,0.0,12.0,0.0,0.0,0.0,12.0,0.005,12.0,5824050.271,always_reactive,0.528021
h=0/q0=0.4/p=0/r=1/sig=0/cf=2.08299,A_core,0.0,0.4,0.0,1.0,0.0,1.0,2.0829936590907905,sepsis,autorpa_233k,breakeven_cap,82439831.748,0.949682,0.0,0.0,11.0,0.0,0.0,0.0,11.0,0.005,11.0,5338712.748,always_reactive,0.528021
h=0/q0=0.4/p=0/r=1/sig=0/cf=2.08299,A_core,0.0,0.4,0.0,1.0,0.0,1.0,2.0829936590907905,sepsis,autorpa_233k,offline_taxblind,77101119.0,0.888181,,,,,,,,,,,always_reactive,0.528021
h=0/q0=0.4/p=0/r=1/sig=0/cf=2.08299,A_core,0.0,0.4,0.0,1.0,0.0,1.0,2.0829936590907905,sepsis,autorpa_233k,offline_opt_tax,77101119.0,0.888181,,,,,,,,,,,always_reactive,0.528021
h=0/q0=0.4/p=0/r=1/sig=0/cf=2.08299,A_core,0.0,0.4,0.0,1.0,0.0,1.0,2.0829936590907905,sepsis,native,always_reactive,77101119.0,0.947136,0.0,0.0,0.0,0.0,0.0,0.0,0.0,0.005,0.0,0.0,always_reactive,0.947136
h=0/q0=0.4/p=0/r=1/sig=0/cf=2.08299,A_core,0.0,0.4,0.0,1.0,0.0,1.0,2.0829936590907905,sepsis,native,always_compile_evict,81404496.414,1.0,0.0,0.0,142.0,0.0,0.0,0.0,142.0,0.005,142.0,4303377.414,always_reactive,0.947136
h=0/q0=0.4/p=0/r=1/sig=0/cf=2.08299,A_core,0.0,0.4,0.0,1.0,0.0,1.0,2.0829936590907905,sepsis,native,ours_noinflate,81404496.414,1.0,0.0,0.0,142.0,0.0,0.0,0.0,142.0,0.005,142.0,4303377.414,always_reactive,0.947136
h=0/q0=0.4/p=0/r=1/sig=0/cf=2.08299,A_core,0.0,0.4,0.0,1.0,0.0,1.0,2.0829936590907905,sepsis,native,oracle_tax,77101119.0,0.947136,0.0,0.0,0.0,0.0,0.0,0.0,0.0,0.005,0.0,0.0,always_reactive,0.947136
h=0/q0=0.4/p=0/r=1/sig=0/cf=2.08299,A_core,0.0,0.4,0.0,1.0,0.0,1.0,2.0829936590907905,sepsis,native,ours_spend_cap,81343885.464,0.999255,0.0,0.0,140.0,0.0,0.0,0.0,140.0,0.005,140.0,4242766.464,always_reactive,0.947136
h=0/q0=0.4/p=0/r=1/sig=0/cf=2.08299,A_core,0.0,0.4,0.0,1.0,0.0,1.0,2.0829936590907905,sepsis,native,ours_pi_prior,81374190.939,0.999628,0.0,0.0,141.0,0.0,0.0,0.0,141.0,0.005,141.0,4273071.939,always_reactive,0.947136
h=0/q0=0.4/p=0/r=1/sig=0/cf=2.08299,A_core,0.0,0.4,0.0,1.0,0.0,1.0,2.0829936590907905,sepsis,native,ours_both,81313579.99,0.998883,0.0,0.0,139.0,0.0,0.0,0.0,139.0,0.005,139.0,4212460.99,always_reactive,0.947136
h=0/q0=0.4/p=0/r=1/sig=0/cf=2.08299,A_core,0.0,0.4,0.0,1.0,0.0,1.0,2.0829936590907905,sepsis,native,breakeven,81404496.414,1.0,0.0,0.0,142.0,0.0,0.0,0.0,142.0,0.005,142.0,4303377.414,always_reactive,0.947136
h=0/q0=0.4/p=0/r=1/sig=0/cf=2.08299,A_core,0.0,0.4,0.0,1.0,0.0,1.0,2.0829936590907905,sepsis,native,breakeven_cap,81343885.464,0.999255,0.0,0.0,140.0,0.0,0.0,0.0,140.0,0.005,140.0,4242766.464,always_reactive,0.947136
h=0/q0=0.4/p=0/r=1/sig=0/cf=2.08299,A_core,0.0,0.4,0.0,1.0,0.0,1.0,2.0829936590907905,sepsis,native,offline_taxblind,77101119.0,0.947136,,,,,,,,,,,always_reactive,0.947136
h=0/q0=0.4/p=0/r=1/sig=0/cf=2.08299,A_core,0.0,0.4,0.0,1.0,0.0,1.0,2.0829936590907905,sepsis,native,offline_opt_tax,77101119.0,0.947136,,,,,,,,,,,always_reactive,0.947136
h=0/q0=0.4/p=0/r=1/sig=0/cf=2.08299,A_core,0.0,0.4,0.0,1.0,0.0,1.0,2.0829936590907905,wiki_A,autorpa_233k,always_reactive,5261420180.0,0.928962,0.0,0.0,0.0,0.0,0.0,0.0,0.0,0.005,0.0,0.0,always_reactive,0.147687
h=0/q0=0.4/p=0/r=1/sig=0/cf=2.08299,A_core,0.0,0.4,0.0,1.0,0.0,1.0,2.0829936590907905,wiki_A,autorpa_233k,always_compile_evict,35625591604.41,6.29009,0.0,0.0,62563.0,0.0,0.0,0.0,62563.0,0.001,62563.0,30364171424.423,always_reactive,0.147687
h=0/q0=0.4/p=0/r=1/sig=0/cf=2.08299,A_core,0.0,0.4,0.0,1.0,0.0,1.0,2.0829936590907905,wiki_A,autorpa_233k,ours_noinflate,5663764986.209,1.0,0.0,0.0,829.0,0.0,0.0,0.0,829.0,0.004,829.0,402344806.209,always_reactive,0.147687
h=0/q0=0.4/p=0/r=1/sig=0/cf=2.08299,A_core,0.0,0.4,0.0,1.0,0.0,1.0,2.0829936590907905,wiki_A,autorpa_233k,oracle_tax,5261420180.0,0.928962,0.0,0.0,0.0,0.0,0.0,0.0,0.0,0.005,0.0,0.0,always_reactive,0.147687
h=0/q0=0.4/p=0/r=1/sig=0/cf=2.08299,A_core,0.0,0.4,0.0,1.0,0.0,1.0,2.0829936590907905,wiki_A,autorpa_233k,ours_spend_cap,5553593368.586,0.980548,0.0,0.0,602.0,0.0,0.0,0.0,602.0,0.004,602.0,292173188.586,always_reactive,0.147687
h=0/q0=0.4/p=0/r=1/sig=0/cf=2.08299,A_core,0.0,0.4,0.0,1.0,0.0,1.0,2.0829936590907905,wiki_A,autorpa_233k,ours_pi_prior,5658911610.983,0.999143,0.0,0.0,819.0,0.0,0.0,0.0,819.0,0.004,819.0,397491430.983,always_reactive,0.147687
h=0/q0=0.4/p=0/r=1/sig=0/cf=2.08299,A_core,0.0,0.4,0.0,1.0,0.0,1.0,2.0829936590907905,wiki_A,autorpa_233k,ours_both,5508456978.987,0.972579,0.0,0.0,509.0,0.0,0.0,0.0,509.0,0.004,509.0,247036798.987,always_reactive,0.147687
h=0/q0=0.4/p=0/r=1/sig=0/cf=2.08299,A_core,0.0,0.4,0.0,1.0,0.0,1.0,2.0829936590907905,wiki_A,autorpa_233k,breakeven,11363568851.246,2.006363,0.0,0.0,12573.0,0.0,0.0,0.0,12573.0,0.002,12573.0,6102148671.25,always_reactive,0.147687
h=0/q0=0.4/p=0/r=1/sig=0/cf=2.08299,A_core,0.0,0.4,0.0,1.0,0.0,1.0,2.0829936590907905,wiki_A,autorpa_233k,breakeven_cap,5460408564.253,0.964095,0.0,0.0,410.0,0.0,0.0,0.0,410.0,0.004,410.0,198988384.253,always_reactive,0.147687
h=0/q0=0.4/p=0/r=1/sig=0/cf=2.08299,A_core,0.0,0.4,0.0,1.0,0.0,1.0,2.0829936590907905,wiki_A,autorpa_233k,offline_taxblind,5261420180.0,0.928962,,,,,,,,,,,always_reactive,0.147687
h=0/q0=0.4/p=0/r=1/sig=0/cf=2.08299,A_core,0.0,0.4,0.0,1.0,0.0,1.0,2.0829936590907905,wiki_A,autorpa_233k,offline_opt_tax,5261420180.0,0.928962,,,,,,,,,,,always_reactive,0.147687
h=0/q0=0.4/p=0/r=1/sig=0/cf=2.08299,A_core,0.0,0.4,0.0,1.0,0.0,1.0,2.0829936590907905,wiki_A,native,always_reactive,5261420180.0,0.95796,0.0,0.0,0.0,0.0,0.0,0.0,0.0,0.005,0.0,0.0,always_reactive,0.7351
h=0/q0=0.4/p=0/r=1/sig=0/cf=2.08299,A_core,0.0,0.4,0.0,1.0,0.0,1.0,2.0829936590907905,wiki_A,native,always_compile_evict,7157421596.536,1.30317,0.0,0.0,62563.0,0.0,0.0,0.0,62563.0,0.003,62563.0,1896001416.541,always_reactive,0.7351
h=0/q0=0.4/p=0/r=1/sig=0/cf=2.08299,A_core,0.0,0.4,0.0,1.0,0.0,1.0,2.0829936590907905,wiki_A,native,ours_noinflate,5492317592.091,1.0,0.0,0.0,7619.0,0.0,0.0,0.0,7619.0,0.004,7619.0,230897412.091,always_reactive,0.7351
h=0/q0=0.4/p=0/r=1/sig=0/cf=2.08299,A_core,0.0,0.4,0.0,1.0,0.0,1.0,2.0829936590907905,wiki_A,native,oracle_tax,5261420180.0,0.95796,0.0,0.0,0.0,0.0,0.0,0.0,0.0,0.005,0.0,0.0,always_reactive,0.7351
h=0/q0=0.4/p=0/r=1/sig=0/cf=2.08299,A_core,0.0,0.4,0.0,1.0,0.0,1.0,2.0829936590907905,wiki_A,native,ours_spend_cap,5422948360.397,0.98737,0.0,0.0,5330.0,0.0,0.0,0.0,5330.0,0.004,5330.0,161528180.397,always_reactive,0.7351
h=0/q0=0.4/p=0/r=1/sig=0/cf=2.08299,A_core,0.0,0.4,0.0,1.0,0.0,1.0,2.0829936590907905,wiki_A,native,ours_pi_prior,5479134710.576,0.9976,0.0,0.0,7184.0,0.0,0.0,0.0,7184.0,0.004,7184.0,217714530.576,always_reactive,0.7351
h=0/q0=0.4/p=0/r=1/sig=0/cf=2.08299,A_core,0.0,0.4,0.0,1.0,0.0,1.0,2.0829936590907905,wiki_A,native,ours_both,5415129547.912,0.985946,0.0,0.0,5072.0,0.0,0.0,0.0,5072.0,0.004,5072.0,153709367.912,always_reactive,0.7351
h=0/q0=0.4/p=0/r=1/sig=0/cf=2.08299,A_core,0.0,0.4,0.0,1.0,0.0,1.0,2.0829936590907905,wiki_A,native,breakeven,7157421596.536,1.30317,0.0,0.0,62563.0,0.0,0.0,0.0,62563.0,0.003,62563.0,1896001416.541,always_reactive,0.7351
h=0/q0=0.4/p=0/r=1/sig=0/cf=2.08299,A_core,0.0,0.4,0.0,1.0,0.0,1.0,2.0829936590907905,wiki_A,native,breakeven_cap,5423008971.346,0.987381,0.0,0.0,5332.0,0.0,0.0,0.0,5332.0,0.004,5332.0,161588791.346,always_reactive,0.7351
h=0/q0=0.4/p=0/r=1/sig=0/cf=2.08299,A_core,0.0,0.4,0.0,1.0,0.0,1.0,2.0829936590907905,wiki_A,native,offline_taxblind,5261420180.0,0.95796,,,,,,,,,,,always_reactive,0.7351
h=0/q0=0.4/p=0/r=1/sig=0/cf=2.08299,A_core,0.0,0.4,0.0,1.0,0.0,1.0,2.0829936590907905,wiki_A,native,offline_opt_tax,5261420180.0,0.95796,,,,,,,,,,,always_reactive,0.7351
h=0/q0=0.4/p=0/r=1/sig=0/cf=2.08299,A_core,0.0,0.4,0.0,1.0,0.0,1.0,2.0829936590907905,wiki_B,autorpa_233k,always_reactive,7373315056.0,0.821413,0.0,0.0,0.0,0.0,0.0,0.0,0.0,0.005,0.0,0.0,always_reactive,0.350865
h=0/q0=0.4/p=0/r=1/sig=0/cf=2.08299,A_core,0.0,0.4,0.0,1.0,0.0,1.0,2.0829936590907905,wiki_B,autorpa_233k,always_compile_evict,21014696802.814,2.341109,0.0,0.0,28107.0,0.0,0.0,0.0,28107.0,0.002,28107.0,13641381746.823,always_reactive,0.350865
h=0/q0=0.4/p=0/r=1/sig=0/cf=2.08299,A_core,0.0,0.4,0.0,1.0,0.0,1.0,2.0829936590907905,wiki_B,autorpa_233k,ours_noinflate,8976384893.042,1.0,0.0,0.0,3303.0,0.0,0.0,0.0,3303.0,0.004,3303.0,1603069837.043,always_reactive,0.350865
h=0/q0=0.4/p=0/r=1/sig=0/cf=2.08299,A_core,0.0,0.4,0.0,1.0,0.0,1.0,2.0829936590907905,wiki_B,autorpa_233k,oracle_tax,7373315056.0,0.821413,0.0,0.0,0.0,0.0,0.0,0.0,0.0,0.005,0.0,0.0,always_reactive,0.350865
h=0/q0=0.4/p=0/r=1/sig=0/cf=2.08299,A_core,0.0,0.4,0.0,1.0,0.0,1.0,2.0829936590907905,wiki_B,autorpa_233k,ours_spend_cap,8653635440.534,0.964045,0.0,0.0,2638.0,0.0,0.0,0.0,2638.0,0.004,2638.0,1280320384.535,always_reactive,0.350865
h=0/q0=0.4/p=0/r=1/sig=0/cf=2.08299,A_core,0.0,0.4,0.0,1.0,0.0,1.0,2.0829936590907905,wiki_B,autorpa_233k,ours_pi_prior,8856991862.49,0.986699,0.0,0.0,3057.0,0.0,0.0,0.0,3057.0,0.004,3057.0,1483676806.491,always_reactive,0.350865
h=0/q0=0.4/p=0/r=1/sig=0/cf=2.08299,A_core,0.0,0.4,0.0,1.0,0.0,1.0,2.0829936590907905,wiki_B,autorpa_233k,ours_both,8449308343.533,0.941282,0.0,0.0,2217.0,0.0,0.0,0.0,2217.0,0.004,2217.0,1075993287.534,always_reactive,0.350865
h=0/q0=0.4/p=0/r=1/sig=0/cf=2.08299,A_core,0.0,0.4,0.0,1.0,0.0,1.0,2.0829936590907905,wiki_B,autorpa_233k,breakeven,9347668097.806,1.041362,0.0,0.0,4068.0,0.0,0.0,0.0,4068.0,0.004,4068.0,1974353041.807,always_reactive,0.350865
h=0/q0=0.4/p=0/r=1/sig=0/cf=2.08299,A_core,0.0,0.4,0.0,1.0,0.0,1.0,2.0829936590907905,wiki_B,autorpa_233k,breakeven_cap,7901847618.077,0.880293,0.0,0.0,1089.0,0.0,0.0,0.0,1089.0,0.005,1089.0,528532562.077,always_reactive,0.350865
h=0/q0=0.4/p=0/r=1/sig=0/cf=2.08299,A_core,0.0,0.4,0.0,1.0,0.0,1.0,2.0829936590907905,wiki_B,autorpa_233k,offline_taxblind,7373315056.0,0.821413,,,,,,,,,,,always_reactive,0.350865
h=0/q0=0.4/p=0/r=1/sig=0/cf=2.08299,A_core,0.0,0.4,0.0,1.0,0.0,1.0,2.0829936590907905,wiki_B,autorpa_233k,offline_opt_tax,7373315056.0,0.821413,,,,,,,,,,,always_reactive,0.350865
h=0/q0=0.4/p=0/r=1/sig=0/cf=2.08299,A_core,0.0,0.4,0.0,1.0,0.0,1.0,2.0829936590907905,wiki_B,native,always_reactive,7373315056.0,0.928481,0.0,0.0,0.0,0.0,0.0,0.0,0.0,0.005,0.0,0.0,always_reactive,0.89644
h=0/q0=0.4/p=0/r=1/sig=0/cf=2.08299,A_core,0.0,0.4,0.0,1.0,0.0,1.0,2.0829936590907905,wiki_B,native,always_compile_evict,8225111034.685,1.035743,0.0,0.0,28107.0,0.0,0.0,0.0,28107.0,0.004,28107.0,851795978.689,always_reactive,0.89644
h=0/q0=0.4/p=0/r=1/sig=0/cf=2.08299,A_core,0.0,0.4,0.0,1.0,0.0,1.0,2.0829936590907905,wiki_B,native,ours_noinflate,7941269958.215,1.0,0.0,0.0,18741.0,0.0,0.0,0.0,18741.0,0.005,18741.0,567954902.217,always_reactive,0.89644
h=0/q0=0.4/p=0/r=1/sig=0/cf=2.08299,A_core,0.0,0.4,0.0,1.0,0.0,1.0,2.0829936590907905,wiki_B,native,oracle_tax,7373315056.0,0.928481,0.0,0.0,0.0,0.0,0.0,0.0,0.0,0.005,0.0,0.0,always_reactive,0.89644
h=0/q0=0.4/p=0/r=1/sig=0/cf=2.08299,A_core,0.0,0.4,0.0,1.0,0.0,1.0,2.0829936590907905,wiki_B,native,ours_spend_cap,7838352565.977,0.98704,0.0,0.0,15345.0,0.0,0.0,0.0,15345.0,0.005,15345.0,465037509.979,always_reactive,0.89644
h=0/q0=0.4/p=0/r=1/sig=0/cf=2.08299,A_core,0.0,0.4,0.0,1.0,0.0,1.0,2.0829936590907905,wiki_B,native,ours_pi_prior,7912540368.155,0.996382,0.0,0.0,17793.0,0.0,0.0,0.0,17793.0,0.005,17793.0,539225312.158,always_reactive,0.89644
h=0/q0=0.4/p=0/r=1/sig=0/cf=2.08299,A_core,0.0,0.4,0.0,1.0,0.0,1.0,2.0829936590907905,wiki_B,native,ours_both,7821926998.665,0.984972,0.0,0.0,14803.0,0.0,0.0,0.0,14803.0,0.005,14803.0,448611942.667,always_reactive,0.89644
h=0/q0=0.4/p=0/r=1/sig=0/cf=2.08299,A_core,0.0,0.4,0.0,1.0,0.0,1.0,2.0829936590907905,wiki_B,native,breakeven,8225111034.685,1.035743,0.0,0.0,28107.0,0.0,0.0,0.0,28107.0,0.004,28107.0,851795978.689,always_reactive,0.89644
h=0/q0=0.4/p=0/r=1/sig=0/cf=2.08299,A_core,0.0,0.4,0.0,1.0,0.0,1.0,2.0829936590907905,wiki_B,native,breakeven_cap,7838473787.876,0.987055,0.0,0.0,15349.0,0.0,0.0,0.0,15349.0,0.005,15349.0,465158731.878,always_reactive,0.89644
h=0/q0=0.4/p=0/r=1/sig=0/cf=2.08299,A_core,0.0,0.4,0.0,1.0,0.0,1.0,2.0829936590907905,wiki_B,native,offline_taxblind,7373315056.0,0.928481,,,,,,,,,,,always_reactive,0.89644
h=0/q0=0.4/p=0/r=1/sig=0/cf=2.08299,A_core,0.0,0.4,0.0,1.0,0.0,1.0,2.0829936590907905,wiki_B,native,offline_opt_tax,7373315056.0,0.928481,,,,,,,,,,,always_reactive,0.89644
h=0/q0=0.4/p=1/r=1/sig=0.3/cf=1,D_sigma,0.0,0.4,1.0,1.0,0.3,3.0,1.0,bpi2019,autorpa_233k,always_reactive,19497801224.0,1.342039,0.0,0.0,0.0,0.0,0.0,0.0,0.0,0.005,0.0,0.0,ours_noinflate,0.994077
h=0/q0=0.4/p=1/r=1/sig=0.3/cf=1,D_sigma,0.0,0.4,1.0,1.0,0.3,3.0,1.0,bpi2019,autorpa_233k,always_compile_evict,14615048272.2,1.005958,57.0,86.0,1902.0,0.0,28407.8,94739.8,1624.0,0.088,0.0,0.0,ours_noinflate,0.994077
h=0/q0=0.4/p=1/r=1/sig=0.3/cf=1,D_sigma,0.0,0.4,1.0,1.0,0.3,3.0,1.0,bpi2019,autorpa_233k,ours_noinflate,14528489117.6,1.0,55.0,84.0,839.0,0.0,27236.3,90835.4,679.0,0.082,0.0,0.0,ours_noinflate,0.994077
h=0/q0=0.4/p=1/r=1/sig=0.3/cf=1,D_sigma,0.0,0.4,1.0,1.0,0.3,3.0,1.0,bpi2019,autorpa_233k,oracle_tax,14619430599.9,1.00626,70.0,70.0,70.0,0.0,24415.0,81403.9,0.0,0.059,0.0,0.0,ours_noinflate,0.994077
h=0/q0=0.4/p=1/r=1/sig=0.3/cf=1,D_sigma,0.0,0.4,1.0,1.0,0.3,3.0,1.0,bpi2019,autorpa_233k,ours_spend_cap,14528489117.6,1.0,55.0,84.0,839.0,0.0,27236.3,90835.4,679.0,0.082,0.0,0.0,ours_noinflate,0.994077
h=0/q0=0.4/p=1/r=1/sig=0.3/cf=1,D_sigma,0.0,0.4,1.0,1.0,0.3,3.0,1.0,bpi2019,autorpa_233k,ours_pi_prior,15436040905.4,1.062467,49.0,63.0,680.0,0.0,20371.0,67970.0,550.0,0.065,0.0,0.0,ours_noinflate,0.994077
h=0/q0=0.4/p=1/r=1/sig=0.3/cf=1,D_sigma,0.0,0.4,1.0,1.0,0.3,3.0,1.0,bpi2019,autorpa_233k,ours_both,15436040905.4,1.062467,49.0,63.0,680.0,0.0,20371.0,67970.0,550.0,0.065,0.0,0.0,ours_noinflate,0.994077
h=0/q0=0.4/p=1/r=1/sig=0.3/cf=1,D_sigma,0.0,0.4,1.0,1.0,0.3,3.0,1.0,bpi2019,autorpa_233k,breakeven,19533333988.2,1.344485,2.0,6.0,398.0,0.0,396.1,1279.9,333.0,0.006,0.0,0.0,ours_noinflate,0.994077
h=0/q0=0.4/p=1/r=1/sig=0.3/cf=1,D_sigma,0.0,0.4,1.0,1.0,0.3,3.0,1.0,bpi2019,autorpa_233k,breakeven_cap,19533333988.2,1.344485,2.0,6.0,398.0,0.0,396.1,1279.9,333.0,0.006,0.0,0.0,ours_noinflate,0.994077
h=0/q0=0.4/p=1/r=1/sig=0.3/cf=1,D_sigma,0.0,0.4,1.0,1.0,0.3,3.0,1.0,bpi2019,autorpa_233k,offline_taxblind,13190988291.122,0.907939,,,,,,,,,,,ours_noinflate,0.994077
h=0/q0=0.4/p=1/r=1/sig=0.3/cf=1,D_sigma,0.0,0.4,1.0,1.0,0.3,3.0,1.0,bpi2019,autorpa_233k,offline_opt_tax,13628420182.9,0.938048,,,,,,,,,,,ours_noinflate,0.994077
h=0/q0=0.4/p=1/r=1/sig=0.3/cf=1,D_sigma,0.0,0.4,1.0,1.0,0.3,3.0,1.0,bpi2019,native,always_reactive,19497801224.0,1.483813,0.0,0.0,0.0,0.0,0.0,0.0,0.0,0.005,0.0,0.0,always_compile_evict,1.0
h=0/q0=0.4/p=1/r=1/sig=0.3/cf=1,D_sigma,0.0,0.4,1.0,1.0,0.3,3.0,1.0,bpi2019,native,always_compile_evict,13128931007.2,0.999132,4.0,19.0,1902.0,0.0,28407.8,94739.8,0.0,0.016,0.0,0.0,always_compile_evict,1.0
h=0/q0=0.4/p=1/r=1/sig=0.3/cf=1,D_sigma,0.0,0.4,1.0,1.0,0.3,3.0,1.0,bpi2019,native,ours_noinflate,13140335981.9,1.0,4.0,19.0,1801.0,0.0,28342.9,94528.5,0.0,0.016,0.0,0.0,always_compile_evict,1.0
h=0/q0=0.4/p=1/r=1/sig=0.3/cf=1,D_sigma,0.0,0.4,1.0,1.0,0.3,3.0,1.0,bpi2019,native,oracle_tax,14605111143.7,1.111472,83.0,83.0,83.0,0.0,24470.1,81597.4,0.0,0.06,0.0,0.0,always_compile_evict,1.0
h=0/q0=0.4/p=1/r=1/sig=0.3/cf=1,D_sigma,0.0,0.4,1.0,1.0,0.3,3.0,1.0,bpi2019,native,ours_spend_cap,13140335981.9,1.0,4.0,19.0,1801.0,0.0,28342.9,94528.5,0.0,0.016,0.0,0.0,always_compile_evict,1.0
h=0/q0=0.4/p=1/r=1/sig=0.3/cf=1,D_sigma,0.0,0.4,1.0,1.0,0.3,3.0,1.0,bpi2019,native,ours_pi_prior,13146341260.1,1.000457,4.0,19.0,1729.0,0.0,28304.0,94403.5,0.0,0.016,0.0,0.0,always_compile_evict,1.0
h=0/q0=0.4/p=1/r=1/sig=0.3/cf=1,D_sigma,0.0,0.4,1.0,1.0,0.3,3.0,1.0,bpi2019,native,ours_both,13146341260.1,1.000457,4.0,19.0,1729.0,0.0,28304.0,94403.5,0.0,0.016,0.0,0.0,always_compile_evict,1.0
h=0/q0=0.4/p=1/r=1/sig=0.3/cf=1,D_sigma,0.0,0.4,1.0,1.0,0.3,3.0,1.0,bpi2019,native,breakeven,19390932669.0,1.47568,0.0,5.0,1902.0,0.0,646.6,2143.0,2.0,0.005,0.0,0.0,always_compile_evict,1.0
h=0/q0=0.4/p=1/r=1/sig=0.3/cf=1,D_sigma,0.0,0.4,1.0,1.0,0.3,3.0,1.0,bpi2019,native,breakeven_cap,19390932669.0,1.47568,0.0,5.0,1902.0,0.0,646.6,2143.0,2.0,0.005,0.0,0.0,always_compile_evict,1.0
h=0/q0=0.4/p=1/r=1/sig=0.3/cf=1,D_sigma,0.0,0.4,1.0,1.0,0.3,3.0,1.0,bpi2019,native,offline_taxblind,12773489378.687,0.972082,,,,,,,,,,,always_compile_evict,1.0
h=0/q0=0.4/p=1/r=1/sig=0.3/cf=1,D_sigma,0.0,0.4,1.0,1.0,0.3,3.0,1.0,bpi2019,native,offline_opt_tax,12872011096.378,0.97958,,,,,,,,,,,always_compile_evict,1.0
h=0/q0=0.4/p=1/r=1/sig=0.3/cf=1,D_sigma,0.0,0.4,1.0,1.0,0.3,3.0,1.0,sepsis,autorpa_233k,always_reactive,77101119.0,0.999004,0.0,0.0,0.0,0.0,0.0,0.0,0.0,0.005,0.0,0.0,breakeven,0.953789
h=0/q0=0.4/p=1/r=1/sig=0.3/cf=1,D_sigma,0.0,0.4,1.0,1.0,0.3,3.0,1.0,sepsis,autorpa_233k,always_compile_evict,80769127.6,1.046531,19.0,20.0,27.0,0.0,16.9,57.6,22.0,0.017,0.0,0.0,breakeven,0.953789
h=0/q0=0.4/p=1/r=1/sig=0.3/cf=1,D_sigma,0.0,0.4,1.0,1.0,0.3,3.0,1.0,sepsis,autorpa_233k,ours_noinflate,77177950.2,1.0,3.0,3.0,3.0,0.0,3.7,12.5,1.0,0.006,0.0,0.0,breakeven,0.953789
h=0/q0=0.4/p=1/r=1/sig=0.3/cf=1,D_sigma,0.0,0.4,1.0,1.0,0.3,3.0,1.0,sepsis,autorpa_233k,oracle_tax,76164060.3,0.986863,5.0,5.0,5.0,0.0,12.0,37.7,0.0,0.01,0.0,0.0,breakeven,0.953789
h=0/q0=0.4/p=1/r=1/sig=0.3/cf=1,D_sigma,0.0,0.4,1.0,1.0,0.3,3.0,1.0,sepsis,autorpa_233k,ours_spend_cap,77177950.2,1.0,3.0,3.0,3.0,0.0,3.7,12.5,1.0,0.006,0.0,0.0,breakeven,0.953789
h=0/q0=0.4/p=1/r=1/sig=0.3/cf=1,D_sigma,0.0,0.4,1.0,1.0,0.3,3.0,1.0,sepsis,autorpa_233k,ours_pi_prior,77378806.2,1.002603,4.0,4.0,4.0,0.0,4.8,15.3,2.0,0.006,0.0,0.0,breakeven,0.953789
h=0/q0=0.4/p=1/r=1/sig=0.3/cf=1,D_sigma,0.0,0.4,1.0,1.0,0.3,3.0,1.0,sepsis,autorpa_233k,ours_both,77378806.2,1.002603,4.0,4.0,4.0,0.0,4.8,15.3,2.0,0.006,0.0,0.0,breakeven,0.953789
h=0/q0=0.4/p=1/r=1/sig=0.3/cf=1,D_sigma,0.0,0.4,1.0,1.0,0.3,3.0,1.0,sepsis,autorpa_233k,breakeven,77036723.0,0.99817,2.0,2.0,2.0,0.0,2.6,10.0,0.0,0.006,0.0,0.0,breakeven,0.953789
h=0/q0=0.4/p=1/r=1/sig=0.3/cf=1,D_sigma,0.0,0.4,1.0,1.0,0.3,3.0,1.0,sepsis,autorpa_233k,breakeven_cap,77036723.0,0.99817,2.0,2.0,2.0,0.0,2.6,10.0,0.0,0.006,0.0,0.0,breakeven,0.953789
h=0/q0=0.4/p=1/r=1/sig=0.3/cf=1,D_sigma,0.0,0.4,1.0,1.0,0.3,3.0,1.0,sepsis,autorpa_233k,offline_taxblind,75377347.72,0.976669,,,,,,,,,,,breakeven,0.953789
h=0/q0=0.4/p=1/r=1/sig=0.3/cf=1,D_sigma,0.0,0.4,1.0,1.0,0.3,3.0,1.0,sepsis,autorpa_233k,offline_opt_tax,75815370.78,0.982345,,,,,,,,,,,breakeven,0.953789
h=0/q0=0.4/p=1/r=1/sig=0.3/cf=1,D_sigma,0.0,0.4,1.0,1.0,0.3,3.0,1.0,sepsis,native,always_reactive,77101119.0,1.038071,0.0,0.0,0.0,0.0,0.0,0.0,0.0,0.005,0.0,0.0,always_compile_evict,1.0
h=0/q0=0.4/p=1/r=1/sig=0.3/cf=1,D_sigma,0.0,0.4,1.0,1.0,0.3,3.0,1.0,sepsis,native,always_compile_evict,74273444.6,1.0,4.0,10.0,27.0,0.0,16.9,57.6,0.0,0.011,0.0,0.0,always_compile_evict,1.0
h=0/q0=0.4/p=1/r=1/sig=0.3/cf=1,D_sigma,0.0,0.4,1.0,1.0,0.3,3.0,1.0,sepsis,native,ours_noinflate,74273444.6,1.0,4.0,10.0,27.0,0.0,16.9,57.6,0.0,0.011,0.0,0.0,always_compile_evict,1.0
h=0/q0=0.4/p=1/r=1/sig=0.3/cf=1,D_sigma,0.0,0.4,1.0,1.0,0.3,3.0,1.0,sepsis,native,oracle_tax,74766133.9,1.006633,13.0,13.0,13.0,0.0,14.6,47.6,0.0,0.013,0.0,0.0,always_compile_evict,1.0
h=0/q0=0.4/p=1/r=1/sig=0.3/cf=1,D_sigma,0.0,0.4,1.0,1.0,0.3,3.0,1.0,sepsis,native,ours_spend_cap,74273444.6,1.0,4.0,10.0,27.0,0.0,16.9,57.6,0.0,0.011,0.0,0.0,always_compile_evict,1.0
h=0/q0=0.4/p=1/r=1/sig=0.3/cf=1,D_sigma,0.0,0.4,1.0,1.0,0.3,3.0,1.0,sepsis,native,ours_pi_prior,74295836.3,1.000301,4.0,10.0,24.0,0.0,16.1,54.5,0.0,0.01,0.0,0.0,always_compile_evict,1.0
h=0/q0=0.4/p=1/r=1/sig=0.3/cf=1,D_sigma,0.0,0.4,1.0,1.0,0.3,3.0,1.0,sepsis,native,ours_both,74295836.3,1.000301,4.0,10.0,24.0,0.0,16.1,54.5,0.0,0.01,0.0,0.0,always_compile_evict,1.0
h=0/q0=0.4/p=1/r=1/sig=0.3/cf=1,D_sigma,0.0,0.4,1.0,1.0,0.3,3.0,1.0,sepsis,native,breakeven,76599420.3,1.031316,0.0,5.0,27.0,0.0,4.1,14.9,0.0,0.006,0.0,0.0,always_compile_evict,1.0
h=0/q0=0.4/p=1/r=1/sig=0.3/cf=1,D_sigma,0.0,0.4,1.0,1.0,0.3,3.0,1.0,sepsis,native,breakeven_cap,76599420.3,1.031316,0.0,5.0,27.0,0.0,4.1,14.9,0.0,0.006,0.0,0.0,always_compile_evict,1.0
h=0/q0=0.4/p=1/r=1/sig=0.3/cf=1,D_sigma,0.0,0.4,1.0,1.0,0.3,3.0,1.0,sepsis,native,offline_taxblind,62156624.16,0.836862,,,,,,,,,,,always_compile_evict,1.0
h=0/q0=0.4/p=1/r=1/sig=0.3/cf=1,D_sigma,0.0,0.4,1.0,1.0,0.3,3.0,1.0,sepsis,native,offline_opt_tax,62571495.156,0.842448,,,,,,,,,,,always_compile_evict,1.0
h=0/q0=0.4/p=1/r=1/sig=0.3/cf=1,D_sigma,0.0,0.4,1.0,1.0,0.3,3.0,1.0,wiki_A,autorpa_233k,always_reactive,5261420180.0,1.44672,0.0,0.0,0.0,0.0,0.0,0.0,0.0,0.005,0.0,0.0,ours_noinflate,0.999909
h=0/q0=0.4/p=1/r=1/sig=0.3/cf=1,D_sigma,0.0,0.4,1.0,1.0,0.3,3.0,1.0,wiki_A,autorpa_233k,always_compile_evict,3637122045.6,1.000091,10.0,46.0,315.0,0.0,7471.7,25050.0,242.0,0.032,0.0,0.0,ours_noinflate,0.999909
h=0/q0=0.4/p=1/r=1/sig=0.3/cf=1,D_sigma,0.0,0.4,1.0,1.0,0.3,3.0,1.0,wiki_A,autorpa_233k,ours_noinflate,3636792851.6,1.0,9.0,40.0,140.0,0.0,7185.7,24095.0,87.0,0.026,0.0,0.0,ours_noinflate,0.999909
h=0/q0=0.4/p=1/r=1/sig=0.3/cf=1,D_sigma,0.0,0.4,1.0,1.0,0.3,3.0,1.0,wiki_A,autorpa_233k,oracle_tax,3704018369.7,1.018485,25.0,25.0,25.0,0.0,6903.4,23131.5,0.0,0.034,0.0,0.0,ours_noinflate,0.999909
h=0/q0=0.4/p=1/r=1/sig=0.3/cf=1,D_sigma,0.0,0.4,1.0,1.0,0.3,3.0,1.0,wiki_A,autorpa_233k,ours_spend_cap,3636792851.6,1.0,9.0,40.0,140.0,0.0,7185.7,24095.0,87.0,0.026,0.0,0.0,ours_noinflate,0.999909
h=0/q0=0.4/p=1/r=1/sig=0.3/cf=1,D_sigma,0.0,0.4,1.0,1.0,0.3,3.0,1.0,wiki_A,autorpa_233k,ours_pi_prior,3685833870.6,1.013485,8.0,34.0,129.0,0.0,6818.1,22844.7,82.0,0.023,0.0,0.0,ours_noinflate,0.999909
h=0/q0=0.4/p=1/r=1/sig=0.3/cf=1,D_sigma,0.0,0.4,1.0,1.0,0.3,3.0,1.0,wiki_A,autorpa_233k,ours_both,3685833870.6,1.013485,8.0,34.0,129.0,0.0,6818.1,22844.7,82.0,0.023,0.0,0.0,ours_noinflate,0.999909
h=0/q0=0.4/p=1/r=1/sig=0.3/cf=1,D_sigma,0.0,0.4,1.0,1.0,0.3,3.0,1.0,wiki_A,autorpa_233k,breakeven,4707867035.5,1.294511,0.0,7.0,87.0,0.0,2677.8,9027.7,44.0,0.007,0.0,0.0,ours_noinflate,0.999909
h=0/q0=0.4/p=1/r=1/sig=0.3/cf=1,D_sigma,0.0,0.4,1.0,1.0,0.3,3.0,1.0,wiki_A,autorpa_233k,breakeven_cap,4707867035.5,1.294511,0.0,7.0,87.0,0.0,2677.8,9027.7,44.0,0.007,0.0,0.0,ours_noinflate,0.999909
h=0/q0=0.4/p=1/r=1/sig=0.3/cf=1,D_sigma,0.0,0.4,1.0,1.0,0.3,3.0,1.0,wiki_A,autorpa_233k,offline_taxblind,3512111134.601,0.965717,,,,,,,,,,,ours_noinflate,0.999909
h=0/q0=0.4/p=1/r=1/sig=0.3/cf=1,D_sigma,0.0,0.4,1.0,1.0,0.3,3.0,1.0,wiki_A,autorpa_233k,offline_opt_tax,3557272221.49,0.978134,,,,,,,,,,,ours_noinflate,0.999909
h=0/q0=0.4/p=1/r=1/sig=0.3/cf=1,D_sigma,0.0,0.4,1.0,1.0,0.3,3.0,1.0,wiki_A,native,always_reactive,5261420180.0,1.503708,0.0,0.0,0.0,0.0,0.0,0.0,0.0,0.005,0.0,0.0,always_compile_evict,1.0
h=0/q0=0.4/p=1/r=1/sig=0.3/cf=1,D_sigma,0.0,0.4,1.0,1.0,0.3,3.0,1.0,wiki_A,native,always_compile_evict,3498499239.6,0.999867,4.0,13.0,315.0,0.0,7471.7,25050.0,0.0,0.013,0.0,0.0,always_compile_evict,1.0
h=0/q0=0.4/p=1/r=1/sig=0.3/cf=1,D_sigma,0.0,0.4,1.0,1.0,0.3,3.0,1.0,wiki_A,native,ours_noinflate,3498964202.6,1.0,4.0,13.0,312.0,0.0,7468.8,25041.7,0.0,0.013,0.0,0.0,always_compile_evict,1.0
h=0/q0=0.4/p=1/r=1/sig=0.3/cf=1,D_sigma,0.0,0.4,1.0,1.0,0.3,3.0,1.0,wiki_A,native,oracle_tax,3700311560.4,1.057545,31.0,31.0,31.0,0.0,6980.4,23395.9,0.0,0.039,0.0,0.0,always_compile_evict,1.0
h=0/q0=0.4/p=1/r=1/sig=0.3/cf=1,D_sigma,0.0,0.4,1.0,1.0,0.3,3.0,1.0,wiki_A,native,ours_spend_cap,3498964202.6,1.0,4.0,13.0,312.0,0.0,7468.8,25041.7,0.0,0.013,0.0,0.0,always_compile_evict,1.0
h=0/q0=0.4/p=1/r=1/sig=0.3/cf=1,D_sigma,0.0,0.4,1.0,1.0,0.3,3.0,1.0,wiki_A,native,ours_pi_prior,3500673289.3,1.000488,4.0,13.0,299.0,0.0,7459.6,25010.0,0.0,0.013,0.0,0.0,always_compile_evict,1.0
h=0/q0=0.4/p=1/r=1/sig=0.3/cf=1,D_sigma,0.0,0.4,1.0,1.0,0.3,3.0,1.0,wiki_A,native,ours_both,3500673289.3,1.000488,4.0,13.0,299.0,0.0,7459.6,25010.0,0.0,0.013,0.0,0.0,always_compile_evict,1.0
h=0/q0=0.4/p=1/r=1/sig=0.3/cf=1,D_sigma,0.0,0.4,1.0,1.0,0.3,3.0,1.0,wiki_A,native,breakeven,4725888869.5,1.350654,0.0,5.0,315.0,0.0,2510.5,8451.7,3.0,0.006,0.0,0.0,always_compile_evict,1.0
h=0/q0=0.4/p=1/r=1/sig=0.3/cf=1,D_sigma,0.0,0.4,1.0,1.0,0.3,3.0,1.0,wiki_A,native,breakeven_cap,4725888869.5,1.350654,0.0,5.0,315.0,0.0,2510.5,8451.7,3.0,0.006,0.0,0.0,always_compile_evict,1.0
h=0/q0=0.4/p=1/r=1/sig=0.3/cf=1,D_sigma,0.0,0.4,1.0,1.0,0.3,3.0,1.0,wiki_A,native,offline_taxblind,3435539962.921,0.981873,,,,,,,,,,,always_compile_evict,1.0
h=0/q0=0.4/p=1/r=1/sig=0.3/cf=1,D_sigma,0.0,0.4,1.0,1.0,0.3,3.0,1.0,wiki_A,native,offline_opt_tax,3452184775.037,0.98663,,,,,,,,,,,always_compile_evict,1.0
h=0/q0=0.4/p=1/r=1/sig=0.3/cf=1,D_sigma,0.0,0.4,1.0,1.0,0.3,3.0,1.0,wiki_B,autorpa_233k,always_reactive,7373315056.0,1.000338,0.0,0.0,0.0,0.0,0.0,0.0,0.0,0.005,0.0,0.0,ours_pi_prior,0.970379
h=0/q0=0.4/p=1/r=1/sig=0.3/cf=1,D_sigma,0.0,0.4,1.0,1.0,0.3,3.0,1.0,wiki_B,autorpa_233k,always_compile_evict,7548641202.3,1.024124,68.0,88.0,1734.0,0.0,3346.2,11214.4,1620.0,0.073,0.0,0.0,ours_pi_prior,0.970379
h=0/q0=0.4/p=1/r=1/sig=0.3/cf=1,D_sigma,0.0,0.4,1.0,1.0,0.3,3.0,1.0,wiki_B,autorpa_233k,ours_noinflate,7370825273.4,1.0,63.0,79.0,727.0,0.0,2520.7,8402.3,659.0,0.058,0.0,0.0,ours_pi_prior,0.970379
h=0/q0=0.4/p=1/r=1/sig=0.3/cf=1,D_sigma,0.0,0.4,1.0,1.0,0.3,3.0,1.0,wiki_B,autorpa_233k,oracle_tax,7199769038.0,0.976793,20.0,20.0,20.0,0.0,1275.4,4233.0,0.0,0.022,0.0,0.0,ours_pi_prior,0.970379
h=0/q0=0.4/p=1/r=1/sig=0.3/cf=1,D_sigma,0.0,0.4,1.0,1.0,0.3,3.0,1.0,wiki_B,autorpa_233k,ours_spend_cap,7370825273.4,1.0,63.0,79.0,727.0,0.0,2520.7,8402.3,659.0,0.058,0.0,0.0,ours_pi_prior,0.970379
h=0/q0=0.4/p=1/r=1/sig=0.3/cf=1,D_sigma,0.0,0.4,1.0,1.0,0.3,3.0,1.0,wiki_B,autorpa_233k,ours_pi_prior,7325039244.0,0.993788,53.0,71.0,613.0,0.0,2347.4,7821.3,554.0,0.052,0.0,0.0,ours_pi_prior,0.970379
h=0/q0=0.4/p=1/r=1/sig=0.3/cf=1,D_sigma,0.0,0.4,1.0,1.0,0.3,3.0,1.0,wiki_B,autorpa_233k,ours_both,7325039244.0,0.993788,53.0,71.0,613.0,0.0,2347.4,7821.3,554.0,0.052,0.0,0.0,ours_pi_prior,0.970379
h=0/q0=0.4/p=1/r=1/sig=0.3/cf=1,D_sigma,0.0,0.4,1.0,1.0,0.3,3.0,1.0,wiki_B,autorpa_233k,breakeven,7394158353.9,1.003166,1.0,7.0,224.0,0.0,222.6,741.6,195.0,0.007,0.0,0.0,ours_pi_prior,0.970379
h=0/q0=0.4/p=1/r=1/sig=0.3/cf=1,D_sigma,0.0,0.4,1.0,1.0,0.3,3.0,1.0,wiki_B,autorpa_233k,breakeven_cap,7394158353.9,1.003166,1.0,7.0,224.0,0.0,222.6,741.6,195.0,0.007,0.0,0.0,ours_pi_prior,0.970379
h=0/q0=0.4/p=1/r=1/sig=0.3/cf=1,D_sigma,0.0,0.4,1.0,1.0,0.3,3.0,1.0,wiki_B,autorpa_233k,offline_taxblind,6803051235.44,0.92297,,,,,,,,,,,ours_pi_prior,0.970379
h=0/q0=0.4/p=1/r=1/sig=0.3/cf=1,D_sigma,0.0,0.4,1.0,1.0,0.3,3.0,1.0,wiki_B,autorpa_233k,offline_opt_tax,6971454412.473,0.945817,,,,,,,,,,,ours_pi_prior,0.970379
h=0/q0=0.4/p=1/r=1/sig=0.3/cf=1,D_sigma,0.0,0.4,1.0,1.0,0.3,3.0,1.0,wiki_B,native,always_reactive,7373315056.0,1.100391,0.0,0.0,0.0,0.0,0.0,0.0,0.0,0.005,0.0,0.0,always_compile_evict,1.0
h=0/q0=0.4/p=1/r=1/sig=0.3/cf=1,D_sigma,0.0,0.4,1.0,1.0,0.3,3.0,1.0,wiki_B,native,always_compile_evict,6700366702.3,0.999961,5.0,15.0,1734.0,0.0,3346.2,11214.4,1.0,0.012,0.0,0.0,always_compile_evict,1.0
h=0/q0=0.4/p=1/r=1/sig=0.3/cf=1,D_sigma,0.0,0.4,1.0,1.0,0.3,3.0,1.0,wiki_B,native,ours_noinflate,6700629991.8,1.0,5.0,15.0,1732.0,0.0,3342.2,11203.5,1.0,0.012,0.0,0.0,always_compile_evict,1.0
h=0/q0=0.4/p=1/r=1/sig=0.3/cf=1,D_sigma,0.0,0.4,1.0,1.0,0.3,3.0,1.0,wiki_B,native,oracle_tax,7193774879.4,1.073597,60.0,60.0,60.0,0.0,1320.6,4394.7,0.0,0.023,0.0,0.0,always_compile_evict,1.0
h=0/q0=0.4/p=1/r=1/sig=0.3/cf=1,D_sigma,0.0,0.4,1.0,1.0,0.3,3.0,1.0,wiki_B,native,ours_spend_cap,6700629991.8,1.0,5.0,15.0,1732.0,0.0,3342.2,11203.5,1.0,0.012,0.0,0.0,always_compile_evict,1.0
h=0/q0=0.4/p=1/r=1/sig=0.3/cf=1,D_sigma,0.0,0.4,1.0,1.0,0.3,3.0,1.0,wiki_B,native,ours_pi_prior,6707094670.3,1.000965,5.0,15.0,1636.0,0.0,3298.3,11056.2,3.0,0.012,0.0,0.0,always_compile_evict,1.0
h=0/q0=0.4/p=1/r=1/sig=0.3/cf=1,D_sigma,0.0,0.4,1.0,1.0,0.3,3.0,1.0,wiki_B,native,ours_both,6707094670.3,1.000965,5.0,15.0,1636.0,0.0,3298.3,11056.2,3.0,0.012,0.0,0.0,always_compile_evict,1.0
h=0/q0=0.4/p=1/r=1/sig=0.3/cf=1,D_sigma,0.0,0.4,1.0,1.0,0.3,3.0,1.0,wiki_B,native,breakeven,7331050386.7,1.094084,0.0,5.0,1734.0,0.0,337.9,1120.8,9.0,0.006,0.0,0.0,always_compile_evict,1.0
h=0/q0=0.4/p=1/r=1/sig=0.3/cf=1,D_sigma,0.0,0.4,1.0,1.0,0.3,3.0,1.0,wiki_B,native,breakeven_cap,7331050386.7,1.094084,0.0,5.0,1734.0,0.0,337.9,1120.8,9.0,0.006,0.0,0.0,always_compile_evict,1.0
h=0/q0=0.4/p=1/r=1/sig=0.3/cf=1,D_sigma,0.0,0.4,1.0,1.0,0.3,3.0,1.0,wiki_B,native,offline_taxblind,5767448012.838,0.860732,,,,,,,,,,,always_compile_evict,1.0
h=0/q0=0.4/p=1/r=1/sig=0.3/cf=1,D_sigma,0.0,0.4,1.0,1.0,0.3,3.0,1.0,wiki_B,native,offline_opt_tax,5784511826.444,0.863279,,,,,,,,,,,always_compile_evict,1.0
h=0/q0=0.4/p=1/r=1/sig=0/cf=1,A_core,0.0,0.4,1.0,1.0,0.0,1.0,1.0,bpi2019,autorpa_233k,always_reactive,19497801224.0,1.900345,0.0,0.0,0.0,0.0,0.0,0.0,0.0,0.005,0.0,0.0,always_compile_evict,1.0
h=0/q0=0.4/p=1/r=1/sig=0/cf=1,A_core,0.0,0.4,1.0,1.0,0.0,1.0,1.0,bpi2019,autorpa_233k,always_compile_evict,10222170594.0,0.9963,57.0,86.0,1902.0,0.0,0.0,0.0,1337.0,0.125,0.0,0.0,always_compile_evict,1.0
h=0/q0=0.4/p=1/r=1/sig=0/cf=1,A_core,0.0,0.4,1.0,1.0,0.0,1.0,1.0,bpi2019,autorpa_233k,ours_noinflate,10260136699.7,1.0,56.0,85.0,991.0,0.0,0.0,0.0,648.0,0.119,0.0,0.0,always_compile_evict,1.0
h=0/q0=0.4/p=1/r=1/sig=0/cf=1,A_core,0.0,0.4,1.0,1.0,0.0,1.0,1.0,bpi2019,autorpa_233k,oracle_tax,10770947508.1,1.049786,91.0,91.0,91.0,0.0,0.0,0.0,0.0,0.104,0.0,0.0,always_compile_evict,1.0
h=0/q0=0.4/p=1/r=1/sig=0/cf=1,A_core,0.0,0.4,1.0,1.0,0.0,1.0,1.0,bpi2019,autorpa_233k,ours_spend_cap,10260136699.7,1.0,56.0,85.0,991.0,0.0,0.0,0.0,648.0,0.119,0.0,0.0,always_compile_evict,1.0
h=0/q0=0.4/p=1/r=1/sig=0/cf=1,A_core,0.0,0.4,1.0,1.0,0.0,1.0,1.0,bpi2019,autorpa_233k,ours_pi_prior,10271558668.8,1.001113,56.0,82.0,946.0,0.0,0.0,0.0,612.0,0.118,0.0,0.0,always_compile_evict,1.0
h=0/q0=0.4/p=1/r=1/sig=0/cf=1,A_core,0.0,0.4,1.0,1.0,0.0,1.0,1.0,bpi2019,autorpa_233k,ours_both,10271558668.8,1.001113,56.0,82.0,946.0,0.0,0.0,0.0,612.0,0.118,0.0,0.0,always_compile_evict,1.0
h=0/q0=0.4/p=1/r=1/sig=0/cf=1,A_core,0.0,0.4,1.0,1.0,0.0,1.0,1.0,bpi2019,autorpa_233k,breakeven,19507620162.6,1.901302,0.0,7.0,581.0,0.0,0.0,0.0,481.0,0.006,0.0,0.0,always_compile_evict,1.0
h=0/q0=0.4/p=1/r=1/sig=0/cf=1,A_core,0.0,0.4,1.0,1.0,0.0,1.0,1.0,bpi2019,autorpa_233k,breakeven_cap,19507620162.6,1.901302,0.0,7.0,581.0,0.0,0.0,0.0,481.0,0.006,0.0,0.0,always_compile_evict,1.0
h=0/q0=0.4/p=1/r=1/sig=0/cf=1,A_core,0.0,0.4,1.0,1.0,0.0,1.0,1.0,bpi2019,autorpa_233k,offline_taxblind,8802037847.202,0.857887,,,,,,,,,,,always_compile_evict,1.0
h=0/q0=0.4/p=1/r=1/sig=0/cf=1,A_core,0.0,0.4,1.0,1.0,0.0,1.0,1.0,bpi2019,autorpa_233k,offline_opt_tax,9513591746.251,0.927238,,,,,,,,,,,always_compile_evict,1.0
h=0/q0=0.4/p=1/r=1/sig=0/cf=1,A_core,0.0,0.4,1.0,1.0,0.0,1.0,1.0,bpi2019,native,always_reactive,19497801224.0,2.230856,0.0,0.0,0.0,0.0,0.0,0.0,0.0,0.005,0.0,0.0,always_compile_evict,1.0
h=0/q0=0.4/p=1/r=1/sig=0/cf=1,A_core,0.0,0.4,1.0,1.0,0.0,1.0,1.0,bpi2019,native,always_compile_evict,8736053329.0,0.999542,4.0,19.0,1902.0,0.0,0.0,0.0,0.0,0.024,0.0,0.0,always_compile_evict,1.0
h=0/q0=0.4/p=1/r=1/sig=0/cf=1,A_core,0.0,0.4,1.0,1.0,0.0,1.0,1.0,bpi2019,native,ours_noinflate,8740051988.7,1.0,4.0,19.0,1873.0,0.0,0.0,0.0,0.0,0.024,0.0,0.0,always_compile_evict,1.0
h=0/q0=0.4/p=1/r=1/sig=0/cf=1,A_core,0.0,0.4,1.0,1.0,0.0,1.0,1.0,bpi2019,native,oracle_tax,10752820469.0,1.230293,113.0,113.0,113.0,0.0,0.0,0.0,0.0,0.105,0.0,0.0,always_compile_evict,1.0
h=0/q0=0.4/p=1/r=1/sig=0/cf=1,A_core,0.0,0.4,1.0,1.0,0.0,1.0,1.0,bpi2019,native,ours_spend_cap,8740051988.7,1.0,4.0,19.0,1873.0,0.0,0.0,0.0,0.0,0.024,0.0,0.0,always_compile_evict,1.0
h=0/q0=0.4/p=1/r=1/sig=0/cf=1,A_core,0.0,0.4,1.0,1.0,0.0,1.0,1.0,bpi2019,native,ours_pi_prior,8748083789.9,1.000919,4.0,19.0,1839.0,0.0,0.0,0.0,0.0,0.024,0.0,0.0,always_compile_evict,1.0
h=0/q0=0.4/p=1/r=1/sig=0/cf=1,A_core,0.0,0.4,1.0,1.0,0.0,1.0,1.0,bpi2019,native,ours_both,8748083789.9,1.000919,4.0,19.0,1839.0,0.0,0.0,0.0,0.0,0.024,0.0,0.0,always_compile_evict,1.0
h=0/q0=0.4/p=1/r=1/sig=0/cf=1,A_core,0.0,0.4,1.0,1.0,0.0,1.0,1.0,bpi2019,native,breakeven,19298063004.6,2.208003,0.0,5.0,1902.0,0.0,0.0,0.0,0.0,0.005,0.0,0.0,always_compile_evict,1.0
h=0/q0=0.4/p=1/r=1/sig=0/cf=1,A_core,0.0,0.4,1.0,1.0,0.0,1.0,1.0,bpi2019,native,breakeven_cap,19298063004.6,2.208003,0.0,5.0,1902.0,0.0,0.0,0.0,0.0,0.005,0.0,0.0,always_compile_evict,1.0
h=0/q0=0.4/p=1/r=1/sig=0/cf=1,A_core,0.0,0.4,1.0,1.0,0.0,1.0,1.0,bpi2019,native,offline_taxblind,8116250231.8,0.928627,,,,,,,,,,,always_compile_evict,1.0
h=0/q0=0.4/p=1/r=1/sig=0/cf=1,A_core,0.0,0.4,1.0,1.0,0.0,1.0,1.0,bpi2019,native,offline_opt_tax,8214771949.49,0.9399,,,,,,,,,,,always_compile_evict,1.0
h=0/q0=0.4/p=1/r=1/sig=0/cf=1,A_core,0.0,0.4,1.0,1.0,0.0,1.0,1.0,sepsis,autorpa_233k,always_reactive,77101119.0,1.01409,0.0,0.0,0.0,0.0,0.0,0.0,0.0,0.005,0.0,0.0,ours_pi_prior,0.968576
h=0/q0=0.4/p=1/r=1/sig=0/cf=1,A_core,0.0,0.4,1.0,1.0,0.0,1.0,1.0,sepsis,autorpa_233k,always_compile_evict,78272584.2,1.029498,19.0,20.0,27.0,0.0,0.0,0.0,22.0,0.018,0.0,0.0,ours_pi_prior,0.968576
h=0/q0=0.4/p=1/r=1/sig=0/cf=1,A_core,0.0,0.4,1.0,1.0,0.0,1.0,1.0,sepsis,autorpa_233k,ours_noinflate,76029843.8,1.0,5.0,6.0,6.0,0.0,0.0,0.0,1.0,0.008,0.0,0.0,ours_pi_prior,0.968576
h=0/q0=0.4/p=1/r=1/sig=0/cf=1,A_core,0.0,0.4,1.0,1.0,0.0,1.0,1.0,sepsis,autorpa_233k,oracle_tax,74297888.9,0.97722,5.0,5.0,5.0,0.0,0.0,0.0,0.0,0.01,0.0,0.0,ours_pi_prior,0.968576
h=0/q0=0.4/p=1/r=1/sig=0/cf=1,A_core,0.0,0.4,1.0,1.0,0.0,1.0,1.0,sepsis,autorpa_233k,ours_spend_cap,76029843.8,1.0,5.0,6.0,6.0,0.0,0.0,0.0,1.0,0.008,0.0,0.0,ours_pi_prior,0.968576
h=0/q0=0.4/p=1/r=1/sig=0/cf=1,A_core,0.0,0.4,1.0,1.0,0.0,1.0,1.0,sepsis,autorpa_233k,ours_pi_prior,75812939.9,0.997147,5.0,5.0,5.0,0.0,0.0,0.0,1.0,0.008,0.0,0.0,ours_pi_prior,0.968576
h=0/q0=0.4/p=1/r=1/sig=0/cf=1,A_core,0.0,0.4,1.0,1.0,0.0,1.0,1.0,sepsis,autorpa_233k,ours_both,75812939.9,0.997147,5.0,5.0,5.0,0.0,0.0,0.0,1.0,0.008,0.0,0.0,ours_pi_prior,0.968576
h=0/q0=0.4/p=1/r=1/sig=0/cf=1,A_core,0.0,0.4,1.0,1.0,0.0,1.0,1.0,sepsis,autorpa_233k,breakeven,76307334.7,1.00365,4.0,4.0,5.0,0.0,0.0,0.0,3.0,0.007,0.0,0.0,ours_pi_prior,0.968576
h=0/q0=0.4/p=1/r=1/sig=0/cf=1,A_core,0.0,0.4,1.0,1.0,0.0,1.0,1.0,sepsis,autorpa_233k,breakeven_cap,76307334.7,1.00365,4.0,4.0,5.0,0.0,0.0,0.0,3.0,0.007,0.0,0.0,ours_pi_prior,0.968576
h=0/q0=0.4/p=1/r=1/sig=0/cf=1,A_core,0.0,0.4,1.0,1.0,0.0,1.0,1.0,sepsis,autorpa_233k,offline_taxblind,73257976.0,0.963542,,,,,,,,,,,ours_pi_prior,0.968576
h=0/q0=0.4/p=1/r=1/sig=0/cf=1,A_core,0.0,0.4,1.0,1.0,0.0,1.0,1.0,sepsis,autorpa_233k,offline_opt_tax,73859449.26,0.971453,,,,,,,,,,,ours_pi_prior,0.968576
h=0/q0=0.4/p=1/r=1/sig=0/cf=1,A_core,0.0,0.4,1.0,1.0,0.0,1.0,1.0,sepsis,native,always_reactive,77101119.0,1.074177,0.0,0.0,0.0,0.0,0.0,0.0,0.0,0.005,0.0,0.0,always_compile_evict,1.0
h=0/q0=0.4/p=1/r=1/sig=0/cf=1,A_core,0.0,0.4,1.0,1.0,0.0,1.0,1.0,sepsis,native,always_compile_evict,71776901.2,1.0,4.0,10.0,27.0,0.0,0.0,0.0,0.0,0.011,0.0,0.0,always_compile_evict,1.0
h=0/q0=0.4/p=1/r=1/sig=0/cf=1,A_core,0.0,0.4,1.0,1.0,0.0,1.0,1.0,sepsis,native,ours_noinflate,71776901.2,1.0,4.0,10.0,27.0,0.0,0.0,0.0,0.0,0.011,0.0,0.0,always_compile_evict,1.0
h=0/q0=0.4/p=1/r=1/sig=0/cf=1,A_core,0.0,0.4,1.0,1.0,0.0,1.0,1.0,sepsis,native,oracle_tax,72422879.0,1.009,23.0,23.0,23.0,0.0,0.0,0.0,0.0,0.018,0.0,0.0,always_compile_evict,1.0
h=0/q0=0.4/p=1/r=1/sig=0/cf=1,A_core,0.0,0.4,1.0,1.0,0.0,1.0,1.0,sepsis,native,ours_spend_cap,71776901.2,1.0,4.0,10.0,27.0,0.0,0.0,0.0,0.0,0.011,0.0,0.0,always_compile_evict,1.0
h=0/q0=0.4/p=1/r=1/sig=0/cf=1,A_core,0.0,0.4,1.0,1.0,0.0,1.0,1.0,sepsis,native,ours_pi_prior,71803540.7,1.000371,4.0,10.0,27.0,0.0,0.0,0.0,0.0,0.011,0.0,0.0,always_compile_evict,1.0
h=0/q0=0.4/p=1/r=1/sig=0/cf=1,A_core,0.0,0.4,1.0,1.0,0.0,1.0,1.0,sepsis,native,ours_both,71803540.7,1.000371,4.0,10.0,27.0,0.0,0.0,0.0,0.0,0.011,0.0,0.0,always_compile_evict,1.0
h=0/q0=0.4/p=1/r=1/sig=0/cf=1,A_core,0.0,0.4,1.0,1.0,0.0,1.0,1.0,sepsis,native,breakeven,76039576.7,1.059388,0.0,5.0,27.0,0.0,0.0,0.0,0.0,0.006,0.0,0.0,always_compile_evict,1.0
h=0/q0=0.4/p=1/r=1/sig=0/cf=1,A_core,0.0,0.4,1.0,1.0,0.0,1.0,1.0,sepsis,native,breakeven_cap,76039576.7,1.059388,0.0,5.0,27.0,0.0,0.0,0.0,0.0,0.006,0.0,0.0,always_compile_evict,1.0
h=0/q0=0.4/p=1/r=1/sig=0/cf=1,A_core,0.0,0.4,1.0,1.0,0.0,1.0,1.0,sepsis,native,offline_taxblind,43745091.6,0.609459,,,,,,,,,,,always_compile_evict,1.0
h=0/q0=0.4/p=1/r=1/sig=0/cf=1,A_core,0.0,0.4,1.0,1.0,0.0,1.0,1.0,sepsis,native,offline_opt_tax,44159962.596,0.615239,,,,,,,,,,,always_compile_evict,1.0
h=0/q0=0.4/p=1/r=1/sig=0/cf=1,A_core,0.0,0.4,1.0,1.0,0.0,1.0,1.0,wiki_A,autorpa_233k,always_reactive,5261420180.0,2.139456,0.0,0.0,0.0,0.0,0.0,0.0,0.0,0.005,0.0,0.0,always_compile_evict,1.0
h=0/q0=0.4/p=1/r=1/sig=0/cf=1,A_core,0.0,0.4,1.0,1.0,0.0,1.0,1.0,wiki_A,autorpa_233k,always_compile_evict,2438381448.4,0.991521,10.0,46.0,315.0,0.0,0.0,0.0,214.0,0.047,0.0,0.0,always_compile_evict,1.0
h=0/q0=0.4/p=1/r=1/sig=0/cf=1,A_core,0.0,0.4,1.0,1.0,0.0,1.0,1.0,wiki_A,autorpa_233k,ours_noinflate,2459232595.2,1.0,9.0,42.0,168.0,0.0,0.0,0.0,91.0,0.041,0.0,0.0,always_compile_evict,1.0
h=0/q0=0.4/p=1/r=1/sig=0/cf=1,A_core,0.0,0.4,1.0,1.0,0.0,1.0,1.0,wiki_A,autorpa_233k,oracle_tax,2570500166.8,1.045245,41.0,41.0,41.0,0.0,0.0,0.0,0.0,0.073,0.0,0.0,always_compile_evict,1.0
h=0/q0=0.4/p=1/r=1/sig=0/cf=1,A_core,0.0,0.4,1.0,1.0,0.0,1.0,1.0,wiki_A,autorpa_233k,ours_spend_cap,2459232595.2,1.0,9.0,42.0,168.0,0.0,0.0,0.0,91.0,0.041,0.0,0.0,always_compile_evict,1.0
h=0/q0=0.4/p=1/r=1/sig=0/cf=1,A_core,0.0,0.4,1.0,1.0,0.0,1.0,1.0,wiki_A,autorpa_233k,ours_pi_prior,2466332621.6,1.002887,9.0,40.0,166.0,0.0,0.0,0.0,92.0,0.041,0.0,0.0,always_compile_evict,1.0
h=0/q0=0.4/p=1/r=1/sig=0/cf=1,A_core,0.0,0.4,1.0,1.0,0.0,1.0,1.0,wiki_A,autorpa_233k,ours_both,2466332621.6,1.002887,9.0,40.0,166.0,0.0,0.0,0.0,92.0,0.041,0.0,0.0,always_compile_evict,1.0
h=0/q0=0.4/p=1/r=1/sig=0/cf=1,A_core,0.0,0.4,1.0,1.0,0.0,1.0,1.0,wiki_A,autorpa_233k,breakeven,4320085123.0,1.75668,0.0,7.0,109.0,0.0,0.0,0.0,57.0,0.007,0.0,0.0,always_compile_evict,1.0
h=0/q0=0.4/p=1/r=1/sig=0/cf=1,A_core,0.0,0.4,1.0,1.0,0.0,1.0,1.0,wiki_A,autorpa_233k,breakeven_cap,4320085123.0,1.75668,0.0,7.0,109.0,0.0,0.0,0.0,57.0,0.007,0.0,0.0,always_compile_evict,1.0
h=0/q0=0.4/p=1/r=1/sig=0/cf=1,A_core,0.0,0.4,1.0,1.0,0.0,1.0,1.0,wiki_A,autorpa_233k,offline_taxblind,2308056713.8,0.938527,,,,,,,,,,,always_compile_evict,1.0
h=0/q0=0.4/p=1/r=1/sig=0/cf=1,A_core,0.0,0.4,1.0,1.0,0.0,1.0,1.0,wiki_A,autorpa_233k,offline_opt_tax,2373617085.836,0.965186,,,,,,,,,,,always_compile_evict,1.0
h=0/q0=0.4/p=1/r=1/sig=0/cf=1,A_core,0.0,0.4,1.0,1.0,0.0,1.0,1.0,wiki_A,native,always_reactive,5261420180.0,2.287665,0.0,0.0,0.0,0.0,0.0,0.0,0.0,0.005,0.0,0.0,always_compile_evict,1.0
h=0/q0=0.4/p=1/r=1/sig=0/cf=1,A_core,0.0,0.4,1.0,1.0,0.0,1.0,1.0,wiki_A,native,always_compile_evict,2299758642.4,0.999935,4.0,13.0,315.0,0.0,0.0,0.0,0.0,0.02,0.0,0.0,always_compile_evict,1.0
h=0/q0=0.4/p=1/r=1/sig=0/cf=1,A_core,0.0,0.4,1.0,1.0,0.0,1.0,1.0,wiki_A,native,ours_noinflate,2299908372.4,1.0,4.0,13.0,314.0,0.0,0.0,0.0,0.0,0.02,0.0,0.0,always_compile_evict,1.0
h=0/q0=0.4/p=1/r=1/sig=0/cf=1,A_core,0.0,0.4,1.0,1.0,0.0,1.0,1.0,wiki_A,native,oracle_tax,2561591261.2,1.11378,47.0,47.0,47.0,0.0,0.0,0.0,0.0,0.074,0.0,0.0,always_compile_evict,1.0
h=0/q0=0.4/p=1/r=1/sig=0/cf=1,A_core,0.0,0.4,1.0,1.0,0.0,1.0,1.0,wiki_A,native,ours_spend_cap,2299908372.4,1.0,4.0,13.0,314.0,0.0,0.0,0.0,0.0,0.02,0.0,0.0,always_compile_evict,1.0
h=0/q0=0.4/p=1/r=1/sig=0/cf=1,A_core,0.0,0.4,1.0,1.0,0.0,1.0,1.0,wiki_A,native,ours_pi_prior,2300438729.2,1.000231,4.0,13.0,312.0,0.0,0.0,0.0,0.0,0.02,0.0,0.0,always_compile_evict,1.0
h=0/q0=0.4/p=1/r=1/sig=0/cf=1,A_core,0.0,0.4,1.0,1.0,0.0,1.0,1.0,wiki_A,native,ours_both,2300438729.2,1.000231,4.0,13.0,312.0,0.0,0.0,0.0,0.0,0.02,0.0,0.0,always_compile_evict,1.0
h=0/q0=0.4/p=1/r=1/sig=0/cf=1,A_core,0.0,0.4,1.0,1.0,0.0,1.0,1.0,wiki_A,native,breakeven,4366384152.9,1.898504,0.0,5.0,315.0,0.0,0.0,0.0,0.0,0.006,0.0,0.0,always_compile_evict,1.0
h=0/q0=0.4/p=1/r=1/sig=0/cf=1,A_core,0.0,0.4,1.0,1.0,0.0,1.0,1.0,wiki_A,native,breakeven_cap,4366384152.9,1.898504,0.0,5.0,315.0,0.0,0.0,0.0,0.0,0.006,0.0,0.0,always_compile_evict,1.0
h=0/q0=0.4/p=1/r=1/sig=0/cf=1,A_core,0.0,0.4,1.0,1.0,0.0,1.0,1.0,wiki_A,native,offline_taxblind,2178589732.2,0.947251,,,,,,,,,,,always_compile_evict,1.0
h=0/q0=0.4/p=1/r=1/sig=0/cf=1,A_core,0.0,0.4,1.0,1.0,0.0,1.0,1.0,wiki_A,native,offline_opt_tax,2195234544.316,0.954488,,,,,,,,,,,always_compile_evict,1.0
h=0/q0=0.4/p=1/r=1/sig=0/cf=1,A_core,0.0,0.4,1.0,1.0,0.0,1.0,1.0,wiki_B,autorpa_233k,always_reactive,7373315056.0,1.055056,0.0,0.0,0.0,0.0,0.0,0.0,0.0,0.005,0.0,0.0,ours_pi_prior,0.98998
h=0/q0=0.4/p=1/r=1/sig=0/cf=1,A_core,0.0,0.4,1.0,1.0,0.0,1.0,1.0,wiki_B,autorpa_233k,always_compile_evict,7055210241.1,1.009538,68.0,88.0,1734.0,0.0,0.0,0.0,1458.0,0.078,0.0,0.0,ours_pi_prior,0.98998
h=0/q0=0.4/p=1/r=1/sig=0/cf=1,A_core,0.0,0.4,1.0,1.0,0.0,1.0,1.0,wiki_B,autorpa_233k,ours_noinflate,6988552845.8,1.0,63.0,82.0,877.0,0.0,0.0,0.0,706.0,0.066,0.0,0.0,ours_pi_prior,0.98998
h=0/q0=0.4/p=1/r=1/sig=0/cf=1,A_core,0.0,0.4,1.0,1.0,0.0,1.0,1.0,wiki_B,autorpa_233k,oracle_tax,6998186226.8,1.001378,49.0,49.0,49.0,0.0,0.0,0.0,0.0,0.036,0.0,0.0,ours_pi_prior,0.98998
h=0/q0=0.4/p=1/r=1/sig=0/cf=1,A_core,0.0,0.4,1.0,1.0,0.0,1.0,1.0,wiki_B,autorpa_233k,ours_spend_cap,6988552845.8,1.0,63.0,82.0,877.0,0.0,0.0,0.0,706.0,0.066,0.0,0.0,ours_pi_prior,0.98998
h=0/q0=0.4/p=1/r=1/sig=0/cf=1,A_core,0.0,0.4,1.0,1.0,0.0,1.0,1.0,wiki_B,autorpa_233k,ours_pi_prior,6984513552.3,0.999422,63.0,81.0,840.0,0.0,0.0,0.0,666.0,0.065,0.0,0.0,ours_pi_prior,0.98998
h=0/q0=0.4/p=1/r=1/sig=0/cf=1,A_core,0.0,0.4,1.0,1.0,0.0,1.0,1.0,wiki_B,autorpa_233k,ours_both,6984513552.3,0.999422,63.0,81.0,840.0,0.0,0.0,0.0,666.0,0.065,0.0,0.0,ours_pi_prior,0.98998
h=0/q0=0.4/p=1/r=1/sig=0/cf=1,A_core,0.0,0.4,1.0,1.0,0.0,1.0,1.0,wiki_B,autorpa_233k,breakeven,7369067917.6,1.054448,5.0,11.0,376.0,0.0,0.0,0.0,316.0,0.008,0.0,0.0,ours_pi_prior,0.98998
h=0/q0=0.4/p=1/r=1/sig=0/cf=1,A_core,0.0,0.4,1.0,1.0,0.0,1.0,1.0,wiki_B,autorpa_233k,breakeven_cap,7369067917.6,1.054448,5.0,11.0,376.0,0.0,0.0,0.0,316.0,0.008,0.0,0.0,ours_pi_prior,0.98998
h=0/q0=0.4/p=1/r=1/sig=0/cf=1,A_core,0.0,0.4,1.0,1.0,0.0,1.0,1.0,wiki_B,autorpa_233k,offline_taxblind,6321348950.2,0.904529,,,,,,,,,,,ours_pi_prior,0.98998
h=0/q0=0.4/p=1/r=1/sig=0/cf=1,A_core,0.0,0.4,1.0,1.0,0.0,1.0,1.0,wiki_B,autorpa_233k,offline_opt_tax,6589276031.44,0.942867,,,,,,,,,,,ours_pi_prior,0.98998
h=0/q0=0.4/p=1/r=1/sig=0/cf=1,A_core,0.0,0.4,1.0,1.0,0.0,1.0,1.0,wiki_B,native,always_reactive,7373315056.0,1.187893,0.0,0.0,0.0,0.0,0.0,0.0,0.0,0.005,0.0,0.0,always_compile_evict,1.0
h=0/q0=0.4/p=1/r=1/sig=0/cf=1,A_core,0.0,0.4,1.0,1.0,0.0,1.0,1.0,wiki_B,native,always_compile_evict,6206935741.1,0.999981,5.0,15.0,1734.0,0.0,0.0,0.0,0.0,0.013,0.0,0.0,always_compile_evict,1.0
h=0/q0=0.4/p=1/r=1/sig=0/cf=1,A_core,0.0,0.4,1.0,1.0,0.0,1.0,1.0,wiki_B,native,ours_noinflate,6207052342.3,1.0,5.0,15.0,1733.0,0.0,0.0,0.0,0.0,0.013,0.0,0.0,always_compile_evict,1.0
h=0/q0=0.4/p=1/r=1/sig=0/cf=1,A_core,0.0,0.4,1.0,1.0,0.0,1.0,1.0,wiki_B,native,oracle_tax,6991416557.7,1.126367,108.0,108.0,108.0,0.0,0.0,0.0,0.0,0.04,0.0,0.0,always_compile_evict,1.0
h=0/q0=0.4/p=1/r=1/sig=0/cf=1,A_core,0.0,0.4,1.0,1.0,0.0,1.0,1.0,wiki_B,native,ours_spend_cap,6207052342.3,1.0,5.0,15.0,1733.0,0.0,0.0,0.0,0.0,0.013,0.0,0.0,always_compile_evict,1.0
h=0/q0=0.4/p=1/r=1/sig=0/cf=1,A_core,0.0,0.4,1.0,1.0,0.0,1.0,1.0,wiki_B,native,ours_pi_prior,6208426447.3,1.000221,5.0,15.0,1725.0,0.0,0.0,0.0,0.0,0.013,0.0,0.0,always_compile_evict,1.0
h=0/q0=0.4/p=1/r=1/sig=0/cf=1,A_core,0.0,0.4,1.0,1.0,0.0,1.0,1.0,wiki_B,native,ours_both,6208426447.3,1.000221,5.0,15.0,1725.0,0.0,0.0,0.0,0.0,0.013,0.0,0.0,always_compile_evict,1.0
h=0/q0=0.4/p=1/r=1/sig=0/cf=1,A_core,0.0,0.4,1.0,1.0,0.0,1.0,1.0,wiki_B,native,breakeven,7283651654.3,1.173448,0.0,5.0,1734.0,0.0,0.0,0.0,0.0,0.006,0.0,0.0,always_compile_evict,1.0
h=0/q0=0.4/p=1/r=1/sig=0/cf=1,A_core,0.0,0.4,1.0,1.0,0.0,1.0,1.0,wiki_B,native,breakeven_cap,7283651654.3,1.173448,0.0,5.0,1734.0,0.0,0.0,0.0,0.0,0.006,0.0,0.0,always_compile_evict,1.0
h=0/q0=0.4/p=1/r=1/sig=0/cf=1,A_core,0.0,0.4,1.0,1.0,0.0,1.0,1.0,wiki_B,native,offline_taxblind,4006684399.4,0.645505,,,,,,,,,,,always_compile_evict,1.0
h=0/q0=0.4/p=1/r=1/sig=0/cf=1,A_core,0.0,0.4,1.0,1.0,0.0,1.0,1.0,wiki_B,native,offline_opt_tax,4023748213.006,0.648254,,,,,,,,,,,always_compile_evict,1.0
h=0/q0=0.4/p=1/r=2.2/sig=0/cf=1,C_rfb,0.0,0.4,1.0,2.2,0.0,1.0,1.0,bpi2019,autorpa_233k,always_reactive,19497801224.0,1.04633,0.0,0.0,0.0,0.0,0.0,0.0,0.0,0.005,0.0,0.0,ours_noinflate,0.980129
h=0/q0=0.4/p=1/r=2.2/sig=0/cf=1,C_rfb,0.0,0.4,1.0,2.2,0.0,1.0,1.0,bpi2019,autorpa_233k,always_compile_evict,19012267664.416,1.020274,57.0,86.0,1902.0,0.0,0.0,94739.8,1834.0,0.067,0.0,0.0,ours_noinflate,0.980129
h=0/q0=0.4/p=1/r=2.2/sig=0/cf=1,C_rfb,0.0,0.4,1.0,2.2,0.0,1.0,1.0,bpi2019,autorpa_233k,ours_noinflate,18634473437.493,1.0,16.0,24.0,114.0,0.0,0.0,42592.9,95.0,0.021,0.0,0.0,ours_noinflate,0.980129
h=0/q0=0.4/p=1/r=2.2/sig=0/cf=1,C_rfb,0.0,0.4,1.0,2.2,0.0,1.0,1.0,bpi2019,autorpa_233k,oracle_tax,18249051176.055,0.979317,33.0,33.0,33.0,0.0,0.0,73899.5,0.0,0.029,0.0,0.0,ours_noinflate,0.980129
h=0/q0=0.4/p=1/r=2.2/sig=0/cf=1,C_rfb,0.0,0.4,1.0,2.2,0.0,1.0,1.0,bpi2019,autorpa_233k,ours_spend_cap,18634473437.493,1.0,16.0,24.0,114.0,0.0,0.0,42592.9,95.0,0.021,0.0,0.0,ours_noinflate,0.980129
h=0/q0=0.4/p=1/r=2.2/sig=0/cf=1,C_rfb,0.0,0.4,1.0,2.2,0.0,1.0,1.0,bpi2019,autorpa_233k,ours_pi_prior,19321067889.348,1.036845,20.0,26.0,176.0,0.0,0.0,21707.7,156.0,0.023,0.0,0.0,ours_noinflate,0.980129
h=0/q0=0.4/p=1/r=2.2/sig=0/cf=1,C_rfb,0.0,0.4,1.0,2.2,0.0,1.0,1.0,bpi2019,autorpa_233k,ours_both,19321067889.348,1.036845,20.0,26.0,176.0,0.0,0.0,21707.7,156.0,0.023,0.0,0.0,ours_noinflate,0.980129
h=0/q0=0.4/p=1/r=2.2/sig=0/cf=1,C_rfb,0.0,0.4,1.0,2.2,0.0,1.0,1.0,bpi2019,autorpa_233k,breakeven,19532654037.48,1.0482,0.0,3.0,182.0,0.0,0.0,809.4,170.0,0.005,0.0,0.0,ours_noinflate,0.980129
h=0/q0=0.4/p=1/r=2.2/sig=0/cf=1,C_rfb,0.0,0.4,1.0,2.2,0.0,1.0,1.0,bpi2019,autorpa_233k,breakeven_cap,19532654037.48,1.0482,0.0,3.0,182.0,0.0,0.0,809.4,170.0,0.005,0.0,0.0,ours_noinflate,0.980129
h=0/q0=0.4/p=1/r=2.2/sig=0/cf=1,C_rfb,0.0,0.4,1.0,2.2,0.0,1.0,1.0,bpi2019,autorpa_233k,offline_taxblind,17518281796.76,0.940101,,,,,,,,,,,ours_noinflate,0.980129
h=0/q0=0.4/p=1/r=2.2/sig=0/cf=1,C_rfb,0.0,0.4,1.0,2.2,0.0,1.0,1.0,bpi2019,autorpa_233k,offline_opt_tax,17754808038.545,0.952794,,,,,,,,,,,ours_noinflate,0.980129
h=0/q0=0.4/p=1/r=2.2/sig=0/cf=1,C_rfb,0.0,0.4,1.0,2.2,0.0,1.0,1.0,bpi2019,native,always_reactive,19497801224.0,1.111674,0.0,0.0,0.0,0.0,0.0,0.0,0.0,0.005,0.0,0.0,always_compile_evict,1.0
h=0/q0=0.4/p=1/r=2.2/sig=0/cf=1,C_rfb,0.0,0.4,1.0,2.2,0.0,1.0,1.0,bpi2019,native,always_compile_evict,17526150399.42,0.99926,4.0,19.0,1902.0,0.0,0.0,94739.8,593.0,0.012,0.0,0.0,always_compile_evict,1.0
h=0/q0=0.4/p=1/r=2.2/sig=0/cf=1,C_rfb,0.0,0.4,1.0,2.2,0.0,1.0,1.0,bpi2019,native,ours_noinflate,17539134109.52,1.0,4.0,19.0,1442.0,0.0,0.0,93740.8,381.0,0.012,0.0,0.0,always_compile_evict,1.0
h=0/q0=0.4/p=1/r=2.2/sig=0/cf=1,C_rfb,0.0,0.4,1.0,2.2,0.0,1.0,1.0,bpi2019,native,oracle_tax,18242022949.515,1.040075,41.0,41.0,41.0,0.0,0.0,74089.8,0.0,0.029,0.0,0.0,always_compile_evict,1.0
h=0/q0=0.4/p=1/r=2.2/sig=0/cf=1,C_rfb,0.0,0.4,1.0,2.2,0.0,1.0,1.0,bpi2019,native,ours_spend_cap,17539134109.52,1.0,4.0,19.0,1442.0,0.0,0.0,93740.8,381.0,0.012,0.0,0.0,always_compile_evict,1.0
h=0/q0=0.4/p=1/r=2.2/sig=0/cf=1,C_rfb,0.0,0.4,1.0,2.2,0.0,1.0,1.0,bpi2019,native,ours_pi_prior,17542629427.38,1.000199,4.0,19.0,1384.0,0.0,0.0,93461.7,362.0,0.012,0.0,0.0,always_compile_evict,1.0
h=0/q0=0.4/p=1/r=2.2/sig=0/cf=1,C_rfb,0.0,0.4,1.0,2.2,0.0,1.0,1.0,bpi2019,native,ours_both,17542629427.38,1.000199,4.0,19.0,1384.0,0.0,0.0,93461.7,362.0,0.012,0.0,0.0,always_compile_evict,1.0
h=0/q0=0.4/p=1/r=2.2/sig=0/cf=1,C_rfb,0.0,0.4,1.0,2.2,0.0,1.0,1.0,bpi2019,native,breakeven,19479152136.42,1.110611,0.0,4.0,1229.0,0.0,0.0,1714.6,853.0,0.005,0.0,0.0,always_compile_evict,1.0
h=0/q0=0.4/p=1/r=2.2/sig=0/cf=1,C_rfb,0.0,0.4,1.0,2.2,0.0,1.0,1.0,bpi2019,native,breakeven_cap,19479152136.42,1.110611,0.0,4.0,1229.0,0.0,0.0,1714.6,853.0,0.005,0.0,0.0,always_compile_evict,1.0
h=0/q0=0.4/p=1/r=2.2/sig=0/cf=1,C_rfb,0.0,0.4,1.0,2.2,0.0,1.0,1.0,bpi2019,native,offline_taxblind,17374933413.28,0.990638,,,,,,,,,,,always_compile_evict,1.0
h=0/q0=0.4/p=1/r=2.2/sig=0/cf=1,C_rfb,0.0,0.4,1.0,2.2,0.0,1.0,1.0,bpi2019,native,offline_opt_tax,17472567334.972,0.996205,,,,,,,,,,,always_compile_evict,1.0
h=0/q0=0.4/p=1/r=2.2/sig=0/cf=1,C_rfb,0.0,0.4,1.0,2.2,0.0,1.0,1.0,sepsis,autorpa_233k,always_reactive,77101119.0,1.0,0.0,0.0,0.0,0.0,0.0,0.0,0.0,0.005,0.0,0.0,always_reactive,0.925412
h=0/q0=0.4/p=1/r=2.2/sig=0/cf=1,C_rfb,0.0,0.4,1.0,2.2,0.0,1.0,1.0,sepsis,autorpa_233k,always_compile_evict,83315421.24,1.080599,19.0,20.0,27.0,0.0,0.0,57.6,27.0,0.017,0.0,0.0,always_reactive,0.925412
h=0/q0=0.4/p=1/r=2.2/sig=0/cf=1,C_rfb,0.0,0.4,1.0,2.2,0.0,1.0,1.0,sepsis,autorpa_233k,ours_noinflate,77101119.0,1.0,0.0,0.0,0.0,0.0,0.0,0.0,0.0,0.005,0.0,0.0,always_reactive,0.925412
h=0/q0=0.4/p=1/r=2.2/sig=0/cf=1,C_rfb,0.0,0.4,1.0,2.2,0.0,1.0,1.0,sepsis,autorpa_233k,oracle_tax,77101119.0,1.0,0.0,0.0,0.0,0.0,0.0,0.0,0.0,0.005,0.0,0.0,always_reactive,0.925412
h=0/q0=0.4/p=1/r=2.2/sig=0/cf=1,C_rfb,0.0,0.4,1.0,2.2,0.0,1.0,1.0,sepsis,autorpa_233k,ours_spend_cap,77101119.0,1.0,0.0,0.0,0.0,0.0,0.0,0.0,0.0,0.005,0.0,0.0,always_reactive,0.925412
h=0/q0=0.4/p=1/r=2.2/sig=0/cf=1,C_rfb,0.0,0.4,1.0,2.2,0.0,1.0,1.0,sepsis,autorpa_233k,ours_pi_prior,77260239.6,1.002064,1.0,1.0,1.0,0.0,0.0,0.5,1.0,0.005,0.0,0.0,always_reactive,0.925412
h=0/q0=0.4/p=1/r=2.2/sig=0/cf=1,C_rfb,0.0,0.4,1.0,2.2,0.0,1.0,1.0,sepsis,autorpa_233k,ours_both,77260239.6,1.002064,1.0,1.0,1.0,0.0,0.0,0.5,1.0,0.005,0.0,0.0,always_reactive,0.925412
h=0/q0=0.4/p=1/r=2.2/sig=0/cf=1,C_rfb,0.0,0.4,1.0,2.2,0.0,1.0,1.0,sepsis,autorpa_233k,breakeven,77101119.0,1.0,0.0,0.0,0.0,0.0,0.0,0.0,0.0,0.005,0.0,0.0,always_reactive,0.925412
h=0/q0=0.4/p=1/r=2.2/sig=0/cf=1,C_rfb,0.0,0.4,1.0,2.2,0.0,1.0,1.0,sepsis,autorpa_233k,breakeven_cap,77101119.0,1.0,0.0,0.0,0.0,0.0,0.0,0.0,0.0,0.005,0.0,0.0,always_reactive,0.925412
h=0/q0=0.4/p=1/r=2.2/sig=0/cf=1,C_rfb,0.0,0.4,1.0,2.2,0.0,1.0,1.0,sepsis,autorpa_233k,offline_taxblind,77046965.56,0.999298,,,,,,,,,,,always_reactive,0.925412
h=0/q0=0.4/p=1/r=2.2/sig=0/cf=1,C_rfb,0.0,0.4,1.0,2.2,0.0,1.0,1.0,sepsis,autorpa_233k,offline_opt_tax,77101119.0,1.0,,,,,,,,,,,always_reactive,0.925412
h=0/q0=0.4/p=1/r=2.2/sig=0/cf=1,C_rfb,0.0,0.4,1.0,2.2,0.0,1.0,1.0,sepsis,native,always_reactive,77101119.0,1.007197,0.0,0.0,0.0,0.0,0.0,0.0,0.0,0.005,0.0,0.0,ours_noinflate,0.996491
h=0/q0=0.4/p=1/r=2.2/sig=0/cf=1,C_rfb,0.0,0.4,1.0,2.2,0.0,1.0,1.0,sepsis,native,always_compile_evict,76819738.24,1.003521,4.0,10.0,27.0,0.0,0.0,57.6,18.0,0.01,0.0,0.0,ours_noinflate,0.996491
h=0/q0=0.4/p=1/r=2.2/sig=0/cf=1,C_rfb,0.0,0.4,1.0,2.2,0.0,1.0,1.0,sepsis,native,ours_noinflate,76550182.46,1.0,4.0,8.0,11.0,0.0,0.0,38.9,4.0,0.009,0.0,0.0,ours_noinflate,0.996491
h=0/q0=0.4/p=1/r=2.2/sig=0/cf=1,C_rfb,0.0,0.4,1.0,2.2,0.0,1.0,1.0,sepsis,native,oracle_tax,76714389.38,1.002145,5.0,5.0,5.0,0.0,0.0,37.7,0.0,0.01,0.0,0.0,ours_noinflate,0.996491
h=0/q0=0.4/p=1/r=2.2/sig=0/cf=1,C_rfb,0.0,0.4,1.0,2.2,0.0,1.0,1.0,sepsis,native,ours_spend_cap,76550182.46,1.0,4.0,8.0,11.0,0.0,0.0,38.9,4.0,0.009,0.0,0.0,ours_noinflate,0.996491
h=0/q0=0.4/p=1/r=2.2/sig=0/cf=1,C_rfb,0.0,0.4,1.0,2.2,0.0,1.0,1.0,sepsis,native,ours_pi_prior,76594940.54,1.000585,4.0,8.0,11.0,0.0,0.0,40.0,4.0,0.009,0.0,0.0,ours_noinflate,0.996491
h=0/q0=0.4/p=1/r=2.2/sig=0/cf=1,C_rfb,0.0,0.4,1.0,2.2,0.0,1.0,1.0,sepsis,native,ours_both,76594940.54,1.000585,4.0,8.0,11.0,0.0,0.0,40.0,4.0,0.009,0.0,0.0,ours_noinflate,0.996491
h=0/q0=0.4/p=1/r=2.2/sig=0/cf=1,C_rfb,0.0,0.4,1.0,2.2,0.0,1.0,1.0,sepsis,native,breakeven,77003950.66,1.005928,0.0,2.0,9.0,0.0,0.0,5.1,7.0,0.006,0.0,0.0,ours_noinflate,0.996491
h=0/q0=0.4/p=1/r=2.2/sig=0/cf=1,C_rfb,0.0,0.4,1.0,2.2,0.0,1.0,1.0,sepsis,native,breakeven_cap,77003950.66,1.005928,0.0,2.0,9.0,0.0,0.0,5.1,7.0,0.006,0.0,0.0,ours_noinflate,0.996491
h=0/q0=0.4/p=1/r=2.2/sig=0/cf=1,C_rfb,0.0,0.4,1.0,2.2,0.0,1.0,1.0,sepsis,native,offline_taxblind,75772918.04,0.989846,,,,,,,,,,,ours_noinflate,0.996491
h=0/q0=0.4/p=1/r=2.2/sig=0/cf=1,C_rfb,0.0,0.4,1.0,2.2,0.0,1.0,1.0,sepsis,native,offline_opt_tax,76113806.036,0.994299,,,,,,,,,,,ours_noinflate,0.996491
h=0/q0=0.4/p=1/r=2.2/sig=0/cf=1,C_rfb,0.0,0.4,1.0,2.2,0.0,1.0,1.0,wiki_A,autorpa_233k,always_reactive,5261420180.0,1.060837,0.0,0.0,0.0,0.0,0.0,0.0,0.0,0.005,0.0,0.0,always_compile_evict,1.0
h=0/q0=0.4/p=1/r=2.2/sig=0/cf=1,C_rfb,0.0,0.4,1.0,2.2,0.0,1.0,1.0,wiki_A,autorpa_233k,always_compile_evict,4847956004.079,0.977472,10.0,46.0,315.0,0.0,0.0,25050.0,273.0,0.024,0.0,0.0,always_compile_evict,1.0
h=0/q0=0.4/p=1/r=2.2/sig=0/cf=1,C_rfb,0.0,0.4,1.0,2.2,0.0,1.0,1.0,wiki_A,autorpa_233k,ours_noinflate,4959686666.079,1.0,4.0,10.0,31.0,0.0,0.0,11948.4,17.0,0.009,0.0,0.0,always_compile_evict,1.0
h=0/q0=0.4/p=1/r=2.2/sig=0/cf=1,C_rfb,0.0,0.4,1.0,2.2,0.0,1.0,1.0,wiki_A,autorpa_233k,oracle_tax,4811395704.199,0.970101,12.0,12.0,12.0,0.0,0.0,22015.7,0.0,0.017,0.0,0.0,always_compile_evict,1.0
h=0/q0=0.4/p=1/r=2.2/sig=0/cf=1,C_rfb,0.0,0.4,1.0,2.2,0.0,1.0,1.0,wiki_A,autorpa_233k,ours_spend_cap,4959686666.079,1.0,4.0,10.0,31.0,0.0,0.0,11948.4,17.0,0.009,0.0,0.0,always_compile_evict,1.0
h=0/q0=0.4/p=1/r=2.2/sig=0/cf=1,C_rfb,0.0,0.4,1.0,2.2,0.0,1.0,1.0,wiki_A,autorpa_233k,ours_pi_prior,4862314393.979,0.980367,2.0,11.0,42.0,0.0,0.0,17928.8,25.0,0.009,0.0,0.0,always_compile_evict,1.0
h=0/q0=0.4/p=1/r=2.2/sig=0/cf=1,C_rfb,0.0,0.4,1.0,2.2,0.0,1.0,1.0,wiki_A,autorpa_233k,ours_both,4862314393.979,0.980367,2.0,11.0,42.0,0.0,0.0,17928.8,25.0,0.009,0.0,0.0,always_compile_evict,1.0
h=0/q0=0.4/p=1/r=2.2/sig=0/cf=1,C_rfb,0.0,0.4,1.0,2.2,0.0,1.0,1.0,wiki_A,autorpa_233k,breakeven,5102591228.04,1.028813,0.0,5.0,46.0,0.0,0.0,8400.3,24.0,0.006,0.0,0.0,always_compile_evict,1.0
h=0/q0=0.4/p=1/r=2.2/sig=0/cf=1,C_rfb,0.0,0.4,1.0,2.2,0.0,1.0,1.0,wiki_A,autorpa_233k,breakeven_cap,5102591228.04,1.028813,0.0,5.0,46.0,0.0,0.0,8400.3,24.0,0.006,0.0,0.0,always_compile_evict,1.0
h=0/q0=0.4/p=1/r=2.2/sig=0/cf=1,C_rfb,0.0,0.4,1.0,2.2,0.0,1.0,1.0,wiki_A,autorpa_233k,offline_taxblind,4707112016.32,0.949074,,,,,,,,,,,always_compile_evict,1.0
h=0/q0=0.4/p=1/r=2.2/sig=0/cf=1,C_rfb,0.0,0.4,1.0,2.2,0.0,1.0,1.0,wiki_A,autorpa_233k,offline_opt_tax,4734540318.065,0.954605,,,,,,,,,,,always_compile_evict,1.0
h=0/q0=0.4/p=1/r=2.2/sig=0/cf=1,C_rfb,0.0,0.4,1.0,2.2,0.0,1.0,1.0,wiki_A,native,always_reactive,5261420180.0,1.116658,0.0,0.0,0.0,0.0,0.0,0.0,0.0,0.005,0.0,0.0,always_compile_evict,1.0
h=0/q0=0.4/p=1/r=2.2/sig=0/cf=1,C_rfb,0.0,0.4,1.0,2.2,0.0,1.0,1.0,wiki_A,native,always_compile_evict,4709333198.079,0.999485,4.0,13.0,315.0,0.0,0.0,25050.0,99.0,0.01,0.0,0.0,always_compile_evict,1.0
h=0/q0=0.4/p=1/r=2.2/sig=0/cf=1,C_rfb,0.0,0.4,1.0,2.2,0.0,1.0,1.0,wiki_A,native,ours_noinflate,4711758221.499,1.0,4.0,13.0,247.0,0.0,0.0,24849.4,64.0,0.009,0.0,0.0,always_compile_evict,1.0
h=0/q0=0.4/p=1/r=2.2/sig=0/cf=1,C_rfb,0.0,0.4,1.0,2.2,0.0,1.0,1.0,wiki_A,native,oracle_tax,4809076959.799,1.020654,14.0,14.0,14.0,0.0,0.0,22395.3,0.0,0.018,0.0,0.0,always_compile_evict,1.0
h=0/q0=0.4/p=1/r=2.2/sig=0/cf=1,C_rfb,0.0,0.4,1.0,2.2,0.0,1.0,1.0,wiki_A,native,ours_spend_cap,4711758221.499,1.0,4.0,13.0,247.0,0.0,0.0,24849.4,64.0,0.009,0.0,0.0,always_compile_evict,1.0
h=0/q0=0.4/p=1/r=2.2/sig=0/cf=1,C_rfb,0.0,0.4,1.0,2.2,0.0,1.0,1.0,wiki_A,native,ours_pi_prior,4711580267.099,0.999962,4.0,13.0,235.0,0.0,0.0,24805.1,48.0,0.009,0.0,0.0,always_compile_evict,1.0
h=0/q0=0.4/p=1/r=2.2/sig=0/cf=1,C_rfb,0.0,0.4,1.0,2.2,0.0,1.0,1.0,wiki_A,native,ours_both,4711580267.099,0.999962,4.0,13.0,235.0,0.0,0.0,24805.1,48.0,0.009,0.0,0.0,always_compile_evict,1.0
h=0/q0=0.4/p=1/r=2.2/sig=0/cf=1,C_rfb,0.0,0.4,1.0,2.2,0.0,1.0,1.0,wiki_A,native,breakeven,5091488442.7,1.080592,0.0,4.0,211.0,0.0,0.0,8360.0,125.0,0.005,0.0,0.0,always_compile_evict,1.0
h=0/q0=0.4/p=1/r=2.2/sig=0/cf=1,C_rfb,0.0,0.4,1.0,2.2,0.0,1.0,1.0,wiki_A,native,breakeven_cap,5091488442.7,1.080592,0.0,4.0,211.0,0.0,0.0,8360.0,125.0,0.005,0.0,0.0,always_compile_evict,1.0
h=0/q0=0.4/p=1/r=2.2/sig=0/cf=1,C_rfb,0.0,0.4,1.0,2.2,0.0,1.0,1.0,wiki_A,native,offline_taxblind,4679799434.92,0.993217,,,,,,,,,,,always_compile_evict,1.0
h=0/q0=0.4/p=1/r=2.2/sig=0/cf=1,C_rfb,0.0,0.4,1.0,2.2,0.0,1.0,1.0,wiki_A,native,offline_opt_tax,4696248870.036,0.996708,,,,,,,,,,,always_compile_evict,1.0
h=0/q0=0.4/p=1/r=2.2/sig=0/cf=1,C_rfb,0.0,0.4,1.0,2.2,0.0,1.0,1.0,wiki_B,autorpa_233k,always_reactive,7373315056.0,0.992919,0.0,0.0,0.0,0.0,0.0,0.0,0.0,0.005,0.0,0.0,always_reactive,0.916256
h=0/q0=0.4/p=1/r=2.2/sig=0/cf=1,C_rfb,0.0,0.4,1.0,2.2,0.0,1.0,1.0,wiki_B,autorpa_233k,always_compile_evict,8047223782.42,1.08367,68.0,88.0,1734.0,0.0,0.0,11214.4,1711.0,0.068,0.0,0.0,always_reactive,0.916256
h=0/q0=0.4/p=1/r=2.2/sig=0/cf=1,C_rfb,0.0,0.4,1.0,2.2,0.0,1.0,1.0,wiki_B,autorpa_233k,ours_noinflate,7425897719.12,1.0,16.0,23.0,104.0,0.0,0.0,2637.6,99.0,0.019,0.0,0.0,always_reactive,0.916256
h=0/q0=0.4/p=1/r=2.2/sig=0/cf=1,C_rfb,0.0,0.4,1.0,2.2,0.0,1.0,1.0,wiki_B,autorpa_233k,oracle_tax,7350746254.28,0.98988,5.0,5.0,5.0,0.0,0.0,2101.2,0.0,0.008,0.0,0.0,always_reactive,0.916256
h=0/q0=0.4/p=1/r=2.2/sig=0/cf=1,C_rfb,0.0,0.4,1.0,2.2,0.0,1.0,1.0,wiki_B,autorpa_233k,ours_spend_cap,7425897719.12,1.0,16.0,23.0,104.0,0.0,0.0,2637.6,99.0,0.019,0.0,0.0,always_reactive,0.916256
h=0/q0=0.4/p=1/r=2.2/sig=0/cf=1,C_rfb,0.0,0.4,1.0,2.2,0.0,1.0,1.0,wiki_B,autorpa_233k,ours_pi_prior,7447198467.46,1.002868,20.0,30.0,139.0,0.0,0.0,2847.7,132.0,0.02,0.0,0.0,always_reactive,0.916256
h=0/q0=0.4/p=1/r=2.2/sig=0/cf=1,C_rfb,0.0,0.4,1.0,2.2,0.0,1.0,1.0,wiki_B,autorpa_233k,ours_both,7447198467.46,1.002868,20.0,30.0,139.0,0.0,0.0,2847.7,132.0,0.02,0.0,0.0,always_reactive,0.916256
h=0/q0=0.4/p=1/r=2.2/sig=0/cf=1,C_rfb,0.0,0.4,1.0,2.2,0.0,1.0,1.0,wiki_B,autorpa_233k,breakeven,7390157728.06,0.995187,1.0,4.0,84.0,0.0,0.0,464.4,76.0,0.006,0.0,0.0,always_reactive,0.916256
h=0/q0=0.4/p=1/r=2.2/sig=0/cf=1,C_rfb,0.0,0.4,1.0,2.2,0.0,1.0,1.0,wiki_B,autorpa_233k,breakeven_cap,7390157728.06,0.995187,1.0,4.0,84.0,0.0,0.0,464.4,76.0,0.006,0.0,0.0,always_reactive,0.916256
h=0/q0=0.4/p=1/r=2.2/sig=0/cf=1,C_rfb,0.0,0.4,1.0,2.2,0.0,1.0,1.0,wiki_B,autorpa_233k,offline_taxblind,7229607509.16,0.973567,,,,,,,,,,,always_reactive,0.916256
h=0/q0=0.4/p=1/r=2.2/sig=0/cf=1,C_rfb,0.0,0.4,1.0,2.2,0.0,1.0,1.0,wiki_B,autorpa_233k,offline_opt_tax,7304616727.88,0.983668,,,,,,,,,,,always_reactive,0.916256
h=0/q0=0.4/p=1/r=2.2/sig=0/cf=1,C_rfb,0.0,0.4,1.0,2.2,0.0,1.0,1.0,wiki_B,native,always_reactive,7373315056.0,1.023527,0.0,0.0,0.0,0.0,0.0,0.0,0.0,0.005,0.0,0.0,always_compile_evict,1.0
h=0/q0=0.4/p=1/r=2.2/sig=0/cf=1,C_rfb,0.0,0.4,1.0,2.2,0.0,1.0,1.0,wiki_B,native,always_compile_evict,7198949282.42,0.999323,5.0,15.0,1734.0,0.0,0.0,11214.4,702.0,0.011,0.0,0.0,always_compile_evict,1.0
h=0/q0=0.4/p=1/r=2.2/sig=0/cf=1,C_rfb,0.0,0.4,1.0,2.2,0.0,1.0,1.0,wiki_B,native,ours_noinflate,7203827823.64,1.0,5.0,12.0,1330.0,0.0,0.0,10459.7,483.0,0.011,0.0,0.0,always_compile_evict,1.0
h=0/q0=0.4/p=1/r=2.2/sig=0/cf=1,C_rfb,0.0,0.4,1.0,2.2,0.0,1.0,1.0,wiki_B,native,oracle_tax,7349353939.7,1.020201,11.0,11.0,11.0,0.0,0.0,2150.2,0.0,0.009,0.0,0.0,always_compile_evict,1.0
h=0/q0=0.4/p=1/r=2.2/sig=0/cf=1,C_rfb,0.0,0.4,1.0,2.2,0.0,1.0,1.0,wiki_B,native,ours_spend_cap,7203827823.64,1.0,5.0,12.0,1330.0,0.0,0.0,10459.7,483.0,0.011,0.0,0.0,always_compile_evict,1.0
h=0/q0=0.4/p=1/r=2.2/sig=0/cf=1,C_rfb,0.0,0.4,1.0,2.2,0.0,1.0,1.0,wiki_B,native,ours_pi_prior,7205858547.52,1.000282,5.0,14.0,1280.0,0.0,0.0,10328.8,455.0,0.011,0.0,0.0,always_compile_evict,1.0
h=0/q0=0.4/p=1/r=2.2/sig=0/cf=1,C_rfb,0.0,0.4,1.0,2.2,0.0,1.0,1.0,wiki_B,native,ours_both,7205858547.52,1.000282,5.0,14.0,1280.0,0.0,0.0,10328.8,455.0,0.011,0.0,0.0,always_compile_evict,1.0
h=0/q0=0.4/p=1/r=2.2/sig=0/cf=1,C_rfb,0.0,0.4,1.0,2.2,0.0,1.0,1.0,wiki_B,native,breakeven,7374647672.2,1.023712,0.0,5.0,1004.0,0.0,0.0,735.1,923.0,0.005,0.0,0.0,always_compile_evict,1.0
h=0/q0=0.4/p=1/r=2.2/sig=0/cf=1,C_rfb,0.0,0.4,1.0,2.2,0.0,1.0,1.0,wiki_B,native,breakeven_cap,7374647672.2,1.023712,0.0,5.0,1004.0,0.0,0.0,735.1,923.0,0.005,0.0,0.0,always_compile_evict,1.0
h=0/q0=0.4/p=1/r=2.2/sig=0/cf=1,C_rfb,0.0,0.4,1.0,2.2,0.0,1.0,1.0,wiki_B,native,offline_taxblind,7126613143.24,0.989281,,,,,,,,,,,always_compile_evict,1.0
h=0/q0=0.4/p=1/r=2.2/sig=0/cf=1,C_rfb,0.0,0.4,1.0,2.2,0.0,1.0,1.0,wiki_B,native,offline_opt_tax,7137617994.846,0.990809,,,,,,,,,,,always_compile_evict,1.0
