config,block,h,q0,p,r_fallback,sigma,silent_penalty,stream,price,policy,mean_tokens,rel_to_ours_noinflate,mean_final_library,mean_max_library,mean_n_compiles,mean_program_deaths,mean_silent_failures,mean_use_failures,mean_wasted_tax,mean_tax_share,cheapest_policy,best_vs_naive
h=0.02/q0=0.4/p=0.3/r=1/sig=0,A_core,0.02,0.4,0.3,1.0,0.0,1.0,bpi2019,autorpa_233k,always_reactive,19497801224.0,1.274928,0.0,0.0,0.0,0.0,0.0,0.0,0.0,0.005,ours_noinflate,0.944733
h=0.02/q0=0.4/p=0.3/r=1/sig=0,A_core,0.02,0.4,0.3,1.0,0.0,1.0,bpi2019,autorpa_233k,always_compile_evict,16187917554.8,1.0585,89.7,141.1,18980.6,4427.9,0.0,92083.9,18770.5,0.152,ours_noinflate,0.944733
h=0.02/q0=0.4/p=0.3/r=1/sig=0,A_core,0.02,0.4,0.3,1.0,0.0,1.0,bpi2019,autorpa_233k,ours_evict,19951739189.7,1.30461,19.5,37.4,1430.9,169.8,0.0,3492.6,1371.9,0.029,ours_noinflate,0.944733
h=0.02/q0=0.4/p=0.3/r=1/sig=0,A_core,0.02,0.4,0.3,1.0,0.0,1.0,bpi2019,autorpa_233k,ours_noinflate,15293261387.6,1.0,77.7,113.1,16129.4,4252.8,0.0,88372.3,15996.0,0.121,ours_noinflate,0.944733
h=0.02/q0=0.4/p=0.3/r=1/sig=0,A_core,0.02,0.4,0.3,1.0,0.0,1.0,bpi2019,autorpa_233k,oracle_tax,19199512251.0,1.255423,24.1,35.9,887.4,238.5,0.0,4911.0,749.7,0.007,ours_noinflate,0.944733
h=0.02/q0=0.4/p=0.3/r=1/sig=0,A_core,0.02,0.4,0.3,1.0,0.0,1.0,bpi2019,autorpa_233k,offline_taxblind,12874218266.827,0.841823,,,,,,,,,ours_noinflate,0.944733
h=0.02/q0=0.4/p=0.3/r=1/sig=0,A_core,0.02,0.4,0.3,1.0,0.0,1.0,bpi2019,autorpa_233k,offline_opt_tax,13415890457.269,0.877242,,,,,,,,,ours_noinflate,0.944733
h=0.02/q0=0.4/p=0.3/r=1/sig=0,A_core,0.02,0.4,0.3,1.0,0.0,1.0,bpi2019,native,always_reactive,19497801224.0,1.960249,0.0,0.0,0.0,0.0,0.0,0.0,0.0,0.005,always_compile_evict,1.0
h=0.02/q0=0.4/p=0.3/r=1/sig=0,A_core,0.02,0.4,0.3,1.0,0.0,1.0,bpi2019,native,always_compile_evict,9935035139.1,0.998838,7.6,26.7,18980.6,4427.9,0.0,92083.9,16722.0,0.035,always_compile_evict,1.0
h=0.02/q0=0.4/p=0.3/r=1/sig=0,A_core,0.02,0.4,0.3,1.0,0.0,1.0,bpi2019,native,ours_evict,18001230513.3,1.809788,2.3,16.7,5910.8,766.9,0.0,16015.9,4305.4,0.009,always_compile_evict,1.0
h=0.02/q0=0.4/p=0.3/r=1/sig=0,A_core,0.02,0.4,0.3,1.0,0.0,1.0,bpi2019,native,ours_noinflate,9946594679.8,1.0,7.6,26.6,18757.8,4419.7,0.0,91927.5,16565.7,0.035,always_compile_evict,1.0
h=0.02/q0=0.4/p=0.3/r=1/sig=0,A_core,0.02,0.4,0.3,1.0,0.0,1.0,bpi2019,native,oracle_tax,18739550360.3,1.884017,53.8,55.3,1475.6,388.6,0.0,8038.2,1291.4,0.01,always_compile_evict,1.0
h=0.02/q0=0.4/p=0.3/r=1/sig=0,A_core,0.02,0.4,0.3,1.0,0.0,1.0,bpi2019,native,offline_taxblind,8913952581.231,0.896181,,,,,,,,,always_compile_evict,1.0
h=0.02/q0=0.4/p=0.3/r=1/sig=0,A_core,0.02,0.4,0.3,1.0,0.0,1.0,bpi2019,native,offline_opt_tax,9132554987.148,0.918159,,,,,,,,,always_compile_evict,1.0
h=0.02/q0=0.4/p=0.3/r=1/sig=0,A_core,0.02,0.4,0.3,1.0,0.0,1.0,sepsis,autorpa_233k,always_reactive,77101119.0,0.980582,0.0,0.0,0.0,0.0,0.0,0.0,0.0,0.005,always_reactive,0.881649
h=0.02/q0=0.4/p=0.3/r=1/sig=0,A_core,0.02,0.4,0.3,1.0,0.0,1.0,sepsis,autorpa_233k,always_compile_evict,87451008.8,1.112213,12.7,13.2,60.3,2.3,0.0,39.7,55.6,0.011,always_reactive,0.881649
h=0.02/q0=0.4/p=0.3/r=1/sig=0,A_core,0.02,0.4,0.3,1.0,0.0,1.0,sepsis,autorpa_233k,ours_evict,78012392.9,0.992172,0.6,1.0,5.2,0.5,0.0,3.6,4.6,0.005,always_reactive,0.881649
h=0.02/q0=0.4/p=0.3/r=1/sig=0,A_core,0.02,0.4,0.3,1.0,0.0,1.0,sepsis,autorpa_233k,ours_noinflate,78627921.3,1.0,2.3,2.3,10.1,0.5,0.0,9.6,8.2,0.006,always_reactive,0.881649
h=0.02/q0=0.4/p=0.3/r=1/sig=0,A_core,0.02,0.4,0.3,1.0,0.0,1.0,sepsis,autorpa_233k,oracle_tax,77234103.6,0.982273,1.5,1.8,7.7,0.7,0.0,18.1,5.7,0.007,always_reactive,0.881649
h=0.02/q0=0.4/p=0.3/r=1/sig=0,A_core,0.02,0.4,0.3,1.0,0.0,1.0,sepsis,autorpa_233k,offline_taxblind,76605935.55,0.974284,,,,,,,,,always_reactive,0.881649
h=0.02/q0=0.4/p=0.3/r=1/sig=0,A_core,0.02,0.4,0.3,1.0,0.0,1.0,sepsis,autorpa_233k,offline_opt_tax,76766289.472,0.976324,,,,,,,,,always_reactive,0.881649
h=0.02/q0=0.4/p=0.3/r=1/sig=0,A_core,0.02,0.4,0.3,1.0,0.0,1.0,sepsis,native,always_reactive,77101119.0,1.039441,0.0,0.0,0.0,0.0,0.0,0.0,0.0,0.005,always_compile_evict,1.0
h=0.02/q0=0.4/p=0.3/r=1/sig=0,A_core,0.02,0.4,0.3,1.0,0.0,1.0,sepsis,native,always_compile_evict,74175538.0,1.0,8.7,10.4,60.3,2.3,0.0,39.7,44.3,0.011,always_compile_evict,1.0
h=0.02/q0=0.4/p=0.3/r=1/sig=0,A_core,0.02,0.4,0.3,1.0,0.0,1.0,sepsis,native,ours_evict,74807069.5,1.008514,7.1,9.2,50.6,1.9,0.0,33.2,36.8,0.01,always_compile_evict,1.0
h=0.02/q0=0.4/p=0.3/r=1/sig=0,A_core,0.02,0.4,0.3,1.0,0.0,1.0,sepsis,native,ours_noinflate,74175538.0,1.0,8.7,10.4,60.3,2.3,0.0,39.7,44.3,0.011,always_compile_evict,1.0
h=0.02/q0=0.4/p=0.3/r=1/sig=0,A_core,0.02,0.4,0.3,1.0,0.0,1.0,sepsis,native,oracle_tax,74091428.8,0.998866,7.4,8.0,34.9,2.1,0.0,36.0,25.5,0.01,always_compile_evict,1.0
h=0.02/q0=0.4/p=0.3/r=1/sig=0,A_core,0.02,0.4,0.3,1.0,0.0,1.0,sepsis,native,offline_taxblind,67243848.555,0.90655,,,,,,,,,always_compile_evict,1.0
h=0.02/q0=0.4/p=0.3/r=1/sig=0,A_core,0.02,0.4,0.3,1.0,0.0,1.0,sepsis,native,offline_opt_tax,68638032.35,0.925346,,,,,,,,,always_compile_evict,1.0
h=0.02/q0=0.4/p=0.3/r=1/sig=0,A_core,0.02,0.4,0.3,1.0,0.0,1.0,wiki_A,autorpa_233k,always_reactive,5261420180.0,1.443541,0.0,0.0,0.0,0.0,0.0,0.0,0.0,0.005,ours_noinflate,0.97596
h=0.02/q0=0.4/p=0.3/r=1/sig=0,A_core,0.02,0.4,0.3,1.0,0.0,1.0,wiki_A,autorpa_233k,always_compile_evict,3734579462.6,1.024632,28.4,64.1,4728.3,1203.4,0.0,24431.5,4196.3,0.046,ours_noinflate,0.97596
h=0.02/q0=0.4/p=0.3/r=1/sig=0,A_core,0.02,0.4,0.3,1.0,0.0,1.0,wiki_A,autorpa_233k,ours_evict,5267406623.9,1.445184,4.5,19.0,276.2,39.4,0.0,816.5,241.4,0.01,ours_noinflate,0.97596
h=0.02/q0=0.4/p=0.3/r=1/sig=0,A_core,0.02,0.4,0.3,1.0,0.0,1.0,wiki_A,autorpa_233k,ours_noinflate,3644800236.4,1.0,16.2,39.0,4236.3,1154.9,0.0,23511.6,3734.1,0.028,ours_noinflate,0.97596
h=0.02/q0=0.4/p=0.3/r=1/sig=0,A_core,0.02,0.4,0.3,1.0,0.0,1.0,wiki_A,autorpa_233k,oracle_tax,4649799978.5,1.275735,6.9,9.4,1218.0,353.9,0.0,7180.5,1032.2,0.008,ours_noinflate,0.97596
h=0.02/q0=0.4/p=0.3/r=1/sig=0,A_core,0.02,0.4,0.3,1.0,0.0,1.0,wiki_A,autorpa_233k,offline_taxblind,3376375109.791,0.926354,,,,,,,,,ours_noinflate,0.97596
h=0.02/q0=0.4/p=0.3/r=1/sig=0,A_core,0.02,0.4,0.3,1.0,0.0,1.0,wiki_A,autorpa_233k,offline_opt_tax,3417586137.213,0.937661,,,,,,,,,ours_noinflate,0.97596
h=0.02/q0=0.4/p=0.3/r=1/sig=0,A_core,0.02,0.4,0.3,1.0,0.0,1.0,wiki_A,native,always_reactive,5261420180.0,2.033781,0.0,0.0,0.0,0.0,0.0,0.0,0.0,0.005,always_compile_evict,1.0
h=0.02/q0=0.4/p=0.3/r=1/sig=0,A_core,0.02,0.4,0.3,1.0,0.0,1.0,wiki_A,native,always_compile_evict,2586437519.8,0.999777,3.8,20.1,4728.3,1203.4,0.0,24431.5,3924.8,0.021,always_compile_evict,1.0
h=0.02/q0=0.4/p=0.3/r=1/sig=0,A_core,0.02,0.4,0.3,1.0,0.0,1.0,wiki_A,native,ours_evict,4926298600.2,1.904241,0.5,15.5,1159.5,176.2,0.0,3457.9,834.8,0.008,always_compile_evict,1.0
h=0.02/q0=0.4/p=0.3/r=1/sig=0,A_core,0.02,0.4,0.3,1.0,0.0,1.0,wiki_A,native,ours_noinflate,2587013863.9,1.0,3.8,20.2,4723.8,1203.2,0.0,24422.9,3921.1,0.021,always_compile_evict,1.0
h=0.02/q0=0.4/p=0.3/r=1/sig=0,A_core,0.02,0.4,0.3,1.0,0.0,1.0,wiki_A,native,oracle_tax,4178554298.2,1.615204,17.3,17.9,1564.0,446.0,0.0,9073.5,1310.3,0.013,always_compile_evict,1.0
h=0.02/q0=0.4/p=0.3/r=1/sig=0,A_core,0.02,0.4,0.3,1.0,0.0,1.0,wiki_A,native,offline_taxblind,2371389641.891,0.916651,,,,,,,,,always_compile_evict,1.0
h=0.02/q0=0.4/p=0.3/r=1/sig=0,A_core,0.02,0.4,0.3,1.0,0.0,1.0,wiki_A,native,offline_opt_tax,2394746466.872,0.92568,,,,,,,,,always_compile_evict,1.0
h=0.02/q0=0.4/p=0.3/r=1/sig=0,A_core,0.02,0.4,0.3,1.0,0.0,1.0,wiki_B,autorpa_233k,always_reactive,7373315056.0,0.954864,0.0,0.0,0.0,0.0,0.0,0.0,0.0,0.005,always_reactive,0.869022
h=0.02/q0=0.4/p=0.3/r=1/sig=0,A_core,0.02,0.4,0.3,1.0,0.0,1.0,wiki_B,autorpa_233k,always_compile_evict,8484608378.3,1.09878,136.2,152.6,5263.7,498.1,0.0,10039.6,5111.8,0.115,always_reactive,0.869022
h=0.02/q0=0.4/p=0.3/r=1/sig=0,A_core,0.02,0.4,0.3,1.0,0.0,1.0,wiki_B,autorpa_233k,ours_evict,7661312987.2,0.992161,41.6,48.5,1144.2,86.8,0.0,1749.5,1106.9,0.032,always_reactive,0.869022
h=0.02/q0=0.4/p=0.3/r=1/sig=0,A_core,0.02,0.4,0.3,1.0,0.0,1.0,wiki_B,autorpa_233k,ours_noinflate,7721845497.7,1.0,102.6,112.0,2824.0,375.2,0.0,7622.4,2715.9,0.07,always_reactive,0.869022
h=0.02/q0=0.4/p=0.3/r=1/sig=0,A_core,0.02,0.4,0.3,1.0,0.0,1.0,wiki_B,autorpa_233k,oracle_tax,7339272948.9,0.950456,8.5,11.7,149.5,35.9,0.0,715.0,121.2,0.007,always_reactive,0.869022
h=0.02/q0=0.4/p=0.3/r=1/sig=0,A_core,0.02,0.4,0.3,1.0,0.0,1.0,wiki_B,autorpa_233k,offline_taxblind,6877646511.5,0.890674,,,,,,,,,always_reactive,0.869022
h=0.02/q0=0.4/p=0.3/r=1/sig=0,A_core,0.02,0.4,0.3,1.0,0.0,1.0,wiki_B,autorpa_233k,offline_opt_tax,7056592364.72,0.913848,,,,,,,,,always_reactive,0.869022
h=0.02/q0=0.4/p=0.3/r=1/sig=0,A_core,0.02,0.4,0.3,1.0,0.0,1.0,wiki_B,native,always_reactive,7373315056.0,1.132194,0.0,0.0,0.0,0.0,0.0,0.0,0.0,0.005,always_compile_evict,1.0
h=0.02/q0=0.4/p=0.3/r=1/sig=0,A_core,0.02,0.4,0.3,1.0,0.0,1.0,wiki_B,native,always_compile_evict,6511828261.2,0.99991,14.8,28.5,5263.7,498.1,0.0,10039.6,3919.6,0.024,always_compile_evict,1.0
h=0.02/q0=0.4/p=0.3/r=1/sig=0,A_core,0.02,0.4,0.3,1.0,0.0,1.0,wiki_B,native,ours_evict,6834328948.9,1.049431,8.1,20.5,4278.4,328.8,0.0,6580.9,3109.3,0.017,always_compile_evict,1.0
h=0.02/q0=0.4/p=0.3/r=1/sig=0,A_core,0.02,0.4,0.3,1.0,0.0,1.0,wiki_B,native,ours_noinflate,6512412976.0,1.0,14.8,28.5,5257.0,497.5,0.0,10031.6,3915.3,0.024,always_compile_evict,1.0
h=0.02/q0=0.4/p=0.3/r=1/sig=0,A_core,0.02,0.4,0.3,1.0,0.0,1.0,wiki_B,native,oracle_tax,7262300392.5,1.115147,44.0,44.3,403.4,75.7,0.0,1517.5,331.4,0.012,always_compile_evict,1.0
h=0.02/q0=0.4/p=0.3/r=1/sig=0,A_core,0.02,0.4,0.3,1.0,0.0,1.0,wiki_B,native,offline_taxblind,5923170256.269,0.90952,,,,,,,,,always_compile_evict,1.0
h=0.02/q0=0.4/p=0.3/r=1/sig=0,A_core,0.02,0.4,0.3,1.0,0.0,1.0,wiki_B,native,offline_opt_tax,5974309308.19,0.917373,,,,,,,,,always_compile_evict,1.0
h=0.02/q0=0.4/p=0.5/r=1/sig=0,A_core,0.02,0.4,0.5,1.0,0.0,1.0,bpi2019,autorpa_233k,always_reactive,19497801224.0,1.454853,0.0,0.0,0.0,0.0,0.0,0.0,0.0,0.005,ours_noinflate,0.977793
h=0.02/q0=0.4/p=0.5/r=1/sig=0,A_core,0.02,0.4,0.5,1.0,0.0,1.0,bpi2019,autorpa_233k,always_compile_evict,13706280905.3,1.022712,78.0,111.9,12207.1,4571.9,0.0,95044.2,11920.6,0.137,ours_noinflate,0.977793
h=0.02/q0=0.4/p=0.5/r=1/sig=0,A_core,0.02,0.4,0.5,1.0,0.0,1.0,bpi2019,autorpa_233k,ours_evict,19666145591.9,1.467415,37.0,58.2,2334.1,562.1,0.0,11636.5,2171.6,0.048,ours_noinflate,0.977793
h=0.02/q0=0.4/p=0.5/r=1/sig=0,A_core,0.02,0.4,0.5,1.0,0.0,1.0,bpi2019,autorpa_233k,ours_noinflate,13401900601.1,1.0,73.8,99.5,10491.9,4433.4,0.0,92099.7,10312.6,0.124,ours_noinflate,0.977793
h=0.02/q0=0.4/p=0.5/r=1/sig=0,A_core,0.02,0.4,0.5,1.0,0.0,1.0,bpi2019,autorpa_233k,oracle_tax,19011897979.3,1.418597,35.6,46.2,703.2,315.6,0.0,6493.6,551.1,0.009,ours_noinflate,0.977793
h=0.02/q0=0.4/p=0.5/r=1/sig=0,A_core,0.02,0.4,0.5,1.0,0.0,1.0,bpi2019,autorpa_233k,offline_taxblind,11345409248.89,0.846552,,,,,,,,,ours_noinflate,0.977793
h=0.02/q0=0.4/p=0.5/r=1/sig=0,A_core,0.02,0.4,0.5,1.0,0.0,1.0,bpi2019,autorpa_233k,offline_opt_tax,11925621594.356,0.889846,,,,,,,,,ours_noinflate,0.977793
h=0.02/q0=0.4/p=0.5/r=1/sig=0,A_core,0.02,0.4,0.5,1.0,0.0,1.0,bpi2019,native,always_reactive,19497801224.0,2.066264,0.0,0.0,0.0,0.0,0.0,0.0,0.0,0.005,always_compile_evict,1.0
h=0.02/q0=0.4/p=0.5/r=1/sig=0,A_core,0.02,0.4,0.5,1.0,0.0,1.0,bpi2019,native,always_compile_evict,9433267884.5,0.999683,5.9,21.9,12207.1,4571.9,0.0,95044.2,9384.9,0.028,always_compile_evict,1.0
h=0.02/q0=0.4/p=0.5/r=1/sig=0,A_core,0.02,0.4,0.5,1.0,0.0,1.0,bpi2019,native,ours_evict,14323208356.5,1.517891,3.5,19.0,7731.9,2404.4,0.0,49885.1,5021.0,0.014,always_compile_evict,1.0
h=0.02/q0=0.4/p=0.5/r=1/sig=0,A_core,0.02,0.4,0.5,1.0,0.0,1.0,bpi2019,native,ours_noinflate,9436259192.6,1.0,5.9,21.9,12162.9,4570.3,0.0,94996.8,9364.1,0.028,always_compile_evict,1.0
h=0.02/q0=0.4/p=0.5/r=1/sig=0,A_core,0.02,0.4,0.5,1.0,0.0,1.0,bpi2019,native,oracle_tax,18699713492.7,1.981687,61.5,61.9,923.6,404.3,0.0,8391.7,735.0,0.011,always_compile_evict,1.0
h=0.02/q0=0.4/p=0.5/r=1/sig=0,A_core,0.02,0.4,0.5,1.0,0.0,1.0,bpi2019,native,offline_taxblind,8662838677.699,0.918037,,,,,,,,,always_compile_evict,1.0
h=0.02/q0=0.4/p=0.5/r=1/sig=0,A_core,0.02,0.4,0.5,1.0,0.0,1.0,bpi2019,native,offline_opt_tax,8812302497.634,0.933877,,,,,,,,,always_compile_evict,1.0
h=0.02/q0=0.4/p=0.5/r=1/sig=0,A_core,0.02,0.4,0.5,1.0,0.0,1.0,sepsis,autorpa_233k,always_reactive,77101119.0,0.986655,0.0,0.0,0.0,0.0,0.0,0.0,0.0,0.005,always_reactive,0.93118
h=0.02/q0=0.4/p=0.5/r=1/sig=0,A_core,0.02,0.4,0.5,1.0,0.0,1.0,sepsis,autorpa_233k,always_compile_evict,82799412.0,1.059575,15.2,17.2,43.3,2.7,0.0,49.5,38.1,0.014,always_reactive,0.93118
h=0.02/q0=0.4/p=0.5/r=1/sig=0,A_core,0.02,0.4,0.5,1.0,0.0,1.0,sepsis,autorpa_233k,ours_evict,77372368.7,0.990126,2.9,3.9,8.0,0.7,0.0,16.3,4.8,0.007,always_reactive,0.93118
h=0.02/q0=0.4/p=0.5/r=1/sig=0,A_core,0.02,0.4,0.5,1.0,0.0,1.0,sepsis,autorpa_233k,ours_noinflate,78143985.6,1.0,4.7,5.6,13.3,1.1,0.0,22.3,9.9,0.007,always_reactive,0.93118
h=0.02/q0=0.4/p=0.5/r=1/sig=0,A_core,0.02,0.4,0.5,1.0,0.0,1.0,sepsis,autorpa_233k,oracle_tax,75997682.2,0.972534,3.1,3.9,8.7,1.5,0.0,30.9,4.5,0.009,always_reactive,0.93118
h=0.02/q0=0.4/p=0.5/r=1/sig=0,A_core,0.02,0.4,0.5,1.0,0.0,1.0,sepsis,autorpa_233k,offline_taxblind,75389775.794,0.964755,,,,,,,,,always_reactive,0.93118
h=0.02/q0=0.4/p=0.5/r=1/sig=0,A_core,0.02,0.4,0.5,1.0,0.0,1.0,sepsis,autorpa_233k,offline_opt_tax,75792416.695,0.969907,,,,,,,,,always_reactive,0.93118
h=0.02/q0=0.4/p=0.5/r=1/sig=0,A_core,0.02,0.4,0.5,1.0,0.0,1.0,sepsis,native,always_reactive,77101119.0,1.055162,0.0,0.0,0.0,0.0,0.0,0.0,0.0,0.005,always_compile_evict,1.0
h=0.02/q0=0.4/p=0.5/r=1/sig=0,A_core,0.02,0.4,0.5,1.0,0.0,1.0,sepsis,native,always_compile_evict,73070377.5,1.0,7.8,10.7,43.3,2.7,0.0,49.5,22.0,0.012,always_compile_evict,1.0
h=0.02/q0=0.4/p=0.5/r=1/sig=0,A_core,0.02,0.4,0.5,1.0,0.0,1.0,sepsis,native,ours_evict,73139275.7,1.000943,7.6,10.5,43.1,2.7,0.0,48.7,22.0,0.012,always_compile_evict,1.0
h=0.02/q0=0.4/p=0.5/r=1/sig=0,A_core,0.02,0.4,0.5,1.0,0.0,1.0,sepsis,native,ours_noinflate,73070377.5,1.0,7.8,10.7,43.3,2.7,0.0,49.5,22.0,0.012,always_compile_evict,1.0
h=0.02/q0=0.4/p=0.5/r=1/sig=0,A_core,0.02,0.4,0.5,1.0,0.0,1.0,sepsis,native,oracle_tax,73288235.0,1.002981,11.2,11.6,27.3,2.4,0.0,44.7,14.1,0.013,always_compile_evict,1.0
h=0.02/q0=0.4/p=0.5/r=1/sig=0,A_core,0.02,0.4,0.5,1.0,0.0,1.0,sepsis,native,offline_taxblind,57092842.068,0.78134,,,,,,,,,always_compile_evict,1.0
h=0.02/q0=0.4/p=0.5/r=1/sig=0,A_core,0.02,0.4,0.5,1.0,0.0,1.0,sepsis,native,offline_opt_tax,57887386.58,0.792214,,,,,,,,,always_compile_evict,1.0
h=0.02/q0=0.4/p=0.5/r=1/sig=0,A_core,0.02,0.4,0.5,1.0,0.0,1.0,wiki_A,autorpa_233k,always_reactive,5261420180.0,1.64877,0.0,0.0,0.0,0.0,0.0,0.0,0.0,0.005,ours_noinflate,0.990244
h=0.02/q0=0.4/p=0.5/r=1/sig=0,A_core,0.02,0.4,0.5,1.0,0.0,1.0,wiki_A,autorpa_233k,always_compile_evict,3222558052.1,1.009852,17.8,53.9,2992.8,1239.6,0.0,25175.0,2445.1,0.046,ours_noinflate,0.990244
h=0.02/q0=0.4/p=0.5/r=1/sig=0,A_core,0.02,0.4,0.5,1.0,0.0,1.0,wiki_A,autorpa_233k,ours_evict,5138637700.6,1.610294,9.0,32.8,464.5,132.2,0.0,2670.7,355.4,0.016,ours_noinflate,0.990244
h=0.02/q0=0.4/p=0.5/r=1/sig=0,A_core,0.02,0.4,0.5,1.0,0.0,1.0,wiki_A,autorpa_233k,ours_noinflate,3191118261.7,1.0,16.6,42.9,2699.5,1205.2,0.0,24492.4,2178.6,0.036,ours_noinflate,0.990244
h=0.02/q0=0.4/p=0.5/r=1/sig=0,A_core,0.02,0.4,0.5,1.0,0.0,1.0,wiki_A,autorpa_233k,oracle_tax,4450813683.8,1.39475,11.3,13.9,840.6,404.6,0.0,8201.6,634.0,0.01,ours_noinflate,0.990244
h=0.02/q0=0.4/p=0.5/r=1/sig=0,A_core,0.02,0.4,0.5,1.0,0.0,1.0,wiki_A,autorpa_233k,offline_taxblind,2973324509.451,0.93175,,,,,,,,,ours_noinflate,0.990244
h=0.02/q0=0.4/p=0.5/r=1/sig=0,A_core,0.02,0.4,0.5,1.0,0.0,1.0,wiki_A,autorpa_233k,offline_opt_tax,3025916032.796,0.948231,,,,,,,,,ours_noinflate,0.990244
h=0.02/q0=0.4/p=0.5/r=1/sig=0,A_core,0.02,0.4,0.5,1.0,0.0,1.0,wiki_A,native,always_reactive,5261420180.0,2.128468,0.0,0.0,0.0,0.0,0.0,0.0,0.0,0.005,always_compile_evict,1.0
h=0.02/q0=0.4/p=0.5/r=1/sig=0,A_core,0.02,0.4,0.5,1.0,0.0,1.0,wiki_A,native,always_compile_evict,2471808654.2,0.999952,4.0,16.5,2992.8,1239.6,0.0,25175.0,2129.3,0.02,always_compile_evict,1.0
h=0.02/q0=0.4/p=0.5/r=1/sig=0,A_core,0.02,0.4,0.5,1.0,0.0,1.0,wiki_A,native,ours_evict,3891800668.1,1.574399,2.4,16.0,1766.9,638.5,0.0,12859.5,1080.7,0.012,always_compile_evict,1.0
h=0.02/q0=0.4/p=0.5/r=1/sig=0,A_core,0.02,0.4,0.5,1.0,0.0,1.0,wiki_A,native,ours_noinflate,2471928312.3,1.0,4.0,16.5,2991.0,1239.5,0.0,25173.9,2128.1,0.02,always_compile_evict,1.0
h=0.02/q0=0.4/p=0.5/r=1/sig=0,A_core,0.02,0.4,0.5,1.0,0.0,1.0,wiki_A,native,oracle_tax,4139738225.8,1.6747,19.8,20.1,965.3,458.9,0.0,9342.2,709.1,0.013,always_compile_evict,1.0
h=0.02/q0=0.4/p=0.5/r=1/sig=0,A_core,0.02,0.4,0.5,1.0,0.0,1.0,wiki_A,native,offline_taxblind,2314915513.337,0.936482,,,,,,,,,always_compile_evict,1.0
h=0.02/q0=0.4/p=0.5/r=1/sig=0,A_core,0.02,0.4,0.5,1.0,0.0,1.0,wiki_A,native,offline_opt_tax,2334346629.596,0.944342,,,,,,,,,always_compile_evict,1.0
h=0.02/q0=0.4/p=0.5/r=1/sig=0,A_core,0.02,0.4,0.5,1.0,0.0,1.0,wiki_B,autorpa_233k,always_reactive,7373315056.0,0.979514,0.0,0.0,0.0,0.0,0.0,0.0,0.0,0.005,always_reactive,0.937371
h=0.02/q0=0.4/p=0.5/r=1/sig=0,A_core,0.02,0.4,0.5,1.0,0.0,1.0,wiki_B,autorpa_233k,always_compile_evict,7865948015.0,1.044958,107.1,121.1,3756.5,536.2,0.0,10790.8,3573.9,0.1,always_reactive,0.937371
h=0.02/q0=0.4/p=0.5/r=1/sig=0,A_core,0.02,0.4,0.5,1.0,0.0,1.0,wiki_B,autorpa_233k,ours_evict,7661896588.4,1.017851,71.7,83.7,1584.7,225.8,0.0,4664.8,1495.9,0.06,always_reactive,0.937371
h=0.02/q0=0.4/p=0.5/r=1/sig=0,A_core,0.02,0.4,0.5,1.0,0.0,1.0,wiki_B,autorpa_233k,ours_noinflate,7527526329.3,1.0,96.9,110.8,2242.5,426.7,0.0,8694.4,2110.3,0.079,always_reactive,0.937371
h=0.02/q0=0.4/p=0.5/r=1/sig=0,A_core,0.02,0.4,0.5,1.0,0.0,1.0,wiki_B,autorpa_233k,oracle_tax,7316877007.0,0.972016,12.7,16.5,120.9,47.6,0.0,956.6,89.5,0.009,always_reactive,0.937371
h=0.02/q0=0.4/p=0.5/r=1/sig=0,A_core,0.02,0.4,0.5,1.0,0.0,1.0,wiki_B,autorpa_233k,offline_taxblind,6682438395.491,0.887734,,,,,,,,,always_reactive,0.937371
h=0.02/q0=0.4/p=0.5/r=1/sig=0,A_core,0.02,0.4,0.5,1.0,0.0,1.0,wiki_B,autorpa_233k,offline_opt_tax,6916441998.206,0.91882,,,,,,,,,always_reactive,0.937371
h=0.02/q0=0.4/p=0.5/r=1/sig=0,A_core,0.02,0.4,0.5,1.0,0.0,1.0,wiki_B,native,always_reactive,7373315056.0,1.156594,0.0,0.0,0.0,0.0,0.0,0.0,0.0,0.005,always_compile_evict,1.0
h=0.02/q0=0.4/p=0.5/r=1/sig=0,A_core,0.02,0.4,0.5,1.0,0.0,1.0,wiki_B,native,always_compile_evict,6374930860.9,0.999985,9.8,21.5,3756.5,536.2,0.0,10790.8,2080.4,0.018,always_compile_evict,1.0
h=0.02/q0=0.4/p=0.5/r=1/sig=0,A_core,0.02,0.4,0.5,1.0,0.0,1.0,wiki_B,native,ours_evict,6427490511.1,1.00823,9.3,20.5,3665.9,511.4,0.0,10252.4,2013.9,0.017,always_compile_evict,1.0
h=0.02/q0=0.4/p=0.5/r=1/sig=0,A_core,0.02,0.4,0.5,1.0,0.0,1.0,wiki_B,native,ours_noinflate,6375025374.5,1.0,9.8,21.5,3755.3,536.2,0.0,10789.5,2079.8,0.018,always_compile_evict,1.0
h=0.02/q0=0.4/p=0.5/r=1/sig=0,A_core,0.02,0.4,0.5,1.0,0.0,1.0,wiki_B,native,oracle_tax,7253812244.7,1.137848,61.5,61.7,289.4,82.0,0.0,1644.3,202.7,0.014,always_compile_evict,1.0
h=0.02/q0=0.4/p=0.5/r=1/sig=0,A_core,0.02,0.4,0.5,1.0,0.0,1.0,wiki_B,native,offline_taxblind,5113473821.991,0.80211,,,,,,,,,always_compile_evict,1.0
h=0.02/q0=0.4/p=0.5/r=1/sig=0,A_core,0.02,0.4,0.5,1.0,0.0,1.0,wiki_B,native,offline_opt_tax,5151158201.274,0.808022,,,,,,,,,always_compile_evict,1.0
h=0.02/q0=0.4/p=1/r=1/sig=0,A_core,0.02,0.4,1.0,1.0,0.0,1.0,bpi2019,autorpa_233k,always_reactive,19497801224.0,1.705804,0.0,0.0,0.0,0.0,0.0,0.0,0.0,0.005,ours_evict,0.999545
h=0.02/q0=0.4/p=1/r=1/sig=0,A_core,0.02,0.4,1.0,1.0,0.0,1.0,bpi2019,autorpa_233k,always_compile_evict,11435474325.1,1.000455,51.4,81.1,6554.8,4695.9,0.0,97568.5,5971.7,0.104,ours_evict,0.999545
h=0.02/q0=0.4/p=1/r=1/sig=0,A_core,0.02,0.4,1.0,1.0,0.0,1.0,bpi2019,autorpa_233k,ours_evict,11430272367.8,1.0,49.5,79.5,5843.3,4603.1,0.0,95649.2,5402.3,0.101,ours_evict,0.999545
h=0.02/q0=0.4/p=1/r=1/sig=0,A_core,0.02,0.4,1.0,1.0,0.0,1.0,bpi2019,autorpa_233k,ours_noinflate,11430272367.8,1.0,49.5,79.5,5843.3,4603.1,0.0,95649.2,5402.3,0.101,ours_evict,0.999545
h=0.02/q0=0.4/p=1/r=1/sig=0,A_core,0.02,0.4,1.0,1.0,0.0,1.0,bpi2019,autorpa_233k,oracle_tax,18843002532.8,1.648517,44.6,51.7,414.4,369.8,0.0,7659.3,256.4,0.01,ours_evict,0.999545
h=0.02/q0=0.4/p=1/r=1/sig=0,A_core,0.02,0.4,1.0,1.0,0.0,1.0,bpi2019,autorpa_233k,offline_taxblind,10111540588.676,0.884628,,,,,,,,,ours_evict,0.999545
h=0.02/q0=0.4/p=1/r=1/sig=0,A_core,0.02,0.4,1.0,1.0,0.0,1.0,bpi2019,autorpa_233k,offline_opt_tax,10632937132.477,0.930244,,,,,,,,,ours_evict,0.999545
h=0.02/q0=0.4/p=1/r=1/sig=0,A_core,0.02,0.4,1.0,1.0,0.0,1.0,bpi2019,native,always_reactive,19497801224.0,2.161571,0.0,0.0,0.0,0.0,0.0,0.0,0.0,0.005,always_compile_evict,1.0
h=0.02/q0=0.4/p=1/r=1/sig=0,A_core,0.02,0.4,1.0,1.0,0.0,1.0,bpi2019,native,always_compile_evict,9020199101.9,1.0,3.8,18.4,6554.8,4695.9,0.0,97568.5,3112.3,0.023,always_compile_evict,1.0
h=0.02/q0=0.4/p=1/r=1/sig=0,A_core,0.02,0.4,1.0,1.0,0.0,1.0,bpi2019,native,ours_evict,9020199101.9,1.0,3.8,18.4,6554.8,4695.9,0.0,97568.5,3112.3,0.023,always_compile_evict,1.0
h=0.02/q0=0.4/p=1/r=1/sig=0,A_core,0.02,0.4,1.0,1.0,0.0,1.0,bpi2019,native,ours_noinflate,9020199101.9,1.0,3.8,18.4,6554.8,4695.9,0.0,97568.5,3112.3,0.023,always_compile_evict,1.0
h=0.02/q0=0.4/p=1/r=1/sig=0,A_core,0.02,0.4,1.0,1.0,0.0,1.0,bpi2019,native,oracle_tax,18664369079.3,2.069175,73.0,73.2,494.7,421.7,0.0,8729.0,298.0,0.011,always_compile_evict,1.0
h=0.02/q0=0.4/p=1/r=1/sig=0,A_core,0.02,0.4,1.0,1.0,0.0,1.0,bpi2019,native,offline_taxblind,8418877844.918,0.933336,,,,,,,,,always_compile_evict,1.0
h=0.02/q0=0.4/p=1/r=1/sig=0,A_core,0.02,0.4,1.0,1.0,0.0,1.0,bpi2019,native,offline_opt_tax,8515429128.259,0.94404,,,,,,,,,always_compile_evict,1.0
h=0.02/q0=0.4/p=1/r=1/sig=0,A_core,0.02,0.4,1.0,1.0,0.0,1.0,sepsis,autorpa_233k,always_reactive,77101119.0,1.018104,0.0,0.0,0.0,0.0,0.0,0.0,0.0,0.005,ours_evict,0.960602
h=0.02/q0=0.4/p=1/r=1/sig=0,A_core,0.02,0.4,1.0,1.0,0.0,1.0,sepsis,autorpa_233k,always_compile_evict,78836112.6,1.041014,18.4,19.5,29.0,3.0,0.0,59.3,23.5,0.017,ours_evict,0.960602
h=0.02/q0=0.4/p=1/r=1/sig=0,A_core,0.02,0.4,1.0,1.0,0.0,1.0,sepsis,autorpa_233k,ours_evict,75730104.1,1.0,5.9,7.0,9.4,1.6,0.0,36.7,4.0,0.01,ours_evict,0.960602
h=0.02/q0=0.4/p=1/r=1/sig=0,A_core,0.02,0.4,1.0,1.0,0.0,1.0,sepsis,autorpa_233k,ours_noinflate,75730104.1,1.0,5.9,7.0,9.4,1.6,0.0,36.7,4.0,0.01,ours_evict,0.960602
h=0.02/q0=0.4/p=1/r=1/sig=0,A_core,0.02,0.4,1.0,1.0,0.0,1.0,sepsis,autorpa_233k,oracle_tax,74700214.3,0.986401,4.4,5.0,6.2,1.8,0.0,38.6,0.7,0.01,ours_evict,0.960602
h=0.02/q0=0.4/p=1/r=1/sig=0,A_core,0.02,0.4,1.0,1.0,0.0,1.0,sepsis,autorpa_233k,offline_taxblind,73838276.944,0.975019,,,,,,,,,ours_evict,0.960602
h=0.02/q0=0.4/p=1/r=1/sig=0,A_core,0.02,0.4,1.0,1.0,0.0,1.0,sepsis,autorpa_233k,offline_opt_tax,74362270.89,0.981938,,,,,,,,,ours_evict,0.960602
h=0.02/q0=0.4/p=1/r=1/sig=0,A_core,0.02,0.4,1.0,1.0,0.0,1.0,sepsis,native,always_reactive,77101119.0,1.072058,0.0,0.0,0.0,0.0,0.0,0.0,0.0,0.005,always_compile_evict,1.0
h=0.02/q0=0.4/p=1/r=1/sig=0,A_core,0.02,0.4,1.0,1.0,0.0,1.0,sepsis,native,always_compile_evict,71918770.1,1.0,3.7,9.8,29.0,3.0,0.0,59.3,0.2,0.011,always_compile_evict,1.0
h=0.02/q0=0.4/p=1/r=1/sig=0,A_core,0.02,0.4,1.0,1.0,0.0,1.0,sepsis,native,ours_evict,71918770.1,1.0,3.7,9.8,29.0,3.0,0.0,59.3,0.2,0.011,always_compile_evict,1.0
h=0.02/q0=0.4/p=1/r=1/sig=0,A_core,0.02,0.4,1.0,1.0,0.0,1.0,sepsis,native,ours_noinflate,71918770.1,1.0,3.7,9.8,29.0,3.0,0.0,59.3,0.2,0.011,always_compile_evict,1.0
h=0.02/q0=0.4/p=1/r=1/sig=0,A_core,0.02,0.4,1.0,1.0,0.0,1.0,sepsis,native,oracle_tax,72542361.5,1.008671,20.2,20.4,22.9,2.7,0.0,53.7,0.5,0.016,always_compile_evict,1.0
h=0.02/q0=0.4/p=1/r=1/sig=0,A_core,0.02,0.4,1.0,1.0,0.0,1.0,sepsis,native,offline_taxblind,44725028.148,0.621883,,,,,,,,,always_compile_evict,1.0
h=0.02/q0=0.4/p=1/r=1/sig=0,A_core,0.02,0.4,1.0,1.0,0.0,1.0,sepsis,native,offline_opt_tax,45131601.724,0.627536,,,,,,,,,always_compile_evict,1.0
h=0.02/q0=0.4/p=1/r=1/sig=0,A_core,0.02,0.4,1.0,1.0,0.0,1.0,wiki_A,autorpa_233k,always_reactive,5261420180.0,1.884162,0.0,0.0,0.0,0.0,0.0,0.0,0.0,0.005,always_compile_evict,1.0
h=0.02/q0=0.4/p=1/r=1/sig=0,A_core,0.02,0.4,1.0,1.0,0.0,1.0,wiki_A,autorpa_233k,always_compile_evict,2788182375.7,0.998473,9.8,45.4,1578.6,1270.3,0.0,25803.0,1000.1,0.04,always_compile_evict,1.0
h=0.02/q0=0.4/p=1/r=1/sig=0,A_core,0.02,0.4,1.0,1.0,0.0,1.0,wiki_A,autorpa_233k,ours_evict,2792445571.7,1.0,8.9,40.7,1466.3,1249.7,0.0,25405.1,907.2,0.036,always_compile_evict,1.0
h=0.02/q0=0.4/p=1/r=1/sig=0,A_core,0.02,0.4,1.0,1.0,0.0,1.0,wiki_A,autorpa_233k,ours_noinflate,2792445571.7,1.0,8.9,40.7,1466.3,1249.7,0.0,25405.1,907.2,0.036,always_compile_evict,1.0
h=0.02/q0=0.4/p=1/r=1/sig=0,A_core,0.02,0.4,1.0,1.0,0.0,1.0,wiki_A,autorpa_233k,oracle_tax,4240221344.9,1.518462,15.1,17.0,470.5,455.4,0.0,9259.2,244.3,0.012,always_compile_evict,1.0
h=0.02/q0=0.4/p=1/r=1/sig=0,A_core,0.02,0.4,1.0,1.0,0.0,1.0,wiki_A,autorpa_233k,offline_taxblind,2657689778.347,0.951743,,,,,,,,,always_compile_evict,1.0
h=0.02/q0=0.4/p=1/r=1/sig=0,A_core,0.02,0.4,1.0,1.0,0.0,1.0,wiki_A,autorpa_233k,offline_opt_tax,2709441860.857,0.970276,,,,,,,,,always_compile_evict,1.0
h=0.02/q0=0.4/p=1/r=1/sig=0,A_core,0.02,0.4,1.0,1.0,0.0,1.0,wiki_A,native,always_reactive,5261420180.0,2.212683,0.0,0.0,0.0,0.0,0.0,0.0,0.0,0.005,always_compile_evict,1.0
h=0.02/q0=0.4/p=1/r=1/sig=0,A_core,0.02,0.4,1.0,1.0,0.0,1.0,wiki_A,native,always_compile_evict,2377846275.9,1.0,4.0,12.8,1578.6,1270.3,0.0,25803.0,636.1,0.019,always_compile_evict,1.0
h=0.02/q0=0.4/p=1/r=1/sig=0,A_core,0.02,0.4,1.0,1.0,0.0,1.0,wiki_A,native,ours_evict,2377846275.9,1.0,4.0,12.8,1578.6,1270.3,0.0,25803.0,636.1,0.019,always_compile_evict,1.0
h=0.02/q0=0.4/p=1/r=1/sig=0,A_core,0.02,0.4,1.0,1.0,0.0,1.0,wiki_A,native,ours_noinflate,2377846275.9,1.0,4.0,12.8,1578.6,1270.3,0.0,25803.0,636.1,0.019,always_compile_evict,1.0
h=0.02/q0=0.4/p=1/r=1/sig=0,A_core,0.02,0.4,1.0,1.0,0.0,1.0,wiki_A,native,oracle_tax,4109337255.9,1.728176,23.7,23.8,494.5,470.8,0.0,9560.7,234.1,0.014,always_compile_evict,1.0
h=0.02/q0=0.4/p=1/r=1/sig=0,A_core,0.02,0.4,1.0,1.0,0.0,1.0,wiki_A,native,offline_taxblind,2259779168.036,0.950347,,,,,,,,,always_compile_evict,1.0
h=0.02/q0=0.4/p=1/r=1/sig=0,A_core,0.02,0.4,1.0,1.0,0.0,1.0,wiki_A,native,offline_opt_tax,2276091083.91,0.957207,,,,,,,,,always_compile_evict,1.0
h=0.02/q0=0.4/p=1/r=1/sig=0,A_core,0.02,0.4,1.0,1.0,0.0,1.0,wiki_B,autorpa_233k,always_reactive,7373315056.0,1.036275,0.0,0.0,0.0,0.0,0.0,0.0,0.0,0.005,ours_evict,0.989848
h=0.02/q0=0.4/p=1/r=1/sig=0,A_core,0.02,0.4,1.0,1.0,0.0,1.0,wiki_B,autorpa_233k,always_compile_evict,7188181933.4,1.010256,65.9,85.3,2271.3,574.7,0.0,11560.8,1981.9,0.074,ours_evict,0.989848
h=0.02/q0=0.4/p=1/r=1/sig=0,A_core,0.02,0.4,1.0,1.0,0.0,1.0,wiki_B,autorpa_233k,ours_evict,7115209195.6,1.0,63.4,81.2,1593.9,500.9,0.0,10130.6,1358.7,0.067,ours_evict,0.989848
h=0.02/q0=0.4/p=1/r=1/sig=0,A_core,0.02,0.4,1.0,1.0,0.0,1.0,wiki_B,autorpa_233k,ours_noinflate,7115209195.6,1.0,63.4,81.2,1593.9,500.9,0.0,10130.6,1358.7,0.067,ours_evict,0.989848
h=0.02/q0=0.4/p=1/r=1/sig=0,A_core,0.02,0.4,1.0,1.0,0.0,1.0,wiki_B,autorpa_233k,oracle_tax,7290633468.4,1.024655,26.1,28.0,91.7,65.6,0.0,1293.8,46.3,0.011,ours_evict,0.989848
h=0.02/q0=0.4/p=1/r=1/sig=0,A_core,0.02,0.4,1.0,1.0,0.0,1.0,wiki_B,autorpa_233k,offline_taxblind,6464149666.415,0.908497,,,,,,,,,ours_evict,0.989848
h=0.02/q0=0.4/p=1/r=1/sig=0,A_core,0.02,0.4,1.0,1.0,0.0,1.0,wiki_B,autorpa_233k,offline_opt_tax,6667610160.64,0.937093,,,,,,,,,ours_evict,0.989848
h=0.02/q0=0.4/p=1/r=1/sig=0,A_core,0.02,0.4,1.0,1.0,0.0,1.0,wiki_B,native,always_reactive,7373315056.0,1.181764,0.0,0.0,0.0,0.0,0.0,0.0,0.0,0.005,always_compile_evict,1.0
h=0.02/q0=0.4/p=1/r=1/sig=0,A_core,0.02,0.4,1.0,1.0,0.0,1.0,wiki_B,native,always_compile_evict,6239244851.0,1.0,4.9,14.5,2271.3,574.7,0.0,11560.8,137.3,0.013,always_compile_evict,1.0
h=0.02/q0=0.4/p=1/r=1/sig=0,A_core,0.02,0.4,1.0,1.0,0.0,1.0,wiki_B,native,ours_evict,6239244851.0,1.0,4.9,14.5,2271.3,574.7,0.0,11560.8,137.3,0.013,always_compile_evict,1.0
h=0.02/q0=0.4/p=1/r=1/sig=0,A_core,0.02,0.4,1.0,1.0,0.0,1.0,wiki_B,native,ours_noinflate,6239244851.0,1.0,4.9,14.5,2271.3,574.7,0.0,11560.8,137.3,0.013,always_compile_evict,1.0
h=0.02/q0=0.4/p=1/r=1/sig=0,A_core,0.02,0.4,1.0,1.0,0.0,1.0,wiki_B,native,oracle_tax,7245172753.1,1.161226,90.0,90.3,177.5,87.5,0.0,1750.1,63.0,0.014,always_compile_evict,1.0
h=0.02/q0=0.4/p=1/r=1/sig=0,A_core,0.02,0.4,1.0,1.0,0.0,1.0,wiki_B,native,offline_taxblind,4103809012.536,0.657741,,,,,,,,,always_compile_evict,1.0
h=0.02/q0=0.4/p=1/r=1/sig=0,A_core,0.02,0.4,1.0,1.0,0.0,1.0,wiki_B,native,offline_opt_tax,4120531549.863,0.660422,,,,,,,,,always_compile_evict,1.0
h=0.1/q0=0.17/p=0.3/r=1/sig=0,B_q0,0.1,0.17,0.3,1.0,0.0,1.0,bpi2019,autorpa_233k,always_reactive,19497801224.0,1.0,0.0,0.0,0.0,0.0,0.0,0.0,0.0,0.005,always_reactive,0.752812
h=0.1/q0=0.17/p=0.3/r=1/sig=0,B_q0,0.1,0.17,0.3,1.0,0.0,1.0,bpi2019,autorpa_233k,always_compile_evict,25899961058.3,1.328353,64.9,110.0,66813.4,19033.1,0.0,48030.4,66579.2,0.072,always_reactive,0.752812
h=0.1/q0=0.17/p=0.3/r=1/sig=0,B_q0,0.1,0.17,0.3,1.0,0.0,1.0,bpi2019,autorpa_233k,ours_evict,19497801224.0,1.0,0.0,0.0,0.0,0.0,0.0,0.0,0.0,0.005,always_reactive,0.752812
h=0.1/q0=0.17/p=0.3/r=1/sig=0,B_q0,0.1,0.17,0.3,1.0,0.0,1.0,bpi2019,autorpa_233k,ours_noinflate,19497801224.0,1.0,0.0,0.0,0.0,0.0,0.0,0.0,0.0,0.005,always_reactive,0.752812
h=0.1/q0=0.17/p=0.3/r=1/sig=0,B_q0,0.1,0.17,0.3,1.0,0.0,1.0,bpi2019,autorpa_233k,oracle_tax,19497801224.0,1.0,0.0,0.0,0.0,0.0,0.0,0.0,0.0,0.005,always_reactive,0.752812
h=0.1/q0=0.17/p=0.3/r=1/sig=0,B_q0,0.1,0.17,0.3,1.0,0.0,1.0,bpi2019,autorpa_233k,offline_taxblind,19497801224.0,1.0,,,,,,,,,always_reactive,0.752812
h=0.1/q0=0.17/p=0.3/r=1/sig=0,B_q0,0.1,0.17,0.3,1.0,0.0,1.0,bpi2019,autorpa_233k,offline_opt_tax,19497801224.0,1.0,,,,,,,,,always_reactive,0.752812
h=0.1/q0=0.17/p=0.3/r=1/sig=0,B_q0,0.1,0.17,0.3,1.0,0.0,1.0,bpi2019,native,always_reactive,19497801224.0,2.000953,0.0,0.0,0.0,0.0,0.0,0.0,0.0,0.005,always_compile_evict,1.0
h=0.1/q0=0.17/p=0.3/r=1/sig=0,B_q0,0.1,0.17,0.3,1.0,0.0,1.0,bpi2019,native,always_compile_evict,9738327163.3,0.999391,4.7,22.7,66813.4,19033.1,0.0,48030.4,63275.0,0.029,always_compile_evict,1.0
h=0.1/q0=0.17/p=0.3/r=1/sig=0,B_q0,0.1,0.17,0.3,1.0,0.0,1.0,bpi2019,native,ours_evict,18990444673.4,1.948886,0.2,9.2,6174.4,1135.1,0.0,2871.7,4415.1,0.006,always_compile_evict,1.0
h=0.1/q0=0.17/p=0.3/r=1/sig=0,B_q0,0.1,0.17,0.3,1.0,0.0,1.0,bpi2019,native,ours_noinflate,9744257068.0,1.0,4.6,22.9,66661.6,19014.4,0.0,47986.8,63168.0,0.029,always_compile_evict,1.0
h=0.1/q0=0.17/p=0.3/r=1/sig=0,B_q0,0.1,0.17,0.3,1.0,0.0,1.0,bpi2019,native,oracle_tax,19307432234.8,1.981417,33.1,37.5,1408.6,393.0,0.0,1002.3,1173.3,0.006,always_compile_evict,1.0
h=0.1/q0=0.17/p=0.3/r=1/sig=0,B_q0,0.1,0.17,0.3,1.0,0.0,1.0,bpi2019,native,offline_taxblind,6810730778.435,0.698948,,,,,,,,,always_compile_evict,1.0
h=0.1/q0=0.17/p=0.3/r=1/sig=0,B_q0,0.1,0.17,0.3,1.0,0.0,1.0,bpi2019,native,offline_opt_tax,7011710296.223,0.719574,,,,,,,,,always_compile_evict,1.0
h=0.1/q0=0.17/p=0.3/r=1/sig=0,B_q0,0.1,0.17,0.3,1.0,0.0,1.0,sepsis,autorpa_233k,always_reactive,77101119.0,1.0,0.0,0.0,0.0,0.0,0.0,0.0,0.0,0.005,always_reactive,0.859424
h=0.1/q0=0.17/p=0.3/r=1/sig=0,B_q0,0.1,0.17,0.3,1.0,0.0,1.0,sepsis,autorpa_233k,always_compile_evict,89712531.6,1.16357,11.4,12.0,73.6,8.2,0.0,20.6,67.8,0.01,always_reactive,0.859424
h=0.1/q0=0.17/p=0.3/r=1/sig=0,B_q0,0.1,0.17,0.3,1.0,0.0,1.0,sepsis,autorpa_233k,ours_evict,77101119.0,1.0,0.0,0.0,0.0,0.0,0.0,0.0,0.0,0.005,always_reactive,0.859424
h=0.1/q0=0.17/p=0.3/r=1/sig=0,B_q0,0.1,0.17,0.3,1.0,0.0,1.0,sepsis,autorpa_233k,ours_noinflate,77101119.0,1.0,0.0,0.0,0.0,0.0,0.0,0.0,0.0,0.005,always_reactive,0.859424
h=0.1/q0=0.17/p=0.3/r=1/sig=0,B_q0,0.1,0.17,0.3,1.0,0.0,1.0,sepsis,autorpa_233k,oracle_tax,77101119.0,1.0,0.0,0.0,0.0,0.0,0.0,0.0,0.0,0.005,always_reactive,0.859424
h=0.1/q0=0.17/p=0.3/r=1/sig=0,B_q0,0.1,0.17,0.3,1.0,0.0,1.0,sepsis,autorpa_233k,offline_taxblind,77101119.0,1.0,,,,,,,,,always_reactive,0.859424
h=0.1/q0=0.17/p=0.3/r=1/sig=0,B_q0,0.1,0.17,0.3,1.0,0.0,1.0,sepsis,autorpa_233k,offline_opt_tax,77101119.0,1.0,,,,,,,,,always_reactive,0.859424
h=0.1/q0=0.17/p=0.3/r=1/sig=0,B_q0,0.1,0.17,0.3,1.0,0.0,1.0,sepsis,native,always_reactive,77101119.0,1.048496,0.0,0.0,0.0,0.0,0.0,0.0,0.0,0.005,always_compile_evict,1.0
h=0.1/q0=0.17/p=0.3/r=1/sig=0,B_q0,0.1,0.17,0.3,1.0,0.0,1.0,sepsis,native,always_compile_evict,73534974.9,1.0,7.9,9.6,73.6,8.2,0.0,20.6,53.3,0.011,always_compile_evict,1.0
h=0.1/q0=0.17/p=0.3/r=1/sig=0,B_q0,0.1,0.17,0.3,1.0,0.0,1.0,sepsis,native,ours_evict,74399939.9,1.011763,6.4,8.1,59.1,6.4,0.0,17.0,42.0,0.01,always_compile_evict,1.0
h=0.1/q0=0.17/p=0.3/r=1/sig=0,B_q0,0.1,0.17,0.3,1.0,0.0,1.0,sepsis,native,ours_noinflate,73534974.9,1.0,7.9,9.6,73.6,8.2,0.0,20.6,53.3,0.011,always_compile_evict,1.0
h=0.1/q0=0.17/p=0.3/r=1/sig=0,B_q0,0.1,0.17,0.3,1.0,0.0,1.0,sepsis,native,oracle_tax,73544202.4,1.000125,7.6,8.4,52.5,7.7,0.0,19.3,37.5,0.01,always_compile_evict,1.0
h=0.1/q0=0.17/p=0.3/r=1/sig=0,B_q0,0.1,0.17,0.3,1.0,0.0,1.0,sepsis,native,offline_taxblind,60336781.18,0.820518,,,,,,,,,always_compile_evict,1.0
h=0.1/q0=0.17/p=0.3/r=1/sig=0,B_q0,0.1,0.17,0.3,1.0,0.0,1.0,sepsis,native,offline_opt_tax,61627082.544,0.838065,,,,,,,,,always_compile_evict,1.0
h=0.1/q0=0.17/p=0.3/r=1/sig=0,B_q0,0.1,0.17,0.3,1.0,0.0,1.0,wiki_A,autorpa_233k,always_reactive,5261420180.0,1.0,0.0,0.0,0.0,0.0,0.0,0.0,0.0,0.005,always_reactive,0.820178
h=0.1/q0=0.17/p=0.3/r=1/sig=0,B_q0,0.1,0.17,0.3,1.0,0.0,1.0,wiki_A,autorpa_233k,always_compile_evict,6414972849.6,1.219247,22.2,53.2,17364.1,5043.7,0.0,12774.8,16810.4,0.021,always_reactive,0.820178
h=0.1/q0=0.17/p=0.3/r=1/sig=0,B_q0,0.1,0.17,0.3,1.0,0.0,1.0,wiki_A,autorpa_233k,ours_evict,5261420180.0,1.0,0.0,0.0,0.0,0.0,0.0,0.0,0.0,0.005,always_reactive,0.820178
h=0.1/q0=0.17/p=0.3/r=1/sig=0,B_q0,0.1,0.17,0.3,1.0,0.0,1.0,wiki_A,autorpa_233k,ours_noinflate,5261420180.0,1.0,0.0,0.0,0.0,0.0,0.0,0.0,0.0,0.005,always_reactive,0.820178
h=0.1/q0=0.17/p=0.3/r=1/sig=0,B_q0,0.1,0.17,0.3,1.0,0.0,1.0,wiki_A,autorpa_233k,oracle_tax,5261420180.0,1.0,0.0,0.0,0.0,0.0,0.0,0.0,0.0,0.005,always_reactive,0.820178
h=0.1/q0=0.17/p=0.3/r=1/sig=0,B_q0,0.1,0.17,0.3,1.0,0.0,1.0,wiki_A,autorpa_233k,offline_taxblind,5261420180.0,1.0,,,,,,,,,always_reactive,0.820178
h=0.1/q0=0.17/p=0.3/r=1/sig=0,B_q0,0.1,0.17,0.3,1.0,0.0,1.0,wiki_A,autorpa_233k,offline_opt_tax,5261420180.0,1.0,,,,,,,,,always_reactive,0.820178
h=0.1/q0=0.17/p=0.3/r=1/sig=0,B_q0,0.1,0.17,0.3,1.0,0.0,1.0,wiki_A,native,always_reactive,5261420180.0,2.076326,0.0,0.0,0.0,0.0,0.0,0.0,0.0,0.005,always_compile_evict,1.0
h=0.1/q0=0.17/p=0.3/r=1/sig=0,B_q0,0.1,0.17,0.3,1.0,0.0,1.0,wiki_A,native,always_compile_evict,2533745105.7,0.999897,2.9,17.3,17364.1,5043.7,0.0,12774.8,16145.2,0.019,always_compile_evict,1.0
h=0.1/q0=0.17/p=0.3/r=1/sig=0,B_q0,0.1,0.17,0.3,1.0,0.0,1.0,wiki_A,native,ours_evict,5151260948.8,2.032853,0.0,9.4,1179.5,238.9,0.0,602.4,845.6,0.006,always_compile_evict,1.0
h=0.1/q0=0.17/p=0.3/r=1/sig=0,B_q0,0.1,0.17,0.3,1.0,0.0,1.0,wiki_A,native,ours_noinflate,2534005392.1,1.0,2.9,17.3,17360.6,5043.2,0.0,12773.6,16141.7,0.019,always_compile_evict,1.0
h=0.1/q0=0.17/p=0.3/r=1/sig=0,B_q0,0.1,0.17,0.3,1.0,0.0,1.0,wiki_A,native,oracle_tax,4969003412.0,1.960929,8.1,9.2,1720.1,503.9,0.0,1259.0,1442.5,0.005,always_compile_evict,1.0
h=0.1/q0=0.17/p=0.3/r=1/sig=0,B_q0,0.1,0.17,0.3,1.0,0.0,1.0,wiki_A,native,offline_taxblind,1795167016.887,0.708431,,,,,,,,,always_compile_evict,1.0
h=0.1/q0=0.17/p=0.3/r=1/sig=0,B_q0,0.1,0.17,0.3,1.0,0.0,1.0,wiki_A,native,offline_opt_tax,1816661828.855,0.716913,,,,,,,,,always_compile_evict,1.0
h=0.1/q0=0.17/p=0.3/r=1/sig=0,B_q0,0.1,0.17,0.3,1.0,0.0,1.0,wiki_B,autorpa_233k,always_reactive,7373315056.0,1.0,0.0,0.0,0.0,0.0,0.0,0.0,0.0,0.005,always_reactive,0.792235
h=0.1/q0=0.17/p=0.3/r=1/sig=0,B_q0,0.1,0.17,0.3,1.0,0.0,1.0,wiki_B,autorpa_233k,always_compile_evict,9306979683.2,1.262252,104.6,118.5,10149.8,2137.0,0.0,5340.1,9963.8,0.081,always_reactive,0.792235
h=0.1/q0=0.17/p=0.3/r=1/sig=0,B_q0,0.1,0.17,0.3,1.0,0.0,1.0,wiki_B,autorpa_233k,ours_evict,7373315056.0,1.0,0.0,0.0,0.0,0.0,0.0,0.0,0.0,0.005,always_reactive,0.792235
h=0.1/q0=0.17/p=0.3/r=1/sig=0,B_q0,0.1,0.17,0.3,1.0,0.0,1.0,wiki_B,autorpa_233k,ours_noinflate,7373315056.0,1.0,0.0,0.0,0.0,0.0,0.0,0.0,0.0,0.005,always_reactive,0.792235
h=0.1/q0=0.17/p=0.3/r=1/sig=0,B_q0,0.1,0.17,0.3,1.0,0.0,1.0,wiki_B,autorpa_233k,oracle_tax,7373315056.0,1.0,0.0,0.0,0.0,0.0,0.0,0.0,0.0,0.005,always_reactive,0.792235
h=0.1/q0=0.17/p=0.3/r=1/sig=0,B_q0,0.1,0.17,0.3,1.0,0.0,1.0,wiki_B,autorpa_233k,offline_taxblind,7373315056.0,1.0,,,,,,,,,always_reactive,0.792235
h=0.1/q0=0.17/p=0.3/r=1/sig=0,B_q0,0.1,0.17,0.3,1.0,0.0,1.0,wiki_B,autorpa_233k,offline_opt_tax,7373315056.0,1.0,,,,,,,,,always_reactive,0.792235
h=0.1/q0=0.17/p=0.3/r=1/sig=0,B_q0,0.1,0.17,0.3,1.0,0.0,1.0,wiki_B,native,always_reactive,7373315056.0,1.140799,0.0,0.0,0.0,0.0,0.0,0.0,0.0,0.005,always_compile_evict,1.0
h=0.1/q0=0.17/p=0.3/r=1/sig=0,B_q0,0.1,0.17,0.3,1.0,0.0,1.0,wiki_B,native,always_compile_evict,6462974341.8,0.999951,11.0,24.3,10149.8,2137.0,0.0,5340.1,8371.0,0.02,always_compile_evict,1.0
h=0.1/q0=0.17/p=0.3/r=1/sig=0,B_q0,0.1,0.17,0.3,1.0,0.0,1.0,wiki_B,native,ours_evict,7080033507.5,1.095422,2.3,12.2,4865.5,751.2,0.0,1887.7,3543.9,0.01,always_compile_evict,1.0
h=0.1/q0=0.17/p=0.3/r=1/sig=0,B_q0,0.1,0.17,0.3,1.0,0.0,1.0,wiki_B,native,ours_noinflate,6463292076.4,1.0,11.0,24.3,10144.9,2136.2,0.0,5338.1,8367.1,0.02,always_compile_evict,1.0
h=0.1/q0=0.17/p=0.3/r=1/sig=0,B_q0,0.1,0.17,0.3,1.0,0.0,1.0,wiki_B,native,oracle_tax,7333365634.8,1.134618,29.9,30.8,453.2,101.2,0.0,252.0,361.2,0.006,always_compile_evict,1.0
h=0.1/q0=0.17/p=0.3/r=1/sig=0,B_q0,0.1,0.17,0.3,1.0,0.0,1.0,wiki_B,native,offline_taxblind,5256780497.048,0.813329,,,,,,,,,always_compile_evict,1.0
h=0.1/q0=0.17/p=0.3/r=1/sig=0,B_q0,0.1,0.17,0.3,1.0,0.0,1.0,wiki_B,native,offline_opt_tax,5305520277.916,0.82087,,,,,,,,,always_compile_evict,1.0
h=0.1/q0=0.17/p=1/r=1/sig=0,B_q0,0.1,0.17,1.0,1.0,0.0,1.0,bpi2019,autorpa_233k,always_reactive,19497801224.0,1.530947,0.0,0.0,0.0,0.0,0.0,0.0,0.0,0.005,ours_evict,0.997947
h=0.1/q0=0.17/p=1/r=1/sig=0,B_q0,0.1,0.17,1.0,1.0,0.0,1.0,bpi2019,autorpa_233k,always_compile_evict,12761973070.7,1.002057,42.1,69.4,25427.8,23721.6,0.0,59871.3,24778.1,0.081,ours_evict,0.997947
h=0.1/q0=0.17/p=1/r=1/sig=0,B_q0,0.1,0.17,1.0,1.0,0.0,1.0,bpi2019,autorpa_233k,ours_evict,12735776284.4,1.0,40.1,69.3,24575.9,23349.7,0.0,58950.2,24088.0,0.08,ours_evict,0.997947
h=0.1/q0=0.17/p=1/r=1/sig=0,B_q0,0.1,0.17,1.0,1.0,0.0,1.0,bpi2019,autorpa_233k,ours_noinflate,12735776284.4,1.0,40.1,69.3,24575.9,23349.7,0.0,58950.2,24088.0,0.08,ours_evict,0.997947
h=0.1/q0=0.17/p=1/r=1/sig=0,B_q0,0.1,0.17,1.0,1.0,0.0,1.0,bpi2019,autorpa_233k,oracle_tax,19397251051.8,1.523052,21.7,30.4,344.0,322.3,0.0,817.1,200.2,0.005,ours_evict,0.997947
h=0.1/q0=0.17/p=1/r=1/sig=0,B_q0,0.1,0.17,1.0,1.0,0.0,1.0,bpi2019,autorpa_233k,offline_taxblind,11559080481.102,0.907607,,,,,,,,,ours_evict,0.997947
h=0.1/q0=0.17/p=1/r=1/sig=0,B_q0,0.1,0.17,1.0,1.0,0.0,1.0,bpi2019,autorpa_233k,offline_opt_tax,12000027494.232,0.94223,,,,,,,,,ours_evict,0.997947
h=0.1/q0=0.17/p=1/r=1/sig=0,B_q0,0.1,0.17,1.0,1.0,0.0,1.0,bpi2019,native,always_reactive,19497801224.0,3.06052,0.0,0.0,0.0,0.0,0.0,0.0,0.0,0.005,always_compile_evict,1.0
h=0.1/q0=0.17/p=1/r=1/sig=0,B_q0,0.1,0.17,1.0,1.0,0.0,1.0,bpi2019,native,always_compile_evict,6370748017.3,1.0,3.8,17.3,25427.8,23721.6,0.0,59871.3,18639.0,0.031,always_compile_evict,1.0
h=0.1/q0=0.17/p=1/r=1/sig=0,B_q0,0.1,0.17,1.0,1.0,0.0,1.0,bpi2019,native,ours_evict,6370748017.3,1.0,3.8,17.3,25427.8,23721.6,0.0,59871.3,18639.0,0.031,always_compile_evict,1.0
h=0.1/q0=0.17/p=1/r=1/sig=0,B_q0,0.1,0.17,1.0,1.0,0.0,1.0,bpi2019,native,ours_noinflate,6370748017.3,1.0,3.8,17.3,25427.8,23721.6,0.0,59871.3,18639.0,0.031,always_compile_evict,1.0
h=0.1/q0=0.17/p=1/r=1/sig=0,B_q0,0.1,0.17,1.0,1.0,0.0,1.0,bpi2019,native,oracle_tax,19217424899.6,3.01651,60.8,61.6,603.1,542.3,0.0,1379.5,321.4,0.006,always_compile_evict,1.0
h=0.1/q0=0.17/p=1/r=1/sig=0,B_q0,0.1,0.17,1.0,1.0,0.0,1.0,bpi2019,native,offline_taxblind,5612519533.235,0.880983,,,,,,,,,always_compile_evict,1.0
h=0.1/q0=0.17/p=1/r=1/sig=0,B_q0,0.1,0.17,1.0,1.0,0.0,1.0,bpi2019,native,offline_opt_tax,5701189079.16,0.894901,,,,,,,,,always_compile_evict,1.0
h=0.1/q0=0.17/p=1/r=1/sig=0,B_q0,0.1,0.17,1.0,1.0,0.0,1.0,sepsis,autorpa_233k,always_reactive,77101119.0,1.013489,0.0,0.0,0.0,0.0,0.0,0.0,0.0,0.005,ours_evict,0.967062
h=0.1/q0=0.17/p=1/r=1/sig=0,B_q0,0.1,0.17,1.0,1.0,0.0,1.0,sepsis,autorpa_233k,always_compile_evict,78666018.2,1.03406,16.9,18.5,36.6,12.8,0.0,33.5,28.7,0.016,ours_evict,0.967062
h=0.1/q0=0.17/p=1/r=1/sig=0,B_q0,0.1,0.17,1.0,1.0,0.0,1.0,sepsis,autorpa_233k,ours_evict,76074921.2,1.0,7.7,9.5,18.8,8.3,0.0,22.7,11.8,0.011,ours_evict,0.967062
h=0.1/q0=0.17/p=1/r=1/sig=0,B_q0,0.1,0.17,1.0,1.0,0.0,1.0,sepsis,autorpa_233k,ours_noinflate,76074921.2,1.0,7.7,9.5,18.8,8.3,0.0,22.7,11.8,0.011,ours_evict,0.967062
h=0.1/q0=0.17/p=1/r=1/sig=0,B_q0,0.1,0.17,1.0,1.0,0.0,1.0,sepsis,autorpa_233k,oracle_tax,74718058.2,0.982164,3.5,5.8,12.2,8.7,0.0,23.4,4.2,0.01,ours_evict,0.967062
h=0.1/q0=0.17/p=1/r=1/sig=0,B_q0,0.1,0.17,1.0,1.0,0.0,1.0,sepsis,autorpa_233k,offline_taxblind,74232374.824,0.97578,,,,,,,,,ours_evict,0.967062
h=0.1/q0=0.17/p=1/r=1/sig=0,B_q0,0.1,0.17,1.0,1.0,0.0,1.0,sepsis,autorpa_233k,offline_opt_tax,74721583.345,0.98221,,,,,,,,,ours_evict,0.967062
h=0.1/q0=0.17/p=1/r=1/sig=0,B_q0,0.1,0.17,1.0,1.0,0.0,1.0,sepsis,native,always_reactive,77101119.0,1.099347,0.0,0.0,0.0,0.0,0.0,0.0,0.0,0.005,always_compile_evict,1.0
h=0.1/q0=0.17/p=1/r=1/sig=0,B_q0,0.1,0.17,1.0,1.0,0.0,1.0,sepsis,native,always_compile_evict,70133547.7,1.0,3.2,9.4,36.6,12.8,0.0,33.5,0.8,0.011,always_compile_evict,1.0
h=0.1/q0=0.17/p=1/r=1/sig=0,B_q0,0.1,0.17,1.0,1.0,0.0,1.0,sepsis,native,ours_evict,70133547.7,1.0,3.2,9.4,36.6,12.8,0.0,33.5,0.8,0.011,always_compile_evict,1.0
h=0.1/q0=0.17/p=1/r=1/sig=0,B_q0,0.1,0.17,1.0,1.0,0.0,1.0,sepsis,native,ours_noinflate,70133547.7,1.0,3.2,9.4,36.6,12.8,0.0,33.5,0.8,0.011,always_compile_evict,1.0
h=0.1/q0=0.17/p=1/r=1/sig=0,B_q0,0.1,0.17,1.0,1.0,0.0,1.0,sepsis,native,oracle_tax,70822137.0,1.009818,21.8,22.6,34.4,12.6,0.0,33.2,1.1,0.019,always_compile_evict,1.0
h=0.1/q0=0.17/p=1/r=1/sig=0,B_q0,0.1,0.17,1.0,1.0,0.0,1.0,sepsis,native,offline_taxblind,32764827.507,0.467178,,,,,,,,,always_compile_evict,1.0
h=0.1/q0=0.17/p=1/r=1/sig=0,B_q0,0.1,0.17,1.0,1.0,0.0,1.0,sepsis,native,offline_opt_tax,33138211.403,0.472502,,,,,,,,,always_compile_evict,1.0
h=0.1/q0=0.17/p=1/r=1/sig=0,B_q0,0.1,0.17,1.0,1.0,0.0,1.0,wiki_A,autorpa_233k,always_reactive,5261420180.0,1.677532,0.0,0.0,0.0,0.0,0.0,0.0,0.0,0.005,ours_evict,0.998969
h=0.1/q0=0.17/p=1/r=1/sig=0,B_q0,0.1,0.17,1.0,1.0,0.0,1.0,wiki_A,autorpa_233k,always_compile_evict,3139643855.8,1.001032,9.1,41.6,6543.9,6259.2,0.0,15868.4,5925.7,0.032,ours_evict,0.998969
h=0.1/q0=0.17/p=1/r=1/sig=0,B_q0,0.1,0.17,1.0,1.0,0.0,1.0,wiki_A,autorpa_233k,ours_evict,3136405776.1,1.0,7.8,39.8,6394.9,6185.1,0.0,15674.8,5801.6,0.03,ours_evict,0.998969
h=0.1/q0=0.17/p=1/r=1/sig=0,B_q0,0.1,0.17,1.0,1.0,0.0,1.0,wiki_A,autorpa_233k,ours_noinflate,3136405776.1,1.0,7.8,39.8,6394.9,6185.1,0.0,15674.8,5801.6,0.03,ours_evict,0.998969
h=0.1/q0=0.17/p=1/r=1/sig=0,B_q0,0.1,0.17,1.0,1.0,0.0,1.0,wiki_A,autorpa_233k,oracle_tax,5107268115.6,1.628382,3.1,5.0,370.8,367.7,0.0,919.4,223.2,0.005,ours_evict,0.998969
h=0.1/q0=0.17/p=1/r=1/sig=0,B_q0,0.1,0.17,1.0,1.0,0.0,1.0,wiki_A,autorpa_233k,offline_taxblind,3016768890.508,0.961855,,,,,,,,,ours_evict,0.998969
h=0.1/q0=0.17/p=1/r=1/sig=0,B_q0,0.1,0.17,1.0,1.0,0.0,1.0,wiki_A,autorpa_233k,offline_opt_tax,3060236760.849,0.975715,,,,,,,,,ours_evict,0.998969
h=0.1/q0=0.17/p=1/r=1/sig=0,B_q0,0.1,0.17,1.0,1.0,0.0,1.0,wiki_A,native,always_reactive,5261420180.0,3.184838,0.0,0.0,0.0,0.0,0.0,0.0,0.0,0.005,always_compile_evict,1.0
h=0.1/q0=0.17/p=1/r=1/sig=0,B_q0,0.1,0.17,1.0,1.0,0.0,1.0,wiki_A,native,always_compile_evict,1652021532.3,1.0,3.8,12.4,6543.9,6259.2,0.0,15868.4,5046.4,0.026,always_compile_evict,1.0
h=0.1/q0=0.17/p=1/r=1/sig=0,B_q0,0.1,0.17,1.0,1.0,0.0,1.0,wiki_A,native,ours_evict,1652021532.3,1.0,3.8,12.4,6543.9,6259.2,0.0,15868.4,5046.4,0.026,always_compile_evict,1.0
h=0.1/q0=0.17/p=1/r=1/sig=0,B_q0,0.1,0.17,1.0,1.0,0.0,1.0,wiki_A,native,ours_noinflate,1652021532.3,1.0,3.8,12.4,6543.9,6259.2,0.0,15868.4,5046.4,0.026,always_compile_evict,1.0
h=0.1/q0=0.17/p=1/r=1/sig=0,B_q0,0.1,0.17,1.0,1.0,0.0,1.0,wiki_A,native,oracle_tax,4855378944.8,2.939053,14.5,15.0,673.9,659.4,0.0,1651.4,383.5,0.006,always_compile_evict,1.0
h=0.1/q0=0.17/p=1/r=1/sig=0,B_q0,0.1,0.17,1.0,1.0,0.0,1.0,wiki_A,native,offline_taxblind,1500417337.384,0.908231,,,,,,,,,always_compile_evict,1.0
h=0.1/q0=0.17/p=1/r=1/sig=0,B_q0,0.1,0.17,1.0,1.0,0.0,1.0,wiki_A,native,offline_opt_tax,1515397668.289,0.917299,,,,,,,,,always_compile_evict,1.0
h=0.1/q0=0.17/p=1/r=1/sig=0,B_q0,0.1,0.17,1.0,1.0,0.0,1.0,wiki_B,autorpa_233k,always_reactive,7373315056.0,1.01872,0.0,0.0,0.0,0.0,0.0,0.0,0.0,0.005,ours_evict,0.990293
h=0.1/q0=0.17/p=1/r=1/sig=0,B_q0,0.1,0.17,1.0,1.0,0.0,1.0,wiki_B,autorpa_233k,always_compile_evict,7308770351.4,1.009802,58.5,76.8,4417.2,2859.2,0.0,7150.4,4060.3,0.065,ours_evict,0.990293
h=0.1/q0=0.17/p=1/r=1/sig=0,B_q0,0.1,0.17,1.0,1.0,0.0,1.0,wiki_B,autorpa_233k,ours_evict,7237821692.7,1.0,59.0,73.1,3679.8,2578.6,0.0,6451.8,3391.1,0.061,ours_evict,0.990293
h=0.1/q0=0.17/p=1/r=1/sig=0,B_q0,0.1,0.17,1.0,1.0,0.0,1.0,wiki_B,autorpa_233k,ours_noinflate,7237821692.7,1.0,59.0,73.1,3679.8,2578.6,0.0,6451.8,3391.1,0.061,ours_evict,0.990293
h=0.1/q0=0.17/p=1/r=1/sig=0,B_q0,0.1,0.17,1.0,1.0,0.0,1.0,wiki_B,autorpa_233k,oracle_tax,7353842184.3,1.01603,12.9,18.1,97.7,84.8,0.0,216.8,55.1,0.006,ours_evict,0.990293
h=0.1/q0=0.17/p=1/r=1/sig=0,B_q0,0.1,0.17,1.0,1.0,0.0,1.0,wiki_B,autorpa_233k,offline_taxblind,6612070842.681,0.913544,,,,,,,,,ours_evict,0.990293
h=0.1/q0=0.17/p=1/r=1/sig=0,B_q0,0.1,0.17,1.0,1.0,0.0,1.0,wiki_B,autorpa_233k,offline_opt_tax,6784122643.727,0.937316,,,,,,,,,ours_evict,0.990293
h=0.1/q0=0.17/p=1/r=1/sig=0,B_q0,0.1,0.17,1.0,1.0,0.0,1.0,wiki_B,native,always_reactive,7373315056.0,1.241056,0.0,0.0,0.0,0.0,0.0,0.0,0.0,0.005,always_compile_evict,1.0
h=0.1/q0=0.17/p=1/r=1/sig=0,B_q0,0.1,0.17,1.0,1.0,0.0,1.0,wiki_B,native,always_compile_evict,5941163394.9,1.0,3.7,14.0,4417.2,2859.2,0.0,7150.4,1178.7,0.013,always_compile_evict,1.0
h=0.1/q0=0.17/p=1/r=1/sig=0,B_q0,0.1,0.17,1.0,1.0,0.0,1.0,wiki_B,native,ours_evict,5941163394.9,1.0,3.7,14.0,4417.2,2859.2,0.0,7150.4,1178.7,0.013,always_compile_evict,1.0
h=0.1/q0=0.17/p=1/r=1/sig=0,B_q0,0.1,0.17,1.0,1.0,0.0,1.0,wiki_B,native,ours_noinflate,5941163394.9,1.0,3.7,14.0,4417.2,2859.2,0.0,7150.4,1178.7,0.013,always_compile_evict,1.0
h=0.1/q0=0.17/p=1/r=1/sig=0,B_q0,0.1,0.17,1.0,1.0,0.0,1.0,wiki_B,native,oracle_tax,7311253673.4,1.23061,78.0,78.8,224.3,146.3,0.0,367.4,78.5,0.007,always_compile_evict,1.0
h=0.1/q0=0.17/p=1/r=1/sig=0,B_q0,0.1,0.17,1.0,1.0,0.0,1.0,wiki_B,native,offline_taxblind,2973648848.469,0.500516,,,,,,,,,always_compile_evict,1.0
h=0.1/q0=0.17/p=1/r=1/sig=0,B_q0,0.1,0.17,1.0,1.0,0.0,1.0,wiki_B,native,offline_opt_tax,2989006280.713,0.503101,,,,,,,,,always_compile_evict,1.0
h=0.1/q0=0.4/p=0.3/r=1/sig=0.3,D_sigma,0.1,0.4,0.3,1.0,0.3,3.0,bpi2019,autorpa_233k,always_reactive,19497801224.0,1.0,0.0,0.0,0.0,0.0,0.0,0.0,0.0,0.005,always_reactive,0.667047
h=0.1/q0=0.4/p=0.3/r=1/sig=0.3,D_sigma,0.1,0.4,0.3,1.0,0.3,3.0,bpi2019,autorpa_233k,always_compile_evict,29230035714.0,1.499145,74.6,119.9,50753.3,14096.3,27785.5,92624.1,50713.4,0.07,always_reactive,0.667047
h=0.1/q0=0.4/p=0.3/r=1/sig=0.3,D_sigma,0.1,0.4,0.3,1.0,0.3,3.0,bpi2019,autorpa_233k,ours_evict,19497801224.0,1.0,0.0,0.0,0.0,0.0,0.0,0.0,0.0,0.005,always_reactive,0.667047
h=0.1/q0=0.4/p=0.3/r=1/sig=0.3,D_sigma,0.1,0.4,0.3,1.0,0.3,3.0,bpi2019,autorpa_233k,ours_noinflate,19497801224.0,1.0,0.0,0.0,0.0,0.0,0.0,0.0,0.0,0.005,always_reactive,0.667047
h=0.1/q0=0.4/p=0.3/r=1/sig=0.3,D_sigma,0.1,0.4,0.3,1.0,0.3,3.0,bpi2019,autorpa_233k,oracle_tax,19497801224.0,1.0,0.0,0.0,0.0,0.0,0.0,0.0,0.0,0.005,always_reactive,0.667047
h=0.1/q0=0.4/p=0.3/r=1/sig=0.3,D_sigma,0.1,0.4,0.3,1.0,0.3,3.0,bpi2019,autorpa_233k,offline_taxblind,19497801224.0,1.0,,,,,,,,,always_reactive,0.667047
h=0.1/q0=0.4/p=0.3/r=1/sig=0.3,D_sigma,0.1,0.4,0.3,1.0,0.3,3.0,bpi2019,autorpa_233k,offline_opt_tax,19497801224.0,1.0,,,,,,,,,always_reactive,0.667047
h=0.1/q0=0.4/p=0.3/r=1/sig=0.3,D_sigma,0.1,0.4,0.3,1.0,0.3,3.0,bpi2019,native,always_reactive,19497801224.0,1.187415,0.0,0.0,0.0,0.0,0.0,0.0,0.0,0.005,always_compile_evict,1.0
h=0.1/q0=0.4/p=0.3/r=1/sig=0.3,D_sigma,0.1,0.4,0.3,1.0,0.3,3.0,bpi2019,native,always_compile_evict,16411116859.7,0.999436,7.1,24.6,50753.3,14096.3,27785.5,92624.1,48745.4,0.019,always_compile_evict,1.0
h=0.1/q0=0.4/p=0.3/r=1/sig=0.3,D_sigma,0.1,0.4,0.3,1.0,0.3,3.0,bpi2019,native,ours_evict,19415763580.6,1.182419,0.0,7.8,3422.6,520.3,1013.6,3381.4,2522.0,0.005,always_compile_evict,1.0
h=0.1/q0=0.4/p=0.3/r=1/sig=0.3,D_sigma,0.1,0.4,0.3,1.0,0.3,3.0,bpi2019,native,ours_noinflate,16420381563.6,1.0,6.6,24.5,49963.5,14013.5,27625.3,92092.4,48142.8,0.019,always_compile_evict,1.0
h=0.1/q0=0.4/p=0.3/r=1/sig=0.3,D_sigma,0.1,0.4,0.3,1.0,0.3,3.0,bpi2019,native,oracle_tax,19475744617.3,1.186071,12.7,17.5,361.7,97.7,176.8,613.9,284.2,0.005,always_compile_evict,1.0
h=0.1/q0=0.4/p=0.3/r=1/sig=0.3,D_sigma,0.1,0.4,0.3,1.0,0.3,3.0,bpi2019,native,offline_taxblind,15568791354.128,0.948138,,,,,,,,,always_compile_evict,1.0
h=0.1/q0=0.4/p=0.3/r=1/sig=0.3,D_sigma,0.1,0.4,0.3,1.0,0.3,3.0,bpi2019,native,offline_opt_tax,15771303696.318,0.960471,,,,,,,,,always_compile_evict,1.0
h=0.1/q0=0.4/p=0.3/r=1/sig=0.3,D_sigma,0.1,0.4,0.3,1.0,0.3,3.0,sepsis,autorpa_233k,always_reactive,77101119.0,1.0,0.0,0.0,0.0,0.0,0.0,0.0,0.0,0.005,always_reactive,0.838576
h=0.1/q0=0.4/p=0.3/r=1/sig=0.3,D_sigma,0.1,0.4,0.3,1.0,0.3,3.0,sepsis,autorpa_233k,always_compile_evict,91942939.5,1.192498,12.1,12.8,69.4,5.7,12.4,40.7,68.3,0.01,always_reactive,0.838576
h=0.1/q0=0.4/p=0.3/r=1/sig=0.3,D_sigma,0.1,0.4,0.3,1.0,0.3,3.0,sepsis,autorpa_233k,ours_evict,77101119.0,1.0,0.0,0.0,0.0,0.0,0.0,0.0,0.0,0.005,always_reactive,0.838576
h=0.1/q0=0.4/p=0.3/r=1/sig=0.3,D_sigma,0.1,0.4,0.3,1.0,0.3,3.0,sepsis,autorpa_233k,ours_noinflate,77101119.0,1.0,0.0,0.0,0.0,0.0,0.0,0.0,0.0,0.005,always_reactive,0.838576
h=0.1/q0=0.4/p=0.3/r=1/sig=0.3,D_sigma,0.1,0.4,0.3,1.0,0.3,3.0,sepsis,autorpa_233k,oracle_tax,77101119.0,1.0,0.0,0.0,0.0,0.0,0.0,0.0,0.0,0.005,always_reactive,0.838576
h=0.1/q0=0.4/p=0.3/r=1/sig=0.3,D_sigma,0.1,0.4,0.3,1.0,0.3,3.0,sepsis,autorpa_233k,offline_taxblind,77101119.0,1.0,,,,,,,,,always_reactive,0.838576
h=0.1/q0=0.4/p=0.3/r=1/sig=0.3,D_sigma,0.1,0.4,0.3,1.0,0.3,3.0,sepsis,autorpa_233k,offline_opt_tax,77101119.0,1.0,,,,,,,,,always_reactive,0.838576
h=0.1/q0=0.4/p=0.3/r=1/sig=0.3,D_sigma,0.1,0.4,0.3,1.0,0.3,3.0,sepsis,native,always_reactive,77101119.0,1.007756,0.0,0.0,0.0,0.0,0.0,0.0,0.0,0.005,ours_noinflate,0.997763
h=0.1/q0=0.4/p=0.3/r=1/sig=0.3,D_sigma,0.1,0.4,0.3,1.0,0.3,3.0,sepsis,native,always_compile_evict,76679282.5,1.002242,8.2,10.1,69.4,5.7,12.4,40.7,58.2,0.011,ours_noinflate,0.997763
h=0.1/q0=0.4/p=0.3/r=1/sig=0.3,D_sigma,0.1,0.4,0.3,1.0,0.3,3.0,sepsis,native,ours_evict,76865863.4,1.004681,2.8,4.5,26.0,2.4,5.2,18.6,20.4,0.007,ours_noinflate,0.997763
h=0.1/q0=0.4/p=0.3/r=1/sig=0.3,D_sigma,0.1,0.4,0.3,1.0,0.3,3.0,sepsis,native,ours_noinflate,76507742.1,1.0,6.1,7.8,49.7,5.3,10.9,36.2,39.3,0.009,ours_noinflate,0.997763
h=0.1/q0=0.4/p=0.3/r=1/sig=0.3,D_sigma,0.1,0.4,0.3,1.0,0.3,3.0,sepsis,native,oracle_tax,76410497.0,0.998729,4.1,5.5,33.9,4.8,10.4,33.4,25.9,0.009,ours_noinflate,0.997763
h=0.1/q0=0.4/p=0.3/r=1/sig=0.3,D_sigma,0.1,0.4,0.3,1.0,0.3,3.0,sepsis,native,offline_taxblind,75195443.73,0.982848,,,,,,,,,ours_noinflate,0.997763
h=0.1/q0=0.4/p=0.3/r=1/sig=0.3,D_sigma,0.1,0.4,0.3,1.0,0.3,3.0,sepsis,native,offline_opt_tax,75891085.08,0.99194,,,,,,,,,ours_noinflate,0.997763
h=0.1/q0=0.4/p=0.3/r=1/sig=0.3,D_sigma,0.1,0.4,0.3,1.0,0.3,3.0,wiki_A,autorpa_233k,always_reactive,5261420180.0,1.0,0.0,0.0,0.0,0.0,0.0,0.0,0.0,0.005,always_reactive,0.719658
h=0.1/q0=0.4/p=0.3/r=1/sig=0.3,D_sigma,0.1,0.4,0.3,1.0,0.3,3.0,wiki_A,autorpa_233k,always_compile_evict,7310999545.3,1.389549,24.5,56.6,13084.4,3746.6,7324.1,24566.2,12971.2,0.02,always_reactive,0.719658
h=0.1/q0=0.4/p=0.3/r=1/sig=0.3,D_sigma,0.1,0.4,0.3,1.0,0.3,3.0,wiki_A,autorpa_233k,ours_evict,5261420180.0,1.0,0.0,0.0,0.0,0.0,0.0,0.0,0.0,0.005,always_reactive,0.719658
h=0.1/q0=0.4/p=0.3/r=1/sig=0.3,D_sigma,0.1,0.4,0.3,1.0,0.3,3.0,wiki_A,autorpa_233k,ours_noinflate,5261420180.0,1.0,0.0,0.0,0.0,0.0,0.0,0.0,0.0,0.005,always_reactive,0.719658
h=0.1/q0=0.4/p=0.3/r=1/sig=0.3,D_sigma,0.1,0.4,0.3,1.0,0.3,3.0,wiki_A,autorpa_233k,oracle_tax,5261420180.0,1.0,0.0,0.0,0.0,0.0,0.0,0.0,0.0,0.005,always_reactive,0.719658
h=0.1/q0=0.4/p=0.3/r=1/sig=0.3,D_sigma,0.1,0.4,0.3,1.0,0.3,3.0,wiki_A,autorpa_233k,offline_taxblind,5261420180.0,1.0,,,,,,,,,always_reactive,0.719658
h=0.1/q0=0.4/p=0.3/r=1/sig=0.3,D_sigma,0.1,0.4,0.3,1.0,0.3,3.0,wiki_A,autorpa_233k,offline_opt_tax,5261420180.0,1.0,,,,,,,,,always_reactive,0.719658
h=0.1/q0=0.4/p=0.3/r=1/sig=0.3,D_sigma,0.1,0.4,0.3,1.0,0.3,3.0,wiki_A,native,always_reactive,5261420180.0,1.207376,0.0,0.0,0.0,0.0,0.0,0.0,0.0,0.005,always_compile_evict,1.0
h=0.1/q0=0.4/p=0.3/r=1/sig=0.3,D_sigma,0.1,0.4,0.3,1.0,0.3,3.0,wiki_A,native,always_compile_evict,4355913846.7,0.999583,3.5,18.0,13084.4,3746.6,7324.1,24566.2,12546.2,0.012,always_compile_evict,1.0
h=0.1/q0=0.4/p=0.3/r=1/sig=0.3,D_sigma,0.1,0.4,0.3,1.0,0.3,3.0,wiki_A,native,ours_evict,5242019603.8,1.202924,0.0,7.2,630.9,105.9,214.3,703.0,472.5,0.005,always_compile_evict,1.0
h=0.1/q0=0.4/p=0.3/r=1/sig=0.3,D_sigma,0.1,0.4,0.3,1.0,0.3,3.0,wiki_A,native,ours_noinflate,4357731573.5,1.0,3.3,17.4,12967.9,3731.6,7289.0,24453.3,12448.4,0.011,always_compile_evict,1.0
h=0.1/q0=0.4/p=0.3/r=1/sig=0.3,D_sigma,0.1,0.4,0.3,1.0,0.3,3.0,wiki_A,native,oracle_tax,5231726605.2,1.200562,2.5,3.4,330.7,100.5,199.6,659.5,265.3,0.005,always_compile_evict,1.0
h=0.1/q0=0.4/p=0.3/r=1/sig=0.3,D_sigma,0.1,0.4,0.3,1.0,0.3,3.0,wiki_A,native,offline_taxblind,4174145101.599,0.957871,,,,,,,,,always_compile_evict,1.0
h=0.1/q0=0.4/p=0.3/r=1/sig=0.3,D_sigma,0.1,0.4,0.3,1.0,0.3,3.0,wiki_A,native,offline_opt_tax,4196103988.875,0.96291,,,,,,,,,always_compile_evict,1.0
h=0.1/q0=0.4/p=0.3/r=1/sig=0.3,D_sigma,0.1,0.4,0.3,1.0,0.3,3.0,wiki_B,autorpa_233k,always_reactive,7373315056.0,1.0,0.0,0.0,0.0,0.0,0.0,0.0,0.0,0.005,always_reactive,0.758548
h=0.1/q0=0.4/p=0.3/r=1/sig=0.3,D_sigma,0.1,0.4,0.3,1.0,0.3,3.0,wiki_B,autorpa_233k,always_compile_evict,9720294894.5,1.318307,113.7,128.8,8515.1,1583.2,3044.0,10182.4,8488.4,0.085,always_reactive,0.758548
h=0.1/q0=0.4/p=0.3/r=1/sig=0.3,D_sigma,0.1,0.4,0.3,1.0,0.3,3.0,wiki_B,autorpa_233k,ours_evict,7373315056.0,1.0,0.0,0.0,0.0,0.0,0.0,0.0,0.0,0.005,always_reactive,0.758548
h=0.1/q0=0.4/p=0.3/r=1/sig=0.3,D_sigma,0.1,0.4,0.3,1.0,0.3,3.0,wiki_B,autorpa_233k,ours_noinflate,7373315056.0,1.0,0.0,0.0,0.0,0.0,0.0,0.0,0.0,0.005,always_reactive,0.758548
h=0.1/q0=0.4/p=0.3/r=1/sig=0.3,D_sigma,0.1,0.4,0.3,1.0,0.3,3.0,wiki_B,autorpa_233k,oracle_tax,7373315056.0,1.0,0.0,0.0,0.0,0.0,0.0,0.0,0.0,0.005,always_reactive,0.758548
h=0.1/q0=0.4/p=0.3/r=1/sig=0.3,D_sigma,0.1,0.4,0.3,1.0,0.3,3.0,wiki_B,autorpa_233k,offline_taxblind,7373315056.0,1.0,,,,,,,,,always_reactive,0.758548
h=0.1/q0=0.4/p=0.3/r=1/sig=0.3,D_sigma,0.1,0.4,0.3,1.0,0.3,3.0,wiki_B,autorpa_233k,offline_opt_tax,7373315056.0,1.0,,,,,,,,,always_reactive,0.758548
h=0.1/q0=0.4/p=0.3/r=1/sig=0.3,D_sigma,0.1,0.4,0.3,1.0,0.3,3.0,wiki_B,native,always_reactive,7373315056.0,1.028203,0.0,0.0,0.0,0.0,0.0,0.0,0.0,0.005,always_compile_evict,1.0
h=0.1/q0=0.4/p=0.3/r=1/sig=0.3,D_sigma,0.1,0.4,0.3,1.0,0.3,3.0,wiki_B,native,always_compile_evict,7170590655.7,0.999933,12.5,25.6,8515.1,1583.2,3044.0,10182.4,7391.3,0.019,always_compile_evict,1.0
h=0.1/q0=0.4/p=0.3/r=1/sig=0.3,D_sigma,0.1,0.4,0.3,1.0,0.3,3.0,wiki_B,native,ours_evict,7341602330.9,1.023781,1.5,10.3,2892.1,353.6,674.6,2266.3,2243.8,0.008,always_compile_evict,1.0
h=0.1/q0=0.4/p=0.3/r=1/sig=0.3,D_sigma,0.1,0.4,0.3,1.0,0.3,3.0,wiki_B,native,ours_noinflate,7171067955.4,1.0,12.8,24.9,7965.3,1529.2,2944.8,9842.6,6955.7,0.019,always_compile_evict,1.0
h=0.1/q0=0.4/p=0.3/r=1/sig=0.3,D_sigma,0.1,0.4,0.3,1.0,0.3,3.0,wiki_B,native,oracle_tax,7369292545.8,1.027642,3.6,5.4,85.4,21.2,40.4,136.1,66.9,0.005,always_compile_evict,1.0
h=0.1/q0=0.4/p=0.3/r=1/sig=0.3,D_sigma,0.1,0.4,0.3,1.0,0.3,3.0,wiki_B,native,offline_taxblind,6949677702.816,0.969127,,,,,,,,,always_compile_evict,1.0
h=0.1/q0=0.4/p=0.3/r=1/sig=0.3,D_sigma,0.1,0.4,0.3,1.0,0.3,3.0,wiki_B,native,offline_opt_tax,6994814051.615,0.975422,,,,,,,,,always_compile_evict,1.0
h=0.1/q0=0.4/p=0.3/r=1/sig=0,A_core,0.1,0.4,0.3,1.0,0.0,1.0,bpi2019,autorpa_233k,always_reactive,19497801224.0,1.0,0.0,0.0,0.0,0.0,0.0,0.0,0.0,0.005,always_reactive,0.673485
h=0.1/q0=0.4/p=0.3/r=1/sig=0,A_core,0.1,0.4,0.3,1.0,0.0,1.0,bpi2019,autorpa_233k,always_compile_evict,28950610711.1,1.484814,64.9,110.0,66813.4,19033.1,0.0,87459.7,66679.7,0.064,always_reactive,0.673485
h=0.1/q0=0.4/p=0.3/r=1/sig=0,A_core,0.1,0.4,0.3,1.0,0.0,1.0,bpi2019,autorpa_233k,ours_evict,19497801224.0,1.0,0.0,0.0,0.0,0.0,0.0,0.0,0.0,0.005,always_reactive,0.673485
h=0.1/q0=0.4/p=0.3/r=1/sig=0,A_core,0.1,0.4,0.3,1.0,0.0,1.0,bpi2019,autorpa_233k,ours_noinflate,19497801224.0,1.0,0.0,0.0,0.0,0.0,0.0,0.0,0.0,0.005,always_reactive,0.673485
h=0.1/q0=0.4/p=0.3/r=1/sig=0,A_core,0.1,0.4,0.3,1.0,0.0,1.0,bpi2019,autorpa_233k,oracle_tax,19497801224.0,1.0,0.0,0.0,0.0,0.0,0.0,0.0,0.0,0.005,always_reactive,0.673485
h=0.1/q0=0.4/p=0.3/r=1/sig=0,A_core,0.1,0.4,0.3,1.0,0.0,1.0,bpi2019,autorpa_233k,offline_taxblind,19497801224.0,1.0,,,,,,,,,always_reactive,0.673485
h=0.1/q0=0.4/p=0.3/r=1/sig=0,A_core,0.1,0.4,0.3,1.0,0.0,1.0,bpi2019,autorpa_233k,offline_opt_tax,19497801224.0,1.0,,,,,,,,,always_reactive,0.673485
h=0.1/q0=0.4/p=0.3/r=1/sig=0,A_core,0.1,0.4,0.3,1.0,0.0,1.0,bpi2019,native,always_reactive,19497801224.0,1.52357,0.0,0.0,0.0,0.0,0.0,0.0,0.0,0.005,always_compile_evict,1.0
h=0.1/q0=0.4/p=0.3/r=1/sig=0,A_core,0.1,0.4,0.3,1.0,0.0,1.0,bpi2019,native,always_compile_evict,12788976816.1,0.999339,4.7,22.7,66813.4,19033.1,0.0,87459.7,63786.4,0.022,always_compile_evict,1.0
h=0.1/q0=0.4/p=0.3/r=1/sig=0,A_core,0.1,0.4,0.3,1.0,0.0,1.0,bpi2019,native,ours_evict,19213943264.2,1.501389,0.2,8.3,5233.6,932.1,0.0,4287.5,3741.0,0.006,always_compile_evict,1.0
h=0.1/q0=0.4/p=0.3/r=1/sig=0,A_core,0.1,0.4,0.3,1.0,0.0,1.0,bpi2019,native,ours_noinflate,12797441821.9,1.0,4.7,22.9,66534.7,18997.2,0.0,87303.1,63586.6,0.022,always_compile_evict,1.0
h=0.1/q0=0.4/p=0.3/r=1/sig=0,A_core,0.1,0.4,0.3,1.0,0.0,1.0,bpi2019,native,oracle_tax,19405032505.6,1.516321,24.2,28.8,998.4,279.8,0.0,1260.4,825.3,0.005,always_compile_evict,1.0
h=0.1/q0=0.4/p=0.3/r=1/sig=0,A_core,0.1,0.4,0.3,1.0,0.0,1.0,bpi2019,native,offline_taxblind,10755097226.048,0.84041,,,,,,,,,always_compile_evict,1.0
h=0.1/q0=0.4/p=0.3/r=1/sig=0,A_core,0.1,0.4,0.3,1.0,0.0,1.0,bpi2019,native,offline_opt_tax,10955795863.172,0.856093,,,,,,,,,always_compile_evict,1.0
h=0.1/q0=0.4/p=0.3/r=1/sig=0,A_core,0.1,0.4,0.3,1.0,0.0,1.0,sepsis,autorpa_233k,always_reactive,77101119.0,1.0,0.0,0.0,0.0,0.0,0.0,0.0,0.0,0.005,always_reactive,0.846061
h=0.1/q0=0.4/p=0.3/r=1/sig=0,A_core,0.1,0.4,0.3,1.0,0.0,1.0,sepsis,autorpa_233k,always_compile_evict,91129549.6,1.181948,11.4,12.0,73.6,8.2,0.0,39.8,69.7,0.01,always_reactive,0.846061
h=0.1/q0=0.4/p=0.3/r=1/sig=0,A_core,0.1,0.4,0.3,1.0,0.0,1.0,sepsis,autorpa_233k,ours_evict,77101119.0,1.0,0.0,0.0,0.0,0.0,0.0,0.0,0.0,0.005,always_reactive,0.846061
h=0.1/q0=0.4/p=0.3/r=1/sig=0,A_core,0.1,0.4,0.3,1.0,0.0,1.0,sepsis,autorpa_233k,ours_noinflate,77101119.0,1.0,0.0,0.0,0.0,0.0,0.0,0.0,0.0,0.005,always_reactive,0.846061
h=0.1/q0=0.4/p=0.3/r=1/sig=0,A_core,0.1,0.4,0.3,1.0,0.0,1.0,sepsis,autorpa_233k,oracle_tax,77101119.0,1.0,0.0,0.0,0.0,0.0,0.0,0.0,0.0,0.005,always_reactive,0.846061
h=0.1/q0=0.4/p=0.3/r=1/sig=0,A_core,0.1,0.4,0.3,1.0,0.0,1.0,sepsis,autorpa_233k,offline_taxblind,77101119.0,1.0,,,,,,,,,always_reactive,0.846061
h=0.1/q0=0.4/p=0.3/r=1/sig=0,A_core,0.1,0.4,0.3,1.0,0.0,1.0,sepsis,autorpa_233k,offline_opt_tax,77101119.0,1.0,,,,,,,,,always_reactive,0.846061
h=0.1/q0=0.4/p=0.3/r=1/sig=0,A_core,0.1,0.4,0.3,1.0,0.0,1.0,sepsis,native,always_reactive,77101119.0,1.028667,0.0,0.0,0.0,0.0,0.0,0.0,0.0,0.005,always_compile_evict,1.0
h=0.1/q0=0.4/p=0.3/r=1/sig=0,A_core,0.1,0.4,0.3,1.0,0.0,1.0,sepsis,native,always_compile_evict,74951992.9,0.999994,7.9,9.6,73.6,8.2,0.0,39.8,54.6,0.01,always_compile_evict,1.0
h=0.1/q0=0.4/p=0.3/r=1/sig=0,A_core,0.1,0.4,0.3,1.0,0.0,1.0,sepsis,native,ours_evict,75811917.7,1.011467,5.8,7.1,53.0,5.4,0.0,28.3,38.6,0.009,always_compile_evict,1.0
h=0.1/q0=0.4/p=0.3/r=1/sig=0,A_core,0.1,0.4,0.3,1.0,0.0,1.0,sepsis,native,ours_noinflate,74952442.7,1.0,7.7,9.3,73.1,8.1,0.0,39.3,54.2,0.01,always_compile_evict,1.0
h=0.1/q0=0.4/p=0.3/r=1/sig=0,A_core,0.1,0.4,0.3,1.0,0.0,1.0,sepsis,native,oracle_tax,74851838.2,0.998658,6.0,7.2,47.0,7.4,0.0,35.4,34.3,0.009,always_compile_evict,1.0
h=0.1/q0=0.4/p=0.3/r=1/sig=0,A_core,0.1,0.4,0.3,1.0,0.0,1.0,sepsis,native,offline_taxblind,70101262.956,0.935277,,,,,,,,,always_compile_evict,1.0
h=0.1/q0=0.4/p=0.3/r=1/sig=0,A_core,0.1,0.4,0.3,1.0,0.0,1.0,sepsis,native,offline_opt_tax,71344569.758,0.951865,,,,,,,,,always_compile_evict,1.0
h=0.1/q0=0.4/p=0.3/r=1/sig=0,A_core,0.1,0.4,0.3,1.0,0.0,1.0,wiki_A,autorpa_233k,always_reactive,5261420180.0,1.0,0.0,0.0,0.0,0.0,0.0,0.0,0.0,0.005,always_reactive,0.725664
h=0.1/q0=0.4/p=0.3/r=1/sig=0,A_core,0.1,0.4,0.3,1.0,0.0,1.0,wiki_A,autorpa_233k,always_compile_evict,7250488641.1,1.378048,22.2,53.2,17364.1,5043.7,0.0,23192.4,17032.6,0.019,always_reactive,0.725664
h=0.1/q0=0.4/p=0.3/r=1/sig=0,A_core,0.1,0.4,0.3,1.0,0.0,1.0,wiki_A,autorpa_233k,ours_evict,5261420180.0,1.0,0.0,0.0,0.0,0.0,0.0,0.0,0.0,0.005,always_reactive,0.725664
h=0.1/q0=0.4/p=0.3/r=1/sig=0,A_core,0.1,0.4,0.3,1.0,0.0,1.0,wiki_A,autorpa_233k,ours_noinflate,5261420180.0,1.0,0.0,0.0,0.0,0.0,0.0,0.0,0.0,0.005,always_reactive,0.725664
h=0.1/q0=0.4/p=0.3/r=1/sig=0,A_core,0.1,0.4,0.3,1.0,0.0,1.0,wiki_A,autorpa_233k,oracle_tax,5261420180.0,1.0,0.0,0.0,0.0,0.0,0.0,0.0,0.0,0.005,always_reactive,0.725664
h=0.1/q0=0.4/p=0.3/r=1/sig=0,A_core,0.1,0.4,0.3,1.0,0.0,1.0,wiki_A,autorpa_233k,offline_taxblind,5261420180.0,1.0,,,,,,,,,always_reactive,0.725664
h=0.1/q0=0.4/p=0.3/r=1/sig=0,A_core,0.1,0.4,0.3,1.0,0.0,1.0,wiki_A,autorpa_233k,offline_opt_tax,5261420180.0,1.0,,,,,,,,,always_reactive,0.725664
h=0.1/q0=0.4/p=0.3/r=1/sig=0,A_core,0.1,0.4,0.3,1.0,0.0,1.0,wiki_A,native,always_reactive,5261420180.0,1.561311,0.0,0.0,0.0,0.0,0.0,0.0,0.0,0.005,always_compile_evict,1.0
h=0.1/q0=0.4/p=0.3/r=1/sig=0,A_core,0.1,0.4,0.3,1.0,0.0,1.0,wiki_A,native,always_compile_evict,3369260897.2,0.999819,2.9,17.3,17364.1,5043.7,0.0,23192.4,16407.3,0.014,always_compile_evict,1.0
h=0.1/q0=0.4/p=0.3/r=1/sig=0,A_core,0.1,0.4,0.3,1.0,0.0,1.0,wiki_A,native,ours_evict,5198802038.9,1.54273,0.0,8.2,994.4,193.5,0.0,886.8,713.7,0.005,always_compile_evict,1.0
h=0.1/q0=0.4/p=0.3/r=1/sig=0,A_core,0.1,0.4,0.3,1.0,0.0,1.0,wiki_A,native,ours_noinflate,3369872456.3,1.0,2.9,17.3,17355.2,5041.7,0.0,23184.6,16398.5,0.014,always_compile_evict,1.0
h=0.1/q0=0.4/p=0.3/r=1/sig=0,A_core,0.1,0.4,0.3,1.0,0.0,1.0,wiki_A,native,oracle_tax,5131224085.8,1.522676,4.7,6.2,1089.5,318.3,0.0,1442.9,917.2,0.005,always_compile_evict,1.0
h=0.1/q0=0.4/p=0.3/r=1/sig=0,A_core,0.1,0.4,0.3,1.0,0.0,1.0,wiki_A,native,offline_taxblind,2862830216.628,0.849537,,,,,,,,,always_compile_evict,1.0
h=0.1/q0=0.4/p=0.3/r=1/sig=0,A_core,0.1,0.4,0.3,1.0,0.0,1.0,wiki_A,native,offline_opt_tax,2884256842.064,0.855895,,,,,,,,,always_compile_evict,1.0
h=0.1/q0=0.4/p=0.3/r=1/sig=0,A_core,0.1,0.4,0.3,1.0,0.0,1.0,wiki_B,autorpa_233k,always_reactive,7373315056.0,1.0,0.0,0.0,0.0,0.0,0.0,0.0,0.0,0.005,always_reactive,0.766053
h=0.1/q0=0.4/p=0.3/r=1/sig=0,A_core,0.1,0.4,0.3,1.0,0.0,1.0,wiki_B,autorpa_233k,always_compile_evict,9625070641.8,1.305393,104.6,118.5,10149.8,2137.0,0.0,9645.5,10042.3,0.078,always_reactive,0.766053
h=0.1/q0=0.4/p=0.3/r=1/sig=0,A_core,0.1,0.4,0.3,1.0,0.0,1.0,wiki_B,autorpa_233k,ours_evict,7373315056.0,1.0,0.0,0.0,0.0,0.0,0.0,0.0,0.0,0.005,always_reactive,0.766053
h=0.1/q0=0.4/p=0.3/r=1/sig=0,A_core,0.1,0.4,0.3,1.0,0.0,1.0,wiki_B,autorpa_233k,ours_noinflate,7373315056.0,1.0,0.0,0.0,0.0,0.0,0.0,0.0,0.0,0.005,always_reactive,0.766053
h=0.1/q0=0.4/p=0.3/r=1/sig=0,A_core,0.1,0.4,0.3,1.0,0.0,1.0,wiki_B,autorpa_233k,oracle_tax,7373315056.0,1.0,0.0,0.0,0.0,0.0,0.0,0.0,0.0,0.005,always_reactive,0.766053
h=0.1/q0=0.4/p=0.3/r=1/sig=0,A_core,0.1,0.4,0.3,1.0,0.0,1.0,wiki_B,autorpa_233k,offline_taxblind,7373315056.0,1.0,,,,,,,,,always_reactive,0.766053
h=0.1/q0=0.4/p=0.3/r=1/sig=0,A_core,0.1,0.4,0.3,1.0,0.0,1.0,wiki_B,autorpa_233k,offline_opt_tax,7373315056.0,1.0,,,,,,,,,always_reactive,0.766053
h=0.1/q0=0.4/p=0.3/r=1/sig=0,A_core,0.1,0.4,0.3,1.0,0.0,1.0,wiki_B,native,always_reactive,7373315056.0,1.087275,0.0,0.0,0.0,0.0,0.0,0.0,0.0,0.005,always_compile_evict,1.0
h=0.1/q0=0.4/p=0.3/r=1/sig=0,A_core,0.1,0.4,0.3,1.0,0.0,1.0,wiki_B,native,always_compile_evict,6781065300.4,0.999941,11.0,24.3,10149.8,2137.0,0.0,9645.5,8521.9,0.019,always_compile_evict,1.0
h=0.1/q0=0.4/p=0.3/r=1/sig=0,A_core,0.1,0.4,0.3,1.0,0.0,1.0,wiki_B,native,ours_evict,7216094850.8,1.064091,1.8,11.4,4267.5,632.5,0.0,2873.6,3128.1,0.009,always_compile_evict,1.0
h=0.1/q0=0.4/p=0.3/r=1/sig=0,A_core,0.1,0.4,0.3,1.0,0.0,1.0,wiki_B,native,ours_noinflate,6781464577.2,1.0,11.0,24.3,10137.3,2134.8,0.0,9636.2,8512.7,0.019,always_compile_evict,1.0
h=0.1/q0=0.4/p=0.3/r=1/sig=0,A_core,0.1,0.4,0.3,1.0,0.0,1.0,wiki_B,native,oracle_tax,7353520769.7,1.084356,18.5,20.8,325.8,74.9,0.0,330.5,264.3,0.006,always_compile_evict,1.0
h=0.1/q0=0.4/p=0.3/r=1/sig=0,A_core,0.1,0.4,0.3,1.0,0.0,1.0,wiki_B,native,offline_taxblind,6263195826.51,0.923576,,,,,,,,,always_compile_evict,1.0
h=0.1/q0=0.4/p=0.3/r=1/sig=0,A_core,0.1,0.4,0.3,1.0,0.0,1.0,wiki_B,native,offline_opt_tax,6310127631.553,0.930496,,,,,,,,,always_compile_evict,1.0
h=0.1/q0=0.4/p=0.3/r=2.2/sig=0,C_rfb,0.1,0.4,0.3,2.2,0.0,1.0,bpi2019,autorpa_233k,always_reactive,19497801224.0,1.0,0.0,0.0,0.0,0.0,0.0,0.0,0.0,0.005,always_reactive,0.525962
h=0.1/q0=0.4/p=0.3/r=2.2/sig=0,C_rfb,0.1,0.4,0.3,2.2,0.0,1.0,bpi2019,autorpa_233k,always_compile_evict,37070754560.535,1.901279,64.9,110.0,66813.4,19033.1,0.0,87459.7,66813.4,0.05,always_reactive,0.525962
h=0.1/q0=0.4/p=0.3/r=2.2/sig=0,C_rfb,0.1,0.4,0.3,2.2,0.0,1.0,bpi2019,autorpa_233k,ours_evict,19497801224.0,1.0,0.0,0.0,0.0,0.0,0.0,0.0,0.0,0.005,always_reactive,0.525962
h=0.1/q0=0.4/p=0.3/r=2.2/sig=0,C_rfb,0.1,0.4,0.3,2.2,0.0,1.0,bpi2019,autorpa_233k,ours_noinflate,19497801224.0,1.0,0.0,0.0,0.0,0.0,0.0,0.0,0.0,0.005,always_reactive,0.525962
h=0.1/q0=0.4/p=0.3/r=2.2/sig=0,C_rfb,0.1,0.4,0.3,2.2,0.0,1.0,bpi2019,autorpa_233k,oracle_tax,19497801224.0,1.0,0.0,0.0,0.0,0.0,0.0,0.0,0.0,0.005,always_reactive,0.525962
h=0.1/q0=0.4/p=0.3/r=2.2/sig=0,C_rfb,0.1,0.4,0.3,2.2,0.0,1.0,bpi2019,autorpa_233k,offline_taxblind,19497801224.0,1.0,,,,,,,,,always_reactive,0.525962
h=0.1/q0=0.4/p=0.3/r=2.2/sig=0,C_rfb,0.1,0.4,0.3,2.2,0.0,1.0,bpi2019,autorpa_233k,offline_opt_tax,19497801224.0,1.0,,,,,,,,,always_reactive,0.525962
h=0.1/q0=0.4/p=0.3/r=2.2/sig=0,C_rfb,0.1,0.4,0.3,2.2,0.0,1.0,bpi2019,native,always_reactive,19497801224.0,1.0,0.0,0.0,0.0,0.0,0.0,0.0,0.0,0.005,always_reactive,0.932502
h=0.1/q0=0.4/p=0.3/r=2.2/sig=0,C_rfb,0.1,0.4,0.3,2.2,0.0,1.0,bpi2019,native,always_compile_evict,20909120665.553,1.072384,4.7,22.7,66813.4,19033.1,0.0,87459.7,66813.4,0.014,always_reactive,0.932502
h=0.1/q0=0.4/p=0.3/r=2.2/sig=0,C_rfb,0.1,0.4,0.3,2.2,0.0,1.0,bpi2019,native,ours_evict,19497801224.0,1.0,0.0,0.0,0.0,0.0,0.0,0.0,0.0,0.005,always_reactive,0.932502
h=0.1/q0=0.4/p=0.3/r=2.2/sig=0,C_rfb,0.1,0.4,0.3,2.2,0.0,1.0,bpi2019,native,ours_noinflate,19497801224.0,1.0,0.0,0.0,0.0,0.0,0.0,0.0,0.0,0.005,always_reactive,0.932502
h=0.1/q0=0.4/p=0.3/r=2.2/sig=0,C_rfb,0.1,0.4,0.3,2.2,0.0,1.0,bpi2019,native,oracle_tax,19497801224.0,1.0,0.0,0.0,0.0,0.0,0.0,0.0,0.0,0.005,always_reactive,0.932502
h=0.1/q0=0.4/p=0.3/r=2.2/sig=0,C_rfb,0.1,0.4,0.3,2.2,0.0,1.0,bpi2019,native,offline_taxblind,19497801224.0,1.0,,,,,,,,,always_reactive,0.932502
h=0.1/q0=0.4/p=0.3/r=2.2/sig=0,C_rfb,0.1,0.4,0.3,2.2,0.0,1.0,bpi2019,native,offline_opt_tax,19497801224.0,1.0,,,,,,,,,always_reactive,0.932502
h=0.1/q0=0.4/p=0.3/r=2.2/sig=0,C_rfb,0.1,0.4,0.3,2.2,0.0,1.0,sepsis,autorpa_233k,always_reactive,77101119.0,1.0,0.0,0.0,0.0,0.0,0.0,0.0,0.0,0.005,always_reactive,0.814114
h=0.1/q0=0.4/p=0.3/r=2.2/sig=0,C_rfb,0.1,0.4,0.3,2.2,0.0,1.0,sepsis,autorpa_233k,always_compile_evict,94705594.36,1.22833,11.4,12.0,73.6,8.2,0.0,39.8,73.6,0.009,always_reactive,0.814114
h=0.1/q0=0.4/p=0.3/r=2.2/sig=0,C_rfb,0.1,0.4,0.3,2.2,0.0,1.0,sepsis,autorpa_233k,ours_evict,77101119.0,1.0,0.0,0.0,0.0,0.0,0.0,0.0,0.0,0.005,always_reactive,0.814114
h=0.1/q0=0.4/p=0.3/r=2.2/sig=0,C_rfb,0.1,0.4,0.3,2.2,0.0,1.0,sepsis,autorpa_233k,ours_noinflate,77101119.0,1.0,0.0,0.0,0.0,0.0,0.0,0.0,0.0,0.005,always_reactive,0.814114
h=0.1/q0=0.4/p=0.3/r=2.2/sig=0,C_rfb,0.1,0.4,0.3,2.2,0.0,1.0,sepsis,autorpa_233k,oracle_tax,77101119.0,1.0,0.0,0.0,0.0,0.0,0.0,0.0,0.0,0.005,always_reactive,0.814114
h=0.1/q0=0.4/p=0.3/r=2.2/sig=0,C_rfb,0.1,0.4,0.3,2.2,0.0,1.0,sepsis,autorpa_233k,offline_taxblind,77101119.0,1.0,,,,,,,,,always_reactive,0.814114
h=0.1/q0=0.4/p=0.3/r=2.2/sig=0,C_rfb,0.1,0.4,0.3,2.2,0.0,1.0,sepsis,autorpa_233k,offline_opt_tax,77101119.0,1.0,,,,,,,,,always_reactive,0.814114
h=0.1/q0=0.4/p=0.3/r=2.2/sig=0,C_rfb,0.1,0.4,0.3,2.2,0.0,1.0,sepsis,native,always_reactive,77101119.0,1.0,0.0,0.0,0.0,0.0,0.0,0.0,0.0,0.005,always_reactive,0.981829
h=0.1/q0=0.4/p=0.3/r=2.2/sig=0,C_rfb,0.1,0.4,0.3,2.2,0.0,1.0,sepsis,native,always_compile_evict,78528037.66,1.018507,7.9,9.6,73.6,8.2,0.0,39.8,73.6,0.01,always_reactive,0.981829
h=0.1/q0=0.4/p=0.3/r=2.2/sig=0,C_rfb,0.1,0.4,0.3,2.2,0.0,1.0,sepsis,native,ours_evict,77101119.0,1.0,0.0,0.0,0.0,0.0,0.0,0.0,0.0,0.005,always_reactive,0.981829
h=0.1/q0=0.4/p=0.3/r=2.2/sig=0,C_rfb,0.1,0.4,0.3,2.2,0.0,1.0,sepsis,native,ours_noinflate,77101119.0,1.0,0.0,0.0,0.0,0.0,0.0,0.0,0.0,0.005,always_reactive,0.981829
h=0.1/q0=0.4/p=0.3/r=2.2/sig=0,C_rfb,0.1,0.4,0.3,2.2,0.0,1.0,sepsis,native,oracle_tax,77101119.0,1.0,0.0,0.0,0.0,0.0,0.0,0.0,0.0,0.005,always_reactive,0.981829
h=0.1/q0=0.4/p=0.3/r=2.2/sig=0,C_rfb,0.1,0.4,0.3,2.2,0.0,1.0,sepsis,native,offline_taxblind,77101119.0,1.0,,,,,,,,,always_reactive,0.981829
h=0.1/q0=0.4/p=0.3/r=2.2/sig=0,C_rfb,0.1,0.4,0.3,2.2,0.0,1.0,sepsis,native,offline_opt_tax,77101119.0,1.0,,,,,,,,,always_reactive,0.981829
h=0.1/q0=0.4/p=0.3/r=2.2/sig=0,C_rfb,0.1,0.4,0.3,2.2,0.0,1.0,wiki_A,autorpa_233k,always_reactive,5261420180.0,1.0,0.0,0.0,0.0,0.0,0.0,0.0,0.0,0.005,always_reactive,0.554855
h=0.1/q0=0.4/p=0.3/r=2.2/sig=0,C_rfb,0.1,0.4,0.3,2.2,0.0,1.0,wiki_A,autorpa_233k,always_compile_evict,9482508168.221,1.802272,22.2,53.2,17364.1,5043.7,0.0,23192.4,17364.1,0.014,always_reactive,0.554855
h=0.1/q0=0.4/p=0.3/r=2.2/sig=0,C_rfb,0.1,0.4,0.3,2.2,0.0,1.0,wiki_A,autorpa_233k,ours_evict,5261420180.0,1.0,0.0,0.0,0.0,0.0,0.0,0.0,0.0,0.005,always_reactive,0.554855
h=0.1/q0=0.4/p=0.3/r=2.2/sig=0,C_rfb,0.1,0.4,0.3,2.2,0.0,1.0,wiki_A,autorpa_233k,ours_noinflate,5261420180.0,1.0,0.0,0.0,0.0,0.0,0.0,0.0,0.0,0.005,always_reactive,0.554855
h=0.1/q0=0.4/p=0.3/r=2.2/sig=0,C_rfb,0.1,0.4,0.3,2.2,0.0,1.0,wiki_A,autorpa_233k,oracle_tax,5261420180.0,1.0,0.0,0.0,0.0,0.0,0.0,0.0,0.0,0.005,always_reactive,0.554855
h=0.1/q0=0.4/p=0.3/r=2.2/sig=0,C_rfb,0.1,0.4,0.3,2.2,0.0,1.0,wiki_A,autorpa_233k,offline_taxblind,5261420180.0,1.0,,,,,,,,,always_reactive,0.554855
h=0.1/q0=0.4/p=0.3/r=2.2/sig=0,C_rfb,0.1,0.4,0.3,2.2,0.0,1.0,wiki_A,autorpa_233k,offline_opt_tax,5261420180.0,1.0,,,,,,,,,always_reactive,0.554855
h=0.1/q0=0.4/p=0.3/r=2.2/sig=0,C_rfb,0.1,0.4,0.3,2.2,0.0,1.0,wiki_A,native,always_reactive,5261420180.0,1.0,0.0,0.0,0.0,0.0,0.0,0.0,0.0,0.005,always_reactive,0.939325
h=0.1/q0=0.4/p=0.3/r=2.2/sig=0,C_rfb,0.1,0.4,0.3,2.2,0.0,1.0,wiki_A,native,always_compile_evict,5601280424.319,1.064595,2.9,17.3,17364.1,5043.7,0.0,23192.4,17364.1,0.009,always_reactive,0.939325
h=0.1/q0=0.4/p=0.3/r=2.2/sig=0,C_rfb,0.1,0.4,0.3,2.2,0.0,1.0,wiki_A,native,ours_evict,5261420180.0,1.0,0.0,0.0,0.0,0.0,0.0,0.0,0.0,0.005,always_reactive,0.939325
h=0.1/q0=0.4/p=0.3/r=2.2/sig=0,C_rfb,0.1,0.4,0.3,2.2,0.0,1.0,wiki_A,native,ours_noinflate,5261420180.0,1.0,0.0,0.0,0.0,0.0,0.0,0.0,0.0,0.005,always_reactive,0.939325
h=0.1/q0=0.4/p=0.3/r=2.2/sig=0,C_rfb,0.1,0.4,0.3,2.2,0.0,1.0,wiki_A,native,oracle_tax,5261420180.0,1.0,0.0,0.0,0.0,0.0,0.0,0.0,0.0,0.005,always_reactive,0.939325
h=0.1/q0=0.4/p=0.3/r=2.2/sig=0,C_rfb,0.1,0.4,0.3,2.2,0.0,1.0,wiki_A,native,offline_taxblind,5261420180.0,1.0,,,,,,,,,always_reactive,0.939325
h=0.1/q0=0.4/p=0.3/r=2.2/sig=0,C_rfb,0.1,0.4,0.3,2.2,0.0,1.0,wiki_A,native,offline_opt_tax,5261420180.0,1.0,,,,,,,,,always_reactive,0.939325
h=0.1/q0=0.4/p=0.3/r=2.2/sig=0,C_rfb,0.1,0.4,0.3,2.2,0.0,1.0,wiki_B,autorpa_233k,always_reactive,7373315056.0,1.0,0.0,0.0,0.0,0.0,0.0,0.0,0.0,0.005,always_reactive,0.703593
h=0.1/q0=0.4/p=0.3/r=2.2/sig=0,C_rfb,0.1,0.4,0.3,2.2,0.0,1.0,wiki_B,autorpa_233k,always_compile_evict,10479511453.201,1.421275,104.6,118.5,10149.8,2137.0,0.0,9645.5,10149.8,0.072,always_reactive,0.703593
h=0.1/q0=0.4/p=0.3/r=2.2/sig=0,C_rfb,0.1,0.4,0.3,2.2,0.0,1.0,wiki_B,autorpa_233k,ours_evict,7373315056.0,1.0,0.0,0.0,0.0,0.0,0.0,0.0,0.0,0.005,always_reactive,0.703593
h=0.1/q0=0.4/p=0.3/r=2.2/sig=0,C_rfb,0.1,0.4,0.3,2.2,0.0,1.0,wiki_B,autorpa_233k,ours_noinflate,7373315056.0,1.0,0.0,0.0,0.0,0.0,0.0,0.0,0.0,0.005,always_reactive,0.703593
h=0.1/q0=0.4/p=0.3/r=2.2/sig=0,C_rfb,0.1,0.4,0.3,2.2,0.0,1.0,wiki_B,autorpa_233k,oracle_tax,7373315056.0,1.0,0.0,0.0,0.0,0.0,0.0,0.0,0.0,0.005,always_reactive,0.703593
h=0.1/q0=0.4/p=0.3/r=2.2/sig=0,C_rfb,0.1,0.4,0.3,2.2,0.0,1.0,wiki_B,autorpa_233k,offline_taxblind,7373315056.0,1.0,,,,,,,,,always_reactive,0.703593
h=0.1/q0=0.4/p=0.3/r=2.2/sig=0,C_rfb,0.1,0.4,0.3,2.2,0.0,1.0,wiki_B,autorpa_233k,offline_opt_tax,7373315056.0,1.0,,,,,,,,,always_reactive,0.703593
h=0.1/q0=0.4/p=0.3/r=2.2/sig=0,C_rfb,0.1,0.4,0.3,2.2,0.0,1.0,wiki_B,native,always_reactive,7373315056.0,1.0,0.0,0.0,0.0,0.0,0.0,0.0,0.0,0.005,always_reactive,0.965662
h=0.1/q0=0.4/p=0.3/r=2.2/sig=0,C_rfb,0.1,0.4,0.3,2.2,0.0,1.0,wiki_B,native,always_compile_evict,7635506111.8,1.035559,11.0,24.3,10149.8,2137.0,0.0,9645.5,10149.8,0.017,always_reactive,0.965662
h=0.1/q0=0.4/p=0.3/r=2.2/sig=0,C_rfb,0.1,0.4,0.3,2.2,0.0,1.0,wiki_B,native,ours_evict,7373315056.0,1.0,0.0,0.0,0.0,0.0,0.0,0.0,0.0,0.005,always_reactive,0.965662
h=0.1/q0=0.4/p=0.3/r=2.2/sig=0,C_rfb,0.1,0.4,0.3,2.2,0.0,1.0,wiki_B,native,ours_noinflate,7373315056.0,1.0,0.0,0.0,0.0,0.0,0.0,0.0,0.0,0.005,always_reactive,0.965662
h=0.1/q0=0.4/p=0.3/r=2.2/sig=0,C_rfb,0.1,0.4,0.3,2.2,0.0,1.0,wiki_B,native,oracle_tax,7373315056.0,1.0,0.0,0.0,0.0,0.0,0.0,0.0,0.0,0.005,always_reactive,0.965662
h=0.1/q0=0.4/p=0.3/r=2.2/sig=0,C_rfb,0.1,0.4,0.3,2.2,0.0,1.0,wiki_B,native,offline_taxblind,7373315056.0,1.0,,,,,,,,,always_reactive,0.965662
h=0.1/q0=0.4/p=0.3/r=2.2/sig=0,C_rfb,0.1,0.4,0.3,2.2,0.0,1.0,wiki_B,native,offline_opt_tax,7373315056.0,1.0,,,,,,,,,always_reactive,0.965662
h=0.1/q0=0.4/p=0.5/r=1/sig=0,A_core,0.1,0.4,0.5,1.0,0.0,1.0,bpi2019,autorpa_233k,always_reactive,19497801224.0,1.012688,0.0,0.0,0.0,0.0,0.0,0.0,0.0,0.005,ours_noinflate,0.848725
h=0.1/q0=0.4/p=0.5/r=1/sig=0,A_core,0.1,0.4,0.5,1.0,0.0,1.0,bpi2019,autorpa_233k,always_compile_evict,22685216821.2,1.178237,58.9,94.0,45577.8,21432.0,0.0,98481.2,45390.2,0.067,ours_noinflate,0.848725
h=0.1/q0=0.4/p=0.5/r=1/sig=0,A_core,0.1,0.4,0.5,1.0,0.0,1.0,bpi2019,autorpa_233k,ours_evict,19535435195.3,1.014642,0.1,3.0,298.1,70.0,0.0,309.2,261.2,0.005,ours_noinflate,0.848725
h=0.1/q0=0.4/p=0.5/r=1/sig=0,A_core,0.1,0.4,0.5,1.0,0.0,1.0,bpi2019,autorpa_233k,ours_noinflate,19253520226.1,1.0,5.2,10.1,18417.6,9029.0,0.0,41579.0,18271.3,0.01,ours_noinflate,0.848725
h=0.1/q0=0.4/p=0.5/r=1/sig=0,A_core,0.1,0.4,0.5,1.0,0.0,1.0,bpi2019,autorpa_233k,oracle_tax,19497788171.5,1.012687,0.9,3.1,20.4,9.4,0.0,45.0,14.3,0.005,ours_noinflate,0.848725
h=0.1/q0=0.4/p=0.5/r=1/sig=0,A_core,0.1,0.4,0.5,1.0,0.0,1.0,bpi2019,autorpa_233k,offline_taxblind,19013220215.239,0.987519,,,,,,,,,ours_noinflate,0.848725
h=0.1/q0=0.4/p=0.5/r=1/sig=0,A_core,0.1,0.4,0.5,1.0,0.0,1.0,bpi2019,autorpa_233k,offline_opt_tax,19079003981.066,0.990936,,,,,,,,,ours_noinflate,0.848725
h=0.1/q0=0.4/p=0.5/r=1/sig=0,A_core,0.1,0.4,0.5,1.0,0.0,1.0,bpi2019,native,always_reactive,19497801224.0,1.70324,0.0,0.0,0.0,0.0,0.0,0.0,0.0,0.005,always_compile_evict,1.0
h=0.1/q0=0.4/p=0.5/r=1/sig=0,A_core,0.1,0.4,0.5,1.0,0.0,1.0,bpi2019,native,always_compile_evict,11445202289.8,0.999801,4.9,20.6,45577.8,21432.0,0.0,98481.2,41181.7,0.021,always_compile_evict,1.0
h=0.1/q0=0.4/p=0.5/r=1/sig=0,A_core,0.1,0.4,0.5,1.0,0.0,1.0,bpi2019,native,ours_evict,18418724497.3,1.608977,0.4,12.1,8461.8,3072.4,0.0,14076.6,5014.9,0.006,always_compile_evict,1.0
h=0.1/q0=0.4/p=0.5/r=1/sig=0,A_core,0.1,0.4,0.5,1.0,0.0,1.0,bpi2019,native,ours_noinflate,11447477751.0,1.0,4.8,20.6,45520.0,21419.9,0.0,98432.0,41151.2,0.021,always_compile_evict,1.0
h=0.1/q0=0.4/p=0.5/r=1/sig=0,A_core,0.1,0.4,0.5,1.0,0.0,1.0,bpi2019,native,oracle_tax,19383027079.5,1.693214,33.3,35.3,710.7,322.8,0.0,1475.6,523.1,0.005,always_compile_evict,1.0
h=0.1/q0=0.4/p=0.5/r=1/sig=0,A_core,0.1,0.4,0.5,1.0,0.0,1.0,bpi2019,native,offline_taxblind,10152411753.325,0.886869,,,,,,,,,always_compile_evict,1.0
h=0.1/q0=0.4/p=0.5/r=1/sig=0,A_core,0.1,0.4,0.5,1.0,0.0,1.0,bpi2019,native,offline_opt_tax,10289669595.092,0.898859,,,,,,,,,always_compile_evict,1.0
h=0.1/q0=0.4/p=0.5/r=1/sig=0,A_core,0.1,0.4,0.5,1.0,0.0,1.0,sepsis,autorpa_233k,always_reactive,77101119.0,0.984324,0.0,0.0,0.0,0.0,0.0,0.0,0.0,0.005,always_reactive,0.89436
h=0.1/q0=0.4/p=0.5/r=1/sig=0,A_core,0.1,0.4,0.5,1.0,0.0,1.0,sepsis,autorpa_233k,always_compile_evict,86208138.8,1.100591,14.4,15.8,55.7,10.0,0.0,51.2,50.9,0.013,always_reactive,0.89436
h=0.1/q0=0.4/p=0.5/r=1/sig=0,A_core,0.1,0.4,0.5,1.0,0.0,1.0,sepsis,autorpa_233k,ours_evict,77541933.0,0.989952,0.8,1.6,3.8,1.0,0.0,4.3,3.1,0.006,always_reactive,0.89436
h=0.1/q0=0.4/p=0.5/r=1/sig=0,A_core,0.1,0.4,0.5,1.0,0.0,1.0,sepsis,autorpa_233k,ours_noinflate,78328977.0,1.0,2.3,2.7,8.7,1.8,0.0,9.1,7.5,0.006,always_reactive,0.89436
h=0.1/q0=0.4/p=0.5/r=1/sig=0,A_core,0.1,0.4,0.5,1.0,0.0,1.0,sepsis,autorpa_233k,oracle_tax,77164225.2,0.98513,0.3,1.0,1.9,0.7,0.0,4.6,1.0,0.005,always_reactive,0.89436
h=0.1/q0=0.4/p=0.5/r=1/sig=0,A_core,0.1,0.4,0.5,1.0,0.0,1.0,sepsis,autorpa_233k,offline_taxblind,77101119.0,0.984324,,,,,,,,,always_reactive,0.89436
h=0.1/q0=0.4/p=0.5/r=1/sig=0,A_core,0.1,0.4,0.5,1.0,0.0,1.0,sepsis,autorpa_233k,offline_opt_tax,77101119.0,0.984324,,,,,,,,,always_reactive,0.89436
h=0.1/q0=0.4/p=0.5/r=1/sig=0,A_core,0.1,0.4,0.5,1.0,0.0,1.0,sepsis,native,always_reactive,77101119.0,1.044852,0.0,0.0,0.0,0.0,0.0,0.0,0.0,0.005,always_compile_evict,1.0
h=0.1/q0=0.4/p=0.5/r=1/sig=0,A_core,0.1,0.4,0.5,1.0,0.0,1.0,sepsis,native,always_compile_evict,73791396.6,1.0,7.6,9.9,55.7,10.0,0.0,51.2,29.4,0.011,always_compile_evict,1.0
h=0.1/q0=0.4/p=0.5/r=1/sig=0,A_core,0.1,0.4,0.5,1.0,0.0,1.0,sepsis,native,ours_evict,73929394.2,1.00187,7.0,9.6,53.2,9.7,0.0,49.4,27.7,0.011,always_compile_evict,1.0
h=0.1/q0=0.4/p=0.5/r=1/sig=0,A_core,0.1,0.4,0.5,1.0,0.0,1.0,sepsis,native,ours_noinflate,73791396.6,1.0,7.6,9.9,55.7,10.0,0.0,51.2,29.4,0.011,always_compile_evict,1.0
h=0.1/q0=0.4/p=0.5/r=1/sig=0,A_core,0.1,0.4,0.5,1.0,0.0,1.0,sepsis,native,oracle_tax,73981061.0,1.00257,10.1,10.8,38.5,8.8,0.0,45.8,21.0,0.012,always_compile_evict,1.0
h=0.1/q0=0.4/p=0.5/r=1/sig=0,A_core,0.1,0.4,0.5,1.0,0.0,1.0,sepsis,native,offline_taxblind,61250027.94,0.830043,,,,,,,,,always_compile_evict,1.0
h=0.1/q0=0.4/p=0.5/r=1/sig=0,A_core,0.1,0.4,0.5,1.0,0.0,1.0,sepsis,native,offline_opt_tax,61976565.273,0.839889,,,,,,,,,always_compile_evict,1.0
h=0.1/q0=0.4/p=0.5/r=1/sig=0,A_core,0.1,0.4,0.5,1.0,0.0,1.0,wiki_A,autorpa_233k,always_reactive,5261420180.0,1.019946,0.0,0.0,0.0,0.0,0.0,0.0,0.0,0.005,ours_noinflate,0.909753
h=0.1/q0=0.4/p=0.5/r=1/sig=0,A_core,0.1,0.4,0.5,1.0,0.0,1.0,wiki_A,autorpa_233k,always_compile_evict,5670254419.3,1.0992,15.8,45.7,11780.3,5676.4,0.0,26059.9,11431.5,0.022,ours_noinflate,0.909753
h=0.1/q0=0.4/p=0.5/r=1/sig=0,A_core,0.1,0.4,0.5,1.0,0.0,1.0,wiki_A,autorpa_233k,ours_evict,5263007020.8,1.020253,0.0,2.2,58.0,21.5,0.0,101.7,42.7,0.005,ours_noinflate,0.909753
h=0.1/q0=0.4/p=0.5/r=1/sig=0,A_core,0.1,0.4,0.5,1.0,0.0,1.0,wiki_A,autorpa_233k,ours_noinflate,5158529747.3,1.0,2.1,5.6,5519.1,2733.1,0.0,12551.5,5393.5,0.007,ours_noinflate,0.909753
h=0.1/q0=0.4/p=0.5/r=1/sig=0,A_core,0.1,0.4,0.5,1.0,0.0,1.0,wiki_A,autorpa_233k,oracle_tax,5260845153.8,1.019834,0.4,1.0,62.5,29.2,0.0,134.5,45.0,0.005,ours_noinflate,0.909753
h=0.1/q0=0.4/p=0.5/r=1/sig=0,A_core,0.1,0.4,0.5,1.0,0.0,1.0,wiki_A,autorpa_233k,offline_taxblind,5124080601.471,0.993322,,,,,,,,,ours_noinflate,0.909753
h=0.1/q0=0.4/p=0.5/r=1/sig=0,A_core,0.1,0.4,0.5,1.0,0.0,1.0,wiki_A,autorpa_233k,offline_opt_tax,5135353683.179,0.995507,,,,,,,,,ours_noinflate,0.909753
h=0.1/q0=0.4/p=0.5/r=1/sig=0,A_core,0.1,0.4,0.5,1.0,0.0,1.0,wiki_A,native,always_reactive,5261420180.0,1.744048,0.0,0.0,0.0,0.0,0.0,0.0,0.0,0.005,always_compile_evict,1.0
h=0.1/q0=0.4/p=0.5/r=1/sig=0,A_core,0.1,0.4,0.5,1.0,0.0,1.0,wiki_A,native,always_compile_evict,3016694588.0,0.99997,3.6,14.8,11780.3,5676.4,0.0,26059.9,10691.4,0.015,always_compile_evict,1.0
h=0.1/q0=0.4/p=0.5/r=1/sig=0,A_core,0.1,0.4,0.5,1.0,0.0,1.0,wiki_A,native,ours_evict,5011740941.8,1.661285,0.6,10.7,1755.1,688.1,0.0,3134.7,1047.7,0.006,always_compile_evict,1.0
h=0.1/q0=0.4/p=0.5/r=1/sig=0,A_core,0.1,0.4,0.5,1.0,0.0,1.0,wiki_A,native,ours_noinflate,3016786114.6,1.0,3.6,14.8,11778.2,5676.2,0.0,26058.4,10690.0,0.015,always_compile_evict,1.0
h=0.1/q0=0.4/p=0.5/r=1/sig=0,A_core,0.1,0.4,0.5,1.0,0.0,1.0,wiki_A,native,oracle_tax,5094049639.6,1.688568,6.7,7.4,818.0,399.5,0.0,1805.3,618.4,0.005,always_compile_evict,1.0
h=0.1/q0=0.4/p=0.5/r=1/sig=0,A_core,0.1,0.4,0.5,1.0,0.0,1.0,wiki_A,native,offline_taxblind,2713040953.88,0.899315,,,,,,,,,always_compile_evict,1.0
h=0.1/q0=0.4/p=0.5/r=1/sig=0,A_core,0.1,0.4,0.5,1.0,0.0,1.0,wiki_A,native,offline_opt_tax,2730883143.293,0.905229,,,,,,,,,always_compile_evict,1.0
h=0.1/q0=0.4/p=0.5/r=1/sig=0,A_core,0.1,0.4,0.5,1.0,0.0,1.0,wiki_B,autorpa_233k,always_reactive,7373315056.0,0.994264,0.0,0.0,0.0,0.0,0.0,0.0,0.0,0.005,always_reactive,0.845157
h=0.1/q0=0.4/p=0.5/r=1/sig=0,A_core,0.1,0.4,0.5,1.0,0.0,1.0,wiki_B,autorpa_233k,always_compile_evict,8724197688.4,1.176426,88.9,101.3,7297.9,2488.1,0.0,11251.9,7174.2,0.075,always_reactive,0.845157
h=0.1/q0=0.4/p=0.5/r=1/sig=0,A_core,0.1,0.4,0.5,1.0,0.0,1.0,wiki_B,autorpa_233k,ours_evict,7393072510.3,0.996928,0.2,3.6,166.4,38.8,0.0,206.0,148.2,0.006,always_reactive,0.845157
h=0.1/q0=0.4/p=0.5/r=1/sig=0,A_core,0.1,0.4,0.5,1.0,0.0,1.0,wiki_B,autorpa_233k,ours_noinflate,7415851282.0,1.0,1.9,8.5,1062.1,454.4,0.0,2063.0,1017.9,0.009,always_reactive,0.845157
h=0.1/q0=0.4/p=0.5/r=1/sig=0,A_core,0.1,0.4,0.5,1.0,0.0,1.0,wiki_B,autorpa_233k,oracle_tax,7373315056.0,0.994264,0.0,0.0,0.0,0.0,0.0,0.0,0.0,0.005,always_reactive,0.845157
h=0.1/q0=0.4/p=0.5/r=1/sig=0,A_core,0.1,0.4,0.5,1.0,0.0,1.0,wiki_B,autorpa_233k,offline_taxblind,7344017216.433,0.990313,,,,,,,,,always_reactive,0.845157
h=0.1/q0=0.4/p=0.5/r=1/sig=0,A_core,0.1,0.4,0.5,1.0,0.0,1.0,wiki_B,autorpa_233k,offline_opt_tax,7363316964.565,0.992916,,,,,,,,,always_reactive,0.845157
h=0.1/q0=0.4/p=0.5/r=1/sig=0,A_core,0.1,0.4,0.5,1.0,0.0,1.0,wiki_B,native,always_reactive,7373315056.0,1.120904,0.0,0.0,0.0,0.0,0.0,0.0,0.0,0.005,always_compile_evict,1.0
h=0.1/q0=0.4/p=0.5/r=1/sig=0,A_core,0.1,0.4,0.5,1.0,0.0,1.0,wiki_B,native,always_compile_evict,6577931226.8,0.999988,8.6,19.2,7297.9,2488.1,0.0,11251.9,5092.8,0.016,always_compile_evict,1.0
h=0.1/q0=0.4/p=0.5/r=1/sig=0,A_core,0.1,0.4,0.5,1.0,0.0,1.0,wiki_B,native,ours_evict,6882070832.7,1.046224,3.4,14.5,5292.7,1556.6,0.0,7082.9,3219.8,0.012,always_compile_evict,1.0
h=0.1/q0=0.4/p=0.5/r=1/sig=0,A_core,0.1,0.4,0.5,1.0,0.0,1.0,wiki_B,native,ours_noinflate,6578007890.3,1.0,8.6,19.2,7296.2,2488.0,0.0,11250.9,5091.4,0.016,always_compile_evict,1.0
h=0.1/q0=0.4/p=0.5/r=1/sig=0,A_core,0.1,0.4,0.5,1.0,0.0,1.0,wiki_B,native,oracle_tax,7347153167.8,1.116927,33.5,34.1,253.3,93.0,0.0,416.2,177.2,0.006,always_compile_evict,1.0
h=0.1/q0=0.4/p=0.5/r=1/sig=0,A_core,0.1,0.4,0.5,1.0,0.0,1.0,wiki_B,native,offline_taxblind,5538318004.361,0.841945,,,,,,,,,always_compile_evict,1.0
h=0.1/q0=0.4/p=0.5/r=1/sig=0,A_core,0.1,0.4,0.5,1.0,0.0,1.0,wiki_B,native,offline_opt_tax,5572923958.891,0.847205,,,,,,,,,always_compile_evict,1.0
h=0.1/q0=0.4/p=1/r=1/sig=0.3,D_sigma,0.1,0.4,1.0,1.0,0.3,3.0,bpi2019,autorpa_233k,always_reactive,19497801224.0,1.033935,0.0,0.0,0.0,0.0,0.0,0.0,0.0,0.005,ours_evict,0.942146
h=0.1/q0=0.4/p=1/r=1/sig=0.3,D_sigma,0.1,0.4,1.0,1.0,0.3,3.0,bpi2019,autorpa_233k,always_compile_evict,20015869681.1,1.061407,44.6,73.5,18354.2,16589.5,32696.9,109003.5,18269.2,0.054,ours_evict,0.942146
h=0.1/q0=0.4/p=1/r=1/sig=0.3,D_sigma,0.1,0.4,1.0,1.0,0.3,3.0,bpi2019,autorpa_233k,ours_evict,18857862071.2,1.0,1.0,7.0,6363.9,6094.6,12073.6,40212.0,6250.5,0.007,ours_evict,0.942146
h=0.1/q0=0.4/p=1/r=1/sig=0.3,D_sigma,0.1,0.4,1.0,1.0,0.3,3.0,bpi2019,autorpa_233k,ours_noinflate,18857862071.2,1.0,1.0,7.0,6363.9,6094.6,12073.6,40212.0,6250.5,0.007,ours_evict,0.942146
h=0.1/q0=0.4/p=1/r=1/sig=0.3,D_sigma,0.1,0.4,1.0,1.0,0.3,3.0,bpi2019,autorpa_233k,oracle_tax,19497572690.2,1.033923,0.5,1.0,1.4,0.9,2.7,9.6,0.3,0.005,ours_evict,0.942146
h=0.1/q0=0.4/p=1/r=1/sig=0.3,D_sigma,0.1,0.4,1.0,1.0,0.3,3.0,bpi2019,autorpa_233k,offline_taxblind,18508649631.107,0.981482,,,,,,,,,ours_evict,0.942146
h=0.1/q0=0.4/p=1/r=1/sig=0.3,D_sigma,0.1,0.4,1.0,1.0,0.3,3.0,bpi2019,autorpa_233k,offline_opt_tax,18618981014.811,0.987333,,,,,,,,,ours_evict,0.942146
h=0.1/q0=0.4/p=1/r=1/sig=0.3,D_sigma,0.1,0.4,1.0,1.0,0.3,3.0,bpi2019,native,always_reactive,19497801224.0,1.288782,0.0,0.0,0.0,0.0,0.0,0.0,0.0,0.005,always_compile_evict,1.0
h=0.1/q0=0.4/p=1/r=1/sig=0.3,D_sigma,0.1,0.4,1.0,1.0,0.3,3.0,bpi2019,native,always_compile_evict,15125885098.0,0.999804,3.9,17.5,18354.2,16589.5,32696.9,109003.5,14417.2,0.013,always_compile_evict,1.0
h=0.1/q0=0.4/p=1/r=1/sig=0.3,D_sigma,0.1,0.4,1.0,1.0,0.3,3.0,bpi2019,native,ours_evict,15128854161.3,1.0,4.0,17.5,18278.8,16568.1,32655.5,108874.5,14400.5,0.013,always_compile_evict,1.0
h=0.1/q0=0.4/p=1/r=1/sig=0.3,D_sigma,0.1,0.4,1.0,1.0,0.3,3.0,bpi2019,native,ours_noinflate,15128854161.3,1.0,4.0,17.5,18278.8,16568.1,32655.5,108874.5,14400.5,0.013,always_compile_evict,1.0
h=0.1/q0=0.4/p=1/r=1/sig=0.3,D_sigma,0.1,0.4,1.0,1.0,0.3,3.0,bpi2019,native,oracle_tax,19463927540.6,1.286543,26.5,28.7,168.2,141.7,263.3,898.1,70.2,0.005,always_compile_evict,1.0
h=0.1/q0=0.4/p=1/r=1/sig=0.3,D_sigma,0.1,0.4,1.0,1.0,0.3,3.0,bpi2019,native,offline_taxblind,14880054103.21,0.983555,,,,,,,,,always_compile_evict,1.0
h=0.1/q0=0.4/p=1/r=1/sig=0.3,D_sigma,0.1,0.4,1.0,1.0,0.3,3.0,bpi2019,native,offline_opt_tax,14971418091.987,0.989594,,,,,,,,,always_compile_evict,1.0
h=0.1/q0=0.4/p=1/r=1/sig=0.3,D_sigma,0.1,0.4,1.0,1.0,0.3,3.0,sepsis,autorpa_233k,always_reactive,77101119.0,0.99784,0.0,0.0,0.0,0.0,0.0,0.0,0.0,0.005,always_reactive,0.927794
h=0.1/q0=0.4/p=1/r=1/sig=0.3,D_sigma,0.1,0.4,1.0,1.0,0.3,3.0,sepsis,autorpa_233k,always_compile_evict,83101508.9,1.075497,17.7,19.2,33.9,8.8,19.1,64.2,32.2,0.016,always_reactive,0.927794
h=0.1/q0=0.4/p=1/r=1/sig=0.3,D_sigma,0.1,0.4,1.0,1.0,0.3,3.0,sepsis,autorpa_233k,ours_evict,77267979.8,1.0,0.8,1.0,1.4,0.6,1.1,4.7,1.4,0.005,always_reactive,0.927794
h=0.1/q0=0.4/p=1/r=1/sig=0.3,D_sigma,0.1,0.4,1.0,1.0,0.3,3.0,sepsis,autorpa_233k,ours_noinflate,77267979.8,1.0,0.8,1.0,1.4,0.6,1.1,4.7,1.4,0.005,always_reactive,0.927794
h=0.1/q0=0.4/p=1/r=1/sig=0.3,D_sigma,0.1,0.4,1.0,1.0,0.3,3.0,sepsis,autorpa_233k,oracle_tax,77101119.0,0.99784,0.0,0.0,0.0,0.0,0.0,0.0,0.0,0.005,always_reactive,0.927794
h=0.1/q0=0.4/p=1/r=1/sig=0.3,D_sigma,0.1,0.4,1.0,1.0,0.3,3.0,sepsis,autorpa_233k,offline_taxblind,77038567.938,0.997031,,,,,,,,,always_reactive,0.927794
h=0.1/q0=0.4/p=1/r=1/sig=0.3,D_sigma,0.1,0.4,1.0,1.0,0.3,3.0,sepsis,autorpa_233k,offline_opt_tax,77098980.22,0.997813,,,,,,,,,always_reactive,0.927794
h=0.1/q0=0.4/p=1/r=1/sig=0.3,D_sigma,0.1,0.4,1.0,1.0,0.3,3.0,sepsis,native,always_reactive,77101119.0,1.026142,0.0,0.0,0.0,0.0,0.0,0.0,0.0,0.005,always_compile_evict,1.0
h=0.1/q0=0.4/p=1/r=1/sig=0.3,D_sigma,0.1,0.4,1.0,1.0,0.3,3.0,sepsis,native,always_compile_evict,75136888.7,1.0,3.4,9.7,33.9,8.8,19.1,64.2,8.0,0.01,always_compile_evict,1.0
h=0.1/q0=0.4/p=1/r=1/sig=0.3,D_sigma,0.1,0.4,1.0,1.0,0.3,3.0,sepsis,native,ours_evict,75136888.7,1.0,3.4,9.7,33.9,8.8,19.1,64.2,8.0,0.01,always_compile_evict,1.0
h=0.1/q0=0.4/p=1/r=1/sig=0.3,D_sigma,0.1,0.4,1.0,1.0,0.3,3.0,sepsis,native,ours_noinflate,75136888.7,1.0,3.4,9.7,33.9,8.8,19.1,64.2,8.0,0.01,always_compile_evict,1.0
h=0.1/q0=0.4/p=1/r=1/sig=0.3,D_sigma,0.1,0.4,1.0,1.0,0.3,3.0,sepsis,native,oracle_tax,75538028.7,1.005339,9.2,10.0,16.5,7.3,15.9,51.5,3.0,0.011,always_compile_evict,1.0
h=0.1/q0=0.4/p=1/r=1/sig=0.3,D_sigma,0.1,0.4,1.0,1.0,0.3,3.0,sepsis,native,offline_taxblind,69686341.682,0.927458,,,,,,,,,always_compile_evict,1.0
h=0.1/q0=0.4/p=1/r=1/sig=0.3,D_sigma,0.1,0.4,1.0,1.0,0.3,3.0,sepsis,native,offline_opt_tax,70050168.538,0.932301,,,,,,,,,always_compile_evict,1.0
h=0.1/q0=0.4/p=1/r=1/sig=0.3,D_sigma,0.1,0.4,1.0,1.0,0.3,3.0,wiki_A,autorpa_233k,always_reactive,5261420180.0,1.046179,0.0,0.0,0.0,0.0,0.0,0.0,0.0,0.005,ours_evict,0.982048
h=0.1/q0=0.4/p=1/r=1/sig=0.3,D_sigma,0.1,0.4,1.0,1.0,0.3,3.0,wiki_A,autorpa_233k,always_compile_evict,5121115690.3,1.018281,9.4,42.4,4674.4,4381.4,8589.1,28790.1,4538.9,0.02,ours_evict,0.982048
h=0.1/q0=0.4/p=1/r=1/sig=0.3,D_sigma,0.1,0.4,1.0,1.0,0.3,3.0,wiki_A,autorpa_233k,ours_evict,5029178945.3,1.0,1.1,5.0,2055.6,2013.3,3989.8,13293.3,2000.6,0.006,ours_evict,0.982048
h=0.1/q0=0.4/p=1/r=1/sig=0.3,D_sigma,0.1,0.4,1.0,1.0,0.3,3.0,wiki_A,autorpa_233k,ours_noinflate,5029178945.3,1.0,1.1,5.0,2055.6,2013.3,3989.8,13293.3,2000.6,0.006,ours_evict,0.982048
h=0.1/q0=0.4/p=1/r=1/sig=0.3,D_sigma,0.1,0.4,1.0,1.0,0.3,3.0,wiki_A,autorpa_233k,oracle_tax,5260422109.8,1.04598,0.3,1.0,8.7,8.4,15.2,50.7,3.8,0.005,ours_evict,0.982048
h=0.1/q0=0.4/p=1/r=1/sig=0.3,D_sigma,0.1,0.4,1.0,1.0,0.3,3.0,wiki_A,autorpa_233k,offline_taxblind,4969402952.146,0.988114,,,,,,,,,ours_evict,0.982048
h=0.1/q0=0.4/p=1/r=1/sig=0.3,D_sigma,0.1,0.4,1.0,1.0,0.3,3.0,wiki_A,autorpa_233k,offline_opt_tax,4987701725.057,0.991753,,,,,,,,,ours_evict,0.982048
h=0.1/q0=0.4/p=1/r=1/sig=0.3,D_sigma,0.1,0.4,1.0,1.0,0.3,3.0,wiki_A,native,always_reactive,5261420180.0,1.302405,0.0,0.0,0.0,0.0,0.0,0.0,0.0,0.005,always_compile_evict,1.0
h=0.1/q0=0.4/p=1/r=1/sig=0.3,D_sigma,0.1,0.4,1.0,1.0,0.3,3.0,wiki_A,native,always_compile_evict,4039659876.8,0.999972,3.9,12.6,4674.4,4381.4,8589.1,28790.1,3920.6,0.011,always_compile_evict,1.0
h=0.1/q0=0.4/p=1/r=1/sig=0.3,D_sigma,0.1,0.4,1.0,1.0,0.3,3.0,wiki_A,native,ours_evict,4039773275.9,1.0,3.9,12.6,4673.1,4380.8,8588.6,28787.5,3920.7,0.011,always_compile_evict,1.0
h=0.1/q0=0.4/p=1/r=1/sig=0.3,D_sigma,0.1,0.4,1.0,1.0,0.3,3.0,wiki_A,native,ours_noinflate,4039773275.9,1.0,3.9,12.6,4673.1,4380.8,8588.6,28787.5,3920.7,0.011,always_compile_evict,1.0
h=0.1/q0=0.4/p=1/r=1/sig=0.3,D_sigma,0.1,0.4,1.0,1.0,0.3,3.0,wiki_A,native,oracle_tax,5214509560.0,1.290793,6.0,6.3,150.2,144.2,287.5,956.3,68.7,0.005,always_compile_evict,1.0
h=0.1/q0=0.4/p=1/r=1/sig=0.3,D_sigma,0.1,0.4,1.0,1.0,0.3,3.0,wiki_A,native,offline_taxblind,4002399088.443,0.990748,,,,,,,,,always_compile_evict,1.0
h=0.1/q0=0.4/p=1/r=1/sig=0.3,D_sigma,0.1,0.4,1.0,1.0,0.3,3.0,wiki_A,native,offline_opt_tax,4017817826.743,0.994565,,,,,,,,,always_compile_evict,1.0
h=0.1/q0=0.4/p=1/r=1/sig=0.3,D_sigma,0.1,0.4,1.0,1.0,0.3,3.0,wiki_B,autorpa_233k,always_reactive,7373315056.0,0.997966,0.0,0.0,0.0,0.0,0.0,0.0,0.0,0.005,always_reactive,0.90619
h=0.1/q0=0.4/p=1/r=1/sig=0.3,D_sigma,0.1,0.4,1.0,1.0,0.3,3.0,wiki_B,autorpa_233k,always_compile_evict,8136613620.7,1.101277,61.1,78.7,3620.7,2012.7,3858.7,12928.8,3582.6,0.061,always_reactive,0.90619
h=0.1/q0=0.4/p=1/r=1/sig=0.3,D_sigma,0.1,0.4,1.0,1.0,0.3,3.0,wiki_B,autorpa_233k,ours_evict,7388343632.7,1.0,0.0,4.0,328.0,190.4,359.6,1211.1,312.9,0.006,always_reactive,0.90619
h=0.1/q0=0.4/p=1/r=1/sig=0.3,D_sigma,0.1,0.4,1.0,1.0,0.3,3.0,wiki_B,autorpa_233k,ours_noinflate,7388343632.7,1.0,0.0,4.0,328.0,190.4,359.6,1211.1,312.9,0.006,always_reactive,0.90619
h=0.1/q0=0.4/p=1/r=1/sig=0.3,D_sigma,0.1,0.4,1.0,1.0,0.3,3.0,wiki_B,autorpa_233k,oracle_tax,7373315056.0,0.997966,0.0,0.0,0.0,0.0,0.0,0.0,0.0,0.005,always_reactive,0.90619
h=0.1/q0=0.4/p=1/r=1/sig=0.3,D_sigma,0.1,0.4,1.0,1.0,0.3,3.0,wiki_B,autorpa_233k,offline_taxblind,7305672161.848,0.988811,,,,,,,,,always_reactive,0.90619
h=0.1/q0=0.4/p=1/r=1/sig=0.3,D_sigma,0.1,0.4,1.0,1.0,0.3,3.0,wiki_B,autorpa_233k,offline_opt_tax,7341894495.074,0.993713,,,,,,,,,always_reactive,0.90619
h=0.1/q0=0.4/p=1/r=1/sig=0.3,D_sigma,0.1,0.4,1.0,1.0,0.3,3.0,wiki_B,native,always_reactive,7373315056.0,1.064607,0.0,0.0,0.0,0.0,0.0,0.0,0.0,0.005,always_compile_evict,1.0
h=0.1/q0=0.4/p=1/r=1/sig=0.3,D_sigma,0.1,0.4,1.0,1.0,0.3,3.0,wiki_B,native,always_compile_evict,6925825671.1,0.999995,4.2,14.1,3620.7,2012.7,3858.7,12928.8,1414.9,0.011,always_compile_evict,1.0
h=0.1/q0=0.4/p=1/r=1/sig=0.3,D_sigma,0.1,0.4,1.0,1.0,0.3,3.0,wiki_B,native,ours_evict,6925857281.5,1.0,4.2,14.1,3619.0,2012.1,3857.0,12924.2,1413.3,0.011,always_compile_evict,1.0
h=0.1/q0=0.4/p=1/r=1/sig=0.3,D_sigma,0.1,0.4,1.0,1.0,0.3,3.0,wiki_B,native,ours_noinflate,6925857281.5,1.0,4.2,14.1,3619.0,2012.1,3857.0,12924.2,1413.3,0.011,always_compile_evict,1.0
h=0.1/q0=0.4/p=1/r=1/sig=0.3,D_sigma,0.1,0.4,1.0,1.0,0.3,3.0,wiki_B,native,oracle_tax,7365714799.3,1.063509,26.8,27.1,65.4,38.6,75.2,253.7,19.1,0.005,always_compile_evict,1.0
h=0.1/q0=0.4/p=1/r=1/sig=0.3,D_sigma,0.1,0.4,1.0,1.0,0.3,3.0,wiki_B,native,offline_taxblind,6499897224.982,0.938497,,,,,,,,,always_compile_evict,1.0
h=0.1/q0=0.4/p=1/r=1/sig=0.3,D_sigma,0.1,0.4,1.0,1.0,0.3,3.0,wiki_B,native,offline_opt_tax,6513908068.788,0.94052,,,,,,,,,always_compile_evict,1.0
h=0.1/q0=0.4/p=1/r=1/sig=0,A_core,0.1,0.4,1.0,1.0,0.0,1.0,bpi2019,autorpa_233k,always_reactive,19497801224.0,1.193379,0.0,0.0,0.0,0.0,0.0,0.0,0.0,0.005,ours_evict,0.986571
h=0.1/q0=0.4/p=1/r=1/sig=0,A_core,0.1,0.4,1.0,1.0,0.0,1.0,bpi2019,autorpa_233k,always_compile_evict,16560714319.4,1.013612,42.1,69.4,25427.8,23721.6,0.0,109003.5,25075.4,0.062,ours_evict,0.986571
h=0.1/q0=0.4/p=1/r=1/sig=0,A_core,0.1,0.4,1.0,1.0,0.0,1.0,bpi2019,autorpa_233k,ours_evict,16338317978.9,1.0,36.9,59.7,23890.3,22804.6,0.0,104819.5,23613.1,0.053,ours_evict,0.986571
h=0.1/q0=0.4/p=1/r=1/sig=0,A_core,0.1,0.4,1.0,1.0,0.0,1.0,bpi2019,autorpa_233k,ours_noinflate,16338317978.9,1.0,36.9,59.7,23890.3,22804.6,0.0,104819.5,23613.1,0.053,ours_evict,0.986571
h=0.1/q0=0.4/p=1/r=1/sig=0,A_core,0.1,0.4,1.0,1.0,0.0,1.0,bpi2019,autorpa_233k,oracle_tax,19469005526.7,1.191616,11.5,18.1,186.4,174.9,0.0,780.4,109.8,0.005,ours_evict,0.986571
h=0.1/q0=0.4/p=1/r=1/sig=0,A_core,0.1,0.4,1.0,1.0,0.0,1.0,bpi2019,autorpa_233k,offline_taxblind,15319929420.942,0.937669,,,,,,,,,ours_evict,0.986571
h=0.1/q0=0.4/p=1/r=1/sig=0,A_core,0.1,0.4,1.0,1.0,0.0,1.0,bpi2019,autorpa_233k,offline_opt_tax,15624599416.847,0.956316,,,,,,,,,ours_evict,0.986571
h=0.1/q0=0.4/p=1/r=1/sig=0,A_core,0.1,0.4,1.0,1.0,0.0,1.0,bpi2019,native,always_reactive,19497801224.0,1.917284,0.0,0.0,0.0,0.0,0.0,0.0,0.0,0.005,always_compile_evict,1.0
h=0.1/q0=0.4/p=1/r=1/sig=0,A_core,0.1,0.4,1.0,1.0,0.0,1.0,bpi2019,native,always_compile_evict,10169489266.0,1.0,3.8,17.3,25427.8,23721.6,0.0,109003.5,19396.2,0.019,always_compile_evict,1.0
h=0.1/q0=0.4/p=1/r=1/sig=0,A_core,0.1,0.4,1.0,1.0,0.0,1.0,bpi2019,native,ours_evict,10169489266.0,1.0,3.8,17.3,25427.8,23721.6,0.0,109003.5,19396.2,0.019,always_compile_evict,1.0
h=0.1/q0=0.4/p=1/r=1/sig=0,A_core,0.1,0.4,1.0,1.0,0.0,1.0,bpi2019,native,ours_noinflate,10169489266.0,1.0,3.8,17.3,25427.8,23721.6,0.0,109003.5,19396.2,0.019,always_compile_evict,1.0
h=0.1/q0=0.4/p=1/r=1/sig=0,A_core,0.1,0.4,1.0,1.0,0.0,1.0,bpi2019,native,oracle_tax,19357140499.9,1.903453,49.2,49.5,432.6,383.4,0.0,1753.8,232.6,0.005,always_compile_evict,1.0
h=0.1/q0=0.4/p=1/r=1/sig=0,A_core,0.1,0.4,1.0,1.0,0.0,1.0,bpi2019,native,offline_taxblind,9629388297.423,0.94689,,,,,,,,,always_compile_evict,1.0
h=0.1/q0=0.4/p=1/r=1/sig=0,A_core,0.1,0.4,1.0,1.0,0.0,1.0,bpi2019,native,offline_opt_tax,9718057843.347,0.955609,,,,,,,,,always_compile_evict,1.0
h=0.1/q0=0.4/p=1/r=1/sig=0,A_core,0.1,0.4,1.0,1.0,0.0,1.0,sepsis,autorpa_233k,always_reactive,77101119.0,0.996888,0.0,0.0,0.0,0.0,0.0,0.0,0.0,0.005,always_reactive,0.953163
h=0.1/q0=0.4/p=1/r=1/sig=0,A_core,0.1,0.4,1.0,1.0,0.0,1.0,sepsis,autorpa_233k,always_compile_evict,80889743.0,1.045874,16.9,18.5,36.6,12.8,0.0,64.2,31.0,0.016,always_reactive,0.953163
h=0.1/q0=0.4/p=1/r=1/sig=0,A_core,0.1,0.4,1.0,1.0,0.0,1.0,sepsis,autorpa_233k,ours_evict,77341783.8,1.0,5.6,7.0,14.6,7.4,0.0,38.0,9.7,0.009,always_reactive,0.953163
h=0.1/q0=0.4/p=1/r=1/sig=0,A_core,0.1,0.4,1.0,1.0,0.0,1.0,sepsis,autorpa_233k,ours_noinflate,77341783.8,1.0,5.6,7.0,14.6,7.4,0.0,38.0,9.7,0.009,always_reactive,0.953163
h=0.1/q0=0.4/p=1/r=1/sig=0,A_core,0.1,0.4,1.0,1.0,0.0,1.0,sepsis,autorpa_233k,oracle_tax,76214256.5,0.985421,2.4,4.9,10.0,7.6,0.0,37.0,4.5,0.009,always_reactive,0.953163
h=0.1/q0=0.4/p=1/r=1/sig=0,A_core,0.1,0.4,1.0,1.0,0.0,1.0,sepsis,autorpa_233k,offline_taxblind,75899175.34,0.981348,,,,,,,,,always_reactive,0.953163
h=0.1/q0=0.4/p=1/r=1/sig=0,A_core,0.1,0.4,1.0,1.0,0.0,1.0,sepsis,autorpa_233k,offline_opt_tax,76226139.046,0.985575,,,,,,,,,always_reactive,0.953163
h=0.1/q0=0.4/p=1/r=1/sig=0,A_core,0.1,0.4,1.0,1.0,0.0,1.0,sepsis,native,always_reactive,77101119.0,1.065561,0.0,0.0,0.0,0.0,0.0,0.0,0.0,0.005,always_compile_evict,1.0
h=0.1/q0=0.4/p=1/r=1/sig=0,A_core,0.1,0.4,1.0,1.0,0.0,1.0,sepsis,native,always_compile_evict,72357272.5,1.0,3.2,9.4,36.6,12.8,0.0,64.2,1.3,0.01,always_compile_evict,1.0
h=0.1/q0=0.4/p=1/r=1/sig=0,A_core,0.1,0.4,1.0,1.0,0.0,1.0,sepsis,native,ours_evict,72357272.5,1.0,3.2,9.4,36.6,12.8,0.0,64.2,1.3,0.01,always_compile_evict,1.0
h=0.1/q0=0.4/p=1/r=1/sig=0,A_core,0.1,0.4,1.0,1.0,0.0,1.0,sepsis,native,ours_noinflate,72357272.5,1.0,3.2,9.4,36.6,12.8,0.0,64.2,1.3,0.01,always_compile_evict,1.0
h=0.1/q0=0.4/p=1/r=1/sig=0,A_core,0.1,0.4,1.0,1.0,0.0,1.0,sepsis,native,oracle_tax,72936920.2,1.008011,18.0,18.7,30.0,12.0,0.0,58.4,2.4,0.015,always_compile_evict,1.0
h=0.1/q0=0.4/p=1/r=1/sig=0,A_core,0.1,0.4,1.0,1.0,0.0,1.0,sepsis,native,offline_taxblind,48644774.34,0.672286,,,,,,,,,always_compile_evict,1.0
h=0.1/q0=0.4/p=1/r=1/sig=0,A_core,0.1,0.4,1.0,1.0,0.0,1.0,sepsis,native,offline_opt_tax,49018158.236,0.677446,,,,,,,,,always_compile_evict,1.0
h=0.1/q0=0.4/p=1/r=1/sig=0,A_core,0.1,0.4,1.0,1.0,0.0,1.0,wiki_A,autorpa_233k,always_reactive,5261420180.0,1.267754,0.0,0.0,0.0,0.0,0.0,0.0,0.0,0.005,ours_evict,0.993896
h=0.1/q0=0.4/p=1/r=1/sig=0,A_core,0.1,0.4,1.0,1.0,0.0,1.0,wiki_A,autorpa_233k,always_compile_evict,4175676705.5,1.006141,9.1,41.6,6543.9,6259.2,0.0,28790.1,6170.2,0.024,ours_evict,0.993896
h=0.1/q0=0.4/p=1/r=1/sig=0,A_core,0.1,0.4,1.0,1.0,0.0,1.0,wiki_A,autorpa_233k,ours_evict,4150190049.3,1.0,7.4,31.7,6295.6,6107.8,0.0,28092.9,5934.6,0.019,ours_evict,0.993896
h=0.1/q0=0.4/p=1/r=1/sig=0,A_core,0.1,0.4,1.0,1.0,0.0,1.0,wiki_A,autorpa_233k,ours_noinflate,4150190049.3,1.0,7.4,31.7,6295.6,6107.8,0.0,28092.9,5934.6,0.019,ours_evict,0.993896
h=0.1/q0=0.4/p=1/r=1/sig=0,A_core,0.1,0.4,1.0,1.0,0.0,1.0,wiki_A,autorpa_233k,oracle_tax,5207244649.1,1.2547,1.5,3.5,207.0,205.5,0.0,942.6,124.6,0.005,ours_evict,0.993896
h=0.1/q0=0.4/p=1/r=1/sig=0,A_core,0.1,0.4,1.0,1.0,0.0,1.0,wiki_A,autorpa_233k,offline_taxblind,4050889367.914,0.976073,,,,,,,,,ours_evict,0.993896
h=0.1/q0=0.4/p=1/r=1/sig=0,A_core,0.1,0.4,1.0,1.0,0.0,1.0,wiki_A,autorpa_233k,offline_opt_tax,4083753358.453,0.983992,,,,,,,,,ours_evict,0.993896
h=0.1/q0=0.4/p=1/r=1/sig=0,A_core,0.1,0.4,1.0,1.0,0.0,1.0,wiki_A,native,always_reactive,5261420180.0,1.957334,0.0,0.0,0.0,0.0,0.0,0.0,0.0,0.005,always_compile_evict,1.0
h=0.1/q0=0.4/p=1/r=1/sig=0,A_core,0.1,0.4,1.0,1.0,0.0,1.0,wiki_A,native,always_compile_evict,2688054382.0,1.0,3.8,12.4,6543.9,6259.2,0.0,28790.1,5302.6,0.016,always_compile_evict,1.0
h=0.1/q0=0.4/p=1/r=1/sig=0,A_core,0.1,0.4,1.0,1.0,0.0,1.0,wiki_A,native,ours_evict,2688054382.0,1.0,3.8,12.4,6543.9,6259.2,0.0,28790.1,5302.6,0.016,always_compile_evict,1.0
h=0.1/q0=0.4/p=1/r=1/sig=0,A_core,0.1,0.4,1.0,1.0,0.0,1.0,wiki_A,native,ours_noinflate,2688054382.0,1.0,3.8,12.4,6543.9,6259.2,0.0,28790.1,5302.6,0.016,always_compile_evict,1.0
h=0.1/q0=0.4/p=1/r=1/sig=0,A_core,0.1,0.4,1.0,1.0,0.0,1.0,wiki_A,native,oracle_tax,5060443542.5,1.882567,10.9,11.4,479.5,468.6,0.0,2118.1,260.2,0.005,always_compile_evict,1.0
h=0.1/q0=0.4/p=1/r=1/sig=0,A_core,0.1,0.4,1.0,1.0,0.0,1.0,wiki_A,native,offline_taxblind,2584536911.381,0.96149,,,,,,,,,always_compile_evict,1.0
h=0.1/q0=0.4/p=1/r=1/sig=0,A_core,0.1,0.4,1.0,1.0,0.0,1.0,wiki_A,native,offline_opt_tax,2599517242.285,0.967063,,,,,,,,,always_compile_evict,1.0
h=0.1/q0=0.4/p=1/r=1/sig=0,A_core,0.1,0.4,1.0,1.0,0.0,1.0,wiki_B,autorpa_233k,always_reactive,7373315056.0,0.978806,0.0,0.0,0.0,0.0,0.0,0.0,0.0,0.005,always_reactive,0.953229
h=0.1/q0=0.4/p=1/r=1/sig=0,A_core,0.1,0.4,1.0,1.0,0.0,1.0,wiki_B,autorpa_233k,always_compile_evict,7735089381.7,1.026832,58.5,76.8,4417.2,2859.2,0.0,12928.8,4241.3,0.062,always_reactive,0.953229
h=0.1/q0=0.4/p=1/r=1/sig=0,A_core,0.1,0.4,1.0,1.0,0.0,1.0,wiki_B,autorpa_233k,ours_evict,7532966741.5,1.0,48.5,65.8,3276.7,2342.0,0.0,10615.1,3130.3,0.049,always_reactive,0.953229
h=0.1/q0=0.4/p=1/r=1/sig=0,A_core,0.1,0.4,1.0,1.0,0.0,1.0,wiki_B,autorpa_233k,ours_noinflate,7532966741.5,1.0,48.5,65.8,3276.7,2342.0,0.0,10615.1,3130.3,0.049,always_reactive,0.953229
h=0.1/q0=0.4/p=1/r=1/sig=0,A_core,0.1,0.4,1.0,1.0,0.0,1.0,wiki_B,autorpa_233k,oracle_tax,7369080729.5,0.978244,3.8,6.0,43.2,39.4,0.0,178.0,25.5,0.005,always_reactive,0.953229
h=0.1/q0=0.4/p=1/r=1/sig=0,A_core,0.1,0.4,1.0,1.0,0.0,1.0,wiki_B,autorpa_233k,offline_taxblind,7009525478.997,0.930513,,,,,,,,,always_reactive,0.953229
h=0.1/q0=0.4/p=1/r=1/sig=0,A_core,0.1,0.4,1.0,1.0,0.0,1.0,wiki_B,autorpa_233k,offline_opt_tax,7124970864.764,0.945839,,,,,,,,,always_reactive,0.953229
h=0.1/q0=0.4/p=1/r=1/sig=0,A_core,0.1,0.4,1.0,1.0,0.0,1.0,wiki_B,native,always_reactive,7373315056.0,1.157964,0.0,0.0,0.0,0.0,0.0,0.0,0.0,0.005,always_compile_evict,1.0
h=0.1/q0=0.4/p=1/r=1/sig=0,A_core,0.1,0.4,1.0,1.0,0.0,1.0,wiki_B,native,always_compile_evict,6367482425.2,1.0,3.7,14.0,4417.2,2859.2,0.0,12928.8,1345.0,0.012,always_compile_evict,1.0
h=0.1/q0=0.4/p=1/r=1/sig=0,A_core,0.1,0.4,1.0,1.0,0.0,1.0,wiki_B,native,ours_evict,6367482425.2,1.0,3.7,14.0,4417.2,2859.2,0.0,12928.8,1345.0,0.012,always_compile_evict,1.0
h=0.1/q0=0.4/p=1/r=1/sig=0,A_core,0.1,0.4,1.0,1.0,0.0,1.0,wiki_B,native,ours_noinflate,6367482425.2,1.0,3.7,14.0,4417.2,2859.2,0.0,12928.8,1345.0,0.012,always_compile_evict,1.0
h=0.1/q0=0.4/p=1/r=1/sig=0,A_core,0.1,0.4,1.0,1.0,0.0,1.0,wiki_B,native,oracle_tax,7340775610.3,1.152854,61.3,61.9,174.7,113.4,0.0,509.0,68.3,0.006,always_compile_evict,1.0
h=0.1/q0=0.4/p=1/r=1/sig=0,A_core,0.1,0.4,1.0,1.0,0.0,1.0,wiki_B,native,offline_taxblind,4492307465.063,0.705508,,,,,,,,,always_compile_evict,1.0
h=0.1/q0=0.4/p=1/r=1/sig=0,A_core,0.1,0.4,1.0,1.0,0.0,1.0,wiki_B,native,offline_opt_tax,4507664897.301,0.707919,,,,,,,,,always_compile_evict,1.0
h=0.1/q0=0.4/p=1/r=2.2/sig=0,C_rfb,0.1,0.4,1.0,2.2,0.0,1.0,bpi2019,autorpa_233k,always_reactive,19497801224.0,1.0,0.0,0.0,0.0,0.0,0.0,0.0,0.0,0.005,always_reactive,0.73099
h=0.1/q0=0.4/p=1/r=2.2/sig=0,C_rfb,0.1,0.4,1.0,2.2,0.0,1.0,bpi2019,autorpa_233k,always_compile_evict,26673134953.291,1.368007,42.1,69.4,25427.8,23721.6,0.0,109003.5,25427.8,0.039,always_reactive,0.73099
h=0.1/q0=0.4/p=1/r=2.2/sig=0,C_rfb,0.1,0.4,1.0,2.2,0.0,1.0,bpi2019,autorpa_233k,ours_evict,19497801224.0,1.0,0.0,0.0,0.0,0.0,0.0,0.0,0.0,0.005,always_reactive,0.73099
h=0.1/q0=0.4/p=1/r=2.2/sig=0,C_rfb,0.1,0.4,1.0,2.2,0.0,1.0,bpi2019,autorpa_233k,ours_noinflate,19497801224.0,1.0,0.0,0.0,0.0,0.0,0.0,0.0,0.0,0.005,always_reactive,0.73099
h=0.1/q0=0.4/p=1/r=2.2/sig=0,C_rfb,0.1,0.4,1.0,2.2,0.0,1.0,bpi2019,autorpa_233k,oracle_tax,19497801224.0,1.0,0.0,0.0,0.0,0.0,0.0,0.0,0.0,0.005,always_reactive,0.73099
h=0.1/q0=0.4/p=1/r=2.2/sig=0,C_rfb,0.1,0.4,1.0,2.2,0.0,1.0,bpi2019,autorpa_233k,offline_taxblind,19497801224.0,1.0,,,,,,,,,always_reactive,0.73099
h=0.1/q0=0.4/p=1/r=2.2/sig=0,C_rfb,0.1,0.4,1.0,2.2,0.0,1.0,bpi2019,autorpa_233k,offline_opt_tax,19497801224.0,1.0,,,,,,,,,always_reactive,0.73099
h=0.1/q0=0.4/p=1/r=2.2/sig=0,C_rfb,0.1,0.4,1.0,2.2,0.0,1.0,bpi2019,native,always_reactive,19497801224.0,1.0,0.0,0.0,0.0,0.0,0.0,0.0,0.0,0.005,always_reactive,0.96134
h=0.1/q0=0.4/p=1/r=2.2/sig=0,C_rfb,0.1,0.4,1.0,2.2,0.0,1.0,bpi2019,native,always_compile_evict,20281909899.896,1.040215,3.8,17.3,25427.8,23721.6,0.0,109003.5,25427.8,0.01,always_reactive,0.96134
h=0.1/q0=0.4/p=1/r=2.2/sig=0,C_rfb,0.1,0.4,1.0,2.2,0.0,1.0,bpi2019,native,ours_evict,19497801224.0,1.0,0.0,0.0,0.0,0.0,0.0,0.0,0.0,0.005,always_reactive,0.96134
h=0.1/q0=0.4/p=1/r=2.2/sig=0,C_rfb,0.1,0.4,1.0,2.2,0.0,1.0,bpi2019,native,ours_noinflate,19497801224.0,1.0,0.0,0.0,0.0,0.0,0.0,0.0,0.0,0.005,always_reactive,0.96134
h=0.1/q0=0.4/p=1/r=2.2/sig=0,C_rfb,0.1,0.4,1.0,2.2,0.0,1.0,bpi2019,native,oracle_tax,19497801224.0,1.0,0.0,0.0,0.0,0.0,0.0,0.0,0.0,0.005,always_reactive,0.96134
h=0.1/q0=0.4/p=1/r=2.2/sig=0,C_rfb,0.1,0.4,1.0,2.2,0.0,1.0,bpi2019,native,offline_taxblind,19497801224.0,1.0,,,,,,,,,always_reactive,0.96134
h=0.1/q0=0.4/p=1/r=2.2/sig=0,C_rfb,0.1,0.4,1.0,2.2,0.0,1.0,bpi2019,native,offline_opt_tax,19497801224.0,1.0,,,,,,,,,always_reactive,0.96134
h=0.1/q0=0.4/p=1/r=2.2/sig=0,C_rfb,0.1,0.4,1.0,2.2,0.0,1.0,sepsis,autorpa_233k,always_reactive,77101119.0,1.0,0.0,0.0,0.0,0.0,0.0,0.0,0.0,0.005,always_reactive,0.891263
h=0.1/q0=0.4/p=1/r=2.2/sig=0,C_rfb,0.1,0.4,1.0,2.2,0.0,1.0,sepsis,autorpa_233k,always_compile_evict,86507743.76,1.122004,16.9,18.5,36.6,12.8,0.0,64.2,36.6,0.015,always_reactive,0.891263
h=0.1/q0=0.4/p=1/r=2.2/sig=0,C_rfb,0.1,0.4,1.0,2.2,0.0,1.0,sepsis,autorpa_233k,ours_evict,77101119.0,1.0,0.0,0.0,0.0,0.0,0.0,0.0,0.0,0.005,always_reactive,0.891263
h=0.1/q0=0.4/p=1/r=2.2/sig=0,C_rfb,0.1,0.4,1.0,2.2,0.0,1.0,sepsis,autorpa_233k,ours_noinflate,77101119.0,1.0,0.0,0.0,0.0,0.0,0.0,0.0,0.0,0.005,always_reactive,0.891263
h=0.1/q0=0.4/p=1/r=2.2/sig=0,C_rfb,0.1,0.4,1.0,2.2,0.0,1.0,sepsis,autorpa_233k,oracle_tax,77101119.0,1.0,0.0,0.0,0.0,0.0,0.0,0.0,0.0,0.005,always_reactive,0.891263
h=0.1/q0=0.4/p=1/r=2.2/sig=0,C_rfb,0.1,0.4,1.0,2.2,0.0,1.0,sepsis,autorpa_233k,offline_taxblind,77101119.0,1.0,,,,,,,,,always_reactive,0.891263
h=0.1/q0=0.4/p=1/r=2.2/sig=0,C_rfb,0.1,0.4,1.0,2.2,0.0,1.0,sepsis,autorpa_233k,offline_opt_tax,77101119.0,1.0,,,,,,,,,always_reactive,0.891263
h=0.1/q0=0.4/p=1/r=2.2/sig=0,C_rfb,0.1,0.4,1.0,2.2,0.0,1.0,sepsis,native,always_reactive,77101119.0,1.0,0.0,0.0,0.0,0.0,0.0,0.0,0.0,0.005,always_reactive,0.988789
h=0.1/q0=0.4/p=1/r=2.2/sig=0,C_rfb,0.1,0.4,1.0,2.2,0.0,1.0,sepsis,native,always_compile_evict,77975273.26,1.011338,3.2,9.4,36.6,12.8,0.0,64.2,36.6,0.01,always_reactive,0.988789
h=0.1/q0=0.4/p=1/r=2.2/sig=0,C_rfb,0.1,0.4,1.0,2.2,0.0,1.0,sepsis,native,ours_evict,77101119.0,1.0,0.0,0.0,0.0,0.0,0.0,0.0,0.0,0.005,always_reactive,0.988789
h=0.1/q0=0.4/p=1/r=2.2/sig=0,C_rfb,0.1,0.4,1.0,2.2,0.0,1.0,sepsis,native,ours_noinflate,77101119.0,1.0,0.0,0.0,0.0,0.0,0.0,0.0,0.0,0.005,always_reactive,0.988789
h=0.1/q0=0.4/p=1/r=2.2/sig=0,C_rfb,0.1,0.4,1.0,2.2,0.0,1.0,sepsis,native,oracle_tax,77101119.0,1.0,0.0,0.0,0.0,0.0,0.0,0.0,0.0,0.005,always_reactive,0.988789
h=0.1/q0=0.4/p=1/r=2.2/sig=0,C_rfb,0.1,0.4,1.0,2.2,0.0,1.0,sepsis,native,offline_taxblind,77101119.0,1.0,,,,,,,,,always_reactive,0.988789
h=0.1/q0=0.4/p=1/r=2.2/sig=0,C_rfb,0.1,0.4,1.0,2.2,0.0,1.0,sepsis,native,offline_opt_tax,77101119.0,1.0,,,,,,,,,always_reactive,0.988789
h=0.1/q0=0.4/p=1/r=2.2/sig=0,C_rfb,0.1,0.4,1.0,2.2,0.0,1.0,wiki_A,autorpa_233k,always_reactive,5261420180.0,1.0,0.0,0.0,0.0,0.0,0.0,0.0,0.0,0.005,always_reactive,0.75756
h=0.1/q0=0.4/p=1/r=2.2/sig=0,C_rfb,0.1,0.4,1.0,2.2,0.0,1.0,wiki_A,autorpa_233k,always_compile_evict,6945215148.379,1.320027,9.1,41.6,6543.9,6259.2,0.0,28790.1,6543.9,0.015,always_reactive,0.75756
h=0.1/q0=0.4/p=1/r=2.2/sig=0,C_rfb,0.1,0.4,1.0,2.2,0.0,1.0,wiki_A,autorpa_233k,ours_evict,5261420180.0,1.0,0.0,0.0,0.0,0.0,0.0,0.0,0.0,0.005,always_reactive,0.75756
h=0.1/q0=0.4/p=1/r=2.2/sig=0,C_rfb,0.1,0.4,1.0,2.2,0.0,1.0,wiki_A,autorpa_233k,ours_noinflate,5261420180.0,1.0,0.0,0.0,0.0,0.0,0.0,0.0,0.0,0.005,always_reactive,0.75756
h=0.1/q0=0.4/p=1/r=2.2/sig=0,C_rfb,0.1,0.4,1.0,2.2,0.0,1.0,wiki_A,autorpa_233k,oracle_tax,5261420180.0,1.0,0.0,0.0,0.0,0.0,0.0,0.0,0.0,0.005,always_reactive,0.75756
h=0.1/q0=0.4/p=1/r=2.2/sig=0,C_rfb,0.1,0.4,1.0,2.2,0.0,1.0,wiki_A,autorpa_233k,offline_taxblind,5261420180.0,1.0,,,,,,,,,always_reactive,0.75756
h=0.1/q0=0.4/p=1/r=2.2/sig=0,C_rfb,0.1,0.4,1.0,2.2,0.0,1.0,wiki_A,autorpa_233k,offline_opt_tax,5261420180.0,1.0,,,,,,,,,always_reactive,0.75756
h=0.1/q0=0.4/p=1/r=2.2/sig=0,C_rfb,0.1,0.4,1.0,2.2,0.0,1.0,wiki_A,native,always_reactive,5261420180.0,1.0,0.0,0.0,0.0,0.0,0.0,0.0,0.0,0.005,always_reactive,0.964055
h=0.1/q0=0.4/p=1/r=2.2/sig=0,C_rfb,0.1,0.4,1.0,2.2,0.0,1.0,wiki_A,native,always_compile_evict,5457592824.879,1.037285,3.8,12.4,6543.9,6259.2,0.0,28790.1,6543.9,0.008,always_reactive,0.964055
h=0.1/q0=0.4/p=1/r=2.2/sig=0,C_rfb,0.1,0.4,1.0,2.2,0.0,1.0,wiki_A,native,ours_evict,5261420180.0,1.0,0.0,0.0,0.0,0.0,0.0,0.0,0.0,0.005,always_reactive,0.964055
h=0.1/q0=0.4/p=1/r=2.2/sig=0,C_rfb,0.1,0.4,1.0,2.2,0.0,1.0,wiki_A,native,ours_noinflate,5261420180.0,1.0,0.0,0.0,0.0,0.0,0.0,0.0,0.0,0.005,always_reactive,0.964055
h=0.1/q0=0.4/p=1/r=2.2/sig=0,C_rfb,0.1,0.4,1.0,2.2,0.0,1.0,wiki_A,native,oracle_tax,5261420180.0,1.0,0.0,0.0,0.0,0.0,0.0,0.0,0.0,0.005,always_reactive,0.964055
h=0.1/q0=0.4/p=1/r=2.2/sig=0,C_rfb,0.1,0.4,1.0,2.2,0.0,1.0,wiki_A,native,offline_taxblind,5261420180.0,1.0,,,,,,,,,always_reactive,0.964055
h=0.1/q0=0.4/p=1/r=2.2/sig=0,C_rfb,0.1,0.4,1.0,2.2,0.0,1.0,wiki_A,native,offline_opt_tax,5261420180.0,1.0,,,,,,,,,always_reactive,0.964055
h=0.1/q0=0.4/p=1/r=2.2/sig=0,C_rfb,0.1,0.4,1.0,2.2,0.0,1.0,wiki_B,autorpa_233k,always_reactive,7373315056.0,1.0,0.0,0.0,0.0,0.0,0.0,0.0,0.0,0.005,always_reactive,0.83049
h=0.1/q0=0.4/p=1/r=2.2/sig=0,C_rfb,0.1,0.4,1.0,2.2,0.0,1.0,wiki_B,autorpa_233k,always_compile_evict,8878272798.46,1.204109,58.5,76.8,4417.2,2859.2,0.0,12928.8,4417.2,0.054,always_reactive,0.83049
h=0.1/q0=0.4/p=1/r=2.2/sig=0,C_rfb,0.1,0.4,1.0,2.2,0.0,1.0,wiki_B,autorpa_233k,ours_evict,7373315056.0,1.0,0.0,0.0,0.0,0.0,0.0,0.0,0.0,0.005,always_reactive,0.83049
h=0.1/q0=0.4/p=1/r=2.2/sig=0,C_rfb,0.1,0.4,1.0,2.2,0.0,1.0,wiki_B,autorpa_233k,ours_noinflate,7373315056.0,1.0,0.0,0.0,0.0,0.0,0.0,0.0,0.0,0.005,always_reactive,0.83049
h=0.1/q0=0.4/p=1/r=2.2/sig=0,C_rfb,0.1,0.4,1.0,2.2,0.0,1.0,wiki_B,autorpa_233k,oracle_tax,7373315056.0,1.0,0.0,0.0,0.0,0.0,0.0,0.0,0.0,0.005,always_reactive,0.83049
h=0.1/q0=0.4/p=1/r=2.2/sig=0,C_rfb,0.1,0.4,1.0,2.2,0.0,1.0,wiki_B,autorpa_233k,offline_taxblind,7373315056.0,1.0,,,,,,,,,always_reactive,0.83049
h=0.1/q0=0.4/p=1/r=2.2/sig=0,C_rfb,0.1,0.4,1.0,2.2,0.0,1.0,wiki_B,autorpa_233k,offline_opt_tax,7373315056.0,1.0,,,,,,,,,always_reactive,0.83049
h=0.1/q0=0.4/p=1/r=2.2/sig=0,C_rfb,0.1,0.4,1.0,2.2,0.0,1.0,wiki_B,native,always_reactive,7373315056.0,1.0,0.0,0.0,0.0,0.0,0.0,0.0,0.0,0.005,always_reactive,0.981713
h=0.1/q0=0.4/p=1/r=2.2/sig=0,C_rfb,0.1,0.4,1.0,2.2,0.0,1.0,wiki_B,native,always_compile_evict,7510665841.96,1.018628,3.7,14.0,4417.2,2859.2,0.0,12928.8,4417.2,0.01,always_reactive,0.981713
h=0.1/q0=0.4/p=1/r=2.2/sig=0,C_rfb,0.1,0.4,1.0,2.2,0.0,1.0,wiki_B,native,ours_evict,7373315056.0,1.0,0.0,0.0,0.0,0.0,0.0,0.0,0.0,0.005,always_reactive,0.981713
h=0.1/q0=0.4/p=1/r=2.2/sig=0,C_rfb,0.1,0.4,1.0,2.2,0.0,1.0,wiki_B,native,ours_noinflate,7373315056.0,1.0,0.0,0.0,0.0,0.0,0.0,0.0,0.0,0.005,always_reactive,0.981713
h=0.1/q0=0.4/p=1/r=2.2/sig=0,C_rfb,0.1,0.4,1.0,2.2,0.0,1.0,wiki_B,native,oracle_tax,7373315056.0,1.0,0.0,0.0,0.0,0.0,0.0,0.0,0.0,0.005,always_reactive,0.981713
h=0.1/q0=0.4/p=1/r=2.2/sig=0,C_rfb,0.1,0.4,1.0,2.2,0.0,1.0,wiki_B,native,offline_taxblind,7373315056.0,1.0,,,,,,,,,always_reactive,0.981713
h=0.1/q0=0.4/p=1/r=2.2/sig=0,C_rfb,0.1,0.4,1.0,2.2,0.0,1.0,wiki_B,native,offline_opt_tax,7373315056.0,1.0,,,,,,,,,always_reactive,0.981713
h=0.1/q0=0.6/p=0.3/r=1/sig=0,B_q0,0.1,0.6,0.3,1.0,0.0,1.0,bpi2019,autorpa_233k,always_reactive,19497801224.0,1.0,0.0,0.0,0.0,0.0,0.0,0.0,0.0,0.005,always_reactive,0.617011
h=0.1/q0=0.6/p=0.3/r=1/sig=0,B_q0,0.1,0.6,0.3,1.0,0.0,1.0,bpi2019,autorpa_233k,always_compile_evict,31600406898.3,1.620716,64.9,110.0,66813.4,19033.1,0.0,121702.1,66751.0,0.059,always_reactive,0.617011
h=0.1/q0=0.6/p=0.3/r=1/sig=0,B_q0,0.1,0.6,0.3,1.0,0.0,1.0,bpi2019,autorpa_233k,ours_evict,19497801224.0,1.0,0.0,0.0,0.0,0.0,0.0,0.0,0.0,0.005,always_reactive,0.617011
h=0.1/q0=0.6/p=0.3/r=1/sig=0,B_q0,0.1,0.6,0.3,1.0,0.0,1.0,bpi2019,autorpa_233k,ours_noinflate,19497801224.0,1.0,0.0,0.0,0.0,0.0,0.0,0.0,0.0,0.005,always_reactive,0.617011
h=0.1/q0=0.6/p=0.3/r=1/sig=0,B_q0,0.1,0.6,0.3,1.0,0.0,1.0,bpi2019,autorpa_233k,oracle_tax,19497801224.0,1.0,0.0,0.0,0.0,0.0,0.0,0.0,0.0,0.005,always_reactive,0.617011
h=0.1/q0=0.6/p=0.3/r=1/sig=0,B_q0,0.1,0.6,0.3,1.0,0.0,1.0,bpi2019,autorpa_233k,offline_taxblind,19497801224.0,1.0,,,,,,,,,always_reactive,0.617011
h=0.1/q0=0.6/p=0.3/r=1/sig=0,B_q0,0.1,0.6,0.3,1.0,0.0,1.0,bpi2019,autorpa_233k,offline_opt_tax,19497801224.0,1.0,,,,,,,,,always_reactive,0.617011
h=0.1/q0=0.6/p=0.3/r=1/sig=0,B_q0,0.1,0.6,0.3,1.0,0.0,1.0,bpi2019,native,always_reactive,19497801224.0,1.262342,0.0,0.0,0.0,0.0,0.0,0.0,0.0,0.005,always_compile_evict,1.0
h=0.1/q0=0.6/p=0.3/r=1/sig=0,B_q0,0.1,0.6,0.3,1.0,0.0,1.0,bpi2019,native,always_compile_evict,15438773003.3,0.999549,4.7,22.7,66813.4,19033.1,0.0,121702.1,64290.6,0.019,always_compile_evict,1.0
h=0.1/q0=0.6/p=0.3/r=1/sig=0,B_q0,0.1,0.6,0.3,1.0,0.0,1.0,bpi2019,native,ours_evict,19365247153.6,1.25376,0.1,7.6,4601.9,815.4,0.0,5186.7,3318.4,0.005,always_compile_evict,1.0
h=0.1/q0=0.6/p=0.3/r=1/sig=0,B_q0,0.1,0.6,0.3,1.0,0.0,1.0,bpi2019,native,ours_noinflate,15445738367.7,1.0,5.2,23.1,66334.5,18972.9,0.0,121319.1,63946.2,0.019,always_compile_evict,1.0
h=0.1/q0=0.6/p=0.3/r=1/sig=0,B_q0,0.1,0.6,0.3,1.0,0.0,1.0,bpi2019,native,oracle_tax,19462729749.6,1.260071,14.7,21.1,621.4,175.1,0.0,1075.8,504.8,0.005,always_compile_evict,1.0
h=0.1/q0=0.6/p=0.3/r=1/sig=0,B_q0,0.1,0.6,0.3,1.0,0.0,1.0,bpi2019,native,offline_taxblind,14127656440.401,0.914664,,,,,,,,,always_compile_evict,1.0
h=0.1/q0=0.6/p=0.3/r=1/sig=0,B_q0,0.1,0.6,0.3,1.0,0.0,1.0,bpi2019,native,offline_opt_tax,14327823607.298,0.927623,,,,,,,,,always_compile_evict,1.0
h=0.1/q0=0.6/p=0.3/r=1/sig=0,B_q0,0.1,0.6,0.3,1.0,0.0,1.0,sepsis,autorpa_233k,always_reactive,77101119.0,1.0,0.0,0.0,0.0,0.0,0.0,0.0,0.0,0.005,always_reactive,0.834223
h=0.1/q0=0.6/p=0.3/r=1/sig=0,B_q0,0.1,0.6,0.3,1.0,0.0,1.0,sepsis,autorpa_233k,always_compile_evict,92422689.5,1.19872,11.4,12.0,73.6,8.2,0.0,57.3,71.5,0.01,always_reactive,0.834223
h=0.1/q0=0.6/p=0.3/r=1/sig=0,B_q0,0.1,0.6,0.3,1.0,0.0,1.0,sepsis,autorpa_233k,ours_evict,77101119.0,1.0,0.0,0.0,0.0,0.0,0.0,0.0,0.0,0.005,always_reactive,0.834223
h=0.1/q0=0.6/p=0.3/r=1/sig=0,B_q0,0.1,0.6,0.3,1.0,0.0,1.0,sepsis,autorpa_233k,ours_noinflate,77101119.0,1.0,0.0,0.0,0.0,0.0,0.0,0.0,0.0,0.005,always_reactive,0.834223
h=0.1/q0=0.6/p=0.3/r=1/sig=0,B_q0,0.1,0.6,0.3,1.0,0.0,1.0,sepsis,autorpa_233k,oracle_tax,77101119.0,1.0,0.0,0.0,0.0,0.0,0.0,0.0,0.0,0.005,always_reactive,0.834223
h=0.1/q0=0.6/p=0.3/r=1/sig=0,B_q0,0.1,0.6,0.3,1.0,0.0,1.0,sepsis,autorpa_233k,offline_taxblind,77101119.0,1.0,,,,,,,,,always_reactive,0.834223
h=0.1/q0=0.6/p=0.3/r=1/sig=0,B_q0,0.1,0.6,0.3,1.0,0.0,1.0,sepsis,autorpa_233k,offline_opt_tax,77101119.0,1.0,,,,,,,,,always_reactive,0.834223
h=0.1/q0=0.6/p=0.3/r=1/sig=0,B_q0,0.1,0.6,0.3,1.0,0.0,1.0,sepsis,native,always_reactive,77101119.0,1.01236,0.0,0.0,0.0,0.0,0.0,0.0,0.0,0.005,ours_noinflate,0.99888
h=0.1/q0=0.6/p=0.3/r=1/sig=0,B_q0,0.1,0.6,0.3,1.0,0.0,1.0,sepsis,native,always_compile_evict,76245132.8,1.001121,7.9,9.6,73.6,8.2,0.0,57.3,57.7,0.01,ours_noinflate,0.99888
h=0.1/q0=0.6/p=0.3/r=1/sig=0,B_q0,0.1,0.6,0.3,1.0,0.0,1.0,sepsis,native,ours_evict,76659684.4,1.006564,4.8,6.4,40.0,3.9,0.0,32.0,30.4,0.008,ours_noinflate,0.99888
h=0.1/q0=0.6/p=0.3/r=1/sig=0,B_q0,0.1,0.6,0.3,1.0,0.0,1.0,sepsis,native,ours_noinflate,76159758.0,1.0,7.1,8.9,65.1,7.8,0.0,54.6,50.2,0.01,ours_noinflate,0.99888
h=0.1/q0=0.6/p=0.3/r=1/sig=0,B_q0,0.1,0.6,0.3,1.0,0.0,1.0,sepsis,native,oracle_tax,76055729.9,0.998634,4.3,5.7,40.6,6.7,0.0,48.3,30.4,0.009,ours_noinflate,0.99888
h=0.1/q0=0.6/p=0.3/r=1/sig=0,B_q0,0.1,0.6,0.3,1.0,0.0,1.0,sepsis,native,offline_taxblind,73959504.128,0.97111,,,,,,,,,ours_noinflate,0.99888
h=0.1/q0=0.6/p=0.3/r=1/sig=0,B_q0,0.1,0.6,0.3,1.0,0.0,1.0,sepsis,native,offline_opt_tax,74901996.233,0.983485,,,,,,,,,ours_noinflate,0.99888
h=0.1/q0=0.6/p=0.3/r=1/sig=0,B_q0,0.1,0.6,0.3,1.0,0.0,1.0,wiki_A,autorpa_233k,always_reactive,5261420180.0,1.0,0.0,0.0,0.0,0.0,0.0,0.0,0.0,0.005,always_reactive,0.659427
h=0.1/q0=0.6/p=0.3/r=1/sig=0,B_q0,0.1,0.6,0.3,1.0,0.0,1.0,wiki_A,autorpa_233k,always_compile_evict,7978773085.6,1.516468,22.2,53.2,17364.1,5043.7,0.0,32269.0,17206.6,0.017,always_reactive,0.659427
h=0.1/q0=0.6/p=0.3/r=1/sig=0,B_q0,0.1,0.6,0.3,1.0,0.0,1.0,wiki_A,autorpa_233k,ours_evict,5261420180.0,1.0,0.0,0.0,0.0,0.0,0.0,0.0,0.0,0.005,always_reactive,0.659427
h=0.1/q0=0.6/p=0.3/r=1/sig=0,B_q0,0.1,0.6,0.3,1.0,0.0,1.0,wiki_A,autorpa_233k,ours_noinflate,5261420180.0,1.0,0.0,0.0,0.0,0.0,0.0,0.0,0.0,0.005,always_reactive,0.659427
h=0.1/q0=0.6/p=0.3/r=1/sig=0,B_q0,0.1,0.6,0.3,1.0,0.0,1.0,wiki_A,autorpa_233k,oracle_tax,5261420180.0,1.0,0.0,0.0,0.0,0.0,0.0,0.0,0.0,0.005,always_reactive,0.659427
h=0.1/q0=0.6/p=0.3/r=1/sig=0,B_q0,0.1,0.6,0.3,1.0,0.0,1.0,wiki_A,autorpa_233k,offline_taxblind,5261420180.0,1.0,,,,,,,,,always_reactive,0.659427
h=0.1/q0=0.6/p=0.3/r=1/sig=0,B_q0,0.1,0.6,0.3,1.0,0.0,1.0,wiki_A,autorpa_233k,offline_opt_tax,5261420180.0,1.0,,,,,,,,,always_reactive,0.659427
h=0.1/q0=0.6/p=0.3/r=1/sig=0,B_q0,0.1,0.6,0.3,1.0,0.0,1.0,wiki_A,native,always_reactive,5261420180.0,1.283631,0.0,0.0,0.0,0.0,0.0,0.0,0.0,0.005,always_compile_evict,1.0
h=0.1/q0=0.6/p=0.3/r=1/sig=0,B_q0,0.1,0.6,0.3,1.0,0.0,1.0,wiki_A,native,always_compile_evict,4097545341.7,0.99968,2.9,17.3,17364.1,5043.7,0.0,32269.0,16647.5,0.012,always_compile_evict,1.0
h=0.1/q0=0.6/p=0.3/r=1/sig=0,B_q0,0.1,0.6,0.3,1.0,0.0,1.0,wiki_A,native,ours_evict,5233362210.5,1.276786,0.0,7.5,858.1,163.7,0.0,1057.7,631.0,0.005,always_compile_evict,1.0
h=0.1/q0=0.6/p=0.3/r=1/sig=0,B_q0,0.1,0.6,0.3,1.0,0.0,1.0,wiki_A,native,ours_noinflate,4098856722.2,1.0,3.3,17.3,17311.3,5034.2,0.0,32204.8,16607.1,0.012,always_compile_evict,1.0
h=0.1/q0=0.6/p=0.3/r=1/sig=0,B_q0,0.1,0.6,0.3,1.0,0.0,1.0,wiki_A,native,oracle_tax,5207316672.2,1.270431,2.8,4.9,690.8,200.6,0.0,1293.7,581.2,0.005,always_compile_evict,1.0
h=0.1/q0=0.6/p=0.3/r=1/sig=0,B_q0,0.1,0.6,0.3,1.0,0.0,1.0,wiki_A,native,offline_taxblind,3778923028.356,0.921946,,,,,,,,,always_compile_evict,1.0
h=0.1/q0=0.6/p=0.3/r=1/sig=0,B_q0,0.1,0.6,0.3,1.0,0.0,1.0,wiki_A,native,offline_opt_tax,3800245896.076,0.927148,,,,,,,,,always_compile_evict,1.0
h=0.1/q0=0.6/p=0.3/r=1/sig=0,B_q0,0.1,0.6,0.3,1.0,0.0,1.0,wiki_B,autorpa_233k,always_reactive,7373315056.0,1.0,0.0,0.0,0.0,0.0,0.0,0.0,0.0,0.005,always_reactive,0.744353
h=0.1/q0=0.6/p=0.3/r=1/sig=0,B_q0,0.1,0.6,0.3,1.0,0.0,1.0,wiki_B,autorpa_233k,always_compile_evict,9905671240.3,1.343449,104.6,118.5,10149.8,2137.0,0.0,13439.5,10107.1,0.076,always_reactive,0.744353
h=0.1/q0=0.6/p=0.3/r=1/sig=0,B_q0,0.1,0.6,0.3,1.0,0.0,1.0,wiki_B,autorpa_233k,ours_evict,7373315056.0,1.0,0.0,0.0,0.0,0.0,0.0,0.0,0.0,0.005,always_reactive,0.744353
h=0.1/q0=0.6/p=0.3/r=1/sig=0,B_q0,0.1,0.6,0.3,1.0,0.0,1.0,wiki_B,autorpa_233k,ours_noinflate,7373315056.0,1.0,0.0,0.0,0.0,0.0,0.0,0.0,0.0,0.005,always_reactive,0.744353
h=0.1/q0=0.6/p=0.3/r=1/sig=0,B_q0,0.1,0.6,0.3,1.0,0.0,1.0,wiki_B,autorpa_233k,oracle_tax,7373315056.0,1.0,0.0,0.0,0.0,0.0,0.0,0.0,0.0,0.005,always_reactive,0.744353
h=0.1/q0=0.6/p=0.3/r=1/sig=0,B_q0,0.1,0.6,0.3,1.0,0.0,1.0,wiki_B,autorpa_233k,offline_taxblind,7373315056.0,1.0,,,,,,,,,always_reactive,0.744353
h=0.1/q0=0.6/p=0.3/r=1/sig=0,B_q0,0.1,0.6,0.3,1.0,0.0,1.0,wiki_B,autorpa_233k,offline_opt_tax,7373315056.0,1.0,,,,,,,,,always_reactive,0.744353
h=0.1/q0=0.6/p=0.3/r=1/sig=0,B_q0,0.1,0.6,0.3,1.0,0.0,1.0,wiki_B,native,always_reactive,7373315056.0,1.043964,0.0,0.0,0.0,0.0,0.0,0.0,0.0,0.005,always_compile_evict,1.0
h=0.1/q0=0.6/p=0.3/r=1/sig=0,B_q0,0.1,0.6,0.3,1.0,0.0,1.0,wiki_B,native,always_compile_evict,7061665898.9,0.999839,11.0,24.3,10149.8,2137.0,0.0,13439.5,8735.9,0.018,always_compile_evict,1.0
h=0.1/q0=0.6/p=0.3/r=1/sig=0,B_q0,0.1,0.6,0.3,1.0,0.0,1.0,wiki_B,native,ours_evict,7309631817.6,1.034948,1.8,10.6,3818.8,565.2,0.0,3550.3,2857.2,0.008,always_compile_evict,1.0
h=0.1/q0=0.6/p=0.3/r=1/sig=0,B_q0,0.1,0.6,0.3,1.0,0.0,1.0,wiki_B,native,ours_noinflate,7062802674.2,1.0,10.8,23.8,9975.9,2115.9,0.0,13308.8,8603.7,0.018,always_compile_evict,1.0
h=0.1/q0=0.6/p=0.3/r=1/sig=0,B_q0,0.1,0.6,0.3,1.0,0.0,1.0,wiki_B,native,oracle_tax,7365986510.0,1.042927,8.8,11.4,191.7,47.4,0.0,291.1,153.2,0.005,always_compile_evict,1.0
h=0.1/q0=0.6/p=0.3/r=1/sig=0,B_q0,0.1,0.6,0.3,1.0,0.0,1.0,wiki_B,native,offline_taxblind,6764588622.998,0.957777,,,,,,,,,always_compile_evict,1.0
h=0.1/q0=0.6/p=0.3/r=1/sig=0,B_q0,0.1,0.6,0.3,1.0,0.0,1.0,wiki_B,native,offline_opt_tax,6809494242.559,0.964135,,,,,,,,,always_compile_evict,1.0
h=0.1/q0=0.6/p=1/r=1/sig=0,B_q0,0.1,0.6,1.0,1.0,0.0,1.0,bpi2019,autorpa_233k,always_reactive,19497801224.0,1.040233,0.0,0.0,0.0,0.0,0.0,0.0,0.0,0.005,ours_evict,0.943837
h=0.1/q0=0.6/p=1/r=1/sig=0,B_q0,0.1,0.6,1.0,1.0,0.0,1.0,bpi2019,autorpa_233k,always_compile_evict,19859031815.2,1.059505,42.1,69.4,25427.8,23721.6,0.0,151647.2,25285.1,0.052,ours_evict,0.943837
h=0.1/q0=0.6/p=1/r=1/sig=0,B_q0,0.1,0.6,1.0,1.0,0.0,1.0,bpi2019,autorpa_233k,ours_evict,18743689542.7,1.0,14.9,25.8,13454.5,12851.9,0.0,82342.4,13303.0,0.021,ours_evict,0.943837
h=0.1/q0=0.6/p=1/r=1/sig=0,B_q0,0.1,0.6,1.0,1.0,0.0,1.0,bpi2019,autorpa_233k,ours_noinflate,18743689542.7,1.0,14.9,25.8,13454.5,12851.9,0.0,82342.4,13303.0,0.021,ours_evict,0.943837
h=0.1/q0=0.6/p=1/r=1/sig=0,B_q0,0.1,0.6,1.0,1.0,0.0,1.0,bpi2019,autorpa_233k,oracle_tax,19495437382.0,1.040107,3.1,5.3,31.7,28.6,0.0,195.3,17.2,0.005,ours_evict,0.943837
h=0.1/q0=0.6/p=1/r=1/sig=0,B_q0,0.1,0.6,1.0,1.0,0.0,1.0,bpi2019,autorpa_233k,offline_taxblind,18285202908.715,0.975539,,,,,,,,,ours_evict,0.943837
h=0.1/q0=0.6/p=1/r=1/sig=0,B_q0,0.1,0.6,1.0,1.0,0.0,1.0,bpi2019,autorpa_233k,offline_opt_tax,18400510064.037,0.981691,,,,,,,,,ours_evict,0.943837
h=0.1/q0=0.6/p=1/r=1/sig=0,B_q0,0.1,0.6,1.0,1.0,0.0,1.0,bpi2019,native,always_reactive,19497801224.0,1.447734,0.0,0.0,0.0,0.0,0.0,0.0,0.0,0.005,always_compile_evict,1.0
h=0.1/q0=0.6/p=1/r=1/sig=0,B_q0,0.1,0.6,1.0,1.0,0.0,1.0,bpi2019,native,always_compile_evict,13467806761.8,1.0,3.8,17.3,25427.8,23721.6,0.0,151647.2,20309.3,0.015,always_compile_evict,1.0
h=0.1/q0=0.6/p=1/r=1/sig=0,B_q0,0.1,0.6,1.0,1.0,0.0,1.0,bpi2019,native,ours_evict,13467806761.8,1.0,3.8,17.3,25427.8,23721.6,0.0,151647.2,20309.3,0.015,always_compile_evict,1.0
h=0.1/q0=0.6/p=1/r=1/sig=0,B_q0,0.1,0.6,1.0,1.0,0.0,1.0,bpi2019,native,ours_noinflate,13467806761.8,1.0,3.8,17.3,25427.8,23721.6,0.0,151647.2,20309.3,0.015,always_compile_evict,1.0
h=0.1/q0=0.6/p=1/r=1/sig=0,B_q0,0.1,0.6,1.0,1.0,0.0,1.0,bpi2019,native,oracle_tax,19437284570.7,1.443241,32.5,32.8,292.4,259.9,0.0,1611.7,148.9,0.005,always_compile_evict,1.0
h=0.1/q0=0.6/p=1/r=1/sig=0,B_q0,0.1,0.6,1.0,1.0,0.0,1.0,bpi2019,native,offline_taxblind,13122317657.592,0.974347,,,,,,,,,always_compile_evict,1.0
h=0.1/q0=0.6/p=1/r=1/sig=0,B_q0,0.1,0.6,1.0,1.0,0.0,1.0,bpi2019,native,offline_opt_tax,13210987203.51,0.980931,,,,,,,,,always_compile_evict,1.0
h=0.1/q0=0.6/p=1/r=1/sig=0,B_q0,0.1,0.6,1.0,1.0,0.0,1.0,sepsis,autorpa_233k,always_reactive,77101119.0,0.990999,0.0,0.0,0.0,0.0,0.0,0.0,0.0,0.005,always_reactive,0.92992
h=0.1/q0=0.6/p=1/r=1/sig=0,B_q0,0.1,0.6,1.0,1.0,0.0,1.0,sepsis,autorpa_233k,always_compile_evict,82911571.2,1.065682,16.9,18.5,36.6,12.8,0.0,91.8,33.2,0.016,always_reactive,0.92992
h=0.1/q0=0.6/p=1/r=1/sig=0,B_q0,0.1,0.6,1.0,1.0,0.0,1.0,sepsis,autorpa_233k,ours_evict,77801386.2,1.0,3.1,4.0,7.4,3.8,0.0,25.7,6.3,0.007,always_reactive,0.92992
h=0.1/q0=0.6/p=1/r=1/sig=0,B_q0,0.1,0.6,1.0,1.0,0.0,1.0,sepsis,autorpa_233k,ours_noinflate,77801386.2,1.0,3.1,4.0,7.4,3.8,0.0,25.7,6.3,0.007,always_reactive,0.92992
h=0.1/q0=0.6/p=1/r=1/sig=0,B_q0,0.1,0.6,1.0,1.0,0.0,1.0,sepsis,autorpa_233k,oracle_tax,77180538.5,0.99202,1.1,2.4,4.0,2.9,0.0,21.0,2.2,0.007,always_reactive,0.92992
h=0.1/q0=0.6/p=1/r=1/sig=0,B_q0,0.1,0.6,1.0,1.0,0.0,1.0,sepsis,autorpa_233k,offline_taxblind,76956762.23,0.989144,,,,,,,,,always_reactive,0.92992
h=0.1/q0=0.6/p=1/r=1/sig=0,B_q0,0.1,0.6,1.0,1.0,0.0,1.0,sepsis,autorpa_233k,offline_opt_tax,77051831.293,0.990366,,,,,,,,,always_reactive,0.92992
h=0.1/q0=0.6/p=1/r=1/sig=0,B_q0,0.1,0.6,1.0,1.0,0.0,1.0,sepsis,native,always_reactive,77101119.0,1.036597,0.0,0.0,0.0,0.0,0.0,0.0,0.0,0.005,always_compile_evict,1.0
h=0.1/q0=0.6/p=1/r=1/sig=0,B_q0,0.1,0.6,1.0,1.0,0.0,1.0,sepsis,native,always_compile_evict,74379100.7,1.0,3.2,9.4,36.6,12.8,0.0,91.8,2.9,0.01,always_compile_evict,1.0
h=0.1/q0=0.6/p=1/r=1/sig=0,B_q0,0.1,0.6,1.0,1.0,0.0,1.0,sepsis,native,ours_evict,74379100.7,1.0,3.2,9.4,36.6,12.8,0.0,91.8,2.9,0.01,always_compile_evict,1.0
h=0.1/q0=0.6/p=1/r=1/sig=0,B_q0,0.1,0.6,1.0,1.0,0.0,1.0,sepsis,native,ours_noinflate,74379100.7,1.0,3.2,9.4,36.6,12.8,0.0,91.8,2.9,0.01,always_compile_evict,1.0
h=0.1/q0=0.6/p=1/r=1/sig=0,B_q0,0.1,0.6,1.0,1.0,0.0,1.0,sepsis,native,oracle_tax,74789643.7,1.00552,11.2,11.9,21.9,10.7,0.0,76.5,3.8,0.012,always_compile_evict,1.0
h=0.1/q0=0.6/p=1/r=1/sig=0,B_q0,0.1,0.6,1.0,1.0,0.0,1.0,sepsis,native,offline_taxblind,62453423.76,0.839664,,,,,,,,,always_compile_evict,1.0
h=0.1/q0=0.6/p=1/r=1/sig=0,B_q0,0.1,0.6,1.0,1.0,0.0,1.0,sepsis,native,offline_opt_tax,62826807.656,0.844684,,,,,,,,,always_compile_evict,1.0
h=0.1/q0=0.6/p=1/r=1/sig=0,B_q0,0.1,0.6,1.0,1.0,0.0,1.0,wiki_A,autorpa_233k,always_reactive,5261420180.0,1.061207,0.0,0.0,0.0,0.0,0.0,0.0,0.0,0.005,ours_evict,0.976358
h=0.1/q0=0.6/p=1/r=1/sig=0,B_q0,0.1,0.6,1.0,1.0,0.0,1.0,wiki_A,autorpa_233k,always_compile_evict,5078013979.5,1.024214,9.1,41.6,6543.9,6259.2,0.0,40049.1,6357.5,0.02,ours_evict,0.976358
h=0.1/q0=0.6/p=1/r=1/sig=0,B_q0,0.1,0.6,1.0,1.0,0.0,1.0,wiki_A,autorpa_233k,ours_evict,4957959755.9,1.0,4.3,14.7,5205.9,5113.2,0.0,32742.2,5057.8,0.011,ours_evict,0.976358
h=0.1/q0=0.6/p=1/r=1/sig=0,B_q0,0.1,0.6,1.0,1.0,0.0,1.0,wiki_A,autorpa_233k,ours_noinflate,4957959755.9,1.0,4.3,14.7,5205.9,5113.2,0.0,32742.2,5057.8,0.011,ours_evict,0.976358
h=0.1/q0=0.6/p=1/r=1/sig=0,B_q0,0.1,0.6,1.0,1.0,0.0,1.0,wiki_A,autorpa_233k,oracle_tax,5252278913.7,1.059363,0.8,2.0,72.2,71.4,0.0,472.5,41.0,0.005,ours_evict,0.976358
h=0.1/q0=0.6/p=1/r=1/sig=0,B_q0,0.1,0.6,1.0,1.0,0.0,1.0,wiki_A,autorpa_233k,offline_taxblind,4909874369.846,0.990301,,,,,,,,,ours_evict,0.976358
h=0.1/q0=0.6/p=1/r=1/sig=0,B_q0,0.1,0.6,1.0,1.0,0.0,1.0,wiki_A,autorpa_233k,offline_opt_tax,4928613262.801,0.994081,,,,,,,,,ours_evict,0.976358
h=0.1/q0=0.6/p=1/r=1/sig=0,B_q0,0.1,0.6,1.0,1.0,0.0,1.0,wiki_A,native,always_reactive,5261420180.0,1.465417,0.0,0.0,0.0,0.0,0.0,0.0,0.0,0.005,always_compile_evict,1.0
h=0.1/q0=0.6/p=1/r=1/sig=0,B_q0,0.1,0.6,1.0,1.0,0.0,1.0,wiki_A,native,always_compile_evict,3590391656.0,1.0,3.8,12.4,6543.9,6259.2,0.0,40049.1,5536.1,0.012,always_compile_evict,1.0
h=0.1/q0=0.6/p=1/r=1/sig=0,B_q0,0.1,0.6,1.0,1.0,0.0,1.0,wiki_A,native,ours_evict,3590391656.0,1.0,3.8,12.4,6543.9,6259.2,0.0,40049.1,5536.1,0.012,always_compile_evict,1.0
h=0.1/q0=0.6/p=1/r=1/sig=0,B_q0,0.1,0.6,1.0,1.0,0.0,1.0,wiki_A,native,ours_noinflate,3590391656.0,1.0,3.8,12.4,6543.9,6259.2,0.0,40049.1,5536.1,0.012,always_compile_evict,1.0
h=0.1/q0=0.6/p=1/r=1/sig=0,B_q0,0.1,0.6,1.0,1.0,0.0,1.0,wiki_A,native,oracle_tax,5180171360.6,1.442787,6.0,6.7,280.2,274.2,0.0,1746.4,160.0,0.005,always_compile_evict,1.0
h=0.1/q0=0.6/p=1/r=1/sig=0,B_q0,0.1,0.6,1.0,1.0,0.0,1.0,wiki_A,native,offline_taxblind,3527249584.422,0.982414,,,,,,,,,always_compile_evict,1.0
h=0.1/q0=0.6/p=1/r=1/sig=0,B_q0,0.1,0.6,1.0,1.0,0.0,1.0,wiki_A,native,offline_opt_tax,3542229915.326,0.986586,,,,,,,,,always_compile_evict,1.0
h=0.1/q0=0.6/p=1/r=1/sig=0,B_q0,0.1,0.6,1.0,1.0,0.0,1.0,wiki_B,autorpa_233k,always_reactive,7373315056.0,0.980418,0.0,0.0,0.0,0.0,0.0,0.0,0.0,0.005,always_reactive,0.90919
h=0.1/q0=0.6/p=1/r=1/sig=0,B_q0,0.1,0.6,1.0,1.0,0.0,1.0,wiki_B,autorpa_233k,always_compile_evict,8109761960.4,1.078342,58.5,76.8,4417.2,2859.2,0.0,18009.6,4354.5,0.059,always_reactive,0.90919
h=0.1/q0=0.6/p=1/r=1/sig=0,B_q0,0.1,0.6,1.0,1.0,0.0,1.0,wiki_B,autorpa_233k,ours_evict,7520581499.3,1.0,16.0,27.0,1503.3,1067.4,0.0,6783.0,1458.9,0.023,always_reactive,0.90919
h=0.1/q0=0.6/p=1/r=1/sig=0,B_q0,0.1,0.6,1.0,1.0,0.0,1.0,wiki_B,autorpa_233k,ours_noinflate,7520581499.3,1.0,16.0,27.0,1503.3,1067.4,0.0,6783.0,1458.9,0.023,always_reactive,0.90919
h=0.1/q0=0.6/p=1/r=1/sig=0,B_q0,0.1,0.6,1.0,1.0,0.0,1.0,wiki_B,autorpa_233k,oracle_tax,7373432019.3,0.980434,0.5,1.2,3.2,2.7,0.0,15.1,2.0,0.005,always_reactive,0.90919
h=0.1/q0=0.6/p=1/r=1/sig=0,B_q0,0.1,0.6,1.0,1.0,0.0,1.0,wiki_B,autorpa_233k,offline_taxblind,7288045501.283,0.96908,,,,,,,,,always_reactive,0.90919
h=0.1/q0=0.6/p=1/r=1/sig=0,B_q0,0.1,0.6,1.0,1.0,0.0,1.0,wiki_B,autorpa_233k,offline_opt_tax,7327946780.173,0.974386,,,,,,,,,always_reactive,0.90919
h=0.1/q0=0.6/p=1/r=1/sig=0,B_q0,0.1,0.6,1.0,1.0,0.0,1.0,wiki_B,native,always_reactive,7373315056.0,1.093614,0.0,0.0,0.0,0.0,0.0,0.0,0.0,0.005,always_compile_evict,1.0
h=0.1/q0=0.6/p=1/r=1/sig=0,B_q0,0.1,0.6,1.0,1.0,0.0,1.0,wiki_B,native,always_compile_evict,6742155003.9,1.0,3.7,14.0,4417.2,2859.2,0.0,18009.6,1609.5,0.011,always_compile_evict,1.0
h=0.1/q0=0.6/p=1/r=1/sig=0,B_q0,0.1,0.6,1.0,1.0,0.0,1.0,wiki_B,native,ours_evict,6742155003.9,1.0,3.7,14.0,4417.2,2859.2,0.0,18009.6,1609.5,0.011,always_compile_evict,1.0
h=0.1/q0=0.6/p=1/r=1/sig=0,B_q0,0.1,0.6,1.0,1.0,0.0,1.0,wiki_B,native,ours_noinflate,6742155003.9,1.0,3.7,14.0,4417.2,2859.2,0.0,18009.6,1609.5,0.011,always_compile_evict,1.0
h=0.1/q0=0.6/p=1/r=1/sig=0,B_q0,0.1,0.6,1.0,1.0,0.0,1.0,wiki_B,native,oracle_tax,7359204965.1,1.091521,36.7,37.5,115.8,79.1,0.0,491.4,49.5,0.006,always_compile_evict,1.0
h=0.1/q0=0.6/p=1/r=1/sig=0,B_q0,0.1,0.6,1.0,1.0,0.0,1.0,wiki_B,native,offline_taxblind,5812880175.138,0.862169,,,,,,,,,always_compile_evict,1.0
h=0.1/q0=0.6/p=1/r=1/sig=0,B_q0,0.1,0.6,1.0,1.0,0.0,1.0,wiki_B,native,offline_opt_tax,5828237607.391,0.864447,,,,,,,,,always_compile_evict,1.0
h=0.3/q0=0.4/p=0.3/r=1/sig=0,A_core,0.3,0.4,0.3,1.0,0.0,1.0,bpi2019,autorpa_233k,always_reactive,19497801224.0,1.0,0.0,0.0,0.0,0.0,0.0,0.0,0.0,0.005,always_reactive,0.399419
h=0.3/q0=0.4/p=0.3/r=1/sig=0,A_core,0.3,0.4,0.3,1.0,0.0,1.0,bpi2019,autorpa_233k,always_compile_evict,48815389516.6,2.503636,35.8,67.3,140759.0,41520.0,0.0,80182.7,140732.8,0.022,always_reactive,0.399419
h=0.3/q0=0.4/p=0.3/r=1/sig=0,A_core,0.3,0.4,0.3,1.0,0.0,1.0,bpi2019,autorpa_233k,ours_evict,19497801224.0,1.0,0.0,0.0,0.0,0.0,0.0,0.0,0.0,0.005,always_reactive,0.399419
h=0.3/q0=0.4/p=0.3/r=1/sig=0,A_core,0.3,0.4,0.3,1.0,0.0,1.0,bpi2019,autorpa_233k,ours_noinflate,19497801224.0,1.0,0.0,0.0,0.0,0.0,0.0,0.0,0.0,0.005,always_reactive,0.399419
h=0.3/q0=0.4/p=0.3/r=1/sig=0,A_core,0.3,0.4,0.3,1.0,0.0,1.0,bpi2019,autorpa_233k,oracle_tax,19497801224.0,1.0,0.0,0.0,0.0,0.0,0.0,0.0,0.0,0.005,always_reactive,0.399419
h=0.3/q0=0.4/p=0.3/r=1/sig=0,A_core,0.3,0.4,0.3,1.0,0.0,1.0,bpi2019,autorpa_233k,offline_taxblind,19497801224.0,1.0,,,,,,,,,always_reactive,0.399419
h=0.3/q0=0.4/p=0.3/r=1/sig=0,A_core,0.3,0.4,0.3,1.0,0.0,1.0,bpi2019,autorpa_233k,offline_opt_tax,19497801224.0,1.0,,,,,,,,,always_reactive,0.399419
h=0.3/q0=0.4/p=0.3/r=1/sig=0,A_core,0.3,0.4,0.3,1.0,0.0,1.0,bpi2019,native,always_reactive,19497801224.0,1.132583,0.0,0.0,0.0,0.0,0.0,0.0,0.0,0.005,always_compile_evict,1.0
h=0.3/q0=0.4/p=0.3/r=1/sig=0,A_core,0.3,0.4,0.3,1.0,0.0,1.0,bpi2019,native,always_compile_evict,17212509734.3,0.999836,2.8,16.4,140759.0,41520.0,0.0,80182.7,137307.0,0.012,always_compile_evict,1.0
h=0.3/q0=0.4/p=0.3/r=1/sig=0,A_core,0.3,0.4,0.3,1.0,0.0,1.0,bpi2019,native,ours_evict,19472856829.8,1.131134,0.0,3.9,2755.0,617.4,0.0,1208.1,1936.9,0.005,always_compile_evict,1.0
h=0.3/q0=0.4/p=0.3/r=1/sig=0,A_core,0.3,0.4,0.3,1.0,0.0,1.0,bpi2019,native,ours_noinflate,17215340861.1,1.0,2.8,16.7,140202.6,41402.2,0.0,79959.8,136903.6,0.012,always_compile_evict,1.0
h=0.3/q0=0.4/p=0.3/r=1/sig=0,A_core,0.3,0.4,0.3,1.0,0.0,1.0,bpi2019,native,oracle_tax,19492348291.6,1.132266,3.0,6.5,283.1,85.1,0.0,166.5,203.9,0.005,always_compile_evict,1.0
h=0.3/q0=0.4/p=0.3/r=1/sig=0,A_core,0.3,0.4,0.3,1.0,0.0,1.0,bpi2019,native,offline_taxblind,15319589510.351,0.88988,,,,,,,,,always_compile_evict,1.0
h=0.3/q0=0.4/p=0.3/r=1/sig=0,A_core,0.3,0.4,0.3,1.0,0.0,1.0,bpi2019,native,offline_opt_tax,15473775826.061,0.898836,,,,,,,,,always_compile_evict,1.0
h=0.3/q0=0.4/p=0.3/r=1/sig=0,A_core,0.3,0.4,0.3,1.0,0.0,1.0,sepsis,autorpa_233k,always_reactive,77101119.0,1.0,0.0,0.0,0.0,0.0,0.0,0.0,0.0,0.005,always_reactive,0.774723
h=0.3/q0=0.4/p=0.3/r=1/sig=0,A_core,0.3,0.4,0.3,1.0,0.0,1.0,sepsis,autorpa_233k,always_compile_evict,99520875.2,1.290784,8.0,9.0,103.6,20.8,0.0,40.2,103.4,0.007,always_reactive,0.774723
h=0.3/q0=0.4/p=0.3/r=1/sig=0,A_core,0.3,0.4,0.3,1.0,0.0,1.0,sepsis,autorpa_233k,ours_evict,77101119.0,1.0,0.0,0.0,0.0,0.0,0.0,0.0,0.0,0.005,always_reactive,0.774723
h=0.3/q0=0.4/p=0.3/r=1/sig=0,A_core,0.3,0.4,0.3,1.0,0.0,1.0,sepsis,autorpa_233k,ours_noinflate,77101119.0,1.0,0.0,0.0,0.0,0.0,0.0,0.0,0.0,0.005,always_reactive,0.774723
h=0.3/q0=0.4/p=0.3/r=1/sig=0,A_core,0.3,0.4,0.3,1.0,0.0,1.0,sepsis,autorpa_233k,oracle_tax,77101119.0,1.0,0.0,0.0,0.0,0.0,0.0,0.0,0.0,0.005,always_reactive,0.774723
h=0.3/q0=0.4/p=0.3/r=1/sig=0,A_core,0.3,0.4,0.3,1.0,0.0,1.0,sepsis,autorpa_233k,offline_taxblind,77101119.0,1.0,,,,,,,,,always_reactive,0.774723
h=0.3/q0=0.4/p=0.3/r=1/sig=0,A_core,0.3,0.4,0.3,1.0,0.0,1.0,sepsis,autorpa_233k,offline_opt_tax,77101119.0,1.0,,,,,,,,,always_reactive,0.774723
h=0.3/q0=0.4/p=0.3/r=1/sig=0,A_core,0.3,0.4,0.3,1.0,0.0,1.0,sepsis,native,always_reactive,77101119.0,1.004178,0.0,0.0,0.0,0.0,0.0,0.0,0.0,0.005,ours_noinflate,0.999466
h=0.3/q0=0.4/p=0.3/r=1/sig=0,A_core,0.3,0.4,0.3,1.0,0.0,1.0,sepsis,native,always_compile_evict,76821356.4,1.000535,5.3,7.2,103.6,20.8,0.0,40.2,81.7,0.008,ours_noinflate,0.999466
h=0.3/q0=0.4/p=0.3/r=1/sig=0,A_core,0.3,0.4,0.3,1.0,0.0,1.0,sepsis,native,ours_evict,77076014.4,1.003851,2.0,3.3,36.3,6.4,0.0,10.7,27.8,0.006,ours_noinflate,0.999466
h=0.3/q0=0.4/p=0.3/r=1/sig=0,A_core,0.3,0.4,0.3,1.0,0.0,1.0,sepsis,native,ours_noinflate,76780308.2,1.0,4.9,6.5,99.4,20.4,0.0,39.1,77.9,0.008,ours_noinflate,0.999466
h=0.3/q0=0.4/p=0.3/r=1/sig=0,A_core,0.3,0.4,0.3,1.0,0.0,1.0,sepsis,native,oracle_tax,76776495.1,0.99995,1.8,4.3,46.4,11.5,0.0,21.8,34.2,0.006,ours_noinflate,0.999466
h=0.3/q0=0.4/p=0.3/r=1/sig=0,A_core,0.3,0.4,0.3,1.0,0.0,1.0,sepsis,native,offline_taxblind,74603893.54,0.971654,,,,,,,,,ours_noinflate,0.999466
h=0.3/q0=0.4/p=0.3/r=1/sig=0,A_core,0.3,0.4,0.3,1.0,0.0,1.0,sepsis,native,offline_opt_tax,75258092.703,0.980174,,,,,,,,,ours_noinflate,0.999466
h=0.3/q0=0.4/p=0.3/r=1/sig=0,A_core,0.3,0.4,0.3,1.0,0.0,1.0,wiki_A,autorpa_233k,always_reactive,5261420180.0,1.0,0.0,0.0,0.0,0.0,0.0,0.0,0.0,0.005,always_reactive,0.413809
h=0.3/q0=0.4/p=0.3/r=1/sig=0,A_core,0.3,0.4,0.3,1.0,0.0,1.0,wiki_A,autorpa_233k,always_compile_evict,12714595702.6,2.416571,11.6,33.0,36979.3,11028.5,0.0,21295.9,36931.7,0.007,always_reactive,0.413809
h=0.3/q0=0.4/p=0.3/r=1/sig=0,A_core,0.3,0.4,0.3,1.0,0.0,1.0,wiki_A,autorpa_233k,ours_evict,5261420180.0,1.0,0.0,0.0,0.0,0.0,0.0,0.0,0.0,0.005,always_reactive,0.413809
h=0.3/q0=0.4/p=0.3/r=1/sig=0,A_core,0.3,0.4,0.3,1.0,0.0,1.0,wiki_A,autorpa_233k,ours_noinflate,5261420180.0,1.0,0.0,0.0,0.0,0.0,0.0,0.0,0.0,0.005,always_reactive,0.413809
h=0.3/q0=0.4/p=0.3/r=1/sig=0,A_core,0.3,0.4,0.3,1.0,0.0,1.0,wiki_A,autorpa_233k,oracle_tax,5261420180.0,1.0,0.0,0.0,0.0,0.0,0.0,0.0,0.0,0.005,always_reactive,0.413809
h=0.3/q0=0.4/p=0.3/r=1/sig=0,A_core,0.3,0.4,0.3,1.0,0.0,1.0,wiki_A,autorpa_233k,offline_taxblind,5261420180.0,1.0,,,,,,,,,always_reactive,0.413809
h=0.3/q0=0.4/p=0.3/r=1/sig=0,A_core,0.3,0.4,0.3,1.0,0.0,1.0,wiki_A,autorpa_233k,offline_opt_tax,5261420180.0,1.0,,,,,,,,,always_reactive,0.413809
h=0.3/q0=0.4/p=0.3/r=1/sig=0,A_core,0.3,0.4,0.3,1.0,0.0,1.0,wiki_A,native,always_reactive,5261420180.0,1.147043,0.0,0.0,0.0,0.0,0.0,0.0,0.0,0.005,always_compile_evict,1.0
h=0.3/q0=0.4/p=0.3/r=1/sig=0,A_core,0.3,0.4,0.3,1.0,0.0,1.0,wiki_A,native,always_compile_evict,4586763821.1,0.999961,1.6,13.1,36979.3,11028.5,0.0,21295.9,35946.2,0.008,always_compile_evict,1.0
h=0.3/q0=0.4/p=0.3/r=1/sig=0,A_core,0.3,0.4,0.3,1.0,0.0,1.0,wiki_A,native,ours_evict,5257308189.6,1.146146,0.0,3.6,504.9,117.6,0.0,214.2,360.4,0.005,always_compile_evict,1.0
h=0.3/q0=0.4/p=0.3/r=1/sig=0,A_core,0.3,0.4,0.3,1.0,0.0,1.0,wiki_A,native,ours_noinflate,4586943596.8,1.0,1.6,12.7,36924.6,11016.6,0.0,21268.3,35896.5,0.008,always_compile_evict,1.0
h=0.3/q0=0.4/p=0.3/r=1/sig=0,A_core,0.3,0.4,0.3,1.0,0.0,1.0,wiki_A,native,oracle_tax,5252508472.3,1.1451,0.6,2.6,397.3,119.7,0.0,223.7,312.9,0.005,always_compile_evict,1.0
h=0.3/q0=0.4/p=0.3/r=1/sig=0,A_core,0.3,0.4,0.3,1.0,0.0,1.0,wiki_A,native,offline_taxblind,4083682756.582,0.890284,,,,,,,,,always_compile_evict,1.0
h=0.3/q0=0.4/p=0.3/r=1/sig=0,A_core,0.3,0.4,0.3,1.0,0.0,1.0,wiki_A,native,offline_opt_tax,4100181312.579,0.893881,,,,,,,,,always_compile_evict,1.0
h=0.3/q0=0.4/p=0.3/r=1/sig=0,A_core,0.3,0.4,0.3,1.0,0.0,1.0,wiki_B,autorpa_233k,always_reactive,7373315056.0,1.0,0.0,0.0,0.0,0.0,0.0,0.0,0.0,0.005,always_reactive,0.645192
h=0.3/q0=0.4/p=0.3/r=1/sig=0,A_core,0.3,0.4,0.3,1.0,0.0,1.0,wiki_B,autorpa_233k,always_compile_evict,11428097783.2,1.549927,56.6,73.5,17722.8,4722.0,0.0,9083.0,17710.4,0.039,always_reactive,0.645192
h=0.3/q0=0.4/p=0.3/r=1/sig=0,A_core,0.3,0.4,0.3,1.0,0.0,1.0,wiki_B,autorpa_233k,ours_evict,7373315056.0,1.0,0.0,0.0,0.0,0.0,0.0,0.0,0.0,0.005,always_reactive,0.645192
h=0.3/q0=0.4/p=0.3/r=1/sig=0,A_core,0.3,0.4,0.3,1.0,0.0,1.0,wiki_B,autorpa_233k,ours_noinflate,7373315056.0,1.0,0.0,0.0,0.0,0.0,0.0,0.0,0.0,0.005,always_reactive,0.645192
h=0.3/q0=0.4/p=0.3/r=1/sig=0,A_core,0.3,0.4,0.3,1.0,0.0,1.0,wiki_B,autorpa_233k,oracle_tax,7373315056.0,1.0,0.0,0.0,0.0,0.0,0.0,0.0,0.0,0.005,always_reactive,0.645192
h=0.3/q0=0.4/p=0.3/r=1/sig=0,A_core,0.3,0.4,0.3,1.0,0.0,1.0,wiki_B,autorpa_233k,offline_taxblind,7373315056.0,1.0,,,,,,,,,always_reactive,0.645192
h=0.3/q0=0.4/p=0.3/r=1/sig=0,A_core,0.3,0.4,0.3,1.0,0.0,1.0,wiki_B,autorpa_233k,offline_opt_tax,7373315056.0,1.0,,,,,,,,,always_reactive,0.645192
h=0.3/q0=0.4/p=0.3/r=1/sig=0,A_core,0.3,0.4,0.3,1.0,0.0,1.0,wiki_B,native,always_reactive,7373315056.0,1.023744,0.0,0.0,0.0,0.0,0.0,0.0,0.0,0.005,always_compile_evict,1.0
h=0.3/q0=0.4/p=0.3/r=1/sig=0,A_core,0.3,0.4,0.3,1.0,0.0,1.0,wiki_B,native,always_compile_evict,7202002295.2,0.999958,6.5,17.4,17722.8,4722.0,0.0,9083.0,15868.2,0.012,always_compile_evict,1.0
h=0.3/q0=0.4/p=0.3/r=1/sig=0,A_core,0.3,0.4,0.3,1.0,0.0,1.0,wiki_B,native,ours_evict,7361667670.7,1.022127,0.4,4.9,2480.7,508.7,0.0,968.0,1787.4,0.006,always_compile_evict,1.0
h=0.3/q0=0.4/p=0.3/r=1/sig=0,A_core,0.3,0.4,0.3,1.0,0.0,1.0,wiki_B,native,ours_noinflate,7202303152.4,1.0,6.3,17.6,17623.2,4701.2,0.0,9040.9,15785.5,0.012,always_compile_evict,1.0
h=0.3/q0=0.4/p=0.3/r=1/sig=0,A_core,0.3,0.4,0.3,1.0,0.0,1.0,wiki_B,native,oracle_tax,7372355169.0,1.023611,2.1,4.7,77.1,20.6,0.0,41.2,57.3,0.005,always_compile_evict,1.0
h=0.3/q0=0.4/p=0.3/r=1/sig=0,A_core,0.3,0.4,0.3,1.0,0.0,1.0,wiki_B,native,offline_taxblind,6906804598.755,0.958972,,,,,,,,,always_compile_evict,1.0
h=0.3/q0=0.4/p=0.3/r=1/sig=0,A_core,0.3,0.4,0.3,1.0,0.0,1.0,wiki_B,native,offline_opt_tax,6941398838.176,0.963775,,,,,,,,,always_compile_evict,1.0
h=0.3/q0=0.4/p=0.5/r=1/sig=0,A_core,0.3,0.4,0.5,1.0,0.0,1.0,bpi2019,autorpa_233k,always_reactive,19497801224.0,1.0,0.0,0.0,0.0,0.0,0.0,0.0,0.0,0.005,always_reactive,0.482895
h=0.3/q0=0.4/p=0.5/r=1/sig=0,A_core,0.3,0.4,0.5,1.0,0.0,1.0,bpi2019,autorpa_233k,always_compile_evict,40376910863.6,2.070844,38.8,64.3,110763.0,54364.3,0.0,105132.6,110728.4,0.025,always_reactive,0.482895
h=0.3/q0=0.4/p=0.5/r=1/sig=0,A_core,0.3,0.4,0.5,1.0,0.0,1.0,bpi2019,autorpa_233k,ours_evict,19497801224.0,1.0,0.0,0.0,0.0,0.0,0.0,0.0,0.0,0.005,always_reactive,0.482895
h=0.3/q0=0.4/p=0.5/r=1/sig=0,A_core,0.3,0.4,0.5,1.0,0.0,1.0,bpi2019,autorpa_233k,ours_noinflate,19497801224.0,1.0,0.0,0.0,0.0,0.0,0.0,0.0,0.0,0.005,always_reactive,0.482895
h=0.3/q0=0.4/p=0.5/r=1/sig=0,A_core,0.3,0.4,0.5,1.0,0.0,1.0,bpi2019,autorpa_233k,oracle_tax,19497801224.0,1.0,0.0,0.0,0.0,0.0,0.0,0.0,0.0,0.005,always_reactive,0.482895
h=0.3/q0=0.4/p=0.5/r=1/sig=0,A_core,0.3,0.4,0.5,1.0,0.0,1.0,bpi2019,autorpa_233k,offline_taxblind,19497801224.0,1.0,,,,,,,,,always_reactive,0.482895
h=0.3/q0=0.4/p=0.5/r=1/sig=0,A_core,0.3,0.4,0.5,1.0,0.0,1.0,bpi2019,autorpa_233k,offline_opt_tax,19497801224.0,1.0,,,,,,,,,always_reactive,0.482895
h=0.3/q0=0.4/p=0.5/r=1/sig=0,A_core,0.3,0.4,0.5,1.0,0.0,1.0,bpi2019,native,always_reactive,19497801224.0,1.2678,0.0,0.0,0.0,0.0,0.0,0.0,0.0,0.005,always_compile_evict,1.0
h=0.3/q0=0.4/p=0.5/r=1/sig=0,A_core,0.3,0.4,0.5,1.0,0.0,1.0,bpi2019,native,always_compile_evict,15376677426.6,0.999833,3.1,15.8,110763.0,54364.3,0.0,105132.6,105402.7,0.012,always_compile_evict,1.0
h=0.3/q0=0.4/p=0.5/r=1/sig=0,A_core,0.3,0.4,0.5,1.0,0.0,1.0,bpi2019,native,ours_evict,19332363646.5,1.257043,0.0,6.0,6016.9,2435.2,0.0,4702.6,3158.4,0.005,always_compile_evict,1.0
h=0.3/q0=0.4/p=0.5/r=1/sig=0,A_core,0.3,0.4,0.5,1.0,0.0,1.0,bpi2019,native,ours_noinflate,15379239050.4,1.0,3.2,16.3,110591.0,54304.4,0.0,105017.7,105316.9,0.012,always_compile_evict,1.0
h=0.3/q0=0.4/p=0.5/r=1/sig=0,A_core,0.3,0.4,0.5,1.0,0.0,1.0,bpi2019,native,oracle_tax,19486177768.1,1.267044,9.5,12.4,333.9,158.0,0.0,308.6,203.2,0.005,always_compile_evict,1.0
h=0.3/q0=0.4/p=0.5/r=1/sig=0,A_core,0.3,0.4,0.5,1.0,0.0,1.0,bpi2019,native,offline_taxblind,13854519764.004,0.900859,,,,,,,,,always_compile_evict,1.0
h=0.3/q0=0.4/p=0.5/r=1/sig=0,A_core,0.3,0.4,0.5,1.0,0.0,1.0,bpi2019,native,offline_opt_tax,13960828833.55,0.907771,,,,,,,,,always_compile_evict,1.0
h=0.3/q0=0.4/p=0.5/r=1/sig=0,A_core,0.3,0.4,0.5,1.0,0.0,1.0,sepsis,autorpa_233k,always_reactive,77101119.0,1.0,0.0,0.0,0.0,0.0,0.0,0.0,0.0,0.005,always_reactive,0.812399
h=0.3/q0=0.4/p=0.5/r=1/sig=0,A_core,0.3,0.4,0.5,1.0,0.0,1.0,sepsis,autorpa_233k,always_compile_evict,94905445.6,1.230922,11.1,12.4,86.9,29.6,0.0,57.7,86.2,0.009,always_reactive,0.812399
h=0.3/q0=0.4/p=0.5/r=1/sig=0,A_core,0.3,0.4,0.5,1.0,0.0,1.0,sepsis,autorpa_233k,ours_evict,77101119.0,1.0,0.0,0.0,0.0,0.0,0.0,0.0,0.0,0.005,always_reactive,0.812399
h=0.3/q0=0.4/p=0.5/r=1/sig=0,A_core,0.3,0.4,0.5,1.0,0.0,1.0,sepsis,autorpa_233k,ours_noinflate,77101119.0,1.0,0.0,0.0,0.0,0.0,0.0,0.0,0.0,0.005,always_reactive,0.812399
h=0.3/q0=0.4/p=0.5/r=1/sig=0,A_core,0.3,0.4,0.5,1.0,0.0,1.0,sepsis,autorpa_233k,oracle_tax,77101119.0,1.0,0.0,0.0,0.0,0.0,0.0,0.0,0.0,0.005,always_reactive,0.812399
h=0.3/q0=0.4/p=0.5/r=1/sig=0,A_core,0.3,0.4,0.5,1.0,0.0,1.0,sepsis,autorpa_233k,offline_taxblind,77101119.0,1.0,,,,,,,,,always_reactive,0.812399
h=0.3/q0=0.4/p=0.5/r=1/sig=0,A_core,0.3,0.4,0.5,1.0,0.0,1.0,sepsis,autorpa_233k,offline_opt_tax,77101119.0,1.0,,,,,,,,,always_reactive,0.812399
h=0.3/q0=0.4/p=0.5/r=1/sig=0,A_core,0.3,0.4,0.5,1.0,0.0,1.0,sepsis,native,always_reactive,77101119.0,1.017957,0.0,0.0,0.0,0.0,0.0,0.0,0.0,0.005,always_compile_evict,1.0
h=0.3/q0=0.4/p=0.5/r=1/sig=0,A_core,0.3,0.4,0.5,1.0,0.0,1.0,sepsis,native,always_compile_evict,75741054.7,1.0,5.5,7.8,86.9,29.6,0.0,57.7,54.6,0.009,always_compile_evict,1.0
h=0.3/q0=0.4/p=0.5/r=1/sig=0,A_core,0.3,0.4,0.5,1.0,0.0,1.0,sepsis,native,ours_evict,76310307.0,1.007516,3.6,6.0,60.3,19.8,0.0,37.8,35.4,0.008,always_compile_evict,1.0
h=0.3/q0=0.4/p=0.5/r=1/sig=0,A_core,0.3,0.4,0.5,1.0,0.0,1.0,sepsis,native,ours_noinflate,75741054.7,1.0,5.5,7.8,86.9,29.6,0.0,57.7,54.6,0.009,always_compile_evict,1.0
h=0.3/q0=0.4/p=0.5/r=1/sig=0,A_core,0.3,0.4,0.5,1.0,0.0,1.0,sepsis,native,oracle_tax,75971805.7,1.003047,4.2,6.0,52.2,21.6,0.0,40.8,31.7,0.008,always_compile_evict,1.0
h=0.3/q0=0.4/p=0.5/r=1/sig=0,A_core,0.3,0.4,0.5,1.0,0.0,1.0,sepsis,native,offline_taxblind,69900298.644,0.922885,,,,,,,,,always_compile_evict,1.0
h=0.3/q0=0.4/p=0.5/r=1/sig=0,A_core,0.3,0.4,0.5,1.0,0.0,1.0,sepsis,native,offline_opt_tax,70419893.436,0.929745,,,,,,,,,always_compile_evict,1.0
h=0.3/q0=0.4/p=0.5/r=1/sig=0,A_core,0.3,0.4,0.5,1.0,0.0,1.0,wiki_A,autorpa_233k,always_reactive,5261420180.0,1.0,0.0,0.0,0.0,0.0,0.0,0.0,0.0,0.005,always_reactive,0.500592
h=0.3/q0=0.4/p=0.5/r=1/sig=0,A_core,0.3,0.4,0.5,1.0,0.0,1.0,wiki_A,autorpa_233k,always_compile_evict,10510391556.9,1.997634,9.7,33.7,29118.1,14423.3,0.0,27871.3,29066.4,0.008,always_reactive,0.500592
h=0.3/q0=0.4/p=0.5/r=1/sig=0,A_core,0.3,0.4,0.5,1.0,0.0,1.0,wiki_A,autorpa_233k,ours_evict,5261420180.0,1.0,0.0,0.0,0.0,0.0,0.0,0.0,0.0,0.005,always_reactive,0.500592
h=0.3/q0=0.4/p=0.5/r=1/sig=0,A_core,0.3,0.4,0.5,1.0,0.0,1.0,wiki_A,autorpa_233k,ours_noinflate,5261420180.0,1.0,0.0,0.0,0.0,0.0,0.0,0.0,0.0,0.005,always_reactive,0.500592
h=0.3/q0=0.4/p=0.5/r=1/sig=0,A_core,0.3,0.4,0.5,1.0,0.0,1.0,wiki_A,autorpa_233k,oracle_tax,5261420180.0,1.0,0.0,0.0,0.0,0.0,0.0,0.0,0.0,0.005,always_reactive,0.500592
h=0.3/q0=0.4/p=0.5/r=1/sig=0,A_core,0.3,0.4,0.5,1.0,0.0,1.0,wiki_A,autorpa_233k,offline_taxblind,5261420180.0,1.0,,,,,,,,,always_reactive,0.500592
h=0.3/q0=0.4/p=0.5/r=1/sig=0,A_core,0.3,0.4,0.5,1.0,0.0,1.0,wiki_A,autorpa_233k,offline_opt_tax,5261420180.0,1.0,,,,,,,,,always_reactive,0.500592
h=0.3/q0=0.4/p=0.5/r=1/sig=0,A_core,0.3,0.4,0.5,1.0,0.0,1.0,wiki_A,native,always_reactive,5261420180.0,1.283591,0.0,0.0,0.0,0.0,0.0,0.0,0.0,0.005,always_compile_evict,1.0
h=0.3/q0=0.4/p=0.5/r=1/sig=0,A_core,0.3,0.4,0.5,1.0,0.0,1.0,wiki_A,native,always_compile_evict,4098899712.4,0.999979,2.1,11.9,29118.1,14423.3,0.0,27871.3,27833.8,0.009,always_compile_evict,1.0
h=0.3/q0=0.4/p=0.5/r=1/sig=0,A_core,0.3,0.4,0.5,1.0,0.0,1.0,wiki_A,native,ours_evict,5227305401.2,1.275268,0.0,6.0,1172.1,496.0,0.0,931.6,641.0,0.005,always_compile_evict,1.0
h=0.3/q0=0.4/p=0.5/r=1/sig=0,A_core,0.3,0.4,0.5,1.0,0.0,1.0,wiki_A,native,ours_noinflate,4098985665.6,1.0,2.1,11.8,29113.7,14421.1,0.0,27867.5,27831.1,0.009,always_compile_evict,1.0
h=0.3/q0=0.4/p=0.5/r=1/sig=0,A_core,0.3,0.4,0.5,1.0,0.0,1.0,wiki_A,native,oracle_tax,5242196294.0,1.278901,2.5,4.5,418.3,206.1,0.0,394.3,271.2,0.005,always_compile_evict,1.0
h=0.3/q0=0.4/p=0.5/r=1/sig=0,A_core,0.3,0.4,0.5,1.0,0.0,1.0,wiki_A,native,offline_taxblind,3703458427.684,0.903506,,,,,,,,,always_compile_evict,1.0
h=0.3/q0=0.4/p=0.5/r=1/sig=0,A_core,0.3,0.4,0.5,1.0,0.0,1.0,wiki_A,native,offline_opt_tax,3717228185.712,0.906865,,,,,,,,,always_compile_evict,1.0
h=0.3/q0=0.4/p=0.5/r=1/sig=0,A_core,0.3,0.4,0.5,1.0,0.0,1.0,wiki_B,autorpa_233k,always_reactive,7373315056.0,1.0,0.0,0.0,0.0,0.0,0.0,0.0,0.0,0.005,always_reactive,0.705313
h=0.3/q0=0.4/p=0.5/r=1/sig=0,A_core,0.3,0.4,0.5,1.0,0.0,1.0,wiki_B,autorpa_233k,always_compile_evict,10453961620.5,1.41781,57.7,69.6,14273.4,6323.2,0.0,12148.5,14259.3,0.042,always_reactive,0.705313
h=0.3/q0=0.4/p=0.5/r=1/sig=0,A_core,0.3,0.4,0.5,1.0,0.0,1.0,wiki_B,autorpa_233k,ours_evict,7373315056.0,1.0,0.0,0.0,0.0,0.0,0.0,0.0,0.0,0.005,always_reactive,0.705313
h=0.3/q0=0.4/p=0.5/r=1/sig=0,A_core,0.3,0.4,0.5,1.0,0.0,1.0,wiki_B,autorpa_233k,ours_noinflate,7373315056.0,1.0,0.0,0.0,0.0,0.0,0.0,0.0,0.0,0.005,always_reactive,0.705313
h=0.3/q0=0.4/p=0.5/r=1/sig=0,A_core,0.3,0.4,0.5,1.0,0.0,1.0,wiki_B,autorpa_233k,oracle_tax,7373315056.0,1.0,0.0,0.0,0.0,0.0,0.0,0.0,0.0,0.005,always_reactive,0.705313
h=0.3/q0=0.4/p=0.5/r=1/sig=0,A_core,0.3,0.4,0.5,1.0,0.0,1.0,wiki_B,autorpa_233k,offline_taxblind,7373315056.0,1.0,,,,,,,,,always_reactive,0.705313
h=0.3/q0=0.4/p=0.5/r=1/sig=0,A_core,0.3,0.4,0.5,1.0,0.0,1.0,wiki_B,autorpa_233k,offline_opt_tax,7373315056.0,1.0,,,,,,,,,always_reactive,0.705313
h=0.3/q0=0.4/p=0.5/r=1/sig=0,A_core,0.3,0.4,0.5,1.0,0.0,1.0,wiki_B,native,always_reactive,7373315056.0,1.056134,0.0,0.0,0.0,0.0,0.0,0.0,0.0,0.005,always_compile_evict,1.0
h=0.3/q0=0.4/p=0.5/r=1/sig=0,A_core,0.3,0.4,0.5,1.0,0.0,1.0,wiki_B,native,always_compile_evict,6981242745.6,0.999975,5.1,15.2,14273.4,6323.2,0.0,12148.5,11508.0,0.012,always_compile_evict,1.0
h=0.3/q0=0.4/p=0.5/r=1/sig=0,A_core,0.3,0.4,0.5,1.0,0.0,1.0,wiki_B,native,ours_evict,7271086050.2,1.041491,0.2,8.2,4732.9,1782.1,0.0,3414.0,2699.8,0.007,always_compile_evict,1.0
h=0.3/q0=0.4/p=0.5/r=1/sig=0,A_core,0.3,0.4,0.5,1.0,0.0,1.0,wiki_B,native,ours_noinflate,6981420695.3,1.0,5.1,15.2,14267.8,6320.2,0.0,12143.4,11503.6,0.012,always_compile_evict,1.0
h=0.3/q0=0.4/p=0.5/r=1/sig=0,A_core,0.3,0.4,0.5,1.0,0.0,1.0,wiki_B,native,oracle_tax,7370490954.4,1.055729,9.5,12.2,128.7,54.5,0.0,104.3,76.6,0.005,always_compile_evict,1.0
h=0.3/q0=0.4/p=0.5/r=1/sig=0,A_core,0.3,0.4,0.5,1.0,0.0,1.0,wiki_B,native,offline_taxblind,6453477728.208,0.924379,,,,,,,,,always_compile_evict,1.0
h=0.3/q0=0.4/p=0.5/r=1/sig=0,A_core,0.3,0.4,0.5,1.0,0.0,1.0,wiki_B,native,offline_opt_tax,6477558046.095,0.927828,,,,,,,,,always_compile_evict,1.0
h=0.3/q0=0.4/p=1/r=1/sig=0,A_core,0.3,0.4,1.0,1.0,0.0,1.0,bpi2019,autorpa_233k,always_reactive,19497801224.0,1.0,0.0,0.0,0.0,0.0,0.0,0.0,0.0,0.005,always_reactive,0.661991
h=0.3/q0=0.4/p=1/r=1/sig=0,A_core,0.3,0.4,1.0,1.0,0.0,1.0,bpi2019,autorpa_233k,always_compile_evict,29453282318.6,1.510595,29.4,53.6,72376.9,71052.9,0.0,137410.5,72318.8,0.027,always_reactive,0.661991
h=0.3/q0=0.4/p=1/r=1/sig=0,A_core,0.3,0.4,1.0,1.0,0.0,1.0,bpi2019,autorpa_233k,ours_evict,19497801224.0,1.0,0.0,0.0,0.0,0.0,0.0,0.0,0.0,0.005,always_reactive,0.661991
h=0.3/q0=0.4/p=1/r=1/sig=0,A_core,0.3,0.4,1.0,1.0,0.0,1.0,bpi2019,autorpa_233k,ours_noinflate,19497801224.0,1.0,0.0,0.0,0.0,0.0,0.0,0.0,0.0,0.005,always_reactive,0.661991
h=0.3/q0=0.4/p=1/r=1/sig=0,A_core,0.3,0.4,1.0,1.0,0.0,1.0,bpi2019,autorpa_233k,oracle_tax,19497801224.0,1.0,0.0,0.0,0.0,0.0,0.0,0.0,0.0,0.005,always_reactive,0.661991
h=0.3/q0=0.4/p=1/r=1/sig=0,A_core,0.3,0.4,1.0,1.0,0.0,1.0,bpi2019,autorpa_233k,offline_taxblind,19497801224.0,1.0,,,,,,,,,always_reactive,0.661991
h=0.3/q0=0.4/p=1/r=1/sig=0,A_core,0.3,0.4,1.0,1.0,0.0,1.0,bpi2019,autorpa_233k,offline_opt_tax,19497801224.0,1.0,,,,,,,,,always_reactive,0.661991
h=0.3/q0=0.4/p=1/r=1/sig=0,A_core,0.3,0.4,1.0,1.0,0.0,1.0,bpi2019,native,always_reactive,19497801224.0,1.496629,0.0,0.0,0.0,0.0,0.0,0.0,0.0,0.005,always_compile_evict,1.0
h=0.3/q0=0.4/p=1/r=1/sig=0,A_core,0.3,0.4,1.0,1.0,0.0,1.0,bpi2019,native,always_compile_evict,13027814962.3,1.0,3.6,15.2,72376.9,71052.9,0.0,137410.5,64204.7,0.013,always_compile_evict,1.0
h=0.3/q0=0.4/p=1/r=1/sig=0,A_core,0.3,0.4,1.0,1.0,0.0,1.0,bpi2019,native,ours_evict,13027814962.3,1.0,3.6,15.2,72376.9,71052.9,0.0,137410.5,64204.7,0.013,always_compile_evict,1.0
h=0.3/q0=0.4/p=1/r=1/sig=0,A_core,0.3,0.4,1.0,1.0,0.0,1.0,bpi2019,native,ours_noinflate,13027814962.3,1.0,3.6,15.2,72376.9,71052.9,0.0,137410.5,64204.7,0.013,always_compile_evict,1.0
h=0.3/q0=0.4/p=1/r=1/sig=0,A_core,0.3,0.4,1.0,1.0,0.0,1.0,bpi2019,native,oracle_tax,19476195192.5,1.49497,20.5,22.2,279.9,259.4,0.0,505.0,110.7,0.005,always_compile_evict,1.0
h=0.3/q0=0.4/p=1/r=1/sig=0,A_core,0.3,0.4,1.0,1.0,0.0,1.0,bpi2019,native,offline_taxblind,12655664428.66,0.971434,,,,,,,,,always_compile_evict,1.0
h=0.3/q0=0.4/p=1/r=1/sig=0,A_core,0.3,0.4,1.0,1.0,0.0,1.0,bpi2019,native,offline_opt_tax,12724629631.035,0.976728,,,,,,,,,always_compile_evict,1.0
h=0.3/q0=0.4/p=1/r=1/sig=0,A_core,0.3,0.4,1.0,1.0,0.0,1.0,sepsis,autorpa_233k,always_reactive,77101119.0,1.0,0.0,0.0,0.0,0.0,0.0,0.0,0.0,0.005,always_reactive,0.875793
h=0.3/q0=0.4/p=1/r=1/sig=0,A_core,0.3,0.4,1.0,1.0,0.0,1.0,sepsis,autorpa_233k,always_compile_evict,88035795.0,1.141823,14.2,15.8,62.4,43.2,0.0,82.5,61.3,0.012,always_reactive,0.875793
h=0.3/q0=0.4/p=1/r=1/sig=0,A_core,0.3,0.4,1.0,1.0,0.0,1.0,sepsis,autorpa_233k,ours_evict,77101119.0,1.0,0.0,0.0,0.0,0.0,0.0,0.0,0.0,0.005,always_reactive,0.875793
h=0.3/q0=0.4/p=1/r=1/sig=0,A_core,0.3,0.4,1.0,1.0,0.0,1.0,sepsis,autorpa_233k,ours_noinflate,77101119.0,1.0,0.0,0.0,0.0,0.0,0.0,0.0,0.0,0.005,always_reactive,0.875793
h=0.3/q0=0.4/p=1/r=1/sig=0,A_core,0.3,0.4,1.0,1.0,0.0,1.0,sepsis,autorpa_233k,oracle_tax,77101119.0,1.0,0.0,0.0,0.0,0.0,0.0,0.0,0.0,0.005,always_reactive,0.875793
h=0.3/q0=0.4/p=1/r=1/sig=0,A_core,0.3,0.4,1.0,1.0,0.0,1.0,sepsis,autorpa_233k,offline_taxblind,77101119.0,1.0,,,,,,,,,always_reactive,0.875793
h=0.3/q0=0.4/p=1/r=1/sig=0,A_core,0.3,0.4,1.0,1.0,0.0,1.0,sepsis,autorpa_233k,offline_opt_tax,77101119.0,1.0,,,,,,,,,always_reactive,0.875793
h=0.3/q0=0.4/p=1/r=1/sig=0,A_core,0.3,0.4,1.0,1.0,0.0,1.0,sepsis,native,always_reactive,77101119.0,1.042093,0.0,0.0,0.0,0.0,0.0,0.0,0.0,0.005,always_compile_evict,1.0
h=0.3/q0=0.4/p=1/r=1/sig=0,A_core,0.3,0.4,1.0,1.0,0.0,1.0,sepsis,native,always_compile_evict,73986826.3,1.0,2.4,7.9,62.4,43.2,0.0,82.5,12.7,0.009,always_compile_evict,1.0
h=0.3/q0=0.4/p=1/r=1/sig=0,A_core,0.3,0.4,1.0,1.0,0.0,1.0,sepsis,native,ours_evict,73986826.3,1.0,2.4,7.9,62.4,43.2,0.0,82.5,12.7,0.009,always_compile_evict,1.0
h=0.3/q0=0.4/p=1/r=1/sig=0,A_core,0.3,0.4,1.0,1.0,0.0,1.0,sepsis,native,ours_noinflate,73986826.3,1.0,2.4,7.9,62.4,43.2,0.0,82.5,12.7,0.009,always_compile_evict,1.0
h=0.3/q0=0.4/p=1/r=1/sig=0,A_core,0.3,0.4,1.0,1.0,0.0,1.0,sepsis,native,oracle_tax,74637277.1,1.008791,10.9,12.0,44.5,33.6,0.0,63.7,14.8,0.011,always_compile_evict,1.0
h=0.3/q0=0.4/p=1/r=1/sig=0,A_core,0.3,0.4,1.0,1.0,0.0,1.0,sepsis,native,offline_taxblind,58444139.82,0.789926,,,,,,,,,always_compile_evict,1.0
h=0.3/q0=0.4/p=1/r=1/sig=0,A_core,0.3,0.4,1.0,1.0,0.0,1.0,sepsis,native,offline_opt_tax,58734549.517,0.793851,,,,,,,,,always_compile_evict,1.0
h=0.3/q0=0.4/p=1/r=1/sig=0,A_core,0.3,0.4,1.0,1.0,0.0,1.0,wiki_A,autorpa_233k,always_reactive,5261420180.0,1.0,0.0,0.0,0.0,0.0,0.0,0.0,0.0,0.005,always_reactive,0.686484
h=0.3/q0=0.4/p=1/r=1/sig=0,A_core,0.3,0.4,1.0,1.0,0.0,1.0,wiki_A,autorpa_233k,always_compile_evict,7664300114.3,1.456698,6.7,34.8,19004.8,18779.9,0.0,36319.0,18948.5,0.011,always_reactive,0.686484
h=0.3/q0=0.4/p=1/r=1/sig=0,A_core,0.3,0.4,1.0,1.0,0.0,1.0,wiki_A,autorpa_233k,ours_evict,5261420180.0,1.0,0.0,0.0,0.0,0.0,0.0,0.0,0.0,0.005,always_reactive,0.686484
h=0.3/q0=0.4/p=1/r=1/sig=0,A_core,0.3,0.4,1.0,1.0,0.0,1.0,wiki_A,autorpa_233k,ours_noinflate,5261420180.0,1.0,0.0,0.0,0.0,0.0,0.0,0.0,0.0,0.005,always_reactive,0.686484
h=0.3/q0=0.4/p=1/r=1/sig=0,A_core,0.3,0.4,1.0,1.0,0.0,1.0,wiki_A,autorpa_233k,oracle_tax,5261420180.0,1.0,0.0,0.0,0.0,0.0,0.0,0.0,0.0,0.005,always_reactive,0.686484
h=0.3/q0=0.4/p=1/r=1/sig=0,A_core,0.3,0.4,1.0,1.0,0.0,1.0,wiki_A,autorpa_233k,offline_taxblind,5261420180.0,1.0,,,,,,,,,always_reactive,0.686484
h=0.3/q0=0.4/p=1/r=1/sig=0,A_core,0.3,0.4,1.0,1.0,0.0,1.0,wiki_A,autorpa_233k,offline_opt_tax,5261420180.0,1.0,,,,,,,,,always_reactive,0.686484
h=0.3/q0=0.4/p=1/r=1/sig=0,A_core,0.3,0.4,1.0,1.0,0.0,1.0,wiki_A,native,always_reactive,5261420180.0,1.516755,0.0,0.0,0.0,0.0,0.0,0.0,0.0,0.005,always_compile_evict,1.0
h=0.3/q0=0.4/p=1/r=1/sig=0,A_core,0.3,0.4,1.0,1.0,0.0,1.0,wiki_A,native,always_compile_evict,3468865831.1,1.0,3.0,11.1,19004.8,18779.9,0.0,36319.0,17380.7,0.011,always_compile_evict,1.0
h=0.3/q0=0.4/p=1/r=1/sig=0,A_core,0.3,0.4,1.0,1.0,0.0,1.0,wiki_A,native,ours_evict,3468865831.1,1.0,3.0,11.1,19004.8,18779.9,0.0,36319.0,17380.7,0.011,always_compile_evict,1.0
h=0.3/q0=0.4/p=1/r=1/sig=0,A_core,0.3,0.4,1.0,1.0,0.0,1.0,wiki_A,native,ours_noinflate,3468865831.1,1.0,3.0,11.1,19004.8,18779.9,0.0,36319.0,17380.7,0.011,always_compile_evict,1.0
h=0.3/q0=0.4/p=1/r=1/sig=0,A_core,0.3,0.4,1.0,1.0,0.0,1.0,wiki_A,native,oracle_tax,5228724805.7,1.50733,5.3,6.8,312.0,306.7,0.0,594.8,156.6,0.005,always_compile_evict,1.0
h=0.3/q0=0.4/p=1/r=1/sig=0,A_core,0.3,0.4,1.0,1.0,0.0,1.0,wiki_A,native,offline_taxblind,3396431269.738,0.979119,,,,,,,,,always_compile_evict,1.0
h=0.3/q0=0.4/p=1/r=1/sig=0,A_core,0.3,0.4,1.0,1.0,0.0,1.0,wiki_A,native,offline_opt_tax,3408082638.22,0.982478,,,,,,,,,always_compile_evict,1.0
h=0.3/q0=0.4/p=1/r=1/sig=0,A_core,0.3,0.4,1.0,1.0,0.0,1.0,wiki_B,autorpa_233k,always_reactive,7373315056.0,1.0,0.0,0.0,0.0,0.0,0.0,0.0,0.0,0.005,always_reactive,0.810297
h=0.3/q0=0.4/p=1/r=1/sig=0,A_core,0.3,0.4,1.0,1.0,0.0,1.0,wiki_B,autorpa_233k,always_compile_evict,9099524583.0,1.234116,46.8,61.4,9680.3,8467.1,0.0,16289.7,9659.3,0.041,always_reactive,0.810297
h=0.3/q0=0.4/p=1/r=1/sig=0,A_core,0.3,0.4,1.0,1.0,0.0,1.0,wiki_B,autorpa_233k,ours_evict,7373315056.0,1.0,0.0,0.0,0.0,0.0,0.0,0.0,0.0,0.005,always_reactive,0.810297
h=0.3/q0=0.4/p=1/r=1/sig=0,A_core,0.3,0.4,1.0,1.0,0.0,1.0,wiki_B,autorpa_233k,ours_noinflate,7373315056.0,1.0,0.0,0.0,0.0,0.0,0.0,0.0,0.0,0.005,always_reactive,0.810297
h=0.3/q0=0.4/p=1/r=1/sig=0,A_core,0.3,0.4,1.0,1.0,0.0,1.0,wiki_B,autorpa_233k,oracle_tax,7373315056.0,1.0,0.0,0.0,0.0,0.0,0.0,0.0,0.0,0.005,always_reactive,0.810297
h=0.3/q0=0.4/p=1/r=1/sig=0,A_core,0.3,0.4,1.0,1.0,0.0,1.0,wiki_B,autorpa_233k,offline_taxblind,7373315056.0,1.0,,,,,,,,,always_reactive,0.810297
h=0.3/q0=0.4/p=1/r=1/sig=0,A_core,0.3,0.4,1.0,1.0,0.0,1.0,wiki_B,autorpa_233k,offline_opt_tax,7373315056.0,1.0,,,,,,,,,always_reactive,0.810297
h=0.3/q0=0.4/p=1/r=1/sig=0,A_core,0.3,0.4,1.0,1.0,0.0,1.0,wiki_B,native,always_reactive,7373315056.0,1.103295,0.0,0.0,0.0,0.0,0.0,0.0,0.0,0.005,always_compile_evict,1.0
h=0.3/q0=0.4/p=1/r=1/sig=0,A_core,0.3,0.4,1.0,1.0,0.0,1.0,wiki_B,native,always_compile_evict,6682992171.7,1.0,2.9,12.3,9680.3,8467.1,0.0,16289.7,5265.9,0.01,always_compile_evict,1.0
h=0.3/q0=0.4/p=1/r=1/sig=0,A_core,0.3,0.4,1.0,1.0,0.0,1.0,wiki_B,native,ours_evict,6682992171.7,1.0,2.9,12.3,9680.3,8467.1,0.0,16289.7,5265.9,0.01,always_compile_evict,1.0
h=0.3/q0=0.4/p=1/r=1/sig=0,A_core,0.3,0.4,1.0,1.0,0.0,1.0,wiki_B,native,ours_noinflate,6682992171.7,1.0,2.9,12.3,9680.3,8467.1,0.0,16289.7,5265.9,0.01,always_compile_evict,1.0
h=0.3/q0=0.4/p=1/r=1/sig=0,A_core,0.3,0.4,1.0,1.0,0.0,1.0,wiki_B,native,oracle_tax,7365670851.4,1.102152,29.3,30.4,142.8,113.5,0.0,216.7,46.1,0.005,always_compile_evict,1.0
h=0.3/q0=0.4/p=1/r=1/sig=0,A_core,0.3,0.4,1.0,1.0,0.0,1.0,wiki_B,native,offline_taxblind,5463553596.378,0.817531,,,,,,,,,always_compile_evict,1.0
h=0.3/q0=0.4/p=1/r=1/sig=0,A_core,0.3,0.4,1.0,1.0,0.0,1.0,wiki_B,native,offline_opt_tax,5475498265.909,0.819318,,,,,,,,,always_compile_evict,1.0
h=0/q0=0.4/p=0.3/r=1/sig=0,A_core,0.0,0.4,0.3,1.0,0.0,1.0,bpi2019,autorpa_233k,always_reactive,19497801224.0,1.68346,0.0,0.0,0.0,0.0,0.0,0.0,0.0,0.005,ours_noinflate,0.935761
h=0/q0=0.4/p=0.3/r=1/sig=0,A_core,0.0,0.4,0.3,1.0,0.0,1.0,bpi2019,autorpa_233k,always_compile_evict,12377073828.2,1.068649,99.5,153.4,4453.6,0.0,0.0,0.0,4246.9,0.219,ours_noinflate,0.935761
h=0/q0=0.4/p=0.3/r=1/sig=0,A_core,0.0,0.4,0.3,1.0,0.0,1.0,bpi2019,autorpa_233k,ours_evict,15468766325.6,1.335589,45.6,69.2,1186.2,0.0,0.0,0.0,1126.9,0.075,ours_noinflate,0.935761
h=0/q0=0.4/p=0.3/r=1/sig=0,A_core,0.0,0.4,0.3,1.0,0.0,1.0,bpi2019,autorpa_233k,ours_noinflate,11581979584.9,1.0,85.1,122.0,2096.6,0.0,0.0,0.0,1973.8,0.178,ours_noinflate,0.935761
h=0/q0=0.4/p=0.3/r=1/sig=0,A_core,0.0,0.4,0.3,1.0,0.0,1.0,bpi2019,autorpa_233k,oracle_tax,10791431808.4,0.931743,81.4,81.4,271.8,0.0,0.0,0.0,190.4,0.098,ours_noinflate,0.935761
h=0/q0=0.4/p=0.3/r=1/sig=0,A_core,0.0,0.4,0.3,1.0,0.0,1.0,bpi2019,autorpa_233k,offline_taxblind,9140652667.468,0.789213,,,,,,,,,ours_noinflate,0.935761
h=0/q0=0.4/p=0.3/r=1/sig=0,A_core,0.0,0.4,0.3,1.0,0.0,1.0,bpi2019,autorpa_233k,offline_opt_tax,10267947289.283,0.886545,,,,,,,,,ours_noinflate,0.935761
h=0/q0=0.4/p=0.3/r=1/sig=0,A_core,0.0,0.4,0.3,1.0,0.0,1.0,bpi2019,native,always_reactive,19497801224.0,2.145897,0.0,0.0,0.0,0.0,0.0,0.0,0.0,0.005,always_compile_evict,1.0
h=0/q0=0.4/p=0.3/r=1/sig=0,A_core,0.0,0.4,0.3,1.0,0.0,1.0,bpi2019,native,always_compile_evict,9075575457.7,0.998843,8.0,28.2,4453.6,0.0,0.0,0.0,3117.5,0.041,always_compile_evict,1.0
h=0/q0=0.4/p=0.3/r=1/sig=0,A_core,0.0,0.4,0.3,1.0,0.0,1.0,bpi2019,native,ours_evict,10365124483.1,1.140769,7.1,25.9,3801.6,0.0,0.0,0.0,2658.9,0.033,always_compile_evict,1.0
h=0/q0=0.4/p=0.3/r=1/sig=0,A_core,0.0,0.4,0.3,1.0,0.0,1.0,bpi2019,native,ours_noinflate,9086085691.8,1.0,8.0,28.2,4274.0,0.0,0.0,0.0,2991.4,0.041,always_compile_evict,1.0
h=0/q0=0.4/p=0.3/r=1/sig=0,A_core,0.0,0.4,0.3,1.0,0.0,1.0,bpi2019,native,oracle_tax,10734658778.5,1.181439,98.1,98.1,322.6,0.0,0.0,0.0,224.5,0.102,always_compile_evict,1.0
h=0/q0=0.4/p=0.3/r=1/sig=0,A_core,0.0,0.4,0.3,1.0,0.0,1.0,bpi2019,native,offline_taxblind,8453520316.135,0.930381,,,,,,,,,always_compile_evict,1.0
h=0/q0=0.4/p=0.3/r=1/sig=0,A_core,0.0,0.4,0.3,1.0,0.0,1.0,bpi2019,native,offline_opt_tax,8676596894.2,0.954932,,,,,,,,,always_compile_evict,1.0
h=0/q0=0.4/p=0.3/r=1/sig=0,A_core,0.0,0.4,0.3,1.0,0.0,1.0,sepsis,autorpa_233k,always_reactive,77101119.0,0.987163,0.0,0.0,0.0,0.0,0.0,0.0,0.0,0.005,always_reactive,0.895861
h=0/q0=0.4/p=0.3/r=1/sig=0,A_core,0.0,0.4,0.3,1.0,0.0,1.0,sepsis,autorpa_233k,always_compile_evict,86063661.7,1.101915,13.5,13.8,55.3,0.0,0.0,0.0,50.7,0.011,always_reactive,0.895861
h=0/q0=0.4/p=0.3/r=1/sig=0,A_core,0.0,0.4,0.3,1.0,0.0,1.0,sepsis,autorpa_233k,ours_evict,77693872.2,0.994753,1.0,1.0,4.4,0.0,0.0,0.0,3.8,0.005,always_reactive,0.895861
h=0/q0=0.4/p=0.3/r=1/sig=0,A_core,0.0,0.4,0.3,1.0,0.0,1.0,sepsis,autorpa_233k,ours_noinflate,78103714.6,1.0,2.3,2.3,8.2,0.0,0.0,0.0,6.3,0.006,always_reactive,0.895861
h=0/q0=0.4/p=0.3/r=1/sig=0,A_core,0.0,0.4,0.3,1.0,0.0,1.0,sepsis,autorpa_233k,oracle_tax,76629037.0,0.981119,1.8,1.8,6.0,0.0,0.0,0.0,4.2,0.007,always_reactive,0.895861
h=0/q0=0.4/p=0.3/r=1/sig=0,A_core,0.0,0.4,0.3,1.0,0.0,1.0,sepsis,autorpa_233k,offline_taxblind,75956144.6,0.972504,,,,,,,,,always_reactive,0.895861
h=0/q0=0.4/p=0.3/r=1/sig=0,A_core,0.0,0.4,0.3,1.0,0.0,1.0,sepsis,autorpa_233k,offline_opt_tax,76159208.133,0.975104,,,,,,,,,always_reactive,0.895861
h=0/q0=0.4/p=0.3/r=1/sig=0,A_core,0.0,0.4,0.3,1.0,0.0,1.0,sepsis,native,always_reactive,77101119.0,1.043682,0.0,0.0,0.0,0.0,0.0,0.0,0.0,0.005,always_compile_evict,1.0
h=0/q0=0.4/p=0.3/r=1/sig=0,A_core,0.0,0.4,0.3,1.0,0.0,1.0,sepsis,native,always_compile_evict,73874157.8,1.0,9.2,11.0,55.3,0.0,0.0,0.0,40.6,0.012,always_compile_evict,1.0
h=0/q0=0.4/p=0.3/r=1/sig=0,A_core,0.0,0.4,0.3,1.0,0.0,1.0,sepsis,native,ours_evict,74422562.9,1.007424,7.8,9.7,46.9,0.0,0.0,0.0,33.9,0.011,always_compile_evict,1.0
h=0/q0=0.4/p=0.3/r=1/sig=0,A_core,0.0,0.4,0.3,1.0,0.0,1.0,sepsis,native,ours_noinflate,73874157.8,1.0,9.2,11.0,55.3,0.0,0.0,0.0,40.6,0.012,always_compile_evict,1.0
h=0/q0=0.4/p=0.3/r=1/sig=0,A_core,0.0,0.4,0.3,1.0,0.0,1.0,sepsis,native,oracle_tax,73812279.5,0.999162,8.2,8.2,30.4,0.0,0.0,0.0,22.2,0.011,always_compile_evict,1.0
h=0/q0=0.4/p=0.3/r=1/sig=0,A_core,0.0,0.4,0.3,1.0,0.0,1.0,sepsis,native,offline_taxblind,66526302.133,0.900536,,,,,,,,,always_compile_evict,1.0
h=0/q0=0.4/p=0.3/r=1/sig=0,A_core,0.0,0.4,0.3,1.0,0.0,1.0,sepsis,native,offline_opt_tax,67956290.578,0.919893,,,,,,,,,always_compile_evict,1.0
h=0/q0=0.4/p=0.3/r=1/sig=0,A_core,0.0,0.4,0.3,1.0,0.0,1.0,wiki_A,autorpa_233k,always_reactive,5261420180.0,2.0414,0.0,0.0,0.0,0.0,0.0,0.0,0.0,0.005,ours_noinflate,0.977143
h=0/q0=0.4/p=0.3/r=1/sig=0,A_core,0.0,0.4,0.3,1.0,0.0,1.0,wiki_A,autorpa_233k,always_compile_evict,2637646793.2,1.023391,30.6,72.5,755.3,0.0,0.0,0.0,682.0,0.071,ours_noinflate,0.977143
h=0/q0=0.4/p=0.3/r=1/sig=0,A_core,0.0,0.4,0.3,1.0,0.0,1.0,wiki_A,autorpa_233k,ours_evict,4003072645.7,1.553169,9.8,25.6,215.2,0.0,0.0,0.0,187.7,0.019,ours_noinflate,0.977143
h=0/q0=0.4/p=0.3/r=1/sig=0,A_core,0.0,0.4,0.3,1.0,0.0,1.0,wiki_A,autorpa_233k,ours_noinflate,2577358798.2,1.0,18.0,45.3,399.1,0.0,0.0,0.0,344.2,0.044,ours_noinflate,0.977143
h=0/q0=0.4/p=0.3/r=1/sig=0,A_core,0.0,0.4,0.3,1.0,0.0,1.0,wiki_A,autorpa_233k,oracle_tax,2594530659.7,1.006663,33.7,33.7,118.6,0.0,0.0,0.0,84.9,0.063,ours_noinflate,0.977143
h=0/q0=0.4/p=0.3/r=1/sig=0,A_core,0.0,0.4,0.3,1.0,0.0,1.0,wiki_A,autorpa_233k,offline_taxblind,2372169828.0,0.920388,,,,,,,,,ours_noinflate,0.977143
h=0/q0=0.4/p=0.3/r=1/sig=0,A_core,0.0,0.4,0.3,1.0,0.0,1.0,wiki_A,autorpa_233k,offline_opt_tax,2445034333.558,0.948659,,,,,,,,,ours_noinflate,0.977143
h=0/q0=0.4/p=0.3/r=1/sig=0,A_core,0.0,0.4,0.3,1.0,0.0,1.0,wiki_A,native,always_reactive,5261420180.0,2.245969,0.0,0.0,0.0,0.0,0.0,0.0,0.0,0.005,always_compile_evict,1.0
h=0/q0=0.4/p=0.3/r=1/sig=0,A_core,0.0,0.4,0.3,1.0,0.0,1.0,wiki_A,native,always_compile_evict,2342056470.9,0.999765,4.0,21.2,755.3,0.0,0.0,0.0,529.9,0.025,always_compile_evict,1.0
h=0/q0=0.4/p=0.3/r=1/sig=0,A_core,0.0,0.4,0.3,1.0,0.0,1.0,wiki_A,native,ours_evict,3086543530.7,1.317568,3.0,18.8,670.6,0.0,0.0,0.0,469.2,0.018,always_compile_evict,1.0
h=0/q0=0.4/p=0.3/r=1/sig=0,A_core,0.0,0.4,0.3,1.0,0.0,1.0,wiki_A,native,ours_noinflate,2342606004.8,1.0,4.0,21.2,752.5,0.0,0.0,0.0,527.5,0.025,always_compile_evict,1.0
h=0/q0=0.4/p=0.3/r=1/sig=0,A_core,0.0,0.4,0.3,1.0,0.0,1.0,wiki_A,native,oracle_tax,2567255802.6,1.095897,41.3,41.3,143.7,0.0,0.0,0.0,102.4,0.073,always_compile_evict,1.0
h=0/q0=0.4/p=0.3/r=1/sig=0,A_core,0.0,0.4,0.3,1.0,0.0,1.0,wiki_A,native,offline_taxblind,2248506639.333,0.959831,,,,,,,,,always_compile_evict,1.0
h=0/q0=0.4/p=0.3/r=1/sig=0,A_core,0.0,0.4,0.3,1.0,0.0,1.0,wiki_A,native,offline_opt_tax,2272345397.918,0.970008,,,,,,,,,always_compile_evict,1.0
h=0/q0=0.4/p=0.3/r=1/sig=0,A_core,0.0,0.4,0.3,1.0,0.0,1.0,wiki_B,autorpa_233k,always_reactive,7373315056.0,0.990067,0.0,0.0,0.0,0.0,0.0,0.0,0.0,0.005,always_reactive,0.90454
h=0/q0=0.4/p=0.3/r=1/sig=0,A_core,0.0,0.4,0.3,1.0,0.0,1.0,wiki_B,autorpa_233k,always_compile_evict,8151453534.1,1.094553,147.1,165.3,3781.9,0.0,0.0,0.0,3656.4,0.129,always_reactive,0.90454
h=0/q0=0.4/p=0.3/r=1/sig=0,A_core,0.0,0.4,0.3,1.0,0.0,1.0,wiki_B,autorpa_233k,ours_evict,7481766479.6,1.00463,63.0,70.9,1042.7,0.0,0.0,0.0,1003.0,0.047,always_reactive,0.90454
h=0/q0=0.4/p=0.3/r=1/sig=0,A_core,0.0,0.4,0.3,1.0,0.0,1.0,wiki_B,autorpa_233k,ours_noinflate,7447287261.3,1.0,110.8,122.2,1672.8,0.0,0.0,0.0,1590.0,0.079,always_reactive,0.90454
h=0/q0=0.4/p=0.3/r=1/sig=0,A_core,0.0,0.4,0.3,1.0,0.0,1.0,wiki_B,autorpa_233k,oracle_tax,7013308216.0,0.941727,26.0,26.0,86.5,0.0,0.0,0.0,60.5,0.028,always_reactive,0.90454
h=0/q0=0.4/p=0.3/r=1/sig=0,A_core,0.0,0.4,0.3,1.0,0.0,1.0,wiki_B,autorpa_233k,offline_taxblind,6550545006.133,0.879588,,,,,,,,,always_reactive,0.90454
h=0/q0=0.4/p=0.3/r=1/sig=0,A_core,0.0,0.4,0.3,1.0,0.0,1.0,wiki_B,autorpa_233k,offline_opt_tax,6898912580.425,0.926366,,,,,,,,,always_reactive,0.90454
h=0/q0=0.4/p=0.3/r=1/sig=0,A_core,0.0,0.4,0.3,1.0,0.0,1.0,wiki_B,native,always_reactive,7373315056.0,1.146418,0.0,0.0,0.0,0.0,0.0,0.0,0.0,0.005,always_compile_evict,1.0
h=0/q0=0.4/p=0.3/r=1/sig=0,A_core,0.0,0.4,0.3,1.0,0.0,1.0,wiki_B,native,always_compile_evict,6431101935.1,0.999921,15.4,30.4,3781.9,0.0,0.0,0.0,2647.6,0.025,always_compile_evict,1.0
h=0/q0=0.4/p=0.3/r=1/sig=0,A_core,0.0,0.4,0.3,1.0,0.0,1.0,wiki_B,native,ours_evict,6541212799.3,1.017041,13.4,27.0,3437.9,0.0,0.0,0.0,2408.2,0.023,always_compile_evict,1.0
h=0/q0=0.4/p=0.3/r=1/sig=0,A_core,0.0,0.4,0.3,1.0,0.0,1.0,wiki_B,native,ours_noinflate,6431611173.9,1.0,15.4,30.4,3776.7,0.0,0.0,0.0,2644.1,0.025,always_compile_evict,1.0
h=0/q0=0.4/p=0.3/r=1/sig=0,A_core,0.0,0.4,0.3,1.0,0.0,1.0,wiki_B,native,oracle_tax,6992474857.1,1.087204,63.7,63.7,211.8,0.0,0.0,0.0,148.1,0.038,always_compile_evict,1.0
h=0/q0=0.4/p=0.3/r=1/sig=0,A_core,0.0,0.4,0.3,1.0,0.0,1.0,wiki_B,native,offline_taxblind,5838004711.332,0.907705,,,,,,,,,always_compile_evict,1.0
h=0/q0=0.4/p=0.3/r=1/sig=0,A_core,0.0,0.4,0.3,1.0,0.0,1.0,wiki_B,native,offline_opt_tax,5890194886.259,0.915819,,,,,,,,,always_compile_evict,1.0
h=0/q0=0.4/p=0.5/r=1/sig=0,A_core,0.0,0.4,0.5,1.0,0.0,1.0,bpi2019,autorpa_233k,always_reactive,19497801224.0,1.758951,0.0,0.0,0.0,0.0,0.0,0.0,0.0,0.005,ours_noinflate,0.978015
h=0/q0=0.4/p=0.5/r=1/sig=0,A_core,0.0,0.4,0.5,1.0,0.0,1.0,bpi2019,autorpa_233k,always_compile_evict,11334088624.5,1.02248,85.5,122.7,3163.6,0.0,0.0,0.0,2883.6,0.179,ours_noinflate,0.978015
h=0/q0=0.4/p=0.5/r=1/sig=0,A_core,0.0,0.4,0.5,1.0,0.0,1.0,bpi2019,autorpa_233k,ours_evict,12488856330.7,1.126654,67.6,92.1,1428.8,0.0,0.0,0.0,1292.6,0.123,ours_noinflate,0.978015
h=0/q0=0.4/p=0.5/r=1/sig=0,A_core,0.0,0.4,0.5,1.0,0.0,1.0,bpi2019,autorpa_233k,ours_noinflate,11084905192.5,1.0,81.3,108.2,1683.8,0.0,0.0,0.0,1514.2,0.164,ours_noinflate,0.978015
h=0/q0=0.4/p=0.5/r=1/sig=0,A_core,0.0,0.4,0.5,1.0,0.0,1.0,bpi2019,autorpa_233k,oracle_tax,10777089771.8,0.972231,86.9,86.9,176.8,0.0,0.0,0.0,89.9,0.1,ours_noinflate,0.978015
h=0/q0=0.4/p=0.5/r=1/sig=0,A_core,0.0,0.4,0.5,1.0,0.0,1.0,bpi2019,autorpa_233k,offline_taxblind,8982995979.402,0.810381,,,,,,,,,ours_noinflate,0.978015
h=0/q0=0.4/p=0.5/r=1/sig=0,A_core,0.0,0.4,0.5,1.0,0.0,1.0,bpi2019,autorpa_233k,offline_opt_tax,9978863989.106,0.900221,,,,,,,,,ours_noinflate,0.978015
h=0/q0=0.4/p=0.5/r=1/sig=0,A_core,0.0,0.4,0.5,1.0,0.0,1.0,bpi2019,native,always_reactive,19497801224.0,2.192582,0.0,0.0,0.0,0.0,0.0,0.0,0.0,0.005,always_compile_evict,1.0
h=0/q0=0.4/p=0.5/r=1/sig=0,A_core,0.0,0.4,0.5,1.0,0.0,1.0,bpi2019,native,always_compile_evict,8889454532.0,0.999644,6.0,22.0,3163.6,0.0,0.0,0.0,1580.2,0.031,always_compile_evict,1.0
h=0/q0=0.4/p=0.5/r=1/sig=0,A_core,0.0,0.4,0.5,1.0,0.0,1.0,bpi2019,native,ours_evict,9042368902.2,1.016839,6.0,22.0,3071.8,0.0,0.0,0.0,1536.0,0.03,always_compile_evict,1.0
h=0/q0=0.4/p=0.5/r=1/sig=0,A_core,0.0,0.4,0.5,1.0,0.0,1.0,bpi2019,native,ours_noinflate,8892622143.4,1.0,6.0,22.0,3123.8,0.0,0.0,0.0,1561.6,0.031,always_compile_evict,1.0
h=0/q0=0.4/p=0.5/r=1/sig=0,A_core,0.0,0.4,0.5,1.0,0.0,1.0,bpi2019,native,oracle_tax,10741959213.6,1.207963,103.6,103.6,207.6,0.0,0.0,0.0,104.0,0.103,always_compile_evict,1.0
h=0/q0=0.4/p=0.5/r=1/sig=0,A_core,0.0,0.4,0.5,1.0,0.0,1.0,bpi2019,native,offline_taxblind,8290445408.8,0.932284,,,,,,,,,always_compile_evict,1.0
h=0/q0=0.4/p=0.5/r=1/sig=0,A_core,0.0,0.4,0.5,1.0,0.0,1.0,bpi2019,native,offline_opt_tax,8442960039.922,0.949434,,,,,,,,,always_compile_evict,1.0
h=0/q0=0.4/p=0.5/r=1/sig=0,A_core,0.0,0.4,0.5,1.0,0.0,1.0,sepsis,autorpa_233k,always_reactive,77101119.0,0.995289,0.0,0.0,0.0,0.0,0.0,0.0,0.0,0.005,ours_evict,0.943328
h=0/q0=0.4/p=0.5/r=1/sig=0,A_core,0.0,0.4,0.5,1.0,0.0,1.0,sepsis,autorpa_233k,always_compile_evict,81699275.0,1.054646,15.7,17.5,39.4,0.0,0.0,0.0,34.4,0.015,ours_evict,0.943328
h=0/q0=0.4/p=0.5/r=1/sig=0,A_core,0.0,0.4,0.5,1.0,0.0,1.0,sepsis,autorpa_233k,ours_evict,77069214.5,0.994877,3.1,3.9,7.1,0.0,0.0,0.0,4.2,0.007,ours_evict,0.943328
h=0/q0=0.4/p=0.5/r=1/sig=0,A_core,0.0,0.4,0.5,1.0,0.0,1.0,sepsis,autorpa_233k,ours_noinflate,77466038.8,1.0,4.9,5.7,11.1,0.0,0.0,0.0,7.9,0.008,ours_evict,0.943328
h=0/q0=0.4/p=0.5/r=1/sig=0,A_core,0.0,0.4,0.5,1.0,0.0,1.0,sepsis,autorpa_233k,oracle_tax,75361735.5,0.972836,3.9,3.9,7.0,0.0,0.0,0.0,3.1,0.009,ours_evict,0.943328
h=0/q0=0.4/p=0.5/r=1/sig=0,A_core,0.0,0.4,0.5,1.0,0.0,1.0,sepsis,autorpa_233k,offline_taxblind,74592210.2,0.962902,,,,,,,,,ours_evict,0.943328
h=0/q0=0.4/p=0.5/r=1/sig=0,A_core,0.0,0.4,0.5,1.0,0.0,1.0,sepsis,autorpa_233k,offline_opt_tax,75033775.261,0.968602,,,,,,,,,ours_evict,0.943328
h=0/q0=0.4/p=0.5/r=1/sig=0,A_core,0.0,0.4,0.5,1.0,0.0,1.0,sepsis,native,always_reactive,77101119.0,1.058884,0.0,0.0,0.0,0.0,0.0,0.0,0.0,0.005,always_compile_evict,1.0
h=0/q0=0.4/p=0.5/r=1/sig=0,A_core,0.0,0.4,0.5,1.0,0.0,1.0,sepsis,native,always_compile_evict,72813563.5,1.0,8.2,11.1,39.4,0.0,0.0,0.0,19.7,0.013,always_compile_evict,1.0
h=0/q0=0.4/p=0.5/r=1/sig=0,A_core,0.0,0.4,0.5,1.0,0.0,1.0,sepsis,native,ours_evict,72875731.0,1.000854,8.0,10.9,39.2,0.0,0.0,0.0,19.7,0.012,always_compile_evict,1.0
h=0/q0=0.4/p=0.5/r=1/sig=0,A_core,0.0,0.4,0.5,1.0,0.0,1.0,sepsis,native,ours_noinflate,72813563.5,1.0,8.2,11.1,39.4,0.0,0.0,0.0,19.7,0.013,always_compile_evict,1.0
h=0/q0=0.4/p=0.5/r=1/sig=0,A_core,0.0,0.4,0.5,1.0,0.0,1.0,sepsis,native,oracle_tax,73043583.0,1.003159,12.1,12.1,23.8,0.0,0.0,0.0,11.7,0.013,always_compile_evict,1.0
h=0/q0=0.4/p=0.5/r=1/sig=0,A_core,0.0,0.4,0.5,1.0,0.0,1.0,sepsis,native,offline_taxblind,56053545.6,0.769823,,,,,,,,,always_compile_evict,1.0
h=0/q0=0.4/p=0.5/r=1/sig=0,A_core,0.0,0.4,0.5,1.0,0.0,1.0,sepsis,native,offline_opt_tax,56864689.955,0.780963,,,,,,,,,always_compile_evict,1.0
h=0/q0=0.4/p=0.5/r=1/sig=0,A_core,0.0,0.4,0.5,1.0,0.0,1.0,wiki_A,autorpa_233k,always_reactive,5261420180.0,2.083874,0.0,0.0,0.0,0.0,0.0,0.0,0.0,0.005,ours_noinflate,0.993189
h=0/q0=0.4/p=0.5/r=1/sig=0,A_core,0.0,0.4,0.5,1.0,0.0,1.0,wiki_A,autorpa_233k,always_compile_evict,2542139486.5,1.006857,18.5,57.8,529.3,0.0,0.0,0.0,450.7,0.062,ours_noinflate,0.993189
h=0/q0=0.4/p=0.5/r=1/sig=0,A_core,0.0,0.4,0.5,1.0,0.0,1.0,wiki_A,autorpa_233k,ours_evict,2685192048.6,1.063516,13.7,40.7,246.8,0.0,0.0,0.0,197.7,0.04,ours_noinflate,0.993189
h=0/q0=0.4/p=0.5/r=1/sig=0,A_core,0.0,0.4,0.5,1.0,0.0,1.0,wiki_A,autorpa_233k,ours_noinflate,2524826029.5,1.0,17.0,47.6,296.2,0.0,0.0,0.0,235.5,0.049,ours_noinflate,0.993189
h=0/q0=0.4/p=0.5/r=1/sig=0,A_core,0.0,0.4,0.5,1.0,0.0,1.0,wiki_A,autorpa_233k,oracle_tax,2581727371.4,1.022537,38.8,38.8,80.7,0.0,0.0,0.0,41.9,0.071,ours_noinflate,0.993189
h=0/q0=0.4/p=0.5/r=1/sig=0,A_core,0.0,0.4,0.5,1.0,0.0,1.0,wiki_A,autorpa_233k,offline_taxblind,2340766704.0,0.9271,,,,,,,,,ours_noinflate,0.993189
h=0/q0=0.4/p=0.5/r=1/sig=0,A_core,0.0,0.4,0.5,1.0,0.0,1.0,wiki_A,autorpa_233k,offline_opt_tax,2420116774.354,0.958528,,,,,,,,,ours_noinflate,0.993189
h=0/q0=0.4/p=0.5/r=1/sig=0,A_core,0.0,0.4,0.5,1.0,0.0,1.0,wiki_A,native,always_reactive,5261420180.0,2.26716,0.0,0.0,0.0,0.0,0.0,0.0,0.0,0.005,always_compile_evict,1.0
h=0/q0=0.4/p=0.5/r=1/sig=0,A_core,0.0,0.4,0.5,1.0,0.0,1.0,wiki_A,native,always_compile_evict,2320580763.6,0.999944,4.0,16.6,529.3,0.0,0.0,0.0,264.5,0.022,always_compile_evict,1.0
h=0/q0=0.4/p=0.5/r=1/sig=0,A_core,0.0,0.4,0.5,1.0,0.0,1.0,wiki_A,native,ours_evict,2366531031.6,1.019745,3.8,16.4,520.9,0.0,0.0,0.0,259.5,0.021,always_compile_evict,1.0
h=0/q0=0.4/p=0.5/r=1/sig=0,A_core,0.0,0.4,0.5,1.0,0.0,1.0,wiki_A,native,ours_noinflate,2320709750.8,1.0,4.0,16.6,527.6,0.0,0.0,0.0,263.4,0.022,always_compile_evict,1.0
h=0/q0=0.4/p=0.5/r=1/sig=0,A_core,0.0,0.4,0.5,1.0,0.0,1.0,wiki_A,native,oracle_tax,2564024792.8,1.104845,43.3,43.3,89.5,0.0,0.0,0.0,46.2,0.074,always_compile_evict,1.0
h=0/q0=0.4/p=0.5/r=1/sig=0,A_core,0.0,0.4,0.5,1.0,0.0,1.0,wiki_A,native,offline_taxblind,2215384153.2,0.954615,,,,,,,,,always_compile_evict,1.0
h=0/q0=0.4/p=0.5/r=1/sig=0,A_core,0.0,0.4,0.5,1.0,0.0,1.0,wiki_A,native,offline_opt_tax,2235212258.69,0.963159,,,,,,,,,always_compile_evict,1.0
h=0/q0=0.4/p=0.5/r=1/sig=0,A_core,0.0,0.4,0.5,1.0,0.0,1.0,wiki_B,autorpa_233k,always_reactive,7373315056.0,1.004321,0.0,0.0,0.0,0.0,0.0,0.0,0.0,0.005,ours_noinflate,0.961139
h=0/q0=0.4/p=0.5/r=1/sig=0,A_core,0.0,0.4,0.5,1.0,0.0,1.0,wiki_B,autorpa_233k,always_compile_evict,7638428951.1,1.040432,112.1,129.4,2787.8,0.0,0.0,0.0,2632.5,0.108,ours_noinflate,0.961139
h=0/q0=0.4/p=0.5/r=1/sig=0,A_core,0.0,0.4,0.5,1.0,0.0,1.0,wiki_B,autorpa_233k,ours_evict,7363244059.9,1.002949,87.8,100.3,1248.0,0.0,0.0,0.0,1162.0,0.074,ours_noinflate,0.961139
h=0/q0=0.4/p=0.5/r=1/sig=0,A_core,0.0,0.4,0.5,1.0,0.0,1.0,wiki_B,autorpa_233k,ours_noinflate,7341592767.9,1.0,101.3,116.6,1458.1,0.0,0.0,0.0,1351.7,0.086,ours_noinflate,0.961139
h=0/q0=0.4/p=0.5/r=1/sig=0,A_core,0.0,0.4,0.5,1.0,0.0,1.0,wiki_B,autorpa_233k,oracle_tax,7005693700.7,0.954247,30.5,30.5,61.2,0.0,0.0,0.0,30.7,0.031,ours_noinflate,0.961139
h=0/q0=0.4/p=0.5/r=1/sig=0,A_core,0.0,0.4,0.5,1.0,0.0,1.0,wiki_B,autorpa_233k,offline_taxblind,6451689780.8,0.878786,,,,,,,,,ours_noinflate,0.961139
h=0/q0=0.4/p=0.5/r=1/sig=0,A_core,0.0,0.4,0.5,1.0,0.0,1.0,wiki_B,autorpa_233k,offline_opt_tax,6821869290.046,0.929208,,,,,,,,,ours_noinflate,0.961139
h=0/q0=0.4/p=0.5/r=1/sig=0,A_core,0.0,0.4,0.5,1.0,0.0,1.0,wiki_B,native,always_reactive,7373315056.0,1.166774,0.0,0.0,0.0,0.0,0.0,0.0,0.0,0.005,always_compile_evict,1.0
h=0/q0=0.4/p=0.5/r=1/sig=0,A_core,0.0,0.4,0.5,1.0,0.0,1.0,wiki_B,native,always_compile_evict,6319297064.9,0.999983,10.0,22.0,2787.8,0.0,0.0,0.0,1402.3,0.019,always_compile_evict,1.0
h=0/q0=0.4/p=0.5/r=1/sig=0,A_core,0.0,0.4,0.5,1.0,0.0,1.0,wiki_B,native,ours_evict,6325337177.4,1.000939,9.9,21.9,2753.7,0.0,0.0,0.0,1384.4,0.018,always_compile_evict,1.0
h=0/q0=0.4/p=0.5/r=1/sig=0,A_core,0.0,0.4,0.5,1.0,0.0,1.0,wiki_B,native,ours_noinflate,6319403026.8,1.0,10.0,22.0,2786.8,0.0,0.0,0.0,1401.8,0.019,always_compile_evict,1.0
h=0/q0=0.4/p=0.5/r=1/sig=0,A_core,0.0,0.4,0.5,1.0,0.0,1.0,wiki_B,native,oracle_tax,6992901136.3,1.106576,80.4,80.4,161.3,0.0,0.0,0.0,80.9,0.039,always_compile_evict,1.0
h=0/q0=0.4/p=0.5/r=1/sig=0,A_core,0.0,0.4,0.5,1.0,0.0,1.0,wiki_B,native,offline_taxblind,5007262776.397,0.792363,,,,,,,,,always_compile_evict,1.0
h=0/q0=0.4/p=0.5/r=1/sig=0,A_core,0.0,0.4,0.5,1.0,0.0,1.0,wiki_B,native,offline_opt_tax,5045716540.771,0.798448,,,,,,,,,always_compile_evict,1.0
h=0/q0=0.4/p=1/r=1/sig=0.3,D_sigma,0.0,0.4,1.0,1.0,0.3,3.0,bpi2019,autorpa_233k,always_reactive,19497801224.0,1.341223,0.0,0.0,0.0,0.0,0.0,0.0,0.0,0.005,ours_evict,0.994682
h=0/q0=0.4/p=1/r=1/sig=0.3,D_sigma,0.0,0.4,1.0,1.0,0.3,3.0,bpi2019,autorpa_233k,always_compile_evict,14615048272.2,1.005346,57.0,86.0,1902.0,0.0,28407.8,94739.8,1624.0,0.088,ours_evict,0.994682
h=0/q0=0.4/p=1/r=1/sig=0.3,D_sigma,0.0,0.4,1.0,1.0,0.3,3.0,bpi2019,autorpa_233k,ours_evict,14537332385.0,1.0,56.0,85.0,1058.0,0.0,27582.8,91989.1,874.0,0.084,ours_evict,0.994682
h=0/q0=0.4/p=1/r=1/sig=0.3,D_sigma,0.0,0.4,1.0,1.0,0.3,3.0,bpi2019,autorpa_233k,ours_noinflate,14537332385.0,1.0,56.0,85.0,1058.0,0.0,27582.8,91989.1,874.0,0.084,ours_evict,0.994682
h=0/q0=0.4/p=1/r=1/sig=0.3,D_sigma,0.0,0.4,1.0,1.0,0.3,3.0,bpi2019,autorpa_233k,oracle_tax,14619430599.9,1.005647,70.0,70.0,70.0,0.0,24415.0,81403.9,0.0,0.059,ours_evict,0.994682
h=0/q0=0.4/p=1/r=1/sig=0.3,D_sigma,0.0,0.4,1.0,1.0,0.3,3.0,bpi2019,autorpa_233k,offline_taxblind,13190988291.122,0.907387,,,,,,,,,ours_evict,0.994682
h=0/q0=0.4/p=1/r=1/sig=0.3,D_sigma,0.0,0.4,1.0,1.0,0.3,3.0,bpi2019,autorpa_233k,offline_opt_tax,13628420182.9,0.937477,,,,,,,,,ours_evict,0.994682
h=0/q0=0.4/p=1/r=1/sig=0.3,D_sigma,0.0,0.4,1.0,1.0,0.3,3.0,bpi2019,native,always_reactive,19497801224.0,1.485102,0.0,0.0,0.0,0.0,0.0,0.0,0.0,0.005,always_compile_evict,1.0
h=0/q0=0.4/p=1/r=1/sig=0.3,D_sigma,0.0,0.4,1.0,1.0,0.3,3.0,bpi2019,native,always_compile_evict,13128931007.2,1.0,4.0,19.0,1902.0,0.0,28407.8,94739.8,0.0,0.016,always_compile_evict,1.0
h=0/q0=0.4/p=1/r=1/sig=0.3,D_sigma,0.0,0.4,1.0,1.0,0.3,3.0,bpi2019,native,ours_evict,13128931007.2,1.0,4.0,19.0,1902.0,0.0,28407.8,94739.8,0.0,0.016,always_compile_evict,1.0
h=0/q0=0.4/p=1/r=1/sig=0.3,D_sigma,0.0,0.4,1.0,1.0,0.3,3.0,bpi2019,native,ours_noinflate,13128931007.2,1.0,4.0,19.0,1902.0,0.0,28407.8,94739.8,0.0,0.016,always_compile_evict,1.0
h=0/q0=0.4/p=1/r=1/sig=0.3,D_sigma,0.0,0.4,1.0,1.0,0.3,3.0,bpi2019,native,oracle_tax,14605111143.7,1.112437,83.0,83.0,83.0,0.0,24470.1,81597.4,0.0,0.06,always_compile_evict,1.0
h=0/q0=0.4/p=1/r=1/sig=0.3,D_sigma,0.0,0.4,1.0,1.0,0.3,3.0,bpi2019,native,offline_taxblind,12773489378.687,0.972927,,,,,,,,,always_compile_evict,1.0
h=0/q0=0.4/p=1/r=1/sig=0.3,D_sigma,0.0,0.4,1.0,1.0,0.3,3.0,bpi2019,native,offline_opt_tax,12872011096.378,0.980431,,,,,,,,,always_compile_evict,1.0
h=0/q0=0.4/p=1/r=1/sig=0.3,D_sigma,0.0,0.4,1.0,1.0,0.3,3.0,sepsis,autorpa_233k,always_reactive,77101119.0,1.000604,0.0,0.0,0.0,0.0,0.0,0.0,0.0,0.005,ours_evict,0.95401
h=0/q0=0.4/p=1/r=1/sig=0.3,D_sigma,0.0,0.4,1.0,1.0,0.3,3.0,sepsis,autorpa_233k,always_compile_evict,80769127.6,1.048207,19.0,20.0,27.0,0.0,16.9,57.6,22.0,0.017,ours_evict,0.95401
h=0/q0=0.4/p=1/r=1/sig=0.3,D_sigma,0.0,0.4,1.0,1.0,0.3,3.0,sepsis,autorpa_233k,ours_evict,77054567.7,1.0,5.0,6.0,6.0,0.0,8.8,27.0,4.0,0.008,ours_evict,0.95401
h=0/q0=0.4/p=1/r=1/sig=0.3,D_sigma,0.0,0.4,1.0,1.0,0.3,3.0,sepsis,autorpa_233k,ours_noinflate,77054567.7,1.0,5.0,6.0,6.0,0.0,8.8,27.0,4.0,0.008,ours_evict,0.95401
h=0/q0=0.4/p=1/r=1/sig=0.3,D_sigma,0.0,0.4,1.0,1.0,0.3,3.0,sepsis,autorpa_233k,oracle_tax,76164060.3,0.988443,5.0,5.0,5.0,0.0,12.0,37.7,0.0,0.01,ours_evict,0.95401
h=0/q0=0.4/p=1/r=1/sig=0.3,D_sigma,0.0,0.4,1.0,1.0,0.3,3.0,sepsis,autorpa_233k,offline_taxblind,75377347.72,0.978233,,,,,,,,,ours_evict,0.95401
h=0/q0=0.4/p=1/r=1/sig=0.3,D_sigma,0.0,0.4,1.0,1.0,0.3,3.0,sepsis,autorpa_233k,offline_opt_tax,75815370.78,0.983918,,,,,,,,,ours_evict,0.95401
h=0/q0=0.4/p=1/r=1/sig=0.3,D_sigma,0.0,0.4,1.0,1.0,0.3,3.0,sepsis,native,always_reactive,77101119.0,1.038071,0.0,0.0,0.0,0.0,0.0,0.0,0.0,0.005,always_compile_evict,1.0
h=0/q0=0.4/p=1/r=1/sig=0.3,D_sigma,0.0,0.4,1.0,1.0,0.3,3.0,sepsis,native,always_compile_evict,74273444.6,1.0,4.0,10.0,27.0,0.0,16.9,57.6,0.0,0.011,always_compile_evict,1.0
h=0/q0=0.4/p=1/r=1/sig=0.3,D_sigma,0.0,0.4,1.0,1.0,0.3,3.0,sepsis,native,ours_evict,74273444.6,1.0,4.0,10.0,27.0,0.0,16.9,57.6,0.0,0.011,always_compile_evict,1.0
h=0/q0=0.4/p=1/r=1/sig=0.3,D_sigma,0.0,0.4,1.0,1.0,0.3,3.0,sepsis,native,ours_noinflate,74273444.6,1.0,4.0,10.0,27.0,0.0,16.9,57.6,0.0,0.011,always_compile_evict,1.0
h=0/q0=0.4/p=1/r=1/sig=0.3,D_sigma,0.0,0.4,1.0,1.0,0.3,3.0,sepsis,native,oracle_tax,74766133.9,1.006633,13.0,13.0,13.0,0.0,14.6,47.6,0.0,0.013,always_compile_evict,1.0
h=0/q0=0.4/p=1/r=1/sig=0.3,D_sigma,0.0,0.4,1.0,1.0,0.3,3.0,sepsis,native,offline_taxblind,62156624.16,0.836862,,,,,,,,,always_compile_evict,1.0
h=0/q0=0.4/p=1/r=1/sig=0.3,D_sigma,0.0,0.4,1.0,1.0,0.3,3.0,sepsis,native,offline_opt_tax,62571495.156,0.842448,,,,,,,,,always_compile_evict,1.0
h=0/q0=0.4/p=1/r=1/sig=0.3,D_sigma,0.0,0.4,1.0,1.0,0.3,3.0,wiki_A,autorpa_233k,always_reactive,5261420180.0,1.448663,0.0,0.0,0.0,0.0,0.0,0.0,0.0,0.005,ours_evict,0.998568
h=0/q0=0.4/p=1/r=1/sig=0.3,D_sigma,0.0,0.4,1.0,1.0,0.3,3.0,wiki_A,autorpa_233k,always_compile_evict,3637122045.6,1.001434,10.0,46.0,315.0,0.0,7471.7,25050.0,242.0,0.032,ours_evict,0.998568
h=0/q0=0.4/p=1/r=1/sig=0.3,D_sigma,0.0,0.4,1.0,1.0,0.3,3.0,wiki_A,autorpa_233k,ours_evict,3631914048.8,1.0,9.0,43.0,186.0,0.0,7295.3,24446.6,127.0,0.028,ours_evict,0.998568
h=0/q0=0.4/p=1/r=1/sig=0.3,D_sigma,0.0,0.4,1.0,1.0,0.3,3.0,wiki_A,autorpa_233k,ours_noinflate,3631914048.8,1.0,9.0,43.0,186.0,0.0,7295.3,24446.6,127.0,0.028,ours_evict,0.998568
h=0/q0=0.4/p=1/r=1/sig=0.3,D_sigma,0.0,0.4,1.0,1.0,0.3,3.0,wiki_A,autorpa_233k,oracle_tax,3704018369.7,1.019853,25.0,25.0,25.0,0.0,6903.4,23131.5,0.0,0.034,ours_evict,0.998568
h=0/q0=0.4/p=1/r=1/sig=0.3,D_sigma,0.0,0.4,1.0,1.0,0.3,3.0,wiki_A,autorpa_233k,offline_taxblind,3512111134.601,0.967014,,,,,,,,,ours_evict,0.998568
h=0/q0=0.4/p=1/r=1/sig=0.3,D_sigma,0.0,0.4,1.0,1.0,0.3,3.0,wiki_A,autorpa_233k,offline_opt_tax,3557272221.49,0.979448,,,,,,,,,ours_evict,0.998568
h=0/q0=0.4/p=1/r=1/sig=0.3,D_sigma,0.0,0.4,1.0,1.0,0.3,3.0,wiki_A,native,always_reactive,5261420180.0,1.503908,0.0,0.0,0.0,0.0,0.0,0.0,0.0,0.005,always_compile_evict,1.0
h=0/q0=0.4/p=1/r=1/sig=0.3,D_sigma,0.0,0.4,1.0,1.0,0.3,3.0,wiki_A,native,always_compile_evict,3498499239.6,1.0,4.0,13.0,315.0,0.0,7471.7,25050.0,0.0,0.013,always_compile_evict,1.0
h=0/q0=0.4/p=1/r=1/sig=0.3,D_sigma,0.0,0.4,1.0,1.0,0.3,3.0,wiki_A,native,ours_evict,3498499239.6,1.0,4.0,13.0,315.0,0.0,7471.7,25050.0,0.0,0.013,always_compile_evict,1.0
h=0/q0=0.4/p=1/r=1/sig=0.3,D_sigma,0.0,0.4,1.0,1.0,0.3,3.0,wiki_A,native,ours_noinflate,3498499239.6,1.0,4.0,13.0,315.0,0.0,7471.7,25050.0,0.0,0.013,always_compile_evict,1.0
h=0/q0=0.4/p=1/r=1/sig=0.3,D_sigma,0.0,0.4,1.0,1.0,0.3,3.0,wiki_A,native,oracle_tax,3700311560.4,1.057685,31.0,31.0,31.0,0.0,6980.4,23395.9,0.0,0.039,always_compile_evict,1.0
h=0/q0=0.4/p=1/r=1/sig=0.3,D_sigma,0.0,0.4,1.0,1.0,0.3,3.0,wiki_A,native,offline_taxblind,3435539962.921,0.982004,,,,,,,,,always_compile_evict,1.0
h=0/q0=0.4/p=1/r=1/sig=0.3,D_sigma,0.0,0.4,1.0,1.0,0.3,3.0,wiki_A,native,offline_opt_tax,3452184775.037,0.986762,,,,,,,,,always_compile_evict,1.0
h=0/q0=0.4/p=1/r=1/sig=0.3,D_sigma,0.0,0.4,1.0,1.0,0.3,3.0,wiki_B,autorpa_233k,always_reactive,7373315056.0,0.995836,0.0,0.0,0.0,0.0,0.0,0.0,0.0,0.005,always_reactive,0.976774
h=0/q0=0.4/p=1/r=1/sig=0.3,D_sigma,0.0,0.4,1.0,1.0,0.3,3.0,wiki_B,autorpa_233k,always_compile_evict,7548641202.3,1.019515,68.0,88.0,1734.0,0.0,3346.2,11214.4,1620.0,0.073,always_reactive,0.976774
h=0/q0=0.4/p=1/r=1/sig=0.3,D_sigma,0.0,0.4,1.0,1.0,0.3,3.0,wiki_B,autorpa_233k,ours_evict,7404148303.0,1.0,63.0,82.0,932.0,0.0,2750.1,9185.9,854.0,0.063,always_reactive,0.976774
h=0/q0=0.4/p=1/r=1/sig=0.3,D_sigma,0.0,0.4,1.0,1.0,0.3,3.0,wiki_B,autorpa_233k,ours_noinflate,7404148303.0,1.0,63.0,82.0,932.0,0.0,2750.1,9185.9,854.0,0.063,always_reactive,0.976774
h=0/q0=0.4/p=1/r=1/sig=0.3,D_sigma,0.0,0.4,1.0,1.0,0.3,3.0,wiki_B,autorpa_233k,oracle_tax,7199769038.0,0.972397,20.0,20.0,20.0,0.0,1275.4,4233.0,0.0,0.022,always_reactive,0.976774
h=0/q0=0.4/p=1/r=1/sig=0.3,D_sigma,0.0,0.4,1.0,1.0,0.3,3.0,wiki_B,autorpa_233k,offline_taxblind,6803051235.44,0.918816,,,,,,,,,always_reactive,0.976774
h=0/q0=0.4/p=1/r=1/sig=0.3,D_sigma,0.0,0.4,1.0,1.0,0.3,3.0,wiki_B,autorpa_233k,offline_opt_tax,6971454412.473,0.941561,,,,,,,,,always_reactive,0.976774
h=0/q0=0.4/p=1/r=1/sig=0.3,D_sigma,0.0,0.4,1.0,1.0,0.3,3.0,wiki_B,native,always_reactive,7373315056.0,1.100435,0.0,0.0,0.0,0.0,0.0,0.0,0.0,0.005,always_compile_evict,1.0
h=0/q0=0.4/p=1/r=1/sig=0.3,D_sigma,0.0,0.4,1.0,1.0,0.3,3.0,wiki_B,native,always_compile_evict,6700366702.3,1.0,5.0,15.0,1734.0,0.0,3346.2,11214.4,1.0,0.012,always_compile_evict,1.0
h=0/q0=0.4/p=1/r=1/sig=0.3,D_sigma,0.0,0.4,1.0,1.0,0.3,3.0,wiki_B,native,ours_evict,6700366702.3,1.0,5.0,15.0,1734.0,0.0,3346.2,11214.4,1.0,0.012,always_compile_evict,1.0
h=0/q0=0.4/p=1/r=1/sig=0.3,D_sigma,0.0,0.4,1.0,1.0,0.3,3.0,wiki_B,native,ours_noinflate,6700366702.3,1.0,5.0,15.0,1734.0,0.0,3346.2,11214.4,1.0,0.012,always_compile_evict,1.0
h=0/q0=0.4/p=1/r=1/sig=0.3,D_sigma,0.0,0.4,1.0,1.0,0.3,3.0,wiki_B,native,oracle_tax,7193774879.4,1.073639,60.0,60.0,60.0,0.0,1320.6,4394.7,0.0,0.023,always_compile_evict,1.0
h=0/q0=0.4/p=1/r=1/sig=0.3,D_sigma,0.0,0.4,1.0,1.0,0.3,3.0,wiki_B,native,offline_taxblind,5767448012.838,0.860766,,,,,,,,,always_compile_evict,1.0
h=0/q0=0.4/p=1/r=1/sig=0.3,D_sigma,0.0,0.4,1.0,1.0,0.3,3.0,wiki_B,native,offline_opt_tax,5784511826.444,0.863313,,,,,,,,,always_compile_evict,1.0
h=0/q0=0.4/p=1/r=1/sig=0,A_core,0.0,0.4,1.0,1.0,0.0,1.0,bpi2019,autorpa_233k,always_reactive,19497801224.0,1.904676,0.0,0.0,0.0,0.0,0.0,0.0,0.0,0.005,always_compile_evict,1.0
h=0/q0=0.4/p=1/r=1/sig=0,A_core,0.0,0.4,1.0,1.0,0.0,1.0,bpi2019,autorpa_233k,always_compile_evict,10222170594.0,0.99857,57.0,86.0,1902.0,0.0,0.0,0.0,1337.0,0.125,always_compile_evict,1.0
h=0/q0=0.4/p=1/r=1/sig=0,A_core,0.0,0.4,1.0,1.0,0.0,1.0,bpi2019,autorpa_233k,ours_evict,10236809660.5,1.0,56.0,85.0,1276.0,0.0,0.0,0.0,854.0,0.122,always_compile_evict,1.0
h=0/q0=0.4/p=1/r=1/sig=0,A_core,0.0,0.4,1.0,1.0,0.0,1.0,bpi2019,autorpa_233k,ours_noinflate,10236809660.5,1.0,56.0,85.0,1276.0,0.0,0.0,0.0,854.0,0.122,always_compile_evict,1.0
h=0/q0=0.4/p=1/r=1/sig=0,A_core,0.0,0.4,1.0,1.0,0.0,1.0,bpi2019,autorpa_233k,oracle_tax,10770947508.1,1.052178,91.0,91.0,91.0,0.0,0.0,0.0,0.0,0.104,always_compile_evict,1.0
h=0/q0=0.4/p=1/r=1/sig=0,A_core,0.0,0.4,1.0,1.0,0.0,1.0,bpi2019,autorpa_233k,offline_taxblind,8802037847.202,0.859842,,,,,,,,,always_compile_evict,1.0
h=0/q0=0.4/p=1/r=1/sig=0,A_core,0.0,0.4,1.0,1.0,0.0,1.0,bpi2019,autorpa_233k,offline_opt_tax,9513591746.251,0.929351,,,,,,,,,always_compile_evict,1.0
h=0/q0=0.4/p=1/r=1/sig=0,A_core,0.0,0.4,1.0,1.0,0.0,1.0,bpi2019,native,always_reactive,19497801224.0,2.231878,0.0,0.0,0.0,0.0,0.0,0.0,0.0,0.005,always_compile_evict,1.0
h=0/q0=0.4/p=1/r=1/sig=0,A_core,0.0,0.4,1.0,1.0,0.0,1.0,bpi2019,native,always_compile_evict,8736053329.0,1.0,4.0,19.0,1902.0,0.0,0.0,0.0,0.0,0.024,always_compile_evict,1.0
h=0/q0=0.4/p=1/r=1/sig=0,A_core,0.0,0.4,1.0,1.0,0.0,1.0,bpi2019,native,ours_evict,8736053329.0,1.0,4.0,19.0,1902.0,0.0,0.0,0.0,0.0,0.024,always_compile_evict,1.0
h=0/q0=0.4/p=1/r=1/sig=0,A_core,0.0,0.4,1.0,1.0,0.0,1.0,bpi2019,native,ours_noinflate,8736053329.0,1.0,4.0,19.0,1902.0,0.0,0.0,0.0,0.0,0.024,always_compile_evict,1.0
h=0/q0=0.4/p=1/r=1/sig=0,A_core,0.0,0.4,1.0,1.0,0.0,1.0,bpi2019,native,oracle_tax,10752820469.0,1.230856,113.0,113.0,113.0,0.0,0.0,0.0,0.0,0.105,always_compile_evict,1.0
h=0/q0=0.4/p=1/r=1/sig=0,A_core,0.0,0.4,1.0,1.0,0.0,1.0,bpi2019,native,offline_taxblind,8116250231.8,0.929052,,,,,,,,,always_compile_evict,1.0
h=0/q0=0.4/p=1/r=1/sig=0,A_core,0.0,0.4,1.0,1.0,0.0,1.0,bpi2019,native,offline_opt_tax,8214771949.49,0.94033,,,,,,,,,always_compile_evict,1.0
h=0/q0=0.4/p=1/r=1/sig=0,A_core,0.0,0.4,1.0,1.0,0.0,1.0,sepsis,autorpa_233k,always_reactive,77101119.0,1.023641,0.0,0.0,0.0,0.0,0.0,0.0,0.0,0.005,ours_evict,0.962284
h=0/q0=0.4/p=1/r=1/sig=0,A_core,0.0,0.4,1.0,1.0,0.0,1.0,sepsis,autorpa_233k,always_compile_evict,78272584.2,1.039195,19.0,20.0,27.0,0.0,0.0,0.0,22.0,0.018,ours_evict,0.962284
h=0/q0=0.4/p=1/r=1/sig=0,A_core,0.0,0.4,1.0,1.0,0.0,1.0,sepsis,autorpa_233k,ours_evict,75320437.2,1.0,6.0,7.0,8.0,0.0,0.0,0.0,3.0,0.01,ours_evict,0.962284
h=0/q0=0.4/p=1/r=1/sig=0,A_core,0.0,0.4,1.0,1.0,0.0,1.0,sepsis,autorpa_233k,ours_noinflate,75320437.2,1.0,6.0,7.0,8.0,0.0,0.0,0.0,3.0,0.01,ours_evict,0.962284
h=0/q0=0.4/p=1/r=1/sig=0,A_core,0.0,0.4,1.0,1.0,0.0,1.0,sepsis,autorpa_233k,oracle_tax,74297888.9,0.986424,5.0,5.0,5.0,0.0,0.0,0.0,0.0,0.01,ours_evict,0.962284
h=0/q0=0.4/p=1/r=1/sig=0,A_core,0.0,0.4,1.0,1.0,0.0,1.0,sepsis,autorpa_233k,offline_taxblind,73257976.0,0.972618,,,,,,,,,ours_evict,0.962284
h=0/q0=0.4/p=1/r=1/sig=0,A_core,0.0,0.4,1.0,1.0,0.0,1.0,sepsis,autorpa_233k,offline_opt_tax,73859449.26,0.980603,,,,,,,,,ours_evict,0.962284
h=0/q0=0.4/p=1/r=1/sig=0,A_core,0.0,0.4,1.0,1.0,0.0,1.0,sepsis,native,always_reactive,77101119.0,1.074177,0.0,0.0,0.0,0.0,0.0,0.0,0.0,0.005,always_compile_evict,1.0
h=0/q0=0.4/p=1/r=1/sig=0,A_core,0.0,0.4,1.0,1.0,0.0,1.0,sepsis,native,always_compile_evict,71776901.2,1.0,4.0,10.0,27.0,0.0,0.0,0.0,0.0,0.011,always_compile_evict,1.0
h=0/q0=0.4/p=1/r=1/sig=0,A_core,0.0,0.4,1.0,1.0,0.0,1.0,sepsis,native,ours_evict,71776901.2,1.0,4.0,10.0,27.0,0.0,0.0,0.0,0.0,0.011,always_compile_evict,1.0
h=0/q0=0.4/p=1/r=1/sig=0,A_core,0.0,0.4,1.0,1.0,0.0,1.0,sepsis,native,ours_noinflate,71776901.2,1.0,4.0,10.0,27.0,0.0,0.0,0.0,0.0,0.011,always_compile_evict,1.0
h=0/q0=0.4/p=1/r=1/sig=0,A_core,0.0,0.4,1.0,1.0,0.0,1.0,sepsis,native,oracle_tax,72422879.0,1.009,23.0,23.0,23.0,0.0,0.0,0.0,0.0,0.018,always_compile_evict,1.0
h=0/q0=0.4/p=1/r=1/sig=0,A_core,0.0,0.4,1.0,1.0,0.0,1.0,sepsis,native,offline_taxblind,43745091.6,0.609459,,,,,,,,,always_compile_evict,1.0
h=0/q0=0.4/p=1/r=1/sig=0,A_core,0.0,0.4,1.0,1.0,0.0,1.0,sepsis,native,offline_opt_tax,44159962.596,0.615239,,,,,,,,,always_compile_evict,1.0
h=0/q0=0.4/p=1/r=1/sig=0,A_core,0.0,0.4,1.0,1.0,0.0,1.0,wiki_A,autorpa_233k,always_reactive,5261420180.0,2.150018,0.0,0.0,0.0,0.0,0.0,0.0,0.0,0.005,always_compile_evict,1.0
h=0/q0=0.4/p=1/r=1/sig=0,A_core,0.0,0.4,1.0,1.0,0.0,1.0,wiki_A,autorpa_233k,always_compile_evict,2438381448.4,0.996416,10.0,46.0,315.0,0.0,0.0,0.0,214.0,0.047,always_compile_evict,1.0
h=0/q0=0.4/p=1/r=1/sig=0,A_core,0.0,0.4,1.0,1.0,0.0,1.0,wiki_A,autorpa_233k,ours_evict,2447151653.7,1.0,9.0,42.0,224.0,0.0,0.0,0.0,140.0,0.043,always_compile_evict,1.0
h=0/q0=0.4/p=1/r=1/sig=0,A_core,0.0,0.4,1.0,1.0,0.0,1.0,wiki_A,autorpa_233k,ours_noinflate,2447151653.7,1.0,9.0,42.0,224.0,0.0,0.0,0.0,140.0,0.043,always_compile_evict,1.0
h=0/q0=0.4/p=1/r=1/sig=0,A_core,0.0,0.4,1.0,1.0,0.0,1.0,wiki_A,autorpa_233k,oracle_tax,2570500166.8,1.050405,41.0,41.0,41.0,0.0,0.0,0.0,0.0,0.073,always_compile_evict,1.0
h=0/q0=0.4/p=1/r=1/sig=0,A_core,0.0,0.4,1.0,1.0,0.0,1.0,wiki_A,autorpa_233k,offline_taxblind,2308056713.8,0.94316,,,,,,,,,always_compile_evict,1.0
h=0/q0=0.4/p=1/r=1/sig=0,A_core,0.0,0.4,1.0,1.0,0.0,1.0,wiki_A,autorpa_233k,offline_opt_tax,2373617085.836,0.969951,,,,,,,,,always_compile_evict,1.0
h=0/q0=0.4/p=1/r=1/sig=0,A_core,0.0,0.4,1.0,1.0,0.0,1.0,wiki_A,native,always_reactive,5261420180.0,2.287814,0.0,0.0,0.0,0.0,0.0,0.0,0.0,0.005,always_compile_evict,1.0
h=0/q0=0.4/p=1/r=1/sig=0,A_core,0.0,0.4,1.0,1.0,0.0,1.0,wiki_A,native,always_compile_evict,2299758642.4,1.0,4.0,13.0,315.0,0.0,0.0,0.0,0.0,0.02,always_compile_evict,1.0
h=0/q0=0.4/p=1/r=1/sig=0,A_core,0.0,0.4,1.0,1.0,0.0,1.0,wiki_A,native,ours_evict,2299758642.4,1.0,4.0,13.0,315.0,0.0,0.0,0.0,0.0,0.02,always_compile_evict,1.0
h=0/q0=0.4/p=1/r=1/sig=0,A_core,0.0,0.4,1.0,1.0,0.0,1.0,wiki_A,native,ours_noinflate,2299758642.4,1.0,4.0,13.0,315.0,0.0,0.0,0.0,0.0,0.02,always_compile_evict,1.0
h=0/q0=0.4/p=1/r=1/sig=0,A_core,0.0,0.4,1.0,1.0,0.0,1.0,wiki_A,native,oracle_tax,2561591261.2,1.113852,47.0,47.0,47.0,0.0,0.0,0.0,0.0,0.074,always_compile_evict,1.0
h=0/q0=0.4/p=1/r=1/sig=0,A_core,0.0,0.4,1.0,1.0,0.0,1.0,wiki_A,native,offline_taxblind,2178589732.2,0.947312,,,,,,,,,always_compile_evict,1.0
h=0/q0=0.4/p=1/r=1/sig=0,A_core,0.0,0.4,1.0,1.0,0.0,1.0,wiki_A,native,offline_opt_tax,2195234544.316,0.95455,,,,,,,,,always_compile_evict,1.0
h=0/q0=0.4/p=1/r=1/sig=0,A_core,0.0,0.4,1.0,1.0,0.0,1.0,wiki_B,autorpa_233k,always_reactive,7373315056.0,1.053631,0.0,0.0,0.0,0.0,0.0,0.0,0.0,0.005,ours_evict,0.991891
h=0/q0=0.4/p=1/r=1/sig=0,A_core,0.0,0.4,1.0,1.0,0.0,1.0,wiki_B,autorpa_233k,always_compile_evict,7055210241.1,1.008175,68.0,88.0,1734.0,0.0,0.0,0.0,1458.0,0.078,ours_evict,0.991891
h=0/q0=0.4/p=1/r=1/sig=0,A_core,0.0,0.4,1.0,1.0,0.0,1.0,wiki_B,autorpa_233k,ours_evict,6998001922.9,1.0,65.0,84.0,1127.0,0.0,0.0,0.0,911.0,0.071,ours_evict,0.991891
h=0/q0=0.4/p=1/r=1/sig=0,A_core,0.0,0.4,1.0,1.0,0.0,1.0,wiki_B,autorpa_233k,ours_noinflate,6998001922.9,1.0,65.0,84.0,1127.0,0.0,0.0,0.0,911.0,0.071,ours_evict,0.991891
h=0/q0=0.4/p=1/r=1/sig=0,A_core,0.0,0.4,1.0,1.0,0.0,1.0,wiki_B,autorpa_233k,oracle_tax,6998186226.8,1.000026,49.0,49.0,49.0,0.0,0.0,0.0,0.0,0.036,ours_evict,0.991891
h=0/q0=0.4/p=1/r=1/sig=0,A_core,0.0,0.4,1.0,1.0,0.0,1.0,wiki_B,autorpa_233k,offline_taxblind,6321348950.2,0.903308,,,,,,,,,ours_evict,0.991891
h=0/q0=0.4/p=1/r=1/sig=0,A_core,0.0,0.4,1.0,1.0,0.0,1.0,wiki_B,autorpa_233k,offline_opt_tax,6589276031.44,0.941594,,,,,,,,,ours_evict,0.991891
h=0/q0=0.4/p=1/r=1/sig=0,A_core,0.0,0.4,1.0,1.0,0.0,1.0,wiki_B,native,always_reactive,7373315056.0,1.187915,0.0,0.0,0.0,0.0,0.0,0.0,0.0,0.005,always_compile_evict,1.0
h=0/q0=0.4/p=1/r=1/sig=0,A_core,0.0,0.4,1.0,1.0,0.0,1.0,wiki_B,native,always_compile_evict,6206935741.1,1.0,5.0,15.0,1734.0,0.0,0.0,0.0,0.0,0.013,always_compile_evict,1.0
h=0/q0=0.4/p=1/r=1/sig=0,A_core,0.0,0.4,1.0,1.0,0.0,1.0,wiki_B,native,ours_evict,6206935741.1,1.0,5.0,15.0,1734.0,0.0,0.0,0.0,0.0,0.013,always_compile_evict,1.0
h=0/q0=0.4/p=1/r=1/sig=0,A_core,0.0,0.4,1.0,1.0,0.0,1.0,wiki_B,native,ours_noinflate,6206935741.1,1.0,5.0,15.0,1734.0,0.0,0.0,0.0,0.0,0.013,always_compile_evict,1.0
h=0/q0=0.4/p=1/r=1/sig=0,A_core,0.0,0.4,1.0,1.0,0.0,1.0,wiki_B,native,oracle_tax,6991416557.7,1.126388,108.0,108.0,108.0,0.0,0.0,0.0,0.0,0.04,always_compile_evict,1.0
h=0/q0=0.4/p=1/r=1/sig=0,A_core,0.0,0.4,1.0,1.0,0.0,1.0,wiki_B,native,offline_taxblind,4006684399.4,0.645517,,,,,,,,,always_compile_evict,1.0
h=0/q0=0.4/p=1/r=1/sig=0,A_core,0.0,0.4,1.0,1.0,0.0,1.0,wiki_B,native,offline_opt_tax,4023748213.006,0.648266,,,,,,,,,always_compile_evict,1.0
h=0/q0=0.4/p=1/r=2.2/sig=0,C_rfb,0.0,0.4,1.0,2.2,0.0,1.0,bpi2019,autorpa_233k,always_reactive,19497801224.0,1.043963,0.0,0.0,0.0,0.0,0.0,0.0,0.0,0.005,ours_evict,0.982351
h=0/q0=0.4/p=1/r=2.2/sig=0,C_rfb,0.0,0.4,1.0,2.2,0.0,1.0,bpi2019,autorpa_233k,always_compile_evict,19012267664.416,1.017967,57.0,86.0,1902.0,0.0,0.0,94739.8,1834.0,0.067,ours_evict,0.982351
h=0/q0=0.4/p=1/r=2.2/sig=0,C_rfb,0.0,0.4,1.0,2.2,0.0,1.0,bpi2019,autorpa_233k,ours_evict,18676711526.776,1.0,48.0,75.0,729.0,0.0,0.0,89131.7,678.0,0.059,ours_evict,0.982351
h=0/q0=0.4/p=1/r=2.2/sig=0,C_rfb,0.0,0.4,1.0,2.2,0.0,1.0,bpi2019,autorpa_233k,ours_noinflate,18676711526.776,1.0,48.0,75.0,729.0,0.0,0.0,89131.7,678.0,0.059,ours_evict,0.982351
h=0/q0=0.4/p=1/r=2.2/sig=0,C_rfb,0.0,0.4,1.0,2.2,0.0,1.0,bpi2019,autorpa_233k,oracle_tax,18249051176.055,0.977102,33.0,33.0,33.0,0.0,0.0,73899.5,0.0,0.029,ours_evict,0.982351
h=0/q0=0.4/p=1/r=2.2/sig=0,C_rfb,0.0,0.4,1.0,2.2,0.0,1.0,bpi2019,autorpa_233k,offline_taxblind,17518281796.76,0.937975,,,,,,,,,ours_evict,0.982351
h=0/q0=0.4/p=1/r=2.2/sig=0,C_rfb,0.0,0.4,1.0,2.2,0.0,1.0,bpi2019,autorpa_233k,offline_opt_tax,17754808038.545,0.950639,,,,,,,,,ours_evict,0.982351
h=0/q0=0.4/p=1/r=2.2/sig=0,C_rfb,0.0,0.4,1.0,2.2,0.0,1.0,bpi2019,native,always_reactive,19497801224.0,1.112234,0.0,0.0,0.0,0.0,0.0,0.0,0.0,0.005,always_compile_evict,1.0
h=0/q0=0.4/p=1/r=2.2/sig=0,C_rfb,0.0,0.4,1.0,2.2,0.0,1.0,bpi2019,native,always_compile_evict,17526150399.42,0.999763,4.0,19.0,1902.0,0.0,0.0,94739.8,593.0,0.012,always_compile_evict,1.0
h=0/q0=0.4/p=1/r=2.2/sig=0,C_rfb,0.0,0.4,1.0,2.2,0.0,1.0,bpi2019,native,ours_evict,17530301768.42,1.0,4.0,19.0,1737.0,0.0,0.0,94389.6,527.0,0.012,always_compile_evict,1.0
h=0/q0=0.4/p=1/r=2.2/sig=0,C_rfb,0.0,0.4,1.0,2.2,0.0,1.0,bpi2019,native,ours_noinflate,17530301768.42,1.0,4.0,19.0,1737.0,0.0,0.0,94389.6,527.0,0.012,always_compile_evict,1.0
h=0/q0=0.4/p=1/r=2.2/sig=0,C_rfb,0.0,0.4,1.0,2.2,0.0,1.0,bpi2019,native,oracle_tax,18242022949.515,1.040599,41.0,41.0,41.0,0.0,0.0,74089.8,0.0,0.029,always_compile_evict,1.0
h=0/q0=0.4/p=1/r=2.2/sig=0,C_rfb,0.0,0.4,1.0,2.2,0.0,1.0,bpi2019,native,offline_taxblind,17374933413.28,0.991137,,,,,,,,,always_compile_evict,1.0
h=0/q0=0.4/p=1/r=2.2/sig=0,C_rfb,0.0,0.4,1.0,2.2,0.0,1.0,bpi2019,native,offline_opt_tax,17472567334.972,0.996707,,,,,,,,,always_compile_evict,1.0
h=0/q0=0.4/p=1/r=2.2/sig=0,C_rfb,0.0,0.4,1.0,2.2,0.0,1.0,sepsis,autorpa_233k,always_reactive,77101119.0,0.994748,0.0,0.0,0.0,0.0,0.0,0.0,0.0,0.005,always_reactive,0.925412
h=0/q0=0.4/p=1/r=2.2/sig=0,C_rfb,0.0,0.4,1.0,2.2,0.0,1.0,sepsis,autorpa_233k,always_compile_evict,83315421.24,1.074924,19.0,20.0,27.0,0.0,0.0,57.6,27.0,0.017,always_reactive,0.925412
h=0/q0=0.4/p=1/r=2.2/sig=0,C_rfb,0.0,0.4,1.0,2.2,0.0,1.0,sepsis,autorpa_233k,ours_evict,77508229.14,1.0,2.0,2.0,2.0,0.0,0.0,6.6,2.0,0.005,always_reactive,0.925412
h=0/q0=0.4/p=1/r=2.2/sig=0,C_rfb,0.0,0.4,1.0,2.2,0.0,1.0,sepsis,autorpa_233k,ours_noinflate,77508229.14,1.0,2.0,2.0,2.0,0.0,0.0,6.6,2.0,0.005,always_reactive,0.925412
h=0/q0=0.4/p=1/r=2.2/sig=0,C_rfb,0.0,0.4,1.0,2.2,0.0,1.0,sepsis,autorpa_233k,oracle_tax,77101119.0,0.994748,0.0,0.0,0.0,0.0,0.0,0.0,0.0,0.005,always_reactive,0.925412
h=0/q0=0.4/p=1/r=2.2/sig=0,C_rfb,0.0,0.4,1.0,2.2,0.0,1.0,sepsis,autorpa_233k,offline_taxblind,77046965.56,0.994049,,,,,,,,,always_reactive,0.925412
h=0/q0=0.4/p=1/r=2.2/sig=0,C_rfb,0.0,0.4,1.0,2.2,0.0,1.0,sepsis,autorpa_233k,offline_opt_tax,77101119.0,0.994748,,,,,,,,,always_reactive,0.925412
h=0/q0=0.4/p=1/r=2.2/sig=0,C_rfb,0.0,0.4,1.0,2.2,0.0,1.0,sepsis,native,always_reactive,77101119.0,1.004299,0.0,0.0,0.0,0.0,0.0,0.0,0.0,0.005,ours_evict,0.999367
h=0/q0=0.4/p=1/r=2.2/sig=0,C_rfb,0.0,0.4,1.0,2.2,0.0,1.0,sepsis,native,always_compile_evict,76819738.24,1.000634,4.0,10.0,27.0,0.0,0.0,57.6,18.0,0.01,ours_evict,0.999367
h=0/q0=0.4/p=1/r=2.2/sig=0,C_rfb,0.0,0.4,1.0,2.2,0.0,1.0,sepsis,native,ours_evict,76771103.3,1.0,4.0,10.0,24.0,0.0,0.0,53.7,15.0,0.01,ours_evict,0.999367
h=0/q0=0.4/p=1/r=2.2/sig=0,C_rfb,0.0,0.4,1.0,2.2,0.0,1.0,sepsis,native,ours_noinflate,76771103.3,1.0,4.0,10.0,24.0,0.0,0.0,53.7,15.0,0.01,ours_evict,0.999367
h=0/q0=0.4/p=1/r=2.2/sig=0,C_rfb,0.0,0.4,1.0,2.2,0.0,1.0,sepsis,native,oracle_tax,76714389.38,0.999261,5.0,5.0,5.0,0.0,0.0,37.7,0.0,0.01,ours_evict,0.999367
h=0/q0=0.4/p=1/r=2.2/sig=0,C_rfb,0.0,0.4,1.0,2.2,0.0,1.0,sepsis,native,offline_taxblind,75772918.04,0.986998,,,,,,,,,ours_evict,0.999367
h=0/q0=0.4/p=1/r=2.2/sig=0,C_rfb,0.0,0.4,1.0,2.2,0.0,1.0,sepsis,native,offline_opt_tax,76113806.036,0.991438,,,,,,,,,ours_evict,0.999367
h=0/q0=0.4/p=1/r=2.2/sig=0,C_rfb,0.0,0.4,1.0,2.2,0.0,1.0,wiki_A,autorpa_233k,always_reactive,5261420180.0,1.096735,0.0,0.0,0.0,0.0,0.0,0.0,0.0,0.005,ours_evict,0.989561
h=0/q0=0.4/p=1/r=2.2/sig=0,C_rfb,0.0,0.4,1.0,2.2,0.0,1.0,wiki_A,autorpa_233k,always_compile_evict,4847956004.079,1.010549,10.0,46.0,315.0,0.0,0.0,25050.0,273.0,0.024,ours_evict,0.989561
h=0/q0=0.4/p=1/r=2.2/sig=0,C_rfb,0.0,0.4,1.0,2.2,0.0,1.0,wiki_A,autorpa_233k,ours_evict,4797348740.919,1.0,8.0,35.0,119.0,0.0,0.0,23657.0,83.0,0.017,ours_evict,0.989561
h=0/q0=0.4/p=1/r=2.2/sig=0,C_rfb,0.0,0.4,1.0,2.2,0.0,1.0,wiki_A,autorpa_233k,ours_noinflate,4797348740.919,1.0,8.0,35.0,119.0,0.0,0.0,23657.0,83.0,0.017,ours_evict,0.989561
h=0/q0=0.4/p=1/r=2.2/sig=0,C_rfb,0.0,0.4,1.0,2.2,0.0,1.0,wiki_A,autorpa_233k,oracle_tax,4811395704.199,1.002928,12.0,12.0,12.0,0.0,0.0,22015.7,0.0,0.017,ours_evict,0.989561
h=0/q0=0.4/p=1/r=2.2/sig=0,C_rfb,0.0,0.4,1.0,2.2,0.0,1.0,wiki_A,autorpa_233k,offline_taxblind,4707112016.32,0.98119,,,,,,,,,ours_evict,0.989561
h=0/q0=0.4/p=1/r=2.2/sig=0,C_rfb,0.0,0.4,1.0,2.2,0.0,1.0,wiki_A,autorpa_233k,offline_opt_tax,4734540318.065,0.986908,,,,,,,,,ours_evict,0.989561
h=0/q0=0.4/p=1/r=2.2/sig=0,C_rfb,0.0,0.4,1.0,2.2,0.0,1.0,wiki_A,native,always_reactive,5261420180.0,1.117106,0.0,0.0,0.0,0.0,0.0,0.0,0.0,0.005,always_compile_evict,1.0
h=0/q0=0.4/p=1/r=2.2/sig=0,C_rfb,0.0,0.4,1.0,2.2,0.0,1.0,wiki_A,native,always_compile_evict,4709333198.079,0.999886,4.0,13.0,315.0,0.0,0.0,25050.0,99.0,0.01,always_compile_evict,1.0
h=0/q0=0.4/p=1/r=2.2/sig=0,C_rfb,0.0,0.4,1.0,2.2,0.0,1.0,wiki_A,native,ours_evict,4709868286.059,1.0,4.0,13.0,298.0,0.0,0.0,25003.0,85.0,0.01,always_compile_evict,1.0
h=0/q0=0.4/p=1/r=2.2/sig=0,C_rfb,0.0,0.4,1.0,2.2,0.0,1.0,wiki_A,native,ours_noinflate,4709868286.059,1.0,4.0,13.0,298.0,0.0,0.0,25003.0,85.0,0.01,always_compile_evict,1.0
h=0/q0=0.4/p=1/r=2.2/sig=0,C_rfb,0.0,0.4,1.0,2.2,0.0,1.0,wiki_A,native,oracle_tax,4809076959.799,1.021064,14.0,14.0,14.0,0.0,0.0,22395.3,0.0,0.018,always_compile_evict,1.0
h=0/q0=0.4/p=1/r=2.2/sig=0,C_rfb,0.0,0.4,1.0,2.2,0.0,1.0,wiki_A,native,offline_taxblind,4679799434.92,0.993616,,,,,,,,,always_compile_evict,1.0
h=0/q0=0.4/p=1/r=2.2/sig=0,C_rfb,0.0,0.4,1.0,2.2,0.0,1.0,wiki_A,native,offline_opt_tax,4696248870.036,0.997108,,,,,,,,,always_compile_evict,1.0
h=0/q0=0.4/p=1/r=2.2/sig=0,C_rfb,0.0,0.4,1.0,2.2,0.0,1.0,wiki_B,autorpa_233k,always_reactive,7373315056.0,0.960451,0.0,0.0,0.0,0.0,0.0,0.0,0.0,0.005,always_reactive,0.916256
h=0/q0=0.4/p=1/r=2.2/sig=0,C_rfb,0.0,0.4,1.0,2.2,0.0,1.0,wiki_B,autorpa_233k,always_compile_evict,8047223782.42,1.048235,68.0,88.0,1734.0,0.0,0.0,11214.4,1711.0,0.068,always_reactive,0.916256
h=0/q0=0.4/p=1/r=2.2/sig=0,C_rfb,0.0,0.4,1.0,2.2,0.0,1.0,wiki_B,autorpa_233k,ours_evict,7676928301.42,1.0,59.0,75.0,611.0,0.0,0.0,7546.0,592.0,0.048,always_reactive,0.916256
h=0/q0=0.4/p=1/r=2.2/sig=0,C_rfb,0.0,0.4,1.0,2.2,0.0,1.0,wiki_B,autorpa_233k,ours_noinflate,7676928301.42,1.0,59.0,75.0,611.0,0.0,0.0,7546.0,592.0,0.048,always_reactive,0.916256
h=0/q0=0.4/p=1/r=2.2/sig=0,C_rfb,0.0,0.4,1.0,2.2,0.0,1.0,wiki_B,autorpa_233k,oracle_tax,7350746254.28,0.957511,5.0,5.0,5.0,0.0,0.0,2101.2,0.0,0.008,always_reactive,0.916256
h=0/q0=0.4/p=1/r=2.2/sig=0,C_rfb,0.0,0.4,1.0,2.2,0.0,1.0,wiki_B,autorpa_233k,offline_taxblind,7229607509.16,0.941732,,,,,,,,,always_reactive,0.916256
h=0/q0=0.4/p=1/r=2.2/sig=0,C_rfb,0.0,0.4,1.0,2.2,0.0,1.0,wiki_B,autorpa_233k,offline_opt_tax,7304616727.88,0.951503,,,,,,,,,always_reactive,0.916256
h=0/q0=0.4/p=1/r=2.2/sig=0,C_rfb,0.0,0.4,1.0,2.2,0.0,1.0,wiki_B,native,always_reactive,7373315056.0,1.024116,0.0,0.0,0.0,0.0,0.0,0.0,0.0,0.005,always_compile_evict,1.0
h=0/q0=0.4/p=1/r=2.2/sig=0,C_rfb,0.0,0.4,1.0,2.2,0.0,1.0,wiki_B,native,always_compile_evict,7198949282.42,0.999897,5.0,15.0,1734.0,0.0,0.0,11214.4,702.0,0.011,always_compile_evict,1.0
h=0/q0=0.4/p=1/r=2.2/sig=0,C_rfb,0.0,0.4,1.0,2.2,0.0,1.0,wiki_B,native,ours_evict,7199688122.72,1.0,5.0,14.0,1691.0,0.0,0.0,11110.1,682.0,0.011,always_compile_evict,1.0
h=0/q0=0.4/p=1/r=2.2/sig=0,C_rfb,0.0,0.4,1.0,2.2,0.0,1.0,wiki_B,native,ours_noinflate,7199688122.72,1.0,5.0,14.0,1691.0,0.0,0.0,11110.1,682.0,0.011,always_compile_evict,1.0
h=0/q0=0.4/p=1/r=2.2/sig=0,C_rfb,0.0,0.4,1.0,2.2,0.0,1.0,wiki_B,native,oracle_tax,7349353939.7,1.020788,11.0,11.0,11.0,0.0,0.0,2150.2,0.0,0.009,always_compile_evict,1.0
h=0/q0=0.4/p=1/r=2.2/sig=0,C_rfb,0.0,0.4,1.0,2.2,0.0,1.0,wiki_B,native,offline_taxblind,7126613143.24,0.98985,,,,,,,,,always_compile_evict,1.0
h=0/q0=0.4/p=1/r=2.2/sig=0,C_rfb,0.0,0.4,1.0,2.2,0.0,1.0,wiki_B,native,offline_opt_tax,7137617994.846,0.991379,,,,,,,,,always_compile_evict,1.0
