config,p,q0,lifetime,stream,price,policy,mean_tokens,rel_to_ours_evict,mean_final_library,mean_max_library,mean_n_compiles,mean_wasted_compiles,mean_wasted_compiles_tax,mean_wasted_tax_tokens,mean_tax_share,cheapest_policy
p=0.1/q0=0.17/life=10,0.1,0.17,10,bpi2019,autorpa_233k,always_reactive,19497801224.0,1.0,0.0,0.0,0.0,0.0,0.0,0.0,0.004751,always_compile_evict
p=0.1/q0=0.17/life=10,0.1,0.17,10,bpi2019,autorpa_233k,always_compile_evict,10634482616.2,0.54542,144.8,224.5,8600.1,8011.8,8436.1,2718653055.3,0.365,always_compile_evict
p=0.1/q0=0.17/life=10,0.1,0.17,10,bpi2019,autorpa_233k,always_compile_evict_abandon,18027996487.4,0.924617,50.9,83.7,4175.4,3940.4,4118.0,1110421858.0,0.083483,always_compile_evict
p=0.1/q0=0.17/life=10,0.1,0.17,10,bpi2019,autorpa_233k,on_second,17446523743.0,0.894794,866.8,866.8,8600.1,8011.8,8511.7,9544732388.1,0.612885,always_compile_evict
p=0.1/q0=0.17/life=10,0.1,0.17,10,bpi2019,autorpa_233k,ours_evict,19497801224.0,1.0,0.0,0.0,0.0,0.0,0.0,0.0,0.004751,always_compile_evict
p=0.1/q0=0.17/life=10,0.1,0.17,10,bpi2019,autorpa_233k,oracle_tax,7144703145.8,0.366436,83.2,83.2,831.1,747.9,747.9,0.0,0.16077,always_compile_evict
p=0.1/q0=0.17/life=10,0.1,0.17,10,bpi2019,autorpa_233k,offline_taxblind,5532786298.811,0.283765,,,,,,,,always_compile_evict
p=0.1/q0=0.17/life=10,0.1,0.17,10,bpi2019,autorpa_233k,offline_opt_tax,6703376288.114,0.343802,,,,,,,,always_compile_evict
p=0.1/q0=0.17/life=10,0.1,0.17,10,bpi2019,native,always_reactive,19497801224.0,1.204392,0.0,0.0,0.0,0.0,0.0,0.0,0.004751,always_compile_evict
p=0.1/q0=0.17/life=10,0.1,0.17,10,bpi2019,native,always_compile_evict,5709019807.0,0.35265,34.7,60.9,8600.1,7733.3,7741.0,398398.0,0.146212,always_compile_evict
p=0.1/q0=0.17/life=10,0.1,0.17,10,bpi2019,native,always_compile_evict_abandon,15930006497.0,0.984007,10.2,20.5,4175.4,3751.3,3756.2,244207.6,0.018815,always_compile_evict
p=0.1/q0=0.17/life=10,0.1,0.17,10,bpi2019,native,on_second,15567823297.9,0.961634,866.8,866.8,8600.1,7733.3,8508.9,9539372433.5,0.686842,always_compile_evict
p=0.1/q0=0.17/life=10,0.1,0.17,10,bpi2019,native,ours_evict,16188921312.5,1.0,8.2,16.7,2889.3,2597.1,2600.3,162899.1,0.016117,always_compile_evict
p=0.1/q0=0.17/life=10,0.1,0.17,10,bpi2019,native,oracle_tax,6956917144.1,0.429733,102.7,102.7,1023.0,920.3,920.3,0.0,0.173623,always_compile_evict
p=0.1/q0=0.17/life=10,0.1,0.17,10,bpi2019,native,offline_taxblind,4421960685.981,0.273147,,,,,,,,always_compile_evict
p=0.1/q0=0.17/life=10,0.1,0.17,10,bpi2019,native,offline_opt_tax,4941709100.369,0.305253,,,,,,,,always_compile_evict
p=0.1/q0=0.17/life=10,0.1,0.17,10,sepsis,autorpa_233k,always_reactive,77101119.0,1.0,0.0,0.0,0.0,0.0,0.0,0.0,0.005012,always_reactive
p=0.1/q0=0.17/life=10,0.1,0.17,10,sepsis,autorpa_233k,always_compile_evict,95297247.5,1.236003,7.4,7.4,91.7,88.1,88.2,114532.6,0.007155,always_reactive
p=0.1/q0=0.17/life=10,0.1,0.17,10,sepsis,autorpa_233k,always_compile_evict_abandon,87553371.7,1.135566,4.4,4.4,51.5,50.1,50.1,102575.2,0.006637,always_reactive
p=0.1/q0=0.17/life=10,0.1,0.17,10,sepsis,autorpa_233k,on_second,95314765.0,1.236231,7.8,7.8,91.7,88.1,88.2,129902.5,0.007335,always_reactive
p=0.1/q0=0.17/life=10,0.1,0.17,10,sepsis,autorpa_233k,ours_evict,77101119.0,1.0,0.0,0.0,0.0,0.0,0.0,0.0,0.005012,always_reactive
p=0.1/q0=0.17/life=10,0.1,0.17,10,sepsis,autorpa_233k,oracle_tax,77101119.0,1.0,0.0,0.0,0.0,0.0,0.0,0.0,0.005012,always_reactive
p=0.1/q0=0.17/life=10,0.1,0.17,10,sepsis,autorpa_233k,offline_taxblind,77101119.0,1.0,,,,,,,,always_reactive
p=0.1/q0=0.17/life=10,0.1,0.17,10,sepsis,autorpa_233k,offline_opt_tax,77101119.0,1.0,,,,,,,,always_reactive
p=0.1/q0=0.17/life=10,0.1,0.17,10,sepsis,native,always_reactive,77101119.0,1.012272,0.0,0.0,0.0,0.0,0.0,0.0,0.005012,always_compile_evict
p=0.1/q0=0.17/life=10,0.1,0.17,10,sepsis,native,always_compile_evict,75237463.0,0.987804,6.3,7.1,91.7,83.9,83.9,0.0,0.008652,always_compile_evict
p=0.1/q0=0.17/life=10,0.1,0.17,10,sepsis,native,always_compile_evict_abandon,76279266.8,1.001482,3.5,4.2,51.5,46.7,46.7,0.0,0.0073,always_compile_evict
p=0.1/q0=0.17/life=10,0.1,0.17,10,sepsis,native,on_second,75282808.3,0.988399,7.8,7.8,91.7,83.9,84.2,16543.8,0.009249,always_compile_evict
p=0.1/q0=0.17/life=10,0.1,0.17,10,sepsis,native,ours_evict,76166414.6,1.0,2.2,2.9,30.9,27.7,27.7,0.0,0.006619,always_compile_evict
p=0.1/q0=0.17/life=10,0.1,0.17,10,sepsis,native,oracle_tax,74990338.7,0.984559,4.2,4.2,54.6,50.4,50.4,0.0,0.007702,always_compile_evict
p=0.1/q0=0.17/life=10,0.1,0.17,10,sepsis,native,offline_taxblind,69210278.16,0.908672,,,,,,,,always_compile_evict
p=0.1/q0=0.17/life=10,0.1,0.17,10,sepsis,native,offline_opt_tax,70786040.556,0.92936,,,,,,,,always_compile_evict
p=0.1/q0=0.17/life=10,0.1,0.17,10,wiki_A,autorpa_233k,always_reactive,5261420180.0,1.0,0.0,0.0,0.0,0.0,0.0,0.0,0.004586,always_compile_evict
p=0.1/q0=0.17/life=10,0.1,0.17,10,wiki_A,autorpa_233k,always_compile_evict,1747824682.8,0.332196,43.9,64.4,1517.4,1403.5,1450.1,123799339.3,0.12251,always_compile_evict
p=0.1/q0=0.17/life=10,0.1,0.17,10,wiki_A,autorpa_233k,always_compile_evict_abandon,4676628844.5,0.888853,17.6,28.4,701.2,658.1,679.2,57586265.1,0.02224,always_compile_evict
p=0.1/q0=0.17/life=10,0.1,0.17,10,wiki_A,autorpa_233k,on_second,2076834882.5,0.394729,153.5,153.5,1517.4,1403.5,1475.8,345282492.1,0.261489,always_compile_evict
p=0.1/q0=0.17/life=10,0.1,0.17,10,wiki_A,autorpa_233k,ours_evict,5261420180.0,1.0,0.0,0.0,0.0,0.0,0.0,0.0,0.004586,always_compile_evict
p=0.1/q0=0.17/life=10,0.1,0.17,10,wiki_A,autorpa_233k,oracle_tax,1557786002.3,0.296077,32.6,32.6,313.4,280.8,280.8,0.0,0.108379,always_compile_evict
p=0.1/q0=0.17/life=10,0.1,0.17,10,wiki_A,autorpa_233k,offline_taxblind,1348447901.08,0.25629,,,,,,,,always_compile_evict
p=0.1/q0=0.17/life=10,0.1,0.17,10,wiki_A,autorpa_233k,offline_opt_tax,1406397272.793,0.267304,,,,,,,,always_compile_evict
p=0.1/q0=0.17/life=10,0.1,0.17,10,wiki_A,native,always_reactive,5261420180.0,1.160419,0.0,0.0,0.0,0.0,0.0,0.0,0.004586,always_compile_evict
p=0.1/q0=0.17/life=10,0.1,0.17,10,wiki_A,native,always_compile_evict,1280578302.2,0.282435,6.0,29.7,1517.4,1363.9,1366.3,124979.4,0.061123,always_compile_evict
p=0.1/q0=0.17/life=10,0.1,0.17,10,wiki_A,native,always_compile_evict_abandon,4462534593.2,0.984223,1.4,12.2,701.2,631.6,633.8,116652.9,0.009385,always_compile_evict
p=0.1/q0=0.17/life=10,0.1,0.17,10,wiki_A,native,on_second,1745357335.1,0.384943,153.5,153.5,1517.4,1363.9,1474.0,342005463.8,0.311058,always_compile_evict
p=0.1/q0=0.17/life=10,0.1,0.17,10,wiki_A,native,ours_evict,4534067675.8,1.0,1.4,9.5,511.5,460.6,462.4,96505.5,0.008487,always_compile_evict
p=0.1/q0=0.17/life=10,0.1,0.17,10,wiki_A,native,oracle_tax,1481358849.4,0.326717,44.6,44.6,444.3,399.7,399.7,0.0,0.138352,always_compile_evict
p=0.1/q0=0.17/life=10,0.1,0.17,10,wiki_A,native,offline_taxblind,1125518861.94,0.248236,,,,,,,,always_compile_evict
p=0.1/q0=0.17/life=10,0.1,0.17,10,wiki_A,native,offline_opt_tax,1171542290.105,0.258387,,,,,,,,always_compile_evict
p=0.1/q0=0.17/life=10,0.1,0.17,10,wiki_B,autorpa_233k,always_reactive,7373315056.0,1.0,0.0,0.0,0.0,0.0,0.0,0.0,0.004991,always_reactive
p=0.1/q0=0.17/life=10,0.1,0.17,10,wiki_B,autorpa_233k,always_compile_evict,8839990225.0,1.198917,233.5,239.2,6663.4,6272.3,6548.8,1002352432.9,0.147534,always_reactive
p=0.1/q0=0.17/life=10,0.1,0.17,10,wiki_B,autorpa_233k,always_compile_evict_abandon,8383154537.5,1.136959,97.0,104.3,3661.0,3494.5,3621.5,478120906.9,0.069685,always_reactive
p=0.1/q0=0.17/life=10,0.1,0.17,10,wiki_B,autorpa_233k,on_second,10681739361.5,1.448702,662.6,662.6,6663.4,6272.3,6621.3,2842114302.3,0.294495,always_reactive
p=0.1/q0=0.17/life=10,0.1,0.17,10,wiki_B,autorpa_233k,ours_evict,7373315056.0,1.0,0.0,0.0,0.0,0.0,0.0,0.0,0.004991,always_reactive
p=0.1/q0=0.17/life=10,0.1,0.17,10,wiki_B,autorpa_233k,oracle_tax,6850779926.9,0.929132,28.3,28.3,281.5,253.2,253.2,0.0,0.033533,always_reactive
p=0.1/q0=0.17/life=10,0.1,0.17,10,wiki_B,autorpa_233k,offline_taxblind,6430617928.01,0.872147,,,,,,,,always_reactive
p=0.1/q0=0.17/life=10,0.1,0.17,10,wiki_B,autorpa_233k,offline_opt_tax,6740593943.612,0.914188,,,,,,,,always_reactive
p=0.1/q0=0.17/life=10,0.1,0.17,10,wiki_B,native,always_reactive,7373315056.0,1.030431,0.0,0.0,0.0,0.0,0.0,0.0,0.004991,always_compile_evict
p=0.1/q0=0.17/life=10,0.1,0.17,10,wiki_B,native,always_compile_evict,6376432498.1,0.891116,38.1,53.8,6663.4,6000.8,6021.4,1397578.0,0.046464,always_compile_evict
p=0.1/q0=0.17/life=10,0.1,0.17,10,wiki_B,native,always_compile_evict_abandon,7118616856.8,0.994837,11.1,20.3,3661.0,3306.0,3319.8,912484.3,0.016805,always_compile_evict
p=0.1/q0=0.17/life=10,0.1,0.17,10,wiki_B,native,on_second,9226112968.1,1.289362,662.6,662.6,6663.4,6000.8,6611.7,2835674869.3,0.34095,always_compile_evict
p=0.1/q0=0.17/life=10,0.1,0.17,10,wiki_B,native,ours_evict,7155561854.5,1.0,8.6,16.8,2650.7,2389.7,2401.4,792364.3,0.014281,always_compile_evict
p=0.1/q0=0.17/life=10,0.1,0.17,10,wiki_B,native,oracle_tax,6774386448.3,0.94673,60.7,60.7,596.7,536.0,536.0,0.0,0.04873,always_compile_evict
p=0.1/q0=0.17/life=10,0.1,0.17,10,wiki_B,native,offline_taxblind,5701564975.73,0.796802,,,,,,,,always_compile_evict
p=0.1/q0=0.17/life=10,0.1,0.17,10,wiki_B,native,offline_opt_tax,5889816932.137,0.82311,,,,,,,,always_compile_evict
p=0.1/q0=0.17/life=3,0.1,0.17,3,bpi2019,autorpa_233k,always_reactive,19497801224.0,1.0,0.0,0.0,0.0,0.0,0.0,0.0,0.004751,always_compile_evict
p=0.1/q0=0.17/life=3,0.1,0.17,3,bpi2019,autorpa_233k,always_compile_evict,10634482616.2,0.54542,144.8,224.5,8600.1,8011.8,8436.1,2718653055.3,0.365,always_compile_evict
p=0.1/q0=0.17/life=3,0.1,0.17,3,bpi2019,autorpa_233k,always_compile_evict_abandon,18027996487.4,0.924617,50.9,83.7,4175.4,3940.4,4118.0,1110421858.0,0.083483,always_compile_evict
p=0.1/q0=0.17/life=3,0.1,0.17,3,bpi2019,autorpa_233k,on_second,17446523743.0,0.894794,866.8,866.8,8600.1,8011.8,8511.7,9544732388.1,0.612885,always_compile_evict
p=0.1/q0=0.17/life=3,0.1,0.17,3,bpi2019,autorpa_233k,ours_evict,19497801224.0,1.0,0.0,0.0,0.0,0.0,0.0,0.0,0.004751,always_compile_evict
p=0.1/q0=0.17/life=3,0.1,0.17,3,bpi2019,autorpa_233k,oracle_tax,7144703145.8,0.366436,83.2,83.2,831.1,747.9,747.9,0.0,0.16077,always_compile_evict
p=0.1/q0=0.17/life=3,0.1,0.17,3,bpi2019,autorpa_233k,offline_taxblind,5532786298.811,0.283765,,,,,,,,always_compile_evict
p=0.1/q0=0.17/life=3,0.1,0.17,3,bpi2019,autorpa_233k,offline_opt_tax,6703376288.114,0.343802,,,,,,,,always_compile_evict
p=0.1/q0=0.17/life=3,0.1,0.17,3,bpi2019,native,always_reactive,19497801224.0,1.05034,0.0,0.0,0.0,0.0,0.0,0.0,0.004751,always_compile_evict
p=0.1/q0=0.17/life=3,0.1,0.17,3,bpi2019,native,always_compile_evict,5709019807.0,0.307543,34.7,60.9,8600.1,7733.3,7741.0,398398.0,0.146212,always_compile_evict
p=0.1/q0=0.17/life=3,0.1,0.17,3,bpi2019,native,always_compile_evict_abandon,15930006497.0,0.858144,10.2,20.5,4175.4,3751.3,3756.2,244207.6,0.018815,always_compile_evict
p=0.1/q0=0.17/life=3,0.1,0.17,3,bpi2019,native,on_second,15567823297.9,0.838633,866.8,866.8,8600.1,7733.3,8508.9,9539372433.5,0.686842,always_compile_evict
p=0.1/q0=0.17/life=3,0.1,0.17,3,bpi2019,native,ours_evict,18563324011.3,1.0,1.2,5.6,1099.0,989.5,989.5,0.0,0.006579,always_compile_evict
p=0.1/q0=0.17/life=3,0.1,0.17,3,bpi2019,native,oracle_tax,6956917144.1,0.374767,102.7,102.7,1023.0,920.3,920.3,0.0,0.173623,always_compile_evict
p=0.1/q0=0.17/life=3,0.1,0.17,3,bpi2019,native,offline_taxblind,4421960685.981,0.23821,,,,,,,,always_compile_evict
p=0.1/q0=0.17/life=3,0.1,0.17,3,bpi2019,native,offline_opt_tax,4941709100.369,0.266208,,,,,,,,always_compile_evict
p=0.1/q0=0.17/life=3,0.1,0.17,3,sepsis,autorpa_233k,always_reactive,77101119.0,1.0,0.0,0.0,0.0,0.0,0.0,0.0,0.005012,always_reactive
p=0.1/q0=0.17/life=3,0.1,0.17,3,sepsis,autorpa_233k,always_compile_evict,95297247.5,1.236003,7.4,7.4,91.7,88.1,88.2,114532.6,0.007155,always_reactive
p=0.1/q0=0.17/life=3,0.1,0.17,3,sepsis,autorpa_233k,always_compile_evict_abandon,87553371.7,1.135566,4.4,4.4,51.5,50.1,50.1,102575.2,0.006637,always_reactive
p=0.1/q0=0.17/life=3,0.1,0.17,3,sepsis,autorpa_233k,on_second,95314765.0,1.236231,7.8,7.8,91.7,88.1,88.2,129902.5,0.007335,always_reactive
p=0.1/q0=0.17/life=3,0.1,0.17,3,sepsis,autorpa_233k,ours_evict,77101119.0,1.0,0.0,0.0,0.0,0.0,0.0,0.0,0.005012,always_reactive
p=0.1/q0=0.17/life=3,0.1,0.17,3,sepsis,autorpa_233k,oracle_tax,77101119.0,1.0,0.0,0.0,0.0,0.0,0.0,0.0,0.005012,always_reactive
p=0.1/q0=0.17/life=3,0.1,0.17,3,sepsis,autorpa_233k,offline_taxblind,77101119.0,1.0,,,,,,,,always_reactive
p=0.1/q0=0.17/life=3,0.1,0.17,3,sepsis,autorpa_233k,offline_opt_tax,77101119.0,1.0,,,,,,,,always_reactive
p=0.1/q0=0.17/life=3,0.1,0.17,3,sepsis,native,always_reactive,77101119.0,1.006655,0.0,0.0,0.0,0.0,0.0,0.0,0.005012,always_compile_evict
p=0.1/q0=0.17/life=3,0.1,0.17,3,sepsis,native,always_compile_evict,75237463.0,0.982323,6.3,7.1,91.7,83.9,83.9,0.0,0.008652,always_compile_evict
p=0.1/q0=0.17/life=3,0.1,0.17,3,sepsis,native,always_compile_evict_abandon,76279266.8,0.995925,3.5,4.2,51.5,46.7,46.7,0.0,0.0073,always_compile_evict
p=0.1/q0=0.17/life=3,0.1,0.17,3,sepsis,native,on_second,75282808.3,0.982915,7.8,7.8,91.7,83.9,84.2,16543.8,0.009249,always_compile_evict
p=0.1/q0=0.17/life=3,0.1,0.17,3,sepsis,native,ours_evict,76591402.4,1.0,0.4,0.7,9.0,8.3,8.3,0.0,0.005552,always_compile_evict
p=0.1/q0=0.17/life=3,0.1,0.17,3,sepsis,native,oracle_tax,74990338.7,0.979096,4.2,4.2,54.6,50.4,50.4,0.0,0.007702,always_compile_evict
p=0.1/q0=0.17/life=3,0.1,0.17,3,sepsis,native,offline_taxblind,69210278.16,0.90363,,,,,,,,always_compile_evict
p=0.1/q0=0.17/life=3,0.1,0.17,3,sepsis,native,offline_opt_tax,70786040.556,0.924203,,,,,,,,always_compile_evict
p=0.1/q0=0.17/life=3,0.1,0.17,3,wiki_A,autorpa_233k,always_reactive,5261420180.0,1.0,0.0,0.0,0.0,0.0,0.0,0.0,0.004586,always_compile_evict
p=0.1/q0=0.17/life=3,0.1,0.17,3,wiki_A,autorpa_233k,always_compile_evict,1747824682.8,0.332196,43.9,64.4,1517.4,1403.5,1450.1,123799339.3,0.12251,always_compile_evict
p=0.1/q0=0.17/life=3,0.1,0.17,3,wiki_A,autorpa_233k,always_compile_evict_abandon,4676628844.5,0.888853,17.6,28.4,701.2,658.1,679.2,57586265.1,0.02224,always_compile_evict
p=0.1/q0=0.17/life=3,0.1,0.17,3,wiki_A,autorpa_233k,on_second,2076834882.5,0.394729,153.5,153.5,1517.4,1403.5,1475.8,345282492.1,0.261489,always_compile_evict
p=0.1/q0=0.17/life=3,0.1,0.17,3,wiki_A,autorpa_233k,ours_evict,5261420180.0,1.0,0.0,0.0,0.0,0.0,0.0,0.0,0.004586,always_compile_evict
p=0.1/q0=0.17/life=3,0.1,0.17,3,wiki_A,autorpa_233k,oracle_tax,1557786002.3,0.296077,32.6,32.6,313.4,280.8,280.8,0.0,0.108379,always_compile_evict
p=0.1/q0=0.17/life=3,0.1,0.17,3,wiki_A,autorpa_233k,offline_taxblind,1348447901.08,0.25629,,,,,,,,always_compile_evict
p=0.1/q0=0.17/life=3,0.1,0.17,3,wiki_A,autorpa_233k,offline_opt_tax,1406397272.793,0.267304,,,,,,,,always_compile_evict
p=0.1/q0=0.17/life=3,0.1,0.17,3,wiki_A,native,always_reactive,5261420180.0,1.03183,0.0,0.0,0.0,0.0,0.0,0.0,0.004586,always_compile_evict
p=0.1/q0=0.17/life=3,0.1,0.17,3,wiki_A,native,always_compile_evict,1280578302.2,0.251137,6.0,29.7,1517.4,1363.9,1366.3,124979.4,0.061123,always_compile_evict
p=0.1/q0=0.17/life=3,0.1,0.17,3,wiki_A,native,always_compile_evict_abandon,4462534593.2,0.875159,1.4,12.2,701.2,631.6,633.8,116652.9,0.009385,always_compile_evict
p=0.1/q0=0.17/life=3,0.1,0.17,3,wiki_A,native,on_second,1745357335.1,0.342286,153.5,153.5,1517.4,1363.9,1474.0,342005463.8,0.311058,always_compile_evict
p=0.1/q0=0.17/life=3,0.1,0.17,3,wiki_A,native,ours_evict,5099113365.9,1.0,0.3,2.6,179.0,162.4,162.4,0.0,0.005299,always_compile_evict
p=0.1/q0=0.17/life=3,0.1,0.17,3,wiki_A,native,oracle_tax,1481358849.4,0.290513,44.6,44.6,444.3,399.7,399.7,0.0,0.138352,always_compile_evict
p=0.1/q0=0.17/life=3,0.1,0.17,3,wiki_A,native,offline_taxblind,1125518861.94,0.220728,,,,,,,,always_compile_evict
p=0.1/q0=0.17/life=3,0.1,0.17,3,wiki_A,native,offline_opt_tax,1171542290.105,0.229754,,,,,,,,always_compile_evict
p=0.1/q0=0.17/life=3,0.1,0.17,3,wiki_B,autorpa_233k,always_reactive,7373315056.0,1.0,0.0,0.0,0.0,0.0,0.0,0.0,0.004991,always_reactive
p=0.1/q0=0.17/life=3,0.1,0.17,3,wiki_B,autorpa_233k,always_compile_evict,8839990225.0,1.198917,233.5,239.2,6663.4,6272.3,6548.8,1002352432.9,0.147534,always_reactive
p=0.1/q0=0.17/life=3,0.1,0.17,3,wiki_B,autorpa_233k,always_compile_evict_abandon,8383154537.5,1.136959,97.0,104.3,3661.0,3494.5,3621.5,478120906.9,0.069685,always_reactive
p=0.1/q0=0.17/life=3,0.1,0.17,3,wiki_B,autorpa_233k,on_second,10681739361.5,1.448702,662.6,662.6,6663.4,6272.3,6621.3,2842114302.3,0.294495,always_reactive
p=0.1/q0=0.17/life=3,0.1,0.17,3,wiki_B,autorpa_233k,ours_evict,7373315056.0,1.0,0.0,0.0,0.0,0.0,0.0,0.0,0.004991,always_reactive
p=0.1/q0=0.17/life=3,0.1,0.17,3,wiki_B,autorpa_233k,oracle_tax,6850779926.9,0.929132,28.3,28.3,281.5,253.2,253.2,0.0,0.033533,always_reactive
p=0.1/q0=0.17/life=3,0.1,0.17,3,wiki_B,autorpa_233k,offline_taxblind,6430617928.01,0.872147,,,,,,,,always_reactive
p=0.1/q0=0.17/life=3,0.1,0.17,3,wiki_B,autorpa_233k,offline_opt_tax,6740593943.612,0.914188,,,,,,,,always_reactive
p=0.1/q0=0.17/life=3,0.1,0.17,3,wiki_B,native,always_reactive,7373315056.0,1.009933,0.0,0.0,0.0,0.0,0.0,0.0,0.004991,always_compile_evict
p=0.1/q0=0.17/life=3,0.1,0.17,3,wiki_B,native,always_compile_evict,6376432498.1,0.873389,38.1,53.8,6663.4,6000.8,6021.4,1397578.0,0.046464,always_compile_evict
p=0.1/q0=0.17/life=3,0.1,0.17,3,wiki_B,native,always_compile_evict_abandon,7118616856.8,0.975047,11.1,20.3,3661.0,3306.0,3319.8,912484.3,0.016805,always_compile_evict
p=0.1/q0=0.17/life=3,0.1,0.17,3,wiki_B,native,on_second,9226112968.1,1.263714,662.6,662.6,6663.4,6000.8,6611.7,2835674869.3,0.34095,always_compile_evict
p=0.1/q0=0.17/life=3,0.1,0.17,3,wiki_B,native,ours_evict,7300794750.6,1.0,1.7,6.3,985.0,888.8,888.8,0.0,0.007189,always_compile_evict
p=0.1/q0=0.17/life=3,0.1,0.17,3,wiki_B,native,oracle_tax,6774386448.3,0.927897,60.7,60.7,596.7,536.0,536.0,0.0,0.04873,always_compile_evict
p=0.1/q0=0.17/life=3,0.1,0.17,3,wiki_B,native,offline_taxblind,5701564975.73,0.780951,,,,,,,,always_compile_evict
p=0.1/q0=0.17/life=3,0.1,0.17,3,wiki_B,native,offline_opt_tax,5889816932.137,0.806736,,,,,,,,always_compile_evict
p=0.1/q0=0.17/life=50,0.1,0.17,50,bpi2019,autorpa_233k,always_reactive,19497801224.0,1.040567,0.0,0.0,0.0,0.0,0.0,0.0,0.004751,always_compile_evict
p=0.1/q0=0.17/life=50,0.1,0.17,50,bpi2019,autorpa_233k,always_compile_evict,10634482616.2,0.567546,144.8,224.5,8600.1,8011.8,8436.1,2718653055.3,0.365,always_compile_evict
p=0.1/q0=0.17/life=50,0.1,0.17,50,bpi2019,autorpa_233k,always_compile_evict_abandon,18027996487.4,0.962126,50.9,83.7,4175.4,3940.4,4118.0,1110421858.0,0.083483,always_compile_evict
p=0.1/q0=0.17/life=50,0.1,0.17,50,bpi2019,autorpa_233k,on_second,17446523743.0,0.931093,866.8,866.8,8600.1,8011.8,8511.7,9544732388.1,0.612885,always_compile_evict
p=0.1/q0=0.17/life=50,0.1,0.17,50,bpi2019,autorpa_233k,ours_evict,18737671821.9,1.0,6.6,12.1,455.0,426.1,446.9,69852264.3,0.012288,always_compile_evict
p=0.1/q0=0.17/life=50,0.1,0.17,50,bpi2019,autorpa_233k,oracle_tax,7144703145.8,0.381302,83.2,83.2,831.1,747.9,747.9,0.0,0.16077,always_compile_evict
p=0.1/q0=0.17/life=50,0.1,0.17,50,bpi2019,autorpa_233k,offline_taxblind,5532786298.811,0.295276,,,,,,,,always_compile_evict
p=0.1/q0=0.17/life=50,0.1,0.17,50,bpi2019,autorpa_233k,offline_opt_tax,6703376288.114,0.357749,,,,,,,,always_compile_evict
p=0.1/q0=0.17/life=50,0.1,0.17,50,bpi2019,native,always_reactive,19497801224.0,1.396862,0.0,0.0,0.0,0.0,0.0,0.0,0.004751,always_compile_evict
p=0.1/q0=0.17/life=50,0.1,0.17,50,bpi2019,native,always_compile_evict,5709019807.0,0.409006,34.7,60.9,8600.1,7733.3,7741.0,398398.0,0.146212,always_compile_evict
p=0.1/q0=0.17/life=50,0.1,0.17,50,bpi2019,native,always_compile_evict_abandon,15930006497.0,1.141258,10.2,20.5,4175.4,3751.3,3756.2,244207.6,0.018815,always_compile_evict
p=0.1/q0=0.17/life=50,0.1,0.17,50,bpi2019,native,on_second,15567823297.9,1.115311,866.8,866.8,8600.1,7733.3,8508.9,9539372433.5,0.686842,always_compile_evict
p=0.1/q0=0.17/life=50,0.1,0.17,50,bpi2019,native,ours_evict,13958285132.5,1.0,13.0,27.5,4057.3,3649.0,3653.4,216398.0,0.02741,always_compile_evict
p=0.1/q0=0.17/life=50,0.1,0.17,50,bpi2019,native,oracle_tax,6956917144.1,0.498408,102.7,102.7,1023.0,920.3,920.3,0.0,0.173623,always_compile_evict
p=0.1/q0=0.17/life=50,0.1,0.17,50,bpi2019,native,offline_taxblind,4421960685.981,0.316798,,,,,,,,always_compile_evict
p=0.1/q0=0.17/life=50,0.1,0.17,50,bpi2019,native,offline_opt_tax,4941709100.369,0.354034,,,,,,,,always_compile_evict
p=0.1/q0=0.17/life=50,0.1,0.17,50,sepsis,autorpa_233k,always_reactive,77101119.0,0.994828,0.0,0.0,0.0,0.0,0.0,0.0,0.005012,always_reactive
p=0.1/q0=0.17/life=50,0.1,0.17,50,sepsis,autorpa_233k,always_compile_evict,95297247.5,1.229611,7.4,7.4,91.7,88.1,88.2,114532.6,0.007155,always_reactive
p=0.1/q0=0.17/life=50,0.1,0.17,50,sepsis,autorpa_233k,always_compile_evict_abandon,87553371.7,1.129693,4.4,4.4,51.5,50.1,50.1,102575.2,0.006637,always_reactive
p=0.1/q0=0.17/life=50,0.1,0.17,50,sepsis,autorpa_233k,on_second,95314765.0,1.229837,7.8,7.8,91.7,88.1,88.2,129902.5,0.007335,always_reactive
p=0.1/q0=0.17/life=50,0.1,0.17,50,sepsis,autorpa_233k,ours_evict,77501938.0,1.0,0.3,0.3,2.0,2.0,2.0,3057.6,0.005025,always_reactive
p=0.1/q0=0.17/life=50,0.1,0.17,50,sepsis,autorpa_233k,oracle_tax,77101119.0,0.994828,0.0,0.0,0.0,0.0,0.0,0.0,0.005012,always_reactive
p=0.1/q0=0.17/life=50,0.1,0.17,50,sepsis,autorpa_233k,offline_taxblind,77101119.0,0.994828,,,,,,,,always_reactive
p=0.1/q0=0.17/life=50,0.1,0.17,50,sepsis,autorpa_233k,offline_opt_tax,77101119.0,0.994828,,,,,,,,always_reactive
p=0.1/q0=0.17/life=50,0.1,0.17,50,sepsis,native,always_reactive,77101119.0,1.011412,0.0,0.0,0.0,0.0,0.0,0.0,0.005012,always_compile_evict
p=0.1/q0=0.17/life=50,0.1,0.17,50,sepsis,native,always_compile_evict,75237463.0,0.986965,6.3,7.1,91.7,83.9,83.9,0.0,0.008652,always_compile_evict
p=0.1/q0=0.17/life=50,0.1,0.17,50,sepsis,native,always_compile_evict_abandon,76279266.8,1.000631,3.5,4.2,51.5,46.7,46.7,0.0,0.0073,always_compile_evict
p=0.1/q0=0.17/life=50,0.1,0.17,50,sepsis,native,on_second,75282808.3,0.98756,7.8,7.8,91.7,83.9,84.2,16543.8,0.009249,always_compile_evict
p=0.1/q0=0.17/life=50,0.1,0.17,50,sepsis,native,ours_evict,76231149.8,1.0,2.4,3.1,37.1,33.7,33.7,0.0,0.006652,always_compile_evict
p=0.1/q0=0.17/life=50,0.1,0.17,50,sepsis,native,oracle_tax,74990338.7,0.983723,4.2,4.2,54.6,50.4,50.4,0.0,0.007702,always_compile_evict
p=0.1/q0=0.17/life=50,0.1,0.17,50,sepsis,native,offline_taxblind,69210278.16,0.9079,,,,,,,,always_compile_evict
p=0.1/q0=0.17/life=50,0.1,0.17,50,sepsis,native,offline_opt_tax,70786040.556,0.928571,,,,,,,,always_compile_evict
p=0.1/q0=0.17/life=50,0.1,0.17,50,wiki_A,autorpa_233k,always_reactive,5261420180.0,1.026446,0.0,0.0,0.0,0.0,0.0,0.0,0.004586,always_compile_evict
p=0.1/q0=0.17/life=50,0.1,0.17,50,wiki_A,autorpa_233k,always_compile_evict,1747824682.8,0.340982,43.9,64.4,1517.4,1403.5,1450.1,123799339.3,0.12251,always_compile_evict
p=0.1/q0=0.17/life=50,0.1,0.17,50,wiki_A,autorpa_233k,always_compile_evict_abandon,4676628844.5,0.91236,17.6,28.4,701.2,658.1,679.2,57586265.1,0.02224,always_compile_evict
p=0.1/q0=0.17/life=50,0.1,0.17,50,wiki_A,autorpa_233k,on_second,2076834882.5,0.405168,153.5,153.5,1517.4,1403.5,1475.8,345282492.1,0.261489,always_compile_evict
p=0.1/q0=0.17/life=50,0.1,0.17,50,wiki_A,autorpa_233k,ours_evict,5125861783.9,1.0,0.6,3.1,72.0,67.0,68.4,1486239.3,0.005553,always_compile_evict
p=0.1/q0=0.17/life=50,0.1,0.17,50,wiki_A,autorpa_233k,oracle_tax,1557786002.3,0.303907,32.6,32.6,313.4,280.8,280.8,0.0,0.108379,always_compile_evict
p=0.1/q0=0.17/life=50,0.1,0.17,50,wiki_A,autorpa_233k,offline_taxblind,1348447901.08,0.263068,,,,,,,,always_compile_evict
p=0.1/q0=0.17/life=50,0.1,0.17,50,wiki_A,autorpa_233k,offline_opt_tax,1406397272.793,0.274373,,,,,,,,always_compile_evict
p=0.1/q0=0.17/life=50,0.1,0.17,50,wiki_A,native,always_reactive,5261420180.0,1.540584,0.0,0.0,0.0,0.0,0.0,0.0,0.004586,always_compile_evict
p=0.1/q0=0.17/life=50,0.1,0.17,50,wiki_A,native,always_compile_evict,1280578302.2,0.374963,6.0,29.7,1517.4,1363.9,1366.3,124979.4,0.061123,always_compile_evict
p=0.1/q0=0.17/life=50,0.1,0.17,50,wiki_A,native,always_compile_evict_abandon,4462534593.2,1.306664,1.4,12.2,701.2,631.6,633.8,116652.9,0.009385,always_compile_evict
p=0.1/q0=0.17/life=50,0.1,0.17,50,wiki_A,native,on_second,1745357335.1,0.511054,153.5,153.5,1517.4,1363.9,1474.0,342005463.8,0.311058,always_compile_evict
p=0.1/q0=0.17/life=50,0.1,0.17,50,wiki_A,native,ours_evict,3415211136.3,1.0,2.3,14.2,716.9,645.0,646.9,105441.7,0.016535,always_compile_evict
p=0.1/q0=0.17/life=50,0.1,0.17,50,wiki_A,native,oracle_tax,1481358849.4,0.433753,44.6,44.6,444.3,399.7,399.7,0.0,0.138352,always_compile_evict
p=0.1/q0=0.17/life=50,0.1,0.17,50,wiki_A,native,offline_taxblind,1125518861.94,0.329561,,,,,,,,always_compile_evict
p=0.1/q0=0.17/life=50,0.1,0.17,50,wiki_A,native,offline_opt_tax,1171542290.105,0.343037,,,,,,,,always_compile_evict
p=0.1/q0=0.17/life=50,0.1,0.17,50,wiki_B,autorpa_233k,always_reactive,7373315056.0,0.993463,0.0,0.0,0.0,0.0,0.0,0.0,0.004991,always_reactive
p=0.1/q0=0.17/life=50,0.1,0.17,50,wiki_B,autorpa_233k,always_compile_evict,8839990225.0,1.191079,233.5,239.2,6663.4,6272.3,6548.8,1002352432.9,0.147534,always_reactive
p=0.1/q0=0.17/life=50,0.1,0.17,50,wiki_B,autorpa_233k,always_compile_evict_abandon,8383154537.5,1.129526,97.0,104.3,3661.0,3494.5,3621.5,478120906.9,0.069685,always_reactive
p=0.1/q0=0.17/life=50,0.1,0.17,50,wiki_B,autorpa_233k,on_second,10681739361.5,1.439232,662.6,662.6,6663.4,6272.3,6621.3,2842114302.3,0.294495,always_reactive
p=0.1/q0=0.17/life=50,0.1,0.17,50,wiki_B,autorpa_233k,ours_evict,7421833728.6,1.0,10.6,13.0,401.0,382.4,394.0,20779549.7,0.010562,always_reactive
p=0.1/q0=0.17/life=50,0.1,0.17,50,wiki_B,autorpa_233k,oracle_tax,6850779926.9,0.923058,28.3,28.3,281.5,253.2,253.2,0.0,0.033533,always_reactive
p=0.1/q0=0.17/life=50,0.1,0.17,50,wiki_B,autorpa_233k,offline_taxblind,6430617928.01,0.866446,,,,,,,,always_reactive
p=0.1/q0=0.17/life=50,0.1,0.17,50,wiki_B,autorpa_233k,offline_opt_tax,6740593943.612,0.908211,,,,,,,,always_reactive
p=0.1/q0=0.17/life=50,0.1,0.17,50,wiki_B,native,always_reactive,7373315056.0,1.050258,0.0,0.0,0.0,0.0,0.0,0.0,0.004991,always_compile_evict
p=0.1/q0=0.17/life=50,0.1,0.17,50,wiki_B,native,always_compile_evict,6376432498.1,0.908262,38.1,53.8,6663.4,6000.8,6021.4,1397578.0,0.046464,always_compile_evict
p=0.1/q0=0.17/life=50,0.1,0.17,50,wiki_B,native,always_compile_evict_abandon,7118616856.8,1.013979,11.1,20.3,3661.0,3306.0,3319.8,912484.3,0.016805,always_compile_evict
p=0.1/q0=0.17/life=50,0.1,0.17,50,wiki_B,native,on_second,9226112968.1,1.314171,662.6,662.6,6663.4,6000.8,6611.7,2835674869.3,0.34095,always_compile_evict
p=0.1/q0=0.17/life=50,0.1,0.17,50,wiki_B,native,ours_evict,7020478890.6,1.0,16.3,25.7,3586.8,3230.5,3247.6,1142323.0,0.021281,always_compile_evict
p=0.1/q0=0.17/life=50,0.1,0.17,50,wiki_B,native,oracle_tax,6774386448.3,0.964946,60.7,60.7,596.7,536.0,536.0,0.0,0.04873,always_compile_evict
p=0.1/q0=0.17/life=50,0.1,0.17,50,wiki_B,native,offline_taxblind,5701564975.73,0.812133,,,,,,,,always_compile_evict
p=0.1/q0=0.17/life=50,0.1,0.17,50,wiki_B,native,offline_opt_tax,5889816932.137,0.838948,,,,,,,,always_compile_evict
p=0.1/q0=0.4/life=10,0.1,0.4,10,bpi2019,autorpa_233k,always_reactive,19497801224.0,1.0,0.0,0.0,0.0,0.0,0.0,0.0,0.004751,always_compile_evict
p=0.1/q0=0.4/life=10,0.1,0.4,10,bpi2019,autorpa_233k,always_compile_evict,14722005000.5,0.75506,144.8,224.5,8600.1,8080.7,8472.0,2881049980.9,0.263655,always_compile_evict
p=0.1/q0=0.4/life=10,0.1,0.4,10,bpi2019,autorpa_233k,always_compile_evict_abandon,19096723312.2,0.97943,50.9,83.7,4175.4,3979.8,4131.7,1147962424.7,0.07792,always_compile_evict
p=0.1/q0=0.4/life=10,0.1,0.4,10,bpi2019,autorpa_233k,on_second,21534046127.3,1.104435,866.8,866.8,8600.1,8080.7,8526.0,9700628646.8,0.496547,always_compile_evict
p=0.1/q0=0.4/life=10,0.1,0.4,10,bpi2019,autorpa_233k,ours_evict,19497801224.0,1.0,0.0,0.0,0.0,0.0,0.0,0.0,0.004751,always_compile_evict
p=0.1/q0=0.4/life=10,0.1,0.4,10,bpi2019,autorpa_233k,oracle_tax,10888454116.8,0.558445,66.5,66.5,672.0,605.5,605.5,0.0,0.089013,always_compile_evict
p=0.1/q0=0.4/life=10,0.1,0.4,10,bpi2019,autorpa_233k,offline_taxblind,9561013833.202,0.490364,,,,,,,,always_compile_evict
p=0.1/q0=0.4/life=10,0.1,0.4,10,bpi2019,autorpa_233k,offline_opt_tax,10527781132.487,0.539947,,,,,,,,always_compile_evict
p=0.1/q0=0.4/life=10,0.1,0.4,10,bpi2019,native,always_reactive,19497801224.0,1.111055,0.0,0.0,0.0,0.0,0.0,0.0,0.004751,always_compile_evict
p=0.1/q0=0.4/life=10,0.1,0.4,10,bpi2019,native,always_compile_evict,9796542191.3,0.558242,34.7,60.9,8600.1,7733.3,7749.6,1197041.3,0.085205,always_compile_evict
p=0.1/q0=0.4/life=10,0.1,0.4,10,bpi2019,native,always_compile_evict_abandon,16998733321.8,0.968649,10.2,20.5,4175.4,3751.3,3761.5,585776.1,0.017302,always_compile_evict
p=0.1/q0=0.4/life=10,0.1,0.4,10,bpi2019,native,on_second,19655345682.2,1.120032,866.8,866.8,8600.1,7733.3,8522.7,9692573599.8,0.544001,always_compile_evict
p=0.1/q0=0.4/life=10,0.1,0.4,10,bpi2019,native,ours_evict,17548909791.9,1.0,7.1,15.4,2361.7,2123.3,2131.6,455873.6,0.013694,always_compile_evict
p=0.1/q0=0.4/life=10,0.1,0.4,10,bpi2019,native,oracle_tax,10729297283.3,0.611394,89.2,89.2,901.8,812.6,812.6,0.0,0.097103,always_compile_evict
p=0.1/q0=0.4/life=10,0.1,0.4,10,bpi2019,native,offline_taxblind,8691803237.602,0.49529,,,,,,,,always_compile_evict
p=0.1/q0=0.4/life=10,0.1,0.4,10,bpi2019,native,offline_opt_tax,9210728632.519,0.52486,,,,,,,,always_compile_evict
p=0.1/q0=0.4/life=10,0.1,0.4,10,sepsis,autorpa_233k,always_reactive,77101119.0,1.0,0.0,0.0,0.0,0.0,0.0,0.0,0.005012,always_reactive
p=0.1/q0=0.4/life=10,0.1,0.4,10,sepsis,autorpa_233k,always_compile_evict,96306501.9,1.249093,7.4,7.4,91.7,88.7,88.7,127600.2,0.007077,always_reactive
p=0.1/q0=0.4/life=10,0.1,0.4,10,sepsis,autorpa_233k,always_compile_evict_abandon,88004330.4,1.141414,4.4,4.4,51.5,50.4,50.4,112548.8,0.0066,always_reactive
p=0.1/q0=0.4/life=10,0.1,0.4,10,sepsis,autorpa_233k,on_second,96324019.4,1.249321,7.8,7.8,91.7,88.7,88.7,142970.1,0.007255,always_reactive
p=0.1/q0=0.4/life=10,0.1,0.4,10,sepsis,autorpa_233k,ours_evict,77101119.0,1.0,0.0,0.0,0.0,0.0,0.0,0.0,0.005012,always_reactive
p=0.1/q0=0.4/life=10,0.1,0.4,10,sepsis,autorpa_233k,oracle_tax,77101119.0,1.0,0.0,0.0,0.0,0.0,0.0,0.0,0.005012,always_reactive
p=0.1/q0=0.4/life=10,0.1,0.4,10,sepsis,autorpa_233k,offline_taxblind,77101119.0,1.0,,,,,,,,always_reactive
p=0.1/q0=0.4/life=10,0.1,0.4,10,sepsis,autorpa_233k,offline_opt_tax,77101119.0,1.0,,,,,,,,always_reactive
p=0.1/q0=0.4/life=10,0.1,0.4,10,sepsis,native,always_reactive,77101119.0,1.007607,0.0,0.0,0.0,0.0,0.0,0.0,0.005012,always_compile_evict
p=0.1/q0=0.4/life=10,0.1,0.4,10,sepsis,native,always_compile_evict,76246717.4,0.996441,6.3,7.1,91.7,83.9,84.3,9454.9,0.008534,always_compile_evict
p=0.1/q0=0.4/life=10,0.1,0.4,10,sepsis,native,always_compile_evict_abandon,76730225.5,1.00276,3.5,4.2,51.5,46.7,47.1,9454.9,0.007253,always_compile_evict
p=0.1/q0=0.4/life=10,0.1,0.4,10,sepsis,native,on_second,76292062.7,0.997034,7.8,7.8,91.7,83.9,84.9,59395.7,0.009123,always_compile_evict
p=0.1/q0=0.4/life=10,0.1,0.4,10,sepsis,native,ours_evict,76519024.5,1.0,1.9,2.2,21.4,19.0,19.0,0.0,0.006242,always_compile_evict
p=0.1/q0=0.4/life=10,0.1,0.4,10,sepsis,native,oracle_tax,75847702.9,0.991227,3.6,3.6,48.5,44.9,44.9,0.0,0.007486,always_compile_evict
p=0.1/q0=0.4/life=10,0.1,0.4,10,sepsis,native,offline_taxblind,72311916.0,0.945019,,,,,,,,always_compile_evict
p=0.1/q0=0.4/life=10,0.1,0.4,10,sepsis,native,offline_opt_tax,73179255.489,0.956354,,,,,,,,always_compile_evict
p=0.1/q0=0.4/life=10,0.1,0.4,10,wiki_A,autorpa_233k,always_reactive,5261420180.0,1.0,0.0,0.0,0.0,0.0,0.0,0.0,0.004586,always_compile_evict
p=0.1/q0=0.4/life=10,0.1,0.4,10,wiki_A,autorpa_233k,always_compile_evict,2877314931.3,0.54687,43.9,64.4,1517.4,1415.1,1456.8,132981421.3,0.074404,always_compile_evict
p=0.1/q0=0.4/life=10,0.1,0.4,10,wiki_A,autorpa_233k,always_compile_evict_abandon,4905824080.2,0.932414,17.6,28.4,701.2,665.5,682.3,61890819.9,0.020922,always_compile_evict
p=0.1/q0=0.4/life=10,0.1,0.4,10,wiki_A,autorpa_233k,on_second,3206325131.0,0.609403,153.5,153.5,1517.4,1415.1,1482.0,370574386.0,0.169366,always_compile_evict
p=0.1/q0=0.4/life=10,0.1,0.4,10,wiki_A,autorpa_233k,ours_evict,5261420180.0,1.0,0.0,0.0,0.0,0.0,0.0,0.0,0.004586,always_compile_evict
p=0.1/q0=0.4/life=10,0.1,0.4,10,wiki_A,autorpa_233k,oracle_tax,2640560121.3,0.501872,23.1,23.1,217.6,194.5,194.5,0.0,0.050372,always_compile_evict
p=0.1/q0=0.4/life=10,0.1,0.4,10,wiki_A,autorpa_233k,offline_taxblind,2471212409.6,0.469685,,,,,,,,always_compile_evict
p=0.1/q0=0.4/life=10,0.1,0.4,10,wiki_A,autorpa_233k,offline_opt_tax,2517837509.008,0.478547,,,,,,,,always_compile_evict
p=0.1/q0=0.4/life=10,0.1,0.4,10,wiki_A,native,always_reactive,5261420180.0,1.076313,0.0,0.0,0.0,0.0,0.0,0.0,0.004586,always_compile_evict
p=0.1/q0=0.4/life=10,0.1,0.4,10,wiki_A,native,always_compile_evict,2410068550.7,0.493021,6.0,29.7,1517.4,1363.9,1372.3,1578112.9,0.032475,always_compile_evict
p=0.1/q0=0.4/life=10,0.1,0.4,10,wiki_A,native,always_compile_evict_abandon,4691729828.9,0.959774,1.4,12.2,701.2,631.6,636.1,484147.3,0.008798,always_compile_evict
p=0.1/q0=0.4/life=10,0.1,0.4,10,wiki_A,native,on_second,2874847583.6,0.588099,153.5,153.5,1517.4,1363.9,1481.1,368325402.9,0.188866,always_compile_evict
p=0.1/q0=0.4/life=10,0.1,0.4,10,wiki_A,native,ours_evict,4888371709.5,1.0,1.0,8.1,413.7,372.4,375.2,275739.1,0.007253,always_compile_evict
p=0.1/q0=0.4/life=10,0.1,0.4,10,wiki_A,native,oracle_tax,2579614048.1,0.527704,38.3,38.3,369.9,331.6,331.6,0.0,0.069516,always_compile_evict
p=0.1/q0=0.4/life=10,0.1,0.4,10,wiki_A,native,offline_taxblind,2289184842.8,0.468292,,,,,,,,always_compile_evict
p=0.1/q0=0.4/life=10,0.1,0.4,10,wiki_A,native,offline_opt_tax,2335007200.142,0.477666,,,,,,,,always_compile_evict
p=0.1/q0=0.4/life=10,0.1,0.4,10,wiki_B,autorpa_233k,always_reactive,7373315056.0,1.0,0.0,0.0,0.0,0.0,0.0,0.0,0.004991,always_reactive
p=0.1/q0=0.4/life=10,0.1,0.4,10,wiki_B,autorpa_233k,always_compile_evict,9215567208.5,1.249854,233.5,239.2,6663.4,6329.8,6582.9,1083910345.7,0.141521,always_reactive
p=0.1/q0=0.4/life=10,0.1,0.4,10,wiki_B,autorpa_233k,always_compile_evict_abandon,8492087250.5,1.151733,97.0,104.3,3661.0,3529.9,3633.8,503939827.3,0.068782,always_reactive
p=0.1/q0=0.4/life=10,0.1,0.4,10,wiki_B,autorpa_233k,on_second,11057316345.0,1.49964,662.6,662.6,6663.4,6329.8,6640.1,2957798580.1,0.284493,always_reactive
p=0.1/q0=0.4/life=10,0.1,0.4,10,wiki_B,autorpa_233k,ours_evict,7373315056.0,1.0,0.0,0.0,0.0,0.0,0.0,0.0,0.004991,always_reactive
p=0.1/q0=0.4/life=10,0.1,0.4,10,wiki_B,autorpa_233k,oracle_tax,7046993185.0,0.955743,16.2,16.2,169.6,153.4,153.4,0.0,0.021653,always_reactive
p=0.1/q0=0.4/life=10,0.1,0.4,10,wiki_B,autorpa_233k,offline_taxblind,6756718676.0,0.916375,,,,,,,,always_reactive
p=0.1/q0=0.4/life=10,0.1,0.4,10,wiki_B,autorpa_233k,offline_opt_tax,6984318691.78,0.947243,,,,,,,,always_reactive
p=0.1/q0=0.4/life=10,0.1,0.4,10,wiki_B,native,always_reactive,7373315056.0,1.014268,0.0,0.0,0.0,0.0,0.0,0.0,0.004991,always_compile_evict
p=0.1/q0=0.4/life=10,0.1,0.4,10,wiki_B,native,always_compile_evict,6752009481.6,0.928801,38.1,53.8,6663.4,6000.8,6060.6,5722835.3,0.043879,always_compile_evict
p=0.1/q0=0.4/life=10,0.1,0.4,10,wiki_B,native,always_compile_evict_abandon,7227549569.8,0.994216,11.1,20.3,3661.0,3306.0,3345.4,3455925.2,0.016543,always_compile_evict
p=0.1/q0=0.4/life=10,0.1,0.4,10,wiki_B,native,on_second,9601689951.6,1.320801,662.6,662.6,6663.4,6000.8,6630.8,2942572997.0,0.327614,always_compile_evict
p=0.1/q0=0.4/life=10,0.1,0.4,10,wiki_B,native,ours_evict,7269594919.1,1.0,7.9,14.8,2136.8,1931.0,1959.3,2450948.5,0.01288,always_compile_evict
p=0.1/q0=0.4/life=10,0.1,0.4,10,wiki_B,native,oracle_tax,6999621569.7,0.962863,42.1,42.1,432.5,390.4,390.4,0.0,0.032755,always_compile_evict
p=0.1/q0=0.4/life=10,0.1,0.4,10,wiki_B,native,offline_taxblind,6230102396.8,0.857008,,,,,,,,always_compile_evict
p=0.1/q0=0.4/life=10,0.1,0.4,10,wiki_B,native,offline_opt_tax,6417639331.115,0.882806,,,,,,,,always_compile_evict
p=0.1/q0=0.4/life=3,0.1,0.4,3,bpi2019,autorpa_233k,always_reactive,19497801224.0,1.0,0.0,0.0,0.0,0.0,0.0,0.0,0.004751,always_compile_evict
p=0.1/q0=0.4/life=3,0.1,0.4,3,bpi2019,autorpa_233k,always_compile_evict,14722005000.5,0.75506,144.8,224.5,8600.1,8080.7,8472.0,2881049980.9,0.263655,always_compile_evict
p=0.1/q0=0.4/life=3,0.1,0.4,3,bpi2019,autorpa_233k,always_compile_evict_abandon,19096723312.2,0.97943,50.9,83.7,4175.4,3979.8,4131.7,1147962424.7,0.07792,always_compile_evict
p=0.1/q0=0.4/life=3,0.1,0.4,3,bpi2019,autorpa_233k,on_second,21534046127.3,1.104435,866.8,866.8,8600.1,8080.7,8526.0,9700628646.8,0.496547,always_compile_evict
p=0.1/q0=0.4/life=3,0.1,0.4,3,bpi2019,autorpa_233k,ours_evict,19497801224.0,1.0,0.0,0.0,0.0,0.0,0.0,0.0,0.004751,always_compile_evict
p=0.1/q0=0.4/life=3,0.1,0.4,3,bpi2019,autorpa_233k,oracle_tax,10888454116.8,0.558445,66.5,66.5,672.0,605.5,605.5,0.0,0.089013,always_compile_evict
p=0.1/q0=0.4/life=3,0.1,0.4,3,bpi2019,autorpa_233k,offline_taxblind,9561013833.202,0.490364,,,,,,,,always_compile_evict
p=0.1/q0=0.4/life=3,0.1,0.4,3,bpi2019,autorpa_233k,offline_opt_tax,10527781132.487,0.539947,,,,,,,,always_compile_evict
p=0.1/q0=0.4/life=3,0.1,0.4,3,bpi2019,native,always_reactive,19497801224.0,1.022552,0.0,0.0,0.0,0.0,0.0,0.0,0.004751,always_compile_evict
p=0.1/q0=0.4/life=3,0.1,0.4,3,bpi2019,native,always_compile_evict,9796542191.3,0.513774,34.7,60.9,8600.1,7733.3,7749.6,1197041.3,0.085205,always_compile_evict
p=0.1/q0=0.4/life=3,0.1,0.4,3,bpi2019,native,always_compile_evict_abandon,16998733321.8,0.891489,10.2,20.5,4175.4,3751.3,3761.5,585776.1,0.017302,always_compile_evict
p=0.1/q0=0.4/life=3,0.1,0.4,3,bpi2019,native,on_second,19655345682.2,1.030814,866.8,866.8,8600.1,7733.3,8522.7,9692573599.8,0.544001,always_compile_evict
p=0.1/q0=0.4/life=3,0.1,0.4,3,bpi2019,native,ours_evict,19067789549.7,1.0,0.2,2.5,498.0,446.6,446.6,0.0,0.005199,always_compile_evict
p=0.1/q0=0.4/life=3,0.1,0.4,3,bpi2019,native,oracle_tax,10729297283.3,0.562692,89.2,89.2,901.8,812.6,812.6,0.0,0.097103,always_compile_evict
p=0.1/q0=0.4/life=3,0.1,0.4,3,bpi2019,native,offline_taxblind,8691803237.602,0.455837,,,,,,,,always_compile_evict
p=0.1/q0=0.4/life=3,0.1,0.4,3,bpi2019,native,offline_opt_tax,9210728632.519,0.483052,,,,,,,,always_compile_evict
p=0.1/q0=0.4/life=3,0.1,0.4,3,sepsis,autorpa_233k,always_reactive,77101119.0,1.0,0.0,0.0,0.0,0.0,0.0,0.0,0.005012,always_reactive
p=0.1/q0=0.4/life=3,0.1,0.4,3,sepsis,autorpa_233k,always_compile_evict,96306501.9,1.249093,7.4,7.4,91.7,88.7,88.7,127600.2,0.007077,always_reactive
p=0.1/q0=0.4/life=3,0.1,0.4,3,sepsis,autorpa_233k,always_compile_evict_abandon,88004330.4,1.141414,4.4,4.4,51.5,50.4,50.4,112548.8,0.0066,always_reactive
p=0.1/q0=0.4/life=3,0.1,0.4,3,sepsis,autorpa_233k,on_second,96324019.4,1.249321,7.8,7.8,91.7,88.7,88.7,142970.1,0.007255,always_reactive
p=0.1/q0=0.4/life=3,0.1,0.4,3,sepsis,autorpa_233k,ours_evict,77101119.0,1.0,0.0,0.0,0.0,0.0,0.0,0.0,0.005012,always_reactive
p=0.1/q0=0.4/life=3,0.1,0.4,3,sepsis,autorpa_233k,oracle_tax,77101119.0,1.0,0.0,0.0,0.0,0.0,0.0,0.0,0.005012,always_reactive
p=0.1/q0=0.4/life=3,0.1,0.4,3,sepsis,autorpa_233k,offline_taxblind,77101119.0,1.0,,,,,,,,always_reactive
p=0.1/q0=0.4/life=3,0.1,0.4,3,sepsis,autorpa_233k,offline_opt_tax,77101119.0,1.0,,,,,,,,always_reactive
p=0.1/q0=0.4/life=3,0.1,0.4,3,sepsis,native,always_reactive,77101119.0,1.000009,0.0,0.0,0.0,0.0,0.0,0.0,0.005012,always_compile_evict
p=0.1/q0=0.4/life=3,0.1,0.4,3,sepsis,native,always_compile_evict,76246717.4,0.988928,6.3,7.1,91.7,83.9,84.3,9454.9,0.008534,always_compile_evict
p=0.1/q0=0.4/life=3,0.1,0.4,3,sepsis,native,always_compile_evict_abandon,76730225.5,0.995199,3.5,4.2,51.5,46.7,47.1,9454.9,0.007253,always_compile_evict
p=0.1/q0=0.4/life=3,0.1,0.4,3,sepsis,native,on_second,76292062.7,0.989516,7.8,7.8,91.7,83.9,84.9,59395.7,0.009123,always_compile_evict
p=0.1/q0=0.4/life=3,0.1,0.4,3,sepsis,native,ours_evict,77100396.9,1.0,0.0,0.1,4.0,3.9,3.9,0.0,0.005108,always_compile_evict
p=0.1/q0=0.4/life=3,0.1,0.4,3,sepsis,native,oracle_tax,75847702.9,0.983752,3.6,3.6,48.5,44.9,44.9,0.0,0.007486,always_compile_evict
p=0.1/q0=0.4/life=3,0.1,0.4,3,sepsis,native,offline_taxblind,72311916.0,0.937893,,,,,,,,always_compile_evict
p=0.1/q0=0.4/life=3,0.1,0.4,3,sepsis,native,offline_opt_tax,73179255.489,0.949142,,,,,,,,always_compile_evict
p=0.1/q0=0.4/life=3,0.1,0.4,3,wiki_A,autorpa_233k,always_reactive,5261420180.0,1.0,0.0,0.0,0.0,0.0,0.0,0.0,0.004586,always_compile_evict
p=0.1/q0=0.4/life=3,0.1,0.4,3,wiki_A,autorpa_233k,always_compile_evict,2877314931.3,0.54687,43.9,64.4,1517.4,1415.1,1456.8,132981421.3,0.074404,always_compile_evict
p=0.1/q0=0.4/life=3,0.1,0.4,3,wiki_A,autorpa_233k,always_compile_evict_abandon,4905824080.2,0.932414,17.6,28.4,701.2,665.5,682.3,61890819.9,0.020922,always_compile_evict
p=0.1/q0=0.4/life=3,0.1,0.4,3,wiki_A,autorpa_233k,on_second,3206325131.0,0.609403,153.5,153.5,1517.4,1415.1,1482.0,370574386.0,0.169366,always_compile_evict
p=0.1/q0=0.4/life=3,0.1,0.4,3,wiki_A,autorpa_233k,ours_evict,5261420180.0,1.0,0.0,0.0,0.0,0.0,0.0,0.0,0.004586,always_compile_evict
p=0.1/q0=0.4/life=3,0.1,0.4,3,wiki_A,autorpa_233k,oracle_tax,2640560121.3,0.501872,23.1,23.1,217.6,194.5,194.5,0.0,0.050372,always_compile_evict
p=0.1/q0=0.4/life=3,0.1,0.4,3,wiki_A,autorpa_233k,offline_taxblind,2471212409.6,0.469685,,,,,,,,always_compile_evict
p=0.1/q0=0.4/life=3,0.1,0.4,3,wiki_A,autorpa_233k,offline_opt_tax,2517837509.008,0.478547,,,,,,,,always_compile_evict
p=0.1/q0=0.4/life=3,0.1,0.4,3,wiki_A,native,always_reactive,5261420180.0,1.008274,0.0,0.0,0.0,0.0,0.0,0.0,0.004586,always_compile_evict
p=0.1/q0=0.4/life=3,0.1,0.4,3,wiki_A,native,always_compile_evict,2410068550.7,0.461854,6.0,29.7,1517.4,1363.9,1372.3,1578112.9,0.032475,always_compile_evict
p=0.1/q0=0.4/life=3,0.1,0.4,3,wiki_A,native,always_compile_evict_abandon,4691729828.9,0.899102,1.4,12.2,701.2,631.6,636.1,484147.3,0.008798,always_compile_evict
p=0.1/q0=0.4/life=3,0.1,0.4,3,wiki_A,native,on_second,2874847583.6,0.550923,153.5,153.5,1517.4,1363.9,1481.1,368325402.9,0.188866,always_compile_evict
p=0.1/q0=0.4/life=3,0.1,0.4,3,wiki_A,native,ours_evict,5218242375.3,1.0,0.2,1.7,99.0,89.9,89.9,0.0,0.004933,always_compile_evict
p=0.1/q0=0.4/life=3,0.1,0.4,3,wiki_A,native,oracle_tax,2579614048.1,0.494345,38.3,38.3,369.9,331.6,331.6,0.0,0.069516,always_compile_evict
p=0.1/q0=0.4/life=3,0.1,0.4,3,wiki_A,native,offline_taxblind,2289184842.8,0.438689,,,,,,,,always_compile_evict
p=0.1/q0=0.4/life=3,0.1,0.4,3,wiki_A,native,offline_opt_tax,2335007200.142,0.44747,,,,,,,,always_compile_evict
p=0.1/q0=0.4/life=3,0.1,0.4,3,wiki_B,autorpa_233k,always_reactive,7373315056.0,1.0,0.0,0.0,0.0,0.0,0.0,0.0,0.004991,always_reactive
p=0.1/q0=0.4/life=3,0.1,0.4,3,wiki_B,autorpa_233k,always_compile_evict,9215567208.5,1.249854,233.5,239.2,6663.4,6329.8,6582.9,1083910345.7,0.141521,always_reactive
p=0.1/q0=0.4/life=3,0.1,0.4,3,wiki_B,autorpa_233k,always_compile_evict_abandon,8492087250.5,1.151733,97.0,104.3,3661.0,3529.9,3633.8,503939827.3,0.068782,always_reactive
p=0.1/q0=0.4/life=3,0.1,0.4,3,wiki_B,autorpa_233k,on_second,11057316345.0,1.49964,662.6,662.6,6663.4,6329.8,6640.1,2957798580.1,0.284493,always_reactive
p=0.1/q0=0.4/life=3,0.1,0.4,3,wiki_B,autorpa_233k,ours_evict,7373315056.0,1.0,0.0,0.0,0.0,0.0,0.0,0.0,0.004991,always_reactive
p=0.1/q0=0.4/life=3,0.1,0.4,3,wiki_B,autorpa_233k,oracle_tax,7046993185.0,0.955743,16.2,16.2,169.6,153.4,153.4,0.0,0.021653,always_reactive
p=0.1/q0=0.4/life=3,0.1,0.4,3,wiki_B,autorpa_233k,offline_taxblind,6756718676.0,0.916375,,,,,,,,always_reactive
p=0.1/q0=0.4/life=3,0.1,0.4,3,wiki_B,autorpa_233k,offline_opt_tax,6984318691.78,0.947243,,,,,,,,always_reactive
p=0.1/q0=0.4/life=3,0.1,0.4,3,wiki_B,native,always_reactive,7373315056.0,1.003693,0.0,0.0,0.0,0.0,0.0,0.0,0.004991,always_compile_evict
p=0.1/q0=0.4/life=3,0.1,0.4,3,wiki_B,native,always_compile_evict,6752009481.6,0.919117,38.1,53.8,6663.4,6000.8,6060.6,5722835.3,0.043879,always_compile_evict
p=0.1/q0=0.4/life=3,0.1,0.4,3,wiki_B,native,always_compile_evict_abandon,7227549569.8,0.98385,11.1,20.3,3661.0,3306.0,3345.4,3455925.2,0.016543,always_compile_evict
p=0.1/q0=0.4/life=3,0.1,0.4,3,wiki_B,native,on_second,9601689951.6,1.30703,662.6,662.6,6663.4,6000.8,6630.8,2942572997.0,0.327614,always_compile_evict
p=0.1/q0=0.4/life=3,0.1,0.4,3,wiki_B,native,ours_evict,7346189226.7,1.0,0.2,3.1,384.0,345.6,345.6,0.0,0.005423,always_compile_evict
p=0.1/q0=0.4/life=3,0.1,0.4,3,wiki_B,native,oracle_tax,6999621569.7,0.952823,42.1,42.1,432.5,390.4,390.4,0.0,0.032755,always_compile_evict
p=0.1/q0=0.4/life=3,0.1,0.4,3,wiki_B,native,offline_taxblind,6230102396.8,0.848073,,,,,,,,always_compile_evict
p=0.1/q0=0.4/life=3,0.1,0.4,3,wiki_B,native,offline_opt_tax,6417639331.115,0.873601,,,,,,,,always_compile_evict
p=0.1/q0=0.4/life=50,0.1,0.4,50,bpi2019,autorpa_233k,always_reactive,19497801224.0,1.018932,0.0,0.0,0.0,0.0,0.0,0.0,0.004751,always_compile_evict
p=0.1/q0=0.4/life=50,0.1,0.4,50,bpi2019,autorpa_233k,always_compile_evict,14722005000.5,0.769355,144.8,224.5,8600.1,8080.7,8472.0,2881049980.9,0.263655,always_compile_evict
p=0.1/q0=0.4/life=50,0.1,0.4,50,bpi2019,autorpa_233k,always_compile_evict_abandon,19096723312.2,0.997972,50.9,83.7,4175.4,3979.8,4131.7,1147962424.7,0.07792,always_compile_evict
p=0.1/q0=0.4/life=50,0.1,0.4,50,bpi2019,autorpa_233k,on_second,21534046127.3,1.125344,866.8,866.8,8600.1,8080.7,8526.0,9700628646.8,0.496547,always_compile_evict
p=0.1/q0=0.4/life=50,0.1,0.4,50,bpi2019,autorpa_233k,ours_evict,19135524679.6,1.0,3.3,6.1,209.0,196.3,206.0,29763779.5,0.007567,always_compile_evict
p=0.1/q0=0.4/life=50,0.1,0.4,50,bpi2019,autorpa_233k,oracle_tax,10888454116.8,0.569018,66.5,66.5,672.0,605.5,605.5,0.0,0.089013,always_compile_evict
p=0.1/q0=0.4/life=50,0.1,0.4,50,bpi2019,autorpa_233k,offline_taxblind,9561013833.202,0.499647,,,,,,,,always_compile_evict
p=0.1/q0=0.4/life=50,0.1,0.4,50,bpi2019,autorpa_233k,offline_opt_tax,10527781132.487,0.550169,,,,,,,,always_compile_evict
p=0.1/q0=0.4/life=50,0.1,0.4,50,bpi2019,native,always_reactive,19497801224.0,1.241831,0.0,0.0,0.0,0.0,0.0,0.0,0.004751,always_compile_evict
p=0.1/q0=0.4/life=50,0.1,0.4,50,bpi2019,native,always_compile_evict,9796542191.3,0.62395,34.7,60.9,8600.1,7733.3,7749.6,1197041.3,0.085205,always_compile_evict
p=0.1/q0=0.4/life=50,0.1,0.4,50,bpi2019,native,always_compile_evict_abandon,16998733321.8,1.082663,10.2,20.5,4175.4,3751.3,3761.5,585776.1,0.017302,always_compile_evict
p=0.1/q0=0.4/life=50,0.1,0.4,50,bpi2019,native,on_second,19655345682.2,1.251865,866.8,866.8,8600.1,7733.3,8522.7,9692573599.8,0.544001,always_compile_evict
p=0.1/q0=0.4/life=50,0.1,0.4,50,bpi2019,native,ours_evict,15700847978.3,1.0,12.2,25.2,3557.0,3200.9,3213.9,814086.0,0.022641,always_compile_evict
p=0.1/q0=0.4/life=50,0.1,0.4,50,bpi2019,native,oracle_tax,10729297283.3,0.683358,89.2,89.2,901.8,812.6,812.6,0.0,0.097103,always_compile_evict
p=0.1/q0=0.4/life=50,0.1,0.4,50,bpi2019,native,offline_taxblind,8691803237.602,0.553588,,,,,,,,always_compile_evict
p=0.1/q0=0.4/life=50,0.1,0.4,50,bpi2019,native,offline_opt_tax,9210728632.519,0.586639,,,,,,,,always_compile_evict
p=0.1/q0=0.4/life=50,0.1,0.4,50,sepsis,autorpa_233k,always_reactive,77101119.0,1.0,0.0,0.0,0.0,0.0,0.0,0.0,0.005012,always_reactive
p=0.1/q0=0.4/life=50,0.1,0.4,50,sepsis,autorpa_233k,always_compile_evict,96306501.9,1.249093,7.4,7.4,91.7,88.7,88.7,127600.2,0.007077,always_reactive
p=0.1/q0=0.4/life=50,0.1,0.4,50,sepsis,autorpa_233k,always_compile_evict_abandon,88004330.4,1.141414,4.4,4.4,51.5,50.4,50.4,112548.8,0.0066,always_reactive
p=0.1/q0=0.4/life=50,0.1,0.4,50,sepsis,autorpa_233k,on_second,96324019.4,1.249321,7.8,7.8,91.7,88.7,88.7,142970.1,0.007255,always_reactive
p=0.1/q0=0.4/life=50,0.1,0.4,50,sepsis,autorpa_233k,ours_evict,77101119.0,1.0,0.0,0.0,0.0,0.0,0.0,0.0,0.005012,always_reactive
p=0.1/q0=0.4/life=50,0.1,0.4,50,sepsis,autorpa_233k,oracle_tax,77101119.0,1.0,0.0,0.0,0.0,0.0,0.0,0.0,0.005012,always_reactive
p=0.1/q0=0.4/life=50,0.1,0.4,50,sepsis,autorpa_233k,offline_taxblind,77101119.0,1.0,,,,,,,,always_reactive
p=0.1/q0=0.4/life=50,0.1,0.4,50,sepsis,autorpa_233k,offline_opt_tax,77101119.0,1.0,,,,,,,,always_reactive
p=0.1/q0=0.4/life=50,0.1,0.4,50,sepsis,native,always_reactive,77101119.0,1.006555,0.0,0.0,0.0,0.0,0.0,0.0,0.005012,always_compile_evict
p=0.1/q0=0.4/life=50,0.1,0.4,50,sepsis,native,always_compile_evict,76246717.4,0.9954,6.3,7.1,91.7,83.9,84.3,9454.9,0.008534,always_compile_evict
p=0.1/q0=0.4/life=50,0.1,0.4,50,sepsis,native,always_compile_evict_abandon,76730225.5,1.001713,3.5,4.2,51.5,46.7,47.1,9454.9,0.007253,always_compile_evict
p=0.1/q0=0.4/life=50,0.1,0.4,50,sepsis,native,on_second,76292062.7,0.995992,7.8,7.8,91.7,83.9,84.9,59395.7,0.009123,always_compile_evict
p=0.1/q0=0.4/life=50,0.1,0.4,50,sepsis,native,ours_evict,76599044.0,1.0,1.9,2.2,26.9,24.5,24.5,0.0,0.006236,always_compile_evict
p=0.1/q0=0.4/life=50,0.1,0.4,50,sepsis,native,oracle_tax,75847702.9,0.990191,3.6,3.6,48.5,44.9,44.9,0.0,0.007486,always_compile_evict
p=0.1/q0=0.4/life=50,0.1,0.4,50,sepsis,native,offline_taxblind,72311916.0,0.944032,,,,,,,,always_compile_evict
p=0.1/q0=0.4/life=50,0.1,0.4,50,sepsis,native,offline_opt_tax,73179255.489,0.955355,,,,,,,,always_compile_evict
p=0.1/q0=0.4/life=50,0.1,0.4,50,wiki_A,autorpa_233k,always_reactive,5261420180.0,1.005596,0.0,0.0,0.0,0.0,0.0,0.0,0.004586,always_compile_evict
p=0.1/q0=0.4/life=50,0.1,0.4,50,wiki_A,autorpa_233k,always_compile_evict,2877314931.3,0.549931,43.9,64.4,1517.4,1415.1,1456.8,132981421.3,0.074404,always_compile_evict
p=0.1/q0=0.4/life=50,0.1,0.4,50,wiki_A,autorpa_233k,always_compile_evict_abandon,4905824080.2,0.937632,17.6,28.4,701.2,665.5,682.3,61890819.9,0.020922,always_compile_evict
p=0.1/q0=0.4/life=50,0.1,0.4,50,wiki_A,autorpa_233k,on_second,3206325131.0,0.612813,153.5,153.5,1517.4,1415.1,1482.0,370574386.0,0.169366,always_compile_evict
p=0.1/q0=0.4/life=50,0.1,0.4,50,wiki_A,autorpa_233k,ours_evict,5232141821.8,1.0,0.3,2.0,38.0,35.5,36.0,742896.7,0.005123,always_compile_evict
p=0.1/q0=0.4/life=50,0.1,0.4,50,wiki_A,autorpa_233k,oracle_tax,2640560121.3,0.504681,23.1,23.1,217.6,194.5,194.5,0.0,0.050372,always_compile_evict
p=0.1/q0=0.4/life=50,0.1,0.4,50,wiki_A,autorpa_233k,offline_taxblind,2471212409.6,0.472314,,,,,,,,always_compile_evict
p=0.1/q0=0.4/life=50,0.1,0.4,50,wiki_A,autorpa_233k,offline_opt_tax,2517837509.008,0.481225,,,,,,,,always_compile_evict
p=0.1/q0=0.4/life=50,0.1,0.4,50,wiki_A,native,always_reactive,5261420180.0,1.288988,0.0,0.0,0.0,0.0,0.0,0.0,0.004586,always_compile_evict
p=0.1/q0=0.4/life=50,0.1,0.4,50,wiki_A,native,always_compile_evict,2410068550.7,0.590439,6.0,29.7,1517.4,1363.9,1372.3,1578112.9,0.032475,always_compile_evict
p=0.1/q0=0.4/life=50,0.1,0.4,50,wiki_A,native,always_compile_evict_abandon,4691729828.9,1.14942,1.4,12.2,701.2,631.6,636.1,484147.3,0.008798,always_compile_evict
p=0.1/q0=0.4/life=50,0.1,0.4,50,wiki_A,native,on_second,2874847583.6,0.704305,153.5,153.5,1517.4,1363.9,1481.1,368325402.9,0.188866,always_compile_evict
p=0.1/q0=0.4/life=50,0.1,0.4,50,wiki_A,native,ours_evict,4081823997.0,1.0,2.3,13.2,628.6,565.1,569.5,592200.7,0.011804,always_compile_evict
p=0.1/q0=0.4/life=50,0.1,0.4,50,wiki_A,native,oracle_tax,2579614048.1,0.631976,38.3,38.3,369.9,331.6,331.6,0.0,0.069516,always_compile_evict
p=0.1/q0=0.4/life=50,0.1,0.4,50,wiki_A,native,offline_taxblind,2289184842.8,0.560824,,,,,,,,always_compile_evict
p=0.1/q0=0.4/life=50,0.1,0.4,50,wiki_A,native,offline_opt_tax,2335007200.142,0.57205,,,,,,,,always_compile_evict
p=0.1/q0=0.4/life=50,0.1,0.4,50,wiki_B,autorpa_233k,always_reactive,7373315056.0,0.997702,0.0,0.0,0.0,0.0,0.0,0.0,0.004991,always_reactive
p=0.1/q0=0.4/life=50,0.1,0.4,50,wiki_B,autorpa_233k,always_compile_evict,9215567208.5,1.246982,233.5,239.2,6663.4,6329.8,6582.9,1083910345.7,0.141521,always_reactive
p=0.1/q0=0.4/life=50,0.1,0.4,50,wiki_B,autorpa_233k,always_compile_evict_abandon,8492087250.5,1.149086,97.0,104.3,3661.0,3529.9,3633.8,503939827.3,0.068782,always_reactive
p=0.1/q0=0.4/life=50,0.1,0.4,50,wiki_B,autorpa_233k,on_second,11057316345.0,1.496194,662.6,662.6,6663.4,6329.8,6640.1,2957798580.1,0.284493,always_reactive
p=0.1/q0=0.4/life=50,0.1,0.4,50,wiki_B,autorpa_233k,ours_evict,7390294664.4,1.0,5.1,6.9,173.0,163.9,170.3,11151067.2,0.007863,always_reactive
p=0.1/q0=0.4/life=50,0.1,0.4,50,wiki_B,autorpa_233k,oracle_tax,7046993185.0,0.953547,16.2,16.2,169.6,153.4,153.4,0.0,0.021653,always_reactive
p=0.1/q0=0.4/life=50,0.1,0.4,50,wiki_B,autorpa_233k,offline_taxblind,6756718676.0,0.914269,,,,,,,,always_reactive
p=0.1/q0=0.4/life=50,0.1,0.4,50,wiki_B,autorpa_233k,offline_opt_tax,6984318691.78,0.945066,,,,,,,,always_reactive
p=0.1/q0=0.4/life=50,0.1,0.4,50,wiki_B,native,always_reactive,7373315056.0,1.026356,0.0,0.0,0.0,0.0,0.0,0.0,0.004991,always_compile_evict
p=0.1/q0=0.4/life=50,0.1,0.4,50,wiki_B,native,always_compile_evict,6752009481.6,0.939871,38.1,53.8,6663.4,6000.8,6060.6,5722835.3,0.043879,always_compile_evict
p=0.1/q0=0.4/life=50,0.1,0.4,50,wiki_B,native,always_compile_evict_abandon,7227549569.8,1.006065,11.1,20.3,3661.0,3306.0,3345.4,3455925.2,0.016543,always_compile_evict
p=0.1/q0=0.4/life=50,0.1,0.4,50,wiki_B,native,on_second,9601689951.6,1.336543,662.6,662.6,6663.4,6000.8,6630.8,2942572997.0,0.327614,always_compile_evict
p=0.1/q0=0.4/life=50,0.1,0.4,50,wiki_B,native,ours_evict,7183975410.5,1.0,15.3,23.7,3097.9,2796.9,2839.3,4219815.6,0.018972,always_compile_evict
p=0.1/q0=0.4/life=50,0.1,0.4,50,wiki_B,native,oracle_tax,6999621569.7,0.974338,42.1,42.1,432.5,390.4,390.4,0.0,0.032755,always_compile_evict
p=0.1/q0=0.4/life=50,0.1,0.4,50,wiki_B,native,offline_taxblind,6230102396.8,0.867222,,,,,,,,always_compile_evict
p=0.1/q0=0.4/life=50,0.1,0.4,50,wiki_B,native,offline_opt_tax,6417639331.115,0.893327,,,,,,,,always_compile_evict
p=0.3/q0=0.17/life=10,0.3,0.17,10,bpi2019,autorpa_233k,always_reactive,19497801224.0,1.05039,0.0,0.0,0.0,0.0,0.0,0.0,0.004751,always_compile_evict
p=0.3/q0=0.17/life=10,0.3,0.17,10,bpi2019,autorpa_233k,always_compile_evict,8211662927.8,0.44238,99.5,153.4,4453.6,3668.0,4178.2,1513385519.1,0.329349,always_compile_evict
p=0.3/q0=0.17/life=10,0.3,0.17,10,bpi2019,autorpa_233k,always_compile_evict_abandon,12598836757.8,0.678727,70.1,108.8,3502.4,2926.4,3303.0,1065509199.3,0.155002,always_compile_evict
p=0.3/q0=0.17/life=10,0.3,0.17,10,bpi2019,autorpa_233k,on_second,22160642062.8,1.193843,1336.1,1336.1,4453.6,3668.0,4364.5,15471833868.4,0.751468,always_compile_evict
p=0.3/q0=0.17/life=10,0.3,0.17,10,bpi2019,autorpa_233k,ours_evict,18562445660.7,1.0,0.3,2.2,133.0,118.5,119.2,42942.9,0.005413,always_compile_evict
p=0.3/q0=0.17/life=10,0.3,0.17,10,bpi2019,autorpa_233k,oracle_tax,7025839338.5,0.378498,97.8,97.8,324.8,227.0,227.0,0.0,0.176584,always_compile_evict
p=0.3/q0=0.17/life=10,0.3,0.17,10,bpi2019,autorpa_233k,offline_taxblind,4998819414.797,0.269297,,,,,,,,always_compile_evict
p=0.3/q0=0.17/life=10,0.3,0.17,10,bpi2019,autorpa_233k,offline_opt_tax,6303965992.224,0.339609,,,,,,,,always_compile_evict
p=0.3/q0=0.17/life=10,0.3,0.17,10,bpi2019,native,always_reactive,19497801224.0,2.554257,0.0,0.0,0.0,0.0,0.0,0.0,0.004751,always_compile_evict
p=0.3/q0=0.17/life=10,0.3,0.17,10,bpi2019,native,always_compile_evict,4910164557.3,0.643243,8.0,28.2,4453.6,3117.5,3117.5,0.0,0.076553,always_compile_evict
p=0.3/q0=0.17/life=10,0.3,0.17,10,bpi2019,native,always_compile_evict_abandon,10229975446.3,1.340151,5.8,21.3,3502.4,2447.1,2447.1,0.0,0.029131,always_compile_evict
p=0.3/q0=0.17/life=10,0.3,0.17,10,bpi2019,native,on_second,21187748689.2,2.775644,1336.1,1336.1,4453.6,3117.5,4360.6,15466912870.5,0.785975,always_compile_evict
p=0.3/q0=0.17/life=10,0.3,0.17,10,bpi2019,native,ours_evict,7633452639.1,1.0,6.6,24.0,3728.2,2607.0,2607.0,0.0,0.044364,always_compile_evict
p=0.3/q0=0.17/life=10,0.3,0.17,10,bpi2019,native,oracle_tax,6956563499.7,0.911326,112.8,112.8,369.7,256.9,256.9,0.0,0.182469,always_compile_evict
p=0.3/q0=0.17/life=10,0.3,0.17,10,bpi2019,native,offline_taxblind,4051924376.425,0.530811,,,,,,,,always_compile_evict
p=0.3/q0=0.17/life=10,0.3,0.17,10,bpi2019,native,offline_opt_tax,4275276411.491,0.560071,,,,,,,,always_compile_evict
p=0.3/q0=0.17/life=10,0.3,0.17,10,sepsis,autorpa_233k,always_reactive,77101119.0,1.0,0.0,0.0,0.0,0.0,0.0,0.0,0.005012,always_reactive
p=0.3/q0=0.17/life=10,0.3,0.17,10,sepsis,autorpa_233k,always_compile_evict,84279343.8,1.093101,13.5,13.8,55.3,49.4,49.6,253680.7,0.011585,always_reactive
p=0.3/q0=0.17/life=10,0.3,0.17,10,sepsis,autorpa_233k,always_compile_evict_abandon,83824411.0,1.087201,11.0,11.3,45.5,41.8,42.0,249613.0,0.01027,always_reactive
p=0.3/q0=0.17/life=10,0.3,0.17,10,sepsis,autorpa_233k,on_second,84316253.4,1.09358,14.7,14.7,55.3,49.4,49.6,283237.5,0.012018,always_reactive
p=0.3/q0=0.17/life=10,0.3,0.17,10,sepsis,autorpa_233k,ours_evict,77101119.0,1.0,0.0,0.0,0.0,0.0,0.0,0.0,0.005012,always_reactive
p=0.3/q0=0.17/life=10,0.3,0.17,10,sepsis,autorpa_233k,oracle_tax,75734999.1,0.982281,3.0,3.0,10.5,7.5,7.5,0.0,0.008167,always_reactive
p=0.3/q0=0.17/life=10,0.3,0.17,10,sepsis,autorpa_233k,offline_taxblind,74276661.743,0.963367,,,,,,,,always_reactive
p=0.3/q0=0.17/life=10,0.3,0.17,10,sepsis,autorpa_233k,offline_opt_tax,74720260.528,0.96912,,,,,,,,always_reactive
p=0.3/q0=0.17/life=10,0.3,0.17,10,sepsis,native,always_reactive,77101119.0,1.059221,0.0,0.0,0.0,0.0,0.0,0.0,0.005012,always_compile_evict
p=0.3/q0=0.17/life=10,0.3,0.17,10,sepsis,native,always_compile_evict,72089839.9,0.990376,9.2,11.0,55.3,40.6,40.6,0.0,0.012,always_compile_evict
p=0.3/q0=0.17/life=10,0.3,0.17,10,sepsis,native,always_compile_evict_abandon,73784644.9,1.013659,6.9,8.7,45.5,33.3,33.3,0.0,0.010295,always_compile_evict
p=0.3/q0=0.17/life=10,0.3,0.17,10,sepsis,native,on_second,72235913.1,0.992382,14.7,14.7,55.3,40.6,41.1,22322.3,0.014,always_compile_evict
p=0.3/q0=0.17/life=10,0.3,0.17,10,sepsis,native,ours_evict,72790405.7,1.0,8.0,9.8,48.3,35.1,35.1,0.0,0.011183,always_compile_evict
p=0.3/q0=0.17/life=10,0.3,0.17,10,sepsis,native,oracle_tax,72127692.0,0.990896,10.0,10.0,36.5,26.5,26.5,0.0,0.011814,always_compile_evict
p=0.3/q0=0.17/life=10,0.3,0.17,10,sepsis,native,offline_taxblind,54176421.157,0.74428,,,,,,,,always_compile_evict
p=0.3/q0=0.17/life=10,0.3,0.17,10,sepsis,native,offline_opt_tax,55630524.601,0.764256,,,,,,,,always_compile_evict
p=0.3/q0=0.17/life=10,0.3,0.17,10,wiki_A,autorpa_233k,always_reactive,5261420180.0,1.017153,0.0,0.0,0.0,0.0,0.0,0.0,0.004586,always_compile_evict
p=0.3/q0=0.17/life=10,0.3,0.17,10,wiki_A,autorpa_233k,always_compile_evict,1494199830.8,0.288863,30.6,72.5,755.3,610.5,667.9,99698307.8,0.125984,always_compile_evict
p=0.3/q0=0.17/life=10,0.3,0.17,10,wiki_A,autorpa_233k,always_compile_evict_abandon,2991121114.4,0.578252,22.1,53.3,584.7,478.9,523.4,73954562.5,0.051491,always_compile_evict
p=0.3/q0=0.17/life=10,0.3,0.17,10,wiki_A,autorpa_233k,on_second,2079253318.0,0.401967,225.4,225.4,755.3,610.5,712.1,566919671.5,0.371837,always_compile_evict
p=0.3/q0=0.17/life=10,0.3,0.17,10,wiki_A,autorpa_233k,ours_evict,5172691729.4,1.0,0.0,1.9,26.0,18.7,19.8,12376.0,0.004874,always_compile_evict
p=0.3/q0=0.17/life=10,0.3,0.17,10,wiki_A,autorpa_233k,oracle_tax,1494319400.2,0.288886,41.5,41.5,143.2,101.7,101.7,0.0,0.131298,always_compile_evict
p=0.3/q0=0.17/life=10,0.3,0.17,10,wiki_A,autorpa_233k,offline_taxblind,1227462064.363,0.237297,,,,,,,,always_compile_evict
p=0.3/q0=0.17/life=10,0.3,0.17,10,wiki_A,autorpa_233k,offline_opt_tax,1320362443.703,0.255256,,,,,,,,always_compile_evict
p=0.3/q0=0.17/life=10,0.3,0.17,10,wiki_A,native,always_reactive,5261420180.0,2.175603,0.0,0.0,0.0,0.0,0.0,0.0,0.004586,always_compile_evict
p=0.3/q0=0.17/life=10,0.3,0.17,10,wiki_A,native,always_compile_evict,1198609508.5,0.495626,4.0,21.2,755.3,529.9,529.9,0.0,0.048092,always_compile_evict
p=0.3/q0=0.17/life=10,0.3,0.17,10,wiki_A,native,always_compile_evict_abandon,2767374756.2,1.144312,2.2,15.5,584.7,407.0,407.0,0.0,0.018372,always_compile_evict
p=0.3/q0=0.17/life=10,0.3,0.17,10,wiki_A,native,on_second,1914257277.7,0.791547,225.4,225.4,755.3,529.9,709.6,562741606.7,0.403878,always_compile_evict
p=0.3/q0=0.17/life=10,0.3,0.17,10,wiki_A,native,ours_evict,2418373267.9,1.0,2.8,17.3,646.3,450.7,450.7,0.0,0.024395,always_compile_evict
p=0.3/q0=0.17/life=10,0.3,0.17,10,wiki_A,native,oracle_tax,1463820390.6,0.605291,50.2,50.2,174.8,124.6,124.6,0.0,0.148894,always_compile_evict
p=0.3/q0=0.17/life=10,0.3,0.17,10,wiki_A,native,offline_taxblind,1058101385.0,0.437526,,,,,,,,always_compile_evict
p=0.3/q0=0.17/life=10,0.3,0.17,10,wiki_A,native,offline_opt_tax,1082002478.584,0.447409,,,,,,,,always_compile_evict
p=0.3/q0=0.17/life=10,0.3,0.17,10,wiki_B,autorpa_233k,always_reactive,7373315056.0,1.003336,0.0,0.0,0.0,0.0,0.0,0.0,0.004991,ours_evict
p=0.3/q0=0.17/life=10,0.3,0.17,10,wiki_B,autorpa_233k,always_compile_evict,7720569542.5,1.050589,147.1,165.3,3781.9,3209.3,3600.0,739966336.2,0.136717,ours_evict
p=0.3/q0=0.17/life=10,0.3,0.17,10,wiki_B,autorpa_233k,always_compile_evict_abandon,7768699881.5,1.057139,105.7,120.8,3094.4,2665.7,2965.9,557163015.5,0.101059,ours_evict
p=0.3/q0=0.17/life=10,0.3,0.17,10,wiki_B,autorpa_233k,on_second,12068450352.5,1.642234,1134.3,1134.3,3781.9,3209.3,3739.0,5094252527.0,0.447711,ours_evict
p=0.3/q0=0.17/life=10,0.3,0.17,10,wiki_B,autorpa_233k,ours_evict,7348798475.4,1.0,0.0,1.3,14.0,10.3,10.6,7771.4,0.005091,ours_evict
p=0.3/q0=0.17/life=10,0.3,0.17,10,wiki_B,autorpa_233k,oracle_tax,6796833138.8,0.92489,43.4,43.4,139.4,96.0,96.0,0.0,0.046068,ours_evict
p=0.3/q0=0.17/life=10,0.3,0.17,10,wiki_B,autorpa_233k,offline_taxblind,6145468535.47,0.836255,,,,,,,,ours_evict
p=0.3/q0=0.17/life=10,0.3,0.17,10,wiki_B,autorpa_233k,offline_opt_tax,6614495042.372,0.900078,,,,,,,,ours_evict
p=0.3/q0=0.17/life=10,0.3,0.17,10,wiki_B,native,always_reactive,7373315056.0,1.172094,0.0,0.0,0.0,0.0,0.0,0.0,0.004991,always_compile_evict
p=0.3/q0=0.17/life=10,0.3,0.17,10,wiki_B,native,always_compile_evict,6000217943.5,0.953821,15.4,30.4,3781.9,2647.6,2647.6,0.0,0.026887,always_compile_evict
p=0.3/q0=0.17/life=10,0.3,0.17,10,wiki_B,native,always_compile_evict_abandon,6431071541.8,1.022311,10.4,22.4,3094.4,2170.5,2170.5,0.0,0.019172,always_compile_evict
p=0.3/q0=0.17/life=10,0.3,0.17,10,wiki_B,native,on_second,11242290515.6,1.787124,1134.3,1134.3,3781.9,2647.6,3725.4,5084300494.0,0.480609,always_compile_evict
p=0.3/q0=0.17/life=10,0.3,0.17,10,wiki_B,native,ours_evict,6290717891.8,1.0,11.9,25.0,3361.6,2357.5,2357.5,0.0,0.021613,always_compile_evict
p=0.3/q0=0.17/life=10,0.3,0.17,10,wiki_B,native,oracle_tax,6759611056.0,1.074537,87.8,87.8,289.9,202.1,202.1,0.0,0.053816,always_compile_evict
p=0.3/q0=0.17/life=10,0.3,0.17,10,wiki_B,native,offline_taxblind,4598487515.769,0.730996,,,,,,,,always_compile_evict
p=0.3/q0=0.17/life=10,0.3,0.17,10,wiki_B,native,offline_opt_tax,4652665039.696,0.739608,,,,,,,,always_compile_evict
p=0.3/q0=0.17/life=3,0.3,0.17,3,bpi2019,autorpa_233k,always_reactive,19497801224.0,1.0,0.0,0.0,0.0,0.0,0.0,0.0,0.004751,always_compile_evict
p=0.3/q0=0.17/life=3,0.3,0.17,3,bpi2019,autorpa_233k,always_compile_evict,8211662927.8,0.421158,99.5,153.4,4453.6,3668.0,4178.2,1513385519.1,0.329349,always_compile_evict
p=0.3/q0=0.17/life=3,0.3,0.17,3,bpi2019,autorpa_233k,always_compile_evict_abandon,12598836757.8,0.646167,70.1,108.8,3502.4,2926.4,3303.0,1065509199.3,0.155002,always_compile_evict
p=0.3/q0=0.17/life=3,0.3,0.17,3,bpi2019,autorpa_233k,on_second,22160642062.8,1.136571,1336.1,1336.1,4453.6,3668.0,4364.5,15471833868.4,0.751468,always_compile_evict
p=0.3/q0=0.17/life=3,0.3,0.17,3,bpi2019,autorpa_233k,ours_evict,19497801224.0,1.0,0.0,0.0,0.0,0.0,0.0,0.0,0.004751,always_compile_evict
p=0.3/q0=0.17/life=3,0.3,0.17,3,bpi2019,autorpa_233k,oracle_tax,7025839338.5,0.36034,97.8,97.8,324.8,227.0,227.0,0.0,0.176584,always_compile_evict
p=0.3/q0=0.17/life=3,0.3,0.17,3,bpi2019,autorpa_233k,offline_taxblind,4998819414.797,0.256379,,,,,,,,always_compile_evict
p=0.3/q0=0.17/life=3,0.3,0.17,3,bpi2019,autorpa_233k,offline_opt_tax,6303965992.224,0.323317,,,,,,,,always_compile_evict
p=0.3/q0=0.17/life=3,0.3,0.17,3,bpi2019,native,always_reactive,19497801224.0,1.767985,0.0,0.0,0.0,0.0,0.0,0.0,0.004751,always_compile_evict
p=0.3/q0=0.17/life=3,0.3,0.17,3,bpi2019,native,always_compile_evict,4910164557.3,0.445235,8.0,28.2,4453.6,3117.5,3117.5,0.0,0.076553,always_compile_evict
p=0.3/q0=0.17/life=3,0.3,0.17,3,bpi2019,native,always_compile_evict_abandon,10229975446.3,0.927614,5.8,21.3,3502.4,2447.1,2447.1,0.0,0.029131,always_compile_evict
p=0.3/q0=0.17/life=3,0.3,0.17,3,bpi2019,native,on_second,21187748689.2,1.921223,1336.1,1336.1,4453.6,3117.5,4360.6,15466912870.5,0.785975,always_compile_evict
p=0.3/q0=0.17/life=3,0.3,0.17,3,bpi2019,native,ours_evict,11028263287.7,1.0,5.5,18.8,3018.3,2106.2,2106.2,0.0,0.024855,always_compile_evict
p=0.3/q0=0.17/life=3,0.3,0.17,3,bpi2019,native,oracle_tax,6956563499.7,0.630794,112.8,112.8,369.7,256.9,256.9,0.0,0.182469,always_compile_evict
p=0.3/q0=0.17/life=3,0.3,0.17,3,bpi2019,native,offline_taxblind,4051924376.425,0.367413,,,,,,,,always_compile_evict
p=0.3/q0=0.17/life=3,0.3,0.17,3,bpi2019,native,offline_opt_tax,4275276411.491,0.387665,,,,,,,,always_compile_evict
p=0.3/q0=0.17/life=3,0.3,0.17,3,sepsis,autorpa_233k,always_reactive,77101119.0,1.0,0.0,0.0,0.0,0.0,0.0,0.0,0.005012,always_reactive
p=0.3/q0=0.17/life=3,0.3,0.17,3,sepsis,autorpa_233k,always_compile_evict,84279343.8,1.093101,13.5,13.8,55.3,49.4,49.6,253680.7,0.011585,always_reactive
p=0.3/q0=0.17/life=3,0.3,0.17,3,sepsis,autorpa_233k,always_compile_evict_abandon,83824411.0,1.087201,11.0,11.3,45.5,41.8,42.0,249613.0,0.01027,always_reactive
p=0.3/q0=0.17/life=3,0.3,0.17,3,sepsis,autorpa_233k,on_second,84316253.4,1.09358,14.7,14.7,55.3,49.4,49.6,283237.5,0.012018,always_reactive
p=0.3/q0=0.17/life=3,0.3,0.17,3,sepsis,autorpa_233k,ours_evict,77101119.0,1.0,0.0,0.0,0.0,0.0,0.0,0.0,0.005012,always_reactive
p=0.3/q0=0.17/life=3,0.3,0.17,3,sepsis,autorpa_233k,oracle_tax,75734999.1,0.982281,3.0,3.0,10.5,7.5,7.5,0.0,0.008167,always_reactive
p=0.3/q0=0.17/life=3,0.3,0.17,3,sepsis,autorpa_233k,offline_taxblind,74276661.743,0.963367,,,,,,,,always_reactive
p=0.3/q0=0.17/life=3,0.3,0.17,3,sepsis,autorpa_233k,offline_opt_tax,74720260.528,0.96912,,,,,,,,always_reactive
p=0.3/q0=0.17/life=3,0.3,0.17,3,sepsis,native,always_reactive,77101119.0,1.039637,0.0,0.0,0.0,0.0,0.0,0.0,0.005012,always_compile_evict
p=0.3/q0=0.17/life=3,0.3,0.17,3,sepsis,native,always_compile_evict,72089839.9,0.972065,9.2,11.0,55.3,40.6,40.6,0.0,0.012,always_compile_evict
p=0.3/q0=0.17/life=3,0.3,0.17,3,sepsis,native,always_compile_evict_abandon,73784644.9,0.994918,6.9,8.7,45.5,33.3,33.3,0.0,0.010295,always_compile_evict
p=0.3/q0=0.17/life=3,0.3,0.17,3,sepsis,native,on_second,72235913.1,0.974034,14.7,14.7,55.3,40.6,41.1,22322.3,0.014,always_compile_evict
p=0.3/q0=0.17/life=3,0.3,0.17,3,sepsis,native,ours_evict,74161567.5,1.0,6.3,8.1,42.0,30.7,30.7,0.0,0.009915,always_compile_evict
p=0.3/q0=0.17/life=3,0.3,0.17,3,sepsis,native,oracle_tax,72127692.0,0.972575,10.0,10.0,36.5,26.5,26.5,0.0,0.011814,always_compile_evict
p=0.3/q0=0.17/life=3,0.3,0.17,3,sepsis,native,offline_taxblind,54176421.157,0.730519,,,,,,,,always_compile_evict
p=0.3/q0=0.17/life=3,0.3,0.17,3,sepsis,native,offline_opt_tax,55630524.601,0.750126,,,,,,,,always_compile_evict
p=0.3/q0=0.17/life=3,0.3,0.17,3,wiki_A,autorpa_233k,always_reactive,5261420180.0,1.0,0.0,0.0,0.0,0.0,0.0,0.0,0.004586,always_compile_evict
p=0.3/q0=0.17/life=3,0.3,0.17,3,wiki_A,autorpa_233k,always_compile_evict,1494199830.8,0.283992,30.6,72.5,755.3,610.5,667.9,99698307.8,0.125984,always_compile_evict
p=0.3/q0=0.17/life=3,0.3,0.17,3,wiki_A,autorpa_233k,always_compile_evict_abandon,2991121114.4,0.568501,22.1,53.3,584.7,478.9,523.4,73954562.5,0.051491,always_compile_evict
p=0.3/q0=0.17/life=3,0.3,0.17,3,wiki_A,autorpa_233k,on_second,2079253318.0,0.395189,225.4,225.4,755.3,610.5,712.1,566919671.5,0.371837,always_compile_evict
p=0.3/q0=0.17/life=3,0.3,0.17,3,wiki_A,autorpa_233k,ours_evict,5261420180.0,1.0,0.0,0.0,0.0,0.0,0.0,0.0,0.004586,always_compile_evict
p=0.3/q0=0.17/life=3,0.3,0.17,3,wiki_A,autorpa_233k,oracle_tax,1494319400.2,0.284014,41.5,41.5,143.2,101.7,101.7,0.0,0.131298,always_compile_evict
p=0.3/q0=0.17/life=3,0.3,0.17,3,wiki_A,autorpa_233k,offline_taxblind,1227462064.363,0.233295,,,,,,,,always_compile_evict
p=0.3/q0=0.17/life=3,0.3,0.17,3,wiki_A,autorpa_233k,offline_opt_tax,1320362443.703,0.250952,,,,,,,,always_compile_evict
p=0.3/q0=0.17/life=3,0.3,0.17,3,wiki_A,native,always_reactive,5261420180.0,1.615997,0.0,0.0,0.0,0.0,0.0,0.0,0.004586,always_compile_evict
p=0.3/q0=0.17/life=3,0.3,0.17,3,wiki_A,native,always_compile_evict,1198609508.5,0.368142,4.0,21.2,755.3,529.9,529.9,0.0,0.048092,always_compile_evict
p=0.3/q0=0.17/life=3,0.3,0.17,3,wiki_A,native,always_compile_evict_abandon,2767374756.2,0.849974,2.2,15.5,584.7,407.0,407.0,0.0,0.018372,always_compile_evict
p=0.3/q0=0.17/life=3,0.3,0.17,3,wiki_A,native,on_second,1914257277.7,0.587947,225.4,225.4,755.3,529.9,709.6,562741606.7,0.403878,always_compile_evict
p=0.3/q0=0.17/life=3,0.3,0.17,3,wiki_A,native,ours_evict,3255835796.1,1.0,2.0,14.4,524.2,365.4,365.4,0.0,0.014538,always_compile_evict
p=0.3/q0=0.17/life=3,0.3,0.17,3,wiki_A,native,oracle_tax,1463820390.6,0.449599,50.2,50.2,174.8,124.6,124.6,0.0,0.148894,always_compile_evict
p=0.3/q0=0.17/life=3,0.3,0.17,3,wiki_A,native,offline_taxblind,1058101385.0,0.324986,,,,,,,,always_compile_evict
p=0.3/q0=0.17/life=3,0.3,0.17,3,wiki_A,native,offline_opt_tax,1082002478.584,0.332327,,,,,,,,always_compile_evict
p=0.3/q0=0.17/life=3,0.3,0.17,3,wiki_B,autorpa_233k,always_reactive,7373315056.0,1.0,0.0,0.0,0.0,0.0,0.0,0.0,0.004991,always_reactive
p=0.3/q0=0.17/life=3,0.3,0.17,3,wiki_B,autorpa_233k,always_compile_evict,7720569542.5,1.047096,147.1,165.3,3781.9,3209.3,3600.0,739966336.2,0.136717,always_reactive
p=0.3/q0=0.17/life=3,0.3,0.17,3,wiki_B,autorpa_233k,always_compile_evict_abandon,7768699881.5,1.053624,105.7,120.8,3094.4,2665.7,2965.9,557163015.5,0.101059,always_reactive
p=0.3/q0=0.17/life=3,0.3,0.17,3,wiki_B,autorpa_233k,on_second,12068450352.5,1.636774,1134.3,1134.3,3781.9,3209.3,3739.0,5094252527.0,0.447711,always_reactive
p=0.3/q0=0.17/life=3,0.3,0.17,3,wiki_B,autorpa_233k,ours_evict,7373315056.0,1.0,0.0,0.0,0.0,0.0,0.0,0.0,0.004991,always_reactive
p=0.3/q0=0.17/life=3,0.3,0.17,3,wiki_B,autorpa_233k,oracle_tax,6796833138.8,0.921815,43.4,43.4,139.4,96.0,96.0,0.0,0.046068,always_reactive
p=0.3/q0=0.17/life=3,0.3,0.17,3,wiki_B,autorpa_233k,offline_taxblind,6145468535.47,0.833474,,,,,,,,always_reactive
p=0.3/q0=0.17/life=3,0.3,0.17,3,wiki_B,autorpa_233k,offline_opt_tax,6614495042.372,0.897086,,,,,,,,always_reactive
p=0.3/q0=0.17/life=3,0.3,0.17,3,wiki_B,native,always_reactive,7373315056.0,1.130149,0.0,0.0,0.0,0.0,0.0,0.0,0.004991,always_compile_evict
p=0.3/q0=0.17/life=3,0.3,0.17,3,wiki_B,native,always_compile_evict,6000217943.5,0.919687,15.4,30.4,3781.9,2647.6,2647.6,0.0,0.026887,always_compile_evict
p=0.3/q0=0.17/life=3,0.3,0.17,3,wiki_B,native,always_compile_evict_abandon,6431071541.8,0.985726,10.4,22.4,3094.4,2170.5,2170.5,0.0,0.019172,always_compile_evict
p=0.3/q0=0.17/life=3,0.3,0.17,3,wiki_B,native,on_second,11242290515.6,1.723168,1134.3,1134.3,3781.9,2647.6,3725.4,5084300494.0,0.480609,always_compile_evict
p=0.3/q0=0.17/life=3,0.3,0.17,3,wiki_B,native,ours_evict,6524197211.1,1.0,8.2,20.0,2745.5,1923.3,1923.3,0.0,0.017195,always_compile_evict
p=0.3/q0=0.17/life=3,0.3,0.17,3,wiki_B,native,oracle_tax,6759611056.0,1.036083,87.8,87.8,289.9,202.1,202.1,0.0,0.053816,always_compile_evict
p=0.3/q0=0.17/life=3,0.3,0.17,3,wiki_B,native,offline_taxblind,4598487515.769,0.704836,,,,,,,,always_compile_evict
p=0.3/q0=0.17/life=3,0.3,0.17,3,wiki_B,native,offline_opt_tax,4652665039.696,0.71314,,,,,,,,always_compile_evict
p=0.3/q0=0.17/life=50,0.3,0.17,50,bpi2019,autorpa_233k,always_reactive,19497801224.0,1.536261,0.0,0.0,0.0,0.0,0.0,0.0,0.004751,always_compile_evict
p=0.3/q0=0.17/life=50,0.3,0.17,50,bpi2019,autorpa_233k,always_compile_evict,8211662927.8,0.647009,99.5,153.4,4453.6,3668.0,4178.2,1513385519.1,0.329349,always_compile_evict
p=0.3/q0=0.17/life=50,0.3,0.17,50,bpi2019,autorpa_233k,always_compile_evict_abandon,12598836757.8,0.992682,70.1,108.8,3502.4,2926.4,3303.0,1065509199.3,0.155002,always_compile_evict
p=0.3/q0=0.17/life=50,0.3,0.17,50,bpi2019,autorpa_233k,on_second,22160642062.8,1.746071,1336.1,1336.1,4453.6,3668.0,4364.5,15471833868.4,0.751468,always_compile_evict
p=0.3/q0=0.17/life=50,0.3,0.17,50,bpi2019,autorpa_233k,ours_evict,12691720516.3,1.0,53.3,77.9,1467.1,1177.0,1379.2,643317602.2,0.108692,always_compile_evict
p=0.3/q0=0.17/life=50,0.3,0.17,50,bpi2019,autorpa_233k,oracle_tax,7025839338.5,0.553577,97.8,97.8,324.8,227.0,227.0,0.0,0.176584,always_compile_evict
p=0.3/q0=0.17/life=50,0.3,0.17,50,bpi2019,autorpa_233k,offline_taxblind,4998819414.797,0.393865,,,,,,,,always_compile_evict
p=0.3/q0=0.17/life=50,0.3,0.17,50,bpi2019,autorpa_233k,offline_opt_tax,6303965992.224,0.496699,,,,,,,,always_compile_evict
p=0.3/q0=0.17/life=50,0.3,0.17,50,bpi2019,native,always_reactive,19497801224.0,2.968159,0.0,0.0,0.0,0.0,0.0,0.0,0.004751,always_compile_evict
p=0.3/q0=0.17/life=50,0.3,0.17,50,bpi2019,native,always_compile_evict,4910164557.3,0.747476,8.0,28.2,4453.6,3117.5,3117.5,0.0,0.076553,always_compile_evict
p=0.3/q0=0.17/life=50,0.3,0.17,50,bpi2019,native,always_compile_evict_abandon,10229975446.3,1.557314,5.8,21.3,3502.4,2447.1,2447.1,0.0,0.029131,always_compile_evict
p=0.3/q0=0.17/life=50,0.3,0.17,50,bpi2019,native,on_second,21187748689.2,3.22542,1336.1,1336.1,4453.6,3117.5,4360.6,15466912870.5,0.785975,always_compile_evict
p=0.3/q0=0.17/life=50,0.3,0.17,50,bpi2019,native,ours_evict,6568988667.0,1.0,7.3,26.1,3958.3,2769.9,2769.9,0.0,0.055065,always_compile_evict
p=0.3/q0=0.17/life=50,0.3,0.17,50,bpi2019,native,oracle_tax,6956563499.7,1.059001,112.8,112.8,369.7,256.9,256.9,0.0,0.182469,always_compile_evict
p=0.3/q0=0.17/life=50,0.3,0.17,50,bpi2019,native,offline_taxblind,4051924376.425,0.616826,,,,,,,,always_compile_evict
p=0.3/q0=0.17/life=50,0.3,0.17,50,bpi2019,native,offline_opt_tax,4275276411.491,0.650827,,,,,,,,always_compile_evict
p=0.3/q0=0.17/life=50,0.3,0.17,50,sepsis,autorpa_233k,always_reactive,77101119.0,0.994756,0.0,0.0,0.0,0.0,0.0,0.0,0.005012,always_reactive
p=0.3/q0=0.17/life=50,0.3,0.17,50,sepsis,autorpa_233k,always_compile_evict,84279343.8,1.08737,13.5,13.8,55.3,49.4,49.6,253680.7,0.011585,always_reactive
p=0.3/q0=0.17/life=50,0.3,0.17,50,sepsis,autorpa_233k,always_compile_evict_abandon,83824411.0,1.0815,11.0,11.3,45.5,41.8,42.0,249613.0,0.01027,always_reactive
p=0.3/q0=0.17/life=50,0.3,0.17,50,sepsis,autorpa_233k,on_second,84316253.4,1.087846,14.7,14.7,55.3,49.4,49.6,283237.5,0.012018,always_reactive
p=0.3/q0=0.17/life=50,0.3,0.17,50,sepsis,autorpa_233k,ours_evict,77507537.2,1.0,1.7,1.7,6.4,4.9,4.9,4186.0,0.005844,always_reactive
p=0.3/q0=0.17/life=50,0.3,0.17,50,sepsis,autorpa_233k,oracle_tax,75734999.1,0.977131,3.0,3.0,10.5,7.5,7.5,0.0,0.008167,always_reactive
p=0.3/q0=0.17/life=50,0.3,0.17,50,sepsis,autorpa_233k,offline_taxblind,74276661.743,0.958315,,,,,,,,always_reactive
p=0.3/q0=0.17/life=50,0.3,0.17,50,sepsis,autorpa_233k,offline_opt_tax,74720260.528,0.964039,,,,,,,,always_reactive
p=0.3/q0=0.17/life=50,0.3,0.17,50,sepsis,native,always_reactive,77101119.0,1.059632,0.0,0.0,0.0,0.0,0.0,0.0,0.005012,always_compile_evict
p=0.3/q0=0.17/life=50,0.3,0.17,50,sepsis,native,always_compile_evict,72089839.9,0.99076,9.2,11.0,55.3,40.6,40.6,0.0,0.012,always_compile_evict
p=0.3/q0=0.17/life=50,0.3,0.17,50,sepsis,native,always_compile_evict_abandon,73784644.9,1.014053,6.9,8.7,45.5,33.3,33.3,0.0,0.010295,always_compile_evict
p=0.3/q0=0.17/life=50,0.3,0.17,50,sepsis,native,on_second,72235913.1,0.992768,14.7,14.7,55.3,40.6,41.1,22322.3,0.014,always_compile_evict
p=0.3/q0=0.17/life=50,0.3,0.17,50,sepsis,native,ours_evict,72762153.4,1.0,8.1,9.9,49.2,35.9,35.9,0.0,0.011225,always_compile_evict
p=0.3/q0=0.17/life=50,0.3,0.17,50,sepsis,native,oracle_tax,72127692.0,0.99128,10.0,10.0,36.5,26.5,26.5,0.0,0.011814,always_compile_evict
p=0.3/q0=0.17/life=50,0.3,0.17,50,sepsis,native,offline_taxblind,54176421.157,0.744569,,,,,,,,always_compile_evict
p=0.3/q0=0.17/life=50,0.3,0.17,50,sepsis,native,offline_opt_tax,55630524.601,0.764553,,,,,,,,always_compile_evict
p=0.3/q0=0.17/life=50,0.3,0.17,50,wiki_A,autorpa_233k,always_reactive,5261420180.0,1.535025,0.0,0.0,0.0,0.0,0.0,0.0,0.004586,always_compile_evict
p=0.3/q0=0.17/life=50,0.3,0.17,50,wiki_A,autorpa_233k,always_compile_evict,1494199830.8,0.435934,30.6,72.5,755.3,610.5,667.9,99698307.8,0.125984,always_compile_evict
p=0.3/q0=0.17/life=50,0.3,0.17,50,wiki_A,autorpa_233k,always_compile_evict_abandon,2991121114.4,0.872663,22.1,53.3,584.7,478.9,523.4,73954562.5,0.051491,always_compile_evict
p=0.3/q0=0.17/life=50,0.3,0.17,50,wiki_A,autorpa_233k,on_second,2079253318.0,0.606624,225.4,225.4,755.3,610.5,712.1,566919671.5,0.371837,always_compile_evict
p=0.3/q0=0.17/life=50,0.3,0.17,50,wiki_A,autorpa_233k,ours_evict,3427579423.5,1.0,12.3,30.3,257.7,202.9,224.3,32247187.7,0.027272,always_compile_evict
p=0.3/q0=0.17/life=50,0.3,0.17,50,wiki_A,autorpa_233k,oracle_tax,1494319400.2,0.435969,41.5,41.5,143.2,101.7,101.7,0.0,0.131298,always_compile_evict
p=0.3/q0=0.17/life=50,0.3,0.17,50,wiki_A,autorpa_233k,offline_taxblind,1227462064.363,0.358113,,,,,,,,always_compile_evict
p=0.3/q0=0.17/life=50,0.3,0.17,50,wiki_A,autorpa_233k,offline_opt_tax,1320362443.703,0.385217,,,,,,,,always_compile_evict
p=0.3/q0=0.17/life=50,0.3,0.17,50,wiki_A,native,always_reactive,5261420180.0,2.373266,0.0,0.0,0.0,0.0,0.0,0.0,0.004586,always_compile_evict
p=0.3/q0=0.17/life=50,0.3,0.17,50,wiki_A,native,always_compile_evict,1198609508.5,0.540656,4.0,21.2,755.3,529.9,529.9,0.0,0.048092,always_compile_evict
p=0.3/q0=0.17/life=50,0.3,0.17,50,wiki_A,native,always_compile_evict_abandon,2767374756.2,1.248278,2.2,15.5,584.7,407.0,407.0,0.0,0.018372,always_compile_evict
p=0.3/q0=0.17/life=50,0.3,0.17,50,wiki_A,native,on_second,1914257277.7,0.863463,225.4,225.4,755.3,529.9,709.6,562741606.7,0.403878,always_compile_evict
p=0.3/q0=0.17/life=50,0.3,0.17,50,wiki_A,native,ours_evict,2216953559.6,1.0,3.0,19.0,689.5,481.6,481.6,0.0,0.028999,always_compile_evict
p=0.3/q0=0.17/life=50,0.3,0.17,50,wiki_A,native,oracle_tax,1463820390.6,0.660285,50.2,50.2,174.8,124.6,124.6,0.0,0.148894,always_compile_evict
p=0.3/q0=0.17/life=50,0.3,0.17,50,wiki_A,native,offline_taxblind,1058101385.0,0.477277,,,,,,,,always_compile_evict
p=0.3/q0=0.17/life=50,0.3,0.17,50,wiki_A,native,offline_opt_tax,1082002478.584,0.488058,,,,,,,,always_compile_evict
p=0.3/q0=0.17/life=50,0.3,0.17,50,wiki_B,autorpa_233k,always_reactive,7373315056.0,1.009235,0.0,0.0,0.0,0.0,0.0,0.0,0.004991,ours_evict
p=0.3/q0=0.17/life=50,0.3,0.17,50,wiki_B,autorpa_233k,always_compile_evict,7720569542.5,1.056766,147.1,165.3,3781.9,3209.3,3600.0,739966336.2,0.136717,ours_evict
p=0.3/q0=0.17/life=50,0.3,0.17,50,wiki_B,autorpa_233k,always_compile_evict_abandon,7768699881.5,1.063354,105.7,120.8,3094.4,2665.7,2965.9,557163015.5,0.101059,ours_evict
p=0.3/q0=0.17/life=50,0.3,0.17,50,wiki_B,autorpa_233k,on_second,12068450352.5,1.65189,1134.3,1134.3,3781.9,3209.3,3739.0,5094252527.0,0.447711,ours_evict
p=0.3/q0=0.17/life=50,0.3,0.17,50,wiki_B,autorpa_233k,ours_evict,7305843553.5,1.0,73.4,86.5,1255.8,1054.4,1189.7,252621942.3,0.059908,ours_evict
p=0.3/q0=0.17/life=50,0.3,0.17,50,wiki_B,autorpa_233k,oracle_tax,6796833138.8,0.930328,43.4,43.4,139.4,96.0,96.0,0.0,0.046068,ours_evict
p=0.3/q0=0.17/life=50,0.3,0.17,50,wiki_B,autorpa_233k,offline_taxblind,6145468535.47,0.841172,,,,,,,,ours_evict
p=0.3/q0=0.17/life=50,0.3,0.17,50,wiki_B,autorpa_233k,offline_opt_tax,6614495042.372,0.90537,,,,,,,,ours_evict
p=0.3/q0=0.17/life=50,0.3,0.17,50,wiki_B,native,always_reactive,7373315056.0,1.204086,0.0,0.0,0.0,0.0,0.0,0.0,0.004991,always_compile_evict
p=0.3/q0=0.17/life=50,0.3,0.17,50,wiki_B,native,always_compile_evict,6000217943.5,0.979854,15.4,30.4,3781.9,2647.6,2647.6,0.0,0.026887,always_compile_evict
p=0.3/q0=0.17/life=50,0.3,0.17,50,wiki_B,native,always_compile_evict_abandon,6431071541.8,1.050214,10.4,22.4,3094.4,2170.5,2170.5,0.0,0.019172,always_compile_evict
p=0.3/q0=0.17/life=50,0.3,0.17,50,wiki_B,native,on_second,11242290515.6,1.835901,1134.3,1134.3,3781.9,2647.6,3725.4,5084300494.0,0.480609,always_compile_evict
p=0.3/q0=0.17/life=50,0.3,0.17,50,wiki_B,native,ours_evict,6123580660.7,1.0,13.5,27.3,3540.7,2478.9,2478.9,0.0,0.024446,always_compile_evict
p=0.3/q0=0.17/life=50,0.3,0.17,50,wiki_B,native,oracle_tax,6759611056.0,1.103866,87.8,87.8,289.9,202.1,202.1,0.0,0.053816,always_compile_evict
p=0.3/q0=0.17/life=50,0.3,0.17,50,wiki_B,native,offline_taxblind,4598487515.769,0.750947,,,,,,,,always_compile_evict
p=0.3/q0=0.17/life=50,0.3,0.17,50,wiki_B,native,offline_opt_tax,4652665039.696,0.759795,,,,,,,,always_compile_evict
p=0.3/q0=0.4/life=10,0.3,0.4,10,bpi2019,autorpa_233k,always_reactive,19497801224.0,1.0,0.0,0.0,0.0,0.0,0.0,0.0,0.004751,always_compile_evict
p=0.3/q0=0.4/life=10,0.3,0.4,10,bpi2019,autorpa_233k,always_compile_evict,12377073828.2,0.634793,99.5,153.4,4453.6,3781.8,4246.9,1685966491.3,0.218509,always_compile_evict
p=0.3/q0=0.4/life=10,0.3,0.4,10,bpi2019,autorpa_233k,always_compile_evict_abandon,15248788731.9,0.782077,70.1,108.8,3502.4,3021.0,3356.0,1177505856.8,0.125127,always_compile_evict
p=0.3/q0=0.4/life=10,0.3,0.4,10,bpi2019,autorpa_233k,on_second,26326052963.2,1.350206,1336.1,1336.1,4453.6,3781.8,4379.9,15648878299.6,0.632563,always_compile_evict
p=0.3/q0=0.4/life=10,0.3,0.4,10,bpi2019,autorpa_233k,ours_evict,19497801224.0,1.0,0.0,0.0,0.0,0.0,0.0,0.0,0.004751,always_compile_evict
p=0.3/q0=0.4/life=10,0.3,0.4,10,bpi2019,autorpa_233k,oracle_tax,10791431808.4,0.553469,81.4,81.4,271.8,190.4,190.4,0.0,0.098129,always_compile_evict
p=0.3/q0=0.4/life=10,0.3,0.4,10,bpi2019,autorpa_233k,offline_taxblind,9140652667.468,0.468804,,,,,,,,always_compile_evict
p=0.3/q0=0.4/life=10,0.3,0.4,10,bpi2019,autorpa_233k,offline_opt_tax,10267947289.283,0.526621,,,,,,,,always_compile_evict
p=0.3/q0=0.4/life=10,0.3,0.4,10,bpi2019,native,always_reactive,19497801224.0,1.630392,0.0,0.0,0.0,0.0,0.0,0.0,0.004751,always_compile_evict
p=0.3/q0=0.4/life=10,0.3,0.4,10,bpi2019,native,always_compile_evict,9075575457.7,0.758893,8.0,28.2,4453.6,3117.5,3117.5,0.0,0.041417,always_compile_evict
p=0.3/q0=0.4/life=10,0.3,0.4,10,bpi2019,native,always_compile_evict_abandon,12879927420.4,1.07701,5.8,21.3,3502.4,2447.1,2447.1,0.0,0.022149,always_compile_evict
p=0.3/q0=0.4/life=10,0.3,0.4,10,bpi2019,native,on_second,25353159589.6,2.120012,1336.1,1336.1,4453.6,3117.5,4375.1,15636663569.8,0.656837,always_compile_evict
p=0.3/q0=0.4/life=10,0.3,0.4,10,bpi2019,native,ours_evict,11958967663.3,1.0,6.2,22.9,3473.3,2426.6,2426.6,0.0,0.025764,always_compile_evict
p=0.3/q0=0.4/life=10,0.3,0.4,10,bpi2019,native,oracle_tax,10734658778.5,0.897624,98.1,98.1,322.6,224.5,224.5,0.0,0.101655,always_compile_evict
p=0.3/q0=0.4/life=10,0.3,0.4,10,bpi2019,native,offline_taxblind,8453520316.135,0.706877,,,,,,,,always_compile_evict
p=0.3/q0=0.4/life=10,0.3,0.4,10,bpi2019,native,offline_opt_tax,8676596894.2,0.725531,,,,,,,,always_compile_evict
p=0.3/q0=0.4/life=10,0.3,0.4,10,sepsis,autorpa_233k,always_reactive,77101119.0,1.0,0.0,0.0,0.0,0.0,0.0,0.0,0.005012,always_reactive
p=0.3/q0=0.4/life=10,0.3,0.4,10,sepsis,autorpa_233k,always_compile_evict,86063661.7,1.116244,13.5,13.8,55.3,50.6,50.7,287560.0,0.01134,always_reactive
p=0.3/q0=0.4/life=10,0.3,0.4,10,sepsis,autorpa_233k,always_compile_evict_abandon,85080627.0,1.103494,11.0,11.3,45.5,42.9,42.9,278369.0,0.010109,always_reactive
p=0.3/q0=0.4/life=10,0.3,0.4,10,sepsis,autorpa_233k,on_second,86100571.3,1.116723,14.7,14.7,55.3,50.6,50.7,317662.8,0.011764,always_reactive
p=0.3/q0=0.4/life=10,0.3,0.4,10,sepsis,autorpa_233k,ours_evict,77101119.0,1.0,0.0,0.0,0.0,0.0,0.0,0.0,0.005012,always_reactive
p=0.3/q0=0.4/life=10,0.3,0.4,10,sepsis,autorpa_233k,oracle_tax,76629037.0,0.993877,1.8,1.8,6.0,4.2,4.2,0.0,0.006913,always_reactive
p=0.3/q0=0.4/life=10,0.3,0.4,10,sepsis,autorpa_233k,offline_taxblind,75956144.6,0.98515,,,,,,,,always_reactive
p=0.3/q0=0.4/life=10,0.3,0.4,10,sepsis,autorpa_233k,offline_opt_tax,76159208.133,0.987783,,,,,,,,always_reactive
p=0.3/q0=0.4/life=10,0.3,0.4,10,sepsis,native,always_reactive,77101119.0,1.035046,0.0,0.0,0.0,0.0,0.0,0.0,0.005012,always_compile_evict
p=0.3/q0=0.4/life=10,0.3,0.4,10,sepsis,native,always_compile_evict,73874157.8,0.991726,9.2,11.0,55.3,40.6,40.6,0.0,0.011707,always_compile_evict
p=0.3/q0=0.4/life=10,0.3,0.4,10,sepsis,native,always_compile_evict_abandon,75040860.9,1.007388,6.9,8.7,45.5,33.3,33.3,0.0,0.010112,always_compile_evict
p=0.3/q0=0.4/life=10,0.3,0.4,10,sepsis,native,on_second,74020231.0,0.993687,14.7,14.7,55.3,40.6,42.5,99817.9,0.013658,always_compile_evict
p=0.3/q0=0.4/life=10,0.3,0.4,10,sepsis,native,ours_evict,74490490.9,1.0,7.6,9.5,45.0,32.2,32.2,0.0,0.010679,always_compile_evict
p=0.3/q0=0.4/life=10,0.3,0.4,10,sepsis,native,oracle_tax,73812279.5,0.990895,8.2,8.2,30.4,22.2,22.2,0.0,0.010684,always_compile_evict
p=0.3/q0=0.4/life=10,0.3,0.4,10,sepsis,native,offline_taxblind,66526302.133,0.893084,,,,,,,,always_compile_evict
p=0.3/q0=0.4/life=10,0.3,0.4,10,sepsis,native,offline_opt_tax,67956290.578,0.912281,,,,,,,,always_compile_evict
p=0.3/q0=0.4/life=10,0.3,0.4,10,wiki_A,autorpa_233k,always_reactive,5261420180.0,1.0,0.0,0.0,0.0,0.0,0.0,0.0,0.004586,always_compile_evict
p=0.3/q0=0.4/life=10,0.3,0.4,10,wiki_A,autorpa_233k,always_compile_evict,2637646793.2,0.501318,30.6,72.5,755.3,632.8,682.0,114418203.9,0.071365,always_compile_evict
p=0.3/q0=0.4/life=10,0.3,0.4,10,wiki_A,autorpa_233k,always_compile_evict_abandon,3695525644.1,0.702382,22.1,53.3,584.7,498.7,534.9,86310224.0,0.039364,always_compile_evict
p=0.3/q0=0.4/life=10,0.3,0.4,10,wiki_A,autorpa_233k,on_second,3222700280.4,0.612515,225.4,225.4,755.3,632.8,718.4,592873490.3,0.239916,always_compile_evict
p=0.3/q0=0.4/life=10,0.3,0.4,10,wiki_A,autorpa_233k,ours_evict,5261420180.0,1.0,0.0,0.0,0.0,0.0,0.0,0.0,0.004586,always_compile_evict
p=0.3/q0=0.4/life=10,0.3,0.4,10,wiki_A,autorpa_233k,oracle_tax,2594530659.7,0.493124,33.7,33.7,118.6,84.9,84.9,0.0,0.062903,always_compile_evict
p=0.3/q0=0.4/life=10,0.3,0.4,10,wiki_A,autorpa_233k,offline_taxblind,2372169828.0,0.450861,,,,,,,,always_compile_evict
p=0.3/q0=0.4/life=10,0.3,0.4,10,wiki_A,autorpa_233k,offline_opt_tax,2445034333.558,0.46471,,,,,,,,always_compile_evict
p=0.3/q0=0.4/life=10,0.3,0.4,10,wiki_A,native,always_reactive,5261420180.0,1.553194,0.0,0.0,0.0,0.0,0.0,0.0,0.004586,always_compile_evict
p=0.3/q0=0.4/life=10,0.3,0.4,10,wiki_A,native,always_compile_evict,2342056470.9,0.691385,4.0,21.2,755.3,529.9,529.9,0.0,0.024612,always_compile_evict
p=0.3/q0=0.4/life=10,0.3,0.4,10,wiki_A,native,always_compile_evict_abandon,3471779285.9,1.024884,2.2,15.5,584.7,407.0,407.0,0.0,0.013644,always_compile_evict
p=0.3/q0=0.4/life=10,0.3,0.4,10,wiki_A,native,on_second,3057704240.1,0.902648,225.4,225.4,755.3,529.9,718.1,592781070.7,0.252859,always_compile_evict
p=0.3/q0=0.4/life=10,0.3,0.4,10,wiki_A,native,ours_evict,3387483965.8,1.0,2.5,16.5,607.0,423.0,423.0,0.0,0.015017,always_compile_evict
p=0.3/q0=0.4/life=10,0.3,0.4,10,wiki_A,native,oracle_tax,2567255802.6,0.757865,41.3,41.3,143.7,102.4,102.4,0.0,0.07322,always_compile_evict
p=0.3/q0=0.4/life=10,0.3,0.4,10,wiki_A,native,offline_taxblind,2248506639.333,0.663769,,,,,,,,always_compile_evict
p=0.3/q0=0.4/life=10,0.3,0.4,10,wiki_A,native,offline_opt_tax,2272345397.918,0.670806,,,,,,,,always_compile_evict
p=0.3/q0=0.4/life=10,0.3,0.4,10,wiki_B,autorpa_233k,always_reactive,7373315056.0,1.0,0.0,0.0,0.0,0.0,0.0,0.0,0.004991,always_reactive
p=0.3/q0=0.4/life=10,0.3,0.4,10,wiki_B,autorpa_233k,always_compile_evict,8151453534.1,1.105534,147.1,165.3,3781.9,3320.4,3656.4,822546179.0,0.12949,always_reactive
p=0.3/q0=0.4/life=10,0.3,0.4,10,wiki_B,autorpa_233k,always_compile_evict_abandon,8066965017.3,1.094076,105.7,120.8,3094.4,2760.2,3006.8,616443436.7,0.097304,always_reactive
p=0.3/q0=0.4/life=10,0.3,0.4,10,wiki_B,autorpa_233k,on_second,12499334344.1,1.695212,1134.3,1134.3,3781.9,3320.4,3758.4,5206062052.1,0.432277,always_reactive
p=0.3/q0=0.4/life=10,0.3,0.4,10,wiki_B,autorpa_233k,ours_evict,7373315056.0,1.0,0.0,0.0,0.0,0.0,0.0,0.0,0.004991,always_reactive
p=0.3/q0=0.4/life=10,0.3,0.4,10,wiki_B,autorpa_233k,oracle_tax,7013308216.0,0.951174,26.0,26.0,86.5,60.5,60.5,0.0,0.028013,always_reactive
p=0.3/q0=0.4/life=10,0.3,0.4,10,wiki_B,autorpa_233k,offline_taxblind,6550545006.133,0.888412,,,,,,,,always_reactive
p=0.3/q0=0.4/life=10,0.3,0.4,10,wiki_B,autorpa_233k,offline_opt_tax,6898912580.425,0.93566,,,,,,,,always_reactive
p=0.3/q0=0.4/life=10,0.3,0.4,10,wiki_B,native,always_reactive,7373315056.0,1.10459,0.0,0.0,0.0,0.0,0.0,0.0,0.004991,always_compile_evict
p=0.3/q0=0.4/life=10,0.3,0.4,10,wiki_B,native,always_compile_evict,6431101935.1,0.963438,15.4,30.4,3781.9,2647.6,2647.6,0.0,0.025085,always_compile_evict
p=0.3/q0=0.4/life=10,0.3,0.4,10,wiki_B,native,always_compile_evict_abandon,6729336677.6,1.008116,10.4,22.4,3094.4,2170.5,2170.5,0.0,0.018315,always_compile_evict
p=0.3/q0=0.4/life=10,0.3,0.4,10,wiki_B,native,on_second,11673174507.2,1.748748,1134.3,1134.3,3781.9,2647.6,3746.0,5191863922.7,0.462869,always_compile_evict
p=0.3/q0=0.4/life=10,0.3,0.4,10,wiki_B,native,ours_evict,6675161459.6,1.0,11.3,23.2,3178.1,2230.8,2230.8,0.0,0.019491,always_compile_evict
p=0.3/q0=0.4/life=10,0.3,0.4,10,wiki_B,native,oracle_tax,6992474857.1,1.047536,63.7,63.7,211.8,148.1,148.1,0.0,0.037964,always_compile_evict
p=0.3/q0=0.4/life=10,0.3,0.4,10,wiki_B,native,offline_taxblind,5838004711.332,0.874586,,,,,,,,always_compile_evict
p=0.3/q0=0.4/life=10,0.3,0.4,10,wiki_B,native,offline_opt_tax,5890194886.259,0.882405,,,,,,,,always_compile_evict
p=0.3/q0=0.4/life=3,0.3,0.4,3,bpi2019,autorpa_233k,always_reactive,19497801224.0,1.0,0.0,0.0,0.0,0.0,0.0,0.0,0.004751,always_compile_evict
p=0.3/q0=0.4/life=3,0.3,0.4,3,bpi2019,autorpa_233k,always_compile_evict,12377073828.2,0.634793,99.5,153.4,4453.6,3781.8,4246.9,1685966491.3,0.218509,always_compile_evict
p=0.3/q0=0.4/life=3,0.3,0.4,3,bpi2019,autorpa_233k,always_compile_evict_abandon,15248788731.9,0.782077,70.1,108.8,3502.4,3021.0,3356.0,1177505856.8,0.125127,always_compile_evict
p=0.3/q0=0.4/life=3,0.3,0.4,3,bpi2019,autorpa_233k,on_second,26326052963.2,1.350206,1336.1,1336.1,4453.6,3781.8,4379.9,15648878299.6,0.632563,always_compile_evict
p=0.3/q0=0.4/life=3,0.3,0.4,3,bpi2019,autorpa_233k,ours_evict,19497801224.0,1.0,0.0,0.0,0.0,0.0,0.0,0.0,0.004751,always_compile_evict
p=0.3/q0=0.4/life=3,0.3,0.4,3,bpi2019,autorpa_233k,oracle_tax,10791431808.4,0.553469,81.4,81.4,271.8,190.4,190.4,0.0,0.098129,always_compile_evict
p=0.3/q0=0.4/life=3,0.3,0.4,3,bpi2019,autorpa_233k,offline_taxblind,9140652667.468,0.468804,,,,,,,,always_compile_evict
p=0.3/q0=0.4/life=3,0.3,0.4,3,bpi2019,autorpa_233k,offline_opt_tax,10267947289.283,0.526621,,,,,,,,always_compile_evict
p=0.3/q0=0.4/life=3,0.3,0.4,3,bpi2019,native,always_reactive,19497801224.0,1.382068,0.0,0.0,0.0,0.0,0.0,0.0,0.004751,always_compile_evict
p=0.3/q0=0.4/life=3,0.3,0.4,3,bpi2019,native,always_compile_evict,9075575457.7,0.643306,8.0,28.2,4453.6,3117.5,3117.5,0.0,0.041417,always_compile_evict
p=0.3/q0=0.4/life=3,0.3,0.4,3,bpi2019,native,always_compile_evict_abandon,12879927420.4,0.912971,5.8,21.3,3502.4,2447.1,2447.1,0.0,0.022149,always_compile_evict
p=0.3/q0=0.4/life=3,0.3,0.4,3,bpi2019,native,on_second,25353159589.6,1.797114,1336.1,1336.1,4453.6,3117.5,4375.1,15636663569.8,0.656837,always_compile_evict
p=0.3/q0=0.4/life=3,0.3,0.4,3,bpi2019,native,ours_evict,14107705093.4,1.0,5.1,18.1,2759.6,1926.1,1926.1,0.0,0.017847,always_compile_evict
p=0.3/q0=0.4/life=3,0.3,0.4,3,bpi2019,native,oracle_tax,10734658778.5,0.760908,98.1,98.1,322.6,224.5,224.5,0.0,0.101655,always_compile_evict
p=0.3/q0=0.4/life=3,0.3,0.4,3,bpi2019,native,offline_taxblind,8453520316.135,0.599213,,,,,,,,always_compile_evict
p=0.3/q0=0.4/life=3,0.3,0.4,3,bpi2019,native,offline_opt_tax,8676596894.2,0.615025,,,,,,,,always_compile_evict
p=0.3/q0=0.4/life=3,0.3,0.4,3,sepsis,autorpa_233k,always_reactive,77101119.0,1.0,0.0,0.0,0.0,0.0,0.0,0.0,0.005012,always_reactive
p=0.3/q0=0.4/life=3,0.3,0.4,3,sepsis,autorpa_233k,always_compile_evict,86063661.7,1.116244,13.5,13.8,55.3,50.6,50.7,287560.0,0.01134,always_reactive
p=0.3/q0=0.4/life=3,0.3,0.4,3,sepsis,autorpa_233k,always_compile_evict_abandon,85080627.0,1.103494,11.0,11.3,45.5,42.9,42.9,278369.0,0.010109,always_reactive
p=0.3/q0=0.4/life=3,0.3,0.4,3,sepsis,autorpa_233k,on_second,86100571.3,1.116723,14.7,14.7,55.3,50.6,50.7,317662.8,0.011764,always_reactive
p=0.3/q0=0.4/life=3,0.3,0.4,3,sepsis,autorpa_233k,ours_evict,77101119.0,1.0,0.0,0.0,0.0,0.0,0.0,0.0,0.005012,always_reactive
p=0.3/q0=0.4/life=3,0.3,0.4,3,sepsis,autorpa_233k,oracle_tax,76629037.0,0.993877,1.8,1.8,6.0,4.2,4.2,0.0,0.006913,always_reactive
p=0.3/q0=0.4/life=3,0.3,0.4,3,sepsis,autorpa_233k,offline_taxblind,75956144.6,0.98515,,,,,,,,always_reactive
p=0.3/q0=0.4/life=3,0.3,0.4,3,sepsis,autorpa_233k,offline_opt_tax,76159208.133,0.987783,,,,,,,,always_reactive
p=0.3/q0=0.4/life=3,0.3,0.4,3,sepsis,native,always_reactive,77101119.0,1.022047,0.0,0.0,0.0,0.0,0.0,0.0,0.005012,always_compile_evict
p=0.3/q0=0.4/life=3,0.3,0.4,3,sepsis,native,always_compile_evict,73874157.8,0.97927,9.2,11.0,55.3,40.6,40.6,0.0,0.011707,always_compile_evict
p=0.3/q0=0.4/life=3,0.3,0.4,3,sepsis,native,always_compile_evict_abandon,75040860.9,0.994736,6.9,8.7,45.5,33.3,33.3,0.0,0.010112,always_compile_evict
p=0.3/q0=0.4/life=3,0.3,0.4,3,sepsis,native,on_second,74020231.0,0.981207,14.7,14.7,55.3,40.6,42.5,99817.9,0.013658,always_compile_evict
p=0.3/q0=0.4/life=3,0.3,0.4,3,sepsis,native,ours_evict,75437964.9,1.0,5.3,7.1,33.3,23.7,23.7,0.0,0.009069,always_compile_evict
p=0.3/q0=0.4/life=3,0.3,0.4,3,sepsis,native,oracle_tax,73812279.5,0.97845,8.2,8.2,30.4,22.2,22.2,0.0,0.010684,always_compile_evict
p=0.3/q0=0.4/life=3,0.3,0.4,3,sepsis,native,offline_taxblind,66526302.133,0.881868,,,,,,,,always_compile_evict
p=0.3/q0=0.4/life=3,0.3,0.4,3,sepsis,native,offline_opt_tax,67956290.578,0.900823,,,,,,,,always_compile_evict
p=0.3/q0=0.4/life=3,0.3,0.4,3,wiki_A,autorpa_233k,always_reactive,5261420180.0,1.0,0.0,0.0,0.0,0.0,0.0,0.0,0.004586,always_compile_evict
p=0.3/q0=0.4/life=3,0.3,0.4,3,wiki_A,autorpa_233k,always_compile_evict,2637646793.2,0.501318,30.6,72.5,755.3,632.8,682.0,114418203.9,0.071365,always_compile_evict
p=0.3/q0=0.4/life=3,0.3,0.4,3,wiki_A,autorpa_233k,always_compile_evict_abandon,3695525644.1,0.702382,22.1,53.3,584.7,498.7,534.9,86310224.0,0.039364,always_compile_evict
p=0.3/q0=0.4/life=3,0.3,0.4,3,wiki_A,autorpa_233k,on_second,3222700280.4,0.612515,225.4,225.4,755.3,632.8,718.4,592873490.3,0.239916,always_compile_evict
p=0.3/q0=0.4/life=3,0.3,0.4,3,wiki_A,autorpa_233k,ours_evict,5261420180.0,1.0,0.0,0.0,0.0,0.0,0.0,0.0,0.004586,always_compile_evict
p=0.3/q0=0.4/life=3,0.3,0.4,3,wiki_A,autorpa_233k,oracle_tax,2594530659.7,0.493124,33.7,33.7,118.6,84.9,84.9,0.0,0.062903,always_compile_evict
p=0.3/q0=0.4/life=3,0.3,0.4,3,wiki_A,autorpa_233k,offline_taxblind,2372169828.0,0.450861,,,,,,,,always_compile_evict
p=0.3/q0=0.4/life=3,0.3,0.4,3,wiki_A,autorpa_233k,offline_opt_tax,2445034333.558,0.46471,,,,,,,,always_compile_evict
p=0.3/q0=0.4/life=3,0.3,0.4,3,wiki_A,native,always_reactive,5261420180.0,1.3598,0.0,0.0,0.0,0.0,0.0,0.0,0.004586,always_compile_evict
p=0.3/q0=0.4/life=3,0.3,0.4,3,wiki_A,native,always_compile_evict,2342056470.9,0.605298,4.0,21.2,755.3,529.9,529.9,0.0,0.024612,always_compile_evict
p=0.3/q0=0.4/life=3,0.3,0.4,3,wiki_A,native,always_compile_evict_abandon,3471779285.9,0.897272,2.2,15.5,584.7,407.0,407.0,0.0,0.013644,always_compile_evict
p=0.3/q0=0.4/life=3,0.3,0.4,3,wiki_A,native,on_second,3057704240.1,0.790255,225.4,225.4,755.3,529.9,718.1,592781070.7,0.252859,always_compile_evict
p=0.3/q0=0.4/life=3,0.3,0.4,3,wiki_A,native,ours_evict,3869260317.2,1.0,1.9,13.4,476.8,332.6,332.6,0.0,0.011112,always_compile_evict
p=0.3/q0=0.4/life=3,0.3,0.4,3,wiki_A,native,oracle_tax,2567255802.6,0.6635,41.3,41.3,143.7,102.4,102.4,0.0,0.07322,always_compile_evict
p=0.3/q0=0.4/life=3,0.3,0.4,3,wiki_A,native,offline_taxblind,2248506639.333,0.581121,,,,,,,,always_compile_evict
p=0.3/q0=0.4/life=3,0.3,0.4,3,wiki_A,native,offline_opt_tax,2272345397.918,0.587282,,,,,,,,always_compile_evict
p=0.3/q0=0.4/life=3,0.3,0.4,3,wiki_B,autorpa_233k,always_reactive,7373315056.0,1.0,0.0,0.0,0.0,0.0,0.0,0.0,0.004991,always_reactive
p=0.3/q0=0.4/life=3,0.3,0.4,3,wiki_B,autorpa_233k,always_compile_evict,8151453534.1,1.105534,147.1,165.3,3781.9,3320.4,3656.4,822546179.0,0.12949,always_reactive
p=0.3/q0=0.4/life=3,0.3,0.4,3,wiki_B,autorpa_233k,always_compile_evict_abandon,8066965017.3,1.094076,105.7,120.8,3094.4,2760.2,3006.8,616443436.7,0.097304,always_reactive
p=0.3/q0=0.4/life=3,0.3,0.4,3,wiki_B,autorpa_233k,on_second,12499334344.1,1.695212,1134.3,1134.3,3781.9,3320.4,3758.4,5206062052.1,0.432277,always_reactive
p=0.3/q0=0.4/life=3,0.3,0.4,3,wiki_B,autorpa_233k,ours_evict,7373315056.0,1.0,0.0,0.0,0.0,0.0,0.0,0.0,0.004991,always_reactive
p=0.3/q0=0.4/life=3,0.3,0.4,3,wiki_B,autorpa_233k,oracle_tax,7013308216.0,0.951174,26.0,26.0,86.5,60.5,60.5,0.0,0.028013,always_reactive
p=0.3/q0=0.4/life=3,0.3,0.4,3,wiki_B,autorpa_233k,offline_taxblind,6550545006.133,0.888412,,,,,,,,always_reactive
p=0.3/q0=0.4/life=3,0.3,0.4,3,wiki_B,autorpa_233k,offline_opt_tax,6898912580.425,0.93566,,,,,,,,always_reactive
p=0.3/q0=0.4/life=3,0.3,0.4,3,wiki_B,native,always_reactive,7373315056.0,1.071441,0.0,0.0,0.0,0.0,0.0,0.0,0.004991,always_compile_evict
p=0.3/q0=0.4/life=3,0.3,0.4,3,wiki_B,native,always_compile_evict,6431101935.1,0.934525,15.4,30.4,3781.9,2647.6,2647.6,0.0,0.025085,always_compile_evict
p=0.3/q0=0.4/life=3,0.3,0.4,3,wiki_B,native,always_compile_evict_abandon,6729336677.6,0.977863,10.4,22.4,3094.4,2170.5,2170.5,0.0,0.018315,always_compile_evict
p=0.3/q0=0.4/life=3,0.3,0.4,3,wiki_B,native,on_second,11673174507.2,1.696268,1134.3,1134.3,3781.9,2647.6,3746.0,5191863922.7,0.462869,always_compile_evict
p=0.3/q0=0.4/life=3,0.3,0.4,3,wiki_B,native,ours_evict,6881679232.9,1.0,7.3,18.6,2521.8,1769.2,1769.2,0.0,0.014902,always_compile_evict
p=0.3/q0=0.4/life=3,0.3,0.4,3,wiki_B,native,oracle_tax,6992474857.1,1.0161,63.7,63.7,211.8,148.1,148.1,0.0,0.037964,always_compile_evict
p=0.3/q0=0.4/life=3,0.3,0.4,3,wiki_B,native,offline_taxblind,5838004711.332,0.84834,,,,,,,,always_compile_evict
p=0.3/q0=0.4/life=3,0.3,0.4,3,wiki_B,native,offline_opt_tax,5890194886.259,0.855924,,,,,,,,always_compile_evict
p=0.3/q0=0.4/life=50,0.3,0.4,50,bpi2019,autorpa_233k,always_reactive,19497801224.0,1.260463,0.0,0.0,0.0,0.0,0.0,0.0,0.004751,always_compile_evict
p=0.3/q0=0.4/life=50,0.3,0.4,50,bpi2019,autorpa_233k,always_compile_evict,12377073828.2,0.800133,99.5,153.4,4453.6,3781.8,4246.9,1685966491.3,0.218509,always_compile_evict
p=0.3/q0=0.4/life=50,0.3,0.4,50,bpi2019,autorpa_233k,always_compile_evict_abandon,15248788731.9,0.985779,70.1,108.8,3502.4,3021.0,3356.0,1177505856.8,0.125127,always_compile_evict
p=0.3/q0=0.4/life=50,0.3,0.4,50,bpi2019,autorpa_233k,on_second,26326052963.2,1.701884,1336.1,1336.1,4453.6,3781.8,4379.9,15648878299.6,0.632563,always_compile_evict
p=0.3/q0=0.4/life=50,0.3,0.4,50,bpi2019,autorpa_233k,ours_evict,15468766325.6,1.0,45.6,69.2,1186.2,977.6,1126.9,583454107.6,0.075184,always_compile_evict
p=0.3/q0=0.4/life=50,0.3,0.4,50,bpi2019,autorpa_233k,oracle_tax,10791431808.4,0.697627,81.4,81.4,271.8,190.4,190.4,0.0,0.098129,always_compile_evict
p=0.3/q0=0.4/life=50,0.3,0.4,50,bpi2019,autorpa_233k,offline_taxblind,9140652667.468,0.59091,,,,,,,,always_compile_evict
p=0.3/q0=0.4/life=50,0.3,0.4,50,bpi2019,autorpa_233k,offline_opt_tax,10267947289.283,0.663786,,,,,,,,always_compile_evict
p=0.3/q0=0.4/life=50,0.3,0.4,50,bpi2019,native,always_reactive,19497801224.0,1.881097,0.0,0.0,0.0,0.0,0.0,0.0,0.004751,always_compile_evict
p=0.3/q0=0.4/life=50,0.3,0.4,50,bpi2019,native,always_compile_evict,9075575457.7,0.875588,8.0,28.2,4453.6,3117.5,3117.5,0.0,0.041417,always_compile_evict
p=0.3/q0=0.4/life=50,0.3,0.4,50,bpi2019,native,always_compile_evict_abandon,12879927420.4,1.242622,5.8,21.3,3502.4,2447.1,2447.1,0.0,0.022149,always_compile_evict
p=0.3/q0=0.4/life=50,0.3,0.4,50,bpi2019,native,on_second,25353159589.6,2.446006,1336.1,1336.1,4453.6,3117.5,4375.1,15636663569.8,0.656837,always_compile_evict
p=0.3/q0=0.4/life=50,0.3,0.4,50,bpi2019,native,ours_evict,10365124483.1,1.0,7.1,25.9,3801.6,2658.9,2658.9,0.0,0.033416,always_compile_evict
p=0.3/q0=0.4/life=50,0.3,0.4,50,bpi2019,native,oracle_tax,10734658778.5,1.035652,98.1,98.1,322.6,224.5,224.5,0.0,0.101655,always_compile_evict
p=0.3/q0=0.4/life=50,0.3,0.4,50,bpi2019,native,offline_taxblind,8453520316.135,0.815573,,,,,,,,always_compile_evict
p=0.3/q0=0.4/life=50,0.3,0.4,50,bpi2019,native,offline_opt_tax,8676596894.2,0.837095,,,,,,,,always_compile_evict
p=0.3/q0=0.4/life=50,0.3,0.4,50,sepsis,autorpa_233k,always_reactive,77101119.0,0.992371,0.0,0.0,0.0,0.0,0.0,0.0,0.005012,always_reactive
p=0.3/q0=0.4/life=50,0.3,0.4,50,sepsis,autorpa_233k,always_compile_evict,86063661.7,1.107728,13.5,13.8,55.3,50.6,50.7,287560.0,0.01134,always_reactive
p=0.3/q0=0.4/life=50,0.3,0.4,50,sepsis,autorpa_233k,always_compile_evict_abandon,85080627.0,1.095075,11.0,11.3,45.5,42.9,42.9,278369.0,0.010109,always_reactive
p=0.3/q0=0.4/life=50,0.3,0.4,50,sepsis,autorpa_233k,on_second,86100571.3,1.108203,14.7,14.7,55.3,50.6,50.7,317662.8,0.011764,always_reactive
p=0.3/q0=0.4/life=50,0.3,0.4,50,sepsis,autorpa_233k,ours_evict,77693872.2,1.0,1.0,1.0,4.4,3.6,3.8,5951.4,0.005299,always_reactive
p=0.3/q0=0.4/life=50,0.3,0.4,50,sepsis,autorpa_233k,oracle_tax,76629037.0,0.986294,1.8,1.8,6.0,4.2,4.2,0.0,0.006913,always_reactive
p=0.3/q0=0.4/life=50,0.3,0.4,50,sepsis,autorpa_233k,offline_taxblind,75956144.6,0.977634,,,,,,,,always_reactive
p=0.3/q0=0.4/life=50,0.3,0.4,50,sepsis,autorpa_233k,offline_opt_tax,76159208.133,0.980247,,,,,,,,always_reactive
p=0.3/q0=0.4/life=50,0.3,0.4,50,sepsis,native,always_reactive,77101119.0,1.035991,0.0,0.0,0.0,0.0,0.0,0.0,0.005012,always_compile_evict
p=0.3/q0=0.4/life=50,0.3,0.4,50,sepsis,native,always_compile_evict,73874157.8,0.992631,9.2,11.0,55.3,40.6,40.6,0.0,0.011707,always_compile_evict
p=0.3/q0=0.4/life=50,0.3,0.4,50,sepsis,native,always_compile_evict_abandon,75040860.9,1.008308,6.9,8.7,45.5,33.3,33.3,0.0,0.010112,always_compile_evict
p=0.3/q0=0.4/life=50,0.3,0.4,50,sepsis,native,on_second,74020231.0,0.994594,14.7,14.7,55.3,40.6,42.5,99817.9,0.013658,always_compile_evict
p=0.3/q0=0.4/life=50,0.3,0.4,50,sepsis,native,ours_evict,74422562.9,1.0,7.8,9.7,46.9,33.9,33.9,0.0,0.010817,always_compile_evict
p=0.3/q0=0.4/life=50,0.3,0.4,50,sepsis,native,oracle_tax,73812279.5,0.9918,8.2,8.2,30.4,22.2,22.2,0.0,0.010684,always_compile_evict
p=0.3/q0=0.4/life=50,0.3,0.4,50,sepsis,native,offline_taxblind,66526302.133,0.8939,,,,,,,,always_compile_evict
p=0.3/q0=0.4/life=50,0.3,0.4,50,sepsis,native,offline_opt_tax,67956290.578,0.913114,,,,,,,,always_compile_evict
p=0.3/q0=0.4/life=50,0.3,0.4,50,wiki_A,autorpa_233k,always_reactive,5261420180.0,1.314345,0.0,0.0,0.0,0.0,0.0,0.0,0.004586,always_compile_evict
p=0.3/q0=0.4/life=50,0.3,0.4,50,wiki_A,autorpa_233k,always_compile_evict,2637646793.2,0.658906,30.6,72.5,755.3,632.8,682.0,114418203.9,0.071365,always_compile_evict
p=0.3/q0=0.4/life=50,0.3,0.4,50,wiki_A,autorpa_233k,always_compile_evict_abandon,3695525644.1,0.923172,22.1,53.3,584.7,498.7,534.9,86310224.0,0.039364,always_compile_evict
p=0.3/q0=0.4/life=50,0.3,0.4,50,wiki_A,autorpa_233k,on_second,3222700280.4,0.805057,225.4,225.4,755.3,632.8,718.4,592873490.3,0.239916,always_compile_evict
p=0.3/q0=0.4/life=50,0.3,0.4,50,wiki_A,autorpa_233k,ours_evict,4003072645.7,1.0,9.8,25.6,215.2,171.8,187.7,28047956.3,0.019182,always_compile_evict
p=0.3/q0=0.4/life=50,0.3,0.4,50,wiki_A,autorpa_233k,oracle_tax,2594530659.7,0.648135,33.7,33.7,118.6,84.9,84.9,0.0,0.062903,always_compile_evict
p=0.3/q0=0.4/life=50,0.3,0.4,50,wiki_A,autorpa_233k,offline_taxblind,2372169828.0,0.592587,,,,,,,,always_compile_evict
p=0.3/q0=0.4/life=50,0.3,0.4,50,wiki_A,autorpa_233k,offline_opt_tax,2445034333.558,0.610789,,,,,,,,always_compile_evict
p=0.3/q0=0.4/life=50,0.3,0.4,50,wiki_A,native,always_reactive,5261420180.0,1.704632,0.0,0.0,0.0,0.0,0.0,0.0,0.004586,always_compile_evict
p=0.3/q0=0.4/life=50,0.3,0.4,50,wiki_A,native,always_compile_evict,2342056470.9,0.758796,4.0,21.2,755.3,529.9,529.9,0.0,0.024612,always_compile_evict
p=0.3/q0=0.4/life=50,0.3,0.4,50,wiki_A,native,always_compile_evict_abandon,3471779285.9,1.124811,2.2,15.5,584.7,407.0,407.0,0.0,0.013644,always_compile_evict
p=0.3/q0=0.4/life=50,0.3,0.4,50,wiki_A,native,on_second,3057704240.1,0.990656,225.4,225.4,755.3,529.9,718.1,592781070.7,0.252859,always_compile_evict
p=0.3/q0=0.4/life=50,0.3,0.4,50,wiki_A,native,ours_evict,3086543530.7,1.0,3.0,18.8,670.6,469.2,469.2,0.0,0.017951,always_compile_evict
p=0.3/q0=0.4/life=50,0.3,0.4,50,wiki_A,native,oracle_tax,2567255802.6,0.831758,41.3,41.3,143.7,102.4,102.4,0.0,0.07322,always_compile_evict
p=0.3/q0=0.4/life=50,0.3,0.4,50,wiki_A,native,offline_taxblind,2248506639.333,0.728487,,,,,,,,always_compile_evict
p=0.3/q0=0.4/life=50,0.3,0.4,50,wiki_A,native,offline_opt_tax,2272345397.918,0.73621,,,,,,,,always_compile_evict
p=0.3/q0=0.4/life=50,0.3,0.4,50,wiki_B,autorpa_233k,always_reactive,7373315056.0,0.985505,0.0,0.0,0.0,0.0,0.0,0.0,0.004991,always_reactive
p=0.3/q0=0.4/life=50,0.3,0.4,50,wiki_B,autorpa_233k,always_compile_evict,8151453534.1,1.089509,147.1,165.3,3781.9,3320.4,3656.4,822546179.0,0.12949,always_reactive
p=0.3/q0=0.4/life=50,0.3,0.4,50,wiki_B,autorpa_233k,always_compile_evict_abandon,8066965017.3,1.078217,105.7,120.8,3094.4,2760.2,3006.8,616443436.7,0.097304,always_reactive
p=0.3/q0=0.4/life=50,0.3,0.4,50,wiki_B,autorpa_233k,on_second,12499334344.1,1.670639,1134.3,1134.3,3781.9,3320.4,3758.4,5206062052.1,0.432277,always_reactive
p=0.3/q0=0.4/life=50,0.3,0.4,50,wiki_B,autorpa_233k,ours_evict,7481766479.6,1.0,63.0,70.9,1042.7,903.4,1003.0,219139411.4,0.046718,always_reactive
p=0.3/q0=0.4/life=50,0.3,0.4,50,wiki_B,autorpa_233k,oracle_tax,7013308216.0,0.937387,26.0,26.0,86.5,60.5,60.5,0.0,0.028013,always_reactive
p=0.3/q0=0.4/life=50,0.3,0.4,50,wiki_B,autorpa_233k,offline_taxblind,6550545006.133,0.875535,,,,,,,,always_reactive
p=0.3/q0=0.4/life=50,0.3,0.4,50,wiki_B,autorpa_233k,offline_opt_tax,6898912580.425,0.922097,,,,,,,,always_reactive
p=0.3/q0=0.4/life=50,0.3,0.4,50,wiki_B,native,always_reactive,7373315056.0,1.127209,0.0,0.0,0.0,0.0,0.0,0.0,0.004991,always_compile_evict
p=0.3/q0=0.4/life=50,0.3,0.4,50,wiki_B,native,always_compile_evict,6431101935.1,0.983167,15.4,30.4,3781.9,2647.6,2647.6,0.0,0.025085,always_compile_evict
p=0.3/q0=0.4/life=50,0.3,0.4,50,wiki_B,native,always_compile_evict_abandon,6729336677.6,1.02876,10.4,22.4,3094.4,2170.5,2170.5,0.0,0.018315,always_compile_evict
p=0.3/q0=0.4/life=50,0.3,0.4,50,wiki_B,native,on_second,11673174507.2,1.784558,1134.3,1134.3,3781.9,2647.6,3746.0,5191863922.7,0.462869,always_compile_evict
p=0.3/q0=0.4/life=50,0.3,0.4,50,wiki_B,native,ours_evict,6541212799.3,1.0,13.4,27.0,3437.9,2408.2,2408.2,0.0,0.02251,always_compile_evict
p=0.3/q0=0.4/life=50,0.3,0.4,50,wiki_B,native,oracle_tax,6992474857.1,1.068988,63.7,63.7,211.8,148.1,148.1,0.0,0.037964,always_compile_evict
p=0.3/q0=0.4/life=50,0.3,0.4,50,wiki_B,native,offline_taxblind,5838004711.332,0.892496,,,,,,,,always_compile_evict
p=0.3/q0=0.4/life=50,0.3,0.4,50,wiki_B,native,offline_opt_tax,5890194886.259,0.900474,,,,,,,,always_compile_evict
p=0.5/q0=0.17/life=10,0.5,0.17,10,bpi2019,autorpa_233k,always_reactive,19497801224.0,1.273671,0.0,0.0,0.0,0.0,0.0,0.0,0.004751,always_compile_evict
p=0.5/q0=0.17/life=10,0.5,0.17,10,bpi2019,autorpa_233k,always_compile_evict,7142592873.1,0.466581,85.5,122.7,3163.6,2299.0,2735.2,776350056.3,0.284074,always_compile_evict
p=0.5/q0=0.17/life=10,0.5,0.17,10,bpi2019,autorpa_233k,always_compile_evict_abandon,8773907417.2,0.573145,75.5,110.5,2936.8,2152.0,2547.6,689756813.2,0.209043,always_compile_evict
p=0.5/q0=0.17/life=10,0.5,0.17,10,bpi2019,autorpa_233k,on_second,24882855367.6,1.625443,1583.4,1583.4,3163.6,2299.0,3074.7,18575128790.4,0.794491,always_compile_evict
p=0.5/q0=0.17/life=10,0.5,0.17,10,bpi2019,autorpa_233k,ours_evict,15308352723.9,1.0,23.6,33.1,701.0,491.2,582.0,106078654.5,0.035296,always_compile_evict
p=0.5/q0=0.17/life=10,0.5,0.17,10,bpi2019,autorpa_233k,oracle_tax,7008356698.0,0.457813,101.5,101.5,204.3,102.8,102.8,0.0,0.181892,always_compile_evict
p=0.5/q0=0.17/life=10,0.5,0.17,10,bpi2019,autorpa_233k,offline_taxblind,4798414458.461,0.313451,,,,,,,,always_compile_evict
p=0.5/q0=0.17/life=10,0.5,0.17,10,bpi2019,autorpa_233k,offline_opt_tax,5885622379.316,0.384471,,,,,,,,always_compile_evict
p=0.5/q0=0.17/life=10,0.5,0.17,10,bpi2019,native,always_reactive,19497801224.0,3.592045,0.0,0.0,0.0,0.0,0.0,0.0,0.004751,always_compile_evict
p=0.5/q0=0.17/life=10,0.5,0.17,10,bpi2019,native,always_compile_evict,4697958780.6,0.865497,6.0,22.0,3163.6,1580.2,1580.2,0.0,0.058636,always_compile_evict
p=0.5/q0=0.17/life=10,0.5,0.17,10,bpi2019,native,always_compile_evict_abandon,6587117912.4,1.213533,5.5,20.8,2936.8,1466.2,1466.2,0.0,0.039878,always_compile_evict
p=0.5/q0=0.17/life=10,0.5,0.17,10,bpi2019,native,on_second,24191763784.0,4.456805,1583.4,1583.4,3163.6,1580.2,3069.8,18569901359.1,0.817187,always_compile_evict
p=0.5/q0=0.17/life=10,0.5,0.17,10,bpi2019,native,ours_evict,5428050547.7,1.0,5.8,21.9,3085.7,1541.7,1541.7,0.0,0.050215,always_compile_evict
p=0.5/q0=0.17/life=10,0.5,0.17,10,bpi2019,native,oracle_tax,6963776311.4,1.282924,121.3,121.3,241.4,120.1,120.1,0.0,0.185202,always_compile_evict
p=0.5/q0=0.17/life=10,0.5,0.17,10,bpi2019,native,offline_taxblind,3827257893.041,0.705089,,,,,,,,always_compile_evict
p=0.5/q0=0.17/life=10,0.5,0.17,10,bpi2019,native,offline_opt_tax,3979772524.164,0.733186,,,,,,,,always_compile_evict
p=0.5/q0=0.17/life=10,0.5,0.17,10,sepsis,autorpa_233k,always_reactive,77101119.0,1.009133,0.0,0.0,0.0,0.0,0.0,0.0,0.005012,ours_evict
p=0.5/q0=0.17/life=10,0.5,0.17,10,sepsis,autorpa_233k,always_compile_evict,79578550.0,1.041559,15.7,17.5,39.4,32.7,33.2,413731.5,0.014974,ours_evict
p=0.5/q0=0.17/life=10,0.5,0.17,10,sepsis,autorpa_233k,always_compile_evict_abandon,79684597.4,1.042947,14.9,16.7,38.0,31.9,32.4,410592.0,0.014599,ours_evict
p=0.5/q0=0.17/life=10,0.5,0.17,10,sepsis,autorpa_233k,on_second,79669231.5,1.042746,19.7,19.7,39.4,32.7,33.2,495604.2,0.016094,ours_evict
p=0.5/q0=0.17/life=10,0.5,0.17,10,sepsis,autorpa_233k,ours_evict,76403321.4,1.0,2.7,2.9,6.0,3.8,3.8,19201.0,0.006917,ours_evict
p=0.5/q0=0.17/life=10,0.5,0.17,10,sepsis,autorpa_233k,oracle_tax,73979931.9,0.968282,4.7,4.7,9.2,4.5,4.5,0.0,0.00999,ours_evict
p=0.5/q0=0.17/life=10,0.5,0.17,10,sepsis,autorpa_233k,offline_taxblind,72723328.41,0.951835,,,,,,,,ours_evict
p=0.5/q0=0.17/life=10,0.5,0.17,10,sepsis,autorpa_233k,offline_opt_tax,73164893.471,0.957614,,,,,,,,ours_evict
p=0.5/q0=0.17/life=10,0.5,0.17,10,sepsis,native,always_reactive,77101119.0,1.089265,0.0,0.0,0.0,0.0,0.0,0.0,0.005012,always_compile_evict
p=0.5/q0=0.17/life=10,0.5,0.17,10,sepsis,native,always_compile_evict,70692838.5,0.998731,8.2,11.1,39.4,19.7,19.7,0.0,0.012902,always_compile_evict
p=0.5/q0=0.17/life=10,0.5,0.17,10,sepsis,native,always_compile_evict_abandon,71108220.8,1.004599,7.5,10.3,38.0,19.1,19.1,0.0,0.012479,always_compile_evict
p=0.5/q0=0.17/life=10,0.5,0.17,10,sepsis,native,on_second,71062262.1,1.00395,19.7,19.7,39.4,19.7,20.6,42942.9,0.018036,always_compile_evict
p=0.5/q0=0.17/life=10,0.5,0.17,10,sepsis,native,ours_evict,70782690.1,1.0,8.0,10.8,38.9,19.5,19.5,0.0,0.012774,always_compile_evict
p=0.5/q0=0.17/life=10,0.5,0.17,10,sepsis,native,oracle_tax,71007846.2,1.003181,17.9,17.9,34.5,16.6,16.6,0.0,0.01704,always_compile_evict
p=0.5/q0=0.17/life=10,0.5,0.17,10,sepsis,native,offline_taxblind,38409160.23,0.542635,,,,,,,,always_compile_evict
p=0.5/q0=0.17/life=10,0.5,0.17,10,sepsis,native,offline_opt_tax,39220304.585,0.554095,,,,,,,,always_compile_evict
p=0.5/q0=0.17/life=10,0.5,0.17,10,wiki_A,autorpa_233k,always_reactive,5261420180.0,1.168398,0.0,0.0,0.0,0.0,0.0,0.0,0.004586,always_compile_evict
p=0.5/q0=0.17/life=10,0.5,0.17,10,wiki_A,autorpa_233k,always_compile_evict,1394114731.9,0.30959,18.5,57.8,529.3,371.1,428.4,61215490.7,0.112769,always_compile_evict
p=0.5/q0=0.17/life=10,0.5,0.17,10,wiki_A,autorpa_233k,always_compile_evict_abandon,1574516535.6,0.349651,16.5,53.1,489.7,345.7,399.5,55178386.9,0.092298,always_compile_evict
p=0.5/q0=0.17/life=10,0.5,0.17,10,wiki_A,autorpa_233k,on_second,2128448231.8,0.472662,264.8,264.8,529.3,371.1,485.6,683331867.4,0.418836,always_compile_evict
p=0.5/q0=0.17/life=10,0.5,0.17,10,wiki_A,autorpa_233k,ours_evict,4503105708.8,1.0,2.1,15.3,117.0,79.4,86.6,6643309.4,0.011613,always_compile_evict
p=0.5/q0=0.17/life=10,0.5,0.17,10,wiki_A,autorpa_233k,oracle_tax,1477327768.6,0.328069,44.9,44.9,92.6,47.7,47.7,0.0,0.140968,always_compile_evict
p=0.5/q0=0.17/life=10,0.5,0.17,10,wiki_A,autorpa_233k,offline_taxblind,1190724331.39,0.264423,,,,,,,,always_compile_evict
p=0.5/q0=0.17/life=10,0.5,0.17,10,wiki_A,autorpa_233k,offline_opt_tax,1286626046.535,0.28572,,,,,,,,always_compile_evict
p=0.5/q0=0.17/life=10,0.5,0.17,10,wiki_A,native,always_reactive,5261420180.0,4.117737,0.0,0.0,0.0,0.0,0.0,0.0,0.004586,always_compile_evict
p=0.5/q0=0.17/life=10,0.5,0.17,10,wiki_A,native,always_compile_evict,1172556009.0,0.917676,4.0,16.6,529.3,264.5,264.5,0.0,0.04373,always_compile_evict
p=0.5/q0=0.17/life=10,0.5,0.17,10,wiki_A,native,always_compile_evict_abandon,1371690271.3,1.073524,3.7,15.3,489.7,243.2,243.2,0.0,0.03565,always_compile_evict
p=0.5/q0=0.17/life=10,0.5,0.17,10,wiki_A,native,on_second,2012822117.5,1.575292,264.8,264.8,529.3,264.5,482.4,679319395.3,0.442894,always_compile_evict
p=0.5/q0=0.17/life=10,0.5,0.17,10,wiki_A,native,ours_evict,1277745560.2,1.0,3.8,16.2,514.8,256.6,256.6,0.0,0.039496,always_compile_evict
p=0.5/q0=0.17/life=10,0.5,0.17,10,wiki_A,native,oracle_tax,1459367995.9,1.142143,53.8,53.8,110.7,56.9,56.9,0.0,0.151263,always_compile_evict
p=0.5/q0=0.17/life=10,0.5,0.17,10,wiki_A,native,offline_taxblind,1010806848.76,0.791086,,,,,,,,always_compile_evict
p=0.5/q0=0.17/life=10,0.5,0.17,10,wiki_A,native,offline_opt_tax,1030634954.25,0.806604,,,,,,,,always_compile_evict
p=0.5/q0=0.17/life=10,0.5,0.17,10,wiki_B,autorpa_233k,always_reactive,7373315056.0,1.021643,0.0,0.0,0.0,0.0,0.0,0.0,0.004991,always_compile_evict
p=0.5/q0=0.17/life=10,0.5,0.17,10,wiki_B,autorpa_233k,always_compile_evict,7186930060.2,0.995818,112.1,129.4,2787.8,2137.5,2537.4,472427064.2,0.115081,always_compile_evict
p=0.5/q0=0.17/life=10,0.5,0.17,10,wiki_B,autorpa_233k,always_compile_evict_abandon,7250504484.5,1.004627,101.5,116.4,2612.9,2021.1,2387.0,429387103.6,0.103623,always_compile_evict
p=0.5/q0=0.17/life=10,0.5,0.17,10,wiki_B,autorpa_233k,on_second,12973095099.4,1.797546,1385.5,1385.5,2787.8,2137.5,2743.8,6301407903.7,0.509762,always_compile_evict
p=0.5/q0=0.17/life=10,0.5,0.17,10,wiki_B,autorpa_233k,ours_evict,7217114205.2,1.0,27.0,33.5,590.0,441.0,514.8,66621991.8,0.029515,always_compile_evict
p=0.5/q0=0.17/life=10,0.5,0.17,10,wiki_B,autorpa_233k,oracle_tax,6782229792.1,0.939743,56.2,56.2,113.0,56.8,56.8,0.0,0.049938,always_compile_evict
p=0.5/q0=0.17/life=10,0.5,0.17,10,wiki_B,autorpa_233k,offline_taxblind,6010209474.55,0.832772,,,,,,,,always_compile_evict
p=0.5/q0=0.17/life=10,0.5,0.17,10,wiki_B,autorpa_233k,offline_opt_tax,6450937212.969,0.893839,,,,,,,,always_compile_evict
p=0.5/q0=0.17/life=10,0.5,0.17,10,wiki_B,native,always_reactive,7373315056.0,1.242353,0.0,0.0,0.0,0.0,0.0,0.0,0.004991,always_compile_evict
p=0.5/q0=0.17/life=10,0.5,0.17,10,wiki_B,native,always_compile_evict,5867798174.0,0.988683,10.0,22.0,2787.8,1402.3,1402.3,0.0,0.019929,always_compile_evict
p=0.5/q0=0.17/life=10,0.5,0.17,10,wiki_B,native,always_compile_evict_abandon,6037180866.4,1.017223,8.6,20.5,2612.9,1316.8,1316.8,0.0,0.017976,always_compile_evict
p=0.5/q0=0.17/life=10,0.5,0.17,10,wiki_B,native,on_second,12364097401.6,2.083265,1385.5,1385.5,2787.8,1402.3,2727.8,6289718043.7,0.53487,always_compile_evict
p=0.5/q0=0.17/life=10,0.5,0.17,10,wiki_B,native,ours_evict,5934961509.4,1.0,9.3,21.6,2734.4,1375.0,1375.0,0.0,0.019238,always_compile_evict
p=0.5/q0=0.17/life=10,0.5,0.17,10,wiki_B,native,oracle_tax,6755906344.7,1.138324,109.4,109.4,219.5,110.1,110.1,0.0,0.056182,always_compile_evict
p=0.5/q0=0.17/life=10,0.5,0.17,10,wiki_B,native,offline_taxblind,3319864313.519,0.559374,,,,,,,,always_compile_evict
p=0.5/q0=0.17/life=10,0.5,0.17,10,wiki_B,native,offline_opt_tax,3358318077.892,0.565853,,,,,,,,always_compile_evict
p=0.5/q0=0.17/life=3,0.5,0.17,3,bpi2019,autorpa_233k,always_reactive,19497801224.0,1.0,0.0,0.0,0.0,0.0,0.0,0.0,0.004751,always_compile_evict
p=0.5/q0=0.17/life=3,0.5,0.17,3,bpi2019,autorpa_233k,always_compile_evict,7142592873.1,0.366328,85.5,122.7,3163.6,2299.0,2735.2,776350056.3,0.284074,always_compile_evict
p=0.5/q0=0.17/life=3,0.5,0.17,3,bpi2019,autorpa_233k,always_compile_evict_abandon,8773907417.2,0.449995,75.5,110.5,2936.8,2152.0,2547.6,689756813.2,0.209043,always_compile_evict
p=0.5/q0=0.17/life=3,0.5,0.17,3,bpi2019,autorpa_233k,on_second,24882855367.6,1.276188,1583.4,1583.4,3163.6,2299.0,3074.7,18575128790.4,0.794491,always_compile_evict
p=0.5/q0=0.17/life=3,0.5,0.17,3,bpi2019,autorpa_233k,ours_evict,19497801224.0,1.0,0.0,0.0,0.0,0.0,0.0,0.0,0.004751,always_compile_evict
p=0.5/q0=0.17/life=3,0.5,0.17,3,bpi2019,autorpa_233k,oracle_tax,7008356698.0,0.359443,101.5,101.5,204.3,102.8,102.8,0.0,0.181892,always_compile_evict
p=0.5/q0=0.17/life=3,0.5,0.17,3,bpi2019,autorpa_233k,offline_taxblind,4798414458.461,0.2461,,,,,,,,always_compile_evict
p=0.5/q0=0.17/life=3,0.5,0.17,3,bpi2019,autorpa_233k,offline_opt_tax,5885622379.316,0.301861,,,,,,,,always_compile_evict
p=0.5/q0=0.17/life=3,0.5,0.17,3,bpi2019,native,always_reactive,19497801224.0,3.11361,0.0,0.0,0.0,0.0,0.0,0.0,0.004751,always_compile_evict
p=0.5/q0=0.17/life=3,0.5,0.17,3,bpi2019,native,always_compile_evict,4697958780.6,0.750219,6.0,22.0,3163.6,1580.2,1580.2,0.0,0.058636,always_compile_evict
p=0.5/q0=0.17/life=3,0.5,0.17,3,bpi2019,native,always_compile_evict_abandon,6587117912.4,1.051899,5.5,20.8,2936.8,1466.2,1466.2,0.0,0.039878,always_compile_evict
p=0.5/q0=0.17/life=3,0.5,0.17,3,bpi2019,native,on_second,24191763784.0,3.863191,1583.4,1583.4,3163.6,1580.2,3069.8,18569901359.1,0.817187,always_compile_evict
p=0.5/q0=0.17/life=3,0.5,0.17,3,bpi2019,native,ours_evict,6262119842.9,1.0,5.7,21.1,2973.3,1484.6,1484.6,0.0,0.042895,always_compile_evict
p=0.5/q0=0.17/life=3,0.5,0.17,3,bpi2019,native,oracle_tax,6963776311.4,1.112048,121.3,121.3,241.4,120.1,120.1,0.0,0.185202,always_compile_evict
p=0.5/q0=0.17/life=3,0.5,0.17,3,bpi2019,native,offline_taxblind,3827257893.041,0.611176,,,,,,,,always_compile_evict
p=0.5/q0=0.17/life=3,0.5,0.17,3,bpi2019,native,offline_opt_tax,3979772524.164,0.635531,,,,,,,,always_compile_evict
p=0.5/q0=0.17/life=3,0.5,0.17,3,sepsis,autorpa_233k,always_reactive,77101119.0,1.0,0.0,0.0,0.0,0.0,0.0,0.0,0.005012,always_reactive
p=0.5/q0=0.17/life=3,0.5,0.17,3,sepsis,autorpa_233k,always_compile_evict,79578550.0,1.032132,15.7,17.5,39.4,32.7,33.2,413731.5,0.014974,always_reactive
p=0.5/q0=0.17/life=3,0.5,0.17,3,sepsis,autorpa_233k,always_compile_evict_abandon,79684597.4,1.033508,14.9,16.7,38.0,31.9,32.4,410592.0,0.014599,always_reactive
p=0.5/q0=0.17/life=3,0.5,0.17,3,sepsis,autorpa_233k,on_second,79669231.5,1.033308,19.7,19.7,39.4,32.7,33.2,495604.2,0.016094,always_reactive
p=0.5/q0=0.17/life=3,0.5,0.17,3,sepsis,autorpa_233k,ours_evict,77101119.0,1.0,0.0,0.0,0.0,0.0,0.0,0.0,0.005012,always_reactive
p=0.5/q0=0.17/life=3,0.5,0.17,3,sepsis,autorpa_233k,oracle_tax,73979931.9,0.959518,4.7,4.7,9.2,4.5,4.5,0.0,0.00999,always_reactive
p=0.5/q0=0.17/life=3,0.5,0.17,3,sepsis,autorpa_233k,offline_taxblind,72723328.41,0.94322,,,,,,,,always_reactive
p=0.5/q0=0.17/life=3,0.5,0.17,3,sepsis,autorpa_233k,offline_opt_tax,73164893.471,0.948947,,,,,,,,always_reactive
p=0.5/q0=0.17/life=3,0.5,0.17,3,sepsis,native,always_reactive,77101119.0,1.084279,0.0,0.0,0.0,0.0,0.0,0.0,0.005012,always_compile_evict
p=0.5/q0=0.17/life=3,0.5,0.17,3,sepsis,native,always_compile_evict,70692838.5,0.994158,8.2,11.1,39.4,19.7,19.7,0.0,0.012902,always_compile_evict
p=0.5/q0=0.17/life=3,0.5,0.17,3,sepsis,native,always_compile_evict_abandon,71108220.8,1.0,7.5,10.3,38.0,19.1,19.1,0.0,0.012479,always_compile_evict
p=0.5/q0=0.17/life=3,0.5,0.17,3,sepsis,native,on_second,71062262.1,0.999354,19.7,19.7,39.4,19.7,20.6,42942.9,0.018036,always_compile_evict
p=0.5/q0=0.17/life=3,0.5,0.17,3,sepsis,native,ours_evict,71108220.8,1.0,7.5,10.3,38.0,19.1,19.1,0.0,0.012479,always_compile_evict
p=0.5/q0=0.17/life=3,0.5,0.17,3,sepsis,native,oracle_tax,71007846.2,0.998588,17.9,17.9,34.5,16.6,16.6,0.0,0.01704,always_compile_evict
p=0.5/q0=0.17/life=3,0.5,0.17,3,sepsis,native,offline_taxblind,38409160.23,0.540151,,,,,,,,always_compile_evict
p=0.5/q0=0.17/life=3,0.5,0.17,3,sepsis,native,offline_opt_tax,39220304.585,0.551558,,,,,,,,always_compile_evict
p=0.5/q0=0.17/life=3,0.5,0.17,3,wiki_A,autorpa_233k,always_reactive,5261420180.0,1.0,0.0,0.0,0.0,0.0,0.0,0.0,0.004586,always_compile_evict
p=0.5/q0=0.17/life=3,0.5,0.17,3,wiki_A,autorpa_233k,always_compile_evict,1394114731.9,0.264969,18.5,57.8,529.3,371.1,428.4,61215490.7,0.112769,always_compile_evict
p=0.5/q0=0.17/life=3,0.5,0.17,3,wiki_A,autorpa_233k,always_compile_evict_abandon,1574516535.6,0.299257,16.5,53.1,489.7,345.7,399.5,55178386.9,0.092298,always_compile_evict
p=0.5/q0=0.17/life=3,0.5,0.17,3,wiki_A,autorpa_233k,on_second,2128448231.8,0.404539,264.8,264.8,529.3,371.1,485.6,683331867.4,0.418836,always_compile_evict
p=0.5/q0=0.17/life=3,0.5,0.17,3,wiki_A,autorpa_233k,ours_evict,5261420180.0,1.0,0.0,0.0,0.0,0.0,0.0,0.0,0.004586,always_compile_evict
p=0.5/q0=0.17/life=3,0.5,0.17,3,wiki_A,autorpa_233k,oracle_tax,1477327768.6,0.280785,44.9,44.9,92.6,47.7,47.7,0.0,0.140968,always_compile_evict
p=0.5/q0=0.17/life=3,0.5,0.17,3,wiki_A,autorpa_233k,offline_taxblind,1190724331.39,0.226312,,,,,,,,always_compile_evict
p=0.5/q0=0.17/life=3,0.5,0.17,3,wiki_A,autorpa_233k,offline_opt_tax,1286626046.535,0.24454,,,,,,,,always_compile_evict
p=0.5/q0=0.17/life=3,0.5,0.17,3,wiki_A,native,always_reactive,5261420180.0,3.991351,0.0,0.0,0.0,0.0,0.0,0.0,0.004586,always_compile_evict
p=0.5/q0=0.17/life=3,0.5,0.17,3,wiki_A,native,always_compile_evict,1172556009.0,0.889509,4.0,16.6,529.3,264.5,264.5,0.0,0.04373,always_compile_evict
p=0.5/q0=0.17/life=3,0.5,0.17,3,wiki_A,native,always_compile_evict_abandon,1371690271.3,1.040574,3.7,15.3,489.7,243.2,243.2,0.0,0.03565,always_compile_evict
p=0.5/q0=0.17/life=3,0.5,0.17,3,wiki_A,native,on_second,2012822117.5,1.526941,264.8,264.8,529.3,264.5,482.4,679319395.3,0.442894,always_compile_evict
p=0.5/q0=0.17/life=3,0.5,0.17,3,wiki_A,native,ours_evict,1318205262.2,1.0,3.8,15.6,497.0,246.2,246.2,0.0,0.037699,always_compile_evict
p=0.5/q0=0.17/life=3,0.5,0.17,3,wiki_A,native,oracle_tax,1459367995.9,1.107087,53.8,53.8,110.7,56.9,56.9,0.0,0.151263,always_compile_evict
p=0.5/q0=0.17/life=3,0.5,0.17,3,wiki_A,native,offline_taxblind,1010806848.76,0.766805,,,,,,,,always_compile_evict
p=0.5/q0=0.17/life=3,0.5,0.17,3,wiki_A,native,offline_opt_tax,1030634954.25,0.781847,,,,,,,,always_compile_evict
p=0.5/q0=0.17/life=3,0.5,0.17,3,wiki_B,autorpa_233k,always_reactive,7373315056.0,1.0,0.0,0.0,0.0,0.0,0.0,0.0,0.004991,always_compile_evict
p=0.5/q0=0.17/life=3,0.5,0.17,3,wiki_B,autorpa_233k,always_compile_evict,7186930060.2,0.974722,112.1,129.4,2787.8,2137.5,2537.4,472427064.2,0.115081,always_compile_evict
p=0.5/q0=0.17/life=3,0.5,0.17,3,wiki_B,autorpa_233k,always_compile_evict_abandon,7250504484.5,0.983344,101.5,116.4,2612.9,2021.1,2387.0,429387103.6,0.103623,always_compile_evict
p=0.5/q0=0.17/life=3,0.5,0.17,3,wiki_B,autorpa_233k,on_second,12973095099.4,1.759466,1385.5,1385.5,2787.8,2137.5,2743.8,6301407903.7,0.509762,always_compile_evict
p=0.5/q0=0.17/life=3,0.5,0.17,3,wiki_B,autorpa_233k,ours_evict,7373315056.0,1.0,0.0,0.0,0.0,0.0,0.0,0.0,0.004991,always_compile_evict
p=0.5/q0=0.17/life=3,0.5,0.17,3,wiki_B,autorpa_233k,oracle_tax,6782229792.1,0.919835,56.2,56.2,113.0,56.8,56.8,0.0,0.049938,always_compile_evict
p=0.5/q0=0.17/life=3,0.5,0.17,3,wiki_B,autorpa_233k,offline_taxblind,6010209474.55,0.81513,,,,,,,,always_compile_evict
p=0.5/q0=0.17/life=3,0.5,0.17,3,wiki_B,autorpa_233k,offline_opt_tax,6450937212.969,0.874903,,,,,,,,always_compile_evict
p=0.5/q0=0.17/life=3,0.5,0.17,3,wiki_B,native,always_reactive,7373315056.0,1.226987,0.0,0.0,0.0,0.0,0.0,0.0,0.004991,always_compile_evict
p=0.5/q0=0.17/life=3,0.5,0.17,3,wiki_B,native,always_compile_evict,5867798174.0,0.976455,10.0,22.0,2787.8,1402.3,1402.3,0.0,0.019929,always_compile_evict
p=0.5/q0=0.17/life=3,0.5,0.17,3,wiki_B,native,always_compile_evict_abandon,6037180866.4,1.004642,8.6,20.5,2612.9,1316.8,1316.8,0.0,0.017976,always_compile_evict
p=0.5/q0=0.17/life=3,0.5,0.17,3,wiki_B,native,on_second,12364097401.6,2.057499,1385.5,1385.5,2787.8,1402.3,2727.8,6289718043.7,0.53487,always_compile_evict
p=0.5/q0=0.17/life=3,0.5,0.17,3,wiki_B,native,ours_evict,6009284930.2,1.0,8.8,20.7,2634.8,1326.5,1326.5,0.0,0.018297,always_compile_evict
p=0.5/q0=0.17/life=3,0.5,0.17,3,wiki_B,native,oracle_tax,6755906344.7,1.124245,109.4,109.4,219.5,110.1,110.1,0.0,0.056182,always_compile_evict
p=0.5/q0=0.17/life=3,0.5,0.17,3,wiki_B,native,offline_taxblind,3319864313.519,0.552456,,,,,,,,always_compile_evict
p=0.5/q0=0.17/life=3,0.5,0.17,3,wiki_B,native,offline_opt_tax,3358318077.892,0.558855,,,,,,,,always_compile_evict
p=0.5/q0=0.17/life=50,0.5,0.17,50,bpi2019,autorpa_233k,always_reactive,19497801224.0,2.32738,0.0,0.0,0.0,0.0,0.0,0.0,0.004751,always_compile_evict
p=0.5/q0=0.17/life=50,0.5,0.17,50,bpi2019,autorpa_233k,always_compile_evict,7142592873.1,0.852585,85.5,122.7,3163.6,2299.0,2735.2,776350056.3,0.284074,always_compile_evict
p=0.5/q0=0.17/life=50,0.5,0.17,50,bpi2019,autorpa_233k,always_compile_evict_abandon,8773907417.2,1.047309,75.5,110.5,2936.8,2152.0,2547.6,689756813.2,0.209043,always_compile_evict
p=0.5/q0=0.17/life=50,0.5,0.17,50,bpi2019,autorpa_233k,on_second,24882855367.6,2.970174,1583.4,1583.4,3163.6,2299.0,3074.7,18575128790.4,0.794491,always_compile_evict
p=0.5/q0=0.17/life=50,0.5,0.17,50,bpi2019,autorpa_233k,ours_evict,8377574824.3,1.0,73.9,101.0,1643.5,1109.0,1419.4,597227185.1,0.204885,always_compile_evict
p=0.5/q0=0.17/life=50,0.5,0.17,50,bpi2019,autorpa_233k,oracle_tax,7008356698.0,0.836562,101.5,101.5,204.3,102.8,102.8,0.0,0.181892,always_compile_evict
p=0.5/q0=0.17/life=50,0.5,0.17,50,bpi2019,autorpa_233k,offline_taxblind,4798414458.461,0.572769,,,,,,,,always_compile_evict
p=0.5/q0=0.17/life=50,0.5,0.17,50,bpi2019,autorpa_233k,offline_opt_tax,5885622379.316,0.702545,,,,,,,,always_compile_evict
p=0.5/q0=0.17/life=50,0.5,0.17,50,bpi2019,native,always_reactive,19497801224.0,3.994995,0.0,0.0,0.0,0.0,0.0,0.0,0.004751,always_compile_evict
p=0.5/q0=0.17/life=50,0.5,0.17,50,bpi2019,native,always_compile_evict,4697958780.6,0.962587,6.0,22.0,3163.6,1580.2,1580.2,0.0,0.058636,always_compile_evict
p=0.5/q0=0.17/life=50,0.5,0.17,50,bpi2019,native,always_compile_evict_abandon,6587117912.4,1.349665,5.5,20.8,2936.8,1466.2,1466.2,0.0,0.039878,always_compile_evict
p=0.5/q0=0.17/life=50,0.5,0.17,50,bpi2019,native,on_second,24191763784.0,4.956763,1583.4,1583.4,3163.6,1580.2,3069.8,18569901359.1,0.817187,always_compile_evict
p=0.5/q0=0.17/life=50,0.5,0.17,50,bpi2019,native,ours_evict,4880556879.1,1.0,6.0,22.0,3128.5,1562.9,1562.9,0.0,0.056288,always_compile_evict
p=0.5/q0=0.17/life=50,0.5,0.17,50,bpi2019,native,oracle_tax,6963776311.4,1.426841,121.3,121.3,241.4,120.1,120.1,0.0,0.185202,always_compile_evict
p=0.5/q0=0.17/life=50,0.5,0.17,50,bpi2019,native,offline_taxblind,3827257893.041,0.784185,,,,,,,,always_compile_evict
p=0.5/q0=0.17/life=50,0.5,0.17,50,bpi2019,native,offline_opt_tax,3979772524.164,0.815434,,,,,,,,always_compile_evict
p=0.5/q0=0.17/life=50,0.5,0.17,50,sepsis,autorpa_233k,always_reactive,77101119.0,1.010683,0.0,0.0,0.0,0.0,0.0,0.0,0.005012,ours_evict
p=0.5/q0=0.17/life=50,0.5,0.17,50,sepsis,autorpa_233k,always_compile_evict,79578550.0,1.043159,15.7,17.5,39.4,32.7,33.2,413731.5,0.014974,ours_evict
p=0.5/q0=0.17/life=50,0.5,0.17,50,sepsis,autorpa_233k,always_compile_evict_abandon,79684597.4,1.044549,14.9,16.7,38.0,31.9,32.4,410592.0,0.014599,ours_evict
p=0.5/q0=0.17/life=50,0.5,0.17,50,sepsis,autorpa_233k,on_second,79669231.5,1.044348,19.7,19.7,39.4,32.7,33.2,495604.2,0.016094,ours_evict
p=0.5/q0=0.17/life=50,0.5,0.17,50,sepsis,autorpa_233k,ours_evict,76286118.0,1.0,4.8,5.0,10.6,6.8,6.9,31021.9,0.007851,ours_evict
p=0.5/q0=0.17/life=50,0.5,0.17,50,sepsis,autorpa_233k,oracle_tax,73979931.9,0.969769,4.7,4.7,9.2,4.5,4.5,0.0,0.00999,ours_evict
p=0.5/q0=0.17/life=50,0.5,0.17,50,sepsis,autorpa_233k,offline_taxblind,72723328.41,0.953297,,,,,,,,ours_evict
p=0.5/q0=0.17/life=50,0.5,0.17,50,sepsis,autorpa_233k,offline_opt_tax,73164893.471,0.959085,,,,,,,,ours_evict
p=0.5/q0=0.17/life=50,0.5,0.17,50,sepsis,native,always_reactive,77101119.0,1.089802,0.0,0.0,0.0,0.0,0.0,0.0,0.005012,always_compile_evict
p=0.5/q0=0.17/life=50,0.5,0.17,50,sepsis,native,always_compile_evict,70692838.5,0.999223,8.2,11.1,39.4,19.7,19.7,0.0,0.012902,always_compile_evict
p=0.5/q0=0.17/life=50,0.5,0.17,50,sepsis,native,always_compile_evict_abandon,71108220.8,1.005094,7.5,10.3,38.0,19.1,19.1,0.0,0.012479,always_compile_evict
p=0.5/q0=0.17/life=50,0.5,0.17,50,sepsis,native,on_second,71062262.1,1.004444,19.7,19.7,39.4,19.7,20.6,42942.9,0.018036,always_compile_evict
p=0.5/q0=0.17/life=50,0.5,0.17,50,sepsis,native,ours_evict,70747827.6,1.0,8.2,11.0,39.3,19.7,19.7,0.0,0.012831,always_compile_evict
p=0.5/q0=0.17/life=50,0.5,0.17,50,sepsis,native,oracle_tax,71007846.2,1.003675,17.9,17.9,34.5,16.6,16.6,0.0,0.01704,always_compile_evict
p=0.5/q0=0.17/life=50,0.5,0.17,50,sepsis,native,offline_taxblind,38409160.23,0.542902,,,,,,,,always_compile_evict
p=0.5/q0=0.17/life=50,0.5,0.17,50,sepsis,native,offline_opt_tax,39220304.585,0.554368,,,,,,,,always_compile_evict
p=0.5/q0=0.17/life=50,0.5,0.17,50,wiki_A,autorpa_233k,always_reactive,5261420180.0,3.421394,0.0,0.0,0.0,0.0,0.0,0.0,0.004586,always_compile_evict
p=0.5/q0=0.17/life=50,0.5,0.17,50,wiki_A,autorpa_233k,always_compile_evict,1394114731.9,0.906564,18.5,57.8,529.3,371.1,428.4,61215490.7,0.112769,always_compile_evict
p=0.5/q0=0.17/life=50,0.5,0.17,50,wiki_A,autorpa_233k,always_compile_evict_abandon,1574516535.6,1.023876,16.5,53.1,489.7,345.7,399.5,55178386.9,0.092298,always_compile_evict
p=0.5/q0=0.17/life=50,0.5,0.17,50,wiki_A,autorpa_233k,on_second,2128448231.8,1.384086,264.8,264.8,529.3,371.1,485.6,683331867.4,0.418836,always_compile_evict
p=0.5/q0=0.17/life=50,0.5,0.17,50,wiki_A,autorpa_233k,ours_evict,1537800141.7,1.0,14.3,44.6,290.4,191.7,223.9,41805172.5,0.078162,always_compile_evict
p=0.5/q0=0.17/life=50,0.5,0.17,50,wiki_A,autorpa_233k,oracle_tax,1477327768.6,0.960676,44.9,44.9,92.6,47.7,47.7,0.0,0.140968,always_compile_evict
p=0.5/q0=0.17/life=50,0.5,0.17,50,wiki_A,autorpa_233k,offline_taxblind,1190724331.39,0.774304,,,,,,,,always_compile_evict
p=0.5/q0=0.17/life=50,0.5,0.17,50,wiki_A,autorpa_233k,offline_opt_tax,1286626046.535,0.836667,,,,,,,,always_compile_evict
p=0.5/q0=0.17/life=50,0.5,0.17,50,wiki_A,native,always_reactive,5261420180.0,4.319072,0.0,0.0,0.0,0.0,0.0,0.0,0.004586,always_compile_evict
p=0.5/q0=0.17/life=50,0.5,0.17,50,wiki_A,native,always_compile_evict,1172556009.0,0.962545,4.0,16.6,529.3,264.5,264.5,0.0,0.04373,always_compile_evict
p=0.5/q0=0.17/life=50,0.5,0.17,50,wiki_A,native,always_compile_evict_abandon,1371690271.3,1.126013,3.7,15.3,489.7,243.2,243.2,0.0,0.03565,always_compile_evict
p=0.5/q0=0.17/life=50,0.5,0.17,50,wiki_A,native,on_second,2012822117.5,1.652315,264.8,264.8,529.3,264.5,482.4,679319395.3,0.442894,always_compile_evict
p=0.5/q0=0.17/life=50,0.5,0.17,50,wiki_A,native,ours_evict,1218183148.5,1.0,3.9,16.4,524.5,262.1,262.1,0.0,0.04201,always_compile_evict
p=0.5/q0=0.17/life=50,0.5,0.17,50,wiki_A,native,oracle_tax,1459367995.9,1.197987,53.8,53.8,110.7,56.9,56.9,0.0,0.151263,always_compile_evict
p=0.5/q0=0.17/life=50,0.5,0.17,50,wiki_A,native,offline_taxblind,1010806848.76,0.829766,,,,,,,,always_compile_evict
p=0.5/q0=0.17/life=50,0.5,0.17,50,wiki_A,native,offline_opt_tax,1030634954.25,0.846043,,,,,,,,always_compile_evict
p=0.5/q0=0.17/life=50,0.5,0.17,50,wiki_B,autorpa_233k,always_reactive,7373315056.0,1.04554,0.0,0.0,0.0,0.0,0.0,0.0,0.004991,ours_evict
p=0.5/q0=0.17/life=50,0.5,0.17,50,wiki_B,autorpa_233k,always_compile_evict,7186930060.2,1.01911,112.1,129.4,2787.8,2137.5,2537.4,472427064.2,0.115081,ours_evict
p=0.5/q0=0.17/life=50,0.5,0.17,50,wiki_B,autorpa_233k,always_compile_evict_abandon,7250504484.5,1.028125,101.5,116.4,2612.9,2021.1,2387.0,429387103.6,0.103623,ours_evict
p=0.5/q0=0.17/life=50,0.5,0.17,50,wiki_B,autorpa_233k,on_second,12973095099.4,1.839591,1385.5,1385.5,2787.8,2137.5,2743.8,6301407903.7,0.509762,ours_evict
p=0.5/q0=0.17/life=50,0.5,0.17,50,wiki_B,autorpa_233k,ours_evict,7052162531.7,1.0,96.0,106.7,1440.5,1061.1,1294.7,320063798.6,0.086978,ours_evict
p=0.5/q0=0.17/life=50,0.5,0.17,50,wiki_B,autorpa_233k,oracle_tax,6782229792.1,0.961723,56.2,56.2,113.0,56.8,56.8,0.0,0.049938,ours_evict
p=0.5/q0=0.17/life=50,0.5,0.17,50,wiki_B,autorpa_233k,offline_taxblind,6010209474.55,0.852251,,,,,,,,ours_evict
p=0.5/q0=0.17/life=50,0.5,0.17,50,wiki_B,autorpa_233k,offline_opt_tax,6450937212.969,0.914746,,,,,,,,ours_evict
p=0.5/q0=0.17/life=50,0.5,0.17,50,wiki_B,native,always_reactive,7373315056.0,1.255382,0.0,0.0,0.0,0.0,0.0,0.0,0.004991,always_compile_evict
p=0.5/q0=0.17/life=50,0.5,0.17,50,wiki_B,native,always_compile_evict,5867798174.0,0.999052,10.0,22.0,2787.8,1402.3,1402.3,0.0,0.019929,always_compile_evict
p=0.5/q0=0.17/life=50,0.5,0.17,50,wiki_B,native,always_compile_evict_abandon,6037180866.4,1.027891,8.6,20.5,2612.9,1316.8,1316.8,0.0,0.017976,always_compile_evict
p=0.5/q0=0.17/life=50,0.5,0.17,50,wiki_B,native,on_second,12364097401.6,2.105113,1385.5,1385.5,2787.8,1402.3,2727.8,6289718043.7,0.53487,always_compile_evict
p=0.5/q0=0.17/life=50,0.5,0.17,50,wiki_B,native,ours_evict,5873364517.3,1.0,9.9,21.9,2767.5,1391.0,1391.0,0.0,0.019856,always_compile_evict
p=0.5/q0=0.17/life=50,0.5,0.17,50,wiki_B,native,oracle_tax,6755906344.7,1.150262,109.4,109.4,219.5,110.1,110.1,0.0,0.056182,always_compile_evict
p=0.5/q0=0.17/life=50,0.5,0.17,50,wiki_B,native,offline_taxblind,3319864313.519,0.565241,,,,,,,,always_compile_evict
p=0.5/q0=0.17/life=50,0.5,0.17,50,wiki_B,native,offline_opt_tax,3358318077.892,0.571788,,,,,,,,always_compile_evict
p=0.5/q0=0.4/life=10,0.5,0.4,10,bpi2019,autorpa_233k,always_reactive,19497801224.0,1.120725,0.0,0.0,0.0,0.0,0.0,0.0,0.004751,always_compile_evict
p=0.5/q0=0.4/life=10,0.5,0.4,10,bpi2019,autorpa_233k,always_compile_evict,11334088624.5,0.651478,85.5,122.7,3163.6,2437.2,2883.6,975567210.8,0.179019,always_compile_evict
p=0.5/q0=0.4/life=10,0.5,0.4,10,bpi2019,autorpa_233k,always_compile_evict_abandon,12434694416.4,0.714741,75.5,110.5,2936.8,2282.6,2685.5,859593625.8,0.145364,always_compile_evict
p=0.5/q0=0.4/life=10,0.5,0.4,10,bpi2019,autorpa_233k,on_second,29074351119.0,1.67118,1583.4,1583.4,3163.6,2437.2,3091.5,18762776314.1,0.679953,always_compile_evict
p=0.5/q0=0.4/life=10,0.5,0.4,10,bpi2019,autorpa_233k,ours_evict,17397494152.6,1.0,7.8,12.1,291.0,219.2,241.9,13138097.7,0.013146,always_compile_evict
p=0.5/q0=0.4/life=10,0.5,0.4,10,bpi2019,autorpa_233k,oracle_tax,10777089771.8,0.619462,86.9,86.9,176.8,89.9,89.9,0.0,0.100468,always_compile_evict
p=0.5/q0=0.4/life=10,0.5,0.4,10,bpi2019,autorpa_233k,offline_taxblind,8982995979.402,0.516338,,,,,,,,always_compile_evict
p=0.5/q0=0.4/life=10,0.5,0.4,10,bpi2019,autorpa_233k,offline_opt_tax,9978863989.106,0.573581,,,,,,,,always_compile_evict
p=0.5/q0=0.4/life=10,0.5,0.4,10,bpi2019,native,always_reactive,19497801224.0,2.056043,0.0,0.0,0.0,0.0,0.0,0.0,0.004751,always_compile_evict
p=0.5/q0=0.4/life=10,0.5,0.4,10,bpi2019,native,always_compile_evict,8889454532.0,0.937393,6.0,22.0,3163.6,1580.2,1580.2,0.0,0.030988,always_compile_evict
p=0.5/q0=0.4/life=10,0.5,0.4,10,bpi2019,native,always_compile_evict_abandon,10247904911.6,1.080642,5.5,20.8,2936.8,1466.2,1466.2,0.0,0.024865,always_compile_evict
p=0.5/q0=0.4/life=10,0.5,0.4,10,bpi2019,native,on_second,28383259535.4,2.993015,1583.4,1583.4,3163.6,1580.2,3084.7,18745603695.0,0.696508,always_compile_evict
p=0.5/q0=0.4/life=10,0.5,0.4,10,bpi2019,native,ours_evict,9483167003.9,1.0,5.8,21.9,3018.4,1509.2,1509.2,0.0,0.028044,always_compile_evict
p=0.5/q0=0.4/life=10,0.5,0.4,10,bpi2019,native,oracle_tax,10741959213.6,1.13274,103.6,103.6,207.6,104.0,104.0,0.0,0.103379,always_compile_evict
p=0.5/q0=0.4/life=10,0.5,0.4,10,bpi2019,native,offline_taxblind,8290445408.8,0.874228,,,,,,,,always_compile_evict
p=0.5/q0=0.4/life=10,0.5,0.4,10,bpi2019,native,offline_opt_tax,8442960039.922,0.89031,,,,,,,,always_compile_evict
p=0.5/q0=0.4/life=10,0.5,0.4,10,sepsis,autorpa_233k,always_reactive,77101119.0,0.999801,0.0,0.0,0.0,0.0,0.0,0.0,0.005012,always_reactive
p=0.5/q0=0.4/life=10,0.5,0.4,10,sepsis,autorpa_233k,always_compile_evict,81699275.0,1.059427,15.7,17.5,39.4,34.4,34.4,454563.2,0.014583,always_reactive
p=0.5/q0=0.4/life=10,0.5,0.4,10,sepsis,autorpa_233k,always_compile_evict_abandon,81682822.2,1.059213,14.9,16.7,38.0,33.6,33.6,451423.7,0.014238,always_reactive
p=0.5/q0=0.4/life=10,0.5,0.4,10,sepsis,autorpa_233k,on_second,81789956.5,1.060603,19.7,19.7,39.4,34.4,34.4,536435.9,0.015676,always_reactive
p=0.5/q0=0.4/life=10,0.5,0.4,10,sepsis,autorpa_233k,ours_evict,77116485.6,1.0,0.8,1.6,3.0,1.4,1.4,0.0,0.005974,always_reactive
p=0.5/q0=0.4/life=10,0.5,0.4,10,sepsis,autorpa_233k,oracle_tax,75361735.5,0.977245,3.9,3.9,7.0,3.1,3.1,0.0,0.009294,always_reactive
p=0.5/q0=0.4/life=10,0.5,0.4,10,sepsis,autorpa_233k,offline_taxblind,74592210.2,0.967267,,,,,,,,always_reactive
p=0.5/q0=0.4/life=10,0.5,0.4,10,sepsis,autorpa_233k,offline_opt_tax,75033775.261,0.972993,,,,,,,,always_reactive
p=0.5/q0=0.4/life=10,0.5,0.4,10,sepsis,native,always_reactive,77101119.0,1.057905,0.0,0.0,0.0,0.0,0.0,0.0,0.005012,always_compile_evict
p=0.5/q0=0.4/life=10,0.5,0.4,10,sepsis,native,always_compile_evict,72813563.5,0.999075,8.2,11.1,39.4,19.7,19.7,0.0,0.012526,always_compile_evict
p=0.5/q0=0.4/life=10,0.5,0.4,10,sepsis,native,always_compile_evict_abandon,73106445.6,1.003094,7.5,10.3,38.0,19.1,19.1,0.0,0.012135,always_compile_evict
p=0.5/q0=0.4/life=10,0.5,0.4,10,sepsis,native,on_second,73182987.1,1.004144,19.7,19.7,39.4,19.7,23.4,198825.9,0.017513,always_compile_evict
p=0.5/q0=0.4/life=10,0.5,0.4,10,sepsis,native,ours_evict,72880954.0,1.0,8.0,10.8,38.9,19.5,19.5,0.0,0.012403,always_compile_evict
p=0.5/q0=0.4/life=10,0.5,0.4,10,sepsis,native,oracle_tax,73043583.0,1.002231,12.1,12.1,23.8,11.7,11.7,0.0,0.012973,always_compile_evict
p=0.5/q0=0.4/life=10,0.5,0.4,10,sepsis,native,offline_taxblind,56053545.6,0.769111,,,,,,,,always_compile_evict
p=0.5/q0=0.4/life=10,0.5,0.4,10,sepsis,native,offline_opt_tax,56864689.955,0.780241,,,,,,,,always_compile_evict
p=0.5/q0=0.4/life=10,0.5,0.4,10,wiki_A,autorpa_233k,always_reactive,5261420180.0,1.033246,0.0,0.0,0.0,0.0,0.0,0.0,0.004586,always_compile_evict
p=0.5/q0=0.4/life=10,0.5,0.4,10,wiki_A,autorpa_233k,always_compile_evict,2542139486.5,0.49923,18.5,57.8,529.3,398.8,450.7,86638597.5,0.061841,always_compile_evict
p=0.5/q0=0.4/life=10,0.5,0.4,10,wiki_A,autorpa_233k,always_compile_evict_abandon,2667022474.1,0.523754,16.5,53.1,489.7,372.7,420.4,79637994.8,0.054114,always_compile_evict
p=0.5/q0=0.4/life=10,0.5,0.4,10,wiki_A,autorpa_233k,on_second,3276472986.4,0.643439,264.8,264.8,529.3,398.8,492.3,710924441.5,0.272087,always_compile_evict
p=0.5/q0=0.4/life=10,0.5,0.4,10,wiki_A,autorpa_233k,ours_evict,5092125854.1,1.0,1.4,6.5,49.0,31.5,33.6,1594210.8,0.0069,always_compile_evict
p=0.5/q0=0.4/life=10,0.5,0.4,10,wiki_A,autorpa_233k,oracle_tax,2581727371.4,0.507004,38.8,38.8,80.7,41.9,41.9,0.0,0.071041,always_compile_evict
p=0.5/q0=0.4/life=10,0.5,0.4,10,wiki_A,autorpa_233k,offline_taxblind,2340766704.0,0.459684,,,,,,,,always_compile_evict
p=0.5/q0=0.4/life=10,0.5,0.4,10,wiki_A,autorpa_233k,offline_opt_tax,2420116774.354,0.475266,,,,,,,,always_compile_evict
p=0.5/q0=0.4/life=10,0.5,0.4,10,wiki_A,native,always_reactive,5261420180.0,2.193052,0.0,0.0,0.0,0.0,0.0,0.0,0.004586,always_compile_evict
p=0.5/q0=0.4/life=10,0.5,0.4,10,wiki_A,native,always_compile_evict,2320580763.6,0.967259,4.0,16.6,529.3,264.5,264.5,0.0,0.022096,always_compile_evict
p=0.5/q0=0.4/life=10,0.5,0.4,10,wiki_A,native,always_compile_evict_abandon,2464196209.8,1.02712,3.7,15.3,489.7,243.2,243.2,0.0,0.019633,always_compile_evict
p=0.5/q0=0.4/life=10,0.5,0.4,10,wiki_A,native,on_second,3160846872.1,1.317496,264.8,264.8,529.3,264.5,491.7,710914831.9,0.282041,always_compile_evict
p=0.5/q0=0.4/life=10,0.5,0.4,10,wiki_A,native,ours_evict,2399131696.2,1.0,3.8,16.0,510.1,253.5,253.5,0.0,0.020893,always_compile_evict
p=0.5/q0=0.4/life=10,0.5,0.4,10,wiki_A,native,oracle_tax,2564024792.8,1.06873,43.3,43.3,89.5,46.2,46.2,0.0,0.073521,always_compile_evict
p=0.5/q0=0.4/life=10,0.5,0.4,10,wiki_A,native,offline_taxblind,2215384153.2,0.923411,,,,,,,,always_compile_evict
p=0.5/q0=0.4/life=10,0.5,0.4,10,wiki_A,native,offline_opt_tax,2235212258.69,0.931676,,,,,,,,always_compile_evict
p=0.5/q0=0.4/life=10,0.5,0.4,10,wiki_B,autorpa_233k,always_reactive,7373315056.0,1.009754,0.0,0.0,0.0,0.0,0.0,0.0,0.004991,ours_evict
p=0.5/q0=0.4/life=10,0.5,0.4,10,wiki_B,autorpa_233k,always_compile_evict,7638428951.1,1.04606,112.1,129.4,2787.8,2280.9,2632.5,582335262.6,0.108279,ours_evict
p=0.5/q0=0.4/life=10,0.5,0.4,10,wiki_B,autorpa_233k,always_compile_evict_abandon,7651507126.8,1.047851,101.5,116.4,2612.9,2156.7,2474.5,530153824.2,0.098172,ours_evict
p=0.5/q0=0.4/life=10,0.5,0.4,10,wiki_B,autorpa_233k,on_second,13424593990.3,1.838458,1385.5,1385.5,2787.8,2280.9,2763.6,6413286115.6,0.492618,ours_evict
p=0.5/q0=0.4/life=10,0.5,0.4,10,wiki_B,autorpa_233k,ours_evict,7302093167.2,1.0,5.4,12.6,212.0,165.5,185.1,13351601.9,0.0125,ours_evict
p=0.5/q0=0.4/life=10,0.5,0.4,10,wiki_B,autorpa_233k,oracle_tax,7005693700.7,0.959409,30.5,30.5,61.2,30.7,30.7,0.0,0.030546,ours_evict
p=0.5/q0=0.4/life=10,0.5,0.4,10,wiki_B,autorpa_233k,offline_taxblind,6451689780.8,0.88354,,,,,,,,ours_evict
p=0.5/q0=0.4/life=10,0.5,0.4,10,wiki_B,autorpa_233k,offline_opt_tax,6821869290.046,0.934235,,,,,,,,ours_evict
p=0.5/q0=0.4/life=10,0.5,0.4,10,wiki_B,native,always_reactive,7373315056.0,1.156361,0.0,0.0,0.0,0.0,0.0,0.0,0.004991,always_compile_evict
p=0.5/q0=0.4/life=10,0.5,0.4,10,wiki_B,native,always_compile_evict,6319297064.9,0.991059,10.0,22.0,2787.8,1402.3,1402.3,0.0,0.018505,always_compile_evict
p=0.5/q0=0.4/life=10,0.5,0.4,10,wiki_B,native,always_compile_evict_abandon,6438183508.7,1.009704,8.6,20.5,2612.9,1316.8,1316.8,0.0,0.016851,always_compile_evict
p=0.5/q0=0.4/life=10,0.5,0.4,10,wiki_B,native,on_second,12815596292.5,2.009876,1385.5,1385.5,2787.8,1402.3,2748.9,6401892897.4,0.516027,always_compile_evict
p=0.5/q0=0.4/life=10,0.5,0.4,10,wiki_B,native,ours_evict,6376310520.9,1.0,9.3,21.5,2711.3,1364.5,1364.5,0.0,0.017737,always_compile_evict
p=0.5/q0=0.4/life=10,0.5,0.4,10,wiki_B,native,oracle_tax,6992901136.3,1.0967,80.4,80.4,161.3,80.9,80.9,0.0,0.039318,always_compile_evict
p=0.5/q0=0.4/life=10,0.5,0.4,10,wiki_B,native,offline_taxblind,5007262776.397,0.785292,,,,,,,,always_compile_evict
p=0.5/q0=0.4/life=10,0.5,0.4,10,wiki_B,native,offline_opt_tax,5045716540.771,0.791322,,,,,,,,always_compile_evict
p=0.5/q0=0.4/life=3,0.5,0.4,3,bpi2019,autorpa_233k,always_reactive,19497801224.0,1.0,0.0,0.0,0.0,0.0,0.0,0.0,0.004751,always_compile_evict
p=0.5/q0=0.4/life=3,0.5,0.4,3,bpi2019,autorpa_233k,always_compile_evict,11334088624.5,0.581301,85.5,122.7,3163.6,2437.2,2883.6,975567210.8,0.179019,always_compile_evict
p=0.5/q0=0.4/life=3,0.5,0.4,3,bpi2019,autorpa_233k,always_compile_evict_abandon,12434694416.4,0.637749,75.5,110.5,2936.8,2282.6,2685.5,859593625.8,0.145364,always_compile_evict
p=0.5/q0=0.4/life=3,0.5,0.4,3,bpi2019,autorpa_233k,on_second,29074351119.0,1.491161,1583.4,1583.4,3163.6,2437.2,3091.5,18762776314.1,0.679953,always_compile_evict
p=0.5/q0=0.4/life=3,0.5,0.4,3,bpi2019,autorpa_233k,ours_evict,19497801224.0,1.0,0.0,0.0,0.0,0.0,0.0,0.0,0.004751,always_compile_evict
p=0.5/q0=0.4/life=3,0.5,0.4,3,bpi2019,autorpa_233k,oracle_tax,10777089771.8,0.552734,86.9,86.9,176.8,89.9,89.9,0.0,0.100468,always_compile_evict
p=0.5/q0=0.4/life=3,0.5,0.4,3,bpi2019,autorpa_233k,offline_taxblind,8982995979.402,0.460718,,,,,,,,always_compile_evict
p=0.5/q0=0.4/life=3,0.5,0.4,3,bpi2019,autorpa_233k,offline_opt_tax,9978863989.106,0.511794,,,,,,,,always_compile_evict
p=0.5/q0=0.4/life=3,0.5,0.4,3,bpi2019,native,always_reactive,19497801224.0,1.834727,0.0,0.0,0.0,0.0,0.0,0.0,0.004751,always_compile_evict
p=0.5/q0=0.4/life=3,0.5,0.4,3,bpi2019,native,always_compile_evict,8889454532.0,0.83649,6.0,22.0,3163.6,1580.2,1580.2,0.0,0.030988,always_compile_evict
p=0.5/q0=0.4/life=3,0.5,0.4,3,bpi2019,native,always_compile_evict_abandon,10247904911.6,0.964319,5.5,20.8,2936.8,1466.2,1466.2,0.0,0.024865,always_compile_evict
p=0.5/q0=0.4/life=3,0.5,0.4,3,bpi2019,native,on_second,28383259535.4,2.670842,1583.4,1583.4,3163.6,1580.2,3084.7,18745603695.0,0.696508,always_compile_evict
p=0.5/q0=0.4/life=3,0.5,0.4,3,bpi2019,native,ours_evict,10627084715.4,1.0,5.0,20.1,2800.8,1401.9,1401.9,0.0,0.023222,always_compile_evict
p=0.5/q0=0.4/life=3,0.5,0.4,3,bpi2019,native,oracle_tax,10741959213.6,1.01081,103.6,103.6,207.6,104.0,104.0,0.0,0.103379,always_compile_evict
p=0.5/q0=0.4/life=3,0.5,0.4,3,bpi2019,native,offline_taxblind,8290445408.8,0.780124,,,,,,,,always_compile_evict
p=0.5/q0=0.4/life=3,0.5,0.4,3,bpi2019,native,offline_opt_tax,8442960039.922,0.794476,,,,,,,,always_compile_evict
p=0.5/q0=0.4/life=3,0.5,0.4,3,sepsis,autorpa_233k,always_reactive,77101119.0,1.0,0.0,0.0,0.0,0.0,0.0,0.0,0.005012,always_reactive
p=0.5/q0=0.4/life=3,0.5,0.4,3,sepsis,autorpa_233k,always_compile_evict,81699275.0,1.059638,15.7,17.5,39.4,34.4,34.4,454563.2,0.014583,always_reactive
p=0.5/q0=0.4/life=3,0.5,0.4,3,sepsis,autorpa_233k,always_compile_evict_abandon,81682822.2,1.059425,14.9,16.7,38.0,33.6,33.6,451423.7,0.014238,always_reactive
p=0.5/q0=0.4/life=3,0.5,0.4,3,sepsis,autorpa_233k,on_second,81789956.5,1.060814,19.7,19.7,39.4,34.4,34.4,536435.9,0.015676,always_reactive
p=0.5/q0=0.4/life=3,0.5,0.4,3,sepsis,autorpa_233k,ours_evict,77101119.0,1.0,0.0,0.0,0.0,0.0,0.0,0.0,0.005012,always_reactive
p=0.5/q0=0.4/life=3,0.5,0.4,3,sepsis,autorpa_233k,oracle_tax,75361735.5,0.97744,3.9,3.9,7.0,3.1,3.1,0.0,0.009294,always_reactive
p=0.5/q0=0.4/life=3,0.5,0.4,3,sepsis,autorpa_233k,offline_taxblind,74592210.2,0.96746,,,,,,,,always_reactive
p=0.5/q0=0.4/life=3,0.5,0.4,3,sepsis,autorpa_233k,offline_opt_tax,75033775.261,0.973187,,,,,,,,always_reactive
p=0.5/q0=0.4/life=3,0.5,0.4,3,sepsis,native,always_reactive,77101119.0,1.050857,0.0,0.0,0.0,0.0,0.0,0.0,0.005012,always_compile_evict
p=0.5/q0=0.4/life=3,0.5,0.4,3,sepsis,native,always_compile_evict,72813563.5,0.992419,8.2,11.1,39.4,19.7,19.7,0.0,0.012526,always_compile_evict
p=0.5/q0=0.4/life=3,0.5,0.4,3,sepsis,native,always_compile_evict_abandon,73106445.6,0.996411,7.5,10.3,38.0,19.1,19.1,0.0,0.012135,always_compile_evict
p=0.5/q0=0.4/life=3,0.5,0.4,3,sepsis,native,on_second,73182987.1,0.997454,19.7,19.7,39.4,19.7,23.4,198825.9,0.017513,always_compile_evict
p=0.5/q0=0.4/life=3,0.5,0.4,3,sepsis,native,ours_evict,73369777.1,1.0,6.8,9.7,36.3,18.4,18.4,0.0,0.011673,always_compile_evict
p=0.5/q0=0.4/life=3,0.5,0.4,3,sepsis,native,oracle_tax,73043583.0,0.995554,12.1,12.1,23.8,11.7,11.7,0.0,0.012973,always_compile_evict
p=0.5/q0=0.4/life=3,0.5,0.4,3,sepsis,native,offline_taxblind,56053545.6,0.763987,,,,,,,,always_compile_evict
p=0.5/q0=0.4/life=3,0.5,0.4,3,sepsis,native,offline_opt_tax,56864689.955,0.775042,,,,,,,,always_compile_evict
p=0.5/q0=0.4/life=3,0.5,0.4,3,wiki_A,autorpa_233k,always_reactive,5261420180.0,1.0,0.0,0.0,0.0,0.0,0.0,0.0,0.004586,always_compile_evict
p=0.5/q0=0.4/life=3,0.5,0.4,3,wiki_A,autorpa_233k,always_compile_evict,2542139486.5,0.483166,18.5,57.8,529.3,398.8,450.7,86638597.5,0.061841,always_compile_evict
p=0.5/q0=0.4/life=3,0.5,0.4,3,wiki_A,autorpa_233k,always_compile_evict_abandon,2667022474.1,0.506902,16.5,53.1,489.7,372.7,420.4,79637994.8,0.054114,always_compile_evict
p=0.5/q0=0.4/life=3,0.5,0.4,3,wiki_A,autorpa_233k,on_second,3276472986.4,0.622735,264.8,264.8,529.3,398.8,492.3,710924441.5,0.272087,always_compile_evict
p=0.5/q0=0.4/life=3,0.5,0.4,3,wiki_A,autorpa_233k,ours_evict,5261420180.0,1.0,0.0,0.0,0.0,0.0,0.0,0.0,0.004586,always_compile_evict
p=0.5/q0=0.4/life=3,0.5,0.4,3,wiki_A,autorpa_233k,oracle_tax,2581727371.4,0.49069,38.8,38.8,80.7,41.9,41.9,0.0,0.071041,always_compile_evict
p=0.5/q0=0.4/life=3,0.5,0.4,3,wiki_A,autorpa_233k,offline_taxblind,2340766704.0,0.444893,,,,,,,,always_compile_evict
p=0.5/q0=0.4/life=3,0.5,0.4,3,wiki_A,autorpa_233k,offline_opt_tax,2420116774.354,0.459974,,,,,,,,always_compile_evict
p=0.5/q0=0.4/life=3,0.5,0.4,3,wiki_A,native,always_reactive,5261420180.0,2.102051,0.0,0.0,0.0,0.0,0.0,0.0,0.004586,always_compile_evict
p=0.5/q0=0.4/life=3,0.5,0.4,3,wiki_A,native,always_compile_evict,2320580763.6,0.927122,4.0,16.6,529.3,264.5,264.5,0.0,0.022096,always_compile_evict
p=0.5/q0=0.4/life=3,0.5,0.4,3,wiki_A,native,always_compile_evict_abandon,2464196209.8,0.9845,3.7,15.3,489.7,243.2,243.2,0.0,0.019633,always_compile_evict
p=0.5/q0=0.4/life=3,0.5,0.4,3,wiki_A,native,on_second,3160846872.1,1.262827,264.8,264.8,529.3,264.5,491.7,710914831.9,0.282041,always_compile_evict
p=0.5/q0=0.4/life=3,0.5,0.4,3,wiki_A,native,ours_evict,2502993774.8,1.0,3.4,14.5,471.2,234.6,234.6,0.0,0.01899,always_compile_evict
p=0.5/q0=0.4/life=3,0.5,0.4,3,wiki_A,native,oracle_tax,2564024792.8,1.024383,43.3,43.3,89.5,46.2,46.2,0.0,0.073521,always_compile_evict
p=0.5/q0=0.4/life=3,0.5,0.4,3,wiki_A,native,offline_taxblind,2215384153.2,0.885094,,,,,,,,always_compile_evict
p=0.5/q0=0.4/life=3,0.5,0.4,3,wiki_A,native,offline_opt_tax,2235212258.69,0.893016,,,,,,,,always_compile_evict
p=0.5/q0=0.4/life=3,0.5,0.4,3,wiki_B,autorpa_233k,always_reactive,7373315056.0,1.0,0.0,0.0,0.0,0.0,0.0,0.0,0.004991,always_reactive
p=0.5/q0=0.4/life=3,0.5,0.4,3,wiki_B,autorpa_233k,always_compile_evict,7638428951.1,1.035956,112.1,129.4,2787.8,2280.9,2632.5,582335262.6,0.108279,always_reactive
p=0.5/q0=0.4/life=3,0.5,0.4,3,wiki_B,autorpa_233k,always_compile_evict_abandon,7651507126.8,1.03773,101.5,116.4,2612.9,2156.7,2474.5,530153824.2,0.098172,always_reactive
p=0.5/q0=0.4/life=3,0.5,0.4,3,wiki_B,autorpa_233k,on_second,13424593990.3,1.8207,1385.5,1385.5,2787.8,2280.9,2763.6,6413286115.6,0.492618,always_reactive
p=0.5/q0=0.4/life=3,0.5,0.4,3,wiki_B,autorpa_233k,ours_evict,7373315056.0,1.0,0.0,0.0,0.0,0.0,0.0,0.0,0.004991,always_reactive
p=0.5/q0=0.4/life=3,0.5,0.4,3,wiki_B,autorpa_233k,oracle_tax,7005693700.7,0.950142,30.5,30.5,61.2,30.7,30.7,0.0,0.030546,always_reactive
p=0.5/q0=0.4/life=3,0.5,0.4,3,wiki_B,autorpa_233k,offline_taxblind,6451689780.8,0.875005,,,,,,,,always_reactive
p=0.5/q0=0.4/life=3,0.5,0.4,3,wiki_B,autorpa_233k,offline_opt_tax,6821869290.046,0.925211,,,,,,,,always_reactive
p=0.5/q0=0.4/life=3,0.5,0.4,3,wiki_B,native,always_reactive,7373315056.0,1.139328,0.0,0.0,0.0,0.0,0.0,0.0,0.004991,always_compile_evict
p=0.5/q0=0.4/life=3,0.5,0.4,3,wiki_B,native,always_compile_evict,6319297064.9,0.97646,10.0,22.0,2787.8,1402.3,1402.3,0.0,0.018505,always_compile_evict
p=0.5/q0=0.4/life=3,0.5,0.4,3,wiki_B,native,always_compile_evict_abandon,6438183508.7,0.994831,8.6,20.5,2612.9,1316.8,1316.8,0.0,0.016851,always_compile_evict
p=0.5/q0=0.4/life=3,0.5,0.4,3,wiki_B,native,on_second,12815596292.5,1.980271,1385.5,1385.5,2787.8,1402.3,2748.9,6401892897.4,0.516027,always_compile_evict
p=0.5/q0=0.4/life=3,0.5,0.4,3,wiki_B,native,ours_evict,6471637841.8,1.0,7.7,19.8,2512.2,1265.2,1265.2,0.0,0.016341,always_compile_evict
p=0.5/q0=0.4/life=3,0.5,0.4,3,wiki_B,native,oracle_tax,6992901136.3,1.080546,80.4,80.4,161.3,80.9,80.9,0.0,0.039318,always_compile_evict
p=0.5/q0=0.4/life=3,0.5,0.4,3,wiki_B,native,offline_taxblind,5007262776.397,0.773724,,,,,,,,always_compile_evict
p=0.5/q0=0.4/life=3,0.5,0.4,3,wiki_B,native,offline_opt_tax,5045716540.771,0.779666,,,,,,,,always_compile_evict
p=0.5/q0=0.4/life=50,0.5,0.4,50,bpi2019,autorpa_233k,always_reactive,19497801224.0,1.561216,0.0,0.0,0.0,0.0,0.0,0.0,0.004751,always_compile_evict
p=0.5/q0=0.4/life=50,0.5,0.4,50,bpi2019,autorpa_233k,always_compile_evict,11334088624.5,0.907536,85.5,122.7,3163.6,2437.2,2883.6,975567210.8,0.179019,always_compile_evict
p=0.5/q0=0.4/life=50,0.5,0.4,50,bpi2019,autorpa_233k,always_compile_evict_abandon,12434694416.4,0.995663,75.5,110.5,2936.8,2282.6,2685.5,859593625.8,0.145364,always_compile_evict
p=0.5/q0=0.4/life=50,0.5,0.4,50,bpi2019,autorpa_233k,on_second,29074351119.0,2.328024,1583.4,1583.4,3163.6,2437.2,3091.5,18762776314.1,0.679953,always_compile_evict
p=0.5/q0=0.4/life=50,0.5,0.4,50,bpi2019,autorpa_233k,ours_evict,12488856330.7,1.0,67.6,92.1,1428.8,1017.3,1292.6,667206239.7,0.123015,always_compile_evict
p=0.5/q0=0.4/life=50,0.5,0.4,50,bpi2019,autorpa_233k,oracle_tax,10777089771.8,0.862936,86.9,86.9,176.8,89.9,89.9,0.0,0.100468,always_compile_evict
p=0.5/q0=0.4/life=50,0.5,0.4,50,bpi2019,autorpa_233k,offline_taxblind,8982995979.402,0.719281,,,,,,,,always_compile_evict
p=0.5/q0=0.4/life=50,0.5,0.4,50,bpi2019,autorpa_233k,offline_opt_tax,9978863989.106,0.799021,,,,,,,,always_compile_evict
p=0.5/q0=0.4/life=50,0.5,0.4,50,bpi2019,native,always_reactive,19497801224.0,2.156271,0.0,0.0,0.0,0.0,0.0,0.0,0.004751,always_compile_evict
p=0.5/q0=0.4/life=50,0.5,0.4,50,bpi2019,native,always_compile_evict,8889454532.0,0.983089,6.0,22.0,3163.6,1580.2,1580.2,0.0,0.030988,always_compile_evict
p=0.5/q0=0.4/life=50,0.5,0.4,50,bpi2019,native,always_compile_evict_abandon,10247904911.6,1.133321,5.5,20.8,2936.8,1466.2,1466.2,0.0,0.024865,always_compile_evict
p=0.5/q0=0.4/life=50,0.5,0.4,50,bpi2019,native,on_second,28383259535.4,3.138919,1583.4,1583.4,3163.6,1580.2,3084.7,18745603695.0,0.696508,always_compile_evict
p=0.5/q0=0.4/life=50,0.5,0.4,50,bpi2019,native,ours_evict,9042368902.2,1.0,6.0,22.0,3071.8,1536.0,1536.0,0.0,0.030173,always_compile_evict
p=0.5/q0=0.4/life=50,0.5,0.4,50,bpi2019,native,oracle_tax,10741959213.6,1.187959,103.6,103.6,207.6,104.0,104.0,0.0,0.103379,always_compile_evict
p=0.5/q0=0.4/life=50,0.5,0.4,50,bpi2019,native,offline_taxblind,8290445408.8,0.916844,,,,,,,,always_compile_evict
p=0.5/q0=0.4/life=50,0.5,0.4,50,bpi2019,native,offline_opt_tax,8442960039.922,0.933711,,,,,,,,always_compile_evict
p=0.5/q0=0.4/life=50,0.5,0.4,50,sepsis,autorpa_233k,always_reactive,77101119.0,1.000414,0.0,0.0,0.0,0.0,0.0,0.0,0.005012,ours_evict
p=0.5/q0=0.4/life=50,0.5,0.4,50,sepsis,autorpa_233k,always_compile_evict,81699275.0,1.060077,15.7,17.5,39.4,34.4,34.4,454563.2,0.014583,ours_evict
p=0.5/q0=0.4/life=50,0.5,0.4,50,sepsis,autorpa_233k,always_compile_evict_abandon,81682822.2,1.059863,14.9,16.7,38.0,33.6,33.6,451423.7,0.014238,ours_evict
p=0.5/q0=0.4/life=50,0.5,0.4,50,sepsis,autorpa_233k,on_second,81789956.5,1.061253,19.7,19.7,39.4,34.4,34.4,536435.9,0.015676,ours_evict
p=0.5/q0=0.4/life=50,0.5,0.4,50,sepsis,autorpa_233k,ours_evict,77069214.5,1.0,3.1,3.9,7.1,3.8,4.2,23468.9,0.006986,ours_evict
p=0.5/q0=0.4/life=50,0.5,0.4,50,sepsis,autorpa_233k,oracle_tax,75361735.5,0.977845,3.9,3.9,7.0,3.1,3.1,0.0,0.009294,ours_evict
p=0.5/q0=0.4/life=50,0.5,0.4,50,sepsis,autorpa_233k,offline_taxblind,74592210.2,0.96786,,,,,,,,ours_evict
p=0.5/q0=0.4/life=50,0.5,0.4,50,sepsis,autorpa_233k,offline_opt_tax,75033775.261,0.973589,,,,,,,,ours_evict
p=0.5/q0=0.4/life=50,0.5,0.4,50,sepsis,native,always_reactive,77101119.0,1.057981,0.0,0.0,0.0,0.0,0.0,0.0,0.005012,always_compile_evict
p=0.5/q0=0.4/life=50,0.5,0.4,50,sepsis,native,always_compile_evict,72813563.5,0.999147,8.2,11.1,39.4,19.7,19.7,0.0,0.012526,always_compile_evict
p=0.5/q0=0.4/life=50,0.5,0.4,50,sepsis,native,always_compile_evict_abandon,73106445.6,1.003166,7.5,10.3,38.0,19.1,19.1,0.0,0.012135,always_compile_evict
p=0.5/q0=0.4/life=50,0.5,0.4,50,sepsis,native,on_second,73182987.1,1.004216,19.7,19.7,39.4,19.7,23.4,198825.9,0.017513,always_compile_evict
p=0.5/q0=0.4/life=50,0.5,0.4,50,sepsis,native,ours_evict,72875731.0,1.0,8.0,10.9,39.2,19.7,19.7,0.0,0.012425,always_compile_evict
p=0.5/q0=0.4/life=50,0.5,0.4,50,sepsis,native,oracle_tax,73043583.0,1.002303,12.1,12.1,23.8,11.7,11.7,0.0,0.012973,always_compile_evict
p=0.5/q0=0.4/life=50,0.5,0.4,50,sepsis,native,offline_taxblind,56053545.6,0.769166,,,,,,,,always_compile_evict
p=0.5/q0=0.4/life=50,0.5,0.4,50,sepsis,native,offline_opt_tax,56864689.955,0.780297,,,,,,,,always_compile_evict
p=0.5/q0=0.4/life=50,0.5,0.4,50,wiki_A,autorpa_233k,always_reactive,5261420180.0,1.95942,0.0,0.0,0.0,0.0,0.0,0.0,0.004586,always_compile_evict
p=0.5/q0=0.4/life=50,0.5,0.4,50,wiki_A,autorpa_233k,always_compile_evict,2542139486.5,0.946725,18.5,57.8,529.3,398.8,450.7,86638597.5,0.061841,always_compile_evict
p=0.5/q0=0.4/life=50,0.5,0.4,50,wiki_A,autorpa_233k,always_compile_evict_abandon,2667022474.1,0.993233,16.5,53.1,489.7,372.7,420.4,79637994.8,0.054114,always_compile_evict
p=0.5/q0=0.4/life=50,0.5,0.4,50,wiki_A,autorpa_233k,on_second,3276472986.4,1.220201,264.8,264.8,529.3,398.8,492.3,710924441.5,0.272087,always_compile_evict
p=0.5/q0=0.4/life=50,0.5,0.4,50,wiki_A,autorpa_233k,ours_evict,2685192048.6,1.0,13.7,40.7,246.8,168.0,197.7,47898186.7,0.039912,always_compile_evict
p=0.5/q0=0.4/life=50,0.5,0.4,50,wiki_A,autorpa_233k,oracle_tax,2581727371.4,0.961468,38.8,38.8,80.7,41.9,41.9,0.0,0.071041,always_compile_evict
p=0.5/q0=0.4/life=50,0.5,0.4,50,wiki_A,autorpa_233k,offline_taxblind,2340766704.0,0.871732,,,,,,,,always_compile_evict
p=0.5/q0=0.4/life=50,0.5,0.4,50,wiki_A,autorpa_233k,offline_opt_tax,2420116774.354,0.901283,,,,,,,,always_compile_evict
p=0.5/q0=0.4/life=50,0.5,0.4,50,wiki_A,native,always_reactive,5261420180.0,2.223263,0.0,0.0,0.0,0.0,0.0,0.0,0.004586,always_compile_evict
p=0.5/q0=0.4/life=50,0.5,0.4,50,wiki_A,native,always_compile_evict,2320580763.6,0.980583,4.0,16.6,529.3,264.5,264.5,0.0,0.022096,always_compile_evict
p=0.5/q0=0.4/life=50,0.5,0.4,50,wiki_A,native,always_compile_evict_abandon,2464196209.8,1.041269,3.7,15.3,489.7,243.2,243.2,0.0,0.019633,always_compile_evict
p=0.5/q0=0.4/life=50,0.5,0.4,50,wiki_A,native,on_second,3160846872.1,1.335646,264.8,264.8,529.3,264.5,491.7,710914831.9,0.282041,always_compile_evict
p=0.5/q0=0.4/life=50,0.5,0.4,50,wiki_A,native,ours_evict,2366531031.6,1.0,3.8,16.4,520.9,259.5,259.5,0.0,0.021491,always_compile_evict
p=0.5/q0=0.4/life=50,0.5,0.4,50,wiki_A,native,oracle_tax,2564024792.8,1.083453,43.3,43.3,89.5,46.2,46.2,0.0,0.073521,always_compile_evict
p=0.5/q0=0.4/life=50,0.5,0.4,50,wiki_A,native,offline_taxblind,2215384153.2,0.936131,,,,,,,,always_compile_evict
p=0.5/q0=0.4/life=50,0.5,0.4,50,wiki_A,native,offline_opt_tax,2235212258.69,0.94451,,,,,,,,always_compile_evict
p=0.5/q0=0.4/life=50,0.5,0.4,50,wiki_B,autorpa_233k,always_reactive,7373315056.0,1.001368,0.0,0.0,0.0,0.0,0.0,0.0,0.004991,ours_evict
p=0.5/q0=0.4/life=50,0.5,0.4,50,wiki_B,autorpa_233k,always_compile_evict,7638428951.1,1.037373,112.1,129.4,2787.8,2280.9,2632.5,582335262.6,0.108279,ours_evict
p=0.5/q0=0.4/life=50,0.5,0.4,50,wiki_B,autorpa_233k,always_compile_evict_abandon,7651507126.8,1.039149,101.5,116.4,2612.9,2156.7,2474.5,530153824.2,0.098172,ours_evict
p=0.5/q0=0.4/life=50,0.5,0.4,50,wiki_B,autorpa_233k,on_second,13424593990.3,1.82319,1385.5,1385.5,2787.8,2280.9,2763.6,6413286115.6,0.492618,ours_evict
p=0.5/q0=0.4/life=50,0.5,0.4,50,wiki_B,autorpa_233k,ours_evict,7363244059.9,1.0,87.8,100.3,1248.0,977.0,1162.0,343295488.9,0.074219,ours_evict
p=0.5/q0=0.4/life=50,0.5,0.4,50,wiki_B,autorpa_233k,oracle_tax,7005693700.7,0.951441,30.5,30.5,61.2,30.7,30.7,0.0,0.030546,ours_evict
p=0.5/q0=0.4/life=50,0.5,0.4,50,wiki_B,autorpa_233k,offline_taxblind,6451689780.8,0.876202,,,,,,,,ours_evict
p=0.5/q0=0.4/life=50,0.5,0.4,50,wiki_B,autorpa_233k,offline_opt_tax,6821869290.046,0.926476,,,,,,,,ours_evict
p=0.5/q0=0.4/life=50,0.5,0.4,50,wiki_B,native,always_reactive,7373315056.0,1.165679,0.0,0.0,0.0,0.0,0.0,0.0,0.004991,always_compile_evict
p=0.5/q0=0.4/life=50,0.5,0.4,50,wiki_B,native,always_compile_evict,6319297064.9,0.999045,10.0,22.0,2787.8,1402.3,1402.3,0.0,0.018505,always_compile_evict
p=0.5/q0=0.4/life=50,0.5,0.4,50,wiki_B,native,always_compile_evict_abandon,6438183508.7,1.01784,8.6,20.5,2612.9,1316.8,1316.8,0.0,0.016851,always_compile_evict
p=0.5/q0=0.4/life=50,0.5,0.4,50,wiki_B,native,on_second,12815596292.5,2.026073,1385.5,1385.5,2787.8,1402.3,2748.9,6401892897.4,0.516027,always_compile_evict
p=0.5/q0=0.4/life=50,0.5,0.4,50,wiki_B,native,ours_evict,6325337177.4,1.0,9.9,21.9,2753.7,1384.4,1384.4,0.0,0.018417,always_compile_evict
p=0.5/q0=0.4/life=50,0.5,0.4,50,wiki_B,native,oracle_tax,6992901136.3,1.105538,80.4,80.4,161.3,80.9,80.9,0.0,0.039318,always_compile_evict
p=0.5/q0=0.4/life=50,0.5,0.4,50,wiki_B,native,offline_taxblind,5007262776.397,0.79162,,,,,,,,always_compile_evict
p=0.5/q0=0.4/life=50,0.5,0.4,50,wiki_B,native,offline_opt_tax,5045716540.771,0.797699,,,,,,,,always_compile_evict
p=1/q0=0.17/life=10,1.0,0.17,10,bpi2019,autorpa_233k,always_reactive,19497801224.0,3.222254,0.0,0.0,0.0,0.0,0.0,0.0,0.004751,always_compile_evict
p=1/q0=0.17/life=10,1.0,0.17,10,bpi2019,autorpa_233k,always_compile_evict,6003308228.3,0.992121,57.0,86.0,1902.0,944.0,1064.0,87753848.0,0.213103,always_compile_evict
p=1/q0=0.17/life=10,1.0,0.17,10,bpi2019,autorpa_233k,always_compile_evict_abandon,6003308228.3,0.992121,57.0,86.0,1902.0,944.0,1064.0,87753848.0,0.213103,always_compile_evict
p=1/q0=0.17/life=10,1.0,0.17,10,bpi2019,autorpa_233k,on_second,28531897129.3,4.715251,1902.0,1902.0,1902.0,944.0,1814.0,22605447501.0,0.834431,always_compile_evict
p=1/q0=0.17/life=10,1.0,0.17,10,bpi2019,autorpa_233k,ours_evict,6050981683.6,1.0,56.0,86.0,1398.0,608.0,724.0,91372736.0,0.207994,always_compile_evict
p=1/q0=0.17/life=10,1.0,0.17,10,bpi2019,autorpa_233k,oracle_tax,6996323332.4,1.156229,107.0,107.0,107.0,0.0,0.0,0.0,0.186055,always_compile_evict
p=1/q0=0.17/life=10,1.0,0.17,10,bpi2019,autorpa_233k,offline_taxblind,4564994332.031,0.754422,,,,,,,,always_compile_evict
p=1/q0=0.17/life=10,1.0,0.17,10,bpi2019,autorpa_233k,offline_opt_tax,5290007812.341,0.87424,,,,,,,,always_compile_evict
p=1/q0=0.17/life=10,1.0,0.17,10,bpi2019,native,always_reactive,19497801224.0,4.316355,0.0,0.0,0.0,0.0,0.0,0.0,0.004751,always_compile_evict
p=1/q0=0.17/life=10,1.0,0.17,10,bpi2019,native,always_compile_evict,4517190963.3,1.0,4.0,19.0,1902.0,0.0,0.0,0.0,0.046201,always_compile_evict
p=1/q0=0.17/life=10,1.0,0.17,10,bpi2019,native,always_compile_evict_abandon,4517190963.3,1.0,4.0,19.0,1902.0,0.0,0.0,0.0,0.046201,always_compile_evict
p=1/q0=0.17/life=10,1.0,0.17,10,bpi2019,native,on_second,28116403327.3,6.224311,1902.0,1902.0,1902.0,0.0,1808.0,22601475715.0,0.846762,always_compile_evict
p=1/q0=0.17/life=10,1.0,0.17,10,bpi2019,native,ours_evict,4517190963.3,1.0,4.0,19.0,1902.0,0.0,0.0,0.0,0.046201,always_compile_evict
p=1/q0=0.17/life=10,1.0,0.17,10,bpi2019,native,oracle_tax,6975269590.3,1.544161,136.0,136.0,136.0,0.0,0.0,0.0,0.188195,always_compile_evict
p=1/q0=0.17/life=10,1.0,0.17,10,bpi2019,native,offline_taxblind,3653062716.041,0.808702,,,,,,,,always_compile_evict
p=1/q0=0.17/life=10,1.0,0.17,10,bpi2019,native,offline_opt_tax,3751584433.731,0.830513,,,,,,,,always_compile_evict
p=1/q0=0.17/life=10,1.0,0.17,10,sepsis,autorpa_233k,always_reactive,77101119.0,1.047724,0.0,0.0,0.0,0.0,0.0,0.0,0.005012,ours_evict
p=1/q0=0.17/life=10,1.0,0.17,10,sepsis,autorpa_233k,always_compile_evict,75777266.0,1.029734,19.0,20.0,27.0,19.0,20.0,563836.0,0.018292,ours_evict
p=1/q0=0.17/life=10,1.0,0.17,10,sepsis,autorpa_233k,always_compile_evict_abandon,75777266.0,1.029734,19.0,20.0,27.0,19.0,20.0,563836.0,0.018292,ours_evict
p=1/q0=0.17/life=10,1.0,0.17,10,sepsis,autorpa_233k,on_second,75965181.0,1.032287,27.0,27.0,27.0,19.0,20.0,738283.0,0.020721,ours_evict
p=1/q0=0.17/life=10,1.0,0.17,10,sepsis,autorpa_233k,ours_evict,73589175.6,1.0,8.0,9.0,11.0,5.0,6.0,141505.0,0.011857,ours_evict
p=1/q0=0.17/life=10,1.0,0.17,10,sepsis,autorpa_233k,oracle_tax,72494908.3,0.98513,7.0,7.0,7.0,0.0,0.0,0.0,0.011529,ours_evict
p=1/q0=0.17/life=10,1.0,0.17,10,sepsis,autorpa_233k,offline_taxblind,70964990.95,0.96434,,,,,,,,ours_evict
p=1/q0=0.17/life=10,1.0,0.17,10,sepsis,autorpa_233k,offline_opt_tax,71685175.868,0.974127,,,,,,,,ours_evict
p=1/q0=0.17/life=10,1.0,0.17,10,sepsis,native,always_reactive,77101119.0,1.112866,0.0,0.0,0.0,0.0,0.0,0.0,0.005012,always_compile_evict
p=1/q0=0.17/life=10,1.0,0.17,10,sepsis,native,always_compile_evict,69281583.0,1.0,4.0,10.0,27.0,0.0,0.0,0.0,0.011383,always_compile_evict
p=1/q0=0.17/life=10,1.0,0.17,10,sepsis,native,always_compile_evict_abandon,69281583.0,1.0,4.0,10.0,27.0,0.0,0.0,0.0,0.011383,always_compile_evict
p=1/q0=0.17/life=10,1.0,0.17,10,sepsis,native,on_second,70067004.0,1.011337,27.0,27.0,27.0,0.0,1.0,57785.0,0.022465,always_compile_evict
p=1/q0=0.17/life=10,1.0,0.17,10,sepsis,native,ours_evict,69281583.0,1.0,4.0,10.0,27.0,0.0,0.0,0.0,0.011383,always_compile_evict
p=1/q0=0.17/life=10,1.0,0.17,10,sepsis,native,oracle_tax,70044536.7,1.011012,26.0,26.0,26.0,0.0,0.0,0.0,0.021647,always_compile_evict
p=1/q0=0.17/life=10,1.0,0.17,10,sepsis,native,offline_taxblind,26100706.23,0.376734,,,,,,,,always_compile_evict
p=1/q0=0.17/life=10,1.0,0.17,10,sepsis,native,offline_opt_tax,26515577.226,0.382722,,,,,,,,always_compile_evict
p=1/q0=0.17/life=10,1.0,0.17,10,wiki_A,autorpa_233k,always_reactive,5261420180.0,4.050359,0.0,0.0,0.0,0.0,0.0,0.0,0.004586,always_compile_evict
p=1/q0=0.17/life=10,1.0,0.17,10,wiki_A,autorpa_233k,always_compile_evict,1286008904.9,0.989998,10.0,46.0,315.0,139.0,181.0,18974865.0,0.089496,always_compile_evict
p=1/q0=0.17/life=10,1.0,0.17,10,wiki_A,autorpa_233k,always_compile_evict_abandon,1286008904.9,0.989998,10.0,46.0,315.0,139.0,181.0,18974865.0,0.089496,always_compile_evict
p=1/q0=0.17/life=10,1.0,0.17,10,wiki_A,autorpa_233k,on_second,2220294711.9,1.709232,315.0,315.0,315.0,139.0,271.0,840005439.0,0.472633,always_compile_evict
p=1/q0=0.17/life=10,1.0,0.17,10,wiki_A,autorpa_233k,ours_evict,1299000995.4,1.0,10.0,46.0,242.0,93.0,132.0,18400746.0,0.083574,always_compile_evict
p=1/q0=0.17/life=10,1.0,0.17,10,wiki_A,autorpa_233k,oracle_tax,1466569043.5,1.128998,47.0,47.0,47.0,0.0,0.0,0.0,0.148508,always_compile_evict
p=1/q0=0.17/life=10,1.0,0.17,10,wiki_A,autorpa_233k,offline_taxblind,1149356285.49,0.8848,,,,,,,,always_compile_evict
p=1/q0=0.17/life=10,1.0,0.17,10,wiki_A,autorpa_233k,offline_opt_tax,1219455933.035,0.938764,,,,,,,,always_compile_evict
p=1/q0=0.17/life=10,1.0,0.17,10,wiki_A,native,always_reactive,5261420180.0,4.585571,0.0,0.0,0.0,0.0,0.0,0.0,0.004586,always_compile_evict
p=1/q0=0.17/life=10,1.0,0.17,10,wiki_A,native,always_compile_evict,1147386098.9,1.0,4.0,13.0,315.0,0.0,0.0,0.0,0.039465,always_compile_evict
p=1/q0=0.17/life=10,1.0,0.17,10,wiki_A,native,always_compile_evict_abandon,1147386098.9,1.0,4.0,13.0,315.0,0.0,0.0,0.0,0.039465,always_compile_evict
p=1/q0=0.17/life=10,1.0,0.17,10,wiki_A,native,on_second,2151482646.9,1.875117,315.0,315.0,315.0,0.0,267.0,835845556.0,0.48775,always_compile_evict
p=1/q0=0.17/life=10,1.0,0.17,10,wiki_A,native,ours_evict,1147386098.9,1.0,4.0,13.0,315.0,0.0,0.0,0.0,0.039465,always_compile_evict
p=1/q0=0.17/life=10,1.0,0.17,10,wiki_A,native,oracle_tax,1455496456.1,1.268532,57.0,57.0,57.0,0.0,0.0,0.0,0.153042,always_compile_evict
p=1/q0=0.17/life=10,1.0,0.17,10,wiki_A,native,offline_taxblind,974012427.76,0.848897,,,,,,,,always_compile_evict
p=1/q0=0.17/life=10,1.0,0.17,10,wiki_A,native,offline_opt_tax,990657239.876,0.863404,,,,,,,,always_compile_evict
p=1/q0=0.17/life=10,1.0,0.17,10,wiki_B,autorpa_233k,always_reactive,7373315056.0,1.121582,0.0,0.0,0.0,0.0,0.0,0.0,0.004991,ours_evict
p=1/q0=0.17/life=10,1.0,0.17,10,wiki_B,autorpa_233k,always_compile_evict,6580709335.5,1.001016,68.0,88.0,1734.0,995.0,1255.0,130843440.0,0.083577,ours_evict
p=1/q0=0.17/life=10,1.0,0.17,10,wiki_B,autorpa_233k,always_compile_evict_abandon,6580709335.5,1.001016,68.0,88.0,1734.0,995.0,1255.0,130843440.0,0.083577,ours_evict
p=1/q0=0.17/life=10,1.0,0.17,10,wiki_B,autorpa_233k,on_second,14305755664.5,2.176102,1734.0,1734.0,1734.0,995.0,1689.0,7961892302.0,0.578441,ours_evict
p=1/q0=0.17/life=10,1.0,0.17,10,wiki_B,autorpa_233k,ours_evict,6574029033.3,1.0,66.0,84.0,1295.0,702.0,917.0,127236837.0,0.077851,ours_evict
p=1/q0=0.17/life=10,1.0,0.17,10,wiki_B,autorpa_233k,oracle_tax,6769053200.9,1.029666,68.0,68.0,68.0,0.0,0.0,0.0,0.052343,ours_evict
p=1/q0=0.17/life=10,1.0,0.17,10,wiki_B,autorpa_233k,offline_taxblind,5828857088.99,0.886649,,,,,,,,ours_evict
p=1/q0=0.17/life=10,1.0,0.17,10,wiki_B,autorpa_233k,offline_opt_tax,6108694305.441,0.929216,,,,,,,,ours_evict
p=1/q0=0.17/life=10,1.0,0.17,10,wiki_B,native,always_reactive,7373315056.0,1.286245,0.0,0.0,0.0,0.0,0.0,0.0,0.004991,always_compile_evict
p=1/q0=0.17/life=10,1.0,0.17,10,wiki_B,native,always_compile_evict,5732434835.5,1.0,5.0,15.0,1734.0,0.0,0.0,0.0,0.014045,always_compile_evict
p=1/q0=0.17/life=10,1.0,0.17,10,wiki_B,native,always_compile_evict_abandon,5732434835.5,1.0,5.0,15.0,1734.0,0.0,0.0,0.0,0.014045,always_compile_evict
p=1/q0=0.17/life=10,1.0,0.17,10,wiki_B,native,on_second,13926961630.5,2.429502,1734.0,1734.0,1734.0,0.0,1670.0,7943458887.0,0.594174,always_compile_evict
p=1/q0=0.17/life=10,1.0,0.17,10,wiki_B,native,ours_evict,5732434835.5,1.0,5.0,15.0,1734.0,0.0,0.0,0.0,0.014045,always_compile_evict
p=1/q0=0.17/life=10,1.0,0.17,10,wiki_B,native,oracle_tax,6752508074.9,1.177948,140.0,140.0,140.0,0.0,0.0,0.0,0.05794,always_compile_evict
p=1/q0=0.17/life=10,1.0,0.17,10,wiki_B,native,offline_taxblind,2319285936.518,0.40459,,,,,,,,always_compile_evict
p=1/q0=0.17/life=10,1.0,0.17,10,wiki_B,native,offline_opt_tax,2336349750.124,0.407567,,,,,,,,always_compile_evict
p=1/q0=0.17/life=3,1.0,0.17,3,bpi2019,autorpa_233k,always_reactive,19497801224.0,1.244672,0.0,0.0,0.0,0.0,0.0,0.0,0.004751,always_compile_evict
p=1/q0=0.17/life=3,1.0,0.17,3,bpi2019,autorpa_233k,always_compile_evict,6003308228.3,0.38323,57.0,86.0,1902.0,944.0,1064.0,87753848.0,0.213103,always_compile_evict
p=1/q0=0.17/life=3,1.0,0.17,3,bpi2019,autorpa_233k,always_compile_evict_abandon,6003308228.3,0.38323,57.0,86.0,1902.0,944.0,1064.0,87753848.0,0.213103,always_compile_evict
p=1/q0=0.17/life=3,1.0,0.17,3,bpi2019,autorpa_233k,on_second,28531897129.3,1.821378,1902.0,1902.0,1902.0,944.0,1814.0,22605447501.0,0.834431,always_compile_evict
p=1/q0=0.17/life=3,1.0,0.17,3,bpi2019,autorpa_233k,ours_evict,15665009785.4,1.0,0.0,4.0,457.0,169.0,171.0,210483.0,0.006812,always_compile_evict
p=1/q0=0.17/life=3,1.0,0.17,3,bpi2019,autorpa_233k,oracle_tax,6996323332.4,0.446621,107.0,107.0,107.0,0.0,0.0,0.0,0.186055,always_compile_evict
p=1/q0=0.17/life=3,1.0,0.17,3,bpi2019,autorpa_233k,offline_taxblind,4564994332.031,0.291413,,,,,,,,always_compile_evict
p=1/q0=0.17/life=3,1.0,0.17,3,bpi2019,autorpa_233k,offline_opt_tax,5290007812.341,0.337696,,,,,,,,always_compile_evict
p=1/q0=0.17/life=3,1.0,0.17,3,bpi2019,native,always_reactive,19497801224.0,4.316355,0.0,0.0,0.0,0.0,0.0,0.0,0.004751,always_compile_evict
p=1/q0=0.17/life=3,1.0,0.17,3,bpi2019,native,always_compile_evict,4517190963.3,1.0,4.0,19.0,1902.0,0.0,0.0,0.0,0.046201,always_compile_evict
p=1/q0=0.17/life=3,1.0,0.17,3,bpi2019,native,always_compile_evict_abandon,4517190963.3,1.0,4.0,19.0,1902.0,0.0,0.0,0.0,0.046201,always_compile_evict
p=1/q0=0.17/life=3,1.0,0.17,3,bpi2019,native,on_second,28116403327.3,6.224311,1902.0,1902.0,1902.0,0.0,1808.0,22601475715.0,0.846762,always_compile_evict
p=1/q0=0.17/life=3,1.0,0.17,3,bpi2019,native,ours_evict,4517190963.3,1.0,4.0,19.0,1902.0,0.0,0.0,0.0,0.046201,always_compile_evict
p=1/q0=0.17/life=3,1.0,0.17,3,bpi2019,native,oracle_tax,6975269590.3,1.544161,136.0,136.0,136.0,0.0,0.0,0.0,0.188195,always_compile_evict
p=1/q0=0.17/life=3,1.0,0.17,3,bpi2019,native,offline_taxblind,3653062716.041,0.808702,,,,,,,,always_compile_evict
p=1/q0=0.17/life=3,1.0,0.17,3,bpi2019,native,offline_opt_tax,3751584433.731,0.830513,,,,,,,,always_compile_evict
p=1/q0=0.17/life=3,1.0,0.17,3,sepsis,autorpa_233k,always_reactive,77101119.0,1.0,0.0,0.0,0.0,0.0,0.0,0.0,0.005012,always_compile_evict
p=1/q0=0.17/life=3,1.0,0.17,3,sepsis,autorpa_233k,always_compile_evict,75777266.0,0.98283,19.0,20.0,27.0,19.0,20.0,563836.0,0.018292,always_compile_evict
p=1/q0=0.17/life=3,1.0,0.17,3,sepsis,autorpa_233k,always_compile_evict_abandon,75777266.0,0.98283,19.0,20.0,27.0,19.0,20.0,563836.0,0.018292,always_compile_evict
p=1/q0=0.17/life=3,1.0,0.17,3,sepsis,autorpa_233k,on_second,75965181.0,0.985267,27.0,27.0,27.0,19.0,20.0,738283.0,0.020721,always_compile_evict
p=1/q0=0.17/life=3,1.0,0.17,3,sepsis,autorpa_233k,ours_evict,77101119.0,1.0,0.0,0.0,0.0,0.0,0.0,0.0,0.005012,always_compile_evict
p=1/q0=0.17/life=3,1.0,0.17,3,sepsis,autorpa_233k,oracle_tax,72494908.3,0.940258,7.0,7.0,7.0,0.0,0.0,0.0,0.011529,always_compile_evict
p=1/q0=0.17/life=3,1.0,0.17,3,sepsis,autorpa_233k,offline_taxblind,70964990.95,0.920415,,,,,,,,always_compile_evict
p=1/q0=0.17/life=3,1.0,0.17,3,sepsis,autorpa_233k,offline_opt_tax,71685175.868,0.929755,,,,,,,,always_compile_evict
p=1/q0=0.17/life=3,1.0,0.17,3,sepsis,native,always_reactive,77101119.0,1.112866,0.0,0.0,0.0,0.0,0.0,0.0,0.005012,always_compile_evict
p=1/q0=0.17/life=3,1.0,0.17,3,sepsis,native,always_compile_evict,69281583.0,1.0,4.0,10.0,27.0,0.0,0.0,0.0,0.011383,always_compile_evict
p=1/q0=0.17/life=3,1.0,0.17,3,sepsis,native,always_compile_evict_abandon,69281583.0,1.0,4.0,10.0,27.0,0.0,0.0,0.0,0.011383,always_compile_evict
p=1/q0=0.17/life=3,1.0,0.17,3,sepsis,native,on_second,70067004.0,1.011337,27.0,27.0,27.0,0.0,1.0,57785.0,0.022465,always_compile_evict
p=1/q0=0.17/life=3,1.0,0.17,3,sepsis,native,ours_evict,69281583.0,1.0,4.0,10.0,27.0,0.0,0.0,0.0,0.011383,always_compile_evict
p=1/q0=0.17/life=3,1.0,0.17,3,sepsis,native,oracle_tax,70044536.7,1.011012,26.0,26.0,26.0,0.0,0.0,0.0,0.021647,always_compile_evict
p=1/q0=0.17/life=3,1.0,0.17,3,sepsis,native,offline_taxblind,26100706.23,0.376734,,,,,,,,always_compile_evict
p=1/q0=0.17/life=3,1.0,0.17,3,sepsis,native,offline_opt_tax,26515577.226,0.382722,,,,,,,,always_compile_evict
p=1/q0=0.17/life=3,1.0,0.17,3,wiki_A,autorpa_233k,always_reactive,5261420180.0,1.630938,0.0,0.0,0.0,0.0,0.0,0.0,0.004586,always_compile_evict
p=1/q0=0.17/life=3,1.0,0.17,3,wiki_A,autorpa_233k,always_compile_evict,1286008904.9,0.398638,10.0,46.0,315.0,139.0,181.0,18974865.0,0.089496,always_compile_evict
p=1/q0=0.17/life=3,1.0,0.17,3,wiki_A,autorpa_233k,always_compile_evict_abandon,1286008904.9,0.398638,10.0,46.0,315.0,139.0,181.0,18974865.0,0.089496,always_compile_evict
p=1/q0=0.17/life=3,1.0,0.17,3,wiki_A,autorpa_233k,on_second,2220294711.9,0.688248,315.0,315.0,315.0,139.0,271.0,840005439.0,0.472633,always_compile_evict
p=1/q0=0.17/life=3,1.0,0.17,3,wiki_A,autorpa_233k,ours_evict,3226007889.4,1.0,1.0,4.0,66.0,37.0,37.0,46228.0,0.008656,always_compile_evict
p=1/q0=0.17/life=3,1.0,0.17,3,wiki_A,autorpa_233k,oracle_tax,1466569043.5,0.454608,47.0,47.0,47.0,0.0,0.0,0.0,0.148508,always_compile_evict
p=1/q0=0.17/life=3,1.0,0.17,3,wiki_A,autorpa_233k,offline_taxblind,1149356285.49,0.356278,,,,,,,,always_compile_evict
p=1/q0=0.17/life=3,1.0,0.17,3,wiki_A,autorpa_233k,offline_opt_tax,1219455933.035,0.378008,,,,,,,,always_compile_evict
p=1/q0=0.17/life=3,1.0,0.17,3,wiki_A,native,always_reactive,5261420180.0,4.585571,0.0,0.0,0.0,0.0,0.0,0.0,0.004586,always_compile_evict
p=1/q0=0.17/life=3,1.0,0.17,3,wiki_A,native,always_compile_evict,1147386098.9,1.0,4.0,13.0,315.0,0.0,0.0,0.0,0.039465,always_compile_evict
p=1/q0=0.17/life=3,1.0,0.17,3,wiki_A,native,always_compile_evict_abandon,1147386098.9,1.0,4.0,13.0,315.0,0.0,0.0,0.0,0.039465,always_compile_evict
p=1/q0=0.17/life=3,1.0,0.17,3,wiki_A,native,on_second,2151482646.9,1.875117,315.0,315.0,315.0,0.0,267.0,835845556.0,0.48775,always_compile_evict
p=1/q0=0.17/life=3,1.0,0.17,3,wiki_A,native,ours_evict,1147386098.9,1.0,4.0,13.0,315.0,0.0,0.0,0.0,0.039465,always_compile_evict
p=1/q0=0.17/life=3,1.0,0.17,3,wiki_A,native,oracle_tax,1455496456.1,1.268532,57.0,57.0,57.0,0.0,0.0,0.0,0.153042,always_compile_evict
p=1/q0=0.17/life=3,1.0,0.17,3,wiki_A,native,offline_taxblind,974012427.76,0.848897,,,,,,,,always_compile_evict
p=1/q0=0.17/life=3,1.0,0.17,3,wiki_A,native,offline_opt_tax,990657239.876,0.863404,,,,,,,,always_compile_evict
p=1/q0=0.17/life=3,1.0,0.17,3,wiki_B,autorpa_233k,always_reactive,7373315056.0,1.000188,0.0,0.0,0.0,0.0,0.0,0.0,0.004991,always_compile_evict
p=1/q0=0.17/life=3,1.0,0.17,3,wiki_B,autorpa_233k,always_compile_evict,6580709335.5,0.892672,68.0,88.0,1734.0,995.0,1255.0,130843440.0,0.083577,always_compile_evict
p=1/q0=0.17/life=3,1.0,0.17,3,wiki_B,autorpa_233k,always_compile_evict_abandon,6580709335.5,0.892672,68.0,88.0,1734.0,995.0,1255.0,130843440.0,0.083577,always_compile_evict
p=1/q0=0.17/life=3,1.0,0.17,3,wiki_B,autorpa_233k,on_second,14305755664.5,1.940572,1734.0,1734.0,1734.0,995.0,1689.0,7961892302.0,0.578441,always_compile_evict
p=1/q0=0.17/life=3,1.0,0.17,3,wiki_B,autorpa_233k,ours_evict,7371926501.6,1.0,0.0,3.0,258.0,148.0,149.0,187096.0,0.005078,always_compile_evict
p=1/q0=0.17/life=3,1.0,0.17,3,wiki_B,autorpa_233k,oracle_tax,6769053200.9,0.91822,68.0,68.0,68.0,0.0,0.0,0.0,0.052343,always_compile_evict
p=1/q0=0.17/life=3,1.0,0.17,3,wiki_B,autorpa_233k,offline_taxblind,5828857088.99,0.790683,,,,,,,,always_compile_evict
p=1/q0=0.17/life=3,1.0,0.17,3,wiki_B,autorpa_233k,offline_opt_tax,6108694305.441,0.828643,,,,,,,,always_compile_evict
p=1/q0=0.17/life=3,1.0,0.17,3,wiki_B,native,always_reactive,7373315056.0,1.286245,0.0,0.0,0.0,0.0,0.0,0.0,0.004991,always_compile_evict
p=1/q0=0.17/life=3,1.0,0.17,3,wiki_B,native,always_compile_evict,5732434835.5,1.0,5.0,15.0,1734.0,0.0,0.0,0.0,0.014045,always_compile_evict
p=1/q0=0.17/life=3,1.0,0.17,3,wiki_B,native,always_compile_evict_abandon,5732434835.5,1.0,5.0,15.0,1734.0,0.0,0.0,0.0,0.014045,always_compile_evict
p=1/q0=0.17/life=3,1.0,0.17,3,wiki_B,native,on_second,13926961630.5,2.429502,1734.0,1734.0,1734.0,0.0,1670.0,7943458887.0,0.594174,always_compile_evict
p=1/q0=0.17/life=3,1.0,0.17,3,wiki_B,native,ours_evict,5732434835.5,1.0,5.0,15.0,1734.0,0.0,0.0,0.0,0.014045,always_compile_evict
p=1/q0=0.17/life=3,1.0,0.17,3,wiki_B,native,oracle_tax,6752508074.9,1.177948,140.0,140.0,140.0,0.0,0.0,0.0,0.05794,always_compile_evict
p=1/q0=0.17/life=3,1.0,0.17,3,wiki_B,native,offline_taxblind,2319285936.518,0.40459,,,,,,,,always_compile_evict
p=1/q0=0.17/life=3,1.0,0.17,3,wiki_B,native,offline_opt_tax,2336349750.124,0.407567,,,,,,,,always_compile_evict
p=1/q0=0.17/life=50,1.0,0.17,50,bpi2019,autorpa_233k,always_reactive,19497801224.0,3.222254,0.0,0.0,0.0,0.0,0.0,0.0,0.004751,always_compile_evict
p=1/q0=0.17/life=50,1.0,0.17,50,bpi2019,autorpa_233k,always_compile_evict,6003308228.3,0.992121,57.0,86.0,1902.0,944.0,1064.0,87753848.0,0.213103,always_compile_evict
p=1/q0=0.17/life=50,1.0,0.17,50,bpi2019,autorpa_233k,always_compile_evict_abandon,6003308228.3,0.992121,57.0,86.0,1902.0,944.0,1064.0,87753848.0,0.213103,always_compile_evict
p=1/q0=0.17/life=50,1.0,0.17,50,bpi2019,autorpa_233k,on_second,28531897129.3,4.715251,1902.0,1902.0,1902.0,944.0,1814.0,22605447501.0,0.834431,always_compile_evict
p=1/q0=0.17/life=50,1.0,0.17,50,bpi2019,autorpa_233k,ours_evict,6050981683.6,1.0,56.0,86.0,1398.0,608.0,724.0,91372736.0,0.207994,always_compile_evict
p=1/q0=0.17/life=50,1.0,0.17,50,bpi2019,autorpa_233k,oracle_tax,6996323332.4,1.156229,107.0,107.0,107.0,0.0,0.0,0.0,0.186055,always_compile_evict
p=1/q0=0.17/life=50,1.0,0.17,50,bpi2019,autorpa_233k,offline_taxblind,4564994332.031,0.754422,,,,,,,,always_compile_evict
p=1/q0=0.17/life=50,1.0,0.17,50,bpi2019,autorpa_233k,offline_opt_tax,5290007812.341,0.87424,,,,,,,,always_compile_evict
p=1/q0=0.17/life=50,1.0,0.17,50,bpi2019,native,always_reactive,19497801224.0,4.316355,0.0,0.0,0.0,0.0,0.0,0.0,0.004751,always_compile_evict
p=1/q0=0.17/life=50,1.0,0.17,50,bpi2019,native,always_compile_evict,4517190963.3,1.0,4.0,19.0,1902.0,0.0,0.0,0.0,0.046201,always_compile_evict
p=1/q0=0.17/life=50,1.0,0.17,50,bpi2019,native,always_compile_evict_abandon,4517190963.3,1.0,4.0,19.0,1902.0,0.0,0.0,0.0,0.046201,always_compile_evict
p=1/q0=0.17/life=50,1.0,0.17,50,bpi2019,native,on_second,28116403327.3,6.224311,1902.0,1902.0,1902.0,0.0,1808.0,22601475715.0,0.846762,always_compile_evict
p=1/q0=0.17/life=50,1.0,0.17,50,bpi2019,native,ours_evict,4517190963.3,1.0,4.0,19.0,1902.0,0.0,0.0,0.0,0.046201,always_compile_evict
p=1/q0=0.17/life=50,1.0,0.17,50,bpi2019,native,oracle_tax,6975269590.3,1.544161,136.0,136.0,136.0,0.0,0.0,0.0,0.188195,always_compile_evict
p=1/q0=0.17/life=50,1.0,0.17,50,bpi2019,native,offline_taxblind,3653062716.041,0.808702,,,,,,,,always_compile_evict
p=1/q0=0.17/life=50,1.0,0.17,50,bpi2019,native,offline_opt_tax,3751584433.731,0.830513,,,,,,,,always_compile_evict
p=1/q0=0.17/life=50,1.0,0.17,50,sepsis,autorpa_233k,always_reactive,77101119.0,1.047724,0.0,0.0,0.0,0.0,0.0,0.0,0.005012,ours_evict
p=1/q0=0.17/life=50,1.0,0.17,50,sepsis,autorpa_233k,always_compile_evict,75777266.0,1.029734,19.0,20.0,27.0,19.0,20.0,563836.0,0.018292,ours_evict
p=1/q0=0.17/life=50,1.0,0.17,50,sepsis,autorpa_233k,always_compile_evict_abandon,75777266.0,1.029734,19.0,20.0,27.0,19.0,20.0,563836.0,0.018292,ours_evict
p=1/q0=0.17/life=50,1.0,0.17,50,sepsis,autorpa_233k,on_second,75965181.0,1.032287,27.0,27.0,27.0,19.0,20.0,738283.0,0.020721,ours_evict
p=1/q0=0.17/life=50,1.0,0.17,50,sepsis,autorpa_233k,ours_evict,73589175.6,1.0,8.0,9.0,11.0,5.0,6.0,141505.0,0.011857,ours_evict
p=1/q0=0.17/life=50,1.0,0.17,50,sepsis,autorpa_233k,oracle_tax,72494908.3,0.98513,7.0,7.0,7.0,0.0,0.0,0.0,0.011529,ours_evict
p=1/q0=0.17/life=50,1.0,0.17,50,sepsis,autorpa_233k,offline_taxblind,70964990.95,0.96434,,,,,,,,ours_evict
p=1/q0=0.17/life=50,1.0,0.17,50,sepsis,autorpa_233k,offline_opt_tax,71685175.868,0.974127,,,,,,,,ours_evict
p=1/q0=0.17/life=50,1.0,0.17,50,sepsis,native,always_reactive,77101119.0,1.112866,0.0,0.0,0.0,0.0,0.0,0.0,0.005012,always_compile_evict
p=1/q0=0.17/life=50,1.0,0.17,50,sepsis,native,always_compile_evict,69281583.0,1.0,4.0,10.0,27.0,0.0,0.0,0.0,0.011383,always_compile_evict
p=1/q0=0.17/life=50,1.0,0.17,50,sepsis,native,always_compile_evict_abandon,69281583.0,1.0,4.0,10.0,27.0,0.0,0.0,0.0,0.011383,always_compile_evict
p=1/q0=0.17/life=50,1.0,0.17,50,sepsis,native,on_second,70067004.0,1.011337,27.0,27.0,27.0,0.0,1.0,57785.0,0.022465,always_compile_evict
p=1/q0=0.17/life=50,1.0,0.17,50,sepsis,native,ours_evict,69281583.0,1.0,4.0,10.0,27.0,0.0,0.0,0.0,0.011383,always_compile_evict
p=1/q0=0.17/life=50,1.0,0.17,50,sepsis,native,oracle_tax,70044536.7,1.011012,26.0,26.0,26.0,0.0,0.0,0.0,0.021647,always_compile_evict
p=1/q0=0.17/life=50,1.0,0.17,50,sepsis,native,offline_taxblind,26100706.23,0.376734,,,,,,,,always_compile_evict
p=1/q0=0.17/life=50,1.0,0.17,50,sepsis,native,offline_opt_tax,26515577.226,0.382722,,,,,,,,always_compile_evict
p=1/q0=0.17/life=50,1.0,0.17,50,wiki_A,autorpa_233k,always_reactive,5261420180.0,4.050359,0.0,0.0,0.0,0.0,0.0,0.0,0.004586,always_compile_evict
p=1/q0=0.17/life=50,1.0,0.17,50,wiki_A,autorpa_233k,always_compile_evict,1286008904.9,0.989998,10.0,46.0,315.0,139.0,181.0,18974865.0,0.089496,always_compile_evict
p=1/q0=0.17/life=50,1.0,0.17,50,wiki_A,autorpa_233k,always_compile_evict_abandon,1286008904.9,0.989998,10.0,46.0,315.0,139.0,181.0,18974865.0,0.089496,always_compile_evict
p=1/q0=0.17/life=50,1.0,0.17,50,wiki_A,autorpa_233k,on_second,2220294711.9,1.709232,315.0,315.0,315.0,139.0,271.0,840005439.0,0.472633,always_compile_evict
p=1/q0=0.17/life=50,1.0,0.17,50,wiki_A,autorpa_233k,ours_evict,1299000995.4,1.0,10.0,46.0,242.0,93.0,132.0,18400746.0,0.083574,always_compile_evict
p=1/q0=0.17/life=50,1.0,0.17,50,wiki_A,autorpa_233k,oracle_tax,1466569043.5,1.128998,47.0,47.0,47.0,0.0,0.0,0.0,0.148508,always_compile_evict
p=1/q0=0.17/life=50,1.0,0.17,50,wiki_A,autorpa_233k,offline_taxblind,1149356285.49,0.8848,,,,,,,,always_compile_evict
p=1/q0=0.17/life=50,1.0,0.17,50,wiki_A,autorpa_233k,offline_opt_tax,1219455933.035,0.938764,,,,,,,,always_compile_evict
p=1/q0=0.17/life=50,1.0,0.17,50,wiki_A,native,always_reactive,5261420180.0,4.585571,0.0,0.0,0.0,0.0,0.0,0.0,0.004586,always_compile_evict
p=1/q0=0.17/life=50,1.0,0.17,50,wiki_A,native,always_compile_evict,1147386098.9,1.0,4.0,13.0,315.0,0.0,0.0,0.0,0.039465,always_compile_evict
p=1/q0=0.17/life=50,1.0,0.17,50,wiki_A,native,always_compile_evict_abandon,1147386098.9,1.0,4.0,13.0,315.0,0.0,0.0,0.0,0.039465,always_compile_evict
p=1/q0=0.17/life=50,1.0,0.17,50,wiki_A,native,on_second,2151482646.9,1.875117,315.0,315.0,315.0,0.0,267.0,835845556.0,0.48775,always_compile_evict
p=1/q0=0.17/life=50,1.0,0.17,50,wiki_A,native,ours_evict,1147386098.9,1.0,4.0,13.0,315.0,0.0,0.0,0.0,0.039465,always_compile_evict
p=1/q0=0.17/life=50,1.0,0.17,50,wiki_A,native,oracle_tax,1455496456.1,1.268532,57.0,57.0,57.0,0.0,0.0,0.0,0.153042,always_compile_evict
p=1/q0=0.17/life=50,1.0,0.17,50,wiki_A,native,offline_taxblind,974012427.76,0.848897,,,,,,,,always_compile_evict
p=1/q0=0.17/life=50,1.0,0.17,50,wiki_A,native,offline_opt_tax,990657239.876,0.863404,,,,,,,,always_compile_evict
p=1/q0=0.17/life=50,1.0,0.17,50,wiki_B,autorpa_233k,always_reactive,7373315056.0,1.121582,0.0,0.0,0.0,0.0,0.0,0.0,0.004991,ours_evict
p=1/q0=0.17/life=50,1.0,0.17,50,wiki_B,autorpa_233k,always_compile_evict,6580709335.5,1.001016,68.0,88.0,1734.0,995.0,1255.0,130843440.0,0.083577,ours_evict
p=1/q0=0.17/life=50,1.0,0.17,50,wiki_B,autorpa_233k,always_compile_evict_abandon,6580709335.5,1.001016,68.0,88.0,1734.0,995.0,1255.0,130843440.0,0.083577,ours_evict
p=1/q0=0.17/life=50,1.0,0.17,50,wiki_B,autorpa_233k,on_second,14305755664.5,2.176102,1734.0,1734.0,1734.0,995.0,1689.0,7961892302.0,0.578441,ours_evict
p=1/q0=0.17/life=50,1.0,0.17,50,wiki_B,autorpa_233k,ours_evict,6574029033.3,1.0,66.0,84.0,1295.0,702.0,917.0,127236837.0,0.077851,ours_evict
p=1/q0=0.17/life=50,1.0,0.17,50,wiki_B,autorpa_233k,oracle_tax,6769053200.9,1.029666,68.0,68.0,68.0,0.0,0.0,0.0,0.052343,ours_evict
p=1/q0=0.17/life=50,1.0,0.17,50,wiki_B,autorpa_233k,offline_taxblind,5828857088.99,0.886649,,,,,,,,ours_evict
p=1/q0=0.17/life=50,1.0,0.17,50,wiki_B,autorpa_233k,offline_opt_tax,6108694305.441,0.929216,,,,,,,,ours_evict
p=1/q0=0.17/life=50,1.0,0.17,50,wiki_B,native,always_reactive,7373315056.0,1.286245,0.0,0.0,0.0,0.0,0.0,0.0,0.004991,always_compile_evict
p=1/q0=0.17/life=50,1.0,0.17,50,wiki_B,native,always_compile_evict,5732434835.5,1.0,5.0,15.0,1734.0,0.0,0.0,0.0,0.014045,always_compile_evict
p=1/q0=0.17/life=50,1.0,0.17,50,wiki_B,native,always_compile_evict_abandon,5732434835.5,1.0,5.0,15.0,1734.0,0.0,0.0,0.0,0.014045,always_compile_evict
p=1/q0=0.17/life=50,1.0,0.17,50,wiki_B,native,on_second,13926961630.5,2.429502,1734.0,1734.0,1734.0,0.0,1670.0,7943458887.0,0.594174,always_compile_evict
p=1/q0=0.17/life=50,1.0,0.17,50,wiki_B,native,ours_evict,5732434835.5,1.0,5.0,15.0,1734.0,0.0,0.0,0.0,0.014045,always_compile_evict
p=1/q0=0.17/life=50,1.0,0.17,50,wiki_B,native,oracle_tax,6752508074.9,1.177948,140.0,140.0,140.0,0.0,0.0,0.0,0.05794,always_compile_evict
p=1/q0=0.17/life=50,1.0,0.17,50,wiki_B,native,offline_taxblind,2319285936.518,0.40459,,,,,,,,always_compile_evict
p=1/q0=0.17/life=50,1.0,0.17,50,wiki_B,native,offline_opt_tax,2336349750.124,0.407567,,,,,,,,always_compile_evict
p=1/q0=0.4/life=10,1.0,0.4,10,bpi2019,autorpa_233k,always_reactive,19497801224.0,1.904676,0.0,0.0,0.0,0.0,0.0,0.0,0.004751,always_compile_evict
p=1/q0=0.4/life=10,1.0,0.4,10,bpi2019,autorpa_233k,always_compile_evict,10222170594.0,0.99857,57.0,86.0,1902.0,1117.0,1337.0,218514205.0,0.125152,always_compile_evict
p=1/q0=0.4/life=10,1.0,0.4,10,bpi2019,autorpa_233k,always_compile_evict_abandon,10222170594.0,0.99857,57.0,86.0,1902.0,1117.0,1337.0,218514205.0,0.125152,always_compile_evict
p=1/q0=0.4/life=10,1.0,0.4,10,bpi2019,autorpa_233k,on_second,32750759495.0,3.199313,1902.0,1902.0,1902.0,1117.0,1831.0,22796221448.0,0.726942,always_compile_evict
p=1/q0=0.4/life=10,1.0,0.4,10,bpi2019,autorpa_233k,ours_evict,10236809660.5,1.0,56.0,85.0,1276.0,663.0,854.0,216010249.0,0.121958,always_compile_evict
p=1/q0=0.4/life=10,1.0,0.4,10,bpi2019,autorpa_233k,oracle_tax,10770947508.1,1.052178,91.0,91.0,91.0,0.0,0.0,0.0,0.103607,always_compile_evict
p=1/q0=0.4/life=10,1.0,0.4,10,bpi2019,autorpa_233k,offline_taxblind,8802037847.202,0.859842,,,,,,,,always_compile_evict
p=1/q0=0.4/life=10,1.0,0.4,10,bpi2019,autorpa_233k,offline_opt_tax,9513591746.251,0.929351,,,,,,,,always_compile_evict
p=1/q0=0.4/life=10,1.0,0.4,10,bpi2019,native,always_reactive,19497801224.0,2.231878,0.0,0.0,0.0,0.0,0.0,0.0,0.004751,always_compile_evict
p=1/q0=0.4/life=10,1.0,0.4,10,bpi2019,native,always_compile_evict,8736053329.0,1.0,4.0,19.0,1902.0,0.0,0.0,0.0,0.023889,always_compile_evict
p=1/q0=0.4/life=10,1.0,0.4,10,bpi2019,native,always_compile_evict_abandon,8736053329.0,1.0,4.0,19.0,1902.0,0.0,0.0,0.0,0.023889,always_compile_evict
p=1/q0=0.4/life=10,1.0,0.4,10,bpi2019,native,on_second,32335265693.0,3.701359,1902.0,1902.0,1902.0,0.0,1822.0,22776488826.0,0.736283,always_compile_evict
p=1/q0=0.4/life=10,1.0,0.4,10,bpi2019,native,ours_evict,8736053329.0,1.0,4.0,19.0,1902.0,0.0,0.0,0.0,0.023889,always_compile_evict
p=1/q0=0.4/life=10,1.0,0.4,10,bpi2019,native,oracle_tax,10752820469.0,1.230856,113.0,113.0,113.0,0.0,0.0,0.0,0.105078,always_compile_evict
p=1/q0=0.4/life=10,1.0,0.4,10,bpi2019,native,offline_taxblind,8116250231.8,0.929052,,,,,,,,always_compile_evict
p=1/q0=0.4/life=10,1.0,0.4,10,bpi2019,native,offline_opt_tax,8214771949.49,0.94033,,,,,,,,always_compile_evict
p=1/q0=0.4/life=10,1.0,0.4,10,sepsis,autorpa_233k,always_reactive,77101119.0,1.023641,0.0,0.0,0.0,0.0,0.0,0.0,0.005012,ours_evict
p=1/q0=0.4/life=10,1.0,0.4,10,sepsis,autorpa_233k,always_compile_evict,78272584.2,1.039195,19.0,20.0,27.0,22.0,22.0,633451.0,0.017709,ours_evict
p=1/q0=0.4/life=10,1.0,0.4,10,sepsis,autorpa_233k,always_compile_evict_abandon,78272584.2,1.039195,19.0,20.0,27.0,22.0,22.0,633451.0,0.017709,ours_evict
p=1/q0=0.4/life=10,1.0,0.4,10,sepsis,autorpa_233k,on_second,78460499.2,1.041689,27.0,27.0,27.0,22.0,22.0,807898.0,0.020062,ours_evict
p=1/q0=0.4/life=10,1.0,0.4,10,sepsis,autorpa_233k,ours_evict,75320437.2,1.0,6.0,7.0,8.0,3.0,3.0,58786.0,0.01024,ours_evict
p=1/q0=0.4/life=10,1.0,0.4,10,sepsis,autorpa_233k,oracle_tax,74297888.9,0.986424,5.0,5.0,5.0,0.0,0.0,0.0,0.010312,ours_evict
p=1/q0=0.4/life=10,1.0,0.4,10,sepsis,autorpa_233k,offline_taxblind,73257976.0,0.972618,,,,,,,,ours_evict
p=1/q0=0.4/life=10,1.0,0.4,10,sepsis,autorpa_233k,offline_opt_tax,73859449.26,0.980603,,,,,,,,ours_evict
p=1/q0=0.4/life=10,1.0,0.4,10,sepsis,native,always_reactive,77101119.0,1.074177,0.0,0.0,0.0,0.0,0.0,0.0,0.005012,always_compile_evict
p=1/q0=0.4/life=10,1.0,0.4,10,sepsis,native,always_compile_evict,71776901.2,1.0,4.0,10.0,27.0,0.0,0.0,0.0,0.010987,always_compile_evict
p=1/q0=0.4/life=10,1.0,0.4,10,sepsis,native,always_compile_evict_abandon,71776901.2,1.0,4.0,10.0,27.0,0.0,0.0,0.0,0.010987,always_compile_evict
p=1/q0=0.4/life=10,1.0,0.4,10,sepsis,native,on_second,72562322.2,1.010943,27.0,27.0,27.0,0.0,6.0,305214.0,0.021693,always_compile_evict
p=1/q0=0.4/life=10,1.0,0.4,10,sepsis,native,ours_evict,71776901.2,1.0,4.0,10.0,27.0,0.0,0.0,0.0,0.010987,always_compile_evict
p=1/q0=0.4/life=10,1.0,0.4,10,sepsis,native,oracle_tax,72422879.0,1.009,23.0,23.0,23.0,0.0,0.0,0.0,0.017784,always_compile_evict
p=1/q0=0.4/life=10,1.0,0.4,10,sepsis,native,offline_taxblind,43745091.6,0.609459,,,,,,,,always_compile_evict
p=1/q0=0.4/life=10,1.0,0.4,10,sepsis,native,offline_opt_tax,44159962.596,0.615239,,,,,,,,always_compile_evict
p=1/q0=0.4/life=10,1.0,0.4,10,wiki_A,autorpa_233k,always_reactive,5261420180.0,2.150018,0.0,0.0,0.0,0.0,0.0,0.0,0.004586,always_compile_evict
p=1/q0=0.4/life=10,1.0,0.4,10,wiki_A,autorpa_233k,always_compile_evict,2438381448.4,0.996416,10.0,46.0,315.0,177.0,214.0,31369884.0,0.047201,always_compile_evict
p=1/q0=0.4/life=10,1.0,0.4,10,wiki_A,autorpa_233k,always_compile_evict_abandon,2438381448.4,0.996416,10.0,46.0,315.0,177.0,214.0,31369884.0,0.047201,always_compile_evict
p=1/q0=0.4/life=10,1.0,0.4,10,wiki_A,autorpa_233k,on_second,3372667255.4,1.378201,315.0,315.0,315.0,177.0,278.0,868647234.0,0.311145,always_compile_evict
p=1/q0=0.4/life=10,1.0,0.4,10,wiki_A,autorpa_233k,ours_evict,2447151653.7,1.0,9.0,42.0,224.0,107.0,140.0,31045833.0,0.043251,always_compile_evict
p=1/q0=0.4/life=10,1.0,0.4,10,wiki_A,autorpa_233k,oracle_tax,2570500166.8,1.050405,41.0,41.0,41.0,0.0,0.0,0.0,0.073238,always_compile_evict
p=1/q0=0.4/life=10,1.0,0.4,10,wiki_A,autorpa_233k,offline_taxblind,2308056713.8,0.94316,,,,,,,,always_compile_evict
p=1/q0=0.4/life=10,1.0,0.4,10,wiki_A,autorpa_233k,offline_opt_tax,2373617085.836,0.969951,,,,,,,,always_compile_evict
p=1/q0=0.4/life=10,1.0,0.4,10,wiki_A,native,always_reactive,5261420180.0,2.287814,0.0,0.0,0.0,0.0,0.0,0.0,0.004586,always_compile_evict
p=1/q0=0.4/life=10,1.0,0.4,10,wiki_A,native,always_compile_evict,2299758642.4,1.0,4.0,13.0,315.0,0.0,0.0,0.0,0.019689,always_compile_evict
p=1/q0=0.4/life=10,1.0,0.4,10,wiki_A,native,always_compile_evict_abandon,2299758642.4,1.0,4.0,13.0,315.0,0.0,0.0,0.0,0.019689,always_compile_evict
p=1/q0=0.4/life=10,1.0,0.4,10,wiki_A,native,on_second,3303855190.4,1.43661,315.0,315.0,315.0,0.0,277.0,868629398.0,0.317626,always_compile_evict
p=1/q0=0.4/life=10,1.0,0.4,10,wiki_A,native,ours_evict,2299758642.4,1.0,4.0,13.0,315.0,0.0,0.0,0.0,0.019689,always_compile_evict
p=1/q0=0.4/life=10,1.0,0.4,10,wiki_A,native,oracle_tax,2561591261.2,1.113852,47.0,47.0,47.0,0.0,0.0,0.0,0.073769,always_compile_evict
p=1/q0=0.4/life=10,1.0,0.4,10,wiki_A,native,offline_taxblind,2178589732.2,0.947312,,,,,,,,always_compile_evict
p=1/q0=0.4/life=10,1.0,0.4,10,wiki_A,native,offline_opt_tax,2195234544.316,0.95455,,,,,,,,always_compile_evict
p=1/q0=0.4/life=10,1.0,0.4,10,wiki_B,autorpa_233k,always_reactive,7373315056.0,1.053631,0.0,0.0,0.0,0.0,0.0,0.0,0.004991,ours_evict
p=1/q0=0.4/life=10,1.0,0.4,10,wiki_B,autorpa_233k,always_compile_evict,7055210241.1,1.008175,68.0,88.0,1734.0,1180.0,1458.0,243706554.0,0.077956,ours_evict
p=1/q0=0.4/life=10,1.0,0.4,10,wiki_B,autorpa_233k,always_compile_evict_abandon,7055210241.1,1.008175,68.0,88.0,1734.0,1180.0,1458.0,243706554.0,0.077956,ours_evict
p=1/q0=0.4/life=10,1.0,0.4,10,wiki_B,autorpa_233k,on_second,14780256570.1,2.112068,1734.0,1734.0,1734.0,1180.0,1709.0,8074189032.0,0.559871,ours_evict
p=1/q0=0.4/life=10,1.0,0.4,10,wiki_B,autorpa_233k,ours_evict,6998001922.9,1.0,65.0,84.0,1127.0,687.0,911.0,208868387.0,0.070731,ours_evict
p=1/q0=0.4/life=10,1.0,0.4,10,wiki_B,autorpa_233k,oracle_tax,6998186226.8,1.000026,49.0,49.0,49.0,0.0,0.0,0.0,0.036225,ours_evict
p=1/q0=0.4/life=10,1.0,0.4,10,wiki_B,autorpa_233k,offline_taxblind,6321348950.2,0.903308,,,,,,,,ours_evict
p=1/q0=0.4/life=10,1.0,0.4,10,wiki_B,autorpa_233k,offline_opt_tax,6589276031.44,0.941594,,,,,,,,ours_evict
p=1/q0=0.4/life=10,1.0,0.4,10,wiki_B,native,always_reactive,7373315056.0,1.187915,0.0,0.0,0.0,0.0,0.0,0.0,0.004991,always_compile_evict
p=1/q0=0.4/life=10,1.0,0.4,10,wiki_B,native,always_compile_evict,6206935741.1,1.0,5.0,15.0,1734.0,0.0,0.0,0.0,0.012972,always_compile_evict
p=1/q0=0.4/life=10,1.0,0.4,10,wiki_B,native,always_compile_evict_abandon,6206935741.1,1.0,5.0,15.0,1734.0,0.0,0.0,0.0,0.012972,always_compile_evict
p=1/q0=0.4/life=10,1.0,0.4,10,wiki_B,native,on_second,14401462536.1,2.320221,1734.0,1734.0,1734.0,0.0,1692.0,8063227354.0,0.574597,always_compile_evict
p=1/q0=0.4/life=10,1.0,0.4,10,wiki_B,native,ours_evict,6206935741.1,1.0,5.0,15.0,1734.0,0.0,0.0,0.0,0.012972,always_compile_evict
p=1/q0=0.4/life=10,1.0,0.4,10,wiki_B,native,oracle_tax,6991416557.7,1.126388,108.0,108.0,108.0,0.0,0.0,0.0,0.040241,always_compile_evict
p=1/q0=0.4/life=10,1.0,0.4,10,wiki_B,native,offline_taxblind,4006684399.4,0.645517,,,,,,,,always_compile_evict
p=1/q0=0.4/life=10,1.0,0.4,10,wiki_B,native,offline_opt_tax,4023748213.006,0.648266,,,,,,,,always_compile_evict
p=1/q0=0.4/life=3,1.0,0.4,3,bpi2019,autorpa_233k,always_reactive,19497801224.0,1.0,0.0,0.0,0.0,0.0,0.0,0.0,0.004751,always_compile_evict
p=1/q0=0.4/life=3,1.0,0.4,3,bpi2019,autorpa_233k,always_compile_evict,10222170594.0,0.524273,57.0,86.0,1902.0,1117.0,1337.0,218514205.0,0.125152,always_compile_evict
p=1/q0=0.4/life=3,1.0,0.4,3,bpi2019,autorpa_233k,always_compile_evict_abandon,10222170594.0,0.524273,57.0,86.0,1902.0,1117.0,1337.0,218514205.0,0.125152,always_compile_evict
p=1/q0=0.4/life=3,1.0,0.4,3,bpi2019,autorpa_233k,on_second,32750759495.0,1.679716,1902.0,1902.0,1902.0,1117.0,1831.0,22796221448.0,0.726942,always_compile_evict
p=1/q0=0.4/life=3,1.0,0.4,3,bpi2019,autorpa_233k,ours_evict,19497801224.0,1.0,0.0,0.0,0.0,0.0,0.0,0.0,0.004751,always_compile_evict
p=1/q0=0.4/life=3,1.0,0.4,3,bpi2019,autorpa_233k,oracle_tax,10770947508.1,0.552419,91.0,91.0,91.0,0.0,0.0,0.0,0.103607,always_compile_evict
p=1/q0=0.4/life=3,1.0,0.4,3,bpi2019,autorpa_233k,offline_taxblind,8802037847.202,0.451437,,,,,,,,always_compile_evict
p=1/q0=0.4/life=3,1.0,0.4,3,bpi2019,autorpa_233k,offline_opt_tax,9513591746.251,0.487932,,,,,,,,always_compile_evict
p=1/q0=0.4/life=3,1.0,0.4,3,bpi2019,native,always_reactive,19497801224.0,2.231878,0.0,0.0,0.0,0.0,0.0,0.0,0.004751,always_compile_evict
p=1/q0=0.4/life=3,1.0,0.4,3,bpi2019,native,always_compile_evict,8736053329.0,1.0,4.0,19.0,1902.0,0.0,0.0,0.0,0.023889,always_compile_evict
p=1/q0=0.4/life=3,1.0,0.4,3,bpi2019,native,always_compile_evict_abandon,8736053329.0,1.0,4.0,19.0,1902.0,0.0,0.0,0.0,0.023889,always_compile_evict
p=1/q0=0.4/life=3,1.0,0.4,3,bpi2019,native,on_second,32335265693.0,3.701359,1902.0,1902.0,1902.0,0.0,1822.0,22776488826.0,0.736283,always_compile_evict
p=1/q0=0.4/life=3,1.0,0.4,3,bpi2019,native,ours_evict,8736053329.0,1.0,4.0,19.0,1902.0,0.0,0.0,0.0,0.023889,always_compile_evict
p=1/q0=0.4/life=3,1.0,0.4,3,bpi2019,native,oracle_tax,10752820469.0,1.230856,113.0,113.0,113.0,0.0,0.0,0.0,0.105078,always_compile_evict
p=1/q0=0.4/life=3,1.0,0.4,3,bpi2019,native,offline_taxblind,8116250231.8,0.929052,,,,,,,,always_compile_evict
p=1/q0=0.4/life=3,1.0,0.4,3,bpi2019,native,offline_opt_tax,8214771949.49,0.94033,,,,,,,,always_compile_evict
p=1/q0=0.4/life=3,1.0,0.4,3,sepsis,autorpa_233k,always_reactive,77101119.0,1.0,0.0,0.0,0.0,0.0,0.0,0.0,0.005012,always_reactive
p=1/q0=0.4/life=3,1.0,0.4,3,sepsis,autorpa_233k,always_compile_evict,78272584.2,1.015194,19.0,20.0,27.0,22.0,22.0,633451.0,0.017709,always_reactive
p=1/q0=0.4/life=3,1.0,0.4,3,sepsis,autorpa_233k,always_compile_evict_abandon,78272584.2,1.015194,19.0,20.0,27.0,22.0,22.0,633451.0,0.017709,always_reactive
p=1/q0=0.4/life=3,1.0,0.4,3,sepsis,autorpa_233k,on_second,78460499.2,1.017631,27.0,27.0,27.0,22.0,22.0,807898.0,0.020062,always_reactive
p=1/q0=0.4/life=3,1.0,0.4,3,sepsis,autorpa_233k,ours_evict,77101119.0,1.0,0.0,0.0,0.0,0.0,0.0,0.0,0.005012,always_reactive
p=1/q0=0.4/life=3,1.0,0.4,3,sepsis,autorpa_233k,oracle_tax,74297888.9,0.963642,5.0,5.0,5.0,0.0,0.0,0.0,0.010312,always_reactive
p=1/q0=0.4/life=3,1.0,0.4,3,sepsis,autorpa_233k,offline_taxblind,73257976.0,0.950155,,,,,,,,always_reactive
p=1/q0=0.4/life=3,1.0,0.4,3,sepsis,autorpa_233k,offline_opt_tax,73859449.26,0.957956,,,,,,,,always_reactive
p=1/q0=0.4/life=3,1.0,0.4,3,sepsis,native,always_reactive,77101119.0,1.074177,0.0,0.0,0.0,0.0,0.0,0.0,0.005012,always_compile_evict
p=1/q0=0.4/life=3,1.0,0.4,3,sepsis,native,always_compile_evict,71776901.2,1.0,4.0,10.0,27.0,0.0,0.0,0.0,0.010987,always_compile_evict
p=1/q0=0.4/life=3,1.0,0.4,3,sepsis,native,always_compile_evict_abandon,71776901.2,1.0,4.0,10.0,27.0,0.0,0.0,0.0,0.010987,always_compile_evict
p=1/q0=0.4/life=3,1.0,0.4,3,sepsis,native,on_second,72562322.2,1.010943,27.0,27.0,27.0,0.0,6.0,305214.0,0.021693,always_compile_evict
p=1/q0=0.4/life=3,1.0,0.4,3,sepsis,native,ours_evict,71776901.2,1.0,4.0,10.0,27.0,0.0,0.0,0.0,0.010987,always_compile_evict
p=1/q0=0.4/life=3,1.0,0.4,3,sepsis,native,oracle_tax,72422879.0,1.009,23.0,23.0,23.0,0.0,0.0,0.0,0.017784,always_compile_evict
p=1/q0=0.4/life=3,1.0,0.4,3,sepsis,native,offline_taxblind,43745091.6,0.609459,,,,,,,,always_compile_evict
p=1/q0=0.4/life=3,1.0,0.4,3,sepsis,native,offline_opt_tax,44159962.596,0.615239,,,,,,,,always_compile_evict
p=1/q0=0.4/life=3,1.0,0.4,3,wiki_A,autorpa_233k,always_reactive,5261420180.0,1.0,0.0,0.0,0.0,0.0,0.0,0.0,0.004586,always_compile_evict
p=1/q0=0.4/life=3,1.0,0.4,3,wiki_A,autorpa_233k,always_compile_evict,2438381448.4,0.463445,10.0,46.0,315.0,177.0,214.0,31369884.0,0.047201,always_compile_evict
p=1/q0=0.4/life=3,1.0,0.4,3,wiki_A,autorpa_233k,always_compile_evict_abandon,2438381448.4,0.463445,10.0,46.0,315.0,177.0,214.0,31369884.0,0.047201,always_compile_evict
p=1/q0=0.4/life=3,1.0,0.4,3,wiki_A,autorpa_233k,on_second,3372667255.4,0.641018,315.0,315.0,315.0,177.0,278.0,868647234.0,0.311145,always_compile_evict
p=1/q0=0.4/life=3,1.0,0.4,3,wiki_A,autorpa_233k,ours_evict,5261420180.0,1.0,0.0,0.0,0.0,0.0,0.0,0.0,0.004586,always_compile_evict
p=1/q0=0.4/life=3,1.0,0.4,3,wiki_A,autorpa_233k,oracle_tax,2570500166.8,0.488556,41.0,41.0,41.0,0.0,0.0,0.0,0.073238,always_compile_evict
p=1/q0=0.4/life=3,1.0,0.4,3,wiki_A,autorpa_233k,offline_taxblind,2308056713.8,0.438676,,,,,,,,always_compile_evict
p=1/q0=0.4/life=3,1.0,0.4,3,wiki_A,autorpa_233k,offline_opt_tax,2373617085.836,0.451136,,,,,,,,always_compile_evict
p=1/q0=0.4/life=3,1.0,0.4,3,wiki_A,native,always_reactive,5261420180.0,2.287814,0.0,0.0,0.0,0.0,0.0,0.0,0.004586,always_compile_evict
p=1/q0=0.4/life=3,1.0,0.4,3,wiki_A,native,always_compile_evict,2299758642.4,1.0,4.0,13.0,315.0,0.0,0.0,0.0,0.019689,always_compile_evict
p=1/q0=0.4/life=3,1.0,0.4,3,wiki_A,native,always_compile_evict_abandon,2299758642.4,1.0,4.0,13.0,315.0,0.0,0.0,0.0,0.019689,always_compile_evict
p=1/q0=0.4/life=3,1.0,0.4,3,wiki_A,native,on_second,3303855190.4,1.43661,315.0,315.0,315.0,0.0,277.0,868629398.0,0.317626,always_compile_evict
p=1/q0=0.4/life=3,1.0,0.4,3,wiki_A,native,ours_evict,2299758642.4,1.0,4.0,13.0,315.0,0.0,0.0,0.0,0.019689,always_compile_evict
p=1/q0=0.4/life=3,1.0,0.4,3,wiki_A,native,oracle_tax,2561591261.2,1.113852,47.0,47.0,47.0,0.0,0.0,0.0,0.073769,always_compile_evict
p=1/q0=0.4/life=3,1.0,0.4,3,wiki_A,native,offline_taxblind,2178589732.2,0.947312,,,,,,,,always_compile_evict
p=1/q0=0.4/life=3,1.0,0.4,3,wiki_A,native,offline_opt_tax,2195234544.316,0.95455,,,,,,,,always_compile_evict
p=1/q0=0.4/life=3,1.0,0.4,3,wiki_B,autorpa_233k,always_reactive,7373315056.0,1.0,0.0,0.0,0.0,0.0,0.0,0.0,0.004991,always_compile_evict
p=1/q0=0.4/life=3,1.0,0.4,3,wiki_B,autorpa_233k,always_compile_evict,7055210241.1,0.956857,68.0,88.0,1734.0,1180.0,1458.0,243706554.0,0.077956,always_compile_evict
p=1/q0=0.4/life=3,1.0,0.4,3,wiki_B,autorpa_233k,always_compile_evict_abandon,7055210241.1,0.956857,68.0,88.0,1734.0,1180.0,1458.0,243706554.0,0.077956,always_compile_evict
p=1/q0=0.4/life=3,1.0,0.4,3,wiki_B,autorpa_233k,on_second,14780256570.1,2.004561,1734.0,1734.0,1734.0,1180.0,1709.0,8074189032.0,0.559871,always_compile_evict
p=1/q0=0.4/life=3,1.0,0.4,3,wiki_B,autorpa_233k,ours_evict,7373315056.0,1.0,0.0,0.0,0.0,0.0,0.0,0.0,0.004991,always_compile_evict
p=1/q0=0.4/life=3,1.0,0.4,3,wiki_B,autorpa_233k,oracle_tax,6998186226.8,0.949123,49.0,49.0,49.0,0.0,0.0,0.0,0.036225,always_compile_evict
p=1/q0=0.4/life=3,1.0,0.4,3,wiki_B,autorpa_233k,offline_taxblind,6321348950.2,0.857328,,,,,,,,always_compile_evict
p=1/q0=0.4/life=3,1.0,0.4,3,wiki_B,autorpa_233k,offline_opt_tax,6589276031.44,0.893665,,,,,,,,always_compile_evict
p=1/q0=0.4/life=3,1.0,0.4,3,wiki_B,native,always_reactive,7373315056.0,1.187915,0.0,0.0,0.0,0.0,0.0,0.0,0.004991,always_compile_evict
p=1/q0=0.4/life=3,1.0,0.4,3,wiki_B,native,always_compile_evict,6206935741.1,1.0,5.0,15.0,1734.0,0.0,0.0,0.0,0.012972,always_compile_evict
p=1/q0=0.4/life=3,1.0,0.4,3,wiki_B,native,always_compile_evict_abandon,6206935741.1,1.0,5.0,15.0,1734.0,0.0,0.0,0.0,0.012972,always_compile_evict
p=1/q0=0.4/life=3,1.0,0.4,3,wiki_B,native,on_second,14401462536.1,2.320221,1734.0,1734.0,1734.0,0.0,1692.0,8063227354.0,0.574597,always_compile_evict
p=1/q0=0.4/life=3,1.0,0.4,3,wiki_B,native,ours_evict,6206935741.1,1.0,5.0,15.0,1734.0,0.0,0.0,0.0,0.012972,always_compile_evict
p=1/q0=0.4/life=3,1.0,0.4,3,wiki_B,native,oracle_tax,6991416557.7,1.126388,108.0,108.0,108.0,0.0,0.0,0.0,0.040241,always_compile_evict
p=1/q0=0.4/life=3,1.0,0.4,3,wiki_B,native,offline_taxblind,4006684399.4,0.645517,,,,,,,,always_compile_evict
p=1/q0=0.4/life=3,1.0,0.4,3,wiki_B,native,offline_opt_tax,4023748213.006,0.648266,,,,,,,,always_compile_evict
p=1/q0=0.4/life=50,1.0,0.4,50,bpi2019,autorpa_233k,always_reactive,19497801224.0,1.904676,0.0,0.0,0.0,0.0,0.0,0.0,0.004751,always_compile_evict
p=1/q0=0.4/life=50,1.0,0.4,50,bpi2019,autorpa_233k,always_compile_evict,10222170594.0,0.99857,57.0,86.0,1902.0,1117.0,1337.0,218514205.0,0.125152,always_compile_evict
p=1/q0=0.4/life=50,1.0,0.4,50,bpi2019,autorpa_233k,always_compile_evict_abandon,10222170594.0,0.99857,57.0,86.0,1902.0,1117.0,1337.0,218514205.0,0.125152,always_compile_evict
p=1/q0=0.4/life=50,1.0,0.4,50,bpi2019,autorpa_233k,on_second,32750759495.0,3.199313,1902.0,1902.0,1902.0,1117.0,1831.0,22796221448.0,0.726942,always_compile_evict
p=1/q0=0.4/life=50,1.0,0.4,50,bpi2019,autorpa_233k,ours_evict,10236809660.5,1.0,56.0,85.0,1276.0,663.0,854.0,216010249.0,0.121958,always_compile_evict
p=1/q0=0.4/life=50,1.0,0.4,50,bpi2019,autorpa_233k,oracle_tax,10770947508.1,1.052178,91.0,91.0,91.0,0.0,0.0,0.0,0.103607,always_compile_evict
p=1/q0=0.4/life=50,1.0,0.4,50,bpi2019,autorpa_233k,offline_taxblind,8802037847.202,0.859842,,,,,,,,always_compile_evict
p=1/q0=0.4/life=50,1.0,0.4,50,bpi2019,autorpa_233k,offline_opt_tax,9513591746.251,0.929351,,,,,,,,always_compile_evict
p=1/q0=0.4/life=50,1.0,0.4,50,bpi2019,native,always_reactive,19497801224.0,2.231878,0.0,0.0,0.0,0.0,0.0,0.0,0.004751,always_compile_evict
p=1/q0=0.4/life=50,1.0,0.4,50,bpi2019,native,always_compile_evict,8736053329.0,1.0,4.0,19.0,1902.0,0.0,0.0,0.0,0.023889,always_compile_evict
p=1/q0=0.4/life=50,1.0,0.4,50,bpi2019,native,always_compile_evict_abandon,8736053329.0,1.0,4.0,19.0,1902.0,0.0,0.0,0.0,0.023889,always_compile_evict
p=1/q0=0.4/life=50,1.0,0.4,50,bpi2019,native,on_second,32335265693.0,3.701359,1902.0,1902.0,1902.0,0.0,1822.0,22776488826.0,0.736283,always_compile_evict
p=1/q0=0.4/life=50,1.0,0.4,50,bpi2019,native,ours_evict,8736053329.0,1.0,4.0,19.0,1902.0,0.0,0.0,0.0,0.023889,always_compile_evict
p=1/q0=0.4/life=50,1.0,0.4,50,bpi2019,native,oracle_tax,10752820469.0,1.230856,113.0,113.0,113.0,0.0,0.0,0.0,0.105078,always_compile_evict
p=1/q0=0.4/life=50,1.0,0.4,50,bpi2019,native,offline_taxblind,8116250231.8,0.929052,,,,,,,,always_compile_evict
p=1/q0=0.4/life=50,1.0,0.4,50,bpi2019,native,offline_opt_tax,8214771949.49,0.94033,,,,,,,,always_compile_evict
p=1/q0=0.4/life=50,1.0,0.4,50,sepsis,autorpa_233k,always_reactive,77101119.0,1.023641,0.0,0.0,0.0,0.0,0.0,0.0,0.005012,ours_evict
p=1/q0=0.4/life=50,1.0,0.4,50,sepsis,autorpa_233k,always_compile_evict,78272584.2,1.039195,19.0,20.0,27.0,22.0,22.0,633451.0,0.017709,ours_evict
p=1/q0=0.4/life=50,1.0,0.4,50,sepsis,autorpa_233k,always_compile_evict_abandon,78272584.2,1.039195,19.0,20.0,27.0,22.0,22.0,633451.0,0.017709,ours_evict
p=1/q0=0.4/life=50,1.0,0.4,50,sepsis,autorpa_233k,on_second,78460499.2,1.041689,27.0,27.0,27.0,22.0,22.0,807898.0,0.020062,ours_evict
p=1/q0=0.4/life=50,1.0,0.4,50,sepsis,autorpa_233k,ours_evict,75320437.2,1.0,6.0,7.0,8.0,3.0,3.0,58786.0,0.01024,ours_evict
p=1/q0=0.4/life=50,1.0,0.4,50,sepsis,autorpa_233k,oracle_tax,74297888.9,0.986424,5.0,5.0,5.0,0.0,0.0,0.0,0.010312,ours_evict
p=1/q0=0.4/life=50,1.0,0.4,50,sepsis,autorpa_233k,offline_taxblind,73257976.0,0.972618,,,,,,,,ours_evict
p=1/q0=0.4/life=50,1.0,0.4,50,sepsis,autorpa_233k,offline_opt_tax,73859449.26,0.980603,,,,,,,,ours_evict
p=1/q0=0.4/life=50,1.0,0.4,50,sepsis,native,always_reactive,77101119.0,1.074177,0.0,0.0,0.0,0.0,0.0,0.0,0.005012,always_compile_evict
p=1/q0=0.4/life=50,1.0,0.4,50,sepsis,native,always_compile_evict,71776901.2,1.0,4.0,10.0,27.0,0.0,0.0,0.0,0.010987,always_compile_evict
p=1/q0=0.4/life=50,1.0,0.4,50,sepsis,native,always_compile_evict_abandon,71776901.2,1.0,4.0,10.0,27.0,0.0,0.0,0.0,0.010987,always_compile_evict
p=1/q0=0.4/life=50,1.0,0.4,50,sepsis,native,on_second,72562322.2,1.010943,27.0,27.0,27.0,0.0,6.0,305214.0,0.021693,always_compile_evict
p=1/q0=0.4/life=50,1.0,0.4,50,sepsis,native,ours_evict,71776901.2,1.0,4.0,10.0,27.0,0.0,0.0,0.0,0.010987,always_compile_evict
p=1/q0=0.4/life=50,1.0,0.4,50,sepsis,native,oracle_tax,72422879.0,1.009,23.0,23.0,23.0,0.0,0.0,0.0,0.017784,always_compile_evict
p=1/q0=0.4/life=50,1.0,0.4,50,sepsis,native,offline_taxblind,43745091.6,0.609459,,,,,,,,always_compile_evict
p=1/q0=0.4/life=50,1.0,0.4,50,sepsis,native,offline_opt_tax,44159962.596,0.615239,,,,,,,,always_compile_evict
p=1/q0=0.4/life=50,1.0,0.4,50,wiki_A,autorpa_233k,always_reactive,5261420180.0,2.150018,0.0,0.0,0.0,0.0,0.0,0.0,0.004586,always_compile_evict
p=1/q0=0.4/life=50,1.0,0.4,50,wiki_A,autorpa_233k,always_compile_evict,2438381448.4,0.996416,10.0,46.0,315.0,177.0,214.0,31369884.0,0.047201,always_compile_evict
p=1/q0=0.4/life=50,1.0,0.4,50,wiki_A,autorpa_233k,always_compile_evict_abandon,2438381448.4,0.996416,10.0,46.0,315.0,177.0,214.0,31369884.0,0.047201,always_compile_evict
p=1/q0=0.4/life=50,1.0,0.4,50,wiki_A,autorpa_233k,on_second,3372667255.4,1.378201,315.0,315.0,315.0,177.0,278.0,868647234.0,0.311145,always_compile_evict
p=1/q0=0.4/life=50,1.0,0.4,50,wiki_A,autorpa_233k,ours_evict,2447151653.7,1.0,9.0,42.0,224.0,107.0,140.0,31045833.0,0.043251,always_compile_evict
p=1/q0=0.4/life=50,1.0,0.4,50,wiki_A,autorpa_233k,oracle_tax,2570500166.8,1.050405,41.0,41.0,41.0,0.0,0.0,0.0,0.073238,always_compile_evict
p=1/q0=0.4/life=50,1.0,0.4,50,wiki_A,autorpa_233k,offline_taxblind,2308056713.8,0.94316,,,,,,,,always_compile_evict
p=1/q0=0.4/life=50,1.0,0.4,50,wiki_A,autorpa_233k,offline_opt_tax,2373617085.836,0.969951,,,,,,,,always_compile_evict
p=1/q0=0.4/life=50,1.0,0.4,50,wiki_A,native,always_reactive,5261420180.0,2.287814,0.0,0.0,0.0,0.0,0.0,0.0,0.004586,always_compile_evict
p=1/q0=0.4/life=50,1.0,0.4,50,wiki_A,native,always_compile_evict,2299758642.4,1.0,4.0,13.0,315.0,0.0,0.0,0.0,0.019689,always_compile_evict
p=1/q0=0.4/life=50,1.0,0.4,50,wiki_A,native,always_compile_evict_abandon,2299758642.4,1.0,4.0,13.0,315.0,0.0,0.0,0.0,0.019689,always_compile_evict
p=1/q0=0.4/life=50,1.0,0.4,50,wiki_A,native,on_second,3303855190.4,1.43661,315.0,315.0,315.0,0.0,277.0,868629398.0,0.317626,always_compile_evict
p=1/q0=0.4/life=50,1.0,0.4,50,wiki_A,native,ours_evict,2299758642.4,1.0,4.0,13.0,315.0,0.0,0.0,0.0,0.019689,always_compile_evict
p=1/q0=0.4/life=50,1.0,0.4,50,wiki_A,native,oracle_tax,2561591261.2,1.113852,47.0,47.0,47.0,0.0,0.0,0.0,0.073769,always_compile_evict
p=1/q0=0.4/life=50,1.0,0.4,50,wiki_A,native,offline_taxblind,2178589732.2,0.947312,,,,,,,,always_compile_evict
p=1/q0=0.4/life=50,1.0,0.4,50,wiki_A,native,offline_opt_tax,2195234544.316,0.95455,,,,,,,,always_compile_evict
p=1/q0=0.4/life=50,1.0,0.4,50,wiki_B,autorpa_233k,always_reactive,7373315056.0,1.053631,0.0,0.0,0.0,0.0,0.0,0.0,0.004991,ours_evict
p=1/q0=0.4/life=50,1.0,0.4,50,wiki_B,autorpa_233k,always_compile_evict,7055210241.1,1.008175,68.0,88.0,1734.0,1180.0,1458.0,243706554.0,0.077956,ours_evict
p=1/q0=0.4/life=50,1.0,0.4,50,wiki_B,autorpa_233k,always_compile_evict_abandon,7055210241.1,1.008175,68.0,88.0,1734.0,1180.0,1458.0,243706554.0,0.077956,ours_evict
p=1/q0=0.4/life=50,1.0,0.4,50,wiki_B,autorpa_233k,on_second,14780256570.1,2.112068,1734.0,1734.0,1734.0,1180.0,1709.0,8074189032.0,0.559871,ours_evict
p=1/q0=0.4/life=50,1.0,0.4,50,wiki_B,autorpa_233k,ours_evict,6998001922.9,1.0,65.0,84.0,1127.0,687.0,911.0,208868387.0,0.070731,ours_evict
p=1/q0=0.4/life=50,1.0,0.4,50,wiki_B,autorpa_233k,oracle_tax,6998186226.8,1.000026,49.0,49.0,49.0,0.0,0.0,0.0,0.036225,ours_evict
p=1/q0=0.4/life=50,1.0,0.4,50,wiki_B,autorpa_233k,offline_taxblind,6321348950.2,0.903308,,,,,,,,ours_evict
p=1/q0=0.4/life=50,1.0,0.4,50,wiki_B,autorpa_233k,offline_opt_tax,6589276031.44,0.941594,,,,,,,,ours_evict
p=1/q0=0.4/life=50,1.0,0.4,50,wiki_B,native,always_reactive,7373315056.0,1.187915,0.0,0.0,0.0,0.0,0.0,0.0,0.004991,always_compile_evict
p=1/q0=0.4/life=50,1.0,0.4,50,wiki_B,native,always_compile_evict,6206935741.1,1.0,5.0,15.0,1734.0,0.0,0.0,0.0,0.012972,always_compile_evict
p=1/q0=0.4/life=50,1.0,0.4,50,wiki_B,native,always_compile_evict_abandon,6206935741.1,1.0,5.0,15.0,1734.0,0.0,0.0,0.0,0.012972,always_compile_evict
p=1/q0=0.4/life=50,1.0,0.4,50,wiki_B,native,on_second,14401462536.1,2.320221,1734.0,1734.0,1734.0,0.0,1692.0,8063227354.0,0.574597,always_compile_evict
p=1/q0=0.4/life=50,1.0,0.4,50,wiki_B,native,ours_evict,6206935741.1,1.0,5.0,15.0,1734.0,0.0,0.0,0.0,0.012972,always_compile_evict
p=1/q0=0.4/life=50,1.0,0.4,50,wiki_B,native,oracle_tax,6991416557.7,1.126388,108.0,108.0,108.0,0.0,0.0,0.0,0.040241,always_compile_evict
p=1/q0=0.4/life=50,1.0,0.4,50,wiki_B,native,offline_taxblind,4006684399.4,0.645517,,,,,,,,always_compile_evict
p=1/q0=0.4/life=50,1.0,0.4,50,wiki_B,native,offline_opt_tax,4023748213.006,0.648266,,,,,,,,always_compile_evict
