config,block,h,q0,p,r_fallback,sigma,silent_penalty,c_fail_mult,stream,price,policy,mean_tokens,rel_to_ours_noinflate,mean_final_library,mean_max_library,mean_n_compiles,mean_program_deaths,mean_silent_failures,mean_use_failures,mean_wasted_tax,mean_tax_share,mean_failed_attempts,mean_failed_tokens,cheapest_policy,best_vs_naive
h=0.02/q0=0.4/p=0.3/r=1/sig=0/cf=10.5094,A_core,0.02,0.4,0.3,1.0,0.0,1.0,10.509389227369171,bpi2019,autorpa_233k,always_reactive,28364744721.458,1.036508,0.0,0.0,0.0,0.0,0.0,0.0,0.0,0.003,0.0,0.0,ours_cap_realized,0.535957
h=0.02/q0=0.4/p=0.3/r=1/sig=0/cf=10.5094,A_core,0.02,0.4,0.3,1.0,0.0,1.0,10.509389227369171,bpi2019,autorpa_233k,always_compile_evict,51048553639.539,1.865422,90.8,139.4,19288.5,4483.5,0.0,91995.4,18752.7,0.048,13532.9,33137845639.69,ours_cap_realized,0.535957
h=0.02/q0=0.4/p=0.3/r=1/sig=0/cf=10.5094,A_core,0.02,0.4,0.3,1.0,0.0,1.0,10.509389227369171,bpi2019,autorpa_233k,ours_noinflate,27365680442.392,1.0,11.1,28.3,1209.5,218.6,0.0,4427.2,1016.5,0.016,846.6,2073058998.335,ours_cap_realized,0.535957
h=0.02/q0=0.4/p=0.3/r=1/sig=0/cf=10.5094,A_core,0.02,0.4,0.3,1.0,0.0,1.0,10.509389227369171,bpi2019,autorpa_233k,oracle_tax,27528835704.21,1.005962,46.7,55.1,1666.2,443.3,0.0,8904.0,1418.9,0.017,1176.2,2880146460.951,ours_cap_realized,0.535957
h=0.02/q0=0.4/p=0.3/r=1/sig=0/cf=10.5094,A_core,0.02,0.4,0.3,1.0,0.0,1.0,10.509389227369171,bpi2019,autorpa_233k,ours_spend_cap,28650477840.385,1.046949,8.0,23.4,742.7,89.0,0.0,1821.2,606.8,0.013,521.8,1277725236.63,ours_cap_realized,0.535957
h=0.02/q0=0.4/p=0.3/r=1/sig=0/cf=10.5094,A_core,0.02,0.4,0.3,1.0,0.0,1.0,10.509389227369171,bpi2019,autorpa_233k,ours_cap_epoch,28120743631.411,1.027592,9.4,25.8,923.3,137.1,0.0,2800.5,756.9,0.015,648.2,1587239360.643,ours_cap_realized,0.535957
h=0.02/q0=0.4/p=0.3/r=1/sig=0/cf=10.5094,A_core,0.02,0.4,0.3,1.0,0.0,1.0,10.509389227369171,bpi2019,autorpa_233k,ours_cap_realized,27359835176.603,0.999786,10.7,27.6,1178.7,212.9,0.0,4318.7,987.9,0.016,823.1,2015514837.62,ours_cap_realized,0.535957
h=0.02/q0=0.4/p=0.3/r=1/sig=0/cf=10.5094,A_core,0.02,0.4,0.3,1.0,0.0,1.0,10.509389227369171,bpi2019,autorpa_233k,ours_pi_prior,27412147150.343,1.001698,9.3,29.4,1237.3,222.8,0.0,4527.6,1050.4,0.017,866.1,2120808408.289,ours_cap_realized,0.535957
h=0.02/q0=0.4/p=0.3/r=1/sig=0/cf=10.5094,A_core,0.02,0.4,0.3,1.0,0.0,1.0,10.509389227369171,bpi2019,autorpa_233k,breakeven,31561537502.548,1.153326,2.7,15.3,1973.7,79.3,0.0,1605.1,1716.2,0.006,1384.4,3389963238.004,ours_cap_realized,0.535957
h=0.02/q0=0.4/p=0.3/r=1/sig=0/cf=10.5094,A_core,0.02,0.4,0.3,1.0,0.0,1.0,10.509389227369171,bpi2019,autorpa_233k,breakeven_cap_epoch,30205975136.093,1.10379,1.8,10.7,1143.8,31.4,0.0,647.9,989.0,0.005,800.1,1959195020.751,ours_cap_realized,0.535957
h=0.02/q0=0.4/p=0.3/r=1/sig=0/cf=10.5094,A_core,0.02,0.4,0.3,1.0,0.0,1.0,10.509389227369171,bpi2019,autorpa_233k,offline_taxblind,16938126892.377,0.618955,,,,,,,,,,,ours_cap_realized,0.535957
h=0.02/q0=0.4/p=0.3/r=1/sig=0/cf=10.5094,A_core,0.02,0.4,0.3,1.0,0.0,1.0,10.509389227369171,bpi2019,autorpa_233k,offline_opt_tax,17662864510.341,0.645439,,,,,,,,,,,ours_cap_realized,0.535957
h=0.02/q0=0.4/p=0.3/r=1/sig=0/cf=10.5094,A_core,0.02,0.4,0.3,1.0,0.0,1.0,10.509389227369171,bpi2019,native,always_reactive,28364744721.458,1.030227,0.0,0.0,0.0,0.0,0.0,0.0,0.0,0.003,0.0,0.0,ours_pi_prior,0.454442
h=0.02/q0=0.4/p=0.3/r=1/sig=0/cf=10.5094,A_core,0.02,0.4,0.3,1.0,0.0,1.0,10.509389227369171,bpi2019,native,always_compile_evict,60395033025.41,2.19359,90.7,142.6,19288.5,4483.5,0.0,91995.4,18743.0,0.042,13532.9,42061827660.945,ours_pi_prior,0.454442
h=0.02/q0=0.4/p=0.3/r=1/sig=0/cf=10.5094,A_core,0.02,0.4,0.3,1.0,0.0,1.0,10.509389227369171,bpi2019,native,ours_noinflate,27532512465.605,1.0,12.6,30.5,1318.5,234.9,0.0,4740.2,1121.7,0.017,922.1,2226591600.329,ours_pi_prior,0.454442
h=0.02/q0=0.4/p=0.3/r=1/sig=0/cf=10.5094,A_core,0.02,0.4,0.3,1.0,0.0,1.0,10.509389227369171,bpi2019,native,oracle_tax,27489820744.439,0.998449,46.1,51.5,1648.7,439.4,0.0,8799.2,1406.0,0.017,1163.2,2830392266.446,ours_pi_prior,0.454442
h=0.02/q0=0.4/p=0.3/r=1/sig=0/cf=10.5094,A_core,0.02,0.4,0.3,1.0,0.0,1.0,10.509389227369171,bpi2019,native,ours_spend_cap,28797310011.056,1.045938,9.4,25.8,846.8,103.3,0.0,2091.3,706.4,0.014,594.7,1411978103.712,ours_pi_prior,0.454442
h=0.02/q0=0.4/p=0.3/r=1/sig=0/cf=10.5094,A_core,0.02,0.4,0.3,1.0,0.0,1.0,10.509389227369171,bpi2019,native,ours_cap_epoch,28275812789.206,1.026997,10.8,28.0,1030.4,152.8,0.0,3099.2,859.8,0.016,722.5,1730232008.839,ours_pi_prior,0.454442
h=0.02/q0=0.4/p=0.3/r=1/sig=0/cf=10.5094,A_core,0.02,0.4,0.3,1.0,0.0,1.0,10.509389227369171,bpi2019,native,ours_cap_realized,27523245404.853,0.999663,12.2,29.8,1285.2,228.3,0.0,4612.2,1090.7,0.017,897.0,2164468320.241,ours_pi_prior,0.454442
h=0.02/q0=0.4/p=0.3/r=1/sig=0/cf=10.5094,A_core,0.02,0.4,0.3,1.0,0.0,1.0,10.509389227369171,bpi2019,native,ours_pi_prior,27446015994.436,0.996858,10.0,30.1,1265.1,227.2,0.0,4624.8,1077.9,0.017,884.2,2147089690.875,ours_pi_prior,0.454442
h=0.02/q0=0.4/p=0.3/r=1/sig=0/cf=10.5094,A_core,0.02,0.4,0.3,1.0,0.0,1.0,10.509389227369171,bpi2019,native,breakeven,31679583221.436,1.150624,2.0,14.7,1985.4,77.6,0.0,1646.5,1734.6,0.006,1391.5,3513054183.711,ours_pi_prior,0.454442
h=0.02/q0=0.4/p=0.3/r=1/sig=0/cf=10.5094,A_core,0.02,0.4,0.3,1.0,0.0,1.0,10.509389227369171,bpi2019,native,breakeven_cap_epoch,30317835430.457,1.101165,1.1,10.6,1201.4,33.9,0.0,721.2,1045.0,0.005,840.6,2072008357.052,ours_pi_prior,0.454442
h=0.02/q0=0.4/p=0.3/r=1/sig=0/cf=10.5094,A_core,0.02,0.4,0.3,1.0,0.0,1.0,10.509389227369171,bpi2019,native,offline_taxblind,17762392871.554,0.645142,,,,,,,,,,,ours_pi_prior,0.454442
h=0.02/q0=0.4/p=0.3/r=1/sig=0/cf=10.5094,A_core,0.02,0.4,0.3,1.0,0.0,1.0,10.509389227369171,bpi2019,native,offline_opt_tax,18398294802.924,0.668239,,,,,,,,,,,ours_pi_prior,0.454442
h=0.02/q0=0.4/p=0.3/r=1/sig=0/cf=10.5094,A_core,0.02,0.4,0.3,1.0,0.0,1.0,10.509389227369171,sepsis,autorpa_233k,always_reactive,187135368.565,0.979019,0.0,0.0,0.0,0.0,0.0,0.0,0.0,0.002,0.0,0.0,always_reactive,0.680203
h=0.02/q0=0.4/p=0.3/r=1/sig=0/cf=10.5094,A_core,0.02,0.4,0.3,1.0,0.0,1.0,10.509389227369171,sepsis,autorpa_233k,always_compile_evict,275116825.218,1.439303,12.9,13.9,59.5,2.1,0.0,42.0,53.7,0.004,42.2,103334620.517,always_reactive,0.680203
h=0.02/q0=0.4/p=0.3/r=1/sig=0/cf=10.5094,A_core,0.02,0.4,0.3,1.0,0.0,1.0,10.509389227369171,sepsis,autorpa_233k,ours_noinflate,191145844.904,1.0,1.2,1.6,6.8,0.6,0.0,8.8,5.0,0.002,5.0,12243438.45,always_reactive,0.680203
h=0.02/q0=0.4/p=0.3/r=1/sig=0/cf=10.5094,A_core,0.02,0.4,0.3,1.0,0.0,1.0,10.509389227369171,sepsis,autorpa_233k,oracle_tax,193414731.839,1.01187,2.0,2.3,12.9,1.3,0.0,19.8,9.6,0.003,9.6,23507401.824,always_reactive,0.680203
h=0.02/q0=0.4/p=0.3/r=1/sig=0/cf=10.5094,A_core,0.02,0.4,0.3,1.0,0.0,1.0,10.509389227369171,sepsis,autorpa_233k,ours_spend_cap,191145844.904,1.0,1.2,1.6,6.8,0.6,0.0,8.8,5.0,0.002,5.0,12243438.45,always_reactive,0.680203
h=0.02/q0=0.4/p=0.3/r=1/sig=0/cf=10.5094,A_core,0.02,0.4,0.3,1.0,0.0,1.0,10.509389227369171,sepsis,autorpa_233k,ours_cap_epoch,191145844.904,1.0,1.2,1.6,6.8,0.6,0.0,8.8,5.0,0.002,5.0,12243438.45,always_reactive,0.680203
h=0.02/q0=0.4/p=0.3/r=1/sig=0/cf=10.5094,A_core,0.02,0.4,0.3,1.0,0.0,1.0,10.509389227369171,sepsis,autorpa_233k,ours_cap_realized,191145844.904,1.0,1.2,1.6,6.8,0.6,0.0,8.8,5.0,0.002,5.0,12243438.45,always_reactive,0.680203
h=0.02/q0=0.4/p=0.3/r=1/sig=0/cf=10.5094,A_core,0.02,0.4,0.3,1.0,0.0,1.0,10.509389227369171,sepsis,autorpa_233k,ours_pi_prior,190888595.353,0.998654,0.8,1.1,4.5,0.4,0.0,4.6,3.3,0.002,3.3,8080669.377,always_reactive,0.680203
h=0.02/q0=0.4/p=0.3/r=1/sig=0/cf=10.5094,A_core,0.02,0.4,0.3,1.0,0.0,1.0,10.509389227369171,sepsis,autorpa_233k,breakeven,206971046.454,1.082791,1.7,2.4,16.0,1.0,0.0,11.5,12.4,0.002,12.0,29384252.28,always_reactive,0.680203
h=0.02/q0=0.4/p=0.3/r=1/sig=0/cf=10.5094,A_core,0.02,0.4,0.3,1.0,0.0,1.0,10.509389227369171,sepsis,autorpa_233k,breakeven_cap_epoch,197582552.262,1.033674,1.5,2.0,11.1,0.8,0.0,11.2,8.6,0.002,8.3,20324107.827,always_reactive,0.680203
h=0.02/q0=0.4/p=0.3/r=1/sig=0/cf=10.5094,A_core,0.02,0.4,0.3,1.0,0.0,1.0,10.509389227369171,sepsis,autorpa_233k,offline_taxblind,166233739.664,0.86967,,,,,,,,,,,always_reactive,0.680203
h=0.02/q0=0.4/p=0.3/r=1/sig=0/cf=10.5094,A_core,0.02,0.4,0.3,1.0,0.0,1.0,10.509389227369171,sepsis,autorpa_233k,offline_opt_tax,166555387.304,0.871352,,,,,,,,,,,always_reactive,0.680203
h=0.02/q0=0.4/p=0.3/r=1/sig=0/cf=10.5094,A_core,0.02,0.4,0.3,1.0,0.0,1.0,10.509389227369171,sepsis,native,always_reactive,187135368.565,0.977591,0.0,0.0,0.0,0.0,0.0,0.0,0.0,0.002,0.0,0.0,always_reactive,0.649796
h=0.02/q0=0.4/p=0.3/r=1/sig=0/cf=10.5094,A_core,0.02,0.4,0.3,1.0,0.0,1.0,10.509389227369171,sepsis,native,always_compile_evict,287991132.158,1.50446,12.4,13.2,59.5,2.1,0.0,42.0,53.6,0.003,42.2,116099059.425,always_reactive,0.649796
h=0.02/q0=0.4/p=0.3/r=1/sig=0/cf=10.5094,A_core,0.02,0.4,0.3,1.0,0.0,1.0,10.509389227369171,sepsis,native,ours_noinflate,191424954.935,1.0,1.2,1.6,6.8,0.6,0.0,8.8,5.0,0.002,5.0,12513233.818,always_reactive,0.649796
h=0.02/q0=0.4/p=0.3/r=1/sig=0/cf=10.5094,A_core,0.02,0.4,0.3,1.0,0.0,1.0,10.509389227369171,sepsis,native,oracle_tax,192197829.626,1.004037,2.0,2.3,12.2,1.3,0.0,19.8,8.9,0.003,8.9,22273556.196,always_reactive,0.649796
h=0.02/q0=0.4/p=0.3/r=1/sig=0/cf=10.5094,A_core,0.02,0.4,0.3,1.0,0.0,1.0,10.509389227369171,sepsis,native,ours_spend_cap,190989143.306,0.997723,1.2,1.6,6.6,0.6,0.0,8.8,4.8,0.002,4.8,12012704.465,always_reactive,0.649796
h=0.02/q0=0.4/p=0.3/r=1/sig=0/cf=10.5094,A_core,0.02,0.4,0.3,1.0,0.0,1.0,10.509389227369171,sepsis,native,ours_cap_epoch,190989143.306,0.997723,1.2,1.6,6.6,0.6,0.0,8.8,4.8,0.002,4.8,12012704.465,always_reactive,0.649796
h=0.02/q0=0.4/p=0.3/r=1/sig=0/cf=10.5094,A_core,0.02,0.4,0.3,1.0,0.0,1.0,10.509389227369171,sepsis,native,ours_cap_realized,191424954.935,1.0,1.2,1.6,6.8,0.6,0.0,8.8,5.0,0.002,5.0,12513233.818,always_reactive,0.649796
h=0.02/q0=0.4/p=0.3/r=1/sig=0/cf=10.5094,A_core,0.02,0.4,0.3,1.0,0.0,1.0,10.509389227369171,sepsis,native,ours_pi_prior,191072894.338,0.998161,0.8,1.1,4.5,0.4,0.0,4.6,3.3,0.002,3.3,8258734.32,always_reactive,0.649796
h=0.02/q0=0.4/p=0.3/r=1/sig=0/cf=10.5094,A_core,0.02,0.4,0.3,1.0,0.0,1.0,10.509389227369171,sepsis,native,breakeven,206928940.121,1.080992,1.8,2.3,16.0,0.9,0.0,11.5,12.4,0.002,12.0,29338607.485,always_reactive,0.649796
h=0.02/q0=0.4/p=0.3/r=1/sig=0/cf=10.5094,A_core,0.02,0.4,0.3,1.0,0.0,1.0,10.509389227369171,sepsis,native,breakeven_cap_epoch,197385464.864,1.031138,1.6,2.1,11.1,0.7,0.0,11.2,8.6,0.002,8.3,20078814.459,always_reactive,0.649796
h=0.02/q0=0.4/p=0.3/r=1/sig=0/cf=10.5094,A_core,0.02,0.4,0.3,1.0,0.0,1.0,10.509389227369171,sepsis,native,offline_taxblind,166321475.232,0.86886,,,,,,,,,,,always_reactive,0.649796
h=0.02/q0=0.4/p=0.3/r=1/sig=0/cf=10.5094,A_core,0.02,0.4,0.3,1.0,0.0,1.0,10.509389227369171,sepsis,native,offline_opt_tax,166642894.588,0.870539,,,,,,,,,,,always_reactive,0.649796
h=0.02/q0=0.4/p=0.3/r=1/sig=0/cf=10.5094,A_core,0.02,0.4,0.3,1.0,0.0,1.0,10.509389227369171,wiki_A,autorpa_233k,always_reactive,19487424199.81,1.337156,0.0,0.0,0.0,0.0,0.0,0.0,0.0,0.001,0.0,0.0,ours_noinflate,0.837158
h=0.02/q0=0.4/p=0.3/r=1/sig=0/cf=10.5094,A_core,0.02,0.4,0.3,1.0,0.0,1.0,10.509389227369171,wiki_A,autorpa_233k,always_compile_evict,17408640420.201,1.194517,28.2,62.6,4688.4,1194.3,0.0,24403.8,3979.0,0.01,3277.5,8025573903.9,ours_noinflate,0.837158
h=0.02/q0=0.4/p=0.3/r=1/sig=0/cf=10.5094,A_core,0.02,0.4,0.3,1.0,0.0,1.0,10.509389227369171,wiki_A,autorpa_233k,ours_noinflate,14573785209.899,1.0,5.1,14.0,1507.2,421.7,0.0,8493.0,1123.2,0.003,1055.3,2584100119.233,ours_noinflate,0.837158
h=0.02/q0=0.4/p=0.3/r=1/sig=0/cf=10.5094,A_core,0.02,0.4,0.3,1.0,0.0,1.0,10.509389227369171,wiki_A,autorpa_233k,oracle_tax,13577501589.023,0.931639,24.4,26.6,2122.7,618.6,0.0,12539.6,1655.3,0.008,1479.7,3623323174.859,ours_noinflate,0.837158
h=0.02/q0=0.4/p=0.3/r=1/sig=0/cf=10.5094,A_core,0.02,0.4,0.3,1.0,0.0,1.0,10.509389227369171,wiki_A,autorpa_233k,ours_spend_cap,19409485825.987,1.331808,4.1,12.7,169.4,26.2,0.0,523.2,126.1,0.002,116.5,285272115.882,ours_noinflate,0.837158
h=0.02/q0=0.4/p=0.3/r=1/sig=0/cf=10.5094,A_core,0.02,0.4,0.3,1.0,0.0,1.0,10.509389227369171,wiki_A,autorpa_233k,ours_cap_epoch,19030440631.433,1.305799,4.1,12.7,265.3,53.3,0.0,1122.3,194.3,0.002,184.1,450803403.725,ours_noinflate,0.837158
h=0.02/q0=0.4/p=0.3/r=1/sig=0/cf=10.5094,A_core,0.02,0.4,0.3,1.0,0.0,1.0,10.509389227369171,wiki_A,autorpa_233k,ours_cap_realized,14607059480.235,1.002283,4.9,13.8,1493.6,418.4,0.0,8417.2,1112.9,0.003,1045.6,2560347848.64,ours_noinflate,0.837158
h=0.02/q0=0.4/p=0.3/r=1/sig=0/cf=10.5094,A_core,0.02,0.4,0.3,1.0,0.0,1.0,10.509389227369171,wiki_A,autorpa_233k,ours_pi_prior,15896986126.463,1.090793,3.8,11.2,1137.2,319.2,0.0,6408.6,844.6,0.003,793.2,1942299075.69,ours_noinflate,0.837158
h=0.02/q0=0.4/p=0.3/r=1/sig=0/cf=10.5094,A_core,0.02,0.4,0.3,1.0,0.0,1.0,10.509389227369171,wiki_A,autorpa_233k,breakeven,20626486533.776,1.415314,0.5,8.7,1293.5,284.8,0.0,5774.1,1096.1,0.002,913.8,2237610811.101,ours_noinflate,0.837158
h=0.02/q0=0.4/p=0.3/r=1/sig=0/cf=10.5094,A_core,0.02,0.4,0.3,1.0,0.0,1.0,10.509389227369171,wiki_A,autorpa_233k,breakeven_cap_epoch,19470451350.531,1.335991,0.3,6.3,294.9,36.5,0.0,779.0,229.8,0.002,207.7,508592433.208,ours_noinflate,0.837158
h=0.02/q0=0.4/p=0.3/r=1/sig=0/cf=10.5094,A_core,0.02,0.4,0.3,1.0,0.0,1.0,10.509389227369171,wiki_A,autorpa_233k,offline_taxblind,9340247457.603,0.640894,,,,,,,,,,,ours_noinflate,0.837158
h=0.02/q0=0.4/p=0.3/r=1/sig=0/cf=10.5094,A_core,0.02,0.4,0.3,1.0,0.0,1.0,10.509389227369171,wiki_A,autorpa_233k,offline_opt_tax,9416455683.452,0.646123,,,,,,,,,,,ours_noinflate,0.837158
h=0.02/q0=0.4/p=0.3/r=1/sig=0/cf=10.5094,A_core,0.02,0.4,0.3,1.0,0.0,1.0,10.509389227369171,wiki_A,native,always_reactive,19487424199.81,1.329604,0.0,0.0,0.0,0.0,0.0,0.0,0.0,0.001,0.0,0.0,ours_noinflate,0.797978
h=0.02/q0=0.4/p=0.3/r=1/sig=0/cf=10.5094,A_core,0.02,0.4,0.3,1.0,0.0,1.0,10.509389227369171,wiki_A,native,always_compile_evict,18367129955.743,1.253168,25.9,61.6,4688.4,1194.3,0.0,24403.8,3977.0,0.009,3277.5,8943283153.642,ours_noinflate,0.797978
h=0.02/q0=0.4/p=0.3/r=1/sig=0/cf=10.5094,A_core,0.02,0.4,0.3,1.0,0.0,1.0,10.509389227369171,wiki_A,native,ours_noinflate,14656559721.658,1.0,5.1,14.4,1517.0,421.0,0.0,8467.9,1133.4,0.003,1064.2,2650542853.781,ours_noinflate,0.797978
h=0.02/q0=0.4/p=0.3/r=1/sig=0/cf=10.5094,A_core,0.02,0.4,0.3,1.0,0.0,1.0,10.509389227369171,wiki_A,native,oracle_tax,13540223943.657,0.923834,24.6,26.4,2122.4,618.4,0.0,12534.6,1655.5,0.008,1479.4,3587253089.488,ours_noinflate,0.797978
h=0.02/q0=0.4/p=0.3/r=1/sig=0/cf=10.5094,A_core,0.02,0.4,0.3,1.0,0.0,1.0,10.509389227369171,wiki_A,native,ours_spend_cap,19435456209.713,1.326059,4.2,13.2,184.5,27.7,0.0,556.2,140.2,0.002,128.7,309613872.262,ours_noinflate,0.797978
h=0.02/q0=0.4/p=0.3/r=1/sig=0/cf=10.5094,A_core,0.02,0.4,0.3,1.0,0.0,1.0,10.509389227369171,wiki_A,native,ours_cap_epoch,19060883462.046,1.300502,4.2,13.2,280.5,54.8,0.0,1155.0,208.4,0.002,196.5,479095278.928,ours_noinflate,0.797978
h=0.02/q0=0.4/p=0.3/r=1/sig=0/cf=10.5094,A_core,0.02,0.4,0.3,1.0,0.0,1.0,10.509389227369171,wiki_A,native,ours_cap_realized,14688324524.718,1.002167,5.0,14.3,1504.9,418.3,0.0,8407.0,1124.3,0.003,1055.3,2628269297.585,ours_noinflate,0.797978
h=0.02/q0=0.4/p=0.3/r=1/sig=0/cf=10.5094,A_core,0.02,0.4,0.3,1.0,0.0,1.0,10.509389227369171,wiki_A,native,ours_pi_prior,15934846155.142,1.087216,3.7,11.3,1140.5,319.7,0.0,6416.7,847.8,0.003,795.4,1977435315.899,ours_noinflate,0.797978
h=0.02/q0=0.4/p=0.3/r=1/sig=0/cf=10.5094,A_core,0.02,0.4,0.3,1.0,0.0,1.0,10.509389227369171,wiki_A,native,breakeven,20873652116.891,1.424185,0.9,9.1,1198.5,259.0,0.0,5277.4,1005.0,0.002,842.7,2451442184.212,ours_noinflate,0.797978
h=0.02/q0=0.4/p=0.3/r=1/sig=0/cf=10.5094,A_core,0.02,0.4,0.3,1.0,0.0,1.0,10.509389227369171,wiki_A,native,breakeven_cap_epoch,19496398464.931,1.330217,0.3,7.2,308.0,37.3,0.0,806.9,242.3,0.002,216.5,534965103.647,ours_noinflate,0.797978
h=0.02/q0=0.4/p=0.3/r=1/sig=0/cf=10.5094,A_core,0.02,0.4,0.3,1.0,0.0,1.0,10.509389227369171,wiki_A,native,offline_taxblind,9459477884.474,0.645409,,,,,,,,,,,ours_noinflate,0.797978
h=0.02/q0=0.4/p=0.3/r=1/sig=0/cf=10.5094,A_core,0.02,0.4,0.3,1.0,0.0,1.0,10.509389227369171,wiki_A,native,offline_opt_tax,9531354375.444,0.650313,,,,,,,,,,,ours_noinflate,0.797978
h=0.02/q0=0.4/p=0.3/r=1/sig=0/cf=10.5094,A_core,0.02,0.4,0.3,1.0,0.0,1.0,10.509389227369171,wiki_B,autorpa_233k,always_reactive,16977748066.619,0.995743,0.0,0.0,0.0,0.0,0.0,0.0,0.0,0.002,0.0,0.0,ours_pi_prior,0.694784
h=0.02/q0=0.4/p=0.3/r=1/sig=0/cf=10.5094,A_core,0.02,0.4,0.3,1.0,0.0,1.0,10.509389227369171,wiki_B,autorpa_233k,always_compile_evict,24430924458.274,1.432871,139.0,156.0,5232.4,488.9,0.0,10083.0,4841.9,0.04,3664.5,8973216039.921,ours_pi_prior,0.694784
h=0.02/q0=0.4/p=0.3/r=1/sig=0/cf=10.5094,A_core,0.02,0.4,0.3,1.0,0.0,1.0,10.509389227369171,wiki_B,autorpa_233k,ours_noinflate,17050334043.132,1.0,31.7,39.3,840.0,97.1,0.0,1984.4,677.9,0.012,587.9,1439583492.937,ours_pi_prior,0.694784
h=0.02/q0=0.4/p=0.3/r=1/sig=0/cf=10.5094,A_core,0.02,0.4,0.3,1.0,0.0,1.0,10.509389227369171,wiki_B,autorpa_233k,oracle_tax,16436031071.965,0.963971,50.6,51.5,595.7,129.1,0.0,2639.4,476.7,0.017,416.0,1018654079.03,ours_pi_prior,0.694784
h=0.02/q0=0.4/p=0.3/r=1/sig=0/cf=10.5094,A_core,0.02,0.4,0.3,1.0,0.0,1.0,10.509389227369171,wiki_B,autorpa_233k,ours_spend_cap,17523527047.401,1.027753,26.7,34.3,659.2,50.9,0.0,1033.0,526.2,0.01,460.2,1126886074.927,ours_pi_prior,0.694784
h=0.02/q0=0.4/p=0.3/r=1/sig=0/cf=10.5094,A_core,0.02,0.4,0.3,1.0,0.0,1.0,10.509389227369171,wiki_B,autorpa_233k,ours_cap_epoch,17396419440.908,1.020298,28.0,36.4,715.0,64.1,0.0,1291.5,573.2,0.01,500.2,1224833582.527,ours_pi_prior,0.694784
h=0.02/q0=0.4/p=0.3/r=1/sig=0/cf=10.5094,A_core,0.02,0.4,0.3,1.0,0.0,1.0,10.509389227369171,wiki_B,autorpa_233k,ours_cap_realized,17175928921.032,1.007366,30.8,37.8,794.2,85.5,0.0,1735.5,640.3,0.011,555.8,1360980618.089,ours_pi_prior,0.694784
h=0.02/q0=0.4/p=0.3/r=1/sig=0/cf=10.5094,A_core,0.02,0.4,0.3,1.0,0.0,1.0,10.509389227369171,wiki_B,autorpa_233k,ours_pi_prior,16974214313.838,0.995536,30.0,36.6,877.7,113.6,0.0,2264.9,717.8,0.011,609.6,1492720015.81,ours_pi_prior,0.694784
h=0.02/q0=0.4/p=0.3/r=1/sig=0/cf=10.5094,A_core,0.02,0.4,0.3,1.0,0.0,1.0,10.509389227369171,wiki_B,autorpa_233k,breakeven,19265902096.889,1.129943,9.1,16.2,1450.5,53.8,0.0,1092.6,1226.6,0.005,1008.7,2469991272.88,ours_pi_prior,0.694784
h=0.02/q0=0.4/p=0.3/r=1/sig=0/cf=10.5094,A_core,0.02,0.4,0.3,1.0,0.0,1.0,10.509389227369171,wiki_B,autorpa_233k,breakeven_cap_epoch,18490168016.03,1.084446,6.2,12.4,975.3,27.1,0.0,541.6,815.5,0.004,676.2,1655802615.962,ours_pi_prior,0.694784
h=0.02/q0=0.4/p=0.3/r=1/sig=0/cf=10.5094,A_core,0.02,0.4,0.3,1.0,0.0,1.0,10.509389227369171,wiki_B,autorpa_233k,offline_taxblind,14386946966.272,0.843793,,,,,,,,,,,ours_pi_prior,0.694784
h=0.02/q0=0.4/p=0.3/r=1/sig=0/cf=10.5094,A_core,0.02,0.4,0.3,1.0,0.0,1.0,10.509389227369171,wiki_B,autorpa_233k,offline_opt_tax,14708710713.493,0.862664,,,,,,,,,,,ours_pi_prior,0.694784
h=0.02/q0=0.4/p=0.3/r=1/sig=0/cf=10.5094,A_core,0.02,0.4,0.3,1.0,0.0,1.0,10.509389227369171,wiki_B,native,always_reactive,16977748066.619,0.985741,0.0,0.0,0.0,0.0,0.0,0.0,0.0,0.002,0.0,0.0,always_reactive,0.662413
h=0.02/q0=0.4/p=0.3/r=1/sig=0/cf=10.5094,A_core,0.02,0.4,0.3,1.0,0.0,1.0,10.509389227369171,wiki_B,native,always_compile_evict,25630152215.069,1.488105,151.3,163.6,5232.4,488.9,0.0,10083.0,4846.4,0.039,3664.5,10111867428.458,always_reactive,0.662413
h=0.02/q0=0.4/p=0.3/r=1/sig=0/cf=10.5094,A_core,0.02,0.4,0.3,1.0,0.0,1.0,10.509389227369171,wiki_B,native,ours_noinflate,17223343807.004,1.0,34.4,41.5,903.2,99.5,0.0,2038.3,742.8,0.012,632.3,1524891793.307,always_reactive,0.662413
h=0.02/q0=0.4/p=0.3/r=1/sig=0/cf=10.5094,A_core,0.02,0.4,0.3,1.0,0.0,1.0,10.509389227369171,wiki_B,native,oracle_tax,16407450679.881,0.952629,51.1,51.9,567.2,121.2,0.0,2480.4,451.8,0.017,394.9,982650955.575,always_reactive,0.662413
h=0.02/q0=0.4/p=0.3/r=1/sig=0/cf=10.5094,A_core,0.02,0.4,0.3,1.0,0.0,1.0,10.509389227369171,wiki_B,native,ours_spend_cap,17630227888.423,1.023624,29.3,37.3,735.4,57.7,0.0,1186.3,601.1,0.011,512.9,1227065989.27,always_reactive,0.662413
h=0.02/q0=0.4/p=0.3/r=1/sig=0/cf=10.5094,A_core,0.02,0.4,0.3,1.0,0.0,1.0,10.509389227369171,wiki_B,native,ours_cap_epoch,17506591321.702,1.016446,30.7,38.9,791.9,70.9,0.0,1445.1,648.8,0.011,553.5,1328277360.057,always_reactive,0.662413
h=0.02/q0=0.4/p=0.3/r=1/sig=0/cf=10.5094,A_core,0.02,0.4,0.3,1.0,0.0,1.0,10.509389227369171,wiki_B,native,ours_cap_realized,17288441564.803,1.00378,33.7,40.6,870.6,92.3,0.0,1884.5,715.5,0.012,608.7,1465928351.639,always_reactive,0.662413
h=0.02/q0=0.4/p=0.3/r=1/sig=0/cf=10.5094,A_core,0.02,0.4,0.3,1.0,0.0,1.0,10.509389227369171,wiki_B,native,ours_pi_prior,16996417330.722,0.986824,31.3,37.3,892.7,113.6,0.0,2279.7,733.0,0.012,620.1,1506638225.1,always_reactive,0.662413
h=0.02/q0=0.4/p=0.3/r=1/sig=0/cf=10.5094,A_core,0.02,0.4,0.3,1.0,0.0,1.0,10.509389227369171,wiki_B,native,breakeven,19278424086.507,1.119319,7.4,16.3,1442.5,49.8,0.0,987.6,1226.2,0.005,1003.8,2475633083.306,always_reactive,0.662413
h=0.02/q0=0.4/p=0.3/r=1/sig=0/cf=10.5094,A_core,0.02,0.4,0.3,1.0,0.0,1.0,10.509389227369171,wiki_B,native,breakeven_cap_epoch,18541191982.711,1.076515,6.3,12.5,1004.0,28.6,0.0,535.4,847.8,0.004,695.9,1703266847.277,always_reactive,0.662413
h=0.02/q0=0.4/p=0.3/r=1/sig=0/cf=10.5094,A_core,0.02,0.4,0.3,1.0,0.0,1.0,10.509389227369171,wiki_B,native,offline_taxblind,14406346777.324,0.836443,,,,,,,,,,,always_reactive,0.662413
h=0.02/q0=0.4/p=0.3/r=1/sig=0/cf=10.5094,A_core,0.02,0.4,0.3,1.0,0.0,1.0,10.509389227369171,wiki_B,native,offline_opt_tax,14722523571.597,0.854801,,,,,,,,,,,always_reactive,0.662413
h=0.02/q0=0.4/p=0.3/r=1/sig=0/cf=1,A_core,0.02,0.4,0.3,1.0,0.0,1.0,1.0,bpi2019,autorpa_233k,always_reactive,28364744721.458,1.423001,0.0,0.0,0.0,0.0,0.0,0.0,0.0,0.003,0.0,0.0,ours_noinflate,0.946314
h=0.02/q0=0.4/p=0.3/r=1/sig=0/cf=1,A_core,0.02,0.4,0.3,1.0,0.0,1.0,1.0,bpi2019,autorpa_233k,always_compile_evict,21063873699.953,1.056732,90.8,139.4,19288.5,4483.5,0.0,91995.4,18752.7,0.116,13532.9,3153165700.0,ours_noinflate,0.946314
h=0.02/q0=0.4/p=0.3/r=1/sig=0/cf=1,A_core,0.02,0.4,0.3,1.0,0.0,1.0,1.0,bpi2019,autorpa_233k,ours_noinflate,19933041914.608,1.0,59.3,94.7,12889.6,3217.3,0.0,65911.6,12433.9,0.082,9045.2,2107531600.0,ours_noinflate,0.946314
h=0.02/q0=0.4/p=0.3/r=1/sig=0/cf=1,A_core,0.02,0.4,0.3,1.0,0.0,1.0,1.0,bpi2019,autorpa_233k,oracle_tax,24922743843.262,1.250323,46.7,55.1,1666.2,443.3,0.0,8904.0,1418.9,0.018,1176.2,274054600.0,ours_noinflate,0.946314
h=0.02/q0=0.4/p=0.3/r=1/sig=0/cf=1,A_core,0.02,0.4,0.3,1.0,0.0,1.0,1.0,bpi2019,autorpa_233k,ours_spend_cap,25770742642.832,1.292866,42.0,77.4,3935.9,597.5,0.0,12203.4,3514.6,0.05,2762.9,643755700.0,ours_noinflate,0.946314
h=0.02/q0=0.4/p=0.3/r=1/sig=0/cf=1,A_core,0.02,0.4,0.3,1.0,0.0,1.0,1.0,bpi2019,autorpa_233k,ours_cap_epoch,21979807889.628,1.102682,52.0,85.5,7544.5,1646.0,0.0,33703.4,7018.2,0.067,5291.7,1232966100.0,ours_noinflate,0.946314
h=0.02/q0=0.4/p=0.3/r=1/sig=0/cf=1,A_core,0.02,0.4,0.3,1.0,0.0,1.0,1.0,bpi2019,autorpa_233k,ours_cap_realized,19996025914.651,1.00316,57.8,92.9,12419.1,3086.6,0.0,63234.4,11963.4,0.08,8710.4,2029523200.0,ours_noinflate,0.946314
h=0.02/q0=0.4/p=0.3/r=1/sig=0/cf=1,A_core,0.02,0.4,0.3,1.0,0.0,1.0,1.0,bpi2019,autorpa_233k,ours_pi_prior,20313171246.205,1.01907,54.9,90.0,12026.9,3017.3,0.0,61763.5,11594.1,0.077,8439.0,1966287000.0,ours_noinflate,0.946314
h=0.02/q0=0.4/p=0.3/r=1/sig=0/cf=1,A_core,0.02,0.4,0.3,1.0,0.0,1.0,1.0,bpi2019,autorpa_233k,breakeven,28494139464.552,1.429493,2.7,15.3,1973.7,79.3,0.0,1605.1,1716.2,0.006,1384.4,322565200.0,ours_noinflate,0.946314
h=0.02/q0=0.4/p=0.3/r=1/sig=0/cf=1,A_core,0.02,0.4,0.3,1.0,0.0,1.0,1.0,bpi2019,autorpa_233k,breakeven_cap_epoch,28482693078.713,1.428919,2.7,14.9,1904.0,74.2,0.0,1483.4,1650.8,0.006,1334.5,310938500.0,ours_noinflate,0.946314
h=0.02/q0=0.4/p=0.3/r=1/sig=0/cf=1,A_core,0.02,0.4,0.3,1.0,0.0,1.0,1.0,bpi2019,autorpa_233k,offline_taxblind,16938126892.377,0.849751,,,,,,,,,,,ours_noinflate,0.946314
h=0.02/q0=0.4/p=0.3/r=1/sig=0/cf=1,A_core,0.02,0.4,0.3,1.0,0.0,1.0,1.0,bpi2019,autorpa_233k,offline_opt_tax,17662864510.341,0.88611,,,,,,,,,,,ours_noinflate,0.946314
h=0.02/q0=0.4/p=0.3/r=1/sig=0/cf=1,A_core,0.02,0.4,0.3,1.0,0.0,1.0,1.0,bpi2019,native,always_reactive,28364744721.458,1.403075,0.0,0.0,0.0,0.0,0.0,0.0,0.0,0.003,0.0,0.0,ours_cap_realized,0.905083
h=0.02/q0=0.4/p=0.3/r=1/sig=0/cf=1,A_core,0.02,0.4,0.3,1.0,0.0,1.0,1.0,bpi2019,native,always_compile_evict,22335514799.638,1.104836,90.7,142.6,19288.5,4483.5,0.0,91995.4,18743.0,0.112,13532.9,4002309435.015,ours_cap_realized,0.905083
h=0.02/q0=0.4/p=0.3/r=1/sig=0/cf=1,A_core,0.02,0.4,0.3,1.0,0.0,1.0,1.0,bpi2019,native,ours_noinflate,20216130581.157,1.0,51.2,81.8,10311.6,2459.6,0.0,50446.3,9857.2,0.069,7240.2,1558491933.933,ours_cap_realized,0.905083
h=0.02/q0=0.4/p=0.3/r=1/sig=0/cf=1,A_core,0.02,0.4,0.3,1.0,0.0,1.0,1.0,bpi2019,native,oracle_tax,24928748816.713,1.233112,46.1,51.5,1648.7,439.4,0.0,8799.2,1406.0,0.018,1163.2,269320338.719,ours_cap_realized,0.905083
h=0.02/q0=0.4/p=0.3/r=1/sig=0/cf=1,A_core,0.02,0.4,0.3,1.0,0.0,1.0,1.0,bpi2019,native,ours_spend_cap,25707111937.29,1.271614,41.1,71.2,3912.9,585.9,0.0,11896.0,3502.6,0.046,2749.4,616814240.011,ours_cap_realized,0.905083
h=0.02/q0=0.4/p=0.3/r=1/sig=0/cf=1,A_core,0.02,0.4,0.3,1.0,0.0,1.0,1.0,bpi2019,native,ours_cap_epoch,22146845867.177,1.095504,48.6,78.8,7216.2,1551.9,0.0,31850.3,6703.8,0.061,5060.1,1125518657.345,ours_cap_realized,0.905083
h=0.02/q0=0.4/p=0.3/r=1/sig=0/cf=1,A_core,0.02,0.4,0.3,1.0,0.0,1.0,1.0,bpi2019,native,ours_cap_realized,20215496523.418,0.999969,50.4,81.4,10155.0,2414.7,0.0,49507.9,9700.7,0.069,7130.2,1543328299.698,ours_cap_realized,0.905083
h=0.02/q0=0.4/p=0.3/r=1/sig=0/cf=1,A_core,0.02,0.4,0.3,1.0,0.0,1.0,1.0,bpi2019,native,ours_pi_prior,20617764273.468,1.019867,48.8,81.0,9663.3,2314.3,0.0,47450.8,9228.4,0.066,6786.4,1463198883.948,ours_cap_realized,0.905083
h=0.02/q0=0.4/p=0.3/r=1/sig=0/cf=1,A_core,0.02,0.4,0.3,1.0,0.0,1.0,1.0,bpi2019,native,breakeven,28500806711.507,1.409805,2.0,14.7,1985.4,77.6,0.0,1646.5,1734.6,0.006,1391.5,334277673.774,ours_cap_realized,0.905083
h=0.02/q0=0.4/p=0.3/r=1/sig=0/cf=1,A_core,0.02,0.4,0.3,1.0,0.0,1.0,1.0,bpi2019,native,breakeven_cap_epoch,28476153048.647,1.408586,2.0,14.2,1913.7,73.8,0.0,1537.8,1667.4,0.006,1341.3,313856737.289,ours_cap_realized,0.905083
h=0.02/q0=0.4/p=0.3/r=1/sig=0/cf=1,A_core,0.02,0.4,0.3,1.0,0.0,1.0,1.0,bpi2019,native,offline_taxblind,17762392871.554,0.878625,,,,,,,,,,,ours_cap_realized,0.905083
h=0.02/q0=0.4/p=0.3/r=1/sig=0/cf=1,A_core,0.02,0.4,0.3,1.0,0.0,1.0,1.0,bpi2019,native,offline_opt_tax,18398294802.924,0.91008,,,,,,,,,,,ours_cap_realized,0.905083
h=0.02/q0=0.4/p=0.3/r=1/sig=0/cf=1,A_core,0.02,0.4,0.3,1.0,0.0,1.0,1.0,sepsis,autorpa_233k,always_reactive,187135368.565,1.078723,0.0,0.0,0.0,0.0,0.0,0.0,0.0,0.002,0.0,0.0,ours_noinflate,0.955201
h=0.02/q0=0.4/p=0.3/r=1/sig=0/cf=1,A_core,0.02,0.4,0.3,1.0,0.0,1.0,1.0,sepsis,autorpa_233k,always_compile_evict,181614804.701,1.0469,12.9,13.9,59.5,2.1,0.0,42.0,53.7,0.006,42.2,9832600.0,ours_noinflate,0.955201
h=0.02/q0=0.4/p=0.3/r=1/sig=0/cf=1,A_core,0.02,0.4,0.3,1.0,0.0,1.0,1.0,sepsis,autorpa_233k,ours_noinflate,173478635.545,1.0,3.8,3.9,19.9,1.4,0.0,21.1,16.0,0.003,14.7,3425100.0,ours_noinflate,0.955201
h=0.02/q0=0.4/p=0.3/r=1/sig=0/cf=1,A_core,0.02,0.4,0.3,1.0,0.0,1.0,1.0,sepsis,autorpa_233k,oracle_tax,172144130.015,0.992307,2.0,2.3,12.9,1.3,0.0,19.8,9.6,0.003,9.6,2236800.0,ours_noinflate,0.955201
h=0.02/q0=0.4/p=0.3/r=1/sig=0/cf=1,A_core,0.02,0.4,0.3,1.0,0.0,1.0,1.0,sepsis,autorpa_233k,ours_spend_cap,173478635.545,1.0,3.8,3.9,19.9,1.4,0.0,21.1,16.0,0.003,14.7,3425100.0,ours_noinflate,0.955201
h=0.02/q0=0.4/p=0.3/r=1/sig=0/cf=1,A_core,0.02,0.4,0.3,1.0,0.0,1.0,1.0,sepsis,autorpa_233k,ours_cap_epoch,173478635.545,1.0,3.8,3.9,19.9,1.4,0.0,21.1,16.0,0.003,14.7,3425100.0,ours_noinflate,0.955201
h=0.02/q0=0.4/p=0.3/r=1/sig=0/cf=1,A_core,0.02,0.4,0.3,1.0,0.0,1.0,1.0,sepsis,autorpa_233k,ours_cap_realized,173478635.545,1.0,3.8,3.9,19.9,1.4,0.0,21.1,16.0,0.003,14.7,3425100.0,ours_noinflate,0.955201
h=0.02/q0=0.4/p=0.3/r=1/sig=0/cf=1,A_core,0.02,0.4,0.3,1.0,0.0,1.0,1.0,sepsis,autorpa_233k,ours_pi_prior,174149493.773,1.003867,3.0,3.1,17.7,1.4,0.0,19.8,14.0,0.003,13.3,3098900.0,ours_noinflate,0.955201
h=0.02/q0=0.4/p=0.3/r=1/sig=0/cf=1,A_core,0.02,0.4,0.3,1.0,0.0,1.0,1.0,sepsis,autorpa_233k,breakeven,180382794.174,1.039798,1.7,2.4,16.0,1.0,0.0,11.5,12.4,0.003,12.0,2796000.0,ours_noinflate,0.955201
h=0.02/q0=0.4/p=0.3/r=1/sig=0/cf=1,A_core,0.02,0.4,0.3,1.0,0.0,1.0,1.0,sepsis,autorpa_233k,breakeven_cap_epoch,180382794.174,1.039798,1.7,2.4,16.0,1.0,0.0,11.5,12.4,0.003,12.0,2796000.0,ours_noinflate,0.955201
h=0.02/q0=0.4/p=0.3/r=1/sig=0/cf=1,A_core,0.02,0.4,0.3,1.0,0.0,1.0,1.0,sepsis,autorpa_233k,offline_taxblind,166233739.664,0.958238,,,,,,,,,,,ours_noinflate,0.955201
h=0.02/q0=0.4/p=0.3/r=1/sig=0/cf=1,A_core,0.02,0.4,0.3,1.0,0.0,1.0,1.0,sepsis,autorpa_233k,offline_opt_tax,166555387.304,0.960092,,,,,,,,,,,ours_noinflate,0.955201
h=0.02/q0=0.4/p=0.3/r=1/sig=0/cf=1,A_core,0.02,0.4,0.3,1.0,0.0,1.0,1.0,sepsis,native,always_reactive,187135368.565,1.077603,0.0,0.0,0.0,0.0,0.0,0.0,0.0,0.002,0.0,0.0,ours_noinflate,0.949271
h=0.02/q0=0.4/p=0.3/r=1/sig=0/cf=1,A_core,0.02,0.4,0.3,1.0,0.0,1.0,1.0,sepsis,native,always_compile_evict,182939247.494,1.05344,12.4,13.2,59.5,2.1,0.0,42.0,53.6,0.005,42.2,11047174.761,ours_noinflate,0.949271
h=0.02/q0=0.4/p=0.3/r=1/sig=0/cf=1,A_core,0.02,0.4,0.3,1.0,0.0,1.0,1.0,sepsis,native,ours_noinflate,173658991.614,1.0,4.0,4.1,21.2,1.4,0.0,20.9,17.3,0.003,15.8,3602344.991,ours_noinflate,0.949271
h=0.02/q0=0.4/p=0.3/r=1/sig=0/cf=1,A_core,0.02,0.4,0.3,1.0,0.0,1.0,1.0,sepsis,native,oracle_tax,172043669.307,0.990698,2.0,2.3,12.2,1.3,0.0,19.8,8.9,0.003,8.9,2119395.877,ours_noinflate,0.949271
h=0.02/q0=0.4/p=0.3/r=1/sig=0/cf=1,A_core,0.02,0.4,0.3,1.0,0.0,1.0,1.0,sepsis,native,ours_spend_cap,173658991.614,1.0,4.0,4.1,21.2,1.4,0.0,20.9,17.3,0.003,15.8,3602344.991,ours_noinflate,0.949271
h=0.02/q0=0.4/p=0.3/r=1/sig=0/cf=1,A_core,0.02,0.4,0.3,1.0,0.0,1.0,1.0,sepsis,native,ours_cap_epoch,173658991.614,1.0,4.0,4.1,21.2,1.4,0.0,20.9,17.3,0.003,15.8,3602344.991,ours_noinflate,0.949271
h=0.02/q0=0.4/p=0.3/r=1/sig=0/cf=1,A_core,0.02,0.4,0.3,1.0,0.0,1.0,1.0,sepsis,native,ours_cap_realized,173658991.614,1.0,4.0,4.1,21.2,1.4,0.0,20.9,17.3,0.003,15.8,3602344.991,ours_noinflate,0.949271
h=0.02/q0=0.4/p=0.3/r=1/sig=0/cf=1,A_core,0.02,0.4,0.3,1.0,0.0,1.0,1.0,sepsis,native,ours_pi_prior,174336773.875,1.003903,3.0,3.2,17.7,1.4,0.0,19.2,14.0,0.003,13.3,3176609.334,ours_noinflate,0.949271
h=0.02/q0=0.4/p=0.3/r=1/sig=0/cf=1,A_core,0.02,0.4,0.3,1.0,0.0,1.0,1.0,sepsis,native,breakeven,180381989.397,1.038714,1.8,2.3,16.0,0.9,0.0,11.5,12.4,0.003,12.0,2791656.76,ours_noinflate,0.949271
h=0.02/q0=0.4/p=0.3/r=1/sig=0/cf=1,A_core,0.02,0.4,0.3,1.0,0.0,1.0,1.0,sepsis,native,breakeven_cap_epoch,180381989.397,1.038714,1.8,2.3,16.0,0.9,0.0,11.5,12.4,0.003,12.0,2791656.76,ours_noinflate,0.949271
h=0.02/q0=0.4/p=0.3/r=1/sig=0/cf=1,A_core,0.02,0.4,0.3,1.0,0.0,1.0,1.0,sepsis,native,offline_taxblind,166321475.232,0.957748,,,,,,,,,,,ours_noinflate,0.949271
h=0.02/q0=0.4/p=0.3/r=1/sig=0/cf=1,A_core,0.02,0.4,0.3,1.0,0.0,1.0,1.0,sepsis,native,offline_opt_tax,166642894.588,0.959598,,,,,,,,,,,ours_noinflate,0.949271
h=0.02/q0=0.4/p=0.3/r=1/sig=0/cf=1,A_core,0.02,0.4,0.3,1.0,0.0,1.0,1.0,wiki_A,autorpa_233k,always_reactive,19487424199.81,1.926086,0.0,0.0,0.0,0.0,0.0,0.0,0.0,0.001,0.0,0.0,ours_noinflate,0.997132
h=0.02/q0=0.4/p=0.3/r=1/sig=0/cf=1,A_core,0.02,0.4,0.3,1.0,0.0,1.0,1.0,wiki_A,autorpa_233k,always_compile_evict,10146724016.293,1.002876,28.2,62.6,4688.4,1194.3,0.0,24403.8,3979.0,0.017,3277.5,763657500.0,ours_noinflate,0.997132
h=0.02/q0=0.4/p=0.3/r=1/sig=0/cf=1,A_core,0.02,0.4,0.3,1.0,0.0,1.0,1.0,wiki_A,autorpa_233k,ours_noinflate,10117627895.145,1.0,19.0,41.6,3036.2,809.3,0.0,16438.2,2405.9,0.011,2118.1,493517300.0,ours_noinflate,0.997132
h=0.02/q0=0.4/p=0.3/r=1/sig=0/cf=1,A_core,0.02,0.4,0.3,1.0,0.0,1.0,1.0,wiki_A,autorpa_233k,oracle_tax,10298948514.162,1.017921,24.4,26.6,2122.7,618.6,0.0,12539.6,1655.3,0.011,1479.7,344770100.0,ours_noinflate,0.997132
h=0.02/q0=0.4/p=0.3/r=1/sig=0/cf=1,A_core,0.02,0.4,0.3,1.0,0.0,1.0,1.0,wiki_A,autorpa_233k,ours_spend_cap,17944567706.275,1.773594,15.2,37.5,900.6,170.6,0.0,3450.4,712.4,0.005,632.5,147372500.0,ours_noinflate,0.997132
h=0.02/q0=0.4/p=0.3/r=1/sig=0/cf=1,A_core,0.02,0.4,0.3,1.0,0.0,1.0,1.0,wiki_A,autorpa_233k,ours_cap_epoch,10197159899.859,1.007861,17.2,40.1,2597.6,681.9,0.0,13755.0,1999.2,0.011,1811.2,422009600.0,ours_noinflate,0.997132
h=0.02/q0=0.4/p=0.3/r=1/sig=0/cf=1,A_core,0.02,0.4,0.3,1.0,0.0,1.0,1.0,wiki_A,autorpa_233k,ours_cap_realized,10136635209.058,1.001879,18.5,41.0,2964.9,789.1,0.0,16001.1,2341.8,0.011,2068.3,481913900.0,ours_noinflate,0.997132
h=0.02/q0=0.4/p=0.3/r=1/sig=0/cf=1,A_core,0.02,0.4,0.3,1.0,0.0,1.0,1.0,wiki_A,autorpa_233k,ours_pi_prior,10129797452.054,1.001203,18.2,38.9,2834.8,759.8,0.0,15356.7,2220.0,0.011,1976.6,460547800.0,ours_noinflate,0.997132
h=0.02/q0=0.4/p=0.3/r=1/sig=0/cf=1,A_core,0.02,0.4,0.3,1.0,0.0,1.0,1.0,wiki_A,autorpa_233k,breakeven,18601791122.683,1.838553,0.5,8.7,1293.5,284.8,0.0,5774.1,1096.1,0.002,913.8,212915400.0,ours_noinflate,0.997132
h=0.02/q0=0.4/p=0.3/r=1/sig=0/cf=1,A_core,0.02,0.4,0.3,1.0,0.0,1.0,1.0,wiki_A,autorpa_233k,breakeven_cap_epoch,18645839818.58,1.842906,0.5,8.7,631.6,98.0,0.0,2014.0,498.0,0.002,444.6,103591800.0,ours_noinflate,0.997132
h=0.02/q0=0.4/p=0.3/r=1/sig=0/cf=1,A_core,0.02,0.4,0.3,1.0,0.0,1.0,1.0,wiki_A,autorpa_233k,offline_taxblind,9340247457.603,0.923166,,,,,,,,,,,ours_noinflate,0.997132
h=0.02/q0=0.4/p=0.3/r=1/sig=0/cf=1,A_core,0.02,0.4,0.3,1.0,0.0,1.0,1.0,wiki_A,autorpa_233k,offline_opt_tax,9416455683.452,0.930698,,,,,,,,,,,ours_noinflate,0.997132
h=0.02/q0=0.4/p=0.3/r=1/sig=0/cf=1,A_core,0.02,0.4,0.3,1.0,0.0,1.0,1.0,wiki_A,native,always_reactive,19487424199.81,1.924422,0.0,0.0,0.0,0.0,0.0,0.0,0.0,0.001,0.0,0.0,ours_cap_realized,0.985518
h=0.02/q0=0.4/p=0.3/r=1/sig=0/cf=1,A_core,0.02,0.4,0.3,1.0,0.0,1.0,1.0,wiki_A,native,always_compile_evict,10274827097.914,1.014659,25.9,61.6,4688.4,1194.3,0.0,24403.8,3977.0,0.017,3277.5,850980295.825,ours_cap_realized,0.985518
h=0.02/q0=0.4/p=0.3/r=1/sig=0/cf=1,A_core,0.02,0.4,0.3,1.0,0.0,1.0,1.0,wiki_A,native,ours_noinflate,10126380018.676,1.0,17.7,38.2,2811.7,743.1,0.0,15075.9,2191.6,0.01,1961.1,438422623.05,ours_cap_realized,0.985518
h=0.02/q0=0.4/p=0.3/r=1/sig=0/cf=1,A_core,0.02,0.4,0.3,1.0,0.0,1.0,1.0,wiki_A,native,oracle_tax,10294308777.036,1.016583,24.6,26.4,2122.4,618.4,0.0,12534.6,1655.5,0.011,1479.4,341337922.869,ours_cap_realized,0.985518
h=0.02/q0=0.4/p=0.3/r=1/sig=0/cf=1,A_core,0.02,0.4,0.3,1.0,0.0,1.0,1.0,wiki_A,native,ours_spend_cap,17964364183.339,1.774016,14.8,35.7,907.6,172.7,0.0,3463.4,720.1,0.005,636.1,143466920.516,ours_cap_realized,0.985518
h=0.02/q0=0.4/p=0.3/r=1/sig=0/cf=1,A_core,0.02,0.4,0.3,1.0,0.0,1.0,1.0,wiki_A,native,ours_cap_epoch,10135098103.305,1.000861,17.6,38.0,2731.9,721.6,0.0,14623.8,2117.6,0.01,1903.7,430484712.46,ours_cap_realized,0.985518
h=0.02/q0=0.4/p=0.3/r=1/sig=0/cf=1,A_core,0.02,0.4,0.3,1.0,0.0,1.0,1.0,wiki_A,native,ours_cap_realized,10126029496.668,0.999965,17.7,38.2,2803.0,740.9,0.0,15030.6,2184.0,0.01,1954.8,437253407.888,ours_cap_realized,0.985518
h=0.02/q0=0.4/p=0.3/r=1/sig=0/cf=1,A_core,0.02,0.4,0.3,1.0,0.0,1.0,1.0,wiki_A,native,ours_pi_prior,10131758611.864,1.000531,16.0,36.6,2747.0,731.1,0.0,14814.5,2133.0,0.01,1914.5,431149797.577,ours_cap_realized,0.985518
h=0.02/q0=0.4/p=0.3/r=1/sig=0/cf=1,A_core,0.02,0.4,0.3,1.0,0.0,1.0,1.0,wiki_A,native,breakeven,18655472031.102,1.842265,0.9,9.1,1198.5,259.0,0.0,5277.4,1005.0,0.002,842.7,233262098.413,ours_cap_realized,0.985518
h=0.02/q0=0.4/p=0.3/r=1/sig=0/cf=1,A_core,0.02,0.4,0.3,1.0,0.0,1.0,1.0,wiki_A,native,breakeven_cap_epoch,18640674525.843,1.840803,0.7,8.7,643.3,101.0,0.0,2095.5,507.4,0.002,451.9,102939210.226,ours_cap_realized,0.985518
h=0.02/q0=0.4/p=0.3/r=1/sig=0/cf=1,A_core,0.02,0.4,0.3,1.0,0.0,1.0,1.0,wiki_A,native,offline_taxblind,9459477884.474,0.934142,,,,,,,,,,,ours_cap_realized,0.985518
h=0.02/q0=0.4/p=0.3/r=1/sig=0/cf=1,A_core,0.02,0.4,0.3,1.0,0.0,1.0,1.0,wiki_A,native,offline_opt_tax,9531354375.444,0.94124,,,,,,,,,,,ours_cap_realized,0.985518
h=0.02/q0=0.4/p=0.3/r=1/sig=0/cf=1,A_core,0.02,0.4,0.3,1.0,0.0,1.0,1.0,wiki_B,autorpa_233k,always_reactive,16977748066.619,1.088226,0.0,0.0,0.0,0.0,0.0,0.0,0.0,0.002,0.0,0.0,ours_pi_prior,0.954463
h=0.02/q0=0.4/p=0.3/r=1/sig=0/cf=1,A_core,0.02,0.4,0.3,1.0,0.0,1.0,1.0,wiki_B,autorpa_233k,always_compile_evict,16311536918.358,1.045523,139.0,156.0,5232.4,488.9,0.0,10083.0,4841.9,0.06,3664.5,853828500.0,ours_pi_prior,0.954463
h=0.02/q0=0.4/p=0.3/r=1/sig=0/cf=1,A_core,0.02,0.4,0.3,1.0,0.0,1.0,1.0,wiki_B,autorpa_233k,ours_noinflate,15601313223.986,1.0,95.7,107.3,2888.6,323.2,0.0,6681.9,2543.3,0.038,2011.8,468749400.0,ours_pi_prior,0.954463
h=0.02/q0=0.4/p=0.3/r=1/sig=0/cf=1,A_core,0.02,0.4,0.3,1.0,0.0,1.0,1.0,wiki_B,autorpa_233k,oracle_tax,15514304992.935,0.994423,50.6,51.5,595.7,129.1,0.0,2639.4,476.7,0.018,416.0,96928000.0,ours_pi_prior,0.954463
h=0.02/q0=0.4/p=0.3/r=1/sig=0/cf=1,A_core,0.02,0.4,0.3,1.0,0.0,1.0,1.0,wiki_B,autorpa_233k,ours_spend_cap,15821962423.786,1.014143,89.9,101.3,2617.7,255.3,0.0,5337.6,2288.1,0.036,1820.5,424176500.0,ours_pi_prior,0.954463
h=0.02/q0=0.4/p=0.3/r=1/sig=0/cf=1,A_core,0.02,0.4,0.3,1.0,0.0,1.0,1.0,wiki_B,autorpa_233k,ours_cap_epoch,15605185076.394,1.000248,93.5,105.8,2794.3,299.8,0.0,6221.9,2454.8,0.038,1944.7,453115100.0,ours_pi_prior,0.954463
h=0.02/q0=0.4/p=0.3/r=1/sig=0/cf=1,A_core,0.02,0.4,0.3,1.0,0.0,1.0,1.0,wiki_B,autorpa_233k,ours_cap_realized,15599856278.195,0.999907,94.9,106.8,2858.6,316.2,0.0,6559.6,2515.0,0.038,1990.5,463786500.0,ours_pi_prior,0.954463
h=0.02/q0=0.4/p=0.3/r=1/sig=0/cf=1,A_core,0.02,0.4,0.3,1.0,0.0,1.0,1.0,wiki_B,autorpa_233k,ours_pi_prior,15568756523.882,0.997913,91.1,101.8,2695.7,310.4,0.0,6471.1,2370.0,0.036,1881.4,438366200.0,ours_pi_prior,0.954463
h=0.02/q0=0.4/p=0.3/r=1/sig=0/cf=1,A_core,0.02,0.4,0.3,1.0,0.0,1.0,1.0,wiki_B,autorpa_233k,breakeven,17030937924.012,1.091635,9.1,16.2,1450.5,53.8,0.0,1092.6,1226.6,0.006,1008.7,235027100.0,ours_pi_prior,0.954463
h=0.02/q0=0.4/p=0.3/r=1/sig=0/cf=1,A_core,0.02,0.4,0.3,1.0,0.0,1.0,1.0,wiki_B,autorpa_233k,breakeven_cap_epoch,17028313996.801,1.091467,9.1,16.2,1415.1,48.1,0.0,989.8,1195.1,0.006,983.5,229155500.0,ours_pi_prior,0.954463
h=0.02/q0=0.4/p=0.3/r=1/sig=0/cf=1,A_core,0.02,0.4,0.3,1.0,0.0,1.0,1.0,wiki_B,autorpa_233k,offline_taxblind,14386946966.272,0.922163,,,,,,,,,,,ours_pi_prior,0.954463
h=0.02/q0=0.4/p=0.3/r=1/sig=0/cf=1,A_core,0.02,0.4,0.3,1.0,0.0,1.0,1.0,wiki_B,autorpa_233k,offline_opt_tax,14708710713.493,0.942787,,,,,,,,,,,ours_pi_prior,0.954463
h=0.02/q0=0.4/p=0.3/r=1/sig=0/cf=1,A_core,0.02,0.4,0.3,1.0,0.0,1.0,1.0,wiki_B,native,always_reactive,16977748066.619,1.090012,0.0,0.0,0.0,0.0,0.0,0.0,0.0,0.002,0.0,0.0,ours_pi_prior,0.944326
h=0.02/q0=0.4/p=0.3/r=1/sig=0/cf=1,A_core,0.02,0.4,0.3,1.0,0.0,1.0,1.0,wiki_B,native,always_compile_evict,16480459391.598,1.058085,151.3,163.6,5232.4,488.9,0.0,10083.0,4846.4,0.061,3664.5,962174604.983,ours_pi_prior,0.944326
h=0.02/q0=0.4/p=0.3/r=1/sig=0/cf=1,A_core,0.02,0.4,0.3,1.0,0.0,1.0,1.0,wiki_B,native,ours_noinflate,15575748624.314,1.0,91.5,100.3,2891.4,317.6,0.0,6625.1,2549.6,0.037,2012.8,451488838.21,ours_pi_prior,0.944326
h=0.02/q0=0.4/p=0.3/r=1/sig=0/cf=1,A_core,0.02,0.4,0.3,1.0,0.0,1.0,1.0,wiki_B,native,oracle_tax,15518301918.803,0.996312,51.1,51.9,567.2,121.2,0.0,2480.4,451.8,0.018,394.9,93502194.496,ours_pi_prior,0.944326
h=0.02/q0=0.4/p=0.3/r=1/sig=0/cf=1,A_core,0.02,0.4,0.3,1.0,0.0,1.0,1.0,wiki_B,native,ours_spend_cap,15809127780.644,1.014983,87.3,95.3,2663.8,257.1,0.0,5385.0,2339.2,0.035,1854.1,420808628.614,ours_pi_prior,0.944326
h=0.02/q0=0.4/p=0.3/r=1/sig=0/cf=1,A_core,0.02,0.4,0.3,1.0,0.0,1.0,1.0,wiki_B,native,ours_cap_epoch,15570411777.908,0.999657,90.0,98.7,2836.4,301.8,0.0,6318.9,2496.9,0.036,1975.8,444658132.996,ours_pi_prior,0.944326
h=0.02/q0=0.4/p=0.3/r=1/sig=0/cf=1,A_core,0.02,0.4,0.3,1.0,0.0,1.0,1.0,wiki_B,native,ours_cap_realized,15573133530.502,0.999832,91.0,99.7,2879.8,314.3,0.0,6559.6,2538.3,0.036,2005.4,450179139.675,ours_pi_prior,0.944326
h=0.02/q0=0.4/p=0.3/r=1/sig=0/cf=1,A_core,0.02,0.4,0.3,1.0,0.0,1.0,1.0,wiki_B,native,ours_pi_prior,15562921892.192,0.999176,85.1,96.3,2708.9,304.6,0.0,6306.7,2391.1,0.035,1889.9,428543797.224,ours_pi_prior,0.944326
h=0.02/q0=0.4/p=0.3/r=1/sig=0/cf=1,A_core,0.02,0.4,0.3,1.0,0.0,1.0,1.0,wiki_B,native,breakeven,17038354938.438,1.093903,7.4,16.3,1442.5,49.8,0.0,987.6,1226.2,0.006,1003.8,235563935.234,ours_pi_prior,0.944326
h=0.02/q0=0.4/p=0.3/r=1/sig=0/cf=1,A_core,0.02,0.4,0.3,1.0,0.0,1.0,1.0,wiki_B,native,breakeven_cap_epoch,17029212141.392,1.093316,7.6,16.1,1405.8,45.4,0.0,906.1,1192.8,0.006,977.7,226438747.653,ours_pi_prior,0.944326
h=0.02/q0=0.4/p=0.3/r=1/sig=0/cf=1,A_core,0.02,0.4,0.3,1.0,0.0,1.0,1.0,wiki_B,native,offline_taxblind,14406346777.324,0.924922,,,,,,,,,,,ours_pi_prior,0.944326
h=0.02/q0=0.4/p=0.3/r=1/sig=0/cf=1,A_core,0.02,0.4,0.3,1.0,0.0,1.0,1.0,wiki_B,native,offline_opt_tax,14722523571.597,0.945221,,,,,,,,,,,ours_pi_prior,0.944326
h=0.02/q0=0.4/p=0.5/r=1/sig=0/cf=10.5094,A_core,0.02,0.4,0.5,1.0,0.0,1.0,10.509389227369171,bpi2019,autorpa_233k,always_reactive,28364744721.458,1.138529,0.0,0.0,0.0,0.0,0.0,0.0,0.0,0.003,0.0,0.0,ours_noinflate,0.778074
h=0.02/q0=0.4/p=0.5/r=1/sig=0/cf=10.5094,A_core,0.02,0.4,0.5,1.0,0.0,1.0,10.509389227369171,bpi2019,autorpa_233k,always_compile_evict,32019466201.603,1.285225,79.7,111.6,12322.0,4629.0,0.0,95017.6,11608.4,0.058,6169.6,15107423572.082,ours_noinflate,0.778074
h=0.02/q0=0.4/p=0.5/r=1/sig=0/cf=10.5094,A_core,0.02,0.4,0.5,1.0,0.0,1.0,10.509389227369171,bpi2019,autorpa_233k,ours_noinflate,24913508068.929,1.0,14.7,30.4,1848.5,707.3,0.0,14329.7,1557.4,0.019,928.7,2274096257.682,ours_noinflate,0.778074
h=0.02/q0=0.4/p=0.5/r=1/sig=0/cf=10.5094,A_core,0.02,0.4,0.5,1.0,0.0,1.0,10.509389227369171,bpi2019,autorpa_233k,oracle_tax,25733575791.05,1.032917,58.0,63.1,1119.2,500.5,0.0,10100.8,863.3,0.02,560.7,1372979187.77,ours_noinflate,0.778074
h=0.02/q0=0.4/p=0.5/r=1/sig=0/cf=10.5094,A_core,0.02,0.4,0.5,1.0,0.0,1.0,10.509389227369171,bpi2019,autorpa_233k,ours_spend_cap,27409148161.665,1.100172,10.1,25.6,712.1,162.2,0.0,3239.6,493.5,0.014,353.4,865366229.638,ours_noinflate,0.778074
h=0.02/q0=0.4/p=0.5/r=1/sig=0/cf=10.5094,A_core,0.02,0.4,0.5,1.0,0.0,1.0,10.509389227369171,bpi2019,autorpa_233k,ours_cap_epoch,25628576722.586,1.028702,12.0,27.2,960.1,281.6,0.0,5668.5,684.1,0.017,476.0,1165575340.429,ours_noinflate,0.778074
h=0.02/q0=0.4/p=0.5/r=1/sig=0/cf=10.5094,A_core,0.02,0.4,0.5,1.0,0.0,1.0,10.509389227369171,bpi2019,autorpa_233k,ours_cap_realized,24931088726.61,1.000706,14.2,30.2,1807.6,690.4,0.0,13959.3,1519.3,0.019,906.4,2219490522.195,ours_noinflate,0.778074
h=0.02/q0=0.4/p=0.5/r=1/sig=0/cf=10.5094,A_core,0.02,0.4,0.5,1.0,0.0,1.0,10.509389227369171,bpi2019,autorpa_233k,ours_pi_prior,25415392684.83,1.020145,14.0,29.7,1255.9,414.1,0.0,8401.9,976.6,0.019,624.1,1528225987.315,ours_noinflate,0.778074
h=0.02/q0=0.4/p=0.5/r=1/sig=0/cf=10.5094,A_core,0.02,0.4,0.5,1.0,0.0,1.0,10.509389227369171,bpi2019,autorpa_233k,breakeven,29826940891.123,1.19722,2.0,12.9,1366.9,77.4,0.0,1586.1,1044.8,0.005,682.9,1672208823.485,ours_noinflate,0.778074
h=0.02/q0=0.4/p=0.5/r=1/sig=0/cf=10.5094,A_core,0.02,0.4,0.5,1.0,0.0,1.0,10.509389227369171,bpi2019,autorpa_233k,breakeven_cap_epoch,29439203082.529,1.181656,1.8,10.0,999.1,44.0,0.0,876.9,755.2,0.005,497.7,1218711863.302,ours_noinflate,0.778074
h=0.02/q0=0.4/p=0.5/r=1/sig=0/cf=10.5094,A_core,0.02,0.4,0.5,1.0,0.0,1.0,10.509389227369171,bpi2019,autorpa_233k,offline_taxblind,15477252877.214,0.621239,,,,,,,,,,,ours_noinflate,0.778074
h=0.02/q0=0.4/p=0.5/r=1/sig=0/cf=10.5094,A_core,0.02,0.4,0.5,1.0,0.0,1.0,10.509389227369171,bpi2019,autorpa_233k,offline_opt_tax,16114933003.772,0.646835,,,,,,,,,,,ours_noinflate,0.778074
h=0.02/q0=0.4/p=0.5/r=1/sig=0/cf=10.5094,A_core,0.02,0.4,0.5,1.0,0.0,1.0,10.509389227369171,bpi2019,native,always_reactive,28364744721.458,1.131792,0.0,0.0,0.0,0.0,0.0,0.0,0.0,0.003,0.0,0.0,ours_noinflate,0.688157
h=0.02/q0=0.4/p=0.5/r=1/sig=0/cf=10.5094,A_core,0.02,0.4,0.5,1.0,0.0,1.0,10.509389227369171,bpi2019,native,always_compile_evict,36418716518.524,1.453157,72.3,115.9,12322.0,4629.0,0.0,95017.6,11583.0,0.053,6169.6,19054857846.942,ours_noinflate,0.688157
h=0.02/q0=0.4/p=0.5/r=1/sig=0/cf=10.5094,A_core,0.02,0.4,0.5,1.0,0.0,1.0,10.509389227369171,bpi2019,native,ours_noinflate,25061793474.643,1.0,17.0,34.1,2048.4,773.0,0.0,15791.5,1745.3,0.021,1029.5,2470917440.077,ours_noinflate,0.688157
h=0.02/q0=0.4/p=0.5/r=1/sig=0/cf=10.5094,A_core,0.02,0.4,0.5,1.0,0.0,1.0,10.509389227369171,bpi2019,native,oracle_tax,25716885830.819,1.026139,58.0,61.0,1097.7,488.4,0.0,9783.5,848.1,0.019,551.3,1329417064.071,ours_noinflate,0.688157
h=0.02/q0=0.4/p=0.5/r=1/sig=0/cf=10.5094,A_core,0.02,0.4,0.5,1.0,0.0,1.0,10.509389227369171,bpi2019,native,ours_spend_cap,27514686134.763,1.097874,11.5,28.7,839.8,195.3,0.0,3961.6,608.4,0.016,417.8,979657196.407,ours_noinflate,0.688157
h=0.02/q0=0.4/p=0.5/r=1/sig=0/cf=10.5094,A_core,0.02,0.4,0.5,1.0,0.0,1.0,10.509389227369171,bpi2019,native,ours_cap_epoch,25742518293.2,1.027162,13.6,30.7,1101.1,321.2,0.0,6532.3,812.2,0.018,546.3,1295305988.287,ours_noinflate,0.688157
h=0.02/q0=0.4/p=0.5/r=1/sig=0/cf=10.5094,A_core,0.02,0.4,0.5,1.0,0.0,1.0,10.509389227369171,bpi2019,native,ours_cap_realized,25078225157.566,1.000656,16.3,33.5,1989.7,748.2,0.0,15230.6,1690.1,0.021,998.7,2400965500.454,ours_noinflate,0.688157
h=0.02/q0=0.4/p=0.5/r=1/sig=0/cf=10.5094,A_core,0.02,0.4,0.5,1.0,0.0,1.0,10.509389227369171,bpi2019,native,ours_pi_prior,25431598358.405,1.014756,14.4,31.5,1395.7,473.7,0.0,9716.7,1113.6,0.02,693.3,1628240312.739,ours_noinflate,0.688157
h=0.02/q0=0.4/p=0.5/r=1/sig=0/cf=10.5094,A_core,0.02,0.4,0.5,1.0,0.0,1.0,10.509389227369171,bpi2019,native,breakeven,29904823548.928,1.193244,1.0,12.4,1387.7,80.6,0.0,1654.9,1070.1,0.005,692.3,1747240188.975,ours_noinflate,0.688157
h=0.02/q0=0.4/p=0.5/r=1/sig=0/cf=10.5094,A_core,0.02,0.4,0.5,1.0,0.0,1.0,10.509389227369171,bpi2019,native,breakeven_cap_epoch,29504724617.388,1.177279,1.1,10.5,1048.1,49.4,0.0,1010.6,799.2,0.005,520.5,1286223299.618,ours_noinflate,0.688157
h=0.02/q0=0.4/p=0.5/r=1/sig=0/cf=10.5094,A_core,0.02,0.4,0.5,1.0,0.0,1.0,10.509389227369171,bpi2019,native,offline_taxblind,16251151190.102,0.648443,,,,,,,,,,,ours_noinflate,0.688157
h=0.02/q0=0.4/p=0.5/r=1/sig=0/cf=10.5094,A_core,0.02,0.4,0.5,1.0,0.0,1.0,10.509389227369171,bpi2019,native,offline_opt_tax,16847191648.657,0.672226,,,,,,,,,,,ours_noinflate,0.688157
h=0.02/q0=0.4/p=0.5/r=1/sig=0/cf=10.5094,A_core,0.02,0.4,0.5,1.0,0.0,1.0,10.509389227369171,sepsis,autorpa_233k,always_reactive,187135368.565,1.03099,0.0,0.0,0.0,0.0,0.0,0.0,0.0,0.002,0.0,0.0,ours_noinflate,0.799451
h=0.02/q0=0.4/p=0.5/r=1/sig=0/cf=10.5094,A_core,0.02,0.4,0.5,1.0,0.0,1.0,10.509389227369171,sepsis,autorpa_233k,always_compile_evict,227043552.079,1.250858,15.9,17.0,45.9,2.7,0.0,49.7,39.2,0.005,23.1,56564685.638,ours_noinflate,0.799451
h=0.02/q0=0.4/p=0.5/r=1/sig=0/cf=10.5094,A_core,0.02,0.4,0.5,1.0,0.0,1.0,10.509389227369171,sepsis,autorpa_233k,ours_noinflate,181510281.262,1.0,1.7,1.9,5.5,1.1,0.0,13.5,2.7,0.003,2.7,6611456.763,ours_noinflate,0.799451
h=0.02/q0=0.4/p=0.5/r=1/sig=0/cf=10.5094,A_core,0.02,0.4,0.5,1.0,0.0,1.0,10.509389227369171,sepsis,autorpa_233k,oracle_tax,182231047.1,1.003971,2.9,3.1,10.3,1.4,0.0,23.9,6.0,0.003,6.0,14692126.14,ours_noinflate,0.799451
h=0.02/q0=0.4/p=0.5/r=1/sig=0/cf=10.5094,A_core,0.02,0.4,0.5,1.0,0.0,1.0,10.509389227369171,sepsis,autorpa_233k,ours_spend_cap,181510281.262,1.0,1.7,1.9,5.5,1.1,0.0,13.5,2.7,0.003,2.7,6611456.763,ours_noinflate,0.799451
h=0.02/q0=0.4/p=0.5/r=1/sig=0/cf=10.5094,A_core,0.02,0.4,0.5,1.0,0.0,1.0,10.509389227369171,sepsis,autorpa_233k,ours_cap_epoch,181510281.262,1.0,1.7,1.9,5.5,1.1,0.0,13.5,2.7,0.003,2.7,6611456.763,ours_noinflate,0.799451
h=0.02/q0=0.4/p=0.5/r=1/sig=0/cf=10.5094,A_core,0.02,0.4,0.5,1.0,0.0,1.0,10.509389227369171,sepsis,autorpa_233k,ours_cap_realized,181510281.262,1.0,1.7,1.9,5.5,1.1,0.0,13.5,2.7,0.003,2.7,6611456.763,ours_noinflate,0.799451
h=0.02/q0=0.4/p=0.5/r=1/sig=0/cf=10.5094,A_core,0.02,0.4,0.5,1.0,0.0,1.0,10.509389227369171,sepsis,autorpa_233k,ours_pi_prior,186295518.595,1.026363,1.3,1.4,4.5,0.9,0.0,6.9,2.3,0.002,2.3,5631981.687,ours_noinflate,0.799451
h=0.02/q0=0.4/p=0.5/r=1/sig=0/cf=10.5094,A_core,0.02,0.4,0.5,1.0,0.0,1.0,10.509389227369171,sepsis,autorpa_233k,breakeven,192112793.176,1.058413,2.3,2.5,11.0,1.1,0.0,11.7,6.8,0.003,6.0,14692126.14,ours_noinflate,0.799451
h=0.02/q0=0.4/p=0.5/r=1/sig=0/cf=10.5094,A_core,0.02,0.4,0.5,1.0,0.0,1.0,10.509389227369171,sepsis,autorpa_233k,breakeven_cap_epoch,186740661.156,1.028816,2.0,2.3,9.0,1.3,0.0,14.0,5.3,0.003,4.7,11508832.143,ours_noinflate,0.799451
h=0.02/q0=0.4/p=0.5/r=1/sig=0/cf=10.5094,A_core,0.02,0.4,0.5,1.0,0.0,1.0,10.509389227369171,sepsis,autorpa_233k,offline_taxblind,162893841.838,0.897436,,,,,,,,,,,ours_noinflate,0.799451
h=0.02/q0=0.4/p=0.5/r=1/sig=0/cf=10.5094,A_core,0.02,0.4,0.5,1.0,0.0,1.0,10.509389227369171,sepsis,autorpa_233k,offline_opt_tax,163635188.522,0.90152,,,,,,,,,,,ours_noinflate,0.799451
h=0.02/q0=0.4/p=0.5/r=1/sig=0/cf=10.5094,A_core,0.02,0.4,0.5,1.0,0.0,1.0,10.509389227369171,sepsis,native,always_reactive,187135368.565,1.030082,0.0,0.0,0.0,0.0,0.0,0.0,0.0,0.002,0.0,0.0,ours_cap_realized,0.768401
h=0.02/q0=0.4/p=0.5/r=1/sig=0/cf=10.5094,A_core,0.02,0.4,0.5,1.0,0.0,1.0,10.509389227369171,sepsis,native,always_compile_evict,236101366.686,1.299614,15.1,16.4,45.9,2.7,0.0,49.7,38.9,0.005,23.1,65330834.662,ours_cap_realized,0.768401
h=0.02/q0=0.4/p=0.5/r=1/sig=0/cf=10.5094,A_core,0.02,0.4,0.5,1.0,0.0,1.0,10.509389227369171,sepsis,native,ours_noinflate,181670365.192,1.0,1.7,1.9,5.5,1.1,0.0,13.5,2.7,0.003,2.7,6757146.262,ours_cap_realized,0.768401
h=0.02/q0=0.4/p=0.5/r=1/sig=0/cf=10.5094,A_core,0.02,0.4,0.5,1.0,0.0,1.0,10.509389227369171,sepsis,native,oracle_tax,182576879.325,1.00499,2.9,3.1,10.3,1.4,0.0,23.9,6.0,0.003,6.0,15015880.582,ours_cap_realized,0.768401
h=0.02/q0=0.4/p=0.5/r=1/sig=0/cf=10.5094,A_core,0.02,0.4,0.5,1.0,0.0,1.0,10.509389227369171,sepsis,native,ours_spend_cap,181485073.039,0.99898,1.7,1.9,5.4,1.1,0.0,13.5,2.6,0.003,2.6,6506881.585,ours_cap_realized,0.768401
h=0.02/q0=0.4/p=0.5/r=1/sig=0/cf=10.5094,A_core,0.02,0.4,0.5,1.0,0.0,1.0,10.509389227369171,sepsis,native,ours_cap_epoch,181485073.039,0.99898,1.7,1.9,5.4,1.1,0.0,13.5,2.6,0.003,2.6,6506881.585,ours_cap_realized,0.768401
h=0.02/q0=0.4/p=0.5/r=1/sig=0/cf=10.5094,A_core,0.02,0.4,0.5,1.0,0.0,1.0,10.509389227369171,sepsis,native,ours_cap_realized,181420628.315,0.998625,1.7,1.9,5.4,1.1,0.0,13.5,2.6,0.003,2.6,6506881.585,ours_cap_realized,0.768401
h=0.02/q0=0.4/p=0.5/r=1/sig=0/cf=10.5094,A_core,0.02,0.4,0.5,1.0,0.0,1.0,10.509389227369171,sepsis,native,ours_pi_prior,186430938.275,1.026204,1.3,1.4,4.5,0.9,0.0,6.9,2.3,0.002,2.3,5756087.556,ours_cap_realized,0.768401
h=0.02/q0=0.4/p=0.5/r=1/sig=0/cf=10.5094,A_core,0.02,0.4,0.5,1.0,0.0,1.0,10.509389227369171,sepsis,native,breakeven,191867052.775,1.056127,2.5,2.5,11.0,1.0,0.0,11.4,6.8,0.003,5.9,14468550.043,ours_cap_realized,0.768401
h=0.02/q0=0.4/p=0.5/r=1/sig=0/cf=10.5094,A_core,0.02,0.4,0.5,1.0,0.0,1.0,10.509389227369171,sepsis,native,breakeven_cap_epoch,186537644.864,1.026792,2.2,2.3,9.0,1.2,0.0,13.8,5.3,0.003,4.6,11215109.25,ours_cap_realized,0.768401
h=0.02/q0=0.4/p=0.5/r=1/sig=0/cf=10.5094,A_core,0.02,0.4,0.5,1.0,0.0,1.0,10.509389227369171,sepsis,native,offline_taxblind,162983147.099,0.897137,,,,,,,,,,,ours_cap_realized,0.768401
h=0.02/q0=0.4/p=0.5/r=1/sig=0/cf=10.5094,A_core,0.02,0.4,0.5,1.0,0.0,1.0,10.509389227369171,sepsis,native,offline_opt_tax,163750899.536,0.901363,,,,,,,,,,,ours_cap_realized,0.768401
h=0.02/q0=0.4/p=0.5/r=1/sig=0/cf=10.5094,A_core,0.02,0.4,0.5,1.0,0.0,1.0,10.509389227369171,wiki_A,autorpa_233k,always_reactive,19487424199.81,1.614024,0.0,0.0,0.0,0.0,0.0,0.0,0.0,0.001,0.0,0.0,ours_noinflate,0.951502
h=0.02/q0=0.4/p=0.5/r=1/sig=0/cf=10.5094,A_core,0.02,0.4,0.5,1.0,0.0,1.0,10.509389227369171,wiki_A,autorpa_233k,always_compile_evict,12689210557.667,1.05097,18.0,53.0,2965.5,1233.6,0.0,25151.8,2224.1,0.012,1476.6,3615732243.02,ours_noinflate,0.951502
h=0.02/q0=0.4/p=0.5/r=1/sig=0/cf=10.5094,A_core,0.02,0.4,0.5,1.0,0.0,1.0,10.509389227369171,wiki_A,autorpa_233k,ours_noinflate,12073810139.473,1.0,5.6,16.9,1097.6,513.5,0.0,10341.4,629.2,0.004,540.6,1323760565.202,ours_noinflate,0.951502
h=0.02/q0=0.4/p=0.5/r=1/sig=0/cf=10.5094,A_core,0.02,0.4,0.5,1.0,0.0,1.0,10.509389227369171,wiki_A,autorpa_233k,oracle_tax,11308744599.21,0.936634,27.7,29.9,1334.7,643.8,0.0,13019.7,852.1,0.011,663.2,1623969675.993,ours_noinflate,0.951502
h=0.02/q0=0.4/p=0.5/r=1/sig=0/cf=10.5094,A_core,0.02,0.4,0.5,1.0,0.0,1.0,10.509389227369171,wiki_A,autorpa_233k,ours_spend_cap,19042608471.73,1.577183,4.2,15.3,168.8,47.5,0.0,986.3,98.5,0.002,82.7,202506471.961,ours_noinflate,0.951502
h=0.02/q0=0.4/p=0.5/r=1/sig=0/cf=10.5094,A_core,0.02,0.4,0.5,1.0,0.0,1.0,10.509389227369171,wiki_A,autorpa_233k,ours_cap_epoch,16948951993.342,1.403778,4.2,15.5,455.0,187.5,0.0,3724.5,253.8,0.003,227.8,557811055.777,ours_noinflate,0.951502
h=0.02/q0=0.4/p=0.5/r=1/sig=0/cf=10.5094,A_core,0.02,0.4,0.5,1.0,0.0,1.0,10.509389227369171,wiki_A,autorpa_233k,ours_cap_realized,12078055051.045,1.000352,5.2,16.4,1087.4,509.0,0.0,10259.5,623.2,0.004,535.9,1312251733.059,ours_noinflate,0.951502
h=0.02/q0=0.4/p=0.5/r=1/sig=0/cf=10.5094,A_core,0.02,0.4,0.5,1.0,0.0,1.0,10.509389227369171,wiki_A,autorpa_233k,ours_pi_prior,13005459750.985,1.077163,3.5,14.7,991.3,463.3,0.0,9385.9,570.8,0.004,491.0,1202305655.779,ours_noinflate,0.951502
h=0.02/q0=0.4/p=0.5/r=1/sig=0/cf=10.5094,A_core,0.02,0.4,0.5,1.0,0.0,1.0,10.509389227369171,wiki_A,autorpa_233k,breakeven,19414109880.353,1.607952,0.0,7.4,864.8,314.2,0.0,6432.1,653.8,0.002,439.0,1074973895.9,ours_noinflate,0.951502
h=0.02/q0=0.4/p=0.5/r=1/sig=0/cf=10.5094,A_core,0.02,0.4,0.5,1.0,0.0,1.0,10.509389227369171,wiki_A,autorpa_233k,breakeven_cap_epoch,18999838036.833,1.573641,0.0,5.8,278.6,62.1,0.0,1295.1,176.4,0.002,139.6,341836801.521,ours_noinflate,0.951502
h=0.02/q0=0.4/p=0.5/r=1/sig=0/cf=10.5094,A_core,0.02,0.4,0.5,1.0,0.0,1.0,10.509389227369171,wiki_A,autorpa_233k,offline_taxblind,8945878116.906,0.740932,,,,,,,,,,,ours_noinflate,0.951502
h=0.02/q0=0.4/p=0.5/r=1/sig=0/cf=10.5094,A_core,0.02,0.4,0.5,1.0,0.0,1.0,10.509389227369171,wiki_A,autorpa_233k,offline_opt_tax,9015078990.248,0.746664,,,,,,,,,,,ours_noinflate,0.951502
h=0.02/q0=0.4/p=0.5/r=1/sig=0/cf=10.5094,A_core,0.02,0.4,0.5,1.0,0.0,1.0,10.509389227369171,wiki_A,native,always_reactive,19487424199.81,1.607584,0.0,0.0,0.0,0.0,0.0,0.0,0.0,0.001,0.0,0.0,ours_noinflate,0.920266
h=0.02/q0=0.4/p=0.5/r=1/sig=0/cf=10.5094,A_core,0.02,0.4,0.5,1.0,0.0,1.0,10.509389227369171,wiki_A,native,always_compile_evict,13172467917.372,1.086642,18.6,60.9,2965.5,1233.6,0.0,25151.8,2218.4,0.011,1476.6,4054994647.841,ours_noinflate,0.920266
h=0.02/q0=0.4/p=0.5/r=1/sig=0/cf=10.5094,A_core,0.02,0.4,0.5,1.0,0.0,1.0,10.509389227369171,wiki_A,native,ours_noinflate,12122177265.724,1.0,5.6,18.9,1136.6,527.6,0.0,10616.3,662.7,0.005,561.9,1385046518.307,ours_noinflate,0.920266
h=0.02/q0=0.4/p=0.5/r=1/sig=0/cf=10.5094,A_core,0.02,0.4,0.5,1.0,0.0,1.0,10.509389227369171,wiki_A,native,oracle_tax,11281775445.741,0.930672,27.5,28.8,1323.1,638.0,0.0,12917.3,843.0,0.011,657.6,1593654963.903,ours_noinflate,0.920266
h=0.02/q0=0.4/p=0.5/r=1/sig=0/cf=10.5094,A_core,0.02,0.4,0.5,1.0,0.0,1.0,10.509389227369171,wiki_A,native,ours_spend_cap,19062462402.702,1.572528,4.2,17.3,188.6,52.4,0.0,1086.9,115.2,0.003,94.0,224059314.967,ours_noinflate,0.920266
h=0.02/q0=0.4/p=0.5/r=1/sig=0/cf=10.5094,A_core,0.02,0.4,0.5,1.0,0.0,1.0,10.509389227369171,wiki_A,native,ours_cap_epoch,16978468680.754,1.400612,4.2,17.5,476.4,193.0,0.0,3831.8,271.4,0.003,240.1,588705787.593,ours_noinflate,0.920266
h=0.02/q0=0.4/p=0.5/r=1/sig=0/cf=10.5094,A_core,0.02,0.4,0.5,1.0,0.0,1.0,10.509389227369171,wiki_A,native,ours_cap_realized,12132478551.951,1.00085,5.3,18.5,1121.1,520.5,0.0,10472.5,653.2,0.005,554.5,1367715195.705,ours_noinflate,0.920266
h=0.02/q0=0.4/p=0.5/r=1/sig=0/cf=10.5094,A_core,0.02,0.4,0.5,1.0,0.0,1.0,10.509389227369171,wiki_A,native,ours_pi_prior,13026502537.207,1.074601,3.9,15.4,1021.5,477.1,0.0,9635.5,596.3,0.004,505.6,1238503254.129,ours_noinflate,0.920266
h=0.02/q0=0.4/p=0.5/r=1/sig=0/cf=10.5094,A_core,0.02,0.4,0.5,1.0,0.0,1.0,10.509389227369171,wiki_A,native,breakeven,19633699415.884,1.619651,0.0,8.0,832.8,295.8,0.0,6072.7,630.3,0.002,423.4,1250390231.432,ours_noinflate,0.920266
h=0.02/q0=0.4/p=0.5/r=1/sig=0/cf=10.5094,A_core,0.02,0.4,0.5,1.0,0.0,1.0,10.509389227369171,wiki_A,native,breakeven_cap_epoch,19018923989.437,1.568936,0.0,7.0,290.1,63.1,0.0,1310.6,187.6,0.002,146.4,361447475.227,ours_noinflate,0.920266
h=0.02/q0=0.4/p=0.5/r=1/sig=0/cf=10.5094,A_core,0.02,0.4,0.5,1.0,0.0,1.0,10.509389227369171,wiki_A,native,offline_taxblind,9027327795.928,0.744695,,,,,,,,,,,ours_noinflate,0.920266
h=0.02/q0=0.4/p=0.5/r=1/sig=0/cf=10.5094,A_core,0.02,0.4,0.5,1.0,0.0,1.0,10.509389227369171,wiki_A,native,offline_opt_tax,9094146889.051,0.750207,,,,,,,,,,,ours_noinflate,0.920266
h=0.02/q0=0.4/p=0.5/r=1/sig=0/cf=10.5094,A_core,0.02,0.4,0.5,1.0,0.0,1.0,10.509389227369171,wiki_B,autorpa_233k,always_reactive,16977748066.619,1.055476,0.0,0.0,0.0,0.0,0.0,0.0,0.0,0.002,0.0,0.0,ours_noinflate,0.81729
h=0.02/q0=0.4/p=0.5/r=1/sig=0/cf=10.5094,A_core,0.02,0.4,0.5,1.0,0.0,1.0,10.509389227369171,wiki_B,autorpa_233k,always_compile_evict,19681387636.918,1.223556,109.1,121.4,3722.6,523.4,0.0,10822.9,3229.3,0.04,1853.9,4539622108.448,ours_noinflate,0.81729
h=0.02/q0=0.4/p=0.5/r=1/sig=0/cf=10.5094,A_core,0.02,0.4,0.5,1.0,0.0,1.0,10.509389227369171,wiki_B,autorpa_233k,ours_noinflate,16085394970.123,1.0,30.5,40.2,719.9,137.3,0.0,2830.2,492.2,0.014,357.1,874426374.091,ours_noinflate,0.81729
h=0.02/q0=0.4/p=0.5/r=1/sig=0/cf=10.5094,A_core,0.02,0.4,0.5,1.0,0.0,1.0,10.509389227369171,wiki_B,autorpa_233k,oracle_tax,15874077013.113,0.986863,69.7,70.0,426.6,142.6,0.0,2926.5,287.6,0.021,214.3,524753771.962,ours_noinflate,0.81729
h=0.02/q0=0.4/p=0.5/r=1/sig=0/cf=10.5094,A_core,0.02,0.4,0.5,1.0,0.0,1.0,10.509389227369171,wiki_B,autorpa_233k,ours_spend_cap,16781384986.108,1.043268,26.6,35.9,596.5,82.2,0.0,1716.6,397.5,0.012,295.6,723832081.157,ours_noinflate,0.81729
h=0.02/q0=0.4/p=0.5/r=1/sig=0/cf=10.5094,A_core,0.02,0.4,0.5,1.0,0.0,1.0,10.509389227369171,wiki_B,autorpa_233k,ours_cap_epoch,16263252157.159,1.011057,28.7,38.0,673.5,117.4,0.0,2421.4,455.1,0.013,334.6,819330901.066,ours_noinflate,0.81729
h=0.02/q0=0.4/p=0.5/r=1/sig=0/cf=10.5094,A_core,0.02,0.4,0.5,1.0,0.0,1.0,10.509389227369171,wiki_B,autorpa_233k,ours_cap_realized,16090415346.946,1.000312,30.2,39.8,709.6,133.1,0.0,2735.4,483.4,0.014,352.4,862917541.948,ours_noinflate,0.81729
h=0.02/q0=0.4/p=0.5/r=1/sig=0/cf=10.5094,A_core,0.02,0.4,0.5,1.0,0.0,1.0,10.509389227369171,wiki_B,autorpa_233k,ours_pi_prior,16127533602.51,1.00262,30.3,38.1,745.1,152.0,0.0,3085.1,528.1,0.013,368.3,901851676.219,ours_noinflate,0.81729
h=0.02/q0=0.4/p=0.5/r=1/sig=0/cf=10.5094,A_core,0.02,0.4,0.5,1.0,0.0,1.0,10.509389227369171,wiki_B,autorpa_233k,breakeven,18052282246.962,1.122278,7.3,15.2,1033.2,51.8,0.0,1023.0,749.9,0.005,510.3,1249565328.195,ours_noinflate,0.81729
h=0.02/q0=0.4/p=0.5/r=1/sig=0/cf=10.5094,A_core,0.02,0.4,0.5,1.0,0.0,1.0,10.509389227369171,wiki_B,autorpa_233k,breakeven_cap_epoch,17812669758.924,1.107382,6.6,13.2,832.6,36.7,0.0,720.5,593.0,0.004,409.5,1002737609.046,ours_noinflate,0.81729
h=0.02/q0=0.4/p=0.5/r=1/sig=0/cf=10.5094,A_core,0.02,0.4,0.5,1.0,0.0,1.0,10.509389227369171,wiki_B,autorpa_233k,offline_taxblind,14055629734.44,0.873813,,,,,,,,,,,ours_noinflate,0.81729
h=0.02/q0=0.4/p=0.5/r=1/sig=0/cf=10.5094,A_core,0.02,0.4,0.5,1.0,0.0,1.0,10.509389227369171,wiki_B,autorpa_233k,offline_opt_tax,14323698507.42,0.890479,,,,,,,,,,,ours_noinflate,0.81729
h=0.02/q0=0.4/p=0.5/r=1/sig=0/cf=10.5094,A_core,0.02,0.4,0.5,1.0,0.0,1.0,10.509389227369171,wiki_B,native,always_reactive,16977748066.619,1.049891,0.0,0.0,0.0,0.0,0.0,0.0,0.0,0.002,0.0,0.0,ours_pi_prior,0.792388
h=0.02/q0=0.4/p=0.5/r=1/sig=0/cf=10.5094,A_core,0.02,0.4,0.5,1.0,0.0,1.0,10.509389227369171,wiki_B,native,always_compile_evict,20366814638.821,1.259468,110.8,122.5,3722.6,523.4,0.0,10822.9,3232.7,0.04,1853.9,5149963583.698,ours_pi_prior,0.792388
h=0.02/q0=0.4/p=0.5/r=1/sig=0/cf=10.5094,A_core,0.02,0.4,0.5,1.0,0.0,1.0,10.509389227369171,wiki_B,native,ours_noinflate,16170968462.028,1.0,36.3,45.0,810.1,152.7,0.0,3197.8,576.7,0.015,401.9,958184174.376,ours_pi_prior,0.792388
h=0.02/q0=0.4/p=0.5/r=1/sig=0/cf=10.5094,A_core,0.02,0.4,0.5,1.0,0.0,1.0,10.509389227369171,wiki_B,native,oracle_tax,15878026747.59,0.981885,68.2,68.6,413.8,138.4,0.0,2860.3,279.3,0.021,207.2,525083858.397,ours_pi_prior,0.792388
h=0.02/q0=0.4/p=0.5/r=1/sig=0/cf=10.5094,A_core,0.02,0.4,0.5,1.0,0.0,1.0,10.509389227369171,wiki_B,native,ours_spend_cap,16861599229.604,1.042708,32.2,40.6,680.5,95.5,0.0,2011.9,477.0,0.013,336.7,799170527.46,ours_pi_prior,0.792388
h=0.02/q0=0.4/p=0.5/r=1/sig=0/cf=10.5094,A_core,0.02,0.4,0.5,1.0,0.0,1.0,10.509389227369171,wiki_B,native,ours_cap_epoch,16345339376.904,1.010783,34.3,42.6,759.8,131.6,0.0,2750.2,536.4,0.014,377.1,898891149.353,ours_pi_prior,0.792388
h=0.02/q0=0.4/p=0.5/r=1/sig=0/cf=10.5094,A_core,0.02,0.4,0.5,1.0,0.0,1.0,10.509389227369171,wiki_B,native,ours_cap_realized,16172796861.408,1.000113,35.9,44.4,800.0,149.1,0.0,3104.8,568.0,0.015,396.9,946067028.375,ours_pi_prior,0.792388
h=0.02/q0=0.4/p=0.5/r=1/sig=0/cf=10.5094,A_core,0.02,0.4,0.5,1.0,0.0,1.0,10.509389227369171,wiki_B,native,ours_pi_prior,16138426843.24,0.997988,32.2,39.4,777.2,160.6,0.0,3277.5,556.3,0.014,383.3,919655722.856,ours_pi_prior,0.792388
h=0.02/q0=0.4/p=0.5/r=1/sig=0/cf=10.5094,A_core,0.02,0.4,0.5,1.0,0.0,1.0,10.509389227369171,wiki_B,native,breakeven,18080677121.748,1.118095,7.0,14.9,1041.4,52.6,0.0,1028.4,766.0,0.005,514.2,1277476977.857,ours_pi_prior,0.792388
h=0.02/q0=0.4/p=0.5/r=1/sig=0/cf=10.5094,A_core,0.02,0.4,0.5,1.0,0.0,1.0,10.509389227369171,wiki_B,native,breakeven_cap_epoch,17841718710.903,1.103318,6.7,13.3,855.1,37.4,0.0,715.0,622.4,0.004,419.8,1028931325.409,ours_pi_prior,0.792388
h=0.02/q0=0.4/p=0.5/r=1/sig=0/cf=10.5094,A_core,0.02,0.4,0.5,1.0,0.0,1.0,10.509389227369171,wiki_B,native,offline_taxblind,14085521910.585,0.871038,,,,,,,,,,,ours_pi_prior,0.792388
h=0.02/q0=0.4/p=0.5/r=1/sig=0/cf=10.5094,A_core,0.02,0.4,0.5,1.0,0.0,1.0,10.509389227369171,wiki_B,native,offline_opt_tax,14340758751.771,0.886821,,,,,,,,,,,ours_pi_prior,0.792388
h=0.02/q0=0.4/p=0.5/r=1/sig=0/cf=1,A_core,0.02,0.4,0.5,1.0,0.0,1.0,1.0,bpi2019,autorpa_233k,always_reactive,28364744721.458,1.587142,0.0,0.0,0.0,0.0,0.0,0.0,0.0,0.003,0.0,0.0,ours_noinflate,0.973952
h=0.02/q0=0.4/p=0.5/r=1/sig=0/cf=1,A_core,0.02,0.4,0.5,1.0,0.0,1.0,1.0,bpi2019,autorpa_233k,always_compile_evict,18349559429.534,1.026745,79.7,111.6,12322.0,4629.0,0.0,95017.6,11608.4,0.102,6169.6,1437516800.0,ours_noinflate,0.973952
h=0.02/q0=0.4/p=0.5/r=1/sig=0/cf=1,A_core,0.02,0.4,0.5,1.0,0.0,1.0,1.0,bpi2019,autorpa_233k,ours_noinflate,17871588048.395,1.0,58.7,84.7,8955.6,3684.9,0.0,75565.1,8371.2,0.081,4478.8,1043560400.0,ours_noinflate,0.973952
h=0.02/q0=0.4/p=0.5/r=1/sig=0/cf=1,A_core,0.02,0.4,0.5,1.0,0.0,1.0,1.0,bpi2019,autorpa_233k,oracle_tax,24491239703.281,1.370401,58.0,63.1,1119.2,500.5,0.0,10100.8,863.3,0.021,560.7,130643100.0,ours_noinflate,0.973952
h=0.02/q0=0.4/p=0.5/r=1/sig=0/cf=1,A_core,0.02,0.4,0.5,1.0,0.0,1.0,1.0,bpi2019,autorpa_233k,ours_spend_cap,23734019450.372,1.328031,42.8,69.5,3377.4,931.6,0.0,19005.6,2785.8,0.05,1693.6,394608800.0,ours_noinflate,0.973952
h=0.02/q0=0.4/p=0.5/r=1/sig=0/cf=1,A_core,0.02,0.4,0.5,1.0,0.0,1.0,1.0,bpi2019,autorpa_233k,ours_cap_epoch,18582835775.47,1.039798,55.1,80.3,7086.1,2753.3,0.0,56448.4,6482.0,0.074,3549.4,827010200.0,ours_noinflate,0.973952
h=0.02/q0=0.4/p=0.5/r=1/sig=0/cf=1,A_core,0.02,0.4,0.5,1.0,0.0,1.0,1.0,bpi2019,autorpa_233k,ours_cap_realized,17938257631.083,1.00373,58.4,84.5,8787.5,3602.1,0.0,73932.9,8202.8,0.081,4394.1,1023825300.0,ours_noinflate,0.973952
h=0.02/q0=0.4/p=0.5/r=1/sig=0/cf=1,A_core,0.02,0.4,0.5,1.0,0.0,1.0,1.0,bpi2019,autorpa_233k,ours_pi_prior,17882613362.413,1.000617,52.4,79.8,8622.6,3599.0,0.0,73619.8,8064.7,0.077,4310.7,1004393100.0,ours_noinflate,0.973952
h=0.02/q0=0.4/p=0.5/r=1/sig=0/cf=1,A_core,0.02,0.4,0.5,1.0,0.0,1.0,1.0,bpi2019,autorpa_233k,breakeven,28313847767.642,1.584294,2.0,12.9,1366.9,77.4,0.0,1586.1,1044.8,0.005,682.9,159115700.0,ours_noinflate,0.973952
h=0.02/q0=0.4/p=0.5/r=1/sig=0/cf=1,A_core,0.02,0.4,0.5,1.0,0.0,1.0,1.0,bpi2019,autorpa_233k,breakeven_cap_epoch,28310590778.581,1.584112,1.9,12.7,1349.9,75.8,0.0,1550.9,1029.0,0.005,674.0,157042000.0,ours_noinflate,0.973952
h=0.02/q0=0.4/p=0.5/r=1/sig=0/cf=1,A_core,0.02,0.4,0.5,1.0,0.0,1.0,1.0,bpi2019,autorpa_233k,offline_taxblind,15477252877.214,0.866026,,,,,,,,,,,ours_noinflate,0.973952
h=0.02/q0=0.4/p=0.5/r=1/sig=0/cf=1,A_core,0.02,0.4,0.5,1.0,0.0,1.0,1.0,bpi2019,autorpa_233k,offline_opt_tax,16114933003.772,0.901707,,,,,,,,,,,ours_noinflate,0.973952
h=0.02/q0=0.4/p=0.5/r=1/sig=0/cf=1,A_core,0.02,0.4,0.5,1.0,0.0,1.0,1.0,bpi2019,native,always_reactive,28364744721.458,1.52139,0.0,0.0,0.0,0.0,0.0,0.0,0.0,0.003,0.0,0.0,ours_noinflate,0.972205
h=0.02/q0=0.4/p=0.5/r=1/sig=0/cf=1,A_core,0.02,0.4,0.5,1.0,0.0,1.0,1.0,bpi2019,native,always_compile_evict,19176985717.793,1.02859,72.3,115.9,12322.0,4629.0,0.0,95017.6,11583.0,0.101,6169.6,1813127046.177,ours_noinflate,0.972205
h=0.02/q0=0.4/p=0.5/r=1/sig=0/cf=1,A_core,0.02,0.4,0.5,1.0,0.0,1.0,1.0,bpi2019,native,ours_noinflate,18643964016.063,1.0,50.9,77.2,8129.2,3256.1,0.0,67075.5,7542.7,0.069,4075.2,978389766.327,ours_noinflate,0.972205
h=0.02/q0=0.4/p=0.5/r=1/sig=0/cf=1,A_core,0.02,0.4,0.5,1.0,0.0,1.0,1.0,bpi2019,native,oracle_tax,24513966799.633,1.314847,58.0,61.0,1097.7,488.4,0.0,9783.5,848.1,0.02,551.3,126498032.884,ours_noinflate,0.972205
h=0.02/q0=0.4/p=0.5/r=1/sig=0/cf=1,A_core,0.02,0.4,0.5,1.0,0.0,1.0,1.0,bpi2019,native,ours_spend_cap,23754464742.732,1.27411,39.4,66.7,3358.4,907.8,0.0,18522.7,2782.2,0.046,1685.3,384101543.316,ours_noinflate,0.972205
h=0.02/q0=0.4/p=0.5/r=1/sig=0/cf=1,A_core,0.02,0.4,0.5,1.0,0.0,1.0,1.0,bpi2019,native,ours_cap_epoch,18822791635.312,1.009592,46.9,73.3,6522.3,2460.4,0.0,50425.6,5926.7,0.065,3274.0,738552250.819,ours_noinflate,0.972205
h=0.02/q0=0.4/p=0.5/r=1/sig=0/cf=1,A_core,0.02,0.4,0.5,1.0,0.0,1.0,1.0,bpi2019,native,ours_cap_realized,18647776647.744,1.000204,50.7,77.1,8068.4,3225.1,0.0,66413.8,7482.4,0.069,4046.2,974301263.063,ours_noinflate,0.972205
h=0.02/q0=0.4/p=0.5/r=1/sig=0/cf=1,A_core,0.02,0.4,0.5,1.0,0.0,1.0,1.0,bpi2019,native,ours_pi_prior,18654021538.734,1.000539,48.1,75.4,8205.3,3375.6,0.0,69462.5,7640.8,0.068,4107.4,1043029313.369,ours_noinflate,0.972205
h=0.02/q0=0.4/p=0.5/r=1/sig=0/cf=1,A_core,0.02,0.4,0.5,1.0,0.0,1.0,1.0,bpi2019,native,breakeven,28323838520.098,1.519196,1.0,12.4,1387.7,80.6,0.0,1654.9,1070.1,0.005,692.3,166255160.14,ours_noinflate,0.972205
h=0.02/q0=0.4/p=0.5/r=1/sig=0/cf=1,A_core,0.02,0.4,0.5,1.0,0.0,1.0,1.0,bpi2019,native,breakeven_cap_epoch,28318306858.126,1.518899,1.0,12.3,1368.8,78.2,0.0,1613.0,1052.8,0.005,682.1,161949368.126,ours_noinflate,0.972205
h=0.02/q0=0.4/p=0.5/r=1/sig=0/cf=1,A_core,0.02,0.4,0.5,1.0,0.0,1.0,1.0,bpi2019,native,offline_taxblind,16251151190.102,0.871658,,,,,,,,,,,ours_noinflate,0.972205
h=0.02/q0=0.4/p=0.5/r=1/sig=0/cf=1,A_core,0.02,0.4,0.5,1.0,0.0,1.0,1.0,bpi2019,native,offline_opt_tax,16847191648.657,0.903627,,,,,,,,,,,ours_noinflate,0.972205
h=0.02/q0=0.4/p=0.5/r=1/sig=0/cf=1,A_core,0.02,0.4,0.5,1.0,0.0,1.0,1.0,sepsis,autorpa_233k,always_reactive,187135368.565,1.101899,0.0,0.0,0.0,0.0,0.0,0.0,0.0,0.002,0.0,0.0,ours_noinflate,0.965704
h=0.02/q0=0.4/p=0.5/r=1/sig=0/cf=1,A_core,0.02,0.4,0.5,1.0,0.0,1.0,1.0,sepsis,autorpa_233k,always_compile_evict,175861166.441,1.035514,15.9,17.0,45.9,2.7,0.0,49.7,39.2,0.007,23.1,5382300.0,ours_noinflate,0.965704
h=0.02/q0=0.4/p=0.5/r=1/sig=0/cf=1,A_core,0.02,0.4,0.5,1.0,0.0,1.0,1.0,sepsis,autorpa_233k,ours_noinflate,169829854.072,1.0,5.3,5.4,14.2,1.5,0.0,24.8,9.7,0.004,7.4,1724200.0,ours_noinflate,0.965704
h=0.02/q0=0.4/p=0.5/r=1/sig=0/cf=1,A_core,0.02,0.4,0.5,1.0,0.0,1.0,1.0,sepsis,autorpa_233k,oracle_tax,168936920.96,0.994742,2.9,3.1,10.3,1.4,0.0,23.9,6.0,0.004,6.0,1398000.0,ours_noinflate,0.965704
h=0.02/q0=0.4/p=0.5/r=1/sig=0/cf=1,A_core,0.02,0.4,0.5,1.0,0.0,1.0,1.0,sepsis,autorpa_233k,ours_spend_cap,169829854.072,1.0,5.3,5.4,14.2,1.5,0.0,24.8,9.7,0.004,7.4,1724200.0,ours_noinflate,0.965704
h=0.02/q0=0.4/p=0.5/r=1/sig=0/cf=1,A_core,0.02,0.4,0.5,1.0,0.0,1.0,1.0,sepsis,autorpa_233k,ours_cap_epoch,169829854.072,1.0,5.3,5.4,14.2,1.5,0.0,24.8,9.7,0.004,7.4,1724200.0,ours_noinflate,0.965704
h=0.02/q0=0.4/p=0.5/r=1/sig=0/cf=1,A_core,0.02,0.4,0.5,1.0,0.0,1.0,1.0,sepsis,autorpa_233k,ours_cap_realized,169829854.072,1.0,5.3,5.4,14.2,1.5,0.0,24.8,9.7,0.004,7.4,1724200.0,ours_noinflate,0.965704
h=0.02/q0=0.4/p=0.5/r=1/sig=0/cf=1,A_core,0.02,0.4,0.5,1.0,0.0,1.0,1.0,sepsis,autorpa_233k,ours_pi_prior,170089945.465,1.001531,3.4,3.7,11.9,1.5,0.0,23.7,7.7,0.003,6.8,1584400.0,ours_noinflate,0.965704
h=0.02/q0=0.4/p=0.5/r=1/sig=0/cf=1,A_core,0.02,0.4,0.5,1.0,0.0,1.0,1.0,sepsis,autorpa_233k,breakeven,178818667.036,1.052928,2.3,2.5,11.0,1.1,0.0,11.7,6.8,0.003,6.0,1398000.0,ours_noinflate,0.965704
h=0.02/q0=0.4/p=0.5/r=1/sig=0/cf=1,A_core,0.02,0.4,0.5,1.0,0.0,1.0,1.0,sepsis,autorpa_233k,breakeven_cap_epoch,178818667.036,1.052928,2.3,2.5,11.0,1.1,0.0,11.7,6.8,0.003,6.0,1398000.0,ours_noinflate,0.965704
h=0.02/q0=0.4/p=0.5/r=1/sig=0/cf=1,A_core,0.02,0.4,0.5,1.0,0.0,1.0,1.0,sepsis,autorpa_233k,offline_taxblind,162893841.838,0.959159,,,,,,,,,,,ours_noinflate,0.965704
h=0.02/q0=0.4/p=0.5/r=1/sig=0/cf=1,A_core,0.02,0.4,0.5,1.0,0.0,1.0,1.0,sepsis,autorpa_233k,offline_opt_tax,163635188.522,0.963524,,,,,,,,,,,ours_noinflate,0.965704
h=0.02/q0=0.4/p=0.5/r=1/sig=0/cf=1,A_core,0.02,0.4,0.5,1.0,0.0,1.0,1.0,sepsis,native,always_reactive,187135368.565,1.101386,0.0,0.0,0.0,0.0,0.0,0.0,0.0,0.002,0.0,0.0,ours_noinflate,0.960009
h=0.02/q0=0.4/p=0.5/r=1/sig=0/cf=1,A_core,0.02,0.4,0.5,1.0,0.0,1.0,1.0,sepsis,native,always_compile_evict,176986957.475,1.041657,15.1,16.4,45.9,2.7,0.0,49.7,38.9,0.006,23.1,6216425.45,ours_noinflate,0.960009
h=0.02/q0=0.4/p=0.5/r=1/sig=0/cf=1,A_core,0.02,0.4,0.5,1.0,0.0,1.0,1.0,sepsis,native,ours_noinflate,169909011.948,1.0,5.7,5.9,15.0,1.6,0.0,24.6,10.5,0.004,7.7,1777101.214,ours_noinflate,0.960009
h=0.02/q0=0.4/p=0.5/r=1/sig=0/cf=1,A_core,0.02,0.4,0.5,1.0,0.0,1.0,1.0,sepsis,native,oracle_tax,168989804.952,0.99459,2.9,3.1,10.3,1.4,0.0,23.9,6.0,0.004,6.0,1428806.209,ours_noinflate,0.960009
h=0.02/q0=0.4/p=0.5/r=1/sig=0/cf=1,A_core,0.02,0.4,0.5,1.0,0.0,1.0,1.0,sepsis,native,ours_spend_cap,169909011.948,1.0,5.7,5.9,15.0,1.6,0.0,24.6,10.5,0.004,7.7,1777101.214,ours_noinflate,0.960009
h=0.02/q0=0.4/p=0.5/r=1/sig=0/cf=1,A_core,0.02,0.4,0.5,1.0,0.0,1.0,1.0,sepsis,native,ours_cap_epoch,169909011.948,1.0,5.7,5.9,15.0,1.6,0.0,24.6,10.5,0.004,7.7,1777101.214,ours_noinflate,0.960009
h=0.02/q0=0.4/p=0.5/r=1/sig=0/cf=1,A_core,0.02,0.4,0.5,1.0,0.0,1.0,1.0,sepsis,native,ours_cap_realized,169909011.948,1.0,5.7,5.9,15.0,1.6,0.0,24.6,10.5,0.004,7.7,1777101.214,ours_noinflate,0.960009
h=0.02/q0=0.4/p=0.5/r=1/sig=0/cf=1,A_core,0.02,0.4,0.5,1.0,0.0,1.0,1.0,sepsis,native,ours_pi_prior,170251088.673,1.002013,3.7,4.1,12.2,1.5,0.0,22.9,8.0,0.003,6.8,1619313.704,ours_noinflate,0.960009
h=0.02/q0=0.4/p=0.5/r=1/sig=0/cf=1,A_core,0.02,0.4,0.5,1.0,0.0,1.0,1.0,sepsis,native,breakeven,178775228.794,1.052182,2.5,2.5,11.0,1.0,0.0,11.4,6.8,0.003,5.9,1376726.062,ours_noinflate,0.960009
h=0.02/q0=0.4/p=0.5/r=1/sig=0/cf=1,A_core,0.02,0.4,0.5,1.0,0.0,1.0,1.0,sepsis,native,breakeven_cap_epoch,178775228.794,1.052182,2.5,2.5,11.0,1.0,0.0,11.4,6.8,0.003,5.9,1376726.062,ours_noinflate,0.960009
h=0.02/q0=0.4/p=0.5/r=1/sig=0/cf=1,A_core,0.02,0.4,0.5,1.0,0.0,1.0,1.0,sepsis,native,offline_taxblind,162983147.099,0.959238,,,,,,,,,,,ours_noinflate,0.960009
h=0.02/q0=0.4/p=0.5/r=1/sig=0/cf=1,A_core,0.02,0.4,0.5,1.0,0.0,1.0,1.0,sepsis,native,offline_opt_tax,163750899.536,0.963756,,,,,,,,,,,ours_noinflate,0.960009
h=0.02/q0=0.4/p=0.5/r=1/sig=0/cf=1,A_core,0.02,0.4,0.5,1.0,0.0,1.0,1.0,wiki_A,autorpa_233k,always_reactive,19487424199.81,2.081517,0.0,0.0,0.0,0.0,0.0,0.0,0.0,0.001,0.0,0.0,ours_noinflate,0.994117
h=0.02/q0=0.4/p=0.5/r=1/sig=0/cf=1,A_core,0.02,0.4,0.5,1.0,0.0,1.0,1.0,wiki_A,autorpa_233k,always_compile_evict,9417526114.642,1.005918,18.0,53.0,2965.5,1233.6,0.0,25151.8,2224.1,0.016,1476.6,344047800.0,ours_noinflate,0.994117
h=0.02/q0=0.4/p=0.5/r=1/sig=0/cf=1,A_core,0.02,0.4,0.5,1.0,0.0,1.0,1.0,wiki_A,autorpa_233k,ours_noinflate,9362124540.239,1.0,15.1,40.7,2490.8,1110.2,0.0,22661.5,1785.4,0.012,1246.6,290457800.0,ours_noinflate,0.994117
h=0.02/q0=0.4/p=0.5/r=1/sig=0/cf=1,A_core,0.02,0.4,0.5,1.0,0.0,1.0,1.0,wiki_A,autorpa_233k,oracle_tax,9839300523.216,1.050969,27.7,29.9,1334.7,643.8,0.0,13019.7,852.1,0.012,663.2,154525600.0,ours_noinflate,0.994117
h=0.02/q0=0.4/p=0.5/r=1/sig=0/cf=1,A_core,0.02,0.4,0.5,1.0,0.0,1.0,1.0,wiki_A,autorpa_233k,ours_spend_cap,16797745377.678,1.794224,11.2,37.2,820.5,281.9,0.0,5729.0,531.0,0.006,413.8,96415400.0,ours_noinflate,0.994117
h=0.02/q0=0.4/p=0.5/r=1/sig=0/cf=1,A_core,0.02,0.4,0.5,1.0,0.0,1.0,1.0,wiki_A,autorpa_233k,ours_cap_epoch,9563470178.409,1.021506,14.7,40.3,1893.6,817.2,0.0,16624.9,1223.4,0.011,944.4,220045200.0,ours_noinflate,0.994117
h=0.02/q0=0.4/p=0.5/r=1/sig=0/cf=1,A_core,0.02,0.4,0.5,1.0,0.0,1.0,1.0,wiki_A,autorpa_233k,ours_cap_realized,9364491311.455,1.000253,15.0,40.6,2485.0,1107.6,0.0,22596.6,1779.7,0.012,1243.5,289735500.0,ours_noinflate,0.994117
h=0.02/q0=0.4/p=0.5/r=1/sig=0/cf=1,A_core,0.02,0.4,0.5,1.0,0.0,1.0,1.0,wiki_A,autorpa_233k,ours_pi_prior,9578923986.178,1.023157,14.7,39.6,1825.8,795.0,0.0,16116.9,1177.3,0.011,908.7,211727100.0,ours_noinflate,0.994117
h=0.02/q0=0.4/p=0.5/r=1/sig=0/cf=1,A_core,0.02,0.4,0.5,1.0,0.0,1.0,1.0,wiki_A,autorpa_233k,breakeven,18441422984.459,1.96979,0.0,7.4,864.8,314.2,0.0,6432.1,653.8,0.002,439.0,102287000.0,ours_noinflate,0.994117
h=0.02/q0=0.4/p=0.5/r=1/sig=0/cf=1,A_core,0.02,0.4,0.5,1.0,0.0,1.0,1.0,wiki_A,autorpa_233k,breakeven_cap_epoch,18544127129.319,1.980761,0.0,7.4,506.3,139.9,0.0,2910.6,338.0,0.002,258.0,60114000.0,ours_noinflate,0.994117
h=0.02/q0=0.4/p=0.5/r=1/sig=0/cf=1,A_core,0.02,0.4,0.5,1.0,0.0,1.0,1.0,wiki_A,autorpa_233k,offline_taxblind,8945878116.906,0.955539,,,,,,,,,,,ours_noinflate,0.994117
h=0.02/q0=0.4/p=0.5/r=1/sig=0/cf=1,A_core,0.02,0.4,0.5,1.0,0.0,1.0,1.0,wiki_A,autorpa_233k,offline_opt_tax,9015078990.248,0.962931,,,,,,,,,,,ours_noinflate,0.994117
h=0.02/q0=0.4/p=0.5/r=1/sig=0/cf=1,A_core,0.02,0.4,0.5,1.0,0.0,1.0,1.0,wiki_A,native,always_reactive,19487424199.81,2.056568,0.0,0.0,0.0,0.0,0.0,0.0,0.0,0.001,0.0,0.0,ours_noinflate,0.997094
h=0.02/q0=0.4/p=0.5/r=1/sig=0/cf=1,A_core,0.02,0.4,0.5,1.0,0.0,1.0,1.0,wiki_A,native,always_compile_evict,9503318208.762,1.002915,18.6,60.9,2965.5,1233.6,0.0,25151.8,2218.4,0.016,1476.6,385844939.236,ours_noinflate,0.997094
h=0.02/q0=0.4/p=0.5/r=1/sig=0/cf=1,A_core,0.02,0.4,0.5,1.0,0.0,1.0,1.0,wiki_A,native,ours_noinflate,9475700547.135,1.0,12.5,39.1,2448.9,1089.2,0.0,22093.5,1752.4,0.011,1222.6,304634673.68,ours_noinflate,0.997094
h=0.02/q0=0.4/p=0.5/r=1/sig=0/cf=1,A_core,0.02,0.4,0.5,1.0,0.0,1.0,1.0,wiki_A,native,oracle_tax,9839761545.787,1.03842,27.5,28.8,1323.1,638.0,0.0,12917.3,843.0,0.012,657.6,151641063.95,ours_noinflate,0.997094
h=0.02/q0=0.4/p=0.5/r=1/sig=0/cf=1,A_core,0.02,0.4,0.5,1.0,0.0,1.0,1.0,wiki_A,native,ours_spend_cap,16845301365.669,1.777737,9.2,36.6,842.9,290.6,0.0,5869.6,553.2,0.006,424.5,96282302.36,ours_noinflate,0.997094
h=0.02/q0=0.4/p=0.5/r=1/sig=0/cf=1,A_core,0.02,0.4,0.5,1.0,0.0,1.0,1.0,wiki_A,native,ours_cap_epoch,9586723750.977,1.011717,11.9,38.5,1898.7,820.2,0.0,16603.4,1230.8,0.011,943.9,213116904.706,ours_noinflate,0.997094
h=0.02/q0=0.4/p=0.5/r=1/sig=0/cf=1,A_core,0.02,0.4,0.5,1.0,0.0,1.0,1.0,wiki_A,native,ours_cap_realized,9476163159.079,1.000049,12.4,39.0,2443.7,1086.9,0.0,22042.2,1747.7,0.011,1220.0,303263850.693,ours_noinflate,0.997094
h=0.02/q0=0.4/p=0.5/r=1/sig=0/cf=1,A_core,0.02,0.4,0.5,1.0,0.0,1.0,1.0,wiki_A,native,ours_pi_prior,9600715821.827,1.013193,12.5,37.8,1832.3,794.2,0.0,16098.5,1178.7,0.01,910.7,214631130.309,ours_noinflate,0.997094
h=0.02/q0=0.4/p=0.5/r=1/sig=0/cf=1,A_core,0.02,0.4,0.5,1.0,0.0,1.0,1.0,wiki_A,native,breakeven,18502287576.481,1.952604,0.0,8.0,832.8,295.8,0.0,6072.7,630.3,0.002,423.4,118978392.025,ours_noinflate,0.997094
h=0.02/q0=0.4/p=0.5/r=1/sig=0/cf=1,A_core,0.02,0.4,0.5,1.0,0.0,1.0,1.0,wiki_A,native,breakeven_cap_epoch,18573855384.549,1.960156,0.0,7.9,474.7,123.8,0.0,2565.7,316.2,0.002,240.9,57835151.002,ours_noinflate,0.997094
h=0.02/q0=0.4/p=0.5/r=1/sig=0/cf=1,A_core,0.02,0.4,0.5,1.0,0.0,1.0,1.0,wiki_A,native,offline_taxblind,9027327795.928,0.952682,,,,,,,,,,,ours_noinflate,0.997094
h=0.02/q0=0.4/p=0.5/r=1/sig=0/cf=1,A_core,0.02,0.4,0.5,1.0,0.0,1.0,1.0,wiki_A,native,offline_opt_tax,9094146889.051,0.959733,,,,,,,,,,,ours_noinflate,0.997094
h=0.02/q0=0.4/p=0.5/r=1/sig=0/cf=1,A_core,0.02,0.4,0.5,1.0,0.0,1.0,1.0,wiki_B,autorpa_233k,always_reactive,16977748066.619,1.120788,0.0,0.0,0.0,0.0,0.0,0.0,0.0,0.002,0.0,0.0,ours_pi_prior,0.971898
h=0.02/q0=0.4/p=0.5/r=1/sig=0/cf=1,A_core,0.02,0.4,0.5,1.0,0.0,1.0,1.0,wiki_B,autorpa_233k,always_compile_evict,15573724228.473,1.028101,109.1,121.4,3722.6,523.4,0.0,10822.9,3229.3,0.051,1853.9,431958700.0,ours_pi_prior,0.971898
h=0.02/q0=0.4/p=0.5/r=1/sig=0/cf=1,A_core,0.02,0.4,0.5,1.0,0.0,1.0,1.0,wiki_B,autorpa_233k,ours_noinflate,15148051719.727,1.0,81.4,92.8,2147.6,378.1,0.0,7808.1,1710.8,0.036,1067.3,248680900.0,ours_pi_prior,0.971898
h=0.02/q0=0.4/p=0.5/r=1/sig=0/cf=1,A_core,0.02,0.4,0.5,1.0,0.0,1.0,1.0,wiki_B,autorpa_233k,oracle_tax,15399255141.151,1.016583,69.7,70.0,426.6,142.6,0.0,2926.5,287.6,0.021,214.3,49931900.0,ours_pi_prior,0.971898
h=0.02/q0=0.4/p=0.5/r=1/sig=0/cf=1,A_core,0.02,0.4,0.5,1.0,0.0,1.0,1.0,wiki_B,autorpa_233k,ours_spend_cap,15186723115.311,1.002553,78.0,89.8,2047.0,334.8,0.0,6907.1,1620.8,0.035,1017.5,237077500.0,ours_pi_prior,0.971898
h=0.02/q0=0.4/p=0.5/r=1/sig=0/cf=1,A_core,0.02,0.4,0.5,1.0,0.0,1.0,1.0,wiki_B,autorpa_233k,ours_cap_epoch,15152608515.942,1.000301,81.0,92.5,2130.5,370.6,0.0,7653.1,1696.9,0.036,1058.8,246700400.0,ours_pi_prior,0.971898
h=0.02/q0=0.4/p=0.5/r=1/sig=0/cf=1,A_core,0.02,0.4,0.5,1.0,0.0,1.0,1.0,wiki_B,autorpa_233k,ours_cap_realized,15147768304.653,0.999981,81.4,92.6,2143.9,376.7,0.0,7784.2,1707.4,0.036,1065.5,248261500.0,ours_pi_prior,0.971898
h=0.02/q0=0.4/p=0.5/r=1/sig=0/cf=1,A_core,0.02,0.4,0.5,1.0,0.0,1.0,1.0,wiki_B,autorpa_233k,ours_pi_prior,15136065564.472,0.999209,78.1,86.4,1978.2,354.3,0.0,7366.9,1567.8,0.034,986.0,229738000.0,ours_pi_prior,0.971898
h=0.02/q0=0.4/p=0.5/r=1/sig=0/cf=1,A_core,0.02,0.4,0.5,1.0,0.0,1.0,1.0,wiki_B,autorpa_233k,breakeven,16921616818.768,1.117082,7.3,15.2,1033.2,51.8,0.0,1023.0,749.9,0.005,510.3,118899900.0,ours_pi_prior,0.971898
h=0.02/q0=0.4/p=0.5/r=1/sig=0/cf=1,A_core,0.02,0.4,0.5,1.0,0.0,1.0,1.0,wiki_B,autorpa_233k,breakeven_cap_epoch,16921378355.709,1.117066,7.2,15.0,1027.7,50.5,0.0,1001.1,745.3,0.005,507.8,118317400.0,ours_pi_prior,0.971898
h=0.02/q0=0.4/p=0.5/r=1/sig=0/cf=1,A_core,0.02,0.4,0.5,1.0,0.0,1.0,1.0,wiki_B,autorpa_233k,offline_taxblind,14055629734.44,0.927884,,,,,,,,,,,ours_pi_prior,0.971898
h=0.02/q0=0.4/p=0.5/r=1/sig=0/cf=1,A_core,0.02,0.4,0.5,1.0,0.0,1.0,1.0,wiki_B,autorpa_233k,offline_opt_tax,14323698507.42,0.94558,,,,,,,,,,,ours_pi_prior,0.971898
h=0.02/q0=0.4/p=0.5/r=1/sig=0/cf=1,A_core,0.02,0.4,0.5,1.0,0.0,1.0,1.0,wiki_B,native,always_reactive,16977748066.619,1.119293,0.0,0.0,0.0,0.0,0.0,0.0,0.0,0.002,0.0,0.0,ours_pi_prior,0.965233
h=0.02/q0=0.4/p=0.5/r=1/sig=0/cf=1,A_core,0.02,0.4,0.5,1.0,0.0,1.0,1.0,wiki_B,native,always_compile_evict,15706885582.565,1.035509,110.8,122.5,3722.6,523.4,0.0,10822.9,3232.7,0.052,1853.9,490034527.438,ours_pi_prior,0.965233
h=0.02/q0=0.4/p=0.5/r=1/sig=0/cf=1,A_core,0.02,0.4,0.5,1.0,0.0,1.0,1.0,wiki_B,native,ours_noinflate,15168281103.253,1.0,78.7,88.8,2221.6,388.7,0.0,7960.2,1788.2,0.034,1104.6,252815918.532,ours_pi_prior,0.965233
h=0.02/q0=0.4/p=0.5/r=1/sig=0/cf=1,A_core,0.02,0.4,0.5,1.0,0.0,1.0,1.0,wiki_B,native,oracle_tax,15402906197.911,1.015468,68.2,68.6,413.8,138.4,0.0,2860.3,279.3,0.021,207.2,49963308.717,ours_pi_prior,0.965233
h=0.02/q0=0.4/p=0.5/r=1/sig=0/cf=1,A_core,0.02,0.4,0.5,1.0,0.0,1.0,1.0,wiki_B,native,ours_spend_cap,15185705996.947,1.001149,75.3,85.3,2111.9,341.6,0.0,7082.0,1686.9,0.033,1049.8,241445705.56,ours_pi_prior,0.965233
h=0.02/q0=0.4/p=0.5/r=1/sig=0/cf=1,A_core,0.02,0.4,0.5,1.0,0.0,1.0,1.0,wiki_B,native,ours_cap_epoch,15164732900.711,0.999766,77.6,87.8,2195.0,376.7,0.0,7728.7,1762.1,0.034,1092.1,249636703.178,ours_pi_prior,0.965233
h=0.02/q0=0.4/p=0.5/r=1/sig=0/cf=1,A_core,0.02,0.4,0.5,1.0,0.0,1.0,1.0,wiki_B,native,ours_cap_realized,15167166407.761,0.999927,78.4,88.6,2214.8,385.9,0.0,7908.5,1781.5,0.034,1101.3,252196231.227,ours_pi_prior,0.965233
h=0.02/q0=0.4/p=0.5/r=1/sig=0/cf=1,A_core,0.02,0.4,0.5,1.0,0.0,1.0,1.0,wiki_B,native,ours_pi_prior,15160797621.128,0.999507,76.0,84.8,2040.8,359.9,0.0,7432.9,1633.4,0.033,1016.0,236077891.969,ours_pi_prior,0.965233
h=0.02/q0=0.4/p=0.5/r=1/sig=0/cf=1,A_core,0.02,0.4,0.5,1.0,0.0,1.0,1.0,wiki_B,native,breakeven,16924755921.324,1.115799,7.0,14.9,1041.4,52.6,0.0,1028.4,766.0,0.005,514.2,121555777.431,ours_pi_prior,0.965233
h=0.02/q0=0.4/p=0.5/r=1/sig=0/cf=1,A_core,0.02,0.4,0.5,1.0,0.0,1.0,1.0,wiki_B,native,breakeven_cap_epoch,16922819691.988,1.115672,7.1,14.9,1032.1,50.8,0.0,990.3,757.8,0.005,509.6,119756850.634,ours_pi_prior,0.965233
h=0.02/q0=0.4/p=0.5/r=1/sig=0/cf=1,A_core,0.02,0.4,0.5,1.0,0.0,1.0,1.0,wiki_B,native,offline_taxblind,14085521910.585,0.928617,,,,,,,,,,,ours_pi_prior,0.965233
h=0.02/q0=0.4/p=0.5/r=1/sig=0/cf=1,A_core,0.02,0.4,0.5,1.0,0.0,1.0,1.0,wiki_B,native,offline_opt_tax,14340758751.771,0.945444,,,,,,,,,,,ours_pi_prior,0.965233
h=0.02/q0=0.4/p=0/r=1/sig=0/cf=10.5094,A_core,0.02,0.4,0.0,1.0,0.0,1.0,10.509389227369171,bpi2019,autorpa_233k,always_reactive,28364744721.458,0.932537,0.0,0.0,0.0,0.0,0.0,0.0,0.0,0.003,0.0,0.0,always_reactive,0.046633
h=0.02/q0=0.4/p=0/r=1/sig=0/cf=10.5094,A_core,0.02,0.4,0.0,1.0,0.0,1.0,10.509389227369171,bpi2019,autorpa_233k,always_compile_evict,608258066088.321,19.997474,0.0,0.0,236818.0,0.0,0.0,0.0,236818.0,0.0,236818.0,579893321364.895,always_reactive,0.046633
h=0.02/q0=0.4/p=0/r=1/sig=0/cf=10.5094,A_core,0.02,0.4,0.0,1.0,0.0,1.0,10.509389227369171,bpi2019,autorpa_233k,ours_noinflate,30416745005.653,1.0,0.0,0.0,838.0,0.0,0.0,0.0,838.0,0.003,838.0,2052000284.201,always_reactive,0.046633
h=0.02/q0=0.4/p=0/r=1/sig=0/cf=10.5094,A_core,0.02,0.4,0.0,1.0,0.0,1.0,10.509389227369171,bpi2019,autorpa_233k,oracle_tax,28364744721.458,0.932537,0.0,0.0,0.0,0.0,0.0,0.0,0.0,0.003,0.0,0.0,always_reactive,0.046633
h=0.02/q0=0.4/p=0/r=1/sig=0/cf=10.5094,A_core,0.02,0.4,0.0,1.0,0.0,1.0,10.509389227369171,bpi2019,autorpa_233k,ours_spend_cap,30416745005.653,1.0,0.0,0.0,838.0,0.0,0.0,0.0,838.0,0.003,838.0,2052000284.201,always_reactive,0.046633
h=0.02/q0=0.4/p=0/r=1/sig=0/cf=10.5094,A_core,0.02,0.4,0.0,1.0,0.0,1.0,10.509389227369171,bpi2019,autorpa_233k,ours_cap_epoch,30416745005.653,1.0,0.0,0.0,838.0,0.0,0.0,0.0,838.0,0.003,838.0,2052000284.201,always_reactive,0.046633
h=0.02/q0=0.4/p=0/r=1/sig=0/cf=10.5094,A_core,0.02,0.4,0.0,1.0,0.0,1.0,10.509389227369171,bpi2019,autorpa_233k,ours_cap_realized,30416745005.653,1.0,0.0,0.0,838.0,0.0,0.0,0.0,838.0,0.003,838.0,2052000284.201,always_reactive,0.046633
h=0.02/q0=0.4/p=0/r=1/sig=0/cf=10.5094,A_core,0.02,0.4,0.0,1.0,0.0,1.0,10.509389227369171,bpi2019,autorpa_233k,ours_pi_prior,30548974140.911,1.004347,0.0,0.0,892.0,0.0,0.0,0.0,892.0,0.003,892.0,2184229419.459,always_reactive,0.046633
h=0.02/q0=0.4/p=0/r=1/sig=0/cf=10.5094,A_core,0.02,0.4,0.0,1.0,0.0,1.0,10.509389227369171,bpi2019,autorpa_233k,breakeven,164663598920.795,5.413584,0.0,0.0,55662.0,0.0,0.0,0.0,55662.0,0.001,55662.0,136298854199.505,always_reactive,0.046633
h=0.02/q0=0.4/p=0/r=1/sig=0/cf=10.5094,A_core,0.02,0.4,0.0,1.0,0.0,1.0,10.509389227369171,bpi2019,autorpa_233k,breakeven_cap_epoch,32128377700.941,1.056273,0.0,0.0,1537.0,0.0,0.0,0.0,1537.0,0.003,1537.0,3763632979.495,always_reactive,0.046633
h=0.02/q0=0.4/p=0/r=1/sig=0/cf=10.5094,A_core,0.02,0.4,0.0,1.0,0.0,1.0,10.509389227369171,bpi2019,autorpa_233k,offline_taxblind,28364744721.522,0.932537,,,,,,,,,,,always_reactive,0.046633
h=0.02/q0=0.4/p=0/r=1/sig=0/cf=10.5094,A_core,0.02,0.4,0.0,1.0,0.0,1.0,10.509389227369171,bpi2019,autorpa_233k,offline_opt_tax,28364744721.522,0.932537,,,,,,,,,,,always_reactive,0.046633
h=0.02/q0=0.4/p=0/r=1/sig=0/cf=10.5094,A_core,0.02,0.4,0.0,1.0,0.0,1.0,10.509389227369171,bpi2019,native,always_reactive,28364744721.458,0.927649,0.0,0.0,0.0,0.0,0.0,0.0,0.0,0.003,0.0,0.0,always_reactive,0.036059
h=0.02/q0=0.4/p=0/r=1/sig=0/cf=10.5094,A_core,0.02,0.4,0.0,1.0,0.0,1.0,10.509389227369171,bpi2019,native,always_compile_evict,786629619891.115,25.726174,0.0,0.0,236818.0,0.0,0.0,0.0,236818.0,0.0,236818.0,758264875166.386,always_reactive,0.036059
h=0.02/q0=0.4/p=0/r=1/sig=0/cf=10.5094,A_core,0.02,0.4,0.0,1.0,0.0,1.0,10.509389227369171,bpi2019,native,ours_noinflate,30577015569.932,1.0,0.0,0.0,918.0,0.0,0.0,0.0,918.0,0.003,918.0,2212270848.48,always_reactive,0.036059
h=0.02/q0=0.4/p=0/r=1/sig=0/cf=10.5094,A_core,0.02,0.4,0.0,1.0,0.0,1.0,10.509389227369171,bpi2019,native,oracle_tax,28364744721.458,0.927649,0.0,0.0,0.0,0.0,0.0,0.0,0.0,0.003,0.0,0.0,always_reactive,0.036059
h=0.02/q0=0.4/p=0/r=1/sig=0/cf=10.5094,A_core,0.02,0.4,0.0,1.0,0.0,1.0,10.509389227369171,bpi2019,native,ours_spend_cap,30577015569.932,1.0,0.0,0.0,918.0,0.0,0.0,0.0,918.0,0.003,918.0,2212270848.48,always_reactive,0.036059
h=0.02/q0=0.4/p=0/r=1/sig=0/cf=10.5094,A_core,0.02,0.4,0.0,1.0,0.0,1.0,10.509389227369171,bpi2019,native,ours_cap_epoch,30577015569.932,1.0,0.0,0.0,918.0,0.0,0.0,0.0,918.0,0.003,918.0,2212270848.48,always_reactive,0.036059
h=0.02/q0=0.4/p=0/r=1/sig=0/cf=10.5094,A_core,0.02,0.4,0.0,1.0,0.0,1.0,10.509389227369171,bpi2019,native,ours_cap_realized,30577015569.932,1.0,0.0,0.0,918.0,0.0,0.0,0.0,918.0,0.003,918.0,2212270848.48,always_reactive,0.036059
h=0.02/q0=0.4/p=0/r=1/sig=0/cf=10.5094,A_core,0.02,0.4,0.0,1.0,0.0,1.0,10.509389227369171,bpi2019,native,ours_pi_prior,30556309600.677,0.999323,0.0,0.0,903.0,0.0,0.0,0.0,903.0,0.003,903.0,2191564879.224,always_reactive,0.036059
h=0.02/q0=0.4/p=0/r=1/sig=0/cf=10.5094,A_core,0.02,0.4,0.0,1.0,0.0,1.0,10.509389227369171,bpi2019,native,breakeven,165110282171.856,5.399817,0.0,0.0,53674.0,0.0,0.0,0.0,53674.0,0.001,53674.0,136745537450.294,always_reactive,0.036059
h=0.02/q0=0.4/p=0/r=1/sig=0/cf=10.5094,A_core,0.02,0.4,0.0,1.0,0.0,1.0,10.509389227369171,bpi2019,native,breakeven_cap_epoch,32313926335.278,1.056804,0.0,0.0,1606.0,0.0,0.0,0.0,1606.0,0.003,1606.0,3949181613.831,always_reactive,0.036059
h=0.02/q0=0.4/p=0/r=1/sig=0/cf=10.5094,A_core,0.02,0.4,0.0,1.0,0.0,1.0,10.509389227369171,bpi2019,native,offline_taxblind,28364744721.522,0.927649,,,,,,,,,,,always_reactive,0.036059
h=0.02/q0=0.4/p=0/r=1/sig=0/cf=10.5094,A_core,0.02,0.4,0.0,1.0,0.0,1.0,10.509389227369171,bpi2019,native,offline_opt_tax,28364744721.522,0.927649,,,,,,,,,,,always_reactive,0.036059
h=0.02/q0=0.4/p=0/r=1/sig=0/cf=10.5094,A_core,0.02,0.4,0.0,1.0,0.0,1.0,10.509389227369171,sepsis,autorpa_233k,always_reactive,187135368.565,0.88429,0.0,0.0,0.0,0.0,0.0,0.0,0.0,0.002,0.0,0.0,always_reactive,0.349884
h=0.02/q0=0.4/p=0/r=1/sig=0/cf=10.5094,A_core,0.02,0.4,0.0,1.0,0.0,1.0,10.509389227369171,sepsis,autorpa_233k,always_compile_evict,534849020.541,2.527376,0.0,0.0,142.0,0.0,0.0,0.0,142.0,0.001,142.0,347713651.977,always_reactive,0.349884
h=0.02/q0=0.4/p=0/r=1/sig=0/cf=10.5094,A_core,0.02,0.4,0.0,1.0,0.0,1.0,10.509389227369171,sepsis,autorpa_233k,ours_noinflate,211622245.464,1.0,0.0,0.0,10.0,0.0,0.0,0.0,10.0,0.002,10.0,24486876.9,always_reactive,0.349884
h=0.02/q0=0.4/p=0/r=1/sig=0/cf=10.5094,A_core,0.02,0.4,0.0,1.0,0.0,1.0,10.509389227369171,sepsis,autorpa_233k,oracle_tax,187135368.565,0.88429,0.0,0.0,0.0,0.0,0.0,0.0,0.0,0.002,0.0,0.0,always_reactive,0.349884
h=0.02/q0=0.4/p=0/r=1/sig=0/cf=10.5094,A_core,0.02,0.4,0.0,1.0,0.0,1.0,10.509389227369171,sepsis,autorpa_233k,ours_spend_cap,211622245.464,1.0,0.0,0.0,10.0,0.0,0.0,0.0,10.0,0.002,10.0,24486876.9,always_reactive,0.349884
h=0.02/q0=0.4/p=0/r=1/sig=0/cf=10.5094,A_core,0.02,0.4,0.0,1.0,0.0,1.0,10.509389227369171,sepsis,autorpa_233k,ours_cap_epoch,211622245.464,1.0,0.0,0.0,10.0,0.0,0.0,0.0,10.0,0.002,10.0,24486876.9,always_reactive,0.349884
h=0.02/q0=0.4/p=0/r=1/sig=0/cf=10.5094,A_core,0.02,0.4,0.0,1.0,0.0,1.0,10.509389227369171,sepsis,autorpa_233k,ours_cap_realized,211622245.464,1.0,0.0,0.0,10.0,0.0,0.0,0.0,10.0,0.002,10.0,24486876.9,always_reactive,0.349884
h=0.02/q0=0.4/p=0/r=1/sig=0/cf=10.5094,A_core,0.02,0.4,0.0,1.0,0.0,1.0,10.509389227369171,sepsis,autorpa_233k,ours_pi_prior,199378807.014,0.942145,0.0,0.0,5.0,0.0,0.0,0.0,5.0,0.002,5.0,12243438.45,always_reactive,0.349884
h=0.02/q0=0.4/p=0/r=1/sig=0/cf=10.5094,A_core,0.02,0.4,0.0,1.0,0.0,1.0,10.509389227369171,sepsis,autorpa_233k,breakeven,336505317.653,1.590123,0.0,0.0,61.0,0.0,0.0,0.0,61.0,0.001,61.0,149369949.089,always_reactive,0.349884
h=0.02/q0=0.4/p=0/r=1/sig=0/cf=10.5094,A_core,0.02,0.4,0.0,1.0,0.0,1.0,10.509389227369171,sepsis,autorpa_233k,breakeven_cap_epoch,223865683.914,1.057855,0.0,0.0,15.0,0.0,0.0,0.0,15.0,0.002,15.0,36730315.35,always_reactive,0.349884
h=0.02/q0=0.4/p=0/r=1/sig=0/cf=10.5094,A_core,0.02,0.4,0.0,1.0,0.0,1.0,10.509389227369171,sepsis,autorpa_233k,offline_taxblind,187135368.565,0.88429,,,,,,,,,,,always_reactive,0.349884
h=0.02/q0=0.4/p=0/r=1/sig=0/cf=10.5094,A_core,0.02,0.4,0.0,1.0,0.0,1.0,10.509389227369171,sepsis,autorpa_233k,offline_opt_tax,187135368.565,0.88429,,,,,,,,,,,always_reactive,0.349884
h=0.02/q0=0.4/p=0/r=1/sig=0/cf=10.5094,A_core,0.02,0.4,0.0,1.0,0.0,1.0,10.509389227369171,sepsis,native,always_reactive,187135368.565,0.882041,0.0,0.0,0.0,0.0,0.0,0.0,0.0,0.002,0.0,0.0,always_reactive,0.328719
h=0.02/q0=0.4/p=0/r=1/sig=0/cf=10.5094,A_core,0.02,0.4,0.0,1.0,0.0,1.0,10.509389227369171,sepsis,native,always_compile_evict,569286043.47,2.683263,0.0,0.0,142.0,0.0,0.0,0.0,142.0,0.001,142.0,382150674.905,always_reactive,0.328719
h=0.02/q0=0.4/p=0/r=1/sig=0/cf=10.5094,A_core,0.02,0.4,0.0,1.0,0.0,1.0,10.509389227369171,sepsis,native,ours_noinflate,212161836.201,1.0,0.0,0.0,10.0,0.0,0.0,0.0,10.0,0.002,10.0,25026467.636,always_reactive,0.328719
h=0.02/q0=0.4/p=0/r=1/sig=0/cf=10.5094,A_core,0.02,0.4,0.0,1.0,0.0,1.0,10.509389227369171,sepsis,native,oracle_tax,187135368.565,0.882041,0.0,0.0,0.0,0.0,0.0,0.0,0.0,0.002,0.0,0.0,always_reactive,0.328719
h=0.02/q0=0.4/p=0/r=1/sig=0/cf=10.5094,A_core,0.02,0.4,0.0,1.0,0.0,1.0,10.509389227369171,sepsis,native,ours_spend_cap,212161836.201,1.0,0.0,0.0,10.0,0.0,0.0,0.0,10.0,0.002,10.0,25026467.636,always_reactive,0.328719
h=0.02/q0=0.4/p=0/r=1/sig=0/cf=10.5094,A_core,0.02,0.4,0.0,1.0,0.0,1.0,10.509389227369171,sepsis,native,ours_cap_epoch,212161836.201,1.0,0.0,0.0,10.0,0.0,0.0,0.0,10.0,0.002,10.0,25026467.636,always_reactive,0.328719
h=0.02/q0=0.4/p=0/r=1/sig=0/cf=10.5094,A_core,0.02,0.4,0.0,1.0,0.0,1.0,10.509389227369171,sepsis,native,ours_cap_realized,212161836.201,1.0,0.0,0.0,10.0,0.0,0.0,0.0,10.0,0.002,10.0,25026467.636,always_reactive,0.328719
h=0.02/q0=0.4/p=0/r=1/sig=0/cf=10.5094,A_core,0.02,0.4,0.0,1.0,0.0,1.0,10.509389227369171,sepsis,native,ours_pi_prior,199648602.383,0.94102,0.0,0.0,5.0,0.0,0.0,0.0,5.0,0.002,5.0,12513233.818,always_reactive,0.328719
h=0.02/q0=0.4/p=0/r=1/sig=0/cf=10.5094,A_core,0.02,0.4,0.0,1.0,0.0,1.0,10.509389227369171,sepsis,native,breakeven,338806601.605,1.596925,0.0,0.0,61.0,0.0,0.0,0.0,61.0,0.001,61.0,151671233.041,always_reactive,0.328719
h=0.02/q0=0.4/p=0/r=1/sig=0/cf=10.5094,A_core,0.02,0.4,0.0,1.0,0.0,1.0,10.509389227369171,sepsis,native,breakeven_cap_epoch,223684850.478,1.054312,0.0,0.0,15.0,0.0,0.0,0.0,15.0,0.002,15.0,36549481.913,always_reactive,0.328719
h=0.02/q0=0.4/p=0/r=1/sig=0/cf=10.5094,A_core,0.02,0.4,0.0,1.0,0.0,1.0,10.509389227369171,sepsis,native,offline_taxblind,187135368.565,0.882041,,,,,,,,,,,always_reactive,0.328719
h=0.02/q0=0.4/p=0/r=1/sig=0/cf=10.5094,A_core,0.02,0.4,0.0,1.0,0.0,1.0,10.509389227369171,sepsis,native,offline_opt_tax,187135368.565,0.882041,,,,,,,,,,,always_reactive,0.328719
h=0.02/q0=0.4/p=0/r=1/sig=0/cf=10.5094,A_core,0.02,0.4,0.0,1.0,0.0,1.0,10.509389227369171,wiki_A,autorpa_233k,always_reactive,19487424199.81,0.977402,0.0,0.0,0.0,0.0,0.0,0.0,0.0,0.001,0.0,0.0,always_reactive,0.11285
h=0.02/q0=0.4/p=0/r=1/sig=0/cf=10.5094,A_core,0.02,0.4,0.0,1.0,0.0,1.0,10.509389227369171,wiki_A,autorpa_233k,always_compile_evict,172684672147.794,8.66109,0.0,0.0,62563.0,0.0,0.0,0.0,62563.0,0.0,62563.0,153197247948.046,always_reactive,0.11285
h=0.02/q0=0.4/p=0/r=1/sig=0/cf=10.5094,A_core,0.02,0.4,0.0,1.0,0.0,1.0,10.509389227369171,wiki_A,autorpa_233k,ours_noinflate,19937982734.761,1.0,0.0,0.0,184.0,0.0,0.0,0.0,184.0,0.001,184.0,450558534.956,always_reactive,0.11285
h=0.02/q0=0.4/p=0/r=1/sig=0/cf=10.5094,A_core,0.02,0.4,0.0,1.0,0.0,1.0,10.509389227369171,wiki_A,autorpa_233k,oracle_tax,19487424199.81,0.977402,0.0,0.0,0.0,0.0,0.0,0.0,0.0,0.001,0.0,0.0,always_reactive,0.11285
h=0.02/q0=0.4/p=0/r=1/sig=0/cf=10.5094,A_core,0.02,0.4,0.0,1.0,0.0,1.0,10.509389227369171,wiki_A,autorpa_233k,ours_spend_cap,19937982734.761,1.0,0.0,0.0,184.0,0.0,0.0,0.0,184.0,0.001,184.0,450558534.956,always_reactive,0.11285
h=0.02/q0=0.4/p=0/r=1/sig=0/cf=10.5094,A_core,0.02,0.4,0.0,1.0,0.0,1.0,10.509389227369171,wiki_A,autorpa_233k,ours_cap_epoch,19937982734.761,1.0,0.0,0.0,184.0,0.0,0.0,0.0,184.0,0.001,184.0,450558534.956,always_reactive,0.11285
h=0.02/q0=0.4/p=0/r=1/sig=0/cf=10.5094,A_core,0.02,0.4,0.0,1.0,0.0,1.0,10.509389227369171,wiki_A,autorpa_233k,ours_cap_realized,19937982734.761,1.0,0.0,0.0,184.0,0.0,0.0,0.0,184.0,0.001,184.0,450558534.956,always_reactive,0.11285
h=0.02/q0=0.4/p=0/r=1/sig=0/cf=10.5094,A_core,0.02,0.4,0.0,1.0,0.0,1.0,10.509389227369171,wiki_A,autorpa_233k,ours_pi_prior,19881662917.892,0.997175,0.0,0.0,161.0,0.0,0.0,0.0,161.0,0.001,161.0,394238718.086,always_reactive,0.11285
h=0.02/q0=0.4/p=0/r=1/sig=0/cf=10.5094,A_core,0.02,0.4,0.0,1.0,0.0,1.0,10.509389227369171,wiki_A,autorpa_233k,breakeven,95810570808.628,4.80543,0.0,0.0,31169.0,0.0,0.0,0.0,31169.0,0.0,31169.0,76323146608.911,always_reactive,0.11285
h=0.02/q0=0.4/p=0/r=1/sig=0/cf=10.5094,A_core,0.02,0.4,0.0,1.0,0.0,1.0,10.509389227369171,wiki_A,autorpa_233k,breakeven_cap_epoch,20248966071.386,1.015598,0.0,0.0,311.0,0.0,0.0,0.0,311.0,0.001,311.0,761541871.583,always_reactive,0.11285
h=0.02/q0=0.4/p=0/r=1/sig=0/cf=10.5094,A_core,0.02,0.4,0.0,1.0,0.0,1.0,10.509389227369171,wiki_A,autorpa_233k,offline_taxblind,19487424199.821,0.977402,,,,,,,,,,,always_reactive,0.11285
h=0.02/q0=0.4/p=0/r=1/sig=0/cf=10.5094,A_core,0.02,0.4,0.0,1.0,0.0,1.0,10.509389227369171,wiki_A,autorpa_233k,offline_opt_tax,19487424199.821,0.977402,,,,,,,,,,,always_reactive,0.11285
h=0.02/q0=0.4/p=0/r=1/sig=0/cf=10.5094,A_core,0.02,0.4,0.0,1.0,0.0,1.0,10.509389227369171,wiki_A,native,always_reactive,19487424199.81,0.976076,0.0,0.0,0.0,0.0,0.0,0.0,0.0,0.001,0.0,0.0,always_reactive,0.102418
h=0.02/q0=0.4/p=0/r=1/sig=0/cf=10.5094,A_core,0.02,0.4,0.0,1.0,0.0,1.0,10.509389227369171,wiki_A,native,always_compile_evict,190272724193.731,9.530281,0.0,0.0,62563.0,0.0,0.0,0.0,62563.0,0.0,62563.0,170785299993.635,always_reactive,0.102418
h=0.02/q0=0.4/p=0/r=1/sig=0/cf=10.5094,A_core,0.02,0.4,0.0,1.0,0.0,1.0,10.509389227369171,wiki_A,native,ours_noinflate,19965070111.443,1.0,0.0,0.0,196.0,0.0,0.0,0.0,196.0,0.001,196.0,477645911.638,always_reactive,0.102418
h=0.02/q0=0.4/p=0/r=1/sig=0/cf=10.5094,A_core,0.02,0.4,0.0,1.0,0.0,1.0,10.509389227369171,wiki_A,native,oracle_tax,19487424199.81,0.976076,0.0,0.0,0.0,0.0,0.0,0.0,0.0,0.001,0.0,0.0,always_reactive,0.102418
h=0.02/q0=0.4/p=0/r=1/sig=0/cf=10.5094,A_core,0.02,0.4,0.0,1.0,0.0,1.0,10.509389227369171,wiki_A,native,ours_spend_cap,19965070111.443,1.0,0.0,0.0,196.0,0.0,0.0,0.0,196.0,0.001,196.0,477645911.638,always_reactive,0.102418
h=0.02/q0=0.4/p=0/r=1/sig=0/cf=10.5094,A_core,0.02,0.4,0.0,1.0,0.0,1.0,10.509389227369171,wiki_A,native,ours_cap_epoch,19965070111.443,1.0,0.0,0.0,196.0,0.0,0.0,0.0,196.0,0.001,196.0,477645911.638,always_reactive,0.102418
h=0.02/q0=0.4/p=0/r=1/sig=0/cf=10.5094,A_core,0.02,0.4,0.0,1.0,0.0,1.0,10.509389227369171,wiki_A,native,ours_cap_realized,19965070111.443,1.0,0.0,0.0,196.0,0.0,0.0,0.0,196.0,0.001,196.0,477645911.638,always_reactive,0.102418
h=0.02/q0=0.4/p=0/r=1/sig=0/cf=10.5094,A_core,0.02,0.4,0.0,1.0,0.0,1.0,10.509389227369171,wiki_A,native,ours_pi_prior,19882482768.244,0.995863,0.0,0.0,163.0,0.0,0.0,0.0,163.0,0.001,163.0,395058568.438,always_reactive,0.102418
h=0.02/q0=0.4/p=0/r=1/sig=0/cf=10.5094,A_core,0.02,0.4,0.0,1.0,0.0,1.0,10.509389227369171,wiki_A,native,breakeven,97156887165.456,4.866343,0.0,0.0,31191.0,0.0,0.0,0.0,31191.0,0.0,31191.0,77669462965.657,always_reactive,0.102418
h=0.02/q0=0.4/p=0/r=1/sig=0/cf=10.5094,A_core,0.02,0.4,0.0,1.0,0.0,1.0,10.509389227369171,wiki_A,native,breakeven_cap_epoch,20281138235.952,1.015831,0.0,0.0,323.0,0.0,0.0,0.0,323.0,0.001,323.0,793714036.15,always_reactive,0.102418
h=0.02/q0=0.4/p=0/r=1/sig=0/cf=10.5094,A_core,0.02,0.4,0.0,1.0,0.0,1.0,10.509389227369171,wiki_A,native,offline_taxblind,19487424199.821,0.976076,,,,,,,,,,,always_reactive,0.102418
h=0.02/q0=0.4/p=0/r=1/sig=0/cf=10.5094,A_core,0.02,0.4,0.0,1.0,0.0,1.0,10.509389227369171,wiki_A,native,offline_opt_tax,19487424199.821,0.976076,,,,,,,,,,,always_reactive,0.102418
h=0.02/q0=0.4/p=0/r=1/sig=0/cf=10.5094,A_core,0.02,0.4,0.0,1.0,0.0,1.0,10.509389227369171,wiki_B,autorpa_233k,always_reactive,16977748066.619,0.896553,0.0,0.0,0.0,0.0,0.0,0.0,0.0,0.002,0.0,0.0,always_reactive,0.197869
h=0.02/q0=0.4/p=0/r=1/sig=0/cf=10.5094,A_core,0.02,0.4,0.0,1.0,0.0,1.0,10.509389227369171,wiki_B,autorpa_233k,always_compile_evict,85803012968.788,4.531044,0.0,0.0,28107.0,0.0,0.0,0.0,28107.0,0.0,28107.0,68825264902.184,always_reactive,0.197869
h=0.02/q0=0.4/p=0/r=1/sig=0/cf=10.5094,A_core,0.02,0.4,0.0,1.0,0.0,1.0,10.509389227369171,wiki_B,autorpa_233k,ours_noinflate,18936698218.598,1.0,0.0,0.0,800.0,0.0,0.0,0.0,800.0,0.002,800.0,1958950151.982,always_reactive,0.197869
h=0.02/q0=0.4/p=0/r=1/sig=0/cf=10.5094,A_core,0.02,0.4,0.0,1.0,0.0,1.0,10.509389227369171,wiki_B,autorpa_233k,oracle_tax,16977748066.619,0.896553,0.0,0.0,0.0,0.0,0.0,0.0,0.0,0.002,0.0,0.0,always_reactive,0.197869
h=0.02/q0=0.4/p=0/r=1/sig=0/cf=10.5094,A_core,0.02,0.4,0.0,1.0,0.0,1.0,10.509389227369171,wiki_B,autorpa_233k,ours_spend_cap,18936698218.598,1.0,0.0,0.0,800.0,0.0,0.0,0.0,800.0,0.002,800.0,1958950151.982,always_reactive,0.197869
h=0.02/q0=0.4/p=0/r=1/sig=0/cf=10.5094,A_core,0.02,0.4,0.0,1.0,0.0,1.0,10.509389227369171,wiki_B,autorpa_233k,ours_cap_epoch,18936698218.598,1.0,0.0,0.0,800.0,0.0,0.0,0.0,800.0,0.002,800.0,1958950151.982,always_reactive,0.197869
h=0.02/q0=0.4/p=0/r=1/sig=0/cf=10.5094,A_core,0.02,0.4,0.0,1.0,0.0,1.0,10.509389227369171,wiki_B,autorpa_233k,ours_cap_realized,18936698218.598,1.0,0.0,0.0,800.0,0.0,0.0,0.0,800.0,0.002,800.0,1958950151.982,always_reactive,0.197869
h=0.02/q0=0.4/p=0/r=1/sig=0/cf=10.5094,A_core,0.02,0.4,0.0,1.0,0.0,1.0,10.509389227369171,wiki_B,autorpa_233k,ours_pi_prior,18995466723.157,1.003103,0.0,0.0,824.0,0.0,0.0,0.0,824.0,0.002,824.0,2017718656.541,always_reactive,0.197869
h=0.02/q0=0.4/p=0/r=1/sig=0/cf=10.5094,A_core,0.02,0.4,0.0,1.0,0.0,1.0,10.509389227369171,wiki_B,autorpa_233k,breakeven,39468944499.045,2.084257,0.0,0.0,9185.0,0.0,0.0,0.0,9185.0,0.001,9185.0,22491196432.439,always_reactive,0.197869
h=0.02/q0=0.4/p=0/r=1/sig=0/cf=10.5094,A_core,0.02,0.4,0.0,1.0,0.0,1.0,10.509389227369171,wiki_B,autorpa_233k,breakeven_cap_epoch,20224707943.525,1.068017,0.0,0.0,1326.0,0.0,0.0,0.0,1326.0,0.002,1326.0,3246959876.91,always_reactive,0.197869
h=0.02/q0=0.4/p=0/r=1/sig=0/cf=10.5094,A_core,0.02,0.4,0.0,1.0,0.0,1.0,10.509389227369171,wiki_B,autorpa_233k,offline_taxblind,16977748066.618,0.896553,,,,,,,,,,,always_reactive,0.197869
h=0.02/q0=0.4/p=0/r=1/sig=0/cf=10.5094,A_core,0.02,0.4,0.0,1.0,0.0,1.0,10.509389227369171,wiki_B,autorpa_233k,offline_opt_tax,16977748066.618,0.896553,,,,,,,,,,,always_reactive,0.197869
h=0.02/q0=0.4/p=0/r=1/sig=0/cf=10.5094,A_core,0.02,0.4,0.0,1.0,0.0,1.0,10.509389227369171,wiki_B,native,always_reactive,16977748066.619,0.890228,0.0,0.0,0.0,0.0,0.0,0.0,0.0,0.002,0.0,0.0,always_reactive,0.181465
h=0.02/q0=0.4/p=0/r=1/sig=0/cf=10.5094,A_core,0.02,0.4,0.0,1.0,0.0,1.0,10.509389227369171,wiki_B,native,always_compile_evict,93559438820.81,4.905786,0.0,0.0,28107.0,0.0,0.0,0.0,28107.0,0.0,28107.0,76581690754.206,always_reactive,0.181465
h=0.02/q0=0.4/p=0/r=1/sig=0/cf=10.5094,A_core,0.02,0.4,0.0,1.0,0.0,1.0,10.509389227369171,wiki_B,native,ours_noinflate,19071241710.199,1.0,0.0,0.0,865.0,0.0,0.0,0.0,865.0,0.002,865.0,2093493643.583,always_reactive,0.181465
h=0.02/q0=0.4/p=0/r=1/sig=0/cf=10.5094,A_core,0.02,0.4,0.0,1.0,0.0,1.0,10.509389227369171,wiki_B,native,oracle_tax,16977748066.619,0.890228,0.0,0.0,0.0,0.0,0.0,0.0,0.0,0.002,0.0,0.0,always_reactive,0.181465
h=0.02/q0=0.4/p=0/r=1/sig=0/cf=10.5094,A_core,0.02,0.4,0.0,1.0,0.0,1.0,10.509389227369171,wiki_B,native,ours_spend_cap,19071241710.199,1.0,0.0,0.0,865.0,0.0,0.0,0.0,865.0,0.002,865.0,2093493643.583,always_reactive,0.181465
h=0.02/q0=0.4/p=0/r=1/sig=0/cf=10.5094,A_core,0.02,0.4,0.0,1.0,0.0,1.0,10.509389227369171,wiki_B,native,ours_cap_epoch,19071241710.199,1.0,0.0,0.0,865.0,0.0,0.0,0.0,865.0,0.002,865.0,2093493643.583,always_reactive,0.181465
h=0.02/q0=0.4/p=0/r=1/sig=0/cf=10.5094,A_core,0.02,0.4,0.0,1.0,0.0,1.0,10.509389227369171,wiki_B,native,ours_cap_realized,19071241710.199,1.0,0.0,0.0,865.0,0.0,0.0,0.0,865.0,0.002,865.0,2093493643.583,always_reactive,0.181465
h=0.02/q0=0.4/p=0/r=1/sig=0/cf=10.5094,A_core,0.02,0.4,0.0,1.0,0.0,1.0,10.509389227369171,wiki_B,native,ours_pi_prior,19015030674.393,0.997053,0.0,0.0,837.0,0.0,0.0,0.0,837.0,0.002,837.0,2037282607.777,always_reactive,0.181465
h=0.02/q0=0.4/p=0/r=1/sig=0/cf=10.5094,A_core,0.02,0.4,0.0,1.0,0.0,1.0,10.509389227369171,wiki_B,native,breakeven,39658399457.593,2.079487,0.0,0.0,9363.0,0.0,0.0,0.0,9363.0,0.001,9363.0,22680651390.987,always_reactive,0.181465
h=0.02/q0=0.4/p=0/r=1/sig=0/cf=10.5094,A_core,0.02,0.4,0.0,1.0,0.0,1.0,10.509389227369171,wiki_B,native,breakeven_cap_epoch,20324279001.905,1.065703,0.0,0.0,1363.0,0.0,0.0,0.0,1363.0,0.002,1363.0,3346530935.29,always_reactive,0.181465
h=0.02/q0=0.4/p=0/r=1/sig=0/cf=10.5094,A_core,0.02,0.4,0.0,1.0,0.0,1.0,10.509389227369171,wiki_B,native,offline_taxblind,16977748066.618,0.890228,,,,,,,,,,,always_reactive,0.181465
h=0.02/q0=0.4/p=0/r=1/sig=0/cf=10.5094,A_core,0.02,0.4,0.0,1.0,0.0,1.0,10.509389227369171,wiki_B,native,offline_opt_tax,16977748066.618,0.890228,,,,,,,,,,,always_reactive,0.181465
h=0.02/q0=0.4/p=0/r=1/sig=0/cf=1,A_core,0.02,0.4,0.0,1.0,0.0,1.0,1.0,bpi2019,autorpa_233k,always_reactive,28364744721.458,0.945009,0.0,0.0,0.0,0.0,0.0,0.0,0.0,0.003,0.0,0.0,always_reactive,0.339521
h=0.02/q0=0.4/p=0/r=1/sig=0/cf=1,A_core,0.02,0.4,0.0,1.0,0.0,1.0,1.0,bpi2019,autorpa_233k,always_compile_evict,83543338721.444,2.783357,0.0,0.0,236818.0,0.0,0.0,0.0,236818.0,0.001,236818.0,55178594000.0,always_reactive,0.339521
h=0.02/q0=0.4/p=0/r=1/sig=0/cf=1,A_core,0.02,0.4,0.0,1.0,0.0,1.0,1.0,bpi2019,autorpa_233k,ours_noinflate,30015316721.454,1.0,0.0,0.0,7084.0,0.0,0.0,0.0,7084.0,0.003,7084.0,1650572000.0,always_reactive,0.339521
h=0.02/q0=0.4/p=0/r=1/sig=0/cf=1,A_core,0.02,0.4,0.0,1.0,0.0,1.0,1.0,bpi2019,autorpa_233k,oracle_tax,28364744721.458,0.945009,0.0,0.0,0.0,0.0,0.0,0.0,0.0,0.003,0.0,0.0,always_reactive,0.339521
h=0.02/q0=0.4/p=0/r=1/sig=0/cf=1,A_core,0.02,0.4,0.0,1.0,0.0,1.0,1.0,bpi2019,autorpa_233k,ours_spend_cap,30015316721.454,1.0,0.0,0.0,7084.0,0.0,0.0,0.0,7084.0,0.003,7084.0,1650572000.0,always_reactive,0.339521
h=0.02/q0=0.4/p=0/r=1/sig=0/cf=1,A_core,0.02,0.4,0.0,1.0,0.0,1.0,1.0,bpi2019,autorpa_233k,ours_cap_epoch,30015316721.454,1.0,0.0,0.0,7084.0,0.0,0.0,0.0,7084.0,0.003,7084.0,1650572000.0,always_reactive,0.339521
h=0.02/q0=0.4/p=0/r=1/sig=0/cf=1,A_core,0.02,0.4,0.0,1.0,0.0,1.0,1.0,bpi2019,autorpa_233k,ours_cap_realized,30015316721.454,1.0,0.0,0.0,7084.0,0.0,0.0,0.0,7084.0,0.003,7084.0,1650572000.0,always_reactive,0.339521
h=0.02/q0=0.4/p=0/r=1/sig=0/cf=1,A_core,0.02,0.4,0.0,1.0,0.0,1.0,1.0,bpi2019,autorpa_233k,ours_pi_prior,29904874721.454,0.99632,0.0,0.0,6610.0,0.0,0.0,0.0,6610.0,0.003,6610.0,1540130000.0,always_reactive,0.339521
h=0.02/q0=0.4/p=0/r=1/sig=0/cf=1,A_core,0.02,0.4,0.0,1.0,0.0,1.0,1.0,bpi2019,autorpa_233k,breakeven,41333990721.405,1.377097,0.0,0.0,55662.0,0.0,0.0,0.0,55662.0,0.002,55662.0,12969246000.0,always_reactive,0.339521
h=0.02/q0=0.4/p=0/r=1/sig=0/cf=1,A_core,0.02,0.4,0.0,1.0,0.0,1.0,1.0,bpi2019,autorpa_233k,breakeven_cap_epoch,29865730721.454,0.995016,0.0,0.0,6442.0,0.0,0.0,0.0,6442.0,0.003,6442.0,1500986000.0,always_reactive,0.339521
h=0.02/q0=0.4/p=0/r=1/sig=0/cf=1,A_core,0.02,0.4,0.0,1.0,0.0,1.0,1.0,bpi2019,autorpa_233k,offline_taxblind,28364744721.522,0.945009,,,,,,,,,,,always_reactive,0.339521
h=0.02/q0=0.4/p=0/r=1/sig=0/cf=1,A_core,0.02,0.4,0.0,1.0,0.0,1.0,1.0,bpi2019,autorpa_233k,offline_opt_tax,28364744721.522,0.945009,,,,,,,,,,,always_reactive,0.339521
h=0.02/q0=0.4/p=0/r=1/sig=0/cf=1,A_core,0.02,0.4,0.0,1.0,0.0,1.0,1.0,bpi2019,native,always_reactive,28364744721.458,0.945794,0.0,0.0,0.0,0.0,0.0,0.0,0.0,0.003,0.0,0.0,always_reactive,0.282192
h=0.02/q0=0.4/p=0/r=1/sig=0/cf=1,A_core,0.02,0.4,0.0,1.0,0.0,1.0,1.0,bpi2019,native,always_compile_evict,100515928654.272,3.351602,0.0,0.0,236818.0,0.0,0.0,0.0,236818.0,0.001,236818.0,72151183932.887,always_reactive,0.282192
h=0.02/q0=0.4/p=0/r=1/sig=0/cf=1,A_core,0.02,0.4,0.0,1.0,0.0,1.0,1.0,bpi2019,native,ours_noinflate,29990409226.13,1.0,0.0,0.0,7164.0,0.0,0.0,0.0,7164.0,0.003,7164.0,1625664504.673,always_reactive,0.282192
h=0.02/q0=0.4/p=0/r=1/sig=0/cf=1,A_core,0.02,0.4,0.0,1.0,0.0,1.0,1.0,bpi2019,native,oracle_tax,28364744721.458,0.945794,0.0,0.0,0.0,0.0,0.0,0.0,0.0,0.003,0.0,0.0,always_reactive,0.282192
h=0.02/q0=0.4/p=0/r=1/sig=0/cf=1,A_core,0.02,0.4,0.0,1.0,0.0,1.0,1.0,bpi2019,native,ours_spend_cap,29990409226.13,1.0,0.0,0.0,7164.0,0.0,0.0,0.0,7164.0,0.003,7164.0,1625664504.673,always_reactive,0.282192
h=0.02/q0=0.4/p=0/r=1/sig=0/cf=1,A_core,0.02,0.4,0.0,1.0,0.0,1.0,1.0,bpi2019,native,ours_cap_epoch,29990409226.13,1.0,0.0,0.0,7164.0,0.0,0.0,0.0,7164.0,0.003,7164.0,1625664504.673,always_reactive,0.282192
h=0.02/q0=0.4/p=0/r=1/sig=0/cf=1,A_core,0.02,0.4,0.0,1.0,0.0,1.0,1.0,bpi2019,native,ours_cap_realized,29990409226.13,1.0,0.0,0.0,7164.0,0.0,0.0,0.0,7164.0,0.003,7164.0,1625664504.673,always_reactive,0.282192
h=0.02/q0=0.4/p=0/r=1/sig=0/cf=1,A_core,0.02,0.4,0.0,1.0,0.0,1.0,1.0,bpi2019,native,ours_pi_prior,29889117675.693,0.996623,0.0,0.0,6684.0,0.0,0.0,0.0,6684.0,0.003,6684.0,1524372954.236,always_reactive,0.282192
h=0.02/q0=0.4/p=0/r=1/sig=0/cf=1,A_core,0.02,0.4,0.0,1.0,0.0,1.0,1.0,bpi2019,native,breakeven,41376493976.46,1.379658,0.0,0.0,53674.0,0.0,0.0,0.0,53674.0,0.002,53674.0,13011749255.053,always_reactive,0.282192
h=0.02/q0=0.4/p=0/r=1/sig=0/cf=1,A_core,0.02,0.4,0.0,1.0,0.0,1.0,1.0,bpi2019,native,breakeven_cap_epoch,29863959460.489,0.995784,0.0,0.0,6503.0,0.0,0.0,0.0,6503.0,0.003,6503.0,1499214739.032,always_reactive,0.282192
h=0.02/q0=0.4/p=0/r=1/sig=0/cf=1,A_core,0.02,0.4,0.0,1.0,0.0,1.0,1.0,bpi2019,native,offline_taxblind,28364744721.522,0.945794,,,,,,,,,,,always_reactive,0.282192
h=0.02/q0=0.4/p=0/r=1/sig=0/cf=1,A_core,0.02,0.4,0.0,1.0,0.0,1.0,1.0,bpi2019,native,offline_opt_tax,28364744721.522,0.945794,,,,,,,,,,,always_reactive,0.282192
h=0.02/q0=0.4/p=0/r=1/sig=0/cf=1,A_core,0.02,0.4,0.0,1.0,0.0,1.0,1.0,sepsis,autorpa_233k,always_reactive,187135368.565,0.927265,0.0,0.0,0.0,0.0,0.0,0.0,0.0,0.002,0.0,0.0,always_reactive,0.84976
h=0.02/q0=0.4/p=0/r=1/sig=0/cf=1,A_core,0.02,0.4,0.0,1.0,0.0,1.0,1.0,sepsis,autorpa_233k,always_compile_evict,220221368.565,1.091208,0.0,0.0,142.0,0.0,0.0,0.0,142.0,0.002,142.0,33086000.0,always_reactive,0.84976
h=0.02/q0=0.4/p=0/r=1/sig=0/cf=1,A_core,0.02,0.4,0.0,1.0,0.0,1.0,1.0,sepsis,autorpa_233k,ours_noinflate,201814368.565,1.0,0.0,0.0,63.0,0.0,0.0,0.0,63.0,0.002,63.0,14679000.0,always_reactive,0.84976
h=0.02/q0=0.4/p=0/r=1/sig=0/cf=1,A_core,0.02,0.4,0.0,1.0,0.0,1.0,1.0,sepsis,autorpa_233k,oracle_tax,187135368.565,0.927265,0.0,0.0,0.0,0.0,0.0,0.0,0.0,0.002,0.0,0.0,always_reactive,0.84976
h=0.02/q0=0.4/p=0/r=1/sig=0/cf=1,A_core,0.02,0.4,0.0,1.0,0.0,1.0,1.0,sepsis,autorpa_233k,ours_spend_cap,201814368.565,1.0,0.0,0.0,63.0,0.0,0.0,0.0,63.0,0.002,63.0,14679000.0,always_reactive,0.84976
h=0.02/q0=0.4/p=0/r=1/sig=0/cf=1,A_core,0.02,0.4,0.0,1.0,0.0,1.0,1.0,sepsis,autorpa_233k,ours_cap_epoch,201814368.565,1.0,0.0,0.0,63.0,0.0,0.0,0.0,63.0,0.002,63.0,14679000.0,always_reactive,0.84976
h=0.02/q0=0.4/p=0/r=1/sig=0/cf=1,A_core,0.02,0.4,0.0,1.0,0.0,1.0,1.0,sepsis,autorpa_233k,ours_cap_realized,201814368.565,1.0,0.0,0.0,63.0,0.0,0.0,0.0,63.0,0.002,63.0,14679000.0,always_reactive,0.84976
h=0.02/q0=0.4/p=0/r=1/sig=0/cf=1,A_core,0.02,0.4,0.0,1.0,0.0,1.0,1.0,sepsis,autorpa_233k,ours_pi_prior,199717368.565,0.989609,0.0,0.0,54.0,0.0,0.0,0.0,54.0,0.002,54.0,12582000.0,always_reactive,0.84976
h=0.02/q0=0.4/p=0/r=1/sig=0/cf=1,A_core,0.02,0.4,0.0,1.0,0.0,1.0,1.0,sepsis,autorpa_233k,breakeven,201348368.565,0.997691,0.0,0.0,61.0,0.0,0.0,0.0,61.0,0.002,61.0,14213000.0,always_reactive,0.84976
h=0.02/q0=0.4/p=0/r=1/sig=0/cf=1,A_core,0.02,0.4,0.0,1.0,0.0,1.0,1.0,sepsis,autorpa_233k,breakeven_cap_epoch,201115368.565,0.996536,0.0,0.0,60.0,0.0,0.0,0.0,60.0,0.002,60.0,13980000.0,always_reactive,0.84976
h=0.02/q0=0.4/p=0/r=1/sig=0/cf=1,A_core,0.02,0.4,0.0,1.0,0.0,1.0,1.0,sepsis,autorpa_233k,offline_taxblind,187135368.565,0.927265,,,,,,,,,,,always_reactive,0.84976
h=0.02/q0=0.4/p=0/r=1/sig=0/cf=1,A_core,0.02,0.4,0.0,1.0,0.0,1.0,1.0,sepsis,autorpa_233k,offline_opt_tax,187135368.565,0.927265,,,,,,,,,,,always_reactive,0.84976
h=0.02/q0=0.4/p=0/r=1/sig=0/cf=1,A_core,0.02,0.4,0.0,1.0,0.0,1.0,1.0,sepsis,native,always_reactive,187135368.565,0.924895,0.0,0.0,0.0,0.0,0.0,0.0,0.0,0.002,0.0,0.0,always_reactive,0.837302
h=0.02/q0=0.4/p=0/r=1/sig=0/cf=1,A_core,0.02,0.4,0.0,1.0,0.0,1.0,1.0,sepsis,native,always_compile_evict,223498154.892,1.104614,0.0,0.0,142.0,0.0,0.0,0.0,142.0,0.002,142.0,36362786.327,always_reactive,0.837302
h=0.02/q0=0.4/p=0/r=1/sig=0/cf=1,A_core,0.02,0.4,0.0,1.0,0.0,1.0,1.0,sepsis,native,ours_noinflate,202331435.392,1.0,0.0,0.0,65.0,0.0,0.0,0.0,65.0,0.002,65.0,15196066.827,always_reactive,0.837302
h=0.02/q0=0.4/p=0/r=1/sig=0/cf=1,A_core,0.02,0.4,0.0,1.0,0.0,1.0,1.0,sepsis,native,oracle_tax,187135368.565,0.924895,0.0,0.0,0.0,0.0,0.0,0.0,0.0,0.002,0.0,0.0,always_reactive,0.837302
h=0.02/q0=0.4/p=0/r=1/sig=0/cf=1,A_core,0.02,0.4,0.0,1.0,0.0,1.0,1.0,sepsis,native,ours_spend_cap,202331435.392,1.0,0.0,0.0,65.0,0.0,0.0,0.0,65.0,0.002,65.0,15196066.827,always_reactive,0.837302
h=0.02/q0=0.4/p=0/r=1/sig=0/cf=1,A_core,0.02,0.4,0.0,1.0,0.0,1.0,1.0,sepsis,native,ours_cap_epoch,202331435.392,1.0,0.0,0.0,65.0,0.0,0.0,0.0,65.0,0.002,65.0,15196066.827,always_reactive,0.837302
h=0.02/q0=0.4/p=0/r=1/sig=0/cf=1,A_core,0.02,0.4,0.0,1.0,0.0,1.0,1.0,sepsis,native,ours_cap_realized,202331435.392,1.0,0.0,0.0,65.0,0.0,0.0,0.0,65.0,0.002,65.0,15196066.827,always_reactive,0.837302
h=0.02/q0=0.4/p=0/r=1/sig=0/cf=1,A_core,0.02,0.4,0.0,1.0,0.0,1.0,1.0,sepsis,native,ours_pi_prior,199994624.446,0.988451,0.0,0.0,54.0,0.0,0.0,0.0,54.0,0.002,54.0,12859255.882,always_reactive,0.837302
h=0.02/q0=0.4/p=0/r=1/sig=0/cf=1,A_core,0.02,0.4,0.0,1.0,0.0,1.0,1.0,sepsis,native,breakeven,201567342.656,0.996224,0.0,0.0,61.0,0.0,0.0,0.0,61.0,0.002,61.0,14431974.091,always_reactive,0.837302
h=0.02/q0=0.4/p=0/r=1/sig=0/cf=1,A_core,0.02,0.4,0.0,1.0,0.0,1.0,1.0,sepsis,native,breakeven_cap_epoch,201329208.287,0.995047,0.0,0.0,60.0,0.0,0.0,0.0,60.0,0.002,60.0,14193839.723,always_reactive,0.837302
h=0.02/q0=0.4/p=0/r=1/sig=0/cf=1,A_core,0.02,0.4,0.0,1.0,0.0,1.0,1.0,sepsis,native,offline_taxblind,187135368.565,0.924895,,,,,,,,,,,always_reactive,0.837302
h=0.02/q0=0.4/p=0/r=1/sig=0/cf=1,A_core,0.02,0.4,0.0,1.0,0.0,1.0,1.0,sepsis,native,offline_opt_tax,187135368.565,0.924895,,,,,,,,,,,always_reactive,0.837302
h=0.02/q0=0.4/p=0/r=1/sig=0/cf=1,A_core,0.02,0.4,0.0,1.0,0.0,1.0,1.0,wiki_A,autorpa_233k,always_reactive,19487424199.81,0.981332,0.0,0.0,0.0,0.0,0.0,0.0,0.0,0.001,0.0,0.0,always_reactive,0.572073
h=0.02/q0=0.4/p=0/r=1/sig=0/cf=1,A_core,0.02,0.4,0.0,1.0,0.0,1.0,1.0,wiki_A,autorpa_233k,always_compile_evict,34064603199.786,1.715399,0.0,0.0,62563.0,0.0,0.0,0.0,62563.0,0.001,62563.0,14577179000.0,always_reactive,0.572073
h=0.02/q0=0.4/p=0/r=1/sig=0/cf=1,A_core,0.02,0.4,0.0,1.0,0.0,1.0,1.0,wiki_A,autorpa_233k,ours_noinflate,19858127199.806,1.0,0.0,0.0,1591.0,0.0,0.0,0.0,1591.0,0.001,1591.0,370703000.0,always_reactive,0.572073
h=0.02/q0=0.4/p=0/r=1/sig=0/cf=1,A_core,0.02,0.4,0.0,1.0,0.0,1.0,1.0,wiki_A,autorpa_233k,oracle_tax,19487424199.81,0.981332,0.0,0.0,0.0,0.0,0.0,0.0,0.0,0.001,0.0,0.0,always_reactive,0.572073
h=0.02/q0=0.4/p=0/r=1/sig=0/cf=1,A_core,0.02,0.4,0.0,1.0,0.0,1.0,1.0,wiki_A,autorpa_233k,ours_spend_cap,19858127199.806,1.0,0.0,0.0,1591.0,0.0,0.0,0.0,1591.0,0.001,1591.0,370703000.0,always_reactive,0.572073
h=0.02/q0=0.4/p=0/r=1/sig=0/cf=1,A_core,0.02,0.4,0.0,1.0,0.0,1.0,1.0,wiki_A,autorpa_233k,ours_cap_epoch,19858127199.806,1.0,0.0,0.0,1591.0,0.0,0.0,0.0,1591.0,0.001,1591.0,370703000.0,always_reactive,0.572073
h=0.02/q0=0.4/p=0/r=1/sig=0/cf=1,A_core,0.02,0.4,0.0,1.0,0.0,1.0,1.0,wiki_A,autorpa_233k,ours_cap_realized,19858127199.806,1.0,0.0,0.0,1591.0,0.0,0.0,0.0,1591.0,0.001,1591.0,370703000.0,always_reactive,0.572073
h=0.02/q0=0.4/p=0/r=1/sig=0/cf=1,A_core,0.02,0.4,0.0,1.0,0.0,1.0,1.0,wiki_A,autorpa_233k,ours_pi_prior,19815488199.806,0.997853,0.0,0.0,1408.0,0.0,0.0,0.0,1408.0,0.001,1408.0,328064000.0,always_reactive,0.572073
h=0.02/q0=0.4/p=0/r=1/sig=0/cf=1,A_core,0.02,0.4,0.0,1.0,0.0,1.0,1.0,wiki_A,autorpa_233k,breakeven,26749801199.788,1.347046,0.0,0.0,31169.0,0.0,0.0,0.0,31169.0,0.001,31169.0,7262377000.0,always_reactive,0.572073
h=0.02/q0=0.4/p=0/r=1/sig=0/cf=1,A_core,0.02,0.4,0.0,1.0,0.0,1.0,1.0,wiki_A,autorpa_233k,breakeven_cap_epoch,19844613199.805,0.999319,0.0,0.0,1533.0,0.0,0.0,0.0,1533.0,0.001,1533.0,357189000.0,always_reactive,0.572073
h=0.02/q0=0.4/p=0/r=1/sig=0/cf=1,A_core,0.02,0.4,0.0,1.0,0.0,1.0,1.0,wiki_A,autorpa_233k,offline_taxblind,19487424199.821,0.981332,,,,,,,,,,,always_reactive,0.572073
h=0.02/q0=0.4/p=0/r=1/sig=0/cf=1,A_core,0.02,0.4,0.0,1.0,0.0,1.0,1.0,wiki_A,autorpa_233k,offline_opt_tax,19487424199.821,0.981332,,,,,,,,,,,always_reactive,0.572073
h=0.02/q0=0.4/p=0/r=1/sig=0/cf=1,A_core,0.02,0.4,0.0,1.0,0.0,1.0,1.0,wiki_A,native,always_reactive,19487424199.81,0.981559,0.0,0.0,0.0,0.0,0.0,0.0,0.0,0.001,0.0,0.0,always_reactive,0.545283
h=0.02/q0=0.4/p=0/r=1/sig=0/cf=1,A_core,0.02,0.4,0.0,1.0,0.0,1.0,1.0,wiki_A,native,always_compile_evict,35738159261.454,1.800089,0.0,0.0,62563.0,0.0,0.0,0.0,62563.0,0.001,62563.0,16250735061.639,always_reactive,0.545283
h=0.02/q0=0.4/p=0/r=1/sig=0/cf=1,A_core,0.02,0.4,0.0,1.0,0.0,1.0,1.0,wiki_A,native,ours_noinflate,19853546805.56,1.0,0.0,0.0,1601.0,0.0,0.0,0.0,1601.0,0.001,1601.0,366122605.755,always_reactive,0.545283
h=0.02/q0=0.4/p=0/r=1/sig=0/cf=1,A_core,0.02,0.4,0.0,1.0,0.0,1.0,1.0,wiki_A,native,oracle_tax,19487424199.81,0.981559,0.0,0.0,0.0,0.0,0.0,0.0,0.0,0.001,0.0,0.0,always_reactive,0.545283
h=0.02/q0=0.4/p=0/r=1/sig=0/cf=1,A_core,0.02,0.4,0.0,1.0,0.0,1.0,1.0,wiki_A,native,ours_spend_cap,19853546805.56,1.0,0.0,0.0,1601.0,0.0,0.0,0.0,1601.0,0.001,1601.0,366122605.755,always_reactive,0.545283
h=0.02/q0=0.4/p=0/r=1/sig=0/cf=1,A_core,0.02,0.4,0.0,1.0,0.0,1.0,1.0,wiki_A,native,ours_cap_epoch,19853546805.56,1.0,0.0,0.0,1601.0,0.0,0.0,0.0,1601.0,0.001,1601.0,366122605.755,always_reactive,0.545283
h=0.02/q0=0.4/p=0/r=1/sig=0/cf=1,A_core,0.02,0.4,0.0,1.0,0.0,1.0,1.0,wiki_A,native,ours_cap_realized,19853546805.56,1.0,0.0,0.0,1601.0,0.0,0.0,0.0,1601.0,0.001,1601.0,366122605.755,always_reactive,0.545283
h=0.02/q0=0.4/p=0/r=1/sig=0/cf=1,A_core,0.02,0.4,0.0,1.0,0.0,1.0,1.0,wiki_A,native,ours_pi_prior,19814678154.551,0.998042,0.0,0.0,1450.0,0.0,0.0,0.0,1450.0,0.001,1450.0,327253954.745,always_reactive,0.545283
h=0.02/q0=0.4/p=0/r=1/sig=0/cf=1,A_core,0.02,0.4,0.0,1.0,0.0,1.0,1.0,wiki_A,native,breakeven,26877907251.222,1.353809,0.0,0.0,31191.0,0.0,0.0,0.0,31191.0,0.001,31191.0,7390483051.423,always_reactive,0.545283
h=0.02/q0=0.4/p=0/r=1/sig=0/cf=1,A_core,0.02,0.4,0.0,1.0,0.0,1.0,1.0,wiki_A,native,breakeven_cap_epoch,19842550703.932,0.999446,0.0,0.0,1533.0,0.0,0.0,0.0,1533.0,0.001,1533.0,355126504.127,always_reactive,0.545283
h=0.02/q0=0.4/p=0/r=1/sig=0/cf=1,A_core,0.02,0.4,0.0,1.0,0.0,1.0,1.0,wiki_A,native,offline_taxblind,19487424199.821,0.981559,,,,,,,,,,,always_reactive,0.545283
h=0.02/q0=0.4/p=0/r=1/sig=0/cf=1,A_core,0.02,0.4,0.0,1.0,0.0,1.0,1.0,wiki_A,native,offline_opt_tax,19487424199.821,0.981559,,,,,,,,,,,always_reactive,0.545283
h=0.02/q0=0.4/p=0/r=1/sig=0/cf=1,A_core,0.02,0.4,0.0,1.0,0.0,1.0,1.0,wiki_B,autorpa_233k,always_reactive,16977748066.619,0.932685,0.0,0.0,0.0,0.0,0.0,0.0,0.0,0.002,0.0,0.0,always_reactive,0.721638
h=0.02/q0=0.4/p=0/r=1/sig=0/cf=1,A_core,0.02,0.4,0.0,1.0,0.0,1.0,1.0,wiki_B,autorpa_233k,always_compile_evict,23526679066.613,1.292455,0.0,0.0,28107.0,0.0,0.0,0.0,28107.0,0.002,28107.0,6548931000.0,always_reactive,0.721638
h=0.02/q0=0.4/p=0/r=1/sig=0/cf=1,A_core,0.02,0.4,0.0,1.0,0.0,1.0,1.0,wiki_B,autorpa_233k,ours_noinflate,18203095066.617,1.0,0.0,0.0,5259.0,0.0,0.0,0.0,5259.0,0.002,5259.0,1225347000.0,always_reactive,0.721638
h=0.02/q0=0.4/p=0/r=1/sig=0/cf=1,A_core,0.02,0.4,0.0,1.0,0.0,1.0,1.0,wiki_B,autorpa_233k,oracle_tax,16977748066.619,0.932685,0.0,0.0,0.0,0.0,0.0,0.0,0.0,0.002,0.0,0.0,always_reactive,0.721638
h=0.02/q0=0.4/p=0/r=1/sig=0/cf=1,A_core,0.02,0.4,0.0,1.0,0.0,1.0,1.0,wiki_B,autorpa_233k,ours_spend_cap,18203095066.617,1.0,0.0,0.0,5259.0,0.0,0.0,0.0,5259.0,0.002,5259.0,1225347000.0,always_reactive,0.721638
h=0.02/q0=0.4/p=0/r=1/sig=0/cf=1,A_core,0.02,0.4,0.0,1.0,0.0,1.0,1.0,wiki_B,autorpa_233k,ours_cap_epoch,18203095066.617,1.0,0.0,0.0,5259.0,0.0,0.0,0.0,5259.0,0.002,5259.0,1225347000.0,always_reactive,0.721638
h=0.02/q0=0.4/p=0/r=1/sig=0/cf=1,A_core,0.02,0.4,0.0,1.0,0.0,1.0,1.0,wiki_B,autorpa_233k,ours_cap_realized,18203095066.617,1.0,0.0,0.0,5259.0,0.0,0.0,0.0,5259.0,0.002,5259.0,1225347000.0,always_reactive,0.721638
h=0.02/q0=0.4/p=0/r=1/sig=0/cf=1,A_core,0.02,0.4,0.0,1.0,0.0,1.0,1.0,wiki_B,autorpa_233k,ours_pi_prior,18096847066.617,0.994163,0.0,0.0,4803.0,0.0,0.0,0.0,4803.0,0.002,4803.0,1119099000.0,always_reactive,0.721638
h=0.02/q0=0.4/p=0/r=1/sig=0/cf=1,A_core,0.02,0.4,0.0,1.0,0.0,1.0,1.0,wiki_B,autorpa_233k,breakeven,19117853066.616,1.050253,0.0,0.0,9185.0,0.0,0.0,0.0,9185.0,0.002,9185.0,2140105000.0,always_reactive,0.721638
h=0.02/q0=0.4/p=0/r=1/sig=0/cf=1,A_core,0.02,0.4,0.0,1.0,0.0,1.0,1.0,wiki_B,autorpa_233k,breakeven_cap_epoch,17951921066.618,0.986202,0.0,0.0,4181.0,0.0,0.0,0.0,4181.0,0.002,4181.0,974173000.0,always_reactive,0.721638
h=0.02/q0=0.4/p=0/r=1/sig=0/cf=1,A_core,0.02,0.4,0.0,1.0,0.0,1.0,1.0,wiki_B,autorpa_233k,offline_taxblind,16977748066.618,0.932685,,,,,,,,,,,always_reactive,0.721638
h=0.02/q0=0.4/p=0/r=1/sig=0/cf=1,A_core,0.02,0.4,0.0,1.0,0.0,1.0,1.0,wiki_B,autorpa_233k,offline_opt_tax,16977748066.618,0.932685,,,,,,,,,,,always_reactive,0.721638
h=0.02/q0=0.4/p=0/r=1/sig=0/cf=1,A_core,0.02,0.4,0.0,1.0,0.0,1.0,1.0,wiki_B,native,always_reactive,16977748066.619,0.933288,0.0,0.0,0.0,0.0,0.0,0.0,0.0,0.002,0.0,0.0,always_reactive,0.699688
h=0.02/q0=0.4/p=0/r=1/sig=0/cf=1,A_core,0.02,0.4,0.0,1.0,0.0,1.0,1.0,wiki_B,native,always_compile_evict,24264726319.81,1.333862,0.0,0.0,28107.0,0.0,0.0,0.0,28107.0,0.002,28107.0,7286978253.195,always_reactive,0.699688
h=0.02/q0=0.4/p=0/r=1/sig=0/cf=1,A_core,0.02,0.4,0.0,1.0,0.0,1.0,1.0,wiki_B,native,ours_noinflate,18191325753.771,1.0,0.0,0.0,5318.0,0.0,0.0,0.0,5318.0,0.002,5318.0,1213577687.155,always_reactive,0.699688
h=0.02/q0=0.4/p=0/r=1/sig=0/cf=1,A_core,0.02,0.4,0.0,1.0,0.0,1.0,1.0,wiki_B,native,oracle_tax,16977748066.619,0.933288,0.0,0.0,0.0,0.0,0.0,0.0,0.0,0.002,0.0,0.0,always_reactive,0.699688
h=0.02/q0=0.4/p=0/r=1/sig=0/cf=1,A_core,0.02,0.4,0.0,1.0,0.0,1.0,1.0,wiki_B,native,ours_spend_cap,18191325753.771,1.0,0.0,0.0,5318.0,0.0,0.0,0.0,5318.0,0.002,5318.0,1213577687.155,always_reactive,0.699688
h=0.02/q0=0.4/p=0/r=1/sig=0/cf=1,A_core,0.02,0.4,0.0,1.0,0.0,1.0,1.0,wiki_B,native,ours_cap_epoch,18191325753.771,1.0,0.0,0.0,5318.0,0.0,0.0,0.0,5318.0,0.002,5318.0,1213577687.155,always_reactive,0.699688
h=0.02/q0=0.4/p=0/r=1/sig=0/cf=1,A_core,0.02,0.4,0.0,1.0,0.0,1.0,1.0,wiki_B,native,ours_cap_realized,18191325753.771,1.0,0.0,0.0,5318.0,0.0,0.0,0.0,5318.0,0.002,5318.0,1213577687.155,always_reactive,0.699688
h=0.02/q0=0.4/p=0/r=1/sig=0/cf=1,A_core,0.02,0.4,0.0,1.0,0.0,1.0,1.0,wiki_B,native,ours_pi_prior,18093881328.699,0.994643,0.0,0.0,4861.0,0.0,0.0,0.0,4861.0,0.002,4861.0,1116133262.082,always_reactive,0.699688
h=0.02/q0=0.4/p=0/r=1/sig=0/cf=1,A_core,0.02,0.4,0.0,1.0,0.0,1.0,1.0,wiki_B,native,breakeven,19135880275.852,1.051923,0.0,0.0,9363.0,0.0,0.0,0.0,9363.0,0.002,9363.0,2158132209.236,always_reactive,0.699688
h=0.02/q0=0.4/p=0/r=1/sig=0/cf=1,A_core,0.02,0.4,0.0,1.0,0.0,1.0,1.0,wiki_B,native,breakeven_cap_epoch,17948851603.203,0.986671,0.0,0.0,4197.0,0.0,0.0,0.0,4197.0,0.002,4197.0,971103536.586,always_reactive,0.699688
h=0.02/q0=0.4/p=0/r=1/sig=0/cf=1,A_core,0.02,0.4,0.0,1.0,0.0,1.0,1.0,wiki_B,native,offline_taxblind,16977748066.618,0.933288,,,,,,,,,,,always_reactive,0.699688
h=0.02/q0=0.4/p=0/r=1/sig=0/cf=1,A_core,0.02,0.4,0.0,1.0,0.0,1.0,1.0,wiki_B,native,offline_opt_tax,16977748066.618,0.933288,,,,,,,,,,,always_reactive,0.699688
h=0.02/q0=0.4/p=1/r=1/sig=0/cf=1,A_core,0.02,0.4,1.0,1.0,0.0,1.0,1.0,bpi2019,autorpa_233k,always_reactive,28364744721.458,1.798004,0.0,0.0,0.0,0.0,0.0,0.0,0.0,0.003,0.0,0.0,ours_noinflate,0.992082
h=0.02/q0=0.4/p=1/r=1/sig=0/cf=1,A_core,0.02,0.4,1.0,1.0,0.0,1.0,1.0,bpi2019,autorpa_233k,always_compile_evict,15901593668.304,1.007981,51.6,79.7,6614.1,4753.9,0.0,97576.3,5593.7,0.075,0.0,0.0,ours_noinflate,0.992082
h=0.02/q0=0.4/p=1/r=1/sig=0/cf=1,A_core,0.02,0.4,1.0,1.0,0.0,1.0,1.0,bpi2019,autorpa_233k,ours_noinflate,15775682231.016,1.0,40.5,64.4,5026.0,4026.6,0.0,82441.1,4186.7,0.064,0.0,0.0,ours_noinflate,0.992082
h=0.02/q0=0.4/p=1/r=1/sig=0/cf=1,A_core,0.02,0.4,1.0,1.0,0.0,1.0,1.0,bpi2019,autorpa_233k,oracle_tax,24188840644.243,1.533299,73.9,75.8,619.2,545.3,0.0,10961.1,348.7,0.022,0.0,0.0,ours_noinflate,0.992082
h=0.02/q0=0.4/p=1/r=1/sig=0/cf=1,A_core,0.02,0.4,1.0,1.0,0.0,1.0,1.0,bpi2019,autorpa_233k,ours_spend_cap,15775682231.016,1.0,40.5,64.4,5026.0,4026.6,0.0,82441.1,4186.7,0.064,0.0,0.0,ours_noinflate,0.992082
h=0.02/q0=0.4/p=1/r=1/sig=0/cf=1,A_core,0.02,0.4,1.0,1.0,0.0,1.0,1.0,bpi2019,autorpa_233k,ours_cap_epoch,15775682231.016,1.0,40.5,64.4,5026.0,4026.6,0.0,82441.1,4186.7,0.064,0.0,0.0,ours_noinflate,0.992082
h=0.02/q0=0.4/p=1/r=1/sig=0/cf=1,A_core,0.02,0.4,1.0,1.0,0.0,1.0,1.0,bpi2019,autorpa_233k,ours_cap_realized,15775682231.016,1.0,40.5,64.4,5026.0,4026.6,0.0,82441.1,4186.7,0.064,0.0,0.0,ours_noinflate,0.992082
h=0.02/q0=0.4/p=1/r=1/sig=0/cf=1,A_core,0.02,0.4,1.0,1.0,0.0,1.0,1.0,bpi2019,autorpa_233k,ours_pi_prior,15955100312.777,1.011373,38.5,61.4,4712.4,3809.9,0.0,77944.9,3903.2,0.061,0.0,0.0,ours_noinflate,0.992082
h=0.02/q0=0.4/p=1/r=1/sig=0/cf=1,A_core,0.02,0.4,1.0,1.0,0.0,1.0,1.0,bpi2019,autorpa_233k,breakeven,28174547912.556,1.785948,0.0,8.6,808.8,73.1,0.0,1497.7,393.6,0.004,0.0,0.0,ours_noinflate,0.992082
h=0.02/q0=0.4/p=1/r=1/sig=0/cf=1,A_core,0.02,0.4,1.0,1.0,0.0,1.0,1.0,bpi2019,autorpa_233k,breakeven_cap_epoch,28174547912.556,1.785948,0.0,8.6,808.8,73.1,0.0,1497.7,393.6,0.004,0.0,0.0,ours_noinflate,0.992082
h=0.02/q0=0.4/p=1/r=1/sig=0/cf=1,A_core,0.02,0.4,1.0,1.0,0.0,1.0,1.0,bpi2019,autorpa_233k,offline_taxblind,14078259058.386,0.892403,,,,,,,,,,,ours_noinflate,0.992082
h=0.02/q0=0.4/p=1/r=1/sig=0/cf=1,A_core,0.02,0.4,1.0,1.0,0.0,1.0,1.0,bpi2019,autorpa_233k,offline_opt_tax,14584993415.086,0.924524,,,,,,,,,,,ours_noinflate,0.992082
h=0.02/q0=0.4/p=1/r=1/sig=0/cf=1,A_core,0.02,0.4,1.0,1.0,0.0,1.0,1.0,bpi2019,native,always_reactive,28364744721.458,1.748133,0.0,0.0,0.0,0.0,0.0,0.0,0.0,0.003,0.0,0.0,ours_noinflate,0.991317
h=0.02/q0=0.4/p=1/r=1/sig=0/cf=1,A_core,0.02,0.4,1.0,1.0,0.0,1.0,1.0,bpi2019,native,always_compile_evict,16367863013.664,1.008759,50.3,80.8,6614.1,4753.9,0.0,97576.3,5519.8,0.077,0.0,0.0,ours_noinflate,0.991317
h=0.02/q0=0.4/p=1/r=1/sig=0/cf=1,A_core,0.02,0.4,1.0,1.0,0.0,1.0,1.0,bpi2019,native,ours_noinflate,16225734323.059,1.0,46.1,76.5,5673.5,4603.7,0.0,94476.3,4788.1,0.069,0.0,0.0,ours_noinflate,0.991317
h=0.02/q0=0.4/p=1/r=1/sig=0/cf=1,A_core,0.02,0.4,1.0,1.0,0.0,1.0,1.0,bpi2019,native,oracle_tax,24208768346.139,1.491998,74.7,76.3,613.6,538.9,0.0,10857.5,344.1,0.022,0.0,0.0,ours_noinflate,0.991317
h=0.02/q0=0.4/p=1/r=1/sig=0/cf=1,A_core,0.02,0.4,1.0,1.0,0.0,1.0,1.0,bpi2019,native,ours_spend_cap,16225734323.059,1.0,46.1,76.5,5673.5,4603.7,0.0,94476.3,4788.1,0.069,0.0,0.0,ours_noinflate,0.991317
h=0.02/q0=0.4/p=1/r=1/sig=0/cf=1,A_core,0.02,0.4,1.0,1.0,0.0,1.0,1.0,bpi2019,native,ours_cap_epoch,16225734323.059,1.0,46.1,76.5,5673.5,4603.7,0.0,94476.3,4788.1,0.069,0.0,0.0,ours_noinflate,0.991317
h=0.02/q0=0.4/p=1/r=1/sig=0/cf=1,A_core,0.02,0.4,1.0,1.0,0.0,1.0,1.0,bpi2019,native,ours_cap_realized,16225734323.059,1.0,46.1,76.5,5673.5,4603.7,0.0,94476.3,4788.1,0.069,0.0,0.0,ours_noinflate,0.991317
h=0.02/q0=0.4/p=1/r=1/sig=0/cf=1,A_core,0.02,0.4,1.0,1.0,0.0,1.0,1.0,bpi2019,native,ours_pi_prior,16417244265.815,1.011803,39.4,67.0,5091.8,4164.5,0.0,85572.2,4236.6,0.061,0.0,0.0,ours_noinflate,0.991317
h=0.02/q0=0.4/p=1/r=1/sig=0/cf=1,A_core,0.02,0.4,1.0,1.0,0.0,1.0,1.0,bpi2019,native,breakeven,28176304825.421,1.73652,0.0,8.7,822.5,80.9,0.0,1622.0,402.9,0.004,0.0,0.0,ours_noinflate,0.991317
h=0.02/q0=0.4/p=1/r=1/sig=0/cf=1,A_core,0.02,0.4,1.0,1.0,0.0,1.0,1.0,bpi2019,native,breakeven_cap_epoch,28176304825.421,1.73652,0.0,8.7,822.5,80.9,0.0,1622.0,402.9,0.004,0.0,0.0,ours_noinflate,0.991317
h=0.02/q0=0.4/p=1/r=1/sig=0/cf=1,A_core,0.02,0.4,1.0,1.0,0.0,1.0,1.0,bpi2019,native,offline_taxblind,14434292766.135,0.889593,,,,,,,,,,,ours_noinflate,0.991317
h=0.02/q0=0.4/p=1/r=1/sig=0/cf=1,A_core,0.02,0.4,1.0,1.0,0.0,1.0,1.0,bpi2019,native,offline_opt_tax,14936418482.699,0.920539,,,,,,,,,,,ours_noinflate,0.991317
h=0.02/q0=0.4/p=1/r=1/sig=0/cf=1,A_core,0.02,0.4,1.0,1.0,0.0,1.0,1.0,sepsis,autorpa_233k,always_reactive,187135368.565,1.124009,0.0,0.0,0.0,0.0,0.0,0.0,0.0,0.002,0.0,0.0,ours_noinflate,0.98037
h=0.02/q0=0.4/p=1/r=1/sig=0/cf=1,A_core,0.02,0.4,1.0,1.0,0.0,1.0,1.0,sepsis,autorpa_233k,always_compile_evict,169822878.586,1.020023,18.6,19.9,29.4,2.9,0.0,59.3,22.0,0.008,0.0,0.0,ours_noinflate,0.98037
h=0.02/q0=0.4/p=1/r=1/sig=0/cf=1,A_core,0.02,0.4,1.0,1.0,0.0,1.0,1.0,sepsis,autorpa_233k,ours_noinflate,166489226.627,1.0,5.9,6.9,8.5,1.6,0.0,29.7,3.1,0.004,0.0,0.0,ours_noinflate,0.98037
h=0.02/q0=0.4/p=1/r=1/sig=0/cf=1,A_core,0.02,0.4,1.0,1.0,0.0,1.0,1.0,sepsis,autorpa_233k,oracle_tax,165624637.307,0.994807,5.9,6.0,7.5,1.6,0.0,36.4,0.1,0.005,0.0,0.0,ours_noinflate,0.98037
h=0.02/q0=0.4/p=1/r=1/sig=0/cf=1,A_core,0.02,0.4,1.0,1.0,0.0,1.0,1.0,sepsis,autorpa_233k,ours_spend_cap,166489226.627,1.0,5.9,6.9,8.5,1.6,0.0,29.7,3.1,0.004,0.0,0.0,ours_noinflate,0.98037
h=0.02/q0=0.4/p=1/r=1/sig=0/cf=1,A_core,0.02,0.4,1.0,1.0,0.0,1.0,1.0,sepsis,autorpa_233k,ours_cap_epoch,166489226.627,1.0,5.9,6.9,8.5,1.6,0.0,29.7,3.1,0.004,0.0,0.0,ours_noinflate,0.98037
h=0.02/q0=0.4/p=1/r=1/sig=0/cf=1,A_core,0.02,0.4,1.0,1.0,0.0,1.0,1.0,sepsis,autorpa_233k,ours_cap_realized,166489226.627,1.0,5.9,6.9,8.5,1.6,0.0,29.7,3.1,0.004,0.0,0.0,ours_noinflate,0.98037
h=0.02/q0=0.4/p=1/r=1/sig=0/cf=1,A_core,0.02,0.4,1.0,1.0,0.0,1.0,1.0,sepsis,autorpa_233k,ours_pi_prior,166558163.32,1.000414,4.0,5.0,6.5,1.5,0.0,27.9,1.1,0.004,0.0,0.0,ours_noinflate,0.98037
h=0.02/q0=0.4/p=1/r=1/sig=0/cf=1,A_core,0.02,0.4,1.0,1.0,0.0,1.0,1.0,sepsis,autorpa_233k,breakeven,178246892.356,1.070621,2.1,2.2,6.0,1.1,0.0,13.4,1.0,0.003,0.0,0.0,ours_noinflate,0.98037
h=0.02/q0=0.4/p=1/r=1/sig=0/cf=1,A_core,0.02,0.4,1.0,1.0,0.0,1.0,1.0,sepsis,autorpa_233k,breakeven_cap_epoch,178246892.356,1.070621,2.1,2.2,6.0,1.1,0.0,13.4,1.0,0.003,0.0,0.0,ours_noinflate,0.98037
h=0.02/q0=0.4/p=1/r=1/sig=0/cf=1,A_core,0.02,0.4,1.0,1.0,0.0,1.0,1.0,sepsis,autorpa_233k,offline_taxblind,143147971.949,0.859803,,,,,,,,,,,ours_noinflate,0.98037
h=0.02/q0=0.4/p=1/r=1/sig=0/cf=1,A_core,0.02,0.4,1.0,1.0,0.0,1.0,1.0,sepsis,autorpa_233k,offline_opt_tax,149470008.614,0.897776,,,,,,,,,,,ours_noinflate,0.98037
h=0.02/q0=0.4/p=1/r=1/sig=0/cf=1,A_core,0.02,0.4,1.0,1.0,0.0,1.0,1.0,sepsis,native,always_reactive,187135368.565,1.123095,0.0,0.0,0.0,0.0,0.0,0.0,0.0,0.002,0.0,0.0,ours_noinflate,0.977873
h=0.02/q0=0.4/p=1/r=1/sig=0/cf=1,A_core,0.02,0.4,1.0,1.0,0.0,1.0,1.0,sepsis,native,always_compile_evict,170394955.667,1.022627,19.5,19.8,29.4,2.9,0.0,59.3,21.2,0.008,0.0,0.0,ours_noinflate,0.977873
h=0.02/q0=0.4/p=1/r=1/sig=0/cf=1,A_core,0.02,0.4,1.0,1.0,0.0,1.0,1.0,sepsis,native,ours_noinflate,166624668.643,1.0,6.7,7.7,9.5,1.8,0.0,29.4,4.1,0.004,0.0,0.0,ours_noinflate,0.977873
h=0.02/q0=0.4/p=1/r=1/sig=0/cf=1,A_core,0.02,0.4,1.0,1.0,0.0,1.0,1.0,sepsis,native,oracle_tax,165715499.059,0.994544,6.3,6.6,8.5,2.2,0.0,39.8,0.3,0.005,0.0,0.0,ours_noinflate,0.977873
h=0.02/q0=0.4/p=1/r=1/sig=0/cf=1,A_core,0.02,0.4,1.0,1.0,0.0,1.0,1.0,sepsis,native,ours_spend_cap,166624668.643,1.0,6.7,7.7,9.5,1.8,0.0,29.4,4.1,0.004,0.0,0.0,ours_noinflate,0.977873
h=0.02/q0=0.4/p=1/r=1/sig=0/cf=1,A_core,0.02,0.4,1.0,1.0,0.0,1.0,1.0,sepsis,native,ours_cap_epoch,166624668.643,1.0,6.7,7.7,9.5,1.8,0.0,29.4,4.1,0.004,0.0,0.0,ours_noinflate,0.977873
h=0.02/q0=0.4/p=1/r=1/sig=0/cf=1,A_core,0.02,0.4,1.0,1.0,0.0,1.0,1.0,sepsis,native,ours_cap_realized,166624668.643,1.0,6.7,7.7,9.5,1.8,0.0,29.4,4.1,0.004,0.0,0.0,ours_noinflate,0.977873
h=0.02/q0=0.4/p=1/r=1/sig=0/cf=1,A_core,0.02,0.4,1.0,1.0,0.0,1.0,1.0,sepsis,native,ours_pi_prior,166863693.373,1.001435,5.0,6.0,7.5,1.5,0.0,27.0,2.1,0.004,0.0,0.0,ours_noinflate,0.977873
h=0.02/q0=0.4/p=1/r=1/sig=0/cf=1,A_core,0.02,0.4,1.0,1.0,0.0,1.0,1.0,sepsis,native,breakeven,178165281.322,1.069261,2.2,3.2,6.0,1.0,0.0,13.1,1.0,0.003,0.0,0.0,ours_noinflate,0.977873
h=0.02/q0=0.4/p=1/r=1/sig=0/cf=1,A_core,0.02,0.4,1.0,1.0,0.0,1.0,1.0,sepsis,native,breakeven_cap_epoch,178165281.322,1.069261,2.2,3.2,6.0,1.0,0.0,13.1,1.0,0.003,0.0,0.0,ours_noinflate,0.977873
h=0.02/q0=0.4/p=1/r=1/sig=0/cf=1,A_core,0.02,0.4,1.0,1.0,0.0,1.0,1.0,sepsis,native,offline_taxblind,143733180.655,0.862616,,,,,,,,,,,ours_noinflate,0.977873
h=0.02/q0=0.4/p=1/r=1/sig=0/cf=1,A_core,0.02,0.4,1.0,1.0,0.0,1.0,1.0,sepsis,native,offline_opt_tax,150086356.92,0.900745,,,,,,,,,,,ours_noinflate,0.977873
h=0.02/q0=0.4/p=1/r=1/sig=0/cf=1,A_core,0.02,0.4,1.0,1.0,0.0,1.0,1.0,wiki_A,autorpa_233k,always_reactive,19487424199.81,2.211363,0.0,0.0,0.0,0.0,0.0,0.0,0.0,0.001,0.0,0.0,ours_noinflate,0.999675
h=0.02/q0=0.4/p=1/r=1/sig=0/cf=1,A_core,0.02,0.4,1.0,1.0,0.0,1.0,1.0,wiki_A,autorpa_233k,always_compile_evict,8815266701.263,1.000325,9.8,45.3,1569.9,1261.3,0.0,25762.0,781.0,0.013,0.0,0.0,ours_noinflate,0.999675
h=0.02/q0=0.4/p=1/r=1/sig=0/cf=1,A_core,0.02,0.4,1.0,1.0,0.0,1.0,1.0,wiki_A,autorpa_233k,ours_noinflate,8812405138.991,1.0,8.8,36.4,1313.3,1145.7,0.0,23417.1,558.2,0.011,0.0,0.0,ours_noinflate,0.999675
h=0.02/q0=0.4/p=1/r=1/sig=0/cf=1,A_core,0.02,0.4,1.0,1.0,0.0,1.0,1.0,wiki_A,autorpa_233k,oracle_tax,9481635904.378,1.075942,35.8,36.3,699.3,663.5,0.0,13418.1,214.3,0.014,0.0,0.0,ours_noinflate,0.999675
h=0.02/q0=0.4/p=1/r=1/sig=0/cf=1,A_core,0.02,0.4,1.0,1.0,0.0,1.0,1.0,wiki_A,autorpa_233k,ours_spend_cap,8812405138.991,1.0,8.8,36.4,1313.3,1145.7,0.0,23417.1,558.2,0.011,0.0,0.0,ours_noinflate,0.999675
h=0.02/q0=0.4/p=1/r=1/sig=0/cf=1,A_core,0.02,0.4,1.0,1.0,0.0,1.0,1.0,wiki_A,autorpa_233k,ours_cap_epoch,8812405138.991,1.0,8.8,36.4,1313.3,1145.7,0.0,23417.1,558.2,0.011,0.0,0.0,ours_noinflate,0.999675
h=0.02/q0=0.4/p=1/r=1/sig=0/cf=1,A_core,0.02,0.4,1.0,1.0,0.0,1.0,1.0,wiki_A,autorpa_233k,ours_cap_realized,8812405138.991,1.0,8.8,36.4,1313.3,1145.7,0.0,23417.1,558.2,0.011,0.0,0.0,ours_noinflate,0.999675
h=0.02/q0=0.4/p=1/r=1/sig=0/cf=1,A_core,0.02,0.4,1.0,1.0,0.0,1.0,1.0,wiki_A,autorpa_233k,ours_pi_prior,9114512618.407,1.034282,9.7,34.3,979.7,823.6,0.0,16734.6,278.1,0.01,0.0,0.0,ours_noinflate,0.999675
h=0.02/q0=0.4/p=1/r=1/sig=0/cf=1,A_core,0.02,0.4,1.0,1.0,0.0,1.0,1.0,wiki_A,autorpa_233k,breakeven,18283890232.223,2.07479,0.0,7.0,481.9,350.9,0.0,7262.7,252.7,0.002,0.0,0.0,ours_noinflate,0.999675
h=0.02/q0=0.4/p=1/r=1/sig=0/cf=1,A_core,0.02,0.4,1.0,1.0,0.0,1.0,1.0,wiki_A,autorpa_233k,breakeven_cap_epoch,18283890232.223,2.07479,0.0,7.0,481.9,350.9,0.0,7262.7,252.7,0.002,0.0,0.0,ours_noinflate,0.999675
h=0.02/q0=0.4/p=1/r=1/sig=0/cf=1,A_core,0.02,0.4,1.0,1.0,0.0,1.0,1.0,wiki_A,autorpa_233k,offline_taxblind,8591382773.396,0.974919,,,,,,,,,,,ours_noinflate,0.999675
h=0.02/q0=0.4/p=1/r=1/sig=0/cf=1,A_core,0.02,0.4,1.0,1.0,0.0,1.0,1.0,wiki_A,autorpa_233k,offline_opt_tax,8645324377.172,0.98104,,,,,,,,,,,ours_noinflate,0.999675
h=0.02/q0=0.4/p=1/r=1/sig=0/cf=1,A_core,0.02,0.4,1.0,1.0,0.0,1.0,1.0,wiki_A,native,always_reactive,19487424199.81,2.202636,0.0,0.0,0.0,0.0,0.0,0.0,0.0,0.001,0.0,0.0,ours_noinflate,0.998321
h=0.02/q0=0.4/p=1/r=1/sig=0/cf=1,A_core,0.02,0.4,1.0,1.0,0.0,1.0,1.0,wiki_A,native,always_compile_evict,8862202613.769,1.001682,11.7,47.2,1569.9,1261.3,0.0,25762.0,775.5,0.013,0.0,0.0,ours_noinflate,0.998321
h=0.02/q0=0.4/p=1/r=1/sig=0/cf=1,A_core,0.02,0.4,1.0,1.0,0.0,1.0,1.0,wiki_A,native,ours_noinflate,8847320059.815,1.0,10.5,36.0,1408.7,1228.3,0.0,25048.9,644.0,0.01,0.0,0.0,ours_noinflate,0.998321
h=0.02/q0=0.4/p=1/r=1/sig=0/cf=1,A_core,0.02,0.4,1.0,1.0,0.0,1.0,1.0,wiki_A,native,oracle_tax,9488021079.544,1.072418,36.5,37.1,694.0,657.5,0.0,13316.8,219.0,0.015,0.0,0.0,ours_noinflate,0.998321
h=0.02/q0=0.4/p=1/r=1/sig=0/cf=1,A_core,0.02,0.4,1.0,1.0,0.0,1.0,1.0,wiki_A,native,ours_spend_cap,8847320059.815,1.0,10.5,36.0,1408.7,1228.3,0.0,25048.9,644.0,0.01,0.0,0.0,ours_noinflate,0.998321
h=0.02/q0=0.4/p=1/r=1/sig=0/cf=1,A_core,0.02,0.4,1.0,1.0,0.0,1.0,1.0,wiki_A,native,ours_cap_epoch,8847320059.815,1.0,10.5,36.0,1408.7,1228.3,0.0,25048.9,644.0,0.01,0.0,0.0,ours_noinflate,0.998321
h=0.02/q0=0.4/p=1/r=1/sig=0/cf=1,A_core,0.02,0.4,1.0,1.0,0.0,1.0,1.0,wiki_A,native,ours_cap_realized,8847320059.815,1.0,10.5,36.0,1408.7,1228.3,0.0,25048.9,644.0,0.01,0.0,0.0,ours_noinflate,0.998321
h=0.02/q0=0.4/p=1/r=1/sig=0/cf=1,A_core,0.02,0.4,1.0,1.0,0.0,1.0,1.0,wiki_A,native,ours_pi_prior,9127965480.656,1.031721,10.5,31.9,1002.5,840.8,0.0,17075.6,295.5,0.009,0.0,0.0,ours_noinflate,0.998321
h=0.02/q0=0.4/p=1/r=1/sig=0/cf=1,A_core,0.02,0.4,1.0,1.0,0.0,1.0,1.0,wiki_A,native,breakeven,18324243682.923,2.071163,0.0,7.5,470.9,337.2,0.0,6937.2,248.8,0.002,0.0,0.0,ours_noinflate,0.998321
h=0.02/q0=0.4/p=1/r=1/sig=0/cf=1,A_core,0.02,0.4,1.0,1.0,0.0,1.0,1.0,wiki_A,native,breakeven_cap_epoch,18324243682.923,2.071163,0.0,7.5,470.9,337.2,0.0,6937.2,248.8,0.002,0.0,0.0,ours_noinflate,0.998321
h=0.02/q0=0.4/p=1/r=1/sig=0/cf=1,A_core,0.02,0.4,1.0,1.0,0.0,1.0,1.0,wiki_A,native,offline_taxblind,8628282742.371,0.975243,,,,,,,,,,,ours_noinflate,0.998321
h=0.02/q0=0.4/p=1/r=1/sig=0/cf=1,A_core,0.02,0.4,1.0,1.0,0.0,1.0,1.0,wiki_A,native,offline_opt_tax,8681760265.844,0.981287,,,,,,,,,,,ours_noinflate,0.998321
h=0.02/q0=0.4/p=1/r=1/sig=0/cf=1,A_core,0.02,0.4,1.0,1.0,0.0,1.0,1.0,wiki_B,autorpa_233k,always_reactive,16977748066.619,1.162366,0.0,0.0,0.0,0.0,0.0,0.0,0.0,0.002,0.0,0.0,ours_noinflate,0.988088
h=0.02/q0=0.4/p=1/r=1/sig=0/cf=1,A_core,0.02,0.4,1.0,1.0,0.0,1.0,1.0,wiki_B,autorpa_233k,always_compile_evict,14782280105.242,1.012055,66.9,85.5,2260.2,561.0,0.0,11583.4,1569.4,0.036,0.0,0.0,ours_noinflate,0.988088
h=0.02/q0=0.4/p=1/r=1/sig=0/cf=1,A_core,0.02,0.4,1.0,1.0,0.0,1.0,1.0,wiki_B,autorpa_233k,ours_noinflate,14606199446.656,1.0,51.5,65.5,1326.4,416.8,0.0,8689.2,716.1,0.028,0.0,0.0,ours_noinflate,0.988088
h=0.02/q0=0.4/p=1/r=1/sig=0/cf=1,A_core,0.02,0.4,1.0,1.0,0.0,1.0,1.0,wiki_B,autorpa_233k,oracle_tax,15291495614.631,1.046918,108.2,108.5,262.2,154.0,0.0,3162.4,85.5,0.025,0.0,0.0,ours_noinflate,0.988088
h=0.02/q0=0.4/p=1/r=1/sig=0/cf=1,A_core,0.02,0.4,1.0,1.0,0.0,1.0,1.0,wiki_B,autorpa_233k,ours_spend_cap,14606199446.656,1.0,51.5,65.5,1326.4,416.8,0.0,8689.2,716.1,0.028,0.0,0.0,ours_noinflate,0.988088
h=0.02/q0=0.4/p=1/r=1/sig=0/cf=1,A_core,0.02,0.4,1.0,1.0,0.0,1.0,1.0,wiki_B,autorpa_233k,ours_cap_epoch,14606199446.656,1.0,51.5,65.5,1326.4,416.8,0.0,8689.2,716.1,0.028,0.0,0.0,ours_noinflate,0.988088
h=0.02/q0=0.4/p=1/r=1/sig=0/cf=1,A_core,0.02,0.4,1.0,1.0,0.0,1.0,1.0,wiki_B,autorpa_233k,ours_cap_realized,14606199446.656,1.0,51.5,65.5,1326.4,416.8,0.0,8689.2,716.1,0.028,0.0,0.0,ours_noinflate,0.988088
h=0.02/q0=0.4/p=1/r=1/sig=0/cf=1,A_core,0.02,0.4,1.0,1.0,0.0,1.0,1.0,wiki_B,autorpa_233k,ours_pi_prior,14617475311.403,1.000772,51.5,62.0,1230.5,394.6,0.0,8263.0,652.2,0.026,0.0,0.0,ours_noinflate,0.988088
h=0.02/q0=0.4/p=1/r=1/sig=0/cf=1,A_core,0.02,0.4,1.0,1.0,0.0,1.0,1.0,wiki_B,autorpa_233k,breakeven,16825180352.801,1.15192,4.0,12.3,642.7,50.8,0.0,1009.6,279.3,0.004,0.0,0.0,ours_noinflate,0.988088
h=0.02/q0=0.4/p=1/r=1/sig=0/cf=1,A_core,0.02,0.4,1.0,1.0,0.0,1.0,1.0,wiki_B,autorpa_233k,breakeven_cap_epoch,16825180352.801,1.15192,4.0,12.3,642.7,50.8,0.0,1009.6,279.3,0.004,0.0,0.0,ours_noinflate,0.988088
h=0.02/q0=0.4/p=1/r=1/sig=0/cf=1,A_core,0.02,0.4,1.0,1.0,0.0,1.0,1.0,wiki_B,autorpa_233k,offline_taxblind,12365380186.425,0.846584,,,,,,,,,,,ours_noinflate,0.988088
h=0.02/q0=0.4/p=1/r=1/sig=0/cf=1,A_core,0.02,0.4,1.0,1.0,0.0,1.0,1.0,wiki_B,autorpa_233k,offline_opt_tax,12553353610.777,0.859454,,,,,,,,,,,ours_noinflate,0.988088
h=0.02/q0=0.4/p=1/r=1/sig=0/cf=1,A_core,0.02,0.4,1.0,1.0,0.0,1.0,1.0,wiki_B,native,always_reactive,16977748066.619,1.157675,0.0,0.0,0.0,0.0,0.0,0.0,0.0,0.002,0.0,0.0,ours_pi_prior,0.985425
h=0.02/q0=0.4/p=1/r=1/sig=0/cf=1,A_core,0.02,0.4,1.0,1.0,0.0,1.0,1.0,wiki_B,native,always_compile_evict,14869791737.059,1.013938,72.6,82.2,2260.2,561.0,0.0,11583.4,1549.7,0.037,0.0,0.0,ours_pi_prior,0.985425
h=0.02/q0=0.4/p=1/r=1/sig=0/cf=1,A_core,0.02,0.4,1.0,1.0,0.0,1.0,1.0,wiki_B,native,ours_noinflate,14665380919.354,1.0,64.0,72.4,1438.3,459.5,0.0,9556.5,813.5,0.029,0.0,0.0,ours_pi_prior,0.985425
h=0.02/q0=0.4/p=1/r=1/sig=0/cf=1,A_core,0.02,0.4,1.0,1.0,0.0,1.0,1.0,wiki_B,native,oracle_tax,15294052319.339,1.042868,109.6,110.0,263.6,154.0,0.0,3160.9,86.0,0.025,0.0,0.0,ours_pi_prior,0.985425
h=0.02/q0=0.4/p=1/r=1/sig=0/cf=1,A_core,0.02,0.4,1.0,1.0,0.0,1.0,1.0,wiki_B,native,ours_spend_cap,14665380919.354,1.0,64.0,72.4,1438.3,459.5,0.0,9556.5,813.5,0.029,0.0,0.0,ours_pi_prior,0.985425
h=0.02/q0=0.4/p=1/r=1/sig=0/cf=1,A_core,0.02,0.4,1.0,1.0,0.0,1.0,1.0,wiki_B,native,ours_cap_epoch,14665380919.354,1.0,64.0,72.4,1438.3,459.5,0.0,9556.5,813.5,0.029,0.0,0.0,ours_pi_prior,0.985425
h=0.02/q0=0.4/p=1/r=1/sig=0/cf=1,A_core,0.02,0.4,1.0,1.0,0.0,1.0,1.0,wiki_B,native,ours_cap_realized,14665380919.354,1.0,64.0,72.4,1438.3,459.5,0.0,9556.5,813.5,0.029,0.0,0.0,ours_pi_prior,0.985425
h=0.02/q0=0.4/p=1/r=1/sig=0/cf=1,A_core,0.02,0.4,1.0,1.0,0.0,1.0,1.0,wiki_B,native,ours_pi_prior,14653063029.387,0.99916,59.7,63.5,1289.0,415.4,0.0,8665.6,700.3,0.026,0.0,0.0,ours_pi_prior,0.985425
h=0.02/q0=0.4/p=1/r=1/sig=0/cf=1,A_core,0.02,0.4,1.0,1.0,0.0,1.0,1.0,wiki_B,native,breakeven,16830528107.622,1.147637,3.8,12.2,639.4,46.9,0.0,931.3,281.8,0.004,0.0,0.0,ours_pi_prior,0.985425
h=0.02/q0=0.4/p=1/r=1/sig=0/cf=1,A_core,0.02,0.4,1.0,1.0,0.0,1.0,1.0,wiki_B,native,breakeven_cap_epoch,16830528107.622,1.147637,3.8,12.2,639.4,46.9,0.0,931.3,281.8,0.004,0.0,0.0,ours_pi_prior,0.985425
h=0.02/q0=0.4/p=1/r=1/sig=0/cf=1,A_core,0.02,0.4,1.0,1.0,0.0,1.0,1.0,wiki_B,native,offline_taxblind,12433666116.299,0.847824,,,,,,,,,,,ours_pi_prior,0.985425
h=0.02/q0=0.4/p=1/r=1/sig=0/cf=1,A_core,0.02,0.4,1.0,1.0,0.0,1.0,1.0,wiki_B,native,offline_opt_tax,12618823819.797,0.86045,,,,,,,,,,,ours_pi_prior,0.985425
h=0.1/q0=0.17/p=0.3/r=1/sig=0/cf=10.5094,B_q0,0.1,0.17,0.3,1.0,0.0,1.0,10.509389227369171,bpi2019,autorpa_233k,always_reactive,28364744721.458,0.989617,0.0,0.0,0.0,0.0,0.0,0.0,0.0,0.003,0.0,0.0,always_reactive,0.21164
h=0.1/q0=0.17/p=0.3/r=1/sig=0/cf=10.5094,B_q0,0.1,0.17,0.3,1.0,0.0,1.0,10.509389227369171,bpi2019,autorpa_233k,always_compile_evict,134023505348.249,4.675942,66.2,110.5,66825.7,18987.1,0.0,48125.8,66139.4,0.014,46789.2,114572138063.872,always_reactive,0.21164
h=0.1/q0=0.17/p=0.3/r=1/sig=0/cf=10.5094,B_q0,0.1,0.17,0.3,1.0,0.0,1.0,10.509389227369171,bpi2019,autorpa_233k,ours_noinflate,28662356178.629,1.0,1.4,6.7,319.4,65.3,0.0,169.3,248.1,0.005,222.5,544833011.02,always_reactive,0.21164
h=0.1/q0=0.17/p=0.3/r=1/sig=0/cf=10.5094,B_q0,0.1,0.17,0.3,1.0,0.0,1.0,10.509389227369171,bpi2019,autorpa_233k,oracle_tax,29435440955.246,1.026972,19.1,24.5,1038.2,284.4,0.0,692.8,845.2,0.005,734.7,1799050845.826,always_reactive,0.21164
h=0.1/q0=0.17/p=0.3/r=1/sig=0/cf=10.5094,B_q0,0.1,0.17,0.3,1.0,0.0,1.0,10.509389227369171,bpi2019,autorpa_233k,ours_spend_cap,28602758602.942,0.997921,1.3,5.9,232.1,43.0,0.0,108.5,170.7,0.004,159.7,391055424.089,always_reactive,0.21164
h=0.1/q0=0.17/p=0.3/r=1/sig=0/cf=10.5094,B_q0,0.1,0.17,0.3,1.0,0.0,1.0,10.509389227369171,bpi2019,autorpa_233k,ours_cap_epoch,28607078343.506,0.998071,1.3,6.1,238.5,44.4,0.0,113.2,176.4,0.004,164.6,403053993.77,always_reactive,0.21164
h=0.1/q0=0.17/p=0.3/r=1/sig=0/cf=10.5094,B_q0,0.1,0.17,0.3,1.0,0.0,1.0,10.509389227369171,bpi2019,autorpa_233k,ours_cap_realized,28650368957.117,0.999582,1.3,6.5,296.5,59.0,0.0,151.0,228.0,0.005,206.7,506143745.518,always_reactive,0.21164
h=0.1/q0=0.17/p=0.3/r=1/sig=0/cf=10.5094,B_q0,0.1,0.17,0.3,1.0,0.0,1.0,10.509389227369171,bpi2019,autorpa_233k,ours_pi_prior,28690488435.99,1.000982,1.0,7.5,335.5,67.5,0.0,173.8,265.0,0.005,238.4,583767145.291,always_reactive,0.21164
h=0.1/q0=0.17/p=0.3/r=1/sig=0/cf=10.5094,B_q0,0.1,0.17,0.3,1.0,0.0,1.0,10.509389227369171,bpi2019,autorpa_233k,breakeven,33001225103.454,1.151379,2.7,13.4,2811.4,323.9,0.0,827.6,2456.2,0.005,1970.3,4824649355.562,always_reactive,0.21164
h=0.1/q0=0.17/p=0.3/r=1/sig=0/cf=10.5094,B_q0,0.1,0.17,0.3,1.0,0.0,1.0,10.509389227369171,bpi2019,autorpa_233k,breakeven_cap_epoch,30034453910.69,1.047871,0.6,7.8,1020.6,85.5,0.0,221.9,871.5,0.004,711.2,1741506685.112,always_reactive,0.21164
h=0.1/q0=0.17/p=0.3/r=1/sig=0/cf=10.5094,B_q0,0.1,0.17,0.3,1.0,0.0,1.0,10.509389227369171,bpi2019,autorpa_233k,offline_taxblind,20734213726.27,0.723395,,,,,,,,,,,always_reactive,0.21164
h=0.1/q0=0.17/p=0.3/r=1/sig=0/cf=10.5094,B_q0,0.1,0.17,0.3,1.0,0.0,1.0,10.509389227369171,bpi2019,autorpa_233k,offline_opt_tax,21130902774.469,0.737235,,,,,,,,,,,always_reactive,0.21164
h=0.1/q0=0.17/p=0.3/r=1/sig=0/cf=10.5094,B_q0,0.1,0.17,0.3,1.0,0.0,1.0,10.509389227369171,bpi2019,native,always_reactive,28364744721.458,0.989202,0.0,0.0,0.0,0.0,0.0,0.0,0.0,0.003,0.0,0.0,always_reactive,0.167217
h=0.1/q0=0.17/p=0.3/r=1/sig=0/cf=10.5094,B_q0,0.1,0.17,0.3,1.0,0.0,1.0,10.509389227369171,bpi2019,native,always_compile_evict,169628598690.343,5.915686,65.3,112.9,66825.7,18987.1,0.0,48125.8,66124.7,0.011,46789.2,148730706096.866,always_reactive,0.167217
h=0.1/q0=0.17/p=0.3/r=1/sig=0/cf=10.5094,B_q0,0.1,0.17,0.3,1.0,0.0,1.0,10.509389227369171,bpi2019,native,ours_noinflate,28674374608.32,1.0,1.0,6.7,317.1,64.4,0.0,167.3,246.0,0.005,220.8,552584405.411,always_reactive,0.167217
h=0.1/q0=0.17/p=0.3/r=1/sig=0/cf=10.5094,B_q0,0.1,0.17,0.3,1.0,0.0,1.0,10.509389227369171,bpi2019,native,oracle_tax,29449403905.803,1.027029,18.8,24.1,1021.3,280.2,0.0,682.3,834.4,0.005,722.3,1807067625.65,always_reactive,0.167217
h=0.1/q0=0.17/p=0.3/r=1/sig=0/cf=10.5094,B_q0,0.1,0.17,0.3,1.0,0.0,1.0,10.509389227369171,bpi2019,native,ours_spend_cap,28612384357.574,0.997838,0.9,5.8,231.9,42.6,0.0,107.9,170.4,0.004,159.5,399172158.8,always_reactive,0.167217
h=0.1/q0=0.17/p=0.3/r=1/sig=0/cf=10.5094,B_q0,0.1,0.17,0.3,1.0,0.0,1.0,10.509389227369171,bpi2019,native,ours_cap_epoch,28617007384.851,0.997999,0.9,6.0,238.3,44.0,0.0,112.6,176.1,0.005,164.4,411435127.942,always_reactive,0.167217
h=0.1/q0=0.17/p=0.3/r=1/sig=0/cf=10.5094,B_q0,0.1,0.17,0.3,1.0,0.0,1.0,10.509389227369171,bpi2019,native,ours_cap_realized,28660455573.185,0.999515,0.9,6.4,294.7,58.3,0.0,149.9,226.4,0.005,205.2,513543115.898,always_reactive,0.167217
h=0.1/q0=0.17/p=0.3/r=1/sig=0/cf=10.5094,B_q0,0.1,0.17,0.3,1.0,0.0,1.0,10.509389227369171,bpi2019,native,ours_pi_prior,28702935581.451,1.000996,0.6,7.6,332.5,66.7,0.0,171.6,262.8,0.005,236.3,591375430.247,always_reactive,0.167217
h=0.1/q0=0.17/p=0.3/r=1/sig=0/cf=10.5094,B_q0,0.1,0.17,0.3,1.0,0.0,1.0,10.509389227369171,bpi2019,native,breakeven,33529584556.891,1.169322,3.4,13.2,2916.1,338.5,0.0,871.1,2558.1,0.005,2048.1,5346335424.632,always_reactive,0.167217
h=0.1/q0=0.17/p=0.3/r=1/sig=0/cf=10.5094,B_q0,0.1,0.17,0.3,1.0,0.0,1.0,10.509389227369171,bpi2019,native,breakeven_cap_epoch,30113631371.64,1.050193,1.2,7.4,1044.0,86.1,0.0,224.7,896.7,0.004,730.4,1820806449.545,always_reactive,0.167217
h=0.1/q0=0.17/p=0.3/r=1/sig=0/cf=10.5094,B_q0,0.1,0.17,0.3,1.0,0.0,1.0,10.509389227369171,bpi2019,native,offline_taxblind,20893629922.097,0.728652,,,,,,,,,,,always_reactive,0.167217
h=0.1/q0=0.17/p=0.3/r=1/sig=0/cf=10.5094,B_q0,0.1,0.17,0.3,1.0,0.0,1.0,10.509389227369171,bpi2019,native,offline_opt_tax,21291580935.72,0.74253,,,,,,,,,,,always_reactive,0.167217
h=0.1/q0=0.17/p=0.3/r=1/sig=0/cf=10.5094,B_q0,0.1,0.17,0.3,1.0,0.0,1.0,10.509389227369171,sepsis,autorpa_233k,always_reactive,187135368.565,0.97774,0.0,0.0,0.0,0.0,0.0,0.0,0.0,0.002,0.0,0.0,always_reactive,0.619466
h=0.1/q0=0.17/p=0.3/r=1/sig=0/cf=10.5094,B_q0,0.1,0.17,0.3,1.0,0.0,1.0,10.509389227369171,sepsis,autorpa_233k,always_compile_evict,302091653.411,1.57836,11.4,12.9,75.5,8.6,0.0,22.0,66.5,0.003,53.3,130515053.876,always_reactive,0.619466
h=0.1/q0=0.17/p=0.3/r=1/sig=0/cf=10.5094,B_q0,0.1,0.17,0.3,1.0,0.0,1.0,10.509389227369171,sepsis,autorpa_233k,ours_noinflate,191395913.196,1.0,0.2,0.6,4.4,1.0,0.0,1.9,3.2,0.002,3.2,7835800.608,always_reactive,0.619466
h=0.1/q0=0.17/p=0.3/r=1/sig=0/cf=10.5094,B_q0,0.1,0.17,0.3,1.0,0.0,1.0,10.509389227369171,sepsis,autorpa_233k,oracle_tax,216430750.039,1.130801,1.7,2.7,25.7,4.9,0.0,10.9,19.2,0.002,19.1,46769934.879,always_reactive,0.619466
h=0.1/q0=0.17/p=0.3/r=1/sig=0/cf=10.5094,B_q0,0.1,0.17,0.3,1.0,0.0,1.0,10.509389227369171,sepsis,autorpa_233k,ours_spend_cap,189722758.137,0.991258,0.1,0.6,3.6,1.0,0.0,1.9,2.5,0.002,2.5,6121719.225,always_reactive,0.619466
h=0.1/q0=0.17/p=0.3/r=1/sig=0/cf=10.5094,B_q0,0.1,0.17,0.3,1.0,0.0,1.0,10.509389227369171,sepsis,autorpa_233k,ours_cap_epoch,190212495.675,0.993817,0.1,0.6,3.8,1.0,0.0,1.9,2.7,0.002,2.7,6611456.763,always_reactive,0.619466
h=0.1/q0=0.17/p=0.3/r=1/sig=0/cf=10.5094,B_q0,0.1,0.17,0.3,1.0,0.0,1.0,10.509389227369171,sepsis,autorpa_233k,ours_cap_realized,190906175.658,0.997441,0.2,0.6,4.2,1.0,0.0,1.9,3.0,0.002,3.0,7346063.07,always_reactive,0.619466
h=0.1/q0=0.17/p=0.3/r=1/sig=0/cf=10.5094,B_q0,0.1,0.17,0.3,1.0,0.0,1.0,10.509389227369171,sepsis,autorpa_233k,ours_pi_prior,189714700.647,0.991216,0.1,0.5,2.8,0.7,0.0,1.3,2.0,0.002,2.0,4897375.38,always_reactive,0.619466
h=0.1/q0=0.17/p=0.3/r=1/sig=0/cf=10.5094,B_q0,0.1,0.17,0.3,1.0,0.0,1.0,10.509389227369171,sepsis,autorpa_233k,breakeven,219221029.178,1.14538,1.4,2.3,23.0,3.4,0.0,6.8,17.5,0.002,17.0,41627690.73,always_reactive,0.619466
h=0.1/q0=0.17/p=0.3/r=1/sig=0/cf=10.5094,B_q0,0.1,0.17,0.3,1.0,0.0,1.0,10.509389227369171,sepsis,autorpa_233k,breakeven_cap_epoch,198257970.12,1.035853,0.5,1.2,8.2,1.3,0.0,2.4,6.4,0.002,6.1,14936994.909,always_reactive,0.619466
h=0.1/q0=0.17/p=0.3/r=1/sig=0/cf=10.5094,B_q0,0.1,0.17,0.3,1.0,0.0,1.0,10.509389227369171,sepsis,autorpa_233k,offline_taxblind,162759867.914,0.850383,,,,,,,,,,,always_reactive,0.619466
h=0.1/q0=0.17/p=0.3/r=1/sig=0/cf=10.5094,B_q0,0.1,0.17,0.3,1.0,0.0,1.0,10.509389227369171,sepsis,autorpa_233k,offline_opt_tax,163381319.764,0.85363,,,,,,,,,,,always_reactive,0.619466
h=0.1/q0=0.17/p=0.3/r=1/sig=0/cf=10.5094,B_q0,0.1,0.17,0.3,1.0,0.0,1.0,10.509389227369171,sepsis,native,always_reactive,187135368.565,0.976827,0.0,0.0,0.0,0.0,0.0,0.0,0.0,0.002,0.0,0.0,always_reactive,0.587624
h=0.1/q0=0.17/p=0.3/r=1/sig=0/cf=10.5094,B_q0,0.1,0.17,0.3,1.0,0.0,1.0,10.509389227369171,sepsis,native,always_compile_evict,318461291.893,1.662334,10.9,12.3,75.5,8.6,0.0,22.0,66.0,0.003,53.3,146651053.217,always_reactive,0.587624
h=0.1/q0=0.17/p=0.3/r=1/sig=0/cf=10.5094,B_q0,0.1,0.17,0.3,1.0,0.0,1.0,10.509389227369171,sepsis,native,ours_noinflate,191574743.473,1.0,0.2,0.6,4.4,1.0,0.0,1.9,3.2,0.002,3.2,8008469.644,always_reactive,0.587624
h=0.1/q0=0.17/p=0.3/r=1/sig=0/cf=10.5094,B_q0,0.1,0.17,0.3,1.0,0.0,1.0,10.509389227369171,sepsis,native,oracle_tax,217495255.176,1.135302,1.7,2.7,25.7,4.9,0.0,10.9,19.2,0.002,19.1,47800553.185,always_reactive,0.587624
h=0.1/q0=0.17/p=0.3/r=1/sig=0/cf=10.5094,B_q0,0.1,0.17,0.3,1.0,0.0,1.0,10.509389227369171,sepsis,native,ours_spend_cap,189863303.626,0.991066,0.1,0.6,3.6,1.0,0.0,1.9,2.5,0.002,2.5,6256616.909,always_reactive,0.587624
h=0.1/q0=0.17/p=0.3/r=1/sig=0/cf=10.5094,B_q0,0.1,0.17,0.3,1.0,0.0,1.0,10.509389227369171,sepsis,native,ours_cap_epoch,190363832.979,0.993679,0.1,0.6,3.8,1.0,0.0,1.9,2.7,0.002,2.7,6757146.262,always_reactive,0.587624
h=0.1/q0=0.17/p=0.3/r=1/sig=0/cf=10.5094,B_q0,0.1,0.17,0.3,1.0,0.0,1.0,10.509389227369171,sepsis,native,ours_cap_realized,191074214.121,0.997387,0.2,0.6,4.2,1.0,0.0,1.9,3.0,0.002,3.0,7507940.291,always_reactive,0.587624
h=0.1/q0=0.17/p=0.3/r=1/sig=0/cf=10.5094,B_q0,0.1,0.17,0.3,1.0,0.0,1.0,10.509389227369171,sepsis,native,ours_pi_prior,189826726.289,0.990876,0.1,0.5,2.8,0.7,0.0,1.3,2.0,0.002,2.0,5005293.527,always_reactive,0.587624
h=0.1/q0=0.17/p=0.3/r=1/sig=0/cf=10.5094,B_q0,0.1,0.17,0.3,1.0,0.0,1.0,10.509389227369171,sepsis,native,breakeven,220520873.693,1.151096,1.8,2.6,24.0,3.3,0.0,6.6,18.5,0.002,17.7,42910540.359,always_reactive,0.587624
h=0.1/q0=0.17/p=0.3/r=1/sig=0/cf=10.5094,B_q0,0.1,0.17,0.3,1.0,0.0,1.0,10.509389227369171,sepsis,native,breakeven_cap_epoch,198949563.897,1.038496,0.9,1.4,9.2,1.2,0.0,2.2,7.4,0.002,6.8,15631690.635,always_reactive,0.587624
h=0.1/q0=0.17/p=0.3/r=1/sig=0/cf=10.5094,B_q0,0.1,0.17,0.3,1.0,0.0,1.0,10.509389227369171,sepsis,native,offline_taxblind,163028957.382,0.850994,,,,,,,,,,,always_reactive,0.587624
h=0.1/q0=0.17/p=0.3/r=1/sig=0/cf=10.5094,B_q0,0.1,0.17,0.3,1.0,0.0,1.0,10.509389227369171,sepsis,native,offline_opt_tax,163632981.905,0.854147,,,,,,,,,,,always_reactive,0.587624
h=0.1/q0=0.17/p=0.3/r=1/sig=0/cf=10.5094,B_q0,0.1,0.17,0.3,1.0,0.0,1.0,10.509389227369171,wiki_A,autorpa_233k,always_reactive,19487424199.81,0.997187,0.0,0.0,0.0,0.0,0.0,0.0,0.0,0.001,0.0,0.0,always_reactive,0.497803
h=0.1/q0=0.17/p=0.3/r=1/sig=0/cf=10.5094,B_q0,0.1,0.17,0.3,1.0,0.0,1.0,10.509389227369171,wiki_A,autorpa_233k,always_compile_evict,39146865010.843,2.003176,21.8,49.7,17381.8,5044.0,0.0,12725.5,15677.2,0.003,12161.0,29778490997.81,always_reactive,0.497803
h=0.1/q0=0.17/p=0.3/r=1/sig=0/cf=10.5094,B_q0,0.1,0.17,0.3,1.0,0.0,1.0,10.509389227369171,wiki_A,autorpa_233k,ours_noinflate,19542403627.803,1.0,1.0,3.6,70.4,15.0,0.0,37.1,50.4,0.001,49.4,120965171.885,always_reactive,0.497803
h=0.1/q0=0.17/p=0.3/r=1/sig=0/cf=10.5094,B_q0,0.1,0.17,0.3,1.0,0.0,1.0,10.509389227369171,wiki_A,autorpa_233k,oracle_tax,21131207609.148,1.0813,9.8,13.3,4142.3,1232.9,0.0,3104.3,3420.7,0.003,2899.6,7100214825.857,always_reactive,0.497803
h=0.1/q0=0.17/p=0.3/r=1/sig=0/cf=10.5094,B_q0,0.1,0.17,0.3,1.0,0.0,1.0,10.509389227369171,wiki_A,autorpa_233k,ours_spend_cap,19525074234.934,0.999113,0.9,3.3,47.6,9.7,0.0,24.9,33.6,0.001,32.7,80072087.462,always_reactive,0.497803
h=0.1/q0=0.17/p=0.3/r=1/sig=0/cf=10.5094,B_q0,0.1,0.17,0.3,1.0,0.0,1.0,10.509389227369171,wiki_A,autorpa_233k,ours_cap_epoch,19527243028.756,0.999224,0.9,3.4,49.3,10.2,0.0,25.9,34.8,0.001,33.9,83010512.69,always_reactive,0.497803
h=0.1/q0=0.17/p=0.3/r=1/sig=0/cf=10.5094,B_q0,0.1,0.17,0.3,1.0,0.0,1.0,10.509389227369171,wiki_A,autorpa_233k,ours_cap_realized,19540063216.802,0.99988,0.9,3.5,66.3,13.9,0.0,34.6,47.6,0.001,46.7,114353715.122,always_reactive,0.497803
h=0.1/q0=0.17/p=0.3/r=1/sig=0/cf=10.5094,B_q0,0.1,0.17,0.3,1.0,0.0,1.0,10.509389227369171,wiki_A,autorpa_233k,ours_pi_prior,19528804737.352,0.999304,0.7,2.8,60.9,15.0,0.0,37.8,42.8,0.001,42.2,103334620.517,always_reactive,0.497803
h=0.1/q0=0.17/p=0.3/r=1/sig=0/cf=10.5094,B_q0,0.1,0.17,0.3,1.0,0.0,1.0,10.509389227369171,wiki_A,autorpa_233k,breakeven,23835167561.256,1.219664,0.6,8.7,3089.4,835.5,0.0,2081.4,2709.9,0.002,2166.3,5304592142.797,always_reactive,0.497803
h=0.1/q0=0.17/p=0.3/r=1/sig=0/cf=10.5094,B_q0,0.1,0.17,0.3,1.0,0.0,1.0,10.509389227369171,wiki_A,autorpa_233k,breakeven_cap_epoch,19773588465.173,1.01183,0.3,5.2,201.8,31.1,0.0,78.4,164.0,0.001,140.2,343306014.135,always_reactive,0.497803
h=0.1/q0=0.17/p=0.3/r=1/sig=0/cf=10.5094,B_q0,0.1,0.17,0.3,1.0,0.0,1.0,10.509389227369171,wiki_A,autorpa_233k,offline_taxblind,8751206671.815,0.447806,,,,,,,,,,,always_reactive,0.497803
h=0.1/q0=0.17/p=0.3/r=1/sig=0/cf=10.5094,B_q0,0.1,0.17,0.3,1.0,0.0,1.0,10.509389227369171,wiki_A,autorpa_233k,offline_opt_tax,8794764058.401,0.450035,,,,,,,,,,,always_reactive,0.497803
h=0.1/q0=0.17/p=0.3/r=1/sig=0/cf=10.5094,B_q0,0.1,0.17,0.3,1.0,0.0,1.0,10.509389227369171,wiki_A,native,always_reactive,19487424199.81,0.997029,0.0,0.0,0.0,0.0,0.0,0.0,0.0,0.001,0.0,0.0,always_reactive,0.45603
h=0.1/q0=0.17/p=0.3/r=1/sig=0/cf=10.5094,B_q0,0.1,0.17,0.3,1.0,0.0,1.0,10.509389227369171,wiki_A,native,always_compile_evict,42732780207.679,2.186324,20.0,49.1,17381.8,5044.0,0.0,12725.5,15685.0,0.003,12161.0,33220337629.071,always_reactive,0.45603
h=0.1/q0=0.17/p=0.3/r=1/sig=0/cf=10.5094,B_q0,0.1,0.17,0.3,1.0,0.0,1.0,10.509389227369171,wiki_A,native,ours_noinflate,19545493353.692,1.0,1.0,3.5,69.8,14.9,0.0,36.7,50.2,0.001,49.1,122879956.095,always_reactive,0.45603
h=0.1/q0=0.17/p=0.3/r=1/sig=0/cf=10.5094,B_q0,0.1,0.17,0.3,1.0,0.0,1.0,10.509389227369171,wiki_A,native,oracle_tax,21270074416.305,1.088234,9.9,13.3,4124.7,1227.0,0.0,3090.4,3410.0,0.003,2887.8,7227143324.029,always_reactive,0.45603
h=0.1/q0=0.17/p=0.3/r=1/sig=0/cf=10.5094,B_q0,0.1,0.17,0.3,1.0,0.0,1.0,10.509389227369171,wiki_A,native,ours_spend_cap,19526970881.628,0.999052,0.9,3.3,47.6,9.7,0.0,24.9,33.7,0.001,32.7,81836549.171,always_reactive,0.45603
h=0.1/q0=0.17/p=0.3/r=1/sig=0/cf=10.5094,B_q0,0.1,0.17,0.3,1.0,0.0,1.0,10.509389227369171,wiki_A,native,ours_cap_epoch,19529207921.723,0.999167,0.9,3.4,49.3,10.2,0.0,25.9,34.9,0.001,33.9,84839725.287,always_reactive,0.45603
h=0.1/q0=0.17/p=0.3/r=1/sig=0/cf=10.5094,B_q0,0.1,0.17,0.3,1.0,0.0,1.0,10.509389227369171,wiki_A,native,ours_cap_realized,19541989912.792,0.999821,0.9,3.4,65.8,13.9,0.0,34.5,47.4,0.001,46.4,116122809.833,always_reactive,0.45603
h=0.1/q0=0.17/p=0.3/r=1/sig=0/cf=10.5094,B_q0,0.1,0.17,0.3,1.0,0.0,1.0,10.509389227369171,wiki_A,native,ours_pi_prior,19529359543.528,0.999175,0.7,2.7,58.7,14.3,0.0,36.3,41.5,0.001,40.9,102358252.633,always_reactive,0.45603
h=0.1/q0=0.17/p=0.3/r=1/sig=0/cf=10.5094,B_q0,0.1,0.17,0.3,1.0,0.0,1.0,10.509389227369171,wiki_A,native,breakeven,24277086486.332,1.242081,1.2,8.5,2942.8,782.3,0.0,1954.6,2566.1,0.001,2069.8,5707791486.876,always_reactive,0.45603
h=0.1/q0=0.17/p=0.3/r=1/sig=0/cf=10.5094,B_q0,0.1,0.17,0.3,1.0,0.0,1.0,10.509389227369171,wiki_A,native,breakeven_cap_epoch,19803134463.661,1.013182,0.3,5.4,214.7,32.2,0.0,80.1,178.2,0.001,150.6,371805728.747,always_reactive,0.45603
h=0.1/q0=0.17/p=0.3/r=1/sig=0/cf=10.5094,B_q0,0.1,0.17,0.3,1.0,0.0,1.0,10.509389227369171,wiki_A,native,offline_taxblind,8806043624.491,0.450541,,,,,,,,,,,always_reactive,0.45603
h=0.1/q0=0.17/p=0.3/r=1/sig=0/cf=10.5094,B_q0,0.1,0.17,0.3,1.0,0.0,1.0,10.509389227369171,wiki_A,native,offline_opt_tax,8850601573.012,0.452821,,,,,,,,,,,always_reactive,0.45603
h=0.1/q0=0.17/p=0.3/r=1/sig=0/cf=10.5094,B_q0,0.1,0.17,0.3,1.0,0.0,1.0,10.509389227369171,wiki_B,autorpa_233k,always_reactive,16977748066.619,0.982102,0.0,0.0,0.0,0.0,0.0,0.0,0.0,0.002,0.0,0.0,always_reactive,0.523801
h=0.1/q0=0.17/p=0.3/r=1/sig=0/cf=10.5094,B_q0,0.1,0.17,0.3,1.0,0.0,1.0,10.509389227369171,wiki_B,autorpa_233k,always_compile_evict,32412589785.506,1.874951,107.8,123.9,9992.5,2100.5,0.0,5344.2,9461.2,0.024,6987.8,17110939840.021,always_reactive,0.523801
h=0.1/q0=0.17/p=0.3/r=1/sig=0/cf=10.5094,B_q0,0.1,0.17,0.3,1.0,0.0,1.0,10.509389227369171,wiki_B,autorpa_233k,ours_noinflate,17287161965.27,1.0,5.6,10.7,348.0,65.6,0.0,168.8,263.1,0.004,236.9,580094113.756,always_reactive,0.523801
h=0.1/q0=0.17/p=0.3/r=1/sig=0/cf=10.5094,B_q0,0.1,0.17,0.3,1.0,0.0,1.0,10.509389227369171,wiki_B,autorpa_233k,oracle_tax,17408027866.624,1.006992,27.7,30.1,722.6,190.7,0.0,491.4,583.1,0.006,504.2,1234628333.286,always_reactive,0.523801
h=0.1/q0=0.17/p=0.3/r=1/sig=0/cf=10.5094,B_q0,0.1,0.17,0.3,1.0,0.0,1.0,10.509389227369171,wiki_B,autorpa_233k,ours_spend_cap,17251153067.466,0.997917,4.9,9.7,248.1,36.1,0.0,93.9,176.3,0.004,169.3,414562825.913,always_reactive,0.523801
h=0.1/q0=0.17/p=0.3/r=1/sig=0/cf=10.5094,B_q0,0.1,0.17,0.3,1.0,0.0,1.0,10.509389227369171,wiki_B,autorpa_233k,ours_cap_epoch,17255053905.987,0.998143,5.0,9.7,252.0,36.8,0.0,95.8,179.8,0.004,172.3,421908888.983,always_reactive,0.523801
h=0.1/q0=0.17/p=0.3/r=1/sig=0/cf=10.5094,B_q0,0.1,0.17,0.3,1.0,0.0,1.0,10.509389227369171,wiki_B,autorpa_233k,ours_cap_realized,17277482011.448,0.99944,5.4,10.4,336.6,63.0,0.0,161.7,253.0,0.004,228.8,560259743.467,always_reactive,0.523801
h=0.1/q0=0.17/p=0.3/r=1/sig=0/cf=10.5094,B_q0,0.1,0.17,0.3,1.0,0.0,1.0,10.509389227369171,wiki_B,autorpa_233k,ours_pi_prior,17324145280.258,1.002139,5.7,8.7,350.5,62.2,0.0,160.9,267.8,0.004,243.8,596990058.816,always_reactive,0.523801
h=0.1/q0=0.17/p=0.3/r=1/sig=0/cf=10.5094,B_q0,0.1,0.17,0.3,1.0,0.0,1.0,10.509389227369171,wiki_B,autorpa_233k,breakeven,20285138164.084,1.173422,7.2,15.9,2075.3,245.9,0.0,616.0,1757.3,0.005,1443.9,3535660155.558,always_reactive,0.523801
h=0.1/q0=0.17/p=0.3/r=1/sig=0/cf=10.5094,B_q0,0.1,0.17,0.3,1.0,0.0,1.0,10.509389227369171,wiki_B,autorpa_233k,breakeven_cap_epoch,18362598154.58,1.06221,4.0,9.6,863.7,69.9,0.0,174.0,717.6,0.004,597.8,1463825501.068,always_reactive,0.523801
h=0.1/q0=0.17/p=0.3/r=1/sig=0/cf=10.5094,B_q0,0.1,0.17,0.3,1.0,0.0,1.0,10.509389227369171,wiki_B,autorpa_233k,offline_taxblind,14367518946.41,0.831109,,,,,,,,,,,always_reactive,0.523801
h=0.1/q0=0.17/p=0.3/r=1/sig=0/cf=10.5094,B_q0,0.1,0.17,0.3,1.0,0.0,1.0,10.509389227369171,wiki_B,autorpa_233k,offline_opt_tax,14581707905.617,0.843499,,,,,,,,,,,always_reactive,0.523801
h=0.1/q0=0.17/p=0.3/r=1/sig=0/cf=10.5094,B_q0,0.1,0.17,0.3,1.0,0.0,1.0,10.509389227369171,wiki_B,native,always_reactive,16977748066.619,0.981714,0.0,0.0,0.0,0.0,0.0,0.0,0.0,0.002,0.0,0.0,always_reactive,0.491468
h=0.1/q0=0.17/p=0.3/r=1/sig=0/cf=10.5094,B_q0,0.1,0.17,0.3,1.0,0.0,1.0,10.509389227369171,wiki_B,native,always_compile_evict,34544939293.648,1.997511,116.2,129.8,9992.5,2100.5,0.0,5344.2,9471.8,0.023,6987.8,19150463335.399,always_reactive,0.491468
h=0.1/q0=0.17/p=0.3/r=1/sig=0/cf=10.5094,B_q0,0.1,0.17,0.3,1.0,0.0,1.0,10.509389227369171,wiki_B,native,ours_noinflate,17293989443.326,1.0,5.7,10.8,331.2,60.7,0.0,156.0,248.4,0.004,225.6,564597109.876,always_reactive,0.491468
h=0.1/q0=0.17/p=0.3/r=1/sig=0/cf=10.5094,B_q0,0.1,0.17,0.3,1.0,0.0,1.0,10.509389227369171,wiki_B,native,oracle_tax,17432416866.61,1.008004,27.8,30.3,719.9,189.9,0.0,488.9,580.9,0.006,502.2,1256829204.698,always_reactive,0.491468
h=0.1/q0=0.17/p=0.3/r=1/sig=0/cf=10.5094,B_q0,0.1,0.17,0.3,1.0,0.0,1.0,10.509389227369171,wiki_B,native,ours_spend_cap,17258588130.812,0.997953,4.9,9.7,246.0,36.0,0.0,93.5,175.7,0.004,168.1,420694920.967,always_reactive,0.491468
h=0.1/q0=0.17/p=0.3/r=1/sig=0/cf=10.5094,B_q0,0.1,0.17,0.3,1.0,0.0,1.0,10.509389227369171,wiki_B,native,ours_cap_epoch,17262658024.585,0.998188,5.0,9.7,249.9,36.7,0.0,95.4,179.2,0.004,171.1,428202861.258,always_reactive,0.491468
h=0.1/q0=0.17/p=0.3/r=1/sig=0/cf=10.5094,B_q0,0.1,0.17,0.3,1.0,0.0,1.0,10.509389227369171,wiki_B,native,ours_cap_realized,17282980607.639,0.999363,5.3,10.3,318.4,57.8,0.0,147.7,237.0,0.004,216.6,542073289.004,always_reactive,0.491468
h=0.1/q0=0.17/p=0.3/r=1/sig=0/cf=10.5094,B_q0,0.1,0.17,0.3,1.0,0.0,1.0,10.509389227369171,wiki_B,native,ours_pi_prior,17331832404.457,1.002188,5.7,8.8,334.7,57.1,0.0,147.9,254.4,0.004,233.3,583867489.956,always_reactive,0.491468
h=0.1/q0=0.17/p=0.3/r=1/sig=0/cf=10.5094,B_q0,0.1,0.17,0.3,1.0,0.0,1.0,10.509389227369171,wiki_B,native,breakeven,20360325945.841,1.177306,7.4,15.5,2085.1,234.7,0.0,589.4,1775.3,0.005,1457.2,3606719951.843,always_reactive,0.491468
h=0.1/q0=0.17/p=0.3/r=1/sig=0/cf=10.5094,B_q0,0.1,0.17,0.3,1.0,0.0,1.0,10.509389227369171,wiki_B,native,breakeven_cap_epoch,18391478914.922,1.063461,3.6,10.1,874.0,71.9,0.0,179.5,729.2,0.004,605.9,1492398800.876,always_reactive,0.491468
h=0.1/q0=0.17/p=0.3/r=1/sig=0/cf=10.5094,B_q0,0.1,0.17,0.3,1.0,0.0,1.0,10.509389227369171,wiki_B,native,offline_taxblind,14395130686.518,0.832378,,,,,,,,,,,always_reactive,0.491468
h=0.1/q0=0.17/p=0.3/r=1/sig=0/cf=10.5094,B_q0,0.1,0.17,0.3,1.0,0.0,1.0,10.509389227369171,wiki_B,native,offline_opt_tax,14608765749.896,0.844731,,,,,,,,,,,always_reactive,0.491468
h=0.1/q0=0.17/p=0.3/r=1/sig=0/cf=1,B_q0,0.1,0.17,0.3,1.0,0.0,1.0,1.0,bpi2019,autorpa_233k,always_reactive,28364744721.458,1.169947,0.0,0.0,0.0,0.0,0.0,0.0,0.0,0.003,0.0,0.0,ours_noinflate,0.798743
h=0.1/q0=0.17/p=0.3/r=1/sig=0/cf=1,B_q0,0.1,0.17,0.3,1.0,0.0,1.0,1.0,bpi2019,autorpa_233k,always_compile_evict,30353250884.677,1.251966,66.2,110.5,66825.7,18987.1,0.0,48125.8,66139.4,0.061,46789.2,10901883600.0,ours_noinflate,0.798743
h=0.1/q0=0.17/p=0.3/r=1/sig=0/cf=1,B_q0,0.1,0.17,0.3,1.0,0.0,1.0,1.0,bpi2019,autorpa_233k,ours_noinflate,24244461844.575,1.0,17.7,38.4,13696.7,3783.0,0.0,9592.0,13204.7,0.025,9602.3,2237335900.0,ours_noinflate,0.798743
h=0.1/q0=0.17/p=0.3/r=1/sig=0/cf=1,B_q0,0.1,0.17,0.3,1.0,0.0,1.0,1.0,bpi2019,autorpa_233k,oracle_tax,27807575209.421,1.146966,19.1,24.5,1038.2,284.4,0.0,692.8,845.2,0.005,734.7,171185100.0,ours_noinflate,0.798743
h=0.1/q0=0.17/p=0.3/r=1/sig=0/cf=1,B_q0,0.1,0.17,0.3,1.0,0.0,1.0,1.0,bpi2019,autorpa_233k,ours_spend_cap,27636885760.963,1.139926,10.8,28.6,2720.1,537.2,0.0,1356.9,2337.9,0.016,1905.7,444028100.0,ours_noinflate,0.798743
h=0.1/q0=0.17/p=0.3/r=1/sig=0/cf=1,B_q0,0.1,0.17,0.3,1.0,0.0,1.0,1.0,bpi2019,autorpa_233k,ours_cap_epoch,24976339520.688,1.030187,14.4,33.4,5216.4,1269.2,0.0,3239.4,4745.8,0.021,3650.5,850566500.0,ours_noinflate,0.798743
h=0.1/q0=0.17/p=0.3/r=1/sig=0/cf=1,B_q0,0.1,0.17,0.3,1.0,0.0,1.0,1.0,bpi2019,autorpa_233k,ours_cap_realized,24390891421.09,1.00604,17.1,37.3,12023.0,3281.1,0.0,8331.2,11535.5,0.024,8433.2,1964935600.0,ours_noinflate,0.798743
h=0.1/q0=0.17/p=0.3/r=1/sig=0/cf=1,B_q0,0.1,0.17,0.3,1.0,0.0,1.0,1.0,bpi2019,autorpa_233k,ours_pi_prior,24808784652.905,1.023276,13.6,35.0,6923.1,1800.6,0.0,4568.1,6465.7,0.022,4845.9,1129094700.0,ours_noinflate,0.798743
h=0.1/q0=0.17/p=0.3/r=1/sig=0/cf=1,B_q0,0.1,0.17,0.3,1.0,0.0,1.0,1.0,bpi2019,autorpa_233k,breakeven,28635655647.905,1.181122,2.7,13.4,2811.4,323.9,0.0,827.6,2456.2,0.006,1970.3,459079900.0,ours_noinflate,0.798743
h=0.1/q0=0.17/p=0.3/r=1/sig=0/cf=1,B_q0,0.1,0.17,0.3,1.0,0.0,1.0,1.0,bpi2019,autorpa_233k,breakeven_cap_epoch,28514949692.684,1.176143,1.8,12.2,2096.8,200.3,0.0,513.6,1795.4,0.006,1471.0,342743000.0,ours_noinflate,0.798743
h=0.1/q0=0.17/p=0.3/r=1/sig=0/cf=1,B_q0,0.1,0.17,0.3,1.0,0.0,1.0,1.0,bpi2019,autorpa_233k,offline_taxblind,20734213726.27,0.855214,,,,,,,,,,,ours_noinflate,0.798743
h=0.1/q0=0.17/p=0.3/r=1/sig=0/cf=1,B_q0,0.1,0.17,0.3,1.0,0.0,1.0,1.0,bpi2019,autorpa_233k,offline_opt_tax,21130902774.469,0.871576,,,,,,,,,,,ours_noinflate,0.798743
h=0.1/q0=0.17/p=0.3/r=1/sig=0/cf=1,B_q0,0.1,0.17,0.3,1.0,0.0,1.0,1.0,bpi2019,native,always_reactive,28364744721.458,1.165231,0.0,0.0,0.0,0.0,0.0,0.0,0.0,0.003,0.0,0.0,ours_noinflate,0.694509
h=0.1/q0=0.17/p=0.3/r=1/sig=0/cf=1,B_q0,0.1,0.17,0.3,1.0,0.0,1.0,1.0,bpi2019,native,always_compile_evict,35050066699.582,1.439865,65.3,112.9,66825.7,18987.1,0.0,48125.8,66124.7,0.054,46789.2,14152174106.325,ours_noinflate,0.694509
h=0.1/q0=0.17/p=0.3/r=1/sig=0/cf=1,B_q0,0.1,0.17,0.3,1.0,0.0,1.0,1.0,bpi2019,native,ours_noinflate,24342601307.249,1.0,19.1,39.9,14123.5,3883.4,0.0,9843.5,13614.5,0.026,9902.5,2315113069.845,ours_noinflate,0.694509
h=0.1/q0=0.17/p=0.3/r=1/sig=0/cf=1,B_q0,0.1,0.17,0.3,1.0,0.0,1.0,1.0,bpi2019,native,oracle_tax,27814284200.87,1.142618,18.8,24.1,1021.3,280.2,0.0,682.3,834.4,0.005,722.3,171947920.717,ours_noinflate,0.694509
h=0.1/q0=0.17/p=0.3/r=1/sig=0/cf=1,B_q0,0.1,0.17,0.3,1.0,0.0,1.0,1.0,bpi2019,native,ours_spend_cap,27670406224.941,1.136707,11.8,29.6,2976.2,587.6,0.0,1481.9,2582.3,0.017,2087.8,469729958.039,ours_noinflate,0.694509
h=0.1/q0=0.17/p=0.3/r=1/sig=0/cf=1,B_q0,0.1,0.17,0.3,1.0,0.0,1.0,1.0,bpi2019,native,ours_cap_epoch,25024409838.015,1.028009,15.5,35.3,5522.4,1332.3,0.0,3399.0,5037.5,0.022,3868.5,890129421.811,ours_noinflate,0.694509
h=0.1/q0=0.17/p=0.3/r=1/sig=0/cf=1,B_q0,0.1,0.17,0.3,1.0,0.0,1.0,1.0,bpi2019,native,ours_cap_realized,24486386668.352,1.005907,18.3,38.8,12287.6,3335.5,0.0,8465.9,11784.9,0.025,8617.6,2009869154.64,ours_noinflate,0.694509
h=0.1/q0=0.17/p=0.3/r=1/sig=0/cf=1,B_q0,0.1,0.17,0.3,1.0,0.0,1.0,1.0,bpi2019,native,ours_pi_prior,24854101022.025,1.021013,14.8,34.9,7319.5,1912.0,0.0,4855.1,6852.9,0.023,5118.6,1167525697.369,ours_noinflate,0.694509
h=0.1/q0=0.17/p=0.3/r=1/sig=0/cf=1,B_q0,0.1,0.17,0.3,1.0,0.0,1.0,1.0,bpi2019,native,breakeven,28691969031.114,1.178673,3.4,13.2,2916.1,338.5,0.0,871.1,2558.1,0.006,2048.1,508719898.841,ours_noinflate,0.694509
h=0.1/q0=0.17/p=0.3/r=1/sig=0/cf=1,B_q0,0.1,0.17,0.3,1.0,0.0,1.0,1.0,bpi2019,native,breakeven_cap_epoch,28501741372.427,1.170858,2.4,12.4,2147.7,202.7,0.0,525.4,1839.6,0.006,1508.7,339737844.886,ours_noinflate,0.694509
h=0.1/q0=0.17/p=0.3/r=1/sig=0/cf=1,B_q0,0.1,0.17,0.3,1.0,0.0,1.0,1.0,bpi2019,native,offline_taxblind,20893629922.097,0.858315,,,,,,,,,,,ours_noinflate,0.694509
h=0.1/q0=0.17/p=0.3/r=1/sig=0/cf=1,B_q0,0.1,0.17,0.3,1.0,0.0,1.0,1.0,bpi2019,native,offline_opt_tax,21291580935.72,0.874663,,,,,,,,,,,ours_noinflate,0.694509
h=0.1/q0=0.17/p=0.3/r=1/sig=0/cf=1,B_q0,0.1,0.17,0.3,1.0,0.0,1.0,1.0,sepsis,autorpa_233k,always_reactive,187135368.565,1.072585,0.0,0.0,0.0,0.0,0.0,0.0,0.0,0.002,0.0,0.0,ours_spend_cap,0.948053
h=0.1/q0=0.17/p=0.3/r=1/sig=0/cf=1,B_q0,0.1,0.17,0.3,1.0,0.0,1.0,1.0,sepsis,autorpa_233k,always_compile_evict,183995499.535,1.054589,11.4,12.9,75.5,8.6,0.0,22.0,66.5,0.005,53.3,12418900.0,ours_spend_cap,0.948053
h=0.1/q0=0.17/p=0.3/r=1/sig=0/cf=1,B_q0,0.1,0.17,0.3,1.0,0.0,1.0,1.0,sepsis,autorpa_233k,ours_noinflate,174471355.089,1.0,2.6,3.1,27.9,4.9,0.0,11.1,20.9,0.003,20.4,4753200.0,ours_spend_cap,0.948053
h=0.1/q0=0.17/p=0.3/r=1/sig=0/cf=1,B_q0,0.1,0.17,0.3,1.0,0.0,1.0,1.0,sepsis,autorpa_233k,oracle_tax,174111115.161,0.997935,1.7,2.7,25.7,4.9,0.0,10.9,19.2,0.003,19.1,4450300.0,ours_spend_cap,0.948053
h=0.1/q0=0.17/p=0.3/r=1/sig=0/cf=1,B_q0,0.1,0.17,0.3,1.0,0.0,1.0,1.0,sepsis,autorpa_233k,ours_spend_cap,174437533.864,0.999806,2.5,3.0,27.7,4.9,0.0,11.1,20.7,0.003,20.3,4729900.0,ours_spend_cap,0.948053
h=0.1/q0=0.17/p=0.3/r=1/sig=0/cf=1,B_q0,0.1,0.17,0.3,1.0,0.0,1.0,1.0,sepsis,autorpa_233k,ours_cap_epoch,174471355.089,1.0,2.6,3.1,27.9,4.9,0.0,11.1,20.9,0.003,20.4,4753200.0,ours_spend_cap,0.948053
h=0.1/q0=0.17/p=0.3/r=1/sig=0/cf=1,B_q0,0.1,0.17,0.3,1.0,0.0,1.0,1.0,sepsis,autorpa_233k,ours_cap_realized,174437533.864,0.999806,2.5,3.0,27.7,4.9,0.0,11.1,20.7,0.003,20.3,4729900.0,ours_spend_cap,0.948053
h=0.1/q0=0.17/p=0.3/r=1/sig=0/cf=1,B_q0,0.1,0.17,0.3,1.0,0.0,1.0,1.0,sepsis,autorpa_233k,ours_pi_prior,176177840.167,1.009781,2.3,2.7,26.7,4.5,0.0,9.8,20.3,0.003,19.9,4636700.0,ours_spend_cap,0.948053
h=0.1/q0=0.17/p=0.3/r=1/sig=0/cf=1,B_q0,0.1,0.17,0.3,1.0,0.0,1.0,1.0,sepsis,autorpa_233k,breakeven,181554338.448,1.040597,1.4,2.3,23.0,3.4,0.0,6.8,17.5,0.003,17.0,3961000.0,ours_spend_cap,0.948053
h=0.1/q0=0.17/p=0.3/r=1/sig=0/cf=1,B_q0,0.1,0.17,0.3,1.0,0.0,1.0,1.0,sepsis,autorpa_233k,breakeven_cap_epoch,181554338.448,1.040597,1.4,2.3,23.0,3.4,0.0,6.8,17.5,0.003,17.0,3961000.0,ours_spend_cap,0.948053
h=0.1/q0=0.17/p=0.3/r=1/sig=0/cf=1,B_q0,0.1,0.17,0.3,1.0,0.0,1.0,1.0,sepsis,autorpa_233k,offline_taxblind,162759867.914,0.932874,,,,,,,,,,,ours_spend_cap,0.948053
h=0.1/q0=0.17/p=0.3/r=1/sig=0/cf=1,B_q0,0.1,0.17,0.3,1.0,0.0,1.0,1.0,sepsis,autorpa_233k,offline_opt_tax,163381319.764,0.936436,,,,,,,,,,,ours_spend_cap,0.948053
h=0.1/q0=0.17/p=0.3/r=1/sig=0/cf=1,B_q0,0.1,0.17,0.3,1.0,0.0,1.0,1.0,sepsis,native,always_reactive,187135368.565,1.070227,0.0,0.0,0.0,0.0,0.0,0.0,0.0,0.002,0.0,0.0,ours_spend_cap,0.941149
h=0.1/q0=0.17/p=0.3/r=1/sig=0/cf=1,B_q0,0.1,0.17,0.3,1.0,0.0,1.0,1.0,sepsis,native,always_compile_evict,185764527.555,1.062387,10.9,12.3,75.5,8.6,0.0,22.0,66.0,0.005,53.3,13954288.879,ours_spend_cap,0.941149
h=0.1/q0=0.17/p=0.3/r=1/sig=0/cf=1,B_q0,0.1,0.17,0.3,1.0,0.0,1.0,1.0,sepsis,native,ours_noinflate,174855825.762,1.0,3.2,3.7,30.5,4.9,0.0,11.3,23.1,0.003,22.4,5145765.111,ours_spend_cap,0.941149
h=0.1/q0=0.17/p=0.3/r=1/sig=0/cf=1,B_q0,0.1,0.17,0.3,1.0,0.0,1.0,1.0,sepsis,native,oracle_tax,174243068.423,0.996496,1.7,2.7,25.7,4.9,0.0,10.9,19.2,0.003,19.1,4548366.432,ours_spend_cap,0.941149
h=0.1/q0=0.17/p=0.3/r=1/sig=0/cf=1,B_q0,0.1,0.17,0.3,1.0,0.0,1.0,1.0,sepsis,native,ours_spend_cap,174832012.325,0.999864,3.2,3.7,30.4,4.9,0.0,11.3,23.0,0.003,22.3,5121951.674,ours_spend_cap,0.941149
h=0.1/q0=0.17/p=0.3/r=1/sig=0/cf=1,B_q0,0.1,0.17,0.3,1.0,0.0,1.0,1.0,sepsis,native,ours_cap_epoch,174855825.762,1.0,3.2,3.7,30.5,4.9,0.0,11.3,23.1,0.003,22.4,5145765.111,ours_spend_cap,0.941149
h=0.1/q0=0.17/p=0.3/r=1/sig=0/cf=1,B_q0,0.1,0.17,0.3,1.0,0.0,1.0,1.0,sepsis,native,ours_cap_realized,174832012.325,0.999864,3.2,3.7,30.4,4.9,0.0,11.3,23.0,0.003,22.3,5121951.674,ours_spend_cap,0.941149
h=0.1/q0=0.17/p=0.3/r=1/sig=0/cf=1,B_q0,0.1,0.17,0.3,1.0,0.0,1.0,1.0,sepsis,native,ours_pi_prior,176385868.24,1.00875,2.5,2.8,26.9,4.4,0.0,9.6,20.6,0.003,20.0,4696731.706,ours_spend_cap,0.941149
h=0.1/q0=0.17/p=0.3/r=1/sig=0/cf=1,B_q0,0.1,0.17,0.3,1.0,0.0,1.0,1.0,sepsis,native,breakeven,181693400.336,1.039104,1.8,2.6,24.0,3.3,0.0,6.6,18.5,0.003,17.7,4083067.001,ours_spend_cap,0.941149
h=0.1/q0=0.17/p=0.3/r=1/sig=0/cf=1,B_q0,0.1,0.17,0.3,1.0,0.0,1.0,1.0,sepsis,native,breakeven_cap_epoch,181693400.336,1.039104,1.8,2.6,24.0,3.3,0.0,6.6,18.5,0.003,17.7,4083067.001,ours_spend_cap,0.941149
h=0.1/q0=0.17/p=0.3/r=1/sig=0/cf=1,B_q0,0.1,0.17,0.3,1.0,0.0,1.0,1.0,sepsis,native,offline_taxblind,163028957.382,0.932362,,,,,,,,,,,ours_spend_cap,0.941149
h=0.1/q0=0.17/p=0.3/r=1/sig=0/cf=1,B_q0,0.1,0.17,0.3,1.0,0.0,1.0,1.0,sepsis,native,offline_opt_tax,163632981.905,0.935817,,,,,,,,,,,ours_spend_cap,0.941149
h=0.1/q0=0.17/p=0.3/r=1/sig=0/cf=1,B_q0,0.1,0.17,0.3,1.0,0.0,1.0,1.0,wiki_A,autorpa_233k,always_reactive,19487424199.81,1.782129,0.0,0.0,0.0,0.0,0.0,0.0,0.0,0.001,0.0,0.0,ours_noinflate,0.896166
h=0.1/q0=0.17/p=0.3/r=1/sig=0/cf=1,B_q0,0.1,0.17,0.3,1.0,0.0,1.0,1.0,wiki_A,autorpa_233k,always_compile_evict,12201887013.039,1.115865,21.8,49.7,17381.8,5044.0,0.0,12725.5,15677.2,0.011,12161.0,2833513000.0,ours_noinflate,0.896166
h=0.1/q0=0.17/p=0.3/r=1/sig=0/cf=1,B_q0,0.1,0.17,0.3,1.0,0.0,1.0,1.0,wiki_A,autorpa_233k,ours_noinflate,10934912331.478,1.0,8.5,19.8,7979.8,2344.8,0.0,5921.4,6509.1,0.006,5580.4,1300233200.0,ours_noinflate,0.896166
h=0.1/q0=0.17/p=0.3/r=1/sig=0/cf=1,B_q0,0.1,0.17,0.3,1.0,0.0,1.0,1.0,wiki_A,autorpa_233k,oracle_tax,14706599583.29,1.344922,9.8,13.3,4142.3,1232.9,0.0,3104.3,3420.7,0.004,2899.6,675606800.0,ours_noinflate,0.896166
h=0.1/q0=0.17/p=0.3/r=1/sig=0/cf=1,B_q0,0.1,0.17,0.3,1.0,0.0,1.0,1.0,wiki_A,autorpa_233k,ours_spend_cap,19195557743.855,1.755438,5.6,16.9,583.1,129.0,0.0,330.1,451.0,0.003,409.3,95366900.0,ours_noinflate,0.896166
h=0.1/q0=0.17/p=0.3/r=1/sig=0/cf=1,B_q0,0.1,0.17,0.3,1.0,0.0,1.0,1.0,wiki_A,autorpa_233k,ours_cap_epoch,16029273351.016,1.46588,6.3,18.5,3208.0,913.9,0.0,2322.7,2477.5,0.004,2244.7,523015100.0,ours_noinflate,0.896166
h=0.1/q0=0.17/p=0.3/r=1/sig=0/cf=1,B_q0,0.1,0.17,0.3,1.0,0.0,1.0,1.0,wiki_A,autorpa_233k,ours_cap_realized,10943780222.459,1.000811,8.1,19.5,7917.8,2326.3,0.0,5872.3,6458.3,0.006,5538.0,1290354000.0,ours_noinflate,0.896166
h=0.1/q0=0.17/p=0.3/r=1/sig=0/cf=1,B_q0,0.1,0.17,0.3,1.0,0.0,1.0,1.0,wiki_A,autorpa_233k,ours_pi_prior,12467510766.867,1.140156,7.0,16.2,6771.3,1990.7,0.0,5040.6,5501.4,0.004,4735.4,1103348200.0,ours_noinflate,0.896166
h=0.1/q0=0.17/p=0.3/r=1/sig=0/cf=1,B_q0,0.1,0.17,0.3,1.0,0.0,1.0,1.0,wiki_A,autorpa_233k,breakeven,19035323318.477,1.740784,0.6,8.7,3089.4,835.5,0.0,2081.4,2709.9,0.002,2166.3,504747900.0,ours_noinflate,0.896166
h=0.1/q0=0.17/p=0.3/r=1/sig=0/cf=1,B_q0,0.1,0.17,0.3,1.0,0.0,1.0,1.0,wiki_A,autorpa_233k,breakeven_cap_epoch,18788972887.672,1.718255,0.5,7.6,1000.4,231.1,0.0,591.1,752.6,0.002,702.0,163566000.0,ours_noinflate,0.896166
h=0.1/q0=0.17/p=0.3/r=1/sig=0/cf=1,B_q0,0.1,0.17,0.3,1.0,0.0,1.0,1.0,wiki_A,autorpa_233k,offline_taxblind,8751206671.815,0.8003,,,,,,,,,,,ours_noinflate,0.896166
h=0.1/q0=0.17/p=0.3/r=1/sig=0/cf=1,B_q0,0.1,0.17,0.3,1.0,0.0,1.0,1.0,wiki_A,autorpa_233k,offline_opt_tax,8794764058.401,0.804283,,,,,,,,,,,ours_noinflate,0.896166
h=0.1/q0=0.17/p=0.3/r=1/sig=0/cf=1,B_q0,0.1,0.17,0.3,1.0,0.0,1.0,1.0,wiki_A,native,always_reactive,19487424199.81,1.774512,0.0,0.0,0.0,0.0,0.0,0.0,0.0,0.001,0.0,0.0,ours_noinflate,0.866523
h=0.1/q0=0.17/p=0.3/r=1/sig=0/cf=1,B_q0,0.1,0.17,0.3,1.0,0.0,1.0,1.0,wiki_A,native,always_compile_evict,12673457639.573,1.154037,20.0,49.1,17381.8,5044.0,0.0,12725.5,15685.0,0.011,12161.0,3161015060.947,ours_noinflate,0.866523
h=0.1/q0=0.17/p=0.3/r=1/sig=0/cf=1,B_q0,0.1,0.17,0.3,1.0,0.0,1.0,1.0,wiki_A,native,ours_noinflate,10981847044.784,1.0,8.2,20.8,8112.8,2378.2,0.0,6002.0,6631.8,0.006,5676.4,1341193022.311,ours_noinflate,0.866523
h=0.1/q0=0.17/p=0.3/r=1/sig=0/cf=1,B_q0,0.1,0.17,0.3,1.0,0.0,1.0,1.0,wiki_A,native,oracle_tax,14730615520.708,1.34136,9.9,13.3,4124.7,1227.0,0.0,3090.4,3410.0,0.004,2887.8,687684428.435,ours_noinflate,0.866523
h=0.1/q0=0.17/p=0.3/r=1/sig=0/cf=1,B_q0,0.1,0.17,0.3,1.0,0.0,1.0,1.0,wiki_A,native,ours_spend_cap,19201732240.513,1.748498,5.2,17.8,630.8,139.0,0.0,355.3,495.3,0.003,444.2,101190657.016,ours_noinflate,0.866523
h=0.1/q0=0.17/p=0.3/r=1/sig=0/cf=1,B_q0,0.1,0.17,0.3,1.0,0.0,1.0,1.0,wiki_A,native,ours_cap_epoch,16049572887.275,1.461464,6.0,19.3,3268.3,926.9,0.0,2355.1,2535.6,0.004,2288.8,539577044.54,ours_noinflate,0.866523
h=0.1/q0=0.17/p=0.3/r=1/sig=0/cf=1,B_q0,0.1,0.17,0.3,1.0,0.0,1.0,1.0,wiki_A,native,ours_cap_realized,10990043689.642,1.000746,7.8,20.6,8049.3,2359.6,0.0,5952.7,6579.2,0.006,5632.6,1330819270.405,ours_noinflate,0.866523
h=0.1/q0=0.17/p=0.3/r=1/sig=0/cf=1,B_q0,0.1,0.17,0.3,1.0,0.0,1.0,1.0,wiki_A,native,ours_pi_prior,12507117868.983,1.13889,5.8,15.7,6923.5,2030.4,0.0,5137.5,5642.6,0.004,4845.5,1140312060.007,ours_noinflate,0.866523
h=0.1/q0=0.17/p=0.3/r=1/sig=0/cf=1,B_q0,0.1,0.17,0.3,1.0,0.0,1.0,1.0,wiki_A,native,breakeven,19112408529.996,1.740364,1.2,8.5,2942.8,782.3,0.0,1954.6,2566.1,0.002,2069.8,543113530.519,ours_noinflate,0.866523
h=0.1/q0=0.17/p=0.3/r=1/sig=0/cf=1,B_q0,0.1,0.17,0.3,1.0,0.0,1.0,1.0,wiki_A,native,breakeven_cap_epoch,18792553045.227,1.711238,0.8,7.6,1021.1,232.7,0.0,591.7,774.0,0.002,716.2,165404561.234,ours_noinflate,0.866523
h=0.1/q0=0.17/p=0.3/r=1/sig=0/cf=1,B_q0,0.1,0.17,0.3,1.0,0.0,1.0,1.0,wiki_A,native,offline_taxblind,8806043624.491,0.801873,,,,,,,,,,,ours_noinflate,0.866523
h=0.1/q0=0.17/p=0.3/r=1/sig=0/cf=1,B_q0,0.1,0.17,0.3,1.0,0.0,1.0,1.0,wiki_A,native,offline_opt_tax,8850601573.012,0.80593,,,,,,,,,,,ours_noinflate,0.866523
h=0.1/q0=0.17/p=0.3/r=1/sig=0/cf=1,B_q0,0.1,0.17,0.3,1.0,0.0,1.0,1.0,wiki_B,autorpa_233k,always_reactive,16977748066.619,1.092203,0.0,0.0,0.0,0.0,0.0,0.0,0.0,0.002,0.0,0.0,ours_pi_prior,0.917942
h=0.1/q0=0.17/p=0.3/r=1/sig=0/cf=1,B_q0,0.1,0.17,0.3,1.0,0.0,1.0,1.0,wiki_B,autorpa_233k,always_compile_evict,16929807345.495,1.089119,107.8,123.9,9992.5,2100.5,0.0,5344.2,9461.2,0.045,6987.8,1628157400.0,ours_pi_prior,0.917942
h=0.1/q0=0.17/p=0.3/r=1/sig=0/cf=1,B_q0,0.1,0.17,0.3,1.0,0.0,1.0,1.0,wiki_B,autorpa_233k,ours_noinflate,15544495665.101,1.0,39.5,51.2,3398.0,721.6,0.0,1825.9,2986.5,0.018,2377.3,553910900.0,ours_pi_prior,0.917942
h=0.1/q0=0.17/p=0.3/r=1/sig=0/cf=1,B_q0,0.1,0.17,0.3,1.0,0.0,1.0,1.0,wiki_B,autorpa_233k,oracle_tax,16290878133.337,1.048016,27.7,30.1,722.6,190.7,0.0,491.4,583.1,0.007,504.2,117478600.0,ours_pi_prior,0.917942
h=0.1/q0=0.17/p=0.3/r=1/sig=0/cf=1,B_q0,0.1,0.17,0.3,1.0,0.0,1.0,1.0,wiki_B,autorpa_233k,ours_spend_cap,16523434628.334,1.062977,31.2,42.3,2088.9,347.6,0.0,879.9,1740.6,0.015,1463.3,340948900.0,ours_pi_prior,0.917942
h=0.1/q0=0.17/p=0.3/r=1/sig=0/cf=1,B_q0,0.1,0.17,0.3,1.0,0.0,1.0,1.0,wiki_B,autorpa_233k,ours_cap_epoch,15623294757.527,1.005069,36.0,48.0,2974.7,599.8,0.0,1519.4,2571.5,0.017,2084.0,485572000.0,ours_pi_prior,0.917942
h=0.1/q0=0.17/p=0.3/r=1/sig=0/cf=1,B_q0,0.1,0.17,0.3,1.0,0.0,1.0,1.0,wiki_B,autorpa_233k,ours_cap_realized,15548073550.122,1.00023,38.9,50.5,3312.5,697.6,0.0,1767.8,2902.0,0.018,2318.1,540117300.0,ours_pi_prior,0.917942
h=0.1/q0=0.17/p=0.3/r=1/sig=0/cf=1,B_q0,0.1,0.17,0.3,1.0,0.0,1.0,1.0,wiki_B,autorpa_233k,ours_pi_prior,15540576002.022,0.999748,34.8,46.9,3229.7,697.1,0.0,1775.3,2849.2,0.017,2257.8,526067400.0,ours_pi_prior,0.917942
h=0.1/q0=0.17/p=0.3/r=1/sig=0/cf=1,B_q0,0.1,0.17,0.3,1.0,0.0,1.0,1.0,wiki_B,autorpa_233k,breakeven,17085906708.529,1.099161,7.2,15.9,2075.3,245.9,0.0,616.0,1757.3,0.006,1443.9,336428700.0,ours_pi_prior,0.917942
h=0.1/q0=0.17/p=0.3/r=1/sig=0/cf=1,B_q0,0.1,0.17,0.3,1.0,0.0,1.0,1.0,wiki_B,autorpa_233k,breakeven_cap_epoch,17025707732.456,1.095289,5.8,14.2,1671.3,162.8,0.0,404.1,1386.9,0.005,1163.2,271025600.0,ours_pi_prior,0.917942
h=0.1/q0=0.17/p=0.3/r=1/sig=0/cf=1,B_q0,0.1,0.17,0.3,1.0,0.0,1.0,1.0,wiki_B,autorpa_233k,offline_taxblind,14367518946.41,0.924283,,,,,,,,,,,ours_pi_prior,0.917942
h=0.1/q0=0.17/p=0.3/r=1/sig=0/cf=1,B_q0,0.1,0.17,0.3,1.0,0.0,1.0,1.0,wiki_B,autorpa_233k,offline_opt_tax,14581707905.617,0.938062,,,,,,,,,,,ours_pi_prior,0.917942
h=0.1/q0=0.17/p=0.3/r=1/sig=0/cf=1,B_q0,0.1,0.17,0.3,1.0,0.0,1.0,1.0,wiki_B,native,always_reactive,16977748066.619,1.088918,0.0,0.0,0.0,0.0,0.0,0.0,0.0,0.002,0.0,0.0,ours_pi_prior,0.903974
h=0.1/q0=0.17/p=0.3/r=1/sig=0/cf=1,B_q0,0.1,0.17,0.3,1.0,0.0,1.0,1.0,wiki_B,native,always_compile_evict,17216700154.265,1.104244,116.2,129.8,9992.5,2100.5,0.0,5344.2,9471.8,0.045,6987.8,1822224196.01,ours_pi_prior,0.903974
h=0.1/q0=0.17/p=0.3/r=1/sig=0/cf=1,B_q0,0.1,0.17,0.3,1.0,0.0,1.0,1.0,wiki_B,native,ours_noinflate,15591396636.948,1.0,42.7,52.5,3721.7,792.3,0.0,2002.7,3296.7,0.02,2598.6,592810595.539,ours_pi_prior,0.903974
h=0.1/q0=0.17/p=0.3/r=1/sig=0/cf=1,B_q0,0.1,0.17,0.3,1.0,0.0,1.0,1.0,wiki_B,native,oracle_tax,16295178741.613,1.045139,27.8,30.3,719.9,189.9,0.0,488.9,580.9,0.007,502.2,119591079.701,ours_pi_prior,0.903974
h=0.1/q0=0.17/p=0.3/r=1/sig=0/cf=1,B_q0,0.1,0.17,0.3,1.0,0.0,1.0,1.0,wiki_B,native,ours_spend_cap,16560048652.586,1.062127,34.1,43.8,2305.2,385.2,0.0,977.2,1948.1,0.016,1612.1,366050698.412,ours_pi_prior,0.903974
h=0.1/q0=0.17/p=0.3/r=1/sig=0/cf=1,B_q0,0.1,0.17,0.3,1.0,0.0,1.0,1.0,wiki_B,native,ours_cap_epoch,15666522543.264,1.004818,38.9,49.1,3213.8,643.1,0.0,1628.0,2801.7,0.018,2248.8,515805247.744,ours_pi_prior,0.903974
h=0.1/q0=0.17/p=0.3/r=1/sig=0/cf=1,B_q0,0.1,0.17,0.3,1.0,0.0,1.0,1.0,wiki_B,native,ours_cap_realized,15595146075.797,1.00024,42.2,52.0,3602.2,756.3,0.0,1914.6,3180.8,0.019,2517.3,575739874.953,ours_pi_prior,0.903974
h=0.1/q0=0.17/p=0.3/r=1/sig=0/cf=1,B_q0,0.1,0.17,0.3,1.0,0.0,1.0,1.0,wiki_B,native,ours_pi_prior,15563444229.388,0.998207,35.9,47.2,3400.7,738.5,0.0,1873.9,3014.0,0.017,2374.8,543709019.324,ours_pi_prior,0.903974
h=0.1/q0=0.17/p=0.3/r=1/sig=0/cf=1,B_q0,0.1,0.17,0.3,1.0,0.0,1.0,1.0,wiki_B,native,breakeven,17096796247.384,1.096553,7.4,15.5,2085.1,234.7,0.0,589.4,1775.3,0.006,1457.2,343190253.383,ours_pi_prior,0.903974
h=0.1/q0=0.17/p=0.3/r=1/sig=0/cf=1,B_q0,0.1,0.17,0.3,1.0,0.0,1.0,1.0,wiki_B,native,breakeven_cap_epoch,17022778363.242,1.091806,5.8,14.7,1708.2,165.3,0.0,412.0,1422.9,0.005,1193.9,271545423.659,ours_pi_prior,0.903974
h=0.1/q0=0.17/p=0.3/r=1/sig=0/cf=1,B_q0,0.1,0.17,0.3,1.0,0.0,1.0,1.0,wiki_B,native,offline_taxblind,14395130686.518,0.923274,,,,,,,,,,,ours_pi_prior,0.903974
h=0.1/q0=0.17/p=0.3/r=1/sig=0/cf=1,B_q0,0.1,0.17,0.3,1.0,0.0,1.0,1.0,wiki_B,native,offline_opt_tax,14608765749.896,0.936976,,,,,,,,,,,ours_pi_prior,0.903974
h=0.1/q0=0.17/p=0/r=1/sig=0/cf=10.5094,B_q0,0.1,0.17,0.0,1.0,0.0,1.0,10.509389227369171,bpi2019,autorpa_233k,always_reactive,28364744721.458,0.985369,0.0,0.0,0.0,0.0,0.0,0.0,0.0,0.003,0.0,0.0,always_reactive,0.046633
h=0.1/q0=0.17/p=0/r=1/sig=0/cf=10.5094,B_q0,0.1,0.17,0.0,1.0,0.0,1.0,10.509389227369171,bpi2019,autorpa_233k,always_compile_evict,608258066088.321,21.130403,0.0,0.0,236818.0,0.0,0.0,0.0,236818.0,0.0,236818.0,579893321364.895,always_reactive,0.046633
h=0.1/q0=0.17/p=0/r=1/sig=0/cf=10.5094,B_q0,0.1,0.17,0.0,1.0,0.0,1.0,10.509389227369171,bpi2019,autorpa_233k,ours_noinflate,28785919004.132,1.0,0.0,0.0,172.0,0.0,0.0,0.0,172.0,0.003,172.0,421174282.676,always_reactive,0.046633
h=0.1/q0=0.17/p=0/r=1/sig=0/cf=10.5094,B_q0,0.1,0.17,0.0,1.0,0.0,1.0,10.509389227369171,bpi2019,autorpa_233k,oracle_tax,28364744721.458,0.985369,0.0,0.0,0.0,0.0,0.0,0.0,0.0,0.003,0.0,0.0,always_reactive,0.046633
h=0.1/q0=0.17/p=0/r=1/sig=0/cf=10.5094,B_q0,0.1,0.17,0.0,1.0,0.0,1.0,10.509389227369171,bpi2019,autorpa_233k,ours_spend_cap,28785919004.132,1.0,0.0,0.0,172.0,0.0,0.0,0.0,172.0,0.003,172.0,421174282.676,always_reactive,0.046633
h=0.1/q0=0.17/p=0/r=1/sig=0/cf=10.5094,B_q0,0.1,0.17,0.0,1.0,0.0,1.0,10.509389227369171,bpi2019,autorpa_233k,ours_cap_epoch,28785919004.132,1.0,0.0,0.0,172.0,0.0,0.0,0.0,172.0,0.003,172.0,421174282.676,always_reactive,0.046633
h=0.1/q0=0.17/p=0/r=1/sig=0/cf=10.5094,B_q0,0.1,0.17,0.0,1.0,0.0,1.0,10.509389227369171,bpi2019,autorpa_233k,ours_cap_realized,28785919004.132,1.0,0.0,0.0,172.0,0.0,0.0,0.0,172.0,0.003,172.0,421174282.676,always_reactive,0.046633
h=0.1/q0=0.17/p=0/r=1/sig=0/cf=10.5094,B_q0,0.1,0.17,0.0,1.0,0.0,1.0,10.509389227369171,bpi2019,autorpa_233k,ours_pi_prior,28834892757.932,1.001701,0.0,0.0,192.0,0.0,0.0,0.0,192.0,0.003,192.0,470148036.476,always_reactive,0.046633
h=0.1/q0=0.17/p=0/r=1/sig=0/cf=10.5094,B_q0,0.1,0.17,0.0,1.0,0.0,1.0,10.509389227369171,bpi2019,autorpa_233k,breakeven,194057645951.164,6.741409,0.0,0.0,67666.0,0.0,0.0,0.0,67666.0,0.0,67666.0,165692901230.002,always_reactive,0.046633
h=0.1/q0=0.17/p=0/r=1/sig=0/cf=10.5094,B_q0,0.1,0.17,0.0,1.0,0.0,1.0,10.509389227369171,bpi2019,autorpa_233k,breakeven_cap_epoch,30788945534.528,1.069584,0.0,0.0,990.0,0.0,0.0,0.0,990.0,0.003,990.0,2424200813.077,always_reactive,0.046633
h=0.1/q0=0.17/p=0/r=1/sig=0/cf=10.5094,B_q0,0.1,0.17,0.0,1.0,0.0,1.0,10.509389227369171,bpi2019,autorpa_233k,offline_taxblind,28364744721.522,0.985369,,,,,,,,,,,always_reactive,0.046633
h=0.1/q0=0.17/p=0/r=1/sig=0/cf=10.5094,B_q0,0.1,0.17,0.0,1.0,0.0,1.0,10.509389227369171,bpi2019,autorpa_233k,offline_opt_tax,28364744721.522,0.985369,,,,,,,,,,,always_reactive,0.046633
h=0.1/q0=0.17/p=0/r=1/sig=0/cf=10.5094,B_q0,0.1,0.17,0.0,1.0,0.0,1.0,10.509389227369171,bpi2019,native,always_reactive,28364744721.458,0.985051,0.0,0.0,0.0,0.0,0.0,0.0,0.0,0.003,0.0,0.0,always_reactive,0.036059
h=0.1/q0=0.17/p=0/r=1/sig=0/cf=10.5094,B_q0,0.1,0.17,0.0,1.0,0.0,1.0,10.509389227369171,bpi2019,native,always_compile_evict,786629619891.115,27.318082,0.0,0.0,236818.0,0.0,0.0,0.0,236818.0,0.0,236818.0,758264875166.386,always_reactive,0.036059
h=0.1/q0=0.17/p=0/r=1/sig=0/cf=10.5094,B_q0,0.1,0.17,0.0,1.0,0.0,1.0,10.509389227369171,bpi2019,native,ours_noinflate,28795199964.802,1.0,0.0,0.0,172.0,0.0,0.0,0.0,172.0,0.003,172.0,430455243.345,always_reactive,0.036059
h=0.1/q0=0.17/p=0/r=1/sig=0/cf=10.5094,B_q0,0.1,0.17,0.0,1.0,0.0,1.0,10.509389227369171,bpi2019,native,oracle_tax,28364744721.458,0.985051,0.0,0.0,0.0,0.0,0.0,0.0,0.0,0.003,0.0,0.0,always_reactive,0.036059
h=0.1/q0=0.17/p=0/r=1/sig=0/cf=10.5094,B_q0,0.1,0.17,0.0,1.0,0.0,1.0,10.509389227369171,bpi2019,native,ours_spend_cap,28795199964.802,1.0,0.0,0.0,172.0,0.0,0.0,0.0,172.0,0.003,172.0,430455243.345,always_reactive,0.036059
h=0.1/q0=0.17/p=0/r=1/sig=0/cf=10.5094,B_q0,0.1,0.17,0.0,1.0,0.0,1.0,10.509389227369171,bpi2019,native,ours_cap_epoch,28795199964.802,1.0,0.0,0.0,172.0,0.0,0.0,0.0,172.0,0.003,172.0,430455243.345,always_reactive,0.036059
h=0.1/q0=0.17/p=0/r=1/sig=0/cf=10.5094,B_q0,0.1,0.17,0.0,1.0,0.0,1.0,10.509389227369171,bpi2019,native,ours_cap_realized,28795199964.802,1.0,0.0,0.0,172.0,0.0,0.0,0.0,172.0,0.003,172.0,430455243.345,always_reactive,0.036059
h=0.1/q0=0.17/p=0/r=1/sig=0/cf=10.5094,B_q0,0.1,0.17,0.0,1.0,0.0,1.0,10.509389227369171,bpi2019,native,ours_pi_prior,28845252900.075,1.001738,0.0,0.0,192.0,0.0,0.0,0.0,192.0,0.003,192.0,480508178.618,always_reactive,0.036059
h=0.1/q0=0.17/p=0/r=1/sig=0/cf=10.5094,B_q0,0.1,0.17,0.0,1.0,0.0,1.0,10.509389227369171,bpi2019,native,breakeven,194579647764.418,6.757364,0.0,0.0,65214.0,0.0,0.0,0.0,65214.0,0.0,65214.0,166214903042.836,always_reactive,0.036059
h=0.1/q0=0.17/p=0/r=1/sig=0/cf=10.5094,B_q0,0.1,0.17,0.0,1.0,0.0,1.0,10.509389227369171,bpi2019,native,breakeven_cap_epoch,30877460809.118,1.072313,0.0,0.0,1014.0,0.0,0.0,0.0,1014.0,0.003,1014.0,2512716087.667,always_reactive,0.036059
h=0.1/q0=0.17/p=0/r=1/sig=0/cf=10.5094,B_q0,0.1,0.17,0.0,1.0,0.0,1.0,10.509389227369171,bpi2019,native,offline_taxblind,28364744721.522,0.985051,,,,,,,,,,,always_reactive,0.036059
h=0.1/q0=0.17/p=0/r=1/sig=0/cf=10.5094,B_q0,0.1,0.17,0.0,1.0,0.0,1.0,10.509389227369171,bpi2019,native,offline_opt_tax,28364744721.522,0.985051,,,,,,,,,,,always_reactive,0.036059
h=0.1/q0=0.17/p=0/r=1/sig=0/cf=10.5094,B_q0,0.1,0.17,0.0,1.0,0.0,1.0,10.509389227369171,sepsis,autorpa_233k,always_reactive,187135368.565,0.974497,0.0,0.0,0.0,0.0,0.0,0.0,0.0,0.002,0.0,0.0,always_reactive,0.349884
h=0.1/q0=0.17/p=0/r=1/sig=0/cf=10.5094,B_q0,0.1,0.17,0.0,1.0,0.0,1.0,10.509389227369171,sepsis,autorpa_233k,always_compile_evict,534849020.541,2.785197,0.0,0.0,142.0,0.0,0.0,0.0,142.0,0.001,142.0,347713651.977,always_reactive,0.349884
h=0.1/q0=0.17/p=0/r=1/sig=0/cf=10.5094,B_q0,0.1,0.17,0.0,1.0,0.0,1.0,10.509389227369171,sepsis,autorpa_233k,ours_noinflate,192032743.945,1.0,0.0,0.0,2.0,0.0,0.0,0.0,2.0,0.002,2.0,4897375.38,always_reactive,0.349884
h=0.1/q0=0.17/p=0/r=1/sig=0/cf=10.5094,B_q0,0.1,0.17,0.0,1.0,0.0,1.0,10.509389227369171,sepsis,autorpa_233k,oracle_tax,187135368.565,0.974497,0.0,0.0,0.0,0.0,0.0,0.0,0.0,0.002,0.0,0.0,always_reactive,0.349884
h=0.1/q0=0.17/p=0/r=1/sig=0/cf=10.5094,B_q0,0.1,0.17,0.0,1.0,0.0,1.0,10.509389227369171,sepsis,autorpa_233k,ours_spend_cap,192032743.945,1.0,0.0,0.0,2.0,0.0,0.0,0.0,2.0,0.002,2.0,4897375.38,always_reactive,0.349884
h=0.1/q0=0.17/p=0/r=1/sig=0/cf=10.5094,B_q0,0.1,0.17,0.0,1.0,0.0,1.0,10.509389227369171,sepsis,autorpa_233k,ours_cap_epoch,192032743.945,1.0,0.0,0.0,2.0,0.0,0.0,0.0,2.0,0.002,2.0,4897375.38,always_reactive,0.349884
h=0.1/q0=0.17/p=0/r=1/sig=0/cf=10.5094,B_q0,0.1,0.17,0.0,1.0,0.0,1.0,10.509389227369171,sepsis,autorpa_233k,ours_cap_realized,192032743.945,1.0,0.0,0.0,2.0,0.0,0.0,0.0,2.0,0.002,2.0,4897375.38,always_reactive,0.349884
h=0.1/q0=0.17/p=0/r=1/sig=0/cf=10.5094,B_q0,0.1,0.17,0.0,1.0,0.0,1.0,10.509389227369171,sepsis,autorpa_233k,ours_pi_prior,189584056.255,0.987249,0.0,0.0,1.0,0.0,0.0,0.0,1.0,0.002,1.0,2448687.69,always_reactive,0.349884
h=0.1/q0=0.17/p=0/r=1/sig=0/cf=10.5094,B_q0,0.1,0.17,0.0,1.0,0.0,1.0,10.509389227369171,sepsis,autorpa_233k,breakeven,338954005.343,1.765084,0.0,0.0,62.0,0.0,0.0,0.0,62.0,0.001,62.0,151818636.779,always_reactive,0.349884
h=0.1/q0=0.17/p=0/r=1/sig=0/cf=10.5094,B_q0,0.1,0.17,0.0,1.0,0.0,1.0,10.509389227369171,sepsis,autorpa_233k,breakeven_cap_epoch,204276182.394,1.063757,0.0,0.0,7.0,0.0,0.0,0.0,7.0,0.002,7.0,17140813.83,always_reactive,0.349884
h=0.1/q0=0.17/p=0/r=1/sig=0/cf=10.5094,B_q0,0.1,0.17,0.0,1.0,0.0,1.0,10.509389227369171,sepsis,autorpa_233k,offline_taxblind,187135368.565,0.974497,,,,,,,,,,,always_reactive,0.349884
h=0.1/q0=0.17/p=0/r=1/sig=0/cf=10.5094,B_q0,0.1,0.17,0.0,1.0,0.0,1.0,10.509389227369171,sepsis,autorpa_233k,offline_opt_tax,187135368.565,0.974497,,,,,,,,,,,always_reactive,0.349884
h=0.1/q0=0.17/p=0/r=1/sig=0/cf=10.5094,B_q0,0.1,0.17,0.0,1.0,0.0,1.0,10.509389227369171,sepsis,native,always_reactive,187135368.565,0.97395,0.0,0.0,0.0,0.0,0.0,0.0,0.0,0.002,0.0,0.0,always_reactive,0.328719
h=0.1/q0=0.17/p=0/r=1/sig=0/cf=10.5094,B_q0,0.1,0.17,0.0,1.0,0.0,1.0,10.509389227369171,sepsis,native,always_compile_evict,569286043.47,2.962861,0.0,0.0,142.0,0.0,0.0,0.0,142.0,0.001,142.0,382150674.905,always_reactive,0.328719
h=0.1/q0=0.17/p=0/r=1/sig=0/cf=10.5094,B_q0,0.1,0.17,0.0,1.0,0.0,1.0,10.509389227369171,sepsis,native,ours_noinflate,192140662.092,1.0,0.0,0.0,2.0,0.0,0.0,0.0,2.0,0.002,2.0,5005293.527,always_reactive,0.328719
h=0.1/q0=0.17/p=0/r=1/sig=0/cf=10.5094,B_q0,0.1,0.17,0.0,1.0,0.0,1.0,10.509389227369171,sepsis,native,oracle_tax,187135368.565,0.97395,0.0,0.0,0.0,0.0,0.0,0.0,0.0,0.002,0.0,0.0,always_reactive,0.328719
h=0.1/q0=0.17/p=0/r=1/sig=0/cf=10.5094,B_q0,0.1,0.17,0.0,1.0,0.0,1.0,10.509389227369171,sepsis,native,ours_spend_cap,192140662.092,1.0,0.0,0.0,2.0,0.0,0.0,0.0,2.0,0.002,2.0,5005293.527,always_reactive,0.328719
h=0.1/q0=0.17/p=0/r=1/sig=0/cf=10.5094,B_q0,0.1,0.17,0.0,1.0,0.0,1.0,10.509389227369171,sepsis,native,ours_cap_epoch,192140662.092,1.0,0.0,0.0,2.0,0.0,0.0,0.0,2.0,0.002,2.0,5005293.527,always_reactive,0.328719
h=0.1/q0=0.17/p=0/r=1/sig=0/cf=10.5094,B_q0,0.1,0.17,0.0,1.0,0.0,1.0,10.509389227369171,sepsis,native,ours_cap_realized,192140662.092,1.0,0.0,0.0,2.0,0.0,0.0,0.0,2.0,0.002,2.0,5005293.527,always_reactive,0.328719
h=0.1/q0=0.17/p=0/r=1/sig=0/cf=10.5094,B_q0,0.1,0.17,0.0,1.0,0.0,1.0,10.509389227369171,sepsis,native,ours_pi_prior,189638015.328,0.986975,0.0,0.0,1.0,0.0,0.0,0.0,1.0,0.002,1.0,2502646.764,always_reactive,0.328719
h=0.1/q0=0.17/p=0/r=1/sig=0/cf=10.5094,B_q0,0.1,0.17,0.0,1.0,0.0,1.0,10.509389227369171,sepsis,native,breakeven,342821675.591,1.784222,0.0,0.0,63.0,0.0,0.0,0.0,63.0,0.001,63.0,155686307.027,always_reactive,0.328719
h=0.1/q0=0.17/p=0/r=1/sig=0/cf=10.5094,B_q0,0.1,0.17,0.0,1.0,0.0,1.0,10.509389227369171,sepsis,native,breakeven_cap_epoch,205176103.591,1.067843,0.0,0.0,8.0,0.0,0.0,0.0,8.0,0.002,8.0,18040735.027,always_reactive,0.328719
h=0.1/q0=0.17/p=0/r=1/sig=0/cf=10.5094,B_q0,0.1,0.17,0.0,1.0,0.0,1.0,10.509389227369171,sepsis,native,offline_taxblind,187135368.565,0.97395,,,,,,,,,,,always_reactive,0.328719
h=0.1/q0=0.17/p=0/r=1/sig=0/cf=10.5094,B_q0,0.1,0.17,0.0,1.0,0.0,1.0,10.509389227369171,sepsis,native,offline_opt_tax,187135368.565,0.97395,,,,,,,,,,,always_reactive,0.328719
h=0.1/q0=0.17/p=0/r=1/sig=0/cf=10.5094,B_q0,0.1,0.17,0.0,1.0,0.0,1.0,10.509389227369171,wiki_A,autorpa_233k,always_reactive,19487424199.81,0.995746,0.0,0.0,0.0,0.0,0.0,0.0,0.0,0.001,0.0,0.0,always_reactive,0.11285
h=0.1/q0=0.17/p=0/r=1/sig=0/cf=10.5094,B_q0,0.1,0.17,0.0,1.0,0.0,1.0,10.509389227369171,wiki_A,autorpa_233k,always_compile_evict,172684672147.794,8.823642,0.0,0.0,62563.0,0.0,0.0,0.0,62563.0,0.0,62563.0,153197247948.046,always_reactive,0.11285
h=0.1/q0=0.17/p=0/r=1/sig=0/cf=10.5094,B_q0,0.1,0.17,0.0,1.0,0.0,1.0,10.509389227369171,wiki_A,autorpa_233k,ours_noinflate,19570679581.268,1.0,0.0,0.0,34.0,0.0,0.0,0.0,34.0,0.001,34.0,83255381.459,always_reactive,0.11285
h=0.1/q0=0.17/p=0/r=1/sig=0/cf=10.5094,B_q0,0.1,0.17,0.0,1.0,0.0,1.0,10.509389227369171,wiki_A,autorpa_233k,oracle_tax,19487424199.81,0.995746,0.0,0.0,0.0,0.0,0.0,0.0,0.0,0.001,0.0,0.0,always_reactive,0.11285
h=0.1/q0=0.17/p=0/r=1/sig=0/cf=10.5094,B_q0,0.1,0.17,0.0,1.0,0.0,1.0,10.509389227369171,wiki_A,autorpa_233k,ours_spend_cap,19570679581.268,1.0,0.0,0.0,34.0,0.0,0.0,0.0,34.0,0.001,34.0,83255381.459,always_reactive,0.11285
h=0.1/q0=0.17/p=0/r=1/sig=0/cf=10.5094,B_q0,0.1,0.17,0.0,1.0,0.0,1.0,10.509389227369171,wiki_A,autorpa_233k,ours_cap_epoch,19570679581.268,1.0,0.0,0.0,34.0,0.0,0.0,0.0,34.0,0.001,34.0,83255381.459,always_reactive,0.11285
h=0.1/q0=0.17/p=0/r=1/sig=0/cf=10.5094,B_q0,0.1,0.17,0.0,1.0,0.0,1.0,10.509389227369171,wiki_A,autorpa_233k,ours_cap_realized,19570679581.268,1.0,0.0,0.0,34.0,0.0,0.0,0.0,34.0,0.001,34.0,83255381.459,always_reactive,0.11285
h=0.1/q0=0.17/p=0/r=1/sig=0/cf=10.5094,B_q0,0.1,0.17,0.0,1.0,0.0,1.0,10.509389227369171,wiki_A,autorpa_233k,ours_pi_prior,19553538767.439,0.999124,0.0,0.0,27.0,0.0,0.0,0.0,27.0,0.001,27.0,66114567.629,always_reactive,0.11285
h=0.1/q0=0.17/p=0/r=1/sig=0/cf=10.5094,B_q0,0.1,0.17,0.0,1.0,0.0,1.0,10.509389227369171,wiki_A,autorpa_233k,breakeven,99358719271.392,5.076917,0.0,0.0,32618.0,0.0,0.0,0.0,32618.0,0.0,32618.0,79871295071.687,always_reactive,0.11285
h=0.1/q0=0.17/p=0/r=1/sig=0/cf=10.5094,B_q0,0.1,0.17,0.0,1.0,0.0,1.0,10.509389227369171,wiki_A,autorpa_233k,breakeven_cap_epoch,19920841920.931,1.017892,0.0,0.0,177.0,0.0,0.0,0.0,177.0,0.001,177.0,433417721.126,always_reactive,0.11285
h=0.1/q0=0.17/p=0/r=1/sig=0/cf=10.5094,B_q0,0.1,0.17,0.0,1.0,0.0,1.0,10.509389227369171,wiki_A,autorpa_233k,offline_taxblind,19487424199.821,0.995746,,,,,,,,,,,always_reactive,0.11285
h=0.1/q0=0.17/p=0/r=1/sig=0/cf=10.5094,B_q0,0.1,0.17,0.0,1.0,0.0,1.0,10.509389227369171,wiki_A,autorpa_233k,offline_opt_tax,19487424199.821,0.995746,,,,,,,,,,,always_reactive,0.11285
h=0.1/q0=0.17/p=0/r=1/sig=0/cf=10.5094,B_q0,0.1,0.17,0.0,1.0,0.0,1.0,10.509389227369171,wiki_A,native,always_reactive,19487424199.81,0.995653,0.0,0.0,0.0,0.0,0.0,0.0,0.0,0.001,0.0,0.0,always_reactive,0.102418
h=0.1/q0=0.17/p=0/r=1/sig=0/cf=10.5094,B_q0,0.1,0.17,0.0,1.0,0.0,1.0,10.509389227369171,wiki_A,native,always_compile_evict,190272724193.731,9.721425,0.0,0.0,62563.0,0.0,0.0,0.0,62563.0,0.0,62563.0,170785299993.635,always_reactive,0.102418
h=0.1/q0=0.17/p=0/r=1/sig=0/cf=10.5094,B_q0,0.1,0.17,0.0,1.0,0.0,1.0,10.509389227369171,wiki_A,native,ours_noinflate,19572514189.773,1.0,0.0,0.0,34.0,0.0,0.0,0.0,34.0,0.001,34.0,85089989.964,always_reactive,0.102418
h=0.1/q0=0.17/p=0/r=1/sig=0/cf=10.5094,B_q0,0.1,0.17,0.0,1.0,0.0,1.0,10.509389227369171,wiki_A,native,oracle_tax,19487424199.81,0.995653,0.0,0.0,0.0,0.0,0.0,0.0,0.0,0.001,0.0,0.0,always_reactive,0.102418
h=0.1/q0=0.17/p=0/r=1/sig=0/cf=10.5094,B_q0,0.1,0.17,0.0,1.0,0.0,1.0,10.509389227369171,wiki_A,native,ours_spend_cap,19572514189.773,1.0,0.0,0.0,34.0,0.0,0.0,0.0,34.0,0.001,34.0,85089989.964,always_reactive,0.102418
h=0.1/q0=0.17/p=0/r=1/sig=0/cf=10.5094,B_q0,0.1,0.17,0.0,1.0,0.0,1.0,10.509389227369171,wiki_A,native,ours_cap_epoch,19572514189.773,1.0,0.0,0.0,34.0,0.0,0.0,0.0,34.0,0.001,34.0,85089989.964,always_reactive,0.102418
h=0.1/q0=0.17/p=0/r=1/sig=0/cf=10.5094,B_q0,0.1,0.17,0.0,1.0,0.0,1.0,10.509389227369171,wiki_A,native,ours_cap_realized,19572514189.773,1.0,0.0,0.0,34.0,0.0,0.0,0.0,34.0,0.001,34.0,85089989.964,always_reactive,0.102418
h=0.1/q0=0.17/p=0/r=1/sig=0/cf=10.5094,B_q0,0.1,0.17,0.0,1.0,0.0,1.0,10.509389227369171,wiki_A,native,ours_pi_prior,19552493015.664,0.998977,0.0,0.0,26.0,0.0,0.0,0.0,26.0,0.001,26.0,65068815.855,always_reactive,0.102418
h=0.1/q0=0.17/p=0/r=1/sig=0/cf=10.5094,B_q0,0.1,0.17,0.0,1.0,0.0,1.0,10.509389227369171,wiki_A,native,breakeven,100754487602.093,5.147754,0.0,0.0,32672.0,0.0,0.0,0.0,32672.0,0.0,32672.0,81267063402.292,always_reactive,0.102418
h=0.1/q0=0.17/p=0/r=1/sig=0/cf=10.5094,B_q0,0.1,0.17,0.0,1.0,0.0,1.0,10.509389227369171,wiki_A,native,breakeven_cap_epoch,19950188533.642,1.019296,0.0,0.0,188.0,0.0,0.0,0.0,188.0,0.001,188.0,462764333.837,always_reactive,0.102418
h=0.1/q0=0.17/p=0/r=1/sig=0/cf=10.5094,B_q0,0.1,0.17,0.0,1.0,0.0,1.0,10.509389227369171,wiki_A,native,offline_taxblind,19487424199.821,0.995653,,,,,,,,,,,always_reactive,0.102418
h=0.1/q0=0.17/p=0/r=1/sig=0/cf=10.5094,B_q0,0.1,0.17,0.0,1.0,0.0,1.0,10.509389227369171,wiki_A,native,offline_opt_tax,19487424199.821,0.995653,,,,,,,,,,,always_reactive,0.102418
h=0.1/q0=0.17/p=0/r=1/sig=0/cf=10.5094,B_q0,0.1,0.17,0.0,1.0,0.0,1.0,10.509389227369171,wiki_B,autorpa_233k,always_reactive,16977748066.619,0.972099,0.0,0.0,0.0,0.0,0.0,0.0,0.0,0.002,0.0,0.0,always_reactive,0.197869
h=0.1/q0=0.17/p=0/r=1/sig=0/cf=10.5094,B_q0,0.1,0.17,0.0,1.0,0.0,1.0,10.509389227369171,wiki_B,autorpa_233k,always_compile_evict,85803012968.788,4.912845,0.0,0.0,28107.0,0.0,0.0,0.0,28107.0,0.0,28107.0,68825264902.184,always_reactive,0.197869
h=0.1/q0=0.17/p=0/r=1/sig=0/cf=10.5094,B_q0,0.1,0.17,0.0,1.0,0.0,1.0,10.509389227369171,wiki_B,autorpa_233k,ours_noinflate,17465036916.924,1.0,0.0,0.0,199.0,0.0,0.0,0.0,199.0,0.002,199.0,487288850.305,always_reactive,0.197869
h=0.1/q0=0.17/p=0/r=1/sig=0/cf=10.5094,B_q0,0.1,0.17,0.0,1.0,0.0,1.0,10.509389227369171,wiki_B,autorpa_233k,oracle_tax,16977748066.619,0.972099,0.0,0.0,0.0,0.0,0.0,0.0,0.0,0.002,0.0,0.0,always_reactive,0.197869
h=0.1/q0=0.17/p=0/r=1/sig=0/cf=10.5094,B_q0,0.1,0.17,0.0,1.0,0.0,1.0,10.509389227369171,wiki_B,autorpa_233k,ours_spend_cap,17465036916.924,1.0,0.0,0.0,199.0,0.0,0.0,0.0,199.0,0.002,199.0,487288850.305,always_reactive,0.197869
h=0.1/q0=0.17/p=0/r=1/sig=0/cf=10.5094,B_q0,0.1,0.17,0.0,1.0,0.0,1.0,10.509389227369171,wiki_B,autorpa_233k,ours_cap_epoch,17465036916.924,1.0,0.0,0.0,199.0,0.0,0.0,0.0,199.0,0.002,199.0,487288850.305,always_reactive,0.197869
h=0.1/q0=0.17/p=0/r=1/sig=0/cf=10.5094,B_q0,0.1,0.17,0.0,1.0,0.0,1.0,10.509389227369171,wiki_B,autorpa_233k,ours_cap_realized,17465036916.924,1.0,0.0,0.0,199.0,0.0,0.0,0.0,199.0,0.002,199.0,487288850.305,always_reactive,0.197869
h=0.1/q0=0.17/p=0/r=1/sig=0/cf=10.5094,B_q0,0.1,0.17,0.0,1.0,0.0,1.0,10.509389227369171,wiki_B,autorpa_233k,ours_pi_prior,17523805421.483,1.003365,0.0,0.0,223.0,0.0,0.0,0.0,223.0,0.002,223.0,546057354.865,always_reactive,0.197869
h=0.1/q0=0.17/p=0/r=1/sig=0/cf=10.5094,B_q0,0.1,0.17,0.0,1.0,0.0,1.0,10.509389227369171,wiki_B,autorpa_233k,breakeven,42120873267.29,2.411725,0.0,0.0,10268.0,0.0,0.0,0.0,10268.0,0.001,10268.0,25143125200.684,always_reactive,0.197869
h=0.1/q0=0.17/p=0/r=1/sig=0/cf=10.5094,B_q0,0.1,0.17,0.0,1.0,0.0,1.0,10.509389227369171,wiki_B,autorpa_233k,breakeven_cap_epoch,19073824729.237,1.092115,0.0,0.0,856.0,0.0,0.0,0.0,856.0,0.002,856.0,2096076662.62,always_reactive,0.197869
h=0.1/q0=0.17/p=0/r=1/sig=0/cf=10.5094,B_q0,0.1,0.17,0.0,1.0,0.0,1.0,10.509389227369171,wiki_B,autorpa_233k,offline_taxblind,16977748066.618,0.972099,,,,,,,,,,,always_reactive,0.197869
h=0.1/q0=0.17/p=0/r=1/sig=0/cf=10.5094,B_q0,0.1,0.17,0.0,1.0,0.0,1.0,10.509389227369171,wiki_B,autorpa_233k,offline_opt_tax,16977748066.618,0.972099,,,,,,,,,,,always_reactive,0.197869
h=0.1/q0=0.17/p=0/r=1/sig=0/cf=10.5094,B_q0,0.1,0.17,0.0,1.0,0.0,1.0,10.509389227369171,wiki_B,native,always_reactive,16977748066.619,0.97178,0.0,0.0,0.0,0.0,0.0,0.0,0.0,0.002,0.0,0.0,always_reactive,0.181465
h=0.1/q0=0.17/p=0/r=1/sig=0/cf=10.5094,B_q0,0.1,0.17,0.0,1.0,0.0,1.0,10.509389227369171,wiki_B,native,always_compile_evict,93559438820.81,5.355199,0.0,0.0,28107.0,0.0,0.0,0.0,28107.0,0.0,28107.0,76581690754.206,always_reactive,0.181465
h=0.1/q0=0.17/p=0/r=1/sig=0/cf=10.5094,B_q0,0.1,0.17,0.0,1.0,0.0,1.0,10.509389227369171,wiki_B,native,ours_noinflate,17470769479.055,1.0,0.0,0.0,197.0,0.0,0.0,0.0,197.0,0.002,197.0,493021412.436,always_reactive,0.181465
h=0.1/q0=0.17/p=0/r=1/sig=0/cf=10.5094,B_q0,0.1,0.17,0.0,1.0,0.0,1.0,10.509389227369171,wiki_B,native,oracle_tax,16977748066.619,0.97178,0.0,0.0,0.0,0.0,0.0,0.0,0.0,0.002,0.0,0.0,always_reactive,0.181465
h=0.1/q0=0.17/p=0/r=1/sig=0/cf=10.5094,B_q0,0.1,0.17,0.0,1.0,0.0,1.0,10.509389227369171,wiki_B,native,ours_spend_cap,17470769479.055,1.0,0.0,0.0,197.0,0.0,0.0,0.0,197.0,0.002,197.0,493021412.436,always_reactive,0.181465
h=0.1/q0=0.17/p=0/r=1/sig=0/cf=10.5094,B_q0,0.1,0.17,0.0,1.0,0.0,1.0,10.509389227369171,wiki_B,native,ours_cap_epoch,17470769479.055,1.0,0.0,0.0,197.0,0.0,0.0,0.0,197.0,0.002,197.0,493021412.436,always_reactive,0.181465
h=0.1/q0=0.17/p=0/r=1/sig=0/cf=10.5094,B_q0,0.1,0.17,0.0,1.0,0.0,1.0,10.509389227369171,wiki_B,native,ours_cap_realized,17470769479.055,1.0,0.0,0.0,197.0,0.0,0.0,0.0,197.0,0.002,197.0,493021412.436,always_reactive,0.181465
h=0.1/q0=0.17/p=0/r=1/sig=0/cf=10.5094,B_q0,0.1,0.17,0.0,1.0,0.0,1.0,10.509389227369171,wiki_B,native,ours_pi_prior,17533335648.145,1.003581,0.0,0.0,222.0,0.0,0.0,0.0,222.0,0.002,222.0,555587581.527,always_reactive,0.181465
h=0.1/q0=0.17/p=0/r=1/sig=0/cf=10.5094,B_q0,0.1,0.17,0.0,1.0,0.0,1.0,10.509389227369171,wiki_B,native,breakeven,42366366424.035,2.424986,0.0,0.0,10539.0,0.0,0.0,0.0,10539.0,0.001,10539.0,25388618357.432,always_reactive,0.181465
h=0.1/q0=0.17/p=0/r=1/sig=0/cf=10.5094,B_q0,0.1,0.17,0.0,1.0,0.0,1.0,10.509389227369171,wiki_B,native,breakeven_cap_epoch,19107419203.348,1.093679,0.0,0.0,865.0,0.0,0.0,0.0,865.0,0.002,865.0,2129671136.732,always_reactive,0.181465
h=0.1/q0=0.17/p=0/r=1/sig=0/cf=10.5094,B_q0,0.1,0.17,0.0,1.0,0.0,1.0,10.509389227369171,wiki_B,native,offline_taxblind,16977748066.618,0.97178,,,,,,,,,,,always_reactive,0.181465
h=0.1/q0=0.17/p=0/r=1/sig=0/cf=10.5094,B_q0,0.1,0.17,0.0,1.0,0.0,1.0,10.509389227369171,wiki_B,native,offline_opt_tax,16977748066.618,0.97178,,,,,,,,,,,always_reactive,0.181465
h=0.1/q0=0.17/p=0/r=1/sig=0/cf=1,B_q0,0.1,0.17,0.0,1.0,0.0,1.0,1.0,bpi2019,autorpa_233k,always_reactive,28364744721.458,0.976991,0.0,0.0,0.0,0.0,0.0,0.0,0.0,0.003,0.0,0.0,always_reactive,0.339521
h=0.1/q0=0.17/p=0/r=1/sig=0/cf=1,B_q0,0.1,0.17,0.0,1.0,0.0,1.0,1.0,bpi2019,autorpa_233k,always_compile_evict,83543338721.444,2.877555,0.0,0.0,236818.0,0.0,0.0,0.0,236818.0,0.001,236818.0,55178594000.0,always_reactive,0.339521
h=0.1/q0=0.17/p=0/r=1/sig=0/cf=1,B_q0,0.1,0.17,0.0,1.0,0.0,1.0,1.0,bpi2019,autorpa_233k,ours_noinflate,29032755721.456,1.0,0.0,0.0,2867.0,0.0,0.0,0.0,2867.0,0.003,2867.0,668011000.0,always_reactive,0.339521
h=0.1/q0=0.17/p=0/r=1/sig=0/cf=1,B_q0,0.1,0.17,0.0,1.0,0.0,1.0,1.0,bpi2019,autorpa_233k,oracle_tax,28364744721.458,0.976991,0.0,0.0,0.0,0.0,0.0,0.0,0.0,0.003,0.0,0.0,always_reactive,0.339521
h=0.1/q0=0.17/p=0/r=1/sig=0/cf=1,B_q0,0.1,0.17,0.0,1.0,0.0,1.0,1.0,bpi2019,autorpa_233k,ours_spend_cap,29032755721.456,1.0,0.0,0.0,2867.0,0.0,0.0,0.0,2867.0,0.003,2867.0,668011000.0,always_reactive,0.339521
h=0.1/q0=0.17/p=0/r=1/sig=0/cf=1,B_q0,0.1,0.17,0.0,1.0,0.0,1.0,1.0,bpi2019,autorpa_233k,ours_cap_epoch,29032755721.456,1.0,0.0,0.0,2867.0,0.0,0.0,0.0,2867.0,0.003,2867.0,668011000.0,always_reactive,0.339521
h=0.1/q0=0.17/p=0/r=1/sig=0/cf=1,B_q0,0.1,0.17,0.0,1.0,0.0,1.0,1.0,bpi2019,autorpa_233k,ours_cap_realized,29032755721.456,1.0,0.0,0.0,2867.0,0.0,0.0,0.0,2867.0,0.003,2867.0,668011000.0,always_reactive,0.339521
h=0.1/q0=0.17/p=0/r=1/sig=0/cf=1,B_q0,0.1,0.17,0.0,1.0,0.0,1.0,1.0,bpi2019,autorpa_233k,ours_pi_prior,28984291721.456,0.998331,0.0,0.0,2659.0,0.0,0.0,0.0,2659.0,0.003,2659.0,619547000.0,always_reactive,0.339521
h=0.1/q0=0.17/p=0/r=1/sig=0/cf=1,B_q0,0.1,0.17,0.0,1.0,0.0,1.0,1.0,bpi2019,autorpa_233k,breakeven,44130922721.397,1.520039,0.0,0.0,67666.0,0.0,0.0,0.0,67666.0,0.002,67666.0,15766178000.0,always_reactive,0.339521
h=0.1/q0=0.17/p=0/r=1/sig=0/cf=1,B_q0,0.1,0.17,0.0,1.0,0.0,1.0,1.0,bpi2019,autorpa_233k,breakeven_cap_epoch,29202146721.456,1.005834,0.0,0.0,3594.0,0.0,0.0,0.0,3594.0,0.003,3594.0,837402000.0,always_reactive,0.339521
h=0.1/q0=0.17/p=0/r=1/sig=0/cf=1,B_q0,0.1,0.17,0.0,1.0,0.0,1.0,1.0,bpi2019,autorpa_233k,offline_taxblind,28364744721.522,0.976991,,,,,,,,,,,always_reactive,0.339521
h=0.1/q0=0.17/p=0/r=1/sig=0/cf=1,B_q0,0.1,0.17,0.0,1.0,0.0,1.0,1.0,bpi2019,autorpa_233k,offline_opt_tax,28364744721.522,0.976991,,,,,,,,,,,always_reactive,0.339521
h=0.1/q0=0.17/p=0/r=1/sig=0/cf=1,B_q0,0.1,0.17,0.0,1.0,0.0,1.0,1.0,bpi2019,native,always_reactive,28364744721.458,0.97627,0.0,0.0,0.0,0.0,0.0,0.0,0.0,0.003,0.0,0.0,always_reactive,0.282192
h=0.1/q0=0.17/p=0/r=1/sig=0/cf=1,B_q0,0.1,0.17,0.0,1.0,0.0,1.0,1.0,bpi2019,native,always_compile_evict,100515928654.272,3.459599,0.0,0.0,236818.0,0.0,0.0,0.0,236818.0,0.001,236818.0,72151183932.887,always_reactive,0.282192
h=0.1/q0=0.17/p=0/r=1/sig=0/cf=1,B_q0,0.1,0.17,0.0,1.0,0.0,1.0,1.0,bpi2019,native,ours_noinflate,29054209839.807,1.0,0.0,0.0,3012.0,0.0,0.0,0.0,3012.0,0.003,3012.0,689465118.35,always_reactive,0.282192
h=0.1/q0=0.17/p=0/r=1/sig=0/cf=1,B_q0,0.1,0.17,0.0,1.0,0.0,1.0,1.0,bpi2019,native,oracle_tax,28364744721.458,0.97627,0.0,0.0,0.0,0.0,0.0,0.0,0.0,0.003,0.0,0.0,always_reactive,0.282192
h=0.1/q0=0.17/p=0/r=1/sig=0/cf=1,B_q0,0.1,0.17,0.0,1.0,0.0,1.0,1.0,bpi2019,native,ours_spend_cap,29054209839.807,1.0,0.0,0.0,3012.0,0.0,0.0,0.0,3012.0,0.003,3012.0,689465118.35,always_reactive,0.282192
h=0.1/q0=0.17/p=0/r=1/sig=0/cf=1,B_q0,0.1,0.17,0.0,1.0,0.0,1.0,1.0,bpi2019,native,ours_cap_epoch,29054209839.807,1.0,0.0,0.0,3012.0,0.0,0.0,0.0,3012.0,0.003,3012.0,689465118.35,always_reactive,0.282192
h=0.1/q0=0.17/p=0/r=1/sig=0/cf=1,B_q0,0.1,0.17,0.0,1.0,0.0,1.0,1.0,bpi2019,native,ours_cap_realized,29054209839.807,1.0,0.0,0.0,3012.0,0.0,0.0,0.0,3012.0,0.003,3012.0,689465118.35,always_reactive,0.282192
h=0.1/q0=0.17/p=0/r=1/sig=0/cf=1,B_q0,0.1,0.17,0.0,1.0,0.0,1.0,1.0,bpi2019,native,ours_pi_prior,28988344119.762,0.997733,0.0,0.0,2718.0,0.0,0.0,0.0,2718.0,0.003,2718.0,623599398.305,always_reactive,0.282192
h=0.1/q0=0.17/p=0/r=1/sig=0/cf=1,B_q0,0.1,0.17,0.0,1.0,0.0,1.0,1.0,bpi2019,native,breakeven,44180592764.202,1.520626,0.0,0.0,65214.0,0.0,0.0,0.0,65214.0,0.002,65214.0,15815848042.814,always_reactive,0.282192
h=0.1/q0=0.17/p=0/r=1/sig=0/cf=1,B_q0,0.1,0.17,0.0,1.0,0.0,1.0,1.0,bpi2019,native,breakeven_cap_epoch,29206778562.021,1.005251,0.0,0.0,3680.0,0.0,0.0,0.0,3680.0,0.003,3680.0,842033840.564,always_reactive,0.282192
h=0.1/q0=0.17/p=0/r=1/sig=0/cf=1,B_q0,0.1,0.17,0.0,1.0,0.0,1.0,1.0,bpi2019,native,offline_taxblind,28364744721.522,0.97627,,,,,,,,,,,always_reactive,0.282192
h=0.1/q0=0.17/p=0/r=1/sig=0/cf=1,B_q0,0.1,0.17,0.0,1.0,0.0,1.0,1.0,bpi2019,native,offline_opt_tax,28364744721.522,0.97627,,,,,,,,,,,always_reactive,0.282192
h=0.1/q0=0.17/p=0/r=1/sig=0/cf=1,B_q0,0.1,0.17,0.0,1.0,0.0,1.0,1.0,sepsis,autorpa_233k,always_reactive,187135368.565,0.948062,0.0,0.0,0.0,0.0,0.0,0.0,0.0,0.002,0.0,0.0,always_reactive,0.84976
h=0.1/q0=0.17/p=0/r=1/sig=0/cf=1,B_q0,0.1,0.17,0.0,1.0,0.0,1.0,1.0,sepsis,autorpa_233k,always_compile_evict,220221368.565,1.115681,0.0,0.0,142.0,0.0,0.0,0.0,142.0,0.002,142.0,33086000.0,always_reactive,0.84976
h=0.1/q0=0.17/p=0/r=1/sig=0/cf=1,B_q0,0.1,0.17,0.0,1.0,0.0,1.0,1.0,sepsis,autorpa_233k,ours_noinflate,197387368.565,1.0,0.0,0.0,44.0,0.0,0.0,0.0,44.0,0.002,44.0,10252000.0,always_reactive,0.84976
h=0.1/q0=0.17/p=0/r=1/sig=0/cf=1,B_q0,0.1,0.17,0.0,1.0,0.0,1.0,1.0,sepsis,autorpa_233k,oracle_tax,187135368.565,0.948062,0.0,0.0,0.0,0.0,0.0,0.0,0.0,0.002,0.0,0.0,always_reactive,0.84976
h=0.1/q0=0.17/p=0/r=1/sig=0/cf=1,B_q0,0.1,0.17,0.0,1.0,0.0,1.0,1.0,sepsis,autorpa_233k,ours_spend_cap,197387368.565,1.0,0.0,0.0,44.0,0.0,0.0,0.0,44.0,0.002,44.0,10252000.0,always_reactive,0.84976
h=0.1/q0=0.17/p=0/r=1/sig=0/cf=1,B_q0,0.1,0.17,0.0,1.0,0.0,1.0,1.0,sepsis,autorpa_233k,ours_cap_epoch,197387368.565,1.0,0.0,0.0,44.0,0.0,0.0,0.0,44.0,0.002,44.0,10252000.0,always_reactive,0.84976
h=0.1/q0=0.17/p=0/r=1/sig=0/cf=1,B_q0,0.1,0.17,0.0,1.0,0.0,1.0,1.0,sepsis,autorpa_233k,ours_cap_realized,197387368.565,1.0,0.0,0.0,44.0,0.0,0.0,0.0,44.0,0.002,44.0,10252000.0,always_reactive,0.84976
h=0.1/q0=0.17/p=0/r=1/sig=0/cf=1,B_q0,0.1,0.17,0.0,1.0,0.0,1.0,1.0,sepsis,autorpa_233k,ours_pi_prior,194824368.565,0.987015,0.0,0.0,33.0,0.0,0.0,0.0,33.0,0.002,33.0,7689000.0,always_reactive,0.84976
h=0.1/q0=0.17/p=0/r=1/sig=0/cf=1,B_q0,0.1,0.17,0.0,1.0,0.0,1.0,1.0,sepsis,autorpa_233k,breakeven,201581368.565,1.021248,0.0,0.0,62.0,0.0,0.0,0.0,62.0,0.002,62.0,14446000.0,always_reactive,0.84976
h=0.1/q0=0.17/p=0/r=1/sig=0/cf=1,B_q0,0.1,0.17,0.0,1.0,0.0,1.0,1.0,sepsis,autorpa_233k,breakeven_cap_epoch,198552368.565,1.005902,0.0,0.0,49.0,0.0,0.0,0.0,49.0,0.002,49.0,11417000.0,always_reactive,0.84976
h=0.1/q0=0.17/p=0/r=1/sig=0/cf=1,B_q0,0.1,0.17,0.0,1.0,0.0,1.0,1.0,sepsis,autorpa_233k,offline_taxblind,187135368.565,0.948062,,,,,,,,,,,always_reactive,0.84976
h=0.1/q0=0.17/p=0/r=1/sig=0/cf=1,B_q0,0.1,0.17,0.0,1.0,0.0,1.0,1.0,sepsis,autorpa_233k,offline_opt_tax,187135368.565,0.948062,,,,,,,,,,,always_reactive,0.84976
h=0.1/q0=0.17/p=0/r=1/sig=0/cf=1,B_q0,0.1,0.17,0.0,1.0,0.0,1.0,1.0,sepsis,native,always_reactive,187135368.565,0.944913,0.0,0.0,0.0,0.0,0.0,0.0,0.0,0.002,0.0,0.0,always_reactive,0.837302
h=0.1/q0=0.17/p=0/r=1/sig=0/cf=1,B_q0,0.1,0.17,0.0,1.0,0.0,1.0,1.0,sepsis,native,always_compile_evict,223498154.892,1.128522,0.0,0.0,142.0,0.0,0.0,0.0,142.0,0.002,142.0,36362786.327,always_reactive,0.837302
h=0.1/q0=0.17/p=0/r=1/sig=0/cf=1,B_q0,0.1,0.17,0.0,1.0,0.0,1.0,1.0,sepsis,native,ours_noinflate,198045016.765,1.0,0.0,0.0,47.0,0.0,0.0,0.0,47.0,0.002,47.0,10909648.2,always_reactive,0.837302
h=0.1/q0=0.17/p=0/r=1/sig=0/cf=1,B_q0,0.1,0.17,0.0,1.0,0.0,1.0,1.0,sepsis,native,oracle_tax,187135368.565,0.944913,0.0,0.0,0.0,0.0,0.0,0.0,0.0,0.002,0.0,0.0,always_reactive,0.837302
h=0.1/q0=0.17/p=0/r=1/sig=0/cf=1,B_q0,0.1,0.17,0.0,1.0,0.0,1.0,1.0,sepsis,native,ours_spend_cap,198045016.765,1.0,0.0,0.0,47.0,0.0,0.0,0.0,47.0,0.002,47.0,10909648.2,always_reactive,0.837302
h=0.1/q0=0.17/p=0/r=1/sig=0/cf=1,B_q0,0.1,0.17,0.0,1.0,0.0,1.0,1.0,sepsis,native,ours_cap_epoch,198045016.765,1.0,0.0,0.0,47.0,0.0,0.0,0.0,47.0,0.002,47.0,10909648.2,always_reactive,0.837302
h=0.1/q0=0.17/p=0/r=1/sig=0/cf=1,B_q0,0.1,0.17,0.0,1.0,0.0,1.0,1.0,sepsis,native,ours_cap_realized,198045016.765,1.0,0.0,0.0,47.0,0.0,0.0,0.0,47.0,0.002,47.0,10909648.2,always_reactive,0.837302
h=0.1/q0=0.17/p=0/r=1/sig=0/cf=1,B_q0,0.1,0.17,0.0,1.0,0.0,1.0,1.0,sepsis,native,ours_pi_prior,194899580.346,0.984118,0.0,0.0,33.0,0.0,0.0,0.0,33.0,0.002,33.0,7764211.782,always_reactive,0.837302
h=0.1/q0=0.17/p=0/r=1/sig=0/cf=1,B_q0,0.1,0.17,0.0,1.0,0.0,1.0,1.0,sepsis,native,breakeven,201949389.024,1.019715,0.0,0.0,63.0,0.0,0.0,0.0,63.0,0.002,63.0,14814020.459,always_reactive,0.837302
h=0.1/q0=0.17/p=0/r=1/sig=0/cf=1,B_q0,0.1,0.17,0.0,1.0,0.0,1.0,1.0,sepsis,native,breakeven_cap_epoch,198853642.237,1.004083,0.0,0.0,50.0,0.0,0.0,0.0,50.0,0.002,50.0,11718273.673,always_reactive,0.837302
h=0.1/q0=0.17/p=0/r=1/sig=0/cf=1,B_q0,0.1,0.17,0.0,1.0,0.0,1.0,1.0,sepsis,native,offline_taxblind,187135368.565,0.944913,,,,,,,,,,,always_reactive,0.837302
h=0.1/q0=0.17/p=0/r=1/sig=0/cf=1,B_q0,0.1,0.17,0.0,1.0,0.0,1.0,1.0,sepsis,native,offline_opt_tax,187135368.565,0.944913,,,,,,,,,,,always_reactive,0.837302
h=0.1/q0=0.17/p=0/r=1/sig=0/cf=1,B_q0,0.1,0.17,0.0,1.0,0.0,1.0,1.0,wiki_A,autorpa_233k,always_reactive,19487424199.81,0.99316,0.0,0.0,0.0,0.0,0.0,0.0,0.0,0.001,0.0,0.0,always_reactive,0.572073
h=0.1/q0=0.17/p=0/r=1/sig=0/cf=1,B_q0,0.1,0.17,0.0,1.0,0.0,1.0,1.0,wiki_A,autorpa_233k,always_compile_evict,34064603199.786,1.736074,0.0,0.0,62563.0,0.0,0.0,0.0,62563.0,0.001,62563.0,14577179000.0,always_reactive,0.572073
h=0.1/q0=0.17/p=0/r=1/sig=0/cf=1,B_q0,0.1,0.17,0.0,1.0,0.0,1.0,1.0,wiki_A,autorpa_233k,ours_noinflate,19621632199.808,1.0,0.0,0.0,576.0,0.0,0.0,0.0,576.0,0.001,576.0,134208000.0,always_reactive,0.572073
h=0.1/q0=0.17/p=0/r=1/sig=0/cf=1,B_q0,0.1,0.17,0.0,1.0,0.0,1.0,1.0,wiki_A,autorpa_233k,oracle_tax,19487424199.81,0.99316,0.0,0.0,0.0,0.0,0.0,0.0,0.0,0.001,0.0,0.0,always_reactive,0.572073
h=0.1/q0=0.17/p=0/r=1/sig=0/cf=1,B_q0,0.1,0.17,0.0,1.0,0.0,1.0,1.0,wiki_A,autorpa_233k,ours_spend_cap,19621632199.808,1.0,0.0,0.0,576.0,0.0,0.0,0.0,576.0,0.001,576.0,134208000.0,always_reactive,0.572073
h=0.1/q0=0.17/p=0/r=1/sig=0/cf=1,B_q0,0.1,0.17,0.0,1.0,0.0,1.0,1.0,wiki_A,autorpa_233k,ours_cap_epoch,19621632199.808,1.0,0.0,0.0,576.0,0.0,0.0,0.0,576.0,0.001,576.0,134208000.0,always_reactive,0.572073
h=0.1/q0=0.17/p=0/r=1/sig=0/cf=1,B_q0,0.1,0.17,0.0,1.0,0.0,1.0,1.0,wiki_A,autorpa_233k,ours_cap_realized,19621632199.808,1.0,0.0,0.0,576.0,0.0,0.0,0.0,576.0,0.001,576.0,134208000.0,always_reactive,0.572073
h=0.1/q0=0.17/p=0/r=1/sig=0/cf=1,B_q0,0.1,0.17,0.0,1.0,0.0,1.0,1.0,wiki_A,autorpa_233k,ours_pi_prior,19600429199.809,0.998919,0.0,0.0,485.0,0.0,0.0,0.0,485.0,0.001,485.0,113005000.0,always_reactive,0.572073
h=0.1/q0=0.17/p=0/r=1/sig=0/cf=1,B_q0,0.1,0.17,0.0,1.0,0.0,1.0,1.0,wiki_A,autorpa_233k,breakeven,27087418199.788,1.380488,0.0,0.0,32618.0,0.0,0.0,0.0,32618.0,0.001,32618.0,7599994000.0,always_reactive,0.572073
h=0.1/q0=0.17/p=0/r=1/sig=0/cf=1,B_q0,0.1,0.17,0.0,1.0,0.0,1.0,1.0,wiki_A,autorpa_233k,breakeven_cap_epoch,19656349199.808,1.001769,0.0,0.0,725.0,0.0,0.0,0.0,725.0,0.001,725.0,168925000.0,always_reactive,0.572073
h=0.1/q0=0.17/p=0/r=1/sig=0/cf=1,B_q0,0.1,0.17,0.0,1.0,0.0,1.0,1.0,wiki_A,autorpa_233k,offline_taxblind,19487424199.821,0.99316,,,,,,,,,,,always_reactive,0.572073
h=0.1/q0=0.17/p=0/r=1/sig=0/cf=1,B_q0,0.1,0.17,0.0,1.0,0.0,1.0,1.0,wiki_A,autorpa_233k,offline_opt_tax,19487424199.821,0.99316,,,,,,,,,,,always_reactive,0.572073
h=0.1/q0=0.17/p=0/r=1/sig=0/cf=1,B_q0,0.1,0.17,0.0,1.0,0.0,1.0,1.0,wiki_A,native,always_reactive,19487424199.81,0.992943,0.0,0.0,0.0,0.0,0.0,0.0,0.0,0.001,0.0,0.0,always_reactive,0.545283
h=0.1/q0=0.17/p=0/r=1/sig=0/cf=1,B_q0,0.1,0.17,0.0,1.0,0.0,1.0,1.0,wiki_A,native,always_compile_evict,35738159261.454,1.820967,0.0,0.0,62563.0,0.0,0.0,0.0,62563.0,0.001,62563.0,16250735061.639,always_reactive,0.545283
h=0.1/q0=0.17/p=0/r=1/sig=0/cf=1,B_q0,0.1,0.17,0.0,1.0,0.0,1.0,1.0,wiki_A,native,ours_noinflate,19625920902.149,1.0,0.0,0.0,599.0,0.0,0.0,0.0,599.0,0.001,599.0,138496702.341,always_reactive,0.545283
h=0.1/q0=0.17/p=0/r=1/sig=0/cf=1,B_q0,0.1,0.17,0.0,1.0,0.0,1.0,1.0,wiki_A,native,oracle_tax,19487424199.81,0.992943,0.0,0.0,0.0,0.0,0.0,0.0,0.0,0.001,0.0,0.0,always_reactive,0.545283
h=0.1/q0=0.17/p=0/r=1/sig=0/cf=1,B_q0,0.1,0.17,0.0,1.0,0.0,1.0,1.0,wiki_A,native,ours_spend_cap,19625920902.149,1.0,0.0,0.0,599.0,0.0,0.0,0.0,599.0,0.001,599.0,138496702.341,always_reactive,0.545283
h=0.1/q0=0.17/p=0/r=1/sig=0/cf=1,B_q0,0.1,0.17,0.0,1.0,0.0,1.0,1.0,wiki_A,native,ours_cap_epoch,19625920902.149,1.0,0.0,0.0,599.0,0.0,0.0,0.0,599.0,0.001,599.0,138496702.341,always_reactive,0.545283
h=0.1/q0=0.17/p=0/r=1/sig=0/cf=1,B_q0,0.1,0.17,0.0,1.0,0.0,1.0,1.0,wiki_A,native,ours_cap_realized,19625920902.149,1.0,0.0,0.0,599.0,0.0,0.0,0.0,599.0,0.001,599.0,138496702.341,always_reactive,0.545283
h=0.1/q0=0.17/p=0/r=1/sig=0/cf=1,B_q0,0.1,0.17,0.0,1.0,0.0,1.0,1.0,wiki_A,native,ours_pi_prior,19600455995.44,0.998702,0.0,0.0,498.0,0.0,0.0,0.0,498.0,0.001,498.0,113031795.632,always_reactive,0.545283
h=0.1/q0=0.17/p=0/r=1/sig=0/cf=1,B_q0,0.1,0.17,0.0,1.0,0.0,1.0,1.0,wiki_A,native,breakeven,27220229755.3,1.386953,0.0,0.0,32672.0,0.0,0.0,0.0,32672.0,0.001,32672.0,7732805555.501,always_reactive,0.545283
h=0.1/q0=0.17/p=0/r=1/sig=0/cf=1,B_q0,0.1,0.17,0.0,1.0,0.0,1.0,1.0,wiki_A,native,breakeven_cap_epoch,19658011011.117,1.001635,0.0,0.0,745.0,0.0,0.0,0.0,745.0,0.001,745.0,170586811.309,always_reactive,0.545283
h=0.1/q0=0.17/p=0/r=1/sig=0/cf=1,B_q0,0.1,0.17,0.0,1.0,0.0,1.0,1.0,wiki_A,native,offline_taxblind,19487424199.821,0.992943,,,,,,,,,,,always_reactive,0.545283
h=0.1/q0=0.17/p=0/r=1/sig=0/cf=1,B_q0,0.1,0.17,0.0,1.0,0.0,1.0,1.0,wiki_A,native,offline_opt_tax,19487424199.821,0.992943,,,,,,,,,,,always_reactive,0.545283
h=0.1/q0=0.17/p=0/r=1/sig=0/cf=1,B_q0,0.1,0.17,0.0,1.0,0.0,1.0,1.0,wiki_B,autorpa_233k,always_reactive,16977748066.619,0.966649,0.0,0.0,0.0,0.0,0.0,0.0,0.0,0.002,0.0,0.0,always_reactive,0.721638
h=0.1/q0=0.17/p=0/r=1/sig=0/cf=1,B_q0,0.1,0.17,0.0,1.0,0.0,1.0,1.0,wiki_B,autorpa_233k,always_compile_evict,23526679066.613,1.33952,0.0,0.0,28107.0,0.0,0.0,0.0,28107.0,0.002,28107.0,6548931000.0,always_reactive,0.721638
h=0.1/q0=0.17/p=0/r=1/sig=0/cf=1,B_q0,0.1,0.17,0.0,1.0,0.0,1.0,1.0,wiki_B,autorpa_233k,ours_noinflate,17563510066.618,1.0,0.0,0.0,2514.0,0.0,0.0,0.0,2514.0,0.002,2514.0,585762000.0,always_reactive,0.721638
h=0.1/q0=0.17/p=0/r=1/sig=0/cf=1,B_q0,0.1,0.17,0.0,1.0,0.0,1.0,1.0,wiki_B,autorpa_233k,oracle_tax,16977748066.619,0.966649,0.0,0.0,0.0,0.0,0.0,0.0,0.0,0.002,0.0,0.0,always_reactive,0.721638
h=0.1/q0=0.17/p=0/r=1/sig=0/cf=1,B_q0,0.1,0.17,0.0,1.0,0.0,1.0,1.0,wiki_B,autorpa_233k,ours_spend_cap,17563510066.618,1.0,0.0,0.0,2514.0,0.0,0.0,0.0,2514.0,0.002,2514.0,585762000.0,always_reactive,0.721638
h=0.1/q0=0.17/p=0/r=1/sig=0/cf=1,B_q0,0.1,0.17,0.0,1.0,0.0,1.0,1.0,wiki_B,autorpa_233k,ours_cap_epoch,17563510066.618,1.0,0.0,0.0,2514.0,0.0,0.0,0.0,2514.0,0.002,2514.0,585762000.0,always_reactive,0.721638
h=0.1/q0=0.17/p=0/r=1/sig=0/cf=1,B_q0,0.1,0.17,0.0,1.0,0.0,1.0,1.0,wiki_B,autorpa_233k,ours_cap_realized,17563510066.618,1.0,0.0,0.0,2514.0,0.0,0.0,0.0,2514.0,0.002,2514.0,585762000.0,always_reactive,0.721638
h=0.1/q0=0.17/p=0/r=1/sig=0/cf=1,B_q0,0.1,0.17,0.0,1.0,0.0,1.0,1.0,wiki_B,autorpa_233k,ours_pi_prior,17507590066.618,0.996816,0.0,0.0,2274.0,0.0,0.0,0.0,2274.0,0.002,2274.0,529842000.0,always_reactive,0.721638
h=0.1/q0=0.17/p=0/r=1/sig=0/cf=1,B_q0,0.1,0.17,0.0,1.0,0.0,1.0,1.0,wiki_B,autorpa_233k,breakeven,19370192066.616,1.102866,0.0,0.0,10268.0,0.0,0.0,0.0,10268.0,0.002,10268.0,2392444000.0,always_reactive,0.721638
h=0.1/q0=0.17/p=0/r=1/sig=0/cf=1,B_q0,0.1,0.17,0.0,1.0,0.0,1.0,1.0,wiki_B,autorpa_233k,breakeven_cap_epoch,17635041066.618,1.004073,0.0,0.0,2821.0,0.0,0.0,0.0,2821.0,0.002,2821.0,657293000.0,always_reactive,0.721638
h=0.1/q0=0.17/p=0/r=1/sig=0/cf=1,B_q0,0.1,0.17,0.0,1.0,0.0,1.0,1.0,wiki_B,autorpa_233k,offline_taxblind,16977748066.618,0.966649,,,,,,,,,,,always_reactive,0.721638
h=0.1/q0=0.17/p=0/r=1/sig=0/cf=1,B_q0,0.1,0.17,0.0,1.0,0.0,1.0,1.0,wiki_B,autorpa_233k,offline_opt_tax,16977748066.618,0.966649,,,,,,,,,,,always_reactive,0.721638
h=0.1/q0=0.17/p=0/r=1/sig=0/cf=1,B_q0,0.1,0.17,0.0,1.0,0.0,1.0,1.0,wiki_B,native,always_reactive,16977748066.619,0.965153,0.0,0.0,0.0,0.0,0.0,0.0,0.0,0.002,0.0,0.0,always_reactive,0.699688
h=0.1/q0=0.17/p=0/r=1/sig=0/cf=1,B_q0,0.1,0.17,0.0,1.0,0.0,1.0,1.0,wiki_B,native,always_compile_evict,24264726319.81,1.379404,0.0,0.0,28107.0,0.0,0.0,0.0,28107.0,0.002,28107.0,7286978253.195,always_reactive,0.699688
h=0.1/q0=0.17/p=0/r=1/sig=0/cf=1,B_q0,0.1,0.17,0.0,1.0,0.0,1.0,1.0,wiki_B,native,ours_noinflate,17590728918.295,1.0,0.0,0.0,2656.0,0.0,0.0,0.0,2656.0,0.002,2656.0,612980851.677,always_reactive,0.699688
h=0.1/q0=0.17/p=0/r=1/sig=0/cf=1,B_q0,0.1,0.17,0.0,1.0,0.0,1.0,1.0,wiki_B,native,oracle_tax,16977748066.619,0.965153,0.0,0.0,0.0,0.0,0.0,0.0,0.0,0.002,0.0,0.0,always_reactive,0.699688
h=0.1/q0=0.17/p=0/r=1/sig=0/cf=1,B_q0,0.1,0.17,0.0,1.0,0.0,1.0,1.0,wiki_B,native,ours_spend_cap,17590728918.295,1.0,0.0,0.0,2656.0,0.0,0.0,0.0,2656.0,0.002,2656.0,612980851.677,always_reactive,0.699688
h=0.1/q0=0.17/p=0/r=1/sig=0/cf=1,B_q0,0.1,0.17,0.0,1.0,0.0,1.0,1.0,wiki_B,native,ours_cap_epoch,17590728918.295,1.0,0.0,0.0,2656.0,0.0,0.0,0.0,2656.0,0.002,2656.0,612980851.677,always_reactive,0.699688
h=0.1/q0=0.17/p=0/r=1/sig=0/cf=1,B_q0,0.1,0.17,0.0,1.0,0.0,1.0,1.0,wiki_B,native,ours_cap_realized,17590728918.295,1.0,0.0,0.0,2656.0,0.0,0.0,0.0,2656.0,0.002,2656.0,612980851.677,always_reactive,0.699688
h=0.1/q0=0.17/p=0/r=1/sig=0/cf=1,B_q0,0.1,0.17,0.0,1.0,0.0,1.0,1.0,wiki_B,native,ours_pi_prior,17513126176.318,0.995588,0.0,0.0,2323.0,0.0,0.0,0.0,2323.0,0.002,2323.0,535378109.7,always_reactive,0.699688
h=0.1/q0=0.17/p=0/r=1/sig=0/cf=1,B_q0,0.1,0.17,0.0,1.0,0.0,1.0,1.0,wiki_B,native,breakeven,19393551478.988,1.102487,0.0,0.0,10539.0,0.0,0.0,0.0,10539.0,0.002,10539.0,2415803412.373,always_reactive,0.699688
h=0.1/q0=0.17/p=0/r=1/sig=0/cf=1,B_q0,0.1,0.17,0.0,1.0,0.0,1.0,1.0,wiki_B,native,breakeven_cap_epoch,17641847100.504,1.002906,0.0,0.0,2879.0,0.0,0.0,0.0,2879.0,0.002,2879.0,664099033.886,always_reactive,0.699688
h=0.1/q0=0.17/p=0/r=1/sig=0/cf=1,B_q0,0.1,0.17,0.0,1.0,0.0,1.0,1.0,wiki_B,native,offline_taxblind,16977748066.618,0.965153,,,,,,,,,,,always_reactive,0.699688
h=0.1/q0=0.17/p=0/r=1/sig=0/cf=1,B_q0,0.1,0.17,0.0,1.0,0.0,1.0,1.0,wiki_B,native,offline_opt_tax,16977748066.618,0.965153,,,,,,,,,,,always_reactive,0.699688
h=0.1/q0=0.17/p=1/r=1/sig=0/cf=1,B_q0,0.1,0.17,1.0,1.0,0.0,1.0,1.0,bpi2019,autorpa_233k,always_reactive,28364744721.458,1.775364,0.0,0.0,0.0,0.0,0.0,0.0,0.0,0.003,0.0,0.0,ours_noinflate,0.996953
h=0.1/q0=0.17/p=1/r=1/sig=0/cf=1,B_q0,0.1,0.17,1.0,1.0,0.0,1.0,1.0,bpi2019,autorpa_233k,always_compile_evict,16025690482.128,1.003056,42.7,68.6,25411.7,23698.0,0.0,59984.6,24040.5,0.065,0.0,0.0,ours_noinflate,0.996953
h=0.1/q0=0.17/p=1/r=1/sig=0/cf=1,B_q0,0.1,0.17,1.0,1.0,0.0,1.0,1.0,bpi2019,autorpa_233k,ours_noinflate,15976865061.178,1.0,22.0,36.5,11580.8,10896.7,0.0,27541.5,10426.8,0.034,0.0,0.0,ours_noinflate,0.996953
h=0.1/q0=0.17/p=1/r=1/sig=0/cf=1,B_q0,0.1,0.17,1.0,1.0,0.0,1.0,1.0,bpi2019,autorpa_233k,oracle_tax,27104769734.934,1.696501,47.0,52.1,694.8,647.8,0.0,1610.3,388.7,0.007,0.0,0.0,ours_noinflate,0.996953
h=0.1/q0=0.17/p=1/r=1/sig=0/cf=1,B_q0,0.1,0.17,1.0,1.0,0.0,1.0,1.0,bpi2019,autorpa_233k,ours_spend_cap,15976865061.178,1.0,22.0,36.5,11580.8,10896.7,0.0,27541.5,10426.8,0.034,0.0,0.0,ours_noinflate,0.996953
h=0.1/q0=0.17/p=1/r=1/sig=0/cf=1,B_q0,0.1,0.17,1.0,1.0,0.0,1.0,1.0,bpi2019,autorpa_233k,ours_cap_epoch,15976865061.178,1.0,22.0,36.5,11580.8,10896.7,0.0,27541.5,10426.8,0.034,0.0,0.0,ours_noinflate,0.996953
h=0.1/q0=0.17/p=1/r=1/sig=0/cf=1,B_q0,0.1,0.17,1.0,1.0,0.0,1.0,1.0,bpi2019,autorpa_233k,ours_cap_realized,15976865061.178,1.0,22.0,36.5,11580.8,10896.7,0.0,27541.5,10426.8,0.034,0.0,0.0,ours_noinflate,0.996953
h=0.1/q0=0.17/p=1/r=1/sig=0/cf=1,B_q0,0.1,0.17,1.0,1.0,0.0,1.0,1.0,bpi2019,autorpa_233k,ours_pi_prior,20714288424.325,1.296518,16.6,33.4,9834.5,9221.6,0.0,23307.4,8806.5,0.025,0.0,0.0,ours_noinflate,0.996953
h=0.1/q0=0.17/p=1/r=1/sig=0/cf=1,B_q0,0.1,0.17,1.0,1.0,0.0,1.0,1.0,bpi2019,autorpa_233k,breakeven,28137951516.483,1.761169,0.2,8.8,1124.8,362.7,0.0,912.9,600.5,0.004,0.0,0.0,ours_noinflate,0.996953
h=0.1/q0=0.17/p=1/r=1/sig=0/cf=1,B_q0,0.1,0.17,1.0,1.0,0.0,1.0,1.0,bpi2019,autorpa_233k,breakeven_cap_epoch,28137951516.483,1.761169,0.2,8.8,1124.8,362.7,0.0,912.9,600.5,0.004,0.0,0.0,ours_noinflate,0.996953
h=0.1/q0=0.17/p=1/r=1/sig=0/cf=1,B_q0,0.1,0.17,1.0,1.0,0.0,1.0,1.0,bpi2019,autorpa_233k,offline_taxblind,13608079092.986,0.851736,,,,,,,,,,,ours_noinflate,0.996953
h=0.1/q0=0.17/p=1/r=1/sig=0/cf=1,B_q0,0.1,0.17,1.0,1.0,0.0,1.0,1.0,bpi2019,autorpa_233k,offline_opt_tax,14014677254.352,0.877186,,,,,,,,,,,ours_noinflate,0.996953
h=0.1/q0=0.17/p=1/r=1/sig=0/cf=1,B_q0,0.1,0.17,1.0,1.0,0.0,1.0,1.0,bpi2019,native,always_reactive,28364744721.458,1.795352,0.0,0.0,0.0,0.0,0.0,0.0,0.0,0.003,0.0,0.0,ours_noinflate,0.885763
h=0.1/q0=0.17/p=1/r=1/sig=0/cf=1,B_q0,0.1,0.17,1.0,1.0,0.0,1.0,1.0,bpi2019,native,always_compile_evict,17836585404.502,1.12897,43.1,71.5,25411.7,23698.0,0.0,59984.6,23962.7,0.061,0.0,0.0,ours_noinflate,0.885763
h=0.1/q0=0.17/p=1/r=1/sig=0/cf=1,B_q0,0.1,0.17,1.0,1.0,0.0,1.0,1.0,bpi2019,native,ours_noinflate,15798985174.101,1.0,21.4,36.9,11887.2,11133.9,0.0,28146.8,10660.6,0.034,0.0,0.0,ours_noinflate,0.885763
h=0.1/q0=0.17/p=1/r=1/sig=0/cf=1,B_q0,0.1,0.17,1.0,1.0,0.0,1.0,1.0,bpi2019,native,oracle_tax,27107137397.36,1.715752,47.9,52.1,696.5,648.6,0.0,1613.0,392.3,0.008,0.0,0.0,ours_noinflate,0.885763
h=0.1/q0=0.17/p=1/r=1/sig=0/cf=1,B_q0,0.1,0.17,1.0,1.0,0.0,1.0,1.0,bpi2019,native,ours_spend_cap,15798985174.101,1.0,21.4,36.9,11887.2,11133.9,0.0,28146.8,10660.6,0.034,0.0,0.0,ours_noinflate,0.885763
h=0.1/q0=0.17/p=1/r=1/sig=0/cf=1,B_q0,0.1,0.17,1.0,1.0,0.0,1.0,1.0,bpi2019,native,ours_cap_epoch,15798985174.101,1.0,21.4,36.9,11887.2,11133.9,0.0,28146.8,10660.6,0.034,0.0,0.0,ours_noinflate,0.885763
h=0.1/q0=0.17/p=1/r=1/sig=0/cf=1,B_q0,0.1,0.17,1.0,1.0,0.0,1.0,1.0,bpi2019,native,ours_cap_realized,15798985174.101,1.0,21.4,36.9,11887.2,11133.9,0.0,28146.8,10660.6,0.034,0.0,0.0,ours_noinflate,0.885763
h=0.1/q0=0.17/p=1/r=1/sig=0/cf=1,B_q0,0.1,0.17,1.0,1.0,0.0,1.0,1.0,bpi2019,native,ours_pi_prior,21094695176.91,1.335193,14.1,27.6,5256.9,4674.9,0.0,11798.5,4203.9,0.02,0.0,0.0,ours_noinflate,0.885763
h=0.1/q0=0.17/p=1/r=1/sig=0/cf=1,B_q0,0.1,0.17,1.0,1.0,0.0,1.0,1.0,bpi2019,native,breakeven,28146075260.632,1.781512,0.2,8.5,1168.3,385.0,0.0,980.2,624.9,0.004,0.0,0.0,ours_noinflate,0.885763
h=0.1/q0=0.17/p=1/r=1/sig=0/cf=1,B_q0,0.1,0.17,1.0,1.0,0.0,1.0,1.0,bpi2019,native,breakeven_cap_epoch,28146075260.632,1.781512,0.2,8.5,1168.3,385.0,0.0,980.2,624.9,0.004,0.0,0.0,ours_noinflate,0.885763
h=0.1/q0=0.17/p=1/r=1/sig=0/cf=1,B_q0,0.1,0.17,1.0,1.0,0.0,1.0,1.0,bpi2019,native,offline_taxblind,14427218664.927,0.913174,,,,,,,,,,,ours_noinflate,0.885763
h=0.1/q0=0.17/p=1/r=1/sig=0/cf=1,B_q0,0.1,0.17,1.0,1.0,0.0,1.0,1.0,bpi2019,native,offline_opt_tax,14738235908.349,0.93286,,,,,,,,,,,ours_noinflate,0.885763
h=0.1/q0=0.17/p=1/r=1/sig=0/cf=1,B_q0,0.1,0.17,1.0,1.0,0.0,1.0,1.0,sepsis,autorpa_233k,always_reactive,187135368.565,1.154116,0.0,0.0,0.0,0.0,0.0,0.0,0.0,0.002,0.0,0.0,ours_noinflate,0.975978
h=0.1/q0=0.17/p=1/r=1/sig=0/cf=1,B_q0,0.1,0.17,1.0,1.0,0.0,1.0,1.0,sepsis,autorpa_233k,always_compile_evict,166136908.598,1.024613,17.9,18.8,38.9,14.1,0.0,36.1,26.6,0.008,0.0,0.0,ours_noinflate,0.975978
h=0.1/q0=0.17/p=1/r=1/sig=0/cf=1,B_q0,0.1,0.17,1.0,1.0,0.0,1.0,1.0,sepsis,autorpa_233k,ours_noinflate,162146007.974,1.0,3.7,4.6,11.6,7.0,0.0,17.6,1.3,0.004,0.0,0.0,ours_noinflate,0.975978
h=0.1/q0=0.17/p=1/r=1/sig=0/cf=1,B_q0,0.1,0.17,1.0,1.0,0.0,1.0,1.0,sepsis,autorpa_233k,oracle_tax,161853004.219,0.998193,4.7,5.6,14.3,9.6,0.0,23.0,2.0,0.004,0.0,0.0,ours_noinflate,0.975978
h=0.1/q0=0.17/p=1/r=1/sig=0/cf=1,B_q0,0.1,0.17,1.0,1.0,0.0,1.0,1.0,sepsis,autorpa_233k,ours_spend_cap,162146007.974,1.0,3.7,4.6,11.6,7.0,0.0,17.6,1.3,0.004,0.0,0.0,ours_noinflate,0.975978
h=0.1/q0=0.17/p=1/r=1/sig=0/cf=1,B_q0,0.1,0.17,1.0,1.0,0.0,1.0,1.0,sepsis,autorpa_233k,ours_cap_epoch,162146007.974,1.0,3.7,4.6,11.6,7.0,0.0,17.6,1.3,0.004,0.0,0.0,ours_noinflate,0.975978
h=0.1/q0=0.17/p=1/r=1/sig=0/cf=1,B_q0,0.1,0.17,1.0,1.0,0.0,1.0,1.0,sepsis,autorpa_233k,ours_cap_realized,162146007.974,1.0,3.7,4.6,11.6,7.0,0.0,17.6,1.3,0.004,0.0,0.0,ours_noinflate,0.975978
h=0.1/q0=0.17/p=1/r=1/sig=0/cf=1,B_q0,0.1,0.17,1.0,1.0,0.0,1.0,1.0,sepsis,autorpa_233k,ours_pi_prior,162300041.759,1.00095,3.6,4.7,11.4,7.0,0.0,17.2,1.2,0.004,0.0,0.0,ours_noinflate,0.975978
h=0.1/q0=0.17/p=1/r=1/sig=0/cf=1,B_q0,0.1,0.17,1.0,1.0,0.0,1.0,1.0,sepsis,autorpa_233k,breakeven,171847437.176,1.059831,2.1,3.3,9.3,5.4,0.0,11.5,1.4,0.003,0.0,0.0,ours_noinflate,0.975978
h=0.1/q0=0.17/p=1/r=1/sig=0/cf=1,B_q0,0.1,0.17,1.0,1.0,0.0,1.0,1.0,sepsis,autorpa_233k,breakeven_cap_epoch,171847437.176,1.059831,2.1,3.3,9.3,5.4,0.0,11.5,1.4,0.003,0.0,0.0,ours_noinflate,0.975978
h=0.1/q0=0.17/p=1/r=1/sig=0/cf=1,B_q0,0.1,0.17,1.0,1.0,0.0,1.0,1.0,sepsis,autorpa_233k,offline_taxblind,124992673.542,0.770865,,,,,,,,,,,ours_noinflate,0.975978
h=0.1/q0=0.17/p=1/r=1/sig=0/cf=1,B_q0,0.1,0.17,1.0,1.0,0.0,1.0,1.0,sepsis,autorpa_233k,offline_opt_tax,130841491.563,0.806936,,,,,,,,,,,ours_noinflate,0.975978
h=0.1/q0=0.17/p=1/r=1/sig=0/cf=1,B_q0,0.1,0.17,1.0,1.0,0.0,1.0,1.0,sepsis,native,always_reactive,187135368.565,1.153467,0.0,0.0,0.0,0.0,0.0,0.0,0.0,0.002,0.0,0.0,ours_noinflate,0.971729
h=0.1/q0=0.17/p=1/r=1/sig=0/cf=1,B_q0,0.1,0.17,1.0,1.0,0.0,1.0,1.0,sepsis,native,always_compile_evict,166957369.65,1.029094,18.7,19.1,38.9,14.1,0.0,36.1,25.5,0.008,0.0,0.0,ours_noinflate,0.971729
h=0.1/q0=0.17/p=1/r=1/sig=0/cf=1,B_q0,0.1,0.17,1.0,1.0,0.0,1.0,1.0,sepsis,native,ours_noinflate,162237266.333,1.0,5.1,5.9,14.1,8.1,0.0,19.1,3.0,0.004,0.0,0.0,ours_noinflate,0.971729
h=0.1/q0=0.17/p=1/r=1/sig=0/cf=1,B_q0,0.1,0.17,1.0,1.0,0.0,1.0,1.0,sepsis,native,oracle_tax,161756627.935,0.997037,4.9,5.8,13.8,8.9,0.0,21.0,0.9,0.004,0.0,0.0,ours_noinflate,0.971729
h=0.1/q0=0.17/p=1/r=1/sig=0/cf=1,B_q0,0.1,0.17,1.0,1.0,0.0,1.0,1.0,sepsis,native,ours_spend_cap,162237266.333,1.0,5.1,5.9,14.1,8.1,0.0,19.1,3.0,0.004,0.0,0.0,ours_noinflate,0.971729
h=0.1/q0=0.17/p=1/r=1/sig=0/cf=1,B_q0,0.1,0.17,1.0,1.0,0.0,1.0,1.0,sepsis,native,ours_cap_epoch,162237266.333,1.0,5.1,5.9,14.1,8.1,0.0,19.1,3.0,0.004,0.0,0.0,ours_noinflate,0.971729
h=0.1/q0=0.17/p=1/r=1/sig=0/cf=1,B_q0,0.1,0.17,1.0,1.0,0.0,1.0,1.0,sepsis,native,ours_cap_realized,162237266.333,1.0,5.1,5.9,14.1,8.1,0.0,19.1,3.0,0.004,0.0,0.0,ours_noinflate,0.971729
h=0.1/q0=0.17/p=1/r=1/sig=0/cf=1,B_q0,0.1,0.17,1.0,1.0,0.0,1.0,1.0,sepsis,native,ours_pi_prior,162395802.356,1.000977,4.4,5.6,12.4,7.2,0.0,17.4,2.2,0.004,0.0,0.0,ours_noinflate,0.971729
h=0.1/q0=0.17/p=1/r=1/sig=0/cf=1,B_q0,0.1,0.17,1.0,1.0,0.0,1.0,1.0,sepsis,native,breakeven,171854568.48,1.059279,3.3,4.1,10.3,5.2,0.0,11.0,2.4,0.003,0.0,0.0,ours_noinflate,0.971729
h=0.1/q0=0.17/p=1/r=1/sig=0/cf=1,B_q0,0.1,0.17,1.0,1.0,0.0,1.0,1.0,sepsis,native,breakeven_cap_epoch,171854568.48,1.059279,3.3,4.1,10.3,5.2,0.0,11.0,2.4,0.003,0.0,0.0,ours_noinflate,0.971729
h=0.1/q0=0.17/p=1/r=1/sig=0/cf=1,B_q0,0.1,0.17,1.0,1.0,0.0,1.0,1.0,sepsis,native,offline_taxblind,125477277.976,0.773418,,,,,,,,,,,ours_noinflate,0.971729
h=0.1/q0=0.17/p=1/r=1/sig=0/cf=1,B_q0,0.1,0.17,1.0,1.0,0.0,1.0,1.0,sepsis,native,offline_opt_tax,131355197.175,0.809649,,,,,,,,,,,ours_noinflate,0.971729
h=0.1/q0=0.17/p=1/r=1/sig=0/cf=1,B_q0,0.1,0.17,1.0,1.0,0.0,1.0,1.0,wiki_A,autorpa_233k,always_reactive,19487424199.81,2.801091,0.0,0.0,0.0,0.0,0.0,0.0,0.0,0.001,0.0,0.0,always_compile_evict,1.0
h=0.1/q0=0.17/p=1/r=1/sig=0/cf=1,B_q0,0.1,0.17,1.0,1.0,0.0,1.0,1.0,wiki_A,autorpa_233k,always_compile_evict,6936122564.249,0.996987,9.1,41.8,6543.5,6261.7,0.0,15795.4,4554.4,0.015,0.0,0.0,always_compile_evict,1.0
h=0.1/q0=0.17/p=1/r=1/sig=0/cf=1,B_q0,0.1,0.17,1.0,1.0,0.0,1.0,1.0,wiki_A,autorpa_233k,ours_noinflate,6957083021.025,1.0,7.1,21.5,3772.9,3662.4,0.0,9245.4,1875.7,0.009,0.0,0.0,always_compile_evict,1.0
h=0.1/q0=0.17/p=1/r=1/sig=0/cf=1,B_q0,0.1,0.17,1.0,1.0,0.0,1.0,1.0,wiki_A,autorpa_233k,oracle_tax,11328074238.984,1.628279,23.9,25.1,1957.6,1933.7,0.0,4866.0,1112.8,0.007,0.0,0.0,always_compile_evict,1.0
h=0.1/q0=0.17/p=1/r=1/sig=0/cf=1,B_q0,0.1,0.17,1.0,1.0,0.0,1.0,1.0,wiki_A,autorpa_233k,ours_spend_cap,6957083021.025,1.0,7.1,21.5,3772.9,3662.4,0.0,9245.4,1875.7,0.009,0.0,0.0,always_compile_evict,1.0
h=0.1/q0=0.17/p=1/r=1/sig=0/cf=1,B_q0,0.1,0.17,1.0,1.0,0.0,1.0,1.0,wiki_A,autorpa_233k,ours_cap_epoch,6957083021.025,1.0,7.1,21.5,3772.9,3662.4,0.0,9245.4,1875.7,0.009,0.0,0.0,always_compile_evict,1.0
h=0.1/q0=0.17/p=1/r=1/sig=0/cf=1,B_q0,0.1,0.17,1.0,1.0,0.0,1.0,1.0,wiki_A,autorpa_233k,ours_cap_realized,6957083021.025,1.0,7.1,21.5,3772.9,3662.4,0.0,9245.4,1875.7,0.009,0.0,0.0,always_compile_evict,1.0
h=0.1/q0=0.17/p=1/r=1/sig=0/cf=1,B_q0,0.1,0.17,1.0,1.0,0.0,1.0,1.0,wiki_A,autorpa_233k,ours_pi_prior,7004919663.057,1.006876,5.9,20.1,3882.4,3781.6,0.0,9534.4,2021.1,0.009,0.0,0.0,always_compile_evict,1.0
h=0.1/q0=0.17/p=1/r=1/sig=0/cf=1,B_q0,0.1,0.17,1.0,1.0,0.0,1.0,1.0,wiki_A,autorpa_233k,breakeven,18323132222.786,2.633738,0.0,7.6,1450.9,1328.1,0.0,3338.4,1018.2,0.002,0.0,0.0,always_compile_evict,1.0
h=0.1/q0=0.17/p=1/r=1/sig=0/cf=1,B_q0,0.1,0.17,1.0,1.0,0.0,1.0,1.0,wiki_A,autorpa_233k,breakeven_cap_epoch,18323132222.786,2.633738,0.0,7.6,1450.9,1328.1,0.0,3338.4,1018.2,0.002,0.0,0.0,always_compile_evict,1.0
h=0.1/q0=0.17/p=1/r=1/sig=0/cf=1,B_q0,0.1,0.17,1.0,1.0,0.0,1.0,1.0,wiki_A,autorpa_233k,offline_taxblind,6613984024.834,0.950683,,,,,,,,,,,always_compile_evict,1.0
h=0.1/q0=0.17/p=1/r=1/sig=0/cf=1,B_q0,0.1,0.17,1.0,1.0,0.0,1.0,1.0,wiki_A,autorpa_233k,offline_opt_tax,6659768987.595,0.957265,,,,,,,,,,,always_compile_evict,1.0
h=0.1/q0=0.17/p=1/r=1/sig=0/cf=1,B_q0,0.1,0.17,1.0,1.0,0.0,1.0,1.0,wiki_A,native,always_reactive,19487424199.81,2.813853,0.0,0.0,0.0,0.0,0.0,0.0,0.0,0.001,0.0,0.0,ours_noinflate,0.972941
h=0.1/q0=0.17/p=1/r=1/sig=0/cf=1,B_q0,0.1,0.17,1.0,1.0,0.0,1.0,1.0,wiki_A,native,always_compile_evict,7118136920.984,1.027811,10.9,43.5,6543.5,6261.7,0.0,15795.4,4557.5,0.015,0.0,0.0,ours_noinflate,0.972941
h=0.1/q0=0.17/p=1/r=1/sig=0/cf=1,B_q0,0.1,0.17,1.0,1.0,0.0,1.0,1.0,wiki_A,native,ours_noinflate,6925529362.612,1.0,7.2,23.7,3827.9,3701.1,0.0,9344.9,1914.7,0.01,0.0,0.0,ours_noinflate,0.972941
h=0.1/q0=0.17/p=1/r=1/sig=0/cf=1,B_q0,0.1,0.17,1.0,1.0,0.0,1.0,1.0,wiki_A,native,oracle_tax,11323984714.107,1.635107,24.5,25.5,1972.0,1947.5,0.0,4903.8,1117.1,0.007,0.0,0.0,ours_noinflate,0.972941
h=0.1/q0=0.17/p=1/r=1/sig=0/cf=1,B_q0,0.1,0.17,1.0,1.0,0.0,1.0,1.0,wiki_A,native,ours_spend_cap,6925529362.612,1.0,7.2,23.7,3827.9,3701.1,0.0,9344.9,1914.7,0.01,0.0,0.0,ours_noinflate,0.972941
h=0.1/q0=0.17/p=1/r=1/sig=0/cf=1,B_q0,0.1,0.17,1.0,1.0,0.0,1.0,1.0,wiki_A,native,ours_cap_epoch,6925529362.612,1.0,7.2,23.7,3827.9,3701.1,0.0,9344.9,1914.7,0.01,0.0,0.0,ours_noinflate,0.972941
h=0.1/q0=0.17/p=1/r=1/sig=0/cf=1,B_q0,0.1,0.17,1.0,1.0,0.0,1.0,1.0,wiki_A,native,ours_cap_realized,6925529362.612,1.0,7.2,23.7,3827.9,3701.1,0.0,9344.9,1914.7,0.01,0.0,0.0,ours_noinflate,0.972941
h=0.1/q0=0.17/p=1/r=1/sig=0/cf=1,B_q0,0.1,0.17,1.0,1.0,0.0,1.0,1.0,wiki_A,native,ours_pi_prior,6987650246.775,1.00897,6.1,16.6,3714.1,3613.7,0.0,9114.7,1841.9,0.008,0.0,0.0,ours_noinflate,0.972941
h=0.1/q0=0.17/p=1/r=1/sig=0/cf=1,B_q0,0.1,0.17,1.0,1.0,0.0,1.0,1.0,wiki_A,native,breakeven,18406226861.418,2.657736,0.0,7.1,1408.7,1271.7,0.0,3204.2,977.2,0.002,0.0,0.0,ours_noinflate,0.972941
h=0.1/q0=0.17/p=1/r=1/sig=0/cf=1,B_q0,0.1,0.17,1.0,1.0,0.0,1.0,1.0,wiki_A,native,breakeven_cap_epoch,18406226861.418,2.657736,0.0,7.1,1408.7,1271.7,0.0,3204.2,977.2,0.002,0.0,0.0,ours_noinflate,0.972941
h=0.1/q0=0.17/p=1/r=1/sig=0/cf=1,B_q0,0.1,0.17,1.0,1.0,0.0,1.0,1.0,wiki_A,native,offline_taxblind,6720674721.567,0.97042,,,,,,,,,,,ours_noinflate,0.972941
h=0.1/q0=0.17/p=1/r=1/sig=0/cf=1,B_q0,0.1,0.17,1.0,1.0,0.0,1.0,1.0,wiki_A,native,offline_opt_tax,6758305231.046,0.975854,,,,,,,,,,,ours_noinflate,0.972941
h=0.1/q0=0.17/p=1/r=1/sig=0/cf=1,B_q0,0.1,0.17,1.0,1.0,0.0,1.0,1.0,wiki_B,autorpa_233k,always_reactive,16977748066.619,1.211261,0.0,0.0,0.0,0.0,0.0,0.0,0.0,0.002,0.0,0.0,ours_noinflate,0.977433
h=0.1/q0=0.17/p=1/r=1/sig=0/cf=1,B_q0,0.1,0.17,1.0,1.0,0.0,1.0,1.0,wiki_B,autorpa_233k,always_compile_evict,14340209191.988,1.023088,61.1,77.3,4356.6,2792.9,0.0,7094.9,3399.8,0.034,0.0,0.0,ours_noinflate,0.977433
h=0.1/q0=0.17/p=1/r=1/sig=0/cf=1,B_q0,0.1,0.17,1.0,1.0,0.0,1.0,1.0,wiki_B,autorpa_233k,ours_noinflate,14016592599.805,1.0,29.0,39.8,2013.9,1399.7,0.0,3546.1,1196.3,0.017,0.0,0.0,ours_noinflate,0.977433
h=0.1/q0=0.17/p=1/r=1/sig=0/cf=1,B_q0,0.1,0.17,1.0,1.0,0.0,1.0,1.0,wiki_B,autorpa_233k,oracle_tax,15877870834.068,1.132791,87.1,89.3,402.1,315.0,0.0,817.9,182.9,0.013,0.0,0.0,ours_noinflate,0.977433
h=0.1/q0=0.17/p=1/r=1/sig=0/cf=1,B_q0,0.1,0.17,1.0,1.0,0.0,1.0,1.0,wiki_B,autorpa_233k,ours_spend_cap,14016592599.805,1.0,29.0,39.8,2013.9,1399.7,0.0,3546.1,1196.3,0.017,0.0,0.0,ours_noinflate,0.977433
h=0.1/q0=0.17/p=1/r=1/sig=0/cf=1,B_q0,0.1,0.17,1.0,1.0,0.0,1.0,1.0,wiki_B,autorpa_233k,ours_cap_epoch,14016592599.805,1.0,29.0,39.8,2013.9,1399.7,0.0,3546.1,1196.3,0.017,0.0,0.0,ours_noinflate,0.977433
h=0.1/q0=0.17/p=1/r=1/sig=0/cf=1,B_q0,0.1,0.17,1.0,1.0,0.0,1.0,1.0,wiki_B,autorpa_233k,ours_cap_realized,14016592599.805,1.0,29.0,39.8,2013.9,1399.7,0.0,3546.1,1196.3,0.017,0.0,0.0,ours_noinflate,0.977433
h=0.1/q0=0.17/p=1/r=1/sig=0/cf=1,B_q0,0.1,0.17,1.0,1.0,0.0,1.0,1.0,wiki_B,autorpa_233k,ours_pi_prior,14127231137.128,1.007893,21.5,37.4,1940.6,1373.2,0.0,3474.9,1203.0,0.016,0.0,0.0,ours_noinflate,0.977433
h=0.1/q0=0.17/p=1/r=1/sig=0/cf=1,B_q0,0.1,0.17,1.0,1.0,0.0,1.0,1.0,wiki_B,autorpa_233k,breakeven,16778771901.893,1.197065,3.8,13.9,864.4,243.9,0.0,624.2,420.0,0.004,0.0,0.0,ours_noinflate,0.977433
h=0.1/q0=0.17/p=1/r=1/sig=0/cf=1,B_q0,0.1,0.17,1.0,1.0,0.0,1.0,1.0,wiki_B,autorpa_233k,breakeven_cap_epoch,16778771901.893,1.197065,3.8,13.9,864.4,243.9,0.0,624.2,420.0,0.004,0.0,0.0,ours_noinflate,0.977433
h=0.1/q0=0.17/p=1/r=1/sig=0/cf=1,B_q0,0.1,0.17,1.0,1.0,0.0,1.0,1.0,wiki_B,autorpa_233k,offline_taxblind,10861900749.023,0.774932,,,,,,,,,,,ours_noinflate,0.977433
h=0.1/q0=0.17/p=1/r=1/sig=0/cf=1,B_q0,0.1,0.17,1.0,1.0,0.0,1.0,1.0,wiki_B,autorpa_233k,offline_opt_tax,11017547041.196,0.786036,,,,,,,,,,,ours_noinflate,0.977433
h=0.1/q0=0.17/p=1/r=1/sig=0/cf=1,B_q0,0.1,0.17,1.0,1.0,0.0,1.0,1.0,wiki_B,native,always_reactive,16977748066.619,1.213713,0.0,0.0,0.0,0.0,0.0,0.0,0.0,0.002,0.0,0.0,ours_noinflate,0.966116
h=0.1/q0=0.17/p=1/r=1/sig=0/cf=1,B_q0,0.1,0.17,1.0,1.0,0.0,1.0,1.0,wiki_B,native,always_compile_evict,14478866453.645,1.035072,66.3,75.6,4356.6,2792.9,0.0,7094.9,3385.0,0.034,0.0,0.0,ours_noinflate,0.966116
h=0.1/q0=0.17/p=1/r=1/sig=0/cf=1,B_q0,0.1,0.17,1.0,1.0,0.0,1.0,1.0,wiki_B,native,ours_noinflate,13988270366.266,1.0,36.6,42.9,2303.6,1590.2,0.0,4033.6,1442.1,0.02,0.0,0.0,ours_noinflate,0.966116
h=0.1/q0=0.17/p=1/r=1/sig=0/cf=1,B_q0,0.1,0.17,1.0,1.0,0.0,1.0,1.0,wiki_B,native,oracle_tax,15880996298.389,1.135308,87.7,89.5,392.7,305.0,0.0,789.5,176.5,0.013,0.0,0.0,ours_noinflate,0.966116
h=0.1/q0=0.17/p=1/r=1/sig=0/cf=1,B_q0,0.1,0.17,1.0,1.0,0.0,1.0,1.0,wiki_B,native,ours_spend_cap,13988270366.266,1.0,36.6,42.9,2303.6,1590.2,0.0,4033.6,1442.1,0.02,0.0,0.0,ours_noinflate,0.966116
h=0.1/q0=0.17/p=1/r=1/sig=0/cf=1,B_q0,0.1,0.17,1.0,1.0,0.0,1.0,1.0,wiki_B,native,ours_cap_epoch,13988270366.266,1.0,36.6,42.9,2303.6,1590.2,0.0,4033.6,1442.1,0.02,0.0,0.0,ours_noinflate,0.966116
h=0.1/q0=0.17/p=1/r=1/sig=0/cf=1,B_q0,0.1,0.17,1.0,1.0,0.0,1.0,1.0,wiki_B,native,ours_cap_realized,13988270366.266,1.0,36.6,42.9,2303.6,1590.2,0.0,4033.6,1442.1,0.02,0.0,0.0,ours_noinflate,0.966116
h=0.1/q0=0.17/p=1/r=1/sig=0/cf=1,B_q0,0.1,0.17,1.0,1.0,0.0,1.0,1.0,wiki_B,native,ours_pi_prior,14102624180.627,1.008175,24.1,34.8,1891.0,1322.6,0.0,3345.5,1149.9,0.016,0.0,0.0,ours_noinflate,0.966116
h=0.1/q0=0.17/p=1/r=1/sig=0/cf=1,B_q0,0.1,0.17,1.0,1.0,0.0,1.0,1.0,wiki_B,native,breakeven,16786660967.052,1.200053,4.4,14.7,870.5,243.0,0.0,606.8,427.0,0.004,0.0,0.0,ours_noinflate,0.966116
h=0.1/q0=0.17/p=1/r=1/sig=0/cf=1,B_q0,0.1,0.17,1.0,1.0,0.0,1.0,1.0,wiki_B,native,breakeven_cap_epoch,16786660967.052,1.200053,4.4,14.7,870.5,243.0,0.0,606.8,427.0,0.004,0.0,0.0,ours_noinflate,0.966116
h=0.1/q0=0.17/p=1/r=1/sig=0/cf=1,B_q0,0.1,0.17,1.0,1.0,0.0,1.0,1.0,wiki_B,native,offline_taxblind,10928151073.217,0.781237,,,,,,,,,,,ours_noinflate,0.966116
h=0.1/q0=0.17/p=1/r=1/sig=0/cf=1,B_q0,0.1,0.17,1.0,1.0,0.0,1.0,1.0,wiki_B,native,offline_opt_tax,11064674840.789,0.790997,,,,,,,,,,,ours_noinflate,0.966116
h=0.1/q0=0.4/p=0.3/r=1/sig=0.3/cf=10.5094,D_sigma,0.1,0.4,0.3,1.0,0.3,3.0,10.509389227369171,bpi2019,autorpa_233k,always_reactive,28364744721.458,1.0,0.0,0.0,0.0,0.0,0.0,0.0,0.0,0.003,0.0,0.0,always_reactive,0.245752
h=0.1/q0=0.4/p=0.3/r=1/sig=0.3/cf=10.5094,D_sigma,0.1,0.4,0.3,1.0,0.3,3.0,10.509389227369171,bpi2019,autorpa_233k,always_compile_evict,115420112531.852,4.06914,73.3,119.3,50845.5,14088.1,27756.0,92552.0,50667.3,0.018,35630.9,87248946212.804,always_reactive,0.245752
h=0.1/q0=0.4/p=0.3/r=1/sig=0.3/cf=10.5094,D_sigma,0.1,0.4,0.3,1.0,0.3,3.0,10.509389227369171,bpi2019,autorpa_233k,ours_noinflate,28364744721.458,1.0,0.0,0.0,0.0,0.0,0.0,0.0,0.0,0.003,0.0,0.0,always_reactive,0.245752
h=0.1/q0=0.4/p=0.3/r=1/sig=0.3/cf=10.5094,D_sigma,0.1,0.4,0.3,1.0,0.3,3.0,10.509389227369171,bpi2019,autorpa_233k,oracle_tax,28494440256.632,1.004572,3.4,5.5,94.8,22.6,39.1,130.4,76.2,0.003,68.8,168469713.07,always_reactive,0.245752
h=0.1/q0=0.4/p=0.3/r=1/sig=0.3/cf=10.5094,D_sigma,0.1,0.4,0.3,1.0,0.3,3.0,10.509389227369171,bpi2019,autorpa_233k,ours_spend_cap,28364744721.458,1.0,0.0,0.0,0.0,0.0,0.0,0.0,0.0,0.003,0.0,0.0,always_reactive,0.245752
h=0.1/q0=0.4/p=0.3/r=1/sig=0.3/cf=10.5094,D_sigma,0.1,0.4,0.3,1.0,0.3,3.0,10.509389227369171,bpi2019,autorpa_233k,ours_cap_epoch,28364744721.458,1.0,0.0,0.0,0.0,0.0,0.0,0.0,0.0,0.003,0.0,0.0,always_reactive,0.245752
h=0.1/q0=0.4/p=0.3/r=1/sig=0.3/cf=10.5094,D_sigma,0.1,0.4,0.3,1.0,0.3,3.0,10.509389227369171,bpi2019,autorpa_233k,ours_cap_realized,28364744721.458,1.0,0.0,0.0,0.0,0.0,0.0,0.0,0.0,0.003,0.0,0.0,always_reactive,0.245752
h=0.1/q0=0.4/p=0.3/r=1/sig=0.3/cf=10.5094,D_sigma,0.1,0.4,0.3,1.0,0.3,3.0,10.509389227369171,bpi2019,autorpa_233k,ours_pi_prior,28454381382.393,1.00316,0.2,3.0,56.3,10.4,21.0,68.0,48.8,0.004,39.3,96233426.216,always_reactive,0.245752
h=0.1/q0=0.4/p=0.3/r=1/sig=0.3/cf=10.5094,D_sigma,0.1,0.4,0.3,1.0,0.3,3.0,10.509389227369171,bpi2019,autorpa_233k,breakeven,31159773295.165,1.098539,1.6,9.0,1601.0,174.9,336.7,1147.3,1512.7,0.005,1128.5,2763344058.139,always_reactive,0.245752
h=0.1/q0=0.4/p=0.3/r=1/sig=0.3/cf=10.5094,D_sigma,0.1,0.4,0.3,1.0,0.3,3.0,10.509389227369171,bpi2019,autorpa_233k,breakeven_cap_epoch,29251203027.413,1.031252,0.1,4.6,508.1,44.8,81.1,275.1,482.2,0.004,355.5,870508473.787,always_reactive,0.245752
h=0.1/q0=0.4/p=0.3/r=1/sig=0.3/cf=10.5094,D_sigma,0.1,0.4,0.3,1.0,0.3,3.0,10.509389227369171,bpi2019,autorpa_233k,offline_taxblind,26975501404.737,0.951022,,,,,,,,,,,always_reactive,0.245752
h=0.1/q0=0.4/p=0.3/r=1/sig=0.3/cf=10.5094,D_sigma,0.1,0.4,0.3,1.0,0.3,3.0,10.509389227369171,bpi2019,autorpa_233k,offline_opt_tax,27158847570.253,0.957486,,,,,,,,,,,always_reactive,0.245752
h=0.1/q0=0.4/p=0.3/r=1/sig=0.3/cf=10.5094,D_sigma,0.1,0.4,0.3,1.0,0.3,3.0,10.509389227369171,bpi2019,native,always_reactive,28364744721.458,1.0,0.0,0.0,0.0,0.0,0.0,0.0,0.0,0.003,0.0,0.0,always_reactive,0.199374
h=0.1/q0=0.4/p=0.3/r=1/sig=0.3/cf=10.5094,D_sigma,0.1,0.4,0.3,1.0,0.3,3.0,10.509389227369171,bpi2019,native,always_compile_evict,142268672299.536,5.015687,72.4,121.7,50845.5,14088.1,27756.0,92552.0,50666.5,0.015,35630.9,112999260102.517,always_reactive,0.199374
h=0.1/q0=0.4/p=0.3/r=1/sig=0.3/cf=10.5094,D_sigma,0.1,0.4,0.3,1.0,0.3,3.0,10.509389227369171,bpi2019,native,ours_noinflate,28364744721.458,1.0,0.0,0.0,0.0,0.0,0.0,0.0,0.0,0.003,0.0,0.0,always_reactive,0.199374
h=0.1/q0=0.4/p=0.3/r=1/sig=0.3/cf=10.5094,D_sigma,0.1,0.4,0.3,1.0,0.3,3.0,10.509389227369171,bpi2019,native,oracle_tax,28498270515.389,1.004707,3.2,5.2,94.3,22.5,38.7,129.4,76.2,0.003,68.6,171681567.985,always_reactive,0.199374
h=0.1/q0=0.4/p=0.3/r=1/sig=0.3/cf=10.5094,D_sigma,0.1,0.4,0.3,1.0,0.3,3.0,10.509389227369171,bpi2019,native,ours_spend_cap,28364744721.458,1.0,0.0,0.0,0.0,0.0,0.0,0.0,0.0,0.003,0.0,0.0,always_reactive,0.199374
h=0.1/q0=0.4/p=0.3/r=1/sig=0.3/cf=10.5094,D_sigma,0.1,0.4,0.3,1.0,0.3,3.0,10.509389227369171,bpi2019,native,ours_cap_epoch,28364744721.458,1.0,0.0,0.0,0.0,0.0,0.0,0.0,0.0,0.003,0.0,0.0,always_reactive,0.199374
h=0.1/q0=0.4/p=0.3/r=1/sig=0.3/cf=10.5094,D_sigma,0.1,0.4,0.3,1.0,0.3,3.0,10.509389227369171,bpi2019,native,ours_cap_realized,28364744721.458,1.0,0.0,0.0,0.0,0.0,0.0,0.0,0.0,0.003,0.0,0.0,always_reactive,0.199374
h=0.1/q0=0.4/p=0.3/r=1/sig=0.3/cf=10.5094,D_sigma,0.1,0.4,0.3,1.0,0.3,3.0,10.509389227369171,bpi2019,native,ours_pi_prior,28439382405.624,1.002631,0.2,2.7,46.3,9.2,19.7,60.8,38.9,0.004,32.3,80835490.465,always_reactive,0.199374
h=0.1/q0=0.4/p=0.3/r=1/sig=0.3/cf=10.5094,D_sigma,0.1,0.4,0.3,1.0,0.3,3.0,10.509389227369171,bpi2019,native,breakeven,31316825219.76,1.104076,1.4,9.1,1595.4,169.6,325.8,1092.6,1504.4,0.005,1123.2,2915426214.69,always_reactive,0.199374
h=0.1/q0=0.4/p=0.3/r=1/sig=0.3/cf=10.5094,D_sigma,0.1,0.4,0.3,1.0,0.3,3.0,10.509389227369171,bpi2019,native,breakeven_cap_epoch,29290464954.57,1.032636,0.3,4.7,512.3,40.7,78.7,260.3,485.2,0.004,359.2,908122763.415,always_reactive,0.199374
h=0.1/q0=0.4/p=0.3/r=1/sig=0.3/cf=10.5094,D_sigma,0.1,0.4,0.3,1.0,0.3,3.0,10.509389227369171,bpi2019,native,offline_taxblind,26992229860.856,0.951612,,,,,,,,,,,always_reactive,0.199374
h=0.1/q0=0.4/p=0.3/r=1/sig=0.3/cf=10.5094,D_sigma,0.1,0.4,0.3,1.0,0.3,3.0,10.509389227369171,bpi2019,native,offline_opt_tax,27176755183.137,0.958117,,,,,,,,,,,always_reactive,0.199374
h=0.1/q0=0.4/p=0.3/r=1/sig=0.3/cf=10.5094,D_sigma,0.1,0.4,0.3,1.0,0.3,3.0,10.509389227369171,sepsis,autorpa_233k,always_reactive,187135368.565,1.0,0.0,0.0,0.0,0.0,0.0,0.0,0.0,0.002,0.0,0.0,always_reactive,0.614333
h=0.1/q0=0.4/p=0.3/r=1/sig=0.3/cf=10.5094,D_sigma,0.1,0.4,0.3,1.0,0.3,3.0,10.509389227369171,sepsis,autorpa_233k,always_compile_evict,304615393.54,1.627781,11.5,12.7,69.6,6.4,12.6,42.6,64.6,0.003,49.5,121210040.654,always_reactive,0.614333
h=0.1/q0=0.4/p=0.3/r=1/sig=0.3/cf=10.5094,D_sigma,0.1,0.4,0.3,1.0,0.3,3.0,10.509389227369171,sepsis,autorpa_233k,ours_noinflate,187135368.565,1.0,0.0,0.0,0.0,0.0,0.0,0.0,0.0,0.002,0.0,0.0,always_reactive,0.614333
h=0.1/q0=0.4/p=0.3/r=1/sig=0.3/cf=10.5094,D_sigma,0.1,0.4,0.3,1.0,0.3,3.0,10.509389227369171,sepsis,autorpa_233k,oracle_tax,207381153.339,1.108188,1.0,2.0,15.3,3.3,5.1,18.3,11.3,0.002,11.0,26935564.59,always_reactive,0.614333
h=0.1/q0=0.4/p=0.3/r=1/sig=0.3/cf=10.5094,D_sigma,0.1,0.4,0.3,1.0,0.3,3.0,10.509389227369171,sepsis,autorpa_233k,ours_spend_cap,187135368.565,1.0,0.0,0.0,0.0,0.0,0.0,0.0,0.0,0.002,0.0,0.0,always_reactive,0.614333
h=0.1/q0=0.4/p=0.3/r=1/sig=0.3/cf=10.5094,D_sigma,0.1,0.4,0.3,1.0,0.3,3.0,10.509389227369171,sepsis,autorpa_233k,ours_cap_epoch,187135368.565,1.0,0.0,0.0,0.0,0.0,0.0,0.0,0.0,0.002,0.0,0.0,always_reactive,0.614333
h=0.1/q0=0.4/p=0.3/r=1/sig=0.3/cf=10.5094,D_sigma,0.1,0.4,0.3,1.0,0.3,3.0,10.509389227369171,sepsis,autorpa_233k,ours_cap_realized,187135368.565,1.0,0.0,0.0,0.0,0.0,0.0,0.0,0.0,0.002,0.0,0.0,always_reactive,0.614333
h=0.1/q0=0.4/p=0.3/r=1/sig=0.3/cf=10.5094,D_sigma,0.1,0.4,0.3,1.0,0.3,3.0,10.509389227369171,sepsis,autorpa_233k,ours_pi_prior,187135368.565,1.0,0.0,0.0,0.0,0.0,0.0,0.0,0.0,0.002,0.0,0.0,always_reactive,0.614333
h=0.1/q0=0.4/p=0.3/r=1/sig=0.3/cf=10.5094,D_sigma,0.1,0.4,0.3,1.0,0.3,3.0,10.509389227369171,sepsis,autorpa_233k,breakeven,207666334.495,1.109712,1.2,1.9,13.6,2.1,3.7,11.6,10.7,0.002,9.9,24242008.131,always_reactive,0.614333
h=0.1/q0=0.4/p=0.3/r=1/sig=0.3/cf=10.5094,D_sigma,0.1,0.4,0.3,1.0,0.3,3.0,10.509389227369171,sepsis,autorpa_233k,breakeven_cap_epoch,193202531.331,1.032421,0.2,0.7,3.6,0.6,1.3,2.5,3.0,0.002,2.7,6611456.763,always_reactive,0.614333
h=0.1/q0=0.4/p=0.3/r=1/sig=0.3/cf=10.5094,D_sigma,0.1,0.4,0.3,1.0,0.3,3.0,10.509389227369171,sepsis,autorpa_233k,offline_taxblind,181528288.514,0.970037,,,,,,,,,,,always_reactive,0.614333
h=0.1/q0=0.4/p=0.3/r=1/sig=0.3/cf=10.5094,D_sigma,0.1,0.4,0.3,1.0,0.3,3.0,10.509389227369171,sepsis,autorpa_233k,offline_opt_tax,181692177.316,0.970913,,,,,,,,,,,always_reactive,0.614333
h=0.1/q0=0.4/p=0.3/r=1/sig=0.3/cf=10.5094,D_sigma,0.1,0.4,0.3,1.0,0.3,3.0,10.509389227369171,sepsis,native,always_reactive,187135368.565,1.0,0.0,0.0,0.0,0.0,0.0,0.0,0.0,0.002,0.0,0.0,always_reactive,0.584354
h=0.1/q0=0.4/p=0.3/r=1/sig=0.3/cf=10.5094,D_sigma,0.1,0.4,0.3,1.0,0.3,3.0,10.509389227369171,sepsis,native,always_compile_evict,320243185.751,1.711292,11.0,12.3,69.6,6.4,12.6,42.6,64.6,0.003,49.5,136645885.744,always_reactive,0.584354
h=0.1/q0=0.4/p=0.3/r=1/sig=0.3/cf=10.5094,D_sigma,0.1,0.4,0.3,1.0,0.3,3.0,10.509389227369171,sepsis,native,ours_noinflate,187135368.565,1.0,0.0,0.0,0.0,0.0,0.0,0.0,0.0,0.002,0.0,0.0,always_reactive,0.584354
h=0.1/q0=0.4/p=0.3/r=1/sig=0.3/cf=10.5094,D_sigma,0.1,0.4,0.3,1.0,0.3,3.0,10.509389227369171,sepsis,native,oracle_tax,207996780.932,1.111478,1.0,2.0,15.3,3.3,5.1,18.3,11.3,0.002,11.0,27529114.4,always_reactive,0.584354
h=0.1/q0=0.4/p=0.3/r=1/sig=0.3/cf=10.5094,D_sigma,0.1,0.4,0.3,1.0,0.3,3.0,10.509389227369171,sepsis,native,ours_spend_cap,187135368.565,1.0,0.0,0.0,0.0,0.0,0.0,0.0,0.0,0.002,0.0,0.0,always_reactive,0.584354
h=0.1/q0=0.4/p=0.3/r=1/sig=0.3/cf=10.5094,D_sigma,0.1,0.4,0.3,1.0,0.3,3.0,10.509389227369171,sepsis,native,ours_cap_epoch,187135368.565,1.0,0.0,0.0,0.0,0.0,0.0,0.0,0.0,0.002,0.0,0.0,always_reactive,0.584354
h=0.1/q0=0.4/p=0.3/r=1/sig=0.3/cf=10.5094,D_sigma,0.1,0.4,0.3,1.0,0.3,3.0,10.509389227369171,sepsis,native,ours_cap_realized,187135368.565,1.0,0.0,0.0,0.0,0.0,0.0,0.0,0.0,0.002,0.0,0.0,always_reactive,0.584354
h=0.1/q0=0.4/p=0.3/r=1/sig=0.3/cf=10.5094,D_sigma,0.1,0.4,0.3,1.0,0.3,3.0,10.509389227369171,sepsis,native,ours_pi_prior,187135368.565,1.0,0.0,0.0,0.0,0.0,0.0,0.0,0.0,0.002,0.0,0.0,always_reactive,0.584354
h=0.1/q0=0.4/p=0.3/r=1/sig=0.3/cf=10.5094,D_sigma,0.1,0.4,0.3,1.0,0.3,3.0,10.509389227369171,sepsis,native,breakeven,208283434.31,1.113009,1.2,1.9,13.6,2.1,3.7,11.6,10.7,0.002,9.9,24776202.96,always_reactive,0.584354
h=0.1/q0=0.4/p=0.3/r=1/sig=0.3/cf=10.5094,D_sigma,0.1,0.4,0.3,1.0,0.3,3.0,10.509389227369171,sepsis,native,breakeven_cap_epoch,193352841.761,1.033224,0.2,0.7,3.6,0.6,1.3,2.5,3.0,0.002,2.7,6757146.262,always_reactive,0.584354
h=0.1/q0=0.4/p=0.3/r=1/sig=0.3/cf=10.5094,D_sigma,0.1,0.4,0.3,1.0,0.3,3.0,10.509389227369171,sepsis,native,offline_taxblind,181618824.54,0.970521,,,,,,,,,,,always_reactive,0.584354
h=0.1/q0=0.4/p=0.3/r=1/sig=0.3/cf=10.5094,D_sigma,0.1,0.4,0.3,1.0,0.3,3.0,10.509389227369171,sepsis,native,offline_opt_tax,181782794.045,0.971397,,,,,,,,,,,always_reactive,0.584354
h=0.1/q0=0.4/p=0.3/r=1/sig=0.3/cf=10.5094,D_sigma,0.1,0.4,0.3,1.0,0.3,3.0,10.509389227369171,wiki_A,autorpa_233k,always_reactive,19487424199.81,1.0,0.0,0.0,0.0,0.0,0.0,0.0,0.0,0.001,0.0,0.0,always_reactive,0.503651
h=0.1/q0=0.4/p=0.3/r=1/sig=0.3/cf=10.5094,D_sigma,0.1,0.4,0.3,1.0,0.3,3.0,10.509389227369171,wiki_A,autorpa_233k,always_compile_evict,38692312688.061,1.985502,24.2,54.4,13089.7,3733.6,7351.2,24533.6,12387.0,0.004,9163.7,22439039384.642,always_reactive,0.503651
h=0.1/q0=0.4/p=0.3/r=1/sig=0.3/cf=10.5094,D_sigma,0.1,0.4,0.3,1.0,0.3,3.0,10.509389227369171,wiki_A,autorpa_233k,ours_noinflate,19487424199.81,1.0,0.0,0.0,0.0,0.0,0.0,0.0,0.0,0.001,0.0,0.0,always_reactive,0.503651
h=0.1/q0=0.4/p=0.3/r=1/sig=0.3/cf=10.5094,D_sigma,0.1,0.4,0.3,1.0,0.3,3.0,10.509389227369171,wiki_A,autorpa_233k,oracle_tax,20742772426.152,1.064418,1.3,2.3,1218.2,362.1,709.8,2389.2,960.3,0.001,854.8,2093138237.392,always_reactive,0.503651
h=0.1/q0=0.4/p=0.3/r=1/sig=0.3/cf=10.5094,D_sigma,0.1,0.4,0.3,1.0,0.3,3.0,10.509389227369171,wiki_A,autorpa_233k,ours_spend_cap,19487424199.81,1.0,0.0,0.0,0.0,0.0,0.0,0.0,0.0,0.001,0.0,0.0,always_reactive,0.503651
h=0.1/q0=0.4/p=0.3/r=1/sig=0.3/cf=10.5094,D_sigma,0.1,0.4,0.3,1.0,0.3,3.0,10.509389227369171,wiki_A,autorpa_233k,ours_cap_epoch,19487424199.81,1.0,0.0,0.0,0.0,0.0,0.0,0.0,0.0,0.001,0.0,0.0,always_reactive,0.503651
h=0.1/q0=0.4/p=0.3/r=1/sig=0.3/cf=10.5094,D_sigma,0.1,0.4,0.3,1.0,0.3,3.0,10.509389227369171,wiki_A,autorpa_233k,ours_cap_realized,19487424199.81,1.0,0.0,0.0,0.0,0.0,0.0,0.0,0.0,0.001,0.0,0.0,always_reactive,0.503651
h=0.1/q0=0.4/p=0.3/r=1/sig=0.3/cf=10.5094,D_sigma,0.1,0.4,0.3,1.0,0.3,3.0,10.509389227369171,wiki_A,autorpa_233k,ours_pi_prior,19501543172.103,1.000725,0.3,1.2,12.8,3.1,5.4,19.1,8.8,0.001,8.3,20324107.827,always_reactive,0.503651
h=0.1/q0=0.4/p=0.3/r=1/sig=0.3/cf=10.5094,D_sigma,0.1,0.4,0.3,1.0,0.3,3.0,10.509389227369171,wiki_A,autorpa_233k,breakeven,21897950154.782,1.123696,1.0,6.4,1579.0,423.5,835.8,2773.5,1400.2,0.001,1101.1,2696250015.434,always_reactive,0.503651
h=0.1/q0=0.4/p=0.3/r=1/sig=0.3/cf=10.5094,D_sigma,0.1,0.4,0.3,1.0,0.3,3.0,10.509389227369171,wiki_A,autorpa_233k,breakeven_cap_epoch,19669410129.754,1.009339,0.0,3.2,111.1,17.5,32.8,115.4,98.9,0.001,78.3,191732246.125,always_reactive,0.503651
h=0.1/q0=0.4/p=0.3/r=1/sig=0.3/cf=10.5094,D_sigma,0.1,0.4,0.3,1.0,0.3,3.0,10.509389227369171,wiki_A,autorpa_233k,offline_taxblind,16486888126.921,0.846027,,,,,,,,,,,always_reactive,0.503651
h=0.1/q0=0.4/p=0.3/r=1/sig=0.3/cf=10.5094,D_sigma,0.1,0.4,0.3,1.0,0.3,3.0,10.509389227369171,wiki_A,autorpa_233k,offline_opt_tax,16507483625.623,0.847084,,,,,,,,,,,always_reactive,0.503651
h=0.1/q0=0.4/p=0.3/r=1/sig=0.3/cf=10.5094,D_sigma,0.1,0.4,0.3,1.0,0.3,3.0,10.509389227369171,wiki_A,native,always_reactive,19487424199.81,1.0,0.0,0.0,0.0,0.0,0.0,0.0,0.0,0.001,0.0,0.0,always_reactive,0.470798
h=0.1/q0=0.4/p=0.3/r=1/sig=0.3/cf=10.5094,D_sigma,0.1,0.4,0.3,1.0,0.3,3.0,10.509389227369171,wiki_A,native,always_compile_evict,41392297814.531,2.124052,22.1,53.6,13089.7,3733.6,7351.2,24533.6,12390.7,0.004,9163.7,25028099024.14,always_reactive,0.470798
h=0.1/q0=0.4/p=0.3/r=1/sig=0.3/cf=10.5094,D_sigma,0.1,0.4,0.3,1.0,0.3,3.0,10.509389227369171,wiki_A,native,ours_noinflate,19487424199.81,1.0,0.0,0.0,0.0,0.0,0.0,0.0,0.0,0.001,0.0,0.0,always_reactive,0.470798
h=0.1/q0=0.4/p=0.3/r=1/sig=0.3/cf=10.5094,D_sigma,0.1,0.4,0.3,1.0,0.3,3.0,10.509389227369171,wiki_A,native,oracle_tax,20780938504.592,1.066377,1.1,1.9,1208.4,358.9,704.5,2370.3,953.2,0.001,848.4,2123245514.269,always_reactive,0.470798
h=0.1/q0=0.4/p=0.3/r=1/sig=0.3/cf=10.5094,D_sigma,0.1,0.4,0.3,1.0,0.3,3.0,10.509389227369171,wiki_A,native,ours_spend_cap,19487424199.81,1.0,0.0,0.0,0.0,0.0,0.0,0.0,0.0,0.001,0.0,0.0,always_reactive,0.470798
h=0.1/q0=0.4/p=0.3/r=1/sig=0.3/cf=10.5094,D_sigma,0.1,0.4,0.3,1.0,0.3,3.0,10.509389227369171,wiki_A,native,ours_cap_epoch,19487424199.81,1.0,0.0,0.0,0.0,0.0,0.0,0.0,0.0,0.001,0.0,0.0,always_reactive,0.470798
h=0.1/q0=0.4/p=0.3/r=1/sig=0.3/cf=10.5094,D_sigma,0.1,0.4,0.3,1.0,0.3,3.0,10.509389227369171,wiki_A,native,ours_cap_realized,19487424199.81,1.0,0.0,0.0,0.0,0.0,0.0,0.0,0.0,0.001,0.0,0.0,always_reactive,0.470798
h=0.1/q0=0.4/p=0.3/r=1/sig=0.3/cf=10.5094,D_sigma,0.1,0.4,0.3,1.0,0.3,3.0,10.509389227369171,wiki_A,native,ours_pi_prior,19501639324.618,1.000729,0.3,1.2,12.7,3.0,5.3,18.9,8.7,0.001,8.2,20521703.462,always_reactive,0.470798
h=0.1/q0=0.4/p=0.3/r=1/sig=0.3/cf=10.5094,D_sigma,0.1,0.4,0.3,1.0,0.3,3.0,10.509389227369171,wiki_A,native,breakeven,21970867038.059,1.127438,0.9,6.1,1494.9,397.0,796.2,2634.9,1307.8,0.001,1043.4,2789541281.762,always_reactive,0.470798
h=0.1/q0=0.4/p=0.3/r=1/sig=0.3/cf=10.5094,D_sigma,0.1,0.4,0.3,1.0,0.3,3.0,10.509389227369171,wiki_A,native,breakeven_cap_epoch,19679999994.486,1.009882,0.0,3.1,113.2,17.9,34.6,120.5,100.9,0.001,79.6,201980024.806,always_reactive,0.470798
h=0.1/q0=0.4/p=0.3/r=1/sig=0.3/cf=10.5094,D_sigma,0.1,0.4,0.3,1.0,0.3,3.0,10.509389227369171,wiki_A,native,offline_taxblind,16518395177.265,0.847644,,,,,,,,,,,always_reactive,0.470798
h=0.1/q0=0.4/p=0.3/r=1/sig=0.3/cf=10.5094,D_sigma,0.1,0.4,0.3,1.0,0.3,3.0,10.509389227369171,wiki_A,native,offline_opt_tax,16539011051.654,0.848702,,,,,,,,,,,always_reactive,0.470798
h=0.1/q0=0.4/p=0.3/r=1/sig=0.3/cf=10.5094,D_sigma,0.1,0.4,0.3,1.0,0.3,3.0,10.509389227369171,wiki_B,autorpa_233k,always_reactive,16977748066.619,1.0,0.0,0.0,0.0,0.0,0.0,0.0,0.0,0.002,0.0,0.0,always_reactive,0.537631
h=0.1/q0=0.4/p=0.3/r=1/sig=0.3/cf=10.5094,D_sigma,0.1,0.4,0.3,1.0,0.3,3.0,10.509389227369171,wiki_B,autorpa_233k,always_compile_evict,31578825388.531,1.860013,119.0,132.5,8386.6,1550.4,3063.4,10224.6,8220.9,0.026,5867.6,14367919889.709,always_reactive,0.537631
h=0.1/q0=0.4/p=0.3/r=1/sig=0.3/cf=10.5094,D_sigma,0.1,0.4,0.3,1.0,0.3,3.0,10.509389227369171,wiki_B,autorpa_233k,ours_noinflate,16977748066.619,1.0,0.0,0.0,0.0,0.0,0.0,0.0,0.0,0.002,0.0,0.0,always_reactive,0.537631
h=0.1/q0=0.4/p=0.3/r=1/sig=0.3/cf=10.5094,D_sigma,0.1,0.4,0.3,1.0,0.3,3.0,10.509389227369171,wiki_B,autorpa_233k,oracle_tax,17087934934.8,1.00649,4.0,6.6,85.9,21.3,41.8,139.5,67.5,0.002,60.6,148390474.013,always_reactive,0.537631
h=0.1/q0=0.4/p=0.3/r=1/sig=0.3/cf=10.5094,D_sigma,0.1,0.4,0.3,1.0,0.3,3.0,10.509389227369171,wiki_B,autorpa_233k,ours_spend_cap,16977748066.619,1.0,0.0,0.0,0.0,0.0,0.0,0.0,0.0,0.002,0.0,0.0,always_reactive,0.537631
h=0.1/q0=0.4/p=0.3/r=1/sig=0.3/cf=10.5094,D_sigma,0.1,0.4,0.3,1.0,0.3,3.0,10.509389227369171,wiki_B,autorpa_233k,ours_cap_epoch,16977748066.619,1.0,0.0,0.0,0.0,0.0,0.0,0.0,0.0,0.002,0.0,0.0,always_reactive,0.537631
h=0.1/q0=0.4/p=0.3/r=1/sig=0.3/cf=10.5094,D_sigma,0.1,0.4,0.3,1.0,0.3,3.0,10.509389227369171,wiki_B,autorpa_233k,ours_cap_realized,16977748066.619,1.0,0.0,0.0,0.0,0.0,0.0,0.0,0.0,0.002,0.0,0.0,always_reactive,0.537631
h=0.1/q0=0.4/p=0.3/r=1/sig=0.3/cf=10.5094,D_sigma,0.1,0.4,0.3,1.0,0.3,3.0,10.509389227369171,wiki_B,autorpa_233k,ours_pi_prior,17079117347.494,1.005971,2.3,3.8,67.2,10.0,17.6,61.3,56.0,0.003,46.8,114598583.891,always_reactive,0.537631
h=0.1/q0=0.4/p=0.3/r=1/sig=0.3/cf=10.5094,D_sigma,0.1,0.4,0.3,1.0,0.3,3.0,10.509389227369171,wiki_B,autorpa_233k,breakeven,18744289867.167,1.10405,5.0,10.3,1049.2,117.4,224.0,751.9,964.1,0.004,729.1,1785338194.762,always_reactive,0.537631
h=0.1/q0=0.4/p=0.3/r=1/sig=0.3/cf=10.5094,D_sigma,0.1,0.4,0.3,1.0,0.3,3.0,10.509389227369171,wiki_B,autorpa_233k,breakeven_cap_epoch,17641274091.84,1.039082,3.4,6.7,390.4,32.0,57.0,191.9,364.4,0.003,269.9,660900807.525,always_reactive,0.537631
h=0.1/q0=0.4/p=0.3/r=1/sig=0.3/cf=10.5094,D_sigma,0.1,0.4,0.3,1.0,0.3,3.0,10.509389227369171,wiki_B,autorpa_233k,offline_taxblind,16377991431.368,0.964674,,,,,,,,,,,always_reactive,0.537631
h=0.1/q0=0.4/p=0.3/r=1/sig=0.3/cf=10.5094,D_sigma,0.1,0.4,0.3,1.0,0.3,3.0,10.509389227369171,wiki_B,autorpa_233k,offline_opt_tax,16486164224.261,0.971045,,,,,,,,,,,always_reactive,0.537631
h=0.1/q0=0.4/p=0.3/r=1/sig=0.3/cf=10.5094,D_sigma,0.1,0.4,0.3,1.0,0.3,3.0,10.509389227369171,wiki_B,native,always_reactive,16977748066.619,1.0,0.0,0.0,0.0,0.0,0.0,0.0,0.0,0.002,0.0,0.0,always_reactive,0.507773
h=0.1/q0=0.4/p=0.3/r=1/sig=0.3/cf=10.5094,D_sigma,0.1,0.4,0.3,1.0,0.3,3.0,10.509389227369171,wiki_B,native,always_compile_evict,33435696516.722,1.969383,128.3,140.4,8386.6,1550.4,3063.4,10224.6,8225.0,0.025,5867.6,16142064311.78,always_reactive,0.507773
h=0.1/q0=0.4/p=0.3/r=1/sig=0.3/cf=10.5094,D_sigma,0.1,0.4,0.3,1.0,0.3,3.0,10.509389227369171,wiki_B,native,ours_noinflate,16977748066.619,1.0,0.0,0.0,0.0,0.0,0.0,0.0,0.0,0.002,0.0,0.0,always_reactive,0.507773
h=0.1/q0=0.4/p=0.3/r=1/sig=0.3/cf=10.5094,D_sigma,0.1,0.4,0.3,1.0,0.3,3.0,10.509389227369171,wiki_B,native,oracle_tax,17088937169.433,1.006549,4.1,6.5,84.5,21.0,41.6,138.4,66.4,0.002,59.4,148657217.76,always_reactive,0.507773
h=0.1/q0=0.4/p=0.3/r=1/sig=0.3/cf=10.5094,D_sigma,0.1,0.4,0.3,1.0,0.3,3.0,10.509389227369171,wiki_B,native,ours_spend_cap,16977748066.619,1.0,0.0,0.0,0.0,0.0,0.0,0.0,0.0,0.002,0.0,0.0,always_reactive,0.507773
h=0.1/q0=0.4/p=0.3/r=1/sig=0.3/cf=10.5094,D_sigma,0.1,0.4,0.3,1.0,0.3,3.0,10.509389227369171,wiki_B,native,ours_cap_epoch,16977748066.619,1.0,0.0,0.0,0.0,0.0,0.0,0.0,0.0,0.002,0.0,0.0,always_reactive,0.507773
h=0.1/q0=0.4/p=0.3/r=1/sig=0.3/cf=10.5094,D_sigma,0.1,0.4,0.3,1.0,0.3,3.0,10.509389227369171,wiki_B,native,ours_cap_realized,16977748066.619,1.0,0.0,0.0,0.0,0.0,0.0,0.0,0.0,0.002,0.0,0.0,always_reactive,0.507773
h=0.1/q0=0.4/p=0.3/r=1/sig=0.3/cf=10.5094,D_sigma,0.1,0.4,0.3,1.0,0.3,3.0,10.509389227369171,wiki_B,native,ours_pi_prior,17072944833.46,1.005607,1.9,3.7,62.9,9.7,16.7,58.5,52.1,0.003,43.5,108865134.218,always_reactive,0.507773
h=0.1/q0=0.4/p=0.3/r=1/sig=0.3/cf=10.5094,D_sigma,0.1,0.4,0.3,1.0,0.3,3.0,10.509389227369171,wiki_B,native,breakeven,18750809419.369,1.104434,4.1,10.4,1047.2,112.6,219.5,733.5,961.1,0.004,728.3,1791104931.487,always_reactive,0.507773
h=0.1/q0=0.4/p=0.3/r=1/sig=0.3/cf=10.5094,D_sigma,0.1,0.4,0.3,1.0,0.3,3.0,10.509389227369171,wiki_B,native,breakeven_cap_epoch,17654506731.676,1.039862,2.2,6.3,398.2,32.3,58.2,196.7,372.0,0.003,275.7,674423408.012,always_reactive,0.507773
h=0.1/q0=0.4/p=0.3/r=1/sig=0.3/cf=10.5094,D_sigma,0.1,0.4,0.3,1.0,0.3,3.0,10.509389227369171,wiki_B,native,offline_taxblind,16386505240.687,0.965175,,,,,,,,,,,always_reactive,0.507773
h=0.1/q0=0.4/p=0.3/r=1/sig=0.3/cf=10.5094,D_sigma,0.1,0.4,0.3,1.0,0.3,3.0,10.509389227369171,wiki_B,native,offline_opt_tax,16494339115.667,0.971527,,,,,,,,,,,always_reactive,0.507773
h=0.1/q0=0.4/p=0.3/r=1/sig=0.3/cf=1,D_sigma,0.1,0.4,0.3,1.0,0.3,3.0,1.0,bpi2019,autorpa_233k,always_reactive,28364744721.458,1.020272,0.0,0.0,0.0,0.0,0.0,0.0,0.0,0.003,0.0,0.0,ours_noinflate,0.762236
h=0.1/q0=0.4/p=0.3/r=1/sig=0.3/cf=1,D_sigma,0.1,0.4,0.3,1.0,0.3,3.0,1.0,bpi2019,autorpa_233k,always_compile_evict,36473166019.215,1.31193,73.3,119.3,50845.5,14088.1,27756.0,92552.0,50667.3,0.056,35630.9,8301999700.0,ours_noinflate,0.762236
h=0.1/q0=0.4/p=0.3/r=1/sig=0.3/cf=1,D_sigma,0.1,0.4,0.3,1.0,0.3,3.0,1.0,bpi2019,autorpa_233k,ours_noinflate,27801149517.831,1.0,7.4,18.3,2152.0,521.8,1029.7,3423.7,2058.2,0.011,1513.5,352645500.0,ours_noinflate,0.762236
h=0.1/q0=0.4/p=0.3/r=1/sig=0.3/cf=1,D_sigma,0.1,0.4,0.3,1.0,0.3,3.0,1.0,bpi2019,autorpa_233k,oracle_tax,28342000943.562,1.019454,3.4,5.5,94.8,22.6,39.1,130.4,76.2,0.003,68.8,16030400.0,ours_noinflate,0.762236
h=0.1/q0=0.4/p=0.3/r=1/sig=0.3/cf=1,D_sigma,0.1,0.4,0.3,1.0,0.3,3.0,1.0,bpi2019,autorpa_233k,ours_spend_cap,28359225176.384,1.020074,4.6,14.0,811.4,138.9,269.1,899.2,726.1,0.008,573.4,133602200.0,ours_noinflate,0.762236
h=0.1/q0=0.4/p=0.3/r=1/sig=0.3/cf=1,D_sigma,0.1,0.4,0.3,1.0,0.3,3.0,1.0,bpi2019,autorpa_233k,ours_cap_epoch,28215536714.009,1.014905,5.6,16.8,1221.3,252.9,486.2,1635.0,1122.3,0.01,860.0,200380000.0,ours_noinflate,0.762236
h=0.1/q0=0.4/p=0.3/r=1/sig=0.3/cf=1,D_sigma,0.1,0.4,0.3,1.0,0.3,3.0,1.0,bpi2019,autorpa_233k,ours_cap_realized,27844078453.718,1.001544,6.8,17.4,2022.9,486.5,954.6,3177.7,1930.5,0.01,1423.4,331652200.0,ours_noinflate,0.762236
h=0.1/q0=0.4/p=0.3/r=1/sig=0.3/cf=1,D_sigma,0.1,0.4,0.3,1.0,0.3,3.0,1.0,bpi2019,autorpa_233k,ours_pi_prior,27812649156.681,1.000414,6.3,19.8,2232.5,541.8,1054.9,3518.4,2148.3,0.011,1565.2,364691600.0,ours_noinflate,0.762236
h=0.1/q0=0.4/p=0.3/r=1/sig=0.3/cf=1,D_sigma,0.1,0.4,0.3,1.0,0.3,3.0,1.0,bpi2019,autorpa_233k,breakeven,28659369737.033,1.03087,1.6,9.0,1601.0,174.9,336.7,1147.3,1512.7,0.005,1128.5,262940500.0,ours_noinflate,0.762236
h=0.1/q0=0.4/p=0.3/r=1/sig=0.3/cf=1,D_sigma,0.1,0.4,0.3,1.0,0.3,3.0,1.0,bpi2019,autorpa_233k,breakeven_cap_epoch,28522724794.593,1.025955,0.9,7.4,929.6,73.2,140.5,471.3,865.3,0.004,655.3,152684900.0,ours_noinflate,0.762236
h=0.1/q0=0.4/p=0.3/r=1/sig=0.3/cf=1,D_sigma,0.1,0.4,0.3,1.0,0.3,3.0,1.0,bpi2019,autorpa_233k,offline_taxblind,26975501404.737,0.970302,,,,,,,,,,,ours_noinflate,0.762236
h=0.1/q0=0.4/p=0.3/r=1/sig=0.3/cf=1,D_sigma,0.1,0.4,0.3,1.0,0.3,3.0,1.0,bpi2019,autorpa_233k,offline_opt_tax,27158847570.253,0.976897,,,,,,,,,,,ours_noinflate,0.762236
h=0.1/q0=0.4/p=0.3/r=1/sig=0.3/cf=1,D_sigma,0.1,0.4,0.3,1.0,0.3,3.0,1.0,bpi2019,native,always_reactive,28364744721.458,1.01972,0.0,0.0,0.0,0.0,0.0,0.0,0.0,0.003,0.0,0.0,ours_noinflate,0.695029
h=0.1/q0=0.4/p=0.3/r=1/sig=0.3/cf=1,D_sigma,0.1,0.4,0.3,1.0,0.3,3.0,1.0,bpi2019,native,always_compile_evict,40021631727.351,1.438789,72.4,121.7,50845.5,14088.1,27756.0,92552.0,50666.5,0.052,35630.9,10752219530.345,ours_noinflate,0.695029
h=0.1/q0=0.4/p=0.3/r=1/sig=0.3/cf=1,D_sigma,0.1,0.4,0.3,1.0,0.3,3.0,1.0,bpi2019,native,ours_noinflate,27816195820.326,1.0,7.2,18.4,2138.0,520.2,1026.6,3413.4,2048.1,0.011,1504.2,358201716.619,ours_noinflate,0.695029
h=0.1/q0=0.4/p=0.3/r=1/sig=0.3/cf=1,D_sigma,0.1,0.4,0.3,1.0,0.3,3.0,1.0,bpi2019,native,oracle_tax,28342924965.061,1.018936,3.2,5.2,94.3,22.5,38.7,129.4,76.2,0.003,68.6,16336017.657,ours_noinflate,0.695029
h=0.1/q0=0.4/p=0.3/r=1/sig=0.3/cf=1,D_sigma,0.1,0.4,0.3,1.0,0.3,3.0,1.0,bpi2019,native,ours_spend_cap,28365850507.955,1.01976,4.4,14.0,800.7,137.8,267.4,893.3,719.2,0.008,566.3,134855492.701,ours_noinflate,0.695029
h=0.1/q0=0.4/p=0.3/r=1/sig=0.3/cf=1,D_sigma,0.1,0.4,0.3,1.0,0.3,3.0,1.0,bpi2019,native,ours_cap_epoch,28224704650.492,1.014686,5.4,16.8,1209.6,251.7,483.9,1627.4,1114.8,0.01,852.4,202985735.438,ours_noinflate,0.695029
h=0.1/q0=0.4/p=0.3/r=1/sig=0.3/cf=1,D_sigma,0.1,0.4,0.3,1.0,0.3,3.0,1.0,bpi2019,native,ours_cap_realized,27857778379.499,1.001495,6.6,17.5,2009.1,485.1,951.9,3168.6,1920.2,0.011,1414.1,336745810.046,ours_noinflate,0.695029
h=0.1/q0=0.4/p=0.3/r=1/sig=0.3/cf=1,D_sigma,0.1,0.4,0.3,1.0,0.3,3.0,1.0,bpi2019,native,ours_pi_prior,27828958583.867,1.000459,5.8,19.8,2211.5,536.6,1045.8,3486.5,2129.1,0.011,1551.1,369370218.487,ours_noinflate,0.695029
h=0.1/q0=0.4/p=0.3/r=1/sig=0.3/cf=1,D_sigma,0.1,0.4,0.3,1.0,0.3,3.0,1.0,bpi2019,native,breakeven,28678810579.776,1.031011,1.4,9.1,1595.4,169.6,325.8,1092.6,1504.4,0.005,1123.2,277411574.699,ours_noinflate,0.695029
h=0.1/q0=0.4/p=0.3/r=1/sig=0.3/cf=1,D_sigma,0.1,0.4,0.3,1.0,0.3,3.0,1.0,bpi2019,native,breakeven_cap_epoch,28536791787.6,1.025906,1.1,7.9,982.1,74.3,148.9,494.6,915.2,0.005,693.0,162752837.814,ours_noinflate,0.695029
h=0.1/q0=0.4/p=0.3/r=1/sig=0.3/cf=1,D_sigma,0.1,0.4,0.3,1.0,0.3,3.0,1.0,bpi2019,native,offline_taxblind,26992229860.856,0.970378,,,,,,,,,,,ours_noinflate,0.695029
h=0.1/q0=0.4/p=0.3/r=1/sig=0.3/cf=1,D_sigma,0.1,0.4,0.3,1.0,0.3,3.0,1.0,bpi2019,native,offline_opt_tax,27176755183.137,0.977012,,,,,,,,,,,ours_noinflate,0.695029
h=0.1/q0=0.4/p=0.3/r=1/sig=0.3/cf=1,D_sigma,0.1,0.4,0.3,1.0,0.3,3.0,1.0,sepsis,autorpa_233k,always_reactive,187135368.565,1.008886,0.0,0.0,0.0,0.0,0.0,0.0,0.0,0.002,0.0,0.0,ours_noinflate,0.951515
h=0.1/q0=0.4/p=0.3/r=1/sig=0.3/cf=1,D_sigma,0.1,0.4,0.3,1.0,0.3,3.0,1.0,sepsis,autorpa_233k,always_compile_evict,194938852.886,1.050956,11.5,12.7,69.6,6.4,12.6,42.6,64.6,0.005,49.5,11533500.0,ours_noinflate,0.951515
h=0.1/q0=0.4/p=0.3/r=1/sig=0.3/cf=1,D_sigma,0.1,0.4,0.3,1.0,0.3,3.0,1.0,sepsis,autorpa_233k,ours_noinflate,185487182.71,1.0,1.3,1.7,15.8,2.4,4.4,14.1,12.7,0.003,12.1,2819300.0,ours_noinflate,0.951515
h=0.1/q0=0.4/p=0.3/r=1/sig=0.3/cf=1,D_sigma,0.1,0.4,0.3,1.0,0.3,3.0,1.0,sepsis,autorpa_233k,oracle_tax,183008588.749,0.986637,1.0,2.0,15.3,3.3,5.1,18.3,11.3,0.003,11.0,2563000.0,ours_noinflate,0.951515
h=0.1/q0=0.4/p=0.3/r=1/sig=0.3/cf=1,D_sigma,0.1,0.4,0.3,1.0,0.3,3.0,1.0,sepsis,autorpa_233k,ours_spend_cap,186242038.951,1.00407,1.1,1.5,15.2,2.3,4.2,12.8,12.4,0.002,11.8,2749400.0,ours_noinflate,0.951515
h=0.1/q0=0.4/p=0.3/r=1/sig=0.3/cf=1,D_sigma,0.1,0.4,0.3,1.0,0.3,3.0,1.0,sepsis,autorpa_233k,ours_cap_epoch,186265338.951,1.004195,1.1,1.5,15.3,2.3,4.2,12.8,12.5,0.002,11.9,2772700.0,ours_noinflate,0.951515
h=0.1/q0=0.4/p=0.3/r=1/sig=0.3/cf=1,D_sigma,0.1,0.4,0.3,1.0,0.3,3.0,1.0,sepsis,autorpa_233k,ours_cap_realized,185670325.402,1.000987,1.2,1.6,15.5,2.3,4.3,13.5,12.6,0.003,12.0,2796000.0,ours_noinflate,0.951515
h=0.1/q0=0.4/p=0.3/r=1/sig=0.3/cf=1,D_sigma,0.1,0.4,0.3,1.0,0.3,3.0,1.0,sepsis,autorpa_233k,ours_pi_prior,187946013.832,1.013256,1.0,1.2,10.1,1.5,3.0,7.9,8.3,0.002,7.6,1770800.0,ours_noinflate,0.951515
h=0.1/q0=0.4/p=0.3/r=1/sig=0.3/cf=1,D_sigma,0.1,0.4,0.3,1.0,0.3,3.0,1.0,sepsis,autorpa_233k,breakeven,185731026.364,1.001315,1.2,1.9,13.6,2.1,3.7,11.6,10.7,0.002,9.9,2306700.0,ours_noinflate,0.951515
h=0.1/q0=0.4/p=0.3/r=1/sig=0.3/cf=1,D_sigma,0.1,0.4,0.3,1.0,0.3,3.0,1.0,sepsis,autorpa_233k,breakeven_cap_epoch,186288404.78,1.00432,1.0,1.6,12.7,1.9,3.4,10.3,10.2,0.002,9.4,2190200.0,ours_noinflate,0.951515
h=0.1/q0=0.4/p=0.3/r=1/sig=0.3/cf=1,D_sigma,0.1,0.4,0.3,1.0,0.3,3.0,1.0,sepsis,autorpa_233k,offline_taxblind,181528288.514,0.978657,,,,,,,,,,,ours_noinflate,0.951515
h=0.1/q0=0.4/p=0.3/r=1/sig=0.3/cf=1,D_sigma,0.1,0.4,0.3,1.0,0.3,3.0,1.0,sepsis,autorpa_233k,offline_opt_tax,181692177.316,0.97954,,,,,,,,,,,ours_noinflate,0.951515
h=0.1/q0=0.4/p=0.3/r=1/sig=0.3/cf=1,D_sigma,0.1,0.4,0.3,1.0,0.3,3.0,1.0,sepsis,native,always_reactive,187135368.565,1.008444,0.0,0.0,0.0,0.0,0.0,0.0,0.0,0.002,0.0,0.0,ours_noinflate,0.94389
h=0.1/q0=0.4/p=0.3/r=1/sig=0.3/cf=1,D_sigma,0.1,0.4,0.3,1.0,0.3,3.0,1.0,sepsis,native,always_compile_evict,196599567.102,1.059446,11.0,12.3,69.6,6.4,12.6,42.6,64.6,0.005,49.5,13002267.095,ours_noinflate,0.94389
h=0.1/q0=0.4/p=0.3/r=1/sig=0.3/cf=1,D_sigma,0.1,0.4,0.3,1.0,0.3,3.0,1.0,sepsis,native,ours_noinflate,185568342.127,1.0,1.3,1.7,15.8,2.4,4.4,14.1,12.7,0.003,12.1,2881425.855,ours_noinflate,0.94389
h=0.1/q0=0.4/p=0.3/r=1/sig=0.3/cf=1,D_sigma,0.1,0.4,0.3,1.0,0.3,3.0,1.0,sepsis,native,oracle_tax,183087144.582,0.986629,1.0,2.0,15.3,3.3,5.1,18.3,11.3,0.003,11.0,2619478.05,ours_noinflate,0.94389
h=0.1/q0=0.4/p=0.3/r=1/sig=0.3/cf=1,D_sigma,0.1,0.4,0.3,1.0,0.3,3.0,1.0,sepsis,native,ours_spend_cap,186320108.647,1.004051,1.1,1.5,15.2,2.3,4.2,12.8,12.4,0.002,11.8,2809985.545,ours_noinflate,0.94389
h=0.1/q0=0.4/p=0.3/r=1/sig=0.3/cf=1,D_sigma,0.1,0.4,0.3,1.0,0.3,3.0,1.0,sepsis,native,ours_cap_epoch,186343922.084,1.004179,1.1,1.5,15.3,2.3,4.2,12.8,12.5,0.002,11.9,2833798.981,ours_noinflate,0.94389
h=0.1/q0=0.4/p=0.3/r=1/sig=0.3/cf=1,D_sigma,0.1,0.4,0.3,1.0,0.3,3.0,1.0,sepsis,native,ours_cap_realized,185749935.409,1.000979,1.2,1.6,15.5,2.3,4.3,13.5,12.6,0.003,12.0,2857612.418,ours_noinflate,0.94389
h=0.1/q0=0.4/p=0.3/r=1/sig=0.3/cf=1,D_sigma,0.1,0.4,0.3,1.0,0.3,3.0,1.0,sepsis,native,ours_pi_prior,187997889.15,1.013092,1.0,1.2,10.1,1.5,3.0,7.9,8.3,0.002,7.6,1809821.198,ours_noinflate,0.94389
h=0.1/q0=0.4/p=0.3/r=1/sig=0.3/cf=1,D_sigma,0.1,0.4,0.3,1.0,0.3,3.0,1.0,sepsis,native,breakeven,185864761.595,1.001597,1.2,1.9,13.6,2.1,3.7,11.6,10.7,0.002,9.9,2357530.245,ours_noinflate,0.94389
h=0.1/q0=0.4/p=0.3/r=1/sig=0.3/cf=1,D_sigma,0.1,0.4,0.3,1.0,0.3,3.0,1.0,sepsis,native,breakeven_cap_epoch,186417519.08,1.004576,1.0,1.6,12.7,1.9,3.4,10.3,10.2,0.002,9.4,2238463.061,ours_noinflate,0.94389
h=0.1/q0=0.4/p=0.3/r=1/sig=0.3/cf=1,D_sigma,0.1,0.4,0.3,1.0,0.3,3.0,1.0,sepsis,native,offline_taxblind,181618824.54,0.978717,,,,,,,,,,,ours_noinflate,0.94389
h=0.1/q0=0.4/p=0.3/r=1/sig=0.3/cf=1,D_sigma,0.1,0.4,0.3,1.0,0.3,3.0,1.0,sepsis,native,offline_opt_tax,181782794.045,0.9796,,,,,,,,,,,ours_noinflate,0.94389
h=0.1/q0=0.4/p=0.3/r=1/sig=0.3/cf=1,D_sigma,0.1,0.4,0.3,1.0,0.3,3.0,1.0,wiki_A,autorpa_233k,always_reactive,19487424199.81,1.116392,0.0,0.0,0.0,0.0,0.0,0.0,0.0,0.001,0.0,0.0,ours_noinflate,0.949278
h=0.1/q0=0.4/p=0.3/r=1/sig=0.3/cf=1,D_sigma,0.1,0.4,0.3,1.0,0.3,3.0,1.0,wiki_A,autorpa_233k,always_compile_evict,18388415403.426,1.053432,24.2,54.4,13089.7,3733.6,7351.2,24533.6,12387.0,0.008,9163.7,2135142100.0,ours_noinflate,0.949278
h=0.1/q0=0.4/p=0.3/r=1/sig=0.3/cf=1,D_sigma,0.1,0.4,0.3,1.0,0.3,3.0,1.0,wiki_A,autorpa_233k,ours_noinflate,17455719586.643,1.0,4.5,10.2,4214.5,1237.7,2463.3,8215.4,3748.9,0.002,2953.9,688258700.0,ours_noinflate,0.949278
h=0.1/q0=0.4/p=0.3/r=1/sig=0.3/cf=1,D_sigma,0.1,0.4,0.3,1.0,0.3,3.0,1.0,wiki_A,autorpa_233k,oracle_tax,18848802588.759,1.079807,1.3,2.3,1218.2,362.1,709.8,2389.2,960.3,0.001,854.8,199168400.0,ours_noinflate,0.949278
h=0.1/q0=0.4/p=0.3/r=1/sig=0.3/cf=1,D_sigma,0.1,0.4,0.3,1.0,0.3,3.0,1.0,wiki_A,autorpa_233k,ours_spend_cap,19442899318.844,1.113841,3.7,8.9,179.6,37.8,73.7,259.2,142.5,0.002,124.2,28938600.0,ours_noinflate,0.949278
h=0.1/q0=0.4/p=0.3/r=1/sig=0.3/cf=1,D_sigma,0.1,0.4,0.3,1.0,0.3,3.0,1.0,wiki_A,autorpa_233k,ours_cap_epoch,19373068810.261,1.109841,3.9,9.5,332.6,79.9,156.1,544.1,259.2,0.002,232.3,54125900.0,ours_noinflate,0.949278
h=0.1/q0=0.4/p=0.3/r=1/sig=0.3/cf=1,D_sigma,0.1,0.4,0.3,1.0,0.3,3.0,1.0,wiki_A,autorpa_233k,ours_cap_realized,17691668007.202,1.013517,4.3,10.0,3744.8,1096.8,2169.9,7269.8,3325.7,0.002,2626.0,611858000.0,ours_noinflate,0.949278
h=0.1/q0=0.4/p=0.3/r=1/sig=0.3/cf=1,D_sigma,0.1,0.4,0.3,1.0,0.3,3.0,1.0,wiki_A,autorpa_233k,ours_pi_prior,18657568748.542,1.068851,2.6,7.9,1646.9,484.4,997.7,3311.5,1446.5,0.002,1143.1,266342300.0,ours_noinflate,0.949278
h=0.1/q0=0.4/p=0.3/r=1/sig=0.3/cf=1,D_sigma,0.1,0.4,0.3,1.0,0.3,3.0,1.0,wiki_A,autorpa_233k,breakeven,19458256439.361,1.114721,1.0,6.4,1579.0,423.5,835.8,2773.5,1400.2,0.002,1101.1,256556300.0,ours_noinflate,0.949278
h=0.1/q0=0.4/p=0.3/r=1/sig=0.3/cf=1,D_sigma,0.1,0.4,0.3,1.0,0.3,3.0,1.0,wiki_A,autorpa_233k,breakeven_cap_epoch,19423321151.123,1.11272,0.6,4.5,339.4,66.7,134.3,464.9,276.6,0.002,238.1,55477300.0,ours_noinflate,0.949278
h=0.1/q0=0.4/p=0.3/r=1/sig=0.3/cf=1,D_sigma,0.1,0.4,0.3,1.0,0.3,3.0,1.0,wiki_A,autorpa_233k,offline_taxblind,16486888126.921,0.944498,,,,,,,,,,,ours_noinflate,0.949278
h=0.1/q0=0.4/p=0.3/r=1/sig=0.3/cf=1,D_sigma,0.1,0.4,0.3,1.0,0.3,3.0,1.0,wiki_A,autorpa_233k,offline_opt_tax,16507483625.623,0.945678,,,,,,,,,,,ours_noinflate,0.949278
h=0.1/q0=0.4/p=0.3/r=1/sig=0.3/cf=1,D_sigma,0.1,0.4,0.3,1.0,0.3,3.0,1.0,wiki_A,native,always_reactive,19487424199.81,1.114992,0.0,0.0,0.0,0.0,0.0,0.0,0.0,0.001,0.0,0.0,ours_noinflate,0.932354
h=0.1/q0=0.4/p=0.3/r=1/sig=0.3/cf=1,D_sigma,0.1,0.4,0.3,1.0,0.3,3.0,1.0,wiki_A,native,always_compile_evict,18745697703.68,1.072554,22.1,53.6,13089.7,3733.6,7351.2,24533.6,12390.7,0.008,9163.7,2381498913.273,ours_noinflate,0.932354
h=0.1/q0=0.4/p=0.3/r=1/sig=0.3/cf=1,D_sigma,0.1,0.4,0.3,1.0,0.3,3.0,1.0,wiki_A,native,ours_noinflate,17477633799.929,1.0,4.3,10.3,4212.7,1237.5,2463.1,8214.7,3747.4,0.002,2952.6,703115535.494,ours_noinflate,0.932354
h=0.1/q0=0.4/p=0.3/r=1/sig=0.3/cf=1,D_sigma,0.1,0.4,0.3,1.0,0.3,3.0,1.0,wiki_A,native,oracle_tax,18859726188.287,1.079078,1.1,1.9,1208.4,358.9,704.5,2370.3,953.2,0.001,848.4,202033197.965,ours_noinflate,0.932354
h=0.1/q0=0.4/p=0.3/r=1/sig=0.3/cf=1,D_sigma,0.1,0.4,0.3,1.0,0.3,3.0,1.0,wiki_A,native,ours_spend_cap,19443843369.072,1.112499,3.7,8.9,178.5,37.7,73.6,258.9,141.7,0.002,123.3,29361967.597,ours_noinflate,0.932354
h=0.1/q0=0.4/p=0.3/r=1/sig=0.3/cf=1,D_sigma,0.1,0.4,0.3,1.0,0.3,3.0,1.0,wiki_A,native,ours_cap_epoch,19374759512.594,1.108546,3.8,9.5,331.2,79.7,155.9,543.5,258.3,0.002,231.3,55080479.36,ours_noinflate,0.932354
h=0.1/q0=0.4/p=0.3/r=1/sig=0.3/cf=1,D_sigma,0.1,0.4,0.3,1.0,0.3,3.0,1.0,wiki_A,native,ours_cap_realized,17711108612.193,1.013358,4.2,10.1,3742.9,1096.6,2169.7,7269.1,3324.1,0.002,2624.5,624983649.293,ours_noinflate,0.932354
h=0.1/q0=0.4/p=0.3/r=1/sig=0.3/cf=1,D_sigma,0.1,0.4,0.3,1.0,0.3,3.0,1.0,wiki_A,native,ours_pi_prior,18666064925.669,1.067997,2.7,8.2,1643.9,483.7,997.3,3309.1,1444.1,0.002,1140.9,271687500.659,ours_noinflate,0.932354
h=0.1/q0=0.4/p=0.3/r=1/sig=0.3/cf=1,D_sigma,0.1,0.4,0.3,1.0,0.3,3.0,1.0,wiki_A,native,breakeven,19446759000.947,1.112665,0.9,6.1,1494.9,397.0,796.2,2634.9,1307.8,0.002,1043.4,265433244.636,ours_noinflate,0.932354
h=0.1/q0=0.4/p=0.3/r=1/sig=0.3/cf=1,D_sigma,0.1,0.4,0.3,1.0,0.3,3.0,1.0,wiki_A,native,breakeven_cap_epoch,19426498078.966,1.111506,0.6,5.0,351.9,69.1,140.9,488.8,287.9,0.002,246.0,58213275.968,ours_noinflate,0.932354
h=0.1/q0=0.4/p=0.3/r=1/sig=0.3/cf=1,D_sigma,0.1,0.4,0.3,1.0,0.3,3.0,1.0,wiki_A,native,offline_taxblind,16518395177.265,0.945116,,,,,,,,,,,ours_noinflate,0.932354
h=0.1/q0=0.4/p=0.3/r=1/sig=0.3/cf=1,D_sigma,0.1,0.4,0.3,1.0,0.3,3.0,1.0,wiki_A,native,offline_opt_tax,16539011051.654,0.946296,,,,,,,,,,,ours_noinflate,0.932354
h=0.1/q0=0.4/p=0.3/r=1/sig=0.3/cf=1,D_sigma,0.1,0.4,0.3,1.0,0.3,3.0,1.0,wiki_B,autorpa_233k,always_reactive,16977748066.619,1.012421,0.0,0.0,0.0,0.0,0.0,0.0,0.0,0.002,0.0,0.0,ours_pi_prior,0.902268
h=0.1/q0=0.4/p=0.3/r=1/sig=0.3/cf=1,D_sigma,0.1,0.4,0.3,1.0,0.3,3.0,1.0,wiki_B,autorpa_233k,always_compile_evict,18578056298.829,1.107851,119.0,132.5,8386.6,1550.4,3063.4,10224.6,8220.9,0.045,5867.6,1367150800.0,ours_pi_prior,0.902268
h=0.1/q0=0.4/p=0.3/r=1/sig=0.3/cf=1,D_sigma,0.1,0.4,0.3,1.0,0.3,3.0,1.0,wiki_B,autorpa_233k,ours_noinflate,16769460146.486,1.0,19.3,26.0,1275.5,250.2,497.4,1653.1,1175.6,0.009,893.5,208185500.0,ours_pi_prior,0.902268
h=0.1/q0=0.4/p=0.3/r=1/sig=0.3/cf=1,D_sigma,0.1,0.4,0.3,1.0,0.3,3.0,1.0,wiki_B,autorpa_233k,oracle_tax,16953664260.787,1.010984,4.0,6.6,85.9,21.3,41.8,139.5,67.5,0.002,60.6,14119800.0,ours_pi_prior,0.902268
h=0.1/q0=0.4/p=0.3/r=1/sig=0.3/cf=1,D_sigma,0.1,0.4,0.3,1.0,0.3,3.0,1.0,wiki_B,autorpa_233k,ours_spend_cap,16980902859.346,1.012609,14.3,20.9,738.5,100.4,200.5,672.3,638.6,0.008,514.8,119948400.0,ours_pi_prior,0.902268
h=0.1/q0=0.4/p=0.3/r=1/sig=0.3/cf=1,D_sigma,0.1,0.4,0.3,1.0,0.3,3.0,1.0,wiki_B,autorpa_233k,ours_cap_epoch,16947312436.791,1.010606,16.3,23.3,866.4,132.4,269.4,887.5,762.1,0.008,606.1,141221300.0,ours_pi_prior,0.902268
h=0.1/q0=0.4/p=0.3/r=1/sig=0.3/cf=1,D_sigma,0.1,0.4,0.3,1.0,0.3,3.0,1.0,wiki_B,autorpa_233k,ours_cap_realized,16779815342.445,1.000618,17.9,24.9,1229.7,239.1,480.5,1592.0,1129.4,0.009,860.5,200496500.0,ours_pi_prior,0.902268
h=0.1/q0=0.4/p=0.3/r=1/sig=0.3/cf=1,D_sigma,0.1,0.4,0.3,1.0,0.3,3.0,1.0,wiki_B,autorpa_233k,ours_pi_prior,16762394065.758,0.999579,19.4,25.7,1275.1,263.4,515.3,1720.7,1186.8,0.009,887.1,206694300.0,ours_pi_prior,0.902268
h=0.1/q0=0.4/p=0.3/r=1/sig=0.3/cf=1,D_sigma,0.1,0.4,0.3,1.0,0.3,3.0,1.0,wiki_B,autorpa_233k,breakeven,17128831972.407,1.02143,5.0,10.3,1049.2,117.4,224.0,751.9,964.1,0.004,729.1,169880300.0,ours_pi_prior,0.902268
h=0.1/q0=0.4/p=0.3/r=1/sig=0.3/cf=1,D_sigma,0.1,0.4,0.3,1.0,0.3,3.0,1.0,wiki_B,autorpa_233k,breakeven_cap_epoch,17078406349.51,1.018423,4.0,8.9,758.0,65.4,119.6,405.7,687.0,0.004,525.7,122488100.0,ours_pi_prior,0.902268
h=0.1/q0=0.4/p=0.3/r=1/sig=0.3/cf=1,D_sigma,0.1,0.4,0.3,1.0,0.3,3.0,1.0,wiki_B,autorpa_233k,offline_taxblind,16377991431.368,0.976656,,,,,,,,,,,ours_pi_prior,0.902268
h=0.1/q0=0.4/p=0.3/r=1/sig=0.3/cf=1,D_sigma,0.1,0.4,0.3,1.0,0.3,3.0,1.0,wiki_B,autorpa_233k,offline_opt_tax,16486164224.261,0.983106,,,,,,,,,,,ours_pi_prior,0.902268
h=0.1/q0=0.4/p=0.3/r=1/sig=0.3/cf=1,D_sigma,0.1,0.4,0.3,1.0,0.3,3.0,1.0,wiki_B,native,always_reactive,16977748066.619,1.011891,0.0,0.0,0.0,0.0,0.0,0.0,0.0,0.002,0.0,0.0,ours_pi_prior,0.8905
h=0.1/q0=0.4/p=0.3/r=1/sig=0.3/cf=1,D_sigma,0.1,0.4,0.3,1.0,0.3,3.0,1.0,wiki_B,native,always_compile_evict,18829598183.801,1.122264,128.3,140.4,8386.6,1550.4,3063.4,10224.6,8225.0,0.045,5867.6,1535965978.855,ours_pi_prior,0.8905
h=0.1/q0=0.4/p=0.3/r=1/sig=0.3/cf=1,D_sigma,0.1,0.4,0.3,1.0,0.3,3.0,1.0,wiki_B,native,ours_noinflate,16778229960.353,1.0,18.9,26.4,1263.6,248.4,494.9,1642.6,1166.7,0.009,884.3,210582221.783,ours_pi_prior,0.8905
h=0.1/q0=0.4/p=0.3/r=1/sig=0.3/cf=1,D_sigma,0.1,0.4,0.3,1.0,0.3,3.0,1.0,wiki_B,native,oracle_tax,16954425133.143,1.010501,4.1,6.5,84.5,21.0,41.6,138.4,66.4,0.002,59.4,14145181.47,ours_pi_prior,0.8905
h=0.1/q0=0.4/p=0.3/r=1/sig=0.3/cf=1,D_sigma,0.1,0.4,0.3,1.0,0.3,3.0,1.0,wiki_B,native,ours_spend_cap,16985449890.321,1.012351,14.2,21.4,729.2,99.1,199.4,667.6,632.6,0.008,507.4,120829378.415,ours_pi_prior,0.8905
h=0.1/q0=0.4/p=0.3/r=1/sig=0.3/cf=1,D_sigma,0.1,0.4,0.3,1.0,0.3,3.0,1.0,wiki_B,native,ours_cap_epoch,16954043861.637,1.010479,16.1,23.5,854.9,130.6,267.5,878.3,753.7,0.008,597.1,142190031.241,ours_pi_prior,0.8905
h=0.1/q0=0.4/p=0.3/r=1/sig=0.3/cf=1,D_sigma,0.1,0.4,0.3,1.0,0.3,3.0,1.0,wiki_B,native,ours_cap_realized,16788672078.424,1.000622,17.7,25.0,1218.8,237.3,478.5,1583.4,1121.3,0.009,852.3,202961922.001,ours_pi_prior,0.8905
h=0.1/q0=0.4/p=0.3/r=1/sig=0.3/cf=1,D_sigma,0.1,0.4,0.3,1.0,0.3,3.0,1.0,wiki_B,native,ours_pi_prior,16767762349.717,0.999376,19.4,25.9,1257.4,260.3,510.7,1704.2,1170.5,0.009,874.1,208153251.228,ours_pi_prior,0.8905
h=0.1/q0=0.4/p=0.3/r=1/sig=0.3/cf=1,D_sigma,0.1,0.4,0.3,1.0,0.3,3.0,1.0,wiki_B,native,breakeven,17130133510.231,1.020974,4.1,10.4,1047.2,112.6,219.5,733.5,961.1,0.004,728.3,170429022.347,ours_pi_prior,0.8905
h=0.1/q0=0.4/p=0.3/r=1/sig=0.3/cf=1,D_sigma,0.1,0.4,0.3,1.0,0.3,3.0,1.0,wiki_B,native,breakeven_cap_epoch,17083977343.853,1.018223,3.0,9.1,784.9,67.6,128.3,431.1,713.8,0.004,544.6,126907479.039,ours_pi_prior,0.8905
h=0.1/q0=0.4/p=0.3/r=1/sig=0.3/cf=1,D_sigma,0.1,0.4,0.3,1.0,0.3,3.0,1.0,wiki_B,native,offline_taxblind,16386505240.687,0.976653,,,,,,,,,,,ours_pi_prior,0.8905
h=0.1/q0=0.4/p=0.3/r=1/sig=0.3/cf=1,D_sigma,0.1,0.4,0.3,1.0,0.3,3.0,1.0,wiki_B,native,offline_opt_tax,16494339115.667,0.98308,,,,,,,,,,,ours_pi_prior,0.8905
h=0.1/q0=0.4/p=0.3/r=1/sig=0/cf=10.5094,A_core,0.1,0.4,0.3,1.0,0.0,1.0,10.509389227369171,bpi2019,autorpa_233k,always_reactive,28364744721.458,0.990454,0.0,0.0,0.0,0.0,0.0,0.0,0.0,0.003,0.0,0.0,always_reactive,0.2051
h=0.1/q0=0.4/p=0.3/r=1/sig=0/cf=10.5094,A_core,0.1,0.4,0.3,1.0,0.0,1.0,10.509389227369171,bpi2019,autorpa_233k,always_compile_evict,138297025716.291,4.829121,66.2,110.5,66825.7,18987.1,0.0,87424.9,66337.4,0.013,46789.2,114572138063.872,always_reactive,0.2051
h=0.1/q0=0.4/p=0.3/r=1/sig=0/cf=10.5094,A_core,0.1,0.4,0.3,1.0,0.0,1.0,10.509389227369171,bpi2019,autorpa_233k,ours_noinflate,28638134068.681,1.0,0.9,6.5,231.3,46.1,0.0,222.3,183.6,0.004,158.7,388606736.399,always_reactive,0.2051
h=0.1/q0=0.4/p=0.3/r=1/sig=0/cf=10.5094,A_core,0.1,0.4,0.3,1.0,0.0,1.0,10.509389227369171,bpi2019,autorpa_233k,oracle_tax,28802630834.92,1.005744,10.5,13.9,417.5,109.3,0.0,476.8,340.8,0.004,297.7,728974325.306,always_reactive,0.2051
h=0.1/q0=0.4/p=0.3/r=1/sig=0/cf=10.5094,A_core,0.1,0.4,0.3,1.0,0.0,1.0,10.509389227369171,bpi2019,autorpa_233k,ours_spend_cap,28617526403.87,0.99928,0.9,6.0,204.2,39.1,0.0,181.2,158.3,0.004,139.2,340857326.445,always_reactive,0.2051
h=0.1/q0=0.4/p=0.3/r=1/sig=0/cf=10.5094,A_core,0.1,0.4,0.3,1.0,0.0,1.0,10.509389227369171,bpi2019,autorpa_233k,ours_cap_epoch,28624477725.598,0.999523,0.9,6.2,210.4,40.5,0.0,190.6,164.0,0.004,143.9,352366158.588,always_reactive,0.2051
h=0.1/q0=0.4/p=0.3/r=1/sig=0/cf=10.5094,A_core,0.1,0.4,0.3,1.0,0.0,1.0,10.509389227369171,bpi2019,autorpa_233k,ours_cap_realized,28633299531.13,0.999831,0.9,6.4,226.7,45.0,0.0,217.7,179.6,0.004,155.3,380281198.253,always_reactive,0.2051
h=0.1/q0=0.4/p=0.3/r=1/sig=0/cf=10.5094,A_core,0.1,0.4,0.3,1.0,0.0,1.0,10.509389227369171,bpi2019,autorpa_233k,ours_pi_prior,28626806705.968,0.999604,0.5,5.7,217.0,43.0,0.0,203.4,175.1,0.004,152.9,374404347.797,always_reactive,0.2051
h=0.1/q0=0.4/p=0.3/r=1/sig=0/cf=10.5094,A_core,0.1,0.4,0.3,1.0,0.0,1.0,10.509389227369171,bpi2019,autorpa_233k,breakeven,32647316575.208,1.139995,2.5,12.1,2529.4,302.9,0.0,1400.9,2267.1,0.005,1778.1,4354011581.548,always_reactive,0.2051
h=0.1/q0=0.4/p=0.3/r=1/sig=0/cf=10.5094,A_core,0.1,0.4,0.3,1.0,0.0,1.0,10.509389227369171,bpi2019,autorpa_233k,breakeven_cap_epoch,29894997829.038,1.043888,0.8,7.2,911.1,80.3,0.0,379.5,802.3,0.004,636.1,1557610239.594,always_reactive,0.2051
h=0.1/q0=0.4/p=0.3/r=1/sig=0/cf=10.5094,A_core,0.1,0.4,0.3,1.0,0.0,1.0,10.509389227369171,bpi2019,autorpa_233k,offline_taxblind,24862071231.604,0.868146,,,,,,,,,,,always_reactive,0.2051
h=0.1/q0=0.4/p=0.3/r=1/sig=0/cf=10.5094,A_core,0.1,0.4,0.3,1.0,0.0,1.0,10.509389227369171,bpi2019,autorpa_233k,offline_opt_tax,25122201228.107,0.877229,,,,,,,,,,,always_reactive,0.2051
h=0.1/q0=0.4/p=0.3/r=1/sig=0/cf=10.5094,A_core,0.1,0.4,0.3,1.0,0.0,1.0,10.509389227369171,bpi2019,native,always_reactive,28364744721.458,0.990243,0.0,0.0,0.0,0.0,0.0,0.0,0.0,0.003,0.0,0.0,always_reactive,0.163108
h=0.1/q0=0.4/p=0.3/r=1/sig=0/cf=10.5094,A_core,0.1,0.4,0.3,1.0,0.0,1.0,10.509389227369171,bpi2019,native,always_compile_evict,173902119058.338,6.071103,65.3,112.9,66825.7,18987.1,0.0,87424.9,66333.8,0.011,46789.2,148730706096.866,always_reactive,0.163108
h=0.1/q0=0.4/p=0.3/r=1/sig=0/cf=10.5094,A_core,0.1,0.4,0.3,1.0,0.0,1.0,10.509389227369171,bpi2019,native,ours_noinflate,28644236031.007,1.0,0.9,6.5,228.8,45.6,0.0,220.0,182.4,0.005,156.8,392415012.538,always_reactive,0.163108
h=0.1/q0=0.4/p=0.3/r=1/sig=0/cf=10.5094,A_core,0.1,0.4,0.3,1.0,0.0,1.0,10.509389227369171,bpi2019,native,oracle_tax,28784728593.807,1.004905,10.1,13.8,395.1,103.0,0.0,450.8,323.1,0.004,282.0,705746387.345,always_reactive,0.163108
h=0.1/q0=0.4/p=0.3/r=1/sig=0/cf=10.5094,A_core,0.1,0.4,0.3,1.0,0.0,1.0,10.509389227369171,bpi2019,native,ours_spend_cap,28623976492.003,0.999293,0.9,6.0,202.7,38.9,0.0,179.6,158.1,0.004,138.0,345365253.382,always_reactive,0.163108
h=0.1/q0=0.4/p=0.3/r=1/sig=0/cf=10.5094,A_core,0.1,0.4,0.3,1.0,0.0,1.0,10.509389227369171,bpi2019,native,ours_cap_epoch,28630963300.853,0.999537,0.9,6.2,208.8,40.3,0.0,189.0,163.7,0.004,142.6,356877428.495,always_reactive,0.163108
h=0.1/q0=0.4/p=0.3/r=1/sig=0/cf=10.5094,A_core,0.1,0.4,0.3,1.0,0.0,1.0,10.509389227369171,bpi2019,native,ours_cap_realized,28639647080.771,0.99984,0.9,6.4,224.2,44.5,0.0,215.0,178.4,0.004,153.5,384156278.218,always_reactive,0.163108
h=0.1/q0=0.4/p=0.3/r=1/sig=0/cf=10.5094,A_core,0.1,0.4,0.3,1.0,0.0,1.0,10.509389227369171,bpi2019,native,ours_pi_prior,28618609970.977,0.999105,0.4,5.5,201.4,39.4,0.0,186.2,162.3,0.004,141.3,353623987.702,always_reactive,0.163108
h=0.1/q0=0.4/p=0.3/r=1/sig=0/cf=10.5094,A_core,0.1,0.4,0.3,1.0,0.0,1.0,10.509389227369171,bpi2019,native,breakeven,32831219020.23,1.146172,2.1,12.4,2505.5,295.1,0.0,1375.1,2242.7,0.005,1759.4,4532267359.956,always_reactive,0.163108
h=0.1/q0=0.4/p=0.3/r=1/sig=0/cf=10.5094,A_core,0.1,0.4,0.3,1.0,0.0,1.0,10.509389227369171,bpi2019,native,breakeven_cap_epoch,29941330165.794,1.045283,0.8,7.8,913.8,79.3,0.0,374.6,810.2,0.004,638.0,1602041337.201,always_reactive,0.163108
h=0.1/q0=0.4/p=0.3/r=1/sig=0/cf=10.5094,A_core,0.1,0.4,0.3,1.0,0.0,1.0,10.509389227369171,bpi2019,native,offline_taxblind,24958150807.93,0.871315,,,,,,,,,,,always_reactive,0.163108
h=0.1/q0=0.4/p=0.3/r=1/sig=0/cf=10.5094,A_core,0.1,0.4,0.3,1.0,0.0,1.0,10.509389227369171,bpi2019,native,offline_opt_tax,25207303589.653,0.880013,,,,,,,,,,,always_reactive,0.163108
h=0.1/q0=0.4/p=0.3/r=1/sig=0/cf=10.5094,A_core,0.1,0.4,0.3,1.0,0.0,1.0,10.509389227369171,sepsis,autorpa_233k,always_reactive,187135368.565,0.981005,0.0,0.0,0.0,0.0,0.0,0.0,0.0,0.002,0.0,0.0,always_reactive,0.608358
h=0.1/q0=0.4/p=0.3/r=1/sig=0/cf=10.5094,A_core,0.1,0.4,0.3,1.0,0.0,1.0,10.509389227369171,sepsis,autorpa_233k,always_compile_evict,307607108.197,1.612545,11.4,12.9,75.5,8.6,0.0,41.1,67.6,0.003,53.3,130515053.876,always_reactive,0.608358
h=0.1/q0=0.4/p=0.3/r=1/sig=0/cf=10.5094,A_core,0.1,0.4,0.3,1.0,0.0,1.0,10.509389227369171,sepsis,autorpa_233k,ours_noinflate,190758833.145,1.0,0.1,0.6,3.6,1.0,0.0,3.4,2.5,0.002,2.5,6121719.225,always_reactive,0.608358
h=0.1/q0=0.4/p=0.3/r=1/sig=0/cf=10.5094,A_core,0.1,0.4,0.3,1.0,0.0,1.0,10.509389227369171,sepsis,autorpa_233k,oracle_tax,212446049.098,1.113689,1.0,2.0,20.9,4.6,0.0,17.2,15.3,0.002,15.3,37464921.657,always_reactive,0.608358
h=0.1/q0=0.4/p=0.3/r=1/sig=0/cf=10.5094,A_core,0.1,0.4,0.3,1.0,0.0,1.0,10.509389227369171,sepsis,autorpa_233k,ours_spend_cap,190513964.376,0.998716,0.1,0.6,3.5,1.0,0.0,3.4,2.4,0.002,2.4,5876850.456,always_reactive,0.608358
h=0.1/q0=0.4/p=0.3/r=1/sig=0/cf=10.5094,A_core,0.1,0.4,0.3,1.0,0.0,1.0,10.509389227369171,sepsis,autorpa_233k,ours_cap_epoch,190758833.145,1.0,0.1,0.6,3.6,1.0,0.0,3.4,2.5,0.002,2.5,6121719.225,always_reactive,0.608358
h=0.1/q0=0.4/p=0.3/r=1/sig=0/cf=10.5094,A_core,0.1,0.4,0.3,1.0,0.0,1.0,10.509389227369171,sepsis,autorpa_233k,ours_cap_realized,190758833.145,1.0,0.1,0.6,3.6,1.0,0.0,3.4,2.5,0.002,2.5,6121719.225,always_reactive,0.608358
h=0.1/q0=0.4/p=0.3/r=1/sig=0/cf=10.5094,A_core,0.1,0.4,0.3,1.0,0.0,1.0,10.509389227369171,sepsis,autorpa_233k,ours_pi_prior,189009614.012,0.99083,0.1,0.5,2.3,0.7,0.0,2.0,1.5,0.002,1.5,3673031.535,always_reactive,0.608358
h=0.1/q0=0.4/p=0.3/r=1/sig=0/cf=10.5094,A_core,0.1,0.4,0.3,1.0,0.0,1.0,10.509389227369171,sepsis,autorpa_233k,breakeven,218148696.904,1.143584,1.4,2.5,21.0,3.3,0.0,11.2,15.7,0.002,15.6,38199527.964,always_reactive,0.608358
h=0.1/q0=0.4/p=0.3/r=1/sig=0/cf=10.5094,A_core,0.1,0.4,0.3,1.0,0.0,1.0,10.509389227369171,sepsis,autorpa_233k,breakeven_cap_epoch,197615818.092,1.035946,0.4,1.0,7.5,1.4,0.0,5.3,5.7,0.002,5.7,13957519.833,always_reactive,0.608358
h=0.1/q0=0.4/p=0.3/r=1/sig=0/cf=10.5094,A_core,0.1,0.4,0.3,1.0,0.0,1.0,10.509389227369171,sepsis,autorpa_233k,offline_taxblind,171995456.11,0.901638,,,,,,,,,,,always_reactive,0.608358
h=0.1/q0=0.4/p=0.3/r=1/sig=0/cf=10.5094,A_core,0.1,0.4,0.3,1.0,0.0,1.0,10.509389227369171,sepsis,autorpa_233k,offline_opt_tax,172215352.035,0.902791,,,,,,,,,,,always_reactive,0.608358
h=0.1/q0=0.4/p=0.3/r=1/sig=0/cf=10.5094,A_core,0.1,0.4,0.3,1.0,0.0,1.0,10.509389227369171,sepsis,native,always_reactive,187135368.565,0.980283,0.0,0.0,0.0,0.0,0.0,0.0,0.0,0.002,0.0,0.0,always_reactive,0.57762
h=0.1/q0=0.4/p=0.3/r=1/sig=0/cf=10.5094,A_core,0.1,0.4,0.3,1.0,0.0,1.0,10.509389227369171,sepsis,native,always_compile_evict,323976746.68,1.697107,10.9,12.3,75.5,8.6,0.0,41.1,67.2,0.003,53.3,146651053.217,always_reactive,0.57762
h=0.1/q0=0.4/p=0.3/r=1/sig=0/cf=10.5094,A_core,0.1,0.4,0.3,1.0,0.0,1.0,10.509389227369171,sepsis,native,ours_noinflate,190899396.835,1.0,0.1,0.6,3.6,1.0,0.0,3.4,2.5,0.002,2.5,6256616.909,always_reactive,0.57762
h=0.1/q0=0.4/p=0.3/r=1/sig=0/cf=10.5094,A_core,0.1,0.4,0.3,1.0,0.0,1.0,10.509389227369171,sepsis,native,oracle_tax,213300375.387,1.117344,1.0,2.0,20.9,4.6,0.0,17.2,15.3,0.002,15.3,38290495.484,always_reactive,0.57762
h=0.1/q0=0.4/p=0.3/r=1/sig=0/cf=10.5094,A_core,0.1,0.4,0.3,1.0,0.0,1.0,10.509389227369171,sepsis,native,ours_spend_cap,190649132.158,0.998689,0.1,0.6,3.5,1.0,0.0,3.4,2.4,0.002,2.4,6006352.233,always_reactive,0.57762
h=0.1/q0=0.4/p=0.3/r=1/sig=0/cf=10.5094,A_core,0.1,0.4,0.3,1.0,0.0,1.0,10.509389227369171,sepsis,native,ours_cap_epoch,190899396.835,1.0,0.1,0.6,3.6,1.0,0.0,3.4,2.5,0.002,2.5,6256616.909,always_reactive,0.57762
h=0.1/q0=0.4/p=0.3/r=1/sig=0/cf=10.5094,A_core,0.1,0.4,0.3,1.0,0.0,1.0,10.509389227369171,sepsis,native,ours_cap_realized,190899396.835,1.0,0.1,0.6,3.6,1.0,0.0,3.4,2.5,0.002,2.5,6256616.909,always_reactive,0.57762
h=0.1/q0=0.4/p=0.3/r=1/sig=0/cf=10.5094,A_core,0.1,0.4,0.3,1.0,0.0,1.0,10.509389227369171,sepsis,native,ours_pi_prior,189094678.317,0.990546,0.1,0.5,2.3,0.7,0.0,2.0,1.5,0.002,1.5,3753970.145,always_reactive,0.57762
h=0.1/q0=0.4/p=0.3/r=1/sig=0/cf=10.5094,A_core,0.1,0.4,0.3,1.0,0.0,1.0,10.509389227369171,sepsis,native,breakeven,217521088.908,1.139454,1.4,2.5,20.3,3.2,0.0,11.1,15.0,0.002,15.0,37539701.455,always_reactive,0.57762
h=0.1/q0=0.4/p=0.3/r=1/sig=0/cf=10.5094,A_core,0.1,0.4,0.3,1.0,0.0,1.0,10.509389227369171,sepsis,native,breakeven_cap_epoch,197960959.724,1.036991,0.4,1.0,7.5,1.4,0.0,5.3,5.7,0.002,5.7,14265086.553,always_reactive,0.57762
h=0.1/q0=0.4/p=0.3/r=1/sig=0/cf=10.5094,A_core,0.1,0.4,0.3,1.0,0.0,1.0,10.509389227369171,sepsis,native,offline_taxblind,172139218.419,0.901727,,,,,,,,,,,always_reactive,0.57762
h=0.1/q0=0.4/p=0.3/r=1/sig=0/cf=10.5094,A_core,0.1,0.4,0.3,1.0,0.0,1.0,10.509389227369171,sepsis,native,offline_opt_tax,172359192.444,0.90288,,,,,,,,,,,always_reactive,0.57762
h=0.1/q0=0.4/p=0.3/r=1/sig=0/cf=10.5094,A_core,0.1,0.4,0.3,1.0,0.0,1.0,10.509389227369171,wiki_A,autorpa_233k,always_reactive,19487424199.81,0.997177,0.0,0.0,0.0,0.0,0.0,0.0,0.0,0.001,0.0,0.0,always_reactive,0.460344
h=0.1/q0=0.4/p=0.3/r=1/sig=0/cf=10.5094,A_core,0.1,0.4,0.3,1.0,0.0,1.0,10.509389227369171,wiki_A,autorpa_233k,always_compile_evict,42332322501.128,2.166157,21.8,49.7,17381.8,5044.0,0.0,23163.0,16009.6,0.003,12161.0,29778490997.81,always_reactive,0.460344
h=0.1/q0=0.4/p=0.3/r=1/sig=0/cf=10.5094,A_core,0.1,0.4,0.3,1.0,0.0,1.0,10.509389227369171,wiki_A,autorpa_233k,ours_noinflate,19542594360.132,1.0,0.6,3.1,53.2,11.3,0.0,53.4,39.1,0.001,36.8,90111706.991,always_reactive,0.460344
h=0.1/q0=0.4/p=0.3/r=1/sig=0/cf=10.5094,A_core,0.1,0.4,0.3,1.0,0.0,1.0,10.509389227369171,wiki_A,autorpa_233k,oracle_tax,22409248609.104,1.146687,7.2,10.0,3864.3,1149.1,0.0,5301.5,3135.0,0.002,2708.0,6631046264.458,always_reactive,0.460344
h=0.1/q0=0.4/p=0.3/r=1/sig=0/cf=10.5094,A_core,0.1,0.4,0.3,1.0,0.0,1.0,10.509389227369171,wiki_A,autorpa_233k,ours_spend_cap,19535221321.793,0.999623,0.6,3.0,45.2,9.2,0.0,43.0,33.4,0.001,31.1,76154187.158,always_reactive,0.460344
h=0.1/q0=0.4/p=0.3/r=1/sig=0/cf=10.5094,A_core,0.1,0.4,0.3,1.0,0.0,1.0,10.509389227369171,wiki_A,autorpa_233k,ours_cap_epoch,19537468632.208,0.999738,0.6,3.1,46.8,9.7,0.0,44.5,34.5,0.001,32.2,78847743.617,always_reactive,0.460344
h=0.1/q0=0.4/p=0.3/r=1/sig=0/cf=10.5094,A_core,0.1,0.4,0.3,1.0,0.0,1.0,10.509389227369171,wiki_A,autorpa_233k,ours_cap_realized,19540856924.761,0.999911,0.6,3.1,52.4,11.2,0.0,53.3,38.4,0.001,36.1,88397625.608,always_reactive,0.460344
h=0.1/q0=0.4/p=0.3/r=1/sig=0/cf=10.5094,A_core,0.1,0.4,0.3,1.0,0.0,1.0,10.509389227369171,wiki_A,autorpa_233k,ours_pi_prior,19524735956.822,0.999086,0.6,2.2,41.5,9.5,0.0,45.2,29.1,0.001,28.4,69542730.395,always_reactive,0.460344
h=0.1/q0=0.4/p=0.3/r=1/sig=0/cf=10.5094,A_core,0.1,0.4,0.3,1.0,0.0,1.0,10.509389227369171,wiki_A,autorpa_233k,breakeven,23498106916.609,1.202405,0.8,8.0,2760.1,743.1,0.0,3420.9,2425.1,0.002,1940.1,4750698987.324,always_reactive,0.460344
h=0.1/q0=0.4/p=0.3/r=1/sig=0/cf=10.5094,A_core,0.1,0.4,0.3,1.0,0.0,1.0,10.509389227369171,wiki_A,autorpa_233k,breakeven_cap_epoch,19780217408.471,1.012159,0.3,4.6,190.9,30.8,0.0,137.8,159.2,0.001,133.7,327389544.15,always_reactive,0.460344
h=0.1/q0=0.4/p=0.3/r=1/sig=0/cf=10.5094,A_core,0.1,0.4,0.3,1.0,0.0,1.0,10.509389227369171,wiki_A,autorpa_233k,offline_taxblind,12423275916.822,0.635702,,,,,,,,,,,always_reactive,0.460344
h=0.1/q0=0.4/p=0.3/r=1/sig=0/cf=10.5094,A_core,0.1,0.4,0.3,1.0,0.0,1.0,10.509389227369171,wiki_A,autorpa_233k,offline_opt_tax,12455057035.613,0.637329,,,,,,,,,,,always_reactive,0.460344
h=0.1/q0=0.4/p=0.3/r=1/sig=0/cf=10.5094,A_core,0.1,0.4,0.3,1.0,0.0,1.0,10.509389227369171,wiki_A,native,always_reactive,19487424199.81,0.997111,0.0,0.0,0.0,0.0,0.0,0.0,0.0,0.001,0.0,0.0,always_reactive,0.424394
h=0.1/q0=0.4/p=0.3/r=1/sig=0/cf=10.5094,A_core,0.1,0.4,0.3,1.0,0.0,1.0,10.509389227369171,wiki_A,native,always_compile_evict,45918237697.962,2.349494,20.0,49.1,17381.8,5044.0,0.0,23163.0,16017.6,0.003,12161.0,33220337629.071,always_reactive,0.424394
h=0.1/q0=0.4/p=0.3/r=1/sig=0/cf=10.5094,A_core,0.1,0.4,0.3,1.0,0.0,1.0,10.509389227369171,wiki_A,native,ours_noinflate,19543881462.983,1.0,0.6,3.1,52.7,11.1,0.0,52.8,38.7,0.001,36.4,91096342.196,always_reactive,0.424394
h=0.1/q0=0.4/p=0.3/r=1/sig=0/cf=10.5094,A_core,0.1,0.4,0.3,1.0,0.0,1.0,10.509389227369171,wiki_A,native,oracle_tax,22559526126.809,1.154301,6.9,9.9,3863.1,1149.0,0.0,5300.7,3139.8,0.002,2707.2,6775165318.517,always_reactive,0.424394
h=0.1/q0=0.4/p=0.3/r=1/sig=0/cf=10.5094,A_core,0.1,0.4,0.3,1.0,0.0,1.0,10.509389227369171,wiki_A,native,ours_spend_cap,19536897699.183,0.999643,0.6,3.0,45.1,9.1,0.0,42.7,33.3,0.001,31.0,77582049.673,always_reactive,0.424394
h=0.1/q0=0.4/p=0.3/r=1/sig=0/cf=10.5094,A_core,0.1,0.4,0.3,1.0,0.0,1.0,10.509389227369171,wiki_A,native,ours_cap_epoch,19539207859.963,0.999761,0.6,3.1,46.7,9.6,0.0,44.2,34.4,0.001,32.1,80334961.113,always_reactive,0.424394
h=0.1/q0=0.4/p=0.3/r=1/sig=0/cf=10.5094,A_core,0.1,0.4,0.3,1.0,0.0,1.0,10.509389227369171,wiki_A,native,ours_cap_realized,19542105742.823,0.999909,0.6,3.1,51.9,11.0,0.0,52.7,38.0,0.001,35.7,89344489.462,always_reactive,0.424394
h=0.1/q0=0.4/p=0.3/r=1/sig=0/cf=10.5094,A_core,0.1,0.4,0.3,1.0,0.0,1.0,10.509389227369171,wiki_A,native,ours_pi_prior,19520449269.248,0.998801,0.4,1.9,37.0,8.8,0.0,41.7,26.0,0.001,25.5,63817492.473,always_reactive,0.424394
h=0.1/q0=0.4/p=0.3/r=1/sig=0/cf=10.5094,A_core,0.1,0.4,0.3,1.0,0.0,1.0,10.509389227369171,wiki_A,native,breakeven,23702083775.612,1.212762,0.7,8.5,2609.5,702.1,0.0,3235.4,2260.9,0.001,1830.7,4964351262.147,always_reactive,0.424394
h=0.1/q0=0.4/p=0.3/r=1/sig=0/cf=10.5094,A_core,0.1,0.4,0.3,1.0,0.0,1.0,10.509389227369171,wiki_A,native,breakeven_cap_epoch,19788738547.209,1.012529,0.3,5.2,190.4,30.0,0.0,138.0,159.6,0.001,133.5,335124997.168,always_reactive,0.424394
h=0.1/q0=0.4/p=0.3/r=1/sig=0/cf=10.5094,A_core,0.1,0.4,0.3,1.0,0.0,1.0,10.509389227369171,wiki_A,native,offline_taxblind,12475194312.816,0.638317,,,,,,,,,,,always_reactive,0.424394
h=0.1/q0=0.4/p=0.3/r=1/sig=0/cf=10.5094,A_core,0.1,0.4,0.3,1.0,0.0,1.0,10.509389227369171,wiki_A,native,offline_opt_tax,12506475984.919,0.639918,,,,,,,,,,,always_reactive,0.424394
h=0.1/q0=0.4/p=0.3/r=1/sig=0/cf=10.5094,A_core,0.1,0.4,0.3,1.0,0.0,1.0,10.509389227369171,wiki_B,autorpa_233k,always_reactive,16977748066.619,0.982727,0.0,0.0,0.0,0.0,0.0,0.0,0.0,0.002,0.0,0.0,always_reactive,0.510169
h=0.1/q0=0.4/p=0.3/r=1/sig=0/cf=10.5094,A_core,0.1,0.4,0.3,1.0,0.0,1.0,10.509389227369171,wiki_B,autorpa_233k,always_compile_evict,33278675695.093,1.926278,107.8,123.9,9992.5,2100.5,0.0,9717.9,9602.4,0.023,6987.8,17110939840.021,always_reactive,0.510169
h=0.1/q0=0.4/p=0.3/r=1/sig=0/cf=10.5094,A_core,0.1,0.4,0.3,1.0,0.0,1.0,10.509389227369171,wiki_B,autorpa_233k,ours_noinflate,17276155794.547,1.0,5.1,9.4,236.6,37.8,0.0,180.8,176.4,0.004,161.3,394973324.393,always_reactive,0.510169
h=0.1/q0=0.4/p=0.3/r=1/sig=0/cf=10.5094,A_core,0.1,0.4,0.3,1.0,0.0,1.0,10.509389227369171,wiki_B,autorpa_233k,oracle_tax,17354083673.564,1.004511,16.3,19.8,412.1,110.2,0.0,517.4,333.3,0.004,285.6,699345204.257,always_reactive,0.510169
h=0.1/q0=0.4/p=0.3/r=1/sig=0/cf=10.5094,A_core,0.1,0.4,0.3,1.0,0.0,1.0,10.509389227369171,wiki_B,autorpa_233k,ours_spend_cap,17263909111.367,0.999291,4.9,9.3,219.7,33.0,0.0,160.7,162.6,0.004,149.8,366813415.959,always_reactive,0.510169
h=0.1/q0=0.4/p=0.3/r=1/sig=0/cf=10.5094,A_core,0.1,0.4,0.3,1.0,0.0,1.0,10.509389227369171,wiki_B,autorpa_233k,ours_cap_epoch,17268130037.801,0.999535,5.0,9.3,223.3,33.7,0.0,164.0,166.0,0.004,152.5,373424872.721,always_reactive,0.510169
h=0.1/q0=0.4/p=0.3/r=1/sig=0/cf=10.5094,A_core,0.1,0.4,0.3,1.0,0.0,1.0,10.509389227369171,wiki_B,autorpa_233k,ours_cap_realized,17272492027.674,0.999788,5.0,9.3,232.3,36.6,0.0,176.7,172.4,0.004,158.5,388116998.861,always_reactive,0.510169
h=0.1/q0=0.4/p=0.3/r=1/sig=0/cf=10.5094,A_core,0.1,0.4,0.3,1.0,0.0,1.0,10.509389227369171,wiki_B,autorpa_233k,ours_pi_prior,17265438623.978,0.99938,3.7,7.0,224.5,37.6,0.0,171.1,171.9,0.003,157.2,384933704.864,always_reactive,0.510169
h=0.1/q0=0.4/p=0.3/r=1/sig=0/cf=10.5094,A_core,0.1,0.4,0.3,1.0,0.0,1.0,10.509389227369171,wiki_B,autorpa_233k,breakeven,19928096933.04,1.153503,7.9,15.4,1799.6,218.3,0.0,990.1,1558.3,0.004,1254.3,3071388969.538,always_reactive,0.510169
h=0.1/q0=0.4/p=0.3/r=1/sig=0/cf=10.5094,A_core,0.1,0.4,0.3,1.0,0.0,1.0,10.509389227369171,wiki_B,autorpa_233k,breakeven_cap_epoch,18226571078.882,1.055013,4.1,9.3,758.1,63.1,0.0,292.2,648.8,0.004,524.3,1283846955.855,always_reactive,0.510169
h=0.1/q0=0.4/p=0.3/r=1/sig=0/cf=10.5094,A_core,0.1,0.4,0.3,1.0,0.0,1.0,10.509389227369171,wiki_B,autorpa_233k,offline_taxblind,15402200017.037,0.891529,,,,,,,,,,,always_reactive,0.510169
h=0.1/q0=0.4/p=0.3/r=1/sig=0/cf=10.5094,A_core,0.1,0.4,0.3,1.0,0.0,1.0,10.509389227369171,wiki_B,autorpa_233k,offline_opt_tax,15553141159.497,0.900266,,,,,,,,,,,always_reactive,0.510169
h=0.1/q0=0.4/p=0.3/r=1/sig=0/cf=10.5094,A_core,0.1,0.4,0.3,1.0,0.0,1.0,10.509389227369171,wiki_B,native,always_reactive,16977748066.619,0.982688,0.0,0.0,0.0,0.0,0.0,0.0,0.0,0.002,0.0,0.0,always_reactive,0.479448
h=0.1/q0=0.4/p=0.3/r=1/sig=0/cf=10.5094,A_core,0.1,0.4,0.3,1.0,0.0,1.0,10.509389227369171,wiki_B,native,always_compile_evict,35411025203.234,2.049624,116.2,129.8,9992.5,2100.5,0.0,9717.9,9607.6,0.022,6987.8,19150463335.399,always_reactive,0.479448
h=0.1/q0=0.4/p=0.3/r=1/sig=0/cf=10.5094,A_core,0.1,0.4,0.3,1.0,0.0,1.0,10.509389227369171,wiki_B,native,ours_noinflate,17276837942.66,1.0,5.1,8.9,230.4,37.4,0.0,178.7,171.9,0.004,157.3,393666335.92,always_reactive,0.479448
h=0.1/q0=0.4/p=0.3/r=1/sig=0/cf=10.5094,A_core,0.1,0.4,0.3,1.0,0.0,1.0,10.509389227369171,wiki_B,native,oracle_tax,17357013430.417,1.004641,16.6,20.0,400.8,106.9,0.0,506.1,323.6,0.004,277.3,693983947.556,always_reactive,0.479448
h=0.1/q0=0.4/p=0.3/r=1/sig=0/cf=10.5094,A_core,0.1,0.4,0.3,1.0,0.0,1.0,10.509389227369171,wiki_B,native,ours_spend_cap,17264455554.782,0.999283,4.9,8.7,214.1,32.7,0.0,159.0,158.5,0.004,146.2,365886956.844,always_reactive,0.479448
h=0.1/q0=0.4/p=0.3/r=1/sig=0/cf=10.5094,A_core,0.1,0.4,0.3,1.0,0.0,1.0,10.509389227369171,wiki_B,native,ours_cap_epoch,17268875449.746,0.999539,5.0,8.7,217.6,33.4,0.0,162.2,161.9,0.004,148.9,372644103.105,always_reactive,0.479448
h=0.1/q0=0.4/p=0.3/r=1/sig=0/cf=10.5094,A_core,0.1,0.4,0.3,1.0,0.0,1.0,10.509389227369171,wiki_B,native,ours_cap_realized,17273451347.173,0.999804,5.0,8.8,226.5,36.2,0.0,174.6,168.1,0.004,154.8,387409719.011,always_reactive,0.479448
h=0.1/q0=0.4/p=0.3/r=1/sig=0/cf=10.5094,A_core,0.1,0.4,0.3,1.0,0.0,1.0,10.509389227369171,wiki_B,native,ours_pi_prior,17232528859.286,0.997435,3.2,6.5,197.6,34.4,0.0,153.8,151.5,0.003,137.1,343112871.295,always_reactive,0.479448
h=0.1/q0=0.4/p=0.3/r=1/sig=0/cf=10.5094,A_core,0.1,0.4,0.3,1.0,0.0,1.0,10.509389227369171,wiki_B,native,breakeven,19896462109.718,1.151626,8.6,14.1,1768.0,206.8,0.0,935.0,1532.0,0.004,1231.1,3035678040.299,always_reactive,0.479448
h=0.1/q0=0.4/p=0.3/r=1/sig=0/cf=10.5094,A_core,0.1,0.4,0.3,1.0,0.0,1.0,10.509389227369171,wiki_B,native,breakeven_cap_epoch,18226705068.734,1.054979,4.4,9.4,748.4,60.6,0.0,280.5,641.1,0.003,517.5,1283659234.761,always_reactive,0.479448
h=0.1/q0=0.4/p=0.3/r=1/sig=0/cf=10.5094,A_core,0.1,0.4,0.3,1.0,0.0,1.0,10.509389227369171,wiki_B,native,offline_taxblind,15421346229.502,0.892602,,,,,,,,,,,always_reactive,0.479448
h=0.1/q0=0.4/p=0.3/r=1/sig=0/cf=10.5094,A_core,0.1,0.4,0.3,1.0,0.0,1.0,10.509389227369171,wiki_B,native,offline_opt_tax,15571124035.803,0.901272,,,,,,,,,,,always_reactive,0.479448
h=0.1/q0=0.4/p=0.3/r=1/sig=0/cf=1,A_core,0.1,0.4,0.3,1.0,0.0,1.0,1.0,bpi2019,autorpa_233k,always_reactive,28364744721.458,1.075725,0.0,0.0,0.0,0.0,0.0,0.0,0.0,0.003,0.0,0.0,ours_pi_prior,0.76069
h=0.1/q0=0.4/p=0.3/r=1/sig=0/cf=1,A_core,0.1,0.4,0.3,1.0,0.0,1.0,1.0,bpi2019,autorpa_233k,always_compile_evict,34626771252.65,1.31321,66.2,110.5,66825.7,18987.1,0.0,87424.9,66337.4,0.054,46789.2,10901883600.0,ours_pi_prior,0.76069
h=0.1/q0=0.4/p=0.3/r=1/sig=0/cf=1,A_core,0.1,0.4,0.3,1.0,0.0,1.0,1.0,bpi2019,autorpa_233k,ours_noinflate,26368036915.801,1.0,12.4,29.0,4981.5,1254.5,0.0,5808.6,4650.0,0.017,3488.5,812820500.0,ours_pi_prior,0.76069
h=0.1/q0=0.4/p=0.3/r=1/sig=0/cf=1,A_core,0.1,0.4,0.3,1.0,0.0,1.0,1.0,bpi2019,autorpa_233k,oracle_tax,28143020609.614,1.067316,10.5,13.9,417.5,109.3,0.0,476.8,340.8,0.004,297.7,69364100.0,ours_pi_prior,0.76069
h=0.1/q0=0.4/p=0.3/r=1/sig=0/cf=1,A_core,0.1,0.4,0.3,1.0,0.0,1.0,1.0,bpi2019,autorpa_233k,ours_spend_cap,28097237778.352,1.065579,8.7,23.6,2056.9,397.8,0.0,1811.9,1776.9,0.013,1444.5,336568500.0,ours_pi_prior,0.76069
h=0.1/q0=0.4/p=0.3/r=1/sig=0/cf=1,A_core,0.1,0.4,0.3,1.0,0.0,1.0,1.0,bpi2019,autorpa_233k,ours_cap_epoch,26840965468.989,1.017936,11.9,26.8,3801.0,907.5,0.0,4207.4,3459.6,0.016,2660.9,619989700.0,ours_pi_prior,0.76069
h=0.1/q0=0.4/p=0.3/r=1/sig=0/cf=1,A_core,0.1,0.4,0.3,1.0,0.0,1.0,1.0,bpi2019,autorpa_233k,ours_cap_realized,26377133789.645,1.000345,12.3,28.4,4842.3,1214.2,0.0,5619.4,4511.4,0.017,3390.8,790056400.0,ours_pi_prior,0.76069
h=0.1/q0=0.4/p=0.3/r=1/sig=0/cf=1,A_core,0.1,0.4,0.3,1.0,0.0,1.0,1.0,bpi2019,autorpa_233k,ours_pi_prior,26340254616.029,0.998946,10.3,27.8,4567.5,1159.1,0.0,5376.9,4266.6,0.017,3195.9,744644700.0,ours_pi_prior,0.76069
h=0.1/q0=0.4/p=0.3/r=1/sig=0/cf=1,A_core,0.1,0.4,0.3,1.0,0.0,1.0,1.0,bpi2019,autorpa_233k,breakeven,28707602293.671,1.088727,2.5,12.1,2529.4,302.9,0.0,1400.9,2267.1,0.006,1778.1,414297300.0,ours_pi_prior,0.76069
h=0.1/q0=0.4/p=0.3/r=1/sig=0/cf=1,A_core,0.1,0.4,0.3,1.0,0.0,1.0,1.0,bpi2019,autorpa_233k,breakeven_cap_epoch,28561261309.426,1.083177,1.8,10.7,1731.5,162.4,0.0,761.6,1513.5,0.005,1217.2,283607600.0,ours_pi_prior,0.76069
h=0.1/q0=0.4/p=0.3/r=1/sig=0/cf=1,A_core,0.1,0.4,0.3,1.0,0.0,1.0,1.0,bpi2019,autorpa_233k,offline_taxblind,24862071231.604,0.942887,,,,,,,,,,,ours_pi_prior,0.76069
h=0.1/q0=0.4/p=0.3/r=1/sig=0/cf=1,A_core,0.1,0.4,0.3,1.0,0.0,1.0,1.0,bpi2019,autorpa_233k,offline_opt_tax,25122201228.107,0.952752,,,,,,,,,,,ours_pi_prior,0.76069
h=0.1/q0=0.4/p=0.3/r=1/sig=0/cf=1,A_core,0.1,0.4,0.3,1.0,0.0,1.0,1.0,bpi2019,native,always_reactive,28364744721.458,1.073292,0.0,0.0,0.0,0.0,0.0,0.0,0.0,0.003,0.0,0.0,ours_pi_prior,0.671436
h=0.1/q0=0.4/p=0.3/r=1/sig=0/cf=1,A_core,0.1,0.4,0.3,1.0,0.0,1.0,1.0,bpi2019,native,always_compile_evict,39323587067.513,1.487963,65.3,112.9,66825.7,18987.1,0.0,87424.9,66333.8,0.048,46789.2,14152174106.325,ours_pi_prior,0.671436
h=0.1/q0=0.4/p=0.3/r=1/sig=0/cf=1,A_core,0.1,0.4,0.3,1.0,0.0,1.0,1.0,bpi2019,native,ours_noinflate,26427792670.353,1.0,13.3,30.0,5019.1,1243.9,0.0,5784.5,4685.2,0.018,3515.1,822047072.108,ours_pi_prior,0.671436
h=0.1/q0=0.4/p=0.3/r=1/sig=0/cf=1,A_core,0.1,0.4,0.3,1.0,0.0,1.0,1.0,bpi2019,native,oracle_tax,28146136098.289,1.06502,10.1,13.8,395.1,103.0,0.0,450.8,323.1,0.004,282.0,67153891.827,ours_pi_prior,0.671436
h=0.1/q0=0.4/p=0.3/r=1/sig=0/cf=1,A_core,0.1,0.4,0.3,1.0,0.0,1.0,1.0,bpi2019,native,ours_spend_cap,28143143642.914,1.064907,9.6,24.6,2249.5,434.5,0.0,1999.5,1967.9,0.014,1578.5,362110367.71,ours_pi_prior,0.671436
h=0.1/q0=0.4/p=0.3/r=1/sig=0/cf=1,A_core,0.1,0.4,0.3,1.0,0.0,1.0,1.0,bpi2019,native,ours_cap_epoch,26896534841.177,1.017737,12.7,28.1,3993.8,943.6,0.0,4393.3,3651.7,0.017,2796.2,651502409.162,ours_pi_prior,0.671436
h=0.1/q0=0.4/p=0.3/r=1/sig=0/cf=1,A_core,0.1,0.4,0.3,1.0,0.0,1.0,1.0,bpi2019,native,ours_cap_realized,26435580231.491,1.000295,13.2,29.8,4979.1,1233.9,0.0,5733.7,4646.2,0.018,3486.5,815283540.362,ours_pi_prior,0.671436
h=0.1/q0=0.4/p=0.3/r=1/sig=0/cf=1,A_core,0.1,0.4,0.3,1.0,0.0,1.0,1.0,bpi2019,native,ours_pi_prior,26403267763.814,0.999072,10.9,28.8,4703.2,1178.3,0.0,5477.2,4400.4,0.017,3292.4,768505747.525,ours_pi_prior,0.671436
h=0.1/q0=0.4/p=0.3/r=1/sig=0/cf=1,A_core,0.1,0.4,0.3,1.0,0.0,1.0,1.0,bpi2019,native,breakeven,28730210533.842,1.087121,2.1,12.4,2505.5,295.1,0.0,1375.1,2242.7,0.006,1759.4,431258873.556,ours_pi_prior,0.671436
h=0.1/q0=0.4/p=0.3/r=1/sig=0/cf=1,A_core,0.1,0.4,0.3,1.0,0.0,1.0,1.0,bpi2019,native,breakeven_cap_epoch,28558845722.804,1.080637,1.6,11.5,1746.3,161.3,0.0,768.8,1529.6,0.005,1228.1,284350218.81,ours_pi_prior,0.671436
h=0.1/q0=0.4/p=0.3/r=1/sig=0/cf=1,A_core,0.1,0.4,0.3,1.0,0.0,1.0,1.0,bpi2019,native,offline_taxblind,24958150807.93,0.94439,,,,,,,,,,,ours_pi_prior,0.671436
h=0.1/q0=0.4/p=0.3/r=1/sig=0/cf=1,A_core,0.1,0.4,0.3,1.0,0.0,1.0,1.0,bpi2019,native,offline_opt_tax,25207303589.653,0.953818,,,,,,,,,,,ours_pi_prior,0.671436
h=0.1/q0=0.4/p=0.3/r=1/sig=0/cf=1,A_core,0.1,0.4,0.3,1.0,0.0,1.0,1.0,sepsis,autorpa_233k,always_reactive,187135368.565,1.044712,0.0,0.0,0.0,0.0,0.0,0.0,0.0,0.002,0.0,0.0,ours_noinflate,0.945202
h=0.1/q0=0.4/p=0.3/r=1/sig=0/cf=1,A_core,0.1,0.4,0.3,1.0,0.0,1.0,1.0,sepsis,autorpa_233k,always_compile_evict,189510954.322,1.057975,11.4,12.9,75.5,8.6,0.0,41.1,67.6,0.005,53.3,12418900.0,ours_noinflate,0.945202
h=0.1/q0=0.4/p=0.3/r=1/sig=0/cf=1,A_core,0.1,0.4,0.3,1.0,0.0,1.0,1.0,sepsis,autorpa_233k,ours_noinflate,179126196.347,1.0,2.5,3.0,26.7,4.8,0.0,18.7,19.7,0.003,19.4,4520200.0,ours_noinflate,0.945202
h=0.1/q0=0.4/p=0.3/r=1/sig=0/cf=1,A_core,0.1,0.4,0.3,1.0,0.0,1.0,1.0,sepsis,autorpa_233k,oracle_tax,178546027.441,0.996761,1.0,2.0,20.9,4.6,0.0,17.2,15.3,0.003,15.3,3564900.0,ours_noinflate,0.945202
h=0.1/q0=0.4/p=0.3/r=1/sig=0/cf=1,A_core,0.1,0.4,0.3,1.0,0.0,1.0,1.0,sepsis,autorpa_233k,ours_spend_cap,179126196.347,1.0,2.5,3.0,26.7,4.8,0.0,18.7,19.7,0.003,19.4,4520200.0,ours_noinflate,0.945202
h=0.1/q0=0.4/p=0.3/r=1/sig=0/cf=1,A_core,0.1,0.4,0.3,1.0,0.0,1.0,1.0,sepsis,autorpa_233k,ours_cap_epoch,179126196.347,1.0,2.5,3.0,26.7,4.8,0.0,18.7,19.7,0.003,19.4,4520200.0,ours_noinflate,0.945202
h=0.1/q0=0.4/p=0.3/r=1/sig=0/cf=1,A_core,0.1,0.4,0.3,1.0,0.0,1.0,1.0,sepsis,autorpa_233k,ours_cap_realized,179126196.347,1.0,2.5,3.0,26.7,4.8,0.0,18.7,19.7,0.003,19.4,4520200.0,ours_noinflate,0.945202
h=0.1/q0=0.4/p=0.3/r=1/sig=0/cf=1,A_core,0.1,0.4,0.3,1.0,0.0,1.0,1.0,sepsis,autorpa_233k,ours_pi_prior,181486579.936,1.013177,1.6,2.1,20.8,3.6,0.0,14.4,15.7,0.003,15.6,3634800.0,ours_noinflate,0.945202
h=0.1/q0=0.4/p=0.3/r=1/sig=0/cf=1,A_core,0.1,0.4,0.3,1.0,0.0,1.0,1.0,sepsis,autorpa_233k,breakeven,183583968.94,1.024886,1.4,2.5,21.0,3.3,0.0,11.2,15.7,0.003,15.6,3634800.0,ours_noinflate,0.945202
h=0.1/q0=0.4/p=0.3/r=1/sig=0/cf=1,A_core,0.1,0.4,0.3,1.0,0.0,1.0,1.0,sepsis,autorpa_233k,breakeven_cap_epoch,183583968.94,1.024886,1.4,2.5,21.0,3.3,0.0,11.2,15.7,0.003,15.6,3634800.0,ours_noinflate,0.945202
h=0.1/q0=0.4/p=0.3/r=1/sig=0/cf=1,A_core,0.1,0.4,0.3,1.0,0.0,1.0,1.0,sepsis,autorpa_233k,offline_taxblind,171995456.11,0.960192,,,,,,,,,,,ours_noinflate,0.945202
h=0.1/q0=0.4/p=0.3/r=1/sig=0/cf=1,A_core,0.1,0.4,0.3,1.0,0.0,1.0,1.0,sepsis,autorpa_233k,offline_opt_tax,172215352.035,0.961419,,,,,,,,,,,ours_noinflate,0.945202
h=0.1/q0=0.4/p=0.3/r=1/sig=0/cf=1,A_core,0.1,0.4,0.3,1.0,0.0,1.0,1.0,sepsis,native,always_reactive,187135368.565,1.042603,0.0,0.0,0.0,0.0,0.0,0.0,0.0,0.002,0.0,0.0,ours_noinflate,0.938356
h=0.1/q0=0.4/p=0.3/r=1/sig=0/cf=1,A_core,0.1,0.4,0.3,1.0,0.0,1.0,1.0,sepsis,native,always_compile_evict,191279982.342,1.065694,10.9,12.3,75.5,8.6,0.0,41.1,67.2,0.005,53.3,13954288.879,ours_noinflate,0.938356
h=0.1/q0=0.4/p=0.3/r=1/sig=0/cf=1,A_core,0.1,0.4,0.3,1.0,0.0,1.0,1.0,sepsis,native,ours_noinflate,179488630.762,1.0,3.1,3.5,28.7,4.8,0.0,19.1,21.7,0.003,20.8,4821283.543,ours_noinflate,0.938356
h=0.1/q0=0.4/p=0.3/r=1/sig=0/cf=1,A_core,0.1,0.4,0.3,1.0,0.0,1.0,1.0,sepsis,native,oracle_tax,178653335.736,0.995346,1.0,2.0,20.9,4.6,0.0,17.2,15.3,0.003,15.3,3643455.833,ours_noinflate,0.938356
h=0.1/q0=0.4/p=0.3/r=1/sig=0/cf=1,A_core,0.1,0.4,0.3,1.0,0.0,1.0,1.0,sepsis,native,ours_spend_cap,179488630.762,1.0,3.1,3.5,28.7,4.8,0.0,19.1,21.7,0.003,20.8,4821283.543,ours_noinflate,0.938356
h=0.1/q0=0.4/p=0.3/r=1/sig=0/cf=1,A_core,0.1,0.4,0.3,1.0,0.0,1.0,1.0,sepsis,native,ours_cap_epoch,179488630.762,1.0,3.1,3.5,28.7,4.8,0.0,19.1,21.7,0.003,20.8,4821283.543,ours_noinflate,0.938356
h=0.1/q0=0.4/p=0.3/r=1/sig=0/cf=1,A_core,0.1,0.4,0.3,1.0,0.0,1.0,1.0,sepsis,native,ours_cap_realized,179488630.762,1.0,3.1,3.5,28.7,4.8,0.0,19.1,21.7,0.003,20.8,4821283.543,ours_noinflate,0.938356
h=0.1/q0=0.4/p=0.3/r=1/sig=0/cf=1,A_core,0.1,0.4,0.3,1.0,0.0,1.0,1.0,sepsis,native,ours_pi_prior,181726345.226,1.012467,1.9,2.3,21.8,3.6,0.0,14.5,16.7,0.003,16.3,3815634.544,ours_noinflate,0.938356
h=0.1/q0=0.4/p=0.3/r=1/sig=0/cf=1,A_core,0.1,0.4,0.3,1.0,0.0,1.0,1.0,sepsis,native,breakeven,183553402.976,1.022646,1.4,2.5,20.3,3.2,0.0,11.1,15.0,0.003,15.0,3572015.523,ours_noinflate,0.938356
h=0.1/q0=0.4/p=0.3/r=1/sig=0/cf=1,A_core,0.1,0.4,0.3,1.0,0.0,1.0,1.0,sepsis,native,breakeven_cap_epoch,183553402.976,1.022646,1.4,2.5,20.3,3.2,0.0,11.1,15.0,0.003,15.0,3572015.523,ours_noinflate,0.938356
h=0.1/q0=0.4/p=0.3/r=1/sig=0/cf=1,A_core,0.1,0.4,0.3,1.0,0.0,1.0,1.0,sepsis,native,offline_taxblind,172139218.419,0.959054,,,,,,,,,,,ours_noinflate,0.938356
h=0.1/q0=0.4/p=0.3/r=1/sig=0/cf=1,A_core,0.1,0.4,0.3,1.0,0.0,1.0,1.0,sepsis,native,offline_opt_tax,172359192.444,0.960279,,,,,,,,,,,ours_noinflate,0.938356
h=0.1/q0=0.4/p=0.3/r=1/sig=0/cf=1,A_core,0.1,0.4,0.3,1.0,0.0,1.0,1.0,wiki_A,autorpa_233k,always_reactive,19487424199.81,1.408483,0.0,0.0,0.0,0.0,0.0,0.0,0.0,0.001,0.0,0.0,ours_cap_realized,0.899055
h=0.1/q0=0.4/p=0.3/r=1/sig=0/cf=1,A_core,0.1,0.4,0.3,1.0,0.0,1.0,1.0,wiki_A,autorpa_233k,always_compile_evict,15387344503.322,1.112143,21.8,49.7,17381.8,5044.0,0.0,23163.0,16009.6,0.009,12161.0,2833513000.0,ours_cap_realized,0.899055
h=0.1/q0=0.4/p=0.3/r=1/sig=0/cf=1,A_core,0.1,0.4,0.3,1.0,0.0,1.0,1.0,wiki_A,autorpa_233k,ours_noinflate,13835756602.267,1.0,6.3,15.5,7471.6,2200.1,0.0,10128.5,6314.4,0.004,5228.9,1218333700.0,ours_cap_realized,0.899055
h=0.1/q0=0.4/p=0.3/r=1/sig=0/cf=1,A_core,0.1,0.4,0.3,1.0,0.0,1.0,1.0,wiki_A,autorpa_233k,oracle_tax,16409166344.644,1.185997,7.2,10.0,3864.3,1149.1,0.0,5301.5,3135.0,0.003,2708.0,630964000.0,ours_cap_realized,0.899055
h=0.1/q0=0.4/p=0.3/r=1/sig=0/cf=1,A_core,0.1,0.4,0.3,1.0,0.0,1.0,1.0,wiki_A,autorpa_233k,ours_spend_cap,19352194080.349,1.398709,4.6,14.0,448.7,98.4,0.0,461.9,351.8,0.002,315.1,73418300.0,ours_cap_realized,0.899055
h=0.1/q0=0.4/p=0.3/r=1/sig=0/cf=1,A_core,0.1,0.4,0.3,1.0,0.0,1.0,1.0,wiki_A,autorpa_233k,ours_cap_epoch,18427085583.287,1.331845,4.9,14.5,1638.9,450.0,0.0,2061.8,1238.3,0.003,1149.1,267740300.0,ours_cap_realized,0.899055
h=0.1/q0=0.4/p=0.3/r=1/sig=0/cf=1,A_core,0.1,0.4,0.3,1.0,0.0,1.0,1.0,wiki_A,autorpa_233k,ours_cap_realized,13834066386.499,0.999878,6.3,15.5,7444.7,2193.0,0.0,10100.7,6291.7,0.004,5209.5,1213813500.0,ours_cap_realized,0.899055
h=0.1/q0=0.4/p=0.3/r=1/sig=0/cf=1,A_core,0.1,0.4,0.3,1.0,0.0,1.0,1.0,wiki_A,autorpa_233k,ours_pi_prior,14956282167.891,1.080988,4.8,13.0,6100.6,1798.2,0.0,8350.0,5152.4,0.003,4269.3,994746900.0,ours_cap_realized,0.899055
h=0.1/q0=0.4/p=0.3/r=1/sig=0/cf=1,A_core,0.1,0.4,0.3,1.0,0.0,1.0,1.0,wiki_A,autorpa_233k,breakeven,19199451229.302,1.387669,0.8,8.0,2760.1,743.1,0.0,3420.9,2425.1,0.002,1940.1,452043300.0,ours_cap_realized,0.899055
h=0.1/q0=0.4/p=0.3/r=1/sig=0/cf=1,A_core,0.1,0.4,0.3,1.0,0.0,1.0,1.0,wiki_A,autorpa_233k,breakeven_cap_epoch,19099762120.432,1.380464,0.3,6.4,841.6,195.1,0.0,918.5,649.9,0.002,588.9,137213700.0,ours_cap_realized,0.899055
h=0.1/q0=0.4/p=0.3/r=1/sig=0/cf=1,A_core,0.1,0.4,0.3,1.0,0.0,1.0,1.0,wiki_A,autorpa_233k,offline_taxblind,12423275916.822,0.897911,,,,,,,,,,,ours_cap_realized,0.899055
h=0.1/q0=0.4/p=0.3/r=1/sig=0/cf=1,A_core,0.1,0.4,0.3,1.0,0.0,1.0,1.0,wiki_A,autorpa_233k,offline_opt_tax,12455057035.613,0.900208,,,,,,,,,,,ours_cap_realized,0.899055
h=0.1/q0=0.4/p=0.3/r=1/sig=0/cf=1,A_core,0.1,0.4,0.3,1.0,0.0,1.0,1.0,wiki_A,native,always_reactive,19487424199.81,1.404371,0.0,0.0,0.0,0.0,0.0,0.0,0.0,0.001,0.0,0.0,ours_cap_realized,0.874866
h=0.1/q0=0.4/p=0.3/r=1/sig=0/cf=1,A_core,0.1,0.4,0.3,1.0,0.0,1.0,1.0,wiki_A,native,always_compile_evict,15858915129.854,1.142881,20.0,49.1,17381.8,5044.0,0.0,23163.0,16017.6,0.009,12161.0,3161015060.947,ours_cap_realized,0.874866
h=0.1/q0=0.4/p=0.3/r=1/sig=0/cf=1,A_core,0.1,0.4,0.3,1.0,0.0,1.0,1.0,wiki_A,native,ours_noinflate,13876261050.644,1.0,6.5,15.4,7478.0,2199.9,0.0,10118.8,6323.8,0.004,5234.6,1244163760.006,ours_cap_realized,0.874866
h=0.1/q0=0.4/p=0.3/r=1/sig=0/cf=1,A_core,0.1,0.4,0.3,1.0,0.0,1.0,1.0,wiki_A,native,oracle_tax,16429038169.83,1.183967,6.9,9.9,3863.1,1149.0,0.0,5300.7,3139.8,0.003,2707.2,644677361.542,ours_cap_realized,0.874866
h=0.1/q0=0.4/p=0.3/r=1/sig=0/cf=1,A_core,0.1,0.4,0.3,1.0,0.0,1.0,1.0,wiki_A,native,ours_spend_cap,19357010919.64,1.394973,4.6,13.9,472.0,102.3,0.0,475.6,374.1,0.002,333.9,77440173.436,ours_cap_realized,0.874866
h=0.1/q0=0.4/p=0.3/r=1/sig=0/cf=1,A_core,0.1,0.4,0.3,1.0,0.0,1.0,1.0,wiki_A,native,ours_cap_epoch,18438164609.218,1.328756,4.9,14.5,1658.9,452.9,0.0,2069.5,1258.2,0.003,1165.6,275477682.979,ours_cap_realized,0.874866
h=0.1/q0=0.4/p=0.3/r=1/sig=0/cf=1,A_core,0.1,0.4,0.3,1.0,0.0,1.0,1.0,wiki_A,native,ours_cap_realized,13874419938.344,0.999867,6.4,15.3,7453.6,2193.3,0.0,10092.9,6303.4,0.004,5217.3,1240194791.226,ours_cap_realized,0.874866
h=0.1/q0=0.4/p=0.3/r=1/sig=0/cf=1,A_core,0.1,0.4,0.3,1.0,0.0,1.0,1.0,wiki_A,native,ours_pi_prior,14995588498.128,1.080665,5.0,13.4,6092.5,1788.4,0.0,8297.3,5147.5,0.003,4266.8,1012246294.01,ours_cap_realized,0.874866
h=0.1/q0=0.4/p=0.3/r=1/sig=0/cf=1,A_core,0.1,0.4,0.3,1.0,0.0,1.0,1.0,wiki_A,native,breakeven,19210105470.156,1.384386,0.7,8.5,2609.5,702.1,0.0,3235.4,2260.9,0.002,1830.7,472372956.672,ours_cap_realized,0.874866
h=0.1/q0=0.4/p=0.3/r=1/sig=0/cf=1,A_core,0.1,0.4,0.3,1.0,0.0,1.0,1.0,wiki_A,native,breakeven_cap_epoch,19073140955.457,1.374516,0.3,6.8,879.3,207.7,0.0,972.5,676.6,0.002,614.3,144413908.352,ours_cap_realized,0.874866
h=0.1/q0=0.4/p=0.3/r=1/sig=0/cf=1,A_core,0.1,0.4,0.3,1.0,0.0,1.0,1.0,wiki_A,native,offline_taxblind,12475194312.816,0.899031,,,,,,,,,,,ours_cap_realized,0.874866
h=0.1/q0=0.4/p=0.3/r=1/sig=0/cf=1,A_core,0.1,0.4,0.3,1.0,0.0,1.0,1.0,wiki_A,native,offline_opt_tax,12506475984.919,0.901286,,,,,,,,,,,ours_cap_realized,0.874866
h=0.1/q0=0.4/p=0.3/r=1/sig=0/cf=1,A_core,0.1,0.4,0.3,1.0,0.0,1.0,1.0,wiki_B,autorpa_233k,always_reactive,16977748066.619,1.051266,0.0,0.0,0.0,0.0,0.0,0.0,0.0,0.002,0.0,0.0,ours_pi_prior,0.90715
h=0.1/q0=0.4/p=0.3/r=1/sig=0/cf=1,A_core,0.1,0.4,0.3,1.0,0.0,1.0,1.0,wiki_B,autorpa_233k,always_compile_evict,17795893255.081,1.101926,107.8,123.9,9992.5,2100.5,0.0,9717.9,9602.4,0.043,6987.8,1628157400.0,ours_pi_prior,0.90715
h=0.1/q0=0.4/p=0.3/r=1/sig=0/cf=1,A_core,0.1,0.4,0.3,1.0,0.0,1.0,1.0,wiki_B,autorpa_233k,ours_noinflate,16149805553.128,1.0,31.6,41.9,2754.5,580.6,0.0,2695.0,2448.0,0.014,1926.2,448804600.0,ours_pi_prior,0.90715
h=0.1/q0=0.4/p=0.3/r=1/sig=0/cf=1,A_core,0.1,0.4,0.3,1.0,0.0,1.0,1.0,wiki_B,autorpa_233k,oracle_tax,16721283269.307,1.035386,16.3,19.8,412.1,110.2,0.0,517.4,333.3,0.004,285.6,66544800.0,ours_pi_prior,0.90715
h=0.1/q0=0.4/p=0.3/r=1/sig=0/cf=1,A_core,0.1,0.4,0.3,1.0,0.0,1.0,1.0,wiki_B,autorpa_233k,ours_spend_cap,16829196117.661,1.042068,26.0,36.1,1681.5,270.1,0.0,1259.6,1409.6,0.012,1176.8,274194400.0,ours_pi_prior,0.90715
h=0.1/q0=0.4/p=0.3/r=1/sig=0/cf=1,A_core,0.1,0.4,0.3,1.0,0.0,1.0,1.0,wiki_B,autorpa_233k,ours_cap_epoch,16526007673.365,1.023295,29.6,40.0,2163.3,405.9,0.0,1890.4,1857.9,0.013,1513.3,352598900.0,ours_pi_prior,0.90715
h=0.1/q0=0.4/p=0.3/r=1/sig=0/cf=1,A_core,0.1,0.4,0.3,1.0,0.0,1.0,1.0,wiki_B,autorpa_233k,ours_cap_realized,16148846701.579,0.999941,31.4,41.8,2732.3,573.9,0.0,2664.6,2425.9,0.014,1911.2,445309600.0,ours_pi_prior,0.90715
h=0.1/q0=0.4/p=0.3/r=1/sig=0/cf=1,A_core,0.1,0.4,0.3,1.0,0.0,1.0,1.0,wiki_B,autorpa_233k,ours_pi_prior,16143548409.536,0.999613,27.9,37.5,2518.0,544.1,0.0,2521.1,2245.3,0.013,1760.8,410266400.0,ours_pi_prior,0.90715
h=0.1/q0=0.4/p=0.3/r=1/sig=0/cf=1,A_core,0.1,0.4,0.3,1.0,0.0,1.0,1.0,wiki_B,autorpa_233k,breakeven,17148959863.505,1.061868,7.9,15.4,1799.6,218.3,0.0,990.1,1558.3,0.005,1254.3,292251900.0,ours_pi_prior,0.90715
h=0.1/q0=0.4/p=0.3/r=1/sig=0/cf=1,A_core,0.1,0.4,0.3,1.0,0.0,1.0,1.0,wiki_B,autorpa_233k,breakeven_cap_epoch,17078000394.073,1.057474,6.2,13.5,1401.6,140.7,0.0,636.5,1184.0,0.005,973.5,226825500.0,ours_pi_prior,0.90715
h=0.1/q0=0.4/p=0.3/r=1/sig=0/cf=1,A_core,0.1,0.4,0.3,1.0,0.0,1.0,1.0,wiki_B,autorpa_233k,offline_taxblind,15402200017.037,0.953708,,,,,,,,,,,ours_pi_prior,0.90715
h=0.1/q0=0.4/p=0.3/r=1/sig=0/cf=1,A_core,0.1,0.4,0.3,1.0,0.0,1.0,1.0,wiki_B,autorpa_233k,offline_opt_tax,15553141159.497,0.963054,,,,,,,,,,,ours_pi_prior,0.90715
h=0.1/q0=0.4/p=0.3/r=1/sig=0/cf=1,A_core,0.1,0.4,0.3,1.0,0.0,1.0,1.0,wiki_B,native,always_reactive,16977748066.619,1.049238,0.0,0.0,0.0,0.0,0.0,0.0,0.0,0.002,0.0,0.0,ours_pi_prior,0.894621
h=0.1/q0=0.4/p=0.3/r=1/sig=0/cf=1,A_core,0.1,0.4,0.3,1.0,0.0,1.0,1.0,wiki_B,native,always_compile_evict,18082786063.851,1.11753,116.2,129.8,9992.5,2100.5,0.0,9717.9,9607.6,0.043,6987.8,1822224196.01,ours_pi_prior,0.894621
h=0.1/q0=0.4/p=0.3/r=1/sig=0/cf=1,A_core,0.1,0.4,0.3,1.0,0.0,1.0,1.0,wiki_B,native,ours_noinflate,16181029388.968,1.0,33.5,42.8,2851.5,597.6,0.0,2767.6,2544.0,0.015,1995.0,466183472.966,ours_pi_prior,0.894621
h=0.1/q0=0.4/p=0.3/r=1/sig=0/cf=1,A_core,0.1,0.4,0.3,1.0,0.0,1.0,1.0,wiki_B,native,oracle_tax,16729064143.158,1.033869,16.6,20.0,400.8,106.9,0.0,506.1,323.6,0.004,277.3,66034660.297,ours_pi_prior,0.894621
h=0.1/q0=0.4/p=0.3/r=1/sig=0/cf=1,A_core,0.1,0.4,0.3,1.0,0.0,1.0,1.0,wiki_B,native,ours_spend_cap,16855057352.361,1.041655,27.9,37.3,1783.9,288.9,0.0,1342.4,1511.0,0.012,1249.8,289281653.77,ours_pi_prior,0.894621
h=0.1/q0=0.4/p=0.3/r=1/sig=0/cf=1,A_core,0.1,0.4,0.3,1.0,0.0,1.0,1.0,wiki_B,native,ours_cap_epoch,16554307093.229,1.023069,31.5,41.1,2268.1,425.7,0.0,1975.9,1961.9,0.014,1587.5,369445229.51,ours_pi_prior,0.894621
h=0.1/q0=0.4/p=0.3/r=1/sig=0/cf=1,A_core,0.1,0.4,0.3,1.0,0.0,1.0,1.0,wiki_B,native,ours_cap_realized,16179684977.036,0.999917,33.4,42.7,2838.0,594.4,0.0,2752.5,2530.7,0.015,1985.1,463844787.195,ours_pi_prior,0.894621
h=0.1/q0=0.4/p=0.3/r=1/sig=0/cf=1,A_core,0.1,0.4,0.3,1.0,0.0,1.0,1.0,wiki_B,native,ours_pi_prior,16177234559.47,0.999765,29.4,38.5,2634.8,564.5,0.0,2609.7,2360.8,0.014,1840.2,428594760.537,ours_pi_prior,0.894621
h=0.1/q0=0.4/p=0.3/r=1/sig=0/cf=1,A_core,0.1,0.4,0.3,1.0,0.0,1.0,1.0,wiki_B,native,breakeven,17149637967.077,1.059861,8.6,14.1,1768.0,206.8,0.0,935.0,1532.0,0.005,1231.1,288853897.655,ours_pi_prior,0.894621
h=0.1/q0=0.4/p=0.3/r=1/sig=0/cf=1,A_core,0.1,0.4,0.3,1.0,0.0,1.0,1.0,wiki_B,native,breakeven_cap_epoch,17079602948.725,1.055533,7.2,12.8,1406.8,135.9,0.0,619.6,1191.2,0.005,978.6,226897476.007,ours_pi_prior,0.894621
h=0.1/q0=0.4/p=0.3/r=1/sig=0/cf=1,A_core,0.1,0.4,0.3,1.0,0.0,1.0,1.0,wiki_B,native,offline_taxblind,15421346229.502,0.953051,,,,,,,,,,,ours_pi_prior,0.894621
h=0.1/q0=0.4/p=0.3/r=1/sig=0/cf=1,A_core,0.1,0.4,0.3,1.0,0.0,1.0,1.0,wiki_B,native,offline_opt_tax,15571124035.803,0.962307,,,,,,,,,,,ours_pi_prior,0.894621
h=0.1/q0=0.4/p=0.3/r=2.2/sig=0/cf=10.5094,C_rfb,0.1,0.4,0.3,2.2,0.0,1.0,10.509389227369171,bpi2019,autorpa_233k,always_reactive,28364744721.458,1.0,0.0,0.0,0.0,0.0,0.0,0.0,0.0,0.003,0.0,0.0,always_reactive,0.189472
h=0.1/q0=0.4/p=0.3/r=2.2/sig=0/cf=10.5094,C_rfb,0.1,0.4,0.3,2.2,0.0,1.0,10.509389227369171,bpi2019,autorpa_233k,always_compile_evict,149703910255.849,5.277816,66.2,110.5,66825.7,18987.1,0.0,87424.9,66825.7,0.012,46789.2,114572138063.872,always_reactive,0.189472
h=0.1/q0=0.4/p=0.3/r=2.2/sig=0/cf=10.5094,C_rfb,0.1,0.4,0.3,2.2,0.0,1.0,10.509389227369171,bpi2019,autorpa_233k,ours_noinflate,28364744721.458,1.0,0.0,0.0,0.0,0.0,0.0,0.0,0.0,0.003,0.0,0.0,always_reactive,0.189472
h=0.1/q0=0.4/p=0.3/r=2.2/sig=0/cf=10.5094,C_rfb,0.1,0.4,0.3,2.2,0.0,1.0,10.509389227369171,bpi2019,autorpa_233k,oracle_tax,28364744721.458,1.0,0.0,0.0,0.0,0.0,0.0,0.0,0.0,0.003,0.0,0.0,always_reactive,0.189472
h=0.1/q0=0.4/p=0.3/r=2.2/sig=0/cf=10.5094,C_rfb,0.1,0.4,0.3,2.2,0.0,1.0,10.509389227369171,bpi2019,autorpa_233k,ours_spend_cap,28364744721.458,1.0,0.0,0.0,0.0,0.0,0.0,0.0,0.0,0.003,0.0,0.0,always_reactive,0.189472
h=0.1/q0=0.4/p=0.3/r=2.2/sig=0/cf=10.5094,C_rfb,0.1,0.4,0.3,2.2,0.0,1.0,10.509389227369171,bpi2019,autorpa_233k,ours_cap_epoch,28364744721.458,1.0,0.0,0.0,0.0,0.0,0.0,0.0,0.0,0.003,0.0,0.0,always_reactive,0.189472
h=0.1/q0=0.4/p=0.3/r=2.2/sig=0/cf=10.5094,C_rfb,0.1,0.4,0.3,2.2,0.0,1.0,10.509389227369171,bpi2019,autorpa_233k,ours_cap_realized,28364744721.458,1.0,0.0,0.0,0.0,0.0,0.0,0.0,0.0,0.003,0.0,0.0,always_reactive,0.189472
h=0.1/q0=0.4/p=0.3/r=2.2/sig=0/cf=10.5094,C_rfb,0.1,0.4,0.3,2.2,0.0,1.0,10.509389227369171,bpi2019,autorpa_233k,ours_pi_prior,28364744721.458,1.0,0.0,0.0,0.0,0.0,0.0,0.0,0.0,0.003,0.0,0.0,always_reactive,0.189472
h=0.1/q0=0.4/p=0.3/r=2.2/sig=0/cf=10.5094,C_rfb,0.1,0.4,0.3,2.2,0.0,1.0,10.509389227369171,bpi2019,autorpa_233k,breakeven,28364744721.458,1.0,0.0,0.0,0.0,0.0,0.0,0.0,0.0,0.003,0.0,0.0,always_reactive,0.189472
h=0.1/q0=0.4/p=0.3/r=2.2/sig=0/cf=10.5094,C_rfb,0.1,0.4,0.3,2.2,0.0,1.0,10.509389227369171,bpi2019,autorpa_233k,breakeven_cap_epoch,28364744721.458,1.0,0.0,0.0,0.0,0.0,0.0,0.0,0.0,0.003,0.0,0.0,always_reactive,0.189472
h=0.1/q0=0.4/p=0.3/r=2.2/sig=0/cf=10.5094,C_rfb,0.1,0.4,0.3,2.2,0.0,1.0,10.509389227369171,bpi2019,autorpa_233k,offline_taxblind,28364744721.522,1.0,,,,,,,,,,,always_reactive,0.189472
h=0.1/q0=0.4/p=0.3/r=2.2/sig=0/cf=10.5094,C_rfb,0.1,0.4,0.3,2.2,0.0,1.0,10.509389227369171,bpi2019,autorpa_233k,offline_opt_tax,28364744721.522,1.0,,,,,,,,,,,always_reactive,0.189472
h=0.1/q0=0.4/p=0.3/r=2.2/sig=0/cf=10.5094,C_rfb,0.1,0.4,0.3,2.2,0.0,1.0,10.509389227369171,bpi2019,native,always_reactive,28364744721.458,1.0,0.0,0.0,0.0,0.0,0.0,0.0,0.0,0.003,0.0,0.0,always_reactive,0.153067
h=0.1/q0=0.4/p=0.3/r=2.2/sig=0/cf=10.5094,C_rfb,0.1,0.4,0.3,2.2,0.0,1.0,10.509389227369171,bpi2019,native,always_compile_evict,185309003597.815,6.533075,65.3,112.9,66825.7,18987.1,0.0,87424.9,66825.7,0.01,46789.2,148730706096.866,always_reactive,0.153067
h=0.1/q0=0.4/p=0.3/r=2.2/sig=0/cf=10.5094,C_rfb,0.1,0.4,0.3,2.2,0.0,1.0,10.509389227369171,bpi2019,native,ours_noinflate,28364744721.458,1.0,0.0,0.0,0.0,0.0,0.0,0.0,0.0,0.003,0.0,0.0,always_reactive,0.153067
h=0.1/q0=0.4/p=0.3/r=2.2/sig=0/cf=10.5094,C_rfb,0.1,0.4,0.3,2.2,0.0,1.0,10.509389227369171,bpi2019,native,oracle_tax,28364744721.458,1.0,0.0,0.0,0.0,0.0,0.0,0.0,0.0,0.003,0.0,0.0,always_reactive,0.153067
h=0.1/q0=0.4/p=0.3/r=2.2/sig=0/cf=10.5094,C_rfb,0.1,0.4,0.3,2.2,0.0,1.0,10.509389227369171,bpi2019,native,ours_spend_cap,28364744721.458,1.0,0.0,0.0,0.0,0.0,0.0,0.0,0.0,0.003,0.0,0.0,always_reactive,0.153067
h=0.1/q0=0.4/p=0.3/r=2.2/sig=0/cf=10.5094,C_rfb,0.1,0.4,0.3,2.2,0.0,1.0,10.509389227369171,bpi2019,native,ours_cap_epoch,28364744721.458,1.0,0.0,0.0,0.0,0.0,0.0,0.0,0.0,0.003,0.0,0.0,always_reactive,0.153067
h=0.1/q0=0.4/p=0.3/r=2.2/sig=0/cf=10.5094,C_rfb,0.1,0.4,0.3,2.2,0.0,1.0,10.509389227369171,bpi2019,native,ours_cap_realized,28364744721.458,1.0,0.0,0.0,0.0,0.0,0.0,0.0,0.0,0.003,0.0,0.0,always_reactive,0.153067
h=0.1/q0=0.4/p=0.3/r=2.2/sig=0/cf=10.5094,C_rfb,0.1,0.4,0.3,2.2,0.0,1.0,10.509389227369171,bpi2019,native,ours_pi_prior,28364744721.458,1.0,0.0,0.0,0.0,0.0,0.0,0.0,0.0,0.003,0.0,0.0,always_reactive,0.153067
h=0.1/q0=0.4/p=0.3/r=2.2/sig=0/cf=10.5094,C_rfb,0.1,0.4,0.3,2.2,0.0,1.0,10.509389227369171,bpi2019,native,breakeven,28364744721.458,1.0,0.0,0.0,0.0,0.0,0.0,0.0,0.0,0.003,0.0,0.0,always_reactive,0.153067
h=0.1/q0=0.4/p=0.3/r=2.2/sig=0/cf=10.5094,C_rfb,0.1,0.4,0.3,2.2,0.0,1.0,10.509389227369171,bpi2019,native,breakeven_cap_epoch,28364744721.458,1.0,0.0,0.0,0.0,0.0,0.0,0.0,0.0,0.003,0.0,0.0,always_reactive,0.153067
h=0.1/q0=0.4/p=0.3/r=2.2/sig=0/cf=10.5094,C_rfb,0.1,0.4,0.3,2.2,0.0,1.0,10.509389227369171,bpi2019,native,offline_taxblind,28364744721.522,1.0,,,,,,,,,,,always_reactive,0.153067
h=0.1/q0=0.4/p=0.3/r=2.2/sig=0/cf=10.5094,C_rfb,0.1,0.4,0.3,2.2,0.0,1.0,10.509389227369171,bpi2019,native,offline_opt_tax,28364744721.522,1.0,,,,,,,,,,,always_reactive,0.153067
h=0.1/q0=0.4/p=0.3/r=2.2/sig=0/cf=10.5094,C_rfb,0.1,0.4,0.3,2.2,0.0,1.0,10.509389227369171,sepsis,autorpa_233k,always_reactive,187135368.565,1.0,0.0,0.0,0.0,0.0,0.0,0.0,0.0,0.002,0.0,0.0,always_reactive,0.57902
h=0.1/q0=0.4/p=0.3/r=2.2/sig=0/cf=10.5094,C_rfb,0.1,0.4,0.3,2.2,0.0,1.0,10.509389227369171,sepsis,autorpa_233k,always_compile_evict,323193243.096,1.727056,11.4,12.9,75.5,8.6,0.0,41.1,75.5,0.003,53.3,130515053.876,always_reactive,0.57902
h=0.1/q0=0.4/p=0.3/r=2.2/sig=0/cf=10.5094,C_rfb,0.1,0.4,0.3,2.2,0.0,1.0,10.509389227369171,sepsis,autorpa_233k,ours_noinflate,187135368.565,1.0,0.0,0.0,0.0,0.0,0.0,0.0,0.0,0.002,0.0,0.0,always_reactive,0.57902
h=0.1/q0=0.4/p=0.3/r=2.2/sig=0/cf=10.5094,C_rfb,0.1,0.4,0.3,2.2,0.0,1.0,10.509389227369171,sepsis,autorpa_233k,oracle_tax,187135368.565,1.0,0.0,0.0,0.0,0.0,0.0,0.0,0.0,0.002,0.0,0.0,always_reactive,0.57902
h=0.1/q0=0.4/p=0.3/r=2.2/sig=0/cf=10.5094,C_rfb,0.1,0.4,0.3,2.2,0.0,1.0,10.509389227369171,sepsis,autorpa_233k,ours_spend_cap,187135368.565,1.0,0.0,0.0,0.0,0.0,0.0,0.0,0.0,0.002,0.0,0.0,always_reactive,0.57902
h=0.1/q0=0.4/p=0.3/r=2.2/sig=0/cf=10.5094,C_rfb,0.1,0.4,0.3,2.2,0.0,1.0,10.509389227369171,sepsis,autorpa_233k,ours_cap_epoch,187135368.565,1.0,0.0,0.0,0.0,0.0,0.0,0.0,0.0,0.002,0.0,0.0,always_reactive,0.57902
h=0.1/q0=0.4/p=0.3/r=2.2/sig=0/cf=10.5094,C_rfb,0.1,0.4,0.3,2.2,0.0,1.0,10.509389227369171,sepsis,autorpa_233k,ours_cap_realized,187135368.565,1.0,0.0,0.0,0.0,0.0,0.0,0.0,0.0,0.002,0.0,0.0,always_reactive,0.57902
h=0.1/q0=0.4/p=0.3/r=2.2/sig=0/cf=10.5094,C_rfb,0.1,0.4,0.3,2.2,0.0,1.0,10.509389227369171,sepsis,autorpa_233k,ours_pi_prior,187135368.565,1.0,0.0,0.0,0.0,0.0,0.0,0.0,0.0,0.002,0.0,0.0,always_reactive,0.57902
h=0.1/q0=0.4/p=0.3/r=2.2/sig=0/cf=10.5094,C_rfb,0.1,0.4,0.3,2.2,0.0,1.0,10.509389227369171,sepsis,autorpa_233k,breakeven,187135368.565,1.0,0.0,0.0,0.0,0.0,0.0,0.0,0.0,0.002,0.0,0.0,always_reactive,0.57902
h=0.1/q0=0.4/p=0.3/r=2.2/sig=0/cf=10.5094,C_rfb,0.1,0.4,0.3,2.2,0.0,1.0,10.509389227369171,sepsis,autorpa_233k,breakeven_cap_epoch,187135368.565,1.0,0.0,0.0,0.0,0.0,0.0,0.0,0.0,0.002,0.0,0.0,always_reactive,0.57902
h=0.1/q0=0.4/p=0.3/r=2.2/sig=0/cf=10.5094,C_rfb,0.1,0.4,0.3,2.2,0.0,1.0,10.509389227369171,sepsis,autorpa_233k,offline_taxblind,187135368.565,1.0,,,,,,,,,,,always_reactive,0.57902
h=0.1/q0=0.4/p=0.3/r=2.2/sig=0/cf=10.5094,C_rfb,0.1,0.4,0.3,2.2,0.0,1.0,10.509389227369171,sepsis,autorpa_233k,offline_opt_tax,187135368.565,1.0,,,,,,,,,,,always_reactive,0.57902
h=0.1/q0=0.4/p=0.3/r=2.2/sig=0/cf=10.5094,C_rfb,0.1,0.4,0.3,2.2,0.0,1.0,10.509389227369171,sepsis,native,always_reactive,187135368.565,1.0,0.0,0.0,0.0,0.0,0.0,0.0,0.0,0.002,0.0,0.0,always_reactive,0.551107
h=0.1/q0=0.4/p=0.3/r=2.2/sig=0/cf=10.5094,C_rfb,0.1,0.4,0.3,2.2,0.0,1.0,10.509389227369171,sepsis,native,always_compile_evict,339562881.578,1.814531,10.9,12.3,75.5,8.6,0.0,41.1,75.5,0.003,53.3,146651053.217,always_reactive,0.551107
h=0.1/q0=0.4/p=0.3/r=2.2/sig=0/cf=10.5094,C_rfb,0.1,0.4,0.3,2.2,0.0,1.0,10.509389227369171,sepsis,native,ours_noinflate,187135368.565,1.0,0.0,0.0,0.0,0.0,0.0,0.0,0.0,0.002,0.0,0.0,always_reactive,0.551107
h=0.1/q0=0.4/p=0.3/r=2.2/sig=0/cf=10.5094,C_rfb,0.1,0.4,0.3,2.2,0.0,1.0,10.509389227369171,sepsis,native,oracle_tax,187135368.565,1.0,0.0,0.0,0.0,0.0,0.0,0.0,0.0,0.002,0.0,0.0,always_reactive,0.551107
h=0.1/q0=0.4/p=0.3/r=2.2/sig=0/cf=10.5094,C_rfb,0.1,0.4,0.3,2.2,0.0,1.0,10.509389227369171,sepsis,native,ours_spend_cap,187135368.565,1.0,0.0,0.0,0.0,0.0,0.0,0.0,0.0,0.002,0.0,0.0,always_reactive,0.551107
h=0.1/q0=0.4/p=0.3/r=2.2/sig=0/cf=10.5094,C_rfb,0.1,0.4,0.3,2.2,0.0,1.0,10.509389227369171,sepsis,native,ours_cap_epoch,187135368.565,1.0,0.0,0.0,0.0,0.0,0.0,0.0,0.0,0.002,0.0,0.0,always_reactive,0.551107
h=0.1/q0=0.4/p=0.3/r=2.2/sig=0/cf=10.5094,C_rfb,0.1,0.4,0.3,2.2,0.0,1.0,10.509389227369171,sepsis,native,ours_cap_realized,187135368.565,1.0,0.0,0.0,0.0,0.0,0.0,0.0,0.0,0.002,0.0,0.0,always_reactive,0.551107
h=0.1/q0=0.4/p=0.3/r=2.2/sig=0/cf=10.5094,C_rfb,0.1,0.4,0.3,2.2,0.0,1.0,10.509389227369171,sepsis,native,ours_pi_prior,187135368.565,1.0,0.0,0.0,0.0,0.0,0.0,0.0,0.0,0.002,0.0,0.0,always_reactive,0.551107
h=0.1/q0=0.4/p=0.3/r=2.2/sig=0/cf=10.5094,C_rfb,0.1,0.4,0.3,2.2,0.0,1.0,10.509389227369171,sepsis,native,breakeven,187135368.565,1.0,0.0,0.0,0.0,0.0,0.0,0.0,0.0,0.002,0.0,0.0,always_reactive,0.551107
h=0.1/q0=0.4/p=0.3/r=2.2/sig=0/cf=10.5094,C_rfb,0.1,0.4,0.3,2.2,0.0,1.0,10.509389227369171,sepsis,native,breakeven_cap_epoch,187135368.565,1.0,0.0,0.0,0.0,0.0,0.0,0.0,0.0,0.002,0.0,0.0,always_reactive,0.551107
h=0.1/q0=0.4/p=0.3/r=2.2/sig=0/cf=10.5094,C_rfb,0.1,0.4,0.3,2.2,0.0,1.0,10.509389227369171,sepsis,native,offline_taxblind,187135368.565,1.0,,,,,,,,,,,always_reactive,0.551107
h=0.1/q0=0.4/p=0.3/r=2.2/sig=0/cf=10.5094,C_rfb,0.1,0.4,0.3,2.2,0.0,1.0,10.509389227369171,sepsis,native,offline_opt_tax,187135368.565,1.0,,,,,,,,,,,always_reactive,0.551107
h=0.1/q0=0.4/p=0.3/r=2.2/sig=0/cf=10.5094,C_rfb,0.1,0.4,0.3,2.2,0.0,1.0,10.509389227369171,wiki_A,autorpa_233k,always_reactive,19487424199.81,1.0,0.0,0.0,0.0,0.0,0.0,0.0,0.0,0.001,0.0,0.0,always_reactive,0.383622
h=0.1/q0=0.4/p=0.3/r=2.2/sig=0/cf=10.5094,C_rfb,0.1,0.4,0.3,2.2,0.0,1.0,10.509389227369171,wiki_A,autorpa_233k,always_compile_evict,50798571461.691,2.606736,21.8,49.7,17381.8,5044.0,0.0,23163.0,17381.8,0.003,12161.0,29778490997.81,always_reactive,0.383622
h=0.1/q0=0.4/p=0.3/r=2.2/sig=0/cf=10.5094,C_rfb,0.1,0.4,0.3,2.2,0.0,1.0,10.509389227369171,wiki_A,autorpa_233k,ours_noinflate,19487424199.81,1.0,0.0,0.0,0.0,0.0,0.0,0.0,0.0,0.001,0.0,0.0,always_reactive,0.383622
h=0.1/q0=0.4/p=0.3/r=2.2/sig=0/cf=10.5094,C_rfb,0.1,0.4,0.3,2.2,0.0,1.0,10.509389227369171,wiki_A,autorpa_233k,oracle_tax,19487424199.81,1.0,0.0,0.0,0.0,0.0,0.0,0.0,0.0,0.001,0.0,0.0,always_reactive,0.383622
h=0.1/q0=0.4/p=0.3/r=2.2/sig=0/cf=10.5094,C_rfb,0.1,0.4,0.3,2.2,0.0,1.0,10.509389227369171,wiki_A,autorpa_233k,ours_spend_cap,19487424199.81,1.0,0.0,0.0,0.0,0.0,0.0,0.0,0.0,0.001,0.0,0.0,always_reactive,0.383622
h=0.1/q0=0.4/p=0.3/r=2.2/sig=0/cf=10.5094,C_rfb,0.1,0.4,0.3,2.2,0.0,1.0,10.509389227369171,wiki_A,autorpa_233k,ours_cap_epoch,19487424199.81,1.0,0.0,0.0,0.0,0.0,0.0,0.0,0.0,0.001,0.0,0.0,always_reactive,0.383622
h=0.1/q0=0.4/p=0.3/r=2.2/sig=0/cf=10.5094,C_rfb,0.1,0.4,0.3,2.2,0.0,1.0,10.509389227369171,wiki_A,autorpa_233k,ours_cap_realized,19487424199.81,1.0,0.0,0.0,0.0,0.0,0.0,0.0,0.0,0.001,0.0,0.0,always_reactive,0.383622
h=0.1/q0=0.4/p=0.3/r=2.2/sig=0/cf=10.5094,C_rfb,0.1,0.4,0.3,2.2,0.0,1.0,10.509389227369171,wiki_A,autorpa_233k,ours_pi_prior,19487424199.81,1.0,0.0,0.0,0.0,0.0,0.0,0.0,0.0,0.001,0.0,0.0,always_reactive,0.383622
h=0.1/q0=0.4/p=0.3/r=2.2/sig=0/cf=10.5094,C_rfb,0.1,0.4,0.3,2.2,0.0,1.0,10.509389227369171,wiki_A,autorpa_233k,breakeven,19487424199.81,1.0,0.0,0.0,0.0,0.0,0.0,0.0,0.0,0.001,0.0,0.0,always_reactive,0.383622
h=0.1/q0=0.4/p=0.3/r=2.2/sig=0/cf=10.5094,C_rfb,0.1,0.4,0.3,2.2,0.0,1.0,10.509389227369171,wiki_A,autorpa_233k,breakeven_cap_epoch,19487424199.81,1.0,0.0,0.0,0.0,0.0,0.0,0.0,0.0,0.001,0.0,0.0,always_reactive,0.383622
h=0.1/q0=0.4/p=0.3/r=2.2/sig=0/cf=10.5094,C_rfb,0.1,0.4,0.3,2.2,0.0,1.0,10.509389227369171,wiki_A,autorpa_233k,offline_taxblind,19487424199.821,1.0,,,,,,,,,,,always_reactive,0.383622
h=0.1/q0=0.4/p=0.3/r=2.2/sig=0/cf=10.5094,C_rfb,0.1,0.4,0.3,2.2,0.0,1.0,10.509389227369171,wiki_A,autorpa_233k,offline_opt_tax,19487424199.821,1.0,,,,,,,,,,,always_reactive,0.383622
h=0.1/q0=0.4/p=0.3/r=2.2/sig=0/cf=10.5094,C_rfb,0.1,0.4,0.3,2.2,0.0,1.0,10.509389227369171,wiki_A,native,always_reactive,19487424199.81,1.0,0.0,0.0,0.0,0.0,0.0,0.0,0.0,0.001,0.0,0.0,always_reactive,0.358327
h=0.1/q0=0.4/p=0.3/r=2.2/sig=0/cf=10.5094,C_rfb,0.1,0.4,0.3,2.2,0.0,1.0,10.509389227369171,wiki_A,native,always_compile_evict,54384486658.522,2.790748,20.0,49.1,17381.8,5044.0,0.0,23163.0,17381.8,0.003,12161.0,33220337629.071,always_reactive,0.358327
h=0.1/q0=0.4/p=0.3/r=2.2/sig=0/cf=10.5094,C_rfb,0.1,0.4,0.3,2.2,0.0,1.0,10.509389227369171,wiki_A,native,ours_noinflate,19487424199.81,1.0,0.0,0.0,0.0,0.0,0.0,0.0,0.0,0.001,0.0,0.0,always_reactive,0.358327
h=0.1/q0=0.4/p=0.3/r=2.2/sig=0/cf=10.5094,C_rfb,0.1,0.4,0.3,2.2,0.0,1.0,10.509389227369171,wiki_A,native,oracle_tax,19487424199.81,1.0,0.0,0.0,0.0,0.0,0.0,0.0,0.0,0.001,0.0,0.0,always_reactive,0.358327
h=0.1/q0=0.4/p=0.3/r=2.2/sig=0/cf=10.5094,C_rfb,0.1,0.4,0.3,2.2,0.0,1.0,10.509389227369171,wiki_A,native,ours_spend_cap,19487424199.81,1.0,0.0,0.0,0.0,0.0,0.0,0.0,0.0,0.001,0.0,0.0,always_reactive,0.358327
h=0.1/q0=0.4/p=0.3/r=2.2/sig=0/cf=10.5094,C_rfb,0.1,0.4,0.3,2.2,0.0,1.0,10.509389227369171,wiki_A,native,ours_cap_epoch,19487424199.81,1.0,0.0,0.0,0.0,0.0,0.0,0.0,0.0,0.001,0.0,0.0,always_reactive,0.358327
h=0.1/q0=0.4/p=0.3/r=2.2/sig=0/cf=10.5094,C_rfb,0.1,0.4,0.3,2.2,0.0,1.0,10.509389227369171,wiki_A,native,ours_cap_realized,19487424199.81,1.0,0.0,0.0,0.0,0.0,0.0,0.0,0.0,0.001,0.0,0.0,always_reactive,0.358327
h=0.1/q0=0.4/p=0.3/r=2.2/sig=0/cf=10.5094,C_rfb,0.1,0.4,0.3,2.2,0.0,1.0,10.509389227369171,wiki_A,native,ours_pi_prior,19487424199.81,1.0,0.0,0.0,0.0,0.0,0.0,0.0,0.0,0.001,0.0,0.0,always_reactive,0.358327
h=0.1/q0=0.4/p=0.3/r=2.2/sig=0/cf=10.5094,C_rfb,0.1,0.4,0.3,2.2,0.0,1.0,10.509389227369171,wiki_A,native,breakeven,19487424199.81,1.0,0.0,0.0,0.0,0.0,0.0,0.0,0.0,0.001,0.0,0.0,always_reactive,0.358327
h=0.1/q0=0.4/p=0.3/r=2.2/sig=0/cf=10.5094,C_rfb,0.1,0.4,0.3,2.2,0.0,1.0,10.509389227369171,wiki_A,native,breakeven_cap_epoch,19487424199.81,1.0,0.0,0.0,0.0,0.0,0.0,0.0,0.0,0.001,0.0,0.0,always_reactive,0.358327
h=0.1/q0=0.4/p=0.3/r=2.2/sig=0/cf=10.5094,C_rfb,0.1,0.4,0.3,2.2,0.0,1.0,10.509389227369171,wiki_A,native,offline_taxblind,19487424199.821,1.0,,,,,,,,,,,always_reactive,0.358327
h=0.1/q0=0.4/p=0.3/r=2.2/sig=0/cf=10.5094,C_rfb,0.1,0.4,0.3,2.2,0.0,1.0,10.509389227369171,wiki_A,native,offline_opt_tax,19487424199.821,1.0,,,,,,,,,,,always_reactive,0.358327
h=0.1/q0=0.4/p=0.3/r=2.2/sig=0/cf=10.5094,C_rfb,0.1,0.4,0.3,2.2,0.0,1.0,10.509389227369171,wiki_B,autorpa_233k,always_reactive,16977748066.619,1.0,0.0,0.0,0.0,0.0,0.0,0.0,0.0,0.002,0.0,0.0,always_reactive,0.477247
h=0.1/q0=0.4/p=0.3/r=2.2/sig=0/cf=10.5094,C_rfb,0.1,0.4,0.3,2.2,0.0,1.0,10.509389227369171,wiki_B,autorpa_233k,always_compile_evict,35574364443.916,2.095352,107.8,123.9,9992.5,2100.5,0.0,9717.9,9992.5,0.022,6987.8,17110939840.021,always_reactive,0.477247
h=0.1/q0=0.4/p=0.3/r=2.2/sig=0/cf=10.5094,C_rfb,0.1,0.4,0.3,2.2,0.0,1.0,10.509389227369171,wiki_B,autorpa_233k,ours_noinflate,16977748066.619,1.0,0.0,0.0,0.0,0.0,0.0,0.0,0.0,0.002,0.0,0.0,always_reactive,0.477247
h=0.1/q0=0.4/p=0.3/r=2.2/sig=0/cf=10.5094,C_rfb,0.1,0.4,0.3,2.2,0.0,1.0,10.509389227369171,wiki_B,autorpa_233k,oracle_tax,16977748066.619,1.0,0.0,0.0,0.0,0.0,0.0,0.0,0.0,0.002,0.0,0.0,always_reactive,0.477247
h=0.1/q0=0.4/p=0.3/r=2.2/sig=0/cf=10.5094,C_rfb,0.1,0.4,0.3,2.2,0.0,1.0,10.509389227369171,wiki_B,autorpa_233k,ours_spend_cap,16977748066.619,1.0,0.0,0.0,0.0,0.0,0.0,0.0,0.0,0.002,0.0,0.0,always_reactive,0.477247
h=0.1/q0=0.4/p=0.3/r=2.2/sig=0/cf=10.5094,C_rfb,0.1,0.4,0.3,2.2,0.0,1.0,10.509389227369171,wiki_B,autorpa_233k,ours_cap_epoch,16977748066.619,1.0,0.0,0.0,0.0,0.0,0.0,0.0,0.0,0.002,0.0,0.0,always_reactive,0.477247
h=0.1/q0=0.4/p=0.3/r=2.2/sig=0/cf=10.5094,C_rfb,0.1,0.4,0.3,2.2,0.0,1.0,10.509389227369171,wiki_B,autorpa_233k,ours_cap_realized,16977748066.619,1.0,0.0,0.0,0.0,0.0,0.0,0.0,0.0,0.002,0.0,0.0,always_reactive,0.477247
h=0.1/q0=0.4/p=0.3/r=2.2/sig=0/cf=10.5094,C_rfb,0.1,0.4,0.3,2.2,0.0,1.0,10.509389227369171,wiki_B,autorpa_233k,ours_pi_prior,16977748066.619,1.0,0.0,0.0,0.0,0.0,0.0,0.0,0.0,0.002,0.0,0.0,always_reactive,0.477247
h=0.1/q0=0.4/p=0.3/r=2.2/sig=0/cf=10.5094,C_rfb,0.1,0.4,0.3,2.2,0.0,1.0,10.509389227369171,wiki_B,autorpa_233k,breakeven,16977748066.619,1.0,0.0,0.0,0.0,0.0,0.0,0.0,0.0,0.002,0.0,0.0,always_reactive,0.477247
h=0.1/q0=0.4/p=0.3/r=2.2/sig=0/cf=10.5094,C_rfb,0.1,0.4,0.3,2.2,0.0,1.0,10.509389227369171,wiki_B,autorpa_233k,breakeven_cap_epoch,16977748066.619,1.0,0.0,0.0,0.0,0.0,0.0,0.0,0.0,0.002,0.0,0.0,always_reactive,0.477247
h=0.1/q0=0.4/p=0.3/r=2.2/sig=0/cf=10.5094,C_rfb,0.1,0.4,0.3,2.2,0.0,1.0,10.509389227369171,wiki_B,autorpa_233k,offline_taxblind,16977748066.618,1.0,,,,,,,,,,,always_reactive,0.477247
h=0.1/q0=0.4/p=0.3/r=2.2/sig=0/cf=10.5094,C_rfb,0.1,0.4,0.3,2.2,0.0,1.0,10.509389227369171,wiki_B,autorpa_233k,offline_opt_tax,16977748066.618,1.0,,,,,,,,,,,always_reactive,0.477247
h=0.1/q0=0.4/p=0.3/r=2.2/sig=0/cf=10.5094,C_rfb,0.1,0.4,0.3,2.2,0.0,1.0,10.509389227369171,wiki_B,native,always_reactive,16977748066.619,1.0,0.0,0.0,0.0,0.0,0.0,0.0,0.0,0.002,0.0,0.0,always_reactive,0.450258
h=0.1/q0=0.4/p=0.3/r=2.2/sig=0/cf=10.5094,C_rfb,0.1,0.4,0.3,2.2,0.0,1.0,10.509389227369171,wiki_B,native,always_compile_evict,37706713952.056,2.220949,116.2,129.8,9992.5,2100.5,0.0,9717.9,9992.5,0.021,6987.8,19150463335.399,always_reactive,0.450258
h=0.1/q0=0.4/p=0.3/r=2.2/sig=0/cf=10.5094,C_rfb,0.1,0.4,0.3,2.2,0.0,1.0,10.509389227369171,wiki_B,native,ours_noinflate,16977748066.619,1.0,0.0,0.0,0.0,0.0,0.0,0.0,0.0,0.002,0.0,0.0,always_reactive,0.450258
h=0.1/q0=0.4/p=0.3/r=2.2/sig=0/cf=10.5094,C_rfb,0.1,0.4,0.3,2.2,0.0,1.0,10.509389227369171,wiki_B,native,oracle_tax,16977748066.619,1.0,0.0,0.0,0.0,0.0,0.0,0.0,0.0,0.002,0.0,0.0,always_reactive,0.450258
h=0.1/q0=0.4/p=0.3/r=2.2/sig=0/cf=10.5094,C_rfb,0.1,0.4,0.3,2.2,0.0,1.0,10.509389227369171,wiki_B,native,ours_spend_cap,16977748066.619,1.0,0.0,0.0,0.0,0.0,0.0,0.0,0.0,0.002,0.0,0.0,always_reactive,0.450258
h=0.1/q0=0.4/p=0.3/r=2.2/sig=0/cf=10.5094,C_rfb,0.1,0.4,0.3,2.2,0.0,1.0,10.509389227369171,wiki_B,native,ours_cap_epoch,16977748066.619,1.0,0.0,0.0,0.0,0.0,0.0,0.0,0.0,0.002,0.0,0.0,always_reactive,0.450258
h=0.1/q0=0.4/p=0.3/r=2.2/sig=0/cf=10.5094,C_rfb,0.1,0.4,0.3,2.2,0.0,1.0,10.509389227369171,wiki_B,native,ours_cap_realized,16977748066.619,1.0,0.0,0.0,0.0,0.0,0.0,0.0,0.0,0.002,0.0,0.0,always_reactive,0.450258
h=0.1/q0=0.4/p=0.3/r=2.2/sig=0/cf=10.5094,C_rfb,0.1,0.4,0.3,2.2,0.0,1.0,10.509389227369171,wiki_B,native,ours_pi_prior,16977748066.619,1.0,0.0,0.0,0.0,0.0,0.0,0.0,0.0,0.002,0.0,0.0,always_reactive,0.450258
h=0.1/q0=0.4/p=0.3/r=2.2/sig=0/cf=10.5094,C_rfb,0.1,0.4,0.3,2.2,0.0,1.0,10.509389227369171,wiki_B,native,breakeven,16977748066.619,1.0,0.0,0.0,0.0,0.0,0.0,0.0,0.0,0.002,0.0,0.0,always_reactive,0.450258
h=0.1/q0=0.4/p=0.3/r=2.2/sig=0/cf=10.5094,C_rfb,0.1,0.4,0.3,2.2,0.0,1.0,10.509389227369171,wiki_B,native,breakeven_cap_epoch,16977748066.619,1.0,0.0,0.0,0.0,0.0,0.0,0.0,0.0,0.002,0.0,0.0,always_reactive,0.450258
h=0.1/q0=0.4/p=0.3/r=2.2/sig=0/cf=10.5094,C_rfb,0.1,0.4,0.3,2.2,0.0,1.0,10.509389227369171,wiki_B,native,offline_taxblind,16977748066.618,1.0,,,,,,,,,,,always_reactive,0.450258
h=0.1/q0=0.4/p=0.3/r=2.2/sig=0/cf=10.5094,C_rfb,0.1,0.4,0.3,2.2,0.0,1.0,10.509389227369171,wiki_B,native,offline_opt_tax,16977748066.618,1.0,,,,,,,,,,,always_reactive,0.450258
h=0.1/q0=0.4/p=0.3/r=2.2/sig=0/cf=1,C_rfb,0.1,0.4,0.3,2.2,0.0,1.0,1.0,bpi2019,autorpa_233k,always_reactive,28364744721.458,1.0,0.0,0.0,0.0,0.0,0.0,0.0,0.0,0.003,0.0,0.0,always_reactive,0.616174
h=0.1/q0=0.4/p=0.3/r=2.2/sig=0/cf=1,C_rfb,0.1,0.4,0.3,2.2,0.0,1.0,1.0,bpi2019,autorpa_233k,always_compile_evict,46033655791.978,1.622918,66.2,110.5,66825.7,18987.1,0.0,87424.9,66825.7,0.04,46789.2,10901883600.0,always_reactive,0.616174
h=0.1/q0=0.4/p=0.3/r=2.2/sig=0/cf=1,C_rfb,0.1,0.4,0.3,2.2,0.0,1.0,1.0,bpi2019,autorpa_233k,ours_noinflate,28364744721.458,1.0,0.0,0.0,0.0,0.0,0.0,0.0,0.0,0.003,0.0,0.0,always_reactive,0.616174
h=0.1/q0=0.4/p=0.3/r=2.2/sig=0/cf=1,C_rfb,0.1,0.4,0.3,2.2,0.0,1.0,1.0,bpi2019,autorpa_233k,oracle_tax,28364744721.458,1.0,0.0,0.0,0.0,0.0,0.0,0.0,0.0,0.003,0.0,0.0,always_reactive,0.616174
h=0.1/q0=0.4/p=0.3/r=2.2/sig=0/cf=1,C_rfb,0.1,0.4,0.3,2.2,0.0,1.0,1.0,bpi2019,autorpa_233k,ours_spend_cap,28364744721.458,1.0,0.0,0.0,0.0,0.0,0.0,0.0,0.0,0.003,0.0,0.0,always_reactive,0.616174
h=0.1/q0=0.4/p=0.3/r=2.2/sig=0/cf=1,C_rfb,0.1,0.4,0.3,2.2,0.0,1.0,1.0,bpi2019,autorpa_233k,ours_cap_epoch,28364744721.458,1.0,0.0,0.0,0.0,0.0,0.0,0.0,0.0,0.003,0.0,0.0,always_reactive,0.616174
h=0.1/q0=0.4/p=0.3/r=2.2/sig=0/cf=1,C_rfb,0.1,0.4,0.3,2.2,0.0,1.0,1.0,bpi2019,autorpa_233k,ours_cap_realized,28364744721.458,1.0,0.0,0.0,0.0,0.0,0.0,0.0,0.0,0.003,0.0,0.0,always_reactive,0.616174
h=0.1/q0=0.4/p=0.3/r=2.2/sig=0/cf=1,C_rfb,0.1,0.4,0.3,2.2,0.0,1.0,1.0,bpi2019,autorpa_233k,ours_pi_prior,28364744721.458,1.0,0.0,0.0,0.0,0.0,0.0,0.0,0.0,0.003,0.0,0.0,always_reactive,0.616174
h=0.1/q0=0.4/p=0.3/r=2.2/sig=0/cf=1,C_rfb,0.1,0.4,0.3,2.2,0.0,1.0,1.0,bpi2019,autorpa_233k,breakeven,28364744721.458,1.0,0.0,0.0,0.0,0.0,0.0,0.0,0.0,0.003,0.0,0.0,always_reactive,0.616174
h=0.1/q0=0.4/p=0.3/r=2.2/sig=0/cf=1,C_rfb,0.1,0.4,0.3,2.2,0.0,1.0,1.0,bpi2019,autorpa_233k,breakeven_cap_epoch,28364744721.458,1.0,0.0,0.0,0.0,0.0,0.0,0.0,0.0,0.003,0.0,0.0,always_reactive,0.616174
h=0.1/q0=0.4/p=0.3/r=2.2/sig=0/cf=1,C_rfb,0.1,0.4,0.3,2.2,0.0,1.0,1.0,bpi2019,autorpa_233k,offline_taxblind,28364744721.522,1.0,,,,,,,,,,,always_reactive,0.616174
h=0.1/q0=0.4/p=0.3/r=2.2/sig=0/cf=1,C_rfb,0.1,0.4,0.3,2.2,0.0,1.0,1.0,bpi2019,autorpa_233k,offline_opt_tax,28364744721.522,1.0,,,,,,,,,,,always_reactive,0.616174
h=0.1/q0=0.4/p=0.3/r=2.2/sig=0/cf=1,C_rfb,0.1,0.4,0.3,2.2,0.0,1.0,1.0,bpi2019,native,always_reactive,28364744721.458,1.0,0.0,0.0,0.0,0.0,0.0,0.0,0.0,0.003,0.0,0.0,always_reactive,0.559126
h=0.1/q0=0.4/p=0.3/r=2.2/sig=0/cf=1,C_rfb,0.1,0.4,0.3,2.2,0.0,1.0,1.0,bpi2019,native,always_compile_evict,50730471606.847,1.788504,65.3,112.9,66825.7,18987.1,0.0,87424.9,66825.7,0.037,46789.2,14152174106.325,always_reactive,0.559126
h=0.1/q0=0.4/p=0.3/r=2.2/sig=0/cf=1,C_rfb,0.1,0.4,0.3,2.2,0.0,1.0,1.0,bpi2019,native,ours_noinflate,28364744721.458,1.0,0.0,0.0,0.0,0.0,0.0,0.0,0.0,0.003,0.0,0.0,always_reactive,0.559126
h=0.1/q0=0.4/p=0.3/r=2.2/sig=0/cf=1,C_rfb,0.1,0.4,0.3,2.2,0.0,1.0,1.0,bpi2019,native,oracle_tax,28364744721.458,1.0,0.0,0.0,0.0,0.0,0.0,0.0,0.0,0.003,0.0,0.0,always_reactive,0.559126
h=0.1/q0=0.4/p=0.3/r=2.2/sig=0/cf=1,C_rfb,0.1,0.4,0.3,2.2,0.0,1.0,1.0,bpi2019,native,ours_spend_cap,28364744721.458,1.0,0.0,0.0,0.0,0.0,0.0,0.0,0.0,0.003,0.0,0.0,always_reactive,0.559126
h=0.1/q0=0.4/p=0.3/r=2.2/sig=0/cf=1,C_rfb,0.1,0.4,0.3,2.2,0.0,1.0,1.0,bpi2019,native,ours_cap_epoch,28364744721.458,1.0,0.0,0.0,0.0,0.0,0.0,0.0,0.0,0.003,0.0,0.0,always_reactive,0.559126
h=0.1/q0=0.4/p=0.3/r=2.2/sig=0/cf=1,C_rfb,0.1,0.4,0.3,2.2,0.0,1.0,1.0,bpi2019,native,ours_cap_realized,28364744721.458,1.0,0.0,0.0,0.0,0.0,0.0,0.0,0.0,0.003,0.0,0.0,always_reactive,0.559126
h=0.1/q0=0.4/p=0.3/r=2.2/sig=0/cf=1,C_rfb,0.1,0.4,0.3,2.2,0.0,1.0,1.0,bpi2019,native,ours_pi_prior,28364744721.458,1.0,0.0,0.0,0.0,0.0,0.0,0.0,0.0,0.003,0.0,0.0,always_reactive,0.559126
h=0.1/q0=0.4/p=0.3/r=2.2/sig=0/cf=1,C_rfb,0.1,0.4,0.3,2.2,0.0,1.0,1.0,bpi2019,native,breakeven,28364744721.458,1.0,0.0,0.0,0.0,0.0,0.0,0.0,0.0,0.003,0.0,0.0,always_reactive,0.559126
h=0.1/q0=0.4/p=0.3/r=2.2/sig=0/cf=1,C_rfb,0.1,0.4,0.3,2.2,0.0,1.0,1.0,bpi2019,native,breakeven_cap_epoch,28364744721.458,1.0,0.0,0.0,0.0,0.0,0.0,0.0,0.0,0.003,0.0,0.0,always_reactive,0.559126
h=0.1/q0=0.4/p=0.3/r=2.2/sig=0/cf=1,C_rfb,0.1,0.4,0.3,2.2,0.0,1.0,1.0,bpi2019,native,offline_taxblind,28364744721.522,1.0,,,,,,,,,,,always_reactive,0.559126
h=0.1/q0=0.4/p=0.3/r=2.2/sig=0/cf=1,C_rfb,0.1,0.4,0.3,2.2,0.0,1.0,1.0,bpi2019,native,offline_opt_tax,28364744721.522,1.0,,,,,,,,,,,always_reactive,0.559126
h=0.1/q0=0.4/p=0.3/r=2.2/sig=0/cf=1,C_rfb,0.1,0.4,0.3,2.2,0.0,1.0,1.0,sepsis,autorpa_233k,always_reactive,187135368.565,1.0,0.0,0.0,0.0,0.0,0.0,0.0,0.0,0.002,0.0,0.0,always_reactive,0.912423
h=0.1/q0=0.4/p=0.3/r=2.2/sig=0/cf=1,C_rfb,0.1,0.4,0.3,2.2,0.0,1.0,1.0,sepsis,autorpa_233k,always_compile_evict,205097089.22,1.095983,11.4,12.9,75.5,8.6,0.0,41.1,75.5,0.005,53.3,12418900.0,always_reactive,0.912423
h=0.1/q0=0.4/p=0.3/r=2.2/sig=0/cf=1,C_rfb,0.1,0.4,0.3,2.2,0.0,1.0,1.0,sepsis,autorpa_233k,ours_noinflate,187135368.565,1.0,0.0,0.0,0.0,0.0,0.0,0.0,0.0,0.002,0.0,0.0,always_reactive,0.912423
h=0.1/q0=0.4/p=0.3/r=2.2/sig=0/cf=1,C_rfb,0.1,0.4,0.3,2.2,0.0,1.0,1.0,sepsis,autorpa_233k,oracle_tax,187135368.565,1.0,0.0,0.0,0.0,0.0,0.0,0.0,0.0,0.002,0.0,0.0,always_reactive,0.912423
h=0.1/q0=0.4/p=0.3/r=2.2/sig=0/cf=1,C_rfb,0.1,0.4,0.3,2.2,0.0,1.0,1.0,sepsis,autorpa_233k,ours_spend_cap,187135368.565,1.0,0.0,0.0,0.0,0.0,0.0,0.0,0.0,0.002,0.0,0.0,always_reactive,0.912423
h=0.1/q0=0.4/p=0.3/r=2.2/sig=0/cf=1,C_rfb,0.1,0.4,0.3,2.2,0.0,1.0,1.0,sepsis,autorpa_233k,ours_cap_epoch,187135368.565,1.0,0.0,0.0,0.0,0.0,0.0,0.0,0.0,0.002,0.0,0.0,always_reactive,0.912423
h=0.1/q0=0.4/p=0.3/r=2.2/sig=0/cf=1,C_rfb,0.1,0.4,0.3,2.2,0.0,1.0,1.0,sepsis,autorpa_233k,ours_cap_realized,187135368.565,1.0,0.0,0.0,0.0,0.0,0.0,0.0,0.0,0.002,0.0,0.0,always_reactive,0.912423
h=0.1/q0=0.4/p=0.3/r=2.2/sig=0/cf=1,C_rfb,0.1,0.4,0.3,2.2,0.0,1.0,1.0,sepsis,autorpa_233k,ours_pi_prior,187135368.565,1.0,0.0,0.0,0.0,0.0,0.0,0.0,0.0,0.002,0.0,0.0,always_reactive,0.912423
h=0.1/q0=0.4/p=0.3/r=2.2/sig=0/cf=1,C_rfb,0.1,0.4,0.3,2.2,0.0,1.0,1.0,sepsis,autorpa_233k,breakeven,187135368.565,1.0,0.0,0.0,0.0,0.0,0.0,0.0,0.0,0.002,0.0,0.0,always_reactive,0.912423
h=0.1/q0=0.4/p=0.3/r=2.2/sig=0/cf=1,C_rfb,0.1,0.4,0.3,2.2,0.0,1.0,1.0,sepsis,autorpa_233k,breakeven_cap_epoch,187135368.565,1.0,0.0,0.0,0.0,0.0,0.0,0.0,0.0,0.002,0.0,0.0,always_reactive,0.912423
h=0.1/q0=0.4/p=0.3/r=2.2/sig=0/cf=1,C_rfb,0.1,0.4,0.3,2.2,0.0,1.0,1.0,sepsis,autorpa_233k,offline_taxblind,187135368.565,1.0,,,,,,,,,,,always_reactive,0.912423
h=0.1/q0=0.4/p=0.3/r=2.2/sig=0/cf=1,C_rfb,0.1,0.4,0.3,2.2,0.0,1.0,1.0,sepsis,autorpa_233k,offline_opt_tax,187135368.565,1.0,,,,,,,,,,,always_reactive,0.912423
h=0.1/q0=0.4/p=0.3/r=2.2/sig=0/cf=1,C_rfb,0.1,0.4,0.3,2.2,0.0,1.0,1.0,sepsis,native,always_reactive,187135368.565,1.0,0.0,0.0,0.0,0.0,0.0,0.0,0.0,0.002,0.0,0.0,always_reactive,0.904621
h=0.1/q0=0.4/p=0.3/r=2.2/sig=0/cf=1,C_rfb,0.1,0.4,0.3,2.2,0.0,1.0,1.0,sepsis,native,always_compile_evict,206866117.24,1.105436,10.9,12.3,75.5,8.6,0.0,41.1,75.5,0.004,53.3,13954288.879,always_reactive,0.904621
h=0.1/q0=0.4/p=0.3/r=2.2/sig=0/cf=1,C_rfb,0.1,0.4,0.3,2.2,0.0,1.0,1.0,sepsis,native,ours_noinflate,187135368.565,1.0,0.0,0.0,0.0,0.0,0.0,0.0,0.0,0.002,0.0,0.0,always_reactive,0.904621
h=0.1/q0=0.4/p=0.3/r=2.2/sig=0/cf=1,C_rfb,0.1,0.4,0.3,2.2,0.0,1.0,1.0,sepsis,native,oracle_tax,187135368.565,1.0,0.0,0.0,0.0,0.0,0.0,0.0,0.0,0.002,0.0,0.0,always_reactive,0.904621
h=0.1/q0=0.4/p=0.3/r=2.2/sig=0/cf=1,C_rfb,0.1,0.4,0.3,2.2,0.0,1.0,1.0,sepsis,native,ours_spend_cap,187135368.565,1.0,0.0,0.0,0.0,0.0,0.0,0.0,0.0,0.002,0.0,0.0,always_reactive,0.904621
h=0.1/q0=0.4/p=0.3/r=2.2/sig=0/cf=1,C_rfb,0.1,0.4,0.3,2.2,0.0,1.0,1.0,sepsis,native,ours_cap_epoch,187135368.565,1.0,0.0,0.0,0.0,0.0,0.0,0.0,0.0,0.002,0.0,0.0,always_reactive,0.904621
h=0.1/q0=0.4/p=0.3/r=2.2/sig=0/cf=1,C_rfb,0.1,0.4,0.3,2.2,0.0,1.0,1.0,sepsis,native,ours_cap_realized,187135368.565,1.0,0.0,0.0,0.0,0.0,0.0,0.0,0.0,0.002,0.0,0.0,always_reactive,0.904621
h=0.1/q0=0.4/p=0.3/r=2.2/sig=0/cf=1,C_rfb,0.1,0.4,0.3,2.2,0.0,1.0,1.0,sepsis,native,ours_pi_prior,187135368.565,1.0,0.0,0.0,0.0,0.0,0.0,0.0,0.0,0.002,0.0,0.0,always_reactive,0.904621
h=0.1/q0=0.4/p=0.3/r=2.2/sig=0/cf=1,C_rfb,0.1,0.4,0.3,2.2,0.0,1.0,1.0,sepsis,native,breakeven,187135368.565,1.0,0.0,0.0,0.0,0.0,0.0,0.0,0.0,0.002,0.0,0.0,always_reactive,0.904621
h=0.1/q0=0.4/p=0.3/r=2.2/sig=0/cf=1,C_rfb,0.1,0.4,0.3,2.2,0.0,1.0,1.0,sepsis,native,breakeven_cap_epoch,187135368.565,1.0,0.0,0.0,0.0,0.0,0.0,0.0,0.0,0.002,0.0,0.0,always_reactive,0.904621
h=0.1/q0=0.4/p=0.3/r=2.2/sig=0/cf=1,C_rfb,0.1,0.4,0.3,2.2,0.0,1.0,1.0,sepsis,native,offline_taxblind,187135368.565,1.0,,,,,,,,,,,always_reactive,0.904621
h=0.1/q0=0.4/p=0.3/r=2.2/sig=0/cf=1,C_rfb,0.1,0.4,0.3,2.2,0.0,1.0,1.0,sepsis,native,offline_opt_tax,187135368.565,1.0,,,,,,,,,,,always_reactive,0.904621
h=0.1/q0=0.4/p=0.3/r=2.2/sig=0/cf=1,C_rfb,0.1,0.4,0.3,2.2,0.0,1.0,1.0,wiki_A,autorpa_233k,always_reactive,19487424199.81,1.0,0.0,0.0,0.0,0.0,0.0,0.0,0.0,0.001,0.0,0.0,always_reactive,0.81696
h=0.1/q0=0.4/p=0.3/r=2.2/sig=0/cf=1,C_rfb,0.1,0.4,0.3,2.2,0.0,1.0,1.0,wiki_A,autorpa_233k,always_compile_evict,23853593463.891,1.224051,21.8,49.7,17381.8,5044.0,0.0,23163.0,17381.8,0.006,12161.0,2833513000.0,always_reactive,0.81696
h=0.1/q0=0.4/p=0.3/r=2.2/sig=0/cf=1,C_rfb,0.1,0.4,0.3,2.2,0.0,1.0,1.0,wiki_A,autorpa_233k,ours_noinflate,19487424199.81,1.0,0.0,0.0,0.0,0.0,0.0,0.0,0.0,0.001,0.0,0.0,always_reactive,0.81696
h=0.1/q0=0.4/p=0.3/r=2.2/sig=0/cf=1,C_rfb,0.1,0.4,0.3,2.2,0.0,1.0,1.0,wiki_A,autorpa_233k,oracle_tax,19487424199.81,1.0,0.0,0.0,0.0,0.0,0.0,0.0,0.0,0.001,0.0,0.0,always_reactive,0.81696
h=0.1/q0=0.4/p=0.3/r=2.2/sig=0/cf=1,C_rfb,0.1,0.4,0.3,2.2,0.0,1.0,1.0,wiki_A,autorpa_233k,ours_spend_cap,19487424199.81,1.0,0.0,0.0,0.0,0.0,0.0,0.0,0.0,0.001,0.0,0.0,always_reactive,0.81696
h=0.1/q0=0.4/p=0.3/r=2.2/sig=0/cf=1,C_rfb,0.1,0.4,0.3,2.2,0.0,1.0,1.0,wiki_A,autorpa_233k,ours_cap_epoch,19487424199.81,1.0,0.0,0.0,0.0,0.0,0.0,0.0,0.0,0.001,0.0,0.0,always_reactive,0.81696
h=0.1/q0=0.4/p=0.3/r=2.2/sig=0/cf=1,C_rfb,0.1,0.4,0.3,2.2,0.0,1.0,1.0,wiki_A,autorpa_233k,ours_cap_realized,19487424199.81,1.0,0.0,0.0,0.0,0.0,0.0,0.0,0.0,0.001,0.0,0.0,always_reactive,0.81696
h=0.1/q0=0.4/p=0.3/r=2.2/sig=0/cf=1,C_rfb,0.1,0.4,0.3,2.2,0.0,1.0,1.0,wiki_A,autorpa_233k,ours_pi_prior,19487424199.81,1.0,0.0,0.0,0.0,0.0,0.0,0.0,0.0,0.001,0.0,0.0,always_reactive,0.81696
h=0.1/q0=0.4/p=0.3/r=2.2/sig=0/cf=1,C_rfb,0.1,0.4,0.3,2.2,0.0,1.0,1.0,wiki_A,autorpa_233k,breakeven,19487424199.81,1.0,0.0,0.0,0.0,0.0,0.0,0.0,0.0,0.001,0.0,0.0,always_reactive,0.81696
h=0.1/q0=0.4/p=0.3/r=2.2/sig=0/cf=1,C_rfb,0.1,0.4,0.3,2.2,0.0,1.0,1.0,wiki_A,autorpa_233k,breakeven_cap_epoch,19487424199.81,1.0,0.0,0.0,0.0,0.0,0.0,0.0,0.0,0.001,0.0,0.0,always_reactive,0.81696
h=0.1/q0=0.4/p=0.3/r=2.2/sig=0/cf=1,C_rfb,0.1,0.4,0.3,2.2,0.0,1.0,1.0,wiki_A,autorpa_233k,offline_taxblind,19487424199.821,1.0,,,,,,,,,,,always_reactive,0.81696
h=0.1/q0=0.4/p=0.3/r=2.2/sig=0/cf=1,C_rfb,0.1,0.4,0.3,2.2,0.0,1.0,1.0,wiki_A,autorpa_233k,offline_opt_tax,19487424199.821,1.0,,,,,,,,,,,always_reactive,0.81696
h=0.1/q0=0.4/p=0.3/r=2.2/sig=0/cf=1,C_rfb,0.1,0.4,0.3,2.2,0.0,1.0,1.0,wiki_A,native,always_reactive,19487424199.81,1.0,0.0,0.0,0.0,0.0,0.0,0.0,0.0,0.001,0.0,0.0,always_reactive,0.801122
h=0.1/q0=0.4/p=0.3/r=2.2/sig=0/cf=1,C_rfb,0.1,0.4,0.3,2.2,0.0,1.0,1.0,wiki_A,native,always_compile_evict,24325164090.432,1.248249,20.0,49.1,17381.8,5044.0,0.0,23163.0,17381.8,0.006,12161.0,3161015060.947,always_reactive,0.801122
h=0.1/q0=0.4/p=0.3/r=2.2/sig=0/cf=1,C_rfb,0.1,0.4,0.3,2.2,0.0,1.0,1.0,wiki_A,native,ours_noinflate,19487424199.81,1.0,0.0,0.0,0.0,0.0,0.0,0.0,0.0,0.001,0.0,0.0,always_reactive,0.801122
h=0.1/q0=0.4/p=0.3/r=2.2/sig=0/cf=1,C_rfb,0.1,0.4,0.3,2.2,0.0,1.0,1.0,wiki_A,native,oracle_tax,19487424199.81,1.0,0.0,0.0,0.0,0.0,0.0,0.0,0.0,0.001,0.0,0.0,always_reactive,0.801122
h=0.1/q0=0.4/p=0.3/r=2.2/sig=0/cf=1,C_rfb,0.1,0.4,0.3,2.2,0.0,1.0,1.0,wiki_A,native,ours_spend_cap,19487424199.81,1.0,0.0,0.0,0.0,0.0,0.0,0.0,0.0,0.001,0.0,0.0,always_reactive,0.801122
h=0.1/q0=0.4/p=0.3/r=2.2/sig=0/cf=1,C_rfb,0.1,0.4,0.3,2.2,0.0,1.0,1.0,wiki_A,native,ours_cap_epoch,19487424199.81,1.0,0.0,0.0,0.0,0.0,0.0,0.0,0.0,0.001,0.0,0.0,always_reactive,0.801122
h=0.1/q0=0.4/p=0.3/r=2.2/sig=0/cf=1,C_rfb,0.1,0.4,0.3,2.2,0.0,1.0,1.0,wiki_A,native,ours_cap_realized,19487424199.81,1.0,0.0,0.0,0.0,0.0,0.0,0.0,0.0,0.001,0.0,0.0,always_reactive,0.801122
h=0.1/q0=0.4/p=0.3/r=2.2/sig=0/cf=1,C_rfb,0.1,0.4,0.3,2.2,0.0,1.0,1.0,wiki_A,native,ours_pi_prior,19487424199.81,1.0,0.0,0.0,0.0,0.0,0.0,0.0,0.0,0.001,0.0,0.0,always_reactive,0.801122
h=0.1/q0=0.4/p=0.3/r=2.2/sig=0/cf=1,C_rfb,0.1,0.4,0.3,2.2,0.0,1.0,1.0,wiki_A,native,breakeven,19487424199.81,1.0,0.0,0.0,0.0,0.0,0.0,0.0,0.0,0.001,0.0,0.0,always_reactive,0.801122
h=0.1/q0=0.4/p=0.3/r=2.2/sig=0/cf=1,C_rfb,0.1,0.4,0.3,2.2,0.0,1.0,1.0,wiki_A,native,breakeven_cap_epoch,19487424199.81,1.0,0.0,0.0,0.0,0.0,0.0,0.0,0.0,0.001,0.0,0.0,always_reactive,0.801122
h=0.1/q0=0.4/p=0.3/r=2.2/sig=0/cf=1,C_rfb,0.1,0.4,0.3,2.2,0.0,1.0,1.0,wiki_A,native,offline_taxblind,19487424199.821,1.0,,,,,,,,,,,always_reactive,0.801122
h=0.1/q0=0.4/p=0.3/r=2.2/sig=0/cf=1,C_rfb,0.1,0.4,0.3,2.2,0.0,1.0,1.0,wiki_A,native,offline_opt_tax,19487424199.821,1.0,,,,,,,,,,,always_reactive,0.801122
h=0.1/q0=0.4/p=0.3/r=2.2/sig=0/cf=1,C_rfb,0.1,0.4,0.3,2.2,0.0,1.0,1.0,wiki_B,autorpa_233k,always_reactive,16977748066.619,1.0,0.0,0.0,0.0,0.0,0.0,0.0,0.0,0.002,0.0,0.0,always_reactive,0.845018
h=0.1/q0=0.4/p=0.3/r=2.2/sig=0/cf=1,C_rfb,0.1,0.4,0.3,2.2,0.0,1.0,1.0,wiki_B,autorpa_233k,always_compile_evict,20091582003.904,1.183407,107.8,123.9,9992.5,2100.5,0.0,9717.9,9992.5,0.038,6987.8,1628157400.0,always_reactive,0.845018
h=0.1/q0=0.4/p=0.3/r=2.2/sig=0/cf=1,C_rfb,0.1,0.4,0.3,2.2,0.0,1.0,1.0,wiki_B,autorpa_233k,ours_noinflate,16977748066.619,1.0,0.0,0.0,0.0,0.0,0.0,0.0,0.0,0.002,0.0,0.0,always_reactive,0.845018
h=0.1/q0=0.4/p=0.3/r=2.2/sig=0/cf=1,C_rfb,0.1,0.4,0.3,2.2,0.0,1.0,1.0,wiki_B,autorpa_233k,oracle_tax,16977748066.619,1.0,0.0,0.0,0.0,0.0,0.0,0.0,0.0,0.002,0.0,0.0,always_reactive,0.845018
h=0.1/q0=0.4/p=0.3/r=2.2/sig=0/cf=1,C_rfb,0.1,0.4,0.3,2.2,0.0,1.0,1.0,wiki_B,autorpa_233k,ours_spend_cap,16977748066.619,1.0,0.0,0.0,0.0,0.0,0.0,0.0,0.0,0.002,0.0,0.0,always_reactive,0.845018
h=0.1/q0=0.4/p=0.3/r=2.2/sig=0/cf=1,C_rfb,0.1,0.4,0.3,2.2,0.0,1.0,1.0,wiki_B,autorpa_233k,ours_cap_epoch,16977748066.619,1.0,0.0,0.0,0.0,0.0,0.0,0.0,0.0,0.002,0.0,0.0,always_reactive,0.845018
h=0.1/q0=0.4/p=0.3/r=2.2/sig=0/cf=1,C_rfb,0.1,0.4,0.3,2.2,0.0,1.0,1.0,wiki_B,autorpa_233k,ours_cap_realized,16977748066.619,1.0,0.0,0.0,0.0,0.0,0.0,0.0,0.0,0.002,0.0,0.0,always_reactive,0.845018
h=0.1/q0=0.4/p=0.3/r=2.2/sig=0/cf=1,C_rfb,0.1,0.4,0.3,2.2,0.0,1.0,1.0,wiki_B,autorpa_233k,ours_pi_prior,16977748066.619,1.0,0.0,0.0,0.0,0.0,0.0,0.0,0.0,0.002,0.0,0.0,always_reactive,0.845018
h=0.1/q0=0.4/p=0.3/r=2.2/sig=0/cf=1,C_rfb,0.1,0.4,0.3,2.2,0.0,1.0,1.0,wiki_B,autorpa_233k,breakeven,16977748066.619,1.0,0.0,0.0,0.0,0.0,0.0,0.0,0.0,0.002,0.0,0.0,always_reactive,0.845018
h=0.1/q0=0.4/p=0.3/r=2.2/sig=0/cf=1,C_rfb,0.1,0.4,0.3,2.2,0.0,1.0,1.0,wiki_B,autorpa_233k,breakeven_cap_epoch,16977748066.619,1.0,0.0,0.0,0.0,0.0,0.0,0.0,0.0,0.002,0.0,0.0,always_reactive,0.845018
h=0.1/q0=0.4/p=0.3/r=2.2/sig=0/cf=1,C_rfb,0.1,0.4,0.3,2.2,0.0,1.0,1.0,wiki_B,autorpa_233k,offline_taxblind,16977748066.618,1.0,,,,,,,,,,,always_reactive,0.845018
h=0.1/q0=0.4/p=0.3/r=2.2/sig=0/cf=1,C_rfb,0.1,0.4,0.3,2.2,0.0,1.0,1.0,wiki_B,autorpa_233k,offline_opt_tax,16977748066.618,1.0,,,,,,,,,,,always_reactive,0.845018
h=0.1/q0=0.4/p=0.3/r=2.2/sig=0/cf=1,C_rfb,0.1,0.4,0.3,2.2,0.0,1.0,1.0,wiki_B,native,always_reactive,16977748066.619,1.0,0.0,0.0,0.0,0.0,0.0,0.0,0.0,0.002,0.0,0.0,always_reactive,0.833122
h=0.1/q0=0.4/p=0.3/r=2.2/sig=0/cf=1,C_rfb,0.1,0.4,0.3,2.2,0.0,1.0,1.0,wiki_B,native,always_compile_evict,20378474812.676,1.200305,116.2,129.8,9992.5,2100.5,0.0,9717.9,9992.5,0.038,6987.8,1822224196.01,always_reactive,0.833122
h=0.1/q0=0.4/p=0.3/r=2.2/sig=0/cf=1,C_rfb,0.1,0.4,0.3,2.2,0.0,1.0,1.0,wiki_B,native,ours_noinflate,16977748066.619,1.0,0.0,0.0,0.0,0.0,0.0,0.0,0.0,0.002,0.0,0.0,always_reactive,0.833122
h=0.1/q0=0.4/p=0.3/r=2.2/sig=0/cf=1,C_rfb,0.1,0.4,0.3,2.2,0.0,1.0,1.0,wiki_B,native,oracle_tax,16977748066.619,1.0,0.0,0.0,0.0,0.0,0.0,0.0,0.0,0.002,0.0,0.0,always_reactive,0.833122
h=0.1/q0=0.4/p=0.3/r=2.2/sig=0/cf=1,C_rfb,0.1,0.4,0.3,2.2,0.0,1.0,1.0,wiki_B,native,ours_spend_cap,16977748066.619,1.0,0.0,0.0,0.0,0.0,0.0,0.0,0.0,0.002,0.0,0.0,always_reactive,0.833122
h=0.1/q0=0.4/p=0.3/r=2.2/sig=0/cf=1,C_rfb,0.1,0.4,0.3,2.2,0.0,1.0,1.0,wiki_B,native,ours_cap_epoch,16977748066.619,1.0,0.0,0.0,0.0,0.0,0.0,0.0,0.0,0.002,0.0,0.0,always_reactive,0.833122
h=0.1/q0=0.4/p=0.3/r=2.2/sig=0/cf=1,C_rfb,0.1,0.4,0.3,2.2,0.0,1.0,1.0,wiki_B,native,ours_cap_realized,16977748066.619,1.0,0.0,0.0,0.0,0.0,0.0,0.0,0.0,0.002,0.0,0.0,always_reactive,0.833122
h=0.1/q0=0.4/p=0.3/r=2.2/sig=0/cf=1,C_rfb,0.1,0.4,0.3,2.2,0.0,1.0,1.0,wiki_B,native,ours_pi_prior,16977748066.619,1.0,0.0,0.0,0.0,0.0,0.0,0.0,0.0,0.002,0.0,0.0,always_reactive,0.833122
h=0.1/q0=0.4/p=0.3/r=2.2/sig=0/cf=1,C_rfb,0.1,0.4,0.3,2.2,0.0,1.0,1.0,wiki_B,native,breakeven,16977748066.619,1.0,0.0,0.0,0.0,0.0,0.0,0.0,0.0,0.002,0.0,0.0,always_reactive,0.833122
h=0.1/q0=0.4/p=0.3/r=2.2/sig=0/cf=1,C_rfb,0.1,0.4,0.3,2.2,0.0,1.0,1.0,wiki_B,native,breakeven_cap_epoch,16977748066.619,1.0,0.0,0.0,0.0,0.0,0.0,0.0,0.0,0.002,0.0,0.0,always_reactive,0.833122
h=0.1/q0=0.4/p=0.3/r=2.2/sig=0/cf=1,C_rfb,0.1,0.4,0.3,2.2,0.0,1.0,1.0,wiki_B,native,offline_taxblind,16977748066.618,1.0,,,,,,,,,,,always_reactive,0.833122
h=0.1/q0=0.4/p=0.3/r=2.2/sig=0/cf=1,C_rfb,0.1,0.4,0.3,2.2,0.0,1.0,1.0,wiki_B,native,offline_opt_tax,16977748066.618,1.0,,,,,,,,,,,always_reactive,0.833122
h=0.1/q0=0.4/p=0.5/r=1/sig=0/cf=10.5094,A_core,0.1,0.4,0.5,1.0,0.0,1.0,10.509389227369171,bpi2019,autorpa_233k,always_reactive,28364744721.458,0.999675,0.0,0.0,0.0,0.0,0.0,0.0,0.0,0.003,0.0,0.0,ours_pi_prior,0.360765
h=0.1/q0=0.4/p=0.5/r=1/sig=0/cf=10.5094,A_core,0.1,0.4,0.5,1.0,0.0,1.0,10.509389227369171,bpi2019,autorpa_233k,always_compile_evict,78490710685.423,2.766294,62.0,93.0,45547.5,21386.9,0.0,98423.7,44881.7,0.019,22827.0,55896193899.105,ours_pi_prior,0.360765
h=0.1/q0=0.4/p=0.5/r=1/sig=0/cf=10.5094,A_core,0.1,0.4,0.5,1.0,0.0,1.0,10.509389227369171,bpi2019,autorpa_233k,ours_noinflate,28373958306.119,1.0,2.7,8.4,602.5,250.1,0.0,1133.7,492.2,0.005,300.0,734606306.993,ours_pi_prior,0.360765
h=0.1/q0=0.4/p=0.5/r=1/sig=0/cf=10.5094,A_core,0.1,0.4,0.5,1.0,0.0,1.0,10.509389227369171,bpi2019,autorpa_233k,oracle_tax,28687920145.206,1.011065,18.2,22.7,617.7,285.5,0.0,1253.9,448.7,0.005,314.0,768887934.653,ours_pi_prior,0.360765
h=0.1/q0=0.4/p=0.5/r=1/sig=0/cf=10.5094,A_core,0.1,0.4,0.5,1.0,0.0,1.0,10.509389227369171,bpi2019,autorpa_233k,ours_spend_cap,28450548833.124,1.002699,1.8,7.1,255.6,84.5,0.0,385.8,159.9,0.005,124.4,304616748.633,ours_pi_prior,0.360765
h=0.1/q0=0.4/p=0.5/r=1/sig=0/cf=10.5094,A_core,0.1,0.4,0.5,1.0,0.0,1.0,10.509389227369171,bpi2019,autorpa_233k,ours_cap_epoch,28449413351.179,1.002659,1.9,7.4,276.7,93.4,0.0,428.7,176.3,0.005,135.5,331797181.992,ours_pi_prior,0.360765
h=0.1/q0=0.4/p=0.5/r=1/sig=0/cf=10.5094,A_core,0.1,0.4,0.5,1.0,0.0,1.0,10.509389227369171,bpi2019,autorpa_233k,ours_cap_realized,28402739906.56,1.001014,2.6,8.1,491.7,196.7,0.0,888.4,382.1,0.005,243.8,596990058.816,ours_pi_prior,0.360765
h=0.1/q0=0.4/p=0.5/r=1/sig=0/cf=10.5094,A_core,0.1,0.4,0.5,1.0,0.0,1.0,10.509389227369171,bpi2019,autorpa_233k,ours_pi_prior,28316716554.884,0.997983,1.7,8.1,668.7,290.1,0.0,1317.6,568.1,0.005,334.4,818841163.528,ours_pi_prior,0.360765
h=0.1/q0=0.4/p=0.5/r=1/sig=0/cf=10.5094,A_core,0.1,0.4,0.5,1.0,0.0,1.0,10.509389227369171,bpi2019,autorpa_233k,breakeven,30376663969.342,1.070583,1.2,10.7,1716.5,310.8,0.0,1423.6,1383.3,0.005,859.3,2104157331.997,ours_pi_prior,0.360765
h=0.1/q0=0.4/p=0.5/r=1/sig=0/cf=10.5094,A_core,0.1,0.4,0.5,1.0,0.0,1.0,10.509389227369171,bpi2019,autorpa_233k,breakeven_cap_epoch,29443073764.212,1.037679,0.5,7.8,925.9,132.4,0.0,604.3,725.9,0.004,461.8,1130803975.231,ours_pi_prior,0.360765
h=0.1/q0=0.4/p=0.5/r=1/sig=0/cf=10.5094,A_core,0.1,0.4,0.5,1.0,0.0,1.0,10.509389227369171,bpi2019,autorpa_233k,offline_taxblind,21948865546.732,0.773557,,,,,,,,,,,ours_pi_prior,0.360765
h=0.1/q0=0.4/p=0.5/r=1/sig=0/cf=10.5094,A_core,0.1,0.4,0.5,1.0,0.0,1.0,10.509389227369171,bpi2019,autorpa_233k,offline_opt_tax,22234924330.017,0.783638,,,,,,,,,,,ours_pi_prior,0.360765
h=0.1/q0=0.4/p=0.5/r=1/sig=0/cf=10.5094,A_core,0.1,0.4,0.5,1.0,0.0,1.0,10.509389227369171,bpi2019,native,always_reactive,28364744721.458,0.999015,0.0,0.0,0.0,0.0,0.0,0.0,0.0,0.003,0.0,0.0,ours_pi_prior,0.293281
h=0.1/q0=0.4/p=0.5/r=1/sig=0/cf=10.5094,A_core,0.1,0.4,0.5,1.0,0.0,1.0,10.509389227369171,bpi2019,native,always_compile_evict,96646469089.738,3.403919,57.5,95.9,45547.5,21386.9,0.0,98423.7,44876.5,0.016,22827.0,72412681863.761,ours_pi_prior,0.293281
h=0.1/q0=0.4/p=0.5/r=1/sig=0/cf=10.5094,A_core,0.1,0.4,0.5,1.0,0.0,1.0,10.509389227369171,bpi2019,native,ours_noinflate,28392707446.044,1.0,2.7,8.4,595.9,246.6,0.0,1120.7,488.1,0.005,296.9,743035824.124,ours_pi_prior,0.293281
h=0.1/q0=0.4/p=0.5/r=1/sig=0/cf=10.5094,A_core,0.1,0.4,0.5,1.0,0.0,1.0,10.509389227369171,bpi2019,native,oracle_tax,28709462090.031,1.011156,18.4,23.4,625.0,288.9,0.0,1266.7,455.2,0.005,317.7,783901395.992,ours_pi_prior,0.293281
h=0.1/q0=0.4/p=0.5/r=1/sig=0/cf=10.5094,A_core,0.1,0.4,0.5,1.0,0.0,1.0,10.509389227369171,bpi2019,native,ours_spend_cap,28458684628.472,1.002324,1.8,7.1,253.9,83.8,0.0,383.2,160.3,0.005,123.4,308826610.633,ours_pi_prior,0.293281
h=0.1/q0=0.4/p=0.5/r=1/sig=0/cf=10.5094,A_core,0.1,0.4,0.5,1.0,0.0,1.0,10.509389227369171,bpi2019,native,ours_cap_epoch,28458206836.714,1.002307,1.9,7.4,274.9,92.7,0.0,425.9,176.6,0.005,134.5,336605989.709,ours_pi_prior,0.293281
h=0.1/q0=0.4/p=0.5/r=1/sig=0/cf=10.5094,A_core,0.1,0.4,0.5,1.0,0.0,1.0,10.509389227369171,bpi2019,native,ours_cap_realized,28439653995.734,1.001653,2.5,8.1,409.7,155.8,0.0,710.5,303.2,0.005,202.7,507286498.989,ours_pi_prior,0.293281
h=0.1/q0=0.4/p=0.5/r=1/sig=0/cf=10.5094,A_core,0.1,0.4,0.5,1.0,0.0,1.0,10.509389227369171,bpi2019,native,ours_pi_prior,28344611279.896,0.998306,1.4,7.6,635.9,275.2,0.0,1249.8,539.6,0.005,318.9,798094052.924,ours_pi_prior,0.293281
h=0.1/q0=0.4/p=0.5/r=1/sig=0/cf=10.5094,A_core,0.1,0.4,0.5,1.0,0.0,1.0,10.509389227369171,bpi2019,native,breakeven,30510616843.061,1.074593,1.6,10.8,1744.0,327.1,0.0,1489.7,1409.8,0.005,869.6,2228288777.718,ours_pi_prior,0.293281
h=0.1/q0=0.4/p=0.5/r=1/sig=0/cf=10.5094,A_core,0.1,0.4,0.5,1.0,0.0,1.0,10.509389227369171,bpi2019,native,breakeven_cap_epoch,29478412444.361,1.038239,0.8,8.1,925.5,130.1,0.0,596.3,735.4,0.004,462.2,1162521159.18,ours_pi_prior,0.293281
h=0.1/q0=0.4/p=0.5/r=1/sig=0/cf=10.5094,A_core,0.1,0.4,0.5,1.0,0.0,1.0,10.509389227369171,bpi2019,native,offline_taxblind,21935930700.355,0.77259,,,,,,,,,,,ours_pi_prior,0.293281
h=0.1/q0=0.4/p=0.5/r=1/sig=0/cf=10.5094,A_core,0.1,0.4,0.5,1.0,0.0,1.0,10.509389227369171,bpi2019,native,offline_opt_tax,22248863823.998,0.783612,,,,,,,,,,,ours_pi_prior,0.293281
h=0.1/q0=0.4/p=0.5/r=1/sig=0/cf=10.5094,A_core,0.1,0.4,0.5,1.0,0.0,1.0,10.509389227369171,sepsis,autorpa_233k,always_reactive,187135368.565,0.994269,0.0,0.0,0.0,0.0,0.0,0.0,0.0,0.002,0.0,0.0,always_reactive,0.742048
h=0.1/q0=0.4/p=0.5/r=1/sig=0/cf=10.5094,A_core,0.1,0.4,0.5,1.0,0.0,1.0,10.509389227369171,sepsis,autorpa_233k,always_compile_evict,252187815.758,1.339899,14.2,15.6,60.3,10.9,0.0,50.6,51.0,0.004,31.5,77133662.234,always_reactive,0.742048
h=0.1/q0=0.4/p=0.5/r=1/sig=0/cf=10.5094,A_core,0.1,0.4,0.5,1.0,0.0,1.0,10.509389227369171,sepsis,autorpa_233k,ours_noinflate,188214073.047,1.0,0.6,1.0,5.9,2.6,0.0,8.5,2.7,0.002,2.7,6611456.763,always_reactive,0.742048
h=0.1/q0=0.4/p=0.5/r=1/sig=0/cf=10.5094,A_core,0.1,0.4,0.5,1.0,0.0,1.0,10.509389227369171,sepsis,autorpa_233k,oracle_tax,195280937.375,1.037547,1.9,2.9,17.6,6.0,0.0,23.8,10.0,0.003,9.7,23752270.593,always_reactive,0.742048
h=0.1/q0=0.4/p=0.5/r=1/sig=0/cf=10.5094,A_core,0.1,0.4,0.5,1.0,0.0,1.0,10.509389227369171,sepsis,autorpa_233k,ours_spend_cap,188352875.766,1.000737,0.3,1.0,5.1,2.3,0.0,7.1,2.5,0.002,2.5,6121719.225,always_reactive,0.742048
h=0.1/q0=0.4/p=0.5/r=1/sig=0/cf=10.5094,A_core,0.1,0.4,0.5,1.0,0.0,1.0,10.509389227369171,sepsis,autorpa_233k,ours_cap_epoch,188505544.899,1.001549,0.4,1.0,5.5,2.4,0.0,7.6,2.7,0.002,2.7,6611456.763,always_reactive,0.742048
h=0.1/q0=0.4/p=0.5/r=1/sig=0/cf=10.5094,A_core,0.1,0.4,0.5,1.0,0.0,1.0,10.509389227369171,sepsis,autorpa_233k,ours_cap_realized,188214073.047,1.0,0.6,1.0,5.9,2.6,0.0,8.5,2.7,0.002,2.7,6611456.763,always_reactive,0.742048
h=0.1/q0=0.4/p=0.5/r=1/sig=0/cf=10.5094,A_core,0.1,0.4,0.5,1.0,0.0,1.0,10.509389227369171,sepsis,autorpa_233k,ours_pi_prior,187230461.821,0.994774,0.4,0.7,3.3,1.5,0.0,4.9,1.4,0.002,1.4,3428162.766,always_reactive,0.742048
h=0.1/q0=0.4/p=0.5/r=1/sig=0/cf=10.5094,A_core,0.1,0.4,0.5,1.0,0.0,1.0,10.509389227369171,sepsis,autorpa_233k,breakeven,198170105.145,1.052897,1.5,2.2,14.3,3.7,0.0,13.0,8.1,0.002,7.9,19344632.751,always_reactive,0.742048
h=0.1/q0=0.4/p=0.5/r=1/sig=0/cf=10.5094,A_core,0.1,0.4,0.5,1.0,0.0,1.0,10.509389227369171,sepsis,autorpa_233k,breakeven_cap_epoch,191463059.271,1.017262,0.8,1.7,8.8,2.7,0.0,10.8,4.9,0.002,4.9,11998569.681,always_reactive,0.742048
h=0.1/q0=0.4/p=0.5/r=1/sig=0/cf=10.5094,A_core,0.1,0.4,0.5,1.0,0.0,1.0,10.509389227369171,sepsis,autorpa_233k,offline_taxblind,168005533.972,0.89263,,,,,,,,,,,always_reactive,0.742048
h=0.1/q0=0.4/p=0.5/r=1/sig=0/cf=10.5094,A_core,0.1,0.4,0.5,1.0,0.0,1.0,10.509389227369171,sepsis,autorpa_233k,offline_opt_tax,168644118.934,0.896023,,,,,,,,,,,always_reactive,0.742048
h=0.1/q0=0.4/p=0.5/r=1/sig=0/cf=10.5094,A_core,0.1,0.4,0.5,1.0,0.0,1.0,10.509389227369171,sepsis,native,always_reactive,187135368.565,0.993413,0.0,0.0,0.0,0.0,0.0,0.0,0.0,0.002,0.0,0.0,always_reactive,0.708781
h=0.1/q0=0.4/p=0.5/r=1/sig=0/cf=10.5094,A_core,0.1,0.4,0.5,1.0,0.0,1.0,10.509389227369171,sepsis,native,always_compile_evict,264024331.661,1.40158,13.4,14.9,60.3,10.9,0.0,50.6,50.5,0.004,31.5,88531550.467,always_reactive,0.708781
h=0.1/q0=0.4/p=0.5/r=1/sig=0/cf=10.5094,A_core,0.1,0.4,0.5,1.0,0.0,1.0,10.509389227369171,sepsis,native,ours_noinflate,188376210.724,1.0,0.6,1.0,5.9,2.6,0.0,8.5,2.7,0.002,2.7,6757146.262,always_reactive,0.708781
h=0.1/q0=0.4/p=0.5/r=1/sig=0/cf=10.5094,A_core,0.1,0.4,0.5,1.0,0.0,1.0,10.509389227369171,sepsis,native,oracle_tax,195844901.898,1.039648,1.9,2.9,17.6,6.0,0.0,23.8,10.0,0.003,9.7,24275673.607,always_reactive,0.708781
h=0.1/q0=0.4/p=0.5/r=1/sig=0/cf=10.5094,A_core,0.1,0.4,0.5,1.0,0.0,1.0,10.509389227369171,sepsis,native,ours_spend_cap,188501131.907,1.000663,0.3,1.0,5.1,2.3,0.0,7.1,2.5,0.002,2.5,6256616.909,always_reactive,0.708781
h=0.1/q0=0.4/p=0.5/r=1/sig=0/cf=10.5094,A_core,0.1,0.4,0.5,1.0,0.0,1.0,10.509389227369171,sepsis,native,ours_cap_epoch,188665628.829,1.001536,0.4,1.0,5.5,2.4,0.0,7.6,2.7,0.002,2.7,6757146.262,always_reactive,0.708781
h=0.1/q0=0.4/p=0.5/r=1/sig=0/cf=10.5094,A_core,0.1,0.4,0.5,1.0,0.0,1.0,10.509389227369171,sepsis,native,ours_cap_realized,188713890.867,1.001793,0.5,1.0,5.7,2.5,0.0,7.9,2.7,0.002,2.7,6757146.262,always_reactive,0.708781
h=0.1/q0=0.4/p=0.5/r=1/sig=0/cf=10.5094,A_core,0.1,0.4,0.5,1.0,0.0,1.0,10.509389227369171,sepsis,native,ours_pi_prior,187315778.024,0.994371,0.4,0.7,3.3,1.5,0.0,4.9,1.4,0.002,1.4,3503705.469,always_reactive,0.708781
h=0.1/q0=0.4/p=0.5/r=1/sig=0/cf=10.5094,A_core,0.1,0.4,0.5,1.0,0.0,1.0,10.509389227369171,sepsis,native,breakeven,197623088.852,1.049087,1.2,2.2,13.7,3.5,0.0,12.8,7.5,0.002,7.5,18769850.727,always_reactive,0.708781
h=0.1/q0=0.4/p=0.5/r=1/sig=0/cf=10.5094,A_core,0.1,0.4,0.5,1.0,0.0,1.0,10.509389227369171,sepsis,native,breakeven_cap_epoch,191777226.929,1.018054,0.6,1.7,8.8,2.6,0.0,10.7,4.9,0.002,4.9,12262969.142,always_reactive,0.708781
h=0.1/q0=0.4/p=0.5/r=1/sig=0/cf=10.5094,A_core,0.1,0.4,0.5,1.0,0.0,1.0,10.509389227369171,sepsis,native,offline_taxblind,168170860.628,0.892739,,,,,,,,,,,always_reactive,0.708781
h=0.1/q0=0.4/p=0.5/r=1/sig=0/cf=10.5094,A_core,0.1,0.4,0.5,1.0,0.0,1.0,10.509389227369171,sepsis,native,offline_opt_tax,168808270.952,0.896123,,,,,,,,,,,always_reactive,0.708781
h=0.1/q0=0.4/p=0.5/r=1/sig=0/cf=10.5094,A_core,0.1,0.4,0.5,1.0,0.0,1.0,10.509389227369171,wiki_A,autorpa_233k,always_reactive,19487424199.81,1.001538,0.0,0.0,0.0,0.0,0.0,0.0,0.0,0.001,0.0,0.0,ours_cap_realized,0.744585
h=0.1/q0=0.4/p=0.5/r=1/sig=0/cf=10.5094,A_core,0.1,0.4,0.5,1.0,0.0,1.0,10.509389227369171,wiki_A,autorpa_233k,always_compile_evict,26131773025.365,1.343018,14.4,44.8,11794.8,5672.8,0.0,26041.5,10260.1,0.005,5900.0,14447257370.864,ours_cap_realized,0.744585
h=0.1/q0=0.4/p=0.5/r=1/sig=0/cf=10.5094,A_core,0.1,0.4,0.5,1.0,0.0,1.0,10.509389227369171,wiki_A,autorpa_233k,ours_noinflate,19457500710.559,1.0,0.8,5.1,164.8,73.9,0.0,332.0,89.6,0.002,80.0,195895015.198,ours_cap_realized,0.744585
h=0.1/q0=0.4/p=0.5/r=1/sig=0/cf=10.5094,A_core,0.1,0.4,0.5,1.0,0.0,1.0,10.509389227369171,wiki_A,autorpa_233k,oracle_tax,18534578867.271,0.952567,10.6,12.7,2711.9,1356.0,0.0,6238.3,1888.7,0.003,1345.3,3294219549.326,ours_cap_realized,0.744585
h=0.1/q0=0.4/p=0.5/r=1/sig=0/cf=10.5094,A_core,0.1,0.4,0.5,1.0,0.0,1.0,10.509389227369171,wiki_A,autorpa_233k,ours_spend_cap,19500270984.959,1.002198,0.8,4.9,58.1,20.1,0.0,89.8,33.3,0.001,28.7,70277336.702,ours_cap_realized,0.744585
h=0.1/q0=0.4/p=0.5/r=1/sig=0/cf=10.5094,A_core,0.1,0.4,0.5,1.0,0.0,1.0,10.509389227369171,wiki_A,autorpa_233k,ours_cap_epoch,19497297696.713,1.002045,0.8,4.9,62.8,22.5,0.0,101.6,35.5,0.001,30.9,75664449.62,ours_cap_realized,0.744585
h=0.1/q0=0.4/p=0.5/r=1/sig=0/cf=10.5094,A_core,0.1,0.4,0.5,1.0,0.0,1.0,10.509389227369171,wiki_A,autorpa_233k,ours_cap_realized,19457322877.995,0.999991,0.8,5.1,161.4,72.3,0.0,324.7,87.6,0.002,78.4,191977114.894,ours_cap_realized,0.744585
h=0.1/q0=0.4/p=0.5/r=1/sig=0/cf=10.5094,A_core,0.1,0.4,0.5,1.0,0.0,1.0,10.509389227369171,wiki_A,autorpa_233k,ours_pi_prior,19480447143.343,1.001179,0.0,3.2,78.3,33.3,0.0,150.5,40.9,0.001,38.2,93539869.757,ours_cap_realized,0.744585
h=0.1/q0=0.4/p=0.5/r=1/sig=0/cf=10.5094,A_core,0.1,0.4,0.5,1.0,0.0,1.0,10.509389227369171,wiki_A,autorpa_233k,breakeven,21295978738.567,1.094487,0.1,7.9,2064.7,928.1,0.0,4243.2,1720.4,0.002,1041.6,2550553097.88,ours_cap_realized,0.744585
h=0.1/q0=0.4/p=0.5/r=1/sig=0/cf=10.5094,A_core,0.1,0.4,0.5,1.0,0.0,1.0,10.509389227369171,wiki_A,autorpa_233k,breakeven_cap_epoch,19677038636.015,1.011283,0.0,5.1,211.0,57.6,0.0,267.8,152.6,0.001,105.3,257846813.755,ours_cap_realized,0.744585
h=0.1/q0=0.4/p=0.5/r=1/sig=0/cf=10.5094,A_core,0.1,0.4,0.5,1.0,0.0,1.0,10.509389227369171,wiki_A,autorpa_233k,offline_taxblind,11419351720.706,0.586887,,,,,,,,,,,ours_cap_realized,0.744585
h=0.1/q0=0.4/p=0.5/r=1/sig=0/cf=10.5094,A_core,0.1,0.4,0.5,1.0,0.0,1.0,10.509389227369171,wiki_A,autorpa_233k,offline_opt_tax,11452223683.513,0.588576,,,,,,,,,,,ours_cap_realized,0.744585
h=0.1/q0=0.4/p=0.5/r=1/sig=0/cf=10.5094,A_core,0.1,0.4,0.5,1.0,0.0,1.0,10.509389227369171,wiki_A,native,always_reactive,19487424199.81,1.001322,0.0,0.0,0.0,0.0,0.0,0.0,0.0,0.001,0.0,0.0,ours_noinflate,0.695128
h=0.1/q0=0.4/p=0.5/r=1/sig=0/cf=10.5094,A_core,0.1,0.4,0.5,1.0,0.0,1.0,10.509389227369171,wiki_A,native,always_compile_evict,27997279865.544,1.438584,13.8,51.3,11794.8,5672.8,0.0,26041.5,10279.1,0.005,5900.0,16149753492.239,ours_noinflate,0.695128
h=0.1/q0=0.4/p=0.5/r=1/sig=0/cf=10.5094,A_core,0.1,0.4,0.5,1.0,0.0,1.0,10.509389227369171,wiki_A,native,ours_noinflate,19461694903.766,1.0,0.8,5.1,163.3,72.9,0.0,328.8,88.8,0.002,79.2,198209623.68,ours_noinflate,0.695128
h=0.1/q0=0.4/p=0.5/r=1/sig=0/cf=10.5094,A_core,0.1,0.4,0.5,1.0,0.0,1.0,10.509389227369171,wiki_A,native,oracle_tax,18639839822.696,0.957771,11.5,13.2,2741.2,1367.2,0.0,6290.1,1907.3,0.003,1362.5,3389259648.999,ours_noinflate,0.695128
h=0.1/q0=0.4/p=0.5/r=1/sig=0/cf=10.5094,A_core,0.1,0.4,0.5,1.0,0.0,1.0,10.509389227369171,wiki_A,native,ours_spend_cap,19502233640.43,1.002083,0.8,4.9,58.1,19.8,0.0,89.3,33.3,0.001,28.7,71825962.116,ours_noinflate,0.695128
h=0.1/q0=0.4/p=0.5/r=1/sig=0/cf=10.5094,A_core,0.1,0.4,0.5,1.0,0.0,1.0,10.509389227369171,wiki_A,native,ours_cap_epoch,19499391298.078,1.001937,0.8,4.9,62.8,22.2,0.0,101.0,35.5,0.001,30.9,77331784.996,ours_noinflate,0.695128
h=0.1/q0=0.4/p=0.5/r=1/sig=0/cf=10.5094,A_core,0.1,0.4,0.5,1.0,0.0,1.0,10.509389227369171,wiki_A,native,ours_cap_realized,19461699895.222,1.0,0.8,5.1,160.0,71.4,0.0,321.5,86.9,0.002,77.7,194455653.535,ours_noinflate,0.695128
h=0.1/q0=0.4/p=0.5/r=1/sig=0/cf=10.5094,A_core,0.1,0.4,0.5,1.0,0.0,1.0,10.509389227369171,wiki_A,native,ours_pi_prior,19480185550.824,1.00095,0.0,3.0,74.8,32.5,0.0,146.6,38.9,0.001,36.4,91096342.196,ours_noinflate,0.695128
h=0.1/q0=0.4/p=0.5/r=1/sig=0/cf=10.5094,A_core,0.1,0.4,0.5,1.0,0.0,1.0,10.509389227369171,wiki_A,native,breakeven,21461484678.274,1.102755,0.3,8.2,1892.3,847.1,0.0,3890.6,1546.6,0.002,951.4,2680218560.631,ours_noinflate,0.695128
h=0.1/q0=0.4/p=0.5/r=1/sig=0/cf=10.5094,A_core,0.1,0.4,0.5,1.0,0.0,1.0,10.509389227369171,wiki_A,native,breakeven_cap_epoch,19684353832.094,1.011441,0.2,5.3,210.5,57.4,0.0,267.5,153.6,0.001,104.9,263959743.151,ours_noinflate,0.695128
h=0.1/q0=0.4/p=0.5/r=1/sig=0/cf=10.5094,A_core,0.1,0.4,0.5,1.0,0.0,1.0,10.509389227369171,wiki_A,native,offline_taxblind,11423379705.335,0.586967,,,,,,,,,,,ours_noinflate,0.695128
h=0.1/q0=0.4/p=0.5/r=1/sig=0/cf=10.5094,A_core,0.1,0.4,0.5,1.0,0.0,1.0,10.509389227369171,wiki_A,native,offline_opt_tax,11461414078.762,0.588922,,,,,,,,,,,ours_noinflate,0.695128
h=0.1/q0=0.4/p=0.5/r=1/sig=0/cf=10.5094,A_core,0.1,0.4,0.5,1.0,0.0,1.0,10.509389227369171,wiki_B,autorpa_233k,always_reactive,16977748066.619,0.995574,0.0,0.0,0.0,0.0,0.0,0.0,0.0,0.002,0.0,0.0,always_reactive,0.689573
h=0.1/q0=0.4/p=0.5/r=1/sig=0/cf=10.5094,A_core,0.1,0.4,0.5,1.0,0.0,1.0,10.509389227369171,wiki_B,autorpa_233k,always_compile_evict,24620654602.628,1.443754,91.8,102.5,7195.1,2431.9,0.0,11280.8,6700.8,0.027,3581.3,8769485224.115,always_reactive,0.689573
h=0.1/q0=0.4/p=0.5/r=1/sig=0/cf=10.5094,A_core,0.1,0.4,0.5,1.0,0.0,1.0,10.509389227369171,wiki_B,autorpa_233k,ours_noinflate,17053218925.079,1.0,7.3,12.0,410.7,142.3,0.0,654.6,288.8,0.005,199.0,487288850.305,always_reactive,0.689573
h=0.1/q0=0.4/p=0.5/r=1/sig=0/cf=10.5094,A_core,0.1,0.4,0.5,1.0,0.0,1.0,10.509389227369171,wiki_B,autorpa_233k,oracle_tax,16976963974.153,0.995528,29.2,30.9,382.6,163.5,0.0,776.1,274.3,0.005,189.9,465005792.327,always_reactive,0.689573
h=0.1/q0=0.4/p=0.5/r=1/sig=0/cf=10.5094,A_core,0.1,0.4,0.5,1.0,0.0,1.0,10.509389227369171,wiki_B,autorpa_233k,ours_spend_cap,17107582771.845,1.003188,5.9,10.5,255.4,65.8,0.0,305.8,145.8,0.004,124.4,304616748.633,always_reactive,0.689573
h=0.1/q0=0.4/p=0.5/r=1/sig=0/cf=10.5094,A_core,0.1,0.4,0.5,1.0,0.0,1.0,10.509389227369171,wiki_B,autorpa_233k,ours_cap_epoch,17110396634.699,1.003353,6.0,10.9,268.8,71.3,0.0,330.0,157.5,0.004,131.4,321757562.463,always_reactive,0.689573
h=0.1/q0=0.4/p=0.5/r=1/sig=0/cf=10.5094,A_core,0.1,0.4,0.5,1.0,0.0,1.0,10.509389227369171,wiki_B,autorpa_233k,ours_cap_realized,17055891558.806,1.000157,6.8,11.7,400.7,138.0,0.0,636.3,279.1,0.004,194.7,476759493.239,always_reactive,0.689573
h=0.1/q0=0.4/p=0.5/r=1/sig=0/cf=10.5094,A_core,0.1,0.4,0.5,1.0,0.0,1.0,10.509389227369171,wiki_B,autorpa_233k,ours_pi_prior,17036911089.749,0.999044,6.1,9.6,415.1,153.0,0.0,700.6,307.5,0.004,205.8,503939926.597,always_reactive,0.689573
h=0.1/q0=0.4/p=0.5/r=1/sig=0/cf=10.5094,A_core,0.1,0.4,0.5,1.0,0.0,1.0,10.509389227369171,wiki_B,autorpa_233k,breakeven,18374739959.808,1.077494,6.9,13.3,1235.2,212.3,0.0,973.0,943.8,0.004,614.8,1505453191.798,always_reactive,0.689573
h=0.1/q0=0.4/p=0.5/r=1/sig=0/cf=10.5094,A_core,0.1,0.4,0.5,1.0,0.0,1.0,10.509389227369171,wiki_B,autorpa_233k,breakeven_cap_epoch,17815987603.76,1.044729,5.1,9.9,751.9,102.4,0.0,472.0,556.5,0.004,370.6,907483657.905,always_reactive,0.689573
h=0.1/q0=0.4/p=0.5/r=1/sig=0/cf=10.5094,A_core,0.1,0.4,0.5,1.0,0.0,1.0,10.509389227369171,wiki_B,autorpa_233k,offline_taxblind,14932232565.496,0.875625,,,,,,,,,,,always_reactive,0.689573
h=0.1/q0=0.4/p=0.5/r=1/sig=0/cf=10.5094,A_core,0.1,0.4,0.5,1.0,0.0,1.0,10.509389227369171,wiki_B,autorpa_233k,offline_opt_tax,15084277072.003,0.884541,,,,,,,,,,,always_reactive,0.689573
h=0.1/q0=0.4/p=0.5/r=1/sig=0/cf=10.5094,A_core,0.1,0.4,0.5,1.0,0.0,1.0,10.509389227369171,wiki_B,native,always_reactive,16977748066.619,0.995016,0.0,0.0,0.0,0.0,0.0,0.0,0.0,0.002,0.0,0.0,always_reactive,0.656353
h=0.1/q0=0.4/p=0.5/r=1/sig=0/cf=10.5094,A_core,0.1,0.4,0.5,1.0,0.0,1.0,10.509389227369171,wiki_B,native,always_compile_evict,25866785422.494,1.515977,92.4,105.8,7195.1,2431.9,0.0,11280.8,6701.6,0.026,3581.3,9900885315.501,always_reactive,0.656353
h=0.1/q0=0.4/p=0.5/r=1/sig=0/cf=10.5094,A_core,0.1,0.4,0.5,1.0,0.0,1.0,10.509389227369171,wiki_B,native,ours_noinflate,17062784918.545,1.0,7.4,12.0,404.6,141.2,0.0,649.1,287.9,0.005,196.5,491770089.055,always_reactive,0.656353
h=0.1/q0=0.4/p=0.5/r=1/sig=0/cf=10.5094,A_core,0.1,0.4,0.5,1.0,0.0,1.0,10.509389227369171,wiki_B,native,oracle_tax,16986416730.434,0.995524,29.3,31.0,379.2,161.9,0.0,770.1,271.8,0.005,188.0,470497591.564,always_reactive,0.656353
h=0.1/q0=0.4/p=0.5/r=1/sig=0/cf=10.5094,A_core,0.1,0.4,0.5,1.0,0.0,1.0,10.509389227369171,wiki_B,native,ours_spend_cap,17112779555.317,1.00293,6.0,10.6,249.8,64.8,0.0,301.5,144.7,0.004,122.3,306073699.193,always_reactive,0.656353
h=0.1/q0=0.4/p=0.5/r=1/sig=0/cf=10.5094,A_core,0.1,0.4,0.5,1.0,0.0,1.0,10.509389227369171,wiki_B,native,ours_cap_epoch,17116019707.954,1.00312,6.1,11.0,263.2,70.3,0.0,325.6,156.5,0.004,129.3,323592226.538,always_reactive,0.656353
h=0.1/q0=0.4/p=0.5/r=1/sig=0/cf=10.5094,A_core,0.1,0.4,0.5,1.0,0.0,1.0,10.509389227369171,wiki_B,native,ours_cap_realized,17064542982.94,1.000103,6.9,11.8,394.1,136.7,0.0,630.0,277.3,0.005,192.0,480508178.618,always_reactive,0.656353
h=0.1/q0=0.4/p=0.5/r=1/sig=0/cf=10.5094,A_core,0.1,0.4,0.5,1.0,0.0,1.0,10.509389227369171,wiki_B,native,ours_pi_prior,17036258681.04,0.998445,5.8,9.1,384.2,143.7,0.0,656.6,288.4,0.004,189.6,474501826.385,always_reactive,0.656353
h=0.1/q0=0.4/p=0.5/r=1/sig=0/cf=10.5094,A_core,0.1,0.4,0.5,1.0,0.0,1.0,10.509389227369171,wiki_B,native,breakeven,18429545595.472,1.080102,7.3,13.5,1249.4,212.3,0.0,956.2,961.9,0.004,622.3,1554554251.342,always_reactive,0.656353
h=0.1/q0=0.4/p=0.5/r=1/sig=0/cf=10.5094,A_core,0.1,0.4,0.5,1.0,0.0,1.0,10.509389227369171,wiki_B,native,breakeven_cap_epoch,17817844604.347,1.044252,5.0,10.2,742.8,97.8,0.0,452.6,550.7,0.004,365.5,909051048.216,always_reactive,0.656353
h=0.1/q0=0.4/p=0.5/r=1/sig=0/cf=10.5094,A_core,0.1,0.4,0.5,1.0,0.0,1.0,10.509389227369171,wiki_B,native,offline_taxblind,14932171331.496,0.875131,,,,,,,,,,,always_reactive,0.656353
h=0.1/q0=0.4/p=0.5/r=1/sig=0/cf=10.5094,A_core,0.1,0.4,0.5,1.0,0.0,1.0,10.509389227369171,wiki_B,native,offline_opt_tax,15092780311.357,0.884544,,,,,,,,,,,always_reactive,0.656353
h=0.1/q0=0.4/p=0.5/r=1/sig=0/cf=1,A_core,0.1,0.4,0.5,1.0,0.0,1.0,1.0,bpi2019,autorpa_233k,always_reactive,28364744721.458,1.182166,0.0,0.0,0.0,0.0,0.0,0.0,0.0,0.003,0.0,0.0,ours_noinflate,0.859589
h=0.1/q0=0.4/p=0.5/r=1/sig=0/cf=1,A_core,0.1,0.4,0.5,1.0,0.0,1.0,1.0,bpi2019,autorpa_233k,always_compile_evict,27913207786.474,1.163347,62.0,93.0,45547.5,21386.9,0.0,98423.7,44881.7,0.055,22827.0,5318691000.0,ours_noinflate,0.859589
h=0.1/q0=0.4/p=0.5/r=1/sig=0/cf=1,A_core,0.1,0.4,0.5,1.0,0.0,1.0,1.0,bpi2019,autorpa_233k,ours_noinflate,23993884869.011,1.0,16.6,33.1,12595.0,5914.0,0.0,27162.6,12118.5,0.021,6315.5,1471511500.0,ours_noinflate,0.859589
h=0.1/q0=0.4/p=0.5/r=1/sig=0/cf=1,A_core,0.1,0.4,0.5,1.0,0.0,1.0,1.0,bpi2019,autorpa_233k,oracle_tax,27992194210.553,1.166639,18.2,22.7,617.7,285.5,0.0,1253.9,448.7,0.005,314.0,73162000.0,ours_noinflate,0.859589
h=0.1/q0=0.4/p=0.5/r=1/sig=0/cf=1,A_core,0.1,0.4,0.5,1.0,0.0,1.0,1.0,bpi2019,autorpa_233k,ours_spend_cap,27407634251.704,1.142276,9.4,24.0,2086.7,721.9,0.0,3299.6,1631.7,0.013,1035.2,241201600.0,ours_noinflate,0.859589
h=0.1/q0=0.4/p=0.5/r=1/sig=0/cf=1,A_core,0.1,0.4,0.5,1.0,0.0,1.0,1.0,bpi2019,autorpa_233k,ours_cap_epoch,25316893868.511,1.055139,14.0,28.7,3870.7,1590.3,0.0,7324.0,3385.3,0.018,1929.8,449643400.0,ours_noinflate,0.859589
h=0.1/q0=0.4/p=0.5/r=1/sig=0/cf=1,A_core,0.1,0.4,0.5,1.0,0.0,1.0,1.0,bpi2019,autorpa_233k,ours_cap_realized,24140262586.391,1.006101,16.5,32.8,11633.6,5431.5,0.0,24976.1,11156.7,0.021,5837.6,1360160800.0,ours_noinflate,0.859589
h=0.1/q0=0.4/p=0.5/r=1/sig=0/cf=1,A_core,0.1,0.4,0.5,1.0,0.0,1.0,1.0,bpi2019,autorpa_233k,ours_pi_prior,25155360857.874,1.048407,11.9,28.1,4956.1,2165.8,0.0,9902.9,4520.3,0.018,2474.3,576511900.0,ours_noinflate,0.859589
h=0.1/q0=0.4/p=0.5/r=1/sig=0/cf=1,A_core,0.1,0.4,0.5,1.0,0.0,1.0,1.0,bpi2019,autorpa_233k,breakeven,28472723537.35,1.186666,1.2,10.7,1716.5,310.8,0.0,1423.6,1383.3,0.005,859.3,200216900.0,ours_noinflate,0.859589
h=0.1/q0=0.4/p=0.5/r=1/sig=0/cf=1,A_core,0.1,0.4,0.5,1.0,0.0,1.0,1.0,bpi2019,autorpa_233k,breakeven_cap_epoch,28424410887.765,1.184652,0.8,9.9,1417.0,222.9,0.0,1026.6,1108.2,0.005,711.0,165663000.0,ours_noinflate,0.859589
h=0.1/q0=0.4/p=0.5/r=1/sig=0/cf=1,A_core,0.1,0.4,0.5,1.0,0.0,1.0,1.0,bpi2019,autorpa_233k,offline_taxblind,21948865546.732,0.914769,,,,,,,,,,,ours_noinflate,0.859589
h=0.1/q0=0.4/p=0.5/r=1/sig=0/cf=1,A_core,0.1,0.4,0.5,1.0,0.0,1.0,1.0,bpi2019,autorpa_233k,offline_opt_tax,22234924330.017,0.926691,,,,,,,,,,,ours_noinflate,0.859589
h=0.1/q0=0.4/p=0.5/r=1/sig=0/cf=1,A_core,0.1,0.4,0.5,1.0,0.0,1.0,1.0,bpi2019,native,always_reactive,28364744721.458,1.177235,0.0,0.0,0.0,0.0,0.0,0.0,0.0,0.003,0.0,0.0,ours_noinflate,0.77414
h=0.1/q0=0.4/p=0.5/r=1/sig=0/cf=1,A_core,0.1,0.4,0.5,1.0,0.0,1.0,1.0,bpi2019,native,always_compile_evict,31124071741.957,1.291756,57.5,95.9,45547.5,21386.9,0.0,98423.7,44876.5,0.051,22827.0,6890284515.791,ours_noinflate,0.77414
h=0.1/q0=0.4/p=0.5/r=1/sig=0/cf=1,A_core,0.1,0.4,0.5,1.0,0.0,1.0,1.0,bpi2019,native,ours_noinflate,24094387140.191,1.0,18.6,35.2,13572.6,6357.0,0.0,29203.0,13080.8,0.023,6803.1,1570274243.067,ours_noinflate,0.77414
h=0.1/q0=0.4/p=0.5/r=1/sig=0/cf=1,A_core,0.1,0.4,0.5,1.0,0.0,1.0,1.0,bpi2019,native,oracle_tax,28000151270.05,1.162103,18.4,23.4,625.0,288.9,0.0,1266.7,455.2,0.005,317.7,74590576.011,ours_noinflate,0.77414
h=0.1/q0=0.4/p=0.5/r=1/sig=0/cf=1,A_core,0.1,0.4,0.5,1.0,0.0,1.0,1.0,bpi2019,native,ours_spend_cap,27447148129.591,1.139151,10.4,26.0,2353.4,814.3,0.0,3745.1,1888.0,0.014,1167.7,264812414.523,ours_noinflate,0.77414
h=0.1/q0=0.4/p=0.5/r=1/sig=0/cf=1,A_core,0.1,0.4,0.5,1.0,0.0,1.0,1.0,bpi2019,native,ours_cap_epoch,25369017356.102,1.052902,15.5,30.4,4214.7,1721.0,0.0,7934.9,3715.4,0.019,2100.0,483037346.778,ours_noinflate,0.77414
h=0.1/q0=0.4/p=0.5/r=1/sig=0/cf=1,A_core,0.1,0.4,0.5,1.0,0.0,1.0,1.0,bpi2019,native,ours_cap_realized,24235303063.205,1.005848,18.4,34.9,12609.1,5873.7,0.0,27013.5,12116.8,0.023,6324.4,1456345276.676,ours_noinflate,0.77414
h=0.1/q0=0.4/p=0.5/r=1/sig=0/cf=1,A_core,0.1,0.4,0.5,1.0,0.0,1.0,1.0,bpi2019,native,ours_pi_prior,25203242353.664,1.046021,13.3,31.2,6283.7,2785.7,0.0,12786.7,5824.3,0.019,3140.4,683992093.158,ours_noinflate,0.77414
h=0.1/q0=0.4/p=0.5/r=1/sig=0/cf=1,A_core,0.1,0.4,0.5,1.0,0.0,1.0,1.0,bpi2019,native,breakeven,28494356445.828,1.182614,1.6,10.8,1744.0,327.1,0.0,1489.7,1409.8,0.005,869.6,212028380.48,ours_noinflate,0.77414
h=0.1/q0=0.4/p=0.5/r=1/sig=0/cf=1,A_core,0.1,0.4,0.5,1.0,0.0,1.0,1.0,bpi2019,native,breakeven_cap_epoch,28419703564.696,1.179516,1.6,10.1,1424.8,226.8,0.0,1043.9,1118.3,0.005,713.1,164985201.22,ours_noinflate,0.77414
h=0.1/q0=0.4/p=0.5/r=1/sig=0/cf=1,A_core,0.1,0.4,0.5,1.0,0.0,1.0,1.0,bpi2019,native,offline_taxblind,21935930700.355,0.910417,,,,,,,,,,,ours_noinflate,0.77414
h=0.1/q0=0.4/p=0.5/r=1/sig=0/cf=1,A_core,0.1,0.4,0.5,1.0,0.0,1.0,1.0,bpi2019,native,offline_opt_tax,22248863823.998,0.923404,,,,,,,,,,,ours_noinflate,0.77414
h=0.1/q0=0.4/p=0.5/r=1/sig=0/cf=1,A_core,0.1,0.4,0.5,1.0,0.0,1.0,1.0,sepsis,autorpa_233k,always_reactive,187135368.565,1.076136,0.0,0.0,0.0,0.0,0.0,0.0,0.0,0.002,0.0,0.0,ours_noinflate,0.953409
h=0.1/q0=0.4/p=0.5/r=1/sig=0/cf=1,A_core,0.1,0.4,0.5,1.0,0.0,1.0,1.0,sepsis,autorpa_233k,always_compile_evict,182393653.524,1.048868,14.2,15.6,60.3,10.9,0.0,50.6,51.0,0.006,31.5,7339500.0,ours_noinflate,0.953409
h=0.1/q0=0.4/p=0.5/r=1/sig=0/cf=1,A_core,0.1,0.4,0.5,1.0,0.0,1.0,1.0,sepsis,autorpa_233k,ours_noinflate,173895679.093,1.0,3.2,3.4,18.5,5.7,0.0,23.3,10.2,0.003,9.6,2236800.0,ours_noinflate,0.953409
h=0.1/q0=0.4/p=0.5/r=1/sig=0/cf=1,A_core,0.1,0.4,0.5,1.0,0.0,1.0,1.0,sepsis,autorpa_233k,oracle_tax,173788766.782,0.999385,1.9,2.9,17.6,6.0,0.0,23.8,10.0,0.003,9.7,2260100.0,ours_noinflate,0.953409
h=0.1/q0=0.4/p=0.5/r=1/sig=0/cf=1,A_core,0.1,0.4,0.5,1.0,0.0,1.0,1.0,sepsis,autorpa_233k,ours_spend_cap,173895679.093,1.0,3.2,3.4,18.5,5.7,0.0,23.3,10.2,0.003,9.6,2236800.0,ours_noinflate,0.953409
h=0.1/q0=0.4/p=0.5/r=1/sig=0/cf=1,A_core,0.1,0.4,0.5,1.0,0.0,1.0,1.0,sepsis,autorpa_233k,ours_cap_epoch,173895679.093,1.0,3.2,3.4,18.5,5.7,0.0,23.3,10.2,0.003,9.6,2236800.0,ours_noinflate,0.953409
h=0.1/q0=0.4/p=0.5/r=1/sig=0/cf=1,A_core,0.1,0.4,0.5,1.0,0.0,1.0,1.0,sepsis,autorpa_233k,ours_cap_realized,173895679.093,1.0,3.2,3.4,18.5,5.7,0.0,23.3,10.2,0.003,9.6,2236800.0,ours_noinflate,0.953409
h=0.1/q0=0.4/p=0.5/r=1/sig=0/cf=1,A_core,0.1,0.4,0.5,1.0,0.0,1.0,1.0,sepsis,autorpa_233k,ours_pi_prior,174540895.338,1.00371,2.4,2.8,17.5,5.5,0.0,22.4,9.9,0.003,9.6,2236800.0,ours_noinflate,0.953409
h=0.1/q0=0.4/p=0.5/r=1/sig=0/cf=1,A_core,0.1,0.4,0.5,1.0,0.0,1.0,1.0,sepsis,autorpa_233k,breakeven,180666172.394,1.038934,1.5,2.2,14.3,3.7,0.0,13.0,8.1,0.003,7.9,1840700.0,ours_noinflate,0.953409
h=0.1/q0=0.4/p=0.5/r=1/sig=0/cf=1,A_core,0.1,0.4,0.5,1.0,0.0,1.0,1.0,sepsis,autorpa_233k,breakeven_cap_epoch,180666172.394,1.038934,1.5,2.2,14.3,3.7,0.0,13.0,8.1,0.003,7.9,1840700.0,ours_noinflate,0.953409
h=0.1/q0=0.4/p=0.5/r=1/sig=0/cf=1,A_core,0.1,0.4,0.5,1.0,0.0,1.0,1.0,sepsis,autorpa_233k,offline_taxblind,168005533.972,0.966128,,,,,,,,,,,ours_noinflate,0.953409
h=0.1/q0=0.4/p=0.5/r=1/sig=0/cf=1,A_core,0.1,0.4,0.5,1.0,0.0,1.0,1.0,sepsis,autorpa_233k,offline_opt_tax,168644118.934,0.969801,,,,,,,,,,,ours_noinflate,0.953409
h=0.1/q0=0.4/p=0.5/r=1/sig=0/cf=1,A_core,0.1,0.4,0.5,1.0,0.0,1.0,1.0,sepsis,native,always_reactive,187135368.565,1.07434,0.0,0.0,0.0,0.0,0.0,0.0,0.0,0.002,0.0,0.0,ours_noinflate,0.947093
h=0.1/q0=0.4/p=0.5/r=1/sig=0/cf=1,A_core,0.1,0.4,0.5,1.0,0.0,1.0,1.0,sepsis,native,always_compile_evict,183916824.548,1.055863,13.4,14.9,60.3,10.9,0.0,50.6,50.5,0.006,31.5,8424043.353,ours_noinflate,0.947093
h=0.1/q0=0.4/p=0.5/r=1/sig=0/cf=1,A_core,0.1,0.4,0.5,1.0,0.0,1.0,1.0,sepsis,native,ours_noinflate,174186325.471,1.0,4.1,4.4,20.7,6.0,0.0,24.3,12.4,0.003,10.6,2430001.935,ours_noinflate,0.947093
h=0.1/q0=0.4/p=0.5/r=1/sig=0/cf=1,A_core,0.1,0.4,0.5,1.0,0.0,1.0,1.0,sepsis,native,oracle_tax,173879131.662,0.998236,1.9,2.9,17.6,6.0,0.0,23.8,10.0,0.003,9.7,2309903.371,ours_noinflate,0.947093
h=0.1/q0=0.4/p=0.5/r=1/sig=0/cf=1,A_core,0.1,0.4,0.5,1.0,0.0,1.0,1.0,sepsis,native,ours_spend_cap,174186325.471,1.0,4.1,4.4,20.7,6.0,0.0,24.3,12.4,0.003,10.6,2430001.935,ours_noinflate,0.947093
h=0.1/q0=0.4/p=0.5/r=1/sig=0/cf=1,A_core,0.1,0.4,0.5,1.0,0.0,1.0,1.0,sepsis,native,ours_cap_epoch,174186325.471,1.0,4.1,4.4,20.7,6.0,0.0,24.3,12.4,0.003,10.6,2430001.935,ours_noinflate,0.947093
h=0.1/q0=0.4/p=0.5/r=1/sig=0/cf=1,A_core,0.1,0.4,0.5,1.0,0.0,1.0,1.0,sepsis,native,ours_cap_realized,174186325.471,1.0,4.1,4.4,20.7,6.0,0.0,24.3,12.4,0.003,10.6,2430001.935,ours_noinflate,0.947093
h=0.1/q0=0.4/p=0.5/r=1/sig=0/cf=1,A_core,0.1,0.4,0.5,1.0,0.0,1.0,1.0,sepsis,native,ours_pi_prior,174726153.393,1.003099,2.8,3.2,18.4,5.5,0.0,22.4,10.8,0.003,10.1,2358045.935,ours_noinflate,0.947093
h=0.1/q0=0.4/p=0.5/r=1/sig=0/cf=1,A_core,0.1,0.4,0.5,1.0,0.0,1.0,1.0,sepsis,native,breakeven,180639245.886,1.037046,1.2,2.2,13.7,3.5,0.0,12.8,7.5,0.003,7.5,1786007.761,ours_noinflate,0.947093
h=0.1/q0=0.4/p=0.5/r=1/sig=0/cf=1,A_core,0.1,0.4,0.5,1.0,0.0,1.0,1.0,sepsis,native,breakeven_cap_epoch,180639245.886,1.037046,1.2,2.2,13.7,3.5,0.0,12.8,7.5,0.003,7.5,1786007.761,ours_noinflate,0.947093
h=0.1/q0=0.4/p=0.5/r=1/sig=0/cf=1,A_core,0.1,0.4,0.5,1.0,0.0,1.0,1.0,sepsis,native,offline_taxblind,168170860.628,0.965465,,,,,,,,,,,ours_noinflate,0.947093
h=0.1/q0=0.4/p=0.5/r=1/sig=0/cf=1,A_core,0.1,0.4,0.5,1.0,0.0,1.0,1.0,sepsis,native,offline_opt_tax,168808270.952,0.969125,,,,,,,,,,,ours_noinflate,0.947093
h=0.1/q0=0.4/p=0.5/r=1/sig=0/cf=1,A_core,0.1,0.4,0.5,1.0,0.0,1.0,1.0,wiki_A,autorpa_233k,always_reactive,19487424199.81,1.586431,0.0,0.0,0.0,0.0,0.0,0.0,0.0,0.001,0.0,0.0,ours_noinflate,0.940624
h=0.1/q0=0.4/p=0.5/r=1/sig=0/cf=1,A_core,0.1,0.4,0.5,1.0,0.0,1.0,1.0,wiki_A,autorpa_233k,always_compile_evict,13059215654.492,1.063124,14.4,44.8,11794.8,5672.8,0.0,26041.5,10260.1,0.01,5900.0,1374700000.0,ours_noinflate,0.940624
h=0.1/q0=0.4/p=0.5/r=1/sig=0/cf=1,A_core,0.1,0.4,0.5,1.0,0.0,1.0,1.0,wiki_A,autorpa_233k,ours_noinflate,12283812902.703,1.0,6.0,19.5,5521.6,2708.6,0.0,12454.5,4128.8,0.005,2748.3,640353900.0,ours_noinflate,0.940624
h=0.1/q0=0.4/p=0.5/r=1/sig=0/cf=1,A_core,0.1,0.4,0.5,1.0,0.0,1.0,1.0,wiki_A,autorpa_233k,oracle_tax,15553814217.943,1.266204,10.6,12.7,2711.9,1356.0,0.0,6238.3,1888.7,0.003,1345.3,313454900.0,ours_noinflate,0.940624
h=0.1/q0=0.4/p=0.5/r=1/sig=0/cf=1,A_core,0.1,0.4,0.5,1.0,0.0,1.0,1.0,wiki_A,autorpa_233k,ours_spend_cap,19166869926.401,1.560336,3.2,17.3,472.4,181.9,0.0,852.3,305.9,0.003,236.4,55081200.0,ours_noinflate,0.940624
h=0.1/q0=0.4/p=0.5/r=1/sig=0/cf=1,A_core,0.1,0.4,0.5,1.0,0.0,1.0,1.0,wiki_A,autorpa_233k,ours_cap_epoch,12359854859.201,1.00619,5.1,18.4,5043.8,2469.4,0.0,11364.1,3744.5,0.005,2513.8,585715400.0,ours_noinflate,0.940624
h=0.1/q0=0.4/p=0.5/r=1/sig=0/cf=1,A_core,0.1,0.4,0.5,1.0,0.0,1.0,1.0,wiki_A,autorpa_233k,ours_cap_realized,12286015472.317,1.000179,6.0,19.5,5506.9,2701.6,0.0,12428.3,4119.3,0.005,2740.8,638606400.0,ours_noinflate,0.940624
h=0.1/q0=0.4/p=0.5/r=1/sig=0/cf=1,A_core,0.1,0.4,0.5,1.0,0.0,1.0,1.0,wiki_A,autorpa_233k,ours_pi_prior,13604406360.377,1.107507,3.8,15.0,4589.9,2258.2,0.0,10422.6,3432.0,0.004,2281.5,531589500.0,ours_noinflate,0.940624
h=0.1/q0=0.4/p=0.5/r=1/sig=0/cf=1,A_core,0.1,0.4,0.5,1.0,0.0,1.0,1.0,wiki_A,autorpa_233k,breakeven,18988118440.699,1.545784,0.1,7.9,2064.7,928.1,0.0,4243.2,1720.4,0.002,1041.6,242692800.0,ours_noinflate,0.940624
h=0.1/q0=0.4/p=0.5/r=1/sig=0/cf=1,A_core,0.1,0.4,0.5,1.0,0.0,1.0,1.0,wiki_A,autorpa_233k,breakeven_cap_epoch,18838329193.472,1.53359,0.0,6.9,755.2,296.4,0.0,1385.3,474.2,0.002,377.9,88050700.0,ours_noinflate,0.940624
h=0.1/q0=0.4/p=0.5/r=1/sig=0/cf=1,A_core,0.1,0.4,0.5,1.0,0.0,1.0,1.0,wiki_A,autorpa_233k,offline_taxblind,11419351720.706,0.929626,,,,,,,,,,,ours_noinflate,0.940624
h=0.1/q0=0.4/p=0.5/r=1/sig=0/cf=1,A_core,0.1,0.4,0.5,1.0,0.0,1.0,1.0,wiki_A,autorpa_233k,offline_opt_tax,11452223683.513,0.932302,,,,,,,,,,,ours_noinflate,0.940624
h=0.1/q0=0.4/p=0.5/r=1/sig=0/cf=1,A_core,0.1,0.4,0.5,1.0,0.0,1.0,1.0,wiki_A,native,always_reactive,19487424199.81,1.581462,0.0,0.0,0.0,0.0,0.0,0.0,0.0,0.001,0.0,0.0,ours_cap_realized,0.920657
h=0.1/q0=0.4/p=0.5/r=1/sig=0/cf=1,A_core,0.1,0.4,0.5,1.0,0.0,1.0,1.0,wiki_A,native,always_compile_evict,13384224000.798,1.086169,13.8,51.3,11794.8,5672.8,0.0,26041.5,10279.1,0.01,5900.0,1536697627.506,ours_cap_realized,0.920657
h=0.1/q0=0.4/p=0.5/r=1/sig=0/cf=1,A_core,0.1,0.4,0.5,1.0,0.0,1.0,1.0,wiki_A,native,ours_noinflate,12322411199.977,1.0,6.1,20.2,5628.5,2755.0,0.0,12672.5,4247.1,0.005,2804.8,658327438.795,ours_cap_realized,0.920657
h=0.1/q0=0.4/p=0.5/r=1/sig=0/cf=1,A_core,0.1,0.4,0.5,1.0,0.0,1.0,1.0,wiki_A,native,oracle_tax,15573078425.085,1.263801,11.5,13.2,2741.2,1367.2,0.0,6290.1,1907.3,0.003,1362.5,322498251.39,ours_cap_realized,0.920657
h=0.1/q0=0.4/p=0.5/r=1/sig=0/cf=1,A_core,0.1,0.4,0.5,1.0,0.0,1.0,1.0,wiki_A,native,ours_spend_cap,19171815416.339,1.555849,3.2,17.4,508.8,194.9,0.0,909.8,336.6,0.003,256.2,58899444.081,ours_cap_realized,0.920657
h=0.1/q0=0.4/p=0.5/r=1/sig=0/cf=1,A_core,0.1,0.4,0.5,1.0,0.0,1.0,1.0,wiki_A,native,ours_cap_epoch,12388752389.623,1.005384,5.1,19.0,5089.5,2486.6,0.0,11440.1,3785.9,0.005,2538.0,601727955.663,ours_cap_realized,0.920657
h=0.1/q0=0.4/p=0.5/r=1/sig=0/cf=1,A_core,0.1,0.4,0.5,1.0,0.0,1.0,1.0,wiki_A,native,ours_cap_realized,12322279054.867,0.999989,6.0,20.1,5627.7,2754.8,0.0,12671.0,4246.4,0.005,2804.4,658232185.048,ours_cap_realized,0.920657
h=0.1/q0=0.4/p=0.5/r=1/sig=0/cf=1,A_core,0.1,0.4,0.5,1.0,0.0,1.0,1.0,wiki_A,native,ours_pi_prior,13627078041.014,1.105878,4.4,16.0,4893.6,2396.2,0.0,11055.9,3732.2,0.004,2439.7,565571060.855,ours_cap_realized,0.920657
h=0.1/q0=0.4/p=0.5/r=1/sig=0/cf=1,A_core,0.1,0.4,0.5,1.0,0.0,1.0,1.0,wiki_A,native,breakeven,19036296976.505,1.544852,0.3,8.2,1892.3,847.1,0.0,3890.6,1546.6,0.002,951.4,255030858.849,ours_cap_realized,0.920657
h=0.1/q0=0.4/p=0.5/r=1/sig=0/cf=1,A_core,0.1,0.4,0.5,1.0,0.0,1.0,1.0,wiki_A,native,breakeven_cap_epoch,18839015406.943,1.528842,0.2,7.1,758.9,298.6,0.0,1397.6,476.0,0.002,380.5,89333059.97,ours_cap_realized,0.920657
h=0.1/q0=0.4/p=0.5/r=1/sig=0/cf=1,A_core,0.1,0.4,0.5,1.0,0.0,1.0,1.0,wiki_A,native,offline_taxblind,11423379705.335,0.927041,,,,,,,,,,,ours_cap_realized,0.920657
h=0.1/q0=0.4/p=0.5/r=1/sig=0/cf=1,A_core,0.1,0.4,0.5,1.0,0.0,1.0,1.0,wiki_A,native,offline_opt_tax,11461414078.762,0.930128,,,,,,,,,,,ours_cap_realized,0.920657
h=0.1/q0=0.4/p=0.5/r=1/sig=0/cf=1,A_core,0.1,0.4,0.5,1.0,0.0,1.0,1.0,wiki_B,autorpa_233k,always_reactive,16977748066.619,1.083281,0.0,0.0,0.0,0.0,0.0,0.0,0.0,0.002,0.0,0.0,ours_pi_prior,0.938868
h=0.1/q0=0.4/p=0.5/r=1/sig=0/cf=1,A_core,0.1,0.4,0.5,1.0,0.0,1.0,1.0,wiki_B,autorpa_233k,always_compile_evict,16685612278.518,1.064641,91.8,102.5,7195.1,2431.9,0.0,11280.8,6700.8,0.04,3581.3,834442900.0,ours_pi_prior,0.938868
h=0.1/q0=0.4/p=0.5/r=1/sig=0/cf=1,A_core,0.1,0.4,0.5,1.0,0.0,1.0,1.0,wiki_B,autorpa_233k,ours_noinflate,15672527446.029,1.0,36.0,43.8,2491.3,880.5,0.0,4080.6,2083.5,0.016,1243.0,289619000.0,ours_pi_prior,0.938868
h=0.1/q0=0.4/p=0.5/r=1/sig=0/cf=1,A_core,0.1,0.4,0.5,1.0,0.0,1.0,1.0,wiki_B,autorpa_233k,oracle_tax,16556204881.826,1.056384,29.2,30.9,382.6,163.5,0.0,776.1,274.3,0.006,189.9,44246700.0,ours_pi_prior,0.938868
h=0.1/q0=0.4/p=0.5/r=1/sig=0/cf=1,A_core,0.1,0.4,0.5,1.0,0.0,1.0,1.0,wiki_B,autorpa_233k,ours_spend_cap,16432535848.25,1.048493,27.4,35.8,1603.6,452.9,0.0,2108.9,1206.8,0.013,803.3,187168900.0,ours_pi_prior,0.938868
h=0.1/q0=0.4/p=0.5/r=1/sig=0/cf=1,A_core,0.1,0.4,0.5,1.0,0.0,1.0,1.0,wiki_B,autorpa_233k,ours_cap_epoch,15693833745.749,1.001359,33.0,40.8,2272.5,776.2,0.0,3591.2,1860.9,0.016,1136.0,264688000.0,ours_pi_prior,0.938868
h=0.1/q0=0.4/p=0.5/r=1/sig=0/cf=1,A_core,0.1,0.4,0.5,1.0,0.0,1.0,1.0,wiki_B,autorpa_233k,ours_cap_realized,15676199324.771,1.000234,35.6,43.2,2465.1,867.0,0.0,4010.6,2058.7,0.016,1231.7,286986100.0,ours_pi_prior,0.938868
h=0.1/q0=0.4/p=0.5/r=1/sig=0/cf=1,A_core,0.1,0.4,0.5,1.0,0.0,1.0,1.0,wiki_B,autorpa_233k,ours_pi_prior,15665591245.859,0.999557,27.7,37.3,2206.2,798.9,0.0,3703.2,1837.1,0.014,1098.8,256020400.0,ours_pi_prior,0.938868
h=0.1/q0=0.4/p=0.5/r=1/sig=0/cf=1,A_core,0.1,0.4,0.5,1.0,0.0,1.0,1.0,wiki_B,autorpa_233k,breakeven,17012535168.012,1.0855,6.9,13.3,1235.2,212.3,0.0,973.0,943.8,0.005,614.8,143248400.0,ours_pi_prior,0.938868
h=0.1/q0=0.4/p=0.5/r=1/sig=0/cf=1,A_core,0.1,0.4,0.5,1.0,0.0,1.0,1.0,wiki_B,autorpa_233k,breakeven_cap_epoch,16990516891.124,1.084096,6.4,12.9,1094.2,169.7,0.0,770.7,815.4,0.004,542.3,126355900.0,ours_pi_prior,0.938868
h=0.1/q0=0.4/p=0.5/r=1/sig=0/cf=1,A_core,0.1,0.4,0.5,1.0,0.0,1.0,1.0,wiki_B,autorpa_233k,offline_taxblind,14932232565.496,0.952765,,,,,,,,,,,ours_pi_prior,0.938868
h=0.1/q0=0.4/p=0.5/r=1/sig=0/cf=1,A_core,0.1,0.4,0.5,1.0,0.0,1.0,1.0,wiki_B,autorpa_233k,offline_opt_tax,15084277072.003,0.962466,,,,,,,,,,,ours_pi_prior,0.938868
h=0.1/q0=0.4/p=0.5/r=1/sig=0/cf=1,A_core,0.1,0.4,0.5,1.0,0.0,1.0,1.0,wiki_B,native,always_reactive,16977748066.619,1.081107,0.0,0.0,0.0,0.0,0.0,0.0,0.0,0.002,0.0,0.0,ours_pi_prior,0.92841
h=0.1/q0=0.4/p=0.5/r=1/sig=0/cf=1,A_core,0.1,0.4,0.5,1.0,0.0,1.0,1.0,wiki_B,native,always_compile_evict,16907999129.242,1.076665,92.4,105.8,7195.1,2431.9,0.0,11280.8,6701.6,0.04,3581.3,942099022.245,ours_pi_prior,0.92841
h=0.1/q0=0.4/p=0.5/r=1/sig=0/cf=1,A_core,0.1,0.4,0.5,1.0,0.0,1.0,1.0,wiki_B,native,ours_noinflate,15704042220.846,1.0,38.3,47.0,2719.1,971.3,0.0,4496.1,2302.2,0.017,1353.5,310659560.39,ours_pi_prior,0.92841
h=0.1/q0=0.4/p=0.5/r=1/sig=0/cf=1,A_core,0.1,0.4,0.5,1.0,0.0,1.0,1.0,wiki_B,native,oracle_tax,16560688400.089,1.054549,29.3,31.0,379.2,161.9,0.0,770.1,271.8,0.006,188.0,44769261.218,ours_pi_prior,0.92841
h=0.1/q0=0.4/p=0.5/r=1/sig=0/cf=1,A_core,0.1,0.4,0.5,1.0,0.0,1.0,1.0,wiki_B,native,ours_spend_cap,16458717294.461,1.048056,29.1,38.0,1748.0,500.6,0.0,2320.0,1343.7,0.014,876.1,200912708.01,ours_pi_prior,0.92841
h=0.1/q0=0.4/p=0.5/r=1/sig=0/cf=1,A_core,0.1,0.4,0.5,1.0,0.0,1.0,1.0,wiki_B,native,ours_cap_epoch,15724104647.653,1.001278,35.2,43.4,2437.0,834.3,0.0,3849.8,2016.6,0.016,1217.0,281244712.81,ours_pi_prior,0.92841
h=0.1/q0=0.4/p=0.5/r=1/sig=0/cf=1,A_core,0.1,0.4,0.5,1.0,0.0,1.0,1.0,wiki_B,native,ours_cap_realized,15706995501.27,1.000188,37.9,46.5,2697.5,960.4,0.0,4435.7,2281.2,0.017,1344.4,308511382.113,ours_pi_prior,0.92841
h=0.1/q0=0.4/p=0.5/r=1/sig=0/cf=1,A_core,0.1,0.4,0.5,1.0,0.0,1.0,1.0,wiki_B,native,ours_pi_prior,15697549564.022,0.999587,30.6,40.8,2473.7,906.0,0.0,4189.1,2095.6,0.015,1223.3,278947797.891,ours_pi_prior,0.92841
h=0.1/q0=0.4/p=0.5/r=1/sig=0/cf=1,A_core,0.1,0.4,0.5,1.0,0.0,1.0,1.0,wiki_B,native,breakeven,17022911857.656,1.083983,7.3,13.5,1249.4,212.3,0.0,956.2,961.9,0.004,622.3,147920513.525,ours_pi_prior,0.92841
h=0.1/q0=0.4/p=0.5/r=1/sig=0/cf=1,A_core,0.1,0.4,0.5,1.0,0.0,1.0,1.0,wiki_B,native,breakeven_cap_epoch,16991400870.055,1.081976,7.1,13.1,1095.7,163.0,0.0,742.9,818.3,0.004,543.0,125875165.552,ours_pi_prior,0.92841
h=0.1/q0=0.4/p=0.5/r=1/sig=0/cf=1,A_core,0.1,0.4,0.5,1.0,0.0,1.0,1.0,wiki_B,native,offline_taxblind,14932171331.496,0.950849,,,,,,,,,,,ours_pi_prior,0.92841
h=0.1/q0=0.4/p=0.5/r=1/sig=0/cf=1,A_core,0.1,0.4,0.5,1.0,0.0,1.0,1.0,wiki_B,native,offline_opt_tax,15092780311.357,0.961076,,,,,,,,,,,ours_pi_prior,0.92841
h=0.1/q0=0.4/p=0/r=1/sig=0.3/cf=10.5094,D_sigma,0.1,0.4,0.0,1.0,0.3,3.0,10.509389227369171,bpi2019,autorpa_233k,always_reactive,28364744721.458,1.0,0.0,0.0,0.0,0.0,0.0,0.0,0.0,0.003,0.0,0.0,always_reactive,0.046633
h=0.1/q0=0.4/p=0/r=1/sig=0.3/cf=10.5094,D_sigma,0.1,0.4,0.0,1.0,0.3,3.0,10.509389227369171,bpi2019,autorpa_233k,always_compile_evict,608258066088.321,21.444158,0.0,0.0,236818.0,0.0,0.0,0.0,236818.0,0.0,236818.0,579893321364.895,always_reactive,0.046633
h=0.1/q0=0.4/p=0/r=1/sig=0.3/cf=10.5094,D_sigma,0.1,0.4,0.0,1.0,0.3,3.0,10.509389227369171,bpi2019,autorpa_233k,ours_noinflate,28364744721.458,1.0,0.0,0.0,0.0,0.0,0.0,0.0,0.0,0.003,0.0,0.0,always_reactive,0.046633
h=0.1/q0=0.4/p=0/r=1/sig=0.3/cf=10.5094,D_sigma,0.1,0.4,0.0,1.0,0.3,3.0,10.509389227369171,bpi2019,autorpa_233k,oracle_tax,28364744721.458,1.0,0.0,0.0,0.0,0.0,0.0,0.0,0.0,0.003,0.0,0.0,always_reactive,0.046633
h=0.1/q0=0.4/p=0/r=1/sig=0.3/cf=10.5094,D_sigma,0.1,0.4,0.0,1.0,0.3,3.0,10.509389227369171,bpi2019,autorpa_233k,ours_spend_cap,28364744721.458,1.0,0.0,0.0,0.0,0.0,0.0,0.0,0.0,0.003,0.0,0.0,always_reactive,0.046633
h=0.1/q0=0.4/p=0/r=1/sig=0.3/cf=10.5094,D_sigma,0.1,0.4,0.0,1.0,0.3,3.0,10.509389227369171,bpi2019,autorpa_233k,ours_cap_epoch,28364744721.458,1.0,0.0,0.0,0.0,0.0,0.0,0.0,0.0,0.003,0.0,0.0,always_reactive,0.046633
h=0.1/q0=0.4/p=0/r=1/sig=0.3/cf=10.5094,D_sigma,0.1,0.4,0.0,1.0,0.3,3.0,10.509389227369171,bpi2019,autorpa_233k,ours_cap_realized,28364744721.458,1.0,0.0,0.0,0.0,0.0,0.0,0.0,0.0,0.003,0.0,0.0,always_reactive,0.046633
h=0.1/q0=0.4/p=0/r=1/sig=0.3/cf=10.5094,D_sigma,0.1,0.4,0.0,1.0,0.3,3.0,10.509389227369171,bpi2019,autorpa_233k,ours_pi_prior,28474935667.506,1.003885,0.0,0.0,45.0,0.0,0.0,0.0,45.0,0.003,45.0,110190946.049,always_reactive,0.046633
h=0.1/q0=0.4/p=0/r=1/sig=0.3/cf=10.5094,D_sigma,0.1,0.4,0.0,1.0,0.3,3.0,10.509389227369171,bpi2019,autorpa_233k,breakeven,96208085859.942,3.391819,0.0,0.0,27706.0,0.0,0.0,0.0,27706.0,0.001,27706.0,67843341138.503,always_reactive,0.046633
h=0.1/q0=0.4/p=0/r=1/sig=0.3/cf=10.5094,D_sigma,0.1,0.4,0.0,1.0,0.3,3.0,10.509389227369171,bpi2019,autorpa_233k,breakeven_cap_epoch,29522973998.814,1.040833,0.0,0.0,473.0,0.0,0.0,0.0,473.0,0.003,473.0,1158229277.359,always_reactive,0.046633
h=0.1/q0=0.4/p=0/r=1/sig=0.3/cf=10.5094,D_sigma,0.1,0.4,0.0,1.0,0.3,3.0,10.509389227369171,bpi2019,autorpa_233k,offline_taxblind,28364744721.522,1.0,,,,,,,,,,,always_reactive,0.046633
h=0.1/q0=0.4/p=0/r=1/sig=0.3/cf=10.5094,D_sigma,0.1,0.4,0.0,1.0,0.3,3.0,10.509389227369171,bpi2019,autorpa_233k,offline_opt_tax,28364744721.522,1.0,,,,,,,,,,,always_reactive,0.046633
h=0.1/q0=0.4/p=0/r=1/sig=0.3/cf=10.5094,D_sigma,0.1,0.4,0.0,1.0,0.3,3.0,10.509389227369171,bpi2019,native,always_reactive,28364744721.458,1.0,0.0,0.0,0.0,0.0,0.0,0.0,0.0,0.003,0.0,0.0,always_reactive,0.036059
h=0.1/q0=0.4/p=0/r=1/sig=0.3/cf=10.5094,D_sigma,0.1,0.4,0.0,1.0,0.3,3.0,10.509389227369171,bpi2019,native,always_compile_evict,786629619891.115,27.732653,0.0,0.0,236818.0,0.0,0.0,0.0,236818.0,0.0,236818.0,758264875166.386,always_reactive,0.036059
h=0.1/q0=0.4/p=0/r=1/sig=0.3/cf=10.5094,D_sigma,0.1,0.4,0.0,1.0,0.3,3.0,10.509389227369171,bpi2019,native,ours_noinflate,28364744721.458,1.0,0.0,0.0,0.0,0.0,0.0,0.0,0.0,0.003,0.0,0.0,always_reactive,0.036059
h=0.1/q0=0.4/p=0/r=1/sig=0.3/cf=10.5094,D_sigma,0.1,0.4,0.0,1.0,0.3,3.0,10.509389227369171,bpi2019,native,oracle_tax,28364744721.458,1.0,0.0,0.0,0.0,0.0,0.0,0.0,0.0,0.003,0.0,0.0,always_reactive,0.036059
h=0.1/q0=0.4/p=0/r=1/sig=0.3/cf=10.5094,D_sigma,0.1,0.4,0.0,1.0,0.3,3.0,10.509389227369171,bpi2019,native,ours_spend_cap,28364744721.458,1.0,0.0,0.0,0.0,0.0,0.0,0.0,0.0,0.003,0.0,0.0,always_reactive,0.036059
h=0.1/q0=0.4/p=0/r=1/sig=0.3/cf=10.5094,D_sigma,0.1,0.4,0.0,1.0,0.3,3.0,10.509389227369171,bpi2019,native,ours_cap_epoch,28364744721.458,1.0,0.0,0.0,0.0,0.0,0.0,0.0,0.0,0.003,0.0,0.0,always_reactive,0.036059
h=0.1/q0=0.4/p=0/r=1/sig=0.3/cf=10.5094,D_sigma,0.1,0.4,0.0,1.0,0.3,3.0,10.509389227369171,bpi2019,native,ours_cap_realized,28364744721.458,1.0,0.0,0.0,0.0,0.0,0.0,0.0,0.0,0.003,0.0,0.0,always_reactive,0.036059
h=0.1/q0=0.4/p=0/r=1/sig=0.3/cf=10.5094,D_sigma,0.1,0.4,0.0,1.0,0.3,3.0,10.509389227369171,bpi2019,native,ours_pi_prior,28454840004.948,1.003176,0.0,0.0,36.0,0.0,0.0,0.0,36.0,0.003,36.0,90095283.491,always_reactive,0.036059
h=0.1/q0=0.4/p=0/r=1/sig=0.3/cf=10.5094,D_sigma,0.1,0.4,0.0,1.0,0.3,3.0,10.509389227369171,bpi2019,native,breakeven,96136512693.797,3.389296,0.0,0.0,26624.0,0.0,0.0,0.0,26624.0,0.001,26624.0,67771767972.326,always_reactive,0.036059
h=0.1/q0=0.4/p=0/r=1/sig=0.3/cf=10.5094,D_sigma,0.1,0.4,0.0,1.0,0.3,3.0,10.509389227369171,bpi2019,native,breakeven_cap_epoch,29574316979.241,1.042644,0.0,0.0,480.0,0.0,0.0,0.0,480.0,0.003,480.0,1209572257.787,always_reactive,0.036059
h=0.1/q0=0.4/p=0/r=1/sig=0.3/cf=10.5094,D_sigma,0.1,0.4,0.0,1.0,0.3,3.0,10.509389227369171,bpi2019,native,offline_taxblind,28364744721.522,1.0,,,,,,,,,,,always_reactive,0.036059
h=0.1/q0=0.4/p=0/r=1/sig=0.3/cf=10.5094,D_sigma,0.1,0.4,0.0,1.0,0.3,3.0,10.509389227369171,bpi2019,native,offline_opt_tax,28364744721.522,1.0,,,,,,,,,,,always_reactive,0.036059
h=0.1/q0=0.4/p=0/r=1/sig=0.3/cf=10.5094,D_sigma,0.1,0.4,0.0,1.0,0.3,3.0,10.509389227369171,sepsis,autorpa_233k,always_reactive,187135368.565,1.0,0.0,0.0,0.0,0.0,0.0,0.0,0.0,0.002,0.0,0.0,always_reactive,0.349884
h=0.1/q0=0.4/p=0/r=1/sig=0.3/cf=10.5094,D_sigma,0.1,0.4,0.0,1.0,0.3,3.0,10.509389227369171,sepsis,autorpa_233k,always_compile_evict,534849020.541,2.858086,0.0,0.0,142.0,0.0,0.0,0.0,142.0,0.001,142.0,347713651.977,always_reactive,0.349884
h=0.1/q0=0.4/p=0/r=1/sig=0.3/cf=10.5094,D_sigma,0.1,0.4,0.0,1.0,0.3,3.0,10.509389227369171,sepsis,autorpa_233k,ours_noinflate,187135368.565,1.0,0.0,0.0,0.0,0.0,0.0,0.0,0.0,0.002,0.0,0.0,always_reactive,0.349884
h=0.1/q0=0.4/p=0/r=1/sig=0.3/cf=10.5094,D_sigma,0.1,0.4,0.0,1.0,0.3,3.0,10.509389227369171,sepsis,autorpa_233k,oracle_tax,187135368.565,1.0,0.0,0.0,0.0,0.0,0.0,0.0,0.0,0.002,0.0,0.0,always_reactive,0.349884
h=0.1/q0=0.4/p=0/r=1/sig=0.3/cf=10.5094,D_sigma,0.1,0.4,0.0,1.0,0.3,3.0,10.509389227369171,sepsis,autorpa_233k,ours_spend_cap,187135368.565,1.0,0.0,0.0,0.0,0.0,0.0,0.0,0.0,0.002,0.0,0.0,always_reactive,0.349884
h=0.1/q0=0.4/p=0/r=1/sig=0.3/cf=10.5094,D_sigma,0.1,0.4,0.0,1.0,0.3,3.0,10.509389227369171,sepsis,autorpa_233k,ours_cap_epoch,187135368.565,1.0,0.0,0.0,0.0,0.0,0.0,0.0,0.0,0.002,0.0,0.0,always_reactive,0.349884
h=0.1/q0=0.4/p=0/r=1/sig=0.3/cf=10.5094,D_sigma,0.1,0.4,0.0,1.0,0.3,3.0,10.509389227369171,sepsis,autorpa_233k,ours_cap_realized,187135368.565,1.0,0.0,0.0,0.0,0.0,0.0,0.0,0.0,0.002,0.0,0.0,always_reactive,0.349884
h=0.1/q0=0.4/p=0/r=1/sig=0.3/cf=10.5094,D_sigma,0.1,0.4,0.0,1.0,0.3,3.0,10.509389227369171,sepsis,autorpa_233k,ours_pi_prior,187135368.565,1.0,0.0,0.0,0.0,0.0,0.0,0.0,0.0,0.002,0.0,0.0,always_reactive,0.349884
h=0.1/q0=0.4/p=0/r=1/sig=0.3/cf=10.5094,D_sigma,0.1,0.4,0.0,1.0,0.3,3.0,10.509389227369171,sepsis,autorpa_233k,breakeven,282634188.474,1.510319,0.0,0.0,39.0,0.0,0.0,0.0,39.0,0.001,39.0,95498819.909,always_reactive,0.349884
h=0.1/q0=0.4/p=0/r=1/sig=0.3/cf=10.5094,D_sigma,0.1,0.4,0.0,1.0,0.3,3.0,10.509389227369171,sepsis,autorpa_233k,breakeven_cap_epoch,194481431.635,1.039255,0.0,0.0,3.0,0.0,0.0,0.0,3.0,0.002,3.0,7346063.07,always_reactive,0.349884
h=0.1/q0=0.4/p=0/r=1/sig=0.3/cf=10.5094,D_sigma,0.1,0.4,0.0,1.0,0.3,3.0,10.509389227369171,sepsis,autorpa_233k,offline_taxblind,187135368.565,1.0,,,,,,,,,,,always_reactive,0.349884
h=0.1/q0=0.4/p=0/r=1/sig=0.3/cf=10.5094,D_sigma,0.1,0.4,0.0,1.0,0.3,3.0,10.509389227369171,sepsis,autorpa_233k,offline_opt_tax,187135368.565,1.0,,,,,,,,,,,always_reactive,0.349884
h=0.1/q0=0.4/p=0/r=1/sig=0.3/cf=10.5094,D_sigma,0.1,0.4,0.0,1.0,0.3,3.0,10.509389227369171,sepsis,native,always_reactive,187135368.565,1.0,0.0,0.0,0.0,0.0,0.0,0.0,0.0,0.002,0.0,0.0,always_reactive,0.328719
h=0.1/q0=0.4/p=0/r=1/sig=0.3/cf=10.5094,D_sigma,0.1,0.4,0.0,1.0,0.3,3.0,10.509389227369171,sepsis,native,always_compile_evict,569286043.47,3.042108,0.0,0.0,142.0,0.0,0.0,0.0,142.0,0.001,142.0,382150674.905,always_reactive,0.328719
h=0.1/q0=0.4/p=0/r=1/sig=0.3/cf=10.5094,D_sigma,0.1,0.4,0.0,1.0,0.3,3.0,10.509389227369171,sepsis,native,ours_noinflate,187135368.565,1.0,0.0,0.0,0.0,0.0,0.0,0.0,0.0,0.002,0.0,0.0,always_reactive,0.328719
h=0.1/q0=0.4/p=0/r=1/sig=0.3/cf=10.5094,D_sigma,0.1,0.4,0.0,1.0,0.3,3.0,10.509389227369171,sepsis,native,oracle_tax,187135368.565,1.0,0.0,0.0,0.0,0.0,0.0,0.0,0.0,0.002,0.0,0.0,always_reactive,0.328719
h=0.1/q0=0.4/p=0/r=1/sig=0.3/cf=10.5094,D_sigma,0.1,0.4,0.0,1.0,0.3,3.0,10.509389227369171,sepsis,native,ours_spend_cap,187135368.565,1.0,0.0,0.0,0.0,0.0,0.0,0.0,0.0,0.002,0.0,0.0,always_reactive,0.328719
h=0.1/q0=0.4/p=0/r=1/sig=0.3/cf=10.5094,D_sigma,0.1,0.4,0.0,1.0,0.3,3.0,10.509389227369171,sepsis,native,ours_cap_epoch,187135368.565,1.0,0.0,0.0,0.0,0.0,0.0,0.0,0.0,0.002,0.0,0.0,always_reactive,0.328719
h=0.1/q0=0.4/p=0/r=1/sig=0.3/cf=10.5094,D_sigma,0.1,0.4,0.0,1.0,0.3,3.0,10.509389227369171,sepsis,native,ours_cap_realized,187135368.565,1.0,0.0,0.0,0.0,0.0,0.0,0.0,0.0,0.002,0.0,0.0,always_reactive,0.328719
h=0.1/q0=0.4/p=0/r=1/sig=0.3/cf=10.5094,D_sigma,0.1,0.4,0.0,1.0,0.3,3.0,10.509389227369171,sepsis,native,ours_pi_prior,187135368.565,1.0,0.0,0.0,0.0,0.0,0.0,0.0,0.0,0.002,0.0,0.0,always_reactive,0.328719
h=0.1/q0=0.4/p=0/r=1/sig=0.3/cf=10.5094,D_sigma,0.1,0.4,0.0,1.0,0.3,3.0,10.509389227369171,sepsis,native,breakeven,284738592.346,1.521565,0.0,0.0,39.0,0.0,0.0,0.0,39.0,0.001,39.0,97603223.782,always_reactive,0.328719
h=0.1/q0=0.4/p=0/r=1/sig=0.3/cf=10.5094,D_sigma,0.1,0.4,0.0,1.0,0.3,3.0,10.509389227369171,sepsis,native,breakeven_cap_epoch,194643308.856,1.04012,0.0,0.0,3.0,0.0,0.0,0.0,3.0,0.002,3.0,7507940.291,always_reactive,0.328719
h=0.1/q0=0.4/p=0/r=1/sig=0.3/cf=10.5094,D_sigma,0.1,0.4,0.0,1.0,0.3,3.0,10.509389227369171,sepsis,native,offline_taxblind,187135368.565,1.0,,,,,,,,,,,always_reactive,0.328719
h=0.1/q0=0.4/p=0/r=1/sig=0.3/cf=10.5094,D_sigma,0.1,0.4,0.0,1.0,0.3,3.0,10.509389227369171,sepsis,native,offline_opt_tax,187135368.565,1.0,,,,,,,,,,,always_reactive,0.328719
h=0.1/q0=0.4/p=0/r=1/sig=0.3/cf=10.5094,D_sigma,0.1,0.4,0.0,1.0,0.3,3.0,10.509389227369171,wiki_A,autorpa_233k,always_reactive,19487424199.81,1.0,0.0,0.0,0.0,0.0,0.0,0.0,0.0,0.001,0.0,0.0,always_reactive,0.11285
h=0.1/q0=0.4/p=0/r=1/sig=0.3/cf=10.5094,D_sigma,0.1,0.4,0.0,1.0,0.3,3.0,10.509389227369171,wiki_A,autorpa_233k,always_compile_evict,172684672147.794,8.861339,0.0,0.0,62563.0,0.0,0.0,0.0,62563.0,0.0,62563.0,153197247948.046,always_reactive,0.11285
h=0.1/q0=0.4/p=0/r=1/sig=0.3/cf=10.5094,D_sigma,0.1,0.4,0.0,1.0,0.3,3.0,10.509389227369171,wiki_A,autorpa_233k,ours_noinflate,19487424199.81,1.0,0.0,0.0,0.0,0.0,0.0,0.0,0.0,0.001,0.0,0.0,always_reactive,0.11285
h=0.1/q0=0.4/p=0/r=1/sig=0.3/cf=10.5094,D_sigma,0.1,0.4,0.0,1.0,0.3,3.0,10.509389227369171,wiki_A,autorpa_233k,oracle_tax,19487424199.81,1.0,0.0,0.0,0.0,0.0,0.0,0.0,0.0,0.001,0.0,0.0,always_reactive,0.11285
h=0.1/q0=0.4/p=0/r=1/sig=0.3/cf=10.5094,D_sigma,0.1,0.4,0.0,1.0,0.3,3.0,10.509389227369171,wiki_A,autorpa_233k,ours_spend_cap,19487424199.81,1.0,0.0,0.0,0.0,0.0,0.0,0.0,0.0,0.001,0.0,0.0,always_reactive,0.11285
h=0.1/q0=0.4/p=0/r=1/sig=0.3/cf=10.5094,D_sigma,0.1,0.4,0.0,1.0,0.3,3.0,10.509389227369171,wiki_A,autorpa_233k,ours_cap_epoch,19487424199.81,1.0,0.0,0.0,0.0,0.0,0.0,0.0,0.0,0.001,0.0,0.0,always_reactive,0.11285
h=0.1/q0=0.4/p=0/r=1/sig=0.3/cf=10.5094,D_sigma,0.1,0.4,0.0,1.0,0.3,3.0,10.509389227369171,wiki_A,autorpa_233k,ours_cap_realized,19487424199.81,1.0,0.0,0.0,0.0,0.0,0.0,0.0,0.0,0.001,0.0,0.0,always_reactive,0.11285
h=0.1/q0=0.4/p=0/r=1/sig=0.3/cf=10.5094,D_sigma,0.1,0.4,0.0,1.0,0.3,3.0,10.509389227369171,wiki_A,autorpa_233k,ours_pi_prior,19509462389.019,1.001131,0.0,0.0,9.0,0.0,0.0,0.0,9.0,0.001,9.0,22038189.21,always_reactive,0.11285
h=0.1/q0=0.4/p=0/r=1/sig=0.3/cf=10.5094,D_sigma,0.1,0.4,0.0,1.0,0.3,3.0,10.509389227369171,wiki_A,autorpa_233k,breakeven,71318796533.577,3.659734,0.0,0.0,21167.0,0.0,0.0,0.0,21167.0,0.0,21167.0,51831372333.744,always_reactive,0.11285
h=0.1/q0=0.4/p=0/r=1/sig=0.3/cf=10.5094,D_sigma,0.1,0.4,0.0,1.0,0.3,3.0,10.509389227369171,wiki_A,autorpa_233k,breakeven_cap_epoch,19724946905.735,1.012189,0.0,0.0,97.0,0.0,0.0,0.0,97.0,0.001,97.0,237522705.928,always_reactive,0.11285
h=0.1/q0=0.4/p=0/r=1/sig=0.3/cf=10.5094,D_sigma,0.1,0.4,0.0,1.0,0.3,3.0,10.509389227369171,wiki_A,autorpa_233k,offline_taxblind,19487424199.821,1.0,,,,,,,,,,,always_reactive,0.11285
h=0.1/q0=0.4/p=0/r=1/sig=0.3/cf=10.5094,D_sigma,0.1,0.4,0.0,1.0,0.3,3.0,10.509389227369171,wiki_A,autorpa_233k,offline_opt_tax,19487424199.821,1.0,,,,,,,,,,,always_reactive,0.11285
h=0.1/q0=0.4/p=0/r=1/sig=0.3/cf=10.5094,D_sigma,0.1,0.4,0.0,1.0,0.3,3.0,10.509389227369171,wiki_A,native,always_reactive,19487424199.81,1.0,0.0,0.0,0.0,0.0,0.0,0.0,0.0,0.001,0.0,0.0,always_reactive,0.102418
h=0.1/q0=0.4/p=0/r=1/sig=0.3/cf=10.5094,D_sigma,0.1,0.4,0.0,1.0,0.3,3.0,10.509389227369171,wiki_A,native,always_compile_evict,190272724193.731,9.763872,0.0,0.0,62563.0,0.0,0.0,0.0,62563.0,0.0,62563.0,170785299993.635,always_reactive,0.102418
h=0.1/q0=0.4/p=0/r=1/sig=0.3/cf=10.5094,D_sigma,0.1,0.4,0.0,1.0,0.3,3.0,10.509389227369171,wiki_A,native,ours_noinflate,19487424199.81,1.0,0.0,0.0,0.0,0.0,0.0,0.0,0.0,0.001,0.0,0.0,always_reactive,0.102418
h=0.1/q0=0.4/p=0/r=1/sig=0.3/cf=10.5094,D_sigma,0.1,0.4,0.0,1.0,0.3,3.0,10.509389227369171,wiki_A,native,oracle_tax,19487424199.81,1.0,0.0,0.0,0.0,0.0,0.0,0.0,0.0,0.001,0.0,0.0,always_reactive,0.102418
h=0.1/q0=0.4/p=0/r=1/sig=0.3/cf=10.5094,D_sigma,0.1,0.4,0.0,1.0,0.3,3.0,10.509389227369171,wiki_A,native,ours_spend_cap,19487424199.81,1.0,0.0,0.0,0.0,0.0,0.0,0.0,0.0,0.001,0.0,0.0,always_reactive,0.102418
h=0.1/q0=0.4/p=0/r=1/sig=0.3/cf=10.5094,D_sigma,0.1,0.4,0.0,1.0,0.3,3.0,10.509389227369171,wiki_A,native,ours_cap_epoch,19487424199.81,1.0,0.0,0.0,0.0,0.0,0.0,0.0,0.0,0.001,0.0,0.0,always_reactive,0.102418
h=0.1/q0=0.4/p=0/r=1/sig=0.3/cf=10.5094,D_sigma,0.1,0.4,0.0,1.0,0.3,3.0,10.509389227369171,wiki_A,native,ours_cap_realized,19487424199.81,1.0,0.0,0.0,0.0,0.0,0.0,0.0,0.0,0.001,0.0,0.0,always_reactive,0.102418
h=0.1/q0=0.4/p=0/r=1/sig=0.3/cf=10.5094,D_sigma,0.1,0.4,0.0,1.0,0.3,3.0,10.509389227369171,wiki_A,native,ours_pi_prior,19509948020.682,1.001156,0.0,0.0,9.0,0.0,0.0,0.0,9.0,0.001,9.0,22523820.873,always_reactive,0.102418
h=0.1/q0=0.4/p=0/r=1/sig=0.3/cf=10.5094,D_sigma,0.1,0.4,0.0,1.0,0.3,3.0,10.509389227369171,wiki_A,native,breakeven,71305168672.755,3.659035,0.0,0.0,20768.0,0.0,0.0,0.0,20768.0,0.0,20768.0,51817744472.955,always_reactive,0.102418
h=0.1/q0=0.4/p=0/r=1/sig=0.3/cf=10.5094,D_sigma,0.1,0.4,0.0,1.0,0.3,3.0,10.509389227369171,wiki_A,native,breakeven_cap_epoch,19736810687.817,1.012797,0.0,0.0,99.0,0.0,0.0,0.0,99.0,0.001,99.0,249386488.01,always_reactive,0.102418
h=0.1/q0=0.4/p=0/r=1/sig=0.3/cf=10.5094,D_sigma,0.1,0.4,0.0,1.0,0.3,3.0,10.509389227369171,wiki_A,native,offline_taxblind,19487424199.821,1.0,,,,,,,,,,,always_reactive,0.102418
h=0.1/q0=0.4/p=0/r=1/sig=0.3/cf=10.5094,D_sigma,0.1,0.4,0.0,1.0,0.3,3.0,10.509389227369171,wiki_A,native,offline_opt_tax,19487424199.821,1.0,,,,,,,,,,,always_reactive,0.102418
h=0.1/q0=0.4/p=0/r=1/sig=0.3/cf=10.5094,D_sigma,0.1,0.4,0.0,1.0,0.3,3.0,10.509389227369171,wiki_B,autorpa_233k,always_reactive,16977748066.619,1.0,0.0,0.0,0.0,0.0,0.0,0.0,0.0,0.002,0.0,0.0,always_reactive,0.197869
h=0.1/q0=0.4/p=0/r=1/sig=0.3/cf=10.5094,D_sigma,0.1,0.4,0.0,1.0,0.3,3.0,10.509389227369171,wiki_B,autorpa_233k,always_compile_evict,85803012968.788,5.053851,0.0,0.0,28107.0,0.0,0.0,0.0,28107.0,0.0,28107.0,68825264902.184,always_reactive,0.197869
h=0.1/q0=0.4/p=0/r=1/sig=0.3/cf=10.5094,D_sigma,0.1,0.4,0.0,1.0,0.3,3.0,10.509389227369171,wiki_B,autorpa_233k,ours_noinflate,16977748066.619,1.0,0.0,0.0,0.0,0.0,0.0,0.0,0.0,0.002,0.0,0.0,always_reactive,0.197869
h=0.1/q0=0.4/p=0/r=1/sig=0.3/cf=10.5094,D_sigma,0.1,0.4,0.0,1.0,0.3,3.0,10.509389227369171,wiki_B,autorpa_233k,oracle_tax,16977748066.619,1.0,0.0,0.0,0.0,0.0,0.0,0.0,0.0,0.002,0.0,0.0,always_reactive,0.197869
h=0.1/q0=0.4/p=0/r=1/sig=0.3/cf=10.5094,D_sigma,0.1,0.4,0.0,1.0,0.3,3.0,10.509389227369171,wiki_B,autorpa_233k,ours_spend_cap,16977748066.619,1.0,0.0,0.0,0.0,0.0,0.0,0.0,0.0,0.002,0.0,0.0,always_reactive,0.197869
h=0.1/q0=0.4/p=0/r=1/sig=0.3/cf=10.5094,D_sigma,0.1,0.4,0.0,1.0,0.3,3.0,10.509389227369171,wiki_B,autorpa_233k,ours_cap_epoch,16977748066.619,1.0,0.0,0.0,0.0,0.0,0.0,0.0,0.0,0.002,0.0,0.0,always_reactive,0.197869
h=0.1/q0=0.4/p=0/r=1/sig=0.3/cf=10.5094,D_sigma,0.1,0.4,0.0,1.0,0.3,3.0,10.509389227369171,wiki_B,autorpa_233k,ours_cap_realized,16977748066.619,1.0,0.0,0.0,0.0,0.0,0.0,0.0,0.0,0.002,0.0,0.0,always_reactive,0.197869
h=0.1/q0=0.4/p=0/r=1/sig=0.3/cf=10.5094,D_sigma,0.1,0.4,0.0,1.0,0.3,3.0,10.509389227369171,wiki_B,autorpa_233k,ours_pi_prior,17117323264.947,1.008221,0.0,0.0,57.0,0.0,0.0,0.0,57.0,0.002,57.0,139575198.329,always_reactive,0.197869
h=0.1/q0=0.4/p=0/r=1/sig=0.3/cf=10.5094,D_sigma,0.1,0.4,0.0,1.0,0.3,3.0,10.509389227369171,wiki_B,autorpa_233k,breakeven,29997420514.214,1.766867,0.0,0.0,5317.0,0.0,0.0,0.0,5317.0,0.001,5317.0,13019672447.608,always_reactive,0.197869
h=0.1/q0=0.4/p=0/r=1/sig=0.3/cf=10.5094,D_sigma,0.1,0.4,0.0,1.0,0.3,3.0,10.509389227369171,wiki_B,autorpa_233k,breakeven_cap_epoch,17881313824.219,1.053221,0.0,0.0,369.0,0.0,0.0,0.0,369.0,0.002,369.0,903565757.602,always_reactive,0.197869
h=0.1/q0=0.4/p=0/r=1/sig=0.3/cf=10.5094,D_sigma,0.1,0.4,0.0,1.0,0.3,3.0,10.509389227369171,wiki_B,autorpa_233k,offline_taxblind,16977748066.618,1.0,,,,,,,,,,,always_reactive,0.197869
h=0.1/q0=0.4/p=0/r=1/sig=0.3/cf=10.5094,D_sigma,0.1,0.4,0.0,1.0,0.3,3.0,10.509389227369171,wiki_B,autorpa_233k,offline_opt_tax,16977748066.618,1.0,,,,,,,,,,,always_reactive,0.197869
h=0.1/q0=0.4/p=0/r=1/sig=0.3/cf=10.5094,D_sigma,0.1,0.4,0.0,1.0,0.3,3.0,10.509389227369171,wiki_B,native,always_reactive,16977748066.619,1.0,0.0,0.0,0.0,0.0,0.0,0.0,0.0,0.002,0.0,0.0,always_reactive,0.181465
h=0.1/q0=0.4/p=0/r=1/sig=0.3/cf=10.5094,D_sigma,0.1,0.4,0.0,1.0,0.3,3.0,10.509389227369171,wiki_B,native,always_compile_evict,93559438820.81,5.51071,0.0,0.0,28107.0,0.0,0.0,0.0,28107.0,0.0,28107.0,76581690754.206,always_reactive,0.181465
h=0.1/q0=0.4/p=0/r=1/sig=0.3/cf=10.5094,D_sigma,0.1,0.4,0.0,1.0,0.3,3.0,10.509389227369171,wiki_B,native,ours_noinflate,16977748066.619,1.0,0.0,0.0,0.0,0.0,0.0,0.0,0.0,0.002,0.0,0.0,always_reactive,0.181465
h=0.1/q0=0.4/p=0/r=1/sig=0.3/cf=10.5094,D_sigma,0.1,0.4,0.0,1.0,0.3,3.0,10.509389227369171,wiki_B,native,oracle_tax,16977748066.619,1.0,0.0,0.0,0.0,0.0,0.0,0.0,0.0,0.002,0.0,0.0,always_reactive,0.181465
h=0.1/q0=0.4/p=0/r=1/sig=0.3/cf=10.5094,D_sigma,0.1,0.4,0.0,1.0,0.3,3.0,10.509389227369171,wiki_B,native,ours_spend_cap,16977748066.619,1.0,0.0,0.0,0.0,0.0,0.0,0.0,0.0,0.002,0.0,0.0,always_reactive,0.181465
h=0.1/q0=0.4/p=0/r=1/sig=0.3/cf=10.5094,D_sigma,0.1,0.4,0.0,1.0,0.3,3.0,10.509389227369171,wiki_B,native,ours_cap_epoch,16977748066.619,1.0,0.0,0.0,0.0,0.0,0.0,0.0,0.0,0.002,0.0,0.0,always_reactive,0.181465
h=0.1/q0=0.4/p=0/r=1/sig=0.3/cf=10.5094,D_sigma,0.1,0.4,0.0,1.0,0.3,3.0,10.509389227369171,wiki_B,native,ours_cap_realized,16977748066.619,1.0,0.0,0.0,0.0,0.0,0.0,0.0,0.0,0.002,0.0,0.0,always_reactive,0.181465
h=0.1/q0=0.4/p=0/r=1/sig=0.3/cf=10.5094,D_sigma,0.1,0.4,0.0,1.0,0.3,3.0,10.509389227369171,wiki_B,native,ours_pi_prior,17110388345.091,1.007813,0.0,0.0,53.0,0.0,0.0,0.0,53.0,0.002,53.0,132640278.473,always_reactive,0.181465
h=0.1/q0=0.4/p=0/r=1/sig=0.3/cf=10.5094,D_sigma,0.1,0.4,0.0,1.0,0.3,3.0,10.509389227369171,wiki_B,native,breakeven,29984624509.28,1.766113,0.0,0.0,5320.0,0.0,0.0,0.0,5320.0,0.001,5320.0,13006876442.67,always_reactive,0.181465
h=0.1/q0=0.4/p=0/r=1/sig=0.3/cf=10.5094,D_sigma,0.1,0.4,0.0,1.0,0.3,3.0,10.509389227369171,wiki_B,native,breakeven_cap_epoch,17895498534.022,1.054056,0.0,0.0,376.0,0.0,0.0,0.0,376.0,0.002,376.0,917750467.404,always_reactive,0.181465
h=0.1/q0=0.4/p=0/r=1/sig=0.3/cf=10.5094,D_sigma,0.1,0.4,0.0,1.0,0.3,3.0,10.509389227369171,wiki_B,native,offline_taxblind,16977748066.618,1.0,,,,,,,,,,,always_reactive,0.181465
h=0.1/q0=0.4/p=0/r=1/sig=0.3/cf=10.5094,D_sigma,0.1,0.4,0.0,1.0,0.3,3.0,10.509389227369171,wiki_B,native,offline_opt_tax,16977748066.618,1.0,,,,,,,,,,,always_reactive,0.181465
h=0.1/q0=0.4/p=0/r=1/sig=0.3/cf=1,D_sigma,0.1,0.4,0.0,1.0,0.3,3.0,1.0,bpi2019,autorpa_233k,always_reactive,28364744721.458,0.993844,0.0,0.0,0.0,0.0,0.0,0.0,0.0,0.003,0.0,0.0,always_reactive,0.339521
h=0.1/q0=0.4/p=0/r=1/sig=0.3/cf=1,D_sigma,0.1,0.4,0.0,1.0,0.3,3.0,1.0,bpi2019,autorpa_233k,always_compile_evict,83543338721.444,2.927193,0.0,0.0,236818.0,0.0,0.0,0.0,236818.0,0.001,236818.0,55178594000.0,always_reactive,0.339521
h=0.1/q0=0.4/p=0/r=1/sig=0.3/cf=1,D_sigma,0.1,0.4,0.0,1.0,0.3,3.0,1.0,bpi2019,autorpa_233k,ours_noinflate,28540426721.457,1.0,0.0,0.0,754.0,0.0,0.0,0.0,754.0,0.003,754.0,175682000.0,always_reactive,0.339521
h=0.1/q0=0.4/p=0/r=1/sig=0.3/cf=1,D_sigma,0.1,0.4,0.0,1.0,0.3,3.0,1.0,bpi2019,autorpa_233k,oracle_tax,28364744721.458,0.993844,0.0,0.0,0.0,0.0,0.0,0.0,0.0,0.003,0.0,0.0,always_reactive,0.339521
h=0.1/q0=0.4/p=0/r=1/sig=0.3/cf=1,D_sigma,0.1,0.4,0.0,1.0,0.3,3.0,1.0,bpi2019,autorpa_233k,ours_spend_cap,28540426721.457,1.0,0.0,0.0,754.0,0.0,0.0,0.0,754.0,0.003,754.0,175682000.0,always_reactive,0.339521
h=0.1/q0=0.4/p=0/r=1/sig=0.3/cf=1,D_sigma,0.1,0.4,0.0,1.0,0.3,3.0,1.0,bpi2019,autorpa_233k,ours_cap_epoch,28540426721.457,1.0,0.0,0.0,754.0,0.0,0.0,0.0,754.0,0.003,754.0,175682000.0,always_reactive,0.339521
h=0.1/q0=0.4/p=0/r=1/sig=0.3/cf=1,D_sigma,0.1,0.4,0.0,1.0,0.3,3.0,1.0,bpi2019,autorpa_233k,ours_cap_realized,28540426721.457,1.0,0.0,0.0,754.0,0.0,0.0,0.0,754.0,0.003,754.0,175682000.0,always_reactive,0.339521
h=0.1/q0=0.4/p=0/r=1/sig=0.3/cf=1,D_sigma,0.1,0.4,0.0,1.0,0.3,3.0,1.0,bpi2019,autorpa_233k,ours_pi_prior,28552309721.457,1.000416,0.0,0.0,805.0,0.0,0.0,0.0,805.0,0.003,805.0,187565000.0,always_reactive,0.339521
h=0.1/q0=0.4/p=0/r=1/sig=0.3/cf=1,D_sigma,0.1,0.4,0.0,1.0,0.3,3.0,1.0,bpi2019,autorpa_233k,breakeven,34820242721.439,1.220032,0.0,0.0,27706.0,0.0,0.0,0.0,27706.0,0.003,27706.0,6455498000.0,always_reactive,0.339521
h=0.1/q0=0.4/p=0/r=1/sig=0.3/cf=1,D_sigma,0.1,0.4,0.0,1.0,0.3,3.0,1.0,bpi2019,autorpa_233k,breakeven_cap_epoch,28667644721.457,1.004457,0.0,0.0,1300.0,0.0,0.0,0.0,1300.0,0.003,1300.0,302900000.0,always_reactive,0.339521
h=0.1/q0=0.4/p=0/r=1/sig=0.3/cf=1,D_sigma,0.1,0.4,0.0,1.0,0.3,3.0,1.0,bpi2019,autorpa_233k,offline_taxblind,28364744721.522,0.993844,,,,,,,,,,,always_reactive,0.339521
h=0.1/q0=0.4/p=0/r=1/sig=0.3/cf=1,D_sigma,0.1,0.4,0.0,1.0,0.3,3.0,1.0,bpi2019,autorpa_233k,offline_opt_tax,28364744721.522,0.993844,,,,,,,,,,,always_reactive,0.339521
h=0.1/q0=0.4/p=0/r=1/sig=0.3/cf=1,D_sigma,0.1,0.4,0.0,1.0,0.3,3.0,1.0,bpi2019,native,always_reactive,28364744721.458,0.993892,0.0,0.0,0.0,0.0,0.0,0.0,0.0,0.003,0.0,0.0,always_reactive,0.282192
h=0.1/q0=0.4/p=0/r=1/sig=0.3/cf=1,D_sigma,0.1,0.4,0.0,1.0,0.3,3.0,1.0,bpi2019,native,always_compile_evict,100515928654.272,3.522048,0.0,0.0,236818.0,0.0,0.0,0.0,236818.0,0.001,236818.0,72151183932.887,always_reactive,0.282192
h=0.1/q0=0.4/p=0/r=1/sig=0.3/cf=1,D_sigma,0.1,0.4,0.0,1.0,0.3,3.0,1.0,bpi2019,native,ours_noinflate,28539059078.967,1.0,0.0,0.0,732.0,0.0,0.0,0.0,732.0,0.003,732.0,174314357.509,always_reactive,0.282192
h=0.1/q0=0.4/p=0/r=1/sig=0.3/cf=1,D_sigma,0.1,0.4,0.0,1.0,0.3,3.0,1.0,bpi2019,native,oracle_tax,28364744721.458,0.993892,0.0,0.0,0.0,0.0,0.0,0.0,0.0,0.003,0.0,0.0,always_reactive,0.282192
h=0.1/q0=0.4/p=0/r=1/sig=0.3/cf=1,D_sigma,0.1,0.4,0.0,1.0,0.3,3.0,1.0,bpi2019,native,ours_spend_cap,28539059078.967,1.0,0.0,0.0,732.0,0.0,0.0,0.0,732.0,0.003,732.0,174314357.509,always_reactive,0.282192
h=0.1/q0=0.4/p=0/r=1/sig=0.3/cf=1,D_sigma,0.1,0.4,0.0,1.0,0.3,3.0,1.0,bpi2019,native,ours_cap_epoch,28539059078.967,1.0,0.0,0.0,732.0,0.0,0.0,0.0,732.0,0.003,732.0,174314357.509,always_reactive,0.282192
h=0.1/q0=0.4/p=0/r=1/sig=0.3/cf=1,D_sigma,0.1,0.4,0.0,1.0,0.3,3.0,1.0,bpi2019,native,ours_cap_realized,28539059078.967,1.0,0.0,0.0,732.0,0.0,0.0,0.0,732.0,0.003,732.0,174314357.509,always_reactive,0.282192
h=0.1/q0=0.4/p=0/r=1/sig=0.3/cf=1,D_sigma,0.1,0.4,0.0,1.0,0.3,3.0,1.0,bpi2019,native,ours_pi_prior,28551918334.849,1.000451,0.0,0.0,786.0,0.0,0.0,0.0,786.0,0.003,786.0,187173613.391,always_reactive,0.282192
h=0.1/q0=0.4/p=0/r=1/sig=0.3/cf=1,D_sigma,0.1,0.4,0.0,1.0,0.3,3.0,1.0,bpi2019,native,breakeven,34813432319.378,1.219852,0.0,0.0,26624.0,0.0,0.0,0.0,26624.0,0.003,26624.0,6448687597.927,always_reactive,0.282192
h=0.1/q0=0.4/p=0/r=1/sig=0.3/cf=1,D_sigma,0.1,0.4,0.0,1.0,0.3,3.0,1.0,bpi2019,native,breakeven_cap_epoch,28683545303.88,1.005063,0.0,0.0,1356.0,0.0,0.0,0.0,1356.0,0.003,1356.0,318800582.423,always_reactive,0.282192
h=0.1/q0=0.4/p=0/r=1/sig=0.3/cf=1,D_sigma,0.1,0.4,0.0,1.0,0.3,3.0,1.0,bpi2019,native,offline_taxblind,28364744721.522,0.993892,,,,,,,,,,,always_reactive,0.282192
h=0.1/q0=0.4/p=0/r=1/sig=0.3/cf=1,D_sigma,0.1,0.4,0.0,1.0,0.3,3.0,1.0,bpi2019,native,offline_opt_tax,28364744721.522,0.993892,,,,,,,,,,,always_reactive,0.282192
h=0.1/q0=0.4/p=0/r=1/sig=0.3/cf=1,D_sigma,0.1,0.4,0.0,1.0,0.3,3.0,1.0,sepsis,autorpa_233k,always_reactive,187135368.565,0.984072,0.0,0.0,0.0,0.0,0.0,0.0,0.0,0.002,0.0,0.0,always_reactive,0.84976
h=0.1/q0=0.4/p=0/r=1/sig=0.3/cf=1,D_sigma,0.1,0.4,0.0,1.0,0.3,3.0,1.0,sepsis,autorpa_233k,always_compile_evict,220221368.565,1.158058,0.0,0.0,142.0,0.0,0.0,0.0,142.0,0.002,142.0,33086000.0,always_reactive,0.84976
h=0.1/q0=0.4/p=0/r=1/sig=0.3/cf=1,D_sigma,0.1,0.4,0.0,1.0,0.3,3.0,1.0,sepsis,autorpa_233k,ours_noinflate,190164368.565,1.0,0.0,0.0,13.0,0.0,0.0,0.0,13.0,0.002,13.0,3029000.0,always_reactive,0.84976
h=0.1/q0=0.4/p=0/r=1/sig=0.3/cf=1,D_sigma,0.1,0.4,0.0,1.0,0.3,3.0,1.0,sepsis,autorpa_233k,oracle_tax,187135368.565,0.984072,0.0,0.0,0.0,0.0,0.0,0.0,0.0,0.002,0.0,0.0,always_reactive,0.84976
h=0.1/q0=0.4/p=0/r=1/sig=0.3/cf=1,D_sigma,0.1,0.4,0.0,1.0,0.3,3.0,1.0,sepsis,autorpa_233k,ours_spend_cap,190164368.565,1.0,0.0,0.0,13.0,0.0,0.0,0.0,13.0,0.002,13.0,3029000.0,always_reactive,0.84976
h=0.1/q0=0.4/p=0/r=1/sig=0.3/cf=1,D_sigma,0.1,0.4,0.0,1.0,0.3,3.0,1.0,sepsis,autorpa_233k,ours_cap_epoch,190164368.565,1.0,0.0,0.0,13.0,0.0,0.0,0.0,13.0,0.002,13.0,3029000.0,always_reactive,0.84976
h=0.1/q0=0.4/p=0/r=1/sig=0.3/cf=1,D_sigma,0.1,0.4,0.0,1.0,0.3,3.0,1.0,sepsis,autorpa_233k,ours_cap_realized,190164368.565,1.0,0.0,0.0,13.0,0.0,0.0,0.0,13.0,0.002,13.0,3029000.0,always_reactive,0.84976
h=0.1/q0=0.4/p=0/r=1/sig=0.3/cf=1,D_sigma,0.1,0.4,0.0,1.0,0.3,3.0,1.0,sepsis,autorpa_233k,ours_pi_prior,188999368.565,0.993874,0.0,0.0,8.0,0.0,0.0,0.0,8.0,0.002,8.0,1864000.0,always_reactive,0.84976
h=0.1/q0=0.4/p=0/r=1/sig=0.3/cf=1,D_sigma,0.1,0.4,0.0,1.0,0.3,3.0,1.0,sepsis,autorpa_233k,breakeven,196222368.565,1.031857,0.0,0.0,39.0,0.0,0.0,0.0,39.0,0.002,39.0,9087000.0,always_reactive,0.84976
h=0.1/q0=0.4/p=0/r=1/sig=0.3/cf=1,D_sigma,0.1,0.4,0.0,1.0,0.3,3.0,1.0,sepsis,autorpa_233k,breakeven_cap_epoch,191096368.565,1.004901,0.0,0.0,17.0,0.0,0.0,0.0,17.0,0.002,17.0,3961000.0,always_reactive,0.84976
h=0.1/q0=0.4/p=0/r=1/sig=0.3/cf=1,D_sigma,0.1,0.4,0.0,1.0,0.3,3.0,1.0,sepsis,autorpa_233k,offline_taxblind,187135368.565,0.984072,,,,,,,,,,,always_reactive,0.84976
h=0.1/q0=0.4/p=0/r=1/sig=0.3/cf=1,D_sigma,0.1,0.4,0.0,1.0,0.3,3.0,1.0,sepsis,autorpa_233k,offline_opt_tax,187135368.565,0.984072,,,,,,,,,,,always_reactive,0.84976
h=0.1/q0=0.4/p=0/r=1/sig=0.3/cf=1,D_sigma,0.1,0.4,0.0,1.0,0.3,3.0,1.0,sepsis,native,always_reactive,187135368.565,0.983726,0.0,0.0,0.0,0.0,0.0,0.0,0.0,0.002,0.0,0.0,always_reactive,0.837302
h=0.1/q0=0.4/p=0/r=1/sig=0.3/cf=1,D_sigma,0.1,0.4,0.0,1.0,0.3,3.0,1.0,sepsis,native,always_compile_evict,223498154.892,1.174877,0.0,0.0,142.0,0.0,0.0,0.0,142.0,0.002,142.0,36362786.327,always_reactive,0.837302
h=0.1/q0=0.4/p=0/r=1/sig=0.3/cf=1,D_sigma,0.1,0.4,0.0,1.0,0.3,3.0,1.0,sepsis,native,ours_noinflate,190231115.351,1.0,0.0,0.0,13.0,0.0,0.0,0.0,13.0,0.002,13.0,3095746.786,always_reactive,0.837302
h=0.1/q0=0.4/p=0/r=1/sig=0.3/cf=1,D_sigma,0.1,0.4,0.0,1.0,0.3,3.0,1.0,sepsis,native,oracle_tax,187135368.565,0.983726,0.0,0.0,0.0,0.0,0.0,0.0,0.0,0.002,0.0,0.0,always_reactive,0.837302
h=0.1/q0=0.4/p=0/r=1/sig=0.3/cf=1,D_sigma,0.1,0.4,0.0,1.0,0.3,3.0,1.0,sepsis,native,ours_spend_cap,190231115.351,1.0,0.0,0.0,13.0,0.0,0.0,0.0,13.0,0.002,13.0,3095746.786,always_reactive,0.837302
h=0.1/q0=0.4/p=0/r=1/sig=0.3/cf=1,D_sigma,0.1,0.4,0.0,1.0,0.3,3.0,1.0,sepsis,native,ours_cap_epoch,190231115.351,1.0,0.0,0.0,13.0,0.0,0.0,0.0,13.0,0.002,13.0,3095746.786,always_reactive,0.837302
h=0.1/q0=0.4/p=0/r=1/sig=0.3/cf=1,D_sigma,0.1,0.4,0.0,1.0,0.3,3.0,1.0,sepsis,native,ours_cap_realized,190231115.351,1.0,0.0,0.0,13.0,0.0,0.0,0.0,13.0,0.002,13.0,3095746.786,always_reactive,0.837302
h=0.1/q0=0.4/p=0/r=1/sig=0.3/cf=1,D_sigma,0.1,0.4,0.0,1.0,0.3,3.0,1.0,sepsis,native,ours_pi_prior,189040443.51,0.993741,0.0,0.0,8.0,0.0,0.0,0.0,8.0,0.002,8.0,1905074.945,always_reactive,0.837302
h=0.1/q0=0.4/p=0/r=1/sig=0.3/cf=1,D_sigma,0.1,0.4,0.0,1.0,0.3,3.0,1.0,sepsis,native,breakeven,196422608.924,1.032547,0.0,0.0,39.0,0.0,0.0,0.0,39.0,0.002,39.0,9287240.359,always_reactive,0.837302
h=0.1/q0=0.4/p=0/r=1/sig=0.3/cf=1,D_sigma,0.1,0.4,0.0,1.0,0.3,3.0,1.0,sepsis,native,breakeven_cap_epoch,191183652.824,1.005007,0.0,0.0,17.0,0.0,0.0,0.0,17.0,0.002,17.0,4048284.259,always_reactive,0.837302
h=0.1/q0=0.4/p=0/r=1/sig=0.3/cf=1,D_sigma,0.1,0.4,0.0,1.0,0.3,3.0,1.0,sepsis,native,offline_taxblind,187135368.565,0.983726,,,,,,,,,,,always_reactive,0.837302
h=0.1/q0=0.4/p=0/r=1/sig=0.3/cf=1,D_sigma,0.1,0.4,0.0,1.0,0.3,3.0,1.0,sepsis,native,offline_opt_tax,187135368.565,0.983726,,,,,,,,,,,always_reactive,0.837302
h=0.1/q0=0.4/p=0/r=1/sig=0.3/cf=1,D_sigma,0.1,0.4,0.0,1.0,0.3,3.0,1.0,wiki_A,autorpa_233k,always_reactive,19487424199.81,0.998067,0.0,0.0,0.0,0.0,0.0,0.0,0.0,0.001,0.0,0.0,always_reactive,0.572073
h=0.1/q0=0.4/p=0/r=1/sig=0.3/cf=1,D_sigma,0.1,0.4,0.0,1.0,0.3,3.0,1.0,wiki_A,autorpa_233k,always_compile_evict,34064603199.786,1.744651,0.0,0.0,62563.0,0.0,0.0,0.0,62563.0,0.001,62563.0,14577179000.0,always_reactive,0.572073
h=0.1/q0=0.4/p=0/r=1/sig=0.3/cf=1,D_sigma,0.1,0.4,0.0,1.0,0.3,3.0,1.0,wiki_A,autorpa_233k,ours_noinflate,19525170199.809,1.0,0.0,0.0,162.0,0.0,0.0,0.0,162.0,0.001,162.0,37746000.0,always_reactive,0.572073
h=0.1/q0=0.4/p=0/r=1/sig=0.3/cf=1,D_sigma,0.1,0.4,0.0,1.0,0.3,3.0,1.0,wiki_A,autorpa_233k,oracle_tax,19487424199.81,0.998067,0.0,0.0,0.0,0.0,0.0,0.0,0.0,0.001,0.0,0.0,always_reactive,0.572073
h=0.1/q0=0.4/p=0/r=1/sig=0.3/cf=1,D_sigma,0.1,0.4,0.0,1.0,0.3,3.0,1.0,wiki_A,autorpa_233k,ours_spend_cap,19525170199.809,1.0,0.0,0.0,162.0,0.0,0.0,0.0,162.0,0.001,162.0,37746000.0,always_reactive,0.572073
h=0.1/q0=0.4/p=0/r=1/sig=0.3/cf=1,D_sigma,0.1,0.4,0.0,1.0,0.3,3.0,1.0,wiki_A,autorpa_233k,ours_cap_epoch,19525170199.809,1.0,0.0,0.0,162.0,0.0,0.0,0.0,162.0,0.001,162.0,37746000.0,always_reactive,0.572073
h=0.1/q0=0.4/p=0/r=1/sig=0.3/cf=1,D_sigma,0.1,0.4,0.0,1.0,0.3,3.0,1.0,wiki_A,autorpa_233k,ours_cap_realized,19525170199.809,1.0,0.0,0.0,162.0,0.0,0.0,0.0,162.0,0.001,162.0,37746000.0,always_reactive,0.572073
h=0.1/q0=0.4/p=0/r=1/sig=0.3/cf=1,D_sigma,0.1,0.4,0.0,1.0,0.3,3.0,1.0,wiki_A,autorpa_233k,ours_pi_prior,19519578199.809,0.999714,0.0,0.0,138.0,0.0,0.0,0.0,138.0,0.001,138.0,32154000.0,always_reactive,0.572073
h=0.1/q0=0.4/p=0/r=1/sig=0.3/cf=1,D_sigma,0.1,0.4,0.0,1.0,0.3,3.0,1.0,wiki_A,autorpa_233k,breakeven,24419335199.791,1.250659,0.0,0.0,21167.0,0.0,0.0,0.0,21167.0,0.001,21167.0,4931911000.0,always_reactive,0.572073
h=0.1/q0=0.4/p=0/r=1/sig=0.3/cf=1,D_sigma,0.1,0.4,0.0,1.0,0.3,3.0,1.0,wiki_A,autorpa_233k,breakeven_cap_epoch,19552431199.809,1.001396,0.0,0.0,279.0,0.0,0.0,0.0,279.0,0.001,279.0,65007000.0,always_reactive,0.572073
h=0.1/q0=0.4/p=0/r=1/sig=0.3/cf=1,D_sigma,0.1,0.4,0.0,1.0,0.3,3.0,1.0,wiki_A,autorpa_233k,offline_taxblind,19487424199.821,0.998067,,,,,,,,,,,always_reactive,0.572073
h=0.1/q0=0.4/p=0/r=1/sig=0.3/cf=1,D_sigma,0.1,0.4,0.0,1.0,0.3,3.0,1.0,wiki_A,autorpa_233k,offline_opt_tax,19487424199.821,0.998067,,,,,,,,,,,always_reactive,0.572073
h=0.1/q0=0.4/p=0/r=1/sig=0.3/cf=1,D_sigma,0.1,0.4,0.0,1.0,0.3,3.0,1.0,wiki_A,native,always_reactive,19487424199.81,0.998085,0.0,0.0,0.0,0.0,0.0,0.0,0.0,0.001,0.0,0.0,always_reactive,0.545283
h=0.1/q0=0.4/p=0/r=1/sig=0.3/cf=1,D_sigma,0.1,0.4,0.0,1.0,0.3,3.0,1.0,wiki_A,native,always_compile_evict,35738159261.454,1.830397,0.0,0.0,62563.0,0.0,0.0,0.0,62563.0,0.001,62563.0,16250735061.639,always_reactive,0.545283
h=0.1/q0=0.4/p=0/r=1/sig=0.3/cf=1,D_sigma,0.1,0.4,0.0,1.0,0.3,3.0,1.0,wiki_A,native,ours_noinflate,19524811295.614,1.0,0.0,0.0,157.0,0.0,0.0,0.0,157.0,0.001,157.0,37387095.805,always_reactive,0.545283
h=0.1/q0=0.4/p=0/r=1/sig=0.3/cf=1,D_sigma,0.1,0.4,0.0,1.0,0.3,3.0,1.0,wiki_A,native,oracle_tax,19487424199.81,0.998085,0.0,0.0,0.0,0.0,0.0,0.0,0.0,0.001,0.0,0.0,always_reactive,0.545283
h=0.1/q0=0.4/p=0/r=1/sig=0.3/cf=1,D_sigma,0.1,0.4,0.0,1.0,0.3,3.0,1.0,wiki_A,native,ours_spend_cap,19524811295.614,1.0,0.0,0.0,157.0,0.0,0.0,0.0,157.0,0.001,157.0,37387095.805,always_reactive,0.545283
h=0.1/q0=0.4/p=0/r=1/sig=0.3/cf=1,D_sigma,0.1,0.4,0.0,1.0,0.3,3.0,1.0,wiki_A,native,ours_cap_epoch,19524811295.614,1.0,0.0,0.0,157.0,0.0,0.0,0.0,157.0,0.001,157.0,37387095.805,always_reactive,0.545283
h=0.1/q0=0.4/p=0/r=1/sig=0.3/cf=1,D_sigma,0.1,0.4,0.0,1.0,0.3,3.0,1.0,wiki_A,native,ours_cap_realized,19524811295.614,1.0,0.0,0.0,157.0,0.0,0.0,0.0,157.0,0.001,157.0,37387095.805,always_reactive,0.545283
h=0.1/q0=0.4/p=0/r=1/sig=0.3/cf=1,D_sigma,0.1,0.4,0.0,1.0,0.3,3.0,1.0,wiki_A,native,ours_pi_prior,19519334205.146,0.999719,0.0,0.0,134.0,0.0,0.0,0.0,134.0,0.001,134.0,31910005.336,always_reactive,0.545283
h=0.1/q0=0.4/p=0/r=1/sig=0.3/cf=1,D_sigma,0.1,0.4,0.0,1.0,0.3,3.0,1.0,wiki_A,native,breakeven,24418038467.847,1.250616,0.0,0.0,20768.0,0.0,0.0,0.0,20768.0,0.001,20768.0,4930614268.049,always_reactive,0.545283
h=0.1/q0=0.4/p=0/r=1/sig=0.3/cf=1,D_sigma,0.1,0.4,0.0,1.0,0.3,3.0,1.0,wiki_A,native,breakeven_cap_epoch,19555551603.004,1.001574,0.0,0.0,289.0,0.0,0.0,0.0,289.0,0.001,289.0,68127403.195,always_reactive,0.545283
h=0.1/q0=0.4/p=0/r=1/sig=0.3/cf=1,D_sigma,0.1,0.4,0.0,1.0,0.3,3.0,1.0,wiki_A,native,offline_taxblind,19487424199.821,0.998085,,,,,,,,,,,always_reactive,0.545283
h=0.1/q0=0.4/p=0/r=1/sig=0.3/cf=1,D_sigma,0.1,0.4,0.0,1.0,0.3,3.0,1.0,wiki_A,native,offline_opt_tax,19487424199.821,0.998085,,,,,,,,,,,always_reactive,0.545283
h=0.1/q0=0.4/p=0/r=1/sig=0.3/cf=1,D_sigma,0.1,0.4,0.0,1.0,0.3,3.0,1.0,wiki_B,autorpa_233k,always_reactive,16977748066.619,0.988778,0.0,0.0,0.0,0.0,0.0,0.0,0.0,0.002,0.0,0.0,always_reactive,0.721638
h=0.1/q0=0.4/p=0/r=1/sig=0.3/cf=1,D_sigma,0.1,0.4,0.0,1.0,0.3,3.0,1.0,wiki_B,autorpa_233k,always_compile_evict,23526679066.613,1.370185,0.0,0.0,28107.0,0.0,0.0,0.0,28107.0,0.002,28107.0,6548931000.0,always_reactive,0.721638
h=0.1/q0=0.4/p=0/r=1/sig=0.3/cf=1,D_sigma,0.1,0.4,0.0,1.0,0.3,3.0,1.0,wiki_B,autorpa_233k,ours_noinflate,17170439066.618,1.0,0.0,0.0,827.0,0.0,0.0,0.0,827.0,0.002,827.0,192691000.0,always_reactive,0.721638
h=0.1/q0=0.4/p=0/r=1/sig=0.3/cf=1,D_sigma,0.1,0.4,0.0,1.0,0.3,3.0,1.0,wiki_B,autorpa_233k,oracle_tax,16977748066.619,0.988778,0.0,0.0,0.0,0.0,0.0,0.0,0.0,0.002,0.0,0.0,always_reactive,0.721638
h=0.1/q0=0.4/p=0/r=1/sig=0.3/cf=1,D_sigma,0.1,0.4,0.0,1.0,0.3,3.0,1.0,wiki_B,autorpa_233k,ours_spend_cap,17170439066.618,1.0,0.0,0.0,827.0,0.0,0.0,0.0,827.0,0.002,827.0,192691000.0,always_reactive,0.721638
h=0.1/q0=0.4/p=0/r=1/sig=0.3/cf=1,D_sigma,0.1,0.4,0.0,1.0,0.3,3.0,1.0,wiki_B,autorpa_233k,ours_cap_epoch,17170439066.618,1.0,0.0,0.0,827.0,0.0,0.0,0.0,827.0,0.002,827.0,192691000.0,always_reactive,0.721638
h=0.1/q0=0.4/p=0/r=1/sig=0.3/cf=1,D_sigma,0.1,0.4,0.0,1.0,0.3,3.0,1.0,wiki_B,autorpa_233k,ours_cap_realized,17170439066.618,1.0,0.0,0.0,827.0,0.0,0.0,0.0,827.0,0.002,827.0,192691000.0,always_reactive,0.721638
h=0.1/q0=0.4/p=0/r=1/sig=0.3/cf=1,D_sigma,0.1,0.4,0.0,1.0,0.3,3.0,1.0,wiki_B,autorpa_233k,ours_pi_prior,17157624066.618,0.999254,0.0,0.0,772.0,0.0,0.0,0.0,772.0,0.002,772.0,179876000.0,always_reactive,0.721638
h=0.1/q0=0.4/p=0/r=1/sig=0.3/cf=1,D_sigma,0.1,0.4,0.0,1.0,0.3,3.0,1.0,wiki_B,autorpa_233k,breakeven,18216609066.617,1.060929,0.0,0.0,5317.0,0.0,0.0,0.0,5317.0,0.002,5317.0,1238861000.0,always_reactive,0.721638
h=0.1/q0=0.4/p=0/r=1/sig=0.3/cf=1,D_sigma,0.1,0.4,0.0,1.0,0.3,3.0,1.0,wiki_B,autorpa_233k,breakeven_cap_epoch,17226592066.618,1.00327,0.0,0.0,1068.0,0.0,0.0,0.0,1068.0,0.002,1068.0,248844000.0,always_reactive,0.721638
h=0.1/q0=0.4/p=0/r=1/sig=0.3/cf=1,D_sigma,0.1,0.4,0.0,1.0,0.3,3.0,1.0,wiki_B,autorpa_233k,offline_taxblind,16977748066.618,0.988778,,,,,,,,,,,always_reactive,0.721638
h=0.1/q0=0.4/p=0/r=1/sig=0.3/cf=1,D_sigma,0.1,0.4,0.0,1.0,0.3,3.0,1.0,wiki_B,autorpa_233k,offline_opt_tax,16977748066.618,0.988778,,,,,,,,,,,always_reactive,0.721638
h=0.1/q0=0.4/p=0/r=1/sig=0.3/cf=1,D_sigma,0.1,0.4,0.0,1.0,0.3,3.0,1.0,wiki_B,native,always_reactive,16977748066.619,0.988917,0.0,0.0,0.0,0.0,0.0,0.0,0.0,0.002,0.0,0.0,always_reactive,0.699688
h=0.1/q0=0.4/p=0/r=1/sig=0.3/cf=1,D_sigma,0.1,0.4,0.0,1.0,0.3,3.0,1.0,wiki_B,native,always_compile_evict,24264726319.81,1.413368,0.0,0.0,28107.0,0.0,0.0,0.0,28107.0,0.002,28107.0,7286978253.195,always_reactive,0.699688
h=0.1/q0=0.4/p=0/r=1/sig=0.3/cf=1,D_sigma,0.1,0.4,0.0,1.0,0.3,3.0,1.0,wiki_B,native,ours_noinflate,17168017426.796,1.0,0.0,0.0,799.0,0.0,0.0,0.0,799.0,0.002,799.0,190269360.177,always_reactive,0.699688
h=0.1/q0=0.4/p=0/r=1/sig=0.3/cf=1,D_sigma,0.1,0.4,0.0,1.0,0.3,3.0,1.0,wiki_B,native,oracle_tax,16977748066.619,0.988917,0.0,0.0,0.0,0.0,0.0,0.0,0.0,0.002,0.0,0.0,always_reactive,0.699688
h=0.1/q0=0.4/p=0/r=1/sig=0.3/cf=1,D_sigma,0.1,0.4,0.0,1.0,0.3,3.0,1.0,wiki_B,native,ours_spend_cap,17168017426.796,1.0,0.0,0.0,799.0,0.0,0.0,0.0,799.0,0.002,799.0,190269360.177,always_reactive,0.699688
h=0.1/q0=0.4/p=0/r=1/sig=0.3/cf=1,D_sigma,0.1,0.4,0.0,1.0,0.3,3.0,1.0,wiki_B,native,ours_cap_epoch,17168017426.796,1.0,0.0,0.0,799.0,0.0,0.0,0.0,799.0,0.002,799.0,190269360.177,always_reactive,0.699688
h=0.1/q0=0.4/p=0/r=1/sig=0.3/cf=1,D_sigma,0.1,0.4,0.0,1.0,0.3,3.0,1.0,wiki_B,native,ours_cap_realized,17168017426.796,1.0,0.0,0.0,799.0,0.0,0.0,0.0,799.0,0.002,799.0,190269360.177,always_reactive,0.699688
h=0.1/q0=0.4/p=0/r=1/sig=0.3/cf=1,D_sigma,0.1,0.4,0.0,1.0,0.3,3.0,1.0,wiki_B,native,ours_pi_prior,17156110708.386,0.999306,0.0,0.0,749.0,0.0,0.0,0.0,749.0,0.002,749.0,178362641.768,always_reactive,0.699688
h=0.1/q0=0.4/p=0/r=1/sig=0.3/cf=1,D_sigma,0.1,0.4,0.0,1.0,0.3,3.0,1.0,wiki_B,native,breakeven,18215391488.253,1.061007,0.0,0.0,5320.0,0.0,0.0,0.0,5320.0,0.002,5320.0,1237643421.636,always_reactive,0.699688
h=0.1/q0=0.4/p=0/r=1/sig=0.3/cf=1,D_sigma,0.1,0.4,0.0,1.0,0.3,3.0,1.0,wiki_B,native,breakeven_cap_epoch,17234032058.314,1.003845,0.0,0.0,1095.0,0.0,0.0,0.0,1095.0,0.002,1095.0,256283991.695,always_reactive,0.699688
h=0.1/q0=0.4/p=0/r=1/sig=0.3/cf=1,D_sigma,0.1,0.4,0.0,1.0,0.3,3.0,1.0,wiki_B,native,offline_taxblind,16977748066.618,0.988917,,,,,,,,,,,always_reactive,0.699688
h=0.1/q0=0.4/p=0/r=1/sig=0.3/cf=1,D_sigma,0.1,0.4,0.0,1.0,0.3,3.0,1.0,wiki_B,native,offline_opt_tax,16977748066.618,0.988917,,,,,,,,,,,always_reactive,0.699688
h=0.1/q0=0.4/p=0/r=1/sig=0/cf=10.5094,A_core,0.1,0.4,0.0,1.0,0.0,1.0,10.509389227369171,bpi2019,autorpa_233k,always_reactive,28364744721.458,0.987216,0.0,0.0,0.0,0.0,0.0,0.0,0.0,0.003,0.0,0.0,always_reactive,0.046633
h=0.1/q0=0.4/p=0/r=1/sig=0/cf=10.5094,A_core,0.1,0.4,0.0,1.0,0.0,1.0,10.509389227369171,bpi2019,autorpa_233k,always_compile_evict,608258066088.321,21.170021,0.0,0.0,236818.0,0.0,0.0,0.0,236818.0,0.0,236818.0,579893321364.895,always_reactive,0.046633
h=0.1/q0=0.4/p=0/r=1/sig=0/cf=10.5094,A_core,0.1,0.4,0.0,1.0,0.0,1.0,10.509389227369171,bpi2019,autorpa_233k,ours_noinflate,28732047874.953,1.0,0.0,0.0,150.0,0.0,0.0,0.0,150.0,0.003,150.0,367303153.497,always_reactive,0.046633
h=0.1/q0=0.4/p=0/r=1/sig=0/cf=10.5094,A_core,0.1,0.4,0.0,1.0,0.0,1.0,10.509389227369171,bpi2019,autorpa_233k,oracle_tax,28364744721.458,0.987216,0.0,0.0,0.0,0.0,0.0,0.0,0.0,0.003,0.0,0.0,always_reactive,0.046633
h=0.1/q0=0.4/p=0/r=1/sig=0/cf=10.5094,A_core,0.1,0.4,0.0,1.0,0.0,1.0,10.509389227369171,bpi2019,autorpa_233k,ours_spend_cap,28732047874.953,1.0,0.0,0.0,150.0,0.0,0.0,0.0,150.0,0.003,150.0,367303153.497,always_reactive,0.046633
h=0.1/q0=0.4/p=0/r=1/sig=0/cf=10.5094,A_core,0.1,0.4,0.0,1.0,0.0,1.0,10.509389227369171,bpi2019,autorpa_233k,ours_cap_epoch,28732047874.953,1.0,0.0,0.0,150.0,0.0,0.0,0.0,150.0,0.003,150.0,367303153.497,always_reactive,0.046633
h=0.1/q0=0.4/p=0/r=1/sig=0/cf=10.5094,A_core,0.1,0.4,0.0,1.0,0.0,1.0,10.509389227369171,bpi2019,autorpa_233k,ours_cap_realized,28732047874.953,1.0,0.0,0.0,150.0,0.0,0.0,0.0,150.0,0.003,150.0,367303153.497,always_reactive,0.046633
h=0.1/q0=0.4/p=0/r=1/sig=0/cf=10.5094,A_core,0.1,0.4,0.0,1.0,0.0,1.0,10.509389227369171,bpi2019,autorpa_233k,ours_pi_prior,28697766247.293,0.998807,0.0,0.0,136.0,0.0,0.0,0.0,136.0,0.003,136.0,333021525.837,always_reactive,0.046633
h=0.1/q0=0.4/p=0/r=1/sig=0/cf=10.5094,A_core,0.1,0.4,0.0,1.0,0.0,1.0,10.509389227369171,bpi2019,autorpa_233k,breakeven,155845874549.236,5.424113,0.0,0.0,52061.0,0.0,0.0,0.0,52061.0,0.001,52061.0,127481129827.893,always_reactive,0.046633
h=0.1/q0=0.4/p=0/r=1/sig=0/cf=10.5094,A_core,0.1,0.4,0.0,1.0,0.0,1.0,10.509389227369171,bpi2019,autorpa_233k,breakeven_cap_epoch,30526935951.701,1.06247,0.0,0.0,883.0,0.0,0.0,0.0,883.0,0.003,883.0,2162191230.25,always_reactive,0.046633
h=0.1/q0=0.4/p=0/r=1/sig=0/cf=10.5094,A_core,0.1,0.4,0.0,1.0,0.0,1.0,10.509389227369171,bpi2019,autorpa_233k,offline_taxblind,28364744721.522,0.987216,,,,,,,,,,,always_reactive,0.046633
h=0.1/q0=0.4/p=0/r=1/sig=0/cf=10.5094,A_core,0.1,0.4,0.0,1.0,0.0,1.0,10.509389227369171,bpi2019,autorpa_233k,offline_opt_tax,28364744721.522,0.987216,,,,,,,,,,,always_reactive,0.046633
h=0.1/q0=0.4/p=0/r=1/sig=0/cf=10.5094,A_core,0.1,0.4,0.0,1.0,0.0,1.0,10.509389227369171,bpi2019,native,always_reactive,28364744721.458,0.987024,0.0,0.0,0.0,0.0,0.0,0.0,0.0,0.003,0.0,0.0,always_reactive,0.036059
h=0.1/q0=0.4/p=0/r=1/sig=0/cf=10.5094,A_core,0.1,0.4,0.0,1.0,0.0,1.0,10.509389227369171,bpi2019,native,always_compile_evict,786629619891.115,27.372799,0.0,0.0,236818.0,0.0,0.0,0.0,236818.0,0.0,236818.0,758264875166.386,always_reactive,0.036059
h=0.1/q0=0.4/p=0/r=1/sig=0/cf=10.5094,A_core,0.1,0.4,0.0,1.0,0.0,1.0,10.509389227369171,bpi2019,native,ours_noinflate,28737639089.238,1.0,0.0,0.0,149.0,0.0,0.0,0.0,149.0,0.003,149.0,372894367.782,always_reactive,0.036059
h=0.1/q0=0.4/p=0/r=1/sig=0/cf=10.5094,A_core,0.1,0.4,0.0,1.0,0.0,1.0,10.509389227369171,bpi2019,native,oracle_tax,28364744721.458,0.987024,0.0,0.0,0.0,0.0,0.0,0.0,0.0,0.003,0.0,0.0,always_reactive,0.036059
h=0.1/q0=0.4/p=0/r=1/sig=0/cf=10.5094,A_core,0.1,0.4,0.0,1.0,0.0,1.0,10.509389227369171,bpi2019,native,ours_spend_cap,28737639089.238,1.0,0.0,0.0,149.0,0.0,0.0,0.0,149.0,0.003,149.0,372894367.782,always_reactive,0.036059
h=0.1/q0=0.4/p=0/r=1/sig=0/cf=10.5094,A_core,0.1,0.4,0.0,1.0,0.0,1.0,10.509389227369171,bpi2019,native,ours_cap_epoch,28737639089.238,1.0,0.0,0.0,149.0,0.0,0.0,0.0,149.0,0.003,149.0,372894367.782,always_reactive,0.036059
h=0.1/q0=0.4/p=0/r=1/sig=0/cf=10.5094,A_core,0.1,0.4,0.0,1.0,0.0,1.0,10.509389227369171,bpi2019,native,ours_cap_realized,28737639089.238,1.0,0.0,0.0,149.0,0.0,0.0,0.0,149.0,0.003,149.0,372894367.782,always_reactive,0.036059
h=0.1/q0=0.4/p=0/r=1/sig=0/cf=10.5094,A_core,0.1,0.4,0.0,1.0,0.0,1.0,10.509389227369171,bpi2019,native,ours_pi_prior,28677575566.911,0.99791,0.0,0.0,125.0,0.0,0.0,0.0,125.0,0.003,125.0,312830845.455,always_reactive,0.036059
h=0.1/q0=0.4/p=0/r=1/sig=0/cf=10.5094,A_core,0.1,0.4,0.0,1.0,0.0,1.0,10.509389227369171,bpi2019,native,breakeven,156310693844.747,5.439232,0.0,0.0,50235.0,0.0,0.0,0.0,50235.0,0.001,50235.0,127945949123.178,always_reactive,0.036059
h=0.1/q0=0.4/p=0/r=1/sig=0/cf=10.5094,A_core,0.1,0.4,0.0,1.0,0.0,1.0,10.509389227369171,bpi2019,native,breakeven_cap_epoch,30577793968.72,1.064033,0.0,0.0,886.0,0.0,0.0,0.0,886.0,0.003,886.0,2213049247.268,always_reactive,0.036059
h=0.1/q0=0.4/p=0/r=1/sig=0/cf=10.5094,A_core,0.1,0.4,0.0,1.0,0.0,1.0,10.509389227369171,bpi2019,native,offline_taxblind,28364744721.522,0.987024,,,,,,,,,,,always_reactive,0.036059
h=0.1/q0=0.4/p=0/r=1/sig=0/cf=10.5094,A_core,0.1,0.4,0.0,1.0,0.0,1.0,10.509389227369171,bpi2019,native,offline_opt_tax,28364744721.522,0.987024,,,,,,,,,,,always_reactive,0.036059
h=0.1/q0=0.4/p=0/r=1/sig=0/cf=10.5094,A_core,0.1,0.4,0.0,1.0,0.0,1.0,10.509389227369171,sepsis,autorpa_233k,always_reactive,187135368.565,0.974497,0.0,0.0,0.0,0.0,0.0,0.0,0.0,0.002,0.0,0.0,always_reactive,0.349884
h=0.1/q0=0.4/p=0/r=1/sig=0/cf=10.5094,A_core,0.1,0.4,0.0,1.0,0.0,1.0,10.509389227369171,sepsis,autorpa_233k,always_compile_evict,534849020.541,2.785197,0.0,0.0,142.0,0.0,0.0,0.0,142.0,0.001,142.0,347713651.977,always_reactive,0.349884
h=0.1/q0=0.4/p=0/r=1/sig=0/cf=10.5094,A_core,0.1,0.4,0.0,1.0,0.0,1.0,10.509389227369171,sepsis,autorpa_233k,ours_noinflate,192032743.945,1.0,0.0,0.0,2.0,0.0,0.0,0.0,2.0,0.002,2.0,4897375.38,always_reactive,0.349884
h=0.1/q0=0.4/p=0/r=1/sig=0/cf=10.5094,A_core,0.1,0.4,0.0,1.0,0.0,1.0,10.509389227369171,sepsis,autorpa_233k,oracle_tax,187135368.565,0.974497,0.0,0.0,0.0,0.0,0.0,0.0,0.0,0.002,0.0,0.0,always_reactive,0.349884
h=0.1/q0=0.4/p=0/r=1/sig=0/cf=10.5094,A_core,0.1,0.4,0.0,1.0,0.0,1.0,10.509389227369171,sepsis,autorpa_233k,ours_spend_cap,192032743.945,1.0,0.0,0.0,2.0,0.0,0.0,0.0,2.0,0.002,2.0,4897375.38,always_reactive,0.349884
h=0.1/q0=0.4/p=0/r=1/sig=0/cf=10.5094,A_core,0.1,0.4,0.0,1.0,0.0,1.0,10.509389227369171,sepsis,autorpa_233k,ours_cap_epoch,192032743.945,1.0,0.0,0.0,2.0,0.0,0.0,0.0,2.0,0.002,2.0,4897375.38,always_reactive,0.349884
h=0.1/q0=0.4/p=0/r=1/sig=0/cf=10.5094,A_core,0.1,0.4,0.0,1.0,0.0,1.0,10.509389227369171,sepsis,autorpa_233k,ours_cap_realized,192032743.945,1.0,0.0,0.0,2.0,0.0,0.0,0.0,2.0,0.002,2.0,4897375.38,always_reactive,0.349884
h=0.1/q0=0.4/p=0/r=1/sig=0/cf=10.5094,A_core,0.1,0.4,0.0,1.0,0.0,1.0,10.509389227369171,sepsis,autorpa_233k,ours_pi_prior,189584056.255,0.987249,0.0,0.0,1.0,0.0,0.0,0.0,1.0,0.002,1.0,2448687.69,always_reactive,0.349884
h=0.1/q0=0.4/p=0/r=1/sig=0/cf=10.5094,A_core,0.1,0.4,0.0,1.0,0.0,1.0,10.509389227369171,sepsis,autorpa_233k,breakeven,334056629.963,1.739582,0.0,0.0,60.0,0.0,0.0,0.0,60.0,0.001,60.0,146921261.399,always_reactive,0.349884
h=0.1/q0=0.4/p=0/r=1/sig=0/cf=10.5094,A_core,0.1,0.4,0.0,1.0,0.0,1.0,10.509389227369171,sepsis,autorpa_233k,breakeven_cap_epoch,201827494.704,1.051006,0.0,0.0,6.0,0.0,0.0,0.0,6.0,0.002,6.0,14692126.14,always_reactive,0.349884
h=0.1/q0=0.4/p=0/r=1/sig=0/cf=10.5094,A_core,0.1,0.4,0.0,1.0,0.0,1.0,10.509389227369171,sepsis,autorpa_233k,offline_taxblind,187135368.565,0.974497,,,,,,,,,,,always_reactive,0.349884
h=0.1/q0=0.4/p=0/r=1/sig=0/cf=10.5094,A_core,0.1,0.4,0.0,1.0,0.0,1.0,10.509389227369171,sepsis,autorpa_233k,offline_opt_tax,187135368.565,0.974497,,,,,,,,,,,always_reactive,0.349884
h=0.1/q0=0.4/p=0/r=1/sig=0/cf=10.5094,A_core,0.1,0.4,0.0,1.0,0.0,1.0,10.509389227369171,sepsis,native,always_reactive,187135368.565,0.97395,0.0,0.0,0.0,0.0,0.0,0.0,0.0,0.002,0.0,0.0,always_reactive,0.328719
h=0.1/q0=0.4/p=0/r=1/sig=0/cf=10.5094,A_core,0.1,0.4,0.0,1.0,0.0,1.0,10.509389227369171,sepsis,native,always_compile_evict,569286043.47,2.962861,0.0,0.0,142.0,0.0,0.0,0.0,142.0,0.001,142.0,382150674.905,always_reactive,0.328719
h=0.1/q0=0.4/p=0/r=1/sig=0/cf=10.5094,A_core,0.1,0.4,0.0,1.0,0.0,1.0,10.509389227369171,sepsis,native,ours_noinflate,192140662.092,1.0,0.0,0.0,2.0,0.0,0.0,0.0,2.0,0.002,2.0,5005293.527,always_reactive,0.328719
h=0.1/q0=0.4/p=0/r=1/sig=0/cf=10.5094,A_core,0.1,0.4,0.0,1.0,0.0,1.0,10.509389227369171,sepsis,native,oracle_tax,187135368.565,0.97395,0.0,0.0,0.0,0.0,0.0,0.0,0.0,0.002,0.0,0.0,always_reactive,0.328719
h=0.1/q0=0.4/p=0/r=1/sig=0/cf=10.5094,A_core,0.1,0.4,0.0,1.0,0.0,1.0,10.509389227369171,sepsis,native,ours_spend_cap,192140662.092,1.0,0.0,0.0,2.0,0.0,0.0,0.0,2.0,0.002,2.0,5005293.527,always_reactive,0.328719
h=0.1/q0=0.4/p=0/r=1/sig=0/cf=10.5094,A_core,0.1,0.4,0.0,1.0,0.0,1.0,10.509389227369171,sepsis,native,ours_cap_epoch,192140662.092,1.0,0.0,0.0,2.0,0.0,0.0,0.0,2.0,0.002,2.0,5005293.527,always_reactive,0.328719
h=0.1/q0=0.4/p=0/r=1/sig=0/cf=10.5094,A_core,0.1,0.4,0.0,1.0,0.0,1.0,10.509389227369171,sepsis,native,ours_cap_realized,192140662.092,1.0,0.0,0.0,2.0,0.0,0.0,0.0,2.0,0.002,2.0,5005293.527,always_reactive,0.328719
h=0.1/q0=0.4/p=0/r=1/sig=0/cf=10.5094,A_core,0.1,0.4,0.0,1.0,0.0,1.0,10.509389227369171,sepsis,native,ours_pi_prior,189638015.328,0.986975,0.0,0.0,1.0,0.0,0.0,0.0,1.0,0.002,1.0,2502646.764,always_reactive,0.328719
h=0.1/q0=0.4/p=0/r=1/sig=0/cf=10.5094,A_core,0.1,0.4,0.0,1.0,0.0,1.0,10.509389227369171,sepsis,native,breakeven,334791527.619,1.742429,0.0,0.0,59.0,0.0,0.0,0.0,59.0,0.001,59.0,147656159.055,always_reactive,0.328719
h=0.1/q0=0.4/p=0/r=1/sig=0/cf=10.5094,A_core,0.1,0.4,0.0,1.0,0.0,1.0,10.509389227369171,sepsis,native,breakeven_cap_epoch,202151249.146,1.0521,0.0,0.0,6.0,0.0,0.0,0.0,6.0,0.002,6.0,15015880.582,always_reactive,0.328719
h=0.1/q0=0.4/p=0/r=1/sig=0/cf=10.5094,A_core,0.1,0.4,0.0,1.0,0.0,1.0,10.509389227369171,sepsis,native,offline_taxblind,187135368.565,0.97395,,,,,,,,,,,always_reactive,0.328719
h=0.1/q0=0.4/p=0/r=1/sig=0/cf=10.5094,A_core,0.1,0.4,0.0,1.0,0.0,1.0,10.509389227369171,sepsis,native,offline_opt_tax,187135368.565,0.97395,,,,,,,,,,,always_reactive,0.328719
h=0.1/q0=0.4/p=0/r=1/sig=0/cf=10.5094,A_core,0.1,0.4,0.0,1.0,0.0,1.0,10.509389227369171,wiki_A,autorpa_233k,always_reactive,19487424199.81,0.995995,0.0,0.0,0.0,0.0,0.0,0.0,0.0,0.001,0.0,0.0,always_reactive,0.11285
h=0.1/q0=0.4/p=0/r=1/sig=0/cf=10.5094,A_core,0.1,0.4,0.0,1.0,0.0,1.0,10.509389227369171,wiki_A,autorpa_233k,always_compile_evict,172684672147.794,8.825851,0.0,0.0,62563.0,0.0,0.0,0.0,62563.0,0.0,62563.0,153197247948.046,always_reactive,0.11285
h=0.1/q0=0.4/p=0/r=1/sig=0/cf=10.5094,A_core,0.1,0.4,0.0,1.0,0.0,1.0,10.509389227369171,wiki_A,autorpa_233k,ours_noinflate,19565782205.888,1.0,0.0,0.0,32.0,0.0,0.0,0.0,32.0,0.001,32.0,78358006.079,always_reactive,0.11285
h=0.1/q0=0.4/p=0/r=1/sig=0/cf=10.5094,A_core,0.1,0.4,0.0,1.0,0.0,1.0,10.509389227369171,wiki_A,autorpa_233k,oracle_tax,19487424199.81,0.995995,0.0,0.0,0.0,0.0,0.0,0.0,0.0,0.001,0.0,0.0,always_reactive,0.11285
h=0.1/q0=0.4/p=0/r=1/sig=0/cf=10.5094,A_core,0.1,0.4,0.0,1.0,0.0,1.0,10.509389227369171,wiki_A,autorpa_233k,ours_spend_cap,19565782205.888,1.0,0.0,0.0,32.0,0.0,0.0,0.0,32.0,0.001,32.0,78358006.079,always_reactive,0.11285
h=0.1/q0=0.4/p=0/r=1/sig=0/cf=10.5094,A_core,0.1,0.4,0.0,1.0,0.0,1.0,10.509389227369171,wiki_A,autorpa_233k,ours_cap_epoch,19565782205.888,1.0,0.0,0.0,32.0,0.0,0.0,0.0,32.0,0.001,32.0,78358006.079,always_reactive,0.11285
h=0.1/q0=0.4/p=0/r=1/sig=0/cf=10.5094,A_core,0.1,0.4,0.0,1.0,0.0,1.0,10.509389227369171,wiki_A,autorpa_233k,ours_cap_realized,19565782205.888,1.0,0.0,0.0,32.0,0.0,0.0,0.0,32.0,0.001,32.0,78358006.079,always_reactive,0.11285
h=0.1/q0=0.4/p=0/r=1/sig=0/cf=10.5094,A_core,0.1,0.4,0.0,1.0,0.0,1.0,10.509389227369171,wiki_A,autorpa_233k,ours_pi_prior,19548641392.059,0.999124,0.0,0.0,25.0,0.0,0.0,0.0,25.0,0.001,25.0,61217192.249,always_reactive,0.11285
h=0.1/q0=0.4/p=0/r=1/sig=0/cf=10.5094,A_core,0.1,0.4,0.0,1.0,0.0,1.0,10.509389227369171,wiki_A,autorpa_233k,breakeven,94738045600.421,4.842027,0.0,0.0,30731.0,0.0,0.0,0.0,30731.0,0.0,30731.0,75250621400.701,always_reactive,0.11285
h=0.1/q0=0.4/p=0/r=1/sig=0/cf=10.5094,A_core,0.1,0.4,0.0,1.0,0.0,1.0,10.509389227369171,wiki_A,autorpa_233k,breakeven_cap_epoch,19896355044.031,1.016895,0.0,0.0,167.0,0.0,0.0,0.0,167.0,0.001,167.0,408930844.226,always_reactive,0.11285
h=0.1/q0=0.4/p=0/r=1/sig=0/cf=10.5094,A_core,0.1,0.4,0.0,1.0,0.0,1.0,10.509389227369171,wiki_A,autorpa_233k,offline_taxblind,19487424199.821,0.995995,,,,,,,,,,,always_reactive,0.11285
h=0.1/q0=0.4/p=0/r=1/sig=0/cf=10.5094,A_core,0.1,0.4,0.0,1.0,0.0,1.0,10.509389227369171,wiki_A,autorpa_233k,offline_opt_tax,19487424199.821,0.995995,,,,,,,,,,,always_reactive,0.11285
h=0.1/q0=0.4/p=0/r=1/sig=0/cf=10.5094,A_core,0.1,0.4,0.0,1.0,0.0,1.0,10.509389227369171,wiki_A,native,always_reactive,19487424199.81,0.995907,0.0,0.0,0.0,0.0,0.0,0.0,0.0,0.001,0.0,0.0,always_reactive,0.102418
h=0.1/q0=0.4/p=0/r=1/sig=0/cf=10.5094,A_core,0.1,0.4,0.0,1.0,0.0,1.0,10.509389227369171,wiki_A,native,always_compile_evict,190272724193.731,9.723911,0.0,0.0,62563.0,0.0,0.0,0.0,62563.0,0.0,62563.0,170785299993.635,always_reactive,0.102418
h=0.1/q0=0.4/p=0/r=1/sig=0/cf=10.5094,A_core,0.1,0.4,0.0,1.0,0.0,1.0,10.509389227369171,wiki_A,native,ours_noinflate,19567508896.245,1.0,0.0,0.0,32.0,0.0,0.0,0.0,32.0,0.001,32.0,80084696.436,always_reactive,0.102418
h=0.1/q0=0.4/p=0/r=1/sig=0/cf=10.5094,A_core,0.1,0.4,0.0,1.0,0.0,1.0,10.509389227369171,wiki_A,native,oracle_tax,19487424199.81,0.995907,0.0,0.0,0.0,0.0,0.0,0.0,0.0,0.001,0.0,0.0,always_reactive,0.102418
h=0.1/q0=0.4/p=0/r=1/sig=0/cf=10.5094,A_core,0.1,0.4,0.0,1.0,0.0,1.0,10.509389227369171,wiki_A,native,ours_spend_cap,19567508896.245,1.0,0.0,0.0,32.0,0.0,0.0,0.0,32.0,0.001,32.0,80084696.436,always_reactive,0.102418
h=0.1/q0=0.4/p=0/r=1/sig=0/cf=10.5094,A_core,0.1,0.4,0.0,1.0,0.0,1.0,10.509389227369171,wiki_A,native,ours_cap_epoch,19567508896.245,1.0,0.0,0.0,32.0,0.0,0.0,0.0,32.0,0.001,32.0,80084696.436,always_reactive,0.102418
h=0.1/q0=0.4/p=0/r=1/sig=0/cf=10.5094,A_core,0.1,0.4,0.0,1.0,0.0,1.0,10.509389227369171,wiki_A,native,ours_cap_realized,19567508896.245,1.0,0.0,0.0,32.0,0.0,0.0,0.0,32.0,0.001,32.0,80084696.436,always_reactive,0.102418
h=0.1/q0=0.4/p=0/r=1/sig=0/cf=10.5094,A_core,0.1,0.4,0.0,1.0,0.0,1.0,10.509389227369171,wiki_A,native,ours_pi_prior,19539979781.846,0.998593,0.0,0.0,21.0,0.0,0.0,0.0,21.0,0.001,21.0,52555582.036,always_reactive,0.102418
h=0.1/q0=0.4/p=0/r=1/sig=0/cf=10.5094,A_core,0.1,0.4,0.0,1.0,0.0,1.0,10.509389227369171,wiki_A,native,breakeven,96087500686.417,4.910564,0.0,0.0,30750.0,0.0,0.0,0.0,30750.0,0.0,30750.0,76600076486.618,always_reactive,0.102418
h=0.1/q0=0.4/p=0/r=1/sig=0/cf=10.5094,A_core,0.1,0.4,0.0,1.0,0.0,1.0,10.509389227369171,wiki_A,native,breakeven_cap_epoch,19899115109.017,1.016947,0.0,0.0,166.0,0.0,0.0,0.0,166.0,0.001,166.0,411690909.212,always_reactive,0.102418
h=0.1/q0=0.4/p=0/r=1/sig=0/cf=10.5094,A_core,0.1,0.4,0.0,1.0,0.0,1.0,10.509389227369171,wiki_A,native,offline_taxblind,19487424199.821,0.995907,,,,,,,,,,,always_reactive,0.102418
h=0.1/q0=0.4/p=0/r=1/sig=0/cf=10.5094,A_core,0.1,0.4,0.0,1.0,0.0,1.0,10.509389227369171,wiki_A,native,offline_opt_tax,19487424199.821,0.995907,,,,,,,,,,,always_reactive,0.102418
h=0.1/q0=0.4/p=0/r=1/sig=0/cf=10.5094,A_core,0.1,0.4,0.0,1.0,0.0,1.0,10.509389227369171,wiki_B,autorpa_233k,always_reactive,16977748066.619,0.975244,0.0,0.0,0.0,0.0,0.0,0.0,0.0,0.002,0.0,0.0,always_reactive,0.197869
h=0.1/q0=0.4/p=0/r=1/sig=0/cf=10.5094,A_core,0.1,0.4,0.0,1.0,0.0,1.0,10.509389227369171,wiki_B,autorpa_233k,always_compile_evict,85803012968.788,4.928738,0.0,0.0,28107.0,0.0,0.0,0.0,28107.0,0.0,28107.0,68825264902.184,always_reactive,0.197869
h=0.1/q0=0.4/p=0/r=1/sig=0/cf=10.5094,A_core,0.1,0.4,0.0,1.0,0.0,1.0,10.509389227369171,wiki_B,autorpa_233k,ours_noinflate,17408717100.054,1.0,0.0,0.0,176.0,0.0,0.0,0.0,176.0,0.002,176.0,430969033.436,always_reactive,0.197869
h=0.1/q0=0.4/p=0/r=1/sig=0/cf=10.5094,A_core,0.1,0.4,0.0,1.0,0.0,1.0,10.509389227369171,wiki_B,autorpa_233k,oracle_tax,16977748066.619,0.975244,0.0,0.0,0.0,0.0,0.0,0.0,0.0,0.002,0.0,0.0,always_reactive,0.197869
h=0.1/q0=0.4/p=0/r=1/sig=0/cf=10.5094,A_core,0.1,0.4,0.0,1.0,0.0,1.0,10.509389227369171,wiki_B,autorpa_233k,ours_spend_cap,17408717100.054,1.0,0.0,0.0,176.0,0.0,0.0,0.0,176.0,0.002,176.0,430969033.436,always_reactive,0.197869
h=0.1/q0=0.4/p=0/r=1/sig=0/cf=10.5094,A_core,0.1,0.4,0.0,1.0,0.0,1.0,10.509389227369171,wiki_B,autorpa_233k,ours_cap_epoch,17408717100.054,1.0,0.0,0.0,176.0,0.0,0.0,0.0,176.0,0.002,176.0,430969033.436,always_reactive,0.197869
h=0.1/q0=0.4/p=0/r=1/sig=0/cf=10.5094,A_core,0.1,0.4,0.0,1.0,0.0,1.0,10.509389227369171,wiki_B,autorpa_233k,ours_cap_realized,17408717100.054,1.0,0.0,0.0,176.0,0.0,0.0,0.0,176.0,0.002,176.0,430969033.436,always_reactive,0.197869
h=0.1/q0=0.4/p=0/r=1/sig=0/cf=10.5094,A_core,0.1,0.4,0.0,1.0,0.0,1.0,10.509389227369171,wiki_B,autorpa_233k,ours_pi_prior,17384230223.155,0.998593,0.0,0.0,166.0,0.0,0.0,0.0,166.0,0.002,166.0,406482156.536,always_reactive,0.197869
h=0.1/q0=0.4/p=0/r=1/sig=0/cf=10.5094,A_core,0.1,0.4,0.0,1.0,0.0,1.0,10.509389227369171,wiki_B,autorpa_233k,breakeven,38707402627.461,2.223449,0.0,0.0,8874.0,0.0,0.0,0.0,8874.0,0.001,8874.0,21729654560.856,always_reactive,0.197869
h=0.1/q0=0.4/p=0/r=1/sig=0/cf=10.5094,A_core,0.1,0.4,0.0,1.0,0.0,1.0,10.509389227369171,wiki_B,autorpa_233k,breakeven_cap_epoch,18836302023.309,1.082004,0.0,0.0,759.0,0.0,0.0,0.0,759.0,0.002,759.0,1858553956.693,always_reactive,0.197869
h=0.1/q0=0.4/p=0/r=1/sig=0/cf=10.5094,A_core,0.1,0.4,0.0,1.0,0.0,1.0,10.509389227369171,wiki_B,autorpa_233k,offline_taxblind,16977748066.618,0.975244,,,,,,,,,,,always_reactive,0.197869
h=0.1/q0=0.4/p=0/r=1/sig=0/cf=10.5094,A_core,0.1,0.4,0.0,1.0,0.0,1.0,10.509389227369171,wiki_B,autorpa_233k,offline_opt_tax,16977748066.618,0.975244,,,,,,,,,,,always_reactive,0.197869
h=0.1/q0=0.4/p=0/r=1/sig=0/cf=10.5094,A_core,0.1,0.4,0.0,1.0,0.0,1.0,10.509389227369171,wiki_B,native,always_reactive,16977748066.619,0.975413,0.0,0.0,0.0,0.0,0.0,0.0,0.0,0.002,0.0,0.0,always_reactive,0.181465
h=0.1/q0=0.4/p=0/r=1/sig=0/cf=10.5094,A_core,0.1,0.4,0.0,1.0,0.0,1.0,10.509389227369171,wiki_B,native,always_compile_evict,93559438820.81,5.375218,0.0,0.0,28107.0,0.0,0.0,0.0,28107.0,0.0,28107.0,76581690754.206,always_reactive,0.181465
h=0.1/q0=0.4/p=0/r=1/sig=0/cf=10.5094,A_core,0.1,0.4,0.0,1.0,0.0,1.0,10.509389227369171,wiki_B,native,ours_noinflate,17405700663.2,1.0,0.0,0.0,171.0,0.0,0.0,0.0,171.0,0.002,171.0,427952596.582,always_reactive,0.181465
h=0.1/q0=0.4/p=0/r=1/sig=0/cf=10.5094,A_core,0.1,0.4,0.0,1.0,0.0,1.0,10.509389227369171,wiki_B,native,oracle_tax,16977748066.619,0.975413,0.0,0.0,0.0,0.0,0.0,0.0,0.0,0.002,0.0,0.0,always_reactive,0.181465
h=0.1/q0=0.4/p=0/r=1/sig=0/cf=10.5094,A_core,0.1,0.4,0.0,1.0,0.0,1.0,10.509389227369171,wiki_B,native,ours_spend_cap,17405700663.2,1.0,0.0,0.0,171.0,0.0,0.0,0.0,171.0,0.002,171.0,427952596.582,always_reactive,0.181465
h=0.1/q0=0.4/p=0/r=1/sig=0/cf=10.5094,A_core,0.1,0.4,0.0,1.0,0.0,1.0,10.509389227369171,wiki_B,native,ours_cap_epoch,17405700663.2,1.0,0.0,0.0,171.0,0.0,0.0,0.0,171.0,0.002,171.0,427952596.582,always_reactive,0.181465
h=0.1/q0=0.4/p=0/r=1/sig=0/cf=10.5094,A_core,0.1,0.4,0.0,1.0,0.0,1.0,10.509389227369171,wiki_B,native,ours_cap_realized,17405700663.2,1.0,0.0,0.0,171.0,0.0,0.0,0.0,171.0,0.002,171.0,427952596.582,always_reactive,0.181465
h=0.1/q0=0.4/p=0/r=1/sig=0/cf=10.5094,A_core,0.1,0.4,0.0,1.0,0.0,1.0,10.509389227369171,wiki_B,native,ours_pi_prior,17318108026.473,0.994968,0.0,0.0,136.0,0.0,0.0,0.0,136.0,0.002,136.0,340359959.855,always_reactive,0.181465
h=0.1/q0=0.4/p=0/r=1/sig=0/cf=10.5094,A_core,0.1,0.4,0.0,1.0,0.0,1.0,10.509389227369171,wiki_B,native,breakeven,38932677876.294,2.236777,0.0,0.0,9045.0,0.0,0.0,0.0,9045.0,0.001,9045.0,21954929809.687,always_reactive,0.181465
h=0.1/q0=0.4/p=0/r=1/sig=0/cf=10.5094,A_core,0.1,0.4,0.0,1.0,0.0,1.0,10.509389227369171,wiki_B,native,breakeven_cap_epoch,18840176085.989,1.082414,0.0,0.0,750.0,0.0,0.0,0.0,750.0,0.002,750.0,1862428019.372,always_reactive,0.181465
h=0.1/q0=0.4/p=0/r=1/sig=0/cf=10.5094,A_core,0.1,0.4,0.0,1.0,0.0,1.0,10.509389227369171,wiki_B,native,offline_taxblind,16977748066.618,0.975413,,,,,,,,,,,always_reactive,0.181465
h=0.1/q0=0.4/p=0/r=1/sig=0/cf=10.5094,A_core,0.1,0.4,0.0,1.0,0.0,1.0,10.509389227369171,wiki_B,native,offline_opt_tax,16977748066.618,0.975413,,,,,,,,,,,always_reactive,0.181465
h=0.1/q0=0.4/p=0/r=1/sig=0/cf=1,A_core,0.1,0.4,0.0,1.0,0.0,1.0,1.0,bpi2019,autorpa_233k,always_reactive,28364744721.458,0.983384,0.0,0.0,0.0,0.0,0.0,0.0,0.0,0.003,0.0,0.0,always_reactive,0.339521
h=0.1/q0=0.4/p=0/r=1/sig=0/cf=1,A_core,0.1,0.4,0.0,1.0,0.0,1.0,1.0,bpi2019,autorpa_233k,always_compile_evict,83543338721.444,2.896383,0.0,0.0,236818.0,0.0,0.0,0.0,236818.0,0.001,236818.0,55178594000.0,always_reactive,0.339521
h=0.1/q0=0.4/p=0/r=1/sig=0/cf=1,A_core,0.1,0.4,0.0,1.0,0.0,1.0,1.0,bpi2019,autorpa_233k,ours_noinflate,28844025721.456,1.0,0.0,0.0,2057.0,0.0,0.0,0.0,2057.0,0.003,2057.0,479281000.0,always_reactive,0.339521
h=0.1/q0=0.4/p=0/r=1/sig=0/cf=1,A_core,0.1,0.4,0.0,1.0,0.0,1.0,1.0,bpi2019,autorpa_233k,oracle_tax,28364744721.458,0.983384,0.0,0.0,0.0,0.0,0.0,0.0,0.0,0.003,0.0,0.0,always_reactive,0.339521
h=0.1/q0=0.4/p=0/r=1/sig=0/cf=1,A_core,0.1,0.4,0.0,1.0,0.0,1.0,1.0,bpi2019,autorpa_233k,ours_spend_cap,28844025721.456,1.0,0.0,0.0,2057.0,0.0,0.0,0.0,2057.0,0.003,2057.0,479281000.0,always_reactive,0.339521
h=0.1/q0=0.4/p=0/r=1/sig=0/cf=1,A_core,0.1,0.4,0.0,1.0,0.0,1.0,1.0,bpi2019,autorpa_233k,ours_cap_epoch,28844025721.456,1.0,0.0,0.0,2057.0,0.0,0.0,0.0,2057.0,0.003,2057.0,479281000.0,always_reactive,0.339521
h=0.1/q0=0.4/p=0/r=1/sig=0/cf=1,A_core,0.1,0.4,0.0,1.0,0.0,1.0,1.0,bpi2019,autorpa_233k,ours_cap_realized,28844025721.456,1.0,0.0,0.0,2057.0,0.0,0.0,0.0,2057.0,0.003,2057.0,479281000.0,always_reactive,0.339521
h=0.1/q0=0.4/p=0/r=1/sig=0/cf=1,A_core,0.1,0.4,0.0,1.0,0.0,1.0,1.0,bpi2019,autorpa_233k,ours_pi_prior,28800687721.456,0.998498,0.0,0.0,1871.0,0.0,0.0,0.0,1871.0,0.003,1871.0,435943000.0,always_reactive,0.339521
h=0.1/q0=0.4/p=0/r=1/sig=0/cf=1,A_core,0.1,0.4,0.0,1.0,0.0,1.0,1.0,bpi2019,autorpa_233k,breakeven,40494957721.409,1.403929,0.0,0.0,52061.0,0.0,0.0,0.0,52061.0,0.002,52061.0,12130213000.0,always_reactive,0.339521
h=0.1/q0=0.4/p=0/r=1/sig=0/cf=1,A_core,0.1,0.4,0.0,1.0,0.0,1.0,1.0,bpi2019,autorpa_233k,breakeven_cap_epoch,29011086721.456,1.005792,0.0,0.0,2774.0,0.0,0.0,0.0,2774.0,0.003,2774.0,646342000.0,always_reactive,0.339521
h=0.1/q0=0.4/p=0/r=1/sig=0/cf=1,A_core,0.1,0.4,0.0,1.0,0.0,1.0,1.0,bpi2019,autorpa_233k,offline_taxblind,28364744721.522,0.983384,,,,,,,,,,,always_reactive,0.339521
h=0.1/q0=0.4/p=0/r=1/sig=0/cf=1,A_core,0.1,0.4,0.0,1.0,0.0,1.0,1.0,bpi2019,autorpa_233k,offline_opt_tax,28364744721.522,0.983384,,,,,,,,,,,always_reactive,0.339521
h=0.1/q0=0.4/p=0/r=1/sig=0/cf=1,A_core,0.1,0.4,0.0,1.0,0.0,1.0,1.0,bpi2019,native,always_reactive,28364744721.458,0.982537,0.0,0.0,0.0,0.0,0.0,0.0,0.0,0.003,0.0,0.0,always_reactive,0.282192
h=0.1/q0=0.4/p=0/r=1/sig=0/cf=1,A_core,0.1,0.4,0.0,1.0,0.0,1.0,1.0,bpi2019,native,always_compile_evict,100515928654.272,3.481808,0.0,0.0,236818.0,0.0,0.0,0.0,236818.0,0.001,236818.0,72151183932.887,always_reactive,0.282192
h=0.1/q0=0.4/p=0/r=1/sig=0/cf=1,A_core,0.1,0.4,0.0,1.0,0.0,1.0,1.0,bpi2019,native,ours_noinflate,28868885973.762,1.0,0.0,0.0,2176.0,0.0,0.0,0.0,2176.0,0.003,2176.0,504141252.305,always_reactive,0.282192
h=0.1/q0=0.4/p=0/r=1/sig=0/cf=1,A_core,0.1,0.4,0.0,1.0,0.0,1.0,1.0,bpi2019,native,oracle_tax,28364744721.458,0.982537,0.0,0.0,0.0,0.0,0.0,0.0,0.0,0.003,0.0,0.0,always_reactive,0.282192
h=0.1/q0=0.4/p=0/r=1/sig=0/cf=1,A_core,0.1,0.4,0.0,1.0,0.0,1.0,1.0,bpi2019,native,ours_spend_cap,28868885973.762,1.0,0.0,0.0,2176.0,0.0,0.0,0.0,2176.0,0.003,2176.0,504141252.305,always_reactive,0.282192
h=0.1/q0=0.4/p=0/r=1/sig=0/cf=1,A_core,0.1,0.4,0.0,1.0,0.0,1.0,1.0,bpi2019,native,ours_cap_epoch,28868885973.762,1.0,0.0,0.0,2176.0,0.0,0.0,0.0,2176.0,0.003,2176.0,504141252.305,always_reactive,0.282192
h=0.1/q0=0.4/p=0/r=1/sig=0/cf=1,A_core,0.1,0.4,0.0,1.0,0.0,1.0,1.0,bpi2019,native,ours_cap_realized,28868885973.762,1.0,0.0,0.0,2176.0,0.0,0.0,0.0,2176.0,0.003,2176.0,504141252.305,always_reactive,0.282192
h=0.1/q0=0.4/p=0/r=1/sig=0/cf=1,A_core,0.1,0.4,0.0,1.0,0.0,1.0,1.0,bpi2019,native,ours_pi_prior,28828319222.593,0.998595,0.0,0.0,2010.0,0.0,0.0,0.0,2010.0,0.003,2010.0,463574501.136,always_reactive,0.282192
h=0.1/q0=0.4/p=0/r=1/sig=0/cf=1,A_core,0.1,0.4,0.0,1.0,0.0,1.0,1.0,bpi2019,native,breakeven,40539186675.656,1.404252,0.0,0.0,50235.0,0.0,0.0,0.0,50235.0,0.002,50235.0,12174441954.244,always_reactive,0.282192
h=0.1/q0=0.4/p=0/r=1/sig=0/cf=1,A_core,0.1,0.4,0.0,1.0,0.0,1.0,1.0,bpi2019,native,breakeven_cap_epoch,29018263734.453,1.005174,0.0,0.0,2805.0,0.0,0.0,0.0,2805.0,0.003,2805.0,653519012.995,always_reactive,0.282192
h=0.1/q0=0.4/p=0/r=1/sig=0/cf=1,A_core,0.1,0.4,0.0,1.0,0.0,1.0,1.0,bpi2019,native,offline_taxblind,28364744721.522,0.982537,,,,,,,,,,,always_reactive,0.282192
h=0.1/q0=0.4/p=0/r=1/sig=0/cf=1,A_core,0.1,0.4,0.0,1.0,0.0,1.0,1.0,bpi2019,native,offline_opt_tax,28364744721.522,0.982537,,,,,,,,,,,always_reactive,0.282192
h=0.1/q0=0.4/p=0/r=1/sig=0/cf=1,A_core,0.1,0.4,0.0,1.0,0.0,1.0,1.0,sepsis,autorpa_233k,always_reactive,187135368.565,0.962837,0.0,0.0,0.0,0.0,0.0,0.0,0.0,0.002,0.0,0.0,always_reactive,0.84976
h=0.1/q0=0.4/p=0/r=1/sig=0/cf=1,A_core,0.1,0.4,0.0,1.0,0.0,1.0,1.0,sepsis,autorpa_233k,always_compile_evict,220221368.565,1.133069,0.0,0.0,142.0,0.0,0.0,0.0,142.0,0.002,142.0,33086000.0,always_reactive,0.84976
h=0.1/q0=0.4/p=0/r=1/sig=0/cf=1,A_core,0.1,0.4,0.0,1.0,0.0,1.0,1.0,sepsis,autorpa_233k,ours_noinflate,194358368.565,1.0,0.0,0.0,31.0,0.0,0.0,0.0,31.0,0.002,31.0,7223000.0,always_reactive,0.84976
h=0.1/q0=0.4/p=0/r=1/sig=0/cf=1,A_core,0.1,0.4,0.0,1.0,0.0,1.0,1.0,sepsis,autorpa_233k,oracle_tax,187135368.565,0.962837,0.0,0.0,0.0,0.0,0.0,0.0,0.0,0.002,0.0,0.0,always_reactive,0.84976
h=0.1/q0=0.4/p=0/r=1/sig=0/cf=1,A_core,0.1,0.4,0.0,1.0,0.0,1.0,1.0,sepsis,autorpa_233k,ours_spend_cap,194358368.565,1.0,0.0,0.0,31.0,0.0,0.0,0.0,31.0,0.002,31.0,7223000.0,always_reactive,0.84976
h=0.1/q0=0.4/p=0/r=1/sig=0/cf=1,A_core,0.1,0.4,0.0,1.0,0.0,1.0,1.0,sepsis,autorpa_233k,ours_cap_epoch,194358368.565,1.0,0.0,0.0,31.0,0.0,0.0,0.0,31.0,0.002,31.0,7223000.0,always_reactive,0.84976
h=0.1/q0=0.4/p=0/r=1/sig=0/cf=1,A_core,0.1,0.4,0.0,1.0,0.0,1.0,1.0,sepsis,autorpa_233k,ours_cap_realized,194358368.565,1.0,0.0,0.0,31.0,0.0,0.0,0.0,31.0,0.002,31.0,7223000.0,always_reactive,0.84976
h=0.1/q0=0.4/p=0/r=1/sig=0/cf=1,A_core,0.1,0.4,0.0,1.0,0.0,1.0,1.0,sepsis,autorpa_233k,ours_pi_prior,192028368.565,0.988012,0.0,0.0,21.0,0.0,0.0,0.0,21.0,0.002,21.0,4893000.0,always_reactive,0.84976
h=0.1/q0=0.4/p=0/r=1/sig=0/cf=1,A_core,0.1,0.4,0.0,1.0,0.0,1.0,1.0,sepsis,autorpa_233k,breakeven,201115368.565,1.034766,0.0,0.0,60.0,0.0,0.0,0.0,60.0,0.002,60.0,13980000.0,always_reactive,0.84976
h=0.1/q0=0.4/p=0/r=1/sig=0/cf=1,A_core,0.1,0.4,0.0,1.0,0.0,1.0,1.0,sepsis,autorpa_233k,breakeven_cap_epoch,195290368.565,1.004795,0.0,0.0,35.0,0.0,0.0,0.0,35.0,0.002,35.0,8155000.0,always_reactive,0.84976
h=0.1/q0=0.4/p=0/r=1/sig=0/cf=1,A_core,0.1,0.4,0.0,1.0,0.0,1.0,1.0,sepsis,autorpa_233k,offline_taxblind,187135368.565,0.962837,,,,,,,,,,,always_reactive,0.84976
h=0.1/q0=0.4/p=0/r=1/sig=0/cf=1,A_core,0.1,0.4,0.0,1.0,0.0,1.0,1.0,sepsis,autorpa_233k,offline_opt_tax,187135368.565,0.962837,,,,,,,,,,,always_reactive,0.84976
h=0.1/q0=0.4/p=0/r=1/sig=0/cf=1,A_core,0.1,0.4,0.0,1.0,0.0,1.0,1.0,sepsis,native,always_reactive,187135368.565,0.960627,0.0,0.0,0.0,0.0,0.0,0.0,0.0,0.002,0.0,0.0,always_reactive,0.837302
h=0.1/q0=0.4/p=0/r=1/sig=0/cf=1,A_core,0.1,0.4,0.0,1.0,0.0,1.0,1.0,sepsis,native,always_compile_evict,223498154.892,1.14729,0.0,0.0,142.0,0.0,0.0,0.0,142.0,0.002,142.0,36362786.327,always_reactive,0.837302
h=0.1/q0=0.4/p=0/r=1/sig=0/cf=1,A_core,0.1,0.4,0.0,1.0,0.0,1.0,1.0,sepsis,native,ours_noinflate,194805357.978,1.0,0.0,0.0,33.0,0.0,0.0,0.0,33.0,0.002,33.0,7669989.414,always_reactive,0.837302
h=0.1/q0=0.4/p=0/r=1/sig=0/cf=1,A_core,0.1,0.4,0.0,1.0,0.0,1.0,1.0,sepsis,native,oracle_tax,187135368.565,0.960627,0.0,0.0,0.0,0.0,0.0,0.0,0.0,0.002,0.0,0.0,always_reactive,0.837302
h=0.1/q0=0.4/p=0/r=1/sig=0/cf=1,A_core,0.1,0.4,0.0,1.0,0.0,1.0,1.0,sepsis,native,ours_spend_cap,194805357.978,1.0,0.0,0.0,33.0,0.0,0.0,0.0,33.0,0.002,33.0,7669989.414,always_reactive,0.837302
h=0.1/q0=0.4/p=0/r=1/sig=0/cf=1,A_core,0.1,0.4,0.0,1.0,0.0,1.0,1.0,sepsis,native,ours_cap_epoch,194805357.978,1.0,0.0,0.0,33.0,0.0,0.0,0.0,33.0,0.002,33.0,7669989.414,always_reactive,0.837302
h=0.1/q0=0.4/p=0/r=1/sig=0/cf=1,A_core,0.1,0.4,0.0,1.0,0.0,1.0,1.0,sepsis,native,ours_cap_realized,194805357.978,1.0,0.0,0.0,33.0,0.0,0.0,0.0,33.0,0.002,33.0,7669989.414,always_reactive,0.837302
h=0.1/q0=0.4/p=0/r=1/sig=0/cf=1,A_core,0.1,0.4,0.0,1.0,0.0,1.0,1.0,sepsis,native,ours_pi_prior,192280102.296,0.987037,0.0,0.0,22.0,0.0,0.0,0.0,22.0,0.002,22.0,5144733.732,always_reactive,0.837302
h=0.1/q0=0.4/p=0/r=1/sig=0/cf=1,A_core,0.1,0.4,0.0,1.0,0.0,1.0,1.0,sepsis,native,breakeven,201185296.287,1.03275,0.0,0.0,59.0,0.0,0.0,0.0,59.0,0.002,59.0,14049927.723,always_reactive,0.837302
h=0.1/q0=0.4/p=0/r=1/sig=0/cf=1,A_core,0.1,0.4,0.0,1.0,0.0,1.0,1.0,sepsis,native,breakeven_cap_epoch,195231937.083,1.00219,0.0,0.0,34.0,0.0,0.0,0.0,34.0,0.002,34.0,8096568.518,always_reactive,0.837302
h=0.1/q0=0.4/p=0/r=1/sig=0/cf=1,A_core,0.1,0.4,0.0,1.0,0.0,1.0,1.0,sepsis,native,offline_taxblind,187135368.565,0.960627,,,,,,,,,,,always_reactive,0.837302
h=0.1/q0=0.4/p=0/r=1/sig=0/cf=1,A_core,0.1,0.4,0.0,1.0,0.0,1.0,1.0,sepsis,native,offline_opt_tax,187135368.565,0.960627,,,,,,,,,,,always_reactive,0.837302
h=0.1/q0=0.4/p=0/r=1/sig=0/cf=1,A_core,0.1,0.4,0.0,1.0,0.0,1.0,1.0,wiki_A,autorpa_233k,always_reactive,19487424199.81,0.995003,0.0,0.0,0.0,0.0,0.0,0.0,0.0,0.001,0.0,0.0,always_reactive,0.572073
h=0.1/q0=0.4/p=0/r=1/sig=0/cf=1,A_core,0.1,0.4,0.0,1.0,0.0,1.0,1.0,wiki_A,autorpa_233k,always_compile_evict,34064603199.786,1.739296,0.0,0.0,62563.0,0.0,0.0,0.0,62563.0,0.001,62563.0,14577179000.0,always_reactive,0.572073
h=0.1/q0=0.4/p=0/r=1/sig=0/cf=1,A_core,0.1,0.4,0.0,1.0,0.0,1.0,1.0,wiki_A,autorpa_233k,ours_noinflate,19585284199.809,1.0,0.0,0.0,420.0,0.0,0.0,0.0,420.0,0.001,420.0,97860000.0,always_reactive,0.572073
h=0.1/q0=0.4/p=0/r=1/sig=0/cf=1,A_core,0.1,0.4,0.0,1.0,0.0,1.0,1.0,wiki_A,autorpa_233k,oracle_tax,19487424199.81,0.995003,0.0,0.0,0.0,0.0,0.0,0.0,0.0,0.001,0.0,0.0,always_reactive,0.572073
h=0.1/q0=0.4/p=0/r=1/sig=0/cf=1,A_core,0.1,0.4,0.0,1.0,0.0,1.0,1.0,wiki_A,autorpa_233k,ours_spend_cap,19585284199.809,1.0,0.0,0.0,420.0,0.0,0.0,0.0,420.0,0.001,420.0,97860000.0,always_reactive,0.572073
h=0.1/q0=0.4/p=0/r=1/sig=0/cf=1,A_core,0.1,0.4,0.0,1.0,0.0,1.0,1.0,wiki_A,autorpa_233k,ours_cap_epoch,19585284199.809,1.0,0.0,0.0,420.0,0.0,0.0,0.0,420.0,0.001,420.0,97860000.0,always_reactive,0.572073
h=0.1/q0=0.4/p=0/r=1/sig=0/cf=1,A_core,0.1,0.4,0.0,1.0,0.0,1.0,1.0,wiki_A,autorpa_233k,ours_cap_realized,19585284199.809,1.0,0.0,0.0,420.0,0.0,0.0,0.0,420.0,0.001,420.0,97860000.0,always_reactive,0.572073
h=0.1/q0=0.4/p=0/r=1/sig=0/cf=1,A_core,0.1,0.4,0.0,1.0,0.0,1.0,1.0,wiki_A,autorpa_233k,ours_pi_prior,19562916199.809,0.998858,0.0,0.0,324.0,0.0,0.0,0.0,324.0,0.001,324.0,75492000.0,always_reactive,0.572073
h=0.1/q0=0.4/p=0/r=1/sig=0/cf=1,A_core,0.1,0.4,0.0,1.0,0.0,1.0,1.0,wiki_A,autorpa_233k,breakeven,26647747199.788,1.3606,0.0,0.0,30731.0,0.0,0.0,0.0,30731.0,0.001,30731.0,7160323000.0,always_reactive,0.572073
h=0.1/q0=0.4/p=0/r=1/sig=0/cf=1,A_core,0.1,0.4,0.0,1.0,0.0,1.0,1.0,wiki_A,autorpa_233k,breakeven_cap_epoch,19618370199.808,1.001689,0.0,0.0,562.0,0.0,0.0,0.0,562.0,0.001,562.0,130946000.0,always_reactive,0.572073
h=0.1/q0=0.4/p=0/r=1/sig=0/cf=1,A_core,0.1,0.4,0.0,1.0,0.0,1.0,1.0,wiki_A,autorpa_233k,offline_taxblind,19487424199.821,0.995003,,,,,,,,,,,always_reactive,0.572073
h=0.1/q0=0.4/p=0/r=1/sig=0/cf=1,A_core,0.1,0.4,0.0,1.0,0.0,1.0,1.0,wiki_A,autorpa_233k,offline_opt_tax,19487424199.821,0.995003,,,,,,,,,,,always_reactive,0.572073
h=0.1/q0=0.4/p=0/r=1/sig=0/cf=1,A_core,0.1,0.4,0.0,1.0,0.0,1.0,1.0,wiki_A,native,always_reactive,19487424199.81,0.994801,0.0,0.0,0.0,0.0,0.0,0.0,0.0,0.001,0.0,0.0,always_reactive,0.545283
h=0.1/q0=0.4/p=0/r=1/sig=0/cf=1,A_core,0.1,0.4,0.0,1.0,0.0,1.0,1.0,wiki_A,native,always_compile_evict,35738159261.454,1.824374,0.0,0.0,62563.0,0.0,0.0,0.0,62563.0,0.001,62563.0,16250735061.639,always_reactive,0.545283
h=0.1/q0=0.4/p=0/r=1/sig=0/cf=1,A_core,0.1,0.4,0.0,1.0,0.0,1.0,1.0,wiki_A,native,ours_noinflate,19589272114.604,1.0,0.0,0.0,436.0,0.0,0.0,0.0,436.0,0.001,436.0,101847914.795,always_reactive,0.545283
h=0.1/q0=0.4/p=0/r=1/sig=0/cf=1,A_core,0.1,0.4,0.0,1.0,0.0,1.0,1.0,wiki_A,native,oracle_tax,19487424199.81,0.994801,0.0,0.0,0.0,0.0,0.0,0.0,0.0,0.001,0.0,0.0,always_reactive,0.545283
h=0.1/q0=0.4/p=0/r=1/sig=0/cf=1,A_core,0.1,0.4,0.0,1.0,0.0,1.0,1.0,wiki_A,native,ours_spend_cap,19589272114.604,1.0,0.0,0.0,436.0,0.0,0.0,0.0,436.0,0.001,436.0,101847914.795,always_reactive,0.545283
h=0.1/q0=0.4/p=0/r=1/sig=0/cf=1,A_core,0.1,0.4,0.0,1.0,0.0,1.0,1.0,wiki_A,native,ours_cap_epoch,19589272114.604,1.0,0.0,0.0,436.0,0.0,0.0,0.0,436.0,0.001,436.0,101847914.795,always_reactive,0.545283
h=0.1/q0=0.4/p=0/r=1/sig=0/cf=1,A_core,0.1,0.4,0.0,1.0,0.0,1.0,1.0,wiki_A,native,ours_cap_realized,19589272114.604,1.0,0.0,0.0,436.0,0.0,0.0,0.0,436.0,0.001,436.0,101847914.795,always_reactive,0.545283
h=0.1/q0=0.4/p=0/r=1/sig=0/cf=1,A_core,0.1,0.4,0.0,1.0,0.0,1.0,1.0,wiki_A,native,ours_pi_prior,19568996474.363,0.998965,0.0,0.0,356.0,0.0,0.0,0.0,356.0,0.001,356.0,81572274.555,always_reactive,0.545283
h=0.1/q0=0.4/p=0/r=1/sig=0/cf=1,A_core,0.1,0.4,0.0,1.0,0.0,1.0,1.0,wiki_A,native,breakeven,26776151910.745,1.366878,0.0,0.0,30750.0,0.0,0.0,0.0,30750.0,0.001,30750.0,7288727710.946,always_reactive,0.545283
h=0.1/q0=0.4/p=0/r=1/sig=0/cf=1,A_core,0.1,0.4,0.0,1.0,0.0,1.0,1.0,wiki_A,native,breakeven_cap_epoch,19619163659.626,1.001526,0.0,0.0,565.0,0.0,0.0,0.0,565.0,0.001,565.0,131739459.818,always_reactive,0.545283
h=0.1/q0=0.4/p=0/r=1/sig=0/cf=1,A_core,0.1,0.4,0.0,1.0,0.0,1.0,1.0,wiki_A,native,offline_taxblind,19487424199.821,0.994801,,,,,,,,,,,always_reactive,0.545283
h=0.1/q0=0.4/p=0/r=1/sig=0/cf=1,A_core,0.1,0.4,0.0,1.0,0.0,1.0,1.0,wiki_A,native,offline_opt_tax,19487424199.821,0.994801,,,,,,,,,,,always_reactive,0.545283
h=0.1/q0=0.4/p=0/r=1/sig=0/cf=1,A_core,0.1,0.4,0.0,1.0,0.0,1.0,1.0,wiki_B,autorpa_233k,always_reactive,16977748066.619,0.974144,0.0,0.0,0.0,0.0,0.0,0.0,0.0,0.002,0.0,0.0,always_reactive,0.721638
h=0.1/q0=0.4/p=0/r=1/sig=0/cf=1,A_core,0.1,0.4,0.0,1.0,0.0,1.0,1.0,wiki_B,autorpa_233k,always_compile_evict,23526679066.613,1.349907,0.0,0.0,28107.0,0.0,0.0,0.0,28107.0,0.002,28107.0,6548931000.0,always_reactive,0.721638
h=0.1/q0=0.4/p=0/r=1/sig=0/cf=1,A_core,0.1,0.4,0.0,1.0,0.0,1.0,1.0,wiki_B,autorpa_233k,ours_noinflate,17428370066.618,1.0,0.0,0.0,1934.0,0.0,0.0,0.0,1934.0,0.002,1934.0,450622000.0,always_reactive,0.721638
h=0.1/q0=0.4/p=0/r=1/sig=0/cf=1,A_core,0.1,0.4,0.0,1.0,0.0,1.0,1.0,wiki_B,autorpa_233k,oracle_tax,16977748066.619,0.974144,0.0,0.0,0.0,0.0,0.0,0.0,0.0,0.002,0.0,0.0,always_reactive,0.721638
h=0.1/q0=0.4/p=0/r=1/sig=0/cf=1,A_core,0.1,0.4,0.0,1.0,0.0,1.0,1.0,wiki_B,autorpa_233k,ours_spend_cap,17428370066.618,1.0,0.0,0.0,1934.0,0.0,0.0,0.0,1934.0,0.002,1934.0,450622000.0,always_reactive,0.721638
h=0.1/q0=0.4/p=0/r=1/sig=0/cf=1,A_core,0.1,0.4,0.0,1.0,0.0,1.0,1.0,wiki_B,autorpa_233k,ours_cap_epoch,17428370066.618,1.0,0.0,0.0,1934.0,0.0,0.0,0.0,1934.0,0.002,1934.0,450622000.0,always_reactive,0.721638
h=0.1/q0=0.4/p=0/r=1/sig=0/cf=1,A_core,0.1,0.4,0.0,1.0,0.0,1.0,1.0,wiki_B,autorpa_233k,ours_cap_realized,17428370066.618,1.0,0.0,0.0,1934.0,0.0,0.0,0.0,1934.0,0.002,1934.0,450622000.0,always_reactive,0.721638
h=0.1/q0=0.4/p=0/r=1/sig=0/cf=1,A_core,0.1,0.4,0.0,1.0,0.0,1.0,1.0,wiki_B,autorpa_233k,ours_pi_prior,17367557066.618,0.996511,0.0,0.0,1673.0,0.0,0.0,0.0,1673.0,0.002,1673.0,389809000.0,always_reactive,0.721638
h=0.1/q0=0.4/p=0/r=1/sig=0/cf=1,A_core,0.1,0.4,0.0,1.0,0.0,1.0,1.0,wiki_B,autorpa_233k,breakeven,19045390066.616,1.092781,0.0,0.0,8874.0,0.0,0.0,0.0,8874.0,0.002,8874.0,2067642000.0,always_reactive,0.721638
h=0.1/q0=0.4/p=0/r=1/sig=0/cf=1,A_core,0.1,0.4,0.0,1.0,0.0,1.0,1.0,wiki_B,autorpa_233k,breakeven_cap_epoch,17502464066.618,1.004251,0.0,0.0,2252.0,0.0,0.0,0.0,2252.0,0.002,2252.0,524716000.0,always_reactive,0.721638
h=0.1/q0=0.4/p=0/r=1/sig=0/cf=1,A_core,0.1,0.4,0.0,1.0,0.0,1.0,1.0,wiki_B,autorpa_233k,offline_taxblind,16977748066.618,0.974144,,,,,,,,,,,always_reactive,0.721638
h=0.1/q0=0.4/p=0/r=1/sig=0/cf=1,A_core,0.1,0.4,0.0,1.0,0.0,1.0,1.0,wiki_B,autorpa_233k,offline_opt_tax,16977748066.618,0.974144,,,,,,,,,,,always_reactive,0.721638
h=0.1/q0=0.4/p=0/r=1/sig=0/cf=1,A_core,0.1,0.4,0.0,1.0,0.0,1.0,1.0,wiki_B,native,always_reactive,16977748066.619,0.973284,0.0,0.0,0.0,0.0,0.0,0.0,0.0,0.002,0.0,0.0,always_reactive,0.699688
h=0.1/q0=0.4/p=0/r=1/sig=0/cf=1,A_core,0.1,0.4,0.0,1.0,0.0,1.0,1.0,wiki_B,native,always_compile_evict,24264726319.81,1.391025,0.0,0.0,28107.0,0.0,0.0,0.0,28107.0,0.002,28107.0,7286978253.195,always_reactive,0.699688
h=0.1/q0=0.4/p=0/r=1/sig=0/cf=1,A_core,0.1,0.4,0.0,1.0,0.0,1.0,1.0,wiki_B,native,ours_noinflate,17443775626.9,1.0,0.0,0.0,1993.0,0.0,0.0,0.0,1993.0,0.002,1993.0,466027560.282,always_reactive,0.699688
h=0.1/q0=0.4/p=0/r=1/sig=0/cf=1,A_core,0.1,0.4,0.0,1.0,0.0,1.0,1.0,wiki_B,native,oracle_tax,16977748066.619,0.973284,0.0,0.0,0.0,0.0,0.0,0.0,0.0,0.002,0.0,0.0,always_reactive,0.699688
h=0.1/q0=0.4/p=0/r=1/sig=0/cf=1,A_core,0.1,0.4,0.0,1.0,0.0,1.0,1.0,wiki_B,native,ours_spend_cap,17443775626.9,1.0,0.0,0.0,1993.0,0.0,0.0,0.0,1993.0,0.002,1993.0,466027560.282,always_reactive,0.699688
h=0.1/q0=0.4/p=0/r=1/sig=0/cf=1,A_core,0.1,0.4,0.0,1.0,0.0,1.0,1.0,wiki_B,native,ours_cap_epoch,17443775626.9,1.0,0.0,0.0,1993.0,0.0,0.0,0.0,1993.0,0.002,1993.0,466027560.282,always_reactive,0.699688
h=0.1/q0=0.4/p=0/r=1/sig=0/cf=1,A_core,0.1,0.4,0.0,1.0,0.0,1.0,1.0,wiki_B,native,ours_cap_realized,17443775626.9,1.0,0.0,0.0,1993.0,0.0,0.0,0.0,1993.0,0.002,1993.0,466027560.282,always_reactive,0.699688
h=0.1/q0=0.4/p=0/r=1/sig=0/cf=1,A_core,0.1,0.4,0.0,1.0,0.0,1.0,1.0,wiki_B,native,ours_pi_prior,17383781236.804,0.996561,0.0,0.0,1747.0,0.0,0.0,0.0,1747.0,0.002,1747.0,406033170.186,always_reactive,0.699688
h=0.1/q0=0.4/p=0/r=1/sig=0/cf=1,A_core,0.1,0.4,0.0,1.0,0.0,1.0,1.0,wiki_B,native,breakeven,19066825684.229,1.093045,0.0,0.0,9045.0,0.0,0.0,0.0,9045.0,0.002,9045.0,2089077617.614,always_reactive,0.699688
h=0.1/q0=0.4/p=0/r=1/sig=0/cf=1,A_core,0.1,0.4,0.0,1.0,0.0,1.0,1.0,wiki_B,native,breakeven_cap_epoch,17509594060.94,1.003773,0.0,0.0,2276.0,0.0,0.0,0.0,2276.0,0.002,2276.0,531845994.323,always_reactive,0.699688
h=0.1/q0=0.4/p=0/r=1/sig=0/cf=1,A_core,0.1,0.4,0.0,1.0,0.0,1.0,1.0,wiki_B,native,offline_taxblind,16977748066.618,0.973284,,,,,,,,,,,always_reactive,0.699688
h=0.1/q0=0.4/p=0/r=1/sig=0/cf=1,A_core,0.1,0.4,0.0,1.0,0.0,1.0,1.0,wiki_B,native,offline_opt_tax,16977748066.618,0.973284,,,,,,,,,,,always_reactive,0.699688
h=0.1/q0=0.4/p=0/r=2.2/sig=0/cf=10.5094,C_rfb,0.1,0.4,0.0,2.2,0.0,1.0,10.509389227369171,bpi2019,autorpa_233k,always_reactive,28364744721.458,1.0,0.0,0.0,0.0,0.0,0.0,0.0,0.0,0.003,0.0,0.0,always_reactive,0.046633
h=0.1/q0=0.4/p=0/r=2.2/sig=0/cf=10.5094,C_rfb,0.1,0.4,0.0,2.2,0.0,1.0,10.509389227369171,bpi2019,autorpa_233k,always_compile_evict,608258066088.321,21.444158,0.0,0.0,236818.0,0.0,0.0,0.0,236818.0,0.0,236818.0,579893321364.895,always_reactive,0.046633
h=0.1/q0=0.4/p=0/r=2.2/sig=0/cf=10.5094,C_rfb,0.1,0.4,0.0,2.2,0.0,1.0,10.509389227369171,bpi2019,autorpa_233k,ours_noinflate,28364744721.458,1.0,0.0,0.0,0.0,0.0,0.0,0.0,0.0,0.003,0.0,0.0,always_reactive,0.046633
h=0.1/q0=0.4/p=0/r=2.2/sig=0/cf=10.5094,C_rfb,0.1,0.4,0.0,2.2,0.0,1.0,10.509389227369171,bpi2019,autorpa_233k,oracle_tax,28364744721.458,1.0,0.0,0.0,0.0,0.0,0.0,0.0,0.0,0.003,0.0,0.0,always_reactive,0.046633
h=0.1/q0=0.4/p=0/r=2.2/sig=0/cf=10.5094,C_rfb,0.1,0.4,0.0,2.2,0.0,1.0,10.509389227369171,bpi2019,autorpa_233k,ours_spend_cap,28364744721.458,1.0,0.0,0.0,0.0,0.0,0.0,0.0,0.0,0.003,0.0,0.0,always_reactive,0.046633
h=0.1/q0=0.4/p=0/r=2.2/sig=0/cf=10.5094,C_rfb,0.1,0.4,0.0,2.2,0.0,1.0,10.509389227369171,bpi2019,autorpa_233k,ours_cap_epoch,28364744721.458,1.0,0.0,0.0,0.0,0.0,0.0,0.0,0.0,0.003,0.0,0.0,always_reactive,0.046633
h=0.1/q0=0.4/p=0/r=2.2/sig=0/cf=10.5094,C_rfb,0.1,0.4,0.0,2.2,0.0,1.0,10.509389227369171,bpi2019,autorpa_233k,ours_cap_realized,28364744721.458,1.0,0.0,0.0,0.0,0.0,0.0,0.0,0.0,0.003,0.0,0.0,always_reactive,0.046633
h=0.1/q0=0.4/p=0/r=2.2/sig=0/cf=10.5094,C_rfb,0.1,0.4,0.0,2.2,0.0,1.0,10.509389227369171,bpi2019,autorpa_233k,ours_pi_prior,28364744721.458,1.0,0.0,0.0,0.0,0.0,0.0,0.0,0.0,0.003,0.0,0.0,always_reactive,0.046633
h=0.1/q0=0.4/p=0/r=2.2/sig=0/cf=10.5094,C_rfb,0.1,0.4,0.0,2.2,0.0,1.0,10.509389227369171,bpi2019,autorpa_233k,breakeven,28364744721.458,1.0,0.0,0.0,0.0,0.0,0.0,0.0,0.0,0.003,0.0,0.0,always_reactive,0.046633
h=0.1/q0=0.4/p=0/r=2.2/sig=0/cf=10.5094,C_rfb,0.1,0.4,0.0,2.2,0.0,1.0,10.509389227369171,bpi2019,autorpa_233k,breakeven_cap_epoch,28364744721.458,1.0,0.0,0.0,0.0,0.0,0.0,0.0,0.0,0.003,0.0,0.0,always_reactive,0.046633
h=0.1/q0=0.4/p=0/r=2.2/sig=0/cf=10.5094,C_rfb,0.1,0.4,0.0,2.2,0.0,1.0,10.509389227369171,bpi2019,autorpa_233k,offline_taxblind,28364744721.522,1.0,,,,,,,,,,,always_reactive,0.046633
h=0.1/q0=0.4/p=0/r=2.2/sig=0/cf=10.5094,C_rfb,0.1,0.4,0.0,2.2,0.0,1.0,10.509389227369171,bpi2019,autorpa_233k,offline_opt_tax,28364744721.522,1.0,,,,,,,,,,,always_reactive,0.046633
h=0.1/q0=0.4/p=0/r=2.2/sig=0/cf=10.5094,C_rfb,0.1,0.4,0.0,2.2,0.0,1.0,10.509389227369171,bpi2019,native,always_reactive,28364744721.458,1.0,0.0,0.0,0.0,0.0,0.0,0.0,0.0,0.003,0.0,0.0,always_reactive,0.036059
h=0.1/q0=0.4/p=0/r=2.2/sig=0/cf=10.5094,C_rfb,0.1,0.4,0.0,2.2,0.0,1.0,10.509389227369171,bpi2019,native,always_compile_evict,786629619891.115,27.732653,0.0,0.0,236818.0,0.0,0.0,0.0,236818.0,0.0,236818.0,758264875166.386,always_reactive,0.036059
h=0.1/q0=0.4/p=0/r=2.2/sig=0/cf=10.5094,C_rfb,0.1,0.4,0.0,2.2,0.0,1.0,10.509389227369171,bpi2019,native,ours_noinflate,28364744721.458,1.0,0.0,0.0,0.0,0.0,0.0,0.0,0.0,0.003,0.0,0.0,always_reactive,0.036059
h=0.1/q0=0.4/p=0/r=2.2/sig=0/cf=10.5094,C_rfb,0.1,0.4,0.0,2.2,0.0,1.0,10.509389227369171,bpi2019,native,oracle_tax,28364744721.458,1.0,0.0,0.0,0.0,0.0,0.0,0.0,0.0,0.003,0.0,0.0,always_reactive,0.036059
h=0.1/q0=0.4/p=0/r=2.2/sig=0/cf=10.5094,C_rfb,0.1,0.4,0.0,2.2,0.0,1.0,10.509389227369171,bpi2019,native,ours_spend_cap,28364744721.458,1.0,0.0,0.0,0.0,0.0,0.0,0.0,0.0,0.003,0.0,0.0,always_reactive,0.036059
h=0.1/q0=0.4/p=0/r=2.2/sig=0/cf=10.5094,C_rfb,0.1,0.4,0.0,2.2,0.0,1.0,10.509389227369171,bpi2019,native,ours_cap_epoch,28364744721.458,1.0,0.0,0.0,0.0,0.0,0.0,0.0,0.0,0.003,0.0,0.0,always_reactive,0.036059
h=0.1/q0=0.4/p=0/r=2.2/sig=0/cf=10.5094,C_rfb,0.1,0.4,0.0,2.2,0.0,1.0,10.509389227369171,bpi2019,native,ours_cap_realized,28364744721.458,1.0,0.0,0.0,0.0,0.0,0.0,0.0,0.0,0.003,0.0,0.0,always_reactive,0.036059
h=0.1/q0=0.4/p=0/r=2.2/sig=0/cf=10.5094,C_rfb,0.1,0.4,0.0,2.2,0.0,1.0,10.509389227369171,bpi2019,native,ours_pi_prior,28364744721.458,1.0,0.0,0.0,0.0,0.0,0.0,0.0,0.0,0.003,0.0,0.0,always_reactive,0.036059
h=0.1/q0=0.4/p=0/r=2.2/sig=0/cf=10.5094,C_rfb,0.1,0.4,0.0,2.2,0.0,1.0,10.509389227369171,bpi2019,native,breakeven,28364744721.458,1.0,0.0,0.0,0.0,0.0,0.0,0.0,0.0,0.003,0.0,0.0,always_reactive,0.036059
h=0.1/q0=0.4/p=0/r=2.2/sig=0/cf=10.5094,C_rfb,0.1,0.4,0.0,2.2,0.0,1.0,10.509389227369171,bpi2019,native,breakeven_cap_epoch,28364744721.458,1.0,0.0,0.0,0.0,0.0,0.0,0.0,0.0,0.003,0.0,0.0,always_reactive,0.036059
h=0.1/q0=0.4/p=0/r=2.2/sig=0/cf=10.5094,C_rfb,0.1,0.4,0.0,2.2,0.0,1.0,10.509389227369171,bpi2019,native,offline_taxblind,28364744721.522,1.0,,,,,,,,,,,always_reactive,0.036059
h=0.1/q0=0.4/p=0/r=2.2/sig=0/cf=10.5094,C_rfb,0.1,0.4,0.0,2.2,0.0,1.0,10.509389227369171,bpi2019,native,offline_opt_tax,28364744721.522,1.0,,,,,,,,,,,always_reactive,0.036059
h=0.1/q0=0.4/p=0/r=2.2/sig=0/cf=10.5094,C_rfb,0.1,0.4,0.0,2.2,0.0,1.0,10.509389227369171,sepsis,autorpa_233k,always_reactive,187135368.565,1.0,0.0,0.0,0.0,0.0,0.0,0.0,0.0,0.002,0.0,0.0,always_reactive,0.349884
h=0.1/q0=0.4/p=0/r=2.2/sig=0/cf=10.5094,C_rfb,0.1,0.4,0.0,2.2,0.0,1.0,10.509389227369171,sepsis,autorpa_233k,always_compile_evict,534849020.541,2.858086,0.0,0.0,142.0,0.0,0.0,0.0,142.0,0.001,142.0,347713651.977,always_reactive,0.349884
h=0.1/q0=0.4/p=0/r=2.2/sig=0/cf=10.5094,C_rfb,0.1,0.4,0.0,2.2,0.0,1.0,10.509389227369171,sepsis,autorpa_233k,ours_noinflate,187135368.565,1.0,0.0,0.0,0.0,0.0,0.0,0.0,0.0,0.002,0.0,0.0,always_reactive,0.349884
h=0.1/q0=0.4/p=0/r=2.2/sig=0/cf=10.5094,C_rfb,0.1,0.4,0.0,2.2,0.0,1.0,10.509389227369171,sepsis,autorpa_233k,oracle_tax,187135368.565,1.0,0.0,0.0,0.0,0.0,0.0,0.0,0.0,0.002,0.0,0.0,always_reactive,0.349884
h=0.1/q0=0.4/p=0/r=2.2/sig=0/cf=10.5094,C_rfb,0.1,0.4,0.0,2.2,0.0,1.0,10.509389227369171,sepsis,autorpa_233k,ours_spend_cap,187135368.565,1.0,0.0,0.0,0.0,0.0,0.0,0.0,0.0,0.002,0.0,0.0,always_reactive,0.349884
h=0.1/q0=0.4/p=0/r=2.2/sig=0/cf=10.5094,C_rfb,0.1,0.4,0.0,2.2,0.0,1.0,10.509389227369171,sepsis,autorpa_233k,ours_cap_epoch,187135368.565,1.0,0.0,0.0,0.0,0.0,0.0,0.0,0.0,0.002,0.0,0.0,always_reactive,0.349884
h=0.1/q0=0.4/p=0/r=2.2/sig=0/cf=10.5094,C_rfb,0.1,0.4,0.0,2.2,0.0,1.0,10.509389227369171,sepsis,autorpa_233k,ours_cap_realized,187135368.565,1.0,0.0,0.0,0.0,0.0,0.0,0.0,0.0,0.002,0.0,0.0,always_reactive,0.349884
h=0.1/q0=0.4/p=0/r=2.2/sig=0/cf=10.5094,C_rfb,0.1,0.4,0.0,2.2,0.0,1.0,10.509389227369171,sepsis,autorpa_233k,ours_pi_prior,187135368.565,1.0,0.0,0.0,0.0,0.0,0.0,0.0,0.0,0.002,0.0,0.0,always_reactive,0.349884
h=0.1/q0=0.4/p=0/r=2.2/sig=0/cf=10.5094,C_rfb,0.1,0.4,0.0,2.2,0.0,1.0,10.509389227369171,sepsis,autorpa_233k,breakeven,187135368.565,1.0,0.0,0.0,0.0,0.0,0.0,0.0,0.0,0.002,0.0,0.0,always_reactive,0.349884
h=0.1/q0=0.4/p=0/r=2.2/sig=0/cf=10.5094,C_rfb,0.1,0.4,0.0,2.2,0.0,1.0,10.509389227369171,sepsis,autorpa_233k,breakeven_cap_epoch,187135368.565,1.0,0.0,0.0,0.0,0.0,0.0,0.0,0.0,0.002,0.0,0.0,always_reactive,0.349884
h=0.1/q0=0.4/p=0/r=2.2/sig=0/cf=10.5094,C_rfb,0.1,0.4,0.0,2.2,0.0,1.0,10.509389227369171,sepsis,autorpa_233k,offline_taxblind,187135368.565,1.0,,,,,,,,,,,always_reactive,0.349884
h=0.1/q0=0.4/p=0/r=2.2/sig=0/cf=10.5094,C_rfb,0.1,0.4,0.0,2.2,0.0,1.0,10.509389227369171,sepsis,autorpa_233k,offline_opt_tax,187135368.565,1.0,,,,,,,,,,,always_reactive,0.349884
h=0.1/q0=0.4/p=0/r=2.2/sig=0/cf=10.5094,C_rfb,0.1,0.4,0.0,2.2,0.0,1.0,10.509389227369171,sepsis,native,always_reactive,187135368.565,1.0,0.0,0.0,0.0,0.0,0.0,0.0,0.0,0.002,0.0,0.0,always_reactive,0.328719
h=0.1/q0=0.4/p=0/r=2.2/sig=0/cf=10.5094,C_rfb,0.1,0.4,0.0,2.2,0.0,1.0,10.509389227369171,sepsis,native,always_compile_evict,569286043.47,3.042108,0.0,0.0,142.0,0.0,0.0,0.0,142.0,0.001,142.0,382150674.905,always_reactive,0.328719
h=0.1/q0=0.4/p=0/r=2.2/sig=0/cf=10.5094,C_rfb,0.1,0.4,0.0,2.2,0.0,1.0,10.509389227369171,sepsis,native,ours_noinflate,187135368.565,1.0,0.0,0.0,0.0,0.0,0.0,0.0,0.0,0.002,0.0,0.0,always_reactive,0.328719
h=0.1/q0=0.4/p=0/r=2.2/sig=0/cf=10.5094,C_rfb,0.1,0.4,0.0,2.2,0.0,1.0,10.509389227369171,sepsis,native,oracle_tax,187135368.565,1.0,0.0,0.0,0.0,0.0,0.0,0.0,0.0,0.002,0.0,0.0,always_reactive,0.328719
h=0.1/q0=0.4/p=0/r=2.2/sig=0/cf=10.5094,C_rfb,0.1,0.4,0.0,2.2,0.0,1.0,10.509389227369171,sepsis,native,ours_spend_cap,187135368.565,1.0,0.0,0.0,0.0,0.0,0.0,0.0,0.0,0.002,0.0,0.0,always_reactive,0.328719
h=0.1/q0=0.4/p=0/r=2.2/sig=0/cf=10.5094,C_rfb,0.1,0.4,0.0,2.2,0.0,1.0,10.509389227369171,sepsis,native,ours_cap_epoch,187135368.565,1.0,0.0,0.0,0.0,0.0,0.0,0.0,0.0,0.002,0.0,0.0,always_reactive,0.328719
h=0.1/q0=0.4/p=0/r=2.2/sig=0/cf=10.5094,C_rfb,0.1,0.4,0.0,2.2,0.0,1.0,10.509389227369171,sepsis,native,ours_cap_realized,187135368.565,1.0,0.0,0.0,0.0,0.0,0.0,0.0,0.0,0.002,0.0,0.0,always_reactive,0.328719
h=0.1/q0=0.4/p=0/r=2.2/sig=0/cf=10.5094,C_rfb,0.1,0.4,0.0,2.2,0.0,1.0,10.509389227369171,sepsis,native,ours_pi_prior,187135368.565,1.0,0.0,0.0,0.0,0.0,0.0,0.0,0.0,0.002,0.0,0.0,always_reactive,0.328719
h=0.1/q0=0.4/p=0/r=2.2/sig=0/cf=10.5094,C_rfb,0.1,0.4,0.0,2.2,0.0,1.0,10.509389227369171,sepsis,native,breakeven,187135368.565,1.0,0.0,0.0,0.0,0.0,0.0,0.0,0.0,0.002,0.0,0.0,always_reactive,0.328719
h=0.1/q0=0.4/p=0/r=2.2/sig=0/cf=10.5094,C_rfb,0.1,0.4,0.0,2.2,0.0,1.0,10.509389227369171,sepsis,native,breakeven_cap_epoch,187135368.565,1.0,0.0,0.0,0.0,0.0,0.0,0.0,0.0,0.002,0.0,0.0,always_reactive,0.328719
h=0.1/q0=0.4/p=0/r=2.2/sig=0/cf=10.5094,C_rfb,0.1,0.4,0.0,2.2,0.0,1.0,10.509389227369171,sepsis,native,offline_taxblind,187135368.565,1.0,,,,,,,,,,,always_reactive,0.328719
h=0.1/q0=0.4/p=0/r=2.2/sig=0/cf=10.5094,C_rfb,0.1,0.4,0.0,2.2,0.0,1.0,10.509389227369171,sepsis,native,offline_opt_tax,187135368.565,1.0,,,,,,,,,,,always_reactive,0.328719
h=0.1/q0=0.4/p=0/r=2.2/sig=0/cf=10.5094,C_rfb,0.1,0.4,0.0,2.2,0.0,1.0,10.509389227369171,wiki_A,autorpa_233k,always_reactive,19487424199.81,1.0,0.0,0.0,0.0,0.0,0.0,0.0,0.0,0.001,0.0,0.0,always_reactive,0.11285
h=0.1/q0=0.4/p=0/r=2.2/sig=0/cf=10.5094,C_rfb,0.1,0.4,0.0,2.2,0.0,1.0,10.509389227369171,wiki_A,autorpa_233k,always_compile_evict,172684672147.794,8.861339,0.0,0.0,62563.0,0.0,0.0,0.0,62563.0,0.0,62563.0,153197247948.046,always_reactive,0.11285
h=0.1/q0=0.4/p=0/r=2.2/sig=0/cf=10.5094,C_rfb,0.1,0.4,0.0,2.2,0.0,1.0,10.509389227369171,wiki_A,autorpa_233k,ours_noinflate,19487424199.81,1.0,0.0,0.0,0.0,0.0,0.0,0.0,0.0,0.001,0.0,0.0,always_reactive,0.11285
h=0.1/q0=0.4/p=0/r=2.2/sig=0/cf=10.5094,C_rfb,0.1,0.4,0.0,2.2,0.0,1.0,10.509389227369171,wiki_A,autorpa_233k,oracle_tax,19487424199.81,1.0,0.0,0.0,0.0,0.0,0.0,0.0,0.0,0.001,0.0,0.0,always_reactive,0.11285
h=0.1/q0=0.4/p=0/r=2.2/sig=0/cf=10.5094,C_rfb,0.1,0.4,0.0,2.2,0.0,1.0,10.509389227369171,wiki_A,autorpa_233k,ours_spend_cap,19487424199.81,1.0,0.0,0.0,0.0,0.0,0.0,0.0,0.0,0.001,0.0,0.0,always_reactive,0.11285
h=0.1/q0=0.4/p=0/r=2.2/sig=0/cf=10.5094,C_rfb,0.1,0.4,0.0,2.2,0.0,1.0,10.509389227369171,wiki_A,autorpa_233k,ours_cap_epoch,19487424199.81,1.0,0.0,0.0,0.0,0.0,0.0,0.0,0.0,0.001,0.0,0.0,always_reactive,0.11285
h=0.1/q0=0.4/p=0/r=2.2/sig=0/cf=10.5094,C_rfb,0.1,0.4,0.0,2.2,0.0,1.0,10.509389227369171,wiki_A,autorpa_233k,ours_cap_realized,19487424199.81,1.0,0.0,0.0,0.0,0.0,0.0,0.0,0.0,0.001,0.0,0.0,always_reactive,0.11285
h=0.1/q0=0.4/p=0/r=2.2/sig=0/cf=10.5094,C_rfb,0.1,0.4,0.0,2.2,0.0,1.0,10.509389227369171,wiki_A,autorpa_233k,ours_pi_prior,19487424199.81,1.0,0.0,0.0,0.0,0.0,0.0,0.0,0.0,0.001,0.0,0.0,always_reactive,0.11285
h=0.1/q0=0.4/p=0/r=2.2/sig=0/cf=10.5094,C_rfb,0.1,0.4,0.0,2.2,0.0,1.0,10.509389227369171,wiki_A,autorpa_233k,breakeven,19487424199.81,1.0,0.0,0.0,0.0,0.0,0.0,0.0,0.0,0.001,0.0,0.0,always_reactive,0.11285
h=0.1/q0=0.4/p=0/r=2.2/sig=0/cf=10.5094,C_rfb,0.1,0.4,0.0,2.2,0.0,1.0,10.509389227369171,wiki_A,autorpa_233k,breakeven_cap_epoch,19487424199.81,1.0,0.0,0.0,0.0,0.0,0.0,0.0,0.0,0.001,0.0,0.0,always_reactive,0.11285
h=0.1/q0=0.4/p=0/r=2.2/sig=0/cf=10.5094,C_rfb,0.1,0.4,0.0,2.2,0.0,1.0,10.509389227369171,wiki_A,autorpa_233k,offline_taxblind,19487424199.821,1.0,,,,,,,,,,,always_reactive,0.11285
h=0.1/q0=0.4/p=0/r=2.2/sig=0/cf=10.5094,C_rfb,0.1,0.4,0.0,2.2,0.0,1.0,10.509389227369171,wiki_A,autorpa_233k,offline_opt_tax,19487424199.821,1.0,,,,,,,,,,,always_reactive,0.11285
h=0.1/q0=0.4/p=0/r=2.2/sig=0/cf=10.5094,C_rfb,0.1,0.4,0.0,2.2,0.0,1.0,10.509389227369171,wiki_A,native,always_reactive,19487424199.81,1.0,0.0,0.0,0.0,0.0,0.0,0.0,0.0,0.001,0.0,0.0,always_reactive,0.102418
h=0.1/q0=0.4/p=0/r=2.2/sig=0/cf=10.5094,C_rfb,0.1,0.4,0.0,2.2,0.0,1.0,10.509389227369171,wiki_A,native,always_compile_evict,190272724193.731,9.763872,0.0,0.0,62563.0,0.0,0.0,0.0,62563.0,0.0,62563.0,170785299993.635,always_reactive,0.102418
h=0.1/q0=0.4/p=0/r=2.2/sig=0/cf=10.5094,C_rfb,0.1,0.4,0.0,2.2,0.0,1.0,10.509389227369171,wiki_A,native,ours_noinflate,19487424199.81,1.0,0.0,0.0,0.0,0.0,0.0,0.0,0.0,0.001,0.0,0.0,always_reactive,0.102418
h=0.1/q0=0.4/p=0/r=2.2/sig=0/cf=10.5094,C_rfb,0.1,0.4,0.0,2.2,0.0,1.0,10.509389227369171,wiki_A,native,oracle_tax,19487424199.81,1.0,0.0,0.0,0.0,0.0,0.0,0.0,0.0,0.001,0.0,0.0,always_reactive,0.102418
h=0.1/q0=0.4/p=0/r=2.2/sig=0/cf=10.5094,C_rfb,0.1,0.4,0.0,2.2,0.0,1.0,10.509389227369171,wiki_A,native,ours_spend_cap,19487424199.81,1.0,0.0,0.0,0.0,0.0,0.0,0.0,0.0,0.001,0.0,0.0,always_reactive,0.102418
h=0.1/q0=0.4/p=0/r=2.2/sig=0/cf=10.5094,C_rfb,0.1,0.4,0.0,2.2,0.0,1.0,10.509389227369171,wiki_A,native,ours_cap_epoch,19487424199.81,1.0,0.0,0.0,0.0,0.0,0.0,0.0,0.0,0.001,0.0,0.0,always_reactive,0.102418
h=0.1/q0=0.4/p=0/r=2.2/sig=0/cf=10.5094,C_rfb,0.1,0.4,0.0,2.2,0.0,1.0,10.509389227369171,wiki_A,native,ours_cap_realized,19487424199.81,1.0,0.0,0.0,0.0,0.0,0.0,0.0,0.0,0.001,0.0,0.0,always_reactive,0.102418
h=0.1/q0=0.4/p=0/r=2.2/sig=0/cf=10.5094,C_rfb,0.1,0.4,0.0,2.2,0.0,1.0,10.509389227369171,wiki_A,native,ours_pi_prior,19487424199.81,1.0,0.0,0.0,0.0,0.0,0.0,0.0,0.0,0.001,0.0,0.0,always_reactive,0.102418
h=0.1/q0=0.4/p=0/r=2.2/sig=0/cf=10.5094,C_rfb,0.1,0.4,0.0,2.2,0.0,1.0,10.509389227369171,wiki_A,native,breakeven,19487424199.81,1.0,0.0,0.0,0.0,0.0,0.0,0.0,0.0,0.001,0.0,0.0,always_reactive,0.102418
h=0.1/q0=0.4/p=0/r=2.2/sig=0/cf=10.5094,C_rfb,0.1,0.4,0.0,2.2,0.0,1.0,10.509389227369171,wiki_A,native,breakeven_cap_epoch,19487424199.81,1.0,0.0,0.0,0.0,0.0,0.0,0.0,0.0,0.001,0.0,0.0,always_reactive,0.102418
h=0.1/q0=0.4/p=0/r=2.2/sig=0/cf=10.5094,C_rfb,0.1,0.4,0.0,2.2,0.0,1.0,10.509389227369171,wiki_A,native,offline_taxblind,19487424199.821,1.0,,,,,,,,,,,always_reactive,0.102418
h=0.1/q0=0.4/p=0/r=2.2/sig=0/cf=10.5094,C_rfb,0.1,0.4,0.0,2.2,0.0,1.0,10.509389227369171,wiki_A,native,offline_opt_tax,19487424199.821,1.0,,,,,,,,,,,always_reactive,0.102418
h=0.1/q0=0.4/p=0/r=2.2/sig=0/cf=10.5094,C_rfb,0.1,0.4,0.0,2.2,0.0,1.0,10.509389227369171,wiki_B,autorpa_233k,always_reactive,16977748066.619,1.0,0.0,0.0,0.0,0.0,0.0,0.0,0.0,0.002,0.0,0.0,always_reactive,0.197869
h=0.1/q0=0.4/p=0/r=2.2/sig=0/cf=10.5094,C_rfb,0.1,0.4,0.0,2.2,0.0,1.0,10.509389227369171,wiki_B,autorpa_233k,always_compile_evict,85803012968.788,5.053851,0.0,0.0,28107.0,0.0,0.0,0.0,28107.0,0.0,28107.0,68825264902.184,always_reactive,0.197869
h=0.1/q0=0.4/p=0/r=2.2/sig=0/cf=10.5094,C_rfb,0.1,0.4,0.0,2.2,0.0,1.0,10.509389227369171,wiki_B,autorpa_233k,ours_noinflate,16977748066.619,1.0,0.0,0.0,0.0,0.0,0.0,0.0,0.0,0.002,0.0,0.0,always_reactive,0.197869
h=0.1/q0=0.4/p=0/r=2.2/sig=0/cf=10.5094,C_rfb,0.1,0.4,0.0,2.2,0.0,1.0,10.509389227369171,wiki_B,autorpa_233k,oracle_tax,16977748066.619,1.0,0.0,0.0,0.0,0.0,0.0,0.0,0.0,0.002,0.0,0.0,always_reactive,0.197869
h=0.1/q0=0.4/p=0/r=2.2/sig=0/cf=10.5094,C_rfb,0.1,0.4,0.0,2.2,0.0,1.0,10.509389227369171,wiki_B,autorpa_233k,ours_spend_cap,16977748066.619,1.0,0.0,0.0,0.0,0.0,0.0,0.0,0.0,0.002,0.0,0.0,always_reactive,0.197869
h=0.1/q0=0.4/p=0/r=2.2/sig=0/cf=10.5094,C_rfb,0.1,0.4,0.0,2.2,0.0,1.0,10.509389227369171,wiki_B,autorpa_233k,ours_cap_epoch,16977748066.619,1.0,0.0,0.0,0.0,0.0,0.0,0.0,0.0,0.002,0.0,0.0,always_reactive,0.197869
h=0.1/q0=0.4/p=0/r=2.2/sig=0/cf=10.5094,C_rfb,0.1,0.4,0.0,2.2,0.0,1.0,10.509389227369171,wiki_B,autorpa_233k,ours_cap_realized,16977748066.619,1.0,0.0,0.0,0.0,0.0,0.0,0.0,0.0,0.002,0.0,0.0,always_reactive,0.197869
h=0.1/q0=0.4/p=0/r=2.2/sig=0/cf=10.5094,C_rfb,0.1,0.4,0.0,2.2,0.0,1.0,10.509389227369171,wiki_B,autorpa_233k,ours_pi_prior,16977748066.619,1.0,0.0,0.0,0.0,0.0,0.0,0.0,0.0,0.002,0.0,0.0,always_reactive,0.197869
h=0.1/q0=0.4/p=0/r=2.2/sig=0/cf=10.5094,C_rfb,0.1,0.4,0.0,2.2,0.0,1.0,10.509389227369171,wiki_B,autorpa_233k,breakeven,16977748066.619,1.0,0.0,0.0,0.0,0.0,0.0,0.0,0.0,0.002,0.0,0.0,always_reactive,0.197869
h=0.1/q0=0.4/p=0/r=2.2/sig=0/cf=10.5094,C_rfb,0.1,0.4,0.0,2.2,0.0,1.0,10.509389227369171,wiki_B,autorpa_233k,breakeven_cap_epoch,16977748066.619,1.0,0.0,0.0,0.0,0.0,0.0,0.0,0.0,0.002,0.0,0.0,always_reactive,0.197869
h=0.1/q0=0.4/p=0/r=2.2/sig=0/cf=10.5094,C_rfb,0.1,0.4,0.0,2.2,0.0,1.0,10.509389227369171,wiki_B,autorpa_233k,offline_taxblind,16977748066.618,1.0,,,,,,,,,,,always_reactive,0.197869
h=0.1/q0=0.4/p=0/r=2.2/sig=0/cf=10.5094,C_rfb,0.1,0.4,0.0,2.2,0.0,1.0,10.509389227369171,wiki_B,autorpa_233k,offline_opt_tax,16977748066.618,1.0,,,,,,,,,,,always_reactive,0.197869
h=0.1/q0=0.4/p=0/r=2.2/sig=0/cf=10.5094,C_rfb,0.1,0.4,0.0,2.2,0.0,1.0,10.509389227369171,wiki_B,native,always_reactive,16977748066.619,1.0,0.0,0.0,0.0,0.0,0.0,0.0,0.0,0.002,0.0,0.0,always_reactive,0.181465
h=0.1/q0=0.4/p=0/r=2.2/sig=0/cf=10.5094,C_rfb,0.1,0.4,0.0,2.2,0.0,1.0,10.509389227369171,wiki_B,native,always_compile_evict,93559438820.81,5.51071,0.0,0.0,28107.0,0.0,0.0,0.0,28107.0,0.0,28107.0,76581690754.206,always_reactive,0.181465
h=0.1/q0=0.4/p=0/r=2.2/sig=0/cf=10.5094,C_rfb,0.1,0.4,0.0,2.2,0.0,1.0,10.509389227369171,wiki_B,native,ours_noinflate,16977748066.619,1.0,0.0,0.0,0.0,0.0,0.0,0.0,0.0,0.002,0.0,0.0,always_reactive,0.181465
h=0.1/q0=0.4/p=0/r=2.2/sig=0/cf=10.5094,C_rfb,0.1,0.4,0.0,2.2,0.0,1.0,10.509389227369171,wiki_B,native,oracle_tax,16977748066.619,1.0,0.0,0.0,0.0,0.0,0.0,0.0,0.0,0.002,0.0,0.0,always_reactive,0.181465
h=0.1/q0=0.4/p=0/r=2.2/sig=0/cf=10.5094,C_rfb,0.1,0.4,0.0,2.2,0.0,1.0,10.509389227369171,wiki_B,native,ours_spend_cap,16977748066.619,1.0,0.0,0.0,0.0,0.0,0.0,0.0,0.0,0.002,0.0,0.0,always_reactive,0.181465
h=0.1/q0=0.4/p=0/r=2.2/sig=0/cf=10.5094,C_rfb,0.1,0.4,0.0,2.2,0.0,1.0,10.509389227369171,wiki_B,native,ours_cap_epoch,16977748066.619,1.0,0.0,0.0,0.0,0.0,0.0,0.0,0.0,0.002,0.0,0.0,always_reactive,0.181465
h=0.1/q0=0.4/p=0/r=2.2/sig=0/cf=10.5094,C_rfb,0.1,0.4,0.0,2.2,0.0,1.0,10.509389227369171,wiki_B,native,ours_cap_realized,16977748066.619,1.0,0.0,0.0,0.0,0.0,0.0,0.0,0.0,0.002,0.0,0.0,always_reactive,0.181465
h=0.1/q0=0.4/p=0/r=2.2/sig=0/cf=10.5094,C_rfb,0.1,0.4,0.0,2.2,0.0,1.0,10.509389227369171,wiki_B,native,ours_pi_prior,16977748066.619,1.0,0.0,0.0,0.0,0.0,0.0,0.0,0.0,0.002,0.0,0.0,always_reactive,0.181465
h=0.1/q0=0.4/p=0/r=2.2/sig=0/cf=10.5094,C_rfb,0.1,0.4,0.0,2.2,0.0,1.0,10.509389227369171,wiki_B,native,breakeven,16977748066.619,1.0,0.0,0.0,0.0,0.0,0.0,0.0,0.0,0.002,0.0,0.0,always_reactive,0.181465
h=0.1/q0=0.4/p=0/r=2.2/sig=0/cf=10.5094,C_rfb,0.1,0.4,0.0,2.2,0.0,1.0,10.509389227369171,wiki_B,native,breakeven_cap_epoch,16977748066.619,1.0,0.0,0.0,0.0,0.0,0.0,0.0,0.0,0.002,0.0,0.0,always_reactive,0.181465
h=0.1/q0=0.4/p=0/r=2.2/sig=0/cf=10.5094,C_rfb,0.1,0.4,0.0,2.2,0.0,1.0,10.509389227369171,wiki_B,native,offline_taxblind,16977748066.618,1.0,,,,,,,,,,,always_reactive,0.181465
h=0.1/q0=0.4/p=0/r=2.2/sig=0/cf=10.5094,C_rfb,0.1,0.4,0.0,2.2,0.0,1.0,10.509389227369171,wiki_B,native,offline_opt_tax,16977748066.618,1.0,,,,,,,,,,,always_reactive,0.181465
h=0.1/q0=0.4/p=0/r=2.2/sig=0/cf=1,C_rfb,0.1,0.4,0.0,2.2,0.0,1.0,1.0,bpi2019,autorpa_233k,always_reactive,28364744721.458,1.0,0.0,0.0,0.0,0.0,0.0,0.0,0.0,0.003,0.0,0.0,always_reactive,0.339521
h=0.1/q0=0.4/p=0/r=2.2/sig=0/cf=1,C_rfb,0.1,0.4,0.0,2.2,0.0,1.0,1.0,bpi2019,autorpa_233k,always_compile_evict,83543338721.444,2.945323,0.0,0.0,236818.0,0.0,0.0,0.0,236818.0,0.001,236818.0,55178594000.0,always_reactive,0.339521
h=0.1/q0=0.4/p=0/r=2.2/sig=0/cf=1,C_rfb,0.1,0.4,0.0,2.2,0.0,1.0,1.0,bpi2019,autorpa_233k,ours_noinflate,28364744721.458,1.0,0.0,0.0,0.0,0.0,0.0,0.0,0.0,0.003,0.0,0.0,always_reactive,0.339521
h=0.1/q0=0.4/p=0/r=2.2/sig=0/cf=1,C_rfb,0.1,0.4,0.0,2.2,0.0,1.0,1.0,bpi2019,autorpa_233k,oracle_tax,28364744721.458,1.0,0.0,0.0,0.0,0.0,0.0,0.0,0.0,0.003,0.0,0.0,always_reactive,0.339521
h=0.1/q0=0.4/p=0/r=2.2/sig=0/cf=1,C_rfb,0.1,0.4,0.0,2.2,0.0,1.0,1.0,bpi2019,autorpa_233k,ours_spend_cap,28364744721.458,1.0,0.0,0.0,0.0,0.0,0.0,0.0,0.0,0.003,0.0,0.0,always_reactive,0.339521
h=0.1/q0=0.4/p=0/r=2.2/sig=0/cf=1,C_rfb,0.1,0.4,0.0,2.2,0.0,1.0,1.0,bpi2019,autorpa_233k,ours_cap_epoch,28364744721.458,1.0,0.0,0.0,0.0,0.0,0.0,0.0,0.0,0.003,0.0,0.0,always_reactive,0.339521
h=0.1/q0=0.4/p=0/r=2.2/sig=0/cf=1,C_rfb,0.1,0.4,0.0,2.2,0.0,1.0,1.0,bpi2019,autorpa_233k,ours_cap_realized,28364744721.458,1.0,0.0,0.0,0.0,0.0,0.0,0.0,0.0,0.003,0.0,0.0,always_reactive,0.339521
h=0.1/q0=0.4/p=0/r=2.2/sig=0/cf=1,C_rfb,0.1,0.4,0.0,2.2,0.0,1.0,1.0,bpi2019,autorpa_233k,ours_pi_prior,28364744721.458,1.0,0.0,0.0,0.0,0.0,0.0,0.0,0.0,0.003,0.0,0.0,always_reactive,0.339521
h=0.1/q0=0.4/p=0/r=2.2/sig=0/cf=1,C_rfb,0.1,0.4,0.0,2.2,0.0,1.0,1.0,bpi2019,autorpa_233k,breakeven,28364744721.458,1.0,0.0,0.0,0.0,0.0,0.0,0.0,0.0,0.003,0.0,0.0,always_reactive,0.339521
h=0.1/q0=0.4/p=0/r=2.2/sig=0/cf=1,C_rfb,0.1,0.4,0.0,2.2,0.0,1.0,1.0,bpi2019,autorpa_233k,breakeven_cap_epoch,28364744721.458,1.0,0.0,0.0,0.0,0.0,0.0,0.0,0.0,0.003,0.0,0.0,always_reactive,0.339521
h=0.1/q0=0.4/p=0/r=2.2/sig=0/cf=1,C_rfb,0.1,0.4,0.0,2.2,0.0,1.0,1.0,bpi2019,autorpa_233k,offline_taxblind,28364744721.522,1.0,,,,,,,,,,,always_reactive,0.339521
h=0.1/q0=0.4/p=0/r=2.2/sig=0/cf=1,C_rfb,0.1,0.4,0.0,2.2,0.0,1.0,1.0,bpi2019,autorpa_233k,offline_opt_tax,28364744721.522,1.0,,,,,,,,,,,always_reactive,0.339521
h=0.1/q0=0.4/p=0/r=2.2/sig=0/cf=1,C_rfb,0.1,0.4,0.0,2.2,0.0,1.0,1.0,bpi2019,native,always_reactive,28364744721.458,1.0,0.0,0.0,0.0,0.0,0.0,0.0,0.0,0.003,0.0,0.0,always_reactive,0.282192
h=0.1/q0=0.4/p=0/r=2.2/sig=0/cf=1,C_rfb,0.1,0.4,0.0,2.2,0.0,1.0,1.0,bpi2019,native,always_compile_evict,100515928654.272,3.543692,0.0,0.0,236818.0,0.0,0.0,0.0,236818.0,0.001,236818.0,72151183932.887,always_reactive,0.282192
h=0.1/q0=0.4/p=0/r=2.2/sig=0/cf=1,C_rfb,0.1,0.4,0.0,2.2,0.0,1.0,1.0,bpi2019,native,ours_noinflate,28364744721.458,1.0,0.0,0.0,0.0,0.0,0.0,0.0,0.0,0.003,0.0,0.0,always_reactive,0.282192
h=0.1/q0=0.4/p=0/r=2.2/sig=0/cf=1,C_rfb,0.1,0.4,0.0,2.2,0.0,1.0,1.0,bpi2019,native,oracle_tax,28364744721.458,1.0,0.0,0.0,0.0,0.0,0.0,0.0,0.0,0.003,0.0,0.0,always_reactive,0.282192
h=0.1/q0=0.4/p=0/r=2.2/sig=0/cf=1,C_rfb,0.1,0.4,0.0,2.2,0.0,1.0,1.0,bpi2019,native,ours_spend_cap,28364744721.458,1.0,0.0,0.0,0.0,0.0,0.0,0.0,0.0,0.003,0.0,0.0,always_reactive,0.282192
h=0.1/q0=0.4/p=0/r=2.2/sig=0/cf=1,C_rfb,0.1,0.4,0.0,2.2,0.0,1.0,1.0,bpi2019,native,ours_cap_epoch,28364744721.458,1.0,0.0,0.0,0.0,0.0,0.0,0.0,0.0,0.003,0.0,0.0,always_reactive,0.282192
h=0.1/q0=0.4/p=0/r=2.2/sig=0/cf=1,C_rfb,0.1,0.4,0.0,2.2,0.0,1.0,1.0,bpi2019,native,ours_cap_realized,28364744721.458,1.0,0.0,0.0,0.0,0.0,0.0,0.0,0.0,0.003,0.0,0.0,always_reactive,0.282192
h=0.1/q0=0.4/p=0/r=2.2/sig=0/cf=1,C_rfb,0.1,0.4,0.0,2.2,0.0,1.0,1.0,bpi2019,native,ours_pi_prior,28364744721.458,1.0,0.0,0.0,0.0,0.0,0.0,0.0,0.0,0.003,0.0,0.0,always_reactive,0.282192
h=0.1/q0=0.4/p=0/r=2.2/sig=0/cf=1,C_rfb,0.1,0.4,0.0,2.2,0.0,1.0,1.0,bpi2019,native,breakeven,28364744721.458,1.0,0.0,0.0,0.0,0.0,0.0,0.0,0.0,0.003,0.0,0.0,always_reactive,0.282192
h=0.1/q0=0.4/p=0/r=2.2/sig=0/cf=1,C_rfb,0.1,0.4,0.0,2.2,0.0,1.0,1.0,bpi2019,native,breakeven_cap_epoch,28364744721.458,1.0,0.0,0.0,0.0,0.0,0.0,0.0,0.0,0.003,0.0,0.0,always_reactive,0.282192
h=0.1/q0=0.4/p=0/r=2.2/sig=0/cf=1,C_rfb,0.1,0.4,0.0,2.2,0.0,1.0,1.0,bpi2019,native,offline_taxblind,28364744721.522,1.0,,,,,,,,,,,always_reactive,0.282192
h=0.1/q0=0.4/p=0/r=2.2/sig=0/cf=1,C_rfb,0.1,0.4,0.0,2.2,0.0,1.0,1.0,bpi2019,native,offline_opt_tax,28364744721.522,1.0,,,,,,,,,,,always_reactive,0.282192
h=0.1/q0=0.4/p=0/r=2.2/sig=0/cf=1,C_rfb,0.1,0.4,0.0,2.2,0.0,1.0,1.0,sepsis,autorpa_233k,always_reactive,187135368.565,1.0,0.0,0.0,0.0,0.0,0.0,0.0,0.0,0.002,0.0,0.0,always_reactive,0.84976
h=0.1/q0=0.4/p=0/r=2.2/sig=0/cf=1,C_rfb,0.1,0.4,0.0,2.2,0.0,1.0,1.0,sepsis,autorpa_233k,always_compile_evict,220221368.565,1.176802,0.0,0.0,142.0,0.0,0.0,0.0,142.0,0.002,142.0,33086000.0,always_reactive,0.84976
h=0.1/q0=0.4/p=0/r=2.2/sig=0/cf=1,C_rfb,0.1,0.4,0.0,2.2,0.0,1.0,1.0,sepsis,autorpa_233k,ours_noinflate,187135368.565,1.0,0.0,0.0,0.0,0.0,0.0,0.0,0.0,0.002,0.0,0.0,always_reactive,0.84976
h=0.1/q0=0.4/p=0/r=2.2/sig=0/cf=1,C_rfb,0.1,0.4,0.0,2.2,0.0,1.0,1.0,sepsis,autorpa_233k,oracle_tax,187135368.565,1.0,0.0,0.0,0.0,0.0,0.0,0.0,0.0,0.002,0.0,0.0,always_reactive,0.84976
h=0.1/q0=0.4/p=0/r=2.2/sig=0/cf=1,C_rfb,0.1,0.4,0.0,2.2,0.0,1.0,1.0,sepsis,autorpa_233k,ours_spend_cap,187135368.565,1.0,0.0,0.0,0.0,0.0,0.0,0.0,0.0,0.002,0.0,0.0,always_reactive,0.84976
h=0.1/q0=0.4/p=0/r=2.2/sig=0/cf=1,C_rfb,0.1,0.4,0.0,2.2,0.0,1.0,1.0,sepsis,autorpa_233k,ours_cap_epoch,187135368.565,1.0,0.0,0.0,0.0,0.0,0.0,0.0,0.0,0.002,0.0,0.0,always_reactive,0.84976
h=0.1/q0=0.4/p=0/r=2.2/sig=0/cf=1,C_rfb,0.1,0.4,0.0,2.2,0.0,1.0,1.0,sepsis,autorpa_233k,ours_cap_realized,187135368.565,1.0,0.0,0.0,0.0,0.0,0.0,0.0,0.0,0.002,0.0,0.0,always_reactive,0.84976
h=0.1/q0=0.4/p=0/r=2.2/sig=0/cf=1,C_rfb,0.1,0.4,0.0,2.2,0.0,1.0,1.0,sepsis,autorpa_233k,ours_pi_prior,187135368.565,1.0,0.0,0.0,0.0,0.0,0.0,0.0,0.0,0.002,0.0,0.0,always_reactive,0.84976
h=0.1/q0=0.4/p=0/r=2.2/sig=0/cf=1,C_rfb,0.1,0.4,0.0,2.2,0.0,1.0,1.0,sepsis,autorpa_233k,breakeven,187135368.565,1.0,0.0,0.0,0.0,0.0,0.0,0.0,0.0,0.002,0.0,0.0,always_reactive,0.84976
h=0.1/q0=0.4/p=0/r=2.2/sig=0/cf=1,C_rfb,0.1,0.4,0.0,2.2,0.0,1.0,1.0,sepsis,autorpa_233k,breakeven_cap_epoch,187135368.565,1.0,0.0,0.0,0.0,0.0,0.0,0.0,0.0,0.002,0.0,0.0,always_reactive,0.84976
h=0.1/q0=0.4/p=0/r=2.2/sig=0/cf=1,C_rfb,0.1,0.4,0.0,2.2,0.0,1.0,1.0,sepsis,autorpa_233k,offline_taxblind,187135368.565,1.0,,,,,,,,,,,always_reactive,0.84976
h=0.1/q0=0.4/p=0/r=2.2/sig=0/cf=1,C_rfb,0.1,0.4,0.0,2.2,0.0,1.0,1.0,sepsis,autorpa_233k,offline_opt_tax,187135368.565,1.0,,,,,,,,,,,always_reactive,0.84976
h=0.1/q0=0.4/p=0/r=2.2/sig=0/cf=1,C_rfb,0.1,0.4,0.0,2.2,0.0,1.0,1.0,sepsis,native,always_reactive,187135368.565,1.0,0.0,0.0,0.0,0.0,0.0,0.0,0.0,0.002,0.0,0.0,always_reactive,0.837302
h=0.1/q0=0.4/p=0/r=2.2/sig=0/cf=1,C_rfb,0.1,0.4,0.0,2.2,0.0,1.0,1.0,sepsis,native,always_compile_evict,223498154.892,1.194313,0.0,0.0,142.0,0.0,0.0,0.0,142.0,0.002,142.0,36362786.327,always_reactive,0.837302
h=0.1/q0=0.4/p=0/r=2.2/sig=0/cf=1,C_rfb,0.1,0.4,0.0,2.2,0.0,1.0,1.0,sepsis,native,ours_noinflate,187135368.565,1.0,0.0,0.0,0.0,0.0,0.0,0.0,0.0,0.002,0.0,0.0,always_reactive,0.837302
h=0.1/q0=0.4/p=0/r=2.2/sig=0/cf=1,C_rfb,0.1,0.4,0.0,2.2,0.0,1.0,1.0,sepsis,native,oracle_tax,187135368.565,1.0,0.0,0.0,0.0,0.0,0.0,0.0,0.0,0.002,0.0,0.0,always_reactive,0.837302
h=0.1/q0=0.4/p=0/r=2.2/sig=0/cf=1,C_rfb,0.1,0.4,0.0,2.2,0.0,1.0,1.0,sepsis,native,ours_spend_cap,187135368.565,1.0,0.0,0.0,0.0,0.0,0.0,0.0,0.0,0.002,0.0,0.0,always_reactive,0.837302
h=0.1/q0=0.4/p=0/r=2.2/sig=0/cf=1,C_rfb,0.1,0.4,0.0,2.2,0.0,1.0,1.0,sepsis,native,ours_cap_epoch,187135368.565,1.0,0.0,0.0,0.0,0.0,0.0,0.0,0.0,0.002,0.0,0.0,always_reactive,0.837302
h=0.1/q0=0.4/p=0/r=2.2/sig=0/cf=1,C_rfb,0.1,0.4,0.0,2.2,0.0,1.0,1.0,sepsis,native,ours_cap_realized,187135368.565,1.0,0.0,0.0,0.0,0.0,0.0,0.0,0.0,0.002,0.0,0.0,always_reactive,0.837302
h=0.1/q0=0.4/p=0/r=2.2/sig=0/cf=1,C_rfb,0.1,0.4,0.0,2.2,0.0,1.0,1.0,sepsis,native,ours_pi_prior,187135368.565,1.0,0.0,0.0,0.0,0.0,0.0,0.0,0.0,0.002,0.0,0.0,always_reactive,0.837302
h=0.1/q0=0.4/p=0/r=2.2/sig=0/cf=1,C_rfb,0.1,0.4,0.0,2.2,0.0,1.0,1.0,sepsis,native,breakeven,187135368.565,1.0,0.0,0.0,0.0,0.0,0.0,0.0,0.0,0.002,0.0,0.0,always_reactive,0.837302
h=0.1/q0=0.4/p=0/r=2.2/sig=0/cf=1,C_rfb,0.1,0.4,0.0,2.2,0.0,1.0,1.0,sepsis,native,breakeven_cap_epoch,187135368.565,1.0,0.0,0.0,0.0,0.0,0.0,0.0,0.0,0.002,0.0,0.0,always_reactive,0.837302
h=0.1/q0=0.4/p=0/r=2.2/sig=0/cf=1,C_rfb,0.1,0.4,0.0,2.2,0.0,1.0,1.0,sepsis,native,offline_taxblind,187135368.565,1.0,,,,,,,,,,,always_reactive,0.837302
h=0.1/q0=0.4/p=0/r=2.2/sig=0/cf=1,C_rfb,0.1,0.4,0.0,2.2,0.0,1.0,1.0,sepsis,native,offline_opt_tax,187135368.565,1.0,,,,,,,,,,,always_reactive,0.837302
h=0.1/q0=0.4/p=0/r=2.2/sig=0/cf=1,C_rfb,0.1,0.4,0.0,2.2,0.0,1.0,1.0,wiki_A,autorpa_233k,always_reactive,19487424199.81,1.0,0.0,0.0,0.0,0.0,0.0,0.0,0.0,0.001,0.0,0.0,always_reactive,0.572073
h=0.1/q0=0.4/p=0/r=2.2/sig=0/cf=1,C_rfb,0.1,0.4,0.0,2.2,0.0,1.0,1.0,wiki_A,autorpa_233k,always_compile_evict,34064603199.786,1.74803,0.0,0.0,62563.0,0.0,0.0,0.0,62563.0,0.001,62563.0,14577179000.0,always_reactive,0.572073
h=0.1/q0=0.4/p=0/r=2.2/sig=0/cf=1,C_rfb,0.1,0.4,0.0,2.2,0.0,1.0,1.0,wiki_A,autorpa_233k,ours_noinflate,19487424199.81,1.0,0.0,0.0,0.0,0.0,0.0,0.0,0.0,0.001,0.0,0.0,always_reactive,0.572073
h=0.1/q0=0.4/p=0/r=2.2/sig=0/cf=1,C_rfb,0.1,0.4,0.0,2.2,0.0,1.0,1.0,wiki_A,autorpa_233k,oracle_tax,19487424199.81,1.0,0.0,0.0,0.0,0.0,0.0,0.0,0.0,0.001,0.0,0.0,always_reactive,0.572073
h=0.1/q0=0.4/p=0/r=2.2/sig=0/cf=1,C_rfb,0.1,0.4,0.0,2.2,0.0,1.0,1.0,wiki_A,autorpa_233k,ours_spend_cap,19487424199.81,1.0,0.0,0.0,0.0,0.0,0.0,0.0,0.0,0.001,0.0,0.0,always_reactive,0.572073
h=0.1/q0=0.4/p=0/r=2.2/sig=0/cf=1,C_rfb,0.1,0.4,0.0,2.2,0.0,1.0,1.0,wiki_A,autorpa_233k,ours_cap_epoch,19487424199.81,1.0,0.0,0.0,0.0,0.0,0.0,0.0,0.0,0.001,0.0,0.0,always_reactive,0.572073
h=0.1/q0=0.4/p=0/r=2.2/sig=0/cf=1,C_rfb,0.1,0.4,0.0,2.2,0.0,1.0,1.0,wiki_A,autorpa_233k,ours_cap_realized,19487424199.81,1.0,0.0,0.0,0.0,0.0,0.0,0.0,0.0,0.001,0.0,0.0,always_reactive,0.572073
h=0.1/q0=0.4/p=0/r=2.2/sig=0/cf=1,C_rfb,0.1,0.4,0.0,2.2,0.0,1.0,1.0,wiki_A,autorpa_233k,ours_pi_prior,19487424199.81,1.0,0.0,0.0,0.0,0.0,0.0,0.0,0.0,0.001,0.0,0.0,always_reactive,0.572073
h=0.1/q0=0.4/p=0/r=2.2/sig=0/cf=1,C_rfb,0.1,0.4,0.0,2.2,0.0,1.0,1.0,wiki_A,autorpa_233k,breakeven,19487424199.81,1.0,0.0,0.0,0.0,0.0,0.0,0.0,0.0,0.001,0.0,0.0,always_reactive,0.572073
h=0.1/q0=0.4/p=0/r=2.2/sig=0/cf=1,C_rfb,0.1,0.4,0.0,2.2,0.0,1.0,1.0,wiki_A,autorpa_233k,breakeven_cap_epoch,19487424199.81,1.0,0.0,0.0,0.0,0.0,0.0,0.0,0.0,0.001,0.0,0.0,always_reactive,0.572073
h=0.1/q0=0.4/p=0/r=2.2/sig=0/cf=1,C_rfb,0.1,0.4,0.0,2.2,0.0,1.0,1.0,wiki_A,autorpa_233k,offline_taxblind,19487424199.821,1.0,,,,,,,,,,,always_reactive,0.572073
h=0.1/q0=0.4/p=0/r=2.2/sig=0/cf=1,C_rfb,0.1,0.4,0.0,2.2,0.0,1.0,1.0,wiki_A,autorpa_233k,offline_opt_tax,19487424199.821,1.0,,,,,,,,,,,always_reactive,0.572073
h=0.1/q0=0.4/p=0/r=2.2/sig=0/cf=1,C_rfb,0.1,0.4,0.0,2.2,0.0,1.0,1.0,wiki_A,native,always_reactive,19487424199.81,1.0,0.0,0.0,0.0,0.0,0.0,0.0,0.0,0.001,0.0,0.0,always_reactive,0.545283
h=0.1/q0=0.4/p=0/r=2.2/sig=0/cf=1,C_rfb,0.1,0.4,0.0,2.2,0.0,1.0,1.0,wiki_A,native,always_compile_evict,35738159261.454,1.833909,0.0,0.0,62563.0,0.0,0.0,0.0,62563.0,0.001,62563.0,16250735061.639,always_reactive,0.545283
h=0.1/q0=0.4/p=0/r=2.2/sig=0/cf=1,C_rfb,0.1,0.4,0.0,2.2,0.0,1.0,1.0,wiki_A,native,ours_noinflate,19487424199.81,1.0,0.0,0.0,0.0,0.0,0.0,0.0,0.0,0.001,0.0,0.0,always_reactive,0.545283
h=0.1/q0=0.4/p=0/r=2.2/sig=0/cf=1,C_rfb,0.1,0.4,0.0,2.2,0.0,1.0,1.0,wiki_A,native,oracle_tax,19487424199.81,1.0,0.0,0.0,0.0,0.0,0.0,0.0,0.0,0.001,0.0,0.0,always_reactive,0.545283
h=0.1/q0=0.4/p=0/r=2.2/sig=0/cf=1,C_rfb,0.1,0.4,0.0,2.2,0.0,1.0,1.0,wiki_A,native,ours_spend_cap,19487424199.81,1.0,0.0,0.0,0.0,0.0,0.0,0.0,0.0,0.001,0.0,0.0,always_reactive,0.545283
h=0.1/q0=0.4/p=0/r=2.2/sig=0/cf=1,C_rfb,0.1,0.4,0.0,2.2,0.0,1.0,1.0,wiki_A,native,ours_cap_epoch,19487424199.81,1.0,0.0,0.0,0.0,0.0,0.0,0.0,0.0,0.001,0.0,0.0,always_reactive,0.545283
h=0.1/q0=0.4/p=0/r=2.2/sig=0/cf=1,C_rfb,0.1,0.4,0.0,2.2,0.0,1.0,1.0,wiki_A,native,ours_cap_realized,19487424199.81,1.0,0.0,0.0,0.0,0.0,0.0,0.0,0.0,0.001,0.0,0.0,always_reactive,0.545283
h=0.1/q0=0.4/p=0/r=2.2/sig=0/cf=1,C_rfb,0.1,0.4,0.0,2.2,0.0,1.0,1.0,wiki_A,native,ours_pi_prior,19487424199.81,1.0,0.0,0.0,0.0,0.0,0.0,0.0,0.0,0.001,0.0,0.0,always_reactive,0.545283
h=0.1/q0=0.4/p=0/r=2.2/sig=0/cf=1,C_rfb,0.1,0.4,0.0,2.2,0.0,1.0,1.0,wiki_A,native,breakeven,19487424199.81,1.0,0.0,0.0,0.0,0.0,0.0,0.0,0.0,0.001,0.0,0.0,always_reactive,0.545283
h=0.1/q0=0.4/p=0/r=2.2/sig=0/cf=1,C_rfb,0.1,0.4,0.0,2.2,0.0,1.0,1.0,wiki_A,native,breakeven_cap_epoch,19487424199.81,1.0,0.0,0.0,0.0,0.0,0.0,0.0,0.0,0.001,0.0,0.0,always_reactive,0.545283
h=0.1/q0=0.4/p=0/r=2.2/sig=0/cf=1,C_rfb,0.1,0.4,0.0,2.2,0.0,1.0,1.0,wiki_A,native,offline_taxblind,19487424199.821,1.0,,,,,,,,,,,always_reactive,0.545283
h=0.1/q0=0.4/p=0/r=2.2/sig=0/cf=1,C_rfb,0.1,0.4,0.0,2.2,0.0,1.0,1.0,wiki_A,native,offline_opt_tax,19487424199.821,1.0,,,,,,,,,,,always_reactive,0.545283
h=0.1/q0=0.4/p=0/r=2.2/sig=0/cf=1,C_rfb,0.1,0.4,0.0,2.2,0.0,1.0,1.0,wiki_B,autorpa_233k,always_reactive,16977748066.619,1.0,0.0,0.0,0.0,0.0,0.0,0.0,0.0,0.002,0.0,0.0,always_reactive,0.721638
h=0.1/q0=0.4/p=0/r=2.2/sig=0/cf=1,C_rfb,0.1,0.4,0.0,2.2,0.0,1.0,1.0,wiki_B,autorpa_233k,always_compile_evict,23526679066.613,1.385736,0.0,0.0,28107.0,0.0,0.0,0.0,28107.0,0.002,28107.0,6548931000.0,always_reactive,0.721638
h=0.1/q0=0.4/p=0/r=2.2/sig=0/cf=1,C_rfb,0.1,0.4,0.0,2.2,0.0,1.0,1.0,wiki_B,autorpa_233k,ours_noinflate,16977748066.619,1.0,0.0,0.0,0.0,0.0,0.0,0.0,0.0,0.002,0.0,0.0,always_reactive,0.721638
h=0.1/q0=0.4/p=0/r=2.2/sig=0/cf=1,C_rfb,0.1,0.4,0.0,2.2,0.0,1.0,1.0,wiki_B,autorpa_233k,oracle_tax,16977748066.619,1.0,0.0,0.0,0.0,0.0,0.0,0.0,0.0,0.002,0.0,0.0,always_reactive,0.721638
h=0.1/q0=0.4/p=0/r=2.2/sig=0/cf=1,C_rfb,0.1,0.4,0.0,2.2,0.0,1.0,1.0,wiki_B,autorpa_233k,ours_spend_cap,16977748066.619,1.0,0.0,0.0,0.0,0.0,0.0,0.0,0.0,0.002,0.0,0.0,always_reactive,0.721638
h=0.1/q0=0.4/p=0/r=2.2/sig=0/cf=1,C_rfb,0.1,0.4,0.0,2.2,0.0,1.0,1.0,wiki_B,autorpa_233k,ours_cap_epoch,16977748066.619,1.0,0.0,0.0,0.0,0.0,0.0,0.0,0.0,0.002,0.0,0.0,always_reactive,0.721638
h=0.1/q0=0.4/p=0/r=2.2/sig=0/cf=1,C_rfb,0.1,0.4,0.0,2.2,0.0,1.0,1.0,wiki_B,autorpa_233k,ours_cap_realized,16977748066.619,1.0,0.0,0.0,0.0,0.0,0.0,0.0,0.0,0.002,0.0,0.0,always_reactive,0.721638
h=0.1/q0=0.4/p=0/r=2.2/sig=0/cf=1,C_rfb,0.1,0.4,0.0,2.2,0.0,1.0,1.0,wiki_B,autorpa_233k,ours_pi_prior,16977748066.619,1.0,0.0,0.0,0.0,0.0,0.0,0.0,0.0,0.002,0.0,0.0,always_reactive,0.721638
h=0.1/q0=0.4/p=0/r=2.2/sig=0/cf=1,C_rfb,0.1,0.4,0.0,2.2,0.0,1.0,1.0,wiki_B,autorpa_233k,breakeven,16977748066.619,1.0,0.0,0.0,0.0,0.0,0.0,0.0,0.0,0.002,0.0,0.0,always_reactive,0.721638
h=0.1/q0=0.4/p=0/r=2.2/sig=0/cf=1,C_rfb,0.1,0.4,0.0,2.2,0.0,1.0,1.0,wiki_B,autorpa_233k,breakeven_cap_epoch,16977748066.619,1.0,0.0,0.0,0.0,0.0,0.0,0.0,0.0,0.002,0.0,0.0,always_reactive,0.721638
h=0.1/q0=0.4/p=0/r=2.2/sig=0/cf=1,C_rfb,0.1,0.4,0.0,2.2,0.0,1.0,1.0,wiki_B,autorpa_233k,offline_taxblind,16977748066.618,1.0,,,,,,,,,,,always_reactive,0.721638
h=0.1/q0=0.4/p=0/r=2.2/sig=0/cf=1,C_rfb,0.1,0.4,0.0,2.2,0.0,1.0,1.0,wiki_B,autorpa_233k,offline_opt_tax,16977748066.618,1.0,,,,,,,,,,,always_reactive,0.721638
h=0.1/q0=0.4/p=0/r=2.2/sig=0/cf=1,C_rfb,0.1,0.4,0.0,2.2,0.0,1.0,1.0,wiki_B,native,always_reactive,16977748066.619,1.0,0.0,0.0,0.0,0.0,0.0,0.0,0.0,0.002,0.0,0.0,always_reactive,0.699688
h=0.1/q0=0.4/p=0/r=2.2/sig=0/cf=1,C_rfb,0.1,0.4,0.0,2.2,0.0,1.0,1.0,wiki_B,native,always_compile_evict,24264726319.81,1.429208,0.0,0.0,28107.0,0.0,0.0,0.0,28107.0,0.002,28107.0,7286978253.195,always_reactive,0.699688
h=0.1/q0=0.4/p=0/r=2.2/sig=0/cf=1,C_rfb,0.1,0.4,0.0,2.2,0.0,1.0,1.0,wiki_B,native,ours_noinflate,16977748066.619,1.0,0.0,0.0,0.0,0.0,0.0,0.0,0.0,0.002,0.0,0.0,always_reactive,0.699688
h=0.1/q0=0.4/p=0/r=2.2/sig=0/cf=1,C_rfb,0.1,0.4,0.0,2.2,0.0,1.0,1.0,wiki_B,native,oracle_tax,16977748066.619,1.0,0.0,0.0,0.0,0.0,0.0,0.0,0.0,0.002,0.0,0.0,always_reactive,0.699688
h=0.1/q0=0.4/p=0/r=2.2/sig=0/cf=1,C_rfb,0.1,0.4,0.0,2.2,0.0,1.0,1.0,wiki_B,native,ours_spend_cap,16977748066.619,1.0,0.0,0.0,0.0,0.0,0.0,0.0,0.0,0.002,0.0,0.0,always_reactive,0.699688
h=0.1/q0=0.4/p=0/r=2.2/sig=0/cf=1,C_rfb,0.1,0.4,0.0,2.2,0.0,1.0,1.0,wiki_B,native,ours_cap_epoch,16977748066.619,1.0,0.0,0.0,0.0,0.0,0.0,0.0,0.0,0.002,0.0,0.0,always_reactive,0.699688
h=0.1/q0=0.4/p=0/r=2.2/sig=0/cf=1,C_rfb,0.1,0.4,0.0,2.2,0.0,1.0,1.0,wiki_B,native,ours_cap_realized,16977748066.619,1.0,0.0,0.0,0.0,0.0,0.0,0.0,0.0,0.002,0.0,0.0,always_reactive,0.699688
h=0.1/q0=0.4/p=0/r=2.2/sig=0/cf=1,C_rfb,0.1,0.4,0.0,2.2,0.0,1.0,1.0,wiki_B,native,ours_pi_prior,16977748066.619,1.0,0.0,0.0,0.0,0.0,0.0,0.0,0.0,0.002,0.0,0.0,always_reactive,0.699688
h=0.1/q0=0.4/p=0/r=2.2/sig=0/cf=1,C_rfb,0.1,0.4,0.0,2.2,0.0,1.0,1.0,wiki_B,native,breakeven,16977748066.619,1.0,0.0,0.0,0.0,0.0,0.0,0.0,0.0,0.002,0.0,0.0,always_reactive,0.699688
h=0.1/q0=0.4/p=0/r=2.2/sig=0/cf=1,C_rfb,0.1,0.4,0.0,2.2,0.0,1.0,1.0,wiki_B,native,breakeven_cap_epoch,16977748066.619,1.0,0.0,0.0,0.0,0.0,0.0,0.0,0.0,0.002,0.0,0.0,always_reactive,0.699688
h=0.1/q0=0.4/p=0/r=2.2/sig=0/cf=1,C_rfb,0.1,0.4,0.0,2.2,0.0,1.0,1.0,wiki_B,native,offline_taxblind,16977748066.618,1.0,,,,,,,,,,,always_reactive,0.699688
h=0.1/q0=0.4/p=0/r=2.2/sig=0/cf=1,C_rfb,0.1,0.4,0.0,2.2,0.0,1.0,1.0,wiki_B,native,offline_opt_tax,16977748066.618,1.0,,,,,,,,,,,always_reactive,0.699688
h=0.1/q0=0.4/p=1/r=1/sig=0.3/cf=1,D_sigma,0.1,0.4,1.0,1.0,0.3,3.0,1.0,bpi2019,autorpa_233k,always_reactive,28364744721.458,1.064963,0.0,0.0,0.0,0.0,0.0,0.0,0.0,0.003,0.0,0.0,ours_pi_prior,0.982427
h=0.1/q0=0.4/p=1/r=1/sig=0.3/cf=1,D_sigma,0.1,0.4,1.0,1.0,0.3,3.0,1.0,bpi2019,autorpa_233k,always_compile_evict,26933919692.495,1.011242,45.1,71.0,18380.3,16614.2,32707.7,108947.3,17927.7,0.04,0.0,0.0,ours_pi_prior,0.982427
h=0.1/q0=0.4/p=1/r=1/sig=0.3/cf=1,D_sigma,0.1,0.4,1.0,1.0,0.3,3.0,1.0,bpi2019,autorpa_233k,ours_noinflate,26634493891.708,1.0,7.5,15.2,1078.0,869.7,1721.3,5720.1,793.5,0.008,0.0,0.0,ours_pi_prior,0.982427
h=0.1/q0=0.4/p=1/r=1/sig=0.3/cf=1,D_sigma,0.1,0.4,1.0,1.0,0.3,3.0,1.0,bpi2019,autorpa_233k,oracle_tax,28261954775.192,1.061104,16.6,19.5,114.9,98.3,178.7,593.9,53.0,0.004,0.0,0.0,ours_pi_prior,0.982427
h=0.1/q0=0.4/p=1/r=1/sig=0.3/cf=1,D_sigma,0.1,0.4,1.0,1.0,0.3,3.0,1.0,bpi2019,autorpa_233k,ours_spend_cap,26634493891.708,1.0,7.5,15.2,1078.0,869.7,1721.3,5720.1,793.5,0.008,0.0,0.0,ours_pi_prior,0.982427
h=0.1/q0=0.4/p=1/r=1/sig=0.3/cf=1,D_sigma,0.1,0.4,1.0,1.0,0.3,3.0,1.0,bpi2019,autorpa_233k,ours_cap_epoch,26634493891.708,1.0,7.5,15.2,1078.0,869.7,1721.3,5720.1,793.5,0.008,0.0,0.0,ours_pi_prior,0.982427
h=0.1/q0=0.4/p=1/r=1/sig=0.3/cf=1,D_sigma,0.1,0.4,1.0,1.0,0.3,3.0,1.0,bpi2019,autorpa_233k,ours_cap_realized,26634493891.708,1.0,7.5,15.2,1078.0,869.7,1721.3,5720.1,793.5,0.008,0.0,0.0,ours_pi_prior,0.982427
h=0.1/q0=0.4/p=1/r=1/sig=0.3/cf=1,D_sigma,0.1,0.4,1.0,1.0,0.3,3.0,1.0,bpi2019,autorpa_233k,ours_pi_prior,26460605095.433,0.993471,9.4,19.9,2069.9,1762.9,3456.8,11478.9,1774.4,0.011,0.0,0.0,ours_pi_prior,0.982427
h=0.1/q0=0.4/p=1/r=1/sig=0.3/cf=1,D_sigma,0.1,0.4,1.0,1.0,0.3,3.0,1.0,bpi2019,autorpa_233k,breakeven,28385452613.971,1.06574,0.2,7.1,638.4,199.9,377.1,1283.2,518.3,0.004,0.0,0.0,ours_pi_prior,0.982427
h=0.1/q0=0.4/p=1/r=1/sig=0.3/cf=1,D_sigma,0.1,0.4,1.0,1.0,0.3,3.0,1.0,bpi2019,autorpa_233k,breakeven_cap_epoch,28385452613.971,1.06574,0.2,7.1,638.4,199.9,377.1,1283.2,518.3,0.004,0.0,0.0,ours_pi_prior,0.982427
h=0.1/q0=0.4/p=1/r=1/sig=0.3/cf=1,D_sigma,0.1,0.4,1.0,1.0,0.3,3.0,1.0,bpi2019,autorpa_233k,offline_taxblind,24659243876.668,0.925839,,,,,,,,,,,ours_pi_prior,0.982427
h=0.1/q0=0.4/p=1/r=1/sig=0.3/cf=1,D_sigma,0.1,0.4,1.0,1.0,0.3,3.0,1.0,bpi2019,autorpa_233k,offline_opt_tax,24835490620.747,0.932456,,,,,,,,,,,ours_pi_prior,0.982427
h=0.1/q0=0.4/p=1/r=1/sig=0.3/cf=1,D_sigma,0.1,0.4,1.0,1.0,0.3,3.0,1.0,bpi2019,native,always_reactive,28364744721.458,1.06462,0.0,0.0,0.0,0.0,0.0,0.0,0.0,0.003,0.0,0.0,ours_pi_prior,0.9374
h=0.1/q0=0.4/p=1/r=1/sig=0.3/cf=1,D_sigma,0.1,0.4,1.0,1.0,0.3,3.0,1.0,bpi2019,native,always_compile_evict,28240960776.013,1.059974,44.9,74.0,18380.3,16614.2,32707.7,108947.3,17919.7,0.041,0.0,0.0,ours_pi_prior,0.9374
h=0.1/q0=0.4/p=1/r=1/sig=0.3/cf=1,D_sigma,0.1,0.4,1.0,1.0,0.3,3.0,1.0,bpi2019,native,ours_noinflate,26643077357.506,1.0,7.5,15.4,1075.5,869.3,1720.3,5717.2,795.0,0.008,0.0,0.0,ours_pi_prior,0.9374
h=0.1/q0=0.4/p=1/r=1/sig=0.3/cf=1,D_sigma,0.1,0.4,1.0,1.0,0.3,3.0,1.0,bpi2019,native,oracle_tax,28262158854.878,1.060769,16.5,18.8,121.7,105.2,193.3,643.1,56.4,0.004,0.0,0.0,ours_pi_prior,0.9374
h=0.1/q0=0.4/p=1/r=1/sig=0.3/cf=1,D_sigma,0.1,0.4,1.0,1.0,0.3,3.0,1.0,bpi2019,native,ours_spend_cap,26643077357.506,1.0,7.5,15.4,1075.5,869.3,1720.3,5717.2,795.0,0.008,0.0,0.0,ours_pi_prior,0.9374
h=0.1/q0=0.4/p=1/r=1/sig=0.3/cf=1,D_sigma,0.1,0.4,1.0,1.0,0.3,3.0,1.0,bpi2019,native,ours_cap_epoch,26643077357.506,1.0,7.5,15.4,1075.5,869.3,1720.3,5717.2,795.0,0.008,0.0,0.0,ours_pi_prior,0.9374
h=0.1/q0=0.4/p=1/r=1/sig=0.3/cf=1,D_sigma,0.1,0.4,1.0,1.0,0.3,3.0,1.0,bpi2019,native,ours_cap_realized,26643077357.506,1.0,7.5,15.4,1075.5,869.3,1720.3,5717.2,795.0,0.008,0.0,0.0,ours_pi_prior,0.9374
h=0.1/q0=0.4/p=1/r=1/sig=0.3/cf=1,D_sigma,0.1,0.4,1.0,1.0,0.3,3.0,1.0,bpi2019,native,ours_pi_prior,26473086337.577,0.99362,8.5,19.7,2023.3,1721.7,3379.7,11214.1,1728.6,0.01,0.0,0.0,ours_pi_prior,0.9374
h=0.1/q0=0.4/p=1/r=1/sig=0.3/cf=1,D_sigma,0.1,0.4,1.0,1.0,0.3,3.0,1.0,bpi2019,native,breakeven,28390139275.831,1.065573,0.7,6.7,638.4,191.0,371.6,1244.8,506.8,0.004,0.0,0.0,ours_pi_prior,0.9374
h=0.1/q0=0.4/p=1/r=1/sig=0.3/cf=1,D_sigma,0.1,0.4,1.0,1.0,0.3,3.0,1.0,bpi2019,native,breakeven_cap_epoch,28390139275.831,1.065573,0.7,6.7,638.4,191.0,371.6,1244.8,506.8,0.004,0.0,0.0,ours_pi_prior,0.9374
h=0.1/q0=0.4/p=1/r=1/sig=0.3/cf=1,D_sigma,0.1,0.4,1.0,1.0,0.3,3.0,1.0,bpi2019,native,offline_taxblind,24574296859.855,0.922352,,,,,,,,,,,ours_pi_prior,0.9374
h=0.1/q0=0.4/p=1/r=1/sig=0.3/cf=1,D_sigma,0.1,0.4,1.0,1.0,0.3,3.0,1.0,bpi2019,native,offline_opt_tax,24773629315.786,0.929834,,,,,,,,,,,ours_pi_prior,0.9374
h=0.1/q0=0.4/p=1/r=1/sig=0.3/cf=1,D_sigma,0.1,0.4,1.0,1.0,0.3,3.0,1.0,sepsis,autorpa_233k,always_reactive,187135368.565,1.045516,0.0,0.0,0.0,0.0,0.0,0.0,0.0,0.002,0.0,0.0,ours_pi_prior,0.966631
h=0.1/q0=0.4/p=1/r=1/sig=0.3/cf=1,D_sigma,0.1,0.4,1.0,1.0,0.3,3.0,1.0,sepsis,autorpa_233k,always_compile_evict,184961132.796,1.033369,18.2,19.1,35.4,10.1,20.1,65.4,28.3,0.007,0.0,0.0,ours_pi_prior,0.966631
h=0.1/q0=0.4/p=1/r=1/sig=0.3/cf=1,D_sigma,0.1,0.4,1.0,1.0,0.3,3.0,1.0,sepsis,autorpa_233k,ours_noinflate,178988524.812,1.0,2.7,2.9,7.0,4.3,7.6,25.4,1.5,0.003,0.0,0.0,ours_pi_prior,0.966631
h=0.1/q0=0.4/p=1/r=1/sig=0.3/cf=1,D_sigma,0.1,0.4,1.0,1.0,0.3,3.0,1.0,sepsis,autorpa_233k,oracle_tax,179079643.947,1.000509,3.1,3.6,8.0,4.9,9.1,29.9,0.8,0.003,0.0,0.0,ours_pi_prior,0.966631
h=0.1/q0=0.4/p=1/r=1/sig=0.3/cf=1,D_sigma,0.1,0.4,1.0,1.0,0.3,3.0,1.0,sepsis,autorpa_233k,ours_spend_cap,178988524.812,1.0,2.7,2.9,7.0,4.3,7.6,25.4,1.5,0.003,0.0,0.0,ours_pi_prior,0.966631
h=0.1/q0=0.4/p=1/r=1/sig=0.3/cf=1,D_sigma,0.1,0.4,1.0,1.0,0.3,3.0,1.0,sepsis,autorpa_233k,ours_cap_epoch,178988524.812,1.0,2.7,2.9,7.0,4.3,7.6,25.4,1.5,0.003,0.0,0.0,ours_pi_prior,0.966631
h=0.1/q0=0.4/p=1/r=1/sig=0.3/cf=1,D_sigma,0.1,0.4,1.0,1.0,0.3,3.0,1.0,sepsis,autorpa_233k,ours_cap_realized,178988524.812,1.0,2.7,2.9,7.0,4.3,7.6,25.4,1.5,0.003,0.0,0.0,ours_pi_prior,0.966631
h=0.1/q0=0.4/p=1/r=1/sig=0.3/cf=1,D_sigma,0.1,0.4,1.0,1.0,0.3,3.0,1.0,sepsis,autorpa_233k,ours_pi_prior,178789117.795,0.998886,2.0,3.0,6.8,3.9,6.7,24.0,1.9,0.003,0.0,0.0,ours_pi_prior,0.966631
h=0.1/q0=0.4/p=1/r=1/sig=0.3/cf=1,D_sigma,0.1,0.4,1.0,1.0,0.3,3.0,1.0,sepsis,autorpa_233k,breakeven,182890003.94,1.021797,1.5,2.1,5.2,2.4,4.0,13.4,1.4,0.003,0.0,0.0,ours_pi_prior,0.966631
h=0.1/q0=0.4/p=1/r=1/sig=0.3/cf=1,D_sigma,0.1,0.4,1.0,1.0,0.3,3.0,1.0,sepsis,autorpa_233k,breakeven_cap_epoch,182890003.94,1.021797,1.5,2.1,5.2,2.4,4.0,13.4,1.4,0.003,0.0,0.0,ours_pi_prior,0.966631
h=0.1/q0=0.4/p=1/r=1/sig=0.3/cf=1,D_sigma,0.1,0.4,1.0,1.0,0.3,3.0,1.0,sepsis,autorpa_233k,offline_taxblind,177389161.118,0.991064,,,,,,,,,,,ours_pi_prior,0.966631
h=0.1/q0=0.4/p=1/r=1/sig=0.3/cf=1,D_sigma,0.1,0.4,1.0,1.0,0.3,3.0,1.0,sepsis,autorpa_233k,offline_opt_tax,178041929.687,0.994711,,,,,,,,,,,ours_pi_prior,0.966631
h=0.1/q0=0.4/p=1/r=1/sig=0.3/cf=1,D_sigma,0.1,0.4,1.0,1.0,0.3,3.0,1.0,sepsis,native,always_reactive,187135368.565,1.045306,0.0,0.0,0.0,0.0,0.0,0.0,0.0,0.002,0.0,0.0,ours_pi_prior,0.962853
h=0.1/q0=0.4/p=1/r=1/sig=0.3/cf=1,D_sigma,0.1,0.4,1.0,1.0,0.3,3.0,1.0,sepsis,native,always_compile_evict,185723291.475,1.037418,19.0,19.5,35.4,10.1,20.1,65.4,28.3,0.007,0.0,0.0,ours_pi_prior,0.962853
h=0.1/q0=0.4/p=1/r=1/sig=0.3/cf=1,D_sigma,0.1,0.4,1.0,1.0,0.3,3.0,1.0,sepsis,native,ours_noinflate,179024565.489,1.0,2.7,2.9,7.0,4.3,7.6,25.4,1.5,0.003,0.0,0.0,ours_pi_prior,0.962853
h=0.1/q0=0.4/p=1/r=1/sig=0.3/cf=1,D_sigma,0.1,0.4,1.0,1.0,0.3,3.0,1.0,sepsis,native,oracle_tax,179120718.892,1.000537,3.1,3.6,8.0,4.9,9.1,29.9,0.9,0.003,0.0,0.0,ours_pi_prior,0.962853
h=0.1/q0=0.4/p=1/r=1/sig=0.3/cf=1,D_sigma,0.1,0.4,1.0,1.0,0.3,3.0,1.0,sepsis,native,ours_spend_cap,179024565.489,1.0,2.7,2.9,7.0,4.3,7.6,25.4,1.5,0.003,0.0,0.0,ours_pi_prior,0.962853
h=0.1/q0=0.4/p=1/r=1/sig=0.3/cf=1,D_sigma,0.1,0.4,1.0,1.0,0.3,3.0,1.0,sepsis,native,ours_cap_epoch,179024565.489,1.0,2.7,2.9,7.0,4.3,7.6,25.4,1.5,0.003,0.0,0.0,ours_pi_prior,0.962853
h=0.1/q0=0.4/p=1/r=1/sig=0.3/cf=1,D_sigma,0.1,0.4,1.0,1.0,0.3,3.0,1.0,sepsis,native,ours_cap_realized,179024565.489,1.0,2.7,2.9,7.0,4.3,7.6,25.4,1.5,0.003,0.0,0.0,ours_pi_prior,0.962853
h=0.1/q0=0.4/p=1/r=1/sig=0.3/cf=1,D_sigma,0.1,0.4,1.0,1.0,0.3,3.0,1.0,sepsis,native,ours_pi_prior,178824167.998,0.998881,2.0,3.0,6.8,3.9,6.7,24.0,1.9,0.003,0.0,0.0,ours_pi_prior,0.962853
h=0.1/q0=0.4/p=1/r=1/sig=0.3/cf=1,D_sigma,0.1,0.4,1.0,1.0,0.3,3.0,1.0,sepsis,native,breakeven,182916729.954,1.021741,1.5,2.1,5.2,2.4,4.0,13.4,1.4,0.003,0.0,0.0,ours_pi_prior,0.962853
h=0.1/q0=0.4/p=1/r=1/sig=0.3/cf=1,D_sigma,0.1,0.4,1.0,1.0,0.3,3.0,1.0,sepsis,native,breakeven_cap_epoch,182916729.954,1.021741,1.5,2.1,5.2,2.4,4.0,13.4,1.4,0.003,0.0,0.0,ours_pi_prior,0.962853
h=0.1/q0=0.4/p=1/r=1/sig=0.3/cf=1,D_sigma,0.1,0.4,1.0,1.0,0.3,3.0,1.0,sepsis,native,offline_taxblind,177462787.958,0.991276,,,,,,,,,,,ours_pi_prior,0.962853
h=0.1/q0=0.4/p=1/r=1/sig=0.3/cf=1,D_sigma,0.1,0.4,1.0,1.0,0.3,3.0,1.0,sepsis,native,offline_opt_tax,178116658.647,0.994929,,,,,,,,,,,ours_pi_prior,0.962853
h=0.1/q0=0.4/p=1/r=1/sig=0.3/cf=1,D_sigma,0.1,0.4,1.0,1.0,0.3,3.0,1.0,wiki_A,autorpa_233k,always_reactive,19487424199.81,1.255779,0.0,0.0,0.0,0.0,0.0,0.0,0.0,0.001,0.0,0.0,ours_pi_prior,0.983737
h=0.1/q0=0.4/p=1/r=1/sig=0.3/cf=1,D_sigma,0.1,0.4,1.0,1.0,0.3,3.0,1.0,wiki_A,autorpa_233k,always_compile_evict,15683921215.195,1.01068,9.7,42.7,4666.2,4374.8,8623.4,28762.7,3899.9,0.007,0.0,0.0,ours_pi_prior,0.983737
h=0.1/q0=0.4/p=1/r=1/sig=0.3/cf=1,D_sigma,0.1,0.4,1.0,1.0,0.3,3.0,1.0,wiki_A,autorpa_233k,ours_noinflate,15518193501.877,1.0,1.8,10.5,1850.1,1812.8,3592.3,11954.6,1240.1,0.002,0.0,0.0,ours_pi_prior,0.983737
h=0.1/q0=0.4/p=1/r=1/sig=0.3/cf=1,D_sigma,0.1,0.4,1.0,1.0,0.3,3.0,1.0,wiki_A,autorpa_233k,oracle_tax,17968121418.144,1.157875,6.6,7.1,705.1,698.5,1372.7,4595.9,324.9,0.002,0.0,0.0,ours_pi_prior,0.983737
h=0.1/q0=0.4/p=1/r=1/sig=0.3/cf=1,D_sigma,0.1,0.4,1.0,1.0,0.3,3.0,1.0,wiki_A,autorpa_233k,ours_spend_cap,15518193501.877,1.0,1.8,10.5,1850.1,1812.8,3592.3,11954.6,1240.1,0.002,0.0,0.0,ours_pi_prior,0.983737
h=0.1/q0=0.4/p=1/r=1/sig=0.3/cf=1,D_sigma,0.1,0.4,1.0,1.0,0.3,3.0,1.0,wiki_A,autorpa_233k,ours_cap_epoch,15518193501.877,1.0,1.8,10.5,1850.1,1812.8,3592.3,11954.6,1240.1,0.002,0.0,0.0,ours_pi_prior,0.983737
h=0.1/q0=0.4/p=1/r=1/sig=0.3/cf=1,D_sigma,0.1,0.4,1.0,1.0,0.3,3.0,1.0,wiki_A,autorpa_233k,ours_cap_realized,15518193501.877,1.0,1.8,10.5,1850.1,1812.8,3592.3,11954.6,1240.1,0.002,0.0,0.0,ours_pi_prior,0.983737
h=0.1/q0=0.4/p=1/r=1/sig=0.3/cf=1,D_sigma,0.1,0.4,1.0,1.0,0.3,3.0,1.0,wiki_A,autorpa_233k,ours_pi_prior,15428860009.974,0.994243,2.8,11.8,2173.3,2122.3,4190.0,13944.4,1467.1,0.003,0.0,0.0,ours_pi_prior,0.983737
h=0.1/q0=0.4/p=1/r=1/sig=0.3/cf=1,D_sigma,0.1,0.4,1.0,1.0,0.3,3.0,1.0,wiki_A,autorpa_233k,breakeven,19190873883.793,1.236669,0.0,5.6,778.7,694.5,1371.8,4573.6,582.7,0.002,0.0,0.0,ours_pi_prior,0.983737
h=0.1/q0=0.4/p=1/r=1/sig=0.3/cf=1,D_sigma,0.1,0.4,1.0,1.0,0.3,3.0,1.0,wiki_A,autorpa_233k,breakeven_cap_epoch,19190873883.793,1.236669,0.0,5.6,778.7,694.5,1371.8,4573.6,582.7,0.002,0.0,0.0,ours_pi_prior,0.983737
h=0.1/q0=0.4/p=1/r=1/sig=0.3/cf=1,D_sigma,0.1,0.4,1.0,1.0,0.3,3.0,1.0,wiki_A,autorpa_233k,offline_taxblind,15344212286.431,0.988789,,,,,,,,,,,ours_pi_prior,0.983737
h=0.1/q0=0.4/p=1/r=1/sig=0.3/cf=1,D_sigma,0.1,0.4,1.0,1.0,0.3,3.0,1.0,wiki_A,autorpa_233k,offline_opt_tax,15364406693.121,0.99009,,,,,,,,,,,ours_pi_prior,0.983737
h=0.1/q0=0.4/p=1/r=1/sig=0.3/cf=1,D_sigma,0.1,0.4,1.0,1.0,0.3,3.0,1.0,wiki_A,native,always_reactive,19487424199.81,1.254998,0.0,0.0,0.0,0.0,0.0,0.0,0.0,0.001,0.0,0.0,ours_pi_prior,0.976167
h=0.1/q0=0.4/p=1/r=1/sig=0.3/cf=1,D_sigma,0.1,0.4,1.0,1.0,0.3,3.0,1.0,wiki_A,native,always_compile_evict,15816896627.598,1.018615,11.6,44.3,4666.2,4374.8,8623.4,28762.7,3904.8,0.007,0.0,0.0,ours_pi_prior,0.976167
h=0.1/q0=0.4/p=1/r=1/sig=0.3/cf=1,D_sigma,0.1,0.4,1.0,1.0,0.3,3.0,1.0,wiki_A,native,ours_noinflate,15527847423.85,1.0,2.8,10.6,1850.1,1812.8,3592.3,11954.6,1240.4,0.002,0.0,0.0,ours_pi_prior,0.976167
h=0.1/q0=0.4/p=1/r=1/sig=0.3/cf=1,D_sigma,0.1,0.4,1.0,1.0,0.3,3.0,1.0,wiki_A,native,oracle_tax,17976485486.157,1.157693,6.8,7.3,706.3,699.5,1374.7,4601.3,325.4,0.002,0.0,0.0,ours_pi_prior,0.976167
h=0.1/q0=0.4/p=1/r=1/sig=0.3/cf=1,D_sigma,0.1,0.4,1.0,1.0,0.3,3.0,1.0,wiki_A,native,ours_spend_cap,15527847423.85,1.0,2.8,10.6,1850.1,1812.8,3592.3,11954.6,1240.4,0.002,0.0,0.0,ours_pi_prior,0.976167
h=0.1/q0=0.4/p=1/r=1/sig=0.3/cf=1,D_sigma,0.1,0.4,1.0,1.0,0.3,3.0,1.0,wiki_A,native,ours_cap_epoch,15527847423.85,1.0,2.8,10.6,1850.1,1812.8,3592.3,11954.6,1240.4,0.002,0.0,0.0,ours_pi_prior,0.976167
h=0.1/q0=0.4/p=1/r=1/sig=0.3/cf=1,D_sigma,0.1,0.4,1.0,1.0,0.3,3.0,1.0,wiki_A,native,ours_cap_realized,15527847423.85,1.0,2.8,10.6,1850.1,1812.8,3592.3,11954.6,1240.4,0.002,0.0,0.0,ours_pi_prior,0.976167
h=0.1/q0=0.4/p=1/r=1/sig=0.3/cf=1,D_sigma,0.1,0.4,1.0,1.0,0.3,3.0,1.0,wiki_A,native,ours_pi_prior,15439939928.9,0.994339,3.7,11.6,2170.4,2121.2,4187.9,13936.4,1464.4,0.003,0.0,0.0,ours_pi_prior,0.976167
h=0.1/q0=0.4/p=1/r=1/sig=0.3/cf=1,D_sigma,0.1,0.4,1.0,1.0,0.3,3.0,1.0,wiki_A,native,breakeven,19216003569.618,1.237519,0.1,5.3,727.9,644.4,1263.4,4229.0,528.3,0.002,0.0,0.0,ours_pi_prior,0.976167
h=0.1/q0=0.4/p=1/r=1/sig=0.3/cf=1,D_sigma,0.1,0.4,1.0,1.0,0.3,3.0,1.0,wiki_A,native,breakeven_cap_epoch,19216003569.618,1.237519,0.1,5.3,727.9,644.4,1263.4,4229.0,528.3,0.002,0.0,0.0,ours_pi_prior,0.976167
h=0.1/q0=0.4/p=1/r=1/sig=0.3/cf=1,D_sigma,0.1,0.4,1.0,1.0,0.3,3.0,1.0,wiki_A,native,offline_taxblind,15324485561.394,0.986903,,,,,,,,,,,ours_pi_prior,0.976167
h=0.1/q0=0.4/p=1/r=1/sig=0.3/cf=1,D_sigma,0.1,0.4,1.0,1.0,0.3,3.0,1.0,wiki_A,native,offline_opt_tax,15348969935.632,0.98848,,,,,,,,,,,ours_pi_prior,0.976167
h=0.1/q0=0.4/p=1/r=1/sig=0.3/cf=1,D_sigma,0.1,0.4,1.0,1.0,0.3,3.0,1.0,wiki_B,autorpa_233k,always_reactive,16977748066.619,1.046812,0.0,0.0,0.0,0.0,0.0,0.0,0.0,0.002,0.0,0.0,ours_pi_prior,0.963718
h=0.1/q0=0.4/p=1/r=1/sig=0.3/cf=1,D_sigma,0.1,0.4,1.0,1.0,0.3,3.0,1.0,wiki_B,autorpa_233k,always_compile_evict,16824223490.983,1.037346,62.8,80.2,3575.4,1962.3,3861.7,12922.1,3245.6,0.03,0.0,0.0,ours_pi_prior,0.963718
h=0.1/q0=0.4/p=1/r=1/sig=0.3/cf=1,D_sigma,0.1,0.4,1.0,1.0,0.3,3.0,1.0,wiki_B,autorpa_233k,ours_noinflate,16218533802.81,1.0,11.0,17.0,640.3,402.7,788.7,2642.0,396.4,0.007,0.0,0.0,ours_pi_prior,0.963718
h=0.1/q0=0.4/p=1/r=1/sig=0.3/cf=1,D_sigma,0.1,0.4,1.0,1.0,0.3,3.0,1.0,wiki_B,autorpa_233k,oracle_tax,16900633791.688,1.042057,23.1,24.3,76.8,53.7,102.7,348.5,27.3,0.003,0.0,0.0,ours_pi_prior,0.963718
h=0.1/q0=0.4/p=1/r=1/sig=0.3/cf=1,D_sigma,0.1,0.4,1.0,1.0,0.3,3.0,1.0,wiki_B,autorpa_233k,ours_spend_cap,16218533802.81,1.0,11.0,17.0,640.3,402.7,788.7,2642.0,396.4,0.007,0.0,0.0,ours_pi_prior,0.963718
h=0.1/q0=0.4/p=1/r=1/sig=0.3/cf=1,D_sigma,0.1,0.4,1.0,1.0,0.3,3.0,1.0,wiki_B,autorpa_233k,ours_cap_epoch,16218533802.81,1.0,11.0,17.0,640.3,402.7,788.7,2642.0,396.4,0.007,0.0,0.0,ours_pi_prior,0.963718
h=0.1/q0=0.4/p=1/r=1/sig=0.3/cf=1,D_sigma,0.1,0.4,1.0,1.0,0.3,3.0,1.0,wiki_B,autorpa_233k,ours_cap_realized,16218533802.81,1.0,11.0,17.0,640.3,402.7,788.7,2642.0,396.4,0.007,0.0,0.0,ours_pi_prior,0.963718
h=0.1/q0=0.4/p=1/r=1/sig=0.3/cf=1,D_sigma,0.1,0.4,1.0,1.0,0.3,3.0,1.0,wiki_B,autorpa_233k,ours_pi_prior,16213809633.37,0.999709,14.1,22.0,873.9,582.0,1147.7,3826.6,622.9,0.009,0.0,0.0,ours_pi_prior,0.963718
h=0.1/q0=0.4/p=1/r=1/sig=0.3/cf=1,D_sigma,0.1,0.4,1.0,1.0,0.3,3.0,1.0,wiki_B,autorpa_233k,breakeven,16972763001.229,1.046504,1.7,9.4,465.4,129.5,251.7,838.4,367.7,0.003,0.0,0.0,ours_pi_prior,0.963718
h=0.1/q0=0.4/p=1/r=1/sig=0.3/cf=1,D_sigma,0.1,0.4,1.0,1.0,0.3,3.0,1.0,wiki_B,autorpa_233k,breakeven_cap_epoch,16972763001.229,1.046504,1.7,9.4,465.4,129.5,251.7,838.4,367.7,0.003,0.0,0.0,ours_pi_prior,0.963718
h=0.1/q0=0.4/p=1/r=1/sig=0.3/cf=1,D_sigma,0.1,0.4,1.0,1.0,0.3,3.0,1.0,wiki_B,autorpa_233k,offline_taxblind,15905953577.149,0.980727,,,,,,,,,,,ours_pi_prior,0.963718
h=0.1/q0=0.4/p=1/r=1/sig=0.3/cf=1,D_sigma,0.1,0.4,1.0,1.0,0.3,3.0,1.0,wiki_B,autorpa_233k,offline_opt_tax,15993494050.8,0.986125,,,,,,,,,,,ours_pi_prior,0.963718
h=0.1/q0=0.4/p=1/r=1/sig=0.3/cf=1,D_sigma,0.1,0.4,1.0,1.0,0.3,3.0,1.0,wiki_B,native,always_reactive,16977748066.619,1.046446,0.0,0.0,0.0,0.0,0.0,0.0,0.0,0.002,0.0,0.0,ours_pi_prior,0.957073
h=0.1/q0=0.4/p=1/r=1/sig=0.3/cf=1,D_sigma,0.1,0.4,1.0,1.0,0.3,3.0,1.0,wiki_B,native,always_compile_evict,16945190261.905,1.044439,68.2,78.2,3575.4,1962.3,3861.7,12922.1,3249.2,0.03,0.0,0.0,ours_pi_prior,0.957073
h=0.1/q0=0.4/p=1/r=1/sig=0.3/cf=1,D_sigma,0.1,0.4,1.0,1.0,0.3,3.0,1.0,wiki_B,native,ours_noinflate,16224198030.241,1.0,13.0,17.0,639.8,401.9,787.7,2637.4,398.6,0.007,0.0,0.0,ours_pi_prior,0.957073
h=0.1/q0=0.4/p=1/r=1/sig=0.3/cf=1,D_sigma,0.1,0.4,1.0,1.0,0.3,3.0,1.0,wiki_B,native,oracle_tax,16902032877.059,1.041779,22.0,23.1,75.5,53.5,102.2,346.4,27.5,0.003,0.0,0.0,ours_pi_prior,0.957073
h=0.1/q0=0.4/p=1/r=1/sig=0.3/cf=1,D_sigma,0.1,0.4,1.0,1.0,0.3,3.0,1.0,wiki_B,native,ours_spend_cap,16224198030.241,1.0,13.0,17.0,639.8,401.9,787.7,2637.4,398.6,0.007,0.0,0.0,ours_pi_prior,0.957073
h=0.1/q0=0.4/p=1/r=1/sig=0.3/cf=1,D_sigma,0.1,0.4,1.0,1.0,0.3,3.0,1.0,wiki_B,native,ours_cap_epoch,16224198030.241,1.0,13.0,17.0,639.8,401.9,787.7,2637.4,398.6,0.007,0.0,0.0,ours_pi_prior,0.957073
h=0.1/q0=0.4/p=1/r=1/sig=0.3/cf=1,D_sigma,0.1,0.4,1.0,1.0,0.3,3.0,1.0,wiki_B,native,ours_cap_realized,16224198030.241,1.0,13.0,17.0,639.8,401.9,787.7,2637.4,398.6,0.007,0.0,0.0,ours_pi_prior,0.957073
h=0.1/q0=0.4/p=1/r=1/sig=0.3/cf=1,D_sigma,0.1,0.4,1.0,1.0,0.3,3.0,1.0,wiki_B,native,ours_pi_prior,16217779688.378,0.999604,15.9,21.3,846.5,564.1,1117.7,3721.5,598.3,0.008,0.0,0.0,ours_pi_prior,0.957073
h=0.1/q0=0.4/p=1/r=1/sig=0.3/cf=1,D_sigma,0.1,0.4,1.0,1.0,0.3,3.0,1.0,wiki_B,native,breakeven,16972094915.331,1.046098,1.6,9.5,449.9,106.0,206.7,699.4,354.0,0.003,0.0,0.0,ours_pi_prior,0.957073
h=0.1/q0=0.4/p=1/r=1/sig=0.3/cf=1,D_sigma,0.1,0.4,1.0,1.0,0.3,3.0,1.0,wiki_B,native,breakeven_cap_epoch,16972094915.331,1.046098,1.6,9.5,449.9,106.0,206.7,699.4,354.0,0.003,0.0,0.0,ours_pi_prior,0.957073
h=0.1/q0=0.4/p=1/r=1/sig=0.3/cf=1,D_sigma,0.1,0.4,1.0,1.0,0.3,3.0,1.0,wiki_B,native,offline_taxblind,15892995495.207,0.979586,,,,,,,,,,,ours_pi_prior,0.957073
h=0.1/q0=0.4/p=1/r=1/sig=0.3/cf=1,D_sigma,0.1,0.4,1.0,1.0,0.3,3.0,1.0,wiki_B,native,offline_opt_tax,15987743750.156,0.985426,,,,,,,,,,,ours_pi_prior,0.957073
h=0.1/q0=0.4/p=1/r=1/sig=0/cf=1,A_core,0.1,0.4,1.0,1.0,0.0,1.0,1.0,bpi2019,autorpa_233k,always_reactive,28364744721.458,1.391945,0.0,0.0,0.0,0.0,0.0,0.0,0.0,0.003,0.0,0.0,ours_noinflate,0.953489
h=0.1/q0=0.4/p=1/r=1/sig=0/cf=1,A_core,0.1,0.4,1.0,1.0,0.0,1.0,1.0,bpi2019,autorpa_233k,always_compile_evict,21371786213.375,1.048779,42.7,68.6,25411.7,23698.0,0.0,108947.3,24361.4,0.048,0.0,0.0,ours_noinflate,0.953489
h=0.1/q0=0.4/p=1/r=1/sig=0/cf=1,A_core,0.1,0.4,1.0,1.0,0.0,1.0,1.0,bpi2019,autorpa_233k,ours_noinflate,20377771640.806,1.0,16.4,31.3,9644.9,9090.8,0.0,41710.0,8825.1,0.022,0.0,0.0,ours_noinflate,0.953489
h=0.1/q0=0.4/p=1/r=1/sig=0/cf=1,A_core,0.1,0.4,1.0,1.0,0.0,1.0,1.0,bpi2019,autorpa_233k,oracle_tax,27789121574.349,1.363698,34.4,37.5,471.9,437.5,0.0,1928.0,270.9,0.006,0.0,0.0,ours_noinflate,0.953489
h=0.1/q0=0.4/p=1/r=1/sig=0/cf=1,A_core,0.1,0.4,1.0,1.0,0.0,1.0,1.0,bpi2019,autorpa_233k,ours_spend_cap,20377771640.806,1.0,16.4,31.3,9644.9,9090.8,0.0,41710.0,8825.1,0.022,0.0,0.0,ours_noinflate,0.953489
h=0.1/q0=0.4/p=1/r=1/sig=0/cf=1,A_core,0.1,0.4,1.0,1.0,0.0,1.0,1.0,bpi2019,autorpa_233k,ours_cap_epoch,20377771640.806,1.0,16.4,31.3,9644.9,9090.8,0.0,41710.0,8825.1,0.022,0.0,0.0,ours_noinflate,0.953489
h=0.1/q0=0.4/p=1/r=1/sig=0/cf=1,A_core,0.1,0.4,1.0,1.0,0.0,1.0,1.0,bpi2019,autorpa_233k,ours_cap_realized,20377771640.806,1.0,16.4,31.3,9644.9,9090.8,0.0,41710.0,8825.1,0.022,0.0,0.0,ours_noinflate,0.953489
h=0.1/q0=0.4/p=1/r=1/sig=0/cf=1,A_core,0.1,0.4,1.0,1.0,0.0,1.0,1.0,bpi2019,autorpa_233k,ours_pi_prior,23775690343.695,1.166746,11.4,23.5,3278.2,2828.9,0.0,12934.5,2561.5,0.014,0.0,0.0,ours_noinflate,0.953489
h=0.1/q0=0.4/p=1/r=1/sig=0/cf=1,A_core,0.1,0.4,1.0,1.0,0.0,1.0,1.0,bpi2019,autorpa_233k,breakeven,28267099805.807,1.387154,0.7,8.1,1006.5,334.5,0.0,1524.7,543.2,0.004,0.0,0.0,ours_noinflate,0.953489
h=0.1/q0=0.4/p=1/r=1/sig=0/cf=1,A_core,0.1,0.4,1.0,1.0,0.0,1.0,1.0,bpi2019,autorpa_233k,breakeven_cap_epoch,28267099805.807,1.387154,0.7,8.1,1006.5,334.5,0.0,1524.7,543.2,0.004,0.0,0.0,ours_noinflate,0.953489
h=0.1/q0=0.4/p=1/r=1/sig=0/cf=1,A_core,0.1,0.4,1.0,1.0,0.0,1.0,1.0,bpi2019,autorpa_233k,offline_taxblind,19103156461.657,0.937451,,,,,,,,,,,ours_noinflate,0.953489
h=0.1/q0=0.4/p=1/r=1/sig=0/cf=1,A_core,0.1,0.4,1.0,1.0,0.0,1.0,1.0,bpi2019,autorpa_233k,offline_opt_tax,19402197336.453,0.952126,,,,,,,,,,,ours_noinflate,0.953489
h=0.1/q0=0.4/p=1/r=1/sig=0/cf=1,A_core,0.1,0.4,1.0,1.0,0.0,1.0,1.0,bpi2019,native,always_reactive,28364744721.458,1.407942,0.0,0.0,0.0,0.0,0.0,0.0,0.0,0.003,0.0,0.0,ours_noinflate,0.869021
h=0.1/q0=0.4/p=1/r=1/sig=0/cf=1,A_core,0.1,0.4,1.0,1.0,0.0,1.0,1.0,bpi2019,native,always_compile_evict,23182681135.747,1.15072,43.1,71.5,25411.7,23698.0,0.0,108947.3,24324.3,0.047,0.0,0.0,ours_noinflate,0.869021
h=0.1/q0=0.4/p=1/r=1/sig=0/cf=1,A_core,0.1,0.4,1.0,1.0,0.0,1.0,1.0,bpi2019,native,ours_noinflate,20146238127.816,1.0,21.2,35.8,11738.1,11053.5,0.0,50728.2,10839.9,0.027,0.0,0.0,ours_noinflate,0.869021
h=0.1/q0=0.4/p=1/r=1/sig=0/cf=1,A_core,0.1,0.4,1.0,1.0,0.0,1.0,1.0,bpi2019,native,oracle_tax,27789578228.749,1.379393,36.3,38.9,483.5,447.2,0.0,1970.5,274.4,0.006,0.0,0.0,ours_noinflate,0.869021
h=0.1/q0=0.4/p=1/r=1/sig=0/cf=1,A_core,0.1,0.4,1.0,1.0,0.0,1.0,1.0,bpi2019,native,ours_spend_cap,20146238127.816,1.0,21.2,35.8,11738.1,11053.5,0.0,50728.2,10839.9,0.027,0.0,0.0,ours_noinflate,0.869021
h=0.1/q0=0.4/p=1/r=1/sig=0/cf=1,A_core,0.1,0.4,1.0,1.0,0.0,1.0,1.0,bpi2019,native,ours_cap_epoch,20146238127.816,1.0,21.2,35.8,11738.1,11053.5,0.0,50728.2,10839.9,0.027,0.0,0.0,ours_noinflate,0.869021
h=0.1/q0=0.4/p=1/r=1/sig=0/cf=1,A_core,0.1,0.4,1.0,1.0,0.0,1.0,1.0,bpi2019,native,ours_cap_realized,20146238127.816,1.0,21.2,35.8,11738.1,11053.5,0.0,50728.2,10839.9,0.027,0.0,0.0,ours_noinflate,0.869021
h=0.1/q0=0.4/p=1/r=1/sig=0/cf=1,A_core,0.1,0.4,1.0,1.0,0.0,1.0,1.0,bpi2019,native,ours_pi_prior,23524516488.149,1.167688,14.6,27.6,5168.8,4629.9,0.0,21224.9,4387.8,0.018,0.0,0.0,ours_noinflate,0.869021
h=0.1/q0=0.4/p=1/r=1/sig=0/cf=1,A_core,0.1,0.4,1.0,1.0,0.0,1.0,1.0,bpi2019,native,breakeven,28276352578.802,1.403555,1.0,8.5,1013.0,336.3,0.0,1530.0,548.0,0.004,0.0,0.0,ours_noinflate,0.869021
h=0.1/q0=0.4/p=1/r=1/sig=0/cf=1,A_core,0.1,0.4,1.0,1.0,0.0,1.0,1.0,bpi2019,native,breakeven_cap_epoch,28276352578.802,1.403555,1.0,8.5,1013.0,336.3,0.0,1530.0,548.0,0.004,0.0,0.0,ours_noinflate,0.869021
h=0.1/q0=0.4/p=1/r=1/sig=0/cf=1,A_core,0.1,0.4,1.0,1.0,0.0,1.0,1.0,bpi2019,native,offline_taxblind,19164551254.105,0.951272,,,,,,,,,,,ours_noinflate,0.869021
h=0.1/q0=0.4/p=1/r=1/sig=0/cf=1,A_core,0.1,0.4,1.0,1.0,0.0,1.0,1.0,bpi2019,native,offline_opt_tax,19441439503.05,0.965016,,,,,,,,,,,ours_noinflate,0.869021
h=0.1/q0=0.4/p=1/r=1/sig=0/cf=1,A_core,0.1,0.4,1.0,1.0,0.0,1.0,1.0,sepsis,autorpa_233k,always_reactive,187135368.565,1.105365,0.0,0.0,0.0,0.0,0.0,0.0,0.0,0.002,0.0,0.0,ours_noinflate,0.972424
h=0.1/q0=0.4/p=1/r=1/sig=0/cf=1,A_core,0.1,0.4,1.0,1.0,0.0,1.0,1.0,sepsis,autorpa_233k,always_compile_evict,174098427.255,1.028358,17.9,18.8,38.9,14.1,0.0,65.4,28.1,0.007,0.0,0.0,ours_noinflate,0.972424
h=0.1/q0=0.4/p=1/r=1/sig=0/cf=1,A_core,0.1,0.4,1.0,1.0,0.0,1.0,1.0,sepsis,autorpa_233k,ours_noinflate,169297428.856,1.0,3.8,4.6,11.6,7.0,0.0,29.6,1.4,0.004,0.0,0.0,ours_noinflate,0.972424
h=0.1/q0=0.4/p=1/r=1/sig=0/cf=1,A_core,0.1,0.4,1.0,1.0,0.0,1.0,1.0,sepsis,autorpa_233k,oracle_tax,168948604.476,0.99794,3.1,3.5,10.6,7.5,0.0,30.5,0.3,0.004,0.0,0.0,ours_noinflate,0.972424
h=0.1/q0=0.4/p=1/r=1/sig=0/cf=1,A_core,0.1,0.4,1.0,1.0,0.0,1.0,1.0,sepsis,autorpa_233k,ours_spend_cap,169297428.856,1.0,3.8,4.6,11.6,7.0,0.0,29.6,1.4,0.004,0.0,0.0,ours_noinflate,0.972424
h=0.1/q0=0.4/p=1/r=1/sig=0/cf=1,A_core,0.1,0.4,1.0,1.0,0.0,1.0,1.0,sepsis,autorpa_233k,ours_cap_epoch,169297428.856,1.0,3.8,4.6,11.6,7.0,0.0,29.6,1.4,0.004,0.0,0.0,ours_noinflate,0.972424
h=0.1/q0=0.4/p=1/r=1/sig=0/cf=1,A_core,0.1,0.4,1.0,1.0,0.0,1.0,1.0,sepsis,autorpa_233k,ours_cap_realized,169297428.856,1.0,3.8,4.6,11.6,7.0,0.0,29.6,1.4,0.004,0.0,0.0,ours_noinflate,0.972424
h=0.1/q0=0.4/p=1/r=1/sig=0/cf=1,A_core,0.1,0.4,1.0,1.0,0.0,1.0,1.0,sepsis,autorpa_233k,ours_pi_prior,169412078.731,1.000677,2.9,4.0,10.4,6.6,0.0,28.3,0.4,0.003,0.0,0.0,ours_noinflate,0.972424
h=0.1/q0=0.4/p=1/r=1/sig=0/cf=1,A_core,0.1,0.4,1.0,1.0,0.0,1.0,1.0,sepsis,autorpa_233k,breakeven,176745252.638,1.043993,1.3,2.5,7.7,4.6,0.0,17.3,0.4,0.003,0.0,0.0,ours_noinflate,0.972424
h=0.1/q0=0.4/p=1/r=1/sig=0/cf=1,A_core,0.1,0.4,1.0,1.0,0.0,1.0,1.0,sepsis,autorpa_233k,breakeven_cap_epoch,176745252.638,1.043993,1.3,2.5,7.7,4.6,0.0,17.3,0.4,0.003,0.0,0.0,ours_noinflate,0.972424
h=0.1/q0=0.4/p=1/r=1/sig=0/cf=1,A_core,0.1,0.4,1.0,1.0,0.0,1.0,1.0,sepsis,autorpa_233k,offline_taxblind,150999116.758,0.891916,,,,,,,,,,,ours_noinflate,0.972424
h=0.1/q0=0.4/p=1/r=1/sig=0/cf=1,A_core,0.1,0.4,1.0,1.0,0.0,1.0,1.0,sepsis,autorpa_233k,offline_opt_tax,156520213.685,0.924528,,,,,,,,,,,ours_noinflate,0.972424
h=0.1/q0=0.4/p=1/r=1/sig=0/cf=1,A_core,0.1,0.4,1.0,1.0,0.0,1.0,1.0,sepsis,native,always_reactive,187135368.565,1.104183,0.0,0.0,0.0,0.0,0.0,0.0,0.0,0.002,0.0,0.0,ours_noinflate,0.968898
h=0.1/q0=0.4/p=1/r=1/sig=0/cf=1,A_core,0.1,0.4,1.0,1.0,0.0,1.0,1.0,sepsis,native,always_compile_evict,174918888.307,1.0321,18.7,19.1,38.9,14.1,0.0,65.4,27.3,0.007,0.0,0.0,ours_noinflate,0.968898
h=0.1/q0=0.4/p=1/r=1/sig=0/cf=1,A_core,0.1,0.4,1.0,1.0,0.0,1.0,1.0,sepsis,native,ours_noinflate,169478635.336,1.0,5.5,6.2,13.8,7.5,0.0,31.2,3.6,0.004,0.0,0.0,ours_noinflate,0.968898
h=0.1/q0=0.4/p=1/r=1/sig=0/cf=1,A_core,0.1,0.4,1.0,1.0,0.0,1.0,1.0,sepsis,native,oracle_tax,169006189.29,0.997212,4.1,5.0,12.6,8.5,0.0,34.6,1.0,0.004,0.0,0.0,ours_noinflate,0.968898
h=0.1/q0=0.4/p=1/r=1/sig=0/cf=1,A_core,0.1,0.4,1.0,1.0,0.0,1.0,1.0,sepsis,native,ours_spend_cap,169478635.336,1.0,5.5,6.2,13.8,7.5,0.0,31.2,3.6,0.004,0.0,0.0,ours_noinflate,0.968898
h=0.1/q0=0.4/p=1/r=1/sig=0/cf=1,A_core,0.1,0.4,1.0,1.0,0.0,1.0,1.0,sepsis,native,ours_cap_epoch,169478635.336,1.0,5.5,6.2,13.8,7.5,0.0,31.2,3.6,0.004,0.0,0.0,ours_noinflate,0.968898
h=0.1/q0=0.4/p=1/r=1/sig=0/cf=1,A_core,0.1,0.4,1.0,1.0,0.0,1.0,1.0,sepsis,native,ours_cap_realized,169478635.336,1.0,5.5,6.2,13.8,7.5,0.0,31.2,3.6,0.004,0.0,0.0,ours_noinflate,0.968898
h=0.1/q0=0.4/p=1/r=1/sig=0/cf=1,A_core,0.1,0.4,1.0,1.0,0.0,1.0,1.0,sepsis,native,ours_pi_prior,169564280.034,1.000505,3.9,4.8,11.4,6.6,0.0,28.5,1.4,0.004,0.0,0.0,ours_noinflate,0.968898
h=0.1/q0=0.4/p=1/r=1/sig=0/cf=1,A_core,0.1,0.4,1.0,1.0,0.0,1.0,1.0,sepsis,native,breakeven,176827048.145,1.043359,1.3,2.6,7.7,4.5,0.0,16.9,0.4,0.003,0.0,0.0,ours_noinflate,0.968898
h=0.1/q0=0.4/p=1/r=1/sig=0/cf=1,A_core,0.1,0.4,1.0,1.0,0.0,1.0,1.0,sepsis,native,breakeven_cap_epoch,176827048.145,1.043359,1.3,2.6,7.7,4.5,0.0,16.9,0.4,0.003,0.0,0.0,ours_noinflate,0.968898
h=0.1/q0=0.4/p=1/r=1/sig=0/cf=1,A_core,0.1,0.4,1.0,1.0,0.0,1.0,1.0,sepsis,native,offline_taxblind,151556290.093,0.89425,,,,,,,,,,,ours_noinflate,0.968898
h=0.1/q0=0.4/p=1/r=1/sig=0/cf=1,A_core,0.1,0.4,1.0,1.0,0.0,1.0,1.0,sepsis,native,offline_opt_tax,157183672.467,0.927454,,,,,,,,,,,ours_noinflate,0.968898
h=0.1/q0=0.4/p=1/r=1/sig=0/cf=1,A_core,0.1,0.4,1.0,1.0,0.0,1.0,1.0,wiki_A,autorpa_233k,always_reactive,19487424199.81,1.813621,0.0,0.0,0.0,0.0,0.0,0.0,0.0,0.001,0.0,0.0,ours_noinflate,0.98824
h=0.1/q0=0.4/p=1/r=1/sig=0/cf=1,A_core,0.1,0.4,1.0,1.0,0.0,1.0,1.0,wiki_A,autorpa_233k,always_compile_evict,10872904483.397,1.0119,9.1,41.8,6543.5,6261.7,0.0,28762.7,4927.5,0.009,0.0,0.0,ours_noinflate,0.98824
h=0.1/q0=0.4/p=1/r=1/sig=0/cf=1,A_core,0.1,0.4,1.0,1.0,0.0,1.0,1.0,wiki_A,autorpa_233k,ours_noinflate,10745037411.902,1.0,4.4,19.4,3273.8,3178.0,0.0,14599.0,1735.4,0.005,0.0,0.0,ours_noinflate,0.98824
h=0.1/q0=0.4/p=1/r=1/sig=0/cf=1,A_core,0.1,0.4,1.0,1.0,0.0,1.0,1.0,wiki_A,autorpa_233k,oracle_tax,14757666437.321,1.37344,18.4,19.6,1585.0,1566.6,0.0,7190.8,655.6,0.004,0.0,0.0,ours_noinflate,0.98824
h=0.1/q0=0.4/p=1/r=1/sig=0/cf=1,A_core,0.1,0.4,1.0,1.0,0.0,1.0,1.0,wiki_A,autorpa_233k,ours_spend_cap,10745037411.902,1.0,4.4,19.4,3273.8,3178.0,0.0,14599.0,1735.4,0.005,0.0,0.0,ours_noinflate,0.98824
h=0.1/q0=0.4/p=1/r=1/sig=0/cf=1,A_core,0.1,0.4,1.0,1.0,0.0,1.0,1.0,wiki_A,autorpa_233k,ours_cap_epoch,10745037411.902,1.0,4.4,19.4,3273.8,3178.0,0.0,14599.0,1735.4,0.005,0.0,0.0,ours_noinflate,0.98824
h=0.1/q0=0.4/p=1/r=1/sig=0/cf=1,A_core,0.1,0.4,1.0,1.0,0.0,1.0,1.0,wiki_A,autorpa_233k,ours_cap_realized,10745037411.902,1.0,4.4,19.4,3273.8,3178.0,0.0,14599.0,1735.4,0.005,0.0,0.0,ours_noinflate,0.98824
h=0.1/q0=0.4/p=1/r=1/sig=0/cf=1,A_core,0.1,0.4,1.0,1.0,0.0,1.0,1.0,wiki_A,autorpa_233k,ours_pi_prior,10781590621.292,1.003402,2.3,13.6,3169.8,3098.9,0.0,14224.5,1666.8,0.004,0.0,0.0,ours_noinflate,0.98824
h=0.1/q0=0.4/p=1/r=1/sig=0/cf=1,A_core,0.1,0.4,1.0,1.0,0.0,1.0,1.0,wiki_A,autorpa_233k,breakeven,18735065677.041,1.743602,0.0,7.1,1302.6,1188.0,0.0,5456.6,931.1,0.002,0.0,0.0,ours_noinflate,0.98824
h=0.1/q0=0.4/p=1/r=1/sig=0/cf=1,A_core,0.1,0.4,1.0,1.0,0.0,1.0,1.0,wiki_A,autorpa_233k,breakeven_cap_epoch,18735065677.041,1.743602,0.0,7.1,1302.6,1188.0,0.0,5456.6,931.1,0.002,0.0,0.0,ours_noinflate,0.98824
h=0.1/q0=0.4/p=1/r=1/sig=0/cf=1,A_core,0.1,0.4,1.0,1.0,0.0,1.0,1.0,wiki_A,autorpa_233k,offline_taxblind,10549924212.592,0.981842,,,,,,,,,,,ours_noinflate,0.98824
h=0.1/q0=0.4/p=1/r=1/sig=0/cf=1,A_core,0.1,0.4,1.0,1.0,0.0,1.0,1.0,wiki_A,autorpa_233k,offline_opt_tax,10585816740.719,0.985182,,,,,,,,,,,ours_noinflate,0.98824
h=0.1/q0=0.4/p=1/r=1/sig=0/cf=1,A_core,0.1,0.4,1.0,1.0,0.0,1.0,1.0,wiki_A,native,always_reactive,19487424199.81,1.826249,0.0,0.0,0.0,0.0,0.0,0.0,0.0,0.001,0.0,0.0,ours_noinflate,0.965248
h=0.1/q0=0.4/p=1/r=1/sig=0/cf=1,A_core,0.1,0.4,1.0,1.0,0.0,1.0,1.0,wiki_A,native,always_compile_evict,11054918840.132,1.036003,10.9,43.5,6543.5,6261.7,0.0,28762.7,4933.7,0.01,0.0,0.0,ours_noinflate,0.965248
h=0.1/q0=0.4/p=1/r=1/sig=0/cf=1,A_core,0.1,0.4,1.0,1.0,0.0,1.0,1.0,wiki_A,native,ours_noinflate,10670736165.65,1.0,7.2,22.7,3796.9,3683.7,0.0,16926.8,2234.9,0.006,0.0,0.0,ours_noinflate,0.965248
h=0.1/q0=0.4/p=1/r=1/sig=0/cf=1,A_core,0.1,0.4,1.0,1.0,0.0,1.0,1.0,wiki_A,native,oracle_tax,14755403752.351,1.382792,18.0,19.1,1619.5,1601.5,0.0,7351.1,678.5,0.004,0.0,0.0,ours_noinflate,0.965248
h=0.1/q0=0.4/p=1/r=1/sig=0/cf=1,A_core,0.1,0.4,1.0,1.0,0.0,1.0,1.0,wiki_A,native,ours_spend_cap,10670736165.65,1.0,7.2,22.7,3796.9,3683.7,0.0,16926.8,2234.9,0.006,0.0,0.0,ours_noinflate,0.965248
h=0.1/q0=0.4/p=1/r=1/sig=0/cf=1,A_core,0.1,0.4,1.0,1.0,0.0,1.0,1.0,wiki_A,native,ours_cap_epoch,10670736165.65,1.0,7.2,22.7,3796.9,3683.7,0.0,16926.8,2234.9,0.006,0.0,0.0,ours_noinflate,0.965248
h=0.1/q0=0.4/p=1/r=1/sig=0/cf=1,A_core,0.1,0.4,1.0,1.0,0.0,1.0,1.0,wiki_A,native,ours_cap_realized,10670736165.65,1.0,7.2,22.7,3796.9,3683.7,0.0,16926.8,2234.9,0.006,0.0,0.0,ours_noinflate,0.965248
h=0.1/q0=0.4/p=1/r=1/sig=0/cf=1,A_core,0.1,0.4,1.0,1.0,0.0,1.0,1.0,wiki_A,native,ours_pi_prior,10706781678.525,1.003378,5.1,16.7,3694.5,3602.4,0.0,16542.5,2168.0,0.005,0.0,0.0,ours_noinflate,0.965248
h=0.1/q0=0.4/p=1/r=1/sig=0/cf=1,A_core,0.1,0.4,1.0,1.0,0.0,1.0,1.0,wiki_A,native,breakeven,18799054286.15,1.761739,0.2,8.1,1236.9,1121.6,0.0,5155.6,868.3,0.002,0.0,0.0,ours_noinflate,0.965248
h=0.1/q0=0.4/p=1/r=1/sig=0/cf=1,A_core,0.1,0.4,1.0,1.0,0.0,1.0,1.0,wiki_A,native,breakeven_cap_epoch,18799054286.15,1.761739,0.2,8.1,1236.9,1121.6,0.0,5155.6,868.3,0.002,0.0,0.0,ours_noinflate,0.965248
h=0.1/q0=0.4/p=1/r=1/sig=0/cf=1,A_core,0.1,0.4,1.0,1.0,0.0,1.0,1.0,wiki_A,native,offline_taxblind,10529108300.765,0.986727,,,,,,,,,,,ours_noinflate,0.965248
h=0.1/q0=0.4/p=1/r=1/sig=0/cf=1,A_core,0.1,0.4,1.0,1.0,0.0,1.0,1.0,wiki_A,native,offline_opt_tax,10562820061.283,0.989887,,,,,,,,,,,ours_noinflate,0.965248
h=0.1/q0=0.4/p=1/r=1/sig=0/cf=1,A_core,0.1,0.4,1.0,1.0,0.0,1.0,1.0,wiki_B,autorpa_233k,always_reactive,16977748066.619,1.128687,0.0,0.0,0.0,0.0,0.0,0.0,0.0,0.002,0.0,0.0,ours_noinflate,0.97161
h=0.1/q0=0.4/p=1/r=1/sig=0/cf=1,A_core,0.1,0.4,1.0,1.0,0.0,1.0,1.0,wiki_B,autorpa_233k,always_compile_evict,15481554184.387,1.029219,61.1,77.3,4356.6,2792.9,0.0,12922.1,3639.2,0.031,0.0,0.0,ours_noinflate,0.97161
h=0.1/q0=0.4/p=1/r=1/sig=0/cf=1,A_core,0.1,0.4,1.0,1.0,0.0,1.0,1.0,wiki_B,autorpa_233k,ours_noinflate,15042040124.998,1.0,26.0,35.8,1740.3,1182.3,0.0,5480.4,1122.5,0.015,0.0,0.0,ours_noinflate,0.97161
h=0.1/q0=0.4/p=1/r=1/sig=0/cf=1,A_core,0.1,0.4,1.0,1.0,0.0,1.0,1.0,wiki_B,autorpa_233k,oracle_tax,16418316597.334,1.091495,62.8,63.7,276.2,213.4,0.0,1008.2,129.2,0.007,0.0,0.0,ours_noinflate,0.97161
h=0.1/q0=0.4/p=1/r=1/sig=0/cf=1,A_core,0.1,0.4,1.0,1.0,0.0,1.0,1.0,wiki_B,autorpa_233k,ours_spend_cap,15042040124.998,1.0,26.0,35.8,1740.3,1182.3,0.0,5480.4,1122.5,0.015,0.0,0.0,ours_noinflate,0.97161
h=0.1/q0=0.4/p=1/r=1/sig=0/cf=1,A_core,0.1,0.4,1.0,1.0,0.0,1.0,1.0,wiki_B,autorpa_233k,ours_cap_epoch,15042040124.998,1.0,26.0,35.8,1740.3,1182.3,0.0,5480.4,1122.5,0.015,0.0,0.0,ours_noinflate,0.97161
h=0.1/q0=0.4/p=1/r=1/sig=0/cf=1,A_core,0.1,0.4,1.0,1.0,0.0,1.0,1.0,wiki_B,autorpa_233k,ours_cap_realized,15042040124.998,1.0,26.0,35.8,1740.3,1182.3,0.0,5480.4,1122.5,0.015,0.0,0.0,ours_noinflate,0.97161
h=0.1/q0=0.4/p=1/r=1/sig=0/cf=1,A_core,0.1,0.4,1.0,1.0,0.0,1.0,1.0,wiki_B,autorpa_233k,ours_pi_prior,15088736850.964,1.003104,15.9,29.5,1453.8,1007.5,0.0,4669.4,908.4,0.013,0.0,0.0,ours_noinflate,0.97161
h=0.1/q0=0.4/p=1/r=1/sig=0/cf=1,A_core,0.1,0.4,1.0,1.0,0.0,1.0,1.0,wiki_B,autorpa_233k,breakeven,16881270807.397,1.122273,3.9,11.6,770.7,238.9,0.0,1101.9,374.6,0.004,0.0,0.0,ours_noinflate,0.97161
h=0.1/q0=0.4/p=1/r=1/sig=0/cf=1,A_core,0.1,0.4,1.0,1.0,0.0,1.0,1.0,wiki_B,autorpa_233k,breakeven_cap_epoch,16881270807.397,1.122273,3.9,11.6,770.7,238.9,0.0,1101.9,374.6,0.004,0.0,0.0,ours_noinflate,0.97161
h=0.1/q0=0.4/p=1/r=1/sig=0/cf=1,A_core,0.1,0.4,1.0,1.0,0.0,1.0,1.0,wiki_B,autorpa_233k,offline_taxblind,13364486189.276,0.888476,,,,,,,,,,,ours_noinflate,0.97161
h=0.1/q0=0.4/p=1/r=1/sig=0/cf=1,A_core,0.1,0.4,1.0,1.0,0.0,1.0,1.0,wiki_B,autorpa_233k,offline_opt_tax,13490144698.086,0.896829,,,,,,,,,,,ours_noinflate,0.97161
h=0.1/q0=0.4/p=1/r=1/sig=0/cf=1,A_core,0.1,0.4,1.0,1.0,0.0,1.0,1.0,wiki_B,native,always_reactive,16977748066.619,1.130063,0.0,0.0,0.0,0.0,0.0,0.0,0.0,0.002,0.0,0.0,ours_noinflate,0.961813
h=0.1/q0=0.4/p=1/r=1/sig=0/cf=1,A_core,0.1,0.4,1.0,1.0,0.0,1.0,1.0,wiki_B,native,always_compile_evict,15620211446.044,1.039703,66.3,75.6,4356.6,2792.9,0.0,12922.1,3630.4,0.032,0.0,0.0,ours_noinflate,0.961813
h=0.1/q0=0.4/p=1/r=1/sig=0/cf=1,A_core,0.1,0.4,1.0,1.0,0.0,1.0,1.0,wiki_B,native,ours_noinflate,15023724429.012,1.0,34.6,41.7,2174.8,1535.7,0.0,7097.8,1522.7,0.018,0.0,0.0,ours_noinflate,0.961813
h=0.1/q0=0.4/p=1/r=1/sig=0/cf=1,A_core,0.1,0.4,1.0,1.0,0.0,1.0,1.0,wiki_B,native,oracle_tax,16421042690.398,1.093007,63.6,64.9,277.8,214.2,0.0,1012.6,128.3,0.007,0.0,0.0,ours_noinflate,0.961813
h=0.1/q0=0.4/p=1/r=1/sig=0/cf=1,A_core,0.1,0.4,1.0,1.0,0.0,1.0,1.0,wiki_B,native,ours_spend_cap,15023724429.012,1.0,34.6,41.7,2174.8,1535.7,0.0,7097.8,1522.7,0.018,0.0,0.0,ours_noinflate,0.961813
h=0.1/q0=0.4/p=1/r=1/sig=0/cf=1,A_core,0.1,0.4,1.0,1.0,0.0,1.0,1.0,wiki_B,native,ours_cap_epoch,15023724429.012,1.0,34.6,41.7,2174.8,1535.7,0.0,7097.8,1522.7,0.018,0.0,0.0,ours_noinflate,0.961813
h=0.1/q0=0.4/p=1/r=1/sig=0/cf=1,A_core,0.1,0.4,1.0,1.0,0.0,1.0,1.0,wiki_B,native,ours_cap_realized,15023724429.012,1.0,34.6,41.7,2174.8,1535.7,0.0,7097.8,1522.7,0.018,0.0,0.0,ours_noinflate,0.961813
h=0.1/q0=0.4/p=1/r=1/sig=0/cf=1,A_core,0.1,0.4,1.0,1.0,0.0,1.0,1.0,wiki_B,native,ours_pi_prior,15078037336.795,1.003615,23.0,34.4,1815.5,1292.7,0.0,5951.4,1249.9,0.014,0.0,0.0,ours_noinflate,0.961813
h=0.1/q0=0.4/p=1/r=1/sig=0/cf=1,A_core,0.1,0.4,1.0,1.0,0.0,1.0,1.0,wiki_B,native,breakeven,16887703446.335,1.124069,3.4,11.8,737.4,210.3,0.0,965.9,351.4,0.004,0.0,0.0,ours_noinflate,0.961813
h=0.1/q0=0.4/p=1/r=1/sig=0/cf=1,A_core,0.1,0.4,1.0,1.0,0.0,1.0,1.0,wiki_B,native,breakeven_cap_epoch,16887703446.335,1.124069,3.4,11.8,737.4,210.3,0.0,965.9,351.4,0.004,0.0,0.0,ours_noinflate,0.961813
h=0.1/q0=0.4/p=1/r=1/sig=0/cf=1,A_core,0.1,0.4,1.0,1.0,0.0,1.0,1.0,wiki_B,native,offline_taxblind,13392478899.0,0.891422,,,,,,,,,,,ours_noinflate,0.961813
h=0.1/q0=0.4/p=1/r=1/sig=0/cf=1,A_core,0.1,0.4,1.0,1.0,0.0,1.0,1.0,wiki_B,native,offline_opt_tax,13517262962.651,0.899728,,,,,,,,,,,ours_noinflate,0.961813
h=0.1/q0=0.4/p=1/r=2.2/sig=0/cf=1,C_rfb,0.1,0.4,1.0,2.2,0.0,1.0,1.0,bpi2019,autorpa_233k,always_reactive,28364744721.458,1.0,0.0,0.0,0.0,0.0,0.0,0.0,0.0,0.003,0.0,0.0,always_reactive,0.795289
h=0.1/q0=0.4/p=1/r=2.2/sig=0/cf=1,C_rfb,0.1,0.4,1.0,2.2,0.0,1.0,1.0,bpi2019,autorpa_233k,always_compile_evict,35665961838.434,1.257405,42.7,68.6,25411.7,23698.0,0.0,108947.3,25411.7,0.029,0.0,0.0,always_reactive,0.795289
h=0.1/q0=0.4/p=1/r=2.2/sig=0/cf=1,C_rfb,0.1,0.4,1.0,2.2,0.0,1.0,1.0,bpi2019,autorpa_233k,ours_noinflate,28364744721.458,1.0,0.0,0.0,0.0,0.0,0.0,0.0,0.0,0.003,0.0,0.0,always_reactive,0.795289
h=0.1/q0=0.4/p=1/r=2.2/sig=0/cf=1,C_rfb,0.1,0.4,1.0,2.2,0.0,1.0,1.0,bpi2019,autorpa_233k,oracle_tax,28364744721.458,1.0,0.0,0.0,0.0,0.0,0.0,0.0,0.0,0.003,0.0,0.0,always_reactive,0.795289
h=0.1/q0=0.4/p=1/r=2.2/sig=0/cf=1,C_rfb,0.1,0.4,1.0,2.2,0.0,1.0,1.0,bpi2019,autorpa_233k,ours_spend_cap,28364744721.458,1.0,0.0,0.0,0.0,0.0,0.0,0.0,0.0,0.003,0.0,0.0,always_reactive,0.795289
h=0.1/q0=0.4/p=1/r=2.2/sig=0/cf=1,C_rfb,0.1,0.4,1.0,2.2,0.0,1.0,1.0,bpi2019,autorpa_233k,ours_cap_epoch,28364744721.458,1.0,0.0,0.0,0.0,0.0,0.0,0.0,0.0,0.003,0.0,0.0,always_reactive,0.795289
h=0.1/q0=0.4/p=1/r=2.2/sig=0/cf=1,C_rfb,0.1,0.4,1.0,2.2,0.0,1.0,1.0,bpi2019,autorpa_233k,ours_cap_realized,28364744721.458,1.0,0.0,0.0,0.0,0.0,0.0,0.0,0.0,0.003,0.0,0.0,always_reactive,0.795289
h=0.1/q0=0.4/p=1/r=2.2/sig=0/cf=1,C_rfb,0.1,0.4,1.0,2.2,0.0,1.0,1.0,bpi2019,autorpa_233k,ours_pi_prior,28364744721.458,1.0,0.0,0.0,0.0,0.0,0.0,0.0,0.0,0.003,0.0,0.0,always_reactive,0.795289
h=0.1/q0=0.4/p=1/r=2.2/sig=0/cf=1,C_rfb,0.1,0.4,1.0,2.2,0.0,1.0,1.0,bpi2019,autorpa_233k,breakeven,28364744721.458,1.0,0.0,0.0,0.0,0.0,0.0,0.0,0.0,0.003,0.0,0.0,always_reactive,0.795289
h=0.1/q0=0.4/p=1/r=2.2/sig=0/cf=1,C_rfb,0.1,0.4,1.0,2.2,0.0,1.0,1.0,bpi2019,autorpa_233k,breakeven_cap_epoch,28364744721.458,1.0,0.0,0.0,0.0,0.0,0.0,0.0,0.0,0.003,0.0,0.0,always_reactive,0.795289
h=0.1/q0=0.4/p=1/r=2.2/sig=0/cf=1,C_rfb,0.1,0.4,1.0,2.2,0.0,1.0,1.0,bpi2019,autorpa_233k,offline_taxblind,28364744721.522,1.0,,,,,,,,,,,always_reactive,0.795289
h=0.1/q0=0.4/p=1/r=2.2/sig=0/cf=1,C_rfb,0.1,0.4,1.0,2.2,0.0,1.0,1.0,bpi2019,autorpa_233k,offline_opt_tax,28364744721.522,1.0,,,,,,,,,,,always_reactive,0.795289
h=0.1/q0=0.4/p=1/r=2.2/sig=0/cf=1,C_rfb,0.1,0.4,1.0,2.2,0.0,1.0,1.0,bpi2019,native,always_reactive,28364744721.458,1.0,0.0,0.0,0.0,0.0,0.0,0.0,0.0,0.003,0.0,0.0,always_reactive,0.75686
h=0.1/q0=0.4/p=1/r=2.2/sig=0/cf=1,C_rfb,0.1,0.4,1.0,2.2,0.0,1.0,1.0,bpi2019,native,always_compile_evict,37476856760.799,1.321248,43.1,71.5,25411.7,23698.0,0.0,108947.3,25411.7,0.029,0.0,0.0,always_reactive,0.75686
h=0.1/q0=0.4/p=1/r=2.2/sig=0/cf=1,C_rfb,0.1,0.4,1.0,2.2,0.0,1.0,1.0,bpi2019,native,ours_noinflate,28364744721.458,1.0,0.0,0.0,0.0,0.0,0.0,0.0,0.0,0.003,0.0,0.0,always_reactive,0.75686
h=0.1/q0=0.4/p=1/r=2.2/sig=0/cf=1,C_rfb,0.1,0.4,1.0,2.2,0.0,1.0,1.0,bpi2019,native,oracle_tax,28364744721.458,1.0,0.0,0.0,0.0,0.0,0.0,0.0,0.0,0.003,0.0,0.0,always_reactive,0.75686
h=0.1/q0=0.4/p=1/r=2.2/sig=0/cf=1,C_rfb,0.1,0.4,1.0,2.2,0.0,1.0,1.0,bpi2019,native,ours_spend_cap,28364744721.458,1.0,0.0,0.0,0.0,0.0,0.0,0.0,0.0,0.003,0.0,0.0,always_reactive,0.75686
h=0.1/q0=0.4/p=1/r=2.2/sig=0/cf=1,C_rfb,0.1,0.4,1.0,2.2,0.0,1.0,1.0,bpi2019,native,ours_cap_epoch,28364744721.458,1.0,0.0,0.0,0.0,0.0,0.0,0.0,0.0,0.003,0.0,0.0,always_reactive,0.75686
h=0.1/q0=0.4/p=1/r=2.2/sig=0/cf=1,C_rfb,0.1,0.4,1.0,2.2,0.0,1.0,1.0,bpi2019,native,ours_cap_realized,28364744721.458,1.0,0.0,0.0,0.0,0.0,0.0,0.0,0.0,0.003,0.0,0.0,always_reactive,0.75686
h=0.1/q0=0.4/p=1/r=2.2/sig=0/cf=1,C_rfb,0.1,0.4,1.0,2.2,0.0,1.0,1.0,bpi2019,native,ours_pi_prior,28364744721.458,1.0,0.0,0.0,0.0,0.0,0.0,0.0,0.0,0.003,0.0,0.0,always_reactive,0.75686
h=0.1/q0=0.4/p=1/r=2.2/sig=0/cf=1,C_rfb,0.1,0.4,1.0,2.2,0.0,1.0,1.0,bpi2019,native,breakeven,28364744721.458,1.0,0.0,0.0,0.0,0.0,0.0,0.0,0.0,0.003,0.0,0.0,always_reactive,0.75686
h=0.1/q0=0.4/p=1/r=2.2/sig=0/cf=1,C_rfb,0.1,0.4,1.0,2.2,0.0,1.0,1.0,bpi2019,native,breakeven_cap_epoch,28364744721.458,1.0,0.0,0.0,0.0,0.0,0.0,0.0,0.0,0.003,0.0,0.0,always_reactive,0.75686
h=0.1/q0=0.4/p=1/r=2.2/sig=0/cf=1,C_rfb,0.1,0.4,1.0,2.2,0.0,1.0,1.0,bpi2019,native,offline_taxblind,28364744721.522,1.0,,,,,,,,,,,always_reactive,0.75686
h=0.1/q0=0.4/p=1/r=2.2/sig=0/cf=1,C_rfb,0.1,0.4,1.0,2.2,0.0,1.0,1.0,bpi2019,native,offline_opt_tax,28364744721.522,1.0,,,,,,,,,,,always_reactive,0.75686
h=0.1/q0=0.4/p=1/r=2.2/sig=0/cf=1,C_rfb,0.1,0.4,1.0,2.2,0.0,1.0,1.0,sepsis,autorpa_233k,always_reactive,187135368.565,1.0,0.0,0.0,0.0,0.0,0.0,0.0,0.0,0.002,0.0,0.0,always_reactive,0.948052
h=0.1/q0=0.4/p=1/r=2.2/sig=0/cf=1,C_rfb,0.1,0.4,1.0,2.2,0.0,1.0,1.0,sepsis,autorpa_233k,always_compile_evict,197389247.045,1.054794,17.9,18.8,38.9,14.1,0.0,65.4,38.9,0.007,0.0,0.0,always_reactive,0.948052
h=0.1/q0=0.4/p=1/r=2.2/sig=0/cf=1,C_rfb,0.1,0.4,1.0,2.2,0.0,1.0,1.0,sepsis,autorpa_233k,ours_noinflate,187135368.565,1.0,0.0,0.0,0.0,0.0,0.0,0.0,0.0,0.002,0.0,0.0,always_reactive,0.948052
h=0.1/q0=0.4/p=1/r=2.2/sig=0/cf=1,C_rfb,0.1,0.4,1.0,2.2,0.0,1.0,1.0,sepsis,autorpa_233k,oracle_tax,187135368.565,1.0,0.0,0.0,0.0,0.0,0.0,0.0,0.0,0.002,0.0,0.0,always_reactive,0.948052
h=0.1/q0=0.4/p=1/r=2.2/sig=0/cf=1,C_rfb,0.1,0.4,1.0,2.2,0.0,1.0,1.0,sepsis,autorpa_233k,ours_spend_cap,187135368.565,1.0,0.0,0.0,0.0,0.0,0.0,0.0,0.0,0.002,0.0,0.0,always_reactive,0.948052
h=0.1/q0=0.4/p=1/r=2.2/sig=0/cf=1,C_rfb,0.1,0.4,1.0,2.2,0.0,1.0,1.0,sepsis,autorpa_233k,ours_cap_epoch,187135368.565,1.0,0.0,0.0,0.0,0.0,0.0,0.0,0.0,0.002,0.0,0.0,always_reactive,0.948052
h=0.1/q0=0.4/p=1/r=2.2/sig=0/cf=1,C_rfb,0.1,0.4,1.0,2.2,0.0,1.0,1.0,sepsis,autorpa_233k,ours_cap_realized,187135368.565,1.0,0.0,0.0,0.0,0.0,0.0,0.0,0.0,0.002,0.0,0.0,always_reactive,0.948052
h=0.1/q0=0.4/p=1/r=2.2/sig=0/cf=1,C_rfb,0.1,0.4,1.0,2.2,0.0,1.0,1.0,sepsis,autorpa_233k,ours_pi_prior,187135368.565,1.0,0.0,0.0,0.0,0.0,0.0,0.0,0.0,0.002,0.0,0.0,always_reactive,0.948052
h=0.1/q0=0.4/p=1/r=2.2/sig=0/cf=1,C_rfb,0.1,0.4,1.0,2.2,0.0,1.0,1.0,sepsis,autorpa_233k,breakeven,187135368.565,1.0,0.0,0.0,0.0,0.0,0.0,0.0,0.0,0.002,0.0,0.0,always_reactive,0.948052
h=0.1/q0=0.4/p=1/r=2.2/sig=0/cf=1,C_rfb,0.1,0.4,1.0,2.2,0.0,1.0,1.0,sepsis,autorpa_233k,breakeven_cap_epoch,187135368.565,1.0,0.0,0.0,0.0,0.0,0.0,0.0,0.0,0.002,0.0,0.0,always_reactive,0.948052
h=0.1/q0=0.4/p=1/r=2.2/sig=0/cf=1,C_rfb,0.1,0.4,1.0,2.2,0.0,1.0,1.0,sepsis,autorpa_233k,offline_taxblind,187135368.565,1.0,,,,,,,,,,,always_reactive,0.948052
h=0.1/q0=0.4/p=1/r=2.2/sig=0/cf=1,C_rfb,0.1,0.4,1.0,2.2,0.0,1.0,1.0,sepsis,autorpa_233k,offline_opt_tax,187135368.565,1.0,,,,,,,,,,,always_reactive,0.948052
h=0.1/q0=0.4/p=1/r=2.2/sig=0/cf=1,C_rfb,0.1,0.4,1.0,2.2,0.0,1.0,1.0,sepsis,native,always_reactive,187135368.565,1.0,0.0,0.0,0.0,0.0,0.0,0.0,0.0,0.002,0.0,0.0,always_reactive,0.944128
h=0.1/q0=0.4/p=1/r=2.2/sig=0/cf=1,C_rfb,0.1,0.4,1.0,2.2,0.0,1.0,1.0,sepsis,native,always_compile_evict,198209708.097,1.059178,18.7,19.1,38.9,14.1,0.0,65.4,38.9,0.006,0.0,0.0,always_reactive,0.944128
h=0.1/q0=0.4/p=1/r=2.2/sig=0/cf=1,C_rfb,0.1,0.4,1.0,2.2,0.0,1.0,1.0,sepsis,native,ours_noinflate,187135368.565,1.0,0.0,0.0,0.0,0.0,0.0,0.0,0.0,0.002,0.0,0.0,always_reactive,0.944128
h=0.1/q0=0.4/p=1/r=2.2/sig=0/cf=1,C_rfb,0.1,0.4,1.0,2.2,0.0,1.0,1.0,sepsis,native,oracle_tax,187135368.565,1.0,0.0,0.0,0.0,0.0,0.0,0.0,0.0,0.002,0.0,0.0,always_reactive,0.944128
h=0.1/q0=0.4/p=1/r=2.2/sig=0/cf=1,C_rfb,0.1,0.4,1.0,2.2,0.0,1.0,1.0,sepsis,native,ours_spend_cap,187135368.565,1.0,0.0,0.0,0.0,0.0,0.0,0.0,0.0,0.002,0.0,0.0,always_reactive,0.944128
h=0.1/q0=0.4/p=1/r=2.2/sig=0/cf=1,C_rfb,0.1,0.4,1.0,2.2,0.0,1.0,1.0,sepsis,native,ours_cap_epoch,187135368.565,1.0,0.0,0.0,0.0,0.0,0.0,0.0,0.0,0.002,0.0,0.0,always_reactive,0.944128
h=0.1/q0=0.4/p=1/r=2.2/sig=0/cf=1,C_rfb,0.1,0.4,1.0,2.2,0.0,1.0,1.0,sepsis,native,ours_cap_realized,187135368.565,1.0,0.0,0.0,0.0,0.0,0.0,0.0,0.0,0.002,0.0,0.0,always_reactive,0.944128
h=0.1/q0=0.4/p=1/r=2.2/sig=0/cf=1,C_rfb,0.1,0.4,1.0,2.2,0.0,1.0,1.0,sepsis,native,ours_pi_prior,187135368.565,1.0,0.0,0.0,0.0,0.0,0.0,0.0,0.0,0.002,0.0,0.0,always_reactive,0.944128
h=0.1/q0=0.4/p=1/r=2.2/sig=0/cf=1,C_rfb,0.1,0.4,1.0,2.2,0.0,1.0,1.0,sepsis,native,breakeven,187135368.565,1.0,0.0,0.0,0.0,0.0,0.0,0.0,0.0,0.002,0.0,0.0,always_reactive,0.944128
h=0.1/q0=0.4/p=1/r=2.2/sig=0/cf=1,C_rfb,0.1,0.4,1.0,2.2,0.0,1.0,1.0,sepsis,native,breakeven_cap_epoch,187135368.565,1.0,0.0,0.0,0.0,0.0,0.0,0.0,0.0,0.002,0.0,0.0,always_reactive,0.944128
h=0.1/q0=0.4/p=1/r=2.2/sig=0/cf=1,C_rfb,0.1,0.4,1.0,2.2,0.0,1.0,1.0,sepsis,native,offline_taxblind,187135368.565,1.0,,,,,,,,,,,always_reactive,0.944128
h=0.1/q0=0.4/p=1/r=2.2/sig=0/cf=1,C_rfb,0.1,0.4,1.0,2.2,0.0,1.0,1.0,sepsis,native,offline_opt_tax,187135368.565,1.0,,,,,,,,,,,always_reactive,0.944128
h=0.1/q0=0.4/p=1/r=2.2/sig=0/cf=1,C_rfb,0.1,0.4,1.0,2.2,0.0,1.0,1.0,wiki_A,autorpa_233k,always_reactive,19487424199.81,1.0,0.0,0.0,0.0,0.0,0.0,0.0,0.0,0.001,0.0,0.0,always_reactive,0.91274
h=0.1/q0=0.4/p=1/r=2.2/sig=0/cf=1,C_rfb,0.1,0.4,1.0,2.2,0.0,1.0,1.0,wiki_A,autorpa_233k,always_compile_evict,21350473773.271,1.095603,9.1,41.8,6543.5,6261.7,0.0,28762.7,6543.5,0.005,0.0,0.0,always_reactive,0.91274
h=0.1/q0=0.4/p=1/r=2.2/sig=0/cf=1,C_rfb,0.1,0.4,1.0,2.2,0.0,1.0,1.0,wiki_A,autorpa_233k,ours_noinflate,19487424199.81,1.0,0.0,0.0,0.0,0.0,0.0,0.0,0.0,0.001,0.0,0.0,always_reactive,0.91274
h=0.1/q0=0.4/p=1/r=2.2/sig=0/cf=1,C_rfb,0.1,0.4,1.0,2.2,0.0,1.0,1.0,wiki_A,autorpa_233k,oracle_tax,19487424199.81,1.0,0.0,0.0,0.0,0.0,0.0,0.0,0.0,0.001,0.0,0.0,always_reactive,0.91274
h=0.1/q0=0.4/p=1/r=2.2/sig=0/cf=1,C_rfb,0.1,0.4,1.0,2.2,0.0,1.0,1.0,wiki_A,autorpa_233k,ours_spend_cap,19487424199.81,1.0,0.0,0.0,0.0,0.0,0.0,0.0,0.0,0.001,0.0,0.0,always_reactive,0.91274
h=0.1/q0=0.4/p=1/r=2.2/sig=0/cf=1,C_rfb,0.1,0.4,1.0,2.2,0.0,1.0,1.0,wiki_A,autorpa_233k,ours_cap_epoch,19487424199.81,1.0,0.0,0.0,0.0,0.0,0.0,0.0,0.0,0.001,0.0,0.0,always_reactive,0.91274
h=0.1/q0=0.4/p=1/r=2.2/sig=0/cf=1,C_rfb,0.1,0.4,1.0,2.2,0.0,1.0,1.0,wiki_A,autorpa_233k,ours_cap_realized,19487424199.81,1.0,0.0,0.0,0.0,0.0,0.0,0.0,0.0,0.001,0.0,0.0,always_reactive,0.91274
h=0.1/q0=0.4/p=1/r=2.2/sig=0/cf=1,C_rfb,0.1,0.4,1.0,2.2,0.0,1.0,1.0,wiki_A,autorpa_233k,ours_pi_prior,19487424199.81,1.0,0.0,0.0,0.0,0.0,0.0,0.0,0.0,0.001,0.0,0.0,always_reactive,0.91274
h=0.1/q0=0.4/p=1/r=2.2/sig=0/cf=1,C_rfb,0.1,0.4,1.0,2.2,0.0,1.0,1.0,wiki_A,autorpa_233k,breakeven,19487424199.81,1.0,0.0,0.0,0.0,0.0,0.0,0.0,0.0,0.001,0.0,0.0,always_reactive,0.91274
h=0.1/q0=0.4/p=1/r=2.2/sig=0/cf=1,C_rfb,0.1,0.4,1.0,2.2,0.0,1.0,1.0,wiki_A,autorpa_233k,breakeven_cap_epoch,19487424199.81,1.0,0.0,0.0,0.0,0.0,0.0,0.0,0.0,0.001,0.0,0.0,always_reactive,0.91274
h=0.1/q0=0.4/p=1/r=2.2/sig=0/cf=1,C_rfb,0.1,0.4,1.0,2.2,0.0,1.0,1.0,wiki_A,autorpa_233k,offline_taxblind,19487424199.821,1.0,,,,,,,,,,,always_reactive,0.91274
h=0.1/q0=0.4/p=1/r=2.2/sig=0/cf=1,C_rfb,0.1,0.4,1.0,2.2,0.0,1.0,1.0,wiki_A,autorpa_233k,offline_opt_tax,19487424199.821,1.0,,,,,,,,,,,always_reactive,0.91274
h=0.1/q0=0.4/p=1/r=2.2/sig=0/cf=1,C_rfb,0.1,0.4,1.0,2.2,0.0,1.0,1.0,wiki_A,native,always_reactive,19487424199.81,1.0,0.0,0.0,0.0,0.0,0.0,0.0,0.0,0.001,0.0,0.0,always_reactive,0.905024
h=0.1/q0=0.4/p=1/r=2.2/sig=0/cf=1,C_rfb,0.1,0.4,1.0,2.2,0.0,1.0,1.0,wiki_A,native,always_compile_evict,21532488130.007,1.104943,10.9,43.5,6543.5,6261.7,0.0,28762.7,6543.5,0.005,0.0,0.0,always_reactive,0.905024
h=0.1/q0=0.4/p=1/r=2.2/sig=0/cf=1,C_rfb,0.1,0.4,1.0,2.2,0.0,1.0,1.0,wiki_A,native,ours_noinflate,19487424199.81,1.0,0.0,0.0,0.0,0.0,0.0,0.0,0.0,0.001,0.0,0.0,always_reactive,0.905024
h=0.1/q0=0.4/p=1/r=2.2/sig=0/cf=1,C_rfb,0.1,0.4,1.0,2.2,0.0,1.0,1.0,wiki_A,native,oracle_tax,19487424199.81,1.0,0.0,0.0,0.0,0.0,0.0,0.0,0.0,0.001,0.0,0.0,always_reactive,0.905024
h=0.1/q0=0.4/p=1/r=2.2/sig=0/cf=1,C_rfb,0.1,0.4,1.0,2.2,0.0,1.0,1.0,wiki_A,native,ours_spend_cap,19487424199.81,1.0,0.0,0.0,0.0,0.0,0.0,0.0,0.0,0.001,0.0,0.0,always_reactive,0.905024
h=0.1/q0=0.4/p=1/r=2.2/sig=0/cf=1,C_rfb,0.1,0.4,1.0,2.2,0.0,1.0,1.0,wiki_A,native,ours_cap_epoch,19487424199.81,1.0,0.0,0.0,0.0,0.0,0.0,0.0,0.0,0.001,0.0,0.0,always_reactive,0.905024
h=0.1/q0=0.4/p=1/r=2.2/sig=0/cf=1,C_rfb,0.1,0.4,1.0,2.2,0.0,1.0,1.0,wiki_A,native,ours_cap_realized,19487424199.81,1.0,0.0,0.0,0.0,0.0,0.0,0.0,0.0,0.001,0.0,0.0,always_reactive,0.905024
h=0.1/q0=0.4/p=1/r=2.2/sig=0/cf=1,C_rfb,0.1,0.4,1.0,2.2,0.0,1.0,1.0,wiki_A,native,ours_pi_prior,19487424199.81,1.0,0.0,0.0,0.0,0.0,0.0,0.0,0.0,0.001,0.0,0.0,always_reactive,0.905024
h=0.1/q0=0.4/p=1/r=2.2/sig=0/cf=1,C_rfb,0.1,0.4,1.0,2.2,0.0,1.0,1.0,wiki_A,native,breakeven,19487424199.81,1.0,0.0,0.0,0.0,0.0,0.0,0.0,0.0,0.001,0.0,0.0,always_reactive,0.905024
h=0.1/q0=0.4/p=1/r=2.2/sig=0/cf=1,C_rfb,0.1,0.4,1.0,2.2,0.0,1.0,1.0,wiki_A,native,breakeven_cap_epoch,19487424199.81,1.0,0.0,0.0,0.0,0.0,0.0,0.0,0.0,0.001,0.0,0.0,always_reactive,0.905024
h=0.1/q0=0.4/p=1/r=2.2/sig=0/cf=1,C_rfb,0.1,0.4,1.0,2.2,0.0,1.0,1.0,wiki_A,native,offline_taxblind,19487424199.821,1.0,,,,,,,,,,,always_reactive,0.905024
h=0.1/q0=0.4/p=1/r=2.2/sig=0/cf=1,C_rfb,0.1,0.4,1.0,2.2,0.0,1.0,1.0,wiki_A,native,offline_opt_tax,19487424199.821,1.0,,,,,,,,,,,always_reactive,0.905024
h=0.1/q0=0.4/p=1/r=2.2/sig=0/cf=1,C_rfb,0.1,0.4,1.0,2.2,0.0,1.0,1.0,wiki_B,autorpa_233k,always_reactive,16977748066.619,1.0,0.0,0.0,0.0,0.0,0.0,0.0,0.0,0.002,0.0,0.0,always_reactive,0.917211
h=0.1/q0=0.4/p=1/r=2.2/sig=0/cf=1,C_rfb,0.1,0.4,1.0,2.2,0.0,1.0,1.0,wiki_B,autorpa_233k,always_compile_evict,18510178051.31,1.090261,61.1,77.3,4356.6,2792.9,0.0,12922.1,4356.6,0.026,0.0,0.0,always_reactive,0.917211
h=0.1/q0=0.4/p=1/r=2.2/sig=0/cf=1,C_rfb,0.1,0.4,1.0,2.2,0.0,1.0,1.0,wiki_B,autorpa_233k,ours_noinflate,16977748066.619,1.0,0.0,0.0,0.0,0.0,0.0,0.0,0.0,0.002,0.0,0.0,always_reactive,0.917211
h=0.1/q0=0.4/p=1/r=2.2/sig=0/cf=1,C_rfb,0.1,0.4,1.0,2.2,0.0,1.0,1.0,wiki_B,autorpa_233k,oracle_tax,16977748066.619,1.0,0.0,0.0,0.0,0.0,0.0,0.0,0.0,0.002,0.0,0.0,always_reactive,0.917211
h=0.1/q0=0.4/p=1/r=2.2/sig=0/cf=1,C_rfb,0.1,0.4,1.0,2.2,0.0,1.0,1.0,wiki_B,autorpa_233k,ours_spend_cap,16977748066.619,1.0,0.0,0.0,0.0,0.0,0.0,0.0,0.0,0.002,0.0,0.0,always_reactive,0.917211
h=0.1/q0=0.4/p=1/r=2.2/sig=0/cf=1,C_rfb,0.1,0.4,1.0,2.2,0.0,1.0,1.0,wiki_B,autorpa_233k,ours_cap_epoch,16977748066.619,1.0,0.0,0.0,0.0,0.0,0.0,0.0,0.0,0.002,0.0,0.0,always_reactive,0.917211
h=0.1/q0=0.4/p=1/r=2.2/sig=0/cf=1,C_rfb,0.1,0.4,1.0,2.2,0.0,1.0,1.0,wiki_B,autorpa_233k,ours_cap_realized,16977748066.619,1.0,0.0,0.0,0.0,0.0,0.0,0.0,0.0,0.002,0.0,0.0,always_reactive,0.917211
h=0.1/q0=0.4/p=1/r=2.2/sig=0/cf=1,C_rfb,0.1,0.4,1.0,2.2,0.0,1.0,1.0,wiki_B,autorpa_233k,ours_pi_prior,16977748066.619,1.0,0.0,0.0,0.0,0.0,0.0,0.0,0.0,0.002,0.0,0.0,always_reactive,0.917211
h=0.1/q0=0.4/p=1/r=2.2/sig=0/cf=1,C_rfb,0.1,0.4,1.0,2.2,0.0,1.0,1.0,wiki_B,autorpa_233k,breakeven,16977748066.619,1.0,0.0,0.0,0.0,0.0,0.0,0.0,0.0,0.002,0.0,0.0,always_reactive,0.917211
h=0.1/q0=0.4/p=1/r=2.2/sig=0/cf=1,C_rfb,0.1,0.4,1.0,2.2,0.0,1.0,1.0,wiki_B,autorpa_233k,breakeven_cap_epoch,16977748066.619,1.0,0.0,0.0,0.0,0.0,0.0,0.0,0.0,0.002,0.0,0.0,always_reactive,0.917211
h=0.1/q0=0.4/p=1/r=2.2/sig=0/cf=1,C_rfb,0.1,0.4,1.0,2.2,0.0,1.0,1.0,wiki_B,autorpa_233k,offline_taxblind,16977748066.618,1.0,,,,,,,,,,,always_reactive,0.917211
h=0.1/q0=0.4/p=1/r=2.2/sig=0/cf=1,C_rfb,0.1,0.4,1.0,2.2,0.0,1.0,1.0,wiki_B,autorpa_233k,offline_opt_tax,16977748066.618,1.0,,,,,,,,,,,always_reactive,0.917211
h=0.1/q0=0.4/p=1/r=2.2/sig=0/cf=1,C_rfb,0.1,0.4,1.0,2.2,0.0,1.0,1.0,wiki_B,native,always_reactive,16977748066.619,1.0,0.0,0.0,0.0,0.0,0.0,0.0,0.0,0.002,0.0,0.0,always_reactive,0.910392
h=0.1/q0=0.4/p=1/r=2.2/sig=0/cf=1,C_rfb,0.1,0.4,1.0,2.2,0.0,1.0,1.0,wiki_B,native,always_compile_evict,18648835312.968,1.098428,66.3,75.6,4356.6,2792.9,0.0,12922.1,4356.6,0.027,0.0,0.0,always_reactive,0.910392
h=0.1/q0=0.4/p=1/r=2.2/sig=0/cf=1,C_rfb,0.1,0.4,1.0,2.2,0.0,1.0,1.0,wiki_B,native,ours_noinflate,16977748066.619,1.0,0.0,0.0,0.0,0.0,0.0,0.0,0.0,0.002,0.0,0.0,always_reactive,0.910392
h=0.1/q0=0.4/p=1/r=2.2/sig=0/cf=1,C_rfb,0.1,0.4,1.0,2.2,0.0,1.0,1.0,wiki_B,native,oracle_tax,16977748066.619,1.0,0.0,0.0,0.0,0.0,0.0,0.0,0.0,0.002,0.0,0.0,always_reactive,0.910392
h=0.1/q0=0.4/p=1/r=2.2/sig=0/cf=1,C_rfb,0.1,0.4,1.0,2.2,0.0,1.0,1.0,wiki_B,native,ours_spend_cap,16977748066.619,1.0,0.0,0.0,0.0,0.0,0.0,0.0,0.0,0.002,0.0,0.0,always_reactive,0.910392
h=0.1/q0=0.4/p=1/r=2.2/sig=0/cf=1,C_rfb,0.1,0.4,1.0,2.2,0.0,1.0,1.0,wiki_B,native,ours_cap_epoch,16977748066.619,1.0,0.0,0.0,0.0,0.0,0.0,0.0,0.0,0.002,0.0,0.0,always_reactive,0.910392
h=0.1/q0=0.4/p=1/r=2.2/sig=0/cf=1,C_rfb,0.1,0.4,1.0,2.2,0.0,1.0,1.0,wiki_B,native,ours_cap_realized,16977748066.619,1.0,0.0,0.0,0.0,0.0,0.0,0.0,0.0,0.002,0.0,0.0,always_reactive,0.910392
h=0.1/q0=0.4/p=1/r=2.2/sig=0/cf=1,C_rfb,0.1,0.4,1.0,2.2,0.0,1.0,1.0,wiki_B,native,ours_pi_prior,16977748066.619,1.0,0.0,0.0,0.0,0.0,0.0,0.0,0.0,0.002,0.0,0.0,always_reactive,0.910392
h=0.1/q0=0.4/p=1/r=2.2/sig=0/cf=1,C_rfb,0.1,0.4,1.0,2.2,0.0,1.0,1.0,wiki_B,native,breakeven,16977748066.619,1.0,0.0,0.0,0.0,0.0,0.0,0.0,0.0,0.002,0.0,0.0,always_reactive,0.910392
h=0.1/q0=0.4/p=1/r=2.2/sig=0/cf=1,C_rfb,0.1,0.4,1.0,2.2,0.0,1.0,1.0,wiki_B,native,breakeven_cap_epoch,16977748066.619,1.0,0.0,0.0,0.0,0.0,0.0,0.0,0.0,0.002,0.0,0.0,always_reactive,0.910392
h=0.1/q0=0.4/p=1/r=2.2/sig=0/cf=1,C_rfb,0.1,0.4,1.0,2.2,0.0,1.0,1.0,wiki_B,native,offline_taxblind,16977748066.618,1.0,,,,,,,,,,,always_reactive,0.910392
h=0.1/q0=0.4/p=1/r=2.2/sig=0/cf=1,C_rfb,0.1,0.4,1.0,2.2,0.0,1.0,1.0,wiki_B,native,offline_opt_tax,16977748066.618,1.0,,,,,,,,,,,always_reactive,0.910392
h=0.1/q0=0.6/p=0.3/r=1/sig=0/cf=10.5094,B_q0,0.1,0.6,0.3,1.0,0.0,1.0,10.509389227369171,bpi2019,autorpa_233k,always_reactive,28364744721.458,1.0,0.0,0.0,0.0,0.0,0.0,0.0,0.0,0.003,0.0,0.0,always_reactive,0.199718
h=0.1/q0=0.6/p=0.3/r=1/sig=0/cf=10.5094,B_q0,0.1,0.6,0.3,1.0,0.0,1.0,10.509389227369171,bpi2019,autorpa_233k,always_compile_evict,142023643532.63,5.007048,66.2,110.5,66825.7,18987.1,0.0,121672.6,66560.5,0.013,46789.2,114572138063.872,always_reactive,0.199718
h=0.1/q0=0.6/p=0.3/r=1/sig=0/cf=10.5094,B_q0,0.1,0.6,0.3,1.0,0.0,1.0,10.509389227369171,bpi2019,autorpa_233k,ours_noinflate,28364744721.458,1.0,0.0,0.0,0.0,0.0,0.0,0.0,0.0,0.003,0.0,0.0,always_reactive,0.199718
h=0.1/q0=0.6/p=0.3/r=1/sig=0/cf=10.5094,B_q0,0.1,0.6,0.3,1.0,0.0,1.0,10.509389227369171,bpi2019,autorpa_233k,oracle_tax,28655398980.677,1.010247,5.6,9.2,219.1,55.6,0.0,346.4,180.5,0.004,157.9,386647786.247,always_reactive,0.199718
h=0.1/q0=0.6/p=0.3/r=1/sig=0/cf=10.5094,B_q0,0.1,0.6,0.3,1.0,0.0,1.0,10.509389227369171,bpi2019,autorpa_233k,ours_spend_cap,28364744721.458,1.0,0.0,0.0,0.0,0.0,0.0,0.0,0.0,0.003,0.0,0.0,always_reactive,0.199718
h=0.1/q0=0.6/p=0.3/r=1/sig=0/cf=10.5094,B_q0,0.1,0.6,0.3,1.0,0.0,1.0,10.509389227369171,bpi2019,autorpa_233k,ours_cap_epoch,28364744721.458,1.0,0.0,0.0,0.0,0.0,0.0,0.0,0.0,0.003,0.0,0.0,always_reactive,0.199718
h=0.1/q0=0.6/p=0.3/r=1/sig=0/cf=10.5094,B_q0,0.1,0.6,0.3,1.0,0.0,1.0,10.509389227369171,bpi2019,autorpa_233k,ours_cap_realized,28364744721.458,1.0,0.0,0.0,0.0,0.0,0.0,0.0,0.0,0.003,0.0,0.0,always_reactive,0.199718
h=0.1/q0=0.6/p=0.3/r=1/sig=0/cf=10.5094,B_q0,0.1,0.6,0.3,1.0,0.0,1.0,10.509389227369171,bpi2019,autorpa_233k,ours_pi_prior,28517701780.924,1.005393,0.1,4.5,102.6,18.8,0.0,120.6,86.3,0.004,71.1,174101694.757,always_reactive,0.199718
h=0.1/q0=0.6/p=0.3/r=1/sig=0/cf=10.5094,B_q0,0.1,0.6,0.3,1.0,0.0,1.0,10.509389227369171,bpi2019,autorpa_233k,breakeven,31933680009.56,1.125823,2.7,10.2,2060.3,263.1,0.0,1686.2,1932.9,0.005,1453.6,3559412426.151,always_reactive,0.199718
h=0.1/q0=0.6/p=0.3/r=1/sig=0/cf=10.5094,B_q0,0.1,0.6,0.3,1.0,0.0,1.0,10.509389227369171,bpi2019,autorpa_233k,breakeven_cap_epoch,29384565134.065,1.035954,0.9,5.6,590.6,55.8,0.0,375.6,555.4,0.004,412.7,1010573409.654,always_reactive,0.199718
h=0.1/q0=0.6/p=0.3/r=1/sig=0/cf=10.5094,B_q0,0.1,0.6,0.3,1.0,0.0,1.0,10.509389227369171,bpi2019,autorpa_233k,offline_taxblind,26473573999.121,0.933327,,,,,,,,,,,always_reactive,0.199718
h=0.1/q0=0.6/p=0.3/r=1/sig=0/cf=10.5094,B_q0,0.1,0.6,0.3,1.0,0.0,1.0,10.509389227369171,bpi2019,autorpa_233k,offline_opt_tax,26678331398.759,0.940545,,,,,,,,,,,always_reactive,0.199718
h=0.1/q0=0.6/p=0.3/r=1/sig=0/cf=10.5094,B_q0,0.1,0.6,0.3,1.0,0.0,1.0,10.509389227369171,bpi2019,native,always_reactive,28364744721.458,1.0,0.0,0.0,0.0,0.0,0.0,0.0,0.0,0.003,0.0,0.0,always_reactive,0.159686
h=0.1/q0=0.6/p=0.3/r=1/sig=0/cf=10.5094,B_q0,0.1,0.6,0.3,1.0,0.0,1.0,10.509389227369171,bpi2019,native,always_compile_evict,177628736874.608,6.262307,65.3,112.9,66825.7,18987.1,0.0,121672.6,66556.9,0.011,46789.2,148730706096.866,always_reactive,0.159686
h=0.1/q0=0.6/p=0.3/r=1/sig=0/cf=10.5094,B_q0,0.1,0.6,0.3,1.0,0.0,1.0,10.509389227369171,bpi2019,native,ours_noinflate,28364744721.458,1.0,0.0,0.0,0.0,0.0,0.0,0.0,0.0,0.003,0.0,0.0,always_reactive,0.159686
h=0.1/q0=0.6/p=0.3/r=1/sig=0/cf=10.5094,B_q0,0.1,0.6,0.3,1.0,0.0,1.0,10.509389227369171,bpi2019,native,oracle_tax,28664285569.887,1.01056,5.4,9.2,218.9,55.6,0.0,345.8,180.1,0.004,157.9,395167923.978,always_reactive,0.159686
h=0.1/q0=0.6/p=0.3/r=1/sig=0/cf=10.5094,B_q0,0.1,0.6,0.3,1.0,0.0,1.0,10.509389227369171,bpi2019,native,ours_spend_cap,28364744721.458,1.0,0.0,0.0,0.0,0.0,0.0,0.0,0.0,0.003,0.0,0.0,always_reactive,0.159686
h=0.1/q0=0.6/p=0.3/r=1/sig=0/cf=10.5094,B_q0,0.1,0.6,0.3,1.0,0.0,1.0,10.509389227369171,bpi2019,native,ours_cap_epoch,28364744721.458,1.0,0.0,0.0,0.0,0.0,0.0,0.0,0.0,0.003,0.0,0.0,always_reactive,0.159686
h=0.1/q0=0.6/p=0.3/r=1/sig=0/cf=10.5094,B_q0,0.1,0.6,0.3,1.0,0.0,1.0,10.509389227369171,bpi2019,native,ours_cap_realized,28364744721.458,1.0,0.0,0.0,0.0,0.0,0.0,0.0,0.0,0.003,0.0,0.0,always_reactive,0.159686
h=0.1/q0=0.6/p=0.3/r=1/sig=0/cf=10.5094,B_q0,0.1,0.6,0.3,1.0,0.0,1.0,10.509389227369171,bpi2019,native,ours_pi_prior,28520259142.565,1.005483,0.1,4.5,101.3,18.5,0.0,117.5,85.4,0.004,70.1,175435538.131,always_reactive,0.159686
h=0.1/q0=0.6/p=0.3/r=1/sig=0/cf=10.5094,B_q0,0.1,0.6,0.3,1.0,0.0,1.0,10.509389227369171,bpi2019,native,breakeven,32173693793.308,1.134285,2.1,10.0,2071.3,265.3,0.0,1714.4,1937.1,0.005,1460.5,3794481082.226,always_reactive,0.159686
h=0.1/q0=0.6/p=0.3/r=1/sig=0/cf=10.5094,B_q0,0.1,0.6,0.3,1.0,0.0,1.0,10.509389227369171,bpi2019,native,breakeven_cap_epoch,29421267296.617,1.037248,0.7,5.6,595.0,57.2,0.0,376.0,561.0,0.004,414.9,1046170691.695,always_reactive,0.159686
h=0.1/q0=0.6/p=0.3/r=1/sig=0/cf=10.5094,B_q0,0.1,0.6,0.3,1.0,0.0,1.0,10.509389227369171,bpi2019,native,offline_taxblind,26497898924.11,0.934184,,,,,,,,,,,always_reactive,0.159686
h=0.1/q0=0.6/p=0.3/r=1/sig=0/cf=10.5094,B_q0,0.1,0.6,0.3,1.0,0.0,1.0,10.509389227369171,bpi2019,native,offline_opt_tax,26704190681.857,0.941457,,,,,,,,,,,always_reactive,0.159686
h=0.1/q0=0.6/p=0.3/r=1/sig=0/cf=10.5094,B_q0,0.1,0.6,0.3,1.0,0.0,1.0,10.509389227369171,sepsis,autorpa_233k,always_reactive,187135368.565,1.0,0.0,0.0,0.0,0.0,0.0,0.0,0.0,0.002,0.0,0.0,always_reactive,0.595984
h=0.1/q0=0.6/p=0.3/r=1/sig=0/cf=10.5094,B_q0,0.1,0.6,0.3,1.0,0.0,1.0,10.509389227369171,sepsis,autorpa_233k,always_compile_evict,313993711.308,1.677896,11.4,12.9,75.5,8.6,0.0,59.2,69.6,0.003,53.3,130515053.876,always_reactive,0.595984
h=0.1/q0=0.6/p=0.3/r=1/sig=0/cf=10.5094,B_q0,0.1,0.6,0.3,1.0,0.0,1.0,10.509389227369171,sepsis,autorpa_233k,ours_noinflate,187135368.565,1.0,0.0,0.0,0.0,0.0,0.0,0.0,0.0,0.002,0.0,0.0,always_reactive,0.595984
h=0.1/q0=0.6/p=0.3/r=1/sig=0/cf=10.5094,B_q0,0.1,0.6,0.3,1.0,0.0,1.0,10.509389227369171,sepsis,autorpa_233k,oracle_tax,216449287.664,1.156646,0.9,2.0,20.2,4.6,0.0,25.4,15.3,0.002,14.7,35995709.043,always_reactive,0.595984
h=0.1/q0=0.6/p=0.3/r=1/sig=0/cf=10.5094,B_q0,0.1,0.6,0.3,1.0,0.0,1.0,10.509389227369171,sepsis,autorpa_233k,ours_spend_cap,187135368.565,1.0,0.0,0.0,0.0,0.0,0.0,0.0,0.0,0.002,0.0,0.0,always_reactive,0.595984
h=0.1/q0=0.6/p=0.3/r=1/sig=0/cf=10.5094,B_q0,0.1,0.6,0.3,1.0,0.0,1.0,10.509389227369171,sepsis,autorpa_233k,ours_cap_epoch,187135368.565,1.0,0.0,0.0,0.0,0.0,0.0,0.0,0.0,0.002,0.0,0.0,always_reactive,0.595984
h=0.1/q0=0.6/p=0.3/r=1/sig=0/cf=10.5094,B_q0,0.1,0.6,0.3,1.0,0.0,1.0,10.509389227369171,sepsis,autorpa_233k,ours_cap_realized,187135368.565,1.0,0.0,0.0,0.0,0.0,0.0,0.0,0.0,0.002,0.0,0.0,always_reactive,0.595984
h=0.1/q0=0.6/p=0.3/r=1/sig=0/cf=10.5094,B_q0,0.1,0.6,0.3,1.0,0.0,1.0,10.509389227369171,sepsis,autorpa_233k,ours_pi_prior,187135368.565,1.0,0.0,0.0,0.0,0.0,0.0,0.0,0.0,0.002,0.0,0.0,always_reactive,0.595984
h=0.1/q0=0.6/p=0.3/r=1/sig=0/cf=10.5094,B_q0,0.1,0.6,0.3,1.0,0.0,1.0,10.509389227369171,sepsis,autorpa_233k,breakeven,217179286.587,1.160546,1.5,2.2,18.3,2.9,0.0,14.7,14.6,0.002,13.4,32812415.046,always_reactive,0.595984
h=0.1/q0=0.6/p=0.3/r=1/sig=0/cf=10.5094,B_q0,0.1,0.6,0.3,1.0,0.0,1.0,10.509389227369171,sepsis,autorpa_233k,breakeven_cap_epoch,194940502.393,1.041708,0.4,0.8,4.7,0.8,0.0,4.2,4.1,0.002,3.5,8570406.915,always_reactive,0.595984
h=0.1/q0=0.6/p=0.3/r=1/sig=0/cf=10.5094,B_q0,0.1,0.6,0.3,1.0,0.0,1.0,10.509389227369171,sepsis,autorpa_233k,offline_taxblind,179183783.15,0.957509,,,,,,,,,,,always_reactive,0.595984
h=0.1/q0=0.6/p=0.3/r=1/sig=0/cf=10.5094,B_q0,0.1,0.6,0.3,1.0,0.0,1.0,10.509389227369171,sepsis,autorpa_233k,offline_opt_tax,179366222.388,0.958484,,,,,,,,,,,always_reactive,0.595984
h=0.1/q0=0.6/p=0.3/r=1/sig=0/cf=10.5094,B_q0,0.1,0.6,0.3,1.0,0.0,1.0,10.509389227369171,sepsis,native,always_reactive,187135368.565,1.0,0.0,0.0,0.0,0.0,0.0,0.0,0.0,0.002,0.0,0.0,always_reactive,0.566453
h=0.1/q0=0.6/p=0.3/r=1/sig=0/cf=10.5094,B_q0,0.1,0.6,0.3,1.0,0.0,1.0,10.509389227369171,sepsis,native,always_compile_evict,330363349.791,1.765371,10.9,12.3,75.5,8.6,0.0,59.2,69.6,0.003,53.3,146651053.217,always_reactive,0.566453
h=0.1/q0=0.6/p=0.3/r=1/sig=0/cf=10.5094,B_q0,0.1,0.6,0.3,1.0,0.0,1.0,10.509389227369171,sepsis,native,ours_noinflate,187135368.565,1.0,0.0,0.0,0.0,0.0,0.0,0.0,0.0,0.002,0.0,0.0,always_reactive,0.566453
h=0.1/q0=0.6/p=0.3/r=1/sig=0/cf=10.5094,B_q0,0.1,0.6,0.3,1.0,0.0,1.0,10.509389227369171,sepsis,native,oracle_tax,217270725.072,1.161035,0.9,2.0,20.2,4.6,0.0,25.4,15.3,0.002,14.7,36788907.425,always_reactive,0.566453
h=0.1/q0=0.6/p=0.3/r=1/sig=0/cf=10.5094,B_q0,0.1,0.6,0.3,1.0,0.0,1.0,10.509389227369171,sepsis,native,ours_spend_cap,187135368.565,1.0,0.0,0.0,0.0,0.0,0.0,0.0,0.0,0.002,0.0,0.0,always_reactive,0.566453
h=0.1/q0=0.6/p=0.3/r=1/sig=0/cf=10.5094,B_q0,0.1,0.6,0.3,1.0,0.0,1.0,10.509389227369171,sepsis,native,ours_cap_epoch,187135368.565,1.0,0.0,0.0,0.0,0.0,0.0,0.0,0.0,0.002,0.0,0.0,always_reactive,0.566453
h=0.1/q0=0.6/p=0.3/r=1/sig=0/cf=10.5094,B_q0,0.1,0.6,0.3,1.0,0.0,1.0,10.509389227369171,sepsis,native,ours_cap_realized,187135368.565,1.0,0.0,0.0,0.0,0.0,0.0,0.0,0.0,0.002,0.0,0.0,always_reactive,0.566453
h=0.1/q0=0.6/p=0.3/r=1/sig=0/cf=10.5094,B_q0,0.1,0.6,0.3,1.0,0.0,1.0,10.509389227369171,sepsis,native,ours_pi_prior,187135368.565,1.0,0.0,0.0,0.0,0.0,0.0,0.0,0.0,0.002,0.0,0.0,always_reactive,0.566453
h=0.1/q0=0.6/p=0.3/r=1/sig=0/cf=10.5094,B_q0,0.1,0.6,0.3,1.0,0.0,1.0,10.509389227369171,sepsis,native,breakeven,217957877.74,1.164707,1.6,2.2,18.3,2.8,0.0,14.6,14.6,0.002,13.4,33535466.633,always_reactive,0.566453
h=0.1/q0=0.6/p=0.3/r=1/sig=0/cf=10.5094,B_q0,0.1,0.6,0.3,1.0,0.0,1.0,10.509389227369171,sepsis,native,breakeven_cap_epoch,195165883.355,1.042913,0.5,0.8,4.7,0.7,0.0,4.1,4.1,0.002,3.5,8759263.673,always_reactive,0.566453
h=0.1/q0=0.6/p=0.3/r=1/sig=0/cf=10.5094,B_q0,0.1,0.6,0.3,1.0,0.0,1.0,10.509389227369171,sepsis,native,offline_taxblind,179322411.091,0.95825,,,,,,,,,,,always_reactive,0.566453
h=0.1/q0=0.6/p=0.3/r=1/sig=0/cf=10.5094,B_q0,0.1,0.6,0.3,1.0,0.0,1.0,10.509389227369171,sepsis,native,offline_opt_tax,179487020.026,0.959129,,,,,,,,,,,always_reactive,0.566453
h=0.1/q0=0.6/p=0.3/r=1/sig=0/cf=10.5094,B_q0,0.1,0.6,0.3,1.0,0.0,1.0,10.509389227369171,wiki_A,autorpa_233k,always_reactive,19487424199.81,1.0,0.0,0.0,0.0,0.0,0.0,0.0,0.0,0.001,0.0,0.0,always_reactive,0.432116
h=0.1/q0=0.6/p=0.3/r=1/sig=0/cf=10.5094,B_q0,0.1,0.6,0.3,1.0,0.0,1.0,10.509389227369171,wiki_A,autorpa_233k,always_compile_evict,45097626850.143,2.314191,21.8,49.7,17381.8,5044.0,0.0,32232.8,16376.3,0.003,12161.0,29778490997.81,always_reactive,0.432116
h=0.1/q0=0.6/p=0.3/r=1/sig=0/cf=10.5094,B_q0,0.1,0.6,0.3,1.0,0.0,1.0,10.509389227369171,wiki_A,autorpa_233k,ours_noinflate,19487424199.81,1.0,0.0,0.0,0.0,0.0,0.0,0.0,0.0,0.001,0.0,0.0,always_reactive,0.432116
h=0.1/q0=0.6/p=0.3/r=1/sig=0/cf=10.5094,B_q0,0.1,0.6,0.3,1.0,0.0,1.0,10.509389227369171,wiki_A,autorpa_233k,oracle_tax,22595680992.462,1.159501,2.8,4.5,2858.1,852.5,0.0,5487.3,2341.8,0.001,2002.8,4904231705.486,always_reactive,0.432116
h=0.1/q0=0.6/p=0.3/r=1/sig=0/cf=10.5094,B_q0,0.1,0.6,0.3,1.0,0.0,1.0,10.509389227369171,wiki_A,autorpa_233k,ours_spend_cap,19487424199.81,1.0,0.0,0.0,0.0,0.0,0.0,0.0,0.0,0.001,0.0,0.0,always_reactive,0.432116
h=0.1/q0=0.6/p=0.3/r=1/sig=0/cf=10.5094,B_q0,0.1,0.6,0.3,1.0,0.0,1.0,10.509389227369171,wiki_A,autorpa_233k,ours_cap_epoch,19487424199.81,1.0,0.0,0.0,0.0,0.0,0.0,0.0,0.0,0.001,0.0,0.0,always_reactive,0.432116
h=0.1/q0=0.6/p=0.3/r=1/sig=0/cf=10.5094,B_q0,0.1,0.6,0.3,1.0,0.0,1.0,10.509389227369171,wiki_A,autorpa_233k,ours_cap_realized,19487424199.81,1.0,0.0,0.0,0.0,0.0,0.0,0.0,0.0,0.001,0.0,0.0,always_reactive,0.432116
h=0.1/q0=0.6/p=0.3/r=1/sig=0/cf=10.5094,B_q0,0.1,0.6,0.3,1.0,0.0,1.0,10.509389227369171,wiki_A,autorpa_233k,ours_pi_prior,19510467960.573,1.001182,0.1,1.4,17.9,4.1,0.0,23.8,13.6,0.001,12.5,30608596.125,always_reactive,0.432116
h=0.1/q0=0.6/p=0.3/r=1/sig=0/cf=10.5094,B_q0,0.1,0.6,0.3,1.0,0.0,1.0,10.509389227369171,wiki_A,autorpa_233k,breakeven,22889401760.385,1.174573,1.0,6.8,2206.7,600.7,0.0,3830.1,1958.4,0.001,1546.9,3787874987.625,always_reactive,0.432116
h=0.1/q0=0.6/p=0.3/r=1/sig=0/cf=10.5094,B_q0,0.1,0.6,0.3,1.0,0.0,1.0,10.509389227369171,wiki_A,autorpa_233k,breakeven_cap_epoch,19693473579.327,1.010573,0.0,3.2,125.4,20.2,0.0,125.4,112.0,0.001,88.7,217198598.101,always_reactive,0.432116
h=0.1/q0=0.6/p=0.3/r=1/sig=0/cf=10.5094,B_q0,0.1,0.6,0.3,1.0,0.0,1.0,10.509389227369171,wiki_A,autorpa_233k,offline_taxblind,15474862580.08,0.794095,,,,,,,,,,,always_reactive,0.432116
h=0.1/q0=0.6/p=0.3/r=1/sig=0/cf=10.5094,B_q0,0.1,0.6,0.3,1.0,0.0,1.0,10.509389227369171,wiki_A,autorpa_233k,offline_opt_tax,15499103468.241,0.795339,,,,,,,,,,,always_reactive,0.432116
h=0.1/q0=0.6/p=0.3/r=1/sig=0/cf=10.5094,B_q0,0.1,0.6,0.3,1.0,0.0,1.0,10.509389227369171,wiki_A,native,always_reactive,19487424199.81,1.0,0.0,0.0,0.0,0.0,0.0,0.0,0.0,0.001,0.0,0.0,always_reactive,0.400288
h=0.1/q0=0.6/p=0.3/r=1/sig=0/cf=10.5094,B_q0,0.1,0.6,0.3,1.0,0.0,1.0,10.509389227369171,wiki_A,native,always_compile_evict,48683542046.976,2.498203,20.0,49.1,17381.8,5044.0,0.0,32232.8,16381.2,0.003,12161.0,33220337629.071,always_reactive,0.400288
h=0.1/q0=0.6/p=0.3/r=1/sig=0/cf=10.5094,B_q0,0.1,0.6,0.3,1.0,0.0,1.0,10.509389227369171,wiki_A,native,ours_noinflate,19487424199.81,1.0,0.0,0.0,0.0,0.0,0.0,0.0,0.0,0.001,0.0,0.0,always_reactive,0.400288
h=0.1/q0=0.6/p=0.3/r=1/sig=0/cf=10.5094,B_q0,0.1,0.6,0.3,1.0,0.0,1.0,10.509389227369171,wiki_A,native,oracle_tax,22642981829.652,1.161928,2.8,4.5,2808.2,839.0,0.0,5399.9,2299.1,0.001,1966.4,4921204596.015,always_reactive,0.400288
h=0.1/q0=0.6/p=0.3/r=1/sig=0/cf=10.5094,B_q0,0.1,0.6,0.3,1.0,0.0,1.0,10.509389227369171,wiki_A,native,ours_spend_cap,19487424199.81,1.0,0.0,0.0,0.0,0.0,0.0,0.0,0.0,0.001,0.0,0.0,always_reactive,0.400288
h=0.1/q0=0.6/p=0.3/r=1/sig=0/cf=10.5094,B_q0,0.1,0.6,0.3,1.0,0.0,1.0,10.509389227369171,wiki_A,native,ours_cap_epoch,19487424199.81,1.0,0.0,0.0,0.0,0.0,0.0,0.0,0.0,0.001,0.0,0.0,always_reactive,0.400288
h=0.1/q0=0.6/p=0.3/r=1/sig=0/cf=10.5094,B_q0,0.1,0.6,0.3,1.0,0.0,1.0,10.509389227369171,wiki_A,native,ours_cap_realized,19487424199.81,1.0,0.0,0.0,0.0,0.0,0.0,0.0,0.0,0.001,0.0,0.0,always_reactive,0.400288
h=0.1/q0=0.6/p=0.3/r=1/sig=0/cf=10.5094,B_q0,0.1,0.6,0.3,1.0,0.0,1.0,10.509389227369171,wiki_A,native,ours_pi_prior,19510675460.129,1.001193,0.1,1.4,17.7,4.1,0.0,23.8,13.4,0.001,12.3,30782555.193,always_reactive,0.400288
h=0.1/q0=0.6/p=0.3/r=1/sig=0/cf=10.5094,B_q0,0.1,0.6,0.3,1.0,0.0,1.0,10.509389227369171,wiki_A,native,breakeven,22896719000.439,1.174948,0.4,6.9,1990.5,538.5,0.0,3451.6,1747.5,0.001,1393.5,3768347169.346,always_reactive,0.400288
h=0.1/q0=0.6/p=0.3/r=1/sig=0/cf=10.5094,B_q0,0.1,0.6,0.3,1.0,0.0,1.0,10.509389227369171,wiki_A,native,breakeven_cap_epoch,19703091585.155,1.011067,0.0,3.2,129.0,21.8,0.0,132.6,115.3,0.001,90.5,226238256.535,always_reactive,0.400288
h=0.1/q0=0.6/p=0.3/r=1/sig=0/cf=10.5094,B_q0,0.1,0.6,0.3,1.0,0.0,1.0,10.509389227369171,wiki_A,native,offline_taxblind,15519937198.349,0.796408,,,,,,,,,,,always_reactive,0.400288
h=0.1/q0=0.6/p=0.3/r=1/sig=0/cf=10.5094,B_q0,0.1,0.6,0.3,1.0,0.0,1.0,10.509389227369171,wiki_A,native,offline_opt_tax,15544308476.308,0.797658,,,,,,,,,,,always_reactive,0.400288
h=0.1/q0=0.6/p=0.3/r=1/sig=0/cf=10.5094,B_q0,0.1,0.6,0.3,1.0,0.0,1.0,10.509389227369171,wiki_B,autorpa_233k,always_reactive,16977748066.619,1.0,0.0,0.0,0.0,0.0,0.0,0.0,0.0,0.002,0.0,0.0,always_reactive,0.498923
h=0.1/q0=0.6/p=0.3/r=1/sig=0/cf=10.5094,B_q0,0.1,0.6,0.3,1.0,0.0,1.0,10.509389227369171,wiki_B,autorpa_233k,always_compile_evict,34028761031.006,2.004315,107.8,123.9,9992.5,2100.5,0.0,13517.4,9763.1,0.023,6987.8,17110939840.021,always_reactive,0.498923
h=0.1/q0=0.6/p=0.3/r=1/sig=0/cf=10.5094,B_q0,0.1,0.6,0.3,1.0,0.0,1.0,10.509389227369171,wiki_B,autorpa_233k,ours_noinflate,16977748066.619,1.0,0.0,0.0,0.0,0.0,0.0,0.0,0.0,0.002,0.0,0.0,always_reactive,0.498923
h=0.1/q0=0.6/p=0.3/r=1/sig=0/cf=10.5094,B_q0,0.1,0.6,0.3,1.0,0.0,1.0,10.509389227369171,wiki_B,autorpa_233k,oracle_tax,17202075840.164,1.013213,7.8,10.8,186.3,50.0,0.0,323.1,149.3,0.003,128.5,314656368.162,always_reactive,0.498923
h=0.1/q0=0.6/p=0.3/r=1/sig=0/cf=10.5094,B_q0,0.1,0.6,0.3,1.0,0.0,1.0,10.509389227369171,wiki_B,autorpa_233k,ours_spend_cap,16977748066.619,1.0,0.0,0.0,0.0,0.0,0.0,0.0,0.0,0.002,0.0,0.0,always_reactive,0.498923
h=0.1/q0=0.6/p=0.3/r=1/sig=0/cf=10.5094,B_q0,0.1,0.6,0.3,1.0,0.0,1.0,10.509389227369171,wiki_B,autorpa_233k,ours_cap_epoch,16977748066.619,1.0,0.0,0.0,0.0,0.0,0.0,0.0,0.0,0.002,0.0,0.0,always_reactive,0.498923
h=0.1/q0=0.6/p=0.3/r=1/sig=0/cf=10.5094,B_q0,0.1,0.6,0.3,1.0,0.0,1.0,10.509389227369171,wiki_B,autorpa_233k,ours_cap_realized,16977748066.619,1.0,0.0,0.0,0.0,0.0,0.0,0.0,0.0,0.002,0.0,0.0,always_reactive,0.498923
h=0.1/q0=0.6/p=0.3/r=1/sig=0/cf=10.5094,B_q0,0.1,0.6,0.3,1.0,0.0,1.0,10.509389227369171,wiki_B,autorpa_233k,ours_pi_prior,17156722377.852,1.010542,3.0,5.2,119.5,19.0,0.0,121.0,99.9,0.003,82.3,201526996.885,always_reactive,0.498923
h=0.1/q0=0.6/p=0.3/r=1/sig=0/cf=10.5094,B_q0,0.1,0.6,0.3,1.0,0.0,1.0,10.509389227369171,wiki_B,autorpa_233k,breakeven,19215081194.127,1.13178,4.8,11.8,1340.6,177.0,0.0,1091.0,1224.1,0.004,930.5,2278503895.524,always_reactive,0.498923
h=0.1/q0=0.6/p=0.3/r=1/sig=0/cf=10.5094,B_q0,0.1,0.6,0.3,1.0,0.0,1.0,10.509389227369171,wiki_B,autorpa_233k,breakeven_cap_epoch,17728052388.818,1.044193,2.9,6.8,446.1,45.4,0.0,280.8,414.2,0.003,307.3,752481727.13,always_reactive,0.498923
h=0.1/q0=0.6/p=0.3/r=1/sig=0/cf=10.5094,B_q0,0.1,0.6,0.3,1.0,0.0,1.0,10.509389227369171,wiki_B,autorpa_233k,offline_taxblind,16139700326.53,0.950638,,,,,,,,,,,always_reactive,0.498923
h=0.1/q0=0.6/p=0.3/r=1/sig=0/cf=10.5094,B_q0,0.1,0.6,0.3,1.0,0.0,1.0,10.509389227369171,wiki_B,autorpa_233k,offline_opt_tax,16262095845.583,0.957848,,,,,,,,,,,always_reactive,0.498923
h=0.1/q0=0.6/p=0.3/r=1/sig=0/cf=10.5094,B_q0,0.1,0.6,0.3,1.0,0.0,1.0,10.509389227369171,wiki_B,native,always_reactive,16977748066.619,1.0,0.0,0.0,0.0,0.0,0.0,0.0,0.0,0.002,0.0,0.0,always_reactive,0.469503
h=0.1/q0=0.6/p=0.3/r=1/sig=0/cf=10.5094,B_q0,0.1,0.6,0.3,1.0,0.0,1.0,10.509389227369171,wiki_B,native,always_compile_evict,36161110539.146,2.129912,116.2,129.8,9992.5,2100.5,0.0,13517.4,9764.9,0.022,6987.8,19150463335.399,always_reactive,0.469503
h=0.1/q0=0.6/p=0.3/r=1/sig=0/cf=10.5094,B_q0,0.1,0.6,0.3,1.0,0.0,1.0,10.509389227369171,wiki_B,native,ours_noinflate,16977748066.619,1.0,0.0,0.0,0.0,0.0,0.0,0.0,0.0,0.002,0.0,0.0,always_reactive,0.469503
h=0.1/q0=0.6/p=0.3/r=1/sig=0/cf=10.5094,B_q0,0.1,0.6,0.3,1.0,0.0,1.0,10.509389227369171,wiki_B,native,oracle_tax,17205690057.39,1.013426,7.2,10.3,183.0,49.4,0.0,318.4,146.6,0.003,126.4,316334550.924,always_reactive,0.469503
h=0.1/q0=0.6/p=0.3/r=1/sig=0/cf=10.5094,B_q0,0.1,0.6,0.3,1.0,0.0,1.0,10.509389227369171,wiki_B,native,ours_spend_cap,16977748066.619,1.0,0.0,0.0,0.0,0.0,0.0,0.0,0.0,0.002,0.0,0.0,always_reactive,0.469503
h=0.1/q0=0.6/p=0.3/r=1/sig=0/cf=10.5094,B_q0,0.1,0.6,0.3,1.0,0.0,1.0,10.509389227369171,wiki_B,native,ours_cap_epoch,16977748066.619,1.0,0.0,0.0,0.0,0.0,0.0,0.0,0.0,0.002,0.0,0.0,always_reactive,0.469503
h=0.1/q0=0.6/p=0.3/r=1/sig=0/cf=10.5094,B_q0,0.1,0.6,0.3,1.0,0.0,1.0,10.509389227369171,wiki_B,native,ours_cap_realized,16977748066.619,1.0,0.0,0.0,0.0,0.0,0.0,0.0,0.0,0.002,0.0,0.0,always_reactive,0.469503
h=0.1/q0=0.6/p=0.3/r=1/sig=0/cf=10.5094,B_q0,0.1,0.6,0.3,1.0,0.0,1.0,10.509389227369171,wiki_B,native,ours_pi_prior,17160548713.739,1.010767,3.0,5.4,118.9,18.9,0.0,120.3,99.9,0.003,81.9,204966769.942,always_reactive,0.469503
h=0.1/q0=0.6/p=0.3/r=1/sig=0/cf=10.5094,B_q0,0.1,0.6,0.3,1.0,0.0,1.0,10.509389227369171,wiki_B,native,breakeven,19213050184.939,1.131661,4.3,11.1,1344.0,170.8,0.0,1053.9,1224.3,0.004,933.6,2276889779.824,always_reactive,0.469503
h=0.1/q0=0.6/p=0.3/r=1/sig=0/cf=10.5094,B_q0,0.1,0.6,0.3,1.0,0.0,1.0,10.509389227369171,wiki_B,native,breakeven_cap_epoch,17739632721.582,1.044875,2.6,6.4,455.4,42.9,0.0,276.8,423.4,0.003,315.1,763541636.477,always_reactive,0.469503
h=0.1/q0=0.6/p=0.3/r=1/sig=0/cf=10.5094,B_q0,0.1,0.6,0.3,1.0,0.0,1.0,10.509389227369171,wiki_B,native,offline_taxblind,16152553361.545,0.951396,,,,,,,,,,,always_reactive,0.469503
h=0.1/q0=0.6/p=0.3/r=1/sig=0/cf=10.5094,B_q0,0.1,0.6,0.3,1.0,0.0,1.0,10.509389227369171,wiki_B,native,offline_opt_tax,16274981179.855,0.958607,,,,,,,,,,,always_reactive,0.469503
h=0.1/q0=0.6/p=0.3/r=1/sig=0/cf=1,B_q0,0.1,0.6,0.3,1.0,0.0,1.0,1.0,bpi2019,autorpa_233k,always_reactive,28364744721.458,1.033494,0.0,0.0,0.0,0.0,0.0,0.0,0.0,0.003,0.0,0.0,ours_noinflate,0.715595
h=0.1/q0=0.6/p=0.3/r=1/sig=0/cf=1,B_q0,0.1,0.6,0.3,1.0,0.0,1.0,1.0,bpi2019,autorpa_233k,always_compile_evict,38353389068.886,1.397439,66.2,110.5,66825.7,18987.1,0.0,121672.6,66560.5,0.048,46789.2,10901883600.0,ours_noinflate,0.715595
h=0.1/q0=0.6/p=0.3/r=1/sig=0/cf=1,B_q0,0.1,0.6,0.3,1.0,0.0,1.0,1.0,bpi2019,autorpa_233k,ours_noinflate,27445489041.198,1.0,9.5,23.6,3577.9,906.8,0.0,5858.4,3413.4,0.013,2502.2,583012600.0,ours_noinflate,0.715595
h=0.1/q0=0.6/p=0.3/r=1/sig=0/cf=1,B_q0,0.1,0.6,0.3,1.0,0.0,1.0,1.0,bpi2019,autorpa_233k,oracle_tax,28305541894.43,1.031337,5.6,9.2,219.1,55.6,0.0,346.4,180.5,0.004,157.9,36790700.0,ours_noinflate,0.715595
h=0.1/q0=0.6/p=0.3/r=1/sig=0/cf=1,B_q0,0.1,0.6,0.3,1.0,0.0,1.0,1.0,bpi2019,autorpa_233k,ours_spend_cap,28364489890.316,1.033485,6.2,17.5,1378.2,262.0,0.0,1659.9,1229.9,0.01,966.7,225241100.0,ours_noinflate,0.715595
h=0.1/q0=0.6/p=0.3/r=1/sig=0/cf=1,B_q0,0.1,0.6,0.3,1.0,0.0,1.0,1.0,bpi2019,autorpa_233k,ours_cap_epoch,28088313556.364,1.023422,8.4,21.4,2150.4,481.1,0.0,3085.0,1971.3,0.012,1507.1,351154300.0,ours_noinflate,0.715595
h=0.1/q0=0.6/p=0.3/r=1/sig=0/cf=1,B_q0,0.1,0.6,0.3,1.0,0.0,1.0,1.0,bpi2019,autorpa_233k,ours_cap_realized,27513463166.897,1.002477,9.4,22.8,3394.2,856.6,0.0,5521.1,3230.6,0.013,2370.2,552256600.0,ours_noinflate,0.715595
h=0.1/q0=0.6/p=0.3/r=1/sig=0/cf=1,B_q0,0.1,0.6,0.3,1.0,0.0,1.0,1.0,bpi2019,autorpa_233k,ours_pi_prior,27446803454.077,1.000048,7.4,22.0,3480.7,891.1,0.0,5748.5,3332.8,0.013,2431.6,566562800.0,ours_noinflate,0.715595
h=0.1/q0=0.6/p=0.3/r=1/sig=0/cf=1,B_q0,0.1,0.6,0.3,1.0,0.0,1.0,1.0,bpi2019,autorpa_233k,breakeven,28712956383.419,1.046181,2.7,10.2,2060.3,263.1,0.0,1686.2,1932.9,0.005,1453.6,338688800.0,ours_noinflate,0.715595
h=0.1/q0=0.6/p=0.3/r=1/sig=0/cf=1,B_q0,0.1,0.6,0.3,1.0,0.0,1.0,1.0,bpi2019,autorpa_233k,breakeven_cap_epoch,28541731540.912,1.039943,1.8,8.7,1214.9,113.7,0.0,753.8,1120.0,0.005,856.0,199448000.0,ours_noinflate,0.715595
h=0.1/q0=0.6/p=0.3/r=1/sig=0/cf=1,B_q0,0.1,0.6,0.3,1.0,0.0,1.0,1.0,bpi2019,autorpa_233k,offline_taxblind,26473573999.121,0.964587,,,,,,,,,,,ours_noinflate,0.715595
h=0.1/q0=0.6/p=0.3/r=1/sig=0/cf=1,B_q0,0.1,0.6,0.3,1.0,0.0,1.0,1.0,bpi2019,autorpa_233k,offline_opt_tax,26678331398.759,0.972048,,,,,,,,,,,ours_noinflate,0.715595
h=0.1/q0=0.6/p=0.3/r=1/sig=0/cf=1,B_q0,0.1,0.6,0.3,1.0,0.0,1.0,1.0,bpi2019,native,always_reactive,28364744721.458,1.032999,0.0,0.0,0.0,0.0,0.0,0.0,0.0,0.003,0.0,0.0,ours_noinflate,0.637828
h=0.1/q0=0.6/p=0.3/r=1/sig=0/cf=1,B_q0,0.1,0.6,0.3,1.0,0.0,1.0,1.0,bpi2019,native,always_compile_evict,43050204883.753,1.56782,65.3,112.9,66825.7,18987.1,0.0,121672.6,66556.9,0.044,46789.2,14152174106.325,ours_noinflate,0.637828
h=0.1/q0=0.6/p=0.3/r=1/sig=0/cf=1,B_q0,0.1,0.6,0.3,1.0,0.0,1.0,1.0,bpi2019,native,ours_noinflate,27458638609.271,1.0,9.0,23.0,3544.4,900.5,0.0,5808.8,3384.1,0.013,2480.1,590597046.528,ours_noinflate,0.637828
h=0.1/q0=0.6/p=0.3/r=1/sig=0/cf=1,B_q0,0.1,0.6,0.3,1.0,0.0,1.0,1.0,bpi2019,native,oracle_tax,28306719062.645,1.030886,5.4,9.2,218.9,55.6,0.0,345.8,180.1,0.004,157.9,37601416.736,ours_noinflate,0.637828
h=0.1/q0=0.6/p=0.3/r=1/sig=0/cf=1,B_q0,0.1,0.6,0.3,1.0,0.0,1.0,1.0,bpi2019,native,ours_spend_cap,28365490010.6,1.033026,5.8,17.0,1350.1,256.7,0.0,1621.0,1205.9,0.01,948.3,225822821.347,ours_noinflate,0.637828
h=0.1/q0=0.6/p=0.3/r=1/sig=0/cf=1,B_q0,0.1,0.6,0.3,1.0,0.0,1.0,1.0,bpi2019,native,ours_cap_epoch,28094019247.699,1.02314,7.9,21.0,2119.3,475.0,0.0,3040.6,1945.7,0.012,1486.9,354081992.05,ours_noinflate,0.637828
h=0.1/q0=0.6/p=0.3/r=1/sig=0/cf=1,B_q0,0.1,0.6,0.3,1.0,0.0,1.0,1.0,bpi2019,native,ours_cap_realized,27525525423.461,1.002436,8.8,22.3,3360.9,850.3,0.0,5471.7,3201.4,0.013,2348.2,559187123.365,ours_noinflate,0.637828
h=0.1/q0=0.6/p=0.3/r=1/sig=0/cf=1,B_q0,0.1,0.6,0.3,1.0,0.0,1.0,1.0,bpi2019,native,ours_pi_prior,27479523569.658,1.000761,7.4,22.5,3539.8,900.9,0.0,5811.2,3395.1,0.013,2473.9,583891272.011,ours_noinflate,0.637828
h=0.1/q0=0.6/p=0.3/r=1/sig=0/cf=1,B_q0,0.1,0.6,0.3,1.0,0.0,1.0,1.0,bpi2019,native,breakeven,28740269000.866,1.046675,2.1,10.0,2071.3,265.3,0.0,1714.4,1937.1,0.005,1460.5,361056289.774,ours_noinflate,0.637828
h=0.1/q0=0.6/p=0.3/r=1/sig=0/cf=1,B_q0,0.1,0.6,0.3,1.0,0.0,1.0,1.0,bpi2019,native,breakeven_cap_epoch,28556439092.05,1.03998,1.5,8.6,1278.8,123.7,0.0,814.3,1182.0,0.005,900.3,211122837.903,ours_noinflate,0.637828
h=0.1/q0=0.6/p=0.3/r=1/sig=0/cf=1,B_q0,0.1,0.6,0.3,1.0,0.0,1.0,1.0,bpi2019,native,offline_taxblind,26497898924.11,0.965011,,,,,,,,,,,ours_noinflate,0.637828
h=0.1/q0=0.6/p=0.3/r=1/sig=0/cf=1,B_q0,0.1,0.6,0.3,1.0,0.0,1.0,1.0,bpi2019,native,offline_opt_tax,26704190681.857,0.972524,,,,,,,,,,,ours_noinflate,0.637828
h=0.1/q0=0.6/p=0.3/r=1/sig=0/cf=1,B_q0,0.1,0.6,0.3,1.0,0.0,1.0,1.0,sepsis,autorpa_233k,always_reactive,187135368.565,1.009944,0.0,0.0,0.0,0.0,0.0,0.0,0.0,0.002,0.0,0.0,ours_noinflate,0.945865
h=0.1/q0=0.6/p=0.3/r=1/sig=0/cf=1,B_q0,0.1,0.6,0.3,1.0,0.0,1.0,1.0,sepsis,autorpa_233k,always_compile_evict,195897557.433,1.057233,11.4,12.9,75.5,8.6,0.0,59.2,69.6,0.005,53.3,12418900.0,ours_noinflate,0.945865
h=0.1/q0=0.6/p=0.3/r=1/sig=0/cf=1,B_q0,0.1,0.6,0.3,1.0,0.0,1.0,1.0,sepsis,autorpa_233k,ours_noinflate,185292728.524,1.0,2.1,2.6,23.4,4.4,0.0,25.3,18.2,0.003,16.9,3937700.0,ours_noinflate,0.945865
h=0.1/q0=0.6/p=0.3/r=1/sig=0/cf=1,B_q0,0.1,0.6,0.3,1.0,0.0,1.0,1.0,sepsis,autorpa_233k,oracle_tax,183878678.621,0.992369,0.9,2.0,20.2,4.6,0.0,25.4,15.3,0.003,14.7,3425100.0,ours_noinflate,0.945865
h=0.1/q0=0.6/p=0.3/r=1/sig=0/cf=1,B_q0,0.1,0.6,0.3,1.0,0.0,1.0,1.0,sepsis,autorpa_233k,ours_spend_cap,186644584.733,1.007296,1.6,2.2,22.9,4.4,0.0,21.5,18.2,0.003,16.9,3937700.0,ours_noinflate,0.945865
h=0.1/q0=0.6/p=0.3/r=1/sig=0/cf=1,B_q0,0.1,0.6,0.3,1.0,0.0,1.0,1.0,sepsis,autorpa_233k,ours_cap_epoch,185292728.524,1.0,2.1,2.6,23.4,4.4,0.0,25.3,18.2,0.003,16.9,3937700.0,ours_noinflate,0.945865
h=0.1/q0=0.6/p=0.3/r=1/sig=0/cf=1,B_q0,0.1,0.6,0.3,1.0,0.0,1.0,1.0,sepsis,autorpa_233k,ours_cap_realized,185717885.617,1.002295,2.0,2.5,23.3,4.4,0.0,25.1,18.2,0.003,16.9,3937700.0,ours_noinflate,0.945865
h=0.1/q0=0.6/p=0.3/r=1/sig=0/cf=1,B_q0,0.1,0.6,0.3,1.0,0.0,1.0,1.0,sepsis,autorpa_233k,ours_pi_prior,186544207.144,1.006754,1.3,1.6,14.7,2.8,0.0,17.0,11.3,0.002,10.6,2469800.0,ours_noinflate,0.945865
h=0.1/q0=0.6/p=0.3/r=1/sig=0/cf=1,B_q0,0.1,0.6,0.3,1.0,0.0,1.0,1.0,sepsis,autorpa_233k,breakeven,187489071.542,1.011853,1.5,2.2,18.3,2.9,0.0,14.7,14.6,0.002,13.4,3122200.0,ours_noinflate,0.945865
h=0.1/q0=0.6/p=0.3/r=1/sig=0/cf=1,B_q0,0.1,0.6,0.3,1.0,0.0,1.0,1.0,sepsis,autorpa_233k,breakeven_cap_epoch,187489071.542,1.011853,1.5,2.2,18.3,2.9,0.0,14.7,14.6,0.002,13.4,3122200.0,ours_noinflate,0.945865
h=0.1/q0=0.6/p=0.3/r=1/sig=0/cf=1,B_q0,0.1,0.6,0.3,1.0,0.0,1.0,1.0,sepsis,autorpa_233k,offline_taxblind,179183783.15,0.967031,,,,,,,,,,,ours_noinflate,0.945865
h=0.1/q0=0.6/p=0.3/r=1/sig=0/cf=1,B_q0,0.1,0.6,0.3,1.0,0.0,1.0,1.0,sepsis,autorpa_233k,offline_opt_tax,179366222.388,0.968015,,,,,,,,,,,ours_noinflate,0.945865
h=0.1/q0=0.6/p=0.3/r=1/sig=0/cf=1,B_q0,0.1,0.6,0.3,1.0,0.0,1.0,1.0,sepsis,native,always_reactive,187135368.565,1.009218,0.0,0.0,0.0,0.0,0.0,0.0,0.0,0.002,0.0,0.0,ours_noinflate,0.938075
h=0.1/q0=0.6/p=0.3/r=1/sig=0/cf=1,B_q0,0.1,0.6,0.3,1.0,0.0,1.0,1.0,sepsis,native,always_compile_evict,197666585.453,1.066013,10.9,12.3,75.5,8.6,0.0,59.2,69.6,0.005,53.3,13954288.879,ours_noinflate,0.938075
h=0.1/q0=0.6/p=0.3/r=1/sig=0/cf=1,B_q0,0.1,0.6,0.3,1.0,0.0,1.0,1.0,sepsis,native,ours_noinflate,185426080.439,1.0,2.1,2.6,23.4,4.4,0.0,25.1,18.4,0.003,16.9,4024470.822,ours_noinflate,0.938075
h=0.1/q0=0.6/p=0.3/r=1/sig=0/cf=1,B_q0,0.1,0.6,0.3,1.0,0.0,1.0,1.0,sepsis,native,oracle_tax,183982392.858,0.992214,0.9,2.0,20.2,4.6,0.0,25.4,15.3,0.003,14.7,3500575.212,ours_noinflate,0.938075
h=0.1/q0=0.6/p=0.3/r=1/sig=0/cf=1,B_q0,0.1,0.6,0.3,1.0,0.0,1.0,1.0,sepsis,native,ours_spend_cap,186775360.363,1.007277,1.6,2.2,22.9,4.4,0.0,21.3,18.4,0.003,16.9,4024470.822,ours_noinflate,0.938075
h=0.1/q0=0.6/p=0.3/r=1/sig=0/cf=1,B_q0,0.1,0.6,0.3,1.0,0.0,1.0,1.0,sepsis,native,ours_cap_epoch,185426080.439,1.0,2.1,2.6,23.4,4.4,0.0,25.1,18.4,0.003,16.9,4024470.822,ours_noinflate,0.938075
h=0.1/q0=0.6/p=0.3/r=1/sig=0/cf=1,B_q0,0.1,0.6,0.3,1.0,0.0,1.0,1.0,sepsis,native,ours_cap_realized,185850714.995,1.00229,2.0,2.5,23.3,4.4,0.0,24.9,18.4,0.003,16.9,4024470.822,ours_noinflate,0.938075
h=0.1/q0=0.6/p=0.3/r=1/sig=0/cf=1,B_q0,0.1,0.6,0.3,1.0,0.0,1.0,1.0,sepsis,native,ours_pi_prior,186619709.657,1.006437,1.3,1.6,14.7,2.8,0.0,17.0,11.3,0.002,10.6,2524224.303,ours_noinflate,0.938075
h=0.1/q0=0.6/p=0.3/r=1/sig=0/cf=1,B_q0,0.1,0.6,0.3,1.0,0.0,1.0,1.0,sepsis,native,breakeven,187613411.641,1.011796,1.6,2.2,18.3,2.8,0.0,14.6,14.6,0.002,13.4,3191000.534,ours_noinflate,0.938075
h=0.1/q0=0.6/p=0.3/r=1/sig=0/cf=1,B_q0,0.1,0.6,0.3,1.0,0.0,1.0,1.0,sepsis,native,breakeven_cap_epoch,187613411.641,1.011796,1.6,2.2,18.3,2.8,0.0,14.6,14.6,0.002,13.4,3191000.534,ours_noinflate,0.938075
h=0.1/q0=0.6/p=0.3/r=1/sig=0/cf=1,B_q0,0.1,0.6,0.3,1.0,0.0,1.0,1.0,sepsis,native,offline_taxblind,179322411.091,0.967083,,,,,,,,,,,ours_noinflate,0.938075
h=0.1/q0=0.6/p=0.3/r=1/sig=0/cf=1,B_q0,0.1,0.6,0.3,1.0,0.0,1.0,1.0,sepsis,native,offline_opt_tax,179487020.026,0.967971,,,,,,,,,,,ours_noinflate,0.938075
h=0.1/q0=0.6/p=0.3/r=1/sig=0/cf=1,B_q0,0.1,0.6,0.3,1.0,0.0,1.0,1.0,wiki_A,autorpa_233k,always_reactive,19487424199.81,1.175238,0.0,0.0,0.0,0.0,0.0,0.0,0.0,0.001,0.0,0.0,ours_noinflate,0.913458
h=0.1/q0=0.6/p=0.3/r=1/sig=0/cf=1,B_q0,0.1,0.6,0.3,1.0,0.0,1.0,1.0,wiki_A,autorpa_233k,always_compile_evict,18152648852.329,1.094741,21.8,49.7,17381.8,5044.0,0.0,32232.8,16376.3,0.007,12161.0,2833513000.0,ours_noinflate,0.913458
h=0.1/q0=0.6/p=0.3/r=1/sig=0/cf=1,B_q0,0.1,0.6,0.3,1.0,0.0,1.0,1.0,wiki_A,autorpa_233k,ours_noinflate,16581680613.811,1.0,4.7,12.0,6491.6,1914.5,0.0,12327.6,5711.7,0.003,4548.2,1059730600.0,ours_noinflate,0.913458
h=0.1/q0=0.6/p=0.3/r=1/sig=0/cf=1,B_q0,0.1,0.6,0.3,1.0,0.0,1.0,1.0,wiki_A,autorpa_233k,oracle_tax,18158101686.976,1.09507,2.8,4.5,2858.1,852.5,0.0,5487.3,2341.8,0.002,2002.8,466652400.0,ours_noinflate,0.913458
h=0.1/q0=0.6/p=0.3/r=1/sig=0/cf=1,B_q0,0.1,0.6,0.3,1.0,0.0,1.0,1.0,wiki_A,autorpa_233k,ours_spend_cap,19433666861.088,1.171996,3.9,11.3,299.5,67.9,0.0,445.2,240.2,0.002,208.5,48580500.0,ours_noinflate,0.913458
h=0.1/q0=0.6/p=0.3/r=1/sig=0/cf=1,B_q0,0.1,0.6,0.3,1.0,0.0,1.0,1.0,wiki_A,autorpa_233k,ours_cap_epoch,19323636872.195,1.165361,4.1,11.3,589.5,148.2,0.0,953.7,460.3,0.002,415.2,96741600.0,ours_noinflate,0.913458
h=0.1/q0=0.6/p=0.3/r=1/sig=0/cf=1,B_q0,0.1,0.6,0.3,1.0,0.0,1.0,1.0,wiki_A,autorpa_233k,ours_cap_realized,16582747239.539,1.000064,4.7,11.9,6482.5,1912.7,0.0,12318.6,5704.0,0.003,4541.1,1058076300.0,ours_noinflate,0.913458
h=0.1/q0=0.6/p=0.3/r=1/sig=0/cf=1,B_q0,0.1,0.6,0.3,1.0,0.0,1.0,1.0,wiki_A,autorpa_233k,ours_pi_prior,17552738622.492,1.058562,3.7,9.8,4292.9,1267.6,0.0,8191.0,3777.2,0.002,3002.1,699489300.0,ours_noinflate,0.913458
h=0.1/q0=0.6/p=0.3/r=1/sig=0/cf=1,B_q0,0.1,0.6,0.3,1.0,0.0,1.0,1.0,wiki_A,autorpa_233k,breakeven,19461954472.775,1.173702,1.0,6.8,2206.7,600.7,0.0,3830.1,1958.4,0.002,1546.9,360427700.0,ours_noinflate,0.913458
h=0.1/q0=0.6/p=0.3/r=1/sig=0/cf=1,B_q0,0.1,0.6,0.3,1.0,0.0,1.0,1.0,wiki_A,autorpa_233k,breakeven_cap_epoch,19413646443.389,1.170789,0.8,5.5,474.5,100.1,0.0,654.1,385.8,0.002,334.4,77915200.0,ours_noinflate,0.913458
h=0.1/q0=0.6/p=0.3/r=1/sig=0/cf=1,B_q0,0.1,0.6,0.3,1.0,0.0,1.0,1.0,wiki_A,autorpa_233k,offline_taxblind,15474862580.08,0.933251,,,,,,,,,,,ours_noinflate,0.913458
h=0.1/q0=0.6/p=0.3/r=1/sig=0/cf=1,B_q0,0.1,0.6,0.3,1.0,0.0,1.0,1.0,wiki_A,autorpa_233k,offline_opt_tax,15499103468.241,0.934712,,,,,,,,,,,ours_noinflate,0.913458
h=0.1/q0=0.6/p=0.3/r=1/sig=0/cf=1,B_q0,0.1,0.6,0.3,1.0,0.0,1.0,1.0,wiki_A,native,always_reactive,19487424199.81,1.172994,0.0,0.0,0.0,0.0,0.0,0.0,0.0,0.001,0.0,0.0,ours_noinflate,0.892032
h=0.1/q0=0.6/p=0.3/r=1/sig=0/cf=1,B_q0,0.1,0.6,0.3,1.0,0.0,1.0,1.0,wiki_A,native,always_compile_evict,18624219478.864,1.121036,20.0,49.1,17381.8,5044.0,0.0,32232.8,16381.2,0.007,12161.0,3161015060.947,ours_noinflate,0.892032
h=0.1/q0=0.6/p=0.3/r=1/sig=0/cf=1,B_q0,0.1,0.6,0.3,1.0,0.0,1.0,1.0,wiki_A,native,ours_noinflate,16613403353.34,1.0,4.5,11.7,6483.9,1913.7,0.0,12318.2,5704.3,0.003,4542.4,1081701554.029,ours_noinflate,0.892032
h=0.1/q0=0.6/p=0.3/r=1/sig=0/cf=1,B_q0,0.1,0.6,0.3,1.0,0.0,1.0,1.0,wiki_A,native,oracle_tax,18190044655.227,1.094902,2.8,4.5,2808.2,839.0,0.0,5399.9,2299.1,0.002,1966.4,468267421.593,ours_noinflate,0.892032
h=0.1/q0=0.6/p=0.3/r=1/sig=0/cf=1,B_q0,0.1,0.6,0.3,1.0,0.0,1.0,1.0,wiki_A,native,ours_spend_cap,19433760982.375,1.169764,3.7,10.8,293.2,67.2,0.0,437.8,234.1,0.002,203.7,48507970.799,ours_noinflate,0.892032
h=0.1/q0=0.6/p=0.3/r=1/sig=0/cf=1,B_q0,0.1,0.6,0.3,1.0,0.0,1.0,1.0,wiki_A,native,ours_cap_epoch,19325182291.629,1.163228,3.9,11.0,582.9,147.5,0.0,945.8,453.8,0.002,410.3,97706531.265,ours_noinflate,0.892032
h=0.1/q0=0.6/p=0.3/r=1/sig=0/cf=1,B_q0,0.1,0.6,0.3,1.0,0.0,1.0,1.0,wiki_A,native,ours_cap_realized,16614534627.215,1.000068,4.5,11.6,6475.0,1911.9,0.0,12309.2,5696.8,0.003,4535.5,1080058426.889,ours_noinflate,0.892032
h=0.1/q0=0.6/p=0.3/r=1/sig=0/cf=1,B_q0,0.1,0.6,0.3,1.0,0.0,1.0,1.0,wiki_A,native,ours_pi_prior,17576274231.412,1.057957,3.6,10.1,4303.4,1268.8,0.0,8194.4,3787.3,0.002,3010.4,715767878.03,ours_noinflate,0.892032
h=0.1/q0=0.6/p=0.3/r=1/sig=0/cf=1,B_q0,0.1,0.6,0.3,1.0,0.0,1.0,1.0,wiki_A,native,breakeven,19486941400.455,1.172965,0.4,6.9,1990.5,538.5,0.0,3451.6,1747.5,0.002,1393.5,358569569.346,ours_noinflate,0.892032
h=0.1/q0=0.6/p=0.3/r=1/sig=0/cf=1,B_q0,0.1,0.6,0.3,1.0,0.0,1.0,1.0,wiki_A,native,breakeven_cap_epoch,19417026200.737,1.168757,0.3,5.6,491.4,105.0,0.0,688.6,400.0,0.002,345.2,81256695.061,ours_noinflate,0.892032
h=0.1/q0=0.6/p=0.3/r=1/sig=0/cf=1,B_q0,0.1,0.6,0.3,1.0,0.0,1.0,1.0,wiki_A,native,offline_taxblind,15519937198.349,0.934182,,,,,,,,,,,ours_noinflate,0.892032
h=0.1/q0=0.6/p=0.3/r=1/sig=0/cf=1,B_q0,0.1,0.6,0.3,1.0,0.0,1.0,1.0,wiki_A,native,offline_opt_tax,15544308476.308,0.935649,,,,,,,,,,,ours_noinflate,0.892032
h=0.1/q0=0.6/p=0.3/r=1/sig=0/cf=1,B_q0,0.1,0.6,0.3,1.0,0.0,1.0,1.0,wiki_B,autorpa_233k,always_reactive,16977748066.619,1.021737,0.0,0.0,0.0,0.0,0.0,0.0,0.0,0.002,0.0,0.0,ours_pi_prior,0.895112
h=0.1/q0=0.6/p=0.3/r=1/sig=0/cf=1,B_q0,0.1,0.6,0.3,1.0,0.0,1.0,1.0,wiki_B,autorpa_233k,always_compile_evict,18545978590.993,1.116115,107.8,123.9,9992.5,2100.5,0.0,13517.4,9763.1,0.041,6987.8,1628157400.0,ours_pi_prior,0.895112
h=0.1/q0=0.6/p=0.3/r=1/sig=0/cf=1,B_q0,0.1,0.6,0.3,1.0,0.0,1.0,1.0,wiki_B,autorpa_233k,ours_noinflate,16616552288.292,1.0,22.4,33.2,2038.3,439.7,0.0,2847.3,1872.5,0.01,1430.6,333329800.0,ours_pi_prior,0.895112
h=0.1/q0=0.6/p=0.3/r=1/sig=0/cf=1,B_q0,0.1,0.6,0.3,1.0,0.0,1.0,1.0,wiki_B,autorpa_233k,oracle_tax,16917359972.002,1.018103,7.8,10.8,186.3,50.0,0.0,323.1,149.3,0.003,128.5,29940500.0,ours_pi_prior,0.895112
h=0.1/q0=0.6/p=0.3/r=1/sig=0/cf=1,B_q0,0.1,0.6,0.3,1.0,0.0,1.0,1.0,wiki_B,autorpa_233k,ours_spend_cap,16978667106.374,1.021792,17.6,26.3,1134.6,180.8,0.0,1173.5,977.0,0.008,797.0,185701000.0,ours_pi_prior,0.895112
h=0.1/q0=0.6/p=0.3/r=1/sig=0/cf=1,B_q0,0.1,0.6,0.3,1.0,0.0,1.0,1.0,wiki_B,autorpa_233k,ours_cap_epoch,16883983852.221,1.016094,20.3,30.8,1410.9,254.8,0.0,1656.7,1241.3,0.01,991.8,231089400.0,ours_pi_prior,0.895112
h=0.1/q0=0.6/p=0.3/r=1/sig=0/cf=1,B_q0,0.1,0.6,0.3,1.0,0.0,1.0,1.0,wiki_B,autorpa_233k,ours_cap_realized,16642856586.638,1.001583,21.9,32.8,1957.5,416.9,0.0,2701.3,1794.0,0.01,1373.8,320095400.0,ours_pi_prior,0.895112
h=0.1/q0=0.6/p=0.3/r=1/sig=0/cf=1,B_q0,0.1,0.6,0.3,1.0,0.0,1.0,1.0,wiki_B,autorpa_233k,ours_pi_prior,16600729219.945,0.999048,23.4,30.6,1991.2,443.3,0.0,2848.9,1847.6,0.01,1387.9,323380700.0,ours_pi_prior,0.895112
h=0.1/q0=0.6/p=0.3/r=1/sig=0/cf=1,B_q0,0.1,0.6,0.3,1.0,0.0,1.0,1.0,wiki_B,autorpa_233k,breakeven,17153383798.606,1.032307,4.8,11.8,1340.6,177.0,0.0,1091.0,1224.1,0.004,930.5,216806500.0,ours_pi_prior,0.895112
h=0.1/q0=0.6/p=0.3/r=1/sig=0/cf=1,B_q0,0.1,0.6,0.3,1.0,0.0,1.0,1.0,wiki_B,autorpa_233k,breakeven_cap_epoch,17088441404.708,1.028399,4.4,10.4,987.9,105.4,0.0,640.0,885.9,0.004,686.8,160024400.0,ours_pi_prior,0.895112
h=0.1/q0=0.6/p=0.3/r=1/sig=0/cf=1,B_q0,0.1,0.6,0.3,1.0,0.0,1.0,1.0,wiki_B,autorpa_233k,offline_taxblind,16139700326.53,0.971303,,,,,,,,,,,ours_pi_prior,0.895112
h=0.1/q0=0.6/p=0.3/r=1/sig=0/cf=1,B_q0,0.1,0.6,0.3,1.0,0.0,1.0,1.0,wiki_B,autorpa_233k,offline_opt_tax,16262095845.583,0.978668,,,,,,,,,,,ours_pi_prior,0.895112
h=0.1/q0=0.6/p=0.3/r=1/sig=0/cf=1,B_q0,0.1,0.6,0.3,1.0,0.0,1.0,1.0,wiki_B,native,always_reactive,16977748066.619,1.021415,0.0,0.0,0.0,0.0,0.0,0.0,0.0,0.002,0.0,0.0,ours_pi_prior,0.882359
h=0.1/q0=0.6/p=0.3/r=1/sig=0/cf=1,B_q0,0.1,0.6,0.3,1.0,0.0,1.0,1.0,wiki_B,native,always_compile_evict,18832871399.764,1.133023,116.2,129.8,9992.5,2100.5,0.0,13517.4,9764.9,0.041,6987.8,1822224196.01,ours_pi_prior,0.882359
h=0.1/q0=0.6/p=0.3/r=1/sig=0/cf=1,B_q0,0.1,0.6,0.3,1.0,0.0,1.0,1.0,wiki_B,native,ours_noinflate,16621791128.046,1.0,22.0,33.5,2005.8,436.4,0.0,2826.5,1841.5,0.01,1408.0,335293190.4,ours_pi_prior,0.882359
h=0.1/q0=0.6/p=0.3/r=1/sig=0/cf=1,B_q0,0.1,0.6,0.3,1.0,0.0,1.0,1.0,wiki_B,native,oracle_tax,16919455690.605,1.017908,7.2,10.3,183.0,49.4,0.0,318.4,146.6,0.003,126.4,30100184.138,ours_pi_prior,0.882359
h=0.1/q0=0.6/p=0.3/r=1/sig=0/cf=1,B_q0,0.1,0.6,0.3,1.0,0.0,1.0,1.0,wiki_B,native,ours_spend_cap,16979502559.742,1.021521,17.3,26.4,1104.3,177.4,0.0,1153.1,948.1,0.008,776.2,184839896.583,ours_pi_prior,0.882359
h=0.1/q0=0.6/p=0.3/r=1/sig=0/cf=1,B_q0,0.1,0.6,0.3,1.0,0.0,1.0,1.0,wiki_B,native,ours_cap_epoch,16886383739.922,1.015918,20.0,31.0,1379.6,251.4,0.0,1636.3,1211.4,0.01,970.2,231037964.01,ours_pi_prior,0.882359
h=0.1/q0=0.6/p=0.3/r=1/sig=0/cf=1,B_q0,0.1,0.6,0.3,1.0,0.0,1.0,1.0,wiki_B,native,ours_cap_realized,16647796955.746,1.001565,21.4,32.8,1924.9,413.6,0.0,2679.7,1762.8,0.01,1351.3,321790971.724,ours_pi_prior,0.882359
h=0.1/q0=0.6/p=0.3/r=1/sig=0/cf=1,B_q0,0.1,0.6,0.3,1.0,0.0,1.0,1.0,wiki_B,native,ours_pi_prior,16617347906.147,0.999733,24.0,31.3,2012.7,446.1,0.0,2867.2,1871.7,0.01,1401.7,331597562.702,ours_pi_prior,0.882359
h=0.1/q0=0.6/p=0.3/r=1/sig=0/cf=1,B_q0,0.1,0.6,0.3,1.0,0.0,1.0,1.0,wiki_B,native,breakeven,17152813317.153,1.031947,4.3,11.1,1344.0,170.8,0.0,1053.9,1224.3,0.004,933.6,216652912.035,ours_pi_prior,0.882359
h=0.1/q0=0.6/p=0.3/r=1/sig=0/cf=1,B_q0,0.1,0.6,0.3,1.0,0.0,1.0,1.0,wiki_B,native,breakeven_cap_epoch,17093892036.187,1.028403,3.8,10.0,1025.8,107.9,0.0,674.4,920.6,0.004,714.1,165624271.16,ours_pi_prior,0.882359
h=0.1/q0=0.6/p=0.3/r=1/sig=0/cf=1,B_q0,0.1,0.6,0.3,1.0,0.0,1.0,1.0,wiki_B,native,offline_taxblind,16152553361.545,0.97177,,,,,,,,,,,ours_pi_prior,0.882359
h=0.1/q0=0.6/p=0.3/r=1/sig=0/cf=1,B_q0,0.1,0.6,0.3,1.0,0.0,1.0,1.0,wiki_B,native,offline_opt_tax,16274981179.855,0.979135,,,,,,,,,,,ours_pi_prior,0.882359
h=0.1/q0=0.6/p=0/r=1/sig=0/cf=10.5094,B_q0,0.1,0.6,0.0,1.0,0.0,1.0,10.509389227369171,bpi2019,autorpa_233k,always_reactive,28364744721.458,1.0,0.0,0.0,0.0,0.0,0.0,0.0,0.0,0.003,0.0,0.0,always_reactive,0.046633
h=0.1/q0=0.6/p=0/r=1/sig=0/cf=10.5094,B_q0,0.1,0.6,0.0,1.0,0.0,1.0,10.509389227369171,bpi2019,autorpa_233k,always_compile_evict,608258066088.321,21.444158,0.0,0.0,236818.0,0.0,0.0,0.0,236818.0,0.0,236818.0,579893321364.895,always_reactive,0.046633
h=0.1/q0=0.6/p=0/r=1/sig=0/cf=10.5094,B_q0,0.1,0.6,0.0,1.0,0.0,1.0,10.509389227369171,bpi2019,autorpa_233k,ours_noinflate,28364744721.458,1.0,0.0,0.0,0.0,0.0,0.0,0.0,0.0,0.003,0.0,0.0,always_reactive,0.046633
h=0.1/q0=0.6/p=0/r=1/sig=0/cf=10.5094,B_q0,0.1,0.6,0.0,1.0,0.0,1.0,10.509389227369171,bpi2019,autorpa_233k,oracle_tax,28364744721.458,1.0,0.0,0.0,0.0,0.0,0.0,0.0,0.0,0.003,0.0,0.0,always_reactive,0.046633
h=0.1/q0=0.6/p=0/r=1/sig=0/cf=10.5094,B_q0,0.1,0.6,0.0,1.0,0.0,1.0,10.509389227369171,bpi2019,autorpa_233k,ours_spend_cap,28364744721.458,1.0,0.0,0.0,0.0,0.0,0.0,0.0,0.0,0.003,0.0,0.0,always_reactive,0.046633
h=0.1/q0=0.6/p=0/r=1/sig=0/cf=10.5094,B_q0,0.1,0.6,0.0,1.0,0.0,1.0,10.509389227369171,bpi2019,autorpa_233k,ours_cap_epoch,28364744721.458,1.0,0.0,0.0,0.0,0.0,0.0,0.0,0.0,0.003,0.0,0.0,always_reactive,0.046633
h=0.1/q0=0.6/p=0/r=1/sig=0/cf=10.5094,B_q0,0.1,0.6,0.0,1.0,0.0,1.0,10.509389227369171,bpi2019,autorpa_233k,ours_cap_realized,28364744721.458,1.0,0.0,0.0,0.0,0.0,0.0,0.0,0.0,0.003,0.0,0.0,always_reactive,0.046633
h=0.1/q0=0.6/p=0/r=1/sig=0/cf=10.5094,B_q0,0.1,0.6,0.0,1.0,0.0,1.0,10.509389227369171,bpi2019,autorpa_233k,ours_pi_prior,28545947610.515,1.006388,0.0,0.0,74.0,0.0,0.0,0.0,74.0,0.003,74.0,181202889.058,always_reactive,0.046633
h=0.1/q0=0.6/p=0/r=1/sig=0/cf=10.5094,B_q0,0.1,0.6,0.0,1.0,0.0,1.0,10.509389227369171,bpi2019,autorpa_233k,breakeven,121953588232.333,4.299478,0.0,0.0,38220.0,0.0,0.0,0.0,38220.0,0.001,38220.0,93588843510.918,always_reactive,0.046633
h=0.1/q0=0.6/p=0/r=1/sig=0/cf=10.5094,B_q0,0.1,0.6,0.0,1.0,0.0,1.0,10.509389227369171,bpi2019,autorpa_233k,breakeven_cap_epoch,29701728200.181,1.047135,0.0,0.0,546.0,0.0,0.0,0.0,546.0,0.003,546.0,1336983478.727,always_reactive,0.046633
h=0.1/q0=0.6/p=0/r=1/sig=0/cf=10.5094,B_q0,0.1,0.6,0.0,1.0,0.0,1.0,10.509389227369171,bpi2019,autorpa_233k,offline_taxblind,28364744721.522,1.0,,,,,,,,,,,always_reactive,0.046633
h=0.1/q0=0.6/p=0/r=1/sig=0/cf=10.5094,B_q0,0.1,0.6,0.0,1.0,0.0,1.0,10.509389227369171,bpi2019,autorpa_233k,offline_opt_tax,28364744721.522,1.0,,,,,,,,,,,always_reactive,0.046633
h=0.1/q0=0.6/p=0/r=1/sig=0/cf=10.5094,B_q0,0.1,0.6,0.0,1.0,0.0,1.0,10.509389227369171,bpi2019,native,always_reactive,28364744721.458,1.0,0.0,0.0,0.0,0.0,0.0,0.0,0.0,0.003,0.0,0.0,always_reactive,0.036059
h=0.1/q0=0.6/p=0/r=1/sig=0/cf=10.5094,B_q0,0.1,0.6,0.0,1.0,0.0,1.0,10.509389227369171,bpi2019,native,always_compile_evict,786629619891.115,27.732653,0.0,0.0,236818.0,0.0,0.0,0.0,236818.0,0.0,236818.0,758264875166.386,always_reactive,0.036059
h=0.1/q0=0.6/p=0/r=1/sig=0/cf=10.5094,B_q0,0.1,0.6,0.0,1.0,0.0,1.0,10.509389227369171,bpi2019,native,ours_noinflate,28364744721.458,1.0,0.0,0.0,0.0,0.0,0.0,0.0,0.0,0.003,0.0,0.0,always_reactive,0.036059
h=0.1/q0=0.6/p=0/r=1/sig=0/cf=10.5094,B_q0,0.1,0.6,0.0,1.0,0.0,1.0,10.509389227369171,bpi2019,native,oracle_tax,28364744721.458,1.0,0.0,0.0,0.0,0.0,0.0,0.0,0.0,0.003,0.0,0.0,always_reactive,0.036059
h=0.1/q0=0.6/p=0/r=1/sig=0/cf=10.5094,B_q0,0.1,0.6,0.0,1.0,0.0,1.0,10.509389227369171,bpi2019,native,ours_spend_cap,28364744721.458,1.0,0.0,0.0,0.0,0.0,0.0,0.0,0.0,0.003,0.0,0.0,always_reactive,0.036059
h=0.1/q0=0.6/p=0/r=1/sig=0/cf=10.5094,B_q0,0.1,0.6,0.0,1.0,0.0,1.0,10.509389227369171,bpi2019,native,ours_cap_epoch,28364744721.458,1.0,0.0,0.0,0.0,0.0,0.0,0.0,0.0,0.003,0.0,0.0,always_reactive,0.036059
h=0.1/q0=0.6/p=0/r=1/sig=0/cf=10.5094,B_q0,0.1,0.6,0.0,1.0,0.0,1.0,10.509389227369171,bpi2019,native,ours_cap_realized,28364744721.458,1.0,0.0,0.0,0.0,0.0,0.0,0.0,0.0,0.003,0.0,0.0,always_reactive,0.036059
h=0.1/q0=0.6/p=0/r=1/sig=0/cf=10.5094,B_q0,0.1,0.6,0.0,1.0,0.0,1.0,10.509389227369171,bpi2019,native,ours_pi_prior,28549940581.966,1.006529,0.0,0.0,74.0,0.0,0.0,0.0,74.0,0.003,74.0,185195860.509,always_reactive,0.036059
h=0.1/q0=0.6/p=0/r=1/sig=0/cf=10.5094,B_q0,0.1,0.6,0.0,1.0,0.0,1.0,10.509389227369171,bpi2019,native,breakeven,121876771704.642,4.29677,0.0,0.0,36760.0,0.0,0.0,0.0,36760.0,0.001,36760.0,93512026983.125,always_reactive,0.036059
h=0.1/q0=0.6/p=0/r=1/sig=0/cf=10.5094,B_q0,0.1,0.6,0.0,1.0,0.0,1.0,10.509389227369171,bpi2019,native,breakeven_cap_epoch,29742522863.888,1.048574,0.0,0.0,550.0,0.0,0.0,0.0,550.0,0.003,550.0,1377778142.433,always_reactive,0.036059
h=0.1/q0=0.6/p=0/r=1/sig=0/cf=10.5094,B_q0,0.1,0.6,0.0,1.0,0.0,1.0,10.509389227369171,bpi2019,native,offline_taxblind,28364744721.522,1.0,,,,,,,,,,,always_reactive,0.036059
h=0.1/q0=0.6/p=0/r=1/sig=0/cf=10.5094,B_q0,0.1,0.6,0.0,1.0,0.0,1.0,10.509389227369171,bpi2019,native,offline_opt_tax,28364744721.522,1.0,,,,,,,,,,,always_reactive,0.036059
h=0.1/q0=0.6/p=0/r=1/sig=0/cf=10.5094,B_q0,0.1,0.6,0.0,1.0,0.0,1.0,10.509389227369171,sepsis,autorpa_233k,always_reactive,187135368.565,1.0,0.0,0.0,0.0,0.0,0.0,0.0,0.0,0.002,0.0,0.0,always_reactive,0.349884
h=0.1/q0=0.6/p=0/r=1/sig=0/cf=10.5094,B_q0,0.1,0.6,0.0,1.0,0.0,1.0,10.509389227369171,sepsis,autorpa_233k,always_compile_evict,534849020.541,2.858086,0.0,0.0,142.0,0.0,0.0,0.0,142.0,0.001,142.0,347713651.977,always_reactive,0.349884
h=0.1/q0=0.6/p=0/r=1/sig=0/cf=10.5094,B_q0,0.1,0.6,0.0,1.0,0.0,1.0,10.509389227369171,sepsis,autorpa_233k,ours_noinflate,187135368.565,1.0,0.0,0.0,0.0,0.0,0.0,0.0,0.0,0.002,0.0,0.0,always_reactive,0.349884
h=0.1/q0=0.6/p=0/r=1/sig=0/cf=10.5094,B_q0,0.1,0.6,0.0,1.0,0.0,1.0,10.509389227369171,sepsis,autorpa_233k,oracle_tax,187135368.565,1.0,0.0,0.0,0.0,0.0,0.0,0.0,0.0,0.002,0.0,0.0,always_reactive,0.349884
h=0.1/q0=0.6/p=0/r=1/sig=0/cf=10.5094,B_q0,0.1,0.6,0.0,1.0,0.0,1.0,10.509389227369171,sepsis,autorpa_233k,ours_spend_cap,187135368.565,1.0,0.0,0.0,0.0,0.0,0.0,0.0,0.0,0.002,0.0,0.0,always_reactive,0.349884
h=0.1/q0=0.6/p=0/r=1/sig=0/cf=10.5094,B_q0,0.1,0.6,0.0,1.0,0.0,1.0,10.509389227369171,sepsis,autorpa_233k,ours_cap_epoch,187135368.565,1.0,0.0,0.0,0.0,0.0,0.0,0.0,0.0,0.002,0.0,0.0,always_reactive,0.349884
h=0.1/q0=0.6/p=0/r=1/sig=0/cf=10.5094,B_q0,0.1,0.6,0.0,1.0,0.0,1.0,10.509389227369171,sepsis,autorpa_233k,ours_cap_realized,187135368.565,1.0,0.0,0.0,0.0,0.0,0.0,0.0,0.0,0.002,0.0,0.0,always_reactive,0.349884
h=0.1/q0=0.6/p=0/r=1/sig=0/cf=10.5094,B_q0,0.1,0.6,0.0,1.0,0.0,1.0,10.509389227369171,sepsis,autorpa_233k,ours_pi_prior,187135368.565,1.0,0.0,0.0,0.0,0.0,0.0,0.0,0.0,0.002,0.0,0.0,always_reactive,0.349884
h=0.1/q0=0.6/p=0/r=1/sig=0/cf=10.5094,B_q0,0.1,0.6,0.0,1.0,0.0,1.0,10.509389227369171,sepsis,autorpa_233k,breakeven,321813191.513,1.719681,0.0,0.0,55.0,0.0,0.0,0.0,55.0,0.001,55.0,134677822.949,always_reactive,0.349884
h=0.1/q0=0.6/p=0/r=1/sig=0/cf=10.5094,B_q0,0.1,0.6,0.0,1.0,0.0,1.0,10.509389227369171,sepsis,autorpa_233k,breakeven_cap_epoch,196930119.325,1.05234,0.0,0.0,4.0,0.0,0.0,0.0,4.0,0.002,4.0,9794750.76,always_reactive,0.349884
h=0.1/q0=0.6/p=0/r=1/sig=0/cf=10.5094,B_q0,0.1,0.6,0.0,1.0,0.0,1.0,10.509389227369171,sepsis,autorpa_233k,offline_taxblind,187135368.565,1.0,,,,,,,,,,,always_reactive,0.349884
h=0.1/q0=0.6/p=0/r=1/sig=0/cf=10.5094,B_q0,0.1,0.6,0.0,1.0,0.0,1.0,10.509389227369171,sepsis,autorpa_233k,offline_opt_tax,187135368.565,1.0,,,,,,,,,,,always_reactive,0.349884
h=0.1/q0=0.6/p=0/r=1/sig=0/cf=10.5094,B_q0,0.1,0.6,0.0,1.0,0.0,1.0,10.509389227369171,sepsis,native,always_reactive,187135368.565,1.0,0.0,0.0,0.0,0.0,0.0,0.0,0.0,0.002,0.0,0.0,always_reactive,0.328719
h=0.1/q0=0.6/p=0/r=1/sig=0/cf=10.5094,B_q0,0.1,0.6,0.0,1.0,0.0,1.0,10.509389227369171,sepsis,native,always_compile_evict,569286043.47,3.042108,0.0,0.0,142.0,0.0,0.0,0.0,142.0,0.001,142.0,382150674.905,always_reactive,0.328719
h=0.1/q0=0.6/p=0/r=1/sig=0/cf=10.5094,B_q0,0.1,0.6,0.0,1.0,0.0,1.0,10.509389227369171,sepsis,native,ours_noinflate,187135368.565,1.0,0.0,0.0,0.0,0.0,0.0,0.0,0.0,0.002,0.0,0.0,always_reactive,0.328719
h=0.1/q0=0.6/p=0/r=1/sig=0/cf=10.5094,B_q0,0.1,0.6,0.0,1.0,0.0,1.0,10.509389227369171,sepsis,native,oracle_tax,187135368.565,1.0,0.0,0.0,0.0,0.0,0.0,0.0,0.0,0.002,0.0,0.0,always_reactive,0.328719
h=0.1/q0=0.6/p=0/r=1/sig=0/cf=10.5094,B_q0,0.1,0.6,0.0,1.0,0.0,1.0,10.509389227369171,sepsis,native,ours_spend_cap,187135368.565,1.0,0.0,0.0,0.0,0.0,0.0,0.0,0.0,0.002,0.0,0.0,always_reactive,0.328719
h=0.1/q0=0.6/p=0/r=1/sig=0/cf=10.5094,B_q0,0.1,0.6,0.0,1.0,0.0,1.0,10.509389227369171,sepsis,native,ours_cap_epoch,187135368.565,1.0,0.0,0.0,0.0,0.0,0.0,0.0,0.0,0.002,0.0,0.0,always_reactive,0.328719
h=0.1/q0=0.6/p=0/r=1/sig=0/cf=10.5094,B_q0,0.1,0.6,0.0,1.0,0.0,1.0,10.509389227369171,sepsis,native,ours_cap_realized,187135368.565,1.0,0.0,0.0,0.0,0.0,0.0,0.0,0.0,0.002,0.0,0.0,always_reactive,0.328719
h=0.1/q0=0.6/p=0/r=1/sig=0/cf=10.5094,B_q0,0.1,0.6,0.0,1.0,0.0,1.0,10.509389227369171,sepsis,native,ours_pi_prior,187135368.565,1.0,0.0,0.0,0.0,0.0,0.0,0.0,0.0,0.002,0.0,0.0,always_reactive,0.328719
h=0.1/q0=0.6/p=0/r=1/sig=0/cf=10.5094,B_q0,0.1,0.6,0.0,1.0,0.0,1.0,10.509389227369171,sepsis,native,breakeven,324780940.565,1.73554,0.0,0.0,55.0,0.0,0.0,0.0,55.0,0.001,55.0,137645572.0,always_reactive,0.328719
h=0.1/q0=0.6/p=0/r=1/sig=0/cf=10.5094,B_q0,0.1,0.6,0.0,1.0,0.0,1.0,10.509389227369171,sepsis,native,breakeven_cap_epoch,197145955.619,1.053494,0.0,0.0,4.0,0.0,0.0,0.0,4.0,0.002,4.0,10010587.055,always_reactive,0.328719
h=0.1/q0=0.6/p=0/r=1/sig=0/cf=10.5094,B_q0,0.1,0.6,0.0,1.0,0.0,1.0,10.509389227369171,sepsis,native,offline_taxblind,187135368.565,1.0,,,,,,,,,,,always_reactive,0.328719
h=0.1/q0=0.6/p=0/r=1/sig=0/cf=10.5094,B_q0,0.1,0.6,0.0,1.0,0.0,1.0,10.509389227369171,sepsis,native,offline_opt_tax,187135368.565,1.0,,,,,,,,,,,always_reactive,0.328719
h=0.1/q0=0.6/p=0/r=1/sig=0/cf=10.5094,B_q0,0.1,0.6,0.0,1.0,0.0,1.0,10.509389227369171,wiki_A,autorpa_233k,always_reactive,19487424199.81,1.0,0.0,0.0,0.0,0.0,0.0,0.0,0.0,0.001,0.0,0.0,always_reactive,0.11285
h=0.1/q0=0.6/p=0/r=1/sig=0/cf=10.5094,B_q0,0.1,0.6,0.0,1.0,0.0,1.0,10.509389227369171,wiki_A,autorpa_233k,always_compile_evict,172684672147.794,8.861339,0.0,0.0,62563.0,0.0,0.0,0.0,62563.0,0.0,62563.0,153197247948.046,always_reactive,0.11285
h=0.1/q0=0.6/p=0/r=1/sig=0/cf=10.5094,B_q0,0.1,0.6,0.0,1.0,0.0,1.0,10.509389227369171,wiki_A,autorpa_233k,ours_noinflate,19487424199.81,1.0,0.0,0.0,0.0,0.0,0.0,0.0,0.0,0.001,0.0,0.0,always_reactive,0.11285
h=0.1/q0=0.6/p=0/r=1/sig=0/cf=10.5094,B_q0,0.1,0.6,0.0,1.0,0.0,1.0,10.509389227369171,wiki_A,autorpa_233k,oracle_tax,19487424199.81,1.0,0.0,0.0,0.0,0.0,0.0,0.0,0.0,0.001,0.0,0.0,always_reactive,0.11285
h=0.1/q0=0.6/p=0/r=1/sig=0/cf=10.5094,B_q0,0.1,0.6,0.0,1.0,0.0,1.0,10.509389227369171,wiki_A,autorpa_233k,ours_spend_cap,19487424199.81,1.0,0.0,0.0,0.0,0.0,0.0,0.0,0.0,0.001,0.0,0.0,always_reactive,0.11285
h=0.1/q0=0.6/p=0/r=1/sig=0/cf=10.5094,B_q0,0.1,0.6,0.0,1.0,0.0,1.0,10.509389227369171,wiki_A,autorpa_233k,ours_cap_epoch,19487424199.81,1.0,0.0,0.0,0.0,0.0,0.0,0.0,0.0,0.001,0.0,0.0,always_reactive,0.11285
h=0.1/q0=0.6/p=0/r=1/sig=0/cf=10.5094,B_q0,0.1,0.6,0.0,1.0,0.0,1.0,10.509389227369171,wiki_A,autorpa_233k,ours_cap_realized,19487424199.81,1.0,0.0,0.0,0.0,0.0,0.0,0.0,0.0,0.001,0.0,0.0,always_reactive,0.11285
h=0.1/q0=0.6/p=0/r=1/sig=0/cf=10.5094,B_q0,0.1,0.6,0.0,1.0,0.0,1.0,10.509389227369171,wiki_A,autorpa_233k,ours_pi_prior,19514359764.399,1.001382,0.0,0.0,11.0,0.0,0.0,0.0,11.0,0.001,11.0,26935564.59,always_reactive,0.11285
h=0.1/q0=0.6/p=0/r=1/sig=0/cf=10.5094,B_q0,0.1,0.6,0.0,1.0,0.0,1.0,10.509389227369171,wiki_A,autorpa_233k,breakeven,90413663139.931,4.63959,0.0,0.0,28965.0,0.0,0.0,0.0,28965.0,0.0,28965.0,70926238940.201,always_reactive,0.11285
h=0.1/q0=0.6/p=0/r=1/sig=0/cf=10.5094,B_q0,0.1,0.6,0.0,1.0,0.0,1.0,10.509389227369171,wiki_A,autorpa_233k,breakeven_cap_epoch,19751882470.324,1.013571,0.0,0.0,108.0,0.0,0.0,0.0,108.0,0.001,108.0,264458270.518,always_reactive,0.11285
h=0.1/q0=0.6/p=0/r=1/sig=0/cf=10.5094,B_q0,0.1,0.6,0.0,1.0,0.0,1.0,10.509389227369171,wiki_A,autorpa_233k,offline_taxblind,19487424199.821,1.0,,,,,,,,,,,always_reactive,0.11285
h=0.1/q0=0.6/p=0/r=1/sig=0/cf=10.5094,B_q0,0.1,0.6,0.0,1.0,0.0,1.0,10.509389227369171,wiki_A,autorpa_233k,offline_opt_tax,19487424199.821,1.0,,,,,,,,,,,always_reactive,0.11285
h=0.1/q0=0.6/p=0/r=1/sig=0/cf=10.5094,B_q0,0.1,0.6,0.0,1.0,0.0,1.0,10.509389227369171,wiki_A,native,always_reactive,19487424199.81,1.0,0.0,0.0,0.0,0.0,0.0,0.0,0.0,0.001,0.0,0.0,always_reactive,0.102418
h=0.1/q0=0.6/p=0/r=1/sig=0/cf=10.5094,B_q0,0.1,0.6,0.0,1.0,0.0,1.0,10.509389227369171,wiki_A,native,always_compile_evict,190272724193.731,9.763872,0.0,0.0,62563.0,0.0,0.0,0.0,62563.0,0.0,62563.0,170785299993.635,always_reactive,0.102418
h=0.1/q0=0.6/p=0/r=1/sig=0/cf=10.5094,B_q0,0.1,0.6,0.0,1.0,0.0,1.0,10.509389227369171,wiki_A,native,ours_noinflate,19487424199.81,1.0,0.0,0.0,0.0,0.0,0.0,0.0,0.0,0.001,0.0,0.0,always_reactive,0.102418
h=0.1/q0=0.6/p=0/r=1/sig=0/cf=10.5094,B_q0,0.1,0.6,0.0,1.0,0.0,1.0,10.509389227369171,wiki_A,native,oracle_tax,19487424199.81,1.0,0.0,0.0,0.0,0.0,0.0,0.0,0.0,0.001,0.0,0.0,always_reactive,0.102418
h=0.1/q0=0.6/p=0/r=1/sig=0/cf=10.5094,B_q0,0.1,0.6,0.0,1.0,0.0,1.0,10.509389227369171,wiki_A,native,ours_spend_cap,19487424199.81,1.0,0.0,0.0,0.0,0.0,0.0,0.0,0.0,0.001,0.0,0.0,always_reactive,0.102418
h=0.1/q0=0.6/p=0/r=1/sig=0/cf=10.5094,B_q0,0.1,0.6,0.0,1.0,0.0,1.0,10.509389227369171,wiki_A,native,ours_cap_epoch,19487424199.81,1.0,0.0,0.0,0.0,0.0,0.0,0.0,0.0,0.001,0.0,0.0,always_reactive,0.102418
h=0.1/q0=0.6/p=0/r=1/sig=0/cf=10.5094,B_q0,0.1,0.6,0.0,1.0,0.0,1.0,10.509389227369171,wiki_A,native,ours_cap_realized,19487424199.81,1.0,0.0,0.0,0.0,0.0,0.0,0.0,0.0,0.001,0.0,0.0,always_reactive,0.102418
h=0.1/q0=0.6/p=0/r=1/sig=0/cf=10.5094,B_q0,0.1,0.6,0.0,1.0,0.0,1.0,10.509389227369171,wiki_A,native,ours_pi_prior,19514953314.21,1.001413,0.0,0.0,11.0,0.0,0.0,0.0,11.0,0.001,11.0,27529114.4,always_reactive,0.102418
h=0.1/q0=0.6/p=0/r=1/sig=0/cf=10.5094,B_q0,0.1,0.6,0.0,1.0,0.0,1.0,10.509389227369171,wiki_A,native,breakeven,90399116520.898,4.638844,0.0,0.0,28427.0,0.0,0.0,0.0,28427.0,0.0,28427.0,70911692321.106,always_reactive,0.102418
h=0.1/q0=0.6/p=0/r=1/sig=0/cf=10.5094,B_q0,0.1,0.6,0.0,1.0,0.0,1.0,10.509389227369171,wiki_A,native,breakeven_cap_epoch,19762372997.682,1.014109,0.0,0.0,111.0,0.0,0.0,0.0,111.0,0.001,111.0,274948797.875,always_reactive,0.102418
h=0.1/q0=0.6/p=0/r=1/sig=0/cf=10.5094,B_q0,0.1,0.6,0.0,1.0,0.0,1.0,10.509389227369171,wiki_A,native,offline_taxblind,19487424199.821,1.0,,,,,,,,,,,always_reactive,0.102418
h=0.1/q0=0.6/p=0/r=1/sig=0/cf=10.5094,B_q0,0.1,0.6,0.0,1.0,0.0,1.0,10.509389227369171,wiki_A,native,offline_opt_tax,19487424199.821,1.0,,,,,,,,,,,always_reactive,0.102418
h=0.1/q0=0.6/p=0/r=1/sig=0/cf=10.5094,B_q0,0.1,0.6,0.0,1.0,0.0,1.0,10.509389227369171,wiki_B,autorpa_233k,always_reactive,16977748066.619,1.0,0.0,0.0,0.0,0.0,0.0,0.0,0.0,0.002,0.0,0.0,always_reactive,0.197869
h=0.1/q0=0.6/p=0/r=1/sig=0/cf=10.5094,B_q0,0.1,0.6,0.0,1.0,0.0,1.0,10.509389227369171,wiki_B,autorpa_233k,always_compile_evict,85803012968.788,5.053851,0.0,0.0,28107.0,0.0,0.0,0.0,28107.0,0.0,28107.0,68825264902.184,always_reactive,0.197869
h=0.1/q0=0.6/p=0/r=1/sig=0/cf=10.5094,B_q0,0.1,0.6,0.0,1.0,0.0,1.0,10.509389227369171,wiki_B,autorpa_233k,ours_noinflate,16977748066.619,1.0,0.0,0.0,0.0,0.0,0.0,0.0,0.0,0.002,0.0,0.0,always_reactive,0.197869
h=0.1/q0=0.6/p=0/r=1/sig=0/cf=10.5094,B_q0,0.1,0.6,0.0,1.0,0.0,1.0,10.509389227369171,wiki_B,autorpa_233k,oracle_tax,16977748066.619,1.0,0.0,0.0,0.0,0.0,0.0,0.0,0.0,0.002,0.0,0.0,always_reactive,0.197869
h=0.1/q0=0.6/p=0/r=1/sig=0/cf=10.5094,B_q0,0.1,0.6,0.0,1.0,0.0,1.0,10.509389227369171,wiki_B,autorpa_233k,ours_spend_cap,16977748066.619,1.0,0.0,0.0,0.0,0.0,0.0,0.0,0.0,0.002,0.0,0.0,always_reactive,0.197869
h=0.1/q0=0.6/p=0/r=1/sig=0/cf=10.5094,B_q0,0.1,0.6,0.0,1.0,0.0,1.0,10.509389227369171,wiki_B,autorpa_233k,ours_cap_epoch,16977748066.619,1.0,0.0,0.0,0.0,0.0,0.0,0.0,0.0,0.002,0.0,0.0,always_reactive,0.197869
h=0.1/q0=0.6/p=0/r=1/sig=0/cf=10.5094,B_q0,0.1,0.6,0.0,1.0,0.0,1.0,10.509389227369171,wiki_B,autorpa_233k,ours_cap_realized,16977748066.619,1.0,0.0,0.0,0.0,0.0,0.0,0.0,0.0,0.002,0.0,0.0,always_reactive,0.197869
h=0.1/q0=0.6/p=0/r=1/sig=0/cf=10.5094,B_q0,0.1,0.6,0.0,1.0,0.0,1.0,10.509389227369171,wiki_B,autorpa_233k,ours_pi_prior,17203027334.096,1.013269,0.0,0.0,92.0,0.0,0.0,0.0,92.0,0.002,92.0,225279267.478,always_reactive,0.197869
h=0.1/q0=0.6/p=0/r=1/sig=0/cf=10.5094,B_q0,0.1,0.6,0.0,1.0,0.0,1.0,10.509389227369171,wiki_B,autorpa_233k,breakeven,35127421224.714,2.069027,0.0,0.0,7412.0,0.0,0.0,0.0,7412.0,0.001,7412.0,18149673158.11,always_reactive,0.197869
h=0.1/q0=0.6/p=0/r=1/sig=0/cf=10.5094,B_q0,0.1,0.6,0.0,1.0,0.0,1.0,10.509389227369171,wiki_B,autorpa_233k,breakeven_cap_epoch,17993953457.958,1.059855,0.0,0.0,415.0,0.0,0.0,0.0,415.0,0.002,415.0,1016205391.34,always_reactive,0.197869
h=0.1/q0=0.6/p=0/r=1/sig=0/cf=10.5094,B_q0,0.1,0.6,0.0,1.0,0.0,1.0,10.509389227369171,wiki_B,autorpa_233k,offline_taxblind,16977748066.618,1.0,,,,,,,,,,,always_reactive,0.197869
h=0.1/q0=0.6/p=0/r=1/sig=0/cf=10.5094,B_q0,0.1,0.6,0.0,1.0,0.0,1.0,10.509389227369171,wiki_B,autorpa_233k,offline_opt_tax,16977748066.618,1.0,,,,,,,,,,,always_reactive,0.197869
h=0.1/q0=0.6/p=0/r=1/sig=0/cf=10.5094,B_q0,0.1,0.6,0.0,1.0,0.0,1.0,10.509389227369171,wiki_B,native,always_reactive,16977748066.619,1.0,0.0,0.0,0.0,0.0,0.0,0.0,0.0,0.002,0.0,0.0,always_reactive,0.181465
h=0.1/q0=0.6/p=0/r=1/sig=0/cf=10.5094,B_q0,0.1,0.6,0.0,1.0,0.0,1.0,10.509389227369171,wiki_B,native,always_compile_evict,93559438820.81,5.51071,0.0,0.0,28107.0,0.0,0.0,0.0,28107.0,0.0,28107.0,76581690754.206,always_reactive,0.181465
h=0.1/q0=0.6/p=0/r=1/sig=0/cf=10.5094,B_q0,0.1,0.6,0.0,1.0,0.0,1.0,10.509389227369171,wiki_B,native,ours_noinflate,16977748066.619,1.0,0.0,0.0,0.0,0.0,0.0,0.0,0.0,0.002,0.0,0.0,always_reactive,0.181465
h=0.1/q0=0.6/p=0/r=1/sig=0/cf=10.5094,B_q0,0.1,0.6,0.0,1.0,0.0,1.0,10.509389227369171,wiki_B,native,oracle_tax,16977748066.619,1.0,0.0,0.0,0.0,0.0,0.0,0.0,0.0,0.002,0.0,0.0,always_reactive,0.181465
h=0.1/q0=0.6/p=0/r=1/sig=0/cf=10.5094,B_q0,0.1,0.6,0.0,1.0,0.0,1.0,10.509389227369171,wiki_B,native,ours_spend_cap,16977748066.619,1.0,0.0,0.0,0.0,0.0,0.0,0.0,0.0,0.002,0.0,0.0,always_reactive,0.181465
h=0.1/q0=0.6/p=0/r=1/sig=0/cf=10.5094,B_q0,0.1,0.6,0.0,1.0,0.0,1.0,10.509389227369171,wiki_B,native,ours_cap_epoch,16977748066.619,1.0,0.0,0.0,0.0,0.0,0.0,0.0,0.0,0.002,0.0,0.0,always_reactive,0.181465
h=0.1/q0=0.6/p=0/r=1/sig=0/cf=10.5094,B_q0,0.1,0.6,0.0,1.0,0.0,1.0,10.509389227369171,wiki_B,native,ours_cap_realized,16977748066.619,1.0,0.0,0.0,0.0,0.0,0.0,0.0,0.0,0.002,0.0,0.0,always_reactive,0.181465
h=0.1/q0=0.6/p=0/r=1/sig=0/cf=10.5094,B_q0,0.1,0.6,0.0,1.0,0.0,1.0,10.509389227369171,wiki_B,native,ours_pi_prior,17207991568.873,1.013561,0.0,0.0,92.0,0.0,0.0,0.0,92.0,0.002,92.0,230243502.255,always_reactive,0.181465
h=0.1/q0=0.6/p=0/r=1/sig=0/cf=10.5094,B_q0,0.1,0.6,0.0,1.0,0.0,1.0,10.509389227369171,wiki_B,native,breakeven,35144846927.646,2.070054,0.0,0.0,7440.0,0.0,0.0,0.0,7440.0,0.001,7440.0,18167098861.036,always_reactive,0.181465
h=0.1/q0=0.6/p=0/r=1/sig=0/cf=10.5094,B_q0,0.1,0.6,0.0,1.0,0.0,1.0,10.509389227369171,wiki_B,native,breakeven_cap_epoch,18009566285.797,1.060775,0.0,0.0,425.0,0.0,0.0,0.0,425.0,0.002,425.0,1031818219.179,always_reactive,0.181465
h=0.1/q0=0.6/p=0/r=1/sig=0/cf=10.5094,B_q0,0.1,0.6,0.0,1.0,0.0,1.0,10.509389227369171,wiki_B,native,offline_taxblind,16977748066.618,1.0,,,,,,,,,,,always_reactive,0.181465
h=0.1/q0=0.6/p=0/r=1/sig=0/cf=10.5094,B_q0,0.1,0.6,0.0,1.0,0.0,1.0,10.509389227369171,wiki_B,native,offline_opt_tax,16977748066.618,1.0,,,,,,,,,,,always_reactive,0.181465
h=0.1/q0=0.6/p=0/r=1/sig=0/cf=1,B_q0,0.1,0.6,0.0,1.0,0.0,1.0,1.0,bpi2019,autorpa_233k,always_reactive,28364744721.458,0.989595,0.0,0.0,0.0,0.0,0.0,0.0,0.0,0.003,0.0,0.0,always_reactive,0.339521
h=0.1/q0=0.6/p=0/r=1/sig=0/cf=1,B_q0,0.1,0.6,0.0,1.0,0.0,1.0,1.0,bpi2019,autorpa_233k,always_compile_evict,83543338721.444,2.914677,0.0,0.0,236818.0,0.0,0.0,0.0,236818.0,0.001,236818.0,55178594000.0,always_reactive,0.339521
h=0.1/q0=0.6/p=0/r=1/sig=0/cf=1,B_q0,0.1,0.6,0.0,1.0,0.0,1.0,1.0,bpi2019,autorpa_233k,ours_noinflate,28662984721.457,1.0,0.0,0.0,1280.0,0.0,0.0,0.0,1280.0,0.003,1280.0,298240000.0,always_reactive,0.339521
h=0.1/q0=0.6/p=0/r=1/sig=0/cf=1,B_q0,0.1,0.6,0.0,1.0,0.0,1.0,1.0,bpi2019,autorpa_233k,oracle_tax,28364744721.458,0.989595,0.0,0.0,0.0,0.0,0.0,0.0,0.0,0.003,0.0,0.0,always_reactive,0.339521
h=0.1/q0=0.6/p=0/r=1/sig=0/cf=1,B_q0,0.1,0.6,0.0,1.0,0.0,1.0,1.0,bpi2019,autorpa_233k,ours_spend_cap,28662984721.457,1.0,0.0,0.0,1280.0,0.0,0.0,0.0,1280.0,0.003,1280.0,298240000.0,always_reactive,0.339521
h=0.1/q0=0.6/p=0/r=1/sig=0/cf=1,B_q0,0.1,0.6,0.0,1.0,0.0,1.0,1.0,bpi2019,autorpa_233k,ours_cap_epoch,28662984721.457,1.0,0.0,0.0,1280.0,0.0,0.0,0.0,1280.0,0.003,1280.0,298240000.0,always_reactive,0.339521
h=0.1/q0=0.6/p=0/r=1/sig=0/cf=1,B_q0,0.1,0.6,0.0,1.0,0.0,1.0,1.0,bpi2019,autorpa_233k,ours_cap_realized,28662984721.457,1.0,0.0,0.0,1280.0,0.0,0.0,0.0,1280.0,0.003,1280.0,298240000.0,always_reactive,0.339521
h=0.1/q0=0.6/p=0/r=1/sig=0/cf=1,B_q0,0.1,0.6,0.0,1.0,0.0,1.0,1.0,bpi2019,autorpa_233k,ours_pi_prior,28643878721.457,0.999333,0.0,0.0,1198.0,0.0,0.0,0.0,1198.0,0.003,1198.0,279134000.0,always_reactive,0.339521
h=0.1/q0=0.6/p=0/r=1/sig=0/cf=1,B_q0,0.1,0.6,0.0,1.0,0.0,1.0,1.0,bpi2019,autorpa_233k,breakeven,37270004721.426,1.300283,0.0,0.0,38220.0,0.0,0.0,0.0,38220.0,0.002,38220.0,8905260000.0,always_reactive,0.339521
h=0.1/q0=0.6/p=0/r=1/sig=0/cf=1,B_q0,0.1,0.6,0.0,1.0,0.0,1.0,1.0,bpi2019,autorpa_233k,breakeven_cap_epoch,28779251721.456,1.004056,0.0,0.0,1779.0,0.0,0.0,0.0,1779.0,0.003,1779.0,414507000.0,always_reactive,0.339521
h=0.1/q0=0.6/p=0/r=1/sig=0/cf=1,B_q0,0.1,0.6,0.0,1.0,0.0,1.0,1.0,bpi2019,autorpa_233k,offline_taxblind,28364744721.522,0.989595,,,,,,,,,,,always_reactive,0.339521
h=0.1/q0=0.6/p=0/r=1/sig=0/cf=1,B_q0,0.1,0.6,0.0,1.0,0.0,1.0,1.0,bpi2019,autorpa_233k,offline_opt_tax,28364744721.522,0.989595,,,,,,,,,,,always_reactive,0.339521
h=0.1/q0=0.6/p=0/r=1/sig=0/cf=1,B_q0,0.1,0.6,0.0,1.0,0.0,1.0,1.0,bpi2019,native,always_reactive,28364744721.458,0.98959,0.0,0.0,0.0,0.0,0.0,0.0,0.0,0.003,0.0,0.0,always_reactive,0.282192
h=0.1/q0=0.6/p=0/r=1/sig=0/cf=1,B_q0,0.1,0.6,0.0,1.0,0.0,1.0,1.0,bpi2019,native,always_compile_evict,100515928654.272,3.506803,0.0,0.0,236818.0,0.0,0.0,0.0,236818.0,0.001,236818.0,72151183932.887,always_reactive,0.282192
h=0.1/q0=0.6/p=0/r=1/sig=0/cf=1,B_q0,0.1,0.6,0.0,1.0,0.0,1.0,1.0,bpi2019,native,ours_noinflate,28663127084.789,1.0,0.0,0.0,1253.0,0.0,0.0,0.0,1253.0,0.003,1253.0,298382363.332,always_reactive,0.282192
h=0.1/q0=0.6/p=0/r=1/sig=0/cf=1,B_q0,0.1,0.6,0.0,1.0,0.0,1.0,1.0,bpi2019,native,oracle_tax,28364744721.458,0.98959,0.0,0.0,0.0,0.0,0.0,0.0,0.0,0.003,0.0,0.0,always_reactive,0.282192
h=0.1/q0=0.6/p=0/r=1/sig=0/cf=1,B_q0,0.1,0.6,0.0,1.0,0.0,1.0,1.0,bpi2019,native,ours_spend_cap,28663127084.789,1.0,0.0,0.0,1253.0,0.0,0.0,0.0,1253.0,0.003,1253.0,298382363.332,always_reactive,0.282192
h=0.1/q0=0.6/p=0/r=1/sig=0/cf=1,B_q0,0.1,0.6,0.0,1.0,0.0,1.0,1.0,bpi2019,native,ours_cap_epoch,28663127084.789,1.0,0.0,0.0,1253.0,0.0,0.0,0.0,1253.0,0.003,1253.0,298382363.332,always_reactive,0.282192
h=0.1/q0=0.6/p=0/r=1/sig=0/cf=1,B_q0,0.1,0.6,0.0,1.0,0.0,1.0,1.0,bpi2019,native,ours_cap_realized,28663127084.789,1.0,0.0,0.0,1253.0,0.0,0.0,0.0,1253.0,0.003,1253.0,298382363.332,always_reactive,0.282192
h=0.1/q0=0.6/p=0/r=1/sig=0/cf=1,B_q0,0.1,0.6,0.0,1.0,0.0,1.0,1.0,bpi2019,native,ours_pi_prior,28653812661.703,0.999675,0.0,0.0,1240.0,0.0,0.0,0.0,1240.0,0.003,1240.0,289067940.245,always_reactive,0.282192
h=0.1/q0=0.6/p=0/r=1/sig=0/cf=1,B_q0,0.1,0.6,0.0,1.0,0.0,1.0,1.0,bpi2019,native,breakeven,37262695397.73,1.300022,0.0,0.0,36760.0,0.0,0.0,0.0,36760.0,0.002,36760.0,8897950676.295,always_reactive,0.282192
h=0.1/q0=0.6/p=0/r=1/sig=0/cf=1,B_q0,0.1,0.6,0.0,1.0,0.0,1.0,1.0,bpi2019,native,breakeven_cap_epoch,28795434841.612,1.004616,0.0,0.0,1833.0,0.0,0.0,0.0,1833.0,0.003,1833.0,430690120.155,always_reactive,0.282192
h=0.1/q0=0.6/p=0/r=1/sig=0/cf=1,B_q0,0.1,0.6,0.0,1.0,0.0,1.0,1.0,bpi2019,native,offline_taxblind,28364744721.522,0.98959,,,,,,,,,,,always_reactive,0.282192
h=0.1/q0=0.6/p=0/r=1/sig=0/cf=1,B_q0,0.1,0.6,0.0,1.0,0.0,1.0,1.0,bpi2019,native,offline_opt_tax,28364744721.522,0.98959,,,,,,,,,,,always_reactive,0.282192
h=0.1/q0=0.6/p=0/r=1/sig=0/cf=1,B_q0,0.1,0.6,0.0,1.0,0.0,1.0,1.0,sepsis,autorpa_233k,always_reactive,187135368.565,0.97689,0.0,0.0,0.0,0.0,0.0,0.0,0.0,0.002,0.0,0.0,always_reactive,0.84976
h=0.1/q0=0.6/p=0/r=1/sig=0/cf=1,B_q0,0.1,0.6,0.0,1.0,0.0,1.0,1.0,sepsis,autorpa_233k,always_compile_evict,220221368.565,1.149607,0.0,0.0,142.0,0.0,0.0,0.0,142.0,0.002,142.0,33086000.0,always_reactive,0.84976
h=0.1/q0=0.6/p=0/r=1/sig=0/cf=1,B_q0,0.1,0.6,0.0,1.0,0.0,1.0,1.0,sepsis,autorpa_233k,ours_noinflate,191562368.565,1.0,0.0,0.0,19.0,0.0,0.0,0.0,19.0,0.002,19.0,4427000.0,always_reactive,0.84976
h=0.1/q0=0.6/p=0/r=1/sig=0/cf=1,B_q0,0.1,0.6,0.0,1.0,0.0,1.0,1.0,sepsis,autorpa_233k,oracle_tax,187135368.565,0.97689,0.0,0.0,0.0,0.0,0.0,0.0,0.0,0.002,0.0,0.0,always_reactive,0.84976
h=0.1/q0=0.6/p=0/r=1/sig=0/cf=1,B_q0,0.1,0.6,0.0,1.0,0.0,1.0,1.0,sepsis,autorpa_233k,ours_spend_cap,191562368.565,1.0,0.0,0.0,19.0,0.0,0.0,0.0,19.0,0.002,19.0,4427000.0,always_reactive,0.84976
h=0.1/q0=0.6/p=0/r=1/sig=0/cf=1,B_q0,0.1,0.6,0.0,1.0,0.0,1.0,1.0,sepsis,autorpa_233k,ours_cap_epoch,191562368.565,1.0,0.0,0.0,19.0,0.0,0.0,0.0,19.0,0.002,19.0,4427000.0,always_reactive,0.84976
h=0.1/q0=0.6/p=0/r=1/sig=0/cf=1,B_q0,0.1,0.6,0.0,1.0,0.0,1.0,1.0,sepsis,autorpa_233k,ours_cap_realized,191562368.565,1.0,0.0,0.0,19.0,0.0,0.0,0.0,19.0,0.002,19.0,4427000.0,always_reactive,0.84976
h=0.1/q0=0.6/p=0/r=1/sig=0/cf=1,B_q0,0.1,0.6,0.0,1.0,0.0,1.0,1.0,sepsis,autorpa_233k,ours_pi_prior,189698368.565,0.990269,0.0,0.0,11.0,0.0,0.0,0.0,11.0,0.002,11.0,2563000.0,always_reactive,0.84976
h=0.1/q0=0.6/p=0/r=1/sig=0/cf=1,B_q0,0.1,0.6,0.0,1.0,0.0,1.0,1.0,sepsis,autorpa_233k,breakeven,199950368.565,1.043787,0.0,0.0,55.0,0.0,0.0,0.0,55.0,0.002,55.0,12815000.0,always_reactive,0.84976
h=0.1/q0=0.6/p=0/r=1/sig=0/cf=1,B_q0,0.1,0.6,0.0,1.0,0.0,1.0,1.0,sepsis,autorpa_233k,breakeven_cap_epoch,192261368.565,1.003649,0.0,0.0,22.0,0.0,0.0,0.0,22.0,0.002,22.0,5126000.0,always_reactive,0.84976
h=0.1/q0=0.6/p=0/r=1/sig=0/cf=1,B_q0,0.1,0.6,0.0,1.0,0.0,1.0,1.0,sepsis,autorpa_233k,offline_taxblind,187135368.565,0.97689,,,,,,,,,,,always_reactive,0.84976
h=0.1/q0=0.6/p=0/r=1/sig=0/cf=1,B_q0,0.1,0.6,0.0,1.0,0.0,1.0,1.0,sepsis,autorpa_233k,offline_opt_tax,187135368.565,0.97689,,,,,,,,,,,always_reactive,0.84976
h=0.1/q0=0.6/p=0/r=1/sig=0/cf=1,B_q0,0.1,0.6,0.0,1.0,0.0,1.0,1.0,sepsis,native,always_reactive,187135368.565,0.976393,0.0,0.0,0.0,0.0,0.0,0.0,0.0,0.002,0.0,0.0,always_reactive,0.837302
h=0.1/q0=0.6/p=0/r=1/sig=0/cf=1,B_q0,0.1,0.6,0.0,1.0,0.0,1.0,1.0,sepsis,native,always_compile_evict,223498154.892,1.166118,0.0,0.0,142.0,0.0,0.0,0.0,142.0,0.002,142.0,36362786.327,always_reactive,0.837302
h=0.1/q0=0.6/p=0/r=1/sig=0/cf=1,B_q0,0.1,0.6,0.0,1.0,0.0,1.0,1.0,sepsis,native,ours_noinflate,191659921.56,1.0,0.0,0.0,19.0,0.0,0.0,0.0,19.0,0.002,19.0,4524552.995,always_reactive,0.837302
h=0.1/q0=0.6/p=0/r=1/sig=0/cf=1,B_q0,0.1,0.6,0.0,1.0,0.0,1.0,1.0,sepsis,native,oracle_tax,187135368.565,0.976393,0.0,0.0,0.0,0.0,0.0,0.0,0.0,0.002,0.0,0.0,always_reactive,0.837302
h=0.1/q0=0.6/p=0/r=1/sig=0/cf=1,B_q0,0.1,0.6,0.0,1.0,0.0,1.0,1.0,sepsis,native,ours_spend_cap,191659921.56,1.0,0.0,0.0,19.0,0.0,0.0,0.0,19.0,0.002,19.0,4524552.995,always_reactive,0.837302
h=0.1/q0=0.6/p=0/r=1/sig=0/cf=1,B_q0,0.1,0.6,0.0,1.0,0.0,1.0,1.0,sepsis,native,ours_cap_epoch,191659921.56,1.0,0.0,0.0,19.0,0.0,0.0,0.0,19.0,0.002,19.0,4524552.995,always_reactive,0.837302
h=0.1/q0=0.6/p=0/r=1/sig=0/cf=1,B_q0,0.1,0.6,0.0,1.0,0.0,1.0,1.0,sepsis,native,ours_cap_realized,191659921.56,1.0,0.0,0.0,19.0,0.0,0.0,0.0,19.0,0.002,19.0,4524552.995,always_reactive,0.837302
h=0.1/q0=0.6/p=0/r=1/sig=0/cf=1,B_q0,0.1,0.6,0.0,1.0,0.0,1.0,1.0,sepsis,native,ours_pi_prior,189754846.615,0.99006,0.0,0.0,11.0,0.0,0.0,0.0,11.0,0.002,11.0,2619478.05,always_reactive,0.837302
h=0.1/q0=0.6/p=0/r=1/sig=0/cf=1,B_q0,0.1,0.6,0.0,1.0,0.0,1.0,1.0,sepsis,native,breakeven,200232758.815,1.044729,0.0,0.0,55.0,0.0,0.0,0.0,55.0,0.002,55.0,13097390.25,always_reactive,0.837302
h=0.1/q0=0.6/p=0/r=1/sig=0/cf=1,B_q0,0.1,0.6,0.0,1.0,0.0,1.0,1.0,sepsis,native,breakeven_cap_epoch,192374324.665,1.003727,0.0,0.0,22.0,0.0,0.0,0.0,22.0,0.002,22.0,5238956.1,always_reactive,0.837302
h=0.1/q0=0.6/p=0/r=1/sig=0/cf=1,B_q0,0.1,0.6,0.0,1.0,0.0,1.0,1.0,sepsis,native,offline_taxblind,187135368.565,0.976393,,,,,,,,,,,always_reactive,0.837302
h=0.1/q0=0.6/p=0/r=1/sig=0/cf=1,B_q0,0.1,0.6,0.0,1.0,0.0,1.0,1.0,sepsis,native,offline_opt_tax,187135368.565,0.976393,,,,,,,,,,,always_reactive,0.837302
h=0.1/q0=0.6/p=0/r=1/sig=0/cf=1,B_q0,0.1,0.6,0.0,1.0,0.0,1.0,1.0,wiki_A,autorpa_233k,always_reactive,19487424199.81,0.996877,0.0,0.0,0.0,0.0,0.0,0.0,0.0,0.001,0.0,0.0,always_reactive,0.572073
h=0.1/q0=0.6/p=0/r=1/sig=0/cf=1,B_q0,0.1,0.6,0.0,1.0,0.0,1.0,1.0,wiki_A,autorpa_233k,always_compile_evict,34064603199.786,1.742571,0.0,0.0,62563.0,0.0,0.0,0.0,62563.0,0.001,62563.0,14577179000.0,always_reactive,0.572073
h=0.1/q0=0.6/p=0/r=1/sig=0/cf=1,B_q0,0.1,0.6,0.0,1.0,0.0,1.0,1.0,wiki_A,autorpa_233k,ours_noinflate,19548470199.809,1.0,0.0,0.0,262.0,0.0,0.0,0.0,262.0,0.001,262.0,61046000.0,always_reactive,0.572073
h=0.1/q0=0.6/p=0/r=1/sig=0/cf=1,B_q0,0.1,0.6,0.0,1.0,0.0,1.0,1.0,wiki_A,autorpa_233k,oracle_tax,19487424199.81,0.996877,0.0,0.0,0.0,0.0,0.0,0.0,0.0,0.001,0.0,0.0,always_reactive,0.572073
h=0.1/q0=0.6/p=0/r=1/sig=0/cf=1,B_q0,0.1,0.6,0.0,1.0,0.0,1.0,1.0,wiki_A,autorpa_233k,ours_spend_cap,19548470199.809,1.0,0.0,0.0,262.0,0.0,0.0,0.0,262.0,0.001,262.0,61046000.0,always_reactive,0.572073
h=0.1/q0=0.6/p=0/r=1/sig=0/cf=1,B_q0,0.1,0.6,0.0,1.0,0.0,1.0,1.0,wiki_A,autorpa_233k,ours_cap_epoch,19548470199.809,1.0,0.0,0.0,262.0,0.0,0.0,0.0,262.0,0.001,262.0,61046000.0,always_reactive,0.572073
h=0.1/q0=0.6/p=0/r=1/sig=0/cf=1,B_q0,0.1,0.6,0.0,1.0,0.0,1.0,1.0,wiki_A,autorpa_233k,ours_cap_realized,19548470199.809,1.0,0.0,0.0,262.0,0.0,0.0,0.0,262.0,0.001,262.0,61046000.0,always_reactive,0.572073
h=0.1/q0=0.6/p=0/r=1/sig=0/cf=1,B_q0,0.1,0.6,0.0,1.0,0.0,1.0,1.0,wiki_A,autorpa_233k,ours_pi_prior,19535422199.809,0.999333,0.0,0.0,206.0,0.0,0.0,0.0,206.0,0.001,206.0,47998000.0,always_reactive,0.572073
h=0.1/q0=0.6/p=0/r=1/sig=0/cf=1,B_q0,0.1,0.6,0.0,1.0,0.0,1.0,1.0,wiki_A,autorpa_233k,breakeven,26236269199.789,1.342114,0.0,0.0,28965.0,0.0,0.0,0.0,28965.0,0.001,28965.0,6748845000.0,always_reactive,0.572073
h=0.1/q0=0.6/p=0/r=1/sig=0/cf=1,B_q0,0.1,0.6,0.0,1.0,0.0,1.0,1.0,wiki_A,autorpa_233k,breakeven_cap_epoch,19575731199.809,1.001395,0.0,0.0,379.0,0.0,0.0,0.0,379.0,0.001,379.0,88307000.0,always_reactive,0.572073
h=0.1/q0=0.6/p=0/r=1/sig=0/cf=1,B_q0,0.1,0.6,0.0,1.0,0.0,1.0,1.0,wiki_A,autorpa_233k,offline_taxblind,19487424199.821,0.996877,,,,,,,,,,,always_reactive,0.572073
h=0.1/q0=0.6/p=0/r=1/sig=0/cf=1,B_q0,0.1,0.6,0.0,1.0,0.0,1.0,1.0,wiki_A,autorpa_233k,offline_opt_tax,19487424199.821,0.996877,,,,,,,,,,,always_reactive,0.572073
h=0.1/q0=0.6/p=0/r=1/sig=0/cf=1,B_q0,0.1,0.6,0.0,1.0,0.0,1.0,1.0,wiki_A,native,always_reactive,19487424199.81,0.996881,0.0,0.0,0.0,0.0,0.0,0.0,0.0,0.001,0.0,0.0,always_reactive,0.545283
h=0.1/q0=0.6/p=0/r=1/sig=0/cf=1,B_q0,0.1,0.6,0.0,1.0,0.0,1.0,1.0,wiki_A,native,always_compile_evict,35738159261.454,1.82819,0.0,0.0,62563.0,0.0,0.0,0.0,62563.0,0.001,62563.0,16250735061.639,always_reactive,0.545283
h=0.1/q0=0.6/p=0/r=1/sig=0/cf=1,B_q0,0.1,0.6,0.0,1.0,0.0,1.0,1.0,wiki_A,native,ours_noinflate,19548386598.064,1.0,0.0,0.0,256.0,0.0,0.0,0.0,256.0,0.001,256.0,60962398.255,always_reactive,0.545283
h=0.1/q0=0.6/p=0/r=1/sig=0/cf=1,B_q0,0.1,0.6,0.0,1.0,0.0,1.0,1.0,wiki_A,native,oracle_tax,19487424199.81,0.996881,0.0,0.0,0.0,0.0,0.0,0.0,0.0,0.001,0.0,0.0,always_reactive,0.545283
h=0.1/q0=0.6/p=0/r=1/sig=0/cf=1,B_q0,0.1,0.6,0.0,1.0,0.0,1.0,1.0,wiki_A,native,ours_spend_cap,19548386598.064,1.0,0.0,0.0,256.0,0.0,0.0,0.0,256.0,0.001,256.0,60962398.255,always_reactive,0.545283
h=0.1/q0=0.6/p=0/r=1/sig=0/cf=1,B_q0,0.1,0.6,0.0,1.0,0.0,1.0,1.0,wiki_A,native,ours_cap_epoch,19548386598.064,1.0,0.0,0.0,256.0,0.0,0.0,0.0,256.0,0.001,256.0,60962398.255,always_reactive,0.545283
h=0.1/q0=0.6/p=0/r=1/sig=0/cf=1,B_q0,0.1,0.6,0.0,1.0,0.0,1.0,1.0,wiki_A,native,ours_cap_realized,19548386598.064,1.0,0.0,0.0,256.0,0.0,0.0,0.0,256.0,0.001,256.0,60962398.255,always_reactive,0.545283
h=0.1/q0=0.6/p=0/r=1/sig=0/cf=1,B_q0,0.1,0.6,0.0,1.0,0.0,1.0,1.0,wiki_A,native,ours_pi_prior,19536683795.077,0.999401,0.0,0.0,212.0,0.0,0.0,0.0,212.0,0.001,212.0,49259595.268,always_reactive,0.545283
h=0.1/q0=0.6/p=0/r=1/sig=0/cf=1,B_q0,0.1,0.6,0.0,1.0,0.0,1.0,1.0,wiki_A,native,breakeven,26234885045.235,1.342049,0.0,0.0,28427.0,0.0,0.0,0.0,28427.0,0.001,28427.0,6747460845.437,always_reactive,0.545283
h=0.1/q0=0.6/p=0/r=1/sig=0/cf=1,B_q0,0.1,0.6,0.0,1.0,0.0,1.0,1.0,wiki_A,native,breakeven_cap_epoch,19579371494.086,1.001585,0.0,0.0,392.0,0.0,0.0,0.0,392.0,0.001,392.0,91947294.277,always_reactive,0.545283
h=0.1/q0=0.6/p=0/r=1/sig=0/cf=1,B_q0,0.1,0.6,0.0,1.0,0.0,1.0,1.0,wiki_A,native,offline_taxblind,19487424199.821,0.996881,,,,,,,,,,,always_reactive,0.545283
h=0.1/q0=0.6/p=0/r=1/sig=0/cf=1,B_q0,0.1,0.6,0.0,1.0,0.0,1.0,1.0,wiki_A,native,offline_opt_tax,19487424199.821,0.996881,,,,,,,,,,,always_reactive,0.545283
h=0.1/q0=0.6/p=0/r=1/sig=0/cf=1,B_q0,0.1,0.6,0.0,1.0,0.0,1.0,1.0,wiki_B,autorpa_233k,always_reactive,16977748066.619,0.983227,0.0,0.0,0.0,0.0,0.0,0.0,0.0,0.002,0.0,0.0,always_reactive,0.721638
h=0.1/q0=0.6/p=0/r=1/sig=0/cf=1,B_q0,0.1,0.6,0.0,1.0,0.0,1.0,1.0,wiki_B,autorpa_233k,always_compile_evict,23526679066.613,1.362494,0.0,0.0,28107.0,0.0,0.0,0.0,28107.0,0.002,28107.0,6548931000.0,always_reactive,0.721638
h=0.1/q0=0.6/p=0/r=1/sig=0/cf=1,B_q0,0.1,0.6,0.0,1.0,0.0,1.0,1.0,wiki_B,autorpa_233k,ours_noinflate,17267367066.618,1.0,0.0,0.0,1243.0,0.0,0.0,0.0,1243.0,0.002,1243.0,289619000.0,always_reactive,0.721638
h=0.1/q0=0.6/p=0/r=1/sig=0/cf=1,B_q0,0.1,0.6,0.0,1.0,0.0,1.0,1.0,wiki_B,autorpa_233k,oracle_tax,16977748066.619,0.983227,0.0,0.0,0.0,0.0,0.0,0.0,0.0,0.002,0.0,0.0,always_reactive,0.721638
h=0.1/q0=0.6/p=0/r=1/sig=0/cf=1,B_q0,0.1,0.6,0.0,1.0,0.0,1.0,1.0,wiki_B,autorpa_233k,ours_spend_cap,17267367066.618,1.0,0.0,0.0,1243.0,0.0,0.0,0.0,1243.0,0.002,1243.0,289619000.0,always_reactive,0.721638
h=0.1/q0=0.6/p=0/r=1/sig=0/cf=1,B_q0,0.1,0.6,0.0,1.0,0.0,1.0,1.0,wiki_B,autorpa_233k,ours_cap_epoch,17267367066.618,1.0,0.0,0.0,1243.0,0.0,0.0,0.0,1243.0,0.002,1243.0,289619000.0,always_reactive,0.721638
h=0.1/q0=0.6/p=0/r=1/sig=0/cf=1,B_q0,0.1,0.6,0.0,1.0,0.0,1.0,1.0,wiki_B,autorpa_233k,ours_cap_realized,17267367066.618,1.0,0.0,0.0,1243.0,0.0,0.0,0.0,1243.0,0.002,1243.0,289619000.0,always_reactive,0.721638
h=0.1/q0=0.6/p=0/r=1/sig=0/cf=1,B_q0,0.1,0.6,0.0,1.0,0.0,1.0,1.0,wiki_B,autorpa_233k,ours_pi_prior,17237776066.618,0.998286,0.0,0.0,1116.0,0.0,0.0,0.0,1116.0,0.002,1116.0,260028000.0,always_reactive,0.721638
h=0.1/q0=0.6/p=0/r=1/sig=0/cf=1,B_q0,0.1,0.6,0.0,1.0,0.0,1.0,1.0,wiki_B,autorpa_233k,breakeven,18704744066.617,1.083242,0.0,0.0,7412.0,0.0,0.0,0.0,7412.0,0.002,7412.0,1726996000.0,always_reactive,0.721638
h=0.1/q0=0.6/p=0/r=1/sig=0/cf=1,B_q0,0.1,0.6,0.0,1.0,0.0,1.0,1.0,wiki_B,autorpa_233k,breakeven_cap_epoch,17319792066.618,1.003036,0.0,0.0,1468.0,0.0,0.0,0.0,1468.0,0.002,1468.0,342044000.0,always_reactive,0.721638
h=0.1/q0=0.6/p=0/r=1/sig=0/cf=1,B_q0,0.1,0.6,0.0,1.0,0.0,1.0,1.0,wiki_B,autorpa_233k,offline_taxblind,16977748066.618,0.983227,,,,,,,,,,,always_reactive,0.721638
h=0.1/q0=0.6/p=0/r=1/sig=0/cf=1,B_q0,0.1,0.6,0.0,1.0,0.0,1.0,1.0,wiki_B,autorpa_233k,offline_opt_tax,16977748066.618,0.983227,,,,,,,,,,,always_reactive,0.721638
h=0.1/q0=0.6/p=0/r=1/sig=0/cf=1,B_q0,0.1,0.6,0.0,1.0,0.0,1.0,1.0,wiki_B,native,always_reactive,16977748066.619,0.983271,0.0,0.0,0.0,0.0,0.0,0.0,0.0,0.002,0.0,0.0,always_reactive,0.699688
h=0.1/q0=0.6/p=0/r=1/sig=0/cf=1,B_q0,0.1,0.6,0.0,1.0,0.0,1.0,1.0,wiki_B,native,always_compile_evict,24264726319.81,1.405298,0.0,0.0,28107.0,0.0,0.0,0.0,28107.0,0.002,28107.0,7286978253.195,always_reactive,0.699688
h=0.1/q0=0.6/p=0/r=1/sig=0/cf=1,B_q0,0.1,0.6,0.0,1.0,0.0,1.0,1.0,wiki_B,native,ours_noinflate,17266605055.223,1.0,0.0,0.0,1213.0,0.0,0.0,0.0,1213.0,0.002,1213.0,288856988.605,always_reactive,0.699688
h=0.1/q0=0.6/p=0/r=1/sig=0/cf=1,B_q0,0.1,0.6,0.0,1.0,0.0,1.0,1.0,wiki_B,native,oracle_tax,16977748066.619,0.983271,0.0,0.0,0.0,0.0,0.0,0.0,0.0,0.002,0.0,0.0,always_reactive,0.699688
h=0.1/q0=0.6/p=0/r=1/sig=0/cf=1,B_q0,0.1,0.6,0.0,1.0,0.0,1.0,1.0,wiki_B,native,ours_spend_cap,17266605055.223,1.0,0.0,0.0,1213.0,0.0,0.0,0.0,1213.0,0.002,1213.0,288856988.605,always_reactive,0.699688
h=0.1/q0=0.6/p=0/r=1/sig=0/cf=1,B_q0,0.1,0.6,0.0,1.0,0.0,1.0,1.0,wiki_B,native,ours_cap_epoch,17266605055.223,1.0,0.0,0.0,1213.0,0.0,0.0,0.0,1213.0,0.002,1213.0,288856988.605,always_reactive,0.699688
h=0.1/q0=0.6/p=0/r=1/sig=0/cf=1,B_q0,0.1,0.6,0.0,1.0,0.0,1.0,1.0,wiki_B,native,ours_cap_realized,17266605055.223,1.0,0.0,0.0,1213.0,0.0,0.0,0.0,1213.0,0.002,1213.0,288856988.605,always_reactive,0.699688
h=0.1/q0=0.6/p=0/r=1/sig=0/cf=1,B_q0,0.1,0.6,0.0,1.0,0.0,1.0,1.0,wiki_B,native,ours_pi_prior,17244345588.355,0.998711,0.0,0.0,1131.0,0.0,0.0,0.0,1131.0,0.002,1131.0,266597521.736,always_reactive,0.699688
h=0.1/q0=0.6/p=0/r=1/sig=0/cf=1,B_q0,0.1,0.6,0.0,1.0,0.0,1.0,1.0,wiki_B,native,breakeven,18706402174.67,1.083386,0.0,0.0,7440.0,0.0,0.0,0.0,7440.0,0.002,7440.0,1728654108.055,always_reactive,0.699688
h=0.1/q0=0.6/p=0/r=1/sig=0/cf=1,B_q0,0.1,0.6,0.0,1.0,0.0,1.0,1.0,wiki_B,native,breakeven_cap_epoch,17329766319.273,1.003658,0.0,0.0,1504.0,0.0,0.0,0.0,1504.0,0.002,1504.0,352018252.655,always_reactive,0.699688
h=0.1/q0=0.6/p=0/r=1/sig=0/cf=1,B_q0,0.1,0.6,0.0,1.0,0.0,1.0,1.0,wiki_B,native,offline_taxblind,16977748066.618,0.983271,,,,,,,,,,,always_reactive,0.699688
h=0.1/q0=0.6/p=0/r=1/sig=0/cf=1,B_q0,0.1,0.6,0.0,1.0,0.0,1.0,1.0,wiki_B,native,offline_opt_tax,16977748066.618,0.983271,,,,,,,,,,,always_reactive,0.699688
h=0.1/q0=0.6/p=1/r=1/sig=0/cf=1,B_q0,0.1,0.6,1.0,1.0,0.0,1.0,1.0,bpi2019,autorpa_233k,always_reactive,28364744721.458,1.185697,0.0,0.0,0.0,0.0,0.0,0.0,0.0,0.003,0.0,0.0,ours_noinflate,0.918883
h=0.1/q0=0.6/p=1/r=1/sig=0/cf=1,B_q0,0.1,0.6,1.0,1.0,0.0,1.0,1.0,bpi2019,autorpa_233k,always_compile_evict,26034238199.193,1.088278,42.7,68.6,25411.7,23698.0,0.0,151618.3,24797.5,0.04,0.0,0.0,ours_noinflate,0.918883
h=0.1/q0=0.6/p=1/r=1/sig=0/cf=1,B_q0,0.1,0.6,1.0,1.0,0.0,1.0,1.0,bpi2019,autorpa_233k,ours_noinflate,23922417782.808,1.0,15.1,28.3,9354.3,8922.1,0.0,57010.3,8896.2,0.017,0.0,0.0,ours_noinflate,0.918883
h=0.1/q0=0.6/p=1/r=1/sig=0/cf=1,B_q0,0.1,0.6,1.0,1.0,0.0,1.0,1.0,bpi2019,autorpa_233k,oracle_tax,28135540738.911,1.176116,19.4,23.1,277.7,258.3,0.0,1577.5,154.5,0.004,0.0,0.0,ours_noinflate,0.918883
h=0.1/q0=0.6/p=1/r=1/sig=0/cf=1,B_q0,0.1,0.6,1.0,1.0,0.0,1.0,1.0,bpi2019,autorpa_233k,ours_spend_cap,23922417782.808,1.0,15.1,28.3,9354.3,8922.1,0.0,57010.3,8896.2,0.017,0.0,0.0,ours_noinflate,0.918883
h=0.1/q0=0.6/p=1/r=1/sig=0/cf=1,B_q0,0.1,0.6,1.0,1.0,0.0,1.0,1.0,bpi2019,autorpa_233k,ours_cap_epoch,23922417782.808,1.0,15.1,28.3,9354.3,8922.1,0.0,57010.3,8896.2,0.017,0.0,0.0,ours_noinflate,0.918883
h=0.1/q0=0.6/p=1/r=1/sig=0/cf=1,B_q0,0.1,0.6,1.0,1.0,0.0,1.0,1.0,bpi2019,autorpa_233k,ours_cap_realized,23922417782.808,1.0,15.1,28.3,9354.3,8922.1,0.0,57010.3,8896.2,0.017,0.0,0.0,ours_noinflate,0.918883
h=0.1/q0=0.6/p=1/r=1/sig=0/cf=1,B_q0,0.1,0.6,1.0,1.0,0.0,1.0,1.0,bpi2019,autorpa_233k,ours_pi_prior,25660738847.78,1.072665,11.0,22.8,3176.8,2773.5,0.0,17633.7,2756.2,0.013,0.0,0.0,ours_noinflate,0.918883
h=0.1/q0=0.6/p=1/r=1/sig=0/cf=1,B_q0,0.1,0.6,1.0,1.0,0.0,1.0,1.0,bpi2019,autorpa_233k,breakeven,28361240540.355,1.185551,1.3,7.7,772.3,270.6,0.0,1746.6,614.3,0.004,0.0,0.0,ours_noinflate,0.918883
h=0.1/q0=0.6/p=1/r=1/sig=0/cf=1,B_q0,0.1,0.6,1.0,1.0,0.0,1.0,1.0,bpi2019,autorpa_233k,breakeven_cap_epoch,28361240540.355,1.185551,1.3,7.7,772.3,270.6,0.0,1746.6,614.3,0.004,0.0,0.0,ours_noinflate,0.918883
h=0.1/q0=0.6/p=1/r=1/sig=0/cf=1,B_q0,0.1,0.6,1.0,1.0,0.0,1.0,1.0,bpi2019,autorpa_233k,offline_taxblind,23351035662.089,0.976115,,,,,,,,,,,ours_noinflate,0.918883
h=0.1/q0=0.6/p=1/r=1/sig=0/cf=1,B_q0,0.1,0.6,1.0,1.0,0.0,1.0,1.0,bpi2019,autorpa_233k,offline_opt_tax,23536175767.15,0.983854,,,,,,,,,,,ours_noinflate,0.918883
h=0.1/q0=0.6/p=1/r=1/sig=0/cf=1,B_q0,0.1,0.6,1.0,1.0,0.0,1.0,1.0,bpi2019,native,always_reactive,28364744721.458,1.18329,0.0,0.0,0.0,0.0,0.0,0.0,0.0,0.003,0.0,0.0,ours_noinflate,0.860872
h=0.1/q0=0.6/p=1/r=1/sig=0/cf=1,B_q0,0.1,0.6,1.0,1.0,0.0,1.0,1.0,bpi2019,native,always_compile_evict,27845133121.569,1.161613,43.1,71.5,25411.7,23698.0,0.0,151618.3,24771.8,0.039,0.0,0.0,ours_noinflate,0.860872
h=0.1/q0=0.6/p=1/r=1/sig=0/cf=1,B_q0,0.1,0.6,1.0,1.0,0.0,1.0,1.0,bpi2019,native,ours_noinflate,23971089544.48,1.0,14.4,28.1,9295.4,8876.9,0.0,56705.6,8844.8,0.017,0.0,0.0,ours_noinflate,0.860872
h=0.1/q0=0.6/p=1/r=1/sig=0/cf=1,B_q0,0.1,0.6,1.0,1.0,0.0,1.0,1.0,bpi2019,native,oracle_tax,28138468787.55,1.17385,20.0,24.1,288.4,268.4,0.0,1643.4,159.3,0.004,0.0,0.0,ours_noinflate,0.860872
h=0.1/q0=0.6/p=1/r=1/sig=0/cf=1,B_q0,0.1,0.6,1.0,1.0,0.0,1.0,1.0,bpi2019,native,ours_spend_cap,23971089544.48,1.0,14.4,28.1,9295.4,8876.9,0.0,56705.6,8844.8,0.017,0.0,0.0,ours_noinflate,0.860872
h=0.1/q0=0.6/p=1/r=1/sig=0/cf=1,B_q0,0.1,0.6,1.0,1.0,0.0,1.0,1.0,bpi2019,native,ours_cap_epoch,23971089544.48,1.0,14.4,28.1,9295.4,8876.9,0.0,56705.6,8844.8,0.017,0.0,0.0,ours_noinflate,0.860872
h=0.1/q0=0.6/p=1/r=1/sig=0/cf=1,B_q0,0.1,0.6,1.0,1.0,0.0,1.0,1.0,bpi2019,native,ours_cap_realized,23971089544.48,1.0,14.4,28.1,9295.4,8876.9,0.0,56705.6,8844.8,0.017,0.0,0.0,ours_noinflate,0.860872
h=0.1/q0=0.6/p=1/r=1/sig=0/cf=1,B_q0,0.1,0.6,1.0,1.0,0.0,1.0,1.0,bpi2019,native,ours_pi_prior,25618777245.76,1.068736,12.1,25.0,4626.1,4170.7,0.0,26494.4,4170.7,0.015,0.0,0.0,ours_noinflate,0.860872
h=0.1/q0=0.6/p=1/r=1/sig=0/cf=1,B_q0,0.1,0.6,1.0,1.0,0.0,1.0,1.0,bpi2019,native,breakeven,28376073812.751,1.183762,1.0,7.4,795.3,290.3,0.0,1855.3,630.8,0.004,0.0,0.0,ours_noinflate,0.860872
h=0.1/q0=0.6/p=1/r=1/sig=0/cf=1,B_q0,0.1,0.6,1.0,1.0,0.0,1.0,1.0,bpi2019,native,breakeven_cap_epoch,28376073812.751,1.183762,1.0,7.4,795.3,290.3,0.0,1855.3,630.8,0.004,0.0,0.0,ours_noinflate,0.860872
h=0.1/q0=0.6/p=1/r=1/sig=0/cf=1,B_q0,0.1,0.6,1.0,1.0,0.0,1.0,1.0,bpi2019,native,offline_taxblind,23233339275.738,0.969223,,,,,,,,,,,ours_noinflate,0.860872
h=0.1/q0=0.6/p=1/r=1/sig=0/cf=1,B_q0,0.1,0.6,1.0,1.0,0.0,1.0,1.0,bpi2019,native,offline_opt_tax,23450109656.765,0.978266,,,,,,,,,,,ours_noinflate,0.860872
h=0.1/q0=0.6/p=1/r=1/sig=0/cf=1,B_q0,0.1,0.6,1.0,1.0,0.0,1.0,1.0,sepsis,autorpa_233k,always_reactive,187135368.565,1.053393,0.0,0.0,0.0,0.0,0.0,0.0,0.0,0.002,0.0,0.0,ours_noinflate,0.969053
h=0.1/q0=0.6/p=1/r=1/sig=0/cf=1,B_q0,0.1,0.6,1.0,1.0,0.0,1.0,1.0,sepsis,autorpa_233k,always_compile_evict,183323387.17,1.031935,17.9,18.8,38.9,14.1,0.0,93.3,30.0,0.007,0.0,0.0,ours_noinflate,0.969053
h=0.1/q0=0.6/p=1/r=1/sig=0/cf=1,B_q0,0.1,0.6,1.0,1.0,0.0,1.0,1.0,sepsis,autorpa_233k,ours_noinflate,177650086.536,1.0,2.8,4.0,10.5,6.9,0.0,42.1,2.0,0.003,0.0,0.0,ours_noinflate,0.969053
h=0.1/q0=0.6/p=1/r=1/sig=0/cf=1,B_q0,0.1,0.6,1.0,1.0,0.0,1.0,1.0,sepsis,autorpa_233k,oracle_tax,177312595.289,0.9981,2.8,3.5,10.2,7.4,0.0,44.2,1.3,0.003,0.0,0.0,ours_noinflate,0.969053
h=0.1/q0=0.6/p=1/r=1/sig=0/cf=1,B_q0,0.1,0.6,1.0,1.0,0.0,1.0,1.0,sepsis,autorpa_233k,ours_spend_cap,177650086.536,1.0,2.8,4.0,10.5,6.9,0.0,42.1,2.0,0.003,0.0,0.0,ours_noinflate,0.969053
h=0.1/q0=0.6/p=1/r=1/sig=0/cf=1,B_q0,0.1,0.6,1.0,1.0,0.0,1.0,1.0,sepsis,autorpa_233k,ours_cap_epoch,177650086.536,1.0,2.8,4.0,10.5,6.9,0.0,42.1,2.0,0.003,0.0,0.0,ours_noinflate,0.969053
h=0.1/q0=0.6/p=1/r=1/sig=0/cf=1,B_q0,0.1,0.6,1.0,1.0,0.0,1.0,1.0,sepsis,autorpa_233k,ours_cap_realized,177650086.536,1.0,2.8,4.0,10.5,6.9,0.0,42.1,2.0,0.003,0.0,0.0,ours_noinflate,0.969053
h=0.1/q0=0.6/p=1/r=1/sig=0/cf=1,B_q0,0.1,0.6,1.0,1.0,0.0,1.0,1.0,sepsis,autorpa_233k,ours_pi_prior,178052162.257,1.002263,1.8,3.0,9.0,6.4,0.0,38.9,1.7,0.003,0.0,0.0,ours_noinflate,0.969053
h=0.1/q0=0.6/p=1/r=1/sig=0/cf=1,B_q0,0.1,0.6,1.0,1.0,0.0,1.0,1.0,sepsis,autorpa_233k,breakeven,182245953.649,1.02587,2.4,2.8,7.4,4.1,0.0,22.5,2.6,0.003,0.0,0.0,ours_noinflate,0.969053
h=0.1/q0=0.6/p=1/r=1/sig=0/cf=1,B_q0,0.1,0.6,1.0,1.0,0.0,1.0,1.0,sepsis,autorpa_233k,breakeven_cap_epoch,182245953.649,1.02587,2.4,2.8,7.4,4.1,0.0,22.5,2.6,0.003,0.0,0.0,ours_noinflate,0.969053
h=0.1/q0=0.6/p=1/r=1/sig=0/cf=1,B_q0,0.1,0.6,1.0,1.0,0.0,1.0,1.0,sepsis,autorpa_233k,offline_taxblind,173135434.678,0.974587,,,,,,,,,,,ours_noinflate,0.969053
h=0.1/q0=0.6/p=1/r=1/sig=0/cf=1,B_q0,0.1,0.6,1.0,1.0,0.0,1.0,1.0,sepsis,autorpa_233k,offline_opt_tax,173763429.933,0.978122,,,,,,,,,,,ours_noinflate,0.969053
h=0.1/q0=0.6/p=1/r=1/sig=0/cf=1,B_q0,0.1,0.6,1.0,1.0,0.0,1.0,1.0,sepsis,native,always_reactive,187135368.565,1.052585,0.0,0.0,0.0,0.0,0.0,0.0,0.0,0.002,0.0,0.0,ours_noinflate,0.965476
h=0.1/q0=0.6/p=1/r=1/sig=0/cf=1,B_q0,0.1,0.6,1.0,1.0,0.0,1.0,1.0,sepsis,native,always_compile_evict,184143848.222,1.035759,18.7,19.1,38.9,14.1,0.0,93.3,30.0,0.007,0.0,0.0,ours_noinflate,0.965476
h=0.1/q0=0.6/p=1/r=1/sig=0/cf=1,B_q0,0.1,0.6,1.0,1.0,0.0,1.0,1.0,sepsis,native,ours_noinflate,177786414.598,1.0,2.9,4.0,10.5,6.9,0.0,41.7,2.6,0.003,0.0,0.0,ours_noinflate,0.965476
h=0.1/q0=0.6/p=1/r=1/sig=0/cf=1,B_q0,0.1,0.6,1.0,1.0,0.0,1.0,1.0,sepsis,native,oracle_tax,177364965.845,0.997629,2.8,3.5,10.2,7.4,0.0,44.2,1.3,0.003,0.0,0.0,ours_noinflate,0.965476
h=0.1/q0=0.6/p=1/r=1/sig=0/cf=1,B_q0,0.1,0.6,1.0,1.0,0.0,1.0,1.0,sepsis,native,ours_spend_cap,177786414.598,1.0,2.9,4.0,10.5,6.9,0.0,41.7,2.6,0.003,0.0,0.0,ours_noinflate,0.965476
h=0.1/q0=0.6/p=1/r=1/sig=0/cf=1,B_q0,0.1,0.6,1.0,1.0,0.0,1.0,1.0,sepsis,native,ours_cap_epoch,177786414.598,1.0,2.9,4.0,10.5,6.9,0.0,41.7,2.6,0.003,0.0,0.0,ours_noinflate,0.965476
h=0.1/q0=0.6/p=1/r=1/sig=0/cf=1,B_q0,0.1,0.6,1.0,1.0,0.0,1.0,1.0,sepsis,native,ours_cap_realized,177786414.598,1.0,2.9,4.0,10.5,6.9,0.0,41.7,2.6,0.003,0.0,0.0,ours_noinflate,0.965476
h=0.1/q0=0.6/p=1/r=1/sig=0/cf=1,B_q0,0.1,0.6,1.0,1.0,0.0,1.0,1.0,sepsis,native,ours_pi_prior,178098580.87,1.001756,1.8,3.0,9.0,6.4,0.0,38.9,1.7,0.003,0.0,0.0,ours_noinflate,0.965476
h=0.1/q0=0.6/p=1/r=1/sig=0/cf=1,B_q0,0.1,0.6,1.0,1.0,0.0,1.0,1.0,sepsis,native,breakeven,182343227.608,1.025631,1.8,2.8,7.4,4.0,0.0,22.2,2.6,0.003,0.0,0.0,ours_noinflate,0.965476
h=0.1/q0=0.6/p=1/r=1/sig=0/cf=1,B_q0,0.1,0.6,1.0,1.0,0.0,1.0,1.0,sepsis,native,breakeven_cap_epoch,182343227.608,1.025631,1.8,2.8,7.4,4.0,0.0,22.2,2.6,0.003,0.0,0.0,ours_noinflate,0.965476
h=0.1/q0=0.6/p=1/r=1/sig=0/cf=1,B_q0,0.1,0.6,1.0,1.0,0.0,1.0,1.0,sepsis,native,offline_taxblind,173219638.316,0.974313,,,,,,,,,,,ours_noinflate,0.965476
h=0.1/q0=0.6/p=1/r=1/sig=0/cf=1,B_q0,0.1,0.6,1.0,1.0,0.0,1.0,1.0,sepsis,native,offline_opt_tax,173848874.413,0.977852,,,,,,,,,,,ours_noinflate,0.965476
h=0.1/q0=0.6/p=1/r=1/sig=0/cf=1,B_q0,0.1,0.6,1.0,1.0,0.0,1.0,1.0,wiki_A,autorpa_233k,always_reactive,19487424199.81,1.399394,0.0,0.0,0.0,0.0,0.0,0.0,0.0,0.001,0.0,0.0,ours_noinflate,0.974948
h=0.1/q0=0.6/p=1/r=1/sig=0/cf=1,B_q0,0.1,0.6,1.0,1.0,0.0,1.0,1.0,wiki_A,autorpa_233k,always_compile_evict,14283454726.143,1.025696,9.1,41.8,6543.5,6261.7,0.0,40001.5,5442.6,0.007,0.0,0.0,ours_noinflate,0.974948
h=0.1/q0=0.6/p=1/r=1/sig=0/cf=1,B_q0,0.1,0.6,1.0,1.0,0.0,1.0,1.0,wiki_A,autorpa_233k,ours_noinflate,13925620701.354,1.0,4.2,17.6,3230.6,3156.8,0.0,20174.0,2176.6,0.004,0.0,0.0,ours_noinflate,0.974948
h=0.1/q0=0.6/p=1/r=1/sig=0/cf=1,B_q0,0.1,0.6,1.0,1.0,0.0,1.0,1.0,wiki_A,autorpa_233k,oracle_tax,16563440072.819,1.189422,9.7,10.7,1441.9,1432.2,0.0,9165.1,776.3,0.002,0.0,0.0,ours_noinflate,0.974948
h=0.1/q0=0.6/p=1/r=1/sig=0/cf=1,B_q0,0.1,0.6,1.0,1.0,0.0,1.0,1.0,wiki_A,autorpa_233k,ours_spend_cap,13925620701.354,1.0,4.2,17.6,3230.6,3156.8,0.0,20174.0,2176.6,0.004,0.0,0.0,ours_noinflate,0.974948
h=0.1/q0=0.6/p=1/r=1/sig=0/cf=1,B_q0,0.1,0.6,1.0,1.0,0.0,1.0,1.0,wiki_A,autorpa_233k,ours_cap_epoch,13925620701.354,1.0,4.2,17.6,3230.6,3156.8,0.0,20174.0,2176.6,0.004,0.0,0.0,ours_noinflate,0.974948
h=0.1/q0=0.6/p=1/r=1/sig=0/cf=1,B_q0,0.1,0.6,1.0,1.0,0.0,1.0,1.0,wiki_A,autorpa_233k,ours_cap_realized,13925620701.354,1.0,4.2,17.6,3230.6,3156.8,0.0,20174.0,2176.6,0.004,0.0,0.0,ours_noinflate,0.974948
h=0.1/q0=0.6/p=1/r=1/sig=0/cf=1,B_q0,0.1,0.6,1.0,1.0,0.0,1.0,1.0,wiki_A,autorpa_233k,ours_pi_prior,13939815627.36,1.001019,2.6,13.5,3149.8,3088.7,0.0,19723.3,2134.9,0.003,0.0,0.0,ours_noinflate,0.974948
h=0.1/q0=0.6/p=1/r=1/sig=0/cf=1,B_q0,0.1,0.6,1.0,1.0,0.0,1.0,1.0,wiki_A,autorpa_233k,breakeven,19109470108.099,1.372253,0.0,5.5,1071.1,976.3,0.0,6296.9,799.5,0.002,0.0,0.0,ours_noinflate,0.974948
h=0.1/q0=0.6/p=1/r=1/sig=0/cf=1,B_q0,0.1,0.6,1.0,1.0,0.0,1.0,1.0,wiki_A,autorpa_233k,breakeven_cap_epoch,19109470108.099,1.372253,0.0,5.5,1071.1,976.3,0.0,6296.9,799.5,0.002,0.0,0.0,ours_noinflate,0.974948
h=0.1/q0=0.6/p=1/r=1/sig=0/cf=1,B_q0,0.1,0.6,1.0,1.0,0.0,1.0,1.0,wiki_A,autorpa_233k,offline_taxblind,13859192415.603,0.99523,,,,,,,,,,,ours_noinflate,0.974948
h=0.1/q0=0.6/p=1/r=1/sig=0/cf=1,B_q0,0.1,0.6,1.0,1.0,0.0,1.0,1.0,wiki_A,autorpa_233k,offline_opt_tax,13879125010.255,0.996661,,,,,,,,,,,ours_noinflate,0.974948
h=0.1/q0=0.6/p=1/r=1/sig=0/cf=1,B_q0,0.1,0.6,1.0,1.0,0.0,1.0,1.0,wiki_A,native,always_reactive,19487424199.81,1.397791,0.0,0.0,0.0,0.0,0.0,0.0,0.0,0.001,0.0,0.0,ours_pi_prior,0.962445
h=0.1/q0=0.6/p=1/r=1/sig=0/cf=1,B_q0,0.1,0.6,1.0,1.0,0.0,1.0,1.0,wiki_A,native,always_compile_evict,14465469082.877,1.037577,10.9,43.5,6543.5,6261.7,0.0,40001.5,5473.5,0.007,0.0,0.0,ours_pi_prior,0.962445
h=0.1/q0=0.6/p=1/r=1/sig=0/cf=1,B_q0,0.1,0.6,1.0,1.0,0.0,1.0,1.0,wiki_A,native,ours_noinflate,13941589562.155,1.0,4.8,16.9,3219.9,3150.3,0.0,20125.4,2178.8,0.004,0.0,0.0,ours_pi_prior,0.962445
h=0.1/q0=0.6/p=1/r=1/sig=0/cf=1,B_q0,0.1,0.6,1.0,1.0,0.0,1.0,1.0,wiki_A,native,oracle_tax,16570647604.2,1.188577,10.1,11.1,1471.6,1461.5,0.0,9339.2,799.8,0.002,0.0,0.0,ours_pi_prior,0.962445
h=0.1/q0=0.6/p=1/r=1/sig=0/cf=1,B_q0,0.1,0.6,1.0,1.0,0.0,1.0,1.0,wiki_A,native,ours_spend_cap,13941589562.155,1.0,4.8,16.9,3219.9,3150.3,0.0,20125.4,2178.8,0.004,0.0,0.0,ours_pi_prior,0.962445
h=0.1/q0=0.6/p=1/r=1/sig=0/cf=1,B_q0,0.1,0.6,1.0,1.0,0.0,1.0,1.0,wiki_A,native,ours_cap_epoch,13941589562.155,1.0,4.8,16.9,3219.9,3150.3,0.0,20125.4,2178.8,0.004,0.0,0.0,ours_pi_prior,0.962445
h=0.1/q0=0.6/p=1/r=1/sig=0/cf=1,B_q0,0.1,0.6,1.0,1.0,0.0,1.0,1.0,wiki_A,native,ours_cap_realized,13941589562.155,1.0,4.8,16.9,3219.9,3150.3,0.0,20125.4,2178.8,0.004,0.0,0.0,ours_pi_prior,0.962445
h=0.1/q0=0.6/p=1/r=1/sig=0/cf=1,B_q0,0.1,0.6,1.0,1.0,0.0,1.0,1.0,wiki_A,native,ours_pi_prior,13922215470.877,0.99861,5.5,14.4,3632.4,3560.4,0.0,22755.7,2622.1,0.004,0.0,0.0,ours_pi_prior,0.962445
h=0.1/q0=0.6/p=1/r=1/sig=0/cf=1,B_q0,0.1,0.6,1.0,1.0,0.0,1.0,1.0,wiki_A,native,breakeven,19149123431.377,1.373525,0.1,6.0,993.5,900.3,0.0,5751.1,719.8,0.002,0.0,0.0,ours_pi_prior,0.962445
h=0.1/q0=0.6/p=1/r=1/sig=0/cf=1,B_q0,0.1,0.6,1.0,1.0,0.0,1.0,1.0,wiki_A,native,breakeven_cap_epoch,19149123431.377,1.373525,0.1,6.0,993.5,900.3,0.0,5751.1,719.8,0.002,0.0,0.0,ours_pi_prior,0.962445
h=0.1/q0=0.6/p=1/r=1/sig=0/cf=1,B_q0,0.1,0.6,1.0,1.0,0.0,1.0,1.0,wiki_A,native,offline_taxblind,13832231006.056,0.992156,,,,,,,,,,,ours_pi_prior,0.962445
h=0.1/q0=0.6/p=1/r=1/sig=0/cf=1,B_q0,0.1,0.6,1.0,1.0,0.0,1.0,1.0,wiki_A,native,offline_opt_tax,13858510761.644,0.994041,,,,,,,,,,,ours_pi_prior,0.962445
h=0.1/q0=0.6/p=1/r=1/sig=0/cf=1,B_q0,0.1,0.6,1.0,1.0,0.0,1.0,1.0,wiki_B,autorpa_233k,always_reactive,16977748066.619,1.070597,0.0,0.0,0.0,0.0,0.0,0.0,0.0,0.002,0.0,0.0,ours_noinflate,0.96265
h=0.1/q0=0.6/p=1/r=1/sig=0/cf=1,B_q0,0.1,0.6,1.0,1.0,0.0,1.0,1.0,wiki_B,autorpa_233k,always_compile_evict,16473498008.682,1.038799,61.1,77.3,4356.6,2792.9,0.0,17990.8,3938.8,0.029,0.0,0.0,ours_noinflate,0.96265
h=0.1/q0=0.6/p=1/r=1/sig=0/cf=1,B_q0,0.1,0.6,1.0,1.0,0.0,1.0,1.0,wiki_B,autorpa_233k,ours_noinflate,15858208008.887,1.0,22.5,31.8,1462.3,1064.9,0.0,6856.5,1101.2,0.012,0.0,0.0,ours_noinflate,0.96265
h=0.1/q0=0.6/p=1/r=1/sig=0/cf=1,B_q0,0.1,0.6,1.0,1.0,0.0,1.0,1.0,wiki_B,autorpa_233k,oracle_tax,16793488937.401,1.058978,29.0,30.3,142.6,113.6,0.0,743.5,65.8,0.004,0.0,0.0,ours_noinflate,0.96265
h=0.1/q0=0.6/p=1/r=1/sig=0/cf=1,B_q0,0.1,0.6,1.0,1.0,0.0,1.0,1.0,wiki_B,autorpa_233k,ours_spend_cap,15858208008.887,1.0,22.5,31.8,1462.3,1064.9,0.0,6856.5,1101.2,0.012,0.0,0.0,ours_noinflate,0.96265
h=0.1/q0=0.6/p=1/r=1/sig=0/cf=1,B_q0,0.1,0.6,1.0,1.0,0.0,1.0,1.0,wiki_B,autorpa_233k,ours_cap_epoch,15858208008.887,1.0,22.5,31.8,1462.3,1064.9,0.0,6856.5,1101.2,0.012,0.0,0.0,ours_noinflate,0.96265
h=0.1/q0=0.6/p=1/r=1/sig=0/cf=1,B_q0,0.1,0.6,1.0,1.0,0.0,1.0,1.0,wiki_B,autorpa_233k,ours_cap_realized,15858208008.887,1.0,22.5,31.8,1462.3,1064.9,0.0,6856.5,1101.2,0.012,0.0,0.0,ours_noinflate,0.96265
h=0.1/q0=0.6/p=1/r=1/sig=0/cf=1,B_q0,0.1,0.6,1.0,1.0,0.0,1.0,1.0,wiki_B,autorpa_233k,ours_pi_prior,15890887509.175,1.002061,16.3,28.8,1360.3,966.1,0.0,6241.6,1029.4,0.011,0.0,0.0,ours_noinflate,0.96265
h=0.1/q0=0.6/p=1/r=1/sig=0/cf=1,B_q0,0.1,0.6,1.0,1.0,0.0,1.0,1.0,wiki_B,autorpa_233k,breakeven,16950777642.809,1.068896,2.6,9.9,564.0,191.8,0.0,1203.2,441.3,0.003,0.0,0.0,ours_noinflate,0.96265
h=0.1/q0=0.6/p=1/r=1/sig=0/cf=1,B_q0,0.1,0.6,1.0,1.0,0.0,1.0,1.0,wiki_B,autorpa_233k,breakeven_cap_epoch,16950777642.809,1.068896,2.6,9.9,564.0,191.8,0.0,1203.2,441.3,0.003,0.0,0.0,ours_noinflate,0.96265
h=0.1/q0=0.6/p=1/r=1/sig=0/cf=1,B_q0,0.1,0.6,1.0,1.0,0.0,1.0,1.0,wiki_B,autorpa_233k,offline_taxblind,15477770877.748,0.97601,,,,,,,,,,,ours_noinflate,0.96265
h=0.1/q0=0.6/p=1/r=1/sig=0/cf=1,B_q0,0.1,0.6,1.0,1.0,0.0,1.0,1.0,wiki_B,autorpa_233k,offline_opt_tax,15569447993.295,0.981791,,,,,,,,,,,ours_noinflate,0.96265
h=0.1/q0=0.6/p=1/r=1/sig=0/cf=1,B_q0,0.1,0.6,1.0,1.0,0.0,1.0,1.0,wiki_B,native,always_reactive,16977748066.619,1.070287,0.0,0.0,0.0,0.0,0.0,0.0,0.0,0.002,0.0,0.0,ours_noinflate,0.954891
h=0.1/q0=0.6/p=1/r=1/sig=0/cf=1,B_q0,0.1,0.6,1.0,1.0,0.0,1.0,1.0,wiki_B,native,always_compile_evict,16612155270.339,1.04724,66.3,75.6,4356.6,2792.9,0.0,17990.8,3943.0,0.03,0.0,0.0,ours_noinflate,0.954891
h=0.1/q0=0.6/p=1/r=1/sig=0/cf=1,B_q0,0.1,0.6,1.0,1.0,0.0,1.0,1.0,wiki_B,native,ours_noinflate,15862801488.15,1.0,24.5,31.5,1412.9,1036.8,0.0,6672.9,1058.0,0.012,0.0,0.0,ours_noinflate,0.954891
h=0.1/q0=0.6/p=1/r=1/sig=0/cf=1,B_q0,0.1,0.6,1.0,1.0,0.0,1.0,1.0,wiki_B,native,oracle_tax,16794731193.984,1.058749,28.7,30.0,141.9,113.2,0.0,740.4,65.7,0.004,0.0,0.0,ours_noinflate,0.954891
h=0.1/q0=0.6/p=1/r=1/sig=0/cf=1,B_q0,0.1,0.6,1.0,1.0,0.0,1.0,1.0,wiki_B,native,ours_spend_cap,15862801488.15,1.0,24.5,31.5,1412.9,1036.8,0.0,6672.9,1058.0,0.012,0.0,0.0,ours_noinflate,0.954891
h=0.1/q0=0.6/p=1/r=1/sig=0/cf=1,B_q0,0.1,0.6,1.0,1.0,0.0,1.0,1.0,wiki_B,native,ours_cap_epoch,15862801488.15,1.0,24.5,31.5,1412.9,1036.8,0.0,6672.9,1058.0,0.012,0.0,0.0,ours_noinflate,0.954891
h=0.1/q0=0.6/p=1/r=1/sig=0/cf=1,B_q0,0.1,0.6,1.0,1.0,0.0,1.0,1.0,wiki_B,native,ours_cap_realized,15862801488.15,1.0,24.5,31.5,1412.9,1036.8,0.0,6672.9,1058.0,0.012,0.0,0.0,ours_noinflate,0.954891
h=0.1/q0=0.6/p=1/r=1/sig=0/cf=1,B_q0,0.1,0.6,1.0,1.0,0.0,1.0,1.0,wiki_B,native,ours_pi_prior,15895226306.369,1.002044,20.3,30.2,1546.2,1126.1,0.0,7255.8,1211.3,0.012,0.0,0.0,ours_noinflate,0.954891
h=0.1/q0=0.6/p=1/r=1/sig=0/cf=1,B_q0,0.1,0.6,1.0,1.0,0.0,1.0,1.0,wiki_B,native,breakeven,16951522422.82,1.068634,4.3,9.8,572.1,187.4,0.0,1186.1,444.6,0.003,0.0,0.0,ours_noinflate,0.954891
h=0.1/q0=0.6/p=1/r=1/sig=0/cf=1,B_q0,0.1,0.6,1.0,1.0,0.0,1.0,1.0,wiki_B,native,breakeven_cap_epoch,16951522422.82,1.068634,4.3,9.8,572.1,187.4,0.0,1186.1,444.6,0.003,0.0,0.0,ours_noinflate,0.954891
h=0.1/q0=0.6/p=1/r=1/sig=0/cf=1,B_q0,0.1,0.6,1.0,1.0,0.0,1.0,1.0,wiki_B,native,offline_taxblind,15458147141.103,0.97449,,,,,,,,,,,ours_noinflate,0.954891
h=0.1/q0=0.6/p=1/r=1/sig=0/cf=1,B_q0,0.1,0.6,1.0,1.0,0.0,1.0,1.0,wiki_B,native,offline_opt_tax,15559186553.615,0.98086,,,,,,,,,,,ours_noinflate,0.954891
h=0.3/q0=0.4/p=0.3/r=1/sig=0/cf=10.5094,A_core,0.3,0.4,0.3,1.0,0.0,1.0,10.509389227369171,bpi2019,autorpa_233k,always_reactive,28364744721.458,1.0,0.0,0.0,0.0,0.0,0.0,0.0,0.0,0.003,0.0,0.0,always_reactive,0.1034
h=0.3/q0=0.4/p=0.3/r=1/sig=0/cf=10.5094,A_core,0.3,0.4,0.3,1.0,0.0,1.0,10.509389227369171,bpi2019,autorpa_233k,always_compile_evict,274320489271.964,9.671178,38.1,68.3,140722.7,41476.4,0.0,80138.6,140396.2,0.004,98591.8,241420526992.68,always_reactive,0.1034
h=0.3/q0=0.4/p=0.3/r=1/sig=0/cf=10.5094,A_core,0.3,0.4,0.3,1.0,0.0,1.0,10.509389227369171,bpi2019,autorpa_233k,ours_noinflate,28364744721.458,1.0,0.0,0.0,0.0,0.0,0.0,0.0,0.0,0.003,0.0,0.0,always_reactive,0.1034
h=0.3/q0=0.4/p=0.3/r=1/sig=0/cf=10.5094,A_core,0.3,0.4,0.3,1.0,0.0,1.0,10.509389227369171,bpi2019,autorpa_233k,oracle_tax,28391843181.59,1.000955,0.2,1.1,16.0,4.1,0.0,6.5,11.8,0.003,11.7,28649645.973,always_reactive,0.1034
h=0.3/q0=0.4/p=0.3/r=1/sig=0/cf=10.5094,A_core,0.3,0.4,0.3,1.0,0.0,1.0,10.509389227369171,bpi2019,autorpa_233k,ours_spend_cap,28364744721.458,1.0,0.0,0.0,0.0,0.0,0.0,0.0,0.0,0.003,0.0,0.0,always_reactive,0.1034
h=0.3/q0=0.4/p=0.3/r=1/sig=0/cf=10.5094,A_core,0.3,0.4,0.3,1.0,0.0,1.0,10.509389227369171,bpi2019,autorpa_233k,ours_cap_epoch,28364744721.458,1.0,0.0,0.0,0.0,0.0,0.0,0.0,0.0,0.003,0.0,0.0,always_reactive,0.1034
h=0.3/q0=0.4/p=0.3/r=1/sig=0/cf=10.5094,A_core,0.3,0.4,0.3,1.0,0.0,1.0,10.509389227369171,bpi2019,autorpa_233k,ours_cap_realized,28364744721.458,1.0,0.0,0.0,0.0,0.0,0.0,0.0,0.0,0.003,0.0,0.0,always_reactive,0.1034
h=0.3/q0=0.4/p=0.3/r=1/sig=0/cf=10.5094,A_core,0.3,0.4,0.3,1.0,0.0,1.0,10.509389227369171,bpi2019,autorpa_233k,ours_pi_prior,28364744721.458,1.0,0.0,0.0,0.0,0.0,0.0,0.0,0.0,0.003,0.0,0.0,always_reactive,0.1034
h=0.3/q0=0.4/p=0.3/r=1/sig=0/cf=10.5094,A_core,0.3,0.4,0.3,1.0,0.0,1.0,10.509389227369171,bpi2019,autorpa_233k,breakeven,34760963459.118,1.225499,1.6,10.0,3669.1,775.6,0.0,1500.7,3436.9,0.004,2579.6,6316634765.065,always_reactive,0.1034
h=0.3/q0=0.4/p=0.3/r=1/sig=0/cf=10.5094,A_core,0.3,0.4,0.3,1.0,0.0,1.0,10.509389227369171,bpi2019,autorpa_233k,breakeven_cap_epoch,29635425330.358,1.044798,0.5,4.7,735.5,120.9,0.0,234.4,664.1,0.004,512.3,1254462703.575,always_reactive,0.1034
h=0.3/q0=0.4/p=0.3/r=1/sig=0/cf=10.5094,A_core,0.3,0.4,0.3,1.0,0.0,1.0,10.509389227369171,bpi2019,autorpa_233k,offline_taxblind,27908895665.402,0.983929,,,,,,,,,,,always_reactive,0.1034
h=0.3/q0=0.4/p=0.3/r=1/sig=0/cf=10.5094,A_core,0.3,0.4,0.3,1.0,0.0,1.0,10.509389227369171,bpi2019,autorpa_233k,offline_opt_tax,27989886291.014,0.986784,,,,,,,,,,,always_reactive,0.1034
h=0.3/q0=0.4/p=0.3/r=1/sig=0/cf=10.5094,A_core,0.3,0.4,0.3,1.0,0.0,1.0,10.509389227369171,bpi2019,native,always_reactive,28364744721.458,1.0,0.0,0.0,0.0,0.0,0.0,0.0,0.0,0.003,0.0,0.0,always_reactive,0.080745
h=0.3/q0=0.4/p=0.3/r=1/sig=0/cf=10.5094,A_core,0.3,0.4,0.3,1.0,0.0,1.0,10.509389227369171,bpi2019,native,always_compile_evict,351286648396.797,12.384622,35.8,69.8,140722.7,41476.4,0.0,80138.6,140384.8,0.003,98591.8,315341020384.532,always_reactive,0.080745
h=0.3/q0=0.4/p=0.3/r=1/sig=0/cf=10.5094,A_core,0.3,0.4,0.3,1.0,0.0,1.0,10.509389227369171,bpi2019,native,ours_noinflate,28364744721.458,1.0,0.0,0.0,0.0,0.0,0.0,0.0,0.0,0.003,0.0,0.0,always_reactive,0.080745
h=0.3/q0=0.4/p=0.3/r=1/sig=0/cf=10.5094,A_core,0.3,0.4,0.3,1.0,0.0,1.0,10.509389227369171,bpi2019,native,oracle_tax,28390855912.799,1.000921,0.1,0.9,15.0,3.9,0.0,6.2,11.1,0.003,11.0,27529114.4,always_reactive,0.080745
h=0.3/q0=0.4/p=0.3/r=1/sig=0/cf=10.5094,A_core,0.3,0.4,0.3,1.0,0.0,1.0,10.509389227369171,bpi2019,native,ours_spend_cap,28364744721.458,1.0,0.0,0.0,0.0,0.0,0.0,0.0,0.0,0.003,0.0,0.0,always_reactive,0.080745
h=0.3/q0=0.4/p=0.3/r=1/sig=0/cf=10.5094,A_core,0.3,0.4,0.3,1.0,0.0,1.0,10.509389227369171,bpi2019,native,ours_cap_epoch,28364744721.458,1.0,0.0,0.0,0.0,0.0,0.0,0.0,0.0,0.003,0.0,0.0,always_reactive,0.080745
h=0.3/q0=0.4/p=0.3/r=1/sig=0/cf=10.5094,A_core,0.3,0.4,0.3,1.0,0.0,1.0,10.509389227369171,bpi2019,native,ours_cap_realized,28364744721.458,1.0,0.0,0.0,0.0,0.0,0.0,0.0,0.0,0.003,0.0,0.0,always_reactive,0.080745
h=0.3/q0=0.4/p=0.3/r=1/sig=0/cf=10.5094,A_core,0.3,0.4,0.3,1.0,0.0,1.0,10.509389227369171,bpi2019,native,ours_pi_prior,28364744721.458,1.0,0.0,0.0,0.0,0.0,0.0,0.0,0.0,0.003,0.0,0.0,always_reactive,0.080745
h=0.3/q0=0.4/p=0.3/r=1/sig=0/cf=10.5094,A_core,0.3,0.4,0.3,1.0,0.0,1.0,10.509389227369171,bpi2019,native,breakeven,35323012602.858,1.245314,1.9,9.7,3633.7,758.6,0.0,1462.7,3390.1,0.004,2557.0,6861705005.655,always_reactive,0.080745
h=0.3/q0=0.4/p=0.3/r=1/sig=0/cf=10.5094,A_core,0.3,0.4,0.3,1.0,0.0,1.0,10.509389227369171,bpi2019,native,breakeven_cap_epoch,29699497657.396,1.047057,0.4,4.8,749.1,121.8,0.0,234.4,677.6,0.004,522.7,1316672216.236,always_reactive,0.080745
h=0.3/q0=0.4/p=0.3/r=1/sig=0/cf=10.5094,A_core,0.3,0.4,0.3,1.0,0.0,1.0,10.509389227369171,bpi2019,native,offline_taxblind,27972435183.109,0.986169,,,,,,,,,,,always_reactive,0.080745
h=0.3/q0=0.4/p=0.3/r=1/sig=0/cf=10.5094,A_core,0.3,0.4,0.3,1.0,0.0,1.0,10.509389227369171,bpi2019,native,offline_opt_tax,28045408452.88,0.988742,,,,,,,,,,,always_reactive,0.080745
h=0.3/q0=0.4/p=0.3/r=1/sig=0/cf=10.5094,A_core,0.3,0.4,0.3,1.0,0.0,1.0,10.509389227369171,sepsis,autorpa_233k,always_reactive,187135368.565,1.0,0.0,0.0,0.0,0.0,0.0,0.0,0.0,0.002,0.0,0.0,always_reactive,0.521299
h=0.3/q0=0.4/p=0.3/r=1/sig=0/cf=10.5094,A_core,0.3,0.4,0.3,1.0,0.0,1.0,10.509389227369171,sepsis,autorpa_233k,always_compile_evict,358978685.604,1.918283,7.0,9.3,101.0,20.9,0.0,42.1,92.0,0.002,71.1,174101694.757,always_reactive,0.521299
h=0.3/q0=0.4/p=0.3/r=1/sig=0/cf=10.5094,A_core,0.3,0.4,0.3,1.0,0.0,1.0,10.509389227369171,sepsis,autorpa_233k,ours_noinflate,187135368.565,1.0,0.0,0.0,0.0,0.0,0.0,0.0,0.0,0.002,0.0,0.0,always_reactive,0.521299
h=0.3/q0=0.4/p=0.3/r=1/sig=0/cf=10.5094,A_core,0.3,0.4,0.3,1.0,0.0,1.0,10.509389227369171,sepsis,autorpa_233k,oracle_tax,234818442.635,1.254805,0.4,2.0,31.0,8.7,0.0,17.6,23.3,0.002,21.9,53626260.41,always_reactive,0.521299
h=0.3/q0=0.4/p=0.3/r=1/sig=0/cf=10.5094,A_core,0.3,0.4,0.3,1.0,0.0,1.0,10.509389227369171,sepsis,autorpa_233k,ours_spend_cap,187135368.565,1.0,0.0,0.0,0.0,0.0,0.0,0.0,0.0,0.002,0.0,0.0,always_reactive,0.521299
h=0.3/q0=0.4/p=0.3/r=1/sig=0/cf=10.5094,A_core,0.3,0.4,0.3,1.0,0.0,1.0,10.509389227369171,sepsis,autorpa_233k,ours_cap_epoch,187135368.565,1.0,0.0,0.0,0.0,0.0,0.0,0.0,0.0,0.002,0.0,0.0,always_reactive,0.521299
h=0.3/q0=0.4/p=0.3/r=1/sig=0/cf=10.5094,A_core,0.3,0.4,0.3,1.0,0.0,1.0,10.509389227369171,sepsis,autorpa_233k,ours_cap_realized,187135368.565,1.0,0.0,0.0,0.0,0.0,0.0,0.0,0.0,0.002,0.0,0.0,always_reactive,0.521299
h=0.3/q0=0.4/p=0.3/r=1/sig=0/cf=10.5094,A_core,0.3,0.4,0.3,1.0,0.0,1.0,10.509389227369171,sepsis,autorpa_233k,ours_pi_prior,187135368.565,1.0,0.0,0.0,0.0,0.0,0.0,0.0,0.0,0.002,0.0,0.0,always_reactive,0.521299
h=0.3/q0=0.4/p=0.3/r=1/sig=0/cf=10.5094,A_core,0.3,0.4,0.3,1.0,0.0,1.0,10.509389227369171,sepsis,autorpa_233k,breakeven,228034020.96,1.218551,0.9,2.1,25.0,5.7,0.0,10.6,18.3,0.002,18.0,44076378.42,always_reactive,0.521299
h=0.3/q0=0.4/p=0.3/r=1/sig=0/cf=10.5094,A_core,0.3,0.4,0.3,1.0,0.0,1.0,10.509389227369171,sepsis,autorpa_233k,breakeven_cap_epoch,194761909.62,1.040754,0.1,0.7,4.7,1.1,0.0,2.1,3.8,0.002,3.5,8570406.915,always_reactive,0.521299
h=0.3/q0=0.4/p=0.3/r=1/sig=0/cf=10.5094,A_core,0.3,0.4,0.3,1.0,0.0,1.0,10.509389227369171,sepsis,autorpa_233k,offline_taxblind,185304310.077,0.990215,,,,,,,,,,,always_reactive,0.521299
h=0.3/q0=0.4/p=0.3/r=1/sig=0/cf=10.5094,A_core,0.3,0.4,0.3,1.0,0.0,1.0,10.509389227369171,sepsis,autorpa_233k,offline_opt_tax,185419475.683,0.990831,,,,,,,,,,,always_reactive,0.521299
h=0.3/q0=0.4/p=0.3/r=1/sig=0/cf=10.5094,A_core,0.3,0.4,0.3,1.0,0.0,1.0,10.509389227369171,sepsis,native,always_reactive,187135368.565,1.0,0.0,0.0,0.0,0.0,0.0,0.0,0.0,0.002,0.0,0.0,always_reactive,0.491593
h=0.3/q0=0.4/p=0.3/r=1/sig=0/cf=10.5094,A_core,0.3,0.4,0.3,1.0,0.0,1.0,10.509389227369171,sepsis,native,always_compile_evict,380671034.33,2.034201,7.1,9.0,101.0,20.9,0.0,42.1,92.0,0.002,71.1,195444741.076,always_reactive,0.491593
h=0.3/q0=0.4/p=0.3/r=1/sig=0/cf=10.5094,A_core,0.3,0.4,0.3,1.0,0.0,1.0,10.509389227369171,sepsis,native,ours_noinflate,187135368.565,1.0,0.0,0.0,0.0,0.0,0.0,0.0,0.0,0.002,0.0,0.0,always_reactive,0.491593
h=0.3/q0=0.4/p=0.3/r=1/sig=0/cf=10.5094,A_core,0.3,0.4,0.3,1.0,0.0,1.0,10.509389227369171,sepsis,native,oracle_tax,236046869.099,1.26137,0.4,2.0,31.0,8.7,0.0,17.6,23.4,0.002,21.9,54807964.124,always_reactive,0.491593
h=0.3/q0=0.4/p=0.3/r=1/sig=0/cf=10.5094,A_core,0.3,0.4,0.3,1.0,0.0,1.0,10.509389227369171,sepsis,native,ours_spend_cap,187135368.565,1.0,0.0,0.0,0.0,0.0,0.0,0.0,0.0,0.002,0.0,0.0,always_reactive,0.491593
h=0.3/q0=0.4/p=0.3/r=1/sig=0/cf=10.5094,A_core,0.3,0.4,0.3,1.0,0.0,1.0,10.509389227369171,sepsis,native,ours_cap_epoch,187135368.565,1.0,0.0,0.0,0.0,0.0,0.0,0.0,0.0,0.002,0.0,0.0,always_reactive,0.491593
h=0.3/q0=0.4/p=0.3/r=1/sig=0/cf=10.5094,A_core,0.3,0.4,0.3,1.0,0.0,1.0,10.509389227369171,sepsis,native,ours_cap_realized,187135368.565,1.0,0.0,0.0,0.0,0.0,0.0,0.0,0.0,0.002,0.0,0.0,always_reactive,0.491593
h=0.3/q0=0.4/p=0.3/r=1/sig=0/cf=10.5094,A_core,0.3,0.4,0.3,1.0,0.0,1.0,10.509389227369171,sepsis,native,ours_pi_prior,187135368.565,1.0,0.0,0.0,0.0,0.0,0.0,0.0,0.0,0.002,0.0,0.0,always_reactive,0.491593
h=0.3/q0=0.4/p=0.3/r=1/sig=0/cf=10.5094,A_core,0.3,0.4,0.3,1.0,0.0,1.0,10.509389227369171,sepsis,native,breakeven,229041252.163,1.223934,0.9,2.1,25.0,5.7,0.0,10.6,18.4,0.002,18.0,45047641.745,always_reactive,0.491593
h=0.3/q0=0.4/p=0.3/r=1/sig=0/cf=10.5094,A_core,0.3,0.4,0.3,1.0,0.0,1.0,10.509389227369171,sepsis,native,breakeven_cap_epoch,194956927.62,1.041796,0.1,0.7,4.7,1.1,0.0,2.1,3.8,0.002,3.5,8759263.673,always_reactive,0.491593
h=0.3/q0=0.4/p=0.3/r=1/sig=0/cf=10.5094,A_core,0.3,0.4,0.3,1.0,0.0,1.0,10.509389227369171,sepsis,native,offline_taxblind,185579854.503,0.991688,,,,,,,,,,,always_reactive,0.491593
h=0.3/q0=0.4/p=0.3/r=1/sig=0/cf=10.5094,A_core,0.3,0.4,0.3,1.0,0.0,1.0,10.509389227369171,sepsis,native,offline_opt_tax,185690216.041,0.992278,,,,,,,,,,,always_reactive,0.491593
h=0.3/q0=0.4/p=0.3/r=1/sig=0/cf=10.5094,A_core,0.3,0.4,0.3,1.0,0.0,1.0,10.509389227369171,wiki_A,autorpa_233k,always_reactive,19487424199.81,1.0,0.0,0.0,0.0,0.0,0.0,0.0,0.0,0.001,0.0,0.0,always_reactive,0.240862
h=0.3/q0=0.4/p=0.3/r=1/sig=0/cf=10.5094,A_core,0.3,0.4,0.3,1.0,0.0,1.0,10.509389227369171,wiki_A,autorpa_233k,always_compile_evict,80907004635.978,4.151755,12.6,33.4,37019.8,11006.3,0.0,21272.0,35883.5,0.001,25900.7,63422725251.788,always_reactive,0.240862
h=0.3/q0=0.4/p=0.3/r=1/sig=0/cf=10.5094,A_core,0.3,0.4,0.3,1.0,0.0,1.0,10.509389227369171,wiki_A,autorpa_233k,ours_noinflate,19487424199.81,1.0,0.0,0.0,0.0,0.0,0.0,0.0,0.0,0.001,0.0,0.0,always_reactive,0.240862
h=0.3/q0=0.4/p=0.3/r=1/sig=0/cf=10.5094,A_core,0.3,0.4,0.3,1.0,0.0,1.0,10.509389227369171,wiki_A,autorpa_233k,oracle_tax,20176888929.469,1.03538,0.4,1.0,458.8,137.7,0.0,266.9,361.7,0.001,320.7,785294142.176,always_reactive,0.240862
h=0.3/q0=0.4/p=0.3/r=1/sig=0/cf=10.5094,A_core,0.3,0.4,0.3,1.0,0.0,1.0,10.509389227369171,wiki_A,autorpa_233k,ours_spend_cap,19487424199.81,1.0,0.0,0.0,0.0,0.0,0.0,0.0,0.0,0.001,0.0,0.0,always_reactive,0.240862
h=0.3/q0=0.4/p=0.3/r=1/sig=0/cf=10.5094,A_core,0.3,0.4,0.3,1.0,0.0,1.0,10.509389227369171,wiki_A,autorpa_233k,ours_cap_epoch,19487424199.81,1.0,0.0,0.0,0.0,0.0,0.0,0.0,0.0,0.001,0.0,0.0,always_reactive,0.240862
h=0.3/q0=0.4/p=0.3/r=1/sig=0/cf=10.5094,A_core,0.3,0.4,0.3,1.0,0.0,1.0,10.509389227369171,wiki_A,autorpa_233k,ours_cap_realized,19487424199.81,1.0,0.0,0.0,0.0,0.0,0.0,0.0,0.0,0.001,0.0,0.0,always_reactive,0.240862
h=0.3/q0=0.4/p=0.3/r=1/sig=0/cf=10.5094,A_core,0.3,0.4,0.3,1.0,0.0,1.0,10.509389227369171,wiki_A,autorpa_233k,ours_pi_prior,19487424199.81,1.0,0.0,0.0,0.0,0.0,0.0,0.0,0.0,0.001,0.0,0.0,always_reactive,0.240862
h=0.3/q0=0.4/p=0.3/r=1/sig=0/cf=10.5094,A_core,0.3,0.4,0.3,1.0,0.0,1.0,10.509389227369171,wiki_A,autorpa_233k,breakeven,25687596956.015,1.318163,0.4,6.3,3727.6,1067.3,0.0,2070.7,3342.1,0.001,2614.3,6401604227.907,always_reactive,0.240862
h=0.3/q0=0.4/p=0.3/r=1/sig=0/cf=10.5094,A_core,0.3,0.4,0.3,1.0,0.0,1.0,10.509389227369171,wiki_A,autorpa_233k,breakeven_cap_epoch,19740540889.078,1.012989,0.0,3.1,148.0,34.4,0.0,63.9,132.0,0.001,103.4,253194307.144,always_reactive,0.240862
h=0.3/q0=0.4/p=0.3/r=1/sig=0/cf=10.5094,A_core,0.3,0.4,0.3,1.0,0.0,1.0,10.509389227369171,wiki_A,autorpa_233k,offline_taxblind,18501102127.06,0.949387,,,,,,,,,,,always_reactive,0.240862
h=0.3/q0=0.4/p=0.3/r=1/sig=0/cf=10.5094,A_core,0.3,0.4,0.3,1.0,0.0,1.0,10.509389227369171,wiki_A,autorpa_233k,offline_opt_tax,18510043576.566,0.949846,,,,,,,,,,,always_reactive,0.240862
h=0.3/q0=0.4/p=0.3/r=1/sig=0/cf=10.5094,A_core,0.3,0.4,0.3,1.0,0.0,1.0,10.509389227369171,wiki_A,native,always_reactive,19487424199.81,1.0,0.0,0.0,0.0,0.0,0.0,0.0,0.0,0.001,0.0,0.0,always_reactive,0.220224
h=0.3/q0=0.4/p=0.3/r=1/sig=0/cf=10.5094,A_core,0.3,0.4,0.3,1.0,0.0,1.0,10.509389227369171,wiki_A,native,always_compile_evict,88488917619.733,4.540822,11.2,32.6,37019.8,11006.3,0.0,21272.0,35883.1,0.001,25900.7,70704063604.533,always_reactive,0.220224
h=0.3/q0=0.4/p=0.3/r=1/sig=0/cf=10.5094,A_core,0.3,0.4,0.3,1.0,0.0,1.0,10.509389227369171,wiki_A,native,ours_noinflate,19487424199.81,1.0,0.0,0.0,0.0,0.0,0.0,0.0,0.0,0.001,0.0,0.0,always_reactive,0.220224
h=0.3/q0=0.4/p=0.3/r=1/sig=0/cf=10.5094,A_core,0.3,0.4,0.3,1.0,0.0,1.0,10.509389227369171,wiki_A,native,oracle_tax,20182751997.379,1.035681,0.3,1.0,449.8,134.7,0.0,261.6,354.7,0.001,314.8,787833201.193,always_reactive,0.220224
h=0.3/q0=0.4/p=0.3/r=1/sig=0/cf=10.5094,A_core,0.3,0.4,0.3,1.0,0.0,1.0,10.509389227369171,wiki_A,native,ours_spend_cap,19487424199.81,1.0,0.0,0.0,0.0,0.0,0.0,0.0,0.0,0.001,0.0,0.0,always_reactive,0.220224
h=0.3/q0=0.4/p=0.3/r=1/sig=0/cf=10.5094,A_core,0.3,0.4,0.3,1.0,0.0,1.0,10.509389227369171,wiki_A,native,ours_cap_epoch,19487424199.81,1.0,0.0,0.0,0.0,0.0,0.0,0.0,0.0,0.001,0.0,0.0,always_reactive,0.220224
h=0.3/q0=0.4/p=0.3/r=1/sig=0/cf=10.5094,A_core,0.3,0.4,0.3,1.0,0.0,1.0,10.509389227369171,wiki_A,native,ours_cap_realized,19487424199.81,1.0,0.0,0.0,0.0,0.0,0.0,0.0,0.0,0.001,0.0,0.0,always_reactive,0.220224
h=0.3/q0=0.4/p=0.3/r=1/sig=0/cf=10.5094,A_core,0.3,0.4,0.3,1.0,0.0,1.0,10.509389227369171,wiki_A,native,ours_pi_prior,19487424199.81,1.0,0.0,0.0,0.0,0.0,0.0,0.0,0.0,0.001,0.0,0.0,always_reactive,0.220224
h=0.3/q0=0.4/p=0.3/r=1/sig=0/cf=10.5094,A_core,0.3,0.4,0.3,1.0,0.0,1.0,10.509389227369171,wiki_A,native,breakeven,25811900372.95,1.324541,0.5,5.9,3633.8,1037.7,0.0,2004.1,3272.4,0.001,2551.2,6486314586.105,always_reactive,0.220224
h=0.3/q0=0.4/p=0.3/r=1/sig=0/cf=10.5094,A_core,0.3,0.4,0.3,1.0,0.0,1.0,10.509389227369171,wiki_A,native,breakeven_cap_epoch,19749081195.641,1.013427,0.0,2.9,149.8,35.3,0.0,63.7,134.2,0.001,104.2,261175489.45,always_reactive,0.220224
h=0.3/q0=0.4/p=0.3/r=1/sig=0/cf=10.5094,A_core,0.3,0.4,0.3,1.0,0.0,1.0,10.509389227369171,wiki_A,native,offline_taxblind,18634501569.716,0.956232,,,,,,,,,,,always_reactive,0.220224
h=0.3/q0=0.4/p=0.3/r=1/sig=0/cf=10.5094,A_core,0.3,0.4,0.3,1.0,0.0,1.0,10.509389227369171,wiki_A,native,offline_opt_tax,18642579380.619,0.956647,,,,,,,,,,,always_reactive,0.220224
h=0.3/q0=0.4/p=0.3/r=1/sig=0/cf=10.5094,A_core,0.3,0.4,0.3,1.0,0.0,1.0,10.509389227369171,wiki_B,autorpa_233k,always_reactive,16977748066.619,1.0,0.0,0.0,0.0,0.0,0.0,0.0,0.0,0.002,0.0,0.0,always_reactive,0.355198
h=0.3/q0=0.4/p=0.3/r=1/sig=0/cf=10.5094,A_core,0.3,0.4,0.3,1.0,0.0,1.0,10.509389227369171,wiki_B,autorpa_233k,always_compile_evict,47798030984.936,2.815334,57.1,73.1,17748.0,4741.7,0.0,9134.3,17455.1,0.009,12437.6,30455798012.858,always_reactive,0.355198
h=0.3/q0=0.4/p=0.3/r=1/sig=0/cf=10.5094,A_core,0.3,0.4,0.3,1.0,0.0,1.0,10.509389227369171,wiki_B,autorpa_233k,ours_noinflate,16977748066.619,1.0,0.0,0.0,0.0,0.0,0.0,0.0,0.0,0.002,0.0,0.0,always_reactive,0.355198
h=0.3/q0=0.4/p=0.3/r=1/sig=0/cf=10.5094,A_core,0.3,0.4,0.3,1.0,0.0,1.0,10.509389227369171,wiki_B,autorpa_233k,oracle_tax,16998896892.76,1.001246,0.7,2.2,14.1,3.9,0.0,7.4,9.7,0.002,9.5,23262533.055,always_reactive,0.355198
h=0.3/q0=0.4/p=0.3/r=1/sig=0/cf=10.5094,A_core,0.3,0.4,0.3,1.0,0.0,1.0,10.509389227369171,wiki_B,autorpa_233k,ours_spend_cap,16977748066.619,1.0,0.0,0.0,0.0,0.0,0.0,0.0,0.0,0.002,0.0,0.0,always_reactive,0.355198
h=0.3/q0=0.4/p=0.3/r=1/sig=0/cf=10.5094,A_core,0.3,0.4,0.3,1.0,0.0,1.0,10.509389227369171,wiki_B,autorpa_233k,ours_cap_epoch,16977748066.619,1.0,0.0,0.0,0.0,0.0,0.0,0.0,0.0,0.002,0.0,0.0,always_reactive,0.355198
h=0.3/q0=0.4/p=0.3/r=1/sig=0/cf=10.5094,A_core,0.3,0.4,0.3,1.0,0.0,1.0,10.509389227369171,wiki_B,autorpa_233k,ours_cap_realized,16977748066.619,1.0,0.0,0.0,0.0,0.0,0.0,0.0,0.0,0.002,0.0,0.0,always_reactive,0.355198
h=0.3/q0=0.4/p=0.3/r=1/sig=0/cf=10.5094,A_core,0.3,0.4,0.3,1.0,0.0,1.0,10.509389227369171,wiki_B,autorpa_233k,ours_pi_prior,16977748066.619,1.0,0.0,0.0,0.0,0.0,0.0,0.0,0.0,0.002,0.0,0.0,always_reactive,0.355198
h=0.3/q0=0.4/p=0.3/r=1/sig=0/cf=10.5094,A_core,0.3,0.4,0.3,1.0,0.0,1.0,10.509389227369171,wiki_B,autorpa_233k,breakeven,20569591652.861,1.211562,4.8,10.5,2114.5,427.8,0.0,828.8,1903.2,0.003,1470.6,3601040116.88,always_reactive,0.355198
h=0.3/q0=0.4/p=0.3/r=1/sig=0/cf=10.5094,A_core,0.3,0.4,0.3,1.0,0.0,1.0,10.509389227369171,wiki_B,autorpa_233k,breakeven_cap_epoch,17963876842.48,1.058084,2.1,6.2,580.2,95.8,0.0,187.4,510.6,0.003,400.7,981189157.374,always_reactive,0.355198
h=0.3/q0=0.4/p=0.3/r=1/sig=0/cf=10.5094,A_core,0.3,0.4,0.3,1.0,0.0,1.0,10.509389227369171,wiki_B,autorpa_233k,offline_taxblind,16781444083.572,0.988438,,,,,,,,,,,always_reactive,0.355198
h=0.3/q0=0.4/p=0.3/r=1/sig=0/cf=10.5094,A_core,0.3,0.4,0.3,1.0,0.0,1.0,10.509389227369171,wiki_B,autorpa_233k,offline_opt_tax,16829884516.339,0.991291,,,,,,,,,,,always_reactive,0.355198
h=0.3/q0=0.4/p=0.3/r=1/sig=0/cf=10.5094,A_core,0.3,0.4,0.3,1.0,0.0,1.0,10.509389227369171,wiki_B,native,always_reactive,16977748066.619,1.0,0.0,0.0,0.0,0.0,0.0,0.0,0.0,0.002,0.0,0.0,always_reactive,0.33007
h=0.3/q0=0.4/p=0.3/r=1/sig=0/cf=10.5094,A_core,0.3,0.4,0.3,1.0,0.0,1.0,10.509389227369171,wiki_B,native,always_compile_evict,51436789304.491,3.029659,63.2,76.7,17748.0,4741.7,0.0,9134.3,17458.0,0.009,12437.6,33948686872.176,always_reactive,0.33007
h=0.3/q0=0.4/p=0.3/r=1/sig=0/cf=10.5094,A_core,0.3,0.4,0.3,1.0,0.0,1.0,10.509389227369171,wiki_B,native,ours_noinflate,16977748066.619,1.0,0.0,0.0,0.0,0.0,0.0,0.0,0.0,0.002,0.0,0.0,always_reactive,0.33007
h=0.3/q0=0.4/p=0.3/r=1/sig=0/cf=10.5094,A_core,0.3,0.4,0.3,1.0,0.0,1.0,10.509389227369171,wiki_B,native,oracle_tax,16992995111.447,1.000898,0.7,1.7,9.8,2.4,0.0,4.7,6.8,0.002,6.7,16767733.316,always_reactive,0.33007
h=0.3/q0=0.4/p=0.3/r=1/sig=0/cf=10.5094,A_core,0.3,0.4,0.3,1.0,0.0,1.0,10.509389227369171,wiki_B,native,ours_spend_cap,16977748066.619,1.0,0.0,0.0,0.0,0.0,0.0,0.0,0.0,0.002,0.0,0.0,always_reactive,0.33007
h=0.3/q0=0.4/p=0.3/r=1/sig=0/cf=10.5094,A_core,0.3,0.4,0.3,1.0,0.0,1.0,10.509389227369171,wiki_B,native,ours_cap_epoch,16977748066.619,1.0,0.0,0.0,0.0,0.0,0.0,0.0,0.0,0.002,0.0,0.0,always_reactive,0.33007
h=0.3/q0=0.4/p=0.3/r=1/sig=0/cf=10.5094,A_core,0.3,0.4,0.3,1.0,0.0,1.0,10.509389227369171,wiki_B,native,ours_cap_realized,16977748066.619,1.0,0.0,0.0,0.0,0.0,0.0,0.0,0.0,0.002,0.0,0.0,always_reactive,0.33007
h=0.3/q0=0.4/p=0.3/r=1/sig=0/cf=10.5094,A_core,0.3,0.4,0.3,1.0,0.0,1.0,10.509389227369171,wiki_B,native,ours_pi_prior,16977748066.619,1.0,0.0,0.0,0.0,0.0,0.0,0.0,0.0,0.002,0.0,0.0,always_reactive,0.33007
h=0.3/q0=0.4/p=0.3/r=1/sig=0/cf=10.5094,A_core,0.3,0.4,0.3,1.0,0.0,1.0,10.509389227369171,wiki_B,native,breakeven,20533316158.147,1.209425,5.7,11.1,2114.4,421.1,0.0,816.2,1902.3,0.003,1468.7,3564444420.138,always_reactive,0.33007
h=0.3/q0=0.4/p=0.3/r=1/sig=0/cf=10.5094,A_core,0.3,0.4,0.3,1.0,0.0,1.0,10.509389227369171,wiki_B,native,breakeven_cap_epoch,17993409196.801,1.059823,2.2,6.2,594.7,95.0,0.0,188.1,526.6,0.003,411.5,1009562416.26,always_reactive,0.33007
h=0.3/q0=0.4/p=0.3/r=1/sig=0/cf=10.5094,A_core,0.3,0.4,0.3,1.0,0.0,1.0,10.509389227369171,wiki_B,native,offline_taxblind,16809946672.806,0.990116,,,,,,,,,,,always_reactive,0.33007
h=0.3/q0=0.4/p=0.3/r=1/sig=0/cf=10.5094,A_core,0.3,0.4,0.3,1.0,0.0,1.0,10.509389227369171,wiki_B,native,offline_opt_tax,16854219021.033,0.992724,,,,,,,,,,,always_reactive,0.33007
h=0.3/q0=0.4/p=0.3/r=1/sig=0/cf=1,A_core,0.3,0.4,0.3,1.0,0.0,1.0,1.0,bpi2019,autorpa_233k,always_reactive,28364744721.458,0.999673,0.0,0.0,0.0,0.0,0.0,0.0,0.0,0.003,0.0,0.0,ours_pi_prior,0.507623
h=0.3/q0=0.4/p=0.3/r=1/sig=0/cf=1,A_core,0.3,0.4,0.3,1.0,0.0,1.0,1.0,bpi2019,autorpa_233k,always_compile_evict,55871851679.37,1.96912,38.1,68.3,140722.7,41476.4,0.0,80138.6,140396.2,0.019,98591.8,22971889400.0,ours_pi_prior,0.507623
h=0.3/q0=0.4/p=0.3/r=1/sig=0/cf=1,A_core,0.3,0.4,0.3,1.0,0.0,1.0,1.0,bpi2019,autorpa_233k,ours_noinflate,28374015098.828,1.0,1.3,7.6,1975.8,545.9,0.0,1065.4,1824.3,0.005,1379.2,321353600.0,ours_pi_prior,0.507623
h=0.3/q0=0.4/p=0.3/r=1/sig=0/cf=1,A_core,0.3,0.4,0.3,1.0,0.0,1.0,1.0,bpi2019,autorpa_233k,oracle_tax,28365919635.618,0.999715,0.2,1.1,16.0,4.1,0.0,6.5,11.8,0.003,11.7,2726100.0,ours_pi_prior,0.507623
h=0.3/q0=0.4/p=0.3/r=1/sig=0/cf=1,A_core,0.3,0.4,0.3,1.0,0.0,1.0,1.0,bpi2019,autorpa_233k,ours_spend_cap,28407035697.858,1.001164,1.0,6.1,634.1,149.8,0.0,294.3,499.1,0.004,441.0,102753000.0,ours_pi_prior,0.507623
h=0.3/q0=0.4/p=0.3/r=1/sig=0/cf=1,A_core,0.3,0.4,0.3,1.0,0.0,1.0,1.0,bpi2019,autorpa_233k,ours_cap_epoch,28409203599.283,1.00124,1.2,6.5,757.4,182.3,0.0,354.6,614.3,0.004,529.1,123280300.0,ours_pi_prior,0.507623
h=0.3/q0=0.4/p=0.3/r=1/sig=0/cf=1,A_core,0.3,0.4,0.3,1.0,0.0,1.0,1.0,bpi2019,autorpa_233k,ours_cap_realized,28388127052.788,1.000497,1.2,7.5,1572.9,425.3,0.0,829.1,1425.7,0.005,1098.8,256020400.0,ours_pi_prior,0.507623
h=0.3/q0=0.4/p=0.3/r=1/sig=0/cf=1,A_core,0.3,0.4,0.3,1.0,0.0,1.0,1.0,bpi2019,autorpa_233k,ours_pi_prior,28361828133.849,0.99957,0.7,7.2,1918.5,540.8,0.0,1045.7,1793.1,0.005,1339.8,312173400.0,ours_pi_prior,0.507623
h=0.3/q0=0.4/p=0.3/r=1/sig=0/cf=1,A_core,0.3,0.4,0.3,1.0,0.0,1.0,1.0,bpi2019,autorpa_233k,breakeven,29045375494.073,1.023661,1.6,10.0,3669.1,775.6,0.0,1500.7,3436.9,0.005,2579.6,601046800.0,ours_pi_prior,0.507623
h=0.3/q0=0.4/p=0.3/r=1/sig=0/cf=1,A_core,0.3,0.4,0.3,1.0,0.0,1.0,1.0,bpi2019,autorpa_233k,breakeven_cap_epoch,28555505929.164,1.006396,0.7,7.0,1184.2,194.5,0.0,371.7,1026.4,0.004,830.9,193599700.0,ours_pi_prior,0.507623
h=0.3/q0=0.4/p=0.3/r=1/sig=0/cf=1,A_core,0.3,0.4,0.3,1.0,0.0,1.0,1.0,bpi2019,autorpa_233k,offline_taxblind,27908895665.402,0.983608,,,,,,,,,,,ours_pi_prior,0.507623
h=0.3/q0=0.4/p=0.3/r=1/sig=0/cf=1,A_core,0.3,0.4,0.3,1.0,0.0,1.0,1.0,bpi2019,autorpa_233k,offline_opt_tax,27989886291.014,0.986462,,,,,,,,,,,ours_pi_prior,0.507623
h=0.3/q0=0.4/p=0.3/r=1/sig=0/cf=1,A_core,0.3,0.4,0.3,1.0,0.0,1.0,1.0,bpi2019,native,always_reactive,28364744721.458,0.999312,0.0,0.0,0.0,0.0,0.0,0.0,0.0,0.003,0.0,0.0,always_reactive,0.430086
h=0.3/q0=0.4/p=0.3/r=1/sig=0/cf=1,A_core,0.3,0.4,0.3,1.0,0.0,1.0,1.0,bpi2019,native,always_compile_evict,65951274730.873,2.323514,35.8,69.8,140722.7,41476.4,0.0,80138.6,140384.8,0.017,98591.8,30005646718.583,always_reactive,0.430086
h=0.3/q0=0.4/p=0.3/r=1/sig=0/cf=1,A_core,0.3,0.4,0.3,1.0,0.0,1.0,1.0,bpi2019,native,ours_noinflate,28384283756.312,1.0,1.3,7.5,1922.6,530.5,0.0,1034.8,1772.9,0.005,1342.0,319576322.1,always_reactive,0.430086
h=0.3/q0=0.4/p=0.3/r=1/sig=0/cf=1,A_core,0.3,0.4,0.3,1.0,0.0,1.0,1.0,bpi2019,native,oracle_tax,28365946276.449,0.999354,0.1,0.9,15.0,3.9,0.0,6.2,11.1,0.003,11.0,2619478.05,always_reactive,0.430086
h=0.3/q0=0.4/p=0.3/r=1/sig=0/cf=1,A_core,0.3,0.4,0.3,1.0,0.0,1.0,1.0,bpi2019,native,ours_spend_cap,28409745661.844,1.000897,0.9,6.2,627.5,148.6,0.0,292.1,495.1,0.004,435.9,103802771.09,always_reactive,0.430086
h=0.3/q0=0.4/p=0.3/r=1/sig=0/cf=1,A_core,0.3,0.4,0.3,1.0,0.0,1.0,1.0,bpi2019,native,ours_cap_epoch,28412093270.829,1.00098,1.1,6.5,747.8,180.3,0.0,351.6,608.4,0.004,521.8,124258513.317,always_reactive,0.430086
h=0.3/q0=0.4/p=0.3/r=1/sig=0/cf=1,A_core,0.3,0.4,0.3,1.0,0.0,1.0,1.0,bpi2019,native,ours_cap_realized,28396070581.87,1.000415,1.2,7.2,1534.8,414.7,0.0,807.9,1388.6,0.005,1072.1,255303856.128,always_reactive,0.430086
h=0.3/q0=0.4/p=0.3/r=1/sig=0/cf=1,A_core,0.3,0.4,0.3,1.0,0.0,1.0,1.0,bpi2019,native,ours_pi_prior,28369624318.234,0.999484,0.7,7.3,1807.3,507.8,0.0,982.6,1687.4,0.005,1264.2,301049468.255,always_reactive,0.430086
h=0.3/q0=0.4/p=0.3/r=1/sig=0/cf=1,A_core,0.3,0.4,0.3,1.0,0.0,1.0,1.0,bpi2019,native,breakeven,29114219470.334,1.025716,1.9,9.7,3633.7,758.6,0.0,1462.7,3390.1,0.005,2557.0,652911873.107,always_reactive,0.430086
h=0.3/q0=0.4/p=0.3/r=1/sig=0/cf=1,A_core,0.3,0.4,0.3,1.0,0.0,1.0,1.0,bpi2019,native,breakeven_cap_epoch,28565953147.716,1.0064,0.6,7.0,1198.7,195.7,0.0,372.6,1041.0,0.004,841.9,201297812.596,always_reactive,0.430086
h=0.3/q0=0.4/p=0.3/r=1/sig=0/cf=1,A_core,0.3,0.4,0.3,1.0,0.0,1.0,1.0,bpi2019,native,offline_taxblind,27972435183.109,0.98549,,,,,,,,,,,always_reactive,0.430086
h=0.3/q0=0.4/p=0.3/r=1/sig=0/cf=1,A_core,0.3,0.4,0.3,1.0,0.0,1.0,1.0,bpi2019,native,offline_opt_tax,28045408452.88,0.988061,,,,,,,,,,,always_reactive,0.430086
h=0.3/q0=0.4/p=0.3/r=1/sig=0/cf=1,A_core,0.3,0.4,0.3,1.0,0.0,1.0,1.0,sepsis,autorpa_233k,always_reactive,187135368.565,0.99861,0.0,0.0,0.0,0.0,0.0,0.0,0.0,0.002,0.0,0.0,ours_pi_prior,0.928807
h=0.3/q0=0.4/p=0.3/r=1/sig=0/cf=1,A_core,0.3,0.4,0.3,1.0,0.0,1.0,1.0,sepsis,autorpa_233k,always_compile_evict,201443290.847,1.074962,7.0,9.3,101.0,20.9,0.0,42.1,92.0,0.004,71.1,16566300.0,ours_pi_prior,0.928807
h=0.3/q0=0.4/p=0.3/r=1/sig=0/cf=1,A_core,0.3,0.4,0.3,1.0,0.0,1.0,1.0,sepsis,autorpa_233k,ours_noinflate,187395818.711,1.0,0.6,1.1,11.0,2.2,0.0,4.9,8.7,0.002,8.2,1910600.0,ours_pi_prior,0.928807
h=0.3/q0=0.4/p=0.3/r=1/sig=0/cf=1,A_core,0.3,0.4,0.3,1.0,0.0,1.0,1.0,sepsis,autorpa_233k,oracle_tax,186294882.225,0.994125,0.4,2.0,31.0,8.7,0.0,17.6,23.3,0.002,21.9,5102700.0,ours_pi_prior,0.928807
h=0.3/q0=0.4/p=0.3/r=1/sig=0/cf=1,A_core,0.3,0.4,0.3,1.0,0.0,1.0,1.0,sepsis,autorpa_233k,ours_spend_cap,187207643.479,0.998996,0.5,1.0,9.1,1.9,0.0,4.3,7.1,0.002,6.7,1561100.0,ours_pi_prior,0.928807
h=0.3/q0=0.4/p=0.3/r=1/sig=0/cf=1,A_core,0.3,0.4,0.3,1.0,0.0,1.0,1.0,sepsis,autorpa_233k,ours_cap_epoch,187394043.479,0.999991,0.5,1.0,9.9,1.9,0.0,4.3,7.9,0.002,7.5,1747500.0,ours_pi_prior,0.928807
h=0.3/q0=0.4/p=0.3/r=1/sig=0/cf=1,A_core,0.3,0.4,0.3,1.0,0.0,1.0,1.0,sepsis,autorpa_233k,ours_cap_realized,187349218.711,0.999751,0.6,1.1,10.8,2.2,0.0,4.9,8.5,0.002,8.0,1864000.0,ours_pi_prior,0.928807
h=0.3/q0=0.4/p=0.3/r=1/sig=0/cf=1,A_core,0.3,0.4,0.3,1.0,0.0,1.0,1.0,sepsis,autorpa_233k,ours_pi_prior,187101947.332,0.998432,0.1,0.5,4.8,1.3,0.0,2.5,3.8,0.002,3.4,792200.0,ours_pi_prior,0.928807
h=0.3/q0=0.4/p=0.3/r=1/sig=0/cf=1,A_core,0.3,0.4,0.3,1.0,0.0,1.0,1.0,sepsis,autorpa_233k,breakeven,188151642.54,1.004033,0.9,2.1,25.0,5.7,0.0,10.6,18.3,0.002,18.0,4194000.0,ours_pi_prior,0.928807
h=0.3/q0=0.4/p=0.3/r=1/sig=0/cf=1,A_core,0.3,0.4,0.3,1.0,0.0,1.0,1.0,sepsis,autorpa_233k,breakeven_cap_epoch,187521704.992,1.000672,0.5,1.3,13.5,2.4,0.0,4.9,10.5,0.002,10.2,2376600.0,ours_pi_prior,0.928807
h=0.3/q0=0.4/p=0.3/r=1/sig=0/cf=1,A_core,0.3,0.4,0.3,1.0,0.0,1.0,1.0,sepsis,autorpa_233k,offline_taxblind,185304310.077,0.988839,,,,,,,,,,,ours_pi_prior,0.928807
h=0.3/q0=0.4/p=0.3/r=1/sig=0/cf=1,A_core,0.3,0.4,0.3,1.0,0.0,1.0,1.0,sepsis,autorpa_233k,offline_opt_tax,185419475.683,0.989454,,,,,,,,,,,ours_pi_prior,0.928807
h=0.3/q0=0.4/p=0.3/r=1/sig=0/cf=1,A_core,0.3,0.4,0.3,1.0,0.0,1.0,1.0,sepsis,native,always_reactive,187135368.565,0.998309,0.0,0.0,0.0,0.0,0.0,0.0,0.0,0.002,0.0,0.0,ours_pi_prior,0.918082
h=0.3/q0=0.4/p=0.3/r=1/sig=0/cf=1,A_core,0.3,0.4,0.3,1.0,0.0,1.0,1.0,sepsis,native,always_compile_evict,203823448.317,1.087335,7.1,9.0,101.0,20.9,0.0,42.1,92.0,0.004,71.1,18597155.063,ours_pi_prior,0.918082
h=0.3/q0=0.4/p=0.3/r=1/sig=0/cf=1,A_core,0.3,0.4,0.3,1.0,0.0,1.0,1.0,sepsis,native,ours_noinflate,187452305.861,1.0,0.6,1.1,11.0,2.2,0.0,4.9,8.7,0.002,8.2,1952701.819,ours_pi_prior,0.918082
h=0.3/q0=0.4/p=0.3/r=1/sig=0/cf=1,A_core,0.3,0.4,0.3,1.0,0.0,1.0,1.0,sepsis,native,oracle_tax,186454047.638,0.994675,0.4,2.0,31.0,8.7,0.0,17.6,23.4,0.002,21.9,5215142.663,ours_pi_prior,0.918082
h=0.3/q0=0.4/p=0.3/r=1/sig=0/cf=1,A_core,0.3,0.4,0.3,1.0,0.0,1.0,1.0,sepsis,native,ours_spend_cap,187254375.33,0.998944,0.5,1.0,9.1,1.9,0.0,4.3,7.1,0.002,6.7,1595500.267,ours_pi_prior,0.918082
h=0.3/q0=0.4/p=0.3/r=1/sig=0/cf=1,A_core,0.3,0.4,0.3,1.0,0.0,1.0,1.0,sepsis,native,ours_cap_epoch,187444882.824,0.99996,0.5,1.0,9.9,1.9,0.0,4.3,7.9,0.002,7.5,1786007.761,ours_pi_prior,0.918082
h=0.3/q0=0.4/p=0.3/r=1/sig=0/cf=1,A_core,0.3,0.4,0.3,1.0,0.0,1.0,1.0,sepsis,native,ours_cap_realized,187404678.988,0.999746,0.6,1.1,10.8,2.2,0.0,4.9,8.5,0.002,8.0,1905074.945,ours_pi_prior,0.918082
h=0.3/q0=0.4/p=0.3/r=1/sig=0/cf=1,A_core,0.3,0.4,0.3,1.0,0.0,1.0,1.0,sepsis,native,ours_pi_prior,187126601.399,0.998262,0.1,0.5,4.8,1.3,0.0,2.5,3.8,0.002,3.4,809656.852,ours_pi_prior,0.918082
h=0.3/q0=0.4/p=0.3/r=1/sig=0/cf=1,A_core,0.3,0.4,0.3,1.0,0.0,1.0,1.0,sepsis,native,breakeven,188280029.045,1.004416,0.9,2.1,25.0,5.7,0.0,10.6,18.4,0.002,18.0,4286418.627,ours_pi_prior,0.918082
h=0.3/q0=0.4/p=0.3/r=1/sig=0/cf=1,A_core,0.3,0.4,0.3,1.0,0.0,1.0,1.0,sepsis,native,breakeven_cap_epoch,187591046.263,1.00074,0.5,1.3,13.5,2.4,0.0,4.9,10.6,0.002,10.2,2428970.555,ours_pi_prior,0.918082
h=0.3/q0=0.4/p=0.3/r=1/sig=0/cf=1,A_core,0.3,0.4,0.3,1.0,0.0,1.0,1.0,sepsis,native,offline_taxblind,185579854.503,0.990011,,,,,,,,,,,ours_pi_prior,0.918082
h=0.3/q0=0.4/p=0.3/r=1/sig=0/cf=1,A_core,0.3,0.4,0.3,1.0,0.0,1.0,1.0,sepsis,native,offline_opt_tax,185690216.041,0.9906,,,,,,,,,,,ours_pi_prior,0.918082
h=0.3/q0=0.4/p=0.3/r=1/sig=0/cf=1,A_core,0.3,0.4,0.3,1.0,0.0,1.0,1.0,wiki_A,autorpa_233k,always_reactive,19487424199.81,1.002319,0.0,0.0,0.0,0.0,0.0,0.0,0.0,0.001,0.0,0.0,ours_cap_realized,0.826613
h=0.3/q0=0.4/p=0.3/r=1/sig=0/cf=1,A_core,0.3,0.4,0.3,1.0,0.0,1.0,1.0,wiki_A,autorpa_233k,always_compile_evict,23519142484.211,1.209687,12.6,33.4,37019.8,11006.3,0.0,21272.0,35883.5,0.004,25900.7,6034863100.0,ours_cap_realized,0.826613
h=0.3/q0=0.4/p=0.3/r=1/sig=0/cf=1,A_core,0.3,0.4,0.3,1.0,0.0,1.0,1.0,wiki_A,autorpa_233k,ours_noinflate,19442342860.055,1.0,1.2,4.2,1810.1,535.3,0.0,1036.9,1645.5,0.001,1265.8,294931400.0,ours_cap_realized,0.826613
h=0.3/q0=0.4/p=0.3/r=1/sig=0/cf=1,A_core,0.3,0.4,0.3,1.0,0.0,1.0,1.0,wiki_A,autorpa_233k,oracle_tax,19466317887.294,1.001233,0.4,1.0,458.8,137.7,0.0,266.9,361.7,0.001,320.7,74723100.0,ours_cap_realized,0.826613
h=0.3/q0=0.4/p=0.3/r=1/sig=0/cf=1,A_core,0.3,0.4,0.3,1.0,0.0,1.0,1.0,wiki_A,autorpa_233k,ours_spend_cap,19491733227.041,1.00254,1.0,3.6,132.9,34.9,0.0,64.8,100.3,0.001,90.9,21179700.0,ours_cap_realized,0.826613
h=0.3/q0=0.4/p=0.3/r=1/sig=0/cf=1,A_core,0.3,0.4,0.3,1.0,0.0,1.0,1.0,wiki_A,autorpa_233k,ours_cap_epoch,19492229003.139,1.002566,1.0,3.7,163.4,42.8,0.0,80.7,125.3,0.001,113.0,26329000.0,ours_cap_realized,0.826613
h=0.3/q0=0.4/p=0.3/r=1/sig=0/cf=1,A_core,0.3,0.4,0.3,1.0,0.0,1.0,1.0,wiki_A,autorpa_233k,ours_cap_realized,19441223946.833,0.999942,1.2,4.1,1785.8,530.2,0.0,1026.5,1625.6,0.001,1246.6,290457800.0,ours_cap_realized,0.826613
h=0.3/q0=0.4/p=0.3/r=1/sig=0/cf=1,A_core,0.3,0.4,0.3,1.0,0.0,1.0,1.0,wiki_A,autorpa_233k,ours_pi_prior,19484700319.24,1.002179,0.8,3.1,214.6,59.3,0.0,117.7,164.2,0.001,150.3,35019900.0,ours_cap_realized,0.826613
h=0.3/q0=0.4/p=0.3/r=1/sig=0/cf=1,A_core,0.3,0.4,0.3,1.0,0.0,1.0,1.0,wiki_A,autorpa_233k,breakeven,19895124628.126,1.023288,0.4,6.3,3727.6,1067.3,0.0,2070.7,3342.1,0.002,2614.3,609131900.0,ours_cap_realized,0.826613
h=0.3/q0=0.4/p=0.3/r=1/sig=0/cf=1,A_core,0.3,0.4,0.3,1.0,0.0,1.0,1.0,wiki_A,autorpa_233k,breakeven_cap_epoch,19517236740.95,1.003852,0.0,4.4,270.6,61.9,0.0,117.7,223.7,0.001,188.6,43943800.0,ours_cap_realized,0.826613
h=0.3/q0=0.4/p=0.3/r=1/sig=0/cf=1,A_core,0.3,0.4,0.3,1.0,0.0,1.0,1.0,wiki_A,autorpa_233k,offline_taxblind,18501102127.06,0.951588,,,,,,,,,,,ours_cap_realized,0.826613
h=0.3/q0=0.4/p=0.3/r=1/sig=0/cf=1,A_core,0.3,0.4,0.3,1.0,0.0,1.0,1.0,wiki_A,autorpa_233k,offline_opt_tax,18510043576.566,0.952048,,,,,,,,,,,ours_cap_realized,0.826613
h=0.3/q0=0.4/p=0.3/r=1/sig=0/cf=1,A_core,0.3,0.4,0.3,1.0,0.0,1.0,1.0,wiki_A,native,always_reactive,19487424199.81,1.001824,0.0,0.0,0.0,0.0,0.0,0.0,0.0,0.001,0.0,0.0,ours_cap_realized,0.793506
h=0.3/q0=0.4/p=0.3/r=1/sig=0/cf=1,A_core,0.3,0.4,0.3,1.0,0.0,1.0,1.0,wiki_A,native,always_compile_evict,24512558363.672,1.26016,11.2,32.6,37019.8,11006.3,0.0,21272.0,35883.1,0.004,25900.7,6727704348.45,ours_cap_realized,0.793506
h=0.3/q0=0.4/p=0.3/r=1/sig=0/cf=1,A_core,0.3,0.4,0.3,1.0,0.0,1.0,1.0,wiki_A,native,ours_noinflate,19451943123.064,1.0,1.1,4.2,1797.1,532.1,0.0,1029.8,1636.6,0.001,1256.4,299192020.184,ours_cap_realized,0.793506
h=0.3/q0=0.4/p=0.3/r=1/sig=0/cf=1,A_core,0.3,0.4,0.3,1.0,0.0,1.0,1.0,wiki_A,native,oracle_tax,19469883495.29,1.000922,0.3,1.0,449.8,134.7,0.0,261.6,354.7,0.001,314.8,74964699.104,ours_cap_realized,0.793506
h=0.3/q0=0.4/p=0.3/r=1/sig=0/cf=1,A_core,0.3,0.4,0.3,1.0,0.0,1.0,1.0,wiki_A,native,ours_spend_cap,19492134430.166,1.002066,1.0,3.6,131.6,34.5,0.0,64.4,99.8,0.001,90.0,21432093.136,ours_cap_realized,0.793506
h=0.3/q0=0.4/p=0.3/r=1/sig=0/cf=1,A_core,0.3,0.4,0.3,1.0,0.0,1.0,1.0,wiki_A,native,ours_cap_epoch,19492865703.379,1.002104,1.0,3.7,160.8,42.1,0.0,79.5,122.8,0.001,111.2,26480541.742,ours_cap_realized,0.793506
h=0.3/q0=0.4/p=0.3/r=1/sig=0/cf=1,A_core,0.3,0.4,0.3,1.0,0.0,1.0,1.0,wiki_A,native,ours_cap_realized,19450855470.628,0.999944,1.1,4.1,1773.8,527.1,0.0,1019.5,1616.4,0.001,1238.1,294834161.246,ours_cap_realized,0.793506
h=0.3/q0=0.4/p=0.3/r=1/sig=0/cf=1,A_core,0.3,0.4,0.3,1.0,0.0,1.0,1.0,wiki_A,native,ours_pi_prior,19486174956.952,1.00176,0.8,2.9,204.5,57.1,0.0,112.4,155.6,0.001,142.8,34005587.776,ours_cap_realized,0.793506
h=0.3/q0=0.4/p=0.3/r=1/sig=0/cf=1,A_core,0.3,0.4,0.3,1.0,0.0,1.0,1.0,wiki_A,native,breakeven,19942778132.278,1.025233,0.5,5.9,3633.8,1037.7,0.0,2004.1,3272.4,0.002,2551.2,617192345.414,ours_cap_realized,0.793506
h=0.3/q0=0.4/p=0.3/r=1/sig=0/cf=1,A_core,0.3,0.4,0.3,1.0,0.0,1.0,1.0,wiki_A,native,breakeven_cap_epoch,19519209151.152,1.003458,0.0,4.2,272.4,62.8,0.0,117.5,225.9,0.001,189.4,45140681.675,ours_cap_realized,0.793506
h=0.3/q0=0.4/p=0.3/r=1/sig=0/cf=1,A_core,0.3,0.4,0.3,1.0,0.0,1.0,1.0,wiki_A,native,offline_taxblind,18634501569.716,0.957976,,,,,,,,,,,ours_cap_realized,0.793506
h=0.3/q0=0.4/p=0.3/r=1/sig=0/cf=1,A_core,0.3,0.4,0.3,1.0,0.0,1.0,1.0,wiki_A,native,offline_opt_tax,18642579380.619,0.958392,,,,,,,,,,,ours_cap_realized,0.793506
h=0.3/q0=0.4/p=0.3/r=1/sig=0/cf=1,A_core,0.3,0.4,0.3,1.0,0.0,1.0,1.0,wiki_B,autorpa_233k,always_reactive,16977748066.619,0.997228,0.0,0.0,0.0,0.0,0.0,0.0,0.0,0.002,0.0,0.0,always_reactive,0.838814
h=0.3/q0=0.4/p=0.3/r=1/sig=0/cf=1,A_core,0.3,0.4,0.3,1.0,0.0,1.0,1.0,wiki_B,autorpa_233k,always_compile_evict,20240193772.087,1.188856,57.1,73.1,17748.0,4741.7,0.0,9134.3,17455.1,0.022,12437.6,2897960800.0,always_reactive,0.838814
h=0.3/q0=0.4/p=0.3/r=1/sig=0/cf=1,A_core,0.3,0.4,0.3,1.0,0.0,1.0,1.0,wiki_B,autorpa_233k,ours_noinflate,17024932964.882,1.0,5.5,10.1,1079.0,260.8,0.0,508.2,923.3,0.004,757.6,176520800.0,always_reactive,0.838814
h=0.3/q0=0.4/p=0.3/r=1/sig=0/cf=1,A_core,0.3,0.4,0.3,1.0,0.0,1.0,1.0,wiki_B,autorpa_233k,oracle_tax,16977847859.705,0.997234,0.7,2.2,14.1,3.9,0.0,7.4,9.7,0.002,9.5,2213500.0,always_reactive,0.838814
h=0.3/q0=0.4/p=0.3/r=1/sig=0/cf=1,A_core,0.3,0.4,0.3,1.0,0.0,1.0,1.0,wiki_B,autorpa_233k,ours_spend_cap,17025072152.588,1.000008,4.0,8.5,644.3,139.8,0.0,276.3,502.4,0.004,448.4,104477200.0,always_reactive,0.838814
h=0.3/q0=0.4/p=0.3/r=1/sig=0/cf=1,A_core,0.3,0.4,0.3,1.0,0.0,1.0,1.0,wiki_B,autorpa_233k,ours_cap_epoch,17024230739.884,0.999959,4.8,9.6,739.0,169.3,0.0,333.6,590.1,0.004,510.9,119039700.0,always_reactive,0.838814
h=0.3/q0=0.4/p=0.3/r=1/sig=0/cf=1,A_core,0.3,0.4,0.3,1.0,0.0,1.0,1.0,wiki_B,autorpa_233k,ours_cap_realized,17022959679.644,0.999884,5.2,9.6,986.2,234.6,0.0,460.8,834.9,0.004,691.9,161212700.0,always_reactive,0.838814
h=0.3/q0=0.4/p=0.3/r=1/sig=0/cf=1,A_core,0.3,0.4,0.3,1.0,0.0,1.0,1.0,wiki_B,autorpa_233k,ours_pi_prior,17006222344.621,0.998901,4.8,8.2,1074.6,272.1,0.0,526.4,955.3,0.004,757.9,176590700.0,always_reactive,0.838814
h=0.3/q0=0.4/p=0.3/r=1/sig=0/cf=1,A_core,0.3,0.4,0.3,1.0,0.0,1.0,1.0,wiki_B,autorpa_233k,breakeven,17311201335.984,1.016815,4.8,10.5,2114.5,427.8,0.0,828.8,1903.2,0.004,1470.6,342649800.0,always_reactive,0.838814
h=0.3/q0=0.4/p=0.3/r=1/sig=0/cf=1,A_core,0.3,0.4,0.3,1.0,0.0,1.0,1.0,wiki_B,autorpa_233k,breakeven_cap_epoch,17121428053.498,1.005668,3.6,7.9,1000.0,164.7,0.0,325.2,847.4,0.003,691.6,161142800.0,always_reactive,0.838814
h=0.3/q0=0.4/p=0.3/r=1/sig=0/cf=1,A_core,0.3,0.4,0.3,1.0,0.0,1.0,1.0,wiki_B,autorpa_233k,offline_taxblind,16781444083.572,0.985698,,,,,,,,,,,always_reactive,0.838814
h=0.3/q0=0.4/p=0.3/r=1/sig=0/cf=1,A_core,0.3,0.4,0.3,1.0,0.0,1.0,1.0,wiki_B,autorpa_233k,offline_opt_tax,16829884516.339,0.988543,,,,,,,,,,,always_reactive,0.838814
h=0.3/q0=0.4/p=0.3/r=1/sig=0/cf=1,A_core,0.3,0.4,0.3,1.0,0.0,1.0,1.0,wiki_B,native,always_reactive,16977748066.619,0.997019,0.0,0.0,0.0,0.0,0.0,0.0,0.0,0.002,0.0,0.0,always_reactive,0.819452
h=0.3/q0=0.4/p=0.3/r=1/sig=0/cf=1,A_core,0.3,0.4,0.3,1.0,0.0,1.0,1.0,wiki_B,native,always_compile_evict,20718422114.831,1.216691,63.2,76.7,17748.0,4741.7,0.0,9134.3,17458.0,0.022,12437.6,3230319682.495,always_reactive,0.819452
h=0.3/q0=0.4/p=0.3/r=1/sig=0/cf=1,A_core,0.3,0.4,0.3,1.0,0.0,1.0,1.0,wiki_B,native,ours_noinflate,17028504881.546,1.0,5.4,9.7,1061.9,257.2,0.0,501.7,908.4,0.004,745.2,177457731.169,always_reactive,0.819452
h=0.3/q0=0.4/p=0.3/r=1/sig=0/cf=1,A_core,0.3,0.4,0.3,1.0,0.0,1.0,1.0,wiki_B,native,oracle_tax,16977822878.397,0.997024,0.7,1.7,9.8,2.4,0.0,4.7,6.8,0.002,6.7,1595500.267,always_reactive,0.819452
h=0.3/q0=0.4/p=0.3/r=1/sig=0/cf=1,A_core,0.3,0.4,0.3,1.0,0.0,1.0,1.0,wiki_B,native,ours_spend_cap,17027344813.834,0.999932,3.8,8.4,635.7,138.6,0.0,273.7,495.5,0.004,442.4,105350644.484,always_reactive,0.819452
h=0.3/q0=0.4/p=0.3/r=1/sig=0/cf=1,A_core,0.3,0.4,0.3,1.0,0.0,1.0,1.0,wiki_B,native,ours_cap_epoch,17026744526.12,0.999897,4.7,9.1,728.5,167.2,0.0,329.3,581.4,0.004,504.0,120019721.564,always_reactive,0.819452
h=0.3/q0=0.4/p=0.3/r=1/sig=0/cf=1,A_core,0.3,0.4,0.3,1.0,0.0,1.0,1.0,wiki_B,native,ours_cap_realized,17026582874.821,0.999887,5.1,9.4,972.5,232.1,0.0,456.0,823.5,0.004,681.9,162383825.663,always_reactive,0.819452
h=0.3/q0=0.4/p=0.3/r=1/sig=0/cf=1,A_core,0.3,0.4,0.3,1.0,0.0,1.0,1.0,wiki_B,native,ours_pi_prior,17013632506.278,0.999127,4.0,8.1,1032.4,259.6,0.0,502.8,916.1,0.003,729.7,173766648.462,always_reactive,0.819452
h=0.3/q0=0.4/p=0.3/r=1/sig=0/cf=1,A_core,0.3,0.4,0.3,1.0,0.0,1.0,1.0,wiki_B,native,breakeven,17308039347.378,1.016416,5.7,11.1,2114.4,421.1,0.0,816.2,1902.3,0.004,1468.7,339167609.365,always_reactive,0.819452
h=0.3/q0=0.4/p=0.3/r=1/sig=0/cf=1,A_core,0.3,0.4,0.3,1.0,0.0,1.0,1.0,wiki_B,native,breakeven_cap_epoch,17127592798.221,1.005819,3.7,8.0,1014.5,163.9,0.0,326.0,864.3,0.003,702.4,165336188.641,always_reactive,0.819452
h=0.3/q0=0.4/p=0.3/r=1/sig=0/cf=1,A_core,0.3,0.4,0.3,1.0,0.0,1.0,1.0,wiki_B,native,offline_taxblind,16809946672.806,0.987165,,,,,,,,,,,always_reactive,0.819452
h=0.3/q0=0.4/p=0.3/r=1/sig=0/cf=1,A_core,0.3,0.4,0.3,1.0,0.0,1.0,1.0,wiki_B,native,offline_opt_tax,16854219021.033,0.989765,,,,,,,,,,,always_reactive,0.819452
h=0.3/q0=0.4/p=0.5/r=1/sig=0/cf=10.5094,A_core,0.3,0.4,0.5,1.0,0.0,1.0,10.509389227369171,bpi2019,autorpa_233k,always_reactive,28364744721.458,1.0,0.0,0.0,0.0,0.0,0.0,0.0,0.0,0.003,0.0,0.0,always_reactive,0.166981
h=0.3/q0=0.4/p=0.5/r=1/sig=0/cf=10.5094,A_core,0.3,0.4,0.5,1.0,0.0,1.0,10.509389227369171,bpi2019,autorpa_233k,always_compile_evict,169867785799.132,5.988694,35.1,64.2,110839.7,54415.9,0.0,105148.8,110381.6,0.006,55504.4,135912941019.557,always_reactive,0.166981
h=0.3/q0=0.4/p=0.5/r=1/sig=0/cf=10.5094,A_core,0.3,0.4,0.5,1.0,0.0,1.0,10.509389227369171,bpi2019,autorpa_233k,ours_noinflate,28364744721.458,1.0,0.0,0.0,0.0,0.0,0.0,0.0,0.0,0.003,0.0,0.0,always_reactive,0.166981
h=0.3/q0=0.4/p=0.5/r=1/sig=0/cf=10.5094,A_core,0.3,0.4,0.5,1.0,0.0,1.0,10.509389227369171,bpi2019,autorpa_233k,oracle_tax,28437337270.998,1.002559,1.6,4.2,76.2,36.3,0.0,67.3,48.4,0.003,38.3,93784738.526,always_reactive,0.166981
h=0.3/q0=0.4/p=0.5/r=1/sig=0/cf=10.5094,A_core,0.3,0.4,0.5,1.0,0.0,1.0,10.509389227369171,bpi2019,autorpa_233k,ours_spend_cap,28364744721.458,1.0,0.0,0.0,0.0,0.0,0.0,0.0,0.0,0.003,0.0,0.0,always_reactive,0.166981
h=0.3/q0=0.4/p=0.5/r=1/sig=0/cf=10.5094,A_core,0.3,0.4,0.5,1.0,0.0,1.0,10.509389227369171,bpi2019,autorpa_233k,ours_cap_epoch,28364744721.458,1.0,0.0,0.0,0.0,0.0,0.0,0.0,0.0,0.003,0.0,0.0,always_reactive,0.166981
h=0.3/q0=0.4/p=0.5/r=1/sig=0/cf=10.5094,A_core,0.3,0.4,0.5,1.0,0.0,1.0,10.509389227369171,bpi2019,autorpa_233k,ours_cap_realized,28364744721.458,1.0,0.0,0.0,0.0,0.0,0.0,0.0,0.0,0.003,0.0,0.0,always_reactive,0.166981
h=0.3/q0=0.4/p=0.5/r=1/sig=0/cf=10.5094,A_core,0.3,0.4,0.5,1.0,0.0,1.0,10.509389227369171,bpi2019,autorpa_233k,ours_pi_prior,28364744721.458,1.0,0.0,0.0,0.0,0.0,0.0,0.0,0.0,0.003,0.0,0.0,always_reactive,0.166981
h=0.3/q0=0.4/p=0.5/r=1/sig=0/cf=10.5094,A_core,0.3,0.4,0.5,1.0,0.0,1.0,10.509389227369171,bpi2019,autorpa_233k,breakeven,31484384020.8,1.109983,1.2,9.0,2476.0,840.4,0.0,1650.8,2183.9,0.004,1240.8,3038331685.723,always_reactive,0.166981
h=0.3/q0=0.4/p=0.5/r=1/sig=0/cf=10.5094,A_core,0.3,0.4,0.5,1.0,0.0,1.0,10.509389227369171,bpi2019,autorpa_233k,breakeven_cap_epoch,29380102177.782,1.035796,0.6,5.8,813.1,221.2,0.0,426.7,683.1,0.004,404.7,990983908.134,always_reactive,0.166981
h=0.3/q0=0.4/p=0.5/r=1/sig=0/cf=10.5094,A_core,0.3,0.4,0.5,1.0,0.0,1.0,10.509389227369171,bpi2019,autorpa_233k,offline_taxblind,26701483423.264,0.941362,,,,,,,,,,,always_reactive,0.166981
h=0.3/q0=0.4/p=0.5/r=1/sig=0/cf=10.5094,A_core,0.3,0.4,0.5,1.0,0.0,1.0,10.509389227369171,bpi2019,autorpa_233k,offline_opt_tax,26814555675.503,0.945348,,,,,,,,,,,always_reactive,0.166981
h=0.3/q0=0.4/p=0.5/r=1/sig=0/cf=10.5094,A_core,0.3,0.4,0.5,1.0,0.0,1.0,10.509389227369171,bpi2019,native,always_reactive,28364744721.458,1.0,0.0,0.0,0.0,0.0,0.0,0.0,0.0,0.003,0.0,0.0,always_reactive,0.131673
h=0.3/q0=0.4/p=0.5/r=1/sig=0/cf=10.5094,A_core,0.3,0.4,0.5,1.0,0.0,1.0,10.509389227369171,bpi2019,native,always_compile_evict,215417375451.005,7.594547,32.9,66.7,110839.7,54415.9,0.0,105148.8,110375.5,0.005,55504.4,177470749152.126,always_reactive,0.131673
h=0.3/q0=0.4/p=0.5/r=1/sig=0/cf=10.5094,A_core,0.3,0.4,0.5,1.0,0.0,1.0,10.509389227369171,bpi2019,native,ours_noinflate,28364744721.458,1.0,0.0,0.0,0.0,0.0,0.0,0.0,0.0,0.003,0.0,0.0,always_reactive,0.131673
h=0.3/q0=0.4/p=0.5/r=1/sig=0/cf=10.5094,A_core,0.3,0.4,0.5,1.0,0.0,1.0,10.509389227369171,bpi2019,native,oracle_tax,28439598496.073,1.002639,1.6,4.2,76.2,36.3,0.0,67.3,48.4,0.003,38.3,95851371.047,always_reactive,0.131673
h=0.3/q0=0.4/p=0.5/r=1/sig=0/cf=10.5094,A_core,0.3,0.4,0.5,1.0,0.0,1.0,10.509389227369171,bpi2019,native,ours_spend_cap,28364744721.458,1.0,0.0,0.0,0.0,0.0,0.0,0.0,0.0,0.003,0.0,0.0,always_reactive,0.131673
h=0.3/q0=0.4/p=0.5/r=1/sig=0/cf=10.5094,A_core,0.3,0.4,0.5,1.0,0.0,1.0,10.509389227369171,bpi2019,native,ours_cap_epoch,28364744721.458,1.0,0.0,0.0,0.0,0.0,0.0,0.0,0.0,0.003,0.0,0.0,always_reactive,0.131673
h=0.3/q0=0.4/p=0.5/r=1/sig=0/cf=10.5094,A_core,0.3,0.4,0.5,1.0,0.0,1.0,10.509389227369171,bpi2019,native,ours_cap_realized,28364744721.458,1.0,0.0,0.0,0.0,0.0,0.0,0.0,0.0,0.003,0.0,0.0,always_reactive,0.131673
h=0.3/q0=0.4/p=0.5/r=1/sig=0/cf=10.5094,A_core,0.3,0.4,0.5,1.0,0.0,1.0,10.509389227369171,bpi2019,native,ours_pi_prior,28364744721.458,1.0,0.0,0.0,0.0,0.0,0.0,0.0,0.0,0.003,0.0,0.0,always_reactive,0.131673
h=0.3/q0=0.4/p=0.5/r=1/sig=0/cf=10.5094,A_core,0.3,0.4,0.5,1.0,0.0,1.0,10.509389227369171,bpi2019,native,breakeven,31742164859.961,1.119071,1.4,8.8,2427.2,809.1,0.0,1576.7,2128.5,0.004,1215.8,3275322706.918,always_reactive,0.131673
h=0.3/q0=0.4/p=0.5/r=1/sig=0/cf=10.5094,A_core,0.3,0.4,0.5,1.0,0.0,1.0,10.509389227369171,bpi2019,native,breakeven_cap_epoch,29441573012.664,1.037964,0.6,5.9,826.2,224.3,0.0,429.4,695.6,0.004,413.7,1048882368.653,always_reactive,0.131673
h=0.3/q0=0.4/p=0.5/r=1/sig=0/cf=10.5094,A_core,0.3,0.4,0.5,1.0,0.0,1.0,10.509389227369171,bpi2019,native,offline_taxblind,26742498810.048,0.942808,,,,,,,,,,,always_reactive,0.131673
h=0.3/q0=0.4/p=0.5/r=1/sig=0/cf=10.5094,A_core,0.3,0.4,0.5,1.0,0.0,1.0,10.509389227369171,bpi2019,native,offline_opt_tax,26857896979.913,0.946876,,,,,,,,,,,always_reactive,0.131673
h=0.3/q0=0.4/p=0.5/r=1/sig=0/cf=10.5094,A_core,0.3,0.4,0.5,1.0,0.0,1.0,10.509389227369171,sepsis,autorpa_233k,always_reactive,187135368.565,1.0,0.0,0.0,0.0,0.0,0.0,0.0,0.0,0.002,0.0,0.0,always_reactive,0.64742
h=0.3/q0=0.4/p=0.5/r=1/sig=0/cf=10.5094,A_core,0.3,0.4,0.5,1.0,0.0,1.0,10.509389227369171,sepsis,autorpa_233k,always_compile_evict,289047768.989,1.544592,10.7,12.5,85.3,29.2,0.0,57.2,72.9,0.003,42.8,104803833.131,always_reactive,0.64742
h=0.3/q0=0.4/p=0.5/r=1/sig=0/cf=10.5094,A_core,0.3,0.4,0.5,1.0,0.0,1.0,10.509389227369171,sepsis,autorpa_233k,ours_noinflate,187135368.565,1.0,0.0,0.0,0.0,0.0,0.0,0.0,0.0,0.002,0.0,0.0,always_reactive,0.64742
h=0.3/q0=0.4/p=0.5/r=1/sig=0/cf=10.5094,A_core,0.3,0.4,0.5,1.0,0.0,1.0,10.509389227369171,sepsis,autorpa_233k,oracle_tax,212688984.676,1.136552,0.8,2.2,27.1,12.5,0.0,23.8,15.8,0.002,13.8,33791890.122,always_reactive,0.64742
h=0.3/q0=0.4/p=0.5/r=1/sig=0/cf=10.5094,A_core,0.3,0.4,0.5,1.0,0.0,1.0,10.509389227369171,sepsis,autorpa_233k,ours_spend_cap,187135368.565,1.0,0.0,0.0,0.0,0.0,0.0,0.0,0.0,0.002,0.0,0.0,always_reactive,0.64742
h=0.3/q0=0.4/p=0.5/r=1/sig=0/cf=10.5094,A_core,0.3,0.4,0.5,1.0,0.0,1.0,10.509389227369171,sepsis,autorpa_233k,ours_cap_epoch,187135368.565,1.0,0.0,0.0,0.0,0.0,0.0,0.0,0.0,0.002,0.0,0.0,always_reactive,0.64742
h=0.3/q0=0.4/p=0.5/r=1/sig=0/cf=10.5094,A_core,0.3,0.4,0.5,1.0,0.0,1.0,10.509389227369171,sepsis,autorpa_233k,ours_cap_realized,187135368.565,1.0,0.0,0.0,0.0,0.0,0.0,0.0,0.0,0.002,0.0,0.0,always_reactive,0.64742
h=0.3/q0=0.4/p=0.5/r=1/sig=0/cf=10.5094,A_core,0.3,0.4,0.5,1.0,0.0,1.0,10.509389227369171,sepsis,autorpa_233k,ours_pi_prior,187135368.565,1.0,0.0,0.0,0.0,0.0,0.0,0.0,0.0,0.002,0.0,0.0,always_reactive,0.64742
h=0.3/q0=0.4/p=0.5/r=1/sig=0/cf=10.5094,A_core,0.3,0.4,0.5,1.0,0.0,1.0,10.509389227369171,sepsis,autorpa_233k,breakeven,208716537.033,1.115324,1.0,2.1,19.4,7.2,0.0,13.5,10.8,0.002,10.5,25711220.745,always_reactive,0.64742
h=0.3/q0=0.4/p=0.5/r=1/sig=0/cf=10.5094,A_core,0.3,0.4,0.5,1.0,0.0,1.0,10.509389227369171,sepsis,autorpa_233k,breakeven_cap_epoch,193653223.942,1.03483,0.2,1.0,5.5,2.0,0.0,3.4,3.5,0.002,3.2,7835800.608,always_reactive,0.64742
h=0.3/q0=0.4/p=0.5/r=1/sig=0/cf=10.5094,A_core,0.3,0.4,0.5,1.0,0.0,1.0,10.509389227369171,sepsis,autorpa_233k,offline_taxblind,179663199.025,0.960071,,,,,,,,,,,always_reactive,0.64742
h=0.3/q0=0.4/p=0.5/r=1/sig=0/cf=10.5094,A_core,0.3,0.4,0.5,1.0,0.0,1.0,10.509389227369171,sepsis,autorpa_233k,offline_opt_tax,179827630.593,0.960949,,,,,,,,,,,always_reactive,0.64742
h=0.3/q0=0.4/p=0.5/r=1/sig=0/cf=10.5094,A_core,0.3,0.4,0.5,1.0,0.0,1.0,10.509389227369171,sepsis,native,always_reactive,187135368.565,1.0,0.0,0.0,0.0,0.0,0.0,0.0,0.0,0.002,0.0,0.0,always_reactive,0.615415
h=0.3/q0=0.4/p=0.5/r=1/sig=0/cf=10.5094,A_core,0.3,0.4,0.5,1.0,0.0,1.0,10.509389227369171,sepsis,native,always_compile_evict,304080063.84,1.62492,10.2,11.9,85.3,29.2,0.0,57.2,73.2,0.003,42.8,119174524.705,always_reactive,0.615415
h=0.3/q0=0.4/p=0.5/r=1/sig=0/cf=10.5094,A_core,0.3,0.4,0.5,1.0,0.0,1.0,10.509389227369171,sepsis,native,ours_noinflate,187135368.565,1.0,0.0,0.0,0.0,0.0,0.0,0.0,0.0,0.002,0.0,0.0,always_reactive,0.615415
h=0.3/q0=0.4/p=0.5/r=1/sig=0/cf=10.5094,A_core,0.3,0.4,0.5,1.0,0.0,1.0,10.509389227369171,sepsis,native,oracle_tax,213501906.989,1.140896,0.8,2.2,27.1,12.5,0.0,23.8,16.4,0.002,13.8,34536525.338,always_reactive,0.615415
h=0.3/q0=0.4/p=0.5/r=1/sig=0/cf=10.5094,A_core,0.3,0.4,0.5,1.0,0.0,1.0,10.509389227369171,sepsis,native,ours_spend_cap,187135368.565,1.0,0.0,0.0,0.0,0.0,0.0,0.0,0.0,0.002,0.0,0.0,always_reactive,0.615415
h=0.3/q0=0.4/p=0.5/r=1/sig=0/cf=10.5094,A_core,0.3,0.4,0.5,1.0,0.0,1.0,10.509389227369171,sepsis,native,ours_cap_epoch,187135368.565,1.0,0.0,0.0,0.0,0.0,0.0,0.0,0.0,0.002,0.0,0.0,always_reactive,0.615415
h=0.3/q0=0.4/p=0.5/r=1/sig=0/cf=10.5094,A_core,0.3,0.4,0.5,1.0,0.0,1.0,10.509389227369171,sepsis,native,ours_cap_realized,187135368.565,1.0,0.0,0.0,0.0,0.0,0.0,0.0,0.0,0.002,0.0,0.0,always_reactive,0.615415
h=0.3/q0=0.4/p=0.5/r=1/sig=0/cf=10.5094,A_core,0.3,0.4,0.5,1.0,0.0,1.0,10.509389227369171,sepsis,native,ours_pi_prior,187135368.565,1.0,0.0,0.0,0.0,0.0,0.0,0.0,0.0,0.002,0.0,0.0,always_reactive,0.615415
h=0.3/q0=0.4/p=0.5/r=1/sig=0/cf=10.5094,A_core,0.3,0.4,0.5,1.0,0.0,1.0,10.509389227369171,sepsis,native,breakeven,209328848.683,1.118596,1.0,2.1,19.4,7.2,0.0,13.5,11.0,0.002,10.5,26277791.018,always_reactive,0.615415
h=0.3/q0=0.4/p=0.5/r=1/sig=0/cf=10.5094,A_core,0.3,0.4,0.5,1.0,0.0,1.0,10.509389227369171,sepsis,native,breakeven_cap_epoch,193837702.024,1.035815,0.2,1.0,5.5,2.0,0.0,3.4,3.5,0.002,3.2,8008469.644,always_reactive,0.615415
h=0.3/q0=0.4/p=0.5/r=1/sig=0/cf=10.5094,A_core,0.3,0.4,0.5,1.0,0.0,1.0,10.509389227369171,sepsis,native,offline_taxblind,179860358.763,0.961124,,,,,,,,,,,always_reactive,0.615415
h=0.3/q0=0.4/p=0.5/r=1/sig=0/cf=10.5094,A_core,0.3,0.4,0.5,1.0,0.0,1.0,10.509389227369171,sepsis,native,offline_opt_tax,180024851.076,0.962003,,,,,,,,,,,always_reactive,0.615415
h=0.3/q0=0.4/p=0.5/r=1/sig=0/cf=10.5094,A_core,0.3,0.4,0.5,1.0,0.0,1.0,10.509389227369171,wiki_A,autorpa_233k,always_reactive,19487424199.81,1.0,0.0,0.0,0.0,0.0,0.0,0.0,0.0,0.001,0.0,0.0,always_reactive,0.372001
h=0.3/q0=0.4/p=0.5/r=1/sig=0/cf=10.5094,A_core,0.3,0.4,0.5,1.0,0.0,1.0,10.509389227369171,wiki_A,autorpa_233k,always_compile_evict,52385463105.195,2.688168,10.4,32.4,29093.2,14428.1,0.0,27862.1,28056.2,0.002,14513.7,35539518526.02,always_reactive,0.372001
h=0.3/q0=0.4/p=0.5/r=1/sig=0/cf=10.5094,A_core,0.3,0.4,0.5,1.0,0.0,1.0,10.509389227369171,wiki_A,autorpa_233k,ours_noinflate,19487424199.81,1.0,0.0,0.0,0.0,0.0,0.0,0.0,0.0,0.001,0.0,0.0,always_reactive,0.372001
h=0.3/q0=0.4/p=0.5/r=1/sig=0/cf=10.5094,A_core,0.3,0.4,0.5,1.0,0.0,1.0,10.509389227369171,wiki_A,autorpa_233k,oracle_tax,20532634928.262,1.053635,1.7,2.6,1207.1,606.6,0.0,1166.1,781.0,0.001,598.8,1466274188.758,always_reactive,0.372001
h=0.3/q0=0.4/p=0.5/r=1/sig=0/cf=10.5094,A_core,0.3,0.4,0.5,1.0,0.0,1.0,10.509389227369171,wiki_A,autorpa_233k,ours_spend_cap,19487424199.81,1.0,0.0,0.0,0.0,0.0,0.0,0.0,0.0,0.001,0.0,0.0,always_reactive,0.372001
h=0.3/q0=0.4/p=0.5/r=1/sig=0/cf=10.5094,A_core,0.3,0.4,0.5,1.0,0.0,1.0,10.509389227369171,wiki_A,autorpa_233k,ours_cap_epoch,19487424199.81,1.0,0.0,0.0,0.0,0.0,0.0,0.0,0.0,0.001,0.0,0.0,always_reactive,0.372001
h=0.3/q0=0.4/p=0.5/r=1/sig=0/cf=10.5094,A_core,0.3,0.4,0.5,1.0,0.0,1.0,10.509389227369171,wiki_A,autorpa_233k,ours_cap_realized,19487424199.81,1.0,0.0,0.0,0.0,0.0,0.0,0.0,0.0,0.001,0.0,0.0,always_reactive,0.372001
h=0.3/q0=0.4/p=0.5/r=1/sig=0/cf=10.5094,A_core,0.3,0.4,0.5,1.0,0.0,1.0,10.509389227369171,wiki_A,autorpa_233k,ours_pi_prior,19487424199.81,1.0,0.0,0.0,0.0,0.0,0.0,0.0,0.0,0.001,0.0,0.0,always_reactive,0.372001
h=0.3/q0=0.4/p=0.5/r=1/sig=0/cf=10.5094,A_core,0.3,0.4,0.5,1.0,0.0,1.0,10.509389227369171,wiki_A,autorpa_233k,breakeven,23258799079.163,1.193529,0.4,6.3,3268.4,1567.1,0.0,3034.0,2760.6,0.001,1641.4,4019275974.328,always_reactive,0.372001
h=0.3/q0=0.4/p=0.5/r=1/sig=0/cf=10.5094,A_core,0.3,0.4,0.5,1.0,0.0,1.0,10.509389227369171,wiki_A,autorpa_233k,breakeven_cap_epoch,19697632780.73,1.010787,0.0,3.8,176.2,67.7,0.0,126.3,145.0,0.001,86.2,211076878.876,always_reactive,0.372001
h=0.3/q0=0.4/p=0.5/r=1/sig=0/cf=10.5094,A_core,0.3,0.4,0.5,1.0,0.0,1.0,10.509389227369171,wiki_A,autorpa_233k,offline_taxblind,16069958622.226,0.824632,,,,,,,,,,,always_reactive,0.372001
h=0.3/q0=0.4/p=0.5/r=1/sig=0/cf=10.5094,A_core,0.3,0.4,0.5,1.0,0.0,1.0,10.509389227369171,wiki_A,autorpa_233k,offline_opt_tax,16084074901.458,0.825357,,,,,,,,,,,always_reactive,0.372001
h=0.3/q0=0.4/p=0.5/r=1/sig=0/cf=10.5094,A_core,0.3,0.4,0.5,1.0,0.0,1.0,10.509389227369171,wiki_A,native,always_reactive,19487424199.81,1.0,0.0,0.0,0.0,0.0,0.0,0.0,0.0,0.001,0.0,0.0,always_reactive,0.342526
h=0.3/q0=0.4/p=0.5/r=1/sig=0/cf=10.5094,A_core,0.3,0.4,0.5,1.0,0.0,1.0,10.509389227369171,wiki_A,native,always_compile_evict,56893293574.56,2.919488,10.3,35.1,29093.2,14428.1,0.0,27862.1,28053.9,0.002,14513.7,39654630057.786,always_reactive,0.342526
h=0.3/q0=0.4/p=0.5/r=1/sig=0/cf=10.5094,A_core,0.3,0.4,0.5,1.0,0.0,1.0,10.509389227369171,wiki_A,native,ours_noinflate,19487424199.81,1.0,0.0,0.0,0.0,0.0,0.0,0.0,0.0,0.001,0.0,0.0,always_reactive,0.342526
h=0.3/q0=0.4/p=0.5/r=1/sig=0/cf=10.5094,A_core,0.3,0.4,0.5,1.0,0.0,1.0,10.509389227369171,wiki_A,native,oracle_tax,20536490321.757,1.053833,1.7,2.6,1169.9,587.3,0.0,1130.6,756.5,0.001,580.9,1453787504.996,always_reactive,0.342526
h=0.3/q0=0.4/p=0.5/r=1/sig=0/cf=10.5094,A_core,0.3,0.4,0.5,1.0,0.0,1.0,10.509389227369171,wiki_A,native,ours_spend_cap,19487424199.81,1.0,0.0,0.0,0.0,0.0,0.0,0.0,0.0,0.001,0.0,0.0,always_reactive,0.342526
h=0.3/q0=0.4/p=0.5/r=1/sig=0/cf=10.5094,A_core,0.3,0.4,0.5,1.0,0.0,1.0,10.509389227369171,wiki_A,native,ours_cap_epoch,19487424199.81,1.0,0.0,0.0,0.0,0.0,0.0,0.0,0.0,0.001,0.0,0.0,always_reactive,0.342526
h=0.3/q0=0.4/p=0.5/r=1/sig=0/cf=10.5094,A_core,0.3,0.4,0.5,1.0,0.0,1.0,10.509389227369171,wiki_A,native,ours_cap_realized,19487424199.81,1.0,0.0,0.0,0.0,0.0,0.0,0.0,0.0,0.001,0.0,0.0,always_reactive,0.342526
h=0.3/q0=0.4/p=0.5/r=1/sig=0/cf=10.5094,A_core,0.3,0.4,0.5,1.0,0.0,1.0,10.509389227369171,wiki_A,native,ours_pi_prior,19487424199.81,1.0,0.0,0.0,0.0,0.0,0.0,0.0,0.0,0.001,0.0,0.0,always_reactive,0.342526
h=0.3/q0=0.4/p=0.5/r=1/sig=0/cf=10.5094,A_core,0.3,0.4,0.5,1.0,0.0,1.0,10.509389227369171,wiki_A,native,breakeven,23152958029.439,1.188097,0.2,6.2,2968.5,1420.7,0.0,2737.7,2453.1,0.001,1487.6,3920062253.869,always_reactive,0.342526
h=0.3/q0=0.4/p=0.5/r=1/sig=0/cf=10.5094,A_core,0.3,0.4,0.5,1.0,0.0,1.0,10.509389227369171,wiki_A,native,breakeven_cap_epoch,19703880732.785,1.011107,0.0,3.6,177.3,69.4,0.0,126.4,146.3,0.001,86.4,216549993.995,always_reactive,0.342526
h=0.3/q0=0.4/p=0.5/r=1/sig=0/cf=10.5094,A_core,0.3,0.4,0.5,1.0,0.0,1.0,10.509389227369171,wiki_A,native,offline_taxblind,16150494267.79,0.828765,,,,,,,,,,,always_reactive,0.342526
h=0.3/q0=0.4/p=0.5/r=1/sig=0/cf=10.5094,A_core,0.3,0.4,0.5,1.0,0.0,1.0,10.509389227369171,wiki_A,native,offline_opt_tax,16164813055.666,0.8295,,,,,,,,,,,always_reactive,0.342526
h=0.3/q0=0.4/p=0.5/r=1/sig=0/cf=10.5094,A_core,0.3,0.4,0.5,1.0,0.0,1.0,10.509389227369171,wiki_B,autorpa_233k,always_reactive,16977748066.619,1.0,0.0,0.0,0.0,0.0,0.0,0.0,0.0,0.002,0.0,0.0,always_reactive,0.488669
h=0.3/q0=0.4/p=0.5/r=1/sig=0/cf=10.5094,A_core,0.3,0.4,0.5,1.0,0.0,1.0,10.509389227369171,wiki_B,autorpa_233k,always_compile_evict,34742823916.05,2.046374,58.2,68.9,14266.3,6335.3,0.0,12222.8,13865.4,0.012,7114.5,17421188570.341,always_reactive,0.488669
h=0.3/q0=0.4/p=0.5/r=1/sig=0/cf=10.5094,A_core,0.3,0.4,0.5,1.0,0.0,1.0,10.509389227369171,wiki_B,autorpa_233k,ours_noinflate,16977748066.619,1.0,0.0,0.0,0.0,0.0,0.0,0.0,0.0,0.002,0.0,0.0,always_reactive,0.488669
h=0.3/q0=0.4/p=0.5/r=1/sig=0/cf=10.5094,A_core,0.3,0.4,0.5,1.0,0.0,1.0,10.509389227369171,wiki_B,autorpa_233k,oracle_tax,17069108103.523,1.005381,5.0,7.3,91.0,39.9,0.0,77.2,56.4,0.002,46.1,112884502.508,always_reactive,0.488669
h=0.3/q0=0.4/p=0.5/r=1/sig=0/cf=10.5094,A_core,0.3,0.4,0.5,1.0,0.0,1.0,10.509389227369171,wiki_B,autorpa_233k,ours_spend_cap,16977748066.619,1.0,0.0,0.0,0.0,0.0,0.0,0.0,0.0,0.002,0.0,0.0,always_reactive,0.488669
h=0.3/q0=0.4/p=0.5/r=1/sig=0/cf=10.5094,A_core,0.3,0.4,0.5,1.0,0.0,1.0,10.509389227369171,wiki_B,autorpa_233k,ours_cap_epoch,16977748066.619,1.0,0.0,0.0,0.0,0.0,0.0,0.0,0.0,0.002,0.0,0.0,always_reactive,0.488669
h=0.3/q0=0.4/p=0.5/r=1/sig=0/cf=10.5094,A_core,0.3,0.4,0.5,1.0,0.0,1.0,10.509389227369171,wiki_B,autorpa_233k,ours_cap_realized,16977748066.619,1.0,0.0,0.0,0.0,0.0,0.0,0.0,0.0,0.002,0.0,0.0,always_reactive,0.488669
h=0.3/q0=0.4/p=0.5/r=1/sig=0/cf=10.5094,A_core,0.3,0.4,0.5,1.0,0.0,1.0,10.509389227369171,wiki_B,autorpa_233k,ours_pi_prior,16977748066.619,1.0,0.0,0.0,0.0,0.0,0.0,0.0,0.0,0.002,0.0,0.0,always_reactive,0.488669
h=0.3/q0=0.4/p=0.5/r=1/sig=0/cf=10.5094,A_core,0.3,0.4,0.5,1.0,0.0,1.0,10.509389227369171,wiki_B,autorpa_233k,breakeven,18939178703.473,1.115529,4.4,10.6,1601.1,516.1,0.0,998.7,1327.5,0.003,802.4,1964827002.438,always_reactive,0.488669
h=0.3/q0=0.4/p=0.5/r=1/sig=0/cf=10.5094,A_core,0.3,0.4,0.5,1.0,0.0,1.0,10.509389227369171,wiki_B,autorpa_233k,breakeven_cap_epoch,17738842229.493,1.044829,2.3,7.5,626.7,167.9,0.0,328.5,496.3,0.003,308.7,755909889.896,always_reactive,0.488669
h=0.3/q0=0.4/p=0.5/r=1/sig=0/cf=10.5094,A_core,0.3,0.4,0.5,1.0,0.0,1.0,10.509389227369171,wiki_B,autorpa_233k,offline_taxblind,16205927379.997,0.954539,,,,,,,,,,,always_reactive,0.488669
h=0.3/q0=0.4/p=0.5/r=1/sig=0/cf=10.5094,A_core,0.3,0.4,0.5,1.0,0.0,1.0,10.509389227369171,wiki_B,autorpa_233k,offline_opt_tax,16271658114.884,0.958411,,,,,,,,,,,always_reactive,0.488669
h=0.3/q0=0.4/p=0.5/r=1/sig=0/cf=10.5094,A_core,0.3,0.4,0.5,1.0,0.0,1.0,10.509389227369171,wiki_B,native,always_reactive,16977748066.619,1.0,0.0,0.0,0.0,0.0,0.0,0.0,0.0,0.002,0.0,0.0,always_reactive,0.458931
h=0.3/q0=0.4/p=0.5/r=1/sig=0/cf=10.5094,A_core,0.3,0.4,0.5,1.0,0.0,1.0,10.509389227369171,wiki_B,native,always_compile_evict,36994109625.605,2.178976,58.6,71.3,14266.3,6335.3,0.0,12222.8,13872.4,0.012,7114.5,19476043656.813,always_reactive,0.458931
h=0.3/q0=0.4/p=0.5/r=1/sig=0/cf=10.5094,A_core,0.3,0.4,0.5,1.0,0.0,1.0,10.509389227369171,wiki_B,native,ours_noinflate,16977748066.619,1.0,0.0,0.0,0.0,0.0,0.0,0.0,0.0,0.002,0.0,0.0,always_reactive,0.458931
h=0.3/q0=0.4/p=0.5/r=1/sig=0/cf=10.5094,A_core,0.3,0.4,0.5,1.0,0.0,1.0,10.509389227369171,wiki_B,native,oracle_tax,17070752329.04,1.005478,4.3,7.4,89.3,39.6,0.0,75.9,56.2,0.002,45.4,113620163.069,always_reactive,0.458931
h=0.3/q0=0.4/p=0.5/r=1/sig=0/cf=10.5094,A_core,0.3,0.4,0.5,1.0,0.0,1.0,10.509389227369171,wiki_B,native,ours_spend_cap,16977748066.619,1.0,0.0,0.0,0.0,0.0,0.0,0.0,0.0,0.002,0.0,0.0,always_reactive,0.458931
h=0.3/q0=0.4/p=0.5/r=1/sig=0/cf=10.5094,A_core,0.3,0.4,0.5,1.0,0.0,1.0,10.509389227369171,wiki_B,native,ours_cap_epoch,16977748066.619,1.0,0.0,0.0,0.0,0.0,0.0,0.0,0.0,0.002,0.0,0.0,always_reactive,0.458931
h=0.3/q0=0.4/p=0.5/r=1/sig=0/cf=10.5094,A_core,0.3,0.4,0.5,1.0,0.0,1.0,10.509389227369171,wiki_B,native,ours_cap_realized,16977748066.619,1.0,0.0,0.0,0.0,0.0,0.0,0.0,0.0,0.002,0.0,0.0,always_reactive,0.458931
h=0.3/q0=0.4/p=0.5/r=1/sig=0/cf=10.5094,A_core,0.3,0.4,0.5,1.0,0.0,1.0,10.509389227369171,wiki_B,native,ours_pi_prior,16977748066.619,1.0,0.0,0.0,0.0,0.0,0.0,0.0,0.0,0.002,0.0,0.0,always_reactive,0.458931
h=0.3/q0=0.4/p=0.5/r=1/sig=0/cf=10.5094,A_core,0.3,0.4,0.5,1.0,0.0,1.0,10.509389227369171,wiki_B,native,breakeven,18968968793.361,1.117284,4.6,10.7,1620.1,512.1,0.0,993.0,1349.8,0.003,813.9,1997619791.782,always_reactive,0.458931
h=0.3/q0=0.4/p=0.5/r=1/sig=0/cf=10.5094,A_core,0.3,0.4,0.5,1.0,0.0,1.0,10.509389227369171,wiki_B,native,breakeven_cap_epoch,17764724944.671,1.046353,2.4,7.1,640.0,164.4,0.0,322.2,512.5,0.003,316.6,780447288.2,always_reactive,0.458931
h=0.3/q0=0.4/p=0.5/r=1/sig=0/cf=10.5094,A_core,0.3,0.4,0.5,1.0,0.0,1.0,10.509389227369171,wiki_B,native,offline_taxblind,16226111608.193,0.955728,,,,,,,,,,,always_reactive,0.458931
h=0.3/q0=0.4/p=0.5/r=1/sig=0/cf=10.5094,A_core,0.3,0.4,0.5,1.0,0.0,1.0,10.509389227369171,wiki_B,native,offline_opt_tax,16293388696.849,0.959691,,,,,,,,,,,always_reactive,0.458931
h=0.3/q0=0.4/p=0.5/r=1/sig=0/cf=1,A_core,0.3,0.4,0.5,1.0,0.0,1.0,1.0,bpi2019,autorpa_233k,always_reactive,28364744721.458,1.025195,0.0,0.0,0.0,0.0,0.0,0.0,0.0,0.003,0.0,0.0,ours_noinflate,0.590088
h=0.3/q0=0.4/p=0.5/r=1/sig=0/cf=1,A_core,0.3,0.4,0.5,1.0,0.0,1.0,1.0,bpi2019,autorpa_233k,always_compile_evict,46887369979.567,1.694663,35.1,64.2,110839.7,54415.9,0.0,105148.8,110381.6,0.021,55504.4,12932525200.0,ours_noinflate,0.590088
h=0.3/q0=0.4/p=0.5/r=1/sig=0/cf=1,A_core,0.3,0.4,0.5,1.0,0.0,1.0,1.0,bpi2019,autorpa_233k,ours_noinflate,27667668298.833,1.0,3.7,11.8,4058.5,1925.5,0.0,3730.5,3778.1,0.007,2034.6,474061800.0,ours_noinflate,0.590088
h=0.3/q0=0.4/p=0.5/r=1/sig=0/cf=1,A_core,0.3,0.4,0.5,1.0,0.0,1.0,1.0,bpi2019,autorpa_233k,oracle_tax,28352476432.472,1.024751,1.6,4.2,76.2,36.3,0.0,67.3,48.4,0.003,38.3,8923900.0,ours_noinflate,0.590088
h=0.3/q0=0.4/p=0.5/r=1/sig=0/cf=1,A_core,0.3,0.4,0.5,1.0,0.0,1.0,1.0,bpi2019,autorpa_233k,ours_spend_cap,28300766407.392,1.022882,2.0,7.9,801.6,321.9,0.0,621.9,541.6,0.005,402.5,93782500.0,ours_noinflate,0.590088
h=0.3/q0=0.4/p=0.5/r=1/sig=0/cf=1,A_core,0.3,0.4,0.5,1.0,0.0,1.0,1.0,bpi2019,autorpa_233k,ours_cap_epoch,28233152192.663,1.020438,2.4,9.2,1226.5,525.2,0.0,1008.5,939.2,0.005,614.8,143248400.0,ours_noinflate,0.590088
h=0.3/q0=0.4/p=0.5/r=1/sig=0/cf=1,A_core,0.3,0.4,0.5,1.0,0.0,1.0,1.0,bpi2019,autorpa_233k,ours_cap_realized,27733618361.209,1.002384,3.5,11.1,3703.2,1754.1,0.0,3397.1,3426.3,0.006,1854.3,432051900.0,ours_noinflate,0.590088
h=0.3/q0=0.4/p=0.5/r=1/sig=0/cf=1,A_core,0.3,0.4,0.5,1.0,0.0,1.0,1.0,bpi2019,autorpa_233k,ours_pi_prior,27680032690.523,1.000447,1.8,9.6,3829.1,1842.1,0.0,3553.4,3622.6,0.006,1918.4,446987200.0,ours_noinflate,0.590088
h=0.3/q0=0.4/p=0.5/r=1/sig=0/cf=1,A_core,0.3,0.4,0.5,1.0,0.0,1.0,1.0,bpi2019,autorpa_233k,breakeven,28735158735.083,1.038583,1.2,9.0,2476.0,840.4,0.0,1650.8,2183.9,0.004,1240.8,289106400.0,ours_noinflate,0.590088
h=0.3/q0=0.4/p=0.5/r=1/sig=0/cf=1,A_core,0.3,0.4,0.5,1.0,0.0,1.0,1.0,bpi2019,autorpa_233k,breakeven_cap_epoch,28490920146.593,1.029755,0.7,7.4,1167.0,322.2,0.0,621.2,919.3,0.004,585.9,136514700.0,ours_noinflate,0.590088
h=0.3/q0=0.4/p=0.5/r=1/sig=0/cf=1,A_core,0.3,0.4,0.5,1.0,0.0,1.0,1.0,bpi2019,autorpa_233k,offline_taxblind,26701483423.264,0.965079,,,,,,,,,,,ours_noinflate,0.590088
h=0.3/q0=0.4/p=0.5/r=1/sig=0/cf=1,A_core,0.3,0.4,0.5,1.0,0.0,1.0,1.0,bpi2019,autorpa_233k,offline_opt_tax,26814555675.503,0.969166,,,,,,,,,,,ours_noinflate,0.590088
h=0.3/q0=0.4/p=0.5/r=1/sig=0/cf=1,A_core,0.3,0.4,0.5,1.0,0.0,1.0,1.0,bpi2019,native,always_reactive,28364744721.458,1.024278,0.0,0.0,0.0,0.0,0.0,0.0,0.0,0.003,0.0,0.0,ours_noinflate,0.505028
h=0.3/q0=0.4/p=0.5/r=1/sig=0/cf=1,A_core,0.3,0.4,0.5,1.0,0.0,1.0,1.0,bpi2019,native,always_compile_evict,54833501959.001,1.98009,32.9,66.7,110839.7,54415.9,0.0,105148.8,110375.5,0.019,55504.4,16886875660.666,ours_noinflate,0.505028
h=0.3/q0=0.4/p=0.5/r=1/sig=0/cf=1,A_core,0.3,0.4,0.5,1.0,0.0,1.0,1.0,bpi2019,native,ours_noinflate,27692434319.816,1.0,3.8,11.8,4036.2,1914.6,0.0,3709.8,3762.0,0.007,2022.8,481698199.958,ours_noinflate,0.505028
h=0.3/q0=0.4/p=0.5/r=1/sig=0/cf=1,A_core,0.3,0.4,0.5,1.0,0.0,1.0,1.0,bpi2019,native,oracle_tax,28352867671.327,1.023849,1.6,4.2,76.2,36.3,0.0,67.3,48.4,0.003,38.3,9120546.301,ours_noinflate,0.505028
h=0.3/q0=0.4/p=0.5/r=1/sig=0/cf=1,A_core,0.3,0.4,0.5,1.0,0.0,1.0,1.0,bpi2019,native,ours_spend_cap,28305346701.453,1.022133,2.0,7.7,796.5,320.1,0.0,618.8,540.4,0.005,399.8,95206120.399,ours_noinflate,0.505028
h=0.3/q0=0.4/p=0.5/r=1/sig=0/cf=1,A_core,0.3,0.4,0.5,1.0,0.0,1.0,1.0,bpi2019,native,ours_cap_epoch,28240275777.646,1.019783,2.3,9.3,1219.6,522.2,0.0,1003.7,939.8,0.005,611.2,145547725.833,ours_noinflate,0.505028
h=0.3/q0=0.4/p=0.5/r=1/sig=0/cf=1,A_core,0.3,0.4,0.5,1.0,0.0,1.0,1.0,bpi2019,native,ours_cap_realized,27756668102.36,1.00232,3.6,11.1,3681.6,1743.3,0.0,3376.4,3409.6,0.006,1843.1,438905453.996,ours_noinflate,0.505028
h=0.3/q0=0.4/p=0.5/r=1/sig=0/cf=1,A_core,0.3,0.4,0.5,1.0,0.0,1.0,1.0,bpi2019,native,ours_pi_prior,27706075665.225,1.000493,1.4,9.4,3781.1,1821.8,0.0,3513.9,3584.5,0.006,1893.1,450812172.405,ours_noinflate,0.505028
h=0.3/q0=0.4/p=0.5/r=1/sig=0/cf=1,A_core,0.3,0.4,0.5,1.0,0.0,1.0,1.0,bpi2019,native,breakeven,28778498961.649,1.039219,1.4,8.8,2427.2,809.1,0.0,1576.7,2128.5,0.004,1215.8,311656808.598,ours_noinflate,0.505028
h=0.3/q0=0.4/p=0.5/r=1/sig=0/cf=1,A_core,0.3,0.4,0.5,1.0,0.0,1.0,1.0,bpi2019,native,breakeven_cap_epoch,28501987705.047,1.029234,0.7,7.1,1180.5,325.4,0.0,624.1,934.5,0.004,595.3,143049513.954,ours_noinflate,0.505028
h=0.3/q0=0.4/p=0.5/r=1/sig=0/cf=1,A_core,0.3,0.4,0.5,1.0,0.0,1.0,1.0,bpi2019,native,offline_taxblind,26742498810.048,0.965697,,,,,,,,,,,ours_noinflate,0.505028
h=0.3/q0=0.4/p=0.5/r=1/sig=0/cf=1,A_core,0.3,0.4,0.5,1.0,0.0,1.0,1.0,bpi2019,native,offline_opt_tax,26857896979.913,0.969864,,,,,,,,,,,ours_noinflate,0.505028
h=0.3/q0=0.4/p=0.5/r=1/sig=0/cf=1,A_core,0.3,0.4,0.5,1.0,0.0,1.0,1.0,sepsis,autorpa_233k,always_reactive,187135368.565,1.015669,0.0,0.0,0.0,0.0,0.0,0.0,0.0,0.002,0.0,0.0,ours_noinflate,0.948676
h=0.3/q0=0.4/p=0.5/r=1/sig=0/cf=1,A_core,0.3,0.4,0.5,1.0,0.0,1.0,1.0,sepsis,autorpa_233k,always_compile_evict,194216335.858,1.0541,10.7,12.5,85.3,29.2,0.0,57.2,72.9,0.004,42.8,9972400.0,ours_noinflate,0.948676
h=0.3/q0=0.4/p=0.5/r=1/sig=0/cf=1,A_core,0.3,0.4,0.5,1.0,0.0,1.0,1.0,sepsis,autorpa_233k,ours_noinflate,184248434.216,1.0,1.5,1.9,21.7,8.5,0.0,16.4,13.4,0.002,11.7,2726100.0,ours_noinflate,0.948676
h=0.3/q0=0.4/p=0.5/r=1/sig=0/cf=1,A_core,0.3,0.4,0.5,1.0,0.0,1.0,1.0,sepsis,autorpa_233k,oracle_tax,182112494.554,0.988407,0.8,2.2,27.1,12.5,0.0,23.8,15.8,0.003,13.8,3215400.0,ours_noinflate,0.948676
h=0.3/q0=0.4/p=0.5/r=1/sig=0/cf=1,A_core,0.3,0.4,0.5,1.0,0.0,1.0,1.0,sepsis,autorpa_233k,ours_spend_cap,185469549.554,1.006628,0.9,1.4,14.0,5.7,0.0,10.5,8.3,0.002,7.4,1724200.0,ours_noinflate,0.948676
h=0.3/q0=0.4/p=0.5/r=1/sig=0/cf=1,A_core,0.3,0.4,0.5,1.0,0.0,1.0,1.0,sepsis,autorpa_233k,ours_cap_epoch,184676060.108,1.002321,1.3,1.7,18.3,7.2,0.0,13.6,11.1,0.002,9.8,2283400.0,ours_noinflate,0.948676
h=0.3/q0=0.4/p=0.5/r=1/sig=0/cf=1,A_core,0.3,0.4,0.5,1.0,0.0,1.0,1.0,sepsis,autorpa_233k,ours_cap_realized,185146243.753,1.004873,1.3,1.8,20.6,7.9,0.0,14.7,12.6,0.002,11.4,2656200.0,ours_noinflate,0.948676
h=0.3/q0=0.4/p=0.5/r=1/sig=0/cf=1,A_core,0.3,0.4,0.5,1.0,0.0,1.0,1.0,sepsis,autorpa_233k,ours_pi_prior,185854102.478,1.008715,0.5,0.7,7.7,3.3,0.0,6.1,4.6,0.002,3.9,908700.0,ours_noinflate,0.948676
h=0.3/q0=0.4/p=0.5/r=1/sig=0/cf=1,A_core,0.3,0.4,0.5,1.0,0.0,1.0,1.0,sepsis,autorpa_233k,breakeven,185451816.288,1.006531,1.0,2.1,19.4,7.2,0.0,13.5,10.8,0.002,10.5,2446500.0,ours_noinflate,0.948676
h=0.3/q0=0.4/p=0.5/r=1/sig=0/cf=1,A_core,0.3,0.4,0.5,1.0,0.0,1.0,1.0,sepsis,autorpa_233k,breakeven_cap_epoch,185589458.616,1.007278,0.9,1.9,16.7,6.2,0.0,11.5,9.3,0.002,9.0,2097000.0,ours_noinflate,0.948676
h=0.3/q0=0.4/p=0.5/r=1/sig=0/cf=1,A_core,0.3,0.4,0.5,1.0,0.0,1.0,1.0,sepsis,autorpa_233k,offline_taxblind,179663199.025,0.975114,,,,,,,,,,,ours_noinflate,0.948676
h=0.3/q0=0.4/p=0.5/r=1/sig=0/cf=1,A_core,0.3,0.4,0.5,1.0,0.0,1.0,1.0,sepsis,autorpa_233k,offline_opt_tax,179827630.593,0.976006,,,,,,,,,,,ours_noinflate,0.948676
h=0.3/q0=0.4/p=0.5/r=1/sig=0/cf=1,A_core,0.3,0.4,0.5,1.0,0.0,1.0,1.0,sepsis,native,always_reactive,187135368.565,1.015055,0.0,0.0,0.0,0.0,0.0,0.0,0.0,0.002,0.0,0.0,ours_noinflate,0.939436
h=0.3/q0=0.4/p=0.5/r=1/sig=0/cf=1,A_core,0.3,0.4,0.5,1.0,0.0,1.0,1.0,sepsis,native,always_compile_evict,196245353.669,1.064469,10.2,11.9,85.3,29.2,0.0,57.2,73.2,0.004,42.8,11339814.534,ours_noinflate,0.939436
h=0.3/q0=0.4/p=0.5/r=1/sig=0/cf=1,A_core,0.3,0.4,0.5,1.0,0.0,1.0,1.0,sepsis,native,ours_noinflate,184359904.605,1.0,1.5,1.9,21.7,8.5,0.0,16.4,13.7,0.002,11.7,2786172.108,ours_noinflate,0.939436
h=0.3/q0=0.4/p=0.5/r=1/sig=0/cf=1,A_core,0.3,0.4,0.5,1.0,0.0,1.0,1.0,sepsis,native,oracle_tax,182251635.932,0.988564,0.8,2.2,27.1,12.5,0.0,23.8,16.4,0.003,13.8,3286254.281,ours_noinflate,0.939436
h=0.3/q0=0.4/p=0.5/r=1/sig=0/cf=1,A_core,0.3,0.4,0.5,1.0,0.0,1.0,1.0,sepsis,native,ours_spend_cap,185541485.308,1.006409,0.9,1.4,14.0,5.7,0.0,10.5,8.3,0.002,7.4,1762194.325,ours_noinflate,0.939436
h=0.3/q0=0.4/p=0.5/r=1/sig=0/cf=1,A_core,0.3,0.4,0.5,1.0,0.0,1.0,1.0,sepsis,native,ours_cap_epoch,184770073.646,1.002225,1.3,1.7,18.3,7.2,0.0,13.6,11.4,0.002,9.8,2333716.808,ours_noinflate,0.939436
h=0.3/q0=0.4/p=0.5/r=1/sig=0/cf=1,A_core,0.3,0.4,0.5,1.0,0.0,1.0,1.0,sepsis,native,ours_cap_realized,185252066.338,1.004839,1.3,1.8,20.6,7.9,0.0,14.7,12.9,0.002,11.4,2714731.797,ours_noinflate,0.939436
h=0.3/q0=0.4/p=0.5/r=1/sig=0/cf=1,A_core,0.3,0.4,0.5,1.0,0.0,1.0,1.0,sepsis,native,ours_pi_prior,185893655.313,1.008319,0.5,0.7,7.7,3.3,0.0,6.1,4.6,0.002,3.9,928724.036,ours_noinflate,0.939436
h=0.3/q0=0.4/p=0.5/r=1/sig=0/cf=1,A_core,0.3,0.4,0.5,1.0,0.0,1.0,1.0,sepsis,native,breakeven,185551468.531,1.006463,1.0,2.1,19.4,7.2,0.0,13.5,11.0,0.002,10.5,2500410.866,ours_noinflate,0.939436
h=0.3/q0=0.4/p=0.5/r=1/sig=0/cf=1,A_core,0.3,0.4,0.5,1.0,0.0,1.0,1.0,sepsis,native,breakeven_cap_epoch,185675238.965,1.007135,0.9,1.9,16.7,6.2,0.0,11.5,9.4,0.002,9.0,2143209.314,ours_noinflate,0.939436
h=0.3/q0=0.4/p=0.5/r=1/sig=0/cf=1,A_core,0.3,0.4,0.5,1.0,0.0,1.0,1.0,sepsis,native,offline_taxblind,179860358.763,0.975594,,,,,,,,,,,ours_noinflate,0.939436
h=0.3/q0=0.4/p=0.5/r=1/sig=0/cf=1,A_core,0.3,0.4,0.5,1.0,0.0,1.0,1.0,sepsis,native,offline_opt_tax,180024851.076,0.976486,,,,,,,,,,,ours_noinflate,0.939436
h=0.3/q0=0.4/p=0.5/r=1/sig=0/cf=1,A_core,0.3,0.4,0.5,1.0,0.0,1.0,1.0,wiki_A,autorpa_233k,always_reactive,19487424199.81,1.102193,0.0,0.0,0.0,0.0,0.0,0.0,0.0,0.001,0.0,0.0,ours_noinflate,0.874081
h=0.3/q0=0.4/p=0.5/r=1/sig=0/cf=1,A_core,0.3,0.4,0.5,1.0,0.0,1.0,1.0,wiki_A,autorpa_233k,always_compile_evict,20227636679.174,1.144059,10.4,32.4,29093.2,14428.1,0.0,27862.1,28056.2,0.004,14513.7,3381692100.0,ours_noinflate,0.874081
h=0.3/q0=0.4/p=0.5/r=1/sig=0/cf=1,A_core,0.3,0.4,0.5,1.0,0.0,1.0,1.0,wiki_A,autorpa_233k,ours_noinflate,17680584956.65,1.0,1.8,6.8,8305.4,4148.0,0.0,8033.7,7717.3,0.002,4139.8,964573400.0,ours_noinflate,0.874081
h=0.3/q0=0.4/p=0.5/r=1/sig=0/cf=1,A_core,0.3,0.4,0.5,1.0,0.0,1.0,1.0,wiki_A,autorpa_233k,oracle_tax,19205881139.505,1.08627,1.7,2.6,1207.1,606.6,0.0,1166.1,781.0,0.001,598.8,139520400.0,ours_noinflate,0.874081
h=0.3/q0=0.4/p=0.5/r=1/sig=0/cf=1,A_core,0.3,0.4,0.5,1.0,0.0,1.0,1.0,wiki_A,autorpa_233k,ours_spend_cap,19468221967.501,1.101107,0.7,5.2,167.8,71.8,0.0,131.5,103.6,0.002,83.4,19432200.0,ours_noinflate,0.874081
h=0.3/q0=0.4/p=0.5/r=1/sig=0/cf=1,A_core,0.3,0.4,0.5,1.0,0.0,1.0,1.0,wiki_A,autorpa_233k,ours_cap_epoch,19443318186.387,1.099699,1.0,5.8,285.4,128.7,0.0,246.2,176.6,0.002,142.4,33179200.0,ours_noinflate,0.874081
h=0.3/q0=0.4/p=0.5/r=1/sig=0/cf=1,A_core,0.3,0.4,0.5,1.0,0.0,1.0,1.0,wiki_A,autorpa_233k,ours_cap_realized,17682943770.772,1.000133,1.8,6.7,8291.5,4141.8,0.0,8020.5,7706.6,0.002,4132.7,962919100.0,ours_noinflate,0.874081
h=0.3/q0=0.4/p=0.5/r=1/sig=0/cf=1,A_core,0.3,0.4,0.5,1.0,0.0,1.0,1.0,wiki_A,autorpa_233k,ours_pi_prior,19421210362.09,1.098448,0.3,4.3,354.4,165.0,0.0,322.9,226.9,0.001,179.2,41753600.0,ours_noinflate,0.874081
h=0.3/q0=0.4/p=0.5/r=1/sig=0/cf=1,A_core,0.3,0.4,0.5,1.0,0.0,1.0,1.0,wiki_A,autorpa_233k,breakeven,19621969304.851,1.109803,0.4,6.3,3268.4,1567.1,0.0,3034.0,2760.6,0.002,1641.4,382446200.0,ours_noinflate,0.874081
h=0.3/q0=0.4/p=0.5/r=1/sig=0/cf=1,A_core,0.3,0.4,0.5,1.0,0.0,1.0,1.0,wiki_A,autorpa_233k,breakeven_cap_epoch,19487817242.338,1.102216,0.0,4.9,341.1,135.4,0.0,258.4,241.1,0.001,171.7,40006100.0,ours_noinflate,0.874081
h=0.3/q0=0.4/p=0.5/r=1/sig=0/cf=1,A_core,0.3,0.4,0.5,1.0,0.0,1.0,1.0,wiki_A,autorpa_233k,offline_taxblind,16069958622.226,0.908904,,,,,,,,,,,ours_noinflate,0.874081
h=0.3/q0=0.4/p=0.5/r=1/sig=0/cf=1,A_core,0.3,0.4,0.5,1.0,0.0,1.0,1.0,wiki_A,autorpa_233k,offline_opt_tax,16084074901.458,0.909703,,,,,,,,,,,ours_noinflate,0.874081
h=0.3/q0=0.4/p=0.5/r=1/sig=0/cf=1,A_core,0.3,0.4,0.5,1.0,0.0,1.0,1.0,wiki_A,native,always_reactive,19487424199.81,1.099524,0.0,0.0,0.0,0.0,0.0,0.0,0.0,0.001,0.0,0.0,ours_noinflate,0.843498
h=0.3/q0=0.4/p=0.5/r=1/sig=0/cf=1,A_core,0.3,0.4,0.5,1.0,0.0,1.0,1.0,wiki_A,native,always_compile_evict,21011920858.406,1.18554,10.3,35.1,29093.2,14428.1,0.0,27862.1,28053.9,0.004,14513.7,3773257341.589,ours_noinflate,0.843498
h=0.3/q0=0.4/p=0.5/r=1/sig=0/cf=1,A_core,0.3,0.4,0.5,1.0,0.0,1.0,1.0,wiki_A,native,ours_noinflate,17723503965.525,1.0,1.9,6.5,8302.9,4146.6,0.0,8031.5,7715.6,0.002,4138.6,985542896.157,ours_noinflate,0.843498
h=0.3/q0=0.4/p=0.5/r=1/sig=0/cf=1,A_core,0.3,0.4,0.5,1.0,0.0,1.0,1.0,wiki_A,native,oracle_tax,19221035071.238,1.084494,1.7,2.6,1169.9,587.3,0.0,1130.6,756.5,0.001,580.9,138332254.477,ours_noinflate,0.843498
h=0.3/q0=0.4/p=0.5/r=1/sig=0/cf=1,A_core,0.3,0.4,0.5,1.0,0.0,1.0,1.0,wiki_A,native,ours_spend_cap,19468822890.899,1.098475,0.7,5.2,166.5,71.3,0.0,130.9,102.5,0.002,82.7,19693712.249,ours_noinflate,0.843498
h=0.3/q0=0.4/p=0.5/r=1/sig=0/cf=1,A_core,0.3,0.4,0.5,1.0,0.0,1.0,1.0,wiki_A,native,ours_cap_epoch,19444652786.005,1.097111,1.1,5.5,283.9,128.0,0.0,245.4,176.4,0.002,141.5,33696013.098,ours_noinflate,0.843498
h=0.3/q0=0.4/p=0.5/r=1/sig=0/cf=1,A_core,0.3,0.4,0.5,1.0,0.0,1.0,1.0,wiki_A,native,ours_cap_realized,17725677497.543,1.000123,1.9,6.5,8289.3,4140.5,0.0,8018.5,7706.0,0.002,4131.6,983875955.58,ours_noinflate,0.843498
h=0.3/q0=0.4/p=0.5/r=1/sig=0/cf=1,A_core,0.3,0.4,0.5,1.0,0.0,1.0,1.0,wiki_A,native,ours_pi_prior,19424447878.034,1.095971,0.3,4.3,342.5,159.7,0.0,314.1,219.7,0.001,172.8,41149618.822,ours_noinflate,0.843498
h=0.3/q0=0.4/p=0.5/r=1/sig=0/cf=1,A_core,0.3,0.4,0.5,1.0,0.0,1.0,1.0,wiki_A,native,breakeven,19605901491.623,1.106209,0.2,6.2,2968.5,1420.7,0.0,2737.7,2453.1,0.002,1487.6,373005716.037,ours_noinflate,0.843498
h=0.3/q0=0.4/p=0.5/r=1/sig=0/cf=1,A_core,0.3,0.4,0.5,1.0,0.0,1.0,1.0,wiki_A,native,breakeven_cap_epoch,19490015402.843,1.099671,0.0,4.8,342.1,137.1,0.0,258.5,242.4,0.001,171.9,40965871.848,ours_noinflate,0.843498
h=0.3/q0=0.4/p=0.5/r=1/sig=0/cf=1,A_core,0.3,0.4,0.5,1.0,0.0,1.0,1.0,wiki_A,native,offline_taxblind,16150494267.79,0.911247,,,,,,,,,,,ours_noinflate,0.843498
h=0.3/q0=0.4/p=0.5/r=1/sig=0/cf=1,A_core,0.3,0.4,0.5,1.0,0.0,1.0,1.0,wiki_A,native,offline_opt_tax,16164813055.666,0.912055,,,,,,,,,,,ours_noinflate,0.843498
h=0.3/q0=0.4/p=0.5/r=1/sig=0/cf=1,A_core,0.3,0.4,0.5,1.0,0.0,1.0,1.0,wiki_B,autorpa_233k,always_reactive,16977748066.619,1.019454,0.0,0.0,0.0,0.0,0.0,0.0,0.0,0.002,0.0,0.0,ours_pi_prior,0.874765
h=0.3/q0=0.4/p=0.5/r=1/sig=0/cf=1,A_core,0.3,0.4,0.5,1.0,0.0,1.0,1.0,wiki_B,autorpa_233k,always_compile_evict,18979313845.717,1.139641,58.2,68.9,14266.3,6335.3,0.0,12222.8,13865.4,0.023,7114.5,1657678500.0,ours_pi_prior,0.874765
h=0.3/q0=0.4/p=0.5/r=1/sig=0/cf=1,A_core,0.3,0.4,0.5,1.0,0.0,1.0,1.0,wiki_B,autorpa_233k,ours_noinflate,16653761294.167,1.0,7.8,13.8,2139.7,968.7,0.0,1873.7,1850.4,0.005,1063.7,247842100.0,ours_pi_prior,0.874765
h=0.3/q0=0.4/p=0.5/r=1/sig=0/cf=1,A_core,0.3,0.4,0.5,1.0,0.0,1.0,1.0,wiki_B,autorpa_233k,oracle_tax,16966964901.015,1.018807,5.0,7.3,91.0,39.9,0.0,77.2,56.4,0.002,46.1,10741300.0,ours_pi_prior,0.874765
h=0.3/q0=0.4/p=0.5/r=1/sig=0/cf=1,A_core,0.3,0.4,0.5,1.0,0.0,1.0,1.0,wiki_B,autorpa_233k,ours_spend_cap,16930926504.999,1.016643,5.3,9.6,765.1,291.1,0.0,558.2,493.9,0.004,380.6,88679800.0,ours_pi_prior,0.874765
h=0.3/q0=0.4/p=0.5/r=1/sig=0/cf=1,A_core,0.3,0.4,0.5,1.0,0.0,1.0,1.0,wiki_B,autorpa_233k,ours_cap_epoch,16885449093.539,1.013912,6.0,11.5,1029.9,421.4,0.0,807.2,735.7,0.004,507.5,118247500.0,ours_pi_prior,0.874765
h=0.3/q0=0.4/p=0.5/r=1/sig=0/cf=1,A_core,0.3,0.4,0.5,1.0,0.0,1.0,1.0,wiki_B,autorpa_233k,ours_cap_realized,16668609185.719,1.000892,7.2,13.1,2064.5,932.1,0.0,1801.0,1779.0,0.005,1028.5,239640500.0,ours_pi_prior,0.874765
h=0.3/q0=0.4/p=0.5/r=1/sig=0/cf=1,A_core,0.3,0.4,0.5,1.0,0.0,1.0,1.0,wiki_B,autorpa_233k,ours_pi_prior,16602439938.342,0.996918,7.4,10.8,2204.4,1036.6,0.0,2005.3,2006.4,0.005,1094.0,254902000.0,ours_pi_prior,0.874765
h=0.3/q0=0.4/p=0.5/r=1/sig=0/cf=1,A_core,0.3,0.4,0.5,1.0,0.0,1.0,1.0,wiki_B,autorpa_233k,breakeven,17161310901.037,1.030477,4.4,10.6,1601.1,516.1,0.0,998.7,1327.5,0.004,802.4,186959200.0,ours_pi_prior,0.874765
h=0.3/q0=0.4/p=0.5/r=1/sig=0/cf=1,A_core,0.3,0.4,0.5,1.0,0.0,1.0,1.0,wiki_B,autorpa_233k,breakeven_cap_epoch,17057075190.375,1.024218,3.4,9.2,945.2,255.5,0.0,497.0,710.3,0.003,469.9,109486700.0,ours_pi_prior,0.874765
h=0.3/q0=0.4/p=0.5/r=1/sig=0/cf=1,A_core,0.3,0.4,0.5,1.0,0.0,1.0,1.0,wiki_B,autorpa_233k,offline_taxblind,16205927379.997,0.973109,,,,,,,,,,,ours_pi_prior,0.874765
h=0.3/q0=0.4/p=0.5/r=1/sig=0/cf=1,A_core,0.3,0.4,0.5,1.0,0.0,1.0,1.0,wiki_B,autorpa_233k,offline_opt_tax,16271658114.884,0.977056,,,,,,,,,,,ours_pi_prior,0.874765
h=0.3/q0=0.4/p=0.5/r=1/sig=0/cf=1,A_core,0.3,0.4,0.5,1.0,0.0,1.0,1.0,wiki_B,native,always_reactive,16977748066.619,1.01753,0.0,0.0,0.0,0.0,0.0,0.0,0.0,0.002,0.0,0.0,ours_pi_prior,0.857837
h=0.3/q0=0.4/p=0.5/r=1/sig=0/cf=1,A_core,0.3,0.4,0.5,1.0,0.0,1.0,1.0,wiki_B,native,always_compile_evict,19371270111.822,1.160981,58.6,71.3,14266.3,6335.3,0.0,12222.8,13872.4,0.023,7114.5,1853204143.024,ours_pi_prior,0.857837
h=0.3/q0=0.4/p=0.5/r=1/sig=0/cf=1,A_core,0.3,0.4,0.5,1.0,0.0,1.0,1.0,wiki_B,native,ours_noinflate,16685253567.072,1.0,7.5,14.1,2018.1,909.8,0.0,1763.9,1737.0,0.005,1003.4,238944025.034,ours_pi_prior,0.857837
h=0.3/q0=0.4/p=0.5/r=1/sig=0/cf=1,A_core,0.3,0.4,0.5,1.0,0.0,1.0,1.0,wiki_B,native,oracle_tax,16967943466.287,1.016942,4.3,7.4,89.3,39.6,0.0,75.9,56.2,0.002,45.4,10811300.315,ours_pi_prior,0.857837
h=0.3/q0=0.4/p=0.5/r=1/sig=0/cf=1,A_core,0.3,0.4,0.5,1.0,0.0,1.0,1.0,wiki_B,native,ours_spend_cap,16935368526.876,1.01499,5.1,9.9,758.4,289.2,0.0,553.8,492.7,0.004,377.4,89871910.552,ours_pi_prior,0.857837
h=0.3/q0=0.4/p=0.5/r=1/sig=0/cf=1,A_core,0.3,0.4,0.5,1.0,0.0,1.0,1.0,wiki_B,native,ours_cap_epoch,16891419907.948,1.012356,5.8,11.6,1022.3,419.3,0.0,802.4,734.1,0.004,503.9,119995908.127,ours_pi_prior,0.857837
h=0.3/q0=0.4/p=0.5/r=1/sig=0/cf=1,A_core,0.3,0.4,0.5,1.0,0.0,1.0,1.0,wiki_B,native,ours_cap_realized,16699583249.009,1.000859,7.0,13.6,1946.3,874.4,0.0,1694.3,1667.9,0.005,969.8,230942710.263,ours_pi_prior,0.857837
h=0.3/q0=0.4/p=0.5/r=1/sig=0/cf=1,A_core,0.3,0.4,0.5,1.0,0.0,1.0,1.0,wiki_B,native,ours_pi_prior,16617385742.576,0.995932,6.9,10.8,2189.0,1029.6,0.0,1991.2,1998.8,0.005,1087.2,258899685.087,ours_pi_prior,0.857837
h=0.3/q0=0.4/p=0.5/r=1/sig=0/cf=1,A_core,0.3,0.4,0.5,1.0,0.0,1.0,1.0,wiki_B,native,breakeven,17161428534.137,1.028539,4.6,10.7,1620.1,512.1,0.0,993.0,1349.8,0.004,813.9,190079532.555,ours_pi_prior,0.857837
h=0.3/q0=0.4/p=0.5/r=1/sig=0/cf=1,A_core,0.3,0.4,0.5,1.0,0.0,1.0,1.0,wiki_B,native,breakeven_cap_epoch,17062709074.652,1.022622,3.5,8.8,959.6,252.5,0.0,491.6,730.9,0.003,478.6,112839674.909,ours_pi_prior,0.857837
h=0.3/q0=0.4/p=0.5/r=1/sig=0/cf=1,A_core,0.3,0.4,0.5,1.0,0.0,1.0,1.0,wiki_B,native,offline_taxblind,16226111608.193,0.972482,,,,,,,,,,,ours_pi_prior,0.857837
h=0.3/q0=0.4/p=0.5/r=1/sig=0/cf=1,A_core,0.3,0.4,0.5,1.0,0.0,1.0,1.0,wiki_B,native,offline_opt_tax,16293388696.849,0.976514,,,,,,,,,,,ours_pi_prior,0.857837
h=0.3/q0=0.4/p=0/r=1/sig=0/cf=10.5094,A_core,0.3,0.4,0.0,1.0,0.0,1.0,10.509389227369171,bpi2019,autorpa_233k,always_reactive,28364744721.458,1.0,0.0,0.0,0.0,0.0,0.0,0.0,0.0,0.003,0.0,0.0,always_reactive,0.046633
h=0.3/q0=0.4/p=0/r=1/sig=0/cf=10.5094,A_core,0.3,0.4,0.0,1.0,0.0,1.0,10.509389227369171,bpi2019,autorpa_233k,always_compile_evict,608258066088.321,21.444158,0.0,0.0,236818.0,0.0,0.0,0.0,236818.0,0.0,236818.0,579893321364.895,always_reactive,0.046633
h=0.3/q0=0.4/p=0/r=1/sig=0/cf=10.5094,A_core,0.3,0.4,0.0,1.0,0.0,1.0,10.509389227369171,bpi2019,autorpa_233k,ours_noinflate,28364744721.458,1.0,0.0,0.0,0.0,0.0,0.0,0.0,0.0,0.003,0.0,0.0,always_reactive,0.046633
h=0.3/q0=0.4/p=0/r=1/sig=0/cf=10.5094,A_core,0.3,0.4,0.0,1.0,0.0,1.0,10.509389227369171,bpi2019,autorpa_233k,oracle_tax,28364744721.458,1.0,0.0,0.0,0.0,0.0,0.0,0.0,0.0,0.003,0.0,0.0,always_reactive,0.046633
h=0.3/q0=0.4/p=0/r=1/sig=0/cf=10.5094,A_core,0.3,0.4,0.0,1.0,0.0,1.0,10.509389227369171,bpi2019,autorpa_233k,ours_spend_cap,28364744721.458,1.0,0.0,0.0,0.0,0.0,0.0,0.0,0.0,0.003,0.0,0.0,always_reactive,0.046633
h=0.3/q0=0.4/p=0/r=1/sig=0/cf=10.5094,A_core,0.3,0.4,0.0,1.0,0.0,1.0,10.509389227369171,bpi2019,autorpa_233k,ours_cap_epoch,28364744721.458,1.0,0.0,0.0,0.0,0.0,0.0,0.0,0.0,0.003,0.0,0.0,always_reactive,0.046633
h=0.3/q0=0.4/p=0/r=1/sig=0/cf=10.5094,A_core,0.3,0.4,0.0,1.0,0.0,1.0,10.509389227369171,bpi2019,autorpa_233k,ours_cap_realized,28364744721.458,1.0,0.0,0.0,0.0,0.0,0.0,0.0,0.0,0.003,0.0,0.0,always_reactive,0.046633
h=0.3/q0=0.4/p=0/r=1/sig=0/cf=10.5094,A_core,0.3,0.4,0.0,1.0,0.0,1.0,10.509389227369171,bpi2019,autorpa_233k,ours_pi_prior,28364744721.458,1.0,0.0,0.0,0.0,0.0,0.0,0.0,0.0,0.003,0.0,0.0,always_reactive,0.046633
h=0.3/q0=0.4/p=0/r=1/sig=0/cf=10.5094,A_core,0.3,0.4,0.0,1.0,0.0,1.0,10.509389227369171,bpi2019,autorpa_233k,breakeven,133675456204.242,4.712733,0.0,0.0,43007.0,0.0,0.0,0.0,43007.0,0.001,43007.0,105310711482.835,always_reactive,0.046633
h=0.3/q0=0.4/p=0/r=1/sig=0/cf=10.5094,A_core,0.3,0.4,0.0,1.0,0.0,1.0,10.509389227369171,bpi2019,autorpa_233k,breakeven_cap_epoch,29956391719.938,1.056114,0.0,0.0,650.0,0.0,0.0,0.0,650.0,0.003,650.0,1591646998.485,always_reactive,0.046633
h=0.3/q0=0.4/p=0/r=1/sig=0/cf=10.5094,A_core,0.3,0.4,0.0,1.0,0.0,1.0,10.509389227369171,bpi2019,autorpa_233k,offline_taxblind,28364744721.522,1.0,,,,,,,,,,,always_reactive,0.046633
h=0.3/q0=0.4/p=0/r=1/sig=0/cf=10.5094,A_core,0.3,0.4,0.0,1.0,0.0,1.0,10.509389227369171,bpi2019,autorpa_233k,offline_opt_tax,28364744721.522,1.0,,,,,,,,,,,always_reactive,0.046633
h=0.3/q0=0.4/p=0/r=1/sig=0/cf=10.5094,A_core,0.3,0.4,0.0,1.0,0.0,1.0,10.509389227369171,bpi2019,native,always_reactive,28364744721.458,1.0,0.0,0.0,0.0,0.0,0.0,0.0,0.0,0.003,0.0,0.0,always_reactive,0.036059
h=0.3/q0=0.4/p=0/r=1/sig=0/cf=10.5094,A_core,0.3,0.4,0.0,1.0,0.0,1.0,10.509389227369171,bpi2019,native,always_compile_evict,786629619891.115,27.732653,0.0,0.0,236818.0,0.0,0.0,0.0,236818.0,0.0,236818.0,758264875166.386,always_reactive,0.036059
h=0.3/q0=0.4/p=0/r=1/sig=0/cf=10.5094,A_core,0.3,0.4,0.0,1.0,0.0,1.0,10.509389227369171,bpi2019,native,ours_noinflate,28364744721.458,1.0,0.0,0.0,0.0,0.0,0.0,0.0,0.0,0.003,0.0,0.0,always_reactive,0.036059
h=0.3/q0=0.4/p=0/r=1/sig=0/cf=10.5094,A_core,0.3,0.4,0.0,1.0,0.0,1.0,10.509389227369171,bpi2019,native,oracle_tax,28364744721.458,1.0,0.0,0.0,0.0,0.0,0.0,0.0,0.0,0.003,0.0,0.0,always_reactive,0.036059
h=0.3/q0=0.4/p=0/r=1/sig=0/cf=10.5094,A_core,0.3,0.4,0.0,1.0,0.0,1.0,10.509389227369171,bpi2019,native,ours_spend_cap,28364744721.458,1.0,0.0,0.0,0.0,0.0,0.0,0.0,0.0,0.003,0.0,0.0,always_reactive,0.036059
h=0.3/q0=0.4/p=0/r=1/sig=0/cf=10.5094,A_core,0.3,0.4,0.0,1.0,0.0,1.0,10.509389227369171,bpi2019,native,ours_cap_epoch,28364744721.458,1.0,0.0,0.0,0.0,0.0,0.0,0.0,0.0,0.003,0.0,0.0,always_reactive,0.036059
h=0.3/q0=0.4/p=0/r=1/sig=0/cf=10.5094,A_core,0.3,0.4,0.0,1.0,0.0,1.0,10.509389227369171,bpi2019,native,ours_cap_realized,28364744721.458,1.0,0.0,0.0,0.0,0.0,0.0,0.0,0.0,0.003,0.0,0.0,always_reactive,0.036059
h=0.3/q0=0.4/p=0/r=1/sig=0/cf=10.5094,A_core,0.3,0.4,0.0,1.0,0.0,1.0,10.509389227369171,bpi2019,native,ours_pi_prior,28364744721.458,1.0,0.0,0.0,0.0,0.0,0.0,0.0,0.0,0.003,0.0,0.0,always_reactive,0.036059
h=0.3/q0=0.4/p=0/r=1/sig=0/cf=10.5094,A_core,0.3,0.4,0.0,1.0,0.0,1.0,10.509389227369171,bpi2019,native,breakeven,134226517303.123,4.73216,0.0,0.0,41596.0,0.0,0.0,0.0,41596.0,0.001,41596.0,105861772581.582,always_reactive,0.036059
h=0.3/q0=0.4/p=0/r=1/sig=0/cf=10.5094,A_core,0.3,0.4,0.0,1.0,0.0,1.0,10.509389227369171,bpi2019,native,breakeven_cap_epoch,30027727544.601,1.058629,0.0,0.0,665.0,0.0,0.0,0.0,665.0,0.003,665.0,1662982823.148,always_reactive,0.036059
h=0.3/q0=0.4/p=0/r=1/sig=0/cf=10.5094,A_core,0.3,0.4,0.0,1.0,0.0,1.0,10.509389227369171,bpi2019,native,offline_taxblind,28364744721.522,1.0,,,,,,,,,,,always_reactive,0.036059
h=0.3/q0=0.4/p=0/r=1/sig=0/cf=10.5094,A_core,0.3,0.4,0.0,1.0,0.0,1.0,10.509389227369171,bpi2019,native,offline_opt_tax,28364744721.522,1.0,,,,,,,,,,,always_reactive,0.036059
h=0.3/q0=0.4/p=0/r=1/sig=0/cf=10.5094,A_core,0.3,0.4,0.0,1.0,0.0,1.0,10.509389227369171,sepsis,autorpa_233k,always_reactive,187135368.565,1.0,0.0,0.0,0.0,0.0,0.0,0.0,0.0,0.002,0.0,0.0,always_reactive,0.349884
h=0.3/q0=0.4/p=0/r=1/sig=0/cf=10.5094,A_core,0.3,0.4,0.0,1.0,0.0,1.0,10.509389227369171,sepsis,autorpa_233k,always_compile_evict,534849020.541,2.858086,0.0,0.0,142.0,0.0,0.0,0.0,142.0,0.001,142.0,347713651.977,always_reactive,0.349884
h=0.3/q0=0.4/p=0/r=1/sig=0/cf=10.5094,A_core,0.3,0.4,0.0,1.0,0.0,1.0,10.509389227369171,sepsis,autorpa_233k,ours_noinflate,187135368.565,1.0,0.0,0.0,0.0,0.0,0.0,0.0,0.0,0.002,0.0,0.0,always_reactive,0.349884
h=0.3/q0=0.4/p=0/r=1/sig=0/cf=10.5094,A_core,0.3,0.4,0.0,1.0,0.0,1.0,10.509389227369171,sepsis,autorpa_233k,oracle_tax,187135368.565,1.0,0.0,0.0,0.0,0.0,0.0,0.0,0.0,0.002,0.0,0.0,always_reactive,0.349884
h=0.3/q0=0.4/p=0/r=1/sig=0/cf=10.5094,A_core,0.3,0.4,0.0,1.0,0.0,1.0,10.509389227369171,sepsis,autorpa_233k,ours_spend_cap,187135368.565,1.0,0.0,0.0,0.0,0.0,0.0,0.0,0.0,0.002,0.0,0.0,always_reactive,0.349884
h=0.3/q0=0.4/p=0/r=1/sig=0/cf=10.5094,A_core,0.3,0.4,0.0,1.0,0.0,1.0,10.509389227369171,sepsis,autorpa_233k,ours_cap_epoch,187135368.565,1.0,0.0,0.0,0.0,0.0,0.0,0.0,0.0,0.002,0.0,0.0,always_reactive,0.349884
h=0.3/q0=0.4/p=0/r=1/sig=0/cf=10.5094,A_core,0.3,0.4,0.0,1.0,0.0,1.0,10.509389227369171,sepsis,autorpa_233k,ours_cap_realized,187135368.565,1.0,0.0,0.0,0.0,0.0,0.0,0.0,0.0,0.002,0.0,0.0,always_reactive,0.349884
h=0.3/q0=0.4/p=0/r=1/sig=0/cf=10.5094,A_core,0.3,0.4,0.0,1.0,0.0,1.0,10.509389227369171,sepsis,autorpa_233k,ours_pi_prior,187135368.565,1.0,0.0,0.0,0.0,0.0,0.0,0.0,0.0,0.002,0.0,0.0,always_reactive,0.349884
h=0.3/q0=0.4/p=0/r=1/sig=0/cf=10.5094,A_core,0.3,0.4,0.0,1.0,0.0,1.0,10.509389227369171,sepsis,autorpa_233k,breakeven,331607942.273,1.772022,0.0,0.0,59.0,0.0,0.0,0.0,59.0,0.001,59.0,144472573.709,always_reactive,0.349884
h=0.3/q0=0.4/p=0/r=1/sig=0/cf=10.5094,A_core,0.3,0.4,0.0,1.0,0.0,1.0,10.509389227369171,sepsis,autorpa_233k,breakeven_cap_epoch,196930119.325,1.05234,0.0,0.0,4.0,0.0,0.0,0.0,4.0,0.002,4.0,9794750.76,always_reactive,0.349884
h=0.3/q0=0.4/p=0/r=1/sig=0/cf=10.5094,A_core,0.3,0.4,0.0,1.0,0.0,1.0,10.509389227369171,sepsis,autorpa_233k,offline_taxblind,187135368.565,1.0,,,,,,,,,,,always_reactive,0.349884
h=0.3/q0=0.4/p=0/r=1/sig=0/cf=10.5094,A_core,0.3,0.4,0.0,1.0,0.0,1.0,10.509389227369171,sepsis,autorpa_233k,offline_opt_tax,187135368.565,1.0,,,,,,,,,,,always_reactive,0.349884
h=0.3/q0=0.4/p=0/r=1/sig=0/cf=10.5094,A_core,0.3,0.4,0.0,1.0,0.0,1.0,10.509389227369171,sepsis,native,always_reactive,187135368.565,1.0,0.0,0.0,0.0,0.0,0.0,0.0,0.0,0.002,0.0,0.0,always_reactive,0.328719
h=0.3/q0=0.4/p=0/r=1/sig=0/cf=10.5094,A_core,0.3,0.4,0.0,1.0,0.0,1.0,10.509389227369171,sepsis,native,always_compile_evict,569286043.47,3.042108,0.0,0.0,142.0,0.0,0.0,0.0,142.0,0.001,142.0,382150674.905,always_reactive,0.328719
h=0.3/q0=0.4/p=0/r=1/sig=0/cf=10.5094,A_core,0.3,0.4,0.0,1.0,0.0,1.0,10.509389227369171,sepsis,native,ours_noinflate,187135368.565,1.0,0.0,0.0,0.0,0.0,0.0,0.0,0.0,0.002,0.0,0.0,always_reactive,0.328719
h=0.3/q0=0.4/p=0/r=1/sig=0/cf=10.5094,A_core,0.3,0.4,0.0,1.0,0.0,1.0,10.509389227369171,sepsis,native,oracle_tax,187135368.565,1.0,0.0,0.0,0.0,0.0,0.0,0.0,0.0,0.002,0.0,0.0,always_reactive,0.328719
h=0.3/q0=0.4/p=0/r=1/sig=0/cf=10.5094,A_core,0.3,0.4,0.0,1.0,0.0,1.0,10.509389227369171,sepsis,native,ours_spend_cap,187135368.565,1.0,0.0,0.0,0.0,0.0,0.0,0.0,0.0,0.002,0.0,0.0,always_reactive,0.328719
h=0.3/q0=0.4/p=0/r=1/sig=0/cf=10.5094,A_core,0.3,0.4,0.0,1.0,0.0,1.0,10.509389227369171,sepsis,native,ours_cap_epoch,187135368.565,1.0,0.0,0.0,0.0,0.0,0.0,0.0,0.0,0.002,0.0,0.0,always_reactive,0.328719
h=0.3/q0=0.4/p=0/r=1/sig=0/cf=10.5094,A_core,0.3,0.4,0.0,1.0,0.0,1.0,10.509389227369171,sepsis,native,ours_cap_realized,187135368.565,1.0,0.0,0.0,0.0,0.0,0.0,0.0,0.0,0.002,0.0,0.0,always_reactive,0.328719
h=0.3/q0=0.4/p=0/r=1/sig=0/cf=10.5094,A_core,0.3,0.4,0.0,1.0,0.0,1.0,10.509389227369171,sepsis,native,ours_pi_prior,187135368.565,1.0,0.0,0.0,0.0,0.0,0.0,0.0,0.0,0.002,0.0,0.0,always_reactive,0.328719
h=0.3/q0=0.4/p=0/r=1/sig=0/cf=10.5094,A_core,0.3,0.4,0.0,1.0,0.0,1.0,10.509389227369171,sepsis,native,breakeven,334791527.619,1.789034,0.0,0.0,59.0,0.0,0.0,0.0,59.0,0.001,59.0,147656159.055,always_reactive,0.328719
h=0.3/q0=0.4/p=0/r=1/sig=0/cf=10.5094,A_core,0.3,0.4,0.0,1.0,0.0,1.0,10.509389227369171,sepsis,native,breakeven_cap_epoch,197145955.619,1.053494,0.0,0.0,4.0,0.0,0.0,0.0,4.0,0.002,4.0,10010587.055,always_reactive,0.328719
h=0.3/q0=0.4/p=0/r=1/sig=0/cf=10.5094,A_core,0.3,0.4,0.0,1.0,0.0,1.0,10.509389227369171,sepsis,native,offline_taxblind,187135368.565,1.0,,,,,,,,,,,always_reactive,0.328719
h=0.3/q0=0.4/p=0/r=1/sig=0/cf=10.5094,A_core,0.3,0.4,0.0,1.0,0.0,1.0,10.509389227369171,sepsis,native,offline_opt_tax,187135368.565,1.0,,,,,,,,,,,always_reactive,0.328719
h=0.3/q0=0.4/p=0/r=1/sig=0/cf=10.5094,A_core,0.3,0.4,0.0,1.0,0.0,1.0,10.509389227369171,wiki_A,autorpa_233k,always_reactive,19487424199.81,1.0,0.0,0.0,0.0,0.0,0.0,0.0,0.0,0.001,0.0,0.0,always_reactive,0.11285
h=0.3/q0=0.4/p=0/r=1/sig=0/cf=10.5094,A_core,0.3,0.4,0.0,1.0,0.0,1.0,10.509389227369171,wiki_A,autorpa_233k,always_compile_evict,172684672147.794,8.861339,0.0,0.0,62563.0,0.0,0.0,0.0,62563.0,0.0,62563.0,153197247948.046,always_reactive,0.11285
h=0.3/q0=0.4/p=0/r=1/sig=0/cf=10.5094,A_core,0.3,0.4,0.0,1.0,0.0,1.0,10.509389227369171,wiki_A,autorpa_233k,ours_noinflate,19487424199.81,1.0,0.0,0.0,0.0,0.0,0.0,0.0,0.0,0.001,0.0,0.0,always_reactive,0.11285
h=0.3/q0=0.4/p=0/r=1/sig=0/cf=10.5094,A_core,0.3,0.4,0.0,1.0,0.0,1.0,10.509389227369171,wiki_A,autorpa_233k,oracle_tax,19487424199.81,1.0,0.0,0.0,0.0,0.0,0.0,0.0,0.0,0.001,0.0,0.0,always_reactive,0.11285
h=0.3/q0=0.4/p=0/r=1/sig=0/cf=10.5094,A_core,0.3,0.4,0.0,1.0,0.0,1.0,10.509389227369171,wiki_A,autorpa_233k,ours_spend_cap,19487424199.81,1.0,0.0,0.0,0.0,0.0,0.0,0.0,0.0,0.001,0.0,0.0,always_reactive,0.11285
h=0.3/q0=0.4/p=0/r=1/sig=0/cf=10.5094,A_core,0.3,0.4,0.0,1.0,0.0,1.0,10.509389227369171,wiki_A,autorpa_233k,ours_cap_epoch,19487424199.81,1.0,0.0,0.0,0.0,0.0,0.0,0.0,0.0,0.001,0.0,0.0,always_reactive,0.11285
h=0.3/q0=0.4/p=0/r=1/sig=0/cf=10.5094,A_core,0.3,0.4,0.0,1.0,0.0,1.0,10.509389227369171,wiki_A,autorpa_233k,ours_cap_realized,19487424199.81,1.0,0.0,0.0,0.0,0.0,0.0,0.0,0.0,0.001,0.0,0.0,always_reactive,0.11285
h=0.3/q0=0.4/p=0/r=1/sig=0/cf=10.5094,A_core,0.3,0.4,0.0,1.0,0.0,1.0,10.509389227369171,wiki_A,autorpa_233k,ours_pi_prior,19487424199.81,1.0,0.0,0.0,0.0,0.0,0.0,0.0,0.0,0.001,0.0,0.0,always_reactive,0.11285
h=0.3/q0=0.4/p=0/r=1/sig=0/cf=10.5094,A_core,0.3,0.4,0.0,1.0,0.0,1.0,10.509389227369171,wiki_A,autorpa_233k,breakeven,92054283892.211,4.723779,0.0,0.0,29635.0,0.0,0.0,0.0,29635.0,0.0,29635.0,72566859692.486,always_reactive,0.11285
h=0.3/q0=0.4/p=0/r=1/sig=0/cf=10.5094,A_core,0.3,0.4,0.0,1.0,0.0,1.0,10.509389227369171,wiki_A,autorpa_233k,breakeven_cap_epoch,19783715410.293,1.015204,0.0,0.0,121.0,0.0,0.0,0.0,121.0,0.001,121.0,296291210.487,always_reactive,0.11285
h=0.3/q0=0.4/p=0/r=1/sig=0/cf=10.5094,A_core,0.3,0.4,0.0,1.0,0.0,1.0,10.509389227369171,wiki_A,autorpa_233k,offline_taxblind,19487424199.821,1.0,,,,,,,,,,,always_reactive,0.11285
h=0.3/q0=0.4/p=0/r=1/sig=0/cf=10.5094,A_core,0.3,0.4,0.0,1.0,0.0,1.0,10.509389227369171,wiki_A,autorpa_233k,offline_opt_tax,19487424199.821,1.0,,,,,,,,,,,always_reactive,0.11285
h=0.3/q0=0.4/p=0/r=1/sig=0/cf=10.5094,A_core,0.3,0.4,0.0,1.0,0.0,1.0,10.509389227369171,wiki_A,native,always_reactive,19487424199.81,1.0,0.0,0.0,0.0,0.0,0.0,0.0,0.0,0.001,0.0,0.0,always_reactive,0.102418
h=0.3/q0=0.4/p=0/r=1/sig=0/cf=10.5094,A_core,0.3,0.4,0.0,1.0,0.0,1.0,10.509389227369171,wiki_A,native,always_compile_evict,190272724193.731,9.763872,0.0,0.0,62563.0,0.0,0.0,0.0,62563.0,0.0,62563.0,170785299993.635,always_reactive,0.102418
h=0.3/q0=0.4/p=0/r=1/sig=0/cf=10.5094,A_core,0.3,0.4,0.0,1.0,0.0,1.0,10.509389227369171,wiki_A,native,ours_noinflate,19487424199.81,1.0,0.0,0.0,0.0,0.0,0.0,0.0,0.0,0.001,0.0,0.0,always_reactive,0.102418
h=0.3/q0=0.4/p=0/r=1/sig=0/cf=10.5094,A_core,0.3,0.4,0.0,1.0,0.0,1.0,10.509389227369171,wiki_A,native,oracle_tax,19487424199.81,1.0,0.0,0.0,0.0,0.0,0.0,0.0,0.0,0.001,0.0,0.0,always_reactive,0.102418
h=0.3/q0=0.4/p=0/r=1/sig=0/cf=10.5094,A_core,0.3,0.4,0.0,1.0,0.0,1.0,10.509389227369171,wiki_A,native,ours_spend_cap,19487424199.81,1.0,0.0,0.0,0.0,0.0,0.0,0.0,0.0,0.001,0.0,0.0,always_reactive,0.102418
h=0.3/q0=0.4/p=0/r=1/sig=0/cf=10.5094,A_core,0.3,0.4,0.0,1.0,0.0,1.0,10.509389227369171,wiki_A,native,ours_cap_epoch,19487424199.81,1.0,0.0,0.0,0.0,0.0,0.0,0.0,0.0,0.001,0.0,0.0,always_reactive,0.102418
h=0.3/q0=0.4/p=0/r=1/sig=0/cf=10.5094,A_core,0.3,0.4,0.0,1.0,0.0,1.0,10.509389227369171,wiki_A,native,ours_cap_realized,19487424199.81,1.0,0.0,0.0,0.0,0.0,0.0,0.0,0.0,0.001,0.0,0.0,always_reactive,0.102418
h=0.3/q0=0.4/p=0/r=1/sig=0/cf=10.5094,A_core,0.3,0.4,0.0,1.0,0.0,1.0,10.509389227369171,wiki_A,native,ours_pi_prior,19487424199.81,1.0,0.0,0.0,0.0,0.0,0.0,0.0,0.0,0.001,0.0,0.0,always_reactive,0.102418
h=0.3/q0=0.4/p=0/r=1/sig=0/cf=10.5094,A_core,0.3,0.4,0.0,1.0,0.0,1.0,10.509389227369171,wiki_A,native,breakeven,93415313885.55,4.79362,0.0,0.0,29646.0,0.0,0.0,0.0,29646.0,0.0,29646.0,73927889685.751,always_reactive,0.102418
h=0.3/q0=0.4/p=0/r=1/sig=0/cf=10.5094,A_core,0.3,0.4,0.0,1.0,0.0,1.0,10.509389227369171,wiki_A,native,breakeven_cap_epoch,19790892331.622,1.015573,0.0,0.0,122.0,0.0,0.0,0.0,122.0,0.001,122.0,303468131.816,always_reactive,0.102418
h=0.3/q0=0.4/p=0/r=1/sig=0/cf=10.5094,A_core,0.3,0.4,0.0,1.0,0.0,1.0,10.509389227369171,wiki_A,native,offline_taxblind,19487424199.821,1.0,,,,,,,,,,,always_reactive,0.102418
h=0.3/q0=0.4/p=0/r=1/sig=0/cf=10.5094,A_core,0.3,0.4,0.0,1.0,0.0,1.0,10.509389227369171,wiki_A,native,offline_opt_tax,19487424199.821,1.0,,,,,,,,,,,always_reactive,0.102418
h=0.3/q0=0.4/p=0/r=1/sig=0/cf=10.5094,A_core,0.3,0.4,0.0,1.0,0.0,1.0,10.509389227369171,wiki_B,autorpa_233k,always_reactive,16977748066.619,1.0,0.0,0.0,0.0,0.0,0.0,0.0,0.0,0.002,0.0,0.0,always_reactive,0.197869
h=0.3/q0=0.4/p=0/r=1/sig=0/cf=10.5094,A_core,0.3,0.4,0.0,1.0,0.0,1.0,10.509389227369171,wiki_B,autorpa_233k,always_compile_evict,85803012968.788,5.053851,0.0,0.0,28107.0,0.0,0.0,0.0,28107.0,0.0,28107.0,68825264902.184,always_reactive,0.197869
h=0.3/q0=0.4/p=0/r=1/sig=0/cf=10.5094,A_core,0.3,0.4,0.0,1.0,0.0,1.0,10.509389227369171,wiki_B,autorpa_233k,ours_noinflate,16977748066.619,1.0,0.0,0.0,0.0,0.0,0.0,0.0,0.0,0.002,0.0,0.0,always_reactive,0.197869
h=0.3/q0=0.4/p=0/r=1/sig=0/cf=10.5094,A_core,0.3,0.4,0.0,1.0,0.0,1.0,10.509389227369171,wiki_B,autorpa_233k,oracle_tax,16977748066.619,1.0,0.0,0.0,0.0,0.0,0.0,0.0,0.0,0.002,0.0,0.0,always_reactive,0.197869
h=0.3/q0=0.4/p=0/r=1/sig=0/cf=10.5094,A_core,0.3,0.4,0.0,1.0,0.0,1.0,10.509389227369171,wiki_B,autorpa_233k,ours_spend_cap,16977748066.619,1.0,0.0,0.0,0.0,0.0,0.0,0.0,0.0,0.002,0.0,0.0,always_reactive,0.197869
h=0.3/q0=0.4/p=0/r=1/sig=0/cf=10.5094,A_core,0.3,0.4,0.0,1.0,0.0,1.0,10.509389227369171,wiki_B,autorpa_233k,ours_cap_epoch,16977748066.619,1.0,0.0,0.0,0.0,0.0,0.0,0.0,0.0,0.002,0.0,0.0,always_reactive,0.197869
h=0.3/q0=0.4/p=0/r=1/sig=0/cf=10.5094,A_core,0.3,0.4,0.0,1.0,0.0,1.0,10.509389227369171,wiki_B,autorpa_233k,ours_cap_realized,16977748066.619,1.0,0.0,0.0,0.0,0.0,0.0,0.0,0.0,0.002,0.0,0.0,always_reactive,0.197869
h=0.3/q0=0.4/p=0/r=1/sig=0/cf=10.5094,A_core,0.3,0.4,0.0,1.0,0.0,1.0,10.509389227369171,wiki_B,autorpa_233k,ours_pi_prior,16977748066.619,1.0,0.0,0.0,0.0,0.0,0.0,0.0,0.0,0.002,0.0,0.0,always_reactive,0.197869
h=0.3/q0=0.4/p=0/r=1/sig=0/cf=10.5094,A_core,0.3,0.4,0.0,1.0,0.0,1.0,10.509389227369171,wiki_B,autorpa_233k,breakeven,36763144601.619,2.165372,0.0,0.0,8080.0,0.0,0.0,0.0,8080.0,0.001,8080.0,19785396535.014,always_reactive,0.197869
h=0.3/q0=0.4/p=0/r=1/sig=0/cf=10.5094,A_core,0.3,0.4,0.0,1.0,0.0,1.0,10.509389227369171,wiki_B,autorpa_233k,breakeven_cap_epoch,18241270914.645,1.074422,0.0,0.0,516.0,0.0,0.0,0.0,516.0,0.002,516.0,1263522848.028,always_reactive,0.197869
h=0.3/q0=0.4/p=0/r=1/sig=0/cf=10.5094,A_core,0.3,0.4,0.0,1.0,0.0,1.0,10.509389227369171,wiki_B,autorpa_233k,offline_taxblind,16977748066.618,1.0,,,,,,,,,,,always_reactive,0.197869
h=0.3/q0=0.4/p=0/r=1/sig=0/cf=10.5094,A_core,0.3,0.4,0.0,1.0,0.0,1.0,10.509389227369171,wiki_B,autorpa_233k,offline_opt_tax,16977748066.618,1.0,,,,,,,,,,,always_reactive,0.197869
h=0.3/q0=0.4/p=0/r=1/sig=0/cf=10.5094,A_core,0.3,0.4,0.0,1.0,0.0,1.0,10.509389227369171,wiki_B,native,always_reactive,16977748066.619,1.0,0.0,0.0,0.0,0.0,0.0,0.0,0.0,0.002,0.0,0.0,always_reactive,0.181465
h=0.3/q0=0.4/p=0/r=1/sig=0/cf=10.5094,A_core,0.3,0.4,0.0,1.0,0.0,1.0,10.509389227369171,wiki_B,native,always_compile_evict,93559438820.81,5.51071,0.0,0.0,28107.0,0.0,0.0,0.0,28107.0,0.0,28107.0,76581690754.206,always_reactive,0.181465
h=0.3/q0=0.4/p=0/r=1/sig=0/cf=10.5094,A_core,0.3,0.4,0.0,1.0,0.0,1.0,10.509389227369171,wiki_B,native,ours_noinflate,16977748066.619,1.0,0.0,0.0,0.0,0.0,0.0,0.0,0.0,0.002,0.0,0.0,always_reactive,0.181465
h=0.3/q0=0.4/p=0/r=1/sig=0/cf=10.5094,A_core,0.3,0.4,0.0,1.0,0.0,1.0,10.509389227369171,wiki_B,native,oracle_tax,16977748066.619,1.0,0.0,0.0,0.0,0.0,0.0,0.0,0.0,0.002,0.0,0.0,always_reactive,0.181465
h=0.3/q0=0.4/p=0/r=1/sig=0/cf=10.5094,A_core,0.3,0.4,0.0,1.0,0.0,1.0,10.509389227369171,wiki_B,native,ours_spend_cap,16977748066.619,1.0,0.0,0.0,0.0,0.0,0.0,0.0,0.0,0.002,0.0,0.0,always_reactive,0.181465
h=0.3/q0=0.4/p=0/r=1/sig=0/cf=10.5094,A_core,0.3,0.4,0.0,1.0,0.0,1.0,10.509389227369171,wiki_B,native,ours_cap_epoch,16977748066.619,1.0,0.0,0.0,0.0,0.0,0.0,0.0,0.0,0.002,0.0,0.0,always_reactive,0.181465
h=0.3/q0=0.4/p=0/r=1/sig=0/cf=10.5094,A_core,0.3,0.4,0.0,1.0,0.0,1.0,10.509389227369171,wiki_B,native,ours_cap_realized,16977748066.619,1.0,0.0,0.0,0.0,0.0,0.0,0.0,0.0,0.002,0.0,0.0,always_reactive,0.181465
h=0.3/q0=0.4/p=0/r=1/sig=0/cf=10.5094,A_core,0.3,0.4,0.0,1.0,0.0,1.0,10.509389227369171,wiki_B,native,ours_pi_prior,16977748066.619,1.0,0.0,0.0,0.0,0.0,0.0,0.0,0.0,0.002,0.0,0.0,always_reactive,0.181465
h=0.3/q0=0.4/p=0/r=1/sig=0/cf=10.5094,A_core,0.3,0.4,0.0,1.0,0.0,1.0,10.509389227369171,wiki_B,native,breakeven,37041405016.051,2.181762,0.0,0.0,8227.0,0.0,0.0,0.0,8227.0,0.001,8227.0,20063656949.443,always_reactive,0.181465
h=0.3/q0=0.4/p=0/r=1/sig=0/cf=10.5094,A_core,0.3,0.4,0.0,1.0,0.0,1.0,10.509389227369171,wiki_B,native,breakeven_cap_epoch,18279181683.143,1.076655,0.0,0.0,531.0,0.0,0.0,0.0,531.0,0.002,531.0,1301433616.526,always_reactive,0.181465
h=0.3/q0=0.4/p=0/r=1/sig=0/cf=10.5094,A_core,0.3,0.4,0.0,1.0,0.0,1.0,10.509389227369171,wiki_B,native,offline_taxblind,16977748066.618,1.0,,,,,,,,,,,always_reactive,0.181465
h=0.3/q0=0.4/p=0/r=1/sig=0/cf=10.5094,A_core,0.3,0.4,0.0,1.0,0.0,1.0,10.509389227369171,wiki_B,native,offline_opt_tax,16977748066.618,1.0,,,,,,,,,,,always_reactive,0.181465
h=0.3/q0=0.4/p=0/r=1/sig=0/cf=1,A_core,0.3,0.4,0.0,1.0,0.0,1.0,1.0,bpi2019,autorpa_233k,always_reactive,28364744721.458,0.996505,0.0,0.0,0.0,0.0,0.0,0.0,0.0,0.003,0.0,0.0,always_reactive,0.339521
h=0.3/q0=0.4/p=0/r=1/sig=0/cf=1,A_core,0.3,0.4,0.0,1.0,0.0,1.0,1.0,bpi2019,autorpa_233k,always_compile_evict,83543338721.444,2.935028,0.0,0.0,236818.0,0.0,0.0,0.0,236818.0,0.001,236818.0,55178594000.0,always_reactive,0.339521
h=0.3/q0=0.4/p=0/r=1/sig=0/cf=1,A_core,0.3,0.4,0.0,1.0,0.0,1.0,1.0,bpi2019,autorpa_233k,ours_noinflate,28464235721.457,1.0,0.0,0.0,427.0,0.0,0.0,0.0,427.0,0.003,427.0,99491000.0,always_reactive,0.339521
h=0.3/q0=0.4/p=0/r=1/sig=0/cf=1,A_core,0.3,0.4,0.0,1.0,0.0,1.0,1.0,bpi2019,autorpa_233k,oracle_tax,28364744721.458,0.996505,0.0,0.0,0.0,0.0,0.0,0.0,0.0,0.003,0.0,0.0,always_reactive,0.339521
h=0.3/q0=0.4/p=0/r=1/sig=0/cf=1,A_core,0.3,0.4,0.0,1.0,0.0,1.0,1.0,bpi2019,autorpa_233k,ours_spend_cap,28464235721.457,1.0,0.0,0.0,427.0,0.0,0.0,0.0,427.0,0.003,427.0,99491000.0,always_reactive,0.339521
h=0.3/q0=0.4/p=0/r=1/sig=0/cf=1,A_core,0.3,0.4,0.0,1.0,0.0,1.0,1.0,bpi2019,autorpa_233k,ours_cap_epoch,28464235721.457,1.0,0.0,0.0,427.0,0.0,0.0,0.0,427.0,0.003,427.0,99491000.0,always_reactive,0.339521
h=0.3/q0=0.4/p=0/r=1/sig=0/cf=1,A_core,0.3,0.4,0.0,1.0,0.0,1.0,1.0,bpi2019,autorpa_233k,ours_cap_realized,28464235721.457,1.0,0.0,0.0,427.0,0.0,0.0,0.0,427.0,0.003,427.0,99491000.0,always_reactive,0.339521
h=0.3/q0=0.4/p=0/r=1/sig=0/cf=1,A_core,0.3,0.4,0.0,1.0,0.0,1.0,1.0,bpi2019,autorpa_233k,ours_pi_prior,28457478721.457,0.999763,0.0,0.0,398.0,0.0,0.0,0.0,398.0,0.003,398.0,92734000.0,always_reactive,0.339521
h=0.3/q0=0.4/p=0/r=1/sig=0/cf=1,A_core,0.3,0.4,0.0,1.0,0.0,1.0,1.0,bpi2019,autorpa_233k,breakeven,38385375721.418,1.348548,0.0,0.0,43007.0,0.0,0.0,0.0,43007.0,0.002,43007.0,10020631000.0,always_reactive,0.339521
h=0.3/q0=0.4/p=0/r=1/sig=0/cf=1,A_core,0.3,0.4,0.0,1.0,0.0,1.0,1.0,bpi2019,autorpa_233k,breakeven_cap_epoch,28635257721.457,1.006008,0.0,0.0,1161.0,0.0,0.0,0.0,1161.0,0.003,1161.0,270513000.0,always_reactive,0.339521
h=0.3/q0=0.4/p=0/r=1/sig=0/cf=1,A_core,0.3,0.4,0.0,1.0,0.0,1.0,1.0,bpi2019,autorpa_233k,offline_taxblind,28364744721.522,0.996505,,,,,,,,,,,always_reactive,0.339521
h=0.3/q0=0.4/p=0/r=1/sig=0/cf=1,A_core,0.3,0.4,0.0,1.0,0.0,1.0,1.0,bpi2019,autorpa_233k,offline_opt_tax,28364744721.522,0.996505,,,,,,,,,,,always_reactive,0.339521
h=0.3/q0=0.4/p=0/r=1/sig=0/cf=1,A_core,0.3,0.4,0.0,1.0,0.0,1.0,1.0,bpi2019,native,always_reactive,28364744721.458,0.996478,0.0,0.0,0.0,0.0,0.0,0.0,0.0,0.003,0.0,0.0,always_reactive,0.282192
h=0.3/q0=0.4/p=0/r=1/sig=0/cf=1,A_core,0.3,0.4,0.0,1.0,0.0,1.0,1.0,bpi2019,native,always_compile_evict,100515928654.272,3.531211,0.0,0.0,236818.0,0.0,0.0,0.0,236818.0,0.001,236818.0,72151183932.887,always_reactive,0.282192
h=0.3/q0=0.4/p=0/r=1/sig=0/cf=1,A_core,0.3,0.4,0.0,1.0,0.0,1.0,1.0,bpi2019,native,ours_noinflate,28464999290.462,1.0,0.0,0.0,421.0,0.0,0.0,0.0,421.0,0.003,421.0,100254569.005,always_reactive,0.282192
h=0.3/q0=0.4/p=0/r=1/sig=0/cf=1,A_core,0.3,0.4,0.0,1.0,0.0,1.0,1.0,bpi2019,native,oracle_tax,28364744721.458,0.996478,0.0,0.0,0.0,0.0,0.0,0.0,0.0,0.003,0.0,0.0,always_reactive,0.282192
h=0.3/q0=0.4/p=0/r=1/sig=0/cf=1,A_core,0.3,0.4,0.0,1.0,0.0,1.0,1.0,bpi2019,native,ours_spend_cap,28464999290.462,1.0,0.0,0.0,421.0,0.0,0.0,0.0,421.0,0.003,421.0,100254569.005,always_reactive,0.282192
h=0.3/q0=0.4/p=0/r=1/sig=0/cf=1,A_core,0.3,0.4,0.0,1.0,0.0,1.0,1.0,bpi2019,native,ours_cap_epoch,28464999290.462,1.0,0.0,0.0,421.0,0.0,0.0,0.0,421.0,0.003,421.0,100254569.005,always_reactive,0.282192
h=0.3/q0=0.4/p=0/r=1/sig=0/cf=1,A_core,0.3,0.4,0.0,1.0,0.0,1.0,1.0,bpi2019,native,ours_cap_realized,28464999290.462,1.0,0.0,0.0,421.0,0.0,0.0,0.0,421.0,0.003,421.0,100254569.005,always_reactive,0.282192
h=0.3/q0=0.4/p=0/r=1/sig=0/cf=1,A_core,0.3,0.4,0.0,1.0,0.0,1.0,1.0,bpi2019,native,ours_pi_prior,28448568019.058,0.999423,0.0,0.0,352.0,0.0,0.0,0.0,352.0,0.003,352.0,83823297.6,always_reactive,0.282192
h=0.3/q0=0.4/p=0/r=1/sig=0/cf=1,A_core,0.3,0.4,0.0,1.0,0.0,1.0,1.0,bpi2019,native,breakeven,38437810842.707,1.350353,0.0,0.0,41596.0,0.0,0.0,0.0,41596.0,0.002,41596.0,10073066121.281,always_reactive,0.282192
h=0.3/q0=0.4/p=0/r=1/sig=0/cf=1,A_core,0.3,0.4,0.0,1.0,0.0,1.0,1.0,bpi2019,native,breakeven_cap_epoch,28644669201.912,1.006312,0.0,0.0,1176.0,0.0,0.0,0.0,1176.0,0.003,1176.0,279924480.455,always_reactive,0.282192
h=0.3/q0=0.4/p=0/r=1/sig=0/cf=1,A_core,0.3,0.4,0.0,1.0,0.0,1.0,1.0,bpi2019,native,offline_taxblind,28364744721.522,0.996478,,,,,,,,,,,always_reactive,0.282192
h=0.3/q0=0.4/p=0/r=1/sig=0/cf=1,A_core,0.3,0.4,0.0,1.0,0.0,1.0,1.0,bpi2019,native,offline_opt_tax,28364744721.522,0.996478,,,,,,,,,,,always_reactive,0.282192
h=0.3/q0=0.4/p=0/r=1/sig=0/cf=1,A_core,0.3,0.4,0.0,1.0,0.0,1.0,1.0,sepsis,autorpa_233k,always_reactive,187135368.565,0.992585,0.0,0.0,0.0,0.0,0.0,0.0,0.0,0.002,0.0,0.0,always_reactive,0.84976
h=0.3/q0=0.4/p=0/r=1/sig=0/cf=1,A_core,0.3,0.4,0.0,1.0,0.0,1.0,1.0,sepsis,autorpa_233k,always_compile_evict,220221368.565,1.168076,0.0,0.0,142.0,0.0,0.0,0.0,142.0,0.002,142.0,33086000.0,always_reactive,0.84976
h=0.3/q0=0.4/p=0/r=1/sig=0/cf=1,A_core,0.3,0.4,0.0,1.0,0.0,1.0,1.0,sepsis,autorpa_233k,ours_noinflate,188533368.565,1.0,0.0,0.0,6.0,0.0,0.0,0.0,6.0,0.002,6.0,1398000.0,always_reactive,0.84976
h=0.3/q0=0.4/p=0/r=1/sig=0/cf=1,A_core,0.3,0.4,0.0,1.0,0.0,1.0,1.0,sepsis,autorpa_233k,oracle_tax,187135368.565,0.992585,0.0,0.0,0.0,0.0,0.0,0.0,0.0,0.002,0.0,0.0,always_reactive,0.84976
h=0.3/q0=0.4/p=0/r=1/sig=0/cf=1,A_core,0.3,0.4,0.0,1.0,0.0,1.0,1.0,sepsis,autorpa_233k,ours_spend_cap,188533368.565,1.0,0.0,0.0,6.0,0.0,0.0,0.0,6.0,0.002,6.0,1398000.0,always_reactive,0.84976
h=0.3/q0=0.4/p=0/r=1/sig=0/cf=1,A_core,0.3,0.4,0.0,1.0,0.0,1.0,1.0,sepsis,autorpa_233k,ours_cap_epoch,188533368.565,1.0,0.0,0.0,6.0,0.0,0.0,0.0,6.0,0.002,6.0,1398000.0,always_reactive,0.84976
h=0.3/q0=0.4/p=0/r=1/sig=0/cf=1,A_core,0.3,0.4,0.0,1.0,0.0,1.0,1.0,sepsis,autorpa_233k,ours_cap_realized,188533368.565,1.0,0.0,0.0,6.0,0.0,0.0,0.0,6.0,0.002,6.0,1398000.0,always_reactive,0.84976
h=0.3/q0=0.4/p=0/r=1/sig=0/cf=1,A_core,0.3,0.4,0.0,1.0,0.0,1.0,1.0,sepsis,autorpa_233k,ours_pi_prior,187601368.565,0.995057,0.0,0.0,2.0,0.0,0.0,0.0,2.0,0.002,2.0,466000.0,always_reactive,0.84976
h=0.3/q0=0.4/p=0/r=1/sig=0/cf=1,A_core,0.3,0.4,0.0,1.0,0.0,1.0,1.0,sepsis,autorpa_233k,breakeven,200882368.565,1.0655,0.0,0.0,59.0,0.0,0.0,0.0,59.0,0.002,59.0,13747000.0,always_reactive,0.84976
h=0.3/q0=0.4/p=0/r=1/sig=0/cf=1,A_core,0.3,0.4,0.0,1.0,0.0,1.0,1.0,sepsis,autorpa_233k,breakeven_cap_epoch,189698368.565,1.006179,0.0,0.0,11.0,0.0,0.0,0.0,11.0,0.002,11.0,2563000.0,always_reactive,0.84976
h=0.3/q0=0.4/p=0/r=1/sig=0/cf=1,A_core,0.3,0.4,0.0,1.0,0.0,1.0,1.0,sepsis,autorpa_233k,offline_taxblind,187135368.565,0.992585,,,,,,,,,,,always_reactive,0.84976
h=0.3/q0=0.4/p=0/r=1/sig=0/cf=1,A_core,0.3,0.4,0.0,1.0,0.0,1.0,1.0,sepsis,autorpa_233k,offline_opt_tax,187135368.565,0.992585,,,,,,,,,,,always_reactive,0.84976
h=0.3/q0=0.4/p=0/r=1/sig=0/cf=1,A_core,0.3,0.4,0.0,1.0,0.0,1.0,1.0,sepsis,native,always_reactive,187135368.565,0.992423,0.0,0.0,0.0,0.0,0.0,0.0,0.0,0.002,0.0,0.0,always_reactive,0.837302
h=0.3/q0=0.4/p=0/r=1/sig=0/cf=1,A_core,0.3,0.4,0.0,1.0,0.0,1.0,1.0,sepsis,native,always_compile_evict,223498154.892,1.185263,0.0,0.0,142.0,0.0,0.0,0.0,142.0,0.002,142.0,36362786.327,always_reactive,0.837302
h=0.3/q0=0.4/p=0/r=1/sig=0/cf=1,A_core,0.3,0.4,0.0,1.0,0.0,1.0,1.0,sepsis,native,ours_noinflate,188564174.774,1.0,0.0,0.0,6.0,0.0,0.0,0.0,6.0,0.002,6.0,1428806.209,always_reactive,0.837302
h=0.3/q0=0.4/p=0/r=1/sig=0/cf=1,A_core,0.3,0.4,0.0,1.0,0.0,1.0,1.0,sepsis,native,oracle_tax,187135368.565,0.992423,0.0,0.0,0.0,0.0,0.0,0.0,0.0,0.002,0.0,0.0,always_reactive,0.837302
h=0.3/q0=0.4/p=0/r=1/sig=0/cf=1,A_core,0.3,0.4,0.0,1.0,0.0,1.0,1.0,sepsis,native,ours_spend_cap,188564174.774,1.0,0.0,0.0,6.0,0.0,0.0,0.0,6.0,0.002,6.0,1428806.209,always_reactive,0.837302
h=0.3/q0=0.4/p=0/r=1/sig=0/cf=1,A_core,0.3,0.4,0.0,1.0,0.0,1.0,1.0,sepsis,native,ours_cap_epoch,188564174.774,1.0,0.0,0.0,6.0,0.0,0.0,0.0,6.0,0.002,6.0,1428806.209,always_reactive,0.837302
h=0.3/q0=0.4/p=0/r=1/sig=0/cf=1,A_core,0.3,0.4,0.0,1.0,0.0,1.0,1.0,sepsis,native,ours_cap_realized,188564174.774,1.0,0.0,0.0,6.0,0.0,0.0,0.0,6.0,0.002,6.0,1428806.209,always_reactive,0.837302
h=0.3/q0=0.4/p=0/r=1/sig=0/cf=1,A_core,0.3,0.4,0.0,1.0,0.0,1.0,1.0,sepsis,native,ours_pi_prior,187611637.301,0.994948,0.0,0.0,2.0,0.0,0.0,0.0,2.0,0.002,2.0,476268.736,always_reactive,0.837302
h=0.3/q0=0.4/p=0/r=1/sig=0/cf=1,A_core,0.3,0.4,0.0,1.0,0.0,1.0,1.0,sepsis,native,breakeven,201185296.287,1.066933,0.0,0.0,59.0,0.0,0.0,0.0,59.0,0.002,59.0,14049927.723,always_reactive,0.837302
h=0.3/q0=0.4/p=0/r=1/sig=0/cf=1,A_core,0.3,0.4,0.0,1.0,0.0,1.0,1.0,sepsis,native,breakeven_cap_epoch,189754846.615,1.006314,0.0,0.0,11.0,0.0,0.0,0.0,11.0,0.002,11.0,2619478.05,always_reactive,0.837302
h=0.3/q0=0.4/p=0/r=1/sig=0/cf=1,A_core,0.3,0.4,0.0,1.0,0.0,1.0,1.0,sepsis,native,offline_taxblind,187135368.565,0.992423,,,,,,,,,,,always_reactive,0.837302
h=0.3/q0=0.4/p=0/r=1/sig=0/cf=1,A_core,0.3,0.4,0.0,1.0,0.0,1.0,1.0,sepsis,native,offline_opt_tax,187135368.565,0.992423,,,,,,,,,,,always_reactive,0.837302
h=0.3/q0=0.4/p=0/r=1/sig=0/cf=1,A_core,0.3,0.4,0.0,1.0,0.0,1.0,1.0,wiki_A,autorpa_233k,always_reactive,19487424199.81,0.999009,0.0,0.0,0.0,0.0,0.0,0.0,0.0,0.001,0.0,0.0,always_reactive,0.572073
h=0.3/q0=0.4/p=0/r=1/sig=0/cf=1,A_core,0.3,0.4,0.0,1.0,0.0,1.0,1.0,wiki_A,autorpa_233k,always_compile_evict,34064603199.786,1.746297,0.0,0.0,62563.0,0.0,0.0,0.0,62563.0,0.001,62563.0,14577179000.0,always_reactive,0.572073
h=0.3/q0=0.4/p=0/r=1/sig=0/cf=1,A_core,0.3,0.4,0.0,1.0,0.0,1.0,1.0,wiki_A,autorpa_233k,ours_noinflate,19506763199.81,1.0,0.0,0.0,83.0,0.0,0.0,0.0,83.0,0.001,83.0,19339000.0,always_reactive,0.572073
h=0.3/q0=0.4/p=0/r=1/sig=0/cf=1,A_core,0.3,0.4,0.0,1.0,0.0,1.0,1.0,wiki_A,autorpa_233k,oracle_tax,19487424199.81,0.999009,0.0,0.0,0.0,0.0,0.0,0.0,0.0,0.001,0.0,0.0,always_reactive,0.572073
h=0.3/q0=0.4/p=0/r=1/sig=0/cf=1,A_core,0.3,0.4,0.0,1.0,0.0,1.0,1.0,wiki_A,autorpa_233k,ours_spend_cap,19506763199.81,1.0,0.0,0.0,83.0,0.0,0.0,0.0,83.0,0.001,83.0,19339000.0,always_reactive,0.572073
h=0.3/q0=0.4/p=0/r=1/sig=0/cf=1,A_core,0.3,0.4,0.0,1.0,0.0,1.0,1.0,wiki_A,autorpa_233k,ours_cap_epoch,19506763199.81,1.0,0.0,0.0,83.0,0.0,0.0,0.0,83.0,0.001,83.0,19339000.0,always_reactive,0.572073
h=0.3/q0=0.4/p=0/r=1/sig=0/cf=1,A_core,0.3,0.4,0.0,1.0,0.0,1.0,1.0,wiki_A,autorpa_233k,ours_cap_realized,19506763199.81,1.0,0.0,0.0,83.0,0.0,0.0,0.0,83.0,0.001,83.0,19339000.0,always_reactive,0.572073
h=0.3/q0=0.4/p=0/r=1/sig=0/cf=1,A_core,0.3,0.4,0.0,1.0,0.0,1.0,1.0,wiki_A,autorpa_233k,ours_pi_prior,19500938199.81,0.999701,0.0,0.0,58.0,0.0,0.0,0.0,58.0,0.001,58.0,13514000.0,always_reactive,0.572073
h=0.3/q0=0.4/p=0/r=1/sig=0/cf=1,A_core,0.3,0.4,0.0,1.0,0.0,1.0,1.0,wiki_A,autorpa_233k,breakeven,26392379199.789,1.352986,0.0,0.0,29635.0,0.0,0.0,0.0,29635.0,0.001,29635.0,6904955000.0,always_reactive,0.572073
h=0.3/q0=0.4/p=0/r=1/sig=0/cf=1,A_core,0.3,0.4,0.0,1.0,0.0,1.0,1.0,wiki_A,autorpa_233k,breakeven_cap_epoch,19539150199.809,1.00166,0.0,0.0,222.0,0.0,0.0,0.0,222.0,0.001,222.0,51726000.0,always_reactive,0.572073
h=0.3/q0=0.4/p=0/r=1/sig=0/cf=1,A_core,0.3,0.4,0.0,1.0,0.0,1.0,1.0,wiki_A,autorpa_233k,offline_taxblind,19487424199.821,0.999009,,,,,,,,,,,always_reactive,0.572073
h=0.3/q0=0.4/p=0/r=1/sig=0/cf=1,A_core,0.3,0.4,0.0,1.0,0.0,1.0,1.0,wiki_A,autorpa_233k,offline_opt_tax,19487424199.821,0.999009,,,,,,,,,,,always_reactive,0.572073
h=0.3/q0=0.4/p=0/r=1/sig=0/cf=1,A_core,0.3,0.4,0.0,1.0,0.0,1.0,1.0,wiki_A,native,always_reactive,19487424199.81,0.998999,0.0,0.0,0.0,0.0,0.0,0.0,0.0,0.001,0.0,0.0,always_reactive,0.545283
h=0.3/q0=0.4/p=0/r=1/sig=0/cf=1,A_core,0.3,0.4,0.0,1.0,0.0,1.0,1.0,wiki_A,native,always_compile_evict,35738159261.454,1.832073,0.0,0.0,62563.0,0.0,0.0,0.0,62563.0,0.001,62563.0,16250735061.639,always_reactive,0.545283
h=0.3/q0=0.4/p=0/r=1/sig=0/cf=1,A_core,0.3,0.4,0.0,1.0,0.0,1.0,1.0,wiki_A,native,ours_noinflate,19506951218.0,1.0,0.0,0.0,82.0,0.0,0.0,0.0,82.0,0.001,82.0,19527018.191,always_reactive,0.545283
h=0.3/q0=0.4/p=0/r=1/sig=0/cf=1,A_core,0.3,0.4,0.0,1.0,0.0,1.0,1.0,wiki_A,native,oracle_tax,19487424199.81,0.998999,0.0,0.0,0.0,0.0,0.0,0.0,0.0,0.001,0.0,0.0,always_reactive,0.545283
h=0.3/q0=0.4/p=0/r=1/sig=0/cf=1,A_core,0.3,0.4,0.0,1.0,0.0,1.0,1.0,wiki_A,native,ours_spend_cap,19506951218.0,1.0,0.0,0.0,82.0,0.0,0.0,0.0,82.0,0.001,82.0,19527018.191,always_reactive,0.545283
h=0.3/q0=0.4/p=0/r=1/sig=0/cf=1,A_core,0.3,0.4,0.0,1.0,0.0,1.0,1.0,wiki_A,native,ours_cap_epoch,19506951218.0,1.0,0.0,0.0,82.0,0.0,0.0,0.0,82.0,0.001,82.0,19527018.191,always_reactive,0.545283
h=0.3/q0=0.4/p=0/r=1/sig=0/cf=1,A_core,0.3,0.4,0.0,1.0,0.0,1.0,1.0,wiki_A,native,ours_cap_realized,19506951218.0,1.0,0.0,0.0,82.0,0.0,0.0,0.0,82.0,0.001,82.0,19527018.191,always_reactive,0.545283
h=0.3/q0=0.4/p=0/r=1/sig=0/cf=1,A_core,0.3,0.4,0.0,1.0,0.0,1.0,1.0,wiki_A,native,ours_pi_prior,19499569052.587,0.999622,0.0,0.0,51.0,0.0,0.0,0.0,51.0,0.001,51.0,12144852.777,always_reactive,0.545283
h=0.3/q0=0.4/p=0/r=1/sig=0/cf=1,A_core,0.3,0.4,0.0,1.0,0.0,1.0,1.0,wiki_A,native,breakeven,26521885297.999,1.359612,0.0,0.0,29646.0,0.0,0.0,0.0,29646.0,0.001,29646.0,7034461098.201,always_reactive,0.545283
h=0.3/q0=0.4/p=0/r=1/sig=0/cf=1,A_core,0.3,0.4,0.0,1.0,0.0,1.0,1.0,wiki_A,native,breakeven_cap_epoch,19540351676.65,1.001712,0.0,0.0,223.0,0.0,0.0,0.0,223.0,0.001,223.0,52927476.841,always_reactive,0.545283
h=0.3/q0=0.4/p=0/r=1/sig=0/cf=1,A_core,0.3,0.4,0.0,1.0,0.0,1.0,1.0,wiki_A,native,offline_taxblind,19487424199.821,0.998999,,,,,,,,,,,always_reactive,0.545283
h=0.3/q0=0.4/p=0/r=1/sig=0/cf=1,A_core,0.3,0.4,0.0,1.0,0.0,1.0,1.0,wiki_A,native,offline_opt_tax,19487424199.821,0.998999,,,,,,,,,,,always_reactive,0.545283
h=0.3/q0=0.4/p=0/r=1/sig=0/cf=1,A_core,0.3,0.4,0.0,1.0,0.0,1.0,1.0,wiki_B,autorpa_233k,always_reactive,16977748066.619,0.993537,0.0,0.0,0.0,0.0,0.0,0.0,0.0,0.002,0.0,0.0,always_reactive,0.721638
h=0.3/q0=0.4/p=0/r=1/sig=0/cf=1,A_core,0.3,0.4,0.0,1.0,0.0,1.0,1.0,wiki_B,autorpa_233k,always_compile_evict,23526679066.613,1.37678,0.0,0.0,28107.0,0.0,0.0,0.0,28107.0,0.002,28107.0,6548931000.0,always_reactive,0.721638
h=0.3/q0=0.4/p=0/r=1/sig=0/cf=1,A_core,0.3,0.4,0.0,1.0,0.0,1.0,1.0,wiki_B,autorpa_233k,ours_noinflate,17088190066.619,1.0,0.0,0.0,474.0,0.0,0.0,0.0,474.0,0.002,474.0,110442000.0,always_reactive,0.721638
h=0.3/q0=0.4/p=0/r=1/sig=0/cf=1,A_core,0.3,0.4,0.0,1.0,0.0,1.0,1.0,wiki_B,autorpa_233k,oracle_tax,16977748066.619,0.993537,0.0,0.0,0.0,0.0,0.0,0.0,0.0,0.002,0.0,0.0,always_reactive,0.721638
h=0.3/q0=0.4/p=0/r=1/sig=0/cf=1,A_core,0.3,0.4,0.0,1.0,0.0,1.0,1.0,wiki_B,autorpa_233k,ours_spend_cap,17088190066.619,1.0,0.0,0.0,474.0,0.0,0.0,0.0,474.0,0.002,474.0,110442000.0,always_reactive,0.721638
h=0.3/q0=0.4/p=0/r=1/sig=0/cf=1,A_core,0.3,0.4,0.0,1.0,0.0,1.0,1.0,wiki_B,autorpa_233k,ours_cap_epoch,17088190066.619,1.0,0.0,0.0,474.0,0.0,0.0,0.0,474.0,0.002,474.0,110442000.0,always_reactive,0.721638
h=0.3/q0=0.4/p=0/r=1/sig=0/cf=1,A_core,0.3,0.4,0.0,1.0,0.0,1.0,1.0,wiki_B,autorpa_233k,ours_cap_realized,17088190066.619,1.0,0.0,0.0,474.0,0.0,0.0,0.0,474.0,0.002,474.0,110442000.0,always_reactive,0.721638
h=0.3/q0=0.4/p=0/r=1/sig=0/cf=1,A_core,0.3,0.4,0.0,1.0,0.0,1.0,1.0,wiki_B,autorpa_233k,ours_pi_prior,17070482066.619,0.998964,0.0,0.0,398.0,0.0,0.0,0.0,398.0,0.002,398.0,92734000.0,always_reactive,0.721638
h=0.3/q0=0.4/p=0/r=1/sig=0/cf=1,A_core,0.3,0.4,0.0,1.0,0.0,1.0,1.0,wiki_B,autorpa_233k,breakeven,18860388066.616,1.103709,0.0,0.0,8080.0,0.0,0.0,0.0,8080.0,0.002,8080.0,1882640000.0,always_reactive,0.721638
h=0.3/q0=0.4/p=0/r=1/sig=0/cf=1,A_core,0.3,0.4,0.0,1.0,0.0,1.0,1.0,wiki_B,autorpa_233k,breakeven_cap_epoch,17219602066.618,1.00769,0.0,0.0,1038.0,0.0,0.0,0.0,1038.0,0.002,1038.0,241854000.0,always_reactive,0.721638
h=0.3/q0=0.4/p=0/r=1/sig=0/cf=1,A_core,0.3,0.4,0.0,1.0,0.0,1.0,1.0,wiki_B,autorpa_233k,offline_taxblind,16977748066.618,0.993537,,,,,,,,,,,always_reactive,0.721638
h=0.3/q0=0.4/p=0/r=1/sig=0/cf=1,A_core,0.3,0.4,0.0,1.0,0.0,1.0,1.0,wiki_B,autorpa_233k,offline_opt_tax,16977748066.618,0.993537,,,,,,,,,,,always_reactive,0.721638
h=0.3/q0=0.4/p=0/r=1/sig=0/cf=1,A_core,0.3,0.4,0.0,1.0,0.0,1.0,1.0,wiki_B,native,always_reactive,16977748066.619,0.99352,0.0,0.0,0.0,0.0,0.0,0.0,0.0,0.002,0.0,0.0,always_reactive,0.699688
h=0.3/q0=0.4/p=0/r=1/sig=0/cf=1,A_core,0.3,0.4,0.0,1.0,0.0,1.0,1.0,wiki_B,native,always_compile_evict,24264726319.81,1.419946,0.0,0.0,28107.0,0.0,0.0,0.0,28107.0,0.002,28107.0,7286978253.195,always_reactive,0.699688
h=0.3/q0=0.4/p=0/r=1/sig=0/cf=1,A_core,0.3,0.4,0.0,1.0,0.0,1.0,1.0,wiki_B,native,ours_noinflate,17088480547.823,1.0,0.0,0.0,465.0,0.0,0.0,0.0,465.0,0.002,465.0,110732481.205,always_reactive,0.699688
h=0.3/q0=0.4/p=0/r=1/sig=0/cf=1,A_core,0.3,0.4,0.0,1.0,0.0,1.0,1.0,wiki_B,native,oracle_tax,16977748066.619,0.99352,0.0,0.0,0.0,0.0,0.0,0.0,0.0,0.002,0.0,0.0,always_reactive,0.699688
h=0.3/q0=0.4/p=0/r=1/sig=0/cf=1,A_core,0.3,0.4,0.0,1.0,0.0,1.0,1.0,wiki_B,native,ours_spend_cap,17088480547.823,1.0,0.0,0.0,465.0,0.0,0.0,0.0,465.0,0.002,465.0,110732481.205,always_reactive,0.699688
h=0.3/q0=0.4/p=0/r=1/sig=0/cf=1,A_core,0.3,0.4,0.0,1.0,0.0,1.0,1.0,wiki_B,native,ours_cap_epoch,17088480547.823,1.0,0.0,0.0,465.0,0.0,0.0,0.0,465.0,0.002,465.0,110732481.205,always_reactive,0.699688
h=0.3/q0=0.4/p=0/r=1/sig=0/cf=1,A_core,0.3,0.4,0.0,1.0,0.0,1.0,1.0,wiki_B,native,ours_cap_realized,17088480547.823,1.0,0.0,0.0,465.0,0.0,0.0,0.0,465.0,0.002,465.0,110732481.205,always_reactive,0.699688
h=0.3/q0=0.4/p=0/r=1/sig=0/cf=1,A_core,0.3,0.4,0.0,1.0,0.0,1.0,1.0,wiki_B,native,ours_pi_prior,17067524723.423,0.998774,0.0,0.0,377.0,0.0,0.0,0.0,377.0,0.002,377.0,89776656.805,always_reactive,0.699688
h=0.3/q0=0.4/p=0/r=1/sig=0/cf=1,A_core,0.3,0.4,0.0,1.0,0.0,1.0,1.0,wiki_B,native,breakeven,18886865382.129,1.10524,0.0,0.0,8227.0,0.0,0.0,0.0,8227.0,0.002,8227.0,1909117315.514,always_reactive,0.699688
h=0.3/q0=0.4/p=0/r=1/sig=0/cf=1,A_core,0.3,0.4,0.0,1.0,0.0,1.0,1.0,wiki_B,native,breakeven_cap_epoch,17225889530.477,1.008041,0.0,0.0,1053.0,0.0,0.0,0.0,1053.0,0.002,1053.0,248141463.859,always_reactive,0.699688
h=0.3/q0=0.4/p=0/r=1/sig=0/cf=1,A_core,0.3,0.4,0.0,1.0,0.0,1.0,1.0,wiki_B,native,offline_taxblind,16977748066.618,0.99352,,,,,,,,,,,always_reactive,0.699688
h=0.3/q0=0.4/p=0/r=1/sig=0/cf=1,A_core,0.3,0.4,0.0,1.0,0.0,1.0,1.0,wiki_B,native,offline_opt_tax,16977748066.618,0.99352,,,,,,,,,,,always_reactive,0.699688
h=0.3/q0=0.4/p=1/r=1/sig=0/cf=1,A_core,0.3,0.4,1.0,1.0,0.0,1.0,1.0,bpi2019,autorpa_233k,always_reactive,28364744721.458,1.091665,0.0,0.0,0.0,0.0,0.0,0.0,0.0,0.003,0.0,0.0,ours_noinflate,0.737845
h=0.3/q0=0.4/p=1/r=1/sig=0/cf=1,A_core,0.3,0.4,1.0,1.0,0.0,1.0,1.0,bpi2019,autorpa_233k,always_compile_evict,35214710317.028,1.355297,30.7,53.5,72465.1,71128.5,0.0,137362.4,71659.5,0.022,0.0,0.0,ours_noinflate,0.737845
h=0.3/q0=0.4/p=1/r=1/sig=0/cf=1,A_core,0.3,0.4,1.0,1.0,0.0,1.0,1.0,bpi2019,autorpa_233k,ours_noinflate,25983012355.577,1.0,5.8,12.6,3961.9,3783.8,0.0,7310.7,3353.0,0.007,0.0,0.0,ours_noinflate,0.737845
h=0.3/q0=0.4/p=1/r=1/sig=0/cf=1,A_core,0.3,0.4,1.0,1.0,0.0,1.0,1.0,bpi2019,autorpa_233k,oracle_tax,28314973179.062,1.089749,8.1,9.5,94.9,86.8,0.0,159.6,37.3,0.003,0.0,0.0,ours_noinflate,0.737845
h=0.3/q0=0.4/p=1/r=1/sig=0/cf=1,A_core,0.3,0.4,1.0,1.0,0.0,1.0,1.0,bpi2019,autorpa_233k,ours_spend_cap,25983012355.577,1.0,5.8,12.6,3961.9,3783.8,0.0,7310.7,3353.0,0.007,0.0,0.0,ours_noinflate,0.737845
h=0.3/q0=0.4/p=1/r=1/sig=0/cf=1,A_core,0.3,0.4,1.0,1.0,0.0,1.0,1.0,bpi2019,autorpa_233k,ours_cap_epoch,25983012355.577,1.0,5.8,12.6,3961.9,3783.8,0.0,7310.7,3353.0,0.007,0.0,0.0,ours_noinflate,0.737845
h=0.3/q0=0.4/p=1/r=1/sig=0/cf=1,A_core,0.3,0.4,1.0,1.0,0.0,1.0,1.0,bpi2019,autorpa_233k,ours_cap_realized,25983012355.577,1.0,5.8,12.6,3961.9,3783.8,0.0,7310.7,3353.0,0.007,0.0,0.0,ours_noinflate,0.737845
h=0.3/q0=0.4/p=1/r=1/sig=0/cf=1,A_core,0.3,0.4,1.0,1.0,0.0,1.0,1.0,bpi2019,autorpa_233k,ours_pi_prior,26197422060.918,1.008252,3.2,9.8,3520.2,3402.4,0.0,6565.7,3101.9,0.006,0.0,0.0,ours_noinflate,0.737845
h=0.3/q0=0.4/p=1/r=1/sig=0/cf=1,A_core,0.3,0.4,1.0,1.0,0.0,1.0,1.0,bpi2019,autorpa_233k,breakeven,28450096660.17,1.09495,1.1,6.7,1377.2,867.4,0.0,1684.2,995.3,0.004,0.0,0.0,ours_noinflate,0.737845
h=0.3/q0=0.4/p=1/r=1/sig=0/cf=1,A_core,0.3,0.4,1.0,1.0,0.0,1.0,1.0,bpi2019,autorpa_233k,breakeven_cap_epoch,28450096660.17,1.09495,1.1,6.7,1377.2,867.4,0.0,1684.2,995.3,0.004,0.0,0.0,ours_noinflate,0.737845
h=0.3/q0=0.4/p=1/r=1/sig=0/cf=1,A_core,0.3,0.4,1.0,1.0,0.0,1.0,1.0,bpi2019,autorpa_233k,offline_taxblind,25664319832.656,0.987735,,,,,,,,,,,ours_noinflate,0.737845
h=0.3/q0=0.4/p=1/r=1/sig=0/cf=1,A_core,0.3,0.4,1.0,1.0,0.0,1.0,1.0,bpi2019,autorpa_233k,offline_opt_tax,25724824625.939,0.990063,,,,,,,,,,,ours_noinflate,0.737845
h=0.3/q0=0.4/p=1/r=1/sig=0/cf=1,A_core,0.3,0.4,1.0,1.0,0.0,1.0,1.0,bpi2019,native,always_reactive,28364744721.458,1.090733,0.0,0.0,0.0,0.0,0.0,0.0,0.0,0.003,0.0,0.0,ours_noinflate,0.643368
h=0.3/q0=0.4/p=1/r=1/sig=0/cf=1,A_core,0.3,0.4,1.0,1.0,0.0,1.0,1.0,bpi2019,native,always_compile_evict,40420449070.365,1.554321,31.0,55.8,72465.1,71128.5,0.0,137362.4,71648.1,0.021,0.0,0.0,ours_noinflate,0.643368
h=0.3/q0=0.4/p=1/r=1/sig=0/cf=1,A_core,0.3,0.4,1.0,1.0,0.0,1.0,1.0,bpi2019,native,ours_noinflate,26005215693.272,1.0,5.8,12.6,3960.8,3783.1,0.0,7309.2,3362.8,0.007,0.0,0.0,ours_noinflate,0.643368
h=0.3/q0=0.4/p=1/r=1/sig=0/cf=1,A_core,0.3,0.4,1.0,1.0,0.0,1.0,1.0,bpi2019,native,oracle_tax,28315460178.765,1.088838,7.1,9.1,93.7,86.6,0.0,158.9,37.3,0.003,0.0,0.0,ours_noinflate,0.643368
h=0.3/q0=0.4/p=1/r=1/sig=0/cf=1,A_core,0.3,0.4,1.0,1.0,0.0,1.0,1.0,bpi2019,native,ours_spend_cap,26005215693.272,1.0,5.8,12.6,3960.8,3783.1,0.0,7309.2,3362.8,0.007,0.0,0.0,ours_noinflate,0.643368
h=0.3/q0=0.4/p=1/r=1/sig=0/cf=1,A_core,0.3,0.4,1.0,1.0,0.0,1.0,1.0,bpi2019,native,ours_cap_epoch,26005215693.272,1.0,5.8,12.6,3960.8,3783.1,0.0,7309.2,3362.8,0.007,0.0,0.0,ours_noinflate,0.643368
h=0.3/q0=0.4/p=1/r=1/sig=0/cf=1,A_core,0.3,0.4,1.0,1.0,0.0,1.0,1.0,bpi2019,native,ours_cap_realized,26005215693.272,1.0,5.8,12.6,3960.8,3783.1,0.0,7309.2,3362.8,0.007,0.0,0.0,ours_noinflate,0.643368
h=0.3/q0=0.4/p=1/r=1/sig=0/cf=1,A_core,0.3,0.4,1.0,1.0,0.0,1.0,1.0,bpi2019,native,ours_pi_prior,26217002224.111,1.008144,3.2,10.1,3520.1,3402.1,0.0,6565.0,3109.0,0.006,0.0,0.0,ours_noinflate,0.643368
h=0.3/q0=0.4/p=1/r=1/sig=0/cf=1,A_core,0.3,0.4,1.0,1.0,0.0,1.0,1.0,bpi2019,native,breakeven,28473364966.379,1.09491,1.2,6.3,1390.1,872.1,0.0,1687.2,995.8,0.004,0.0,0.0,ours_noinflate,0.643368
h=0.3/q0=0.4/p=1/r=1/sig=0/cf=1,A_core,0.3,0.4,1.0,1.0,0.0,1.0,1.0,bpi2019,native,breakeven_cap_epoch,28473364966.379,1.09491,1.2,6.3,1390.1,872.1,0.0,1687.2,995.8,0.004,0.0,0.0,ours_noinflate,0.643368
h=0.3/q0=0.4/p=1/r=1/sig=0/cf=1,A_core,0.3,0.4,1.0,1.0,0.0,1.0,1.0,bpi2019,native,offline_taxblind,25693281263.261,0.988005,,,,,,,,,,,ours_noinflate,0.643368
h=0.3/q0=0.4/p=1/r=1/sig=0/cf=1,A_core,0.3,0.4,1.0,1.0,0.0,1.0,1.0,bpi2019,native,offline_opt_tax,25754770866.666,0.990369,,,,,,,,,,,ours_noinflate,0.643368
h=0.3/q0=0.4/p=1/r=1/sig=0/cf=1,A_core,0.3,0.4,1.0,1.0,0.0,1.0,1.0,sepsis,autorpa_233k,always_reactive,187135368.565,1.059481,0.0,0.0,0.0,0.0,0.0,0.0,0.0,0.002,0.0,0.0,ours_noinflate,0.957493
h=0.3/q0=0.4/p=1/r=1/sig=0/cf=1,A_core,0.3,0.4,1.0,1.0,0.0,1.0,1.0,sepsis,autorpa_233k,always_compile_evict,184470623.186,1.044394,14.4,16.6,61.1,41.6,0.0,81.6,47.1,0.006,0.0,0.0,ours_noinflate,0.957493
h=0.3/q0=0.4/p=1/r=1/sig=0/cf=1,A_core,0.3,0.4,1.0,1.0,0.0,1.0,1.0,sepsis,autorpa_233k,ours_noinflate,176629302.998,1.0,1.8,2.9,19.5,17.7,0.0,33.5,6.4,0.003,0.0,0.0,ours_noinflate,0.957493
h=0.3/q0=0.4/p=1/r=1/sig=0/cf=1,A_core,0.3,0.4,1.0,1.0,0.0,1.0,1.0,sepsis,autorpa_233k,oracle_tax,176638739.698,1.000053,1.8,2.9,19.5,17.7,0.0,33.5,6.4,0.003,0.0,0.0,ours_noinflate,0.957493
h=0.3/q0=0.4/p=1/r=1/sig=0/cf=1,A_core,0.3,0.4,1.0,1.0,0.0,1.0,1.0,sepsis,autorpa_233k,ours_spend_cap,176629302.998,1.0,1.8,2.9,19.5,17.7,0.0,33.5,6.4,0.003,0.0,0.0,ours_noinflate,0.957493
h=0.3/q0=0.4/p=1/r=1/sig=0/cf=1,A_core,0.3,0.4,1.0,1.0,0.0,1.0,1.0,sepsis,autorpa_233k,ours_cap_epoch,176629302.998,1.0,1.8,2.9,19.5,17.7,0.0,33.5,6.4,0.003,0.0,0.0,ours_noinflate,0.957493
h=0.3/q0=0.4/p=1/r=1/sig=0/cf=1,A_core,0.3,0.4,1.0,1.0,0.0,1.0,1.0,sepsis,autorpa_233k,ours_cap_realized,176629302.998,1.0,1.8,2.9,19.5,17.7,0.0,33.5,6.4,0.003,0.0,0.0,ours_noinflate,0.957493
h=0.3/q0=0.4/p=1/r=1/sig=0/cf=1,A_core,0.3,0.4,1.0,1.0,0.0,1.0,1.0,sepsis,autorpa_233k,ours_pi_prior,183215312.242,1.037287,0.6,1.0,7.9,7.3,0.0,13.0,2.6,0.002,0.0,0.0,ours_noinflate,0.957493
h=0.3/q0=0.4/p=1/r=1/sig=0/cf=1,A_core,0.3,0.4,1.0,1.0,0.0,1.0,1.0,sepsis,autorpa_233k,breakeven,181739140.391,1.02893,1.1,2.5,11.8,9.8,0.0,18.1,1.4,0.003,0.0,0.0,ours_noinflate,0.957493
h=0.3/q0=0.4/p=1/r=1/sig=0/cf=1,A_core,0.3,0.4,1.0,1.0,0.0,1.0,1.0,sepsis,autorpa_233k,breakeven_cap_epoch,181739140.391,1.02893,1.1,2.5,11.8,9.8,0.0,18.1,1.4,0.003,0.0,0.0,ours_noinflate,0.957493
h=0.3/q0=0.4/p=1/r=1/sig=0/cf=1,A_core,0.3,0.4,1.0,1.0,0.0,1.0,1.0,sepsis,autorpa_233k,offline_taxblind,169249642.034,0.958219,,,,,,,,,,,ours_noinflate,0.957493
h=0.3/q0=0.4/p=1/r=1/sig=0/cf=1,A_core,0.3,0.4,1.0,1.0,0.0,1.0,1.0,sepsis,autorpa_233k,offline_opt_tax,172778111.71,0.978196,,,,,,,,,,,ours_noinflate,0.957493
h=0.3/q0=0.4/p=1/r=1/sig=0/cf=1,A_core,0.3,0.4,1.0,1.0,0.0,1.0,1.0,sepsis,native,always_reactive,187135368.565,1.05888,0.0,0.0,0.0,0.0,0.0,0.0,0.0,0.002,0.0,0.0,ours_noinflate,0.951378
h=0.3/q0=0.4/p=1/r=1/sig=0/cf=1,A_core,0.3,0.4,1.0,1.0,0.0,1.0,1.0,sepsis,native,always_compile_evict,185761596.821,1.051107,14.6,16.8,61.1,41.6,0.0,81.6,47.0,0.006,0.0,0.0,ours_noinflate,0.951378
h=0.3/q0=0.4/p=1/r=1/sig=0/cf=1,A_core,0.3,0.4,1.0,1.0,0.0,1.0,1.0,sepsis,native,ours_noinflate,176729514.178,1.0,1.8,2.9,19.5,17.7,0.0,33.5,6.4,0.003,0.0,0.0,ours_noinflate,0.951378
h=0.3/q0=0.4/p=1/r=1/sig=0/cf=1,A_core,0.3,0.4,1.0,1.0,0.0,1.0,1.0,sepsis,native,oracle_tax,176738859.878,1.000053,1.8,2.9,19.5,17.7,0.0,33.5,6.4,0.003,0.0,0.0,ours_noinflate,0.951378
h=0.3/q0=0.4/p=1/r=1/sig=0/cf=1,A_core,0.3,0.4,1.0,1.0,0.0,1.0,1.0,sepsis,native,ours_spend_cap,176729514.178,1.0,1.8,2.9,19.5,17.7,0.0,33.5,6.4,0.003,0.0,0.0,ours_noinflate,0.951378
h=0.3/q0=0.4/p=1/r=1/sig=0/cf=1,A_core,0.3,0.4,1.0,1.0,0.0,1.0,1.0,sepsis,native,ours_cap_epoch,176729514.178,1.0,1.8,2.9,19.5,17.7,0.0,33.5,6.4,0.003,0.0,0.0,ours_noinflate,0.951378
h=0.3/q0=0.4/p=1/r=1/sig=0/cf=1,A_core,0.3,0.4,1.0,1.0,0.0,1.0,1.0,sepsis,native,ours_cap_realized,176729514.178,1.0,1.8,2.9,19.5,17.7,0.0,33.5,6.4,0.003,0.0,0.0,ours_noinflate,0.951378
h=0.3/q0=0.4/p=1/r=1/sig=0/cf=1,A_core,0.3,0.4,1.0,1.0,0.0,1.0,1.0,sepsis,native,ours_pi_prior,183255919.251,1.036929,0.6,1.0,7.9,7.3,0.0,13.0,2.6,0.002,0.0,0.0,ours_noinflate,0.951378
h=0.3/q0=0.4/p=1/r=1/sig=0/cf=1,A_core,0.3,0.4,1.0,1.0,0.0,1.0,1.0,sepsis,native,breakeven,181880553.546,1.029146,1.0,2.5,11.6,9.7,0.0,17.8,1.6,0.003,0.0,0.0,ours_noinflate,0.951378
h=0.3/q0=0.4/p=1/r=1/sig=0/cf=1,A_core,0.3,0.4,1.0,1.0,0.0,1.0,1.0,sepsis,native,breakeven_cap_epoch,181880553.546,1.029146,1.0,2.5,11.6,9.7,0.0,17.8,1.6,0.003,0.0,0.0,ours_noinflate,0.951378
h=0.3/q0=0.4/p=1/r=1/sig=0/cf=1,A_core,0.3,0.4,1.0,1.0,0.0,1.0,1.0,sepsis,native,offline_taxblind,169972561.074,0.961767,,,,,,,,,,,ours_noinflate,0.951378
h=0.3/q0=0.4/p=1/r=1/sig=0/cf=1,A_core,0.3,0.4,1.0,1.0,0.0,1.0,1.0,sepsis,native,offline_opt_tax,173231286.281,0.980206,,,,,,,,,,,ours_noinflate,0.951378
h=0.3/q0=0.4/p=1/r=1/sig=0/cf=1,A_core,0.3,0.4,1.0,1.0,0.0,1.0,1.0,wiki_A,autorpa_233k,always_reactive,19487424199.81,1.36489,0.0,0.0,0.0,0.0,0.0,0.0,0.0,0.001,0.0,0.0,ours_noinflate,0.890146
h=0.3/q0=0.4/p=1/r=1/sig=0/cf=1,A_core,0.3,0.4,1.0,1.0,0.0,1.0,1.0,wiki_A,autorpa_233k,always_compile_evict,16039681312.739,1.123411,7.0,32.8,19002.3,18786.2,0.0,36284.5,17953.0,0.005,0.0,0.0,ours_noinflate,0.890146
h=0.3/q0=0.4/p=1/r=1/sig=0/cf=1,A_core,0.3,0.4,1.0,1.0,0.0,1.0,1.0,wiki_A,autorpa_233k,ours_noinflate,14277657031.504,1.0,1.1,8.3,7851.8,7822.1,0.0,15102.6,6940.0,0.002,0.0,0.0,ours_noinflate,0.890146
h=0.3/q0=0.4/p=1/r=1/sig=0/cf=1,A_core,0.3,0.4,1.0,1.0,0.0,1.0,1.0,wiki_A,autorpa_233k,oracle_tax,18578111263.724,1.301202,3.8,4.7,1336.0,1332.2,0.0,2573.6,678.7,0.001,0.0,0.0,ours_noinflate,0.890146
h=0.3/q0=0.4/p=1/r=1/sig=0/cf=1,A_core,0.3,0.4,1.0,1.0,0.0,1.0,1.0,wiki_A,autorpa_233k,ours_spend_cap,14277657031.504,1.0,1.1,8.3,7851.8,7822.1,0.0,15102.6,6940.0,0.002,0.0,0.0,ours_noinflate,0.890146
h=0.3/q0=0.4/p=1/r=1/sig=0/cf=1,A_core,0.3,0.4,1.0,1.0,0.0,1.0,1.0,wiki_A,autorpa_233k,ours_cap_epoch,14277657031.504,1.0,1.1,8.3,7851.8,7822.1,0.0,15102.6,6940.0,0.002,0.0,0.0,ours_noinflate,0.890146
h=0.3/q0=0.4/p=1/r=1/sig=0/cf=1,A_core,0.3,0.4,1.0,1.0,0.0,1.0,1.0,wiki_A,autorpa_233k,ours_cap_realized,14277657031.504,1.0,1.1,8.3,7851.8,7822.1,0.0,15102.6,6940.0,0.002,0.0,0.0,ours_noinflate,0.890146
h=0.3/q0=0.4/p=1/r=1/sig=0/cf=1,A_core,0.3,0.4,1.0,1.0,0.0,1.0,1.0,wiki_A,autorpa_233k,ours_pi_prior,19317427343.682,1.352983,0.0,4.0,271.2,255.7,0.0,498.0,73.9,0.001,0.0,0.0,ours_noinflate,0.890146
h=0.3/q0=0.4/p=1/r=1/sig=0/cf=1,A_core,0.3,0.4,1.0,1.0,0.0,1.0,1.0,wiki_A,autorpa_233k,breakeven,19306353129.558,1.352207,0.1,6.9,2207.5,2127.4,0.0,4114.7,1645.9,0.001,0.0,0.0,ours_noinflate,0.890146
h=0.3/q0=0.4/p=1/r=1/sig=0/cf=1,A_core,0.3,0.4,1.0,1.0,0.0,1.0,1.0,wiki_A,autorpa_233k,breakeven_cap_epoch,19306353129.558,1.352207,0.1,6.9,2207.5,2127.4,0.0,4114.7,1645.9,0.001,0.0,0.0,ours_noinflate,0.890146
h=0.3/q0=0.4/p=1/r=1/sig=0/cf=1,A_core,0.3,0.4,1.0,1.0,0.0,1.0,1.0,wiki_A,autorpa_233k,offline_taxblind,14221610589.05,0.996075,,,,,,,,,,,ours_noinflate,0.890146
h=0.3/q0=0.4/p=1/r=1/sig=0/cf=1,A_core,0.3,0.4,1.0,1.0,0.0,1.0,1.0,wiki_A,autorpa_233k,offline_opt_tax,14228624852.745,0.996566,,,,,,,,,,,ours_noinflate,0.890146
h=0.3/q0=0.4/p=1/r=1/sig=0/cf=1,A_core,0.3,0.4,1.0,1.0,0.0,1.0,1.0,wiki_A,native,always_reactive,19487424199.81,1.361025,0.0,0.0,0.0,0.0,0.0,0.0,0.0,0.001,0.0,0.0,ours_noinflate,0.86506
h=0.3/q0=0.4/p=1/r=1/sig=0/cf=1,A_core,0.3,0.4,1.0,1.0,0.0,1.0,1.0,wiki_A,native,always_compile_evict,16551683280.711,1.155989,8.5,33.9,19002.3,18786.2,0.0,36284.5,17950.6,0.005,0.0,0.0,ours_noinflate,0.86506
h=0.3/q0=0.4/p=1/r=1/sig=0/cf=1,A_core,0.3,0.4,1.0,1.0,0.0,1.0,1.0,wiki_A,native,ours_noinflate,14318197006.705,1.0,1.8,8.3,7850.8,7821.7,0.0,15102.1,6942.5,0.002,0.0,0.0,ours_noinflate,0.86506
h=0.3/q0=0.4/p=1/r=1/sig=0/cf=1,A_core,0.3,0.4,1.0,1.0,0.0,1.0,1.0,wiki_A,native,oracle_tax,18593245463.383,1.298574,4.0,4.7,1324.7,1320.7,0.0,2551.6,673.3,0.001,0.0,0.0,ours_noinflate,0.86506
h=0.3/q0=0.4/p=1/r=1/sig=0/cf=1,A_core,0.3,0.4,1.0,1.0,0.0,1.0,1.0,wiki_A,native,ours_spend_cap,14318197006.705,1.0,1.8,8.3,7850.8,7821.7,0.0,15102.1,6942.5,0.002,0.0,0.0,ours_noinflate,0.86506
h=0.3/q0=0.4/p=1/r=1/sig=0/cf=1,A_core,0.3,0.4,1.0,1.0,0.0,1.0,1.0,wiki_A,native,ours_cap_epoch,14318197006.705,1.0,1.8,8.3,7850.8,7821.7,0.0,15102.1,6942.5,0.002,0.0,0.0,ours_noinflate,0.86506
h=0.3/q0=0.4/p=1/r=1/sig=0/cf=1,A_core,0.3,0.4,1.0,1.0,0.0,1.0,1.0,wiki_A,native,ours_cap_realized,14318197006.705,1.0,1.8,8.3,7850.8,7821.7,0.0,15102.1,6942.5,0.002,0.0,0.0,ours_noinflate,0.86506
h=0.3/q0=0.4/p=1/r=1/sig=0/cf=1,A_core,0.3,0.4,1.0,1.0,0.0,1.0,1.0,wiki_A,native,ours_pi_prior,19318963254.145,1.349259,0.0,4.0,270.2,255.3,0.0,497.5,75.4,0.001,0.0,0.0,ours_noinflate,0.86506
h=0.3/q0=0.4/p=1/r=1/sig=0/cf=1,A_core,0.3,0.4,1.0,1.0,0.0,1.0,1.0,wiki_A,native,breakeven,19333320981.217,1.350262,0.1,6.3,2006.2,1927.5,0.0,3719.5,1454.7,0.001,0.0,0.0,ours_noinflate,0.86506
h=0.3/q0=0.4/p=1/r=1/sig=0/cf=1,A_core,0.3,0.4,1.0,1.0,0.0,1.0,1.0,wiki_A,native,breakeven_cap_epoch,19333320981.217,1.350262,0.1,6.3,2006.2,1927.5,0.0,3719.5,1454.7,0.001,0.0,0.0,ours_noinflate,0.86506
h=0.3/q0=0.4/p=1/r=1/sig=0/cf=1,A_core,0.3,0.4,1.0,1.0,0.0,1.0,1.0,wiki_A,native,offline_taxblind,14263680575.064,0.996193,,,,,,,,,,,ours_noinflate,0.86506
h=0.3/q0=0.4/p=1/r=1/sig=0/cf=1,A_core,0.3,0.4,1.0,1.0,0.0,1.0,1.0,wiki_A,native,offline_opt_tax,14270962068.851,0.996701,,,,,,,,,,,ours_noinflate,0.86506
h=0.3/q0=0.4/p=1/r=1/sig=0/cf=1,A_core,0.3,0.4,1.0,1.0,0.0,1.0,1.0,wiki_B,autorpa_233k,always_reactive,16977748066.619,1.067697,0.0,0.0,0.0,0.0,0.0,0.0,0.0,0.002,0.0,0.0,ours_noinflate,0.920639
h=0.3/q0=0.4/p=1/r=1/sig=0/cf=1,A_core,0.3,0.4,1.0,1.0,0.0,1.0,1.0,wiki_B,autorpa_233k,always_compile_evict,17272004562.314,1.086202,46.4,61.1,9668.2,8450.7,0.0,16330.6,9071.1,0.021,0.0,0.0,ours_noinflate,0.920639
h=0.3/q0=0.4/p=1/r=1/sig=0/cf=1,A_core,0.3,0.4,1.0,1.0,0.0,1.0,1.0,wiki_B,autorpa_233k,ours_noinflate,15901282636.046,1.0,8.3,15.1,1949.1,1751.6,0.0,3398.5,1428.6,0.006,0.0,0.0,ours_noinflate,0.920639
h=0.3/q0=0.4/p=1/r=1/sig=0/cf=1,A_core,0.3,0.4,1.0,1.0,0.0,1.0,1.0,wiki_B,autorpa_233k,oracle_tax,16925418480.201,1.064406,18.1,18.9,118.6,100.5,0.0,193.2,43.5,0.003,0.0,0.0,ours_noinflate,0.920639
h=0.3/q0=0.4/p=1/r=1/sig=0/cf=1,A_core,0.3,0.4,1.0,1.0,0.0,1.0,1.0,wiki_B,autorpa_233k,ours_spend_cap,15901282636.046,1.0,8.3,15.1,1949.1,1751.6,0.0,3398.5,1428.6,0.006,0.0,0.0,ours_noinflate,0.920639
h=0.3/q0=0.4/p=1/r=1/sig=0/cf=1,A_core,0.3,0.4,1.0,1.0,0.0,1.0,1.0,wiki_B,autorpa_233k,ours_cap_epoch,15901282636.046,1.0,8.3,15.1,1949.1,1751.6,0.0,3398.5,1428.6,0.006,0.0,0.0,ours_noinflate,0.920639
h=0.3/q0=0.4/p=1/r=1/sig=0/cf=1,A_core,0.3,0.4,1.0,1.0,0.0,1.0,1.0,wiki_B,autorpa_233k,ours_cap_realized,15901282636.046,1.0,8.3,15.1,1949.1,1751.6,0.0,3398.5,1428.6,0.006,0.0,0.0,ours_noinflate,0.920639
h=0.3/q0=0.4/p=1/r=1/sig=0/cf=1,A_core,0.3,0.4,1.0,1.0,0.0,1.0,1.0,wiki_B,autorpa_233k,ours_pi_prior,16069442962.008,1.010575,6.4,11.2,1578.3,1454.8,0.0,2817.2,1255.2,0.005,0.0,0.0,ours_noinflate,0.920639
h=0.3/q0=0.4/p=1/r=1/sig=0/cf=1,A_core,0.3,0.4,1.0,1.0,0.0,1.0,1.0,wiki_B,autorpa_233k,breakeven,16993459597.261,1.068685,2.5,9.7,1017.3,630.2,0.0,1220.2,658.7,0.003,0.0,0.0,ours_noinflate,0.920639
h=0.3/q0=0.4/p=1/r=1/sig=0/cf=1,A_core,0.3,0.4,1.0,1.0,0.0,1.0,1.0,wiki_B,autorpa_233k,breakeven_cap_epoch,16993459597.261,1.068685,2.5,9.7,1017.3,630.2,0.0,1220.2,658.7,0.003,0.0,0.0,ours_noinflate,0.920639
h=0.3/q0=0.4/p=1/r=1/sig=0/cf=1,A_core,0.3,0.4,1.0,1.0,0.0,1.0,1.0,wiki_B,autorpa_233k,offline_taxblind,15322684587.025,0.963613,,,,,,,,,,,ours_noinflate,0.920639
h=0.3/q0=0.4/p=1/r=1/sig=0/cf=1,A_core,0.3,0.4,1.0,1.0,0.0,1.0,1.0,wiki_B,autorpa_233k,offline_opt_tax,15358373480.963,0.965858,,,,,,,,,,,ours_noinflate,0.920639
h=0.3/q0=0.4/p=1/r=1/sig=0/cf=1,A_core,0.3,0.4,1.0,1.0,0.0,1.0,1.0,wiki_B,native,always_reactive,16977748066.619,1.066949,0.0,0.0,0.0,0.0,0.0,0.0,0.0,0.002,0.0,0.0,ours_noinflate,0.907073
h=0.3/q0=0.4/p=1/r=1/sig=0/cf=1,A_core,0.3,0.4,1.0,1.0,0.0,1.0,1.0,wiki_B,native,always_compile_evict,17542610339.235,1.102447,49.8,60.7,9668.2,8450.7,0.0,16330.6,9080.1,0.022,0.0,0.0,ours_noinflate,0.907073
h=0.3/q0=0.4/p=1/r=1/sig=0/cf=1,A_core,0.3,0.4,1.0,1.0,0.0,1.0,1.0,wiki_B,native,ours_noinflate,15912430109.963,1.0,9.9,15.1,1947.9,1751.0,0.0,3397.3,1437.3,0.006,0.0,0.0,ours_noinflate,0.907073
h=0.3/q0=0.4/p=1/r=1/sig=0/cf=1,A_core,0.3,0.4,1.0,1.0,0.0,1.0,1.0,wiki_B,native,oracle_tax,16926500654.553,1.063728,16.8,18.2,116.4,99.6,0.0,190.6,42.3,0.003,0.0,0.0,ours_noinflate,0.907073
h=0.3/q0=0.4/p=1/r=1/sig=0/cf=1,A_core,0.3,0.4,1.0,1.0,0.0,1.0,1.0,wiki_B,native,ours_spend_cap,15912430109.963,1.0,9.9,15.1,1947.9,1751.0,0.0,3397.3,1437.3,0.006,0.0,0.0,ours_noinflate,0.907073
h=0.3/q0=0.4/p=1/r=1/sig=0/cf=1,A_core,0.3,0.4,1.0,1.0,0.0,1.0,1.0,wiki_B,native,ours_cap_epoch,15912430109.963,1.0,9.9,15.1,1947.9,1751.0,0.0,3397.3,1437.3,0.006,0.0,0.0,ours_noinflate,0.907073
h=0.3/q0=0.4/p=1/r=1/sig=0/cf=1,A_core,0.3,0.4,1.0,1.0,0.0,1.0,1.0,wiki_B,native,ours_cap_realized,15912430109.963,1.0,9.9,15.1,1947.9,1751.0,0.0,3397.3,1437.3,0.006,0.0,0.0,ours_noinflate,0.907073
h=0.3/q0=0.4/p=1/r=1/sig=0/cf=1,A_core,0.3,0.4,1.0,1.0,0.0,1.0,1.0,wiki_B,native,ours_pi_prior,16078303937.704,1.010424,7.2,11.2,1578.1,1454.4,0.0,2816.6,1259.2,0.005,0.0,0.0,ours_noinflate,0.907073
h=0.3/q0=0.4/p=1/r=1/sig=0/cf=1,A_core,0.3,0.4,1.0,1.0,0.0,1.0,1.0,wiki_B,native,breakeven,16993273691.974,1.067924,2.6,9.7,1006.6,603.6,0.0,1167.7,655.6,0.003,0.0,0.0,ours_noinflate,0.907073
h=0.3/q0=0.4/p=1/r=1/sig=0/cf=1,A_core,0.3,0.4,1.0,1.0,0.0,1.0,1.0,wiki_B,native,breakeven_cap_epoch,16993273691.974,1.067924,2.6,9.7,1006.6,603.6,0.0,1167.7,655.6,0.003,0.0,0.0,ours_noinflate,0.907073
h=0.3/q0=0.4/p=1/r=1/sig=0/cf=1,A_core,0.3,0.4,1.0,1.0,0.0,1.0,1.0,wiki_B,native,offline_taxblind,15382936911.081,0.966725,,,,,,,,,,,ours_noinflate,0.907073
h=0.3/q0=0.4/p=1/r=1/sig=0/cf=1,A_core,0.3,0.4,1.0,1.0,0.0,1.0,1.0,wiki_B,native,offline_opt_tax,15419431537.378,0.969018,,,,,,,,,,,ours_noinflate,0.907073
h=0/q0=0.4/p=0.3/r=1/sig=0/cf=10.5094,A_core,0.0,0.4,0.3,1.0,0.0,1.0,10.509389227369171,bpi2019,autorpa_233k,always_reactive,28364744721.458,1.15899,0.0,0.0,0.0,0.0,0.0,0.0,0.0,0.003,0.0,0.0,always_compile_evict,1.0
h=0/q0=0.4/p=0.3/r=1/sig=0/cf=10.5094,A_core,0.0,0.4,0.3,1.0,0.0,1.0,10.509389227369171,bpi2019,autorpa_233k,always_compile_evict,23840905095.331,0.974145,100.9,153.3,4468.4,0.0,0.0,0.0,4089.0,0.113,3132.6,7670759057.622,always_compile_evict,1.0
h=0/q0=0.4/p=0.3/r=1/sig=0/cf=10.5094,A_core,0.0,0.4,0.3,1.0,0.0,1.0,10.509389227369171,bpi2019,autorpa_233k,ours_noinflate,24473679004.771,1.0,15.5,33.6,546.1,0.0,0.0,0.0,437.0,0.022,383.5,939071729.106,always_compile_evict,1.0
h=0/q0=0.4/p=0.3/r=1/sig=0/cf=10.5094,A_core,0.0,0.4,0.3,1.0,0.0,1.0,10.509389227369171,bpi2019,autorpa_233k,oracle_tax,16564957851.956,0.676848,107.2,107.2,370.5,0.0,0.0,0.0,263.3,0.084,263.3,644739468.771,always_compile_evict,1.0
h=0/q0=0.4/p=0.3/r=1/sig=0/cf=10.5094,A_core,0.0,0.4,0.3,1.0,0.0,1.0,10.509389227369171,bpi2019,autorpa_233k,ours_spend_cap,24482199604.419,1.000348,15.5,33.1,546.1,0.0,0.0,0.0,437.1,0.022,383.5,939071729.106,always_compile_evict,1.0
h=0/q0=0.4/p=0.3/r=1/sig=0/cf=10.5094,A_core,0.0,0.4,0.3,1.0,0.0,1.0,10.509389227369171,bpi2019,autorpa_233k,ours_cap_epoch,24482199604.419,1.000348,15.5,33.1,546.1,0.0,0.0,0.0,437.1,0.022,383.5,939071729.106,always_compile_evict,1.0
h=0/q0=0.4/p=0.3/r=1/sig=0/cf=10.5094,A_core,0.0,0.4,0.3,1.0,0.0,1.0,10.509389227369171,bpi2019,autorpa_233k,ours_cap_realized,24475661370.564,1.000081,15.5,33.6,546.1,0.0,0.0,0.0,437.1,0.022,383.5,939071729.106,always_compile_evict,1.0
h=0/q0=0.4/p=0.3/r=1/sig=0/cf=10.5094,A_core,0.0,0.4,0.3,1.0,0.0,1.0,10.509389227369171,bpi2019,autorpa_233k,ours_pi_prior,25370960416.529,1.036663,13.8,37.2,575.3,0.0,0.0,0.0,470.5,0.023,402.1,984617320.14,always_compile_evict,1.0
h=0/q0=0.4/p=0.3/r=1/sig=0/cf=10.5094,A_core,0.0,0.4,0.3,1.0,0.0,1.0,10.509389227369171,bpi2019,autorpa_233k,breakeven,30913503370.054,1.263133,3.7,16.9,1756.7,0.0,0.0,0.0,1519.1,0.007,1231.3,3015069152.669,always_compile_evict,1.0
h=0/q0=0.4/p=0.3/r=1/sig=0/cf=10.5094,A_core,0.0,0.4,0.3,1.0,0.0,1.0,10.509389227369171,bpi2019,autorpa_233k,breakeven_cap_epoch,29964393753.144,1.224352,2.0,11.7,1098.8,0.0,0.0,0.0,947.0,0.005,769.4,1884020308.668,always_compile_evict,1.0
h=0/q0=0.4/p=0.3/r=1/sig=0/cf=10.5094,A_core,0.0,0.4,0.3,1.0,0.0,1.0,10.509389227369171,bpi2019,autorpa_233k,offline_taxblind,13389813389.046,0.547111,,,,,,,,,,,always_compile_evict,1.0
h=0/q0=0.4/p=0.3/r=1/sig=0/cf=10.5094,A_core,0.0,0.4,0.3,1.0,0.0,1.0,10.509389227369171,bpi2019,autorpa_233k,offline_opt_tax,14587361699.389,0.596043,,,,,,,,,,,always_compile_evict,1.0
h=0/q0=0.4/p=0.3/r=1/sig=0/cf=10.5094,A_core,0.0,0.4,0.3,1.0,0.0,1.0,10.509389227369171,bpi2019,native,always_reactive,28364744721.458,1.155868,0.0,0.0,0.0,0.0,0.0,0.0,0.0,0.003,0.0,0.0,ours_noinflate,0.987636
h=0/q0=0.4/p=0.3/r=1/sig=0/cf=10.5094,A_core,0.0,0.4,0.3,1.0,0.0,1.0,10.509389227369171,bpi2019,native,always_compile_evict,24846996451.388,1.012519,102.5,155.5,4468.4,0.0,0.0,0.0,4077.1,0.111,3132.6,8580611871.991,ours_noinflate,0.987636
h=0/q0=0.4/p=0.3/r=1/sig=0/cf=10.5094,A_core,0.0,0.4,0.3,1.0,0.0,1.0,10.509389227369171,bpi2019,native,ours_noinflate,24539788588.667,1.0,19.3,37.7,634.7,0.0,0.0,0.0,518.8,0.025,444.9,1051142736.004,ours_noinflate,0.987636
h=0/q0=0.4/p=0.3/r=1/sig=0/cf=10.5094,A_core,0.0,0.4,0.3,1.0,0.0,1.0,10.509389227369171,bpi2019,native,oracle_tax,16624483470.513,0.67745,103.8,103.8,360.4,0.0,0.0,0.0,256.6,0.083,256.6,698836319.338,ours_noinflate,0.987636
h=0/q0=0.4/p=0.3/r=1/sig=0/cf=10.5094,A_core,0.0,0.4,0.3,1.0,0.0,1.0,10.509389227369171,bpi2019,native,ours_spend_cap,24548373898.126,1.00035,19.3,37.4,634.7,0.0,0.0,0.0,518.9,0.025,444.9,1051142736.004,ours_noinflate,0.987636
h=0/q0=0.4/p=0.3/r=1/sig=0/cf=10.5094,A_core,0.0,0.4,0.3,1.0,0.0,1.0,10.509389227369171,bpi2019,native,ours_cap_epoch,24548373898.126,1.00035,19.3,37.4,634.7,0.0,0.0,0.0,518.9,0.025,444.9,1051142736.004,ours_noinflate,0.987636
h=0/q0=0.4/p=0.3/r=1/sig=0/cf=10.5094,A_core,0.0,0.4,0.3,1.0,0.0,1.0,10.509389227369171,bpi2019,native,ours_cap_realized,24542081774.413,1.000093,19.3,37.7,634.7,0.0,0.0,0.0,518.9,0.025,444.9,1051142736.004,ours_noinflate,0.987636
h=0/q0=0.4/p=0.3/r=1/sig=0/cf=10.5094,A_core,0.0,0.4,0.3,1.0,0.0,1.0,10.509389227369171,bpi2019,native,ours_pi_prior,25346939306.905,1.032892,14.9,37.0,587.9,0.0,0.0,0.0,482.8,0.023,410.7,980108443.942,ours_noinflate,0.987636
h=0/q0=0.4/p=0.3/r=1/sig=0/cf=10.5094,A_core,0.0,0.4,0.3,1.0,0.0,1.0,10.509389227369171,bpi2019,native,breakeven,31010586781.948,1.263686,3.8,15.5,1792.8,0.0,0.0,0.0,1560.3,0.006,1257.1,3163853649.599,ours_noinflate,0.987636
h=0/q0=0.4/p=0.3/r=1/sig=0/cf=10.5094,A_core,0.0,0.4,0.3,1.0,0.0,1.0,10.509389227369171,bpi2019,native,breakeven_cap_epoch,30073865183.718,1.225514,1.1,11.6,1156.5,0.0,0.0,0.0,1004.2,0.005,809.7,1996273778.569,ours_noinflate,0.987636
h=0/q0=0.4/p=0.3/r=1/sig=0/cf=10.5094,A_core,0.0,0.4,0.3,1.0,0.0,1.0,10.509389227369171,bpi2019,native,offline_taxblind,13419384272.672,0.546842,,,,,,,,,,,ours_noinflate,0.987636
h=0/q0=0.4/p=0.3/r=1/sig=0/cf=10.5094,A_core,0.0,0.4,0.3,1.0,0.0,1.0,10.509389227369171,bpi2019,native,offline_opt_tax,14588849875.525,0.594498,,,,,,,,,,,ours_noinflate,0.987636
h=0/q0=0.4/p=0.3/r=1/sig=0/cf=10.5094,A_core,0.0,0.4,0.3,1.0,0.0,1.0,10.509389227369171,sepsis,autorpa_233k,always_reactive,187135368.565,0.989254,0.0,0.0,0.0,0.0,0.0,0.0,0.0,0.002,0.0,0.0,always_reactive,0.706828
h=0/q0=0.4/p=0.3/r=1/sig=0/cf=10.5094,A_core,0.0,0.4,0.3,1.0,0.0,1.0,10.509389227369171,sepsis,autorpa_233k,always_compile_evict,264753685.008,1.399569,13.5,14.1,54.6,0.0,0.0,0.0,49.9,0.004,38.8,95009082.371,always_reactive,0.706828
h=0/q0=0.4/p=0.3/r=1/sig=0/cf=10.5094,A_core,0.0,0.4,0.3,1.0,0.0,1.0,10.509389227369171,sepsis,autorpa_233k,ours_noinflate,189168075.405,1.0,1.6,1.6,6.1,0.0,0.0,0.0,4.5,0.002,4.5,11019094.605,always_reactive,0.706828
h=0/q0=0.4/p=0.3/r=1/sig=0/cf=10.5094,A_core,0.0,0.4,0.3,1.0,0.0,1.0,10.509389227369171,sepsis,autorpa_233k,oracle_tax,184838445.975,0.977112,2.3,2.3,9.2,0.0,0.0,0.0,6.9,0.003,6.9,16895945.061,always_reactive,0.706828
h=0/q0=0.4/p=0.3/r=1/sig=0/cf=10.5094,A_core,0.0,0.4,0.3,1.0,0.0,1.0,10.509389227369171,sepsis,autorpa_233k,ours_spend_cap,189168075.405,1.0,1.6,1.6,6.1,0.0,0.0,0.0,4.5,0.002,4.5,11019094.605,always_reactive,0.706828
h=0/q0=0.4/p=0.3/r=1/sig=0/cf=10.5094,A_core,0.0,0.4,0.3,1.0,0.0,1.0,10.509389227369171,sepsis,autorpa_233k,ours_cap_epoch,189168075.405,1.0,1.6,1.6,6.1,0.0,0.0,0.0,4.5,0.002,4.5,11019094.605,always_reactive,0.706828
h=0/q0=0.4/p=0.3/r=1/sig=0/cf=10.5094,A_core,0.0,0.4,0.3,1.0,0.0,1.0,10.509389227369171,sepsis,autorpa_233k,ours_cap_realized,189168075.405,1.0,1.6,1.6,6.1,0.0,0.0,0.0,4.5,0.002,4.5,11019094.605,always_reactive,0.706828
h=0/q0=0.4/p=0.3/r=1/sig=0/cf=10.5094,A_core,0.0,0.4,0.3,1.0,0.0,1.0,10.509389227369171,sepsis,autorpa_233k,ours_pi_prior,189191167.039,1.000122,1.1,1.1,3.9,0.0,0.0,0.0,2.8,0.002,2.8,6856325.532,always_reactive,0.706828
h=0/q0=0.4/p=0.3/r=1/sig=0/cf=10.5094,A_core,0.0,0.4,0.3,1.0,0.0,1.0,10.509389227369171,sepsis,autorpa_233k,breakeven,198805149.972,1.050945,1.7,2.3,12.7,0.0,0.0,0.0,9.9,0.003,9.5,23262533.055,always_reactive,0.706828
h=0/q0=0.4/p=0.3/r=1/sig=0/cf=10.5094,A_core,0.0,0.4,0.3,1.0,0.0,1.0,10.509389227369171,sepsis,autorpa_233k,breakeven_cap_epoch,193654866.035,1.023719,1.6,2.0,9.5,0.0,0.0,0.0,7.4,0.003,7.1,17385682.599,always_reactive,0.706828
h=0/q0=0.4/p=0.3/r=1/sig=0/cf=10.5094,A_core,0.0,0.4,0.3,1.0,0.0,1.0,10.509389227369171,sepsis,autorpa_233k,offline_taxblind,164695700.838,0.870632,,,,,,,,,,,always_reactive,0.706828
h=0/q0=0.4/p=0.3/r=1/sig=0/cf=10.5094,A_core,0.0,0.4,0.3,1.0,0.0,1.0,10.509389227369171,sepsis,autorpa_233k,offline_opt_tax,165033921.623,0.87242,,,,,,,,,,,always_reactive,0.706828
h=0/q0=0.4/p=0.3/r=1/sig=0/cf=10.5094,A_core,0.0,0.4,0.3,1.0,0.0,1.0,10.509389227369171,sepsis,native,always_reactive,187135368.565,0.986604,0.0,0.0,0.0,0.0,0.0,0.0,0.0,0.002,0.0,0.0,always_reactive,0.675531
h=0/q0=0.4/p=0.3/r=1/sig=0/cf=10.5094,A_core,0.0,0.4,0.3,1.0,0.0,1.0,10.509389227369171,sepsis,native,always_compile_evict,277019858.855,1.460488,13.0,13.3,54.6,0.0,0.0,0.0,49.3,0.004,38.8,107193972.612,always_reactive,0.675531
h=0/q0=0.4/p=0.3/r=1/sig=0/cf=10.5094,A_core,0.0,0.4,0.3,1.0,0.0,1.0,10.509389227369171,sepsis,native,ours_noinflate,189676294.234,1.0,1.6,1.6,6.1,0.0,0.0,0.0,4.5,0.002,4.5,11261910.436,always_reactive,0.675531
h=0/q0=0.4/p=0.3/r=1/sig=0/cf=10.5094,A_core,0.0,0.4,0.3,1.0,0.0,1.0,10.509389227369171,sepsis,native,oracle_tax,185222572.63,0.976519,2.3,2.3,9.2,0.0,0.0,0.0,6.9,0.003,6.9,17268262.669,always_reactive,0.675531
h=0/q0=0.4/p=0.3/r=1/sig=0/cf=10.5094,A_core,0.0,0.4,0.3,1.0,0.0,1.0,10.509389227369171,sepsis,native,ours_spend_cap,189676294.234,1.0,1.6,1.6,6.1,0.0,0.0,0.0,4.5,0.002,4.5,11261910.436,always_reactive,0.675531
h=0/q0=0.4/p=0.3/r=1/sig=0/cf=10.5094,A_core,0.0,0.4,0.3,1.0,0.0,1.0,10.509389227369171,sepsis,native,ours_cap_epoch,189676294.234,1.0,1.6,1.6,6.1,0.0,0.0,0.0,4.5,0.002,4.5,11261910.436,always_reactive,0.675531
h=0/q0=0.4/p=0.3/r=1/sig=0/cf=10.5094,A_core,0.0,0.4,0.3,1.0,0.0,1.0,10.509389227369171,sepsis,native,ours_cap_realized,189676294.234,1.0,1.6,1.6,6.1,0.0,0.0,0.0,4.5,0.002,4.5,11261910.436,always_reactive,0.675531
h=0/q0=0.4/p=0.3/r=1/sig=0/cf=10.5094,A_core,0.0,0.4,0.3,1.0,0.0,1.0,10.509389227369171,sepsis,native,ours_pi_prior,189347610.274,0.998267,1.1,1.1,3.9,0.0,0.0,0.0,2.8,0.002,2.8,7007410.938,always_reactive,0.675531
h=0/q0=0.4/p=0.3/r=1/sig=0/cf=10.5094,A_core,0.0,0.4,0.3,1.0,0.0,1.0,10.509389227369171,sepsis,native,breakeven,198610999.223,1.047105,1.7,2.2,12.7,0.0,0.0,0.0,9.9,0.003,9.5,23081990.576,always_reactive,0.675531
h=0/q0=0.4/p=0.3/r=1/sig=0/cf=10.5094,A_core,0.0,0.4,0.3,1.0,0.0,1.0,10.509389227369171,sepsis,native,breakeven_cap_epoch,193327069.614,1.019247,1.6,2.1,9.5,0.0,0.0,0.0,7.4,0.003,7.1,17075638.343,always_reactive,0.675531
h=0/q0=0.4/p=0.3/r=1/sig=0/cf=10.5094,A_core,0.0,0.4,0.3,1.0,0.0,1.0,10.509389227369171,sepsis,native,offline_taxblind,164764159.081,0.86866,,,,,,,,,,,always_reactive,0.675531
h=0/q0=0.4/p=0.3/r=1/sig=0/cf=10.5094,A_core,0.0,0.4,0.3,1.0,0.0,1.0,10.509389227369171,sepsis,native,offline_opt_tax,165102466.644,0.870443,,,,,,,,,,,always_reactive,0.675531
h=0/q0=0.4/p=0.3/r=1/sig=0/cf=10.5094,A_core,0.0,0.4,0.3,1.0,0.0,1.0,10.509389227369171,wiki_A,autorpa_233k,always_reactive,19487424199.81,1.700702,0.0,0.0,0.0,0.0,0.0,0.0,0.0,0.001,0.0,0.0,always_compile_evict,1.0
h=0/q0=0.4/p=0.3/r=1/sig=0/cf=10.5094,A_core,0.0,0.4,0.3,1.0,0.0,1.0,10.509389227369171,wiki_A,autorpa_233k,always_compile_evict,9696456814.687,0.846227,31.9,71.2,757.2,0.0,0.0,0.0,659.1,0.019,528.8,1294866050.46,always_compile_evict,1.0
h=0/q0=0.4/p=0.3/r=1/sig=0/cf=10.5094,A_core,0.0,0.4,0.3,1.0,0.0,1.0,10.509389227369171,wiki_A,autorpa_233k,ours_noinflate,11458460105.27,1.0,6.9,16.5,113.5,0.0,0.0,0.0,85.8,0.005,78.9,193201458.739,always_compile_evict,1.0
h=0/q0=0.4/p=0.3/r=1/sig=0/cf=10.5094,A_core,0.0,0.4,0.3,1.0,0.0,1.0,10.509389227369171,wiki_A,autorpa_233k,oracle_tax,8731229193.672,0.76199,40.5,40.5,131.8,0.0,0.0,0.0,91.3,0.023,91.3,223565186.095,always_compile_evict,1.0
h=0/q0=0.4/p=0.3/r=1/sig=0/cf=10.5094,A_core,0.0,0.4,0.3,1.0,0.0,1.0,10.509389227369171,wiki_A,autorpa_233k,ours_spend_cap,11463741399.573,1.000461,6.9,16.5,113.5,0.0,0.0,0.0,85.8,0.005,78.9,193201458.739,always_compile_evict,1.0
h=0/q0=0.4/p=0.3/r=1/sig=0/cf=10.5094,A_core,0.0,0.4,0.3,1.0,0.0,1.0,10.509389227369171,wiki_A,autorpa_233k,ours_cap_epoch,11463741399.573,1.000461,6.9,16.5,113.5,0.0,0.0,0.0,85.8,0.005,78.9,193201458.739,always_compile_evict,1.0
h=0/q0=0.4/p=0.3/r=1/sig=0/cf=10.5094,A_core,0.0,0.4,0.3,1.0,0.0,1.0,10.509389227369171,wiki_A,autorpa_233k,ours_cap_realized,11458509480.142,1.000004,6.9,16.5,113.5,0.0,0.0,0.0,85.8,0.005,78.9,193201458.739,always_compile_evict,1.0
h=0/q0=0.4/p=0.3/r=1/sig=0/cf=10.5094,A_core,0.0,0.4,0.3,1.0,0.0,1.0,10.509389227369171,wiki_A,autorpa_233k,ours_pi_prior,13522243044.088,1.18011,6.4,14.2,98.3,0.0,0.0,0.0,72.8,0.004,68.5,167735106.763,always_compile_evict,1.0
h=0/q0=0.4/p=0.3/r=1/sig=0/cf=10.5094,A_core,0.0,0.4,0.3,1.0,0.0,1.0,10.509389227369171,wiki_A,autorpa_233k,breakeven,18637075830.602,1.62649,0.4,8.4,343.8,0.0,0.0,0.0,277.7,0.002,241.7,591847814.667,always_compile_evict,1.0
h=0/q0=0.4/p=0.3/r=1/sig=0/cf=10.5094,A_core,0.0,0.4,0.3,1.0,0.0,1.0,10.509389227369171,wiki_A,autorpa_233k,breakeven_cap_epoch,18904074762.445,1.649792,0.3,6.5,208.4,0.0,0.0,0.0,165.5,0.002,147.4,360936565.503,always_compile_evict,1.0
h=0/q0=0.4/p=0.3/r=1/sig=0/cf=10.5094,A_core,0.0,0.4,0.3,1.0,0.0,1.0,10.509389227369171,wiki_A,autorpa_233k,offline_taxblind,8209652632.062,0.716471,,,,,,,,,,,always_compile_evict,1.0
h=0/q0=0.4/p=0.3/r=1/sig=0/cf=10.5094,A_core,0.0,0.4,0.3,1.0,0.0,1.0,10.509389227369171,wiki_A,autorpa_233k,offline_opt_tax,8316619673.384,0.725806,,,,,,,,,,,always_compile_evict,1.0
h=0/q0=0.4/p=0.3/r=1/sig=0/cf=10.5094,A_core,0.0,0.4,0.3,1.0,0.0,1.0,10.509389227369171,wiki_A,native,always_reactive,19487424199.81,1.702734,0.0,0.0,0.0,0.0,0.0,0.0,0.0,0.001,0.0,0.0,always_compile_evict,1.0
h=0/q0=0.4/p=0.3/r=1/sig=0/cf=10.5094,A_core,0.0,0.4,0.3,1.0,0.0,1.0,10.509389227369171,wiki_A,native,always_compile_evict,9861208981.098,0.861634,29.1,70.5,757.2,0.0,0.0,0.0,659.2,0.019,528.8,1449766918.74,always_compile_evict,1.0
h=0/q0=0.4/p=0.3/r=1/sig=0/cf=10.5094,A_core,0.0,0.4,0.3,1.0,0.0,1.0,10.509389227369171,wiki_A,native,ours_noinflate,11444782496.483,1.0,7.6,18.2,126.5,0.0,0.0,0.0,97.2,0.005,89.3,212593941.04,always_compile_evict,1.0
h=0/q0=0.4/p=0.3/r=1/sig=0/cf=10.5094,A_core,0.0,0.4,0.3,1.0,0.0,1.0,10.509389227369171,wiki_A,native,oracle_tax,8747114631.483,0.764288,39.5,39.5,129.6,0.0,0.0,0.0,90.1,0.022,90.1,237787566.455,always_compile_evict,1.0
h=0/q0=0.4/p=0.3/r=1/sig=0/cf=10.5094,A_core,0.0,0.4,0.3,1.0,0.0,1.0,10.509389227369171,wiki_A,native,ours_spend_cap,11450213006.934,1.000474,7.6,18.2,126.5,0.0,0.0,0.0,97.2,0.005,89.3,212593941.04,always_compile_evict,1.0
h=0/q0=0.4/p=0.3/r=1/sig=0/cf=10.5094,A_core,0.0,0.4,0.3,1.0,0.0,1.0,10.509389227369171,wiki_A,native,ours_cap_epoch,11450213006.934,1.000474,7.6,18.2,126.5,0.0,0.0,0.0,97.2,0.005,89.3,212593941.04,always_compile_evict,1.0
h=0/q0=0.4/p=0.3/r=1/sig=0/cf=10.5094,A_core,0.0,0.4,0.3,1.0,0.0,1.0,10.509389227369171,wiki_A,native,ours_cap_realized,11444814281.667,1.000003,7.6,18.2,126.5,0.0,0.0,0.0,97.2,0.005,89.3,212593941.04,always_compile_evict,1.0
h=0/q0=0.4/p=0.3/r=1/sig=0/cf=10.5094,A_core,0.0,0.4,0.3,1.0,0.0,1.0,10.509389227369171,wiki_A,native,ours_pi_prior,13522028610.795,1.181502,5.8,14.4,101.2,0.0,0.0,0.0,75.6,0.004,70.6,166091512.422,always_compile_evict,1.0
h=0/q0=0.4/p=0.3/r=1/sig=0/cf=10.5094,A_core,0.0,0.4,0.3,1.0,0.0,1.0,10.509389227369171,wiki_A,native,breakeven,18649430553.604,1.629514,1.0,8.7,350.1,0.0,0.0,0.0,284.3,0.002,246.2,614535620.18,always_compile_evict,1.0
h=0/q0=0.4/p=0.3/r=1/sig=0/cf=10.5094,A_core,0.0,0.4,0.3,1.0,0.0,1.0,10.509389227369171,wiki_A,native,breakeven_cap_epoch,18914961324.233,1.652715,0.3,7.3,219.4,0.0,0.0,0.0,176.2,0.002,154.8,378844784.349,always_compile_evict,1.0
h=0/q0=0.4/p=0.3/r=1/sig=0/cf=10.5094,A_core,0.0,0.4,0.3,1.0,0.0,1.0,10.509389227369171,wiki_A,native,offline_taxblind,8215207726.293,0.717812,,,,,,,,,,,always_compile_evict,1.0
h=0/q0=0.4/p=0.3/r=1/sig=0/cf=10.5094,A_core,0.0,0.4,0.3,1.0,0.0,1.0,10.509389227369171,wiki_A,native,offline_opt_tax,8320939987.477,0.727051,,,,,,,,,,,always_compile_evict,1.0
h=0/q0=0.4/p=0.3/r=1/sig=0/cf=10.5094,A_core,0.0,0.4,0.3,1.0,0.0,1.0,10.509389227369171,wiki_B,autorpa_233k,always_reactive,16977748066.619,1.034264,0.0,0.0,0.0,0.0,0.0,0.0,0.0,0.002,0.0,0.0,ours_pi_prior,0.746979
h=0/q0=0.4/p=0.3/r=1/sig=0/cf=10.5094,A_core,0.0,0.4,0.3,1.0,0.0,1.0,10.509389227369171,wiki_B,autorpa_233k,always_compile_evict,21765328663.36,1.325918,148.0,166.9,3787.4,0.0,0.0,0.0,3486.9,0.049,2658.9,6510815698.88,ours_pi_prior,0.746979
h=0/q0=0.4/p=0.3/r=1/sig=0/cf=10.5094,A_core,0.0,0.4,0.3,1.0,0.0,1.0,10.509389227369171,wiki_B,autorpa_233k,ours_noinflate,16415292864.566,1.0,35.5,43.8,554.5,0.0,0.0,0.0,437.1,0.014,386.3,945928054.638,ours_pi_prior,0.746979
h=0/q0=0.4/p=0.3/r=1/sig=0/cf=10.5094,A_core,0.0,0.4,0.3,1.0,0.0,1.0,10.509389227369171,wiki_B,autorpa_233k,oracle_tax,15547285892.013,0.947122,74.2,74.2,256.4,0.0,0.0,0.0,182.2,0.028,182.2,446150897.114,ours_pi_prior,0.746979
h=0/q0=0.4/p=0.3/r=1/sig=0/cf=10.5094,A_core,0.0,0.4,0.3,1.0,0.0,1.0,10.509389227369171,wiki_B,autorpa_233k,ours_spend_cap,16418659742.098,1.000205,35.2,43.6,554.5,0.0,0.0,0.0,437.1,0.014,386.3,945928054.638,ours_pi_prior,0.746979
h=0/q0=0.4/p=0.3/r=1/sig=0/cf=10.5094,A_core,0.0,0.4,0.3,1.0,0.0,1.0,10.509389227369171,wiki_B,autorpa_233k,ours_cap_epoch,16418659742.098,1.000205,35.2,43.6,554.5,0.0,0.0,0.0,437.1,0.014,386.3,945928054.638,ours_pi_prior,0.746979
h=0/q0=0.4/p=0.3/r=1/sig=0/cf=10.5094,A_core,0.0,0.4,0.3,1.0,0.0,1.0,10.509389227369171,wiki_B,autorpa_233k,ours_cap_realized,16416559422.933,1.000077,35.4,43.7,554.5,0.0,0.0,0.0,437.1,0.014,386.3,945928054.638,ours_pi_prior,0.746979
h=0/q0=0.4/p=0.3/r=1/sig=0/cf=10.5094,A_core,0.0,0.4,0.3,1.0,0.0,1.0,10.509389227369171,wiki_B,autorpa_233k,ours_pi_prior,16258250925.674,0.990433,35.2,40.9,556.9,0.0,0.0,0.0,450.0,0.014,387.8,949601086.173,ours_pi_prior,0.746979
h=0/q0=0.4/p=0.3/r=1/sig=0/cf=10.5094,A_core,0.0,0.4,0.3,1.0,0.0,1.0,10.509389227369171,wiki_B,autorpa_233k,breakeven,18941959330.768,1.153921,9.0,16.5,1324.0,0.0,0.0,0.0,1116.2,0.006,921.0,2255241362.469,ours_pi_prior,0.746979
h=0/q0=0.4/p=0.3/r=1/sig=0/cf=10.5094,A_core,0.0,0.4,0.3,1.0,0.0,1.0,10.509389227369171,wiki_B,autorpa_233k,breakeven_cap_epoch,18367420664.065,1.118921,6.2,13.0,933.0,0.0,0.0,0.0,779.0,0.005,645.7,1581117641.418,ours_pi_prior,0.746979
h=0/q0=0.4/p=0.3/r=1/sig=0/cf=10.5094,A_core,0.0,0.4,0.3,1.0,0.0,1.0,10.509389227369171,wiki_B,autorpa_233k,offline_taxblind,14015190618.22,0.853789,,,,,,,,,,,ours_pi_prior,0.746979
h=0/q0=0.4/p=0.3/r=1/sig=0/cf=10.5094,A_core,0.0,0.4,0.3,1.0,0.0,1.0,10.509389227369171,wiki_B,autorpa_233k,offline_opt_tax,14465447940.421,0.881218,,,,,,,,,,,ours_pi_prior,0.746979
h=0/q0=0.4/p=0.3/r=1/sig=0/cf=10.5094,A_core,0.0,0.4,0.3,1.0,0.0,1.0,10.509389227369171,wiki_B,native,always_reactive,16977748066.619,1.029,0.0,0.0,0.0,0.0,0.0,0.0,0.0,0.002,0.0,0.0,ours_pi_prior,0.717598
h=0/q0=0.4/p=0.3/r=1/sig=0/cf=10.5094,A_core,0.0,0.4,0.3,1.0,0.0,1.0,10.509389227369171,wiki_B,native,always_compile_evict,22667291231.157,1.373836,162.5,175.3,3787.4,0.0,0.0,0.0,3489.9,0.047,2658.9,7362509989.008,ours_pi_prior,0.717598
h=0/q0=0.4/p=0.3/r=1/sig=0/cf=10.5094,A_core,0.0,0.4,0.3,1.0,0.0,1.0,10.509389227369171,wiki_B,native,ours_noinflate,16499274956.021,1.0,39.8,48.0,625.7,0.0,0.0,0.0,506.7,0.015,436.4,1040564609.557,ours_pi_prior,0.717598
h=0/q0=0.4/p=0.3/r=1/sig=0/cf=10.5094,A_core,0.0,0.4,0.3,1.0,0.0,1.0,10.509389227369171,wiki_B,native,oracle_tax,15576732689.488,0.944086,75.0,75.0,258.8,0.0,0.0,0.0,183.8,0.028,183.8,474903226.354,ours_pi_prior,0.717598
h=0/q0=0.4/p=0.3/r=1/sig=0/cf=10.5094,A_core,0.0,0.4,0.3,1.0,0.0,1.0,10.509389227369171,wiki_B,native,ours_spend_cap,16502705775.941,1.000208,39.4,47.8,625.7,0.0,0.0,0.0,506.7,0.015,436.4,1040564609.557,ours_pi_prior,0.717598
h=0/q0=0.4/p=0.3/r=1/sig=0/cf=10.5094,A_core,0.0,0.4,0.3,1.0,0.0,1.0,10.509389227369171,wiki_B,native,ours_cap_epoch,16502705775.941,1.000208,39.4,47.8,625.7,0.0,0.0,0.0,506.7,0.015,436.4,1040564609.557,ours_pi_prior,0.717598
h=0/q0=0.4/p=0.3/r=1/sig=0/cf=10.5094,A_core,0.0,0.4,0.3,1.0,0.0,1.0,10.509389227369171,wiki_B,native,ours_cap_realized,16500461599.412,1.000072,39.7,47.9,625.7,0.0,0.0,0.0,506.7,0.015,436.4,1040564609.557,ours_pi_prior,0.717598
h=0/q0=0.4/p=0.3/r=1/sig=0/cf=10.5094,A_core,0.0,0.4,0.3,1.0,0.0,1.0,10.509389227369171,wiki_B,native,ours_pi_prior,16266000018.379,0.985862,36.2,41.8,569.9,0.0,0.0,0.0,464.0,0.014,396.7,953488255.351,ours_pi_prior,0.717598
h=0/q0=0.4/p=0.3/r=1/sig=0/cf=10.5094,A_core,0.0,0.4,0.3,1.0,0.0,1.0,10.509389227369171,wiki_B,native,breakeven,18992576969.423,1.151116,8.4,16.2,1347.6,0.0,0.0,0.0,1143.2,0.005,939.6,2301988877.667,ours_pi_prior,0.717598
h=0/q0=0.4/p=0.3/r=1/sig=0/cf=10.5094,A_core,0.0,0.4,0.3,1.0,0.0,1.0,10.509389227369171,wiki_B,native,breakeven_cap_epoch,18423369019.051,1.116617,6.5,12.8,963.0,0.0,0.0,0.0,813.9,0.005,667.5,1634035400.023,ours_pi_prior,0.717598
h=0/q0=0.4/p=0.3/r=1/sig=0/cf=10.5094,A_core,0.0,0.4,0.3,1.0,0.0,1.0,10.509389227369171,wiki_B,native,offline_taxblind,14028933574.556,0.850276,,,,,,,,,,,ours_pi_prior,0.717598
h=0/q0=0.4/p=0.3/r=1/sig=0/cf=10.5094,A_core,0.0,0.4,0.3,1.0,0.0,1.0,10.509389227369171,wiki_B,native,offline_opt_tax,14474175974.631,0.877261,,,,,,,,,,,ours_pi_prior,0.717598
h=0/q0=0.4/p=0.3/r=1/sig=0/cf=1,A_core,0.0,0.4,0.3,1.0,0.0,1.0,1.0,bpi2019,autorpa_233k,always_reactive,28364744721.458,1.712471,0.0,0.0,0.0,0.0,0.0,0.0,0.0,0.003,0.0,0.0,ours_cap_realized,0.980094
h=0/q0=0.4/p=0.3/r=1/sig=0/cf=1,A_core,0.0,0.4,0.3,1.0,0.0,1.0,1.0,bpi2019,autorpa_233k,always_compile_evict,16900041837.715,1.02031,100.9,153.3,4468.4,0.0,0.0,0.0,4089.0,0.16,3132.6,729895800.0,ours_cap_realized,0.980094
h=0/q0=0.4/p=0.3/r=1/sig=0/cf=1,A_core,0.0,0.4,0.3,1.0,0.0,1.0,1.0,bpi2019,autorpa_233k,ours_noinflate,16563639307.573,1.0,69.4,105.6,2221.6,0.0,0.0,0.0,1934.0,0.113,1550.2,361196600.0,ours_cap_realized,0.980094
h=0/q0=0.4/p=0.3/r=1/sig=0/cf=1,A_core,0.0,0.4,0.3,1.0,0.0,1.0,1.0,bpi2019,autorpa_233k,oracle_tax,15981567283.184,0.964858,107.2,107.2,370.5,0.0,0.0,0.0,263.3,0.087,263.3,61348900.0,ours_cap_realized,0.980094
h=0/q0=0.4/p=0.3/r=1/sig=0/cf=1,A_core,0.0,0.4,0.3,1.0,0.0,1.0,1.0,bpi2019,autorpa_233k,ours_spend_cap,16564474157.423,1.00005,69.3,105.6,2221.6,0.0,0.0,0.0,1934.1,0.113,1550.2,361196600.0,ours_cap_realized,0.980094
h=0/q0=0.4/p=0.3/r=1/sig=0/cf=1,A_core,0.0,0.4,0.3,1.0,0.0,1.0,1.0,bpi2019,autorpa_233k,ours_cap_epoch,16564474157.423,1.00005,69.3,105.6,2221.6,0.0,0.0,0.0,1934.1,0.113,1550.2,361196600.0,ours_cap_realized,0.980094
h=0/q0=0.4/p=0.3/r=1/sig=0/cf=1,A_core,0.0,0.4,0.3,1.0,0.0,1.0,1.0,bpi2019,autorpa_233k,ours_cap_realized,16563629638.333,0.999999,69.4,105.6,2221.6,0.0,0.0,0.0,1934.0,0.113,1550.2,361196600.0,ours_cap_realized,0.980094
h=0/q0=0.4/p=0.3/r=1/sig=0/cf=1,A_core,0.0,0.4,0.3,1.0,0.0,1.0,1.0,bpi2019,autorpa_233k,ours_pi_prior,17126588307.99,1.033987,63.8,99.7,2021.8,0.0,0.0,0.0,1754.0,0.104,1409.1,328320300.0,ours_cap_realized,0.980094
h=0/q0=0.4/p=0.3/r=1/sig=0/cf=1,A_core,0.0,0.4,0.3,1.0,0.0,1.0,1.0,bpi2019,autorpa_233k,breakeven,28185327117.393,1.701639,3.7,16.9,1756.7,0.0,0.0,0.0,1519.1,0.007,1231.3,286892900.0,ours_cap_realized,0.980094
h=0/q0=0.4/p=0.3/r=1/sig=0/cf=1,A_core,0.0,0.4,0.3,1.0,0.0,1.0,1.0,bpi2019,autorpa_233k,breakeven_cap_epoch,28154549757.167,1.69978,3.6,16.8,1714.4,0.0,0.0,0.0,1479.8,0.007,1200.6,279739800.0,ours_cap_realized,0.980094
h=0/q0=0.4/p=0.3/r=1/sig=0/cf=1,A_core,0.0,0.4,0.3,1.0,0.0,1.0,1.0,bpi2019,autorpa_233k,offline_taxblind,13389813389.046,0.808386,,,,,,,,,,,ours_cap_realized,0.980094
h=0/q0=0.4/p=0.3/r=1/sig=0/cf=1,A_core,0.0,0.4,0.3,1.0,0.0,1.0,1.0,bpi2019,autorpa_233k,offline_opt_tax,14587361699.389,0.880686,,,,,,,,,,,ours_cap_realized,0.980094
h=0/q0=0.4/p=0.3/r=1/sig=0/cf=1,A_core,0.0,0.4,0.3,1.0,0.0,1.0,1.0,bpi2019,native,always_reactive,28364744721.458,1.647629,0.0,0.0,0.0,0.0,0.0,0.0,0.0,0.003,0.0,0.0,always_compile_evict,1.0
h=0/q0=0.4/p=0.3/r=1/sig=0/cf=1,A_core,0.0,0.4,0.3,1.0,0.0,1.0,1.0,bpi2019,native,always_compile_evict,17082855611.767,0.992296,102.5,155.5,4468.4,0.0,0.0,0.0,4077.1,0.162,3132.6,816471032.365,always_compile_evict,1.0
h=0/q0=0.4/p=0.3/r=1/sig=0/cf=1,A_core,0.0,0.4,0.3,1.0,0.0,1.0,1.0,bpi2019,native,ours_noinflate,17215488499.143,1.0,65.4,97.8,2232.0,0.0,0.0,0.0,1950.0,0.097,1563.1,356867662.302,always_compile_evict,1.0
h=0/q0=0.4/p=0.3/r=1/sig=0/cf=1,A_core,0.0,0.4,0.3,1.0,0.0,1.0,1.0,bpi2019,native,oracle_tax,15992143529.243,0.928939,103.8,103.8,360.4,0.0,0.0,0.0,256.6,0.086,256.6,66496378.069,always_compile_evict,1.0
h=0/q0=0.4/p=0.3/r=1/sig=0/cf=1,A_core,0.0,0.4,0.3,1.0,0.0,1.0,1.0,bpi2019,native,ours_spend_cap,17216305709.528,1.000047,65.3,97.8,2232.0,0.0,0.0,0.0,1950.0,0.097,1563.1,356867662.302,always_compile_evict,1.0
h=0/q0=0.4/p=0.3/r=1/sig=0/cf=1,A_core,0.0,0.4,0.3,1.0,0.0,1.0,1.0,bpi2019,native,ours_cap_epoch,17216305709.528,1.000047,65.3,97.8,2232.0,0.0,0.0,0.0,1950.0,0.097,1563.1,356867662.302,always_compile_evict,1.0
h=0/q0=0.4/p=0.3/r=1/sig=0/cf=1,A_core,0.0,0.4,0.3,1.0,0.0,1.0,1.0,bpi2019,native,ours_cap_realized,17215406825.016,0.999995,65.4,97.8,2232.0,0.0,0.0,0.0,1950.0,0.097,1563.1,356867662.302,always_compile_evict,1.0
h=0/q0=0.4/p=0.3/r=1/sig=0/cf=1,A_core,0.0,0.4,0.3,1.0,0.0,1.0,1.0,bpi2019,native,ours_pi_prior,17741371666.183,1.030547,62.6,95.4,2032.5,0.0,0.0,0.0,1766.1,0.092,1418.1,329861401.062,always_compile_evict,1.0
h=0/q0=0.4/p=0.3/r=1/sig=0/cf=1,A_core,0.0,0.4,0.3,1.0,0.0,1.0,1.0,bpi2019,native,breakeven,28147783324.822,1.635027,3.8,15.5,1792.8,0.0,0.0,0.0,1560.3,0.007,1257.1,301050192.466,always_compile_evict,1.0
h=0/q0=0.4/p=0.3/r=1/sig=0/cf=1,A_core,0.0,0.4,0.3,1.0,0.0,1.0,1.0,bpi2019,native,breakeven_cap_epoch,28117789221.173,1.633284,3.9,14.7,1739.8,0.0,0.0,0.0,1511.4,0.007,1220.4,286657622.514,always_compile_evict,1.0
h=0/q0=0.4/p=0.3/r=1/sig=0/cf=1,A_core,0.0,0.4,0.3,1.0,0.0,1.0,1.0,bpi2019,native,offline_taxblind,13419384272.672,0.779495,,,,,,,,,,,always_compile_evict,1.0
h=0/q0=0.4/p=0.3/r=1/sig=0/cf=1,A_core,0.0,0.4,0.3,1.0,0.0,1.0,1.0,bpi2019,native,offline_opt_tax,14588849875.525,0.847426,,,,,,,,,,,always_compile_evict,1.0
h=0/q0=0.4/p=0.3/r=1/sig=0/cf=1,A_core,0.0,0.4,0.3,1.0,0.0,1.0,1.0,sepsis,autorpa_233k,always_reactive,187135368.565,1.095913,0.0,0.0,0.0,0.0,0.0,0.0,0.0,0.002,0.0,0.0,ours_noinflate,0.9551
h=0/q0=0.4/p=0.3/r=1/sig=0/cf=1,A_core,0.0,0.4,0.3,1.0,0.0,1.0,1.0,sepsis,autorpa_233k,always_compile_evict,178785002.636,1.047011,13.5,14.1,54.6,0.0,0.0,0.0,49.9,0.006,38.8,9040400.0,ours_noinflate,0.9551
h=0/q0=0.4/p=0.3/r=1/sig=0/cf=1,A_core,0.0,0.4,0.3,1.0,0.0,1.0,1.0,sepsis,autorpa_233k,ours_noinflate,170757491.888,1.0,4.1,4.1,15.4,0.0,0.0,0.0,12.6,0.003,11.3,2632900.0,ours_noinflate,0.9551
h=0/q0=0.4/p=0.3/r=1/sig=0/cf=1,A_core,0.0,0.4,0.3,1.0,0.0,1.0,1.0,sepsis,autorpa_233k,oracle_tax,169550200.914,0.99293,2.3,2.3,9.2,0.0,0.0,0.0,6.9,0.003,6.9,1607700.0,ours_noinflate,0.9551
h=0/q0=0.4/p=0.3/r=1/sig=0/cf=1,A_core,0.0,0.4,0.3,1.0,0.0,1.0,1.0,sepsis,autorpa_233k,ours_spend_cap,170757491.888,1.0,4.1,4.1,15.4,0.0,0.0,0.0,12.6,0.003,11.3,2632900.0,ours_noinflate,0.9551
h=0/q0=0.4/p=0.3/r=1/sig=0/cf=1,A_core,0.0,0.4,0.3,1.0,0.0,1.0,1.0,sepsis,autorpa_233k,ours_cap_epoch,170757491.888,1.0,4.1,4.1,15.4,0.0,0.0,0.0,12.6,0.003,11.3,2632900.0,ours_noinflate,0.9551
h=0/q0=0.4/p=0.3/r=1/sig=0/cf=1,A_core,0.0,0.4,0.3,1.0,0.0,1.0,1.0,sepsis,autorpa_233k,ours_cap_realized,170757491.888,1.0,4.1,4.1,15.4,0.0,0.0,0.0,12.6,0.003,11.3,2632900.0,ours_noinflate,0.9551
h=0/q0=0.4/p=0.3/r=1/sig=0/cf=1,A_core,0.0,0.4,0.3,1.0,0.0,1.0,1.0,sepsis,autorpa_233k,ours_pi_prior,171315006.883,1.003265,3.4,3.4,13.7,0.0,0.0,0.0,11.0,0.003,10.3,2399900.0,ours_noinflate,0.9551
h=0/q0=0.4/p=0.3/r=1/sig=0/cf=1,A_core,0.0,0.4,0.3,1.0,0.0,1.0,1.0,sepsis,autorpa_233k,breakeven,177756116.917,1.040986,1.7,2.3,12.7,0.0,0.0,0.0,9.9,0.003,9.5,2213500.0,ours_noinflate,0.9551
h=0/q0=0.4/p=0.3/r=1/sig=0/cf=1,A_core,0.0,0.4,0.3,1.0,0.0,1.0,1.0,sepsis,autorpa_233k,breakeven_cap_epoch,177756116.917,1.040986,1.7,2.3,12.7,0.0,0.0,0.0,9.9,0.003,9.5,2213500.0,ours_noinflate,0.9551
h=0/q0=0.4/p=0.3/r=1/sig=0/cf=1,A_core,0.0,0.4,0.3,1.0,0.0,1.0,1.0,sepsis,autorpa_233k,offline_taxblind,164695700.838,0.964501,,,,,,,,,,,ours_noinflate,0.9551
h=0/q0=0.4/p=0.3/r=1/sig=0/cf=1,A_core,0.0,0.4,0.3,1.0,0.0,1.0,1.0,sepsis,autorpa_233k,offline_opt_tax,165033921.623,0.966481,,,,,,,,,,,ours_noinflate,0.9551
h=0/q0=0.4/p=0.3/r=1/sig=0/cf=1,A_core,0.0,0.4,0.3,1.0,0.0,1.0,1.0,sepsis,native,always_reactive,187135368.565,1.094461,0.0,0.0,0.0,0.0,0.0,0.0,0.0,0.002,0.0,0.0,ours_noinflate,0.949776
h=0/q0=0.4/p=0.3/r=1/sig=0/cf=1,A_core,0.0,0.4,0.3,1.0,0.0,1.0,1.0,sepsis,native,always_compile_evict,180025715.205,1.05288,13.0,13.3,54.6,0.0,0.0,0.0,49.3,0.006,38.8,10199828.962,ours_noinflate,0.949776
h=0/q0=0.4/p=0.3/r=1/sig=0/cf=1,A_core,0.0,0.4,0.3,1.0,0.0,1.0,1.0,sepsis,native,ours_noinflate,170984117.068,1.0,4.3,4.3,17.0,0.0,0.0,0.0,14.2,0.003,12.7,2854706.213,ours_noinflate,0.949776
h=0/q0=0.4/p=0.3/r=1/sig=0/cf=1,A_core,0.0,0.4,0.3,1.0,0.0,1.0,1.0,sepsis,native,oracle_tax,169597437.102,0.99189,2.3,2.3,9.2,0.0,0.0,0.0,6.9,0.003,6.9,1643127.14,ours_noinflate,0.949776
h=0/q0=0.4/p=0.3/r=1/sig=0/cf=1,A_core,0.0,0.4,0.3,1.0,0.0,1.0,1.0,sepsis,native,ours_spend_cap,170984117.068,1.0,4.3,4.3,17.0,0.0,0.0,0.0,14.2,0.003,12.7,2854706.213,ours_noinflate,0.949776
h=0/q0=0.4/p=0.3/r=1/sig=0/cf=1,A_core,0.0,0.4,0.3,1.0,0.0,1.0,1.0,sepsis,native,ours_cap_epoch,170984117.068,1.0,4.3,4.3,17.0,0.0,0.0,0.0,14.2,0.003,12.7,2854706.213,ours_noinflate,0.949776
h=0/q0=0.4/p=0.3/r=1/sig=0/cf=1,A_core,0.0,0.4,0.3,1.0,0.0,1.0,1.0,sepsis,native,ours_cap_realized,170984117.068,1.0,4.3,4.3,17.0,0.0,0.0,0.0,14.2,0.003,12.7,2854706.213,ours_noinflate,0.949776
h=0/q0=0.4/p=0.3/r=1/sig=0/cf=1,A_core,0.0,0.4,0.3,1.0,0.0,1.0,1.0,sepsis,native,ours_pi_prior,171469065.656,1.002836,3.3,3.3,13.5,0.0,0.0,0.0,10.9,0.003,10.2,2428970.555,ours_noinflate,0.949776
h=0/q0=0.4/p=0.3/r=1/sig=0/cf=1,A_core,0.0,0.4,0.3,1.0,0.0,1.0,1.0,sepsis,native,breakeven,177725329.487,1.039426,1.7,2.2,12.7,0.0,0.0,0.0,9.9,0.003,9.5,2196320.84,ours_noinflate,0.949776
h=0/q0=0.4/p=0.3/r=1/sig=0/cf=1,A_core,0.0,0.4,0.3,1.0,0.0,1.0,1.0,sepsis,native,breakeven_cap_epoch,177725329.487,1.039426,1.7,2.2,12.7,0.0,0.0,0.0,9.9,0.003,9.5,2196320.84,ours_noinflate,0.949776
h=0/q0=0.4/p=0.3/r=1/sig=0/cf=1,A_core,0.0,0.4,0.3,1.0,0.0,1.0,1.0,sepsis,native,offline_taxblind,164764159.081,0.963623,,,,,,,,,,,ours_noinflate,0.949776
h=0/q0=0.4/p=0.3/r=1/sig=0/cf=1,A_core,0.0,0.4,0.3,1.0,0.0,1.0,1.0,sepsis,native,offline_opt_tax,165102466.644,0.965601,,,,,,,,,,,ours_noinflate,0.949776
h=0/q0=0.4/p=0.3/r=1/sig=0/cf=1,A_core,0.0,0.4,0.3,1.0,0.0,1.0,1.0,wiki_A,autorpa_233k,always_reactive,19487424199.81,2.25842,0.0,0.0,0.0,0.0,0.0,0.0,0.0,0.001,0.0,0.0,always_compile_evict,1.0
h=0/q0=0.4/p=0.3/r=1/sig=0/cf=1,A_core,0.0,0.4,0.3,1.0,0.0,1.0,1.0,wiki_A,autorpa_233k,always_compile_evict,8524801164.225,0.987949,31.9,71.2,757.2,0.0,0.0,0.0,659.1,0.022,528.8,123210400.0,always_compile_evict,1.0
h=0/q0=0.4/p=0.3/r=1/sig=0/cf=1,A_core,0.0,0.4,0.3,1.0,0.0,1.0,1.0,wiki_A,autorpa_233k,ours_noinflate,8628787987.424,1.0,22.5,47.3,398.7,0.0,0.0,0.0,323.6,0.015,280.8,65426400.0,always_compile_evict,1.0
h=0/q0=0.4/p=0.3/r=1/sig=0/cf=1,A_core,0.0,0.4,0.3,1.0,0.0,1.0,1.0,wiki_A,autorpa_233k,oracle_tax,8528936907.577,0.988428,40.5,40.5,131.8,0.0,0.0,0.0,91.3,0.024,91.3,21272900.0,always_compile_evict,1.0
h=0/q0=0.4/p=0.3/r=1/sig=0/cf=1,A_core,0.0,0.4,0.3,1.0,0.0,1.0,1.0,wiki_A,autorpa_233k,ours_spend_cap,8629348093.158,1.000065,22.5,47.3,398.7,0.0,0.0,0.0,323.6,0.015,280.8,65426400.0,always_compile_evict,1.0
h=0/q0=0.4/p=0.3/r=1/sig=0/cf=1,A_core,0.0,0.4,0.3,1.0,0.0,1.0,1.0,wiki_A,autorpa_233k,ours_cap_epoch,8629348093.158,1.000065,22.5,47.3,398.7,0.0,0.0,0.0,323.6,0.015,280.8,65426400.0,always_compile_evict,1.0
h=0/q0=0.4/p=0.3/r=1/sig=0/cf=1,A_core,0.0,0.4,0.3,1.0,0.0,1.0,1.0,wiki_A,autorpa_233k,ours_cap_realized,8628813821.645,1.000003,22.5,47.3,398.7,0.0,0.0,0.0,323.6,0.015,280.8,65426400.0,always_compile_evict,1.0
h=0/q0=0.4/p=0.3/r=1/sig=0/cf=1,A_core,0.0,0.4,0.3,1.0,0.0,1.0,1.0,wiki_A,autorpa_233k,ours_pi_prior,8791925638.902,1.018906,22.0,43.8,358.9,0.0,0.0,0.0,289.9,0.014,253.5,59065500.0,always_compile_evict,1.0
h=0/q0=0.4/p=0.3/r=1/sig=0/cf=1,A_core,0.0,0.4,0.3,1.0,0.0,1.0,1.0,wiki_A,autorpa_233k,breakeven,18101544115.935,2.097808,0.4,8.4,343.8,0.0,0.0,0.0,277.7,0.002,241.7,56316100.0,always_compile_evict,1.0
h=0/q0=0.4/p=0.3/r=1/sig=0/cf=1,A_core,0.0,0.4,0.3,1.0,0.0,1.0,1.0,wiki_A,autorpa_233k,breakeven_cap_epoch,18178110200.011,2.106682,0.4,8.8,333.7,0.0,0.0,0.0,270.8,0.002,234.8,54708400.0,always_compile_evict,1.0
h=0/q0=0.4/p=0.3/r=1/sig=0/cf=1,A_core,0.0,0.4,0.3,1.0,0.0,1.0,1.0,wiki_A,autorpa_233k,offline_taxblind,8209652632.062,0.951426,,,,,,,,,,,always_compile_evict,1.0
h=0/q0=0.4/p=0.3/r=1/sig=0/cf=1,A_core,0.0,0.4,0.3,1.0,0.0,1.0,1.0,wiki_A,autorpa_233k,offline_opt_tax,8316619673.384,0.963822,,,,,,,,,,,always_compile_evict,1.0
h=0/q0=0.4/p=0.3/r=1/sig=0/cf=1,A_core,0.0,0.4,0.3,1.0,0.0,1.0,1.0,wiki_A,native,always_reactive,19487424199.81,2.231288,0.0,0.0,0.0,0.0,0.0,0.0,0.0,0.001,0.0,0.0,always_compile_evict,1.0
h=0/q0=0.4/p=0.3/r=1/sig=0/cf=1,A_core,0.0,0.4,0.3,1.0,0.0,1.0,1.0,wiki_A,native,always_compile_evict,8549391745.955,0.978895,29.1,70.5,757.2,0.0,0.0,0.0,659.2,0.022,528.8,137949683.6,always_compile_evict,1.0
h=0/q0=0.4/p=0.3/r=1/sig=0/cf=1,A_core,0.0,0.4,0.3,1.0,0.0,1.0,1.0,wiki_A,native,ours_noinflate,8733712759.882,1.0,20.9,44.2,407.2,0.0,0.0,0.0,330.9,0.014,286.7,63651958.608,always_compile_evict,1.0
h=0/q0=0.4/p=0.3/r=1/sig=0/cf=1,A_core,0.0,0.4,0.3,1.0,0.0,1.0,1.0,wiki_A,native,oracle_tax,8531953267.303,0.976899,39.5,39.5,129.6,0.0,0.0,0.0,90.1,0.023,90.1,22626202.276,always_compile_evict,1.0
h=0/q0=0.4/p=0.3/r=1/sig=0/cf=1,A_core,0.0,0.4,0.3,1.0,0.0,1.0,1.0,wiki_A,native,ours_spend_cap,8734165774.013,1.000052,20.9,44.2,407.2,0.0,0.0,0.0,330.9,0.014,286.7,63651958.608,always_compile_evict,1.0
h=0/q0=0.4/p=0.3/r=1/sig=0/cf=1,A_core,0.0,0.4,0.3,1.0,0.0,1.0,1.0,wiki_A,native,ours_cap_epoch,8734165774.013,1.000052,20.9,44.2,407.2,0.0,0.0,0.0,330.9,0.014,286.7,63651958.608,always_compile_evict,1.0
h=0/q0=0.4/p=0.3/r=1/sig=0/cf=1,A_core,0.0,0.4,0.3,1.0,0.0,1.0,1.0,wiki_A,native,ours_cap_realized,8733725832.916,1.000001,20.9,44.2,407.2,0.0,0.0,0.0,330.9,0.014,286.7,63651958.608,always_compile_evict,1.0
h=0/q0=0.4/p=0.3/r=1/sig=0/cf=1,A_core,0.0,0.4,0.3,1.0,0.0,1.0,1.0,wiki_A,native,ours_pi_prior,8888372669.768,1.017708,19.4,41.3,373.2,0.0,0.0,0.0,301.5,0.013,262.1,57902821.078,always_compile_evict,1.0
h=0/q0=0.4/p=0.3/r=1/sig=0/cf=1,A_core,0.0,0.4,0.3,1.0,0.0,1.0,1.0,wiki_A,native,breakeven,18093369846.37,2.07167,1.0,8.7,350.1,0.0,0.0,0.0,284.3,0.002,246.2,58474912.945,always_compile_evict,1.0
h=0/q0=0.4/p=0.3/r=1/sig=0/cf=1,A_core,0.0,0.4,0.3,1.0,0.0,1.0,1.0,wiki_A,native,breakeven_cap_epoch,18208787635.031,2.084885,0.8,8.8,339.6,0.0,0.0,0.0,276.0,0.002,239.3,55731517.423,always_compile_evict,1.0
h=0/q0=0.4/p=0.3/r=1/sig=0/cf=1,A_core,0.0,0.4,0.3,1.0,0.0,1.0,1.0,wiki_A,native,offline_taxblind,8215207726.293,0.940632,,,,,,,,,,,always_compile_evict,1.0
h=0/q0=0.4/p=0.3/r=1/sig=0/cf=1,A_core,0.0,0.4,0.3,1.0,0.0,1.0,1.0,wiki_A,native,offline_opt_tax,8320939987.477,0.952738,,,,,,,,,,,always_compile_evict,1.0
h=0/q0=0.4/p=0.3/r=1/sig=0/cf=1,A_core,0.0,0.4,0.3,1.0,0.0,1.0,1.0,wiki_B,autorpa_233k,always_reactive,16977748066.619,1.113011,0.0,0.0,0.0,0.0,0.0,0.0,0.0,0.002,0.0,0.0,ours_pi_prior,0.959575
h=0/q0=0.4/p=0.3/r=1/sig=0/cf=1,A_core,0.0,0.4,0.3,1.0,0.0,1.0,1.0,wiki_B,autorpa_233k,always_compile_evict,15874036664.484,1.040655,148.0,166.9,3787.4,0.0,0.0,0.0,3486.9,0.067,2658.9,619523700.0,ours_pi_prior,0.959575
h=0/q0=0.4/p=0.3/r=1/sig=0/cf=1,A_core,0.0,0.4,0.3,1.0,0.0,1.0,1.0,wiki_B,autorpa_233k,ours_noinflate,15253886182.335,1.0,104.3,117.4,1941.5,0.0,0.0,0.0,1680.3,0.043,1354.0,315482000.0,ours_pi_prior,0.959575
h=0/q0=0.4/p=0.3/r=1/sig=0/cf=1,A_core,0.0,0.4,0.3,1.0,0.0,1.0,1.0,wiki_B,autorpa_233k,oracle_tax,15143587594.899,0.992769,74.2,74.2,256.4,0.0,0.0,0.0,182.2,0.029,182.2,42452600.0,ours_pi_prior,0.959575
h=0/q0=0.4/p=0.3/r=1/sig=0/cf=1,A_core,0.0,0.4,0.3,1.0,0.0,1.0,1.0,wiki_B,autorpa_233k,ours_spend_cap,15254134624.201,1.000016,104.1,117.4,1941.5,0.0,0.0,0.0,1680.2,0.043,1354.0,315482000.0,ours_pi_prior,0.959575
h=0/q0=0.4/p=0.3/r=1/sig=0/cf=1,A_core,0.0,0.4,0.3,1.0,0.0,1.0,1.0,wiki_B,autorpa_233k,ours_cap_epoch,15254134624.201,1.000016,104.1,117.4,1941.5,0.0,0.0,0.0,1680.2,0.043,1354.0,315482000.0,ours_pi_prior,0.959575
h=0/q0=0.4/p=0.3/r=1/sig=0/cf=1,A_core,0.0,0.4,0.3,1.0,0.0,1.0,1.0,wiki_B,autorpa_233k,ours_cap_realized,15254001617.094,1.000008,104.3,117.4,1941.5,0.0,0.0,0.0,1680.3,0.043,1354.0,315482000.0,ours_pi_prior,0.959575
h=0/q0=0.4/p=0.3/r=1/sig=0/cf=1,A_core,0.0,0.4,0.3,1.0,0.0,1.0,1.0,wiki_B,autorpa_233k,ours_pi_prior,15232333356.235,0.998587,97.7,109.2,1780.8,0.0,0.0,0.0,1540.7,0.04,1245.4,290178200.0,ours_pi_prior,0.959575
h=0/q0=0.4/p=0.3/r=1/sig=0/cf=1,A_core,0.0,0.4,0.3,1.0,0.0,1.0,1.0,wiki_B,autorpa_233k,breakeven,16901310968.301,1.108,9.0,16.5,1324.0,0.0,0.0,0.0,1116.2,0.006,921.0,214593000.0,ours_pi_prior,0.959575
h=0/q0=0.4/p=0.3/r=1/sig=0/cf=1,A_core,0.0,0.4,0.3,1.0,0.0,1.0,1.0,wiki_B,autorpa_233k,breakeven_cap_epoch,16900135962.467,1.107923,9.0,16.5,1312.2,0.0,0.0,0.0,1105.7,0.006,913.3,212798900.0,ours_pi_prior,0.959575
h=0/q0=0.4/p=0.3/r=1/sig=0/cf=1,A_core,0.0,0.4,0.3,1.0,0.0,1.0,1.0,wiki_B,autorpa_233k,offline_taxblind,14015190618.22,0.918795,,,,,,,,,,,ours_pi_prior,0.959575
h=0/q0=0.4/p=0.3/r=1/sig=0/cf=1,A_core,0.0,0.4,0.3,1.0,0.0,1.0,1.0,wiki_B,autorpa_233k,offline_opt_tax,14465447940.421,0.948312,,,,,,,,,,,ours_pi_prior,0.959575
h=0/q0=0.4/p=0.3/r=1/sig=0/cf=1,A_core,0.0,0.4,0.3,1.0,0.0,1.0,1.0,wiki_B,native,always_reactive,16977748066.619,1.113209,0.0,0.0,0.0,0.0,0.0,0.0,0.0,0.002,0.0,0.0,ours_pi_prior,0.952145
h=0/q0=0.4/p=0.3/r=1/sig=0/cf=1,A_core,0.0,0.4,0.3,1.0,0.0,1.0,1.0,wiki_B,native,always_compile_evict,16005346215.98,1.04945,162.5,175.3,3787.4,0.0,0.0,0.0,3489.9,0.067,2658.9,700564973.827,ours_pi_prior,0.952145
h=0/q0=0.4/p=0.3/r=1/sig=0/cf=1,A_core,0.0,0.4,0.3,1.0,0.0,1.0,1.0,wiki_B,native,ours_noinflate,15251179623.273,1.0,101.7,109.7,1974.5,0.0,0.0,0.0,1717.3,0.041,1377.8,314616639.576,ours_pi_prior,0.952145
h=0/q0=0.4/p=0.3/r=1/sig=0/cf=1,A_core,0.0,0.4,0.3,1.0,0.0,1.0,1.0,wiki_B,native,oracle_tax,15147017933.756,0.99317,75.0,75.0,258.8,0.0,0.0,0.0,183.8,0.029,183.8,45188470.622,ours_pi_prior,0.952145
h=0/q0=0.4/p=0.3/r=1/sig=0/cf=1,A_core,0.0,0.4,0.3,1.0,0.0,1.0,1.0,wiki_B,native,ours_spend_cap,15251344903.314,1.000011,101.6,109.6,1974.5,0.0,0.0,0.0,1717.2,0.041,1377.8,314616639.576,ours_pi_prior,0.952145
h=0/q0=0.4/p=0.3/r=1/sig=0/cf=1,A_core,0.0,0.4,0.3,1.0,0.0,1.0,1.0,wiki_B,native,ours_cap_epoch,15251344903.314,1.000011,101.6,109.6,1974.5,0.0,0.0,0.0,1717.2,0.041,1377.8,314616639.576,ours_pi_prior,0.952145
h=0/q0=0.4/p=0.3/r=1/sig=0/cf=1,A_core,0.0,0.4,0.3,1.0,0.0,1.0,1.0,wiki_B,native,ours_cap_realized,15251275386.808,1.000006,101.7,109.7,1974.5,0.0,0.0,0.0,1717.3,0.041,1377.8,314616639.576,ours_pi_prior,0.952145
h=0/q0=0.4/p=0.3/r=1/sig=0/cf=1,A_core,0.0,0.4,0.3,1.0,0.0,1.0,1.0,wiki_B,native,ours_pi_prior,15239403250.373,0.999228,94.7,104.9,1818.7,0.0,0.0,0.0,1582.5,0.039,1271.8,293305721.716,ours_pi_prior,0.952145
h=0/q0=0.4/p=0.3/r=1/sig=0/cf=1,A_core,0.0,0.4,0.3,1.0,0.0,1.0,1.0,wiki_B,native,breakeven,16909629258.458,1.108742,8.4,16.2,1347.6,0.0,0.0,0.0,1143.2,0.006,939.6,219041166.7,ours_pi_prior,0.952145
h=0/q0=0.4/p=0.3/r=1/sig=0/cf=1,A_core,0.0,0.4,0.3,1.0,0.0,1.0,1.0,wiki_B,native,breakeven_cap_epoch,16906236685.247,1.10852,8.1,16.2,1326.3,0.0,0.0,0.0,1124.0,0.006,923.9,213898399.334,ours_pi_prior,0.952145
h=0/q0=0.4/p=0.3/r=1/sig=0/cf=1,A_core,0.0,0.4,0.3,1.0,0.0,1.0,1.0,wiki_B,native,offline_taxblind,14028933574.556,0.919859,,,,,,,,,,,ours_pi_prior,0.952145
h=0/q0=0.4/p=0.3/r=1/sig=0/cf=1,A_core,0.0,0.4,0.3,1.0,0.0,1.0,1.0,wiki_B,native,offline_opt_tax,14474175974.631,0.949053,,,,,,,,,,,ours_pi_prior,0.952145
h=0/q0=0.4/p=0.5/r=1/sig=0/cf=10.5094,A_core,0.0,0.4,0.5,1.0,0.0,1.0,10.509389227369171,bpi2019,autorpa_233k,always_reactive,28364744721.458,1.282425,0.0,0.0,0.0,0.0,0.0,0.0,0.0,0.003,0.0,0.0,always_compile_evict,1.0
h=0/q0=0.4/p=0.5/r=1/sig=0/cf=10.5094,A_core,0.0,0.4,0.5,1.0,0.0,1.0,10.509389227369171,bpi2019,autorpa_233k,always_compile_evict,19260633896.855,0.87081,86.3,121.2,3153.4,0.0,0.0,0.0,2619.5,0.105,1575.0,3856683111.714,always_compile_evict,1.0
h=0/q0=0.4/p=0.5/r=1/sig=0/cf=10.5094,A_core,0.0,0.4,0.5,1.0,0.0,1.0,10.509389227369171,bpi2019,autorpa_233k,ours_noinflate,22118058765.19,1.0,17.5,33.3,450.9,0.0,0.0,0.0,296.0,0.024,225.0,550954730.245,always_compile_evict,1.0
h=0/q0=0.4/p=0.5/r=1/sig=0/cf=10.5094,A_core,0.0,0.4,0.5,1.0,0.0,1.0,10.509389227369171,bpi2019,autorpa_233k,oracle_tax,16223300266.242,0.733487,114.0,114.0,238.8,0.0,0.0,0.0,124.8,0.089,124.8,305596223.709,always_compile_evict,1.0
h=0/q0=0.4/p=0.5/r=1/sig=0/cf=10.5094,A_core,0.0,0.4,0.5,1.0,0.0,1.0,10.509389227369171,bpi2019,autorpa_233k,ours_spend_cap,22122072935.513,1.000181,17.5,33.3,450.9,0.0,0.0,0.0,296.0,0.024,225.0,550954730.245,always_compile_evict,1.0
h=0/q0=0.4/p=0.5/r=1/sig=0/cf=10.5094,A_core,0.0,0.4,0.5,1.0,0.0,1.0,10.509389227369171,bpi2019,autorpa_233k,ours_cap_epoch,22122072935.513,1.000181,17.5,33.3,450.9,0.0,0.0,0.0,296.0,0.024,225.0,550954730.245,always_compile_evict,1.0
h=0/q0=0.4/p=0.5/r=1/sig=0/cf=10.5094,A_core,0.0,0.4,0.5,1.0,0.0,1.0,10.509389227369171,bpi2019,autorpa_233k,ours_cap_realized,22119107235.304,1.000047,17.5,33.3,450.9,0.0,0.0,0.0,296.0,0.024,225.0,550954730.245,always_compile_evict,1.0
h=0/q0=0.4/p=0.5/r=1/sig=0/cf=10.5094,A_core,0.0,0.4,0.5,1.0,0.0,1.0,10.509389227369171,bpi2019,autorpa_233k,ours_pi_prior,23851738910.479,1.078383,17.6,34.2,476.1,0.0,0.0,0.0,322.6,0.024,236.5,579114638.68,always_compile_evict,1.0
h=0/q0=0.4/p=0.5/r=1/sig=0/cf=10.5094,A_core,0.0,0.4,0.5,1.0,0.0,1.0,10.509389227369171,bpi2019,autorpa_233k,breakeven,29392240256.693,1.32888,2.3,13.9,1243.0,0.0,0.0,0.0,942.7,0.005,621.4,1521614530.552,always_compile_evict,1.0
h=0/q0=0.4/p=0.5/r=1/sig=0/cf=10.5094,A_core,0.0,0.4,0.5,1.0,0.0,1.0,10.509389227369171,bpi2019,autorpa_233k,breakeven_cap_epoch,29244111033.611,1.322183,1.8,11.4,950.6,0.0,0.0,0.0,713.1,0.005,473.4,1159208752.435,always_compile_evict,1.0
h=0/q0=0.4/p=0.5/r=1/sig=0/cf=10.5094,A_core,0.0,0.4,0.5,1.0,0.0,1.0,10.509389227369171,bpi2019,autorpa_233k,offline_taxblind,13123449841.782,0.593336,,,,,,,,,,,always_compile_evict,1.0
h=0/q0=0.4/p=0.5/r=1/sig=0/cf=10.5094,A_core,0.0,0.4,0.5,1.0,0.0,1.0,10.509389227369171,bpi2019,autorpa_233k,offline_opt_tax,14092148042.037,0.637133,,,,,,,,,,,always_compile_evict,1.0
h=0/q0=0.4/p=0.5/r=1/sig=0/cf=10.5094,A_core,0.0,0.4,0.5,1.0,0.0,1.0,10.509389227369171,bpi2019,native,always_reactive,28364744721.458,1.290634,0.0,0.0,0.0,0.0,0.0,0.0,0.0,0.003,0.0,0.0,always_compile_evict,1.0
h=0/q0=0.4/p=0.5/r=1/sig=0/cf=10.5094,A_core,0.0,0.4,0.5,1.0,0.0,1.0,10.509389227369171,bpi2019,native,always_compile_evict,19837936378.012,0.902653,77.5,127.4,3153.4,0.0,0.0,0.0,2597.8,0.106,1575.0,4318136371.978,always_compile_evict,1.0
h=0/q0=0.4/p=0.5/r=1/sig=0/cf=10.5094,A_core,0.0,0.4,0.5,1.0,0.0,1.0,10.509389227369171,bpi2019,native,ours_noinflate,21977365429.455,1.0,21.4,38.9,540.3,0.0,0.0,0.0,376.2,0.029,269.9,630607416.291,always_compile_evict,1.0
h=0/q0=0.4/p=0.5/r=1/sig=0/cf=10.5094,A_core,0.0,0.4,0.5,1.0,0.0,1.0,10.509389227369171,bpi2019,native,oracle_tax,16257111003.249,0.739721,113.4,113.4,236.4,0.0,0.0,0.0,123.0,0.088,123.0,335591551.744,always_compile_evict,1.0
h=0/q0=0.4/p=0.5/r=1/sig=0/cf=10.5094,A_core,0.0,0.4,0.5,1.0,0.0,1.0,10.509389227369171,bpi2019,native,ours_spend_cap,21981477713.639,1.000187,21.4,38.9,540.3,0.0,0.0,0.0,376.2,0.029,269.9,630607416.291,always_compile_evict,1.0
h=0/q0=0.4/p=0.5/r=1/sig=0/cf=10.5094,A_core,0.0,0.4,0.5,1.0,0.0,1.0,10.509389227369171,bpi2019,native,ours_cap_epoch,21981477713.639,1.000187,21.4,38.9,540.3,0.0,0.0,0.0,376.2,0.029,269.9,630607416.291,always_compile_evict,1.0
h=0/q0=0.4/p=0.5/r=1/sig=0/cf=10.5094,A_core,0.0,0.4,0.5,1.0,0.0,1.0,10.509389227369171,bpi2019,native,ours_cap_realized,21978507689.094,1.000052,21.4,38.9,540.3,0.0,0.0,0.0,376.2,0.029,269.9,630607416.291,always_compile_evict,1.0
h=0/q0=0.4/p=0.5/r=1/sig=0/cf=10.5094,A_core,0.0,0.4,0.5,1.0,0.0,1.0,10.509389227369171,bpi2019,native,ours_pi_prior,23804360299.361,1.083131,18.0,35.2,489.6,0.0,0.0,0.0,337.2,0.024,242.6,574167794.138,always_compile_evict,1.0
h=0/q0=0.4/p=0.5/r=1/sig=0/cf=10.5094,A_core,0.0,0.4,0.5,1.0,0.0,1.0,10.509389227369171,bpi2019,native,breakeven,29423766997.574,1.338821,3.0,12.7,1269.2,0.0,0.0,0.0,972.4,0.006,634.7,1592017277.659,always_compile_evict,1.0
h=0/q0=0.4/p=0.5/r=1/sig=0/cf=10.5094,A_core,0.0,0.4,0.5,1.0,0.0,1.0,10.509389227369171,bpi2019,native,breakeven_cap_epoch,29297917279.137,1.333095,0.8,10.7,995.5,0.0,0.0,0.0,757.0,0.005,495.4,1222922813.171,always_compile_evict,1.0
h=0/q0=0.4/p=0.5/r=1/sig=0/cf=10.5094,A_core,0.0,0.4,0.5,1.0,0.0,1.0,10.509389227369171,bpi2019,native,offline_taxblind,13147005019.175,0.598207,,,,,,,,,,,always_compile_evict,1.0
h=0/q0=0.4/p=0.5/r=1/sig=0/cf=10.5094,A_core,0.0,0.4,0.5,1.0,0.0,1.0,10.509389227369171,bpi2019,native,offline_opt_tax,14095311551.728,0.641356,,,,,,,,,,,always_compile_evict,1.0
h=0/q0=0.4/p=0.5/r=1/sig=0/cf=10.5094,A_core,0.0,0.4,0.5,1.0,0.0,1.0,10.509389227369171,sepsis,autorpa_233k,always_reactive,187135368.565,1.048318,0.0,0.0,0.0,0.0,0.0,0.0,0.0,0.002,0.0,0.0,ours_noinflate,0.80705
h=0/q0=0.4/p=0.5/r=1/sig=0/cf=10.5094,A_core,0.0,0.4,0.5,1.0,0.0,1.0,10.509389227369171,sepsis,autorpa_233k,always_compile_evict,221188444.155,1.239081,16.6,17.4,42.1,0.0,0.0,0.0,36.7,0.005,21.3,52157047.797,ours_noinflate,0.80705
h=0/q0=0.4/p=0.5/r=1/sig=0/cf=10.5094,A_core,0.0,0.4,0.5,1.0,0.0,1.0,10.509389227369171,sepsis,autorpa_233k,ours_noinflate,178510111.107,1.0,1.9,1.9,3.8,0.0,0.0,0.0,1.9,0.003,1.9,4652506.611,ours_noinflate,0.80705
h=0/q0=0.4/p=0.5/r=1/sig=0/cf=10.5094,A_core,0.0,0.4,0.5,1.0,0.0,1.0,10.509389227369171,sepsis,autorpa_233k,oracle_tax,178788239.152,1.001558,3.1,3.1,8.2,0.0,0.0,0.0,5.1,0.003,5.1,12488307.219,ours_noinflate,0.80705
h=0/q0=0.4/p=0.5/r=1/sig=0/cf=10.5094,A_core,0.0,0.4,0.5,1.0,0.0,1.0,10.509389227369171,sepsis,autorpa_233k,ours_spend_cap,178510111.107,1.0,1.9,1.9,3.8,0.0,0.0,0.0,1.9,0.003,1.9,4652506.611,ours_noinflate,0.80705
h=0/q0=0.4/p=0.5/r=1/sig=0/cf=10.5094,A_core,0.0,0.4,0.5,1.0,0.0,1.0,10.509389227369171,sepsis,autorpa_233k,ours_cap_epoch,178510111.107,1.0,1.9,1.9,3.8,0.0,0.0,0.0,1.9,0.003,1.9,4652506.611,ours_noinflate,0.80705
h=0/q0=0.4/p=0.5/r=1/sig=0/cf=10.5094,A_core,0.0,0.4,0.5,1.0,0.0,1.0,10.509389227369171,sepsis,autorpa_233k,ours_cap_realized,178510111.107,1.0,1.9,1.9,3.8,0.0,0.0,0.0,1.9,0.003,1.9,4652506.611,ours_noinflate,0.80705
h=0/q0=0.4/p=0.5/r=1/sig=0/cf=10.5094,A_core,0.0,0.4,0.5,1.0,0.0,1.0,10.509389227369171,sepsis,autorpa_233k,ours_pi_prior,183917438.415,1.030291,1.6,1.6,3.3,0.0,0.0,0.0,1.7,0.002,1.7,4162769.073,ours_noinflate,0.80705
h=0/q0=0.4/p=0.5/r=1/sig=0/cf=10.5094,A_core,0.0,0.4,0.5,1.0,0.0,1.0,10.509389227369171,sepsis,autorpa_233k,breakeven,191932322.898,1.07519,2.0,2.1,9.0,0.0,0.0,0.0,5.8,0.003,5.0,12243438.45,ours_noinflate,0.80705
h=0/q0=0.4/p=0.5/r=1/sig=0/cf=10.5094,A_core,0.0,0.4,0.5,1.0,0.0,1.0,10.509389227369171,sepsis,autorpa_233k,breakeven_cap_epoch,184032158.138,1.030934,2.0,2.2,6.9,0.0,0.0,0.0,4.3,0.003,3.7,9060144.453,ours_noinflate,0.80705
h=0/q0=0.4/p=0.5/r=1/sig=0/cf=10.5094,A_core,0.0,0.4,0.5,1.0,0.0,1.0,10.509389227369171,sepsis,autorpa_233k,offline_taxblind,161551089.813,0.904997,,,,,,,,,,,ours_noinflate,0.80705
h=0/q0=0.4/p=0.5/r=1/sig=0/cf=10.5094,A_core,0.0,0.4,0.5,1.0,0.0,1.0,10.509389227369171,sepsis,autorpa_233k,offline_opt_tax,162364954.72,0.909556,,,,,,,,,,,ours_noinflate,0.80705
h=0/q0=0.4/p=0.5/r=1/sig=0/cf=10.5094,A_core,0.0,0.4,0.5,1.0,0.0,1.0,10.509389227369171,sepsis,native,always_reactive,187135368.565,1.047291,0.0,0.0,0.0,0.0,0.0,0.0,0.0,0.002,0.0,0.0,ours_noinflate,0.77836
h=0/q0=0.4/p=0.5/r=1/sig=0/cf=10.5094,A_core,0.0,0.4,0.5,1.0,0.0,1.0,10.509389227369171,sepsis,native,always_compile_evict,229566240.896,1.284753,15.8,16.9,42.1,0.0,0.0,0.0,35.3,0.005,21.3,60262751.628,ours_noinflate,0.77836
h=0/q0=0.4/p=0.5/r=1/sig=0/cf=10.5094,A_core,0.0,0.4,0.5,1.0,0.0,1.0,10.509389227369171,sepsis,native,ours_noinflate,178685151.707,1.0,1.9,1.9,3.8,0.0,0.0,0.0,1.9,0.003,1.9,4755028.851,ours_noinflate,0.77836
h=0/q0=0.4/p=0.5/r=1/sig=0/cf=10.5094,A_core,0.0,0.4,0.5,1.0,0.0,1.0,10.509389227369171,sepsis,native,oracle_tax,178578817.616,0.999405,3.1,3.1,8.0,0.0,0.0,0.0,4.9,0.003,4.9,12262969.142,ours_noinflate,0.77836
h=0/q0=0.4/p=0.5/r=1/sig=0/cf=10.5094,A_core,0.0,0.4,0.5,1.0,0.0,1.0,10.509389227369171,sepsis,native,ours_spend_cap,178685151.707,1.0,1.9,1.9,3.8,0.0,0.0,0.0,1.9,0.003,1.9,4755028.851,ours_noinflate,0.77836
h=0/q0=0.4/p=0.5/r=1/sig=0/cf=10.5094,A_core,0.0,0.4,0.5,1.0,0.0,1.0,10.509389227369171,sepsis,native,ours_cap_epoch,178685151.707,1.0,1.9,1.9,3.8,0.0,0.0,0.0,1.9,0.003,1.9,4755028.851,ours_noinflate,0.77836
h=0/q0=0.4/p=0.5/r=1/sig=0/cf=10.5094,A_core,0.0,0.4,0.5,1.0,0.0,1.0,10.509389227369171,sepsis,native,ours_cap_realized,178685151.707,1.0,1.9,1.9,3.8,0.0,0.0,0.0,1.9,0.003,1.9,4755028.851,ours_noinflate,0.77836
h=0/q0=0.4/p=0.5/r=1/sig=0/cf=10.5094,A_core,0.0,0.4,0.5,1.0,0.0,1.0,10.509389227369171,sepsis,native,ours_pi_prior,184146019.701,1.030561,1.6,1.6,3.3,0.0,0.0,0.0,1.7,0.002,1.7,4254499.498,ours_noinflate,0.77836
h=0/q0=0.4/p=0.5/r=1/sig=0/cf=10.5094,A_core,0.0,0.4,0.5,1.0,0.0,1.0,10.509389227369171,sepsis,native,breakeven,191624115.756,1.072412,2.1,2.2,9.0,0.0,0.0,0.0,5.8,0.003,4.9,11965903.279,ours_noinflate,0.77836
h=0/q0=0.4/p=0.5/r=1/sig=0/cf=10.5094,A_core,0.0,0.4,0.5,1.0,0.0,1.0,10.509389227369171,sepsis,native,breakeven_cap_epoch,183649623.906,1.027783,2.1,2.2,6.9,0.0,0.0,0.0,4.3,0.003,3.6,8712462.487,ours_noinflate,0.77836
h=0/q0=0.4/p=0.5/r=1/sig=0/cf=10.5094,A_core,0.0,0.4,0.5,1.0,0.0,1.0,10.509389227369171,sepsis,native,offline_taxblind,161642298.809,0.904621,,,,,,,,,,,ours_noinflate,0.77836
h=0/q0=0.4/p=0.5/r=1/sig=0/cf=10.5094,A_core,0.0,0.4,0.5,1.0,0.0,1.0,10.509389227369171,sepsis,native,offline_opt_tax,162467728.862,0.90924,,,,,,,,,,,ours_noinflate,0.77836
h=0/q0=0.4/p=0.5/r=1/sig=0/cf=10.5094,A_core,0.0,0.4,0.5,1.0,0.0,1.0,10.509389227369171,wiki_A,autorpa_233k,always_reactive,19487424199.81,1.886256,0.0,0.0,0.0,0.0,0.0,0.0,0.0,0.001,0.0,0.0,always_compile_evict,1.0
h=0/q0=0.4/p=0.5/r=1/sig=0/cf=10.5094,A_core,0.0,0.4,0.5,1.0,0.0,1.0,10.509389227369171,wiki_A,autorpa_233k,always_compile_evict,9001699277.866,0.871306,18.2,57.6,531.0,0.0,0.0,0.0,415.6,0.017,264.8,648412500.306,always_compile_evict,1.0
h=0/q0=0.4/p=0.5/r=1/sig=0/cf=10.5094,A_core,0.0,0.4,0.5,1.0,0.0,1.0,10.509389227369171,wiki_A,autorpa_233k,ours_noinflate,10331269789.979,1.0,5.8,18.6,92.3,0.0,0.0,0.0,55.2,0.006,46.0,112639633.739,always_compile_evict,1.0
h=0/q0=0.4/p=0.5/r=1/sig=0/cf=10.5094,A_core,0.0,0.4,0.5,1.0,0.0,1.0,10.509389227369171,wiki_A,autorpa_233k,oracle_tax,8611787155.168,0.833565,45.5,45.5,92.1,0.0,0.0,0.0,46.6,0.025,46.6,114108846.353,always_compile_evict,1.0
h=0/q0=0.4/p=0.5/r=1/sig=0/cf=10.5094,A_core,0.0,0.4,0.5,1.0,0.0,1.0,10.509389227369171,wiki_A,autorpa_233k,ours_spend_cap,10332891172.098,1.000157,5.8,18.6,92.3,0.0,0.0,0.0,55.2,0.006,46.0,112639633.739,always_compile_evict,1.0
h=0/q0=0.4/p=0.5/r=1/sig=0/cf=10.5094,A_core,0.0,0.4,0.5,1.0,0.0,1.0,10.509389227369171,wiki_A,autorpa_233k,ours_cap_epoch,10332891172.098,1.000157,5.8,18.6,92.3,0.0,0.0,0.0,55.2,0.006,46.0,112639633.739,always_compile_evict,1.0
h=0/q0=0.4/p=0.5/r=1/sig=0/cf=10.5094,A_core,0.0,0.4,0.5,1.0,0.0,1.0,10.509389227369171,wiki_A,autorpa_233k,ours_cap_realized,10331382308.528,1.000011,5.8,18.6,92.3,0.0,0.0,0.0,55.2,0.006,46.0,112639633.739,always_compile_evict,1.0
h=0/q0=0.4/p=0.5/r=1/sig=0/cf=10.5094,A_core,0.0,0.4,0.5,1.0,0.0,1.0,10.509389227369171,wiki_A,autorpa_233k,ours_pi_prior,11342676036.332,1.097898,4.5,17.3,82.5,0.0,0.0,0.0,46.6,0.005,41.0,100396195.289,always_compile_evict,1.0
h=0/q0=0.4/p=0.5/r=1/sig=0/cf=10.5094,A_core,0.0,0.4,0.5,1.0,0.0,1.0,10.509389227369171,wiki_A,autorpa_233k,breakeven,18343781753.515,1.775559,0.0,7.3,240.0,0.0,0.0,0.0,163.4,0.002,122.4,299719373.253,always_compile_evict,1.0
h=0/q0=0.4/p=0.5/r=1/sig=0/cf=10.5094,A_core,0.0,0.4,0.5,1.0,0.0,1.0,10.509389227369171,wiki_A,autorpa_233k,breakeven_cap_epoch,18600885787.985,1.800445,0.0,6.3,177.8,0.0,0.0,0.0,117.9,0.002,90.2,220871629.636,always_compile_evict,1.0
h=0/q0=0.4/p=0.5/r=1/sig=0/cf=10.5094,A_core,0.0,0.4,0.5,1.0,0.0,1.0,10.509389227369171,wiki_A,autorpa_233k,offline_taxblind,8160974096.645,0.789929,,,,,,,,,,,always_compile_evict,1.0
h=0/q0=0.4/p=0.5/r=1/sig=0/cf=10.5094,A_core,0.0,0.4,0.5,1.0,0.0,1.0,10.509389227369171,wiki_A,autorpa_233k,offline_opt_tax,8253629479.214,0.798898,,,,,,,,,,,always_compile_evict,1.0
h=0/q0=0.4/p=0.5/r=1/sig=0/cf=10.5094,A_core,0.0,0.4,0.5,1.0,0.0,1.0,10.509389227369171,wiki_A,native,always_reactive,19487424199.81,1.898326,0.0,0.0,0.0,0.0,0.0,0.0,0.0,0.001,0.0,0.0,always_compile_evict,1.0
h=0/q0=0.4/p=0.5/r=1/sig=0/cf=10.5094,A_core,0.0,0.4,0.5,1.0,0.0,1.0,10.509389227369171,wiki_A,native,always_compile_evict,9094529910.037,0.885924,19.1,65.3,531.0,0.0,0.0,0.0,414.6,0.018,264.8,728863253.005,always_compile_evict,1.0
h=0/q0=0.4/p=0.5/r=1/sig=0/cf=10.5094,A_core,0.0,0.4,0.5,1.0,0.0,1.0,10.509389227369171,wiki_A,native,ours_noinflate,10265581357.395,1.0,6.7,21.8,105.3,0.0,0.0,0.0,65.9,0.006,53.4,125818602.803,always_compile_evict,1.0
h=0/q0=0.4/p=0.5/r=1/sig=0/cf=10.5094,A_core,0.0,0.4,0.5,1.0,0.0,1.0,10.509389227369171,wiki_A,native,oracle_tax,8615801357.663,0.83929,44.3,44.3,89.4,0.0,0.0,0.0,45.1,0.025,45.1,117236814.764,always_compile_evict,1.0
h=0/q0=0.4/p=0.5/r=1/sig=0/cf=10.5094,A_core,0.0,0.4,0.5,1.0,0.0,1.0,10.509389227369171,wiki_A,native,ours_spend_cap,10267231503.75,1.000161,6.7,21.8,105.3,0.0,0.0,0.0,65.9,0.006,53.4,125818602.803,always_compile_evict,1.0
h=0/q0=0.4/p=0.5/r=1/sig=0/cf=10.5094,A_core,0.0,0.4,0.5,1.0,0.0,1.0,10.509389227369171,wiki_A,native,ours_cap_epoch,10267231503.75,1.000161,6.7,21.8,105.3,0.0,0.0,0.0,65.9,0.006,53.4,125818602.803,always_compile_evict,1.0
h=0/q0=0.4/p=0.5/r=1/sig=0/cf=10.5094,A_core,0.0,0.4,0.5,1.0,0.0,1.0,10.509389227369171,wiki_A,native,ours_cap_realized,10265693293.543,1.000011,6.7,21.8,105.3,0.0,0.0,0.0,65.9,0.006,53.4,125818602.803,always_compile_evict,1.0
h=0/q0=0.4/p=0.5/r=1/sig=0/cf=10.5094,A_core,0.0,0.4,0.5,1.0,0.0,1.0,10.509389227369171,wiki_A,native,ours_pi_prior,11341211905.55,1.10478,4.5,17.6,85.5,0.0,0.0,0.0,50.0,0.005,42.6,98492951.894,always_compile_evict,1.0
h=0/q0=0.4/p=0.5/r=1/sig=0/cf=10.5094,A_core,0.0,0.4,0.5,1.0,0.0,1.0,10.509389227369171,wiki_A,native,breakeven,18355166182.213,1.78803,0.1,8.0,245.5,0.0,0.0,0.0,168.1,0.002,126.0,309324882.072,always_compile_evict,1.0
h=0/q0=0.4/p=0.5/r=1/sig=0/cf=10.5094,A_core,0.0,0.4,0.5,1.0,0.0,1.0,10.509389227369171,wiki_A,native,breakeven_cap_epoch,18611839721.194,1.813033,0.0,7.4,186.8,0.0,0.0,0.0,127.2,0.002,95.1,231594907.606,always_compile_evict,1.0
h=0/q0=0.4/p=0.5/r=1/sig=0/cf=10.5094,A_core,0.0,0.4,0.5,1.0,0.0,1.0,10.509389227369171,wiki_A,native,offline_taxblind,8166055689.191,0.795479,,,,,,,,,,,always_compile_evict,1.0
h=0/q0=0.4/p=0.5/r=1/sig=0/cf=10.5094,A_core,0.0,0.4,0.5,1.0,0.0,1.0,10.509389227369171,wiki_A,native,offline_opt_tax,8254365804.081,0.804082,,,,,,,,,,,always_compile_evict,1.0
h=0/q0=0.4/p=0.5/r=1/sig=0/cf=10.5094,A_core,0.0,0.4,0.5,1.0,0.0,1.0,10.509389227369171,wiki_B,autorpa_233k,always_reactive,16977748066.619,1.084866,0.0,0.0,0.0,0.0,0.0,0.0,0.0,0.002,0.0,0.0,ours_pi_prior,0.854672
h=0/q0=0.4/p=0.5/r=1/sig=0/cf=10.5094,A_core,0.0,0.4,0.5,1.0,0.0,1.0,10.509389227369171,wiki_B,autorpa_233k,always_compile_evict,18306325208.68,1.169761,112.9,128.6,2758.9,0.0,0.0,0.0,2361.5,0.045,1369.8,3354212397.731,ours_pi_prior,0.854672
h=0/q0=0.4/p=0.5/r=1/sig=0/cf=10.5094,A_core,0.0,0.4,0.5,1.0,0.0,1.0,10.509389227369171,wiki_B,autorpa_233k,ours_noinflate,15649624971.368,1.0,33.1,43.3,469.1,0.0,0.0,0.0,302.1,0.015,230.8,565157118.847,ours_pi_prior,0.854672
h=0/q0=0.4/p=0.5/r=1/sig=0/cf=10.5094,A_core,0.0,0.4,0.5,1.0,0.0,1.0,10.509389227369171,wiki_B,autorpa_233k,oracle_tax,15309934477.039,0.978294,91.8,91.8,186.4,0.0,0.0,0.0,94.6,0.032,94.6,231645855.472,ours_pi_prior,0.854672
h=0/q0=0.4/p=0.5/r=1/sig=0/cf=10.5094,A_core,0.0,0.4,0.5,1.0,0.0,1.0,10.509389227369171,wiki_B,autorpa_233k,ours_spend_cap,15651293678.124,1.000107,33.1,43.3,469.1,0.0,0.0,0.0,302.1,0.015,230.8,565157118.847,ours_pi_prior,0.854672
h=0/q0=0.4/p=0.5/r=1/sig=0/cf=10.5094,A_core,0.0,0.4,0.5,1.0,0.0,1.0,10.509389227369171,wiki_B,autorpa_233k,ours_cap_epoch,15651293678.124,1.000107,33.1,43.3,469.1,0.0,0.0,0.0,302.1,0.015,230.8,565157118.847,ours_pi_prior,0.854672
h=0/q0=0.4/p=0.5/r=1/sig=0/cf=10.5094,A_core,0.0,0.4,0.5,1.0,0.0,1.0,10.509389227369171,wiki_B,autorpa_233k,ours_cap_realized,15649828417.585,1.000013,33.1,43.3,469.1,0.0,0.0,0.0,302.1,0.015,230.8,565157118.847,ours_pi_prior,0.854672
h=0/q0=0.4/p=0.5/r=1/sig=0/cf=10.5094,A_core,0.0,0.4,0.5,1.0,0.0,1.0,10.509389227369171,wiki_B,autorpa_233k,ours_pi_prior,15645905148.632,0.999762,33.8,42.0,469.6,0.0,0.0,0.0,317.1,0.015,230.5,564422512.54,ours_pi_prior,0.854672
h=0/q0=0.4/p=0.5/r=1/sig=0/cf=10.5094,A_core,0.0,0.4,0.5,1.0,0.0,1.0,10.509389227369171,wiki_B,autorpa_233k,breakeven,17954493314.18,1.147279,7.3,16.4,961.2,0.0,0.0,0.0,692.2,0.005,475.9,1165330471.66,ours_pi_prior,0.854672
h=0/q0=0.4/p=0.5/r=1/sig=0/cf=10.5094,A_core,0.0,0.4,0.5,1.0,0.0,1.0,10.509389227369171,wiki_B,autorpa_233k,breakeven_cap_epoch,17708288901.772,1.131547,6.7,14.3,793.8,0.0,0.0,0.0,561.9,0.005,390.6,956457411.705,ours_pi_prior,0.854672
h=0/q0=0.4/p=0.5/r=1/sig=0/cf=10.5094,A_core,0.0,0.4,0.5,1.0,0.0,1.0,10.509389227369171,wiki_B,autorpa_233k,offline_taxblind,13777619650.766,0.88038,,,,,,,,,,,ours_pi_prior,0.854672
h=0/q0=0.4/p=0.5/r=1/sig=0/cf=10.5094,A_core,0.0,0.4,0.5,1.0,0.0,1.0,10.509389227369171,wiki_B,autorpa_233k,offline_opt_tax,14138049612.798,0.903411,,,,,,,,,,,ours_pi_prior,0.854672
h=0/q0=0.4/p=0.5/r=1/sig=0/cf=10.5094,A_core,0.0,0.4,0.5,1.0,0.0,1.0,10.509389227369171,wiki_B,native,always_reactive,16977748066.619,1.081557,0.0,0.0,0.0,0.0,0.0,0.0,0.0,0.002,0.0,0.0,ours_pi_prior,0.830058
h=0/q0=0.4/p=0.5/r=1/sig=0/cf=10.5094,A_core,0.0,0.4,0.5,1.0,0.0,1.0,10.509389227369171,wiki_B,native,always_compile_evict,18854124684.163,1.201091,115.4,129.2,2758.9,0.0,0.0,0.0,2364.9,0.045,1369.8,3837195401.511,ours_pi_prior,0.830058
h=0/q0=0.4/p=0.5/r=1/sig=0/cf=10.5094,A_core,0.0,0.4,0.5,1.0,0.0,1.0,10.509389227369171,wiki_B,native,ours_noinflate,15697504181.085,1.0,39.9,49.5,541.3,0.0,0.0,0.0,371.2,0.017,267.2,631573982.451,ours_pi_prior,0.830058
h=0/q0=0.4/p=0.5/r=1/sig=0/cf=10.5094,A_core,0.0,0.4,0.5,1.0,0.0,1.0,10.509389227369171,wiki_B,native,oracle_tax,15321032209.335,0.976017,91.3,91.3,185.2,0.0,0.0,0.0,93.9,0.032,93.9,241685668.899,ours_pi_prior,0.830058
h=0/q0=0.4/p=0.5/r=1/sig=0/cf=10.5094,A_core,0.0,0.4,0.5,1.0,0.0,1.0,10.509389227369171,wiki_B,native,ours_spend_cap,15699257958.593,1.000112,39.9,49.5,541.3,0.0,0.0,0.0,371.2,0.017,267.2,631573982.451,ours_pi_prior,0.830058
h=0/q0=0.4/p=0.5/r=1/sig=0/cf=10.5094,A_core,0.0,0.4,0.5,1.0,0.0,1.0,10.509389227369171,wiki_B,native,ours_cap_epoch,15699257958.593,1.000112,39.9,49.5,541.3,0.0,0.0,0.0,371.2,0.017,267.2,631573982.451,ours_pi_prior,0.830058
h=0/q0=0.4/p=0.5/r=1/sig=0/cf=10.5094,A_core,0.0,0.4,0.5,1.0,0.0,1.0,10.509389227369171,wiki_B,native,ours_cap_realized,15697771133.501,1.000017,39.9,49.5,541.3,0.0,0.0,0.0,371.2,0.017,267.2,631573982.451,ours_pi_prior,0.830058
h=0/q0=0.4/p=0.5/r=1/sig=0/cf=10.5094,A_core,0.0,0.4,0.5,1.0,0.0,1.0,10.509389227369171,wiki_B,native,ours_pi_prior,15650011915.465,0.996975,35.7,42.9,483.1,0.0,0.0,0.0,331.2,0.016,236.8,565395716.248,ours_pi_prior,0.830058
h=0/q0=0.4/p=0.5/r=1/sig=0/cf=10.5094,A_core,0.0,0.4,0.5,1.0,0.0,1.0,10.509389227369171,wiki_B,native,breakeven,17987944511.456,1.145911,7.1,15.7,975.3,0.0,0.0,0.0,713.3,0.005,483.3,1193878383.788,ours_pi_prior,0.830058
h=0/q0=0.4/p=0.5/r=1/sig=0/cf=10.5094,A_core,0.0,0.4,0.5,1.0,0.0,1.0,10.509389227369171,wiki_B,native,breakeven_cap_epoch,17739074864.101,1.130057,6.9,13.7,816.6,0.0,0.0,0.0,590.6,0.005,401.8,984671368.467,ours_pi_prior,0.830058
h=0/q0=0.4/p=0.5/r=1/sig=0/cf=10.5094,A_core,0.0,0.4,0.5,1.0,0.0,1.0,10.509389227369171,wiki_B,native,offline_taxblind,13791033636.011,0.878549,,,,,,,,,,,ours_pi_prior,0.830058
h=0/q0=0.4/p=0.5/r=1/sig=0/cf=10.5094,A_core,0.0,0.4,0.5,1.0,0.0,1.0,10.509389227369171,wiki_B,native,offline_opt_tax,14138668265.622,0.900695,,,,,,,,,,,ours_pi_prior,0.830058
h=0/q0=0.4/p=0.5/r=1/sig=0/cf=1,A_core,0.0,0.4,0.5,1.0,0.0,1.0,1.0,bpi2019,autorpa_233k,always_reactive,28364744721.458,1.810612,0.0,0.0,0.0,0.0,0.0,0.0,0.0,0.003,0.0,0.0,ours_pi_prior,0.991051
h=0/q0=0.4/p=0.5/r=1/sig=0/cf=1,A_core,0.0,0.4,0.5,1.0,0.0,1.0,1.0,bpi2019,autorpa_233k,always_compile_evict,15770925785.139,1.006709,86.3,121.2,3153.4,0.0,0.0,0.0,2619.5,0.129,1575.0,366975000.0,ours_pi_prior,0.991051
h=0/q0=0.4/p=0.5/r=1/sig=0/cf=1,A_core,0.0,0.4,0.5,1.0,0.0,1.0,1.0,bpi2019,autorpa_233k,ours_noinflate,15665829051.817,1.0,64.3,91.7,1643.2,0.0,0.0,0.0,1245.8,0.102,816.9,190337700.0,ours_pi_prior,0.991051
h=0/q0=0.4/p=0.5/r=1/sig=0/cf=1,A_core,0.0,0.4,0.5,1.0,0.0,1.0,1.0,bpi2019,autorpa_233k,oracle_tax,15946782442.532,1.017934,114.0,114.0,238.8,0.0,0.0,0.0,124.8,0.09,124.8,29078400.0,ours_pi_prior,0.991051
h=0/q0=0.4/p=0.5/r=1/sig=0/cf=1,A_core,0.0,0.4,0.5,1.0,0.0,1.0,1.0,bpi2019,autorpa_233k,ours_spend_cap,15666059310.716,1.000015,64.3,91.7,1643.2,0.0,0.0,0.0,1245.8,0.102,816.9,190337700.0,ours_pi_prior,0.991051
h=0/q0=0.4/p=0.5/r=1/sig=0/cf=1,A_core,0.0,0.4,0.5,1.0,0.0,1.0,1.0,bpi2019,autorpa_233k,ours_cap_epoch,15666059310.716,1.000015,64.3,91.7,1643.2,0.0,0.0,0.0,1245.8,0.102,816.9,190337700.0,ours_pi_prior,0.991051
h=0/q0=0.4/p=0.5/r=1/sig=0/cf=1,A_core,0.0,0.4,0.5,1.0,0.0,1.0,1.0,bpi2019,autorpa_233k,ours_cap_realized,15665829051.817,1.0,64.3,91.7,1643.2,0.0,0.0,0.0,1245.8,0.102,816.9,190337700.0,ours_pi_prior,0.991051
h=0/q0=0.4/p=0.5/r=1/sig=0/cf=1,A_core,0.0,0.4,0.5,1.0,0.0,1.0,1.0,bpi2019,autorpa_233k,ours_pi_prior,15629784397.103,0.997699,58.3,85.5,1489.6,0.0,0.0,0.0,1119.0,0.096,740.6,172559800.0,ours_pi_prior,0.991051
h=0/q0=0.4/p=0.5/r=1/sig=0/cf=1,A_core,0.0,0.4,0.5,1.0,0.0,1.0,1.0,bpi2019,autorpa_233k,breakeven,28015411926.145,1.788313,2.3,13.9,1243.0,0.0,0.0,0.0,942.7,0.006,621.4,144786200.0,ours_pi_prior,0.991051
h=0/q0=0.4/p=0.5/r=1/sig=0/cf=1,A_core,0.0,0.4,0.5,1.0,0.0,1.0,1.0,bpi2019,autorpa_233k,breakeven_cap_epoch,28014375551.215,1.788247,2.2,13.9,1231.5,0.0,0.0,0.0,932.0,0.006,615.4,143388200.0,ours_pi_prior,0.991051
h=0/q0=0.4/p=0.5/r=1/sig=0/cf=1,A_core,0.0,0.4,0.5,1.0,0.0,1.0,1.0,bpi2019,autorpa_233k,offline_taxblind,13123449841.782,0.837712,,,,,,,,,,,ours_pi_prior,0.991051
h=0/q0=0.4/p=0.5/r=1/sig=0/cf=1,A_core,0.0,0.4,0.5,1.0,0.0,1.0,1.0,bpi2019,autorpa_233k,offline_opt_tax,14092148042.037,0.899547,,,,,,,,,,,ours_pi_prior,0.991051
h=0/q0=0.4/p=0.5/r=1/sig=0/cf=1,A_core,0.0,0.4,0.5,1.0,0.0,1.0,1.0,bpi2019,native,always_reactive,28364744721.458,1.741634,0.0,0.0,0.0,0.0,0.0,0.0,0.0,0.003,0.0,0.0,always_compile_evict,1.0
h=0/q0=0.4/p=0.5/r=1/sig=0/cf=1,A_core,0.0,0.4,0.5,1.0,0.0,1.0,1.0,bpi2019,native,always_compile_evict,15930683671.921,0.978166,77.5,127.4,3153.4,0.0,0.0,0.0,2597.8,0.132,1575.0,410883665.887,always_compile_evict,1.0
h=0/q0=0.4/p=0.5/r=1/sig=0/cf=1,A_core,0.0,0.4,0.5,1.0,0.0,1.0,1.0,bpi2019,native,ours_noinflate,16286285214.78,1.0,59.9,88.0,1691.1,0.0,0.0,0.0,1300.6,0.091,843.0,195819226.476,always_compile_evict,1.0
h=0/q0=0.4/p=0.5/r=1/sig=0/cf=1,A_core,0.0,0.4,0.5,1.0,0.0,1.0,1.0,bpi2019,native,oracle_tax,15953451997.201,0.979564,113.4,113.4,236.4,0.0,0.0,0.0,123.0,0.09,123.0,31932545.696,always_compile_evict,1.0
h=0/q0=0.4/p=0.5/r=1/sig=0/cf=1,A_core,0.0,0.4,0.5,1.0,0.0,1.0,1.0,bpi2019,native,ours_spend_cap,16286534801.171,1.000015,59.9,88.0,1691.1,0.0,0.0,0.0,1300.8,0.091,843.0,195819226.476,always_compile_evict,1.0
h=0/q0=0.4/p=0.5/r=1/sig=0/cf=1,A_core,0.0,0.4,0.5,1.0,0.0,1.0,1.0,bpi2019,native,ours_cap_epoch,16286534801.171,1.000015,59.9,88.0,1691.1,0.0,0.0,0.0,1300.8,0.091,843.0,195819226.476,always_compile_evict,1.0
h=0/q0=0.4/p=0.5/r=1/sig=0/cf=1,A_core,0.0,0.4,0.5,1.0,0.0,1.0,1.0,bpi2019,native,ours_cap_realized,16286285171.754,1.0,59.9,88.0,1691.1,0.0,0.0,0.0,1300.6,0.091,843.0,195819226.476,always_compile_evict,1.0
h=0/q0=0.4/p=0.5/r=1/sig=0/cf=1,A_core,0.0,0.4,0.5,1.0,0.0,1.0,1.0,bpi2019,native,ours_pi_prior,16312883566.492,1.001633,55.8,86.4,1515.7,0.0,0.0,0.0,1146.1,0.087,754.1,177836931.594,always_compile_evict,1.0
h=0/q0=0.4/p=0.5/r=1/sig=0/cf=1,A_core,0.0,0.4,0.5,1.0,0.0,1.0,1.0,bpi2019,native,breakeven,27983234953.097,1.718209,3.0,12.7,1269.2,0.0,0.0,0.0,972.4,0.006,634.7,151485233.177,always_compile_evict,1.0
h=0/q0=0.4/p=0.5/r=1/sig=0/cf=1,A_core,0.0,0.4,0.5,1.0,0.0,1.0,1.0,bpi2019,native,breakeven_cap_epoch,27984580106.507,1.718291,3.0,12.6,1256.9,0.0,0.0,0.0,960.8,0.006,628.5,148986016.007,always_compile_evict,1.0
h=0/q0=0.4/p=0.5/r=1/sig=0/cf=1,A_core,0.0,0.4,0.5,1.0,0.0,1.0,1.0,bpi2019,native,offline_taxblind,13147005019.175,0.807244,,,,,,,,,,,always_compile_evict,1.0
h=0/q0=0.4/p=0.5/r=1/sig=0/cf=1,A_core,0.0,0.4,0.5,1.0,0.0,1.0,1.0,bpi2019,native,offline_opt_tax,14095311551.728,0.865471,,,,,,,,,,,always_compile_evict,1.0
h=0/q0=0.4/p=0.5/r=1/sig=0/cf=1,A_core,0.0,0.4,0.5,1.0,0.0,1.0,1.0,sepsis,autorpa_233k,always_reactive,187135368.565,1.112494,0.0,0.0,0.0,0.0,0.0,0.0,0.0,0.002,0.0,0.0,ours_noinflate,0.96677
h=0/q0=0.4/p=0.5/r=1/sig=0/cf=1,A_core,0.0,0.4,0.5,1.0,0.0,1.0,1.0,sepsis,autorpa_233k,always_compile_evict,173994296.358,1.034372,16.6,17.4,42.1,0.0,0.0,0.0,36.7,0.007,21.3,4962900.0,ours_noinflate,0.96677
h=0/q0=0.4/p=0.5/r=1/sig=0/cf=1,A_core,0.0,0.4,0.5,1.0,0.0,1.0,1.0,sepsis,autorpa_233k,ours_noinflate,168212496.977,1.0,5.5,5.5,11.4,0.0,0.0,0.0,8.2,0.004,5.9,1374700.0,ours_noinflate,0.96677
h=0/q0=0.4/p=0.5/r=1/sig=0/cf=1,A_core,0.0,0.4,0.5,1.0,0.0,1.0,1.0,sepsis,autorpa_233k,oracle_tax,167488231.933,0.995694,3.1,3.1,8.2,0.0,0.0,0.0,5.1,0.004,5.1,1188300.0,ours_noinflate,0.96677
h=0/q0=0.4/p=0.5/r=1/sig=0/cf=1,A_core,0.0,0.4,0.5,1.0,0.0,1.0,1.0,sepsis,autorpa_233k,ours_spend_cap,168212496.977,1.0,5.5,5.5,11.4,0.0,0.0,0.0,8.2,0.004,5.9,1374700.0,ours_noinflate,0.96677
h=0/q0=0.4/p=0.5/r=1/sig=0/cf=1,A_core,0.0,0.4,0.5,1.0,0.0,1.0,1.0,sepsis,autorpa_233k,ours_cap_epoch,168212496.977,1.0,5.5,5.5,11.4,0.0,0.0,0.0,8.2,0.004,5.9,1374700.0,ours_noinflate,0.96677
h=0/q0=0.4/p=0.5/r=1/sig=0/cf=1,A_core,0.0,0.4,0.5,1.0,0.0,1.0,1.0,sepsis,autorpa_233k,ours_cap_realized,168212496.977,1.0,5.5,5.5,11.4,0.0,0.0,0.0,8.2,0.004,5.9,1374700.0,ours_noinflate,0.96677
h=0/q0=0.4/p=0.5/r=1/sig=0/cf=1,A_core,0.0,0.4,0.5,1.0,0.0,1.0,1.0,sepsis,autorpa_233k,ours_pi_prior,168309415.86,1.000576,3.7,3.9,9.4,0.0,0.0,0.0,6.4,0.004,5.5,1281500.0,ours_noinflate,0.96677
h=0/q0=0.4/p=0.5/r=1/sig=0/cf=1,A_core,0.0,0.4,0.5,1.0,0.0,1.0,1.0,sepsis,autorpa_233k,breakeven,180853884.448,1.075151,2.0,2.1,9.0,0.0,0.0,0.0,5.8,0.003,5.0,1165000.0,ours_noinflate,0.96677
h=0/q0=0.4/p=0.5/r=1/sig=0/cf=1,A_core,0.0,0.4,0.5,1.0,0.0,1.0,1.0,sepsis,autorpa_233k,breakeven_cap_epoch,180853884.448,1.075151,2.0,2.1,9.0,0.0,0.0,0.0,5.8,0.003,5.0,1165000.0,ours_noinflate,0.96677
h=0/q0=0.4/p=0.5/r=1/sig=0/cf=1,A_core,0.0,0.4,0.5,1.0,0.0,1.0,1.0,sepsis,autorpa_233k,offline_taxblind,161551089.813,0.960399,,,,,,,,,,,ours_noinflate,0.96677
h=0/q0=0.4/p=0.5/r=1/sig=0/cf=1,A_core,0.0,0.4,0.5,1.0,0.0,1.0,1.0,sepsis,autorpa_233k,offline_opt_tax,162364954.72,0.965237,,,,,,,,,,,ours_noinflate,0.96677
h=0/q0=0.4/p=0.5/r=1/sig=0/cf=1,A_core,0.0,0.4,0.5,1.0,0.0,1.0,1.0,sepsis,native,always_reactive,187135368.565,1.111601,0.0,0.0,0.0,0.0,0.0,0.0,0.0,0.002,0.0,0.0,ours_noinflate,0.961779
h=0/q0=0.4/p=0.5/r=1/sig=0/cf=1,A_core,0.0,0.4,0.5,1.0,0.0,1.0,1.0,sepsis,native,always_compile_evict,175037671.372,1.03974,15.8,16.9,42.1,0.0,0.0,0.0,35.3,0.007,21.3,5734182.104,ours_noinflate,0.961779
h=0/q0=0.4/p=0.5/r=1/sig=0/cf=1,A_core,0.0,0.4,0.5,1.0,0.0,1.0,1.0,sepsis,native,ours_noinflate,168347598.789,1.0,6.0,6.0,12.5,0.0,0.0,0.0,9.3,0.004,6.5,1481917.735,ours_noinflate,0.961779
h=0/q0=0.4/p=0.5/r=1/sig=0/cf=1,A_core,0.0,0.4,0.5,1.0,0.0,1.0,1.0,sepsis,native,oracle_tax,167482706.879,0.994862,3.1,3.1,8.0,0.0,0.0,0.0,4.9,0.004,4.9,1166858.404,ours_noinflate,0.961779
h=0/q0=0.4/p=0.5/r=1/sig=0/cf=1,A_core,0.0,0.4,0.5,1.0,0.0,1.0,1.0,sepsis,native,ours_spend_cap,168347598.789,1.0,6.0,6.0,12.5,0.0,0.0,0.0,9.3,0.004,6.5,1481917.735,ours_noinflate,0.961779
h=0/q0=0.4/p=0.5/r=1/sig=0/cf=1,A_core,0.0,0.4,0.5,1.0,0.0,1.0,1.0,sepsis,native,ours_cap_epoch,168347598.789,1.0,6.0,6.0,12.5,0.0,0.0,0.0,9.3,0.004,6.5,1481917.735,ours_noinflate,0.961779
h=0/q0=0.4/p=0.5/r=1/sig=0/cf=1,A_core,0.0,0.4,0.5,1.0,0.0,1.0,1.0,sepsis,native,ours_cap_realized,168347598.789,1.0,6.0,6.0,12.5,0.0,0.0,0.0,9.3,0.004,6.5,1481917.735,ours_noinflate,0.961779
h=0/q0=0.4/p=0.5/r=1/sig=0/cf=1,A_core,0.0,0.4,0.5,1.0,0.0,1.0,1.0,sepsis,native,ours_pi_prior,168622465.002,1.001633,3.9,4.1,9.7,0.0,0.0,0.0,6.8,0.004,5.6,1324130.225,ours_noinflate,0.961779
h=0/q0=0.4/p=0.5/r=1/sig=0/cf=1,A_core,0.0,0.4,0.5,1.0,0.0,1.0,1.0,sepsis,native,breakeven,180796804.171,1.073949,2.1,2.2,9.0,0.0,0.0,0.0,5.8,0.003,4.9,1138591.694,ours_noinflate,0.961779
h=0/q0=0.4/p=0.5/r=1/sig=0/cf=1,A_core,0.0,0.4,0.5,1.0,0.0,1.0,1.0,sepsis,native,breakeven_cap_epoch,180796804.171,1.073949,2.1,2.2,9.0,0.0,0.0,0.0,5.8,0.003,4.9,1138591.694,ours_noinflate,0.961779
h=0/q0=0.4/p=0.5/r=1/sig=0/cf=1,A_core,0.0,0.4,0.5,1.0,0.0,1.0,1.0,sepsis,native,offline_taxblind,161642298.809,0.96017,,,,,,,,,,,ours_noinflate,0.961779
h=0/q0=0.4/p=0.5/r=1/sig=0/cf=1,A_core,0.0,0.4,0.5,1.0,0.0,1.0,1.0,sepsis,native,offline_opt_tax,162467728.862,0.965073,,,,,,,,,,,ours_noinflate,0.961779
h=0/q0=0.4/p=0.5/r=1/sig=0/cf=1,A_core,0.0,0.4,0.5,1.0,0.0,1.0,1.0,wiki_A,autorpa_233k,always_reactive,19487424199.81,2.316672,0.0,0.0,0.0,0.0,0.0,0.0,0.0,0.001,0.0,0.0,ours_noinflate,0.999624
h=0/q0=0.4/p=0.5/r=1/sig=0/cf=1,A_core,0.0,0.4,0.5,1.0,0.0,1.0,1.0,wiki_A,autorpa_233k,always_compile_evict,8414985177.56,1.000377,18.2,57.6,531.0,0.0,0.0,0.0,415.6,0.019,264.8,61698400.0,ours_noinflate,0.999624
h=0/q0=0.4/p=0.5/r=1/sig=0/cf=1,A_core,0.0,0.4,0.5,1.0,0.0,1.0,1.0,wiki_A,autorpa_233k,ours_noinflate,8411817701.861,1.0,15.8,45.0,290.1,0.0,0.0,0.0,202.6,0.014,148.4,34577200.0,ours_noinflate,0.999624
h=0/q0=0.4/p=0.5/r=1/sig=0/cf=1,A_core,0.0,0.4,0.5,1.0,0.0,1.0,1.0,wiki_A,autorpa_233k,oracle_tax,8508536108.815,1.011498,45.5,45.5,92.1,0.0,0.0,0.0,46.6,0.025,46.6,10857800.0,ours_noinflate,0.999624
h=0/q0=0.4/p=0.5/r=1/sig=0/cf=1,A_core,0.0,0.4,0.5,1.0,0.0,1.0,1.0,wiki_A,autorpa_233k,ours_spend_cap,8411962342.119,1.000017,15.8,45.0,290.1,0.0,0.0,0.0,202.6,0.014,148.4,34577200.0,ours_noinflate,0.999624
h=0/q0=0.4/p=0.5/r=1/sig=0/cf=1,A_core,0.0,0.4,0.5,1.0,0.0,1.0,1.0,wiki_A,autorpa_233k,ours_cap_epoch,8411962342.119,1.000017,15.8,45.0,290.1,0.0,0.0,0.0,202.6,0.014,148.4,34577200.0,ours_noinflate,0.999624
h=0/q0=0.4/p=0.5/r=1/sig=0/cf=1,A_core,0.0,0.4,0.5,1.0,0.0,1.0,1.0,wiki_A,autorpa_233k,ours_cap_realized,8411817701.861,1.0,15.8,45.0,290.1,0.0,0.0,0.0,202.6,0.014,148.4,34577200.0,ours_noinflate,0.999624
h=0/q0=0.4/p=0.5/r=1/sig=0/cf=1,A_core,0.0,0.4,0.5,1.0,0.0,1.0,1.0,wiki_A,autorpa_233k,ours_pi_prior,8682699485.641,1.032203,15.1,43.2,261.2,0.0,0.0,0.0,178.6,0.013,133.5,31105500.0,ours_noinflate,0.999624
h=0/q0=0.4/p=0.5/r=1/sig=0/cf=1,A_core,0.0,0.4,0.5,1.0,0.0,1.0,1.0,wiki_A,autorpa_233k,breakeven,18072581580.262,2.148475,0.0,7.3,240.0,0.0,0.0,0.0,163.4,0.002,122.4,28519200.0,ours_noinflate,0.999624
h=0/q0=0.4/p=0.5/r=1/sig=0/cf=1,A_core,0.0,0.4,0.5,1.0,0.0,1.0,1.0,wiki_A,autorpa_233k,breakeven_cap_epoch,18073992297.539,2.148643,0.0,7.2,238.3,0.0,0.0,0.0,163.1,0.002,121.5,28309500.0,ours_noinflate,0.999624
h=0/q0=0.4/p=0.5/r=1/sig=0/cf=1,A_core,0.0,0.4,0.5,1.0,0.0,1.0,1.0,wiki_A,autorpa_233k,offline_taxblind,8160974096.645,0.97018,,,,,,,,,,,ours_noinflate,0.999624
h=0/q0=0.4/p=0.5/r=1/sig=0/cf=1,A_core,0.0,0.4,0.5,1.0,0.0,1.0,1.0,wiki_A,autorpa_233k,offline_opt_tax,8253629479.214,0.981195,,,,,,,,,,,ours_noinflate,0.999624
h=0/q0=0.4/p=0.5/r=1/sig=0/cf=1,A_core,0.0,0.4,0.5,1.0,0.0,1.0,1.0,wiki_A,native,always_reactive,19487424199.81,2.305558,0.0,0.0,0.0,0.0,0.0,0.0,0.0,0.001,0.0,0.0,always_compile_evict,1.0
h=0/q0=0.4/p=0.5/r=1/sig=0/cf=1,A_core,0.0,0.4,0.5,1.0,0.0,1.0,1.0,wiki_A,native,always_compile_evict,8435020188.168,0.997948,19.1,65.3,531.0,0.0,0.0,0.0,414.6,0.019,264.8,69353531.136,always_compile_evict,1.0
h=0/q0=0.4/p=0.5/r=1/sig=0/cf=1,A_core,0.0,0.4,0.5,1.0,0.0,1.0,1.0,wiki_A,native,ours_noinflate,8452367634.962,1.0,12.9,42.4,302.4,0.0,0.0,0.0,210.4,0.014,155.0,35145283.713,always_compile_evict,1.0
h=0/q0=0.4/p=0.5/r=1/sig=0/cf=1,A_core,0.0,0.4,0.5,1.0,0.0,1.0,1.0,wiki_A,native,oracle_tax,8509719978.503,1.006785,44.3,44.3,89.4,0.0,0.0,0.0,45.1,0.025,45.1,11155435.604,always_compile_evict,1.0
h=0/q0=0.4/p=0.5/r=1/sig=0/cf=1,A_core,0.0,0.4,0.5,1.0,0.0,1.0,1.0,wiki_A,native,ours_spend_cap,8452512366.22,1.000017,12.9,42.4,302.4,0.0,0.0,0.0,210.4,0.014,155.0,35145283.713,always_compile_evict,1.0
h=0/q0=0.4/p=0.5/r=1/sig=0/cf=1,A_core,0.0,0.4,0.5,1.0,0.0,1.0,1.0,wiki_A,native,ours_cap_epoch,8452512366.22,1.000017,12.9,42.4,302.4,0.0,0.0,0.0,210.4,0.014,155.0,35145283.713,always_compile_evict,1.0
h=0/q0=0.4/p=0.5/r=1/sig=0/cf=1,A_core,0.0,0.4,0.5,1.0,0.0,1.0,1.0,wiki_A,native,ours_cap_realized,8452367634.962,1.0,12.9,42.4,302.4,0.0,0.0,0.0,210.4,0.014,155.0,35145283.713,always_compile_evict,1.0
h=0/q0=0.4/p=0.5/r=1/sig=0/cf=1,A_core,0.0,0.4,0.5,1.0,0.0,1.0,1.0,wiki_A,native,ours_pi_prior,8799927210.219,1.04112,13.2,40.6,274.1,0.0,0.0,0.0,189.7,0.012,139.5,30945171.687,always_compile_evict,1.0
h=0/q0=0.4/p=0.5/r=1/sig=0/cf=1,A_core,0.0,0.4,0.5,1.0,0.0,1.0,1.0,wiki_A,native,breakeven,18075274493.202,2.138487,0.1,8.0,245.5,0.0,0.0,0.0,168.1,0.002,126.0,29433193.06,always_compile_evict,1.0
h=0/q0=0.4/p=0.5/r=1/sig=0/cf=1,A_core,0.0,0.4,0.5,1.0,0.0,1.0,1.0,wiki_A,native,breakeven_cap_epoch,18079970786.819,2.139042,0.0,7.9,243.5,0.0,0.0,0.0,167.5,0.002,125.1,29026242.603,always_compile_evict,1.0
h=0/q0=0.4/p=0.5/r=1/sig=0/cf=1,A_core,0.0,0.4,0.5,1.0,0.0,1.0,1.0,wiki_A,native,offline_taxblind,8166055689.191,0.966126,,,,,,,,,,,always_compile_evict,1.0
h=0/q0=0.4/p=0.5/r=1/sig=0/cf=1,A_core,0.0,0.4,0.5,1.0,0.0,1.0,1.0,wiki_A,native,offline_opt_tax,8254365804.081,0.976574,,,,,,,,,,,always_compile_evict,1.0
h=0/q0=0.4/p=0.5/r=1/sig=0/cf=1,A_core,0.0,0.4,0.5,1.0,0.0,1.0,1.0,wiki_B,autorpa_233k,always_reactive,16977748066.619,1.13948,0.0,0.0,0.0,0.0,0.0,0.0,0.0,0.002,0.0,0.0,ours_pi_prior,0.975501
h=0/q0=0.4/p=0.5/r=1/sig=0/cf=1,A_core,0.0,0.4,0.5,1.0,0.0,1.0,1.0,wiki_B,autorpa_233k,always_compile_evict,15271276210.951,1.024948,112.9,128.6,2758.9,0.0,0.0,0.0,2361.5,0.054,1369.8,319163400.0,ours_pi_prior,0.975501
h=0/q0=0.4/p=0.5/r=1/sig=0/cf=1,A_core,0.0,0.4,0.5,1.0,0.0,1.0,1.0,wiki_B,autorpa_233k,ours_noinflate,14899556295.306,1.0,86.6,98.0,1457.5,0.0,0.0,0.0,1117.0,0.039,724.2,168738600.0,ours_pi_prior,0.975501
h=0/q0=0.4/p=0.5/r=1/sig=0/cf=1,A_core,0.0,0.4,0.5,1.0,0.0,1.0,1.0,wiki_B,autorpa_233k,oracle_tax,15100330421.567,1.013475,91.8,91.8,186.4,0.0,0.0,0.0,94.6,0.033,94.6,22041800.0,ours_pi_prior,0.975501
h=0/q0=0.4/p=0.5/r=1/sig=0/cf=1,A_core,0.0,0.4,0.5,1.0,0.0,1.0,1.0,wiki_B,autorpa_233k,ours_spend_cap,14899546182.087,0.999999,86.6,98.0,1457.5,0.0,0.0,0.0,1117.0,0.039,724.2,168738600.0,ours_pi_prior,0.975501
h=0/q0=0.4/p=0.5/r=1/sig=0/cf=1,A_core,0.0,0.4,0.5,1.0,0.0,1.0,1.0,wiki_B,autorpa_233k,ours_cap_epoch,14899546182.087,0.999999,86.6,98.0,1457.5,0.0,0.0,0.0,1117.0,0.039,724.2,168738600.0,ours_pi_prior,0.975501
h=0/q0=0.4/p=0.5/r=1/sig=0/cf=1,A_core,0.0,0.4,0.5,1.0,0.0,1.0,1.0,wiki_B,autorpa_233k,ours_cap_realized,14899556295.306,1.0,86.6,98.0,1457.5,0.0,0.0,0.0,1117.0,0.039,724.2,168738600.0,ours_pi_prior,0.975501
h=0/q0=0.4/p=0.5/r=1/sig=0/cf=1,A_core,0.0,0.4,0.5,1.0,0.0,1.0,1.0,wiki_B,autorpa_233k,ours_pi_prior,14897138672.475,0.999838,82.6,91.4,1334.9,0.0,0.0,0.0,1018.0,0.036,665.9,155154700.0,ours_pi_prior,0.975501
h=0/q0=0.4/p=0.5/r=1/sig=0/cf=1,A_core,0.0,0.4,0.5,1.0,0.0,1.0,1.0,wiki_B,autorpa_233k,breakeven,16900047542.521,1.134265,7.3,16.4,961.2,0.0,0.0,0.0,692.2,0.005,475.9,110884700.0,ours_pi_prior,0.975501
h=0/q0=0.4/p=0.5/r=1/sig=0/cf=1,A_core,0.0,0.4,0.5,1.0,0.0,1.0,1.0,wiki_B,autorpa_233k,breakeven_cap_epoch,16899773727.754,1.134247,7.2,16.4,959.4,0.0,0.0,0.0,690.7,0.005,475.3,110744900.0,ours_pi_prior,0.975501
h=0/q0=0.4/p=0.5/r=1/sig=0/cf=1,A_core,0.0,0.4,0.5,1.0,0.0,1.0,1.0,wiki_B,autorpa_233k,offline_taxblind,13777619650.766,0.9247,,,,,,,,,,,ours_pi_prior,0.975501
h=0/q0=0.4/p=0.5/r=1/sig=0/cf=1,A_core,0.0,0.4,0.5,1.0,0.0,1.0,1.0,wiki_B,autorpa_233k,offline_opt_tax,14138049612.798,0.948891,,,,,,,,,,,ours_pi_prior,0.975501
h=0/q0=0.4/p=0.5/r=1/sig=0/cf=1,A_core,0.0,0.4,0.5,1.0,0.0,1.0,1.0,wiki_B,native,always_reactive,16977748066.619,1.138049,0.0,0.0,0.0,0.0,0.0,0.0,0.0,0.002,0.0,0.0,ours_pi_prior,0.969631
h=0/q0=0.4/p=0.5/r=1/sig=0/cf=1,A_core,0.0,0.4,0.5,1.0,0.0,1.0,1.0,wiki_B,native,always_compile_evict,15382049968.405,1.031087,115.4,129.2,2758.9,0.0,0.0,0.0,2364.9,0.055,1369.8,365120685.75,ours_pi_prior,0.969631
h=0/q0=0.4/p=0.5/r=1/sig=0/cf=1,A_core,0.0,0.4,0.5,1.0,0.0,1.0,1.0,wiki_B,native,ours_noinflate,14918288286.825,1.0,84.2,96.2,1504.3,0.0,0.0,0.0,1165.9,0.038,745.4,173367181.725,ours_pi_prior,0.969631
h=0/q0=0.4/p=0.5/r=1/sig=0/cf=1,A_core,0.0,0.4,0.5,1.0,0.0,1.0,1.0,wiki_B,native,oracle_tax,15102343658.886,1.012338,91.3,91.3,185.2,0.0,0.0,0.0,93.9,0.032,93.9,22997118.45,ours_pi_prior,0.969631
h=0/q0=0.4/p=0.5/r=1/sig=0/cf=1,A_core,0.0,0.4,0.5,1.0,0.0,1.0,1.0,wiki_B,native,ours_spend_cap,14918272291.473,0.999999,84.2,96.2,1504.3,0.0,0.0,0.0,1165.9,0.038,745.4,173367181.725,ours_pi_prior,0.969631
h=0/q0=0.4/p=0.5/r=1/sig=0/cf=1,A_core,0.0,0.4,0.5,1.0,0.0,1.0,1.0,wiki_B,native,ours_cap_epoch,14918272291.473,0.999999,84.2,96.2,1504.3,0.0,0.0,0.0,1165.9,0.038,745.4,173367181.725,ours_pi_prior,0.969631
h=0/q0=0.4/p=0.5/r=1/sig=0/cf=1,A_core,0.0,0.4,0.5,1.0,0.0,1.0,1.0,wiki_B,native,ours_cap_realized,14918288286.825,1.0,84.2,96.2,1504.3,0.0,0.0,0.0,1165.9,0.038,745.4,173367181.725,ours_pi_prior,0.969631
h=0/q0=0.4/p=0.5/r=1/sig=0/cf=1,A_core,0.0,0.4,0.5,1.0,0.0,1.0,1.0,wiki_B,native,ours_pi_prior,14914912551.498,0.999774,81.4,91.1,1378.5,0.0,0.0,0.0,1064.1,0.035,685.3,160004817.486,ours_pi_prior,0.969631
h=0/q0=0.4/p=0.5/r=1/sig=0/cf=1,A_core,0.0,0.4,0.5,1.0,0.0,1.0,1.0,wiki_B,native,breakeven,16907667247.388,1.133352,7.1,15.7,975.3,0.0,0.0,0.0,713.3,0.005,483.3,113601119.719,ours_pi_prior,0.969631
h=0/q0=0.4/p=0.5/r=1/sig=0/cf=1,A_core,0.0,0.4,0.5,1.0,0.0,1.0,1.0,wiki_B,native,breakeven_cap_epoch,16907997496.439,1.133374,7.1,15.7,970.1,0.0,0.0,0.0,709.0,0.005,480.6,112518470.852,ours_pi_prior,0.969631
h=0/q0=0.4/p=0.5/r=1/sig=0/cf=1,A_core,0.0,0.4,0.5,1.0,0.0,1.0,1.0,wiki_B,native,offline_taxblind,13791033636.011,0.924438,,,,,,,,,,,ours_pi_prior,0.969631
h=0/q0=0.4/p=0.5/r=1/sig=0/cf=1,A_core,0.0,0.4,0.5,1.0,0.0,1.0,1.0,wiki_B,native,offline_opt_tax,14138668265.622,0.947741,,,,,,,,,,,ours_pi_prior,0.969631
h=0/q0=0.4/p=0/r=1/sig=0/cf=10.5094,A_core,0.0,0.4,0.0,1.0,0.0,1.0,10.509389227369171,bpi2019,autorpa_233k,always_reactive,28364744721.458,0.932387,0.0,0.0,0.0,0.0,0.0,0.0,0.0,0.003,0.0,0.0,always_reactive,0.046633
h=0/q0=0.4/p=0/r=1/sig=0/cf=10.5094,A_core,0.0,0.4,0.0,1.0,0.0,1.0,10.509389227369171,bpi2019,autorpa_233k,always_compile_evict,608258066088.321,19.994255,0.0,0.0,236818.0,0.0,0.0,0.0,236818.0,0.0,236818.0,579893321364.895,always_reactive,0.046633
h=0/q0=0.4/p=0/r=1/sig=0/cf=10.5094,A_core,0.0,0.4,0.0,1.0,0.0,1.0,10.509389227369171,bpi2019,autorpa_233k,ours_noinflate,30421642381.033,1.0,0.0,0.0,840.0,0.0,0.0,0.0,840.0,0.003,840.0,2056897659.581,always_reactive,0.046633
h=0/q0=0.4/p=0/r=1/sig=0/cf=10.5094,A_core,0.0,0.4,0.0,1.0,0.0,1.0,10.509389227369171,bpi2019,autorpa_233k,oracle_tax,28364744721.458,0.932387,0.0,0.0,0.0,0.0,0.0,0.0,0.0,0.003,0.0,0.0,always_reactive,0.046633
h=0/q0=0.4/p=0/r=1/sig=0/cf=10.5094,A_core,0.0,0.4,0.0,1.0,0.0,1.0,10.509389227369171,bpi2019,autorpa_233k,ours_spend_cap,30421642381.033,1.0,0.0,0.0,840.0,0.0,0.0,0.0,840.0,0.003,840.0,2056897659.581,always_reactive,0.046633
h=0/q0=0.4/p=0/r=1/sig=0/cf=10.5094,A_core,0.0,0.4,0.0,1.0,0.0,1.0,10.509389227369171,bpi2019,autorpa_233k,ours_cap_epoch,30421642381.033,1.0,0.0,0.0,840.0,0.0,0.0,0.0,840.0,0.003,840.0,2056897659.581,always_reactive,0.046633
h=0/q0=0.4/p=0/r=1/sig=0/cf=10.5094,A_core,0.0,0.4,0.0,1.0,0.0,1.0,10.509389227369171,bpi2019,autorpa_233k,ours_cap_realized,30421642381.033,1.0,0.0,0.0,840.0,0.0,0.0,0.0,840.0,0.003,840.0,2056897659.581,always_reactive,0.046633
h=0/q0=0.4/p=0/r=1/sig=0/cf=10.5094,A_core,0.0,0.4,0.0,1.0,0.0,1.0,10.509389227369171,bpi2019,autorpa_233k,ours_pi_prior,30566114954.741,1.004749,0.0,0.0,899.0,0.0,0.0,0.0,899.0,0.003,899.0,2201370233.289,always_reactive,0.046633
h=0/q0=0.4/p=0/r=1/sig=0/cf=10.5094,A_core,0.0,0.4,0.0,1.0,0.0,1.0,10.509389227369171,bpi2019,autorpa_233k,breakeven,166835584901.795,5.484108,0.0,0.0,56549.0,0.0,0.0,0.0,56549.0,0.001,56549.0,138470840180.515,always_reactive,0.046633
h=0/q0=0.4/p=0/r=1/sig=0/cf=10.5094,A_core,0.0,0.4,0.0,1.0,0.0,1.0,10.509389227369171,bpi2019,autorpa_233k,breakeven_cap_epoch,32135723764.011,1.056344,0.0,0.0,1540.0,0.0,0.0,0.0,1540.0,0.003,1540.0,3770979042.565,always_reactive,0.046633
h=0/q0=0.4/p=0/r=1/sig=0/cf=10.5094,A_core,0.0,0.4,0.0,1.0,0.0,1.0,10.509389227369171,bpi2019,autorpa_233k,offline_taxblind,28364744721.522,0.932387,,,,,,,,,,,always_reactive,0.046633
h=0/q0=0.4/p=0/r=1/sig=0/cf=10.5094,A_core,0.0,0.4,0.0,1.0,0.0,1.0,10.509389227369171,bpi2019,autorpa_233k,offline_opt_tax,28364744721.516,0.932387,,,,,,,,,,,always_reactive,0.046633
h=0/q0=0.4/p=0/r=1/sig=0/cf=10.5094,A_core,0.0,0.4,0.0,1.0,0.0,1.0,10.509389227369171,bpi2019,native,always_reactive,28364744721.458,0.927041,0.0,0.0,0.0,0.0,0.0,0.0,0.0,0.003,0.0,0.0,always_reactive,0.036059
h=0/q0=0.4/p=0/r=1/sig=0/cf=10.5094,A_core,0.0,0.4,0.0,1.0,0.0,1.0,10.509389227369171,bpi2019,native,always_compile_evict,786629619891.115,25.709294,0.0,0.0,236818.0,0.0,0.0,0.0,236818.0,0.0,236818.0,758264875166.386,always_reactive,0.036059
h=0/q0=0.4/p=0/r=1/sig=0/cf=10.5094,A_core,0.0,0.4,0.0,1.0,0.0,1.0,10.509389227369171,bpi2019,native,ours_noinflate,30597090939.862,1.0,0.0,0.0,928.0,0.0,0.0,0.0,928.0,0.003,928.0,2232346218.41,always_reactive,0.036059
h=0/q0=0.4/p=0/r=1/sig=0/cf=10.5094,A_core,0.0,0.4,0.0,1.0,0.0,1.0,10.509389227369171,bpi2019,native,oracle_tax,28364744721.458,0.927041,0.0,0.0,0.0,0.0,0.0,0.0,0.0,0.003,0.0,0.0,always_reactive,0.036059
h=0/q0=0.4/p=0/r=1/sig=0/cf=10.5094,A_core,0.0,0.4,0.0,1.0,0.0,1.0,10.509389227369171,bpi2019,native,ours_spend_cap,30597090939.862,1.0,0.0,0.0,928.0,0.0,0.0,0.0,928.0,0.003,928.0,2232346218.41,always_reactive,0.036059
h=0/q0=0.4/p=0/r=1/sig=0/cf=10.5094,A_core,0.0,0.4,0.0,1.0,0.0,1.0,10.509389227369171,bpi2019,native,ours_cap_epoch,30597090939.862,1.0,0.0,0.0,928.0,0.0,0.0,0.0,928.0,0.003,928.0,2232346218.41,always_reactive,0.036059
h=0/q0=0.4/p=0/r=1/sig=0/cf=10.5094,A_core,0.0,0.4,0.0,1.0,0.0,1.0,10.509389227369171,bpi2019,native,ours_cap_realized,30597090939.862,1.0,0.0,0.0,928.0,0.0,0.0,0.0,928.0,0.003,928.0,2232346218.41,always_reactive,0.036059
h=0/q0=0.4/p=0/r=1/sig=0/cf=10.5094,A_core,0.0,0.4,0.0,1.0,0.0,1.0,10.509389227369171,bpi2019,native,ours_pi_prior,30572837908.481,0.999207,0.0,0.0,910.0,0.0,0.0,0.0,910.0,0.003,910.0,2208093187.029,always_reactive,0.036059
h=0/q0=0.4/p=0/r=1/sig=0/cf=10.5094,A_core,0.0,0.4,0.0,1.0,0.0,1.0,10.509389227369171,bpi2019,native,breakeven,167376181768.412,5.47033,0.0,0.0,54555.0,0.0,0.0,0.0,54555.0,0.001,54555.0,139011437046.851,always_reactive,0.036059
h=0/q0=0.4/p=0/r=1/sig=0/cf=10.5094,A_core,0.0,0.4,0.0,1.0,0.0,1.0,10.509389227369171,bpi2019,native,breakeven_cap_epoch,32347537721.624,1.05721,0.0,0.0,1619.0,0.0,0.0,0.0,1619.0,0.003,1619.0,3982793000.177,always_reactive,0.036059
h=0/q0=0.4/p=0/r=1/sig=0/cf=10.5094,A_core,0.0,0.4,0.0,1.0,0.0,1.0,10.509389227369171,bpi2019,native,offline_taxblind,28364744721.522,0.927041,,,,,,,,,,,always_reactive,0.036059
h=0/q0=0.4/p=0/r=1/sig=0/cf=10.5094,A_core,0.0,0.4,0.0,1.0,0.0,1.0,10.509389227369171,bpi2019,native,offline_opt_tax,28364744721.516,0.927041,,,,,,,,,,,always_reactive,0.036059
h=0/q0=0.4/p=0/r=1/sig=0/cf=10.5094,A_core,0.0,0.4,0.0,1.0,0.0,1.0,10.509389227369171,sepsis,autorpa_233k,always_reactive,187135368.565,0.88429,0.0,0.0,0.0,0.0,0.0,0.0,0.0,0.002,0.0,0.0,always_reactive,0.349884
h=0/q0=0.4/p=0/r=1/sig=0/cf=10.5094,A_core,0.0,0.4,0.0,1.0,0.0,1.0,10.509389227369171,sepsis,autorpa_233k,always_compile_evict,534849020.541,2.527376,0.0,0.0,142.0,0.0,0.0,0.0,142.0,0.001,142.0,347713651.977,always_reactive,0.349884
h=0/q0=0.4/p=0/r=1/sig=0/cf=10.5094,A_core,0.0,0.4,0.0,1.0,0.0,1.0,10.509389227369171,sepsis,autorpa_233k,ours_noinflate,211622245.464,1.0,0.0,0.0,10.0,0.0,0.0,0.0,10.0,0.002,10.0,24486876.9,always_reactive,0.349884
h=0/q0=0.4/p=0/r=1/sig=0/cf=10.5094,A_core,0.0,0.4,0.0,1.0,0.0,1.0,10.509389227369171,sepsis,autorpa_233k,oracle_tax,187135368.565,0.88429,0.0,0.0,0.0,0.0,0.0,0.0,0.0,0.002,0.0,0.0,always_reactive,0.349884
h=0/q0=0.4/p=0/r=1/sig=0/cf=10.5094,A_core,0.0,0.4,0.0,1.0,0.0,1.0,10.509389227369171,sepsis,autorpa_233k,ours_spend_cap,211622245.464,1.0,0.0,0.0,10.0,0.0,0.0,0.0,10.0,0.002,10.0,24486876.9,always_reactive,0.349884
h=0/q0=0.4/p=0/r=1/sig=0/cf=10.5094,A_core,0.0,0.4,0.0,1.0,0.0,1.0,10.509389227369171,sepsis,autorpa_233k,ours_cap_epoch,211622245.464,1.0,0.0,0.0,10.0,0.0,0.0,0.0,10.0,0.002,10.0,24486876.9,always_reactive,0.349884
h=0/q0=0.4/p=0/r=1/sig=0/cf=10.5094,A_core,0.0,0.4,0.0,1.0,0.0,1.0,10.509389227369171,sepsis,autorpa_233k,ours_cap_realized,211622245.464,1.0,0.0,0.0,10.0,0.0,0.0,0.0,10.0,0.002,10.0,24486876.9,always_reactive,0.349884
h=0/q0=0.4/p=0/r=1/sig=0/cf=10.5094,A_core,0.0,0.4,0.0,1.0,0.0,1.0,10.509389227369171,sepsis,autorpa_233k,ours_pi_prior,199378807.014,0.942145,0.0,0.0,5.0,0.0,0.0,0.0,5.0,0.002,5.0,12243438.45,always_reactive,0.349884
h=0/q0=0.4/p=0/r=1/sig=0/cf=10.5094,A_core,0.0,0.4,0.0,1.0,0.0,1.0,10.509389227369171,sepsis,autorpa_233k,breakeven,336505317.653,1.590123,0.0,0.0,61.0,0.0,0.0,0.0,61.0,0.001,61.0,149369949.089,always_reactive,0.349884
h=0/q0=0.4/p=0/r=1/sig=0/cf=10.5094,A_core,0.0,0.4,0.0,1.0,0.0,1.0,10.509389227369171,sepsis,autorpa_233k,breakeven_cap_epoch,223865683.914,1.057855,0.0,0.0,15.0,0.0,0.0,0.0,15.0,0.002,15.0,36730315.35,always_reactive,0.349884
h=0/q0=0.4/p=0/r=1/sig=0/cf=10.5094,A_core,0.0,0.4,0.0,1.0,0.0,1.0,10.509389227369171,sepsis,autorpa_233k,offline_taxblind,187135368.565,0.88429,,,,,,,,,,,always_reactive,0.349884
h=0/q0=0.4/p=0/r=1/sig=0/cf=10.5094,A_core,0.0,0.4,0.0,1.0,0.0,1.0,10.509389227369171,sepsis,autorpa_233k,offline_opt_tax,187135368.565,0.88429,,,,,,,,,,,always_reactive,0.349884
h=0/q0=0.4/p=0/r=1/sig=0/cf=10.5094,A_core,0.0,0.4,0.0,1.0,0.0,1.0,10.509389227369171,sepsis,native,always_reactive,187135368.565,0.882041,0.0,0.0,0.0,0.0,0.0,0.0,0.0,0.002,0.0,0.0,always_reactive,0.328719
h=0/q0=0.4/p=0/r=1/sig=0/cf=10.5094,A_core,0.0,0.4,0.0,1.0,0.0,1.0,10.509389227369171,sepsis,native,always_compile_evict,569286043.47,2.683263,0.0,0.0,142.0,0.0,0.0,0.0,142.0,0.001,142.0,382150674.905,always_reactive,0.328719
h=0/q0=0.4/p=0/r=1/sig=0/cf=10.5094,A_core,0.0,0.4,0.0,1.0,0.0,1.0,10.509389227369171,sepsis,native,ours_noinflate,212161836.201,1.0,0.0,0.0,10.0,0.0,0.0,0.0,10.0,0.002,10.0,25026467.636,always_reactive,0.328719
h=0/q0=0.4/p=0/r=1/sig=0/cf=10.5094,A_core,0.0,0.4,0.0,1.0,0.0,1.0,10.509389227369171,sepsis,native,oracle_tax,187135368.565,0.882041,0.0,0.0,0.0,0.0,0.0,0.0,0.0,0.002,0.0,0.0,always_reactive,0.328719
h=0/q0=0.4/p=0/r=1/sig=0/cf=10.5094,A_core,0.0,0.4,0.0,1.0,0.0,1.0,10.509389227369171,sepsis,native,ours_spend_cap,212161836.201,1.0,0.0,0.0,10.0,0.0,0.0,0.0,10.0,0.002,10.0,25026467.636,always_reactive,0.328719
h=0/q0=0.4/p=0/r=1/sig=0/cf=10.5094,A_core,0.0,0.4,0.0,1.0,0.0,1.0,10.509389227369171,sepsis,native,ours_cap_epoch,212161836.201,1.0,0.0,0.0,10.0,0.0,0.0,0.0,10.0,0.002,10.0,25026467.636,always_reactive,0.328719
h=0/q0=0.4/p=0/r=1/sig=0/cf=10.5094,A_core,0.0,0.4,0.0,1.0,0.0,1.0,10.509389227369171,sepsis,native,ours_cap_realized,212161836.201,1.0,0.0,0.0,10.0,0.0,0.0,0.0,10.0,0.002,10.0,25026467.636,always_reactive,0.328719
h=0/q0=0.4/p=0/r=1/sig=0/cf=10.5094,A_core,0.0,0.4,0.0,1.0,0.0,1.0,10.509389227369171,sepsis,native,ours_pi_prior,199648602.383,0.94102,0.0,0.0,5.0,0.0,0.0,0.0,5.0,0.002,5.0,12513233.818,always_reactive,0.328719
h=0/q0=0.4/p=0/r=1/sig=0/cf=10.5094,A_core,0.0,0.4,0.0,1.0,0.0,1.0,10.509389227369171,sepsis,native,breakeven,338806601.605,1.596925,0.0,0.0,61.0,0.0,0.0,0.0,61.0,0.001,61.0,151671233.041,always_reactive,0.328719
h=0/q0=0.4/p=0/r=1/sig=0/cf=10.5094,A_core,0.0,0.4,0.0,1.0,0.0,1.0,10.509389227369171,sepsis,native,breakeven_cap_epoch,223684850.478,1.054312,0.0,0.0,15.0,0.0,0.0,0.0,15.0,0.002,15.0,36549481.913,always_reactive,0.328719
h=0/q0=0.4/p=0/r=1/sig=0/cf=10.5094,A_core,0.0,0.4,0.0,1.0,0.0,1.0,10.509389227369171,sepsis,native,offline_taxblind,187135368.565,0.882041,,,,,,,,,,,always_reactive,0.328719
h=0/q0=0.4/p=0/r=1/sig=0/cf=10.5094,A_core,0.0,0.4,0.0,1.0,0.0,1.0,10.509389227369171,sepsis,native,offline_opt_tax,187135368.565,0.882041,,,,,,,,,,,always_reactive,0.328719
h=0/q0=0.4/p=0/r=1/sig=0/cf=10.5094,A_core,0.0,0.4,0.0,1.0,0.0,1.0,10.509389227369171,wiki_A,autorpa_233k,always_reactive,19487424199.81,0.977282,0.0,0.0,0.0,0.0,0.0,0.0,0.0,0.001,0.0,0.0,always_reactive,0.11285
h=0/q0=0.4/p=0/r=1/sig=0/cf=10.5094,A_core,0.0,0.4,0.0,1.0,0.0,1.0,10.509389227369171,wiki_A,autorpa_233k,always_compile_evict,172684672147.794,8.660027,0.0,0.0,62563.0,0.0,0.0,0.0,62563.0,0.0,62563.0,153197247948.046,always_reactive,0.11285
h=0/q0=0.4/p=0/r=1/sig=0/cf=10.5094,A_core,0.0,0.4,0.0,1.0,0.0,1.0,10.509389227369171,wiki_A,autorpa_233k,ours_noinflate,19940431422.451,1.0,0.0,0.0,185.0,0.0,0.0,0.0,185.0,0.001,185.0,453007222.646,always_reactive,0.11285
h=0/q0=0.4/p=0/r=1/sig=0/cf=10.5094,A_core,0.0,0.4,0.0,1.0,0.0,1.0,10.509389227369171,wiki_A,autorpa_233k,oracle_tax,19487424199.81,0.977282,0.0,0.0,0.0,0.0,0.0,0.0,0.0,0.001,0.0,0.0,always_reactive,0.11285
h=0/q0=0.4/p=0/r=1/sig=0/cf=10.5094,A_core,0.0,0.4,0.0,1.0,0.0,1.0,10.509389227369171,wiki_A,autorpa_233k,ours_spend_cap,19940431422.451,1.0,0.0,0.0,185.0,0.0,0.0,0.0,185.0,0.001,185.0,453007222.646,always_reactive,0.11285
h=0/q0=0.4/p=0/r=1/sig=0/cf=10.5094,A_core,0.0,0.4,0.0,1.0,0.0,1.0,10.509389227369171,wiki_A,autorpa_233k,ours_cap_epoch,19940431422.451,1.0,0.0,0.0,185.0,0.0,0.0,0.0,185.0,0.001,185.0,453007222.646,always_reactive,0.11285
h=0/q0=0.4/p=0/r=1/sig=0/cf=10.5094,A_core,0.0,0.4,0.0,1.0,0.0,1.0,10.509389227369171,wiki_A,autorpa_233k,ours_cap_realized,19940431422.451,1.0,0.0,0.0,185.0,0.0,0.0,0.0,185.0,0.001,185.0,453007222.646,always_reactive,0.11285
h=0/q0=0.4/p=0/r=1/sig=0/cf=10.5094,A_core,0.0,0.4,0.0,1.0,0.0,1.0,10.509389227369171,wiki_A,autorpa_233k,ours_pi_prior,19884111605.582,0.997176,0.0,0.0,162.0,0.0,0.0,0.0,162.0,0.001,162.0,396687405.776,always_reactive,0.11285
h=0/q0=0.4/p=0/r=1/sig=0/cf=10.5094,A_core,0.0,0.4,0.0,1.0,0.0,1.0,10.509389227369171,wiki_A,autorpa_233k,breakeven,96065234328.384,4.817611,0.0,0.0,31273.0,0.0,0.0,0.0,31273.0,0.0,31273.0,76577810128.668,always_reactive,0.11285
h=0/q0=0.4/p=0/r=1/sig=0/cf=10.5094,A_core,0.0,0.4,0.0,1.0,0.0,1.0,10.509389227369171,wiki_A,autorpa_233k,breakeven_cap_epoch,20248966071.386,1.015473,0.0,0.0,311.0,0.0,0.0,0.0,311.0,0.001,311.0,761541871.583,always_reactive,0.11285
h=0/q0=0.4/p=0/r=1/sig=0/cf=10.5094,A_core,0.0,0.4,0.0,1.0,0.0,1.0,10.509389227369171,wiki_A,autorpa_233k,offline_taxblind,19487424199.821,0.977282,,,,,,,,,,,always_reactive,0.11285
h=0/q0=0.4/p=0/r=1/sig=0/cf=10.5094,A_core,0.0,0.4,0.0,1.0,0.0,1.0,10.509389227369171,wiki_A,autorpa_233k,offline_opt_tax,19487424199.815,0.977282,,,,,,,,,,,always_reactive,0.11285
h=0/q0=0.4/p=0/r=1/sig=0/cf=10.5094,A_core,0.0,0.4,0.0,1.0,0.0,1.0,10.509389227369171,wiki_A,native,always_reactive,19487424199.81,0.97588,0.0,0.0,0.0,0.0,0.0,0.0,0.0,0.001,0.0,0.0,always_reactive,0.102418
h=0/q0=0.4/p=0/r=1/sig=0/cf=10.5094,A_core,0.0,0.4,0.0,1.0,0.0,1.0,10.509389227369171,wiki_A,native,always_compile_evict,190272724193.731,9.528365,0.0,0.0,62563.0,0.0,0.0,0.0,62563.0,0.0,62563.0,170785299993.635,always_reactive,0.102418
h=0/q0=0.4/p=0/r=1/sig=0/cf=10.5094,A_core,0.0,0.4,0.0,1.0,0.0,1.0,10.509389227369171,wiki_A,native,ours_noinflate,19969085185.429,1.0,0.0,0.0,198.0,0.0,0.0,0.0,198.0,0.001,198.0,481660985.624,always_reactive,0.102418
h=0/q0=0.4/p=0/r=1/sig=0/cf=10.5094,A_core,0.0,0.4,0.0,1.0,0.0,1.0,10.509389227369171,wiki_A,native,oracle_tax,19487424199.81,0.97588,0.0,0.0,0.0,0.0,0.0,0.0,0.0,0.001,0.0,0.0,always_reactive,0.102418
h=0/q0=0.4/p=0/r=1/sig=0/cf=10.5094,A_core,0.0,0.4,0.0,1.0,0.0,1.0,10.509389227369171,wiki_A,native,ours_spend_cap,19969085185.429,1.0,0.0,0.0,198.0,0.0,0.0,0.0,198.0,0.001,198.0,481660985.624,always_reactive,0.102418
h=0/q0=0.4/p=0/r=1/sig=0/cf=10.5094,A_core,0.0,0.4,0.0,1.0,0.0,1.0,10.509389227369171,wiki_A,native,ours_cap_epoch,19969085185.429,1.0,0.0,0.0,198.0,0.0,0.0,0.0,198.0,0.001,198.0,481660985.624,always_reactive,0.102418
h=0/q0=0.4/p=0/r=1/sig=0/cf=10.5094,A_core,0.0,0.4,0.0,1.0,0.0,1.0,10.509389227369171,wiki_A,native,ours_cap_realized,19969085185.429,1.0,0.0,0.0,198.0,0.0,0.0,0.0,198.0,0.001,198.0,481660985.624,always_reactive,0.102418
h=0/q0=0.4/p=0/r=1/sig=0/cf=10.5094,A_core,0.0,0.4,0.0,1.0,0.0,1.0,10.509389227369171,wiki_A,native,ours_pi_prior,19883995195.466,0.995739,0.0,0.0,164.0,0.0,0.0,0.0,164.0,0.001,164.0,396570995.66,always_reactive,0.102418
h=0/q0=0.4/p=0/r=1/sig=0/cf=10.5094,A_core,0.0,0.4,0.0,1.0,0.0,1.0,10.509389227369171,wiki_A,native,breakeven,97443686034.769,4.879727,0.0,0.0,31304.0,0.0,0.0,0.0,31304.0,0.0,31304.0,77956261834.97,always_reactive,0.102418
h=0/q0=0.4/p=0/r=1/sig=0/cf=10.5094,A_core,0.0,0.4,0.0,1.0,0.0,1.0,10.509389227369171,wiki_A,native,breakeven_cap_epoch,20284631102.257,1.015802,0.0,0.0,324.0,0.0,0.0,0.0,324.0,0.001,324.0,797206902.455,always_reactive,0.102418
h=0/q0=0.4/p=0/r=1/sig=0/cf=10.5094,A_core,0.0,0.4,0.0,1.0,0.0,1.0,10.509389227369171,wiki_A,native,offline_taxblind,19487424199.821,0.97588,,,,,,,,,,,always_reactive,0.102418
h=0/q0=0.4/p=0/r=1/sig=0/cf=10.5094,A_core,0.0,0.4,0.0,1.0,0.0,1.0,10.509389227369171,wiki_A,native,offline_opt_tax,19487424199.815,0.97588,,,,,,,,,,,always_reactive,0.102418
h=0/q0=0.4/p=0/r=1/sig=0/cf=10.5094,A_core,0.0,0.4,0.0,1.0,0.0,1.0,10.509389227369171,wiki_B,autorpa_233k,always_reactive,16977748066.619,0.895858,0.0,0.0,0.0,0.0,0.0,0.0,0.0,0.002,0.0,0.0,always_reactive,0.197869
h=0/q0=0.4/p=0/r=1/sig=0/cf=10.5094,A_core,0.0,0.4,0.0,1.0,0.0,1.0,10.509389227369171,wiki_B,autorpa_233k,always_compile_evict,85803012968.788,4.527531,0.0,0.0,28107.0,0.0,0.0,0.0,28107.0,0.0,28107.0,68825264902.184,always_reactive,0.197869
h=0/q0=0.4/p=0/r=1/sig=0/cf=10.5094,A_core,0.0,0.4,0.0,1.0,0.0,1.0,10.509389227369171,wiki_B,autorpa_233k,ours_noinflate,18951390344.738,1.0,0.0,0.0,806.0,0.0,0.0,0.0,806.0,0.002,806.0,1973642278.121,always_reactive,0.197869
h=0/q0=0.4/p=0/r=1/sig=0/cf=10.5094,A_core,0.0,0.4,0.0,1.0,0.0,1.0,10.509389227369171,wiki_B,autorpa_233k,oracle_tax,16977748066.619,0.895858,0.0,0.0,0.0,0.0,0.0,0.0,0.0,0.002,0.0,0.0,always_reactive,0.197869
h=0/q0=0.4/p=0/r=1/sig=0/cf=10.5094,A_core,0.0,0.4,0.0,1.0,0.0,1.0,10.509389227369171,wiki_B,autorpa_233k,ours_spend_cap,18951390344.738,1.0,0.0,0.0,806.0,0.0,0.0,0.0,806.0,0.002,806.0,1973642278.121,always_reactive,0.197869
h=0/q0=0.4/p=0/r=1/sig=0/cf=10.5094,A_core,0.0,0.4,0.0,1.0,0.0,1.0,10.509389227369171,wiki_B,autorpa_233k,ours_cap_epoch,18951390344.738,1.0,0.0,0.0,806.0,0.0,0.0,0.0,806.0,0.002,806.0,1973642278.121,always_reactive,0.197869
h=0/q0=0.4/p=0/r=1/sig=0/cf=10.5094,A_core,0.0,0.4,0.0,1.0,0.0,1.0,10.509389227369171,wiki_B,autorpa_233k,ours_cap_realized,18951390344.738,1.0,0.0,0.0,806.0,0.0,0.0,0.0,806.0,0.002,806.0,1973642278.121,always_reactive,0.197869
h=0/q0=0.4/p=0/r=1/sig=0/cf=10.5094,A_core,0.0,0.4,0.0,1.0,0.0,1.0,10.509389227369171,wiki_B,autorpa_233k,ours_pi_prior,19012607536.987,1.00323,0.0,0.0,831.0,0.0,0.0,0.0,831.0,0.002,831.0,2034859470.371,always_reactive,0.197869
h=0/q0=0.4/p=0/r=1/sig=0/cf=10.5094,A_core,0.0,0.4,0.0,1.0,0.0,1.0,10.509389227369171,wiki_B,autorpa_233k,breakeven,39645250012.723,2.091944,0.0,0.0,9257.0,0.0,0.0,0.0,9257.0,0.001,9257.0,22667501946.117,always_reactive,0.197869
h=0/q0=0.4/p=0/r=1/sig=0/cf=10.5094,A_core,0.0,0.4,0.0,1.0,0.0,1.0,10.509389227369171,wiki_B,autorpa_233k,breakeven_cap_epoch,20236951381.975,1.067835,0.0,0.0,1331.0,0.0,0.0,0.0,1331.0,0.002,1331.0,3259203315.359,always_reactive,0.197869
h=0/q0=0.4/p=0/r=1/sig=0/cf=10.5094,A_core,0.0,0.4,0.0,1.0,0.0,1.0,10.509389227369171,wiki_B,autorpa_233k,offline_taxblind,16977748066.618,0.895858,,,,,,,,,,,always_reactive,0.197869
h=0/q0=0.4/p=0/r=1/sig=0/cf=10.5094,A_core,0.0,0.4,0.0,1.0,0.0,1.0,10.509389227369171,wiki_B,autorpa_233k,offline_opt_tax,16977748066.618,0.895858,,,,,,,,,,,always_reactive,0.197869
h=0/q0=0.4/p=0/r=1/sig=0/cf=10.5094,A_core,0.0,0.4,0.0,1.0,0.0,1.0,10.509389227369171,wiki_B,native,always_reactive,16977748066.619,0.88927,0.0,0.0,0.0,0.0,0.0,0.0,0.0,0.002,0.0,0.0,always_reactive,0.181465
h=0/q0=0.4/p=0/r=1/sig=0/cf=10.5094,A_core,0.0,0.4,0.0,1.0,0.0,1.0,10.509389227369171,wiki_B,native,always_compile_evict,93559438820.81,4.900508,0.0,0.0,28107.0,0.0,0.0,0.0,28107.0,0.0,28107.0,76581690754.206,always_reactive,0.181465
h=0/q0=0.4/p=0/r=1/sig=0/cf=10.5094,A_core,0.0,0.4,0.0,1.0,0.0,1.0,10.509389227369171,wiki_B,native,ours_noinflate,19091785091.989,1.0,0.0,0.0,874.0,0.0,0.0,0.0,874.0,0.002,874.0,2114037025.373,always_reactive,0.181465
h=0/q0=0.4/p=0/r=1/sig=0/cf=10.5094,A_core,0.0,0.4,0.0,1.0,0.0,1.0,10.509389227369171,wiki_B,native,oracle_tax,16977748066.619,0.88927,0.0,0.0,0.0,0.0,0.0,0.0,0.0,0.002,0.0,0.0,always_reactive,0.181465
h=0/q0=0.4/p=0/r=1/sig=0/cf=10.5094,A_core,0.0,0.4,0.0,1.0,0.0,1.0,10.509389227369171,wiki_B,native,ours_spend_cap,19091785091.989,1.0,0.0,0.0,874.0,0.0,0.0,0.0,874.0,0.002,874.0,2114037025.373,always_reactive,0.181465
h=0/q0=0.4/p=0/r=1/sig=0/cf=10.5094,A_core,0.0,0.4,0.0,1.0,0.0,1.0,10.509389227369171,wiki_B,native,ours_cap_epoch,19091785091.989,1.0,0.0,0.0,874.0,0.0,0.0,0.0,874.0,0.002,874.0,2114037025.373,always_reactive,0.181465
h=0/q0=0.4/p=0/r=1/sig=0/cf=10.5094,A_core,0.0,0.4,0.0,1.0,0.0,1.0,10.509389227369171,wiki_B,native,ours_cap_realized,19091785091.989,1.0,0.0,0.0,874.0,0.0,0.0,0.0,874.0,0.002,874.0,2114037025.373,always_reactive,0.181465
h=0/q0=0.4/p=0/r=1/sig=0/cf=10.5094,A_core,0.0,0.4,0.0,1.0,0.0,1.0,10.509389227369171,wiki_B,native,ours_pi_prior,19025041261.448,0.996504,0.0,0.0,841.0,0.0,0.0,0.0,841.0,0.002,841.0,2047293194.832,always_reactive,0.181465
h=0/q0=0.4/p=0/r=1/sig=0/cf=10.5094,A_core,0.0,0.4,0.0,1.0,0.0,1.0,10.509389227369171,wiki_B,native,breakeven,39897058411.36,2.08975,0.0,0.0,9464.0,0.0,0.0,0.0,9464.0,0.001,9464.0,22919310344.754,always_reactive,0.181465
h=0/q0=0.4/p=0/r=1/sig=0/cf=10.5094,A_core,0.0,0.4,0.0,1.0,0.0,1.0,10.509389227369171,wiki_B,native,breakeven_cap_epoch,20348512693.765,1.065826,0.0,0.0,1373.0,0.0,0.0,0.0,1373.0,0.002,1373.0,3370764627.15,always_reactive,0.181465
h=0/q0=0.4/p=0/r=1/sig=0/cf=10.5094,A_core,0.0,0.4,0.0,1.0,0.0,1.0,10.509389227369171,wiki_B,native,offline_taxblind,16977748066.618,0.88927,,,,,,,,,,,always_reactive,0.181465
h=0/q0=0.4/p=0/r=1/sig=0/cf=10.5094,A_core,0.0,0.4,0.0,1.0,0.0,1.0,10.509389227369171,wiki_B,native,offline_opt_tax,16977748066.618,0.88927,,,,,,,,,,,always_reactive,0.181465
h=0/q0=0.4/p=0/r=1/sig=0/cf=1,A_core,0.0,0.4,0.0,1.0,0.0,1.0,1.0,bpi2019,autorpa_233k,always_reactive,28364744721.458,0.944232,0.0,0.0,0.0,0.0,0.0,0.0,0.0,0.003,0.0,0.0,always_reactive,0.339521
h=0/q0=0.4/p=0/r=1/sig=0/cf=1,A_core,0.0,0.4,0.0,1.0,0.0,1.0,1.0,bpi2019,autorpa_233k,always_compile_evict,83543338721.444,2.781069,0.0,0.0,236818.0,0.0,0.0,0.0,236818.0,0.001,236818.0,55178594000.0,always_reactive,0.339521
h=0/q0=0.4/p=0/r=1/sig=0/cf=1,A_core,0.0,0.4,0.0,1.0,0.0,1.0,1.0,bpi2019,autorpa_233k,ours_noinflate,30040014721.454,1.0,0.0,0.0,7190.0,0.0,0.0,0.0,7190.0,0.003,7190.0,1675270000.0,always_reactive,0.339521
h=0/q0=0.4/p=0/r=1/sig=0/cf=1,A_core,0.0,0.4,0.0,1.0,0.0,1.0,1.0,bpi2019,autorpa_233k,oracle_tax,28364744721.458,0.944232,0.0,0.0,0.0,0.0,0.0,0.0,0.0,0.003,0.0,0.0,always_reactive,0.339521
h=0/q0=0.4/p=0/r=1/sig=0/cf=1,A_core,0.0,0.4,0.0,1.0,0.0,1.0,1.0,bpi2019,autorpa_233k,ours_spend_cap,30040014721.454,1.0,0.0,0.0,7190.0,0.0,0.0,0.0,7190.0,0.003,7190.0,1675270000.0,always_reactive,0.339521
h=0/q0=0.4/p=0/r=1/sig=0/cf=1,A_core,0.0,0.4,0.0,1.0,0.0,1.0,1.0,bpi2019,autorpa_233k,ours_cap_epoch,30040014721.454,1.0,0.0,0.0,7190.0,0.0,0.0,0.0,7190.0,0.003,7190.0,1675270000.0,always_reactive,0.339521
h=0/q0=0.4/p=0/r=1/sig=0/cf=1,A_core,0.0,0.4,0.0,1.0,0.0,1.0,1.0,bpi2019,autorpa_233k,ours_cap_realized,30040014721.454,1.0,0.0,0.0,7190.0,0.0,0.0,0.0,7190.0,0.003,7190.0,1675270000.0,always_reactive,0.339521
h=0/q0=0.4/p=0/r=1/sig=0/cf=1,A_core,0.0,0.4,0.0,1.0,0.0,1.0,1.0,bpi2019,autorpa_233k,ours_pi_prior,29928640721.454,0.996292,0.0,0.0,6712.0,0.0,0.0,0.0,6712.0,0.003,6712.0,1563896000.0,always_reactive,0.339521
h=0/q0=0.4/p=0/r=1/sig=0/cf=1,A_core,0.0,0.4,0.0,1.0,0.0,1.0,1.0,bpi2019,autorpa_233k,breakeven,41540661721.405,1.382844,0.0,0.0,56549.0,0.0,0.0,0.0,56549.0,0.002,56549.0,13175917000.0,always_reactive,0.339521
h=0/q0=0.4/p=0/r=1/sig=0/cf=1,A_core,0.0,0.4,0.0,1.0,0.0,1.0,1.0,bpi2019,autorpa_233k,breakeven_cap_epoch,29882972721.454,0.994772,0.0,0.0,6516.0,0.0,0.0,0.0,6516.0,0.003,6516.0,1518228000.0,always_reactive,0.339521
h=0/q0=0.4/p=0/r=1/sig=0/cf=1,A_core,0.0,0.4,0.0,1.0,0.0,1.0,1.0,bpi2019,autorpa_233k,offline_taxblind,28364744721.522,0.944232,,,,,,,,,,,always_reactive,0.339521
h=0/q0=0.4/p=0/r=1/sig=0/cf=1,A_core,0.0,0.4,0.0,1.0,0.0,1.0,1.0,bpi2019,autorpa_233k,offline_opt_tax,28364744721.516,0.944232,,,,,,,,,,,always_reactive,0.339521
h=0/q0=0.4/p=0/r=1/sig=0/cf=1,A_core,0.0,0.4,0.0,1.0,0.0,1.0,1.0,bpi2019,native,always_reactive,28364744721.458,0.944853,0.0,0.0,0.0,0.0,0.0,0.0,0.0,0.003,0.0,0.0,always_reactive,0.282192
h=0/q0=0.4/p=0/r=1/sig=0/cf=1,A_core,0.0,0.4,0.0,1.0,0.0,1.0,1.0,bpi2019,native,always_compile_evict,100515928654.272,3.348267,0.0,0.0,236818.0,0.0,0.0,0.0,236818.0,0.001,236818.0,72151183932.887,always_reactive,0.282192
h=0/q0=0.4/p=0/r=1/sig=0/cf=1,A_core,0.0,0.4,0.0,1.0,0.0,1.0,1.0,bpi2019,native,ours_noinflate,30020285367.784,1.0,0.0,0.0,7291.0,0.0,0.0,0.0,7291.0,0.003,7291.0,1655540646.327,always_reactive,0.282192
h=0/q0=0.4/p=0/r=1/sig=0/cf=1,A_core,0.0,0.4,0.0,1.0,0.0,1.0,1.0,bpi2019,native,oracle_tax,28364744721.458,0.944853,0.0,0.0,0.0,0.0,0.0,0.0,0.0,0.003,0.0,0.0,always_reactive,0.282192
h=0/q0=0.4/p=0/r=1/sig=0/cf=1,A_core,0.0,0.4,0.0,1.0,0.0,1.0,1.0,bpi2019,native,ours_spend_cap,30020285367.784,1.0,0.0,0.0,7291.0,0.0,0.0,0.0,7291.0,0.003,7291.0,1655540646.327,always_reactive,0.282192
h=0/q0=0.4/p=0/r=1/sig=0/cf=1,A_core,0.0,0.4,0.0,1.0,0.0,1.0,1.0,bpi2019,native,ours_cap_epoch,30020285367.784,1.0,0.0,0.0,7291.0,0.0,0.0,0.0,7291.0,0.003,7291.0,1655540646.327,always_reactive,0.282192
h=0/q0=0.4/p=0/r=1/sig=0/cf=1,A_core,0.0,0.4,0.0,1.0,0.0,1.0,1.0,bpi2019,native,ours_cap_realized,30020285367.784,1.0,0.0,0.0,7291.0,0.0,0.0,0.0,7291.0,0.003,7291.0,1655540646.327,always_reactive,0.282192
h=0/q0=0.4/p=0/r=1/sig=0/cf=1,A_core,0.0,0.4,0.0,1.0,0.0,1.0,1.0,bpi2019,native,ours_pi_prior,29914434184.457,0.996474,0.0,0.0,6788.0,0.0,0.0,0.0,6788.0,0.003,6788.0,1549689463.0,always_reactive,0.282192
h=0/q0=0.4/p=0/r=1/sig=0/cf=1,A_core,0.0,0.4,0.0,1.0,0.0,1.0,1.0,bpi2019,native,breakeven,41592101139.496,1.385467,0.0,0.0,54555.0,0.0,0.0,0.0,54555.0,0.002,54555.0,13227356418.09,always_reactive,0.282192
h=0/q0=0.4/p=0/r=1/sig=0/cf=1,A_core,0.0,0.4,0.0,1.0,0.0,1.0,1.0,bpi2019,native,breakeven_cap_epoch,29894679873.143,0.995816,0.0,0.0,6637.0,0.0,0.0,0.0,6637.0,0.003,6637.0,1529935151.686,always_reactive,0.282192
h=0/q0=0.4/p=0/r=1/sig=0/cf=1,A_core,0.0,0.4,0.0,1.0,0.0,1.0,1.0,bpi2019,native,offline_taxblind,28364744721.522,0.944853,,,,,,,,,,,always_reactive,0.282192
h=0/q0=0.4/p=0/r=1/sig=0/cf=1,A_core,0.0,0.4,0.0,1.0,0.0,1.0,1.0,bpi2019,native,offline_opt_tax,28364744721.516,0.944853,,,,,,,,,,,always_reactive,0.282192
h=0/q0=0.4/p=0/r=1/sig=0/cf=1,A_core,0.0,0.4,0.0,1.0,0.0,1.0,1.0,sepsis,autorpa_233k,always_reactive,187135368.565,0.927265,0.0,0.0,0.0,0.0,0.0,0.0,0.0,0.002,0.0,0.0,always_reactive,0.84976
h=0/q0=0.4/p=0/r=1/sig=0/cf=1,A_core,0.0,0.4,0.0,1.0,0.0,1.0,1.0,sepsis,autorpa_233k,always_compile_evict,220221368.565,1.091208,0.0,0.0,142.0,0.0,0.0,0.0,142.0,0.002,142.0,33086000.0,always_reactive,0.84976
h=0/q0=0.4/p=0/r=1/sig=0/cf=1,A_core,0.0,0.4,0.0,1.0,0.0,1.0,1.0,sepsis,autorpa_233k,ours_noinflate,201814368.565,1.0,0.0,0.0,63.0,0.0,0.0,0.0,63.0,0.002,63.0,14679000.0,always_reactive,0.84976
h=0/q0=0.4/p=0/r=1/sig=0/cf=1,A_core,0.0,0.4,0.0,1.0,0.0,1.0,1.0,sepsis,autorpa_233k,oracle_tax,187135368.565,0.927265,0.0,0.0,0.0,0.0,0.0,0.0,0.0,0.002,0.0,0.0,always_reactive,0.84976
h=0/q0=0.4/p=0/r=1/sig=0/cf=1,A_core,0.0,0.4,0.0,1.0,0.0,1.0,1.0,sepsis,autorpa_233k,ours_spend_cap,201814368.565,1.0,0.0,0.0,63.0,0.0,0.0,0.0,63.0,0.002,63.0,14679000.0,always_reactive,0.84976
h=0/q0=0.4/p=0/r=1/sig=0/cf=1,A_core,0.0,0.4,0.0,1.0,0.0,1.0,1.0,sepsis,autorpa_233k,ours_cap_epoch,201814368.565,1.0,0.0,0.0,63.0,0.0,0.0,0.0,63.0,0.002,63.0,14679000.0,always_reactive,0.84976
h=0/q0=0.4/p=0/r=1/sig=0/cf=1,A_core,0.0,0.4,0.0,1.0,0.0,1.0,1.0,sepsis,autorpa_233k,ours_cap_realized,201814368.565,1.0,0.0,0.0,63.0,0.0,0.0,0.0,63.0,0.002,63.0,14679000.0,always_reactive,0.84976
h=0/q0=0.4/p=0/r=1/sig=0/cf=1,A_core,0.0,0.4,0.0,1.0,0.0,1.0,1.0,sepsis,autorpa_233k,ours_pi_prior,199950368.565,0.990764,0.0,0.0,55.0,0.0,0.0,0.0,55.0,0.002,55.0,12815000.0,always_reactive,0.84976
h=0/q0=0.4/p=0/r=1/sig=0/cf=1,A_core,0.0,0.4,0.0,1.0,0.0,1.0,1.0,sepsis,autorpa_233k,breakeven,201348368.565,0.997691,0.0,0.0,61.0,0.0,0.0,0.0,61.0,0.002,61.0,14213000.0,always_reactive,0.84976
h=0/q0=0.4/p=0/r=1/sig=0/cf=1,A_core,0.0,0.4,0.0,1.0,0.0,1.0,1.0,sepsis,autorpa_233k,breakeven_cap_epoch,201115368.565,0.996536,0.0,0.0,60.0,0.0,0.0,0.0,60.0,0.002,60.0,13980000.0,always_reactive,0.84976
h=0/q0=0.4/p=0/r=1/sig=0/cf=1,A_core,0.0,0.4,0.0,1.0,0.0,1.0,1.0,sepsis,autorpa_233k,offline_taxblind,187135368.565,0.927265,,,,,,,,,,,always_reactive,0.84976
h=0/q0=0.4/p=0/r=1/sig=0/cf=1,A_core,0.0,0.4,0.0,1.0,0.0,1.0,1.0,sepsis,autorpa_233k,offline_opt_tax,187135368.565,0.927265,,,,,,,,,,,always_reactive,0.84976
h=0/q0=0.4/p=0/r=1/sig=0/cf=1,A_core,0.0,0.4,0.0,1.0,0.0,1.0,1.0,sepsis,native,always_reactive,187135368.565,0.924895,0.0,0.0,0.0,0.0,0.0,0.0,0.0,0.002,0.0,0.0,always_reactive,0.837302
h=0/q0=0.4/p=0/r=1/sig=0/cf=1,A_core,0.0,0.4,0.0,1.0,0.0,1.0,1.0,sepsis,native,always_compile_evict,223498154.892,1.104614,0.0,0.0,142.0,0.0,0.0,0.0,142.0,0.002,142.0,36362786.327,always_reactive,0.837302
h=0/q0=0.4/p=0/r=1/sig=0/cf=1,A_core,0.0,0.4,0.0,1.0,0.0,1.0,1.0,sepsis,native,ours_noinflate,202331435.392,1.0,0.0,0.0,65.0,0.0,0.0,0.0,65.0,0.002,65.0,15196066.827,always_reactive,0.837302
h=0/q0=0.4/p=0/r=1/sig=0/cf=1,A_core,0.0,0.4,0.0,1.0,0.0,1.0,1.0,sepsis,native,oracle_tax,187135368.565,0.924895,0.0,0.0,0.0,0.0,0.0,0.0,0.0,0.002,0.0,0.0,always_reactive,0.837302
h=0/q0=0.4/p=0/r=1/sig=0/cf=1,A_core,0.0,0.4,0.0,1.0,0.0,1.0,1.0,sepsis,native,ours_spend_cap,202331435.392,1.0,0.0,0.0,65.0,0.0,0.0,0.0,65.0,0.002,65.0,15196066.827,always_reactive,0.837302
h=0/q0=0.4/p=0/r=1/sig=0/cf=1,A_core,0.0,0.4,0.0,1.0,0.0,1.0,1.0,sepsis,native,ours_cap_epoch,202331435.392,1.0,0.0,0.0,65.0,0.0,0.0,0.0,65.0,0.002,65.0,15196066.827,always_reactive,0.837302
h=0/q0=0.4/p=0/r=1/sig=0/cf=1,A_core,0.0,0.4,0.0,1.0,0.0,1.0,1.0,sepsis,native,ours_cap_realized,202331435.392,1.0,0.0,0.0,65.0,0.0,0.0,0.0,65.0,0.002,65.0,15196066.827,always_reactive,0.837302
h=0/q0=0.4/p=0/r=1/sig=0/cf=1,A_core,0.0,0.4,0.0,1.0,0.0,1.0,1.0,sepsis,native,ours_pi_prior,199994624.446,0.988451,0.0,0.0,54.0,0.0,0.0,0.0,54.0,0.002,54.0,12859255.882,always_reactive,0.837302
h=0/q0=0.4/p=0/r=1/sig=0/cf=1,A_core,0.0,0.4,0.0,1.0,0.0,1.0,1.0,sepsis,native,breakeven,201567342.656,0.996224,0.0,0.0,61.0,0.0,0.0,0.0,61.0,0.002,61.0,14431974.091,always_reactive,0.837302
h=0/q0=0.4/p=0/r=1/sig=0/cf=1,A_core,0.0,0.4,0.0,1.0,0.0,1.0,1.0,sepsis,native,breakeven_cap_epoch,201329208.287,0.995047,0.0,0.0,60.0,0.0,0.0,0.0,60.0,0.002,60.0,14193839.723,always_reactive,0.837302
h=0/q0=0.4/p=0/r=1/sig=0/cf=1,A_core,0.0,0.4,0.0,1.0,0.0,1.0,1.0,sepsis,native,offline_taxblind,187135368.565,0.924895,,,,,,,,,,,always_reactive,0.837302
h=0/q0=0.4/p=0/r=1/sig=0/cf=1,A_core,0.0,0.4,0.0,1.0,0.0,1.0,1.0,sepsis,native,offline_opt_tax,187135368.565,0.924895,,,,,,,,,,,always_reactive,0.837302
h=0/q0=0.4/p=0/r=1/sig=0/cf=1,A_core,0.0,0.4,0.0,1.0,0.0,1.0,1.0,wiki_A,autorpa_233k,always_reactive,19487424199.81,0.980999,0.0,0.0,0.0,0.0,0.0,0.0,0.0,0.001,0.0,0.0,always_reactive,0.572073
h=0/q0=0.4/p=0/r=1/sig=0/cf=1,A_core,0.0,0.4,0.0,1.0,0.0,1.0,1.0,wiki_A,autorpa_233k,always_compile_evict,34064603199.786,1.714815,0.0,0.0,62563.0,0.0,0.0,0.0,62563.0,0.001,62563.0,14577179000.0,always_reactive,0.572073
h=0/q0=0.4/p=0/r=1/sig=0/cf=1,A_core,0.0,0.4,0.0,1.0,0.0,1.0,1.0,wiki_A,autorpa_233k,ours_noinflate,19864884199.805,1.0,0.0,0.0,1620.0,0.0,0.0,0.0,1620.0,0.001,1620.0,377460000.0,always_reactive,0.572073
h=0/q0=0.4/p=0/r=1/sig=0/cf=1,A_core,0.0,0.4,0.0,1.0,0.0,1.0,1.0,wiki_A,autorpa_233k,oracle_tax,19487424199.81,0.980999,0.0,0.0,0.0,0.0,0.0,0.0,0.0,0.001,0.0,0.0,always_reactive,0.572073
h=0/q0=0.4/p=0/r=1/sig=0/cf=1,A_core,0.0,0.4,0.0,1.0,0.0,1.0,1.0,wiki_A,autorpa_233k,ours_spend_cap,19864884199.805,1.0,0.0,0.0,1620.0,0.0,0.0,0.0,1620.0,0.001,1620.0,377460000.0,always_reactive,0.572073
h=0/q0=0.4/p=0/r=1/sig=0/cf=1,A_core,0.0,0.4,0.0,1.0,0.0,1.0,1.0,wiki_A,autorpa_233k,ours_cap_epoch,19864884199.805,1.0,0.0,0.0,1620.0,0.0,0.0,0.0,1620.0,0.001,1620.0,377460000.0,always_reactive,0.572073
h=0/q0=0.4/p=0/r=1/sig=0/cf=1,A_core,0.0,0.4,0.0,1.0,0.0,1.0,1.0,wiki_A,autorpa_233k,ours_cap_realized,19864884199.805,1.0,0.0,0.0,1620.0,0.0,0.0,0.0,1620.0,0.001,1620.0,377460000.0,always_reactive,0.572073
h=0/q0=0.4/p=0/r=1/sig=0/cf=1,A_core,0.0,0.4,0.0,1.0,0.0,1.0,1.0,wiki_A,autorpa_233k,ours_pi_prior,19820614199.806,0.997771,0.0,0.0,1430.0,0.0,0.0,0.0,1430.0,0.001,1430.0,333190000.0,always_reactive,0.572073
h=0/q0=0.4/p=0/r=1/sig=0/cf=1,A_core,0.0,0.4,0.0,1.0,0.0,1.0,1.0,wiki_A,autorpa_233k,breakeven,26774033199.788,1.347807,0.0,0.0,31273.0,0.0,0.0,0.0,31273.0,0.001,31273.0,7286609000.0,always_reactive,0.572073
h=0/q0=0.4/p=0/r=1/sig=0/cf=1,A_core,0.0,0.4,0.0,1.0,0.0,1.0,1.0,wiki_A,autorpa_233k,breakeven_cap_epoch,19850205199.805,0.999261,0.0,0.0,1557.0,0.0,0.0,0.0,1557.0,0.001,1557.0,362781000.0,always_reactive,0.572073
h=0/q0=0.4/p=0/r=1/sig=0/cf=1,A_core,0.0,0.4,0.0,1.0,0.0,1.0,1.0,wiki_A,autorpa_233k,offline_taxblind,19487424199.821,0.980999,,,,,,,,,,,always_reactive,0.572073
h=0/q0=0.4/p=0/r=1/sig=0/cf=1,A_core,0.0,0.4,0.0,1.0,0.0,1.0,1.0,wiki_A,autorpa_233k,offline_opt_tax,19487424199.815,0.980999,,,,,,,,,,,always_reactive,0.572073
h=0/q0=0.4/p=0/r=1/sig=0/cf=1,A_core,0.0,0.4,0.0,1.0,0.0,1.0,1.0,wiki_A,native,always_reactive,19487424199.81,0.981211,0.0,0.0,0.0,0.0,0.0,0.0,0.0,0.001,0.0,0.0,always_reactive,0.545283
h=0/q0=0.4/p=0/r=1/sig=0/cf=1,A_core,0.0,0.4,0.0,1.0,0.0,1.0,1.0,wiki_A,native,always_compile_evict,35738159261.454,1.799451,0.0,0.0,62563.0,0.0,0.0,0.0,62563.0,0.001,62563.0,16250735061.639,always_reactive,0.545283
h=0/q0=0.4/p=0/r=1/sig=0/cf=1,A_core,0.0,0.4,0.0,1.0,0.0,1.0,1.0,wiki_A,native,ours_noinflate,19860587855.132,1.0,0.0,0.0,1635.0,0.0,0.0,0.0,1635.0,0.001,1635.0,373163655.327,always_reactive,0.545283
h=0/q0=0.4/p=0/r=1/sig=0/cf=1,A_core,0.0,0.4,0.0,1.0,0.0,1.0,1.0,wiki_A,native,oracle_tax,19487424199.81,0.981211,0.0,0.0,0.0,0.0,0.0,0.0,0.0,0.001,0.0,0.0,always_reactive,0.545283
h=0/q0=0.4/p=0/r=1/sig=0/cf=1,A_core,0.0,0.4,0.0,1.0,0.0,1.0,1.0,wiki_A,native,ours_spend_cap,19860587855.132,1.0,0.0,0.0,1635.0,0.0,0.0,0.0,1635.0,0.001,1635.0,373163655.327,always_reactive,0.545283
h=0/q0=0.4/p=0/r=1/sig=0/cf=1,A_core,0.0,0.4,0.0,1.0,0.0,1.0,1.0,wiki_A,native,ours_cap_epoch,19860587855.132,1.0,0.0,0.0,1635.0,0.0,0.0,0.0,1635.0,0.001,1635.0,373163655.327,always_reactive,0.545283
h=0/q0=0.4/p=0/r=1/sig=0/cf=1,A_core,0.0,0.4,0.0,1.0,0.0,1.0,1.0,wiki_A,native,ours_cap_realized,19860587855.132,1.0,0.0,0.0,1635.0,0.0,0.0,0.0,1635.0,0.001,1635.0,373163655.327,always_reactive,0.545283
h=0/q0=0.4/p=0/r=1/sig=0/cf=1,A_core,0.0,0.4,0.0,1.0,0.0,1.0,1.0,wiki_A,native,ours_pi_prior,19819653230.915,0.997939,0.0,0.0,1472.0,0.0,0.0,0.0,1472.0,0.001,1472.0,332229031.109,always_reactive,0.545283
h=0/q0=0.4/p=0/r=1/sig=0/cf=1,A_core,0.0,0.4,0.0,1.0,0.0,1.0,1.0,wiki_A,native,breakeven,26905197026.404,1.354703,0.0,0.0,31304.0,0.0,0.0,0.0,31304.0,0.001,31304.0,7417772826.605,always_reactive,0.545283
h=0/q0=0.4/p=0/r=1/sig=0/cf=1,A_core,0.0,0.4,0.0,1.0,0.0,1.0,1.0,wiki_A,native,breakeven_cap_epoch,19850994842.555,0.999517,0.0,0.0,1567.0,0.0,0.0,0.0,1567.0,0.001,1567.0,363570642.75,always_reactive,0.545283
h=0/q0=0.4/p=0/r=1/sig=0/cf=1,A_core,0.0,0.4,0.0,1.0,0.0,1.0,1.0,wiki_A,native,offline_taxblind,19487424199.821,0.981211,,,,,,,,,,,always_reactive,0.545283
h=0/q0=0.4/p=0/r=1/sig=0/cf=1,A_core,0.0,0.4,0.0,1.0,0.0,1.0,1.0,wiki_A,native,offline_opt_tax,19487424199.815,0.981211,,,,,,,,,,,always_reactive,0.545283
h=0/q0=0.4/p=0/r=1/sig=0/cf=1,A_core,0.0,0.4,0.0,1.0,0.0,1.0,1.0,wiki_B,autorpa_233k,always_reactive,16977748066.619,0.93185,0.0,0.0,0.0,0.0,0.0,0.0,0.0,0.002,0.0,0.0,always_reactive,0.721638
h=0/q0=0.4/p=0/r=1/sig=0/cf=1,A_core,0.0,0.4,0.0,1.0,0.0,1.0,1.0,wiki_B,autorpa_233k,always_compile_evict,23526679066.613,1.291298,0.0,0.0,28107.0,0.0,0.0,0.0,28107.0,0.002,28107.0,6548931000.0,always_reactive,0.721638
h=0/q0=0.4/p=0/r=1/sig=0/cf=1,A_core,0.0,0.4,0.0,1.0,0.0,1.0,1.0,wiki_B,autorpa_233k,ours_noinflate,18219405066.617,1.0,0.0,0.0,5329.0,0.0,0.0,0.0,5329.0,0.002,5329.0,1241657000.0,always_reactive,0.721638
h=0/q0=0.4/p=0/r=1/sig=0/cf=1,A_core,0.0,0.4,0.0,1.0,0.0,1.0,1.0,wiki_B,autorpa_233k,oracle_tax,16977748066.619,0.93185,0.0,0.0,0.0,0.0,0.0,0.0,0.0,0.002,0.0,0.0,always_reactive,0.721638
h=0/q0=0.4/p=0/r=1/sig=0/cf=1,A_core,0.0,0.4,0.0,1.0,0.0,1.0,1.0,wiki_B,autorpa_233k,ours_spend_cap,18219405066.617,1.0,0.0,0.0,5329.0,0.0,0.0,0.0,5329.0,0.002,5329.0,1241657000.0,always_reactive,0.721638
h=0/q0=0.4/p=0/r=1/sig=0/cf=1,A_core,0.0,0.4,0.0,1.0,0.0,1.0,1.0,wiki_B,autorpa_233k,ours_cap_epoch,18219405066.617,1.0,0.0,0.0,5329.0,0.0,0.0,0.0,5329.0,0.002,5329.0,1241657000.0,always_reactive,0.721638
h=0/q0=0.4/p=0/r=1/sig=0/cf=1,A_core,0.0,0.4,0.0,1.0,0.0,1.0,1.0,wiki_B,autorpa_233k,ours_cap_realized,18219405066.617,1.0,0.0,0.0,5329.0,0.0,0.0,0.0,5329.0,0.002,5329.0,1241657000.0,always_reactive,0.721638
h=0/q0=0.4/p=0/r=1/sig=0/cf=1,A_core,0.0,0.4,0.0,1.0,0.0,1.0,1.0,wiki_B,autorpa_233k,ours_pi_prior,18113623066.617,0.994194,0.0,0.0,4875.0,0.0,0.0,0.0,4875.0,0.002,4875.0,1135875000.0,always_reactive,0.721638
h=0/q0=0.4/p=0/r=1/sig=0/cf=1,A_core,0.0,0.4,0.0,1.0,0.0,1.0,1.0,wiki_B,autorpa_233k,breakeven,19134629066.616,1.050233,0.0,0.0,9257.0,0.0,0.0,0.0,9257.0,0.002,9257.0,2156881000.0,always_reactive,0.721638
h=0/q0=0.4/p=0/r=1/sig=0/cf=1,A_core,0.0,0.4,0.0,1.0,0.0,1.0,1.0,wiki_B,autorpa_233k,breakeven_cap_epoch,17964270066.617,0.985997,0.0,0.0,4234.0,0.0,0.0,0.0,4234.0,0.002,4234.0,986522000.0,always_reactive,0.721638
h=0/q0=0.4/p=0/r=1/sig=0/cf=1,A_core,0.0,0.4,0.0,1.0,0.0,1.0,1.0,wiki_B,autorpa_233k,offline_taxblind,16977748066.618,0.93185,,,,,,,,,,,always_reactive,0.721638
h=0/q0=0.4/p=0/r=1/sig=0/cf=1,A_core,0.0,0.4,0.0,1.0,0.0,1.0,1.0,wiki_B,autorpa_233k,offline_opt_tax,16977748066.618,0.93185,,,,,,,,,,,always_reactive,0.721638
h=0/q0=0.4/p=0/r=1/sig=0/cf=1,A_core,0.0,0.4,0.0,1.0,0.0,1.0,1.0,wiki_B,native,always_reactive,16977748066.619,0.932321,0.0,0.0,0.0,0.0,0.0,0.0,0.0,0.002,0.0,0.0,always_reactive,0.699688
h=0/q0=0.4/p=0/r=1/sig=0/cf=1,A_core,0.0,0.4,0.0,1.0,0.0,1.0,1.0,wiki_B,native,always_compile_evict,24264726319.81,1.33248,0.0,0.0,28107.0,0.0,0.0,0.0,28107.0,0.002,28107.0,7286978253.195,always_reactive,0.699688
h=0/q0=0.4/p=0/r=1/sig=0/cf=1,A_core,0.0,0.4,0.0,1.0,0.0,1.0,1.0,wiki_B,native,ours_noinflate,18210199669.648,1.0,0.0,0.0,5403.0,0.0,0.0,0.0,5403.0,0.002,5403.0,1232451603.032,always_reactive,0.699688
h=0/q0=0.4/p=0/r=1/sig=0/cf=1,A_core,0.0,0.4,0.0,1.0,0.0,1.0,1.0,wiki_B,native,oracle_tax,16977748066.619,0.932321,0.0,0.0,0.0,0.0,0.0,0.0,0.0,0.002,0.0,0.0,always_reactive,0.699688
h=0/q0=0.4/p=0/r=1/sig=0/cf=1,A_core,0.0,0.4,0.0,1.0,0.0,1.0,1.0,wiki_B,native,ours_spend_cap,18210199669.648,1.0,0.0,0.0,5403.0,0.0,0.0,0.0,5403.0,0.002,5403.0,1232451603.032,always_reactive,0.699688
h=0/q0=0.4/p=0/r=1/sig=0/cf=1,A_core,0.0,0.4,0.0,1.0,0.0,1.0,1.0,wiki_B,native,ours_cap_epoch,18210199669.648,1.0,0.0,0.0,5403.0,0.0,0.0,0.0,5403.0,0.002,5403.0,1232451603.032,always_reactive,0.699688
h=0/q0=0.4/p=0/r=1/sig=0/cf=1,A_core,0.0,0.4,0.0,1.0,0.0,1.0,1.0,wiki_B,native,ours_cap_realized,18210199669.648,1.0,0.0,0.0,5403.0,0.0,0.0,0.0,5403.0,0.002,5403.0,1232451603.032,always_reactive,0.699688
h=0/q0=0.4/p=0/r=1/sig=0/cf=1,A_core,0.0,0.4,0.0,1.0,0.0,1.0,1.0,wiki_B,native,ours_pi_prior,18106521019.371,0.994307,0.0,0.0,4918.0,0.0,0.0,0.0,4918.0,0.002,4918.0,1128772952.755,always_reactive,0.699688
h=0/q0=0.4/p=0/r=1/sig=0/cf=1,A_core,0.0,0.4,0.0,1.0,0.0,1.0,1.0,wiki_B,native,breakeven,19158589393.252,1.05208,0.0,0.0,9464.0,0.0,0.0,0.0,9464.0,0.002,9464.0,2180841326.636,always_reactive,0.699688
h=0/q0=0.4/p=0/r=1/sig=0/cf=1,A_core,0.0,0.4,0.0,1.0,0.0,1.0,1.0,wiki_B,native,breakeven_cap_epoch,17968585635.29,0.986732,0.0,0.0,4283.0,0.0,0.0,0.0,4283.0,0.002,4283.0,990837568.673,always_reactive,0.699688
h=0/q0=0.4/p=0/r=1/sig=0/cf=1,A_core,0.0,0.4,0.0,1.0,0.0,1.0,1.0,wiki_B,native,offline_taxblind,16977748066.618,0.932321,,,,,,,,,,,always_reactive,0.699688
h=0/q0=0.4/p=0/r=1/sig=0/cf=1,A_core,0.0,0.4,0.0,1.0,0.0,1.0,1.0,wiki_B,native,offline_opt_tax,16977748066.618,0.932321,,,,,,,,,,,always_reactive,0.699688
h=0/q0=0.4/p=1/r=1/sig=0.3/cf=1,D_sigma,0.0,0.4,1.0,1.0,0.3,3.0,1.0,bpi2019,autorpa_233k,always_reactive,28364744721.458,1.371671,0.0,0.0,0.0,0.0,0.0,0.0,0.0,0.003,0.0,0.0,ours_noinflate,0.993887
h=0/q0=0.4/p=1/r=1/sig=0.3/cf=1,D_sigma,0.0,0.4,1.0,1.0,0.3,3.0,1.0,bpi2019,autorpa_233k,always_compile_evict,20806162745.203,1.006151,57.0,86.0,1902.0,0.0,28463.8,94715.0,1396.0,0.061,0.0,0.0,ours_noinflate,0.993887
h=0/q0=0.4/p=1/r=1/sig=0.3/cf=1,D_sigma,0.0,0.4,1.0,1.0,0.3,3.0,1.0,bpi2019,autorpa_233k,ours_noinflate,20678965381.264,1.0,44.0,69.0,899.0,0.0,23801.4,79201.5,534.0,0.051,0.0,0.0,ours_noinflate,0.993887
h=0/q0=0.4/p=1/r=1/sig=0.3/cf=1,D_sigma,0.0,0.4,1.0,1.0,0.3,3.0,1.0,bpi2019,autorpa_233k,oracle_tax,21379795876.214,1.033891,90.0,90.0,90.0,0.0,24515.1,81606.7,0.0,0.051,0.0,0.0,ours_noinflate,0.993887
h=0/q0=0.4/p=1/r=1/sig=0.3/cf=1,D_sigma,0.0,0.4,1.0,1.0,0.3,3.0,1.0,bpi2019,autorpa_233k,ours_spend_cap,20678965381.264,1.0,44.0,69.0,899.0,0.0,23801.4,79201.5,534.0,0.051,0.0,0.0,ours_noinflate,0.993887
h=0/q0=0.4/p=1/r=1/sig=0.3/cf=1,D_sigma,0.0,0.4,1.0,1.0,0.3,3.0,1.0,bpi2019,autorpa_233k,ours_cap_epoch,20678965381.264,1.0,44.0,69.0,899.0,0.0,23801.4,79201.5,534.0,0.051,0.0,0.0,ours_noinflate,0.993887
h=0/q0=0.4/p=1/r=1/sig=0.3/cf=1,D_sigma,0.0,0.4,1.0,1.0,0.3,3.0,1.0,bpi2019,autorpa_233k,ours_cap_realized,20678965381.264,1.0,44.0,69.0,899.0,0.0,23801.4,79201.5,534.0,0.051,0.0,0.0,ours_noinflate,0.993887
h=0/q0=0.4/p=1/r=1/sig=0.3/cf=1,D_sigma,0.0,0.4,1.0,1.0,0.3,3.0,1.0,bpi2019,autorpa_233k,ours_pi_prior,20850543192.036,1.008297,36.0,61.0,767.0,0.0,21469.3,71529.2,422.0,0.045,0.0,0.0,ours_noinflate,0.993887
h=0/q0=0.4/p=1/r=1/sig=0.3/cf=1,D_sigma,0.0,0.4,1.0,1.0,0.3,3.0,1.0,bpi2019,autorpa_233k,breakeven,28299164421.369,1.3685,1.0,8.0,546.0,0.0,397.2,1340.0,409.0,0.004,0.0,0.0,ours_noinflate,0.993887
h=0/q0=0.4/p=1/r=1/sig=0.3/cf=1,D_sigma,0.0,0.4,1.0,1.0,0.3,3.0,1.0,bpi2019,autorpa_233k,breakeven_cap_epoch,28299164421.369,1.3685,1.0,8.0,546.0,0.0,397.2,1340.0,409.0,0.004,0.0,0.0,ours_noinflate,0.993887
h=0/q0=0.4/p=1/r=1/sig=0.3/cf=1,D_sigma,0.0,0.4,1.0,1.0,0.3,3.0,1.0,bpi2019,autorpa_233k,offline_taxblind,19225596459.778,0.929718,,,,,,,,,,,ours_noinflate,0.993887
h=0/q0=0.4/p=1/r=1/sig=0.3/cf=1,D_sigma,0.0,0.4,1.0,1.0,0.3,3.0,1.0,bpi2019,autorpa_233k,offline_opt_tax,19685840305.789,0.951974,,,,,,,,,,,ours_noinflate,0.993887
h=0/q0=0.4/p=1/r=1/sig=0.3/cf=1,D_sigma,0.0,0.4,1.0,1.0,0.3,3.0,1.0,bpi2019,native,always_reactive,28364744721.458,1.333622,0.0,0.0,0.0,0.0,0.0,0.0,0.0,0.003,0.0,0.0,always_compile_evict,1.0
h=0/q0=0.4/p=1/r=1/sig=0.3/cf=1,D_sigma,0.0,0.4,1.0,1.0,0.3,3.0,1.0,bpi2019,native,always_compile_evict,20924005088.367,0.983781,55.0,86.0,1902.0,0.0,28463.8,94715.0,1349.0,0.064,0.0,0.0,always_compile_evict,1.0
h=0/q0=0.4/p=1/r=1/sig=0.3/cf=1,D_sigma,0.0,0.4,1.0,1.0,0.3,3.0,1.0,bpi2019,native,ours_noinflate,21268957409.438,1.0,36.0,53.0,794.0,0.0,20533.4,68327.0,421.0,0.038,0.0,0.0,always_compile_evict,1.0
h=0/q0=0.4/p=1/r=1/sig=0.3/cf=1,D_sigma,0.0,0.4,1.0,1.0,0.3,3.0,1.0,bpi2019,native,oracle_tax,21382789759.943,1.005352,91.0,91.0,91.0,0.0,24533.2,81667.1,0.0,0.051,0.0,0.0,always_compile_evict,1.0
h=0/q0=0.4/p=1/r=1/sig=0.3/cf=1,D_sigma,0.0,0.4,1.0,1.0,0.3,3.0,1.0,bpi2019,native,ours_spend_cap,21268957409.438,1.0,36.0,53.0,794.0,0.0,20533.4,68327.0,421.0,0.038,0.0,0.0,always_compile_evict,1.0
h=0/q0=0.4/p=1/r=1/sig=0.3/cf=1,D_sigma,0.0,0.4,1.0,1.0,0.3,3.0,1.0,bpi2019,native,ours_cap_epoch,21268957409.438,1.0,36.0,53.0,794.0,0.0,20533.4,68327.0,421.0,0.038,0.0,0.0,always_compile_evict,1.0
h=0/q0=0.4/p=1/r=1/sig=0.3/cf=1,D_sigma,0.0,0.4,1.0,1.0,0.3,3.0,1.0,bpi2019,native,ours_cap_realized,21268957409.438,1.0,36.0,53.0,794.0,0.0,20533.4,68327.0,421.0,0.038,0.0,0.0,always_compile_evict,1.0
h=0/q0=0.4/p=1/r=1/sig=0.3/cf=1,D_sigma,0.0,0.4,1.0,1.0,0.3,3.0,1.0,bpi2019,native,ours_pi_prior,21452064649.442,1.008609,35.0,54.0,773.0,0.0,18950.9,63091.1,406.0,0.038,0.0,0.0,always_compile_evict,1.0
h=0/q0=0.4/p=1/r=1/sig=0.3/cf=1,D_sigma,0.0,0.4,1.0,1.0,0.3,3.0,1.0,bpi2019,native,breakeven,28296255110.812,1.330402,1.0,8.0,550.0,0.0,435.4,1495.0,417.0,0.004,0.0,0.0,always_compile_evict,1.0
h=0/q0=0.4/p=1/r=1/sig=0.3/cf=1,D_sigma,0.0,0.4,1.0,1.0,0.3,3.0,1.0,bpi2019,native,breakeven_cap_epoch,28296255110.812,1.330402,1.0,8.0,550.0,0.0,435.4,1495.0,417.0,0.004,0.0,0.0,always_compile_evict,1.0
h=0/q0=0.4/p=1/r=1/sig=0.3/cf=1,D_sigma,0.0,0.4,1.0,1.0,0.3,3.0,1.0,bpi2019,native,offline_taxblind,19238458463.915,0.904532,,,,,,,,,,,always_compile_evict,1.0
h=0/q0=0.4/p=1/r=1/sig=0.3/cf=1,D_sigma,0.0,0.4,1.0,1.0,0.3,3.0,1.0,bpi2019,native,offline_opt_tax,19702670806.529,0.926358,,,,,,,,,,,always_compile_evict,1.0
h=0/q0=0.4/p=1/r=1/sig=0.3/cf=1,D_sigma,0.0,0.4,1.0,1.0,0.3,3.0,1.0,sepsis,autorpa_233k,always_reactive,187135368.565,1.073432,0.0,0.0,0.0,0.0,0.0,0.0,0.0,0.002,0.0,0.0,ours_pi_prior,0.974777
h=0/q0=0.4/p=1/r=1/sig=0.3/cf=1,D_sigma,0.0,0.4,1.0,1.0,0.3,3.0,1.0,sepsis,autorpa_233k,always_compile_evict,178761695.124,1.0254,19.0,20.0,27.0,0.0,17.8,57.9,23.0,0.008,0.0,0.0,ours_pi_prior,0.974777
h=0/q0=0.4/p=1/r=1/sig=0.3/cf=1,D_sigma,0.0,0.4,1.0,1.0,0.3,3.0,1.0,sepsis,autorpa_233k,ours_noinflate,174333615.729,1.0,3.0,4.0,4.0,0.0,7.4,24.4,0.0,0.003,0.0,0.0,ours_pi_prior,0.974777
h=0/q0=0.4/p=1/r=1/sig=0.3/cf=1,D_sigma,0.0,0.4,1.0,1.0,0.3,3.0,1.0,sepsis,autorpa_233k,oracle_tax,174006942.061,0.998126,4.0,4.0,4.0,0.0,7.8,26.1,0.0,0.004,0.0,0.0,ours_pi_prior,0.974777
h=0/q0=0.4/p=1/r=1/sig=0.3/cf=1,D_sigma,0.0,0.4,1.0,1.0,0.3,3.0,1.0,sepsis,autorpa_233k,ours_spend_cap,174333615.729,1.0,3.0,4.0,4.0,0.0,7.4,24.4,0.0,0.003,0.0,0.0,ours_pi_prior,0.974777
h=0/q0=0.4/p=1/r=1/sig=0.3/cf=1,D_sigma,0.0,0.4,1.0,1.0,0.3,3.0,1.0,sepsis,autorpa_233k,ours_cap_epoch,174333615.729,1.0,3.0,4.0,4.0,0.0,7.4,24.4,0.0,0.003,0.0,0.0,ours_pi_prior,0.974777
h=0/q0=0.4/p=1/r=1/sig=0.3/cf=1,D_sigma,0.0,0.4,1.0,1.0,0.3,3.0,1.0,sepsis,autorpa_233k,ours_cap_realized,174333615.729,1.0,3.0,4.0,4.0,0.0,7.4,24.4,0.0,0.003,0.0,0.0,ours_pi_prior,0.974777
h=0/q0=0.4/p=1/r=1/sig=0.3/cf=1,D_sigma,0.0,0.4,1.0,1.0,0.3,3.0,1.0,sepsis,autorpa_233k,ours_pi_prior,174252773.276,0.999536,2.0,3.0,3.0,0.0,6.3,22.4,0.0,0.003,0.0,0.0,ours_pi_prior,0.974777
h=0/q0=0.4/p=1/r=1/sig=0.3/cf=1,D_sigma,0.0,0.4,1.0,1.0,0.3,3.0,1.0,sepsis,autorpa_233k,breakeven,182501785.303,1.046854,2.0,2.0,4.0,0.0,2.4,8.3,2.0,0.003,0.0,0.0,ours_pi_prior,0.974777
h=0/q0=0.4/p=1/r=1/sig=0.3/cf=1,D_sigma,0.0,0.4,1.0,1.0,0.3,3.0,1.0,sepsis,autorpa_233k,breakeven_cap_epoch,182501785.303,1.046854,2.0,2.0,4.0,0.0,2.4,8.3,2.0,0.003,0.0,0.0,ours_pi_prior,0.974777
h=0/q0=0.4/p=1/r=1/sig=0.3/cf=1,D_sigma,0.0,0.4,1.0,1.0,0.3,3.0,1.0,sepsis,autorpa_233k,offline_taxblind,171269238.186,0.982422,,,,,,,,,,,ours_pi_prior,0.974777
h=0/q0=0.4/p=1/r=1/sig=0.3/cf=1,D_sigma,0.0,0.4,1.0,1.0,0.3,3.0,1.0,sepsis,autorpa_233k,offline_opt_tax,172107585.706,0.987231,,,,,,,,,,,ours_pi_prior,0.974777
h=0/q0=0.4/p=1/r=1/sig=0.3/cf=1,D_sigma,0.0,0.4,1.0,1.0,0.3,3.0,1.0,sepsis,native,always_reactive,187135368.565,1.071941,0.0,0.0,0.0,0.0,0.0,0.0,0.0,0.002,0.0,0.0,ours_pi_prior,0.972064
h=0/q0=0.4/p=1/r=1/sig=0.3/cf=1,D_sigma,0.0,0.4,1.0,1.0,0.3,3.0,1.0,sepsis,native,always_compile_evict,179276706.274,1.026925,20.0,20.0,27.0,0.0,17.8,57.9,23.0,0.008,0.0,0.0,ours_pi_prior,0.972064
h=0/q0=0.4/p=1/r=1/sig=0.3/cf=1,D_sigma,0.0,0.4,1.0,1.0,0.3,3.0,1.0,sepsis,native,ours_noinflate,174576245.176,1.0,4.0,5.0,5.0,0.0,7.6,24.9,2.0,0.004,0.0,0.0,ours_pi_prior,0.972064
h=0/q0=0.4/p=1/r=1/sig=0.3/cf=1,D_sigma,0.0,0.4,1.0,1.0,0.3,3.0,1.0,sepsis,native,oracle_tax,174027479.533,0.996857,4.0,4.0,4.0,0.0,7.8,26.1,0.0,0.004,0.0,0.0,ours_pi_prior,0.972064
h=0/q0=0.4/p=1/r=1/sig=0.3/cf=1,D_sigma,0.0,0.4,1.0,1.0,0.3,3.0,1.0,sepsis,native,ours_spend_cap,174576245.176,1.0,4.0,5.0,5.0,0.0,7.6,24.9,2.0,0.004,0.0,0.0,ours_pi_prior,0.972064
h=0/q0=0.4/p=1/r=1/sig=0.3/cf=1,D_sigma,0.0,0.4,1.0,1.0,0.3,3.0,1.0,sepsis,native,ours_cap_epoch,174576245.176,1.0,4.0,5.0,5.0,0.0,7.6,24.9,2.0,0.004,0.0,0.0,ours_pi_prior,0.972064
h=0/q0=0.4/p=1/r=1/sig=0.3/cf=1,D_sigma,0.0,0.4,1.0,1.0,0.3,3.0,1.0,sepsis,native,ours_cap_realized,174576245.176,1.0,4.0,5.0,5.0,0.0,7.6,24.9,2.0,0.004,0.0,0.0,ours_pi_prior,0.972064
h=0/q0=0.4/p=1/r=1/sig=0.3/cf=1,D_sigma,0.0,0.4,1.0,1.0,0.3,3.0,1.0,sepsis,native,ours_pi_prior,174268449.381,0.998237,2.0,3.0,3.0,0.0,6.3,22.4,0.0,0.003,0.0,0.0,ours_pi_prior,0.972064
h=0/q0=0.4/p=1/r=1/sig=0.3/cf=1,D_sigma,0.0,0.4,1.0,1.0,0.3,3.0,1.0,sepsis,native,breakeven,182562137.584,1.045744,1.0,2.0,4.0,0.0,2.3,7.8,2.0,0.003,0.0,0.0,ours_pi_prior,0.972064
h=0/q0=0.4/p=1/r=1/sig=0.3/cf=1,D_sigma,0.0,0.4,1.0,1.0,0.3,3.0,1.0,sepsis,native,breakeven_cap_epoch,182562137.584,1.045744,1.0,2.0,4.0,0.0,2.3,7.8,2.0,0.003,0.0,0.0,ours_pi_prior,0.972064
h=0/q0=0.4/p=1/r=1/sig=0.3/cf=1,D_sigma,0.0,0.4,1.0,1.0,0.3,3.0,1.0,sepsis,native,offline_taxblind,171315451.073,0.981322,,,,,,,,,,,ours_pi_prior,0.972064
h=0/q0=0.4/p=1/r=1/sig=0.3/cf=1,D_sigma,0.0,0.4,1.0,1.0,0.3,3.0,1.0,sepsis,native,offline_opt_tax,172161158.339,0.986166,,,,,,,,,,,ours_pi_prior,0.972064
h=0/q0=0.4/p=1/r=1/sig=0.3/cf=1,D_sigma,0.0,0.4,1.0,1.0,0.3,3.0,1.0,wiki_A,autorpa_233k,always_reactive,19487424199.81,1.515866,0.0,0.0,0.0,0.0,0.0,0.0,0.0,0.001,0.0,0.0,always_compile_evict,1.0
h=0/q0=0.4/p=1/r=1/sig=0.3/cf=1,D_sigma,0.0,0.4,1.0,1.0,0.3,3.0,1.0,wiki_A,autorpa_233k,always_compile_evict,12855116657.55,0.999959,10.0,46.0,315.0,0.0,7501.3,25009.0,212.0,0.009,0.0,0.0,always_compile_evict,1.0
h=0/q0=0.4/p=1/r=1/sig=0.3/cf=1,D_sigma,0.0,0.4,1.0,1.0,0.3,3.0,1.0,wiki_A,autorpa_233k,ours_noinflate,12855640466.753,1.0,9.0,37.0,144.0,0.0,6752.1,22500.1,64.0,0.007,0.0,0.0,always_compile_evict,1.0
h=0/q0=0.4/p=1/r=1/sig=0.3/cf=1,D_sigma,0.0,0.4,1.0,1.0,0.3,3.0,1.0,wiki_A,autorpa_233k,oracle_tax,12973363272.42,1.009157,35.0,35.0,35.0,0.0,6860.1,22823.7,0.0,0.013,0.0,0.0,always_compile_evict,1.0
h=0/q0=0.4/p=1/r=1/sig=0.3/cf=1,D_sigma,0.0,0.4,1.0,1.0,0.3,3.0,1.0,wiki_A,autorpa_233k,ours_spend_cap,12855640466.753,1.0,9.0,37.0,144.0,0.0,6752.1,22500.1,64.0,0.007,0.0,0.0,always_compile_evict,1.0
h=0/q0=0.4/p=1/r=1/sig=0.3/cf=1,D_sigma,0.0,0.4,1.0,1.0,0.3,3.0,1.0,wiki_A,autorpa_233k,ours_cap_epoch,12855640466.753,1.0,9.0,37.0,144.0,0.0,6752.1,22500.1,64.0,0.007,0.0,0.0,always_compile_evict,1.0
h=0/q0=0.4/p=1/r=1/sig=0.3/cf=1,D_sigma,0.0,0.4,1.0,1.0,0.3,3.0,1.0,wiki_A,autorpa_233k,ours_cap_realized,12855640466.753,1.0,9.0,37.0,144.0,0.0,6752.1,22500.1,64.0,0.007,0.0,0.0,always_compile_evict,1.0
h=0/q0=0.4/p=1/r=1/sig=0.3/cf=1,D_sigma,0.0,0.4,1.0,1.0,0.3,3.0,1.0,wiki_A,autorpa_233k,ours_pi_prior,13084931725.241,1.017836,8.0,33.0,127.0,0.0,4780.3,15898.0,60.0,0.006,0.0,0.0,always_compile_evict,1.0
h=0/q0=0.4/p=1/r=1/sig=0.3/cf=1,D_sigma,0.0,0.4,1.0,1.0,0.3,3.0,1.0,wiki_A,autorpa_233k,breakeven,18630704066.925,1.449224,0.0,5.0,108.0,0.0,2602.2,8719.8,55.0,0.002,0.0,0.0,always_compile_evict,1.0
h=0/q0=0.4/p=1/r=1/sig=0.3/cf=1,D_sigma,0.0,0.4,1.0,1.0,0.3,3.0,1.0,wiki_A,autorpa_233k,breakeven_cap_epoch,18630704066.925,1.449224,0.0,5.0,108.0,0.0,2602.2,8719.8,55.0,0.002,0.0,0.0,always_compile_evict,1.0
h=0/q0=0.4/p=1/r=1/sig=0.3/cf=1,D_sigma,0.0,0.4,1.0,1.0,0.3,3.0,1.0,wiki_A,autorpa_233k,offline_taxblind,12697433101.498,0.987694,,,,,,,,,,,always_compile_evict,1.0
h=0/q0=0.4/p=1/r=1/sig=0.3/cf=1,D_sigma,0.0,0.4,1.0,1.0,0.3,3.0,1.0,wiki_A,autorpa_233k,offline_opt_tax,12747713683.773,0.991605,,,,,,,,,,,always_compile_evict,1.0
h=0/q0=0.4/p=1/r=1/sig=0.3/cf=1,D_sigma,0.0,0.4,1.0,1.0,0.3,3.0,1.0,wiki_A,native,always_reactive,19487424199.81,1.514707,0.0,0.0,0.0,0.0,0.0,0.0,0.0,0.001,0.0,0.0,ours_noinflate,0.999693
h=0/q0=0.4/p=1/r=1/sig=0.3/cf=1,D_sigma,0.0,0.4,1.0,1.0,0.3,3.0,1.0,wiki_A,native,always_compile_evict,12869427569.4,1.000307,12.0,48.0,315.0,0.0,7501.3,25009.0,209.0,0.009,0.0,0.0,ours_noinflate,0.999693
h=0/q0=0.4/p=1/r=1/sig=0.3/cf=1,D_sigma,0.0,0.4,1.0,1.0,0.3,3.0,1.0,wiki_A,native,ours_noinflate,12865474717.613,1.0,8.0,31.0,139.0,0.0,6939.1,23122.2,55.0,0.006,0.0,0.0,ours_noinflate,0.999693
h=0/q0=0.4/p=1/r=1/sig=0.3/cf=1,D_sigma,0.0,0.4,1.0,1.0,0.3,3.0,1.0,wiki_A,native,oracle_tax,12973626665.674,1.008406,35.0,35.0,35.0,0.0,6860.1,22823.7,0.0,0.013,0.0,0.0,ours_noinflate,0.999693
h=0/q0=0.4/p=1/r=1/sig=0.3/cf=1,D_sigma,0.0,0.4,1.0,1.0,0.3,3.0,1.0,wiki_A,native,ours_spend_cap,12865474717.613,1.0,8.0,31.0,139.0,0.0,6939.1,23122.2,55.0,0.006,0.0,0.0,ours_noinflate,0.999693
h=0/q0=0.4/p=1/r=1/sig=0.3/cf=1,D_sigma,0.0,0.4,1.0,1.0,0.3,3.0,1.0,wiki_A,native,ours_cap_epoch,12865474717.613,1.0,8.0,31.0,139.0,0.0,6939.1,23122.2,55.0,0.006,0.0,0.0,ours_noinflate,0.999693
h=0/q0=0.4/p=1/r=1/sig=0.3/cf=1,D_sigma,0.0,0.4,1.0,1.0,0.3,3.0,1.0,wiki_A,native,ours_cap_realized,12865474717.613,1.0,8.0,31.0,139.0,0.0,6939.1,23122.2,55.0,0.006,0.0,0.0,ours_noinflate,0.999693
h=0/q0=0.4/p=1/r=1/sig=0.3/cf=1,D_sigma,0.0,0.4,1.0,1.0,0.3,3.0,1.0,wiki_A,native,ours_pi_prior,13104196518.942,1.018555,8.0,29.0,131.0,0.0,4684.1,15598.2,57.0,0.006,0.0,0.0,ours_noinflate,0.999693
h=0/q0=0.4/p=1/r=1/sig=0.3/cf=1,D_sigma,0.0,0.4,1.0,1.0,0.3,3.0,1.0,wiki_A,native,breakeven,18611140614.653,1.446596,1.0,7.0,111.0,0.0,2822.7,9485.9,57.0,0.002,0.0,0.0,ours_noinflate,0.999693
h=0/q0=0.4/p=1/r=1/sig=0.3/cf=1,D_sigma,0.0,0.4,1.0,1.0,0.3,3.0,1.0,wiki_A,native,breakeven_cap_epoch,18611140614.653,1.446596,1.0,7.0,111.0,0.0,2822.7,9485.9,57.0,0.002,0.0,0.0,ours_noinflate,0.999693
h=0/q0=0.4/p=1/r=1/sig=0.3/cf=1,D_sigma,0.0,0.4,1.0,1.0,0.3,3.0,1.0,wiki_A,native,offline_taxblind,12700048957.515,0.987142,,,,,,,,,,,ours_noinflate,0.999693
h=0/q0=0.4/p=1/r=1/sig=0.3/cf=1,D_sigma,0.0,0.4,1.0,1.0,0.3,3.0,1.0,wiki_A,native,offline_opt_tax,12749513811.169,0.990987,,,,,,,,,,,ours_noinflate,0.999693
h=0/q0=0.4/p=1/r=1/sig=0.3/cf=1,D_sigma,0.0,0.4,1.0,1.0,0.3,3.0,1.0,wiki_B,autorpa_233k,always_reactive,16977748066.619,1.081726,0.0,0.0,0.0,0.0,0.0,0.0,0.0,0.002,0.0,0.0,ours_noinflate,0.985833
h=0/q0=0.4/p=1/r=1/sig=0.3/cf=1,D_sigma,0.0,0.4,1.0,1.0,0.3,3.0,1.0,wiki_B,autorpa_233k,always_compile_evict,15920615177.888,1.014371,68.0,88.0,1734.0,0.0,3367.6,11249.1,1378.0,0.035,0.0,0.0,ours_noinflate,0.985833
h=0/q0=0.4/p=1/r=1/sig=0.3/cf=1,D_sigma,0.0,0.4,1.0,1.0,0.3,3.0,1.0,wiki_B,autorpa_233k,ours_noinflate,15695060743.306,1.0,52.0,66.0,809.0,0.0,2379.0,7946.6,505.0,0.025,0.0,0.0,ours_noinflate,0.985833
h=0/q0=0.4/p=1/r=1/sig=0.3/cf=1,D_sigma,0.0,0.4,1.0,1.0,0.3,3.0,1.0,wiki_B,autorpa_233k,oracle_tax,15965823234.375,1.017251,67.0,67.0,67.0,0.0,1351.3,4523.1,0.0,0.018,0.0,0.0,ours_noinflate,0.985833
h=0/q0=0.4/p=1/r=1/sig=0.3/cf=1,D_sigma,0.0,0.4,1.0,1.0,0.3,3.0,1.0,wiki_B,autorpa_233k,ours_spend_cap,15695060743.306,1.0,52.0,66.0,809.0,0.0,2379.0,7946.6,505.0,0.025,0.0,0.0,ours_noinflate,0.985833
h=0/q0=0.4/p=1/r=1/sig=0.3/cf=1,D_sigma,0.0,0.4,1.0,1.0,0.3,3.0,1.0,wiki_B,autorpa_233k,ours_cap_epoch,15695060743.306,1.0,52.0,66.0,809.0,0.0,2379.0,7946.6,505.0,0.025,0.0,0.0,ours_noinflate,0.985833
h=0/q0=0.4/p=1/r=1/sig=0.3/cf=1,D_sigma,0.0,0.4,1.0,1.0,0.3,3.0,1.0,wiki_B,autorpa_233k,ours_cap_realized,15695060743.306,1.0,52.0,66.0,809.0,0.0,2379.0,7946.6,505.0,0.025,0.0,0.0,ours_noinflate,0.985833
h=0/q0=0.4/p=1/r=1/sig=0.3/cf=1,D_sigma,0.0,0.4,1.0,1.0,0.3,3.0,1.0,wiki_B,autorpa_233k,ours_pi_prior,15695298995.805,1.000015,49.0,58.0,706.0,0.0,2143.0,7167.5,430.0,0.022,0.0,0.0,ours_noinflate,0.985833
h=0/q0=0.4/p=1/r=1/sig=0.3/cf=1,D_sigma,0.0,0.4,1.0,1.0,0.3,3.0,1.0,wiki_B,autorpa_233k,breakeven,16910646454.866,1.07745,3.0,11.0,415.0,0.0,242.5,813.5,317.0,0.004,0.0,0.0,ours_noinflate,0.985833
h=0/q0=0.4/p=1/r=1/sig=0.3/cf=1,D_sigma,0.0,0.4,1.0,1.0,0.3,3.0,1.0,wiki_B,autorpa_233k,breakeven_cap_epoch,16910646454.866,1.07745,3.0,11.0,415.0,0.0,242.5,813.5,317.0,0.004,0.0,0.0,ours_noinflate,0.985833
h=0/q0=0.4/p=1/r=1/sig=0.3/cf=1,D_sigma,0.0,0.4,1.0,1.0,0.3,3.0,1.0,wiki_B,autorpa_233k,offline_taxblind,15021519872.363,0.957086,,,,,,,,,,,ours_noinflate,0.985833
h=0/q0=0.4/p=1/r=1/sig=0.3/cf=1,D_sigma,0.0,0.4,1.0,1.0,0.3,3.0,1.0,wiki_B,autorpa_233k,offline_opt_tax,15192190506.054,0.96796,,,,,,,,,,,ours_noinflate,0.985833
h=0/q0=0.4/p=1/r=1/sig=0.3/cf=1,D_sigma,0.0,0.4,1.0,1.0,0.3,3.0,1.0,wiki_B,native,always_reactive,16977748066.619,1.085551,0.0,0.0,0.0,0.0,0.0,0.0,0.0,0.002,0.0,0.0,ours_noinflate,0.977739
h=0/q0=0.4/p=1/r=1/sig=0.3/cf=1,D_sigma,0.0,0.4,1.0,1.0,0.3,3.0,1.0,wiki_B,native,always_compile_evict,15995833045.401,1.022767,74.0,85.0,1734.0,0.0,3367.6,11249.1,1380.0,0.036,0.0,0.0,ours_noinflate,0.977739
h=0/q0=0.4/p=1/r=1/sig=0.3/cf=1,D_sigma,0.0,0.4,1.0,1.0,0.3,3.0,1.0,wiki_B,native,ours_noinflate,15639757797.199,1.0,47.0,54.0,723.0,0.0,2283.8,7642.4,426.0,0.021,0.0,0.0,ours_noinflate,0.977739
h=0/q0=0.4/p=1/r=1/sig=0.3/cf=1,D_sigma,0.0,0.4,1.0,1.0,0.3,3.0,1.0,wiki_B,native,oracle_tax,15966427130.321,1.020887,67.0,67.0,67.0,0.0,1363.6,4560.7,0.0,0.018,0.0,0.0,ours_noinflate,0.977739
h=0/q0=0.4/p=1/r=1/sig=0.3/cf=1,D_sigma,0.0,0.4,1.0,1.0,0.3,3.0,1.0,wiki_B,native,ours_spend_cap,15639757797.199,1.0,47.0,54.0,723.0,0.0,2283.8,7642.4,426.0,0.021,0.0,0.0,ours_noinflate,0.977739
h=0/q0=0.4/p=1/r=1/sig=0.3/cf=1,D_sigma,0.0,0.4,1.0,1.0,0.3,3.0,1.0,wiki_B,native,ours_cap_epoch,15639757797.199,1.0,47.0,54.0,723.0,0.0,2283.8,7642.4,426.0,0.021,0.0,0.0,ours_noinflate,0.977739
h=0/q0=0.4/p=1/r=1/sig=0.3/cf=1,D_sigma,0.0,0.4,1.0,1.0,0.3,3.0,1.0,wiki_B,native,ours_cap_realized,15639757797.199,1.0,47.0,54.0,723.0,0.0,2283.8,7642.4,426.0,0.021,0.0,0.0,ours_noinflate,0.977739
h=0/q0=0.4/p=1/r=1/sig=0.3/cf=1,D_sigma,0.0,0.4,1.0,1.0,0.3,3.0,1.0,wiki_B,native,ours_pi_prior,15689047416.7,1.003152,51.0,55.0,723.0,0.0,2147.3,7181.9,449.0,0.021,0.0,0.0,ours_noinflate,0.977739
h=0/q0=0.4/p=1/r=1/sig=0.3/cf=1,D_sigma,0.0,0.4,1.0,1.0,0.3,3.0,1.0,wiki_B,native,breakeven,16909925684.186,1.081214,5.0,10.0,425.0,0.0,241.2,813.6,324.0,0.003,0.0,0.0,ours_noinflate,0.977739
h=0/q0=0.4/p=1/r=1/sig=0.3/cf=1,D_sigma,0.0,0.4,1.0,1.0,0.3,3.0,1.0,wiki_B,native,breakeven_cap_epoch,16909925684.186,1.081214,5.0,10.0,425.0,0.0,241.2,813.6,324.0,0.003,0.0,0.0,ours_noinflate,0.977739
h=0/q0=0.4/p=1/r=1/sig=0.3/cf=1,D_sigma,0.0,0.4,1.0,1.0,0.3,3.0,1.0,wiki_B,native,offline_taxblind,15029205627.858,0.960962,,,,,,,,,,,ours_noinflate,0.977739
h=0/q0=0.4/p=1/r=1/sig=0.3/cf=1,D_sigma,0.0,0.4,1.0,1.0,0.3,3.0,1.0,wiki_B,native,offline_opt_tax,15196877466.689,0.971682,,,,,,,,,,,ours_noinflate,0.977739
h=0/q0=0.4/p=1/r=1/sig=0/cf=1,A_core,0.0,0.4,1.0,1.0,0.0,1.0,1.0,bpi2019,autorpa_233k,always_reactive,28364744721.458,1.941012,0.0,0.0,0.0,0.0,0.0,0.0,0.0,0.003,0.0,0.0,always_compile_evict,1.0
h=0/q0=0.4/p=1/r=1/sig=0/cf=1,A_core,0.0,0.4,1.0,1.0,0.0,1.0,1.0,bpi2019,autorpa_233k,always_compile_evict,14582272831.929,0.997871,57.0,86.0,1902.0,0.0,0.0,0.0,1148.0,0.088,0.0,0.0,always_compile_evict,1.0
h=0/q0=0.4/p=1/r=1/sig=0/cf=1,A_core,0.0,0.4,1.0,1.0,0.0,1.0,1.0,bpi2019,autorpa_233k,ours_noinflate,14613381726.208,1.0,45.0,69.0,1020.0,0.0,0.0,0.0,451.0,0.074,0.0,0.0,always_compile_evict,1.0
h=0/q0=0.4/p=1/r=1/sig=0/cf=1,A_core,0.0,0.4,1.0,1.0,0.0,1.0,1.0,bpi2019,autorpa_233k,oracle_tax,15919571713.532,1.089383,127.0,127.0,127.0,0.0,0.0,0.0,0.0,0.094,0.0,0.0,always_compile_evict,1.0
h=0/q0=0.4/p=1/r=1/sig=0/cf=1,A_core,0.0,0.4,1.0,1.0,0.0,1.0,1.0,bpi2019,autorpa_233k,ours_spend_cap,14613381726.208,1.0,45.0,69.0,1020.0,0.0,0.0,0.0,451.0,0.074,0.0,0.0,always_compile_evict,1.0
h=0/q0=0.4/p=1/r=1/sig=0/cf=1,A_core,0.0,0.4,1.0,1.0,0.0,1.0,1.0,bpi2019,autorpa_233k,ours_cap_epoch,14613381726.208,1.0,45.0,69.0,1020.0,0.0,0.0,0.0,451.0,0.074,0.0,0.0,always_compile_evict,1.0
h=0/q0=0.4/p=1/r=1/sig=0/cf=1,A_core,0.0,0.4,1.0,1.0,0.0,1.0,1.0,bpi2019,autorpa_233k,ours_cap_realized,14613381726.208,1.0,45.0,69.0,1020.0,0.0,0.0,0.0,451.0,0.074,0.0,0.0,always_compile_evict,1.0
h=0/q0=0.4/p=1/r=1/sig=0/cf=1,A_core,0.0,0.4,1.0,1.0,0.0,1.0,1.0,bpi2019,autorpa_233k,ours_pi_prior,14691466281.909,1.005343,43.0,65.0,929.0,0.0,0.0,0.0,387.0,0.072,0.0,0.0,always_compile_evict,1.0
h=0/q0=0.4/p=1/r=1/sig=0/cf=1,A_core,0.0,0.4,1.0,1.0,0.0,1.0,1.0,bpi2019,autorpa_233k,breakeven,28145413453.302,1.926003,2.0,10.0,750.0,0.0,0.0,0.0,366.0,0.004,0.0,0.0,always_compile_evict,1.0
h=0/q0=0.4/p=1/r=1/sig=0/cf=1,A_core,0.0,0.4,1.0,1.0,0.0,1.0,1.0,bpi2019,autorpa_233k,breakeven_cap_epoch,28145413453.302,1.926003,2.0,10.0,750.0,0.0,0.0,0.0,366.0,0.004,0.0,0.0,always_compile_evict,1.0
h=0/q0=0.4/p=1/r=1/sig=0/cf=1,A_core,0.0,0.4,1.0,1.0,0.0,1.0,1.0,bpi2019,autorpa_233k,offline_taxblind,12664534694.384,0.86664,,,,,,,,,,,always_compile_evict,1.0
h=0/q0=0.4/p=1/r=1/sig=0/cf=1,A_core,0.0,0.4,1.0,1.0,0.0,1.0,1.0,bpi2019,autorpa_233k,offline_opt_tax,13333871949.651,0.912443,,,,,,,,,,,always_compile_evict,1.0
h=0/q0=0.4/p=1/r=1/sig=0/cf=1,A_core,0.0,0.4,1.0,1.0,0.0,1.0,1.0,bpi2019,native,always_reactive,28364744721.458,1.941818,0.0,0.0,0.0,0.0,0.0,0.0,0.0,0.003,0.0,0.0,ours_noinflate,0.993687
h=0/q0=0.4/p=1/r=1/sig=0/cf=1,A_core,0.0,0.4,1.0,1.0,0.0,1.0,1.0,bpi2019,native,always_compile_evict,14700115175.093,1.006353,55.0,86.0,1902.0,0.0,0.0,0.0,1079.0,0.091,0.0,0.0,ours_noinflate,0.993687
h=0/q0=0.4/p=1/r=1/sig=0/cf=1,A_core,0.0,0.4,1.0,1.0,0.0,1.0,1.0,bpi2019,native,ours_noinflate,14607312290.51,1.0,52.0,82.0,1106.0,0.0,0.0,0.0,484.0,0.082,0.0,0.0,ours_noinflate,0.993687
h=0/q0=0.4/p=1/r=1/sig=0/cf=1,A_core,0.0,0.4,1.0,1.0,0.0,1.0,1.0,bpi2019,native,oracle_tax,15923858923.293,1.090129,125.0,125.0,125.0,0.0,0.0,0.0,0.0,0.094,0.0,0.0,ours_noinflate,0.993687
h=0/q0=0.4/p=1/r=1/sig=0/cf=1,A_core,0.0,0.4,1.0,1.0,0.0,1.0,1.0,bpi2019,native,ours_spend_cap,14607312290.51,1.0,52.0,82.0,1106.0,0.0,0.0,0.0,484.0,0.082,0.0,0.0,ours_noinflate,0.993687
h=0/q0=0.4/p=1/r=1/sig=0/cf=1,A_core,0.0,0.4,1.0,1.0,0.0,1.0,1.0,bpi2019,native,ours_cap_epoch,14607312290.51,1.0,52.0,82.0,1106.0,0.0,0.0,0.0,484.0,0.082,0.0,0.0,ours_noinflate,0.993687
h=0/q0=0.4/p=1/r=1/sig=0/cf=1,A_core,0.0,0.4,1.0,1.0,0.0,1.0,1.0,bpi2019,native,ours_cap_realized,14607312290.51,1.0,52.0,82.0,1106.0,0.0,0.0,0.0,484.0,0.082,0.0,0.0,ours_noinflate,0.993687
h=0/q0=0.4/p=1/r=1/sig=0/cf=1,A_core,0.0,0.4,1.0,1.0,0.0,1.0,1.0,bpi2019,native,ours_pi_prior,14948193457.116,1.023336,44.0,72.0,953.0,0.0,0.0,0.0,374.0,0.071,0.0,0.0,ours_noinflate,0.993687
h=0/q0=0.4/p=1/r=1/sig=0/cf=1,A_core,0.0,0.4,1.0,1.0,0.0,1.0,1.0,bpi2019,native,breakeven,28114594783.916,1.924693,0.0,9.0,760.0,0.0,0.0,0.0,372.0,0.004,0.0,0.0,ours_noinflate,0.993687
h=0/q0=0.4/p=1/r=1/sig=0/cf=1,A_core,0.0,0.4,1.0,1.0,0.0,1.0,1.0,bpi2019,native,breakeven_cap_epoch,28114594783.916,1.924693,0.0,9.0,760.0,0.0,0.0,0.0,372.0,0.004,0.0,0.0,ours_noinflate,0.993687
h=0/q0=0.4/p=1/r=1/sig=0/cf=1,A_core,0.0,0.4,1.0,1.0,0.0,1.0,1.0,bpi2019,native,offline_taxblind,12686723859.123,0.868519,,,,,,,,,,,ours_noinflate,0.993687
h=0/q0=0.4/p=1/r=1/sig=0/cf=1,A_core,0.0,0.4,1.0,1.0,0.0,1.0,1.0,bpi2019,native,offline_opt_tax,13356875152.165,0.914396,,,,,,,,,,,ours_noinflate,0.993687
h=0/q0=0.4/p=1/r=1/sig=0/cf=1,A_core,0.0,0.4,1.0,1.0,0.0,1.0,1.0,sepsis,autorpa_233k,always_reactive,187135368.565,1.129852,0.0,0.0,0.0,0.0,0.0,0.0,0.0,0.002,0.0,0.0,ours_noinflate,0.981586
h=0/q0=0.4/p=1/r=1/sig=0/cf=1,A_core,0.0,0.4,1.0,1.0,0.0,1.0,1.0,sepsis,autorpa_233k,always_compile_evict,168735173.513,1.018759,19.0,20.0,27.0,0.0,0.0,0.0,21.0,0.008,0.0,0.0,ours_noinflate,0.981586
h=0/q0=0.4/p=1/r=1/sig=0/cf=1,A_core,0.0,0.4,1.0,1.0,0.0,1.0,1.0,sepsis,autorpa_233k,ours_noinflate,165628150.429,1.0,6.0,7.0,7.0,0.0,0.0,0.0,3.0,0.004,0.0,0.0,ours_noinflate,0.981586
h=0/q0=0.4/p=1/r=1/sig=0/cf=1,A_core,0.0,0.4,1.0,1.0,0.0,1.0,1.0,sepsis,autorpa_233k,oracle_tax,164761258.809,0.994766,6.0,6.0,6.0,0.0,0.0,0.0,0.0,0.005,0.0,0.0,ours_noinflate,0.981586
h=0/q0=0.4/p=1/r=1/sig=0/cf=1,A_core,0.0,0.4,1.0,1.0,0.0,1.0,1.0,sepsis,autorpa_233k,ours_spend_cap,165628150.429,1.0,6.0,7.0,7.0,0.0,0.0,0.0,3.0,0.004,0.0,0.0,ours_noinflate,0.981586
h=0/q0=0.4/p=1/r=1/sig=0/cf=1,A_core,0.0,0.4,1.0,1.0,0.0,1.0,1.0,sepsis,autorpa_233k,ours_cap_epoch,165628150.429,1.0,6.0,7.0,7.0,0.0,0.0,0.0,3.0,0.004,0.0,0.0,ours_noinflate,0.981586
h=0/q0=0.4/p=1/r=1/sig=0/cf=1,A_core,0.0,0.4,1.0,1.0,0.0,1.0,1.0,sepsis,autorpa_233k,ours_cap_realized,165628150.429,1.0,6.0,7.0,7.0,0.0,0.0,0.0,3.0,0.004,0.0,0.0,ours_noinflate,0.981586
h=0/q0=0.4/p=1/r=1/sig=0/cf=1,A_core,0.0,0.4,1.0,1.0,0.0,1.0,1.0,sepsis,autorpa_233k,ours_pi_prior,165761440.234,1.000805,4.0,5.0,5.0,0.0,0.0,0.0,1.0,0.004,0.0,0.0,ours_noinflate,0.981586
h=0/q0=0.4/p=1/r=1/sig=0/cf=1,A_core,0.0,0.4,1.0,1.0,0.0,1.0,1.0,sepsis,autorpa_233k,breakeven,178582076.177,1.078211,2.0,3.0,5.0,0.0,0.0,0.0,1.0,0.003,0.0,0.0,ours_noinflate,0.981586
h=0/q0=0.4/p=1/r=1/sig=0/cf=1,A_core,0.0,0.4,1.0,1.0,0.0,1.0,1.0,sepsis,autorpa_233k,breakeven_cap_epoch,178582076.177,1.078211,2.0,3.0,5.0,0.0,0.0,0.0,1.0,0.003,0.0,0.0,ours_noinflate,0.981586
h=0/q0=0.4/p=1/r=1/sig=0/cf=1,A_core,0.0,0.4,1.0,1.0,0.0,1.0,1.0,sepsis,autorpa_233k,offline_taxblind,141080643.658,0.851791,,,,,,,,,,,ours_noinflate,0.981586
h=0/q0=0.4/p=1/r=1/sig=0/cf=1,A_core,0.0,0.4,1.0,1.0,0.0,1.0,1.0,sepsis,autorpa_233k,offline_opt_tax,147617835.779,0.891261,,,,,,,,,,,ours_noinflate,0.981586
h=0/q0=0.4/p=1/r=1/sig=0/cf=1,A_core,0.0,0.4,1.0,1.0,0.0,1.0,1.0,sepsis,native,always_reactive,187135368.565,1.129078,0.0,0.0,0.0,0.0,0.0,0.0,0.0,0.002,0.0,0.0,ours_noinflate,0.97927
h=0/q0=0.4/p=1/r=1/sig=0/cf=1,A_core,0.0,0.4,1.0,1.0,0.0,1.0,1.0,sepsis,native,always_compile_evict,169250184.663,1.021168,20.0,20.0,27.0,0.0,0.0,0.0,19.0,0.008,0.0,0.0,ours_noinflate,0.97927
h=0/q0=0.4/p=1/r=1/sig=0/cf=1,A_core,0.0,0.4,1.0,1.0,0.0,1.0,1.0,sepsis,native,ours_noinflate,165741711.382,1.0,7.0,8.0,8.0,0.0,0.0,0.0,4.0,0.004,0.0,0.0,ours_noinflate,0.97927
h=0/q0=0.4/p=1/r=1/sig=0/cf=1,A_core,0.0,0.4,1.0,1.0,0.0,1.0,1.0,sepsis,native,oracle_tax,164774062.96,0.994162,8.0,8.0,8.0,0.0,0.0,0.0,0.0,0.005,0.0,0.0,ours_noinflate,0.97927
h=0/q0=0.4/p=1/r=1/sig=0/cf=1,A_core,0.0,0.4,1.0,1.0,0.0,1.0,1.0,sepsis,native,ours_spend_cap,165741711.382,1.0,7.0,8.0,8.0,0.0,0.0,0.0,4.0,0.004,0.0,0.0,ours_noinflate,0.97927
h=0/q0=0.4/p=1/r=1/sig=0/cf=1,A_core,0.0,0.4,1.0,1.0,0.0,1.0,1.0,sepsis,native,ours_cap_epoch,165741711.382,1.0,7.0,8.0,8.0,0.0,0.0,0.0,4.0,0.004,0.0,0.0,ours_noinflate,0.97927
h=0/q0=0.4/p=1/r=1/sig=0/cf=1,A_core,0.0,0.4,1.0,1.0,0.0,1.0,1.0,sepsis,native,ours_cap_realized,165741711.382,1.0,7.0,8.0,8.0,0.0,0.0,0.0,4.0,0.004,0.0,0.0,ours_noinflate,0.97927
h=0/q0=0.4/p=1/r=1/sig=0/cf=1,A_core,0.0,0.4,1.0,1.0,0.0,1.0,1.0,sepsis,native,ours_pi_prior,166049746.398,1.001859,5.0,6.0,6.0,0.0,0.0,0.0,2.0,0.004,0.0,0.0,ours_noinflate,0.97927
h=0/q0=0.4/p=1/r=1/sig=0/cf=1,A_core,0.0,0.4,1.0,1.0,0.0,1.0,1.0,sepsis,native,breakeven,178507923.05,1.077025,2.0,3.0,5.0,0.0,0.0,0.0,1.0,0.003,0.0,0.0,ours_noinflate,0.97927
h=0/q0=0.4/p=1/r=1/sig=0/cf=1,A_core,0.0,0.4,1.0,1.0,0.0,1.0,1.0,sepsis,native,breakeven_cap_epoch,178507923.05,1.077025,2.0,3.0,5.0,0.0,0.0,0.0,1.0,0.003,0.0,0.0,ours_noinflate,0.97927
h=0/q0=0.4/p=1/r=1/sig=0/cf=1,A_core,0.0,0.4,1.0,1.0,0.0,1.0,1.0,sepsis,native,offline_taxblind,141667448.259,0.854748,,,,,,,,,,,ours_noinflate,0.97927
h=0/q0=0.4/p=1/r=1/sig=0/cf=1,A_core,0.0,0.4,1.0,1.0,0.0,1.0,1.0,sepsis,native,offline_opt_tax,148207098.388,0.894205,,,,,,,,,,,ours_noinflate,0.97927
h=0/q0=0.4/p=1/r=1/sig=0/cf=1,A_core,0.0,0.4,1.0,1.0,0.0,1.0,1.0,wiki_A,autorpa_233k,always_reactive,19487424199.81,2.342081,0.0,0.0,0.0,0.0,0.0,0.0,0.0,0.001,0.0,0.0,always_compile_evict,1.0
h=0/q0=0.4/p=1/r=1/sig=0/cf=1,A_core,0.0,0.4,1.0,1.0,0.0,1.0,1.0,wiki_A,autorpa_233k,always_compile_evict,8295644817.506,0.997006,10.0,46.0,315.0,0.0,0.0,0.0,176.0,0.014,0.0,0.0,always_compile_evict,1.0
h=0/q0=0.4/p=1/r=1/sig=0/cf=1,A_core,0.0,0.4,1.0,1.0,0.0,1.0,1.0,wiki_A,autorpa_233k,ours_noinflate,8320557970.527,1.0,9.0,37.0,174.0,0.0,0.0,0.0,62.0,0.012,0.0,0.0,always_compile_evict,1.0
h=0/q0=0.4/p=1/r=1/sig=0/cf=1,A_core,0.0,0.4,1.0,1.0,0.0,1.0,1.0,wiki_A,autorpa_233k,oracle_tax,8490336021.128,1.020405,53.0,53.0,53.0,0.0,0.0,0.0,0.0,0.027,0.0,0.0,always_compile_evict,1.0
h=0/q0=0.4/p=1/r=1/sig=0/cf=1,A_core,0.0,0.4,1.0,1.0,0.0,1.0,1.0,wiki_A,autorpa_233k,ours_spend_cap,8320557970.527,1.0,9.0,37.0,174.0,0.0,0.0,0.0,62.0,0.012,0.0,0.0,always_compile_evict,1.0
h=0/q0=0.4/p=1/r=1/sig=0/cf=1,A_core,0.0,0.4,1.0,1.0,0.0,1.0,1.0,wiki_A,autorpa_233k,ours_cap_epoch,8320557970.527,1.0,9.0,37.0,174.0,0.0,0.0,0.0,62.0,0.012,0.0,0.0,always_compile_evict,1.0
h=0/q0=0.4/p=1/r=1/sig=0/cf=1,A_core,0.0,0.4,1.0,1.0,0.0,1.0,1.0,wiki_A,autorpa_233k,ours_cap_realized,8320557970.527,1.0,9.0,37.0,174.0,0.0,0.0,0.0,62.0,0.012,0.0,0.0,always_compile_evict,1.0
h=0/q0=0.4/p=1/r=1/sig=0/cf=1,A_core,0.0,0.4,1.0,1.0,0.0,1.0,1.0,wiki_A,autorpa_233k,ours_pi_prior,8331644401.288,1.001332,10.0,36.0,161.0,0.0,0.0,0.0,50.0,0.011,0.0,0.0,always_compile_evict,1.0
h=0/q0=0.4/p=1/r=1/sig=0/cf=1,A_core,0.0,0.4,1.0,1.0,0.0,1.0,1.0,wiki_A,autorpa_233k,breakeven,18041677612.418,2.168325,0.0,7.0,136.0,0.0,0.0,0.0,42.0,0.002,0.0,0.0,always_compile_evict,1.0
h=0/q0=0.4/p=1/r=1/sig=0/cf=1,A_core,0.0,0.4,1.0,1.0,0.0,1.0,1.0,wiki_A,autorpa_233k,breakeven_cap_epoch,18041677612.418,2.168325,0.0,7.0,136.0,0.0,0.0,0.0,42.0,0.002,0.0,0.0,always_compile_evict,1.0
h=0/q0=0.4/p=1/r=1/sig=0/cf=1,A_core,0.0,0.4,1.0,1.0,0.0,1.0,1.0,wiki_A,autorpa_233k,offline_taxblind,8071993785.798,0.970127,,,,,,,,,,,always_compile_evict,1.0
h=0/q0=0.4/p=1/r=1/sig=0/cf=1,A_core,0.0,0.4,1.0,1.0,0.0,1.0,1.0,wiki_A,autorpa_233k,offline_opt_tax,8135310515.725,0.977736,,,,,,,,,,,always_compile_evict,1.0
h=0/q0=0.4/p=1/r=1/sig=0/cf=1,A_core,0.0,0.4,1.0,1.0,0.0,1.0,1.0,wiki_A,native,always_reactive,19487424199.81,2.346409,0.0,0.0,0.0,0.0,0.0,0.0,0.0,0.001,0.0,0.0,ours_noinflate,0.999429
h=0/q0=0.4/p=1/r=1/sig=0/cf=1,A_core,0.0,0.4,1.0,1.0,0.0,1.0,1.0,wiki_A,native,always_compile_evict,8309955729.356,1.000571,12.0,48.0,315.0,0.0,0.0,0.0,170.0,0.014,0.0,0.0,ours_noinflate,0.999429
h=0/q0=0.4/p=1/r=1/sig=0/cf=1,A_core,0.0,0.4,1.0,1.0,0.0,1.0,1.0,wiki_A,native,ours_noinflate,8305212974.139,1.0,11.0,37.0,188.0,0.0,0.0,0.0,70.0,0.012,0.0,0.0,ours_noinflate,0.999429
h=0/q0=0.4/p=1/r=1/sig=0/cf=1,A_core,0.0,0.4,1.0,1.0,0.0,1.0,1.0,wiki_A,native,oracle_tax,8491384148.256,1.022416,54.0,54.0,54.0,0.0,0.0,0.0,0.0,0.027,0.0,0.0,ours_noinflate,0.999429
h=0/q0=0.4/p=1/r=1/sig=0/cf=1,A_core,0.0,0.4,1.0,1.0,0.0,1.0,1.0,wiki_A,native,ours_spend_cap,8305212974.139,1.0,11.0,37.0,188.0,0.0,0.0,0.0,70.0,0.012,0.0,0.0,ours_noinflate,0.999429
h=0/q0=0.4/p=1/r=1/sig=0/cf=1,A_core,0.0,0.4,1.0,1.0,0.0,1.0,1.0,wiki_A,native,ours_cap_epoch,8305212974.139,1.0,11.0,37.0,188.0,0.0,0.0,0.0,70.0,0.012,0.0,0.0,ours_noinflate,0.999429
h=0/q0=0.4/p=1/r=1/sig=0/cf=1,A_core,0.0,0.4,1.0,1.0,0.0,1.0,1.0,wiki_A,native,ours_cap_realized,8305212974.139,1.0,11.0,37.0,188.0,0.0,0.0,0.0,70.0,0.012,0.0,0.0,ours_noinflate,0.999429
h=0/q0=0.4/p=1/r=1/sig=0/cf=1,A_core,0.0,0.4,1.0,1.0,0.0,1.0,1.0,wiki_A,native,ours_pi_prior,8706590616.634,1.048328,11.0,32.0,167.0,0.0,0.0,0.0,57.0,0.01,0.0,0.0,ours_noinflate,0.999429
h=0/q0=0.4/p=1/r=1/sig=0/cf=1,A_core,0.0,0.4,1.0,1.0,0.0,1.0,1.0,wiki_A,native,breakeven,18043679158.536,2.172573,0.0,8.0,139.0,0.0,0.0,0.0,47.0,0.002,0.0,0.0,ours_noinflate,0.999429
h=0/q0=0.4/p=1/r=1/sig=0/cf=1,A_core,0.0,0.4,1.0,1.0,0.0,1.0,1.0,wiki_A,native,breakeven_cap_epoch,18043679158.536,2.172573,0.0,8.0,139.0,0.0,0.0,0.0,47.0,0.002,0.0,0.0,ours_noinflate,0.999429
h=0/q0=0.4/p=1/r=1/sig=0/cf=1,A_core,0.0,0.4,1.0,1.0,0.0,1.0,1.0,wiki_A,native,offline_taxblind,8075713287.084,0.972367,,,,,,,,,,,ours_noinflate,0.999429
h=0/q0=0.4/p=1/r=1/sig=0/cf=1,A_core,0.0,0.4,1.0,1.0,0.0,1.0,1.0,wiki_A,native,offline_opt_tax,8138021574.812,0.979869,,,,,,,,,,,ours_noinflate,0.999429
h=0/q0=0.4/p=1/r=1/sig=0/cf=1,A_core,0.0,0.4,1.0,1.0,0.0,1.0,1.0,wiki_B,autorpa_233k,always_reactive,16977748066.619,1.173742,0.0,0.0,0.0,0.0,0.0,0.0,0.0,0.002,0.0,0.0,ours_noinflate,0.99001
h=0/q0=0.4/p=1/r=1/sig=0/cf=1,A_core,0.0,0.4,1.0,1.0,0.0,1.0,1.0,wiki_B,autorpa_233k,always_compile_evict,14610601039.819,1.010091,68.0,88.0,1734.0,0.0,0.0,0.0,1162.0,0.038,0.0,0.0,ours_noinflate,0.99001
h=0/q0=0.4/p=1/r=1/sig=0/cf=1,A_core,0.0,0.4,1.0,1.0,0.0,1.0,1.0,wiki_B,autorpa_233k,ours_noinflate,14464634060.439,1.0,53.0,67.0,933.0,0.0,0.0,0.0,446.0,0.029,0.0,0.0,ours_noinflate,0.99001
h=0/q0=0.4/p=1/r=1/sig=0/cf=1,A_core,0.0,0.4,1.0,1.0,0.0,1.0,1.0,wiki_B,autorpa_233k,oracle_tax,15058773164.8,1.041075,130.0,130.0,130.0,0.0,0.0,0.0,0.0,0.037,0.0,0.0,ours_noinflate,0.99001
h=0/q0=0.4/p=1/r=1/sig=0/cf=1,A_core,0.0,0.4,1.0,1.0,0.0,1.0,1.0,wiki_B,autorpa_233k,ours_spend_cap,14464634060.439,1.0,53.0,67.0,933.0,0.0,0.0,0.0,446.0,0.029,0.0,0.0,ours_noinflate,0.99001
h=0/q0=0.4/p=1/r=1/sig=0/cf=1,A_core,0.0,0.4,1.0,1.0,0.0,1.0,1.0,wiki_B,autorpa_233k,ours_cap_epoch,14464634060.439,1.0,53.0,67.0,933.0,0.0,0.0,0.0,446.0,0.029,0.0,0.0,ours_noinflate,0.99001
h=0/q0=0.4/p=1/r=1/sig=0/cf=1,A_core,0.0,0.4,1.0,1.0,0.0,1.0,1.0,wiki_B,autorpa_233k,ours_cap_realized,14464634060.439,1.0,53.0,67.0,933.0,0.0,0.0,0.0,446.0,0.029,0.0,0.0,ours_noinflate,0.99001
h=0/q0=0.4/p=1/r=1/sig=0/cf=1,A_core,0.0,0.4,1.0,1.0,0.0,1.0,1.0,wiki_B,autorpa_233k,ours_pi_prior,14481402083.011,1.001159,53.0,63.0,862.0,0.0,0.0,0.0,404.0,0.027,0.0,0.0,ours_noinflate,0.99001
h=0/q0=0.4/p=1/r=1/sig=0/cf=1,A_core,0.0,0.4,1.0,1.0,0.0,1.0,1.0,wiki_B,autorpa_233k,breakeven,16811050376.171,1.162217,4.0,13.0,604.0,0.0,0.0,0.0,259.0,0.004,0.0,0.0,ours_noinflate,0.99001
h=0/q0=0.4/p=1/r=1/sig=0/cf=1,A_core,0.0,0.4,1.0,1.0,0.0,1.0,1.0,wiki_B,autorpa_233k,breakeven_cap_epoch,16811050376.171,1.162217,4.0,13.0,604.0,0.0,0.0,0.0,259.0,0.004,0.0,0.0,ours_noinflate,0.99001
h=0/q0=0.4/p=1/r=1/sig=0/cf=1,A_core,0.0,0.4,1.0,1.0,0.0,1.0,1.0,wiki_B,autorpa_233k,offline_taxblind,12100275344.767,0.836542,,,,,,,,,,,ours_noinflate,0.99001
h=0/q0=0.4/p=1/r=1/sig=0/cf=1,A_core,0.0,0.4,1.0,1.0,0.0,1.0,1.0,wiki_B,autorpa_233k,offline_opt_tax,12329365214.035,0.85238,,,,,,,,,,,ours_noinflate,0.99001
h=0/q0=0.4/p=1/r=1/sig=0/cf=1,A_core,0.0,0.4,1.0,1.0,0.0,1.0,1.0,wiki_B,native,always_reactive,16977748066.619,1.170161,0.0,0.0,0.0,0.0,0.0,0.0,0.0,0.002,0.0,0.0,ours_pi_prior,0.987604
h=0/q0=0.4/p=1/r=1/sig=0/cf=1,A_core,0.0,0.4,1.0,1.0,0.0,1.0,1.0,wiki_B,native,always_compile_evict,14685818907.332,1.012194,74.0,85.0,1734.0,0.0,0.0,0.0,1142.0,0.039,0.0,0.0,ours_pi_prior,0.987604
h=0/q0=0.4/p=1/r=1/sig=0/cf=1,A_core,0.0,0.4,1.0,1.0,0.0,1.0,1.0,wiki_B,native,ours_noinflate,14508893793.291,1.0,66.0,75.0,999.0,0.0,0.0,0.0,490.0,0.03,0.0,0.0,ours_pi_prior,0.987604
h=0/q0=0.4/p=1/r=1/sig=0/cf=1,A_core,0.0,0.4,1.0,1.0,0.0,1.0,1.0,wiki_B,native,oracle_tax,15060198573.374,1.037998,131.0,131.0,131.0,0.0,0.0,0.0,0.0,0.037,0.0,0.0,ours_pi_prior,0.987604
h=0/q0=0.4/p=1/r=1/sig=0/cf=1,A_core,0.0,0.4,1.0,1.0,0.0,1.0,1.0,wiki_B,native,ours_spend_cap,14508893793.291,1.0,66.0,75.0,999.0,0.0,0.0,0.0,490.0,0.03,0.0,0.0,ours_pi_prior,0.987604
h=0/q0=0.4/p=1/r=1/sig=0/cf=1,A_core,0.0,0.4,1.0,1.0,0.0,1.0,1.0,wiki_B,native,ours_cap_epoch,14508893793.291,1.0,66.0,75.0,999.0,0.0,0.0,0.0,490.0,0.03,0.0,0.0,ours_pi_prior,0.987604
h=0/q0=0.4/p=1/r=1/sig=0/cf=1,A_core,0.0,0.4,1.0,1.0,0.0,1.0,1.0,wiki_B,native,ours_cap_realized,14508893793.291,1.0,66.0,75.0,999.0,0.0,0.0,0.0,490.0,0.03,0.0,0.0,ours_pi_prior,0.987604
h=0/q0=0.4/p=1/r=1/sig=0/cf=1,A_core,0.0,0.4,1.0,1.0,0.0,1.0,1.0,wiki_B,native,ours_pi_prior,14503770556.255,0.999647,62.0,65.0,894.0,0.0,0.0,0.0,420.0,0.027,0.0,0.0,ours_pi_prior,0.987604
h=0/q0=0.4/p=1/r=1/sig=0/cf=1,A_core,0.0,0.4,1.0,1.0,0.0,1.0,1.0,wiki_B,native,breakeven,16815967970.226,1.159011,4.0,12.0,606.0,0.0,0.0,0.0,264.0,0.004,0.0,0.0,ours_pi_prior,0.987604
h=0/q0=0.4/p=1/r=1/sig=0/cf=1,A_core,0.0,0.4,1.0,1.0,0.0,1.0,1.0,wiki_B,native,breakeven_cap_epoch,16815967970.226,1.159011,4.0,12.0,606.0,0.0,0.0,0.0,264.0,0.004,0.0,0.0,ours_pi_prior,0.987604
h=0/q0=0.4/p=1/r=1/sig=0/cf=1,A_core,0.0,0.4,1.0,1.0,0.0,1.0,1.0,wiki_B,native,offline_taxblind,12159493140.688,0.838072,,,,,,,,,,,ours_pi_prior,0.987604
h=0/q0=0.4/p=1/r=1/sig=0/cf=1,A_core,0.0,0.4,1.0,1.0,0.0,1.0,1.0,wiki_B,native,offline_opt_tax,12384954936.074,0.853611,,,,,,,,,,,ours_pi_prior,0.987604
h=0/q0=0.4/p=1/r=2.2/sig=0/cf=1,C_rfb,0.0,0.4,1.0,2.2,0.0,1.0,1.0,bpi2019,autorpa_233k,always_reactive,28364744721.458,1.06636,0.0,0.0,0.0,0.0,0.0,0.0,0.0,0.003,0.0,0.0,ours_noinflate,0.984822
h=0/q0=0.4/p=1/r=2.2/sig=0/cf=1,C_rfb,0.0,0.4,1.0,2.2,0.0,1.0,1.0,bpi2019,autorpa_233k,always_compile_evict,27009529403.94,1.015412,57.0,86.0,1902.0,0.0,0.0,94715.0,1708.0,0.047,0.0,0.0,ours_noinflate,0.984822
h=0/q0=0.4/p=1/r=2.2/sig=0/cf=1,C_rfb,0.0,0.4,1.0,2.2,0.0,1.0,1.0,bpi2019,autorpa_233k,ours_noinflate,26599586153.233,1.0,21.0,35.0,372.0,0.0,0.0,35159.9,255.0,0.019,0.0,0.0,ours_noinflate,0.984822
h=0/q0=0.4/p=1/r=2.2/sig=0/cf=1,C_rfb,0.0,0.4,1.0,2.2,0.0,1.0,1.0,bpi2019,autorpa_233k,oracle_tax,26499271846.356,0.996229,40.0,40.0,40.0,0.0,0.0,66345.9,0.0,0.021,0.0,0.0,ours_noinflate,0.984822
h=0/q0=0.4/p=1/r=2.2/sig=0/cf=1,C_rfb,0.0,0.4,1.0,2.2,0.0,1.0,1.0,bpi2019,autorpa_233k,ours_spend_cap,26599586153.233,1.0,21.0,35.0,372.0,0.0,0.0,35159.9,255.0,0.019,0.0,0.0,ours_noinflate,0.984822
h=0/q0=0.4/p=1/r=2.2/sig=0/cf=1,C_rfb,0.0,0.4,1.0,2.2,0.0,1.0,1.0,bpi2019,autorpa_233k,ours_cap_epoch,26599586153.233,1.0,21.0,35.0,372.0,0.0,0.0,35159.9,255.0,0.019,0.0,0.0,ours_noinflate,0.984822
h=0/q0=0.4/p=1/r=2.2/sig=0/cf=1,C_rfb,0.0,0.4,1.0,2.2,0.0,1.0,1.0,bpi2019,autorpa_233k,ours_cap_realized,26599586153.233,1.0,21.0,35.0,372.0,0.0,0.0,35159.9,255.0,0.019,0.0,0.0,ours_noinflate,0.984822
h=0/q0=0.4/p=1/r=2.2/sig=0/cf=1,C_rfb,0.0,0.4,1.0,2.2,0.0,1.0,1.0,bpi2019,autorpa_233k,ours_pi_prior,27504560283.09,1.034022,15.0,27.0,317.0,0.0,0.0,15275.3,207.0,0.015,0.0,0.0,ours_noinflate,0.984822
h=0/q0=0.4/p=1/r=2.2/sig=0/cf=1,C_rfb,0.0,0.4,1.0,2.2,0.0,1.0,1.0,bpi2019,autorpa_233k,breakeven,28391730906.717,1.067375,1.0,5.0,266.0,0.0,0.0,899.4,229.0,0.004,0.0,0.0,ours_noinflate,0.984822
h=0/q0=0.4/p=1/r=2.2/sig=0/cf=1,C_rfb,0.0,0.4,1.0,2.2,0.0,1.0,1.0,bpi2019,autorpa_233k,breakeven_cap_epoch,28391730906.717,1.067375,1.0,5.0,266.0,0.0,0.0,899.4,229.0,0.004,0.0,0.0,ours_noinflate,0.984822
h=0/q0=0.4/p=1/r=2.2/sig=0/cf=1,C_rfb,0.0,0.4,1.0,2.2,0.0,1.0,1.0,bpi2019,autorpa_233k,offline_taxblind,25516603692.497,0.959286,,,,,,,,,,,ours_noinflate,0.984822
h=0/q0=0.4/p=1/r=2.2/sig=0/cf=1,C_rfb,0.0,0.4,1.0,2.2,0.0,1.0,1.0,bpi2019,autorpa_233k,offline_opt_tax,25791518754.102,0.969621,,,,,,,,,,,ours_noinflate,0.984822
h=0/q0=0.4/p=1/r=2.2/sig=0/cf=1,C_rfb,0.0,0.4,1.0,2.2,0.0,1.0,1.0,bpi2019,native,always_reactive,28364744721.458,1.066757,0.0,0.0,0.0,0.0,0.0,0.0,0.0,0.003,0.0,0.0,ours_noinflate,0.98018
h=0/q0=0.4/p=1/r=2.2/sig=0/cf=1,C_rfb,0.0,0.4,1.0,2.2,0.0,1.0,1.0,bpi2019,native,always_compile_evict,27127371747.104,1.020221,55.0,86.0,1902.0,0.0,0.0,94715.0,1697.0,0.05,0.0,0.0,ours_noinflate,0.98018
h=0/q0=0.4/p=1/r=2.2/sig=0/cf=1,C_rfb,0.0,0.4,1.0,2.2,0.0,1.0,1.0,bpi2019,native,ours_noinflate,26589705916.856,1.0,27.0,40.0,437.0,0.0,0.0,42452.9,308.0,0.023,0.0,0.0,ours_noinflate,0.98018
h=0/q0=0.4/p=1/r=2.2/sig=0/cf=1,C_rfb,0.0,0.4,1.0,2.2,0.0,1.0,1.0,bpi2019,native,oracle_tax,26498673311.941,0.996576,40.0,40.0,40.0,0.0,0.0,66347.2,0.0,0.021,0.0,0.0,ours_noinflate,0.98018
h=0/q0=0.4/p=1/r=2.2/sig=0/cf=1,C_rfb,0.0,0.4,1.0,2.2,0.0,1.0,1.0,bpi2019,native,ours_spend_cap,26589705916.856,1.0,27.0,40.0,437.0,0.0,0.0,42452.9,308.0,0.023,0.0,0.0,ours_noinflate,0.98018
h=0/q0=0.4/p=1/r=2.2/sig=0/cf=1,C_rfb,0.0,0.4,1.0,2.2,0.0,1.0,1.0,bpi2019,native,ours_cap_epoch,26589705916.856,1.0,27.0,40.0,437.0,0.0,0.0,42452.9,308.0,0.023,0.0,0.0,ours_noinflate,0.98018
h=0/q0=0.4/p=1/r=2.2/sig=0/cf=1,C_rfb,0.0,0.4,1.0,2.2,0.0,1.0,1.0,bpi2019,native,ours_cap_realized,26589705916.856,1.0,27.0,40.0,437.0,0.0,0.0,42452.9,308.0,0.023,0.0,0.0,ours_noinflate,0.98018
h=0/q0=0.4/p=1/r=2.2/sig=0/cf=1,C_rfb,0.0,0.4,1.0,2.2,0.0,1.0,1.0,bpi2019,native,ours_pi_prior,27528806989.457,1.035318,17.0,29.0,367.0,0.0,0.0,17293.1,254.0,0.017,0.0,0.0,ours_noinflate,0.98018
h=0/q0=0.4/p=1/r=2.2/sig=0/cf=1,C_rfb,0.0,0.4,1.0,2.2,0.0,1.0,1.0,bpi2019,native,breakeven,28394213018.314,1.067865,1.0,5.0,271.0,0.0,0.0,918.4,237.0,0.004,0.0,0.0,ours_noinflate,0.98018
h=0/q0=0.4/p=1/r=2.2/sig=0/cf=1,C_rfb,0.0,0.4,1.0,2.2,0.0,1.0,1.0,bpi2019,native,breakeven_cap_epoch,28394213018.314,1.067865,1.0,5.0,271.0,0.0,0.0,918.4,237.0,0.004,0.0,0.0,ours_noinflate,0.98018
h=0/q0=0.4/p=1/r=2.2/sig=0/cf=1,C_rfb,0.0,0.4,1.0,2.2,0.0,1.0,1.0,bpi2019,native,offline_taxblind,25523866741.379,0.959915,,,,,,,,,,,ours_noinflate,0.98018
h=0/q0=0.4/p=1/r=2.2/sig=0/cf=1,C_rfb,0.0,0.4,1.0,2.2,0.0,1.0,1.0,bpi2019,native,offline_opt_tax,25797173489.306,0.970194,,,,,,,,,,,ours_noinflate,0.98018
h=0/q0=0.4/p=1/r=2.2/sig=0/cf=1,C_rfb,0.0,0.4,1.0,2.2,0.0,1.0,1.0,sepsis,autorpa_233k,always_reactive,187135368.565,1.023552,0.0,0.0,0.0,0.0,0.0,0.0,0.0,0.002,0.0,0.0,ours_noinflate,0.96836
h=0/q0=0.4/p=1/r=2.2/sig=0/cf=1,C_rfb,0.0,0.4,1.0,2.2,0.0,1.0,1.0,sepsis,autorpa_233k,always_compile_evict,188803149.293,1.032674,19.0,20.0,27.0,0.0,0.0,57.9,25.0,0.007,0.0,0.0,ours_noinflate,0.96836
h=0/q0=0.4/p=1/r=2.2/sig=0/cf=1,C_rfb,0.0,0.4,1.0,2.2,0.0,1.0,1.0,sepsis,autorpa_233k,ours_noinflate,182829442.118,1.0,2.0,2.0,2.0,0.0,0.0,17.9,0.0,0.003,0.0,0.0,ours_noinflate,0.96836
h=0/q0=0.4/p=1/r=2.2/sig=0/cf=1,C_rfb,0.0,0.4,1.0,2.2,0.0,1.0,1.0,sepsis,autorpa_233k,oracle_tax,182674872.33,0.999155,2.0,2.0,2.0,0.0,0.0,21.4,0.0,0.003,0.0,0.0,ours_noinflate,0.96836
h=0/q0=0.4/p=1/r=2.2/sig=0/cf=1,C_rfb,0.0,0.4,1.0,2.2,0.0,1.0,1.0,sepsis,autorpa_233k,ours_spend_cap,182829442.118,1.0,2.0,2.0,2.0,0.0,0.0,17.9,0.0,0.003,0.0,0.0,ours_noinflate,0.96836
h=0/q0=0.4/p=1/r=2.2/sig=0/cf=1,C_rfb,0.0,0.4,1.0,2.2,0.0,1.0,1.0,sepsis,autorpa_233k,ours_cap_epoch,182829442.118,1.0,2.0,2.0,2.0,0.0,0.0,17.9,0.0,0.003,0.0,0.0,ours_noinflate,0.96836
h=0/q0=0.4/p=1/r=2.2/sig=0/cf=1,C_rfb,0.0,0.4,1.0,2.2,0.0,1.0,1.0,sepsis,autorpa_233k,ours_cap_realized,182829442.118,1.0,2.0,2.0,2.0,0.0,0.0,17.9,0.0,0.003,0.0,0.0,ours_noinflate,0.96836
h=0/q0=0.4/p=1/r=2.2/sig=0/cf=1,C_rfb,0.0,0.4,1.0,2.2,0.0,1.0,1.0,sepsis,autorpa_233k,ours_pi_prior,183779903.135,1.005199,2.0,2.0,2.0,0.0,0.0,15.4,0.0,0.003,0.0,0.0,ours_noinflate,0.96836
h=0/q0=0.4/p=1/r=2.2/sig=0/cf=1,C_rfb,0.0,0.4,1.0,2.2,0.0,1.0,1.0,sepsis,autorpa_233k,breakeven,183205969.947,1.002059,1.0,2.0,2.0,0.0,0.0,15.0,0.0,0.003,0.0,0.0,ours_noinflate,0.96836
h=0/q0=0.4/p=1/r=2.2/sig=0/cf=1,C_rfb,0.0,0.4,1.0,2.2,0.0,1.0,1.0,sepsis,autorpa_233k,breakeven_cap_epoch,183205969.947,1.002059,1.0,2.0,2.0,0.0,0.0,15.0,0.0,0.003,0.0,0.0,ours_noinflate,0.96836
h=0/q0=0.4/p=1/r=2.2/sig=0/cf=1,C_rfb,0.0,0.4,1.0,2.2,0.0,1.0,1.0,sepsis,autorpa_233k,offline_taxblind,182979207.183,1.000819,,,,,,,,,,,ours_noinflate,0.96836
h=0/q0=0.4/p=1/r=2.2/sig=0/cf=1,C_rfb,0.0,0.4,1.0,2.2,0.0,1.0,1.0,sepsis,autorpa_233k,offline_opt_tax,183222126.243,1.002148,,,,,,,,,,,ours_noinflate,0.96836
h=0/q0=0.4/p=1/r=2.2/sig=0/cf=1,C_rfb,0.0,0.4,1.0,2.2,0.0,1.0,1.0,sepsis,native,always_reactive,187135368.565,1.023494,0.0,0.0,0.0,0.0,0.0,0.0,0.0,0.002,0.0,0.0,ours_noinflate,0.965781
h=0/q0=0.4/p=1/r=2.2/sig=0/cf=1,C_rfb,0.0,0.4,1.0,2.2,0.0,1.0,1.0,sepsis,native,always_compile_evict,189318160.443,1.035432,20.0,20.0,27.0,0.0,0.0,57.9,25.0,0.007,0.0,0.0,ours_noinflate,0.965781
h=0/q0=0.4/p=1/r=2.2/sig=0/cf=1,C_rfb,0.0,0.4,1.0,2.2,0.0,1.0,1.0,sepsis,native,ours_noinflate,182839801.855,1.0,2.0,2.0,2.0,0.0,0.0,17.9,0.0,0.003,0.0,0.0,ours_noinflate,0.965781
h=0/q0=0.4/p=1/r=2.2/sig=0/cf=1,C_rfb,0.0,0.4,1.0,2.2,0.0,1.0,1.0,sepsis,native,oracle_tax,182685141.066,0.999154,2.0,2.0,2.0,0.0,0.0,21.4,0.0,0.003,0.0,0.0,ours_noinflate,0.965781
h=0/q0=0.4/p=1/r=2.2/sig=0/cf=1,C_rfb,0.0,0.4,1.0,2.2,0.0,1.0,1.0,sepsis,native,ours_spend_cap,182839801.855,1.0,2.0,2.0,2.0,0.0,0.0,17.9,0.0,0.003,0.0,0.0,ours_noinflate,0.965781
h=0/q0=0.4/p=1/r=2.2/sig=0/cf=1,C_rfb,0.0,0.4,1.0,2.2,0.0,1.0,1.0,sepsis,native,ours_cap_epoch,182839801.855,1.0,2.0,2.0,2.0,0.0,0.0,17.9,0.0,0.003,0.0,0.0,ours_noinflate,0.965781
h=0/q0=0.4/p=1/r=2.2/sig=0/cf=1,C_rfb,0.0,0.4,1.0,2.2,0.0,1.0,1.0,sepsis,native,ours_cap_realized,182839801.855,1.0,2.0,2.0,2.0,0.0,0.0,17.9,0.0,0.003,0.0,0.0,ours_noinflate,0.965781
h=0/q0=0.4/p=1/r=2.2/sig=0/cf=1,C_rfb,0.0,0.4,1.0,2.2,0.0,1.0,1.0,sepsis,native,ours_pi_prior,184150064.019,1.007166,2.0,2.0,2.0,0.0,0.0,15.2,0.0,0.003,0.0,0.0,ours_noinflate,0.965781
h=0/q0=0.4/p=1/r=2.2/sig=0/cf=1,C_rfb,0.0,0.4,1.0,2.2,0.0,1.0,1.0,sepsis,native,breakeven,183216238.683,1.002059,1.0,2.0,2.0,0.0,0.0,15.0,0.0,0.003,0.0,0.0,ours_noinflate,0.965781
h=0/q0=0.4/p=1/r=2.2/sig=0/cf=1,C_rfb,0.0,0.4,1.0,2.2,0.0,1.0,1.0,sepsis,native,breakeven_cap_epoch,183216238.683,1.002059,1.0,2.0,2.0,0.0,0.0,15.0,0.0,0.003,0.0,0.0,ours_noinflate,0.965781
h=0/q0=0.4/p=1/r=2.2/sig=0/cf=1,C_rfb,0.0,0.4,1.0,2.2,0.0,1.0,1.0,sepsis,native,offline_taxblind,182994610.287,1.000847,,,,,,,,,,,ours_noinflate,0.965781
h=0/q0=0.4/p=1/r=2.2/sig=0/cf=1,C_rfb,0.0,0.4,1.0,2.2,0.0,1.0,1.0,sepsis,native,offline_opt_tax,183237675.63,1.002176,,,,,,,,,,,ours_noinflate,0.965781
h=0/q0=0.4/p=1/r=2.2/sig=0/cf=1,C_rfb,0.0,0.4,1.0,2.2,0.0,1.0,1.0,wiki_A,autorpa_233k,always_reactive,19487424199.81,1.116704,0.0,0.0,0.0,0.0,0.0,0.0,0.0,0.001,0.0,0.0,always_compile_evict,1.0
h=0/q0=0.4/p=1/r=2.2/sig=0/cf=1,C_rfb,0.0,0.4,1.0,2.2,0.0,1.0,1.0,wiki_A,autorpa_233k,always_compile_evict,17405562481.548,0.997405,10.0,46.0,315.0,0.0,0.0,25009.0,260.0,0.007,0.0,0.0,always_compile_evict,1.0
h=0/q0=0.4/p=1/r=2.2/sig=0/cf=1,C_rfb,0.0,0.4,1.0,2.2,0.0,1.0,1.0,wiki_A,autorpa_233k,ours_noinflate,17450846790.999,1.0,5.0,21.0,70.0,0.0,0.0,12378.9,38.0,0.003,0.0,0.0,always_compile_evict,1.0
h=0/q0=0.4/p=1/r=2.2/sig=0/cf=1,C_rfb,0.0,0.4,1.0,2.2,0.0,1.0,1.0,wiki_A,autorpa_233k,oracle_tax,17398615512.414,0.997007,20.0,20.0,20.0,0.0,0.0,21059.3,0.0,0.006,0.0,0.0,always_compile_evict,1.0
h=0/q0=0.4/p=1/r=2.2/sig=0/cf=1,C_rfb,0.0,0.4,1.0,2.2,0.0,1.0,1.0,wiki_A,autorpa_233k,ours_spend_cap,17450846790.999,1.0,5.0,21.0,70.0,0.0,0.0,12378.9,38.0,0.003,0.0,0.0,always_compile_evict,1.0
h=0/q0=0.4/p=1/r=2.2/sig=0/cf=1,C_rfb,0.0,0.4,1.0,2.2,0.0,1.0,1.0,wiki_A,autorpa_233k,ours_cap_epoch,17450846790.999,1.0,5.0,21.0,70.0,0.0,0.0,12378.9,38.0,0.003,0.0,0.0,always_compile_evict,1.0
h=0/q0=0.4/p=1/r=2.2/sig=0/cf=1,C_rfb,0.0,0.4,1.0,2.2,0.0,1.0,1.0,wiki_A,autorpa_233k,ours_cap_realized,17450846790.999,1.0,5.0,21.0,70.0,0.0,0.0,12378.9,38.0,0.003,0.0,0.0,always_compile_evict,1.0
h=0/q0=0.4/p=1/r=2.2/sig=0/cf=1,C_rfb,0.0,0.4,1.0,2.2,0.0,1.0,1.0,wiki_A,autorpa_233k,ours_pi_prior,17418714399.17,0.998159,5.0,14.0,57.0,0.0,0.0,13960.5,25.0,0.003,0.0,0.0,always_compile_evict,1.0
h=0/q0=0.4/p=1/r=2.2/sig=0/cf=1,C_rfb,0.0,0.4,1.0,2.2,0.0,1.0,1.0,wiki_A,autorpa_233k,breakeven,19221776729.274,1.101481,1.0,5.0,61.0,0.0,0.0,9132.6,35.0,0.002,0.0,0.0,always_compile_evict,1.0
h=0/q0=0.4/p=1/r=2.2/sig=0/cf=1,C_rfb,0.0,0.4,1.0,2.2,0.0,1.0,1.0,wiki_A,autorpa_233k,breakeven_cap_epoch,19221776729.274,1.101481,1.0,5.0,61.0,0.0,0.0,9132.6,35.0,0.002,0.0,0.0,always_compile_evict,1.0
h=0/q0=0.4/p=1/r=2.2/sig=0/cf=1,C_rfb,0.0,0.4,1.0,2.2,0.0,1.0,1.0,wiki_A,autorpa_233k,offline_taxblind,17267663989.619,0.989503,,,,,,,,,,,always_compile_evict,1.0
h=0/q0=0.4/p=1/r=2.2/sig=0/cf=1,C_rfb,0.0,0.4,1.0,2.2,0.0,1.0,1.0,wiki_A,autorpa_233k,offline_opt_tax,17300988630.249,0.991413,,,,,,,,,,,always_compile_evict,1.0
h=0/q0=0.4/p=1/r=2.2/sig=0/cf=1,C_rfb,0.0,0.4,1.0,2.2,0.0,1.0,1.0,wiki_A,native,always_reactive,19487424199.81,1.118182,0.0,0.0,0.0,0.0,0.0,0.0,0.0,0.001,0.0,0.0,always_compile_evict,1.0
h=0/q0=0.4/p=1/r=2.2/sig=0/cf=1,C_rfb,0.0,0.4,1.0,2.2,0.0,1.0,1.0,wiki_A,native,always_compile_evict,17419873393.398,0.999547,12.0,48.0,315.0,0.0,0.0,25009.0,259.0,0.007,0.0,0.0,always_compile_evict,1.0
h=0/q0=0.4/p=1/r=2.2/sig=0/cf=1,C_rfb,0.0,0.4,1.0,2.2,0.0,1.0,1.0,wiki_A,native,ours_noinflate,17427769633.981,1.0,8.0,25.0,83.0,0.0,0.0,14292.0,47.0,0.004,0.0,0.0,always_compile_evict,1.0
h=0/q0=0.4/p=1/r=2.2/sig=0/cf=1,C_rfb,0.0,0.4,1.0,2.2,0.0,1.0,1.0,wiki_A,native,oracle_tax,17398971547.514,0.998348,20.0,20.0,20.0,0.0,0.0,21059.3,0.0,0.006,0.0,0.0,always_compile_evict,1.0
h=0/q0=0.4/p=1/r=2.2/sig=0/cf=1,C_rfb,0.0,0.4,1.0,2.2,0.0,1.0,1.0,wiki_A,native,ours_spend_cap,17427769633.981,1.0,8.0,25.0,83.0,0.0,0.0,14292.0,47.0,0.004,0.0,0.0,always_compile_evict,1.0
h=0/q0=0.4/p=1/r=2.2/sig=0/cf=1,C_rfb,0.0,0.4,1.0,2.2,0.0,1.0,1.0,wiki_A,native,ours_cap_epoch,17427769633.981,1.0,8.0,25.0,83.0,0.0,0.0,14292.0,47.0,0.004,0.0,0.0,always_compile_evict,1.0
h=0/q0=0.4/p=1/r=2.2/sig=0/cf=1,C_rfb,0.0,0.4,1.0,2.2,0.0,1.0,1.0,wiki_A,native,ours_cap_realized,17427769633.981,1.0,8.0,25.0,83.0,0.0,0.0,14292.0,47.0,0.004,0.0,0.0,always_compile_evict,1.0
h=0/q0=0.4/p=1/r=2.2/sig=0/cf=1,C_rfb,0.0,0.4,1.0,2.2,0.0,1.0,1.0,wiki_A,native,ours_pi_prior,17421026557.701,0.999613,6.0,17.0,62.0,0.0,0.0,14062.3,30.0,0.003,0.0,0.0,always_compile_evict,1.0
h=0/q0=0.4/p=1/r=2.2/sig=0/cf=1,C_rfb,0.0,0.4,1.0,2.2,0.0,1.0,1.0,wiki_A,native,breakeven,19225380176.671,1.103146,0.0,4.0,59.0,0.0,0.0,8086.9,35.0,0.002,0.0,0.0,always_compile_evict,1.0
h=0/q0=0.4/p=1/r=2.2/sig=0/cf=1,C_rfb,0.0,0.4,1.0,2.2,0.0,1.0,1.0,wiki_A,native,breakeven_cap_epoch,19225380176.671,1.103146,0.0,4.0,59.0,0.0,0.0,8086.9,35.0,0.002,0.0,0.0,always_compile_evict,1.0
h=0/q0=0.4/p=1/r=2.2/sig=0/cf=1,C_rfb,0.0,0.4,1.0,2.2,0.0,1.0,1.0,wiki_A,native,offline_taxblind,17269211083.208,0.990902,,,,,,,,,,,always_compile_evict,1.0
h=0/q0=0.4/p=1/r=2.2/sig=0/cf=1,C_rfb,0.0,0.4,1.0,2.2,0.0,1.0,1.0,wiki_A,native,offline_opt_tax,17302601432.926,0.992818,,,,,,,,,,,always_compile_evict,1.0
h=0/q0=0.4/p=1/r=2.2/sig=0/cf=1,C_rfb,0.0,0.4,1.0,2.2,0.0,1.0,1.0,wiki_B,autorpa_233k,always_reactive,16977748066.619,1.013191,0.0,0.0,0.0,0.0,0.0,0.0,0.0,0.002,0.0,0.0,ours_pi_prior,0.969491
h=0/q0=0.4/p=1/r=2.2/sig=0/cf=1,C_rfb,0.0,0.4,1.0,2.2,0.0,1.0,1.0,wiki_B,autorpa_233k,always_compile_evict,17244143512.54,1.029088,68.0,88.0,1734.0,0.0,0.0,11249.1,1593.0,0.032,0.0,0.0,ours_pi_prior,0.969491
h=0/q0=0.4/p=1/r=2.2/sig=0/cf=1,C_rfb,0.0,0.4,1.0,2.2,0.0,1.0,1.0,wiki_B,autorpa_233k,ours_noinflate,16756716900.865,1.0,28.0,37.0,388.0,0.0,0.0,3953.4,296.0,0.014,0.0,0.0,ours_pi_prior,0.969491
h=0/q0=0.4/p=1/r=2.2/sig=0/cf=1,C_rfb,0.0,0.4,1.0,2.2,0.0,1.0,1.0,wiki_B,autorpa_233k,oracle_tax,16724985485.14,0.998106,19.0,19.0,19.0,0.0,0.0,2935.0,0.0,0.008,0.0,0.0,ours_pi_prior,0.969491
h=0/q0=0.4/p=1/r=2.2/sig=0/cf=1,C_rfb,0.0,0.4,1.0,2.2,0.0,1.0,1.0,wiki_B,autorpa_233k,ours_spend_cap,16756716900.865,1.0,28.0,37.0,388.0,0.0,0.0,3953.4,296.0,0.014,0.0,0.0,ours_pi_prior,0.969491
h=0/q0=0.4/p=1/r=2.2/sig=0/cf=1,C_rfb,0.0,0.4,1.0,2.2,0.0,1.0,1.0,wiki_B,autorpa_233k,ours_cap_epoch,16756716900.865,1.0,28.0,37.0,388.0,0.0,0.0,3953.4,296.0,0.014,0.0,0.0,ours_pi_prior,0.969491
h=0/q0=0.4/p=1/r=2.2/sig=0/cf=1,C_rfb,0.0,0.4,1.0,2.2,0.0,1.0,1.0,wiki_B,autorpa_233k,ours_cap_realized,16756716900.865,1.0,28.0,37.0,388.0,0.0,0.0,3953.4,296.0,0.014,0.0,0.0,ours_pi_prior,0.969491
h=0/q0=0.4/p=1/r=2.2/sig=0/cf=1,C_rfb,0.0,0.4,1.0,2.2,0.0,1.0,1.0,wiki_B,autorpa_233k,ours_pi_prior,16718048478.948,0.997692,17.0,31.0,311.0,0.0,0.0,4007.0,230.0,0.011,0.0,0.0,ours_pi_prior,0.969491
h=0/q0=0.4/p=1/r=2.2/sig=0/cf=1,C_rfb,0.0,0.4,1.0,2.2,0.0,1.0,1.0,wiki_B,autorpa_233k,breakeven,16969996815.023,1.012728,1.0,6.0,171.0,0.0,0.0,720.7,139.0,0.003,0.0,0.0,ours_pi_prior,0.969491
h=0/q0=0.4/p=1/r=2.2/sig=0/cf=1,C_rfb,0.0,0.4,1.0,2.2,0.0,1.0,1.0,wiki_B,autorpa_233k,breakeven_cap_epoch,16969996815.023,1.012728,1.0,6.0,171.0,0.0,0.0,720.7,139.0,0.003,0.0,0.0,ours_pi_prior,0.969491
h=0/q0=0.4/p=1/r=2.2/sig=0/cf=1,C_rfb,0.0,0.4,1.0,2.2,0.0,1.0,1.0,wiki_B,autorpa_233k,offline_taxblind,16430683044.22,0.980543,,,,,,,,,,,ours_pi_prior,0.969491
h=0/q0=0.4/p=1/r=2.2/sig=0/cf=1,C_rfb,0.0,0.4,1.0,2.2,0.0,1.0,1.0,wiki_B,autorpa_233k,offline_opt_tax,16532643570.332,0.986628,,,,,,,,,,,ours_pi_prior,0.969491
h=0/q0=0.4/p=1/r=2.2/sig=0/cf=1,C_rfb,0.0,0.4,1.0,2.2,0.0,1.0,1.0,wiki_B,native,always_reactive,16977748066.619,1.01199,0.0,0.0,0.0,0.0,0.0,0.0,0.0,0.002,0.0,0.0,ours_pi_prior,0.966612
h=0/q0=0.4/p=1/r=2.2/sig=0/cf=1,C_rfb,0.0,0.4,1.0,2.2,0.0,1.0,1.0,wiki_B,native,always_compile_evict,17319361380.054,1.032352,74.0,85.0,1734.0,0.0,0.0,11249.1,1597.0,0.033,0.0,0.0,ours_pi_prior,0.966612
h=0/q0=0.4/p=1/r=2.2/sig=0/cf=1,C_rfb,0.0,0.4,1.0,2.2,0.0,1.0,1.0,wiki_B,native,ours_noinflate,16776604196.758,1.0,38.0,44.0,438.0,0.0,0.0,5101.5,345.0,0.015,0.0,0.0,ours_pi_prior,0.966612
h=0/q0=0.4/p=1/r=2.2/sig=0/cf=1,C_rfb,0.0,0.4,1.0,2.2,0.0,1.0,1.0,wiki_B,native,oracle_tax,16725083038.136,0.996929,19.0,19.0,19.0,0.0,0.0,2935.0,0.0,0.008,0.0,0.0,ours_pi_prior,0.966612
h=0/q0=0.4/p=1/r=2.2/sig=0/cf=1,C_rfb,0.0,0.4,1.0,2.2,0.0,1.0,1.0,wiki_B,native,ours_spend_cap,16776604196.758,1.0,38.0,44.0,438.0,0.0,0.0,5101.5,345.0,0.015,0.0,0.0,ours_pi_prior,0.966612
h=0/q0=0.4/p=1/r=2.2/sig=0/cf=1,C_rfb,0.0,0.4,1.0,2.2,0.0,1.0,1.0,wiki_B,native,ours_cap_epoch,16776604196.758,1.0,38.0,44.0,438.0,0.0,0.0,5101.5,345.0,0.015,0.0,0.0,ours_pi_prior,0.966612
h=0/q0=0.4/p=1/r=2.2/sig=0/cf=1,C_rfb,0.0,0.4,1.0,2.2,0.0,1.0,1.0,wiki_B,native,ours_cap_realized,16776604196.758,1.0,38.0,44.0,438.0,0.0,0.0,5101.5,345.0,0.015,0.0,0.0,ours_pi_prior,0.966612
h=0/q0=0.4/p=1/r=2.2/sig=0/cf=1,C_rfb,0.0,0.4,1.0,2.2,0.0,1.0,1.0,wiki_B,native,ours_pi_prior,16741105793.021,0.997884,24.0,34.0,359.0,0.0,0.0,4402.8,283.0,0.013,0.0,0.0,ours_pi_prior,0.966612
h=0/q0=0.4/p=1/r=2.2/sig=0/cf=1,C_rfb,0.0,0.4,1.0,2.2,0.0,1.0,1.0,wiki_B,native,breakeven,16971532995.951,1.011619,1.0,6.0,175.0,0.0,0.0,612.4,143.0,0.003,0.0,0.0,ours_pi_prior,0.966612
h=0/q0=0.4/p=1/r=2.2/sig=0/cf=1,C_rfb,0.0,0.4,1.0,2.2,0.0,1.0,1.0,wiki_B,native,breakeven_cap_epoch,16971532995.951,1.011619,1.0,6.0,175.0,0.0,0.0,612.4,143.0,0.003,0.0,0.0,ours_pi_prior,0.966612
h=0/q0=0.4/p=1/r=2.2/sig=0/cf=1,C_rfb,0.0,0.4,1.0,2.2,0.0,1.0,1.0,wiki_B,native,offline_taxblind,16433648861.659,0.979558,,,,,,,,,,,ours_pi_prior,0.966612
h=0/q0=0.4/p=1/r=2.2/sig=0/cf=1,C_rfb,0.0,0.4,1.0,2.2,0.0,1.0,1.0,wiki_B,native,offline_opt_tax,16534413544.322,0.985564,,,,,,,,,,,ours_pi_prior,0.966612
